日期,成交股數,成交金額,開盤價,最高價,最低價,收盤價,漲跌價差,成交筆數,股票代號
 99/01/04,"3,537,906","204,844,346",58.30,58.50,57.50,57.60,-0.70,"1,614",1303
 99/01/05,"17,176,933","1,006,475,338",58.00,59.40,58.00,59.40,+1.80,"6,372",1303
 99/01/06,"29,254,331","1,812,110,635",59.40,63.50,59.30,63.00,+3.60,"9,847",1303
 99/01/07,"26,520,855","1,694,970,165",63.00,64.60,62.70,63.50,+0.50,"8,714",1303
 99/01/08,"14,920,369","958,056,930",64.50,65.20,63.20,63.60,+0.10,"5,540",1303
 99/01/11,"13,758,868","888,795,149",63.60,65.00,63.50,65.00,+1.40,"4,598",1303
 99/01/12,"11,196,280","725,721,448",65.00,65.50,64.00,65.00, 0.00,"4,538",1303
 99/01/13,"7,347,056","471,282,235",64.00,64.50,63.70,64.40,-0.60,"3,358",1303
 99/01/14,"9,644,694","619,390,516",64.40,64.80,63.70,64.30,-0.10,"3,248",1303
 99/01/15,"10,725,285","687,820,782",64.00,64.50,63.90,64.10,-0.20,"2,606",1303
 99/01/18,"8,403,225","538,996,744",63.50,64.60,63.50,64.40,+0.30,"2,564",1303
 99/01/19,"11,317,437","723,121,915",64.20,64.20,63.60,63.80,-0.60,"3,091",1303
 99/01/20,"14,958,868","960,539,552",64.40,64.80,63.70,64.40,+0.60,"3,458",1303
 99/01/21,"8,996,824","576,255,323",64.30,64.40,63.60,64.30,-0.10,"2,397",1303
 99/01/22,"15,793,762","1,003,155,268",63.50,64.50,62.50,64.30, 0.00,"4,281",1303
 99/01/25,"9,436,640","596,991,420",63.80,63.80,62.60,63.60,-0.70,"2,506",1303
 99/01/26,"19,050,596","1,192,124,552",63.40,63.50,61.30,62.00,-1.60,"3,865",1303
 99/01/27,"8,973,673","554,726,454",61.80,62.30,61.00,61.80,-0.20,"2,449",1303
 99/01/28,"9,931,254","611,594,013",61.50,62.40,61.20,61.20,-0.60,"2,638",1303
 99/01/29,"12,135,236","726,074,948",60.80,60.90,59.10,60.00,-1.20,"3,629",1303
 99/02/01,"8,662,261","509,589,919",59.80,60.00,58.00,59.00,-1.00,"3,100",1303
 99/02/02,"10,040,733","587,756,819",60.00,60.00,57.00,58.60,-0.40,"3,420",1303
 99/02/03,"9,859,757","574,670,980",58.00,59.00,57.80,58.20,-0.40,"3,010",1303
 99/02/04,"7,103,351","416,036,509",58.50,59.40,57.50,59.00,+0.80,"2,623",1303
 99/02/05,"8,606,733","493,258,358",57.10,58.00,56.80,57.50,-1.50,"3,160",1303
 99/02/06,"4,623,571","268,522,335",57.50,59.00,57.50,58.60,+1.10,"1,724",1303
 99/02/08,"6,222,616","362,449,239",59.20,59.20,57.90,58.40,-0.20,"2,192",1303
 99/02/09,"6,112,530","360,376,870",58.40,59.50,58.10,59.00,+0.60,"2,722",1303
 99/02/10,"8,386,668","500,573,577",59.20,60.80,58.40,60.10,+1.10,"3,175",1303
 99/02/22,"8,236,677","507,057,341",61.40,62.30,60.80,61.70,+1.60,"3,226",1303
 99/02/23,"15,756,923","987,944,978",62.50,64.00,61.50,63.50,+1.80,"4,249",1303
 99/02/24,"14,139,934","896,839,742",63.00,64.40,62.00,63.10,-0.40,"4,203",1303
 99/02/25,"14,568,682","924,574,821",63.30,64.00,62.30,63.60,+0.50,"3,947",1303
 99/02/26,"6,475,389","408,666,049",63.60,63.80,62.80,63.50,-0.10,"2,153",1303
 99/03/01,"9,739,967","624,628,521",64.00,64.90,63.00,63.30,-0.20,"3,806",1303
 99/03/02,"7,915,534","504,512,770",64.10,64.10,63.20,63.80,+0.50,"2,325",1303
 99/03/03,"19,418,548","1,257,805,328",64.30,65.00,64.30,65.00,+1.20,"6,520",1303
 99/03/04,"12,833,431","821,773,939",65.20,65.50,63.00,63.50,-1.50,"4,584",1303
 99/03/05,"11,547,737","743,598,202",64.00,64.90,63.50,64.80,+1.30,"3,612",1303
 99/03/08,"8,152,261","529,868,730",65.00,65.50,64.60,64.60,-0.20,"2,574",1303
 99/03/09,"8,523,162","552,524,521",64.80,65.10,64.50,64.90,+0.30,"1,544",1303
 99/03/10,"6,515,623","422,384,567",64.90,65.00,64.50,65.00,+0.10,"2,008",1303
 99/03/11,"4,905,801","316,705,064",65.00,65.00,64.00,64.20,-0.80,"1,895",1303
 99/03/12,"7,999,412","513,954,046",64.00,64.90,63.60,64.80,+0.60,"2,665",1303
 99/03/15,"7,478,667","480,462,688",64.70,64.80,63.50,64.20,-0.60,"2,570",1303
 99/03/16,"6,465,367","414,644,134",64.90,64.90,63.70,64.40,+0.20,"1,887",1303
 99/03/17,"13,676,493","886,696,891",64.70,65.20,64.30,65.10,+0.70,"3,295",1303
 99/03/18,"9,354,072","608,167,003",65.10,65.40,64.80,65.10, 0.00,"2,187",1303
 99/03/19,"8,177,325","531,640,828",65.00,65.20,64.60,65.10, 0.00,"1,929",1303
 99/03/22,"11,244,772","714,843,824",64.10,64.30,63.20,63.90,-1.20,"3,634",1303
 99/03/23,"6,559,635","416,685,497",63.90,63.90,63.30,63.40,-0.50,"1,757",1303
 99/03/24,"5,655,806","358,835,878",63.80,63.80,63.30,63.30,-0.10,"1,666",1303
 99/03/25,"7,308,169","459,295,176",63.80,63.80,62.30,63.00,-0.30,"2,295",1303
 99/03/26,"12,573,949","793,208,835",62.80,64.20,61.90,63.80,+0.80,"4,581",1303
 99/03/29,"10,520,170","677,075,601",64.00,64.70,64.00,64.70,+0.90,"3,240",1303
 99/03/30,"7,657,993","495,190,017",64.80,64.90,64.50,64.70, 0.00,"2,063",1303
 99/03/31,"7,134,208","461,823,391",65.00,65.00,64.50,64.80,+0.10,"1,493",1303
 99/04/01,"11,726,587","762,790,817",64.90,65.30,64.50,65.30,+0.50,"4,093",1303
 99/04/02,"7,382,546","481,848,233",65.30,65.40,65.00,65.10,-0.20,"1,797",1303
 99/04/06,"16,482,674","1,087,944,668",65.10,66.60,65.00,66.20,+1.10,"5,287",1303
 99/04/07,"12,456,699","833,025,833",66.80,67.50,66.20,67.40,+1.20,"4,341",1303
 99/04/08,"6,433,944","431,508,795",66.50,67.80,66.50,67.00,-0.40,"2,344",1303
 99/04/09,"6,530,686","437,388,682",66.50,67.40,66.50,66.90,-0.10,"2,310",1303
 99/04/12,"6,658,481","445,888,816",67.00,67.40,66.50,67.20,+0.30,"1,603",1303
 99/04/13,"4,253,799","283,213,766",67.10,67.20,66.10,66.60,-0.60,"1,637",1303
 99/04/14,"6,118,361","407,070,648",66.60,66.80,66.20,66.60, 0.00,"1,659",1303
 99/04/15,"8,972,673","596,666,873",66.90,67.00,65.80,67.00,+0.40,"1,914",1303
 99/04/16,"7,291,943","488,146,163",66.90,67.20,66.40,67.00, 0.00,"2,039",1303
 99/04/19,"10,944,959","711,424,421",66.20,66.30,63.80,63.80,-3.20,"4,471",1303
 99/04/20,"8,108,556","518,671,396",64.10,64.90,63.50,64.20,+0.40,"2,378",1303
 99/04/21,"8,024,226","518,587,863",64.20,65.20,64.00,64.90,+0.70,"2,115",1303
 99/04/22,"7,971,159","508,115,876",63.60,64.60,63.30,64.20,-0.70,"3,261",1303
 99/04/23,"4,963,858","316,797,601",64.40,64.40,63.60,63.80,-0.40,"1,940",1303
 99/04/26,"16,595,778","1,096,761,998",64.20,67.00,64.20,67.00,+3.20,"6,170",1303
 99/04/27,"12,936,049","866,730,030",67.00,67.30,66.30,67.20,+0.20,"2,394",1303
 99/04/28,"8,514,713","565,807,988",65.20,67.20,65.20,66.70,-0.50,"2,890",1303
 99/04/29,"7,881,076","520,405,746",66.50,66.50,65.70,65.70,-1.00,"2,114",1303
 99/04/30,"10,110,191","671,453,432",65.70,67.50,65.50,66.20,+0.50,"2,862",1303
 99/05/03,"5,324,154","346,067,711",65.70,66.00,64.20,64.70,-1.50,"2,414",1303
 99/05/04,"7,775,556","502,962,736",64.70,65.30,64.10,64.80,+0.10,"2,117",1303
 99/05/05,"13,383,959","842,028,295",63.60,63.60,62.50,62.50,-2.30,"4,847",1303
 99/05/06,"11,369,779","703,662,475",62.00,62.30,61.50,61.90,-0.60,"4,113",1303
 99/05/07,"11,161,344","687,235,533",60.50,62.00,60.20,61.60,-0.30,"3,109",1303
 99/05/10,"8,796,869","542,122,330",61.60,62.40,61.20,62.10,+0.50,"3,356",1303
 99/05/11,"9,375,244","577,487,186",62.50,62.50,60.90,60.90,-1.20,"3,580",1303
 99/05/12,"8,827,545","538,729,945",61.00,61.40,60.80,61.00,+0.10,"2,272",1303
 99/05/13,"10,157,123","625,446,815",61.50,62.60,60.90,62.40,+1.40,"4,714",1303
 99/05/14,"7,122,152","443,008,821",62.00,62.40,61.80,62.40, 0.00,"2,765",1303
 99/05/17,"11,991,358","734,420,496",61.90,62.30,60.70,62.00,-0.40,"2,756",1303
 99/05/18,"8,937,824","550,278,533",62.00,62.00,61.20,61.90,-0.10,"2,632",1303
 99/05/19,"16,996,034","1,035,802,130",61.50,61.80,60.30,60.50,-1.40,"4,195",1303
 99/05/20,"26,087,653","1,516,097,978",60.30,60.40,56.40,57.20,-3.30,"8,396",1303
 99/05/21,"11,076,764","627,836,570",56.10,57.30,55.80,56.90,-0.30,"3,019",1303
 99/05/24,"8,646,078","490,742,196",56.90,57.20,56.20,56.60,-0.30,"2,928",1303
 99/05/25,"15,942,927","857,887,275",56.00,56.00,52.80,52.90,-3.70,"5,193",1303
 99/05/26,"37,644,107","1,926,603,181",53.30,53.60,50.00,50.20,-2.70,"10,811",1303
 99/05/27,"16,942,088","862,988,676",50.20,52.00,50.00,51.50,+1.30,"5,269",1303
 99/05/28,"17,573,399","915,076,884",52.40,52.80,51.50,52.00,+0.50,"4,556",1303
 99/05/31,"9,702,782","507,005,746",52.00,52.90,51.80,52.90,+0.90,"2,696",1303
 99/06/01,"8,007,292","415,840,824",52.60,52.60,51.40,51.60,-1.30,"2,512",1303
 99/06/02,"11,346,040","578,857,705",51.10,51.60,50.10,50.70,-0.90,"3,135",1303
 99/06/03,"12,460,158","641,142,816",51.00,52.30,50.90,52.00,+1.30,"3,749",1303
 99/06/04,"6,161,297","319,560,344",52.00,52.20,51.60,51.90,-0.10,"2,794",1303
 99/06/07,"10,421,177","524,395,091",50.50,51.00,49.70,50.60,-1.30,"3,961",1303
 99/06/08,"4,991,995","253,166,045",50.50,51.00,50.30,50.70,+0.10,"1,791",1303
 99/06/09,"8,053,712","404,080,797",50.70,50.90,49.60,49.60,-1.10,"3,099",1303
 99/06/10,"6,289,935","319,346,485",50.60,51.20,50.00,50.80,+1.20,"2,561",1303
 99/06/11,"8,364,299","436,606,532",51.80,52.80,51.40,52.40,+1.60,"3,589",1303
 99/06/14,"12,178,551","653,921,254",52.90,54.40,52.90,54.00,+1.60,"5,037",1303
 99/06/15,"11,929,060","648,352,851",54.00,55.30,53.40,54.50,+0.50,"3,720",1303
 99/06/17,"14,283,068","788,567,824",54.90,55.70,54.70,55.50,+1.00,"4,456",1303
 99/06/18,"7,079,972","386,771,645",55.50,55.50,54.20,54.80,-0.70,"2,689",1303
 99/06/21,"12,548,798","699,571,138",55.30,56.10,55.10,55.90,+1.10,"3,818",1303
 99/06/22,"7,916,549","440,484,295",55.80,56.20,55.10,55.10,-0.80,"2,542",1303
 99/06/23,"12,513,539","676,625,263",55.00,55.10,53.40,53.80,-1.30,"4,129",1303
 99/06/24,"6,306,123","338,971,385",53.80,54.10,53.40,53.80, 0.00,"1,725",1303
 99/06/25,"9,935,836","520,550,908",53.10,53.40,51.80,51.90,-1.90,"4,105",1303
 99/06/28,"4,098,452","216,428,376",52.20,53.30,52.00,53.10,+1.20,"1,982",1303
 99/06/29,"9,869,458","525,345,616",53.30,54.40,52.00,52.00,-1.10,"4,102",1303
 99/06/30,"12,598,408","648,195,149",51.00,52.10,50.90,51.70,-0.30,"3,779",1303
 99/07/01,"12,958,407","657,995,168",51.50,51.50,50.50,50.50,-1.20,"4,203",1303
 99/07/02,"6,088,021","311,080,071",50.60,51.60,50.60,51.00,+0.50,"2,106",1303
 99/07/05,"4,335,881","223,129,914",51.10,52.00,51.00,51.80,+0.80,"1,647",1303
 99/07/06,"16,344,901","870,844,275",51.50,54.20,51.30,53.70,+1.90,"4,947",1303
 99/07/07,"16,431,206","897,078,120",54.20,55.20,53.80,55.00,+1.30,"5,181",1303
 99/07/08,"7,746,391","426,477,949",55.50,55.60,54.40,55.00, 0.00,"2,572",1303
 99/07/09,"20,515,601","1,147,844,037",55.40,56.30,54.70,56.30,+1.30,"5,551",1303
 99/07/12,"23,176,886","1,311,582,216",56.60,57.40,55.60,56.00,-0.30,"5,926",1303
 99/07/13,"10,475,495","569,484,498",54.50,54.60,54.10,54.50,X0.00,"3,738",1303
 99/07/14,"17,468,008","981,194,798",55.20,56.50,55.20,56.50,+2.00,"5,701",1303
 99/07/15,"20,884,471","1,209,269,165",56.50,58.60,55.90,58.00,+1.50,"6,074",1303
 99/07/16,"29,140,215","1,702,360,024",58.00,59.20,57.50,58.70,+0.70,"6,477",1303
 99/07/19,"11,983,968","692,619,036",58.00,58.60,57.30,57.40,-1.30,"2,724",1303
 99/07/20,"6,808,185","391,337,668",57.70,58.00,56.90,57.60,+0.20,"2,175",1303
 99/07/21,"8,162,422","470,188,646",58.00,58.10,57.10,57.70,+0.10,"1,654",1303
 99/07/22,"8,492,703","490,286,199",57.60,58.40,57.00,57.00,-0.70,"1,985",1303
 99/07/23,"9,138,295","531,443,651",58.00,58.50,57.70,57.80,+0.80,"2,797",1303
 99/07/26,"5,486,290","314,392,524",57.10,57.70,56.90,57.70,-0.10,"2,119",1303
 99/07/27,"15,003,342","830,418,010",57.30,57.30,54.70,54.80,-2.90,"5,247",1303
 99/07/28,"8,414,487","465,995,440",54.80,55.70,54.80,55.70,+0.90,"2,825",1303
 99/07/29,"10,125,876","569,583,117",56.20,57.20,55.30,57.10,+1.40,"2,900",1303
 99/07/30,"8,579,086","482,615,223",56.80,56.80,56.00,56.40,-0.70,"2,147",1303
 99/08/02,"13,209,059","752,168,263",56.10,57.40,56.10,57.40,+1.00,"3,111",1303
 99/08/03,"11,458,377","660,098,865",57.90,57.90,57.00,57.90,+0.50,"2,127",1303
 99/08/04,"10,983,697","638,196,719",58.20,58.50,57.50,58.50,+0.60,"2,050",1303
 99/08/05,"6,913,020","401,223,313",58.50,58.50,57.70,58.00,-0.50,"1,807",1303
 99/08/06,"9,853,129","573,841,833",58.00,58.90,57.80,58.90,+0.90,"2,340",1303
 99/08/09,"11,310,469","675,160,182",58.40,60.00,58.40,59.90,+1.00,"3,253",1303
 99/08/10,"10,486,107","616,816,492",59.90,59.90,58.80,59.60,-0.30,"1,890",1303
 99/08/11,"16,863,354","1,003,815,918",59.30,60.20,58.80,60.10,+0.50,"2,673",1303
 99/08/12,"14,877,363","853,328,049",59.50,59.80,59.10,59.20,-0.90,"1,497",1303
 99/08/13,"6,894,444","412,295,404",59.20,60.40,59.10,60.10,+0.90,"2,912",1303
 99/08/16,"4,792,496","287,479,618",60.10,60.20,59.70,60.10, 0.00,"1,265",1303
 99/08/17,"6,406,130","383,230,397",59.90,60.00,59.50,60.00,-0.10,"1,351",1303
 99/08/18,"11,175,750","669,717,223",60.00,60.10,59.60,60.00, 0.00,"2,580",1303
 99/08/19,"18,600,968","1,087,221,108",58.80,60.50,58.80,60.50,+0.50,"3,676",1303
 99/08/20,"6,662,186","400,835,049",60.40,60.60,59.80,60.50, 0.00,"1,709",1303
 99/08/23,"15,644,456","917,949,193",60.00,61.90,60.00,61.60,+1.10,"2,555",1303
 99/08/24,"8,590,954","528,136,235",61.60,61.80,60.90,61.70,+0.10,"2,062",1303
 99/08/25,"24,050,726","1,468,261,460",61.00,61.70,60.10,60.10,-1.60,"3,445",1303
 99/08/26,"11,287,341","685,591,484",59.90,61.40,59.80,61.40,+1.30,"2,300",1303
 99/08/27,"7,719,540","473,110,516",61.30,61.50,60.90,61.50,+0.10,"1,438",1303
 99/08/30,"10,357,810","639,781,221",61.90,62.00,61.40,62.00,+0.50,"2,239",1303
 99/08/31,"11,282,632","695,204,107",61.90,62.00,61.20,61.80,-0.20,"2,058",1303
 99/09/01,"11,764,021","733,047,355",61.80,62.80,61.40,62.00,+0.20,"2,002",1303
 99/09/02,"8,623,969","539,365,009",62.70,62.90,62.10,62.90,+0.90,"2,376",1303
 99/09/03,"15,207,868","951,844,332",62.90,63.30,61.90,62.70,-0.20,"2,491",1303
 99/09/06,"12,034,833","761,200,961",62.20,63.80,62.20,63.10,+0.40,"2,563",1303
 99/09/07,"6,067,956","384,727,450",63.10,63.70,62.70,63.60,+0.50,"1,913",1303
 99/09/08,"5,548,018","353,119,913",63.10,63.90,63.10,63.90,+0.30,"2,233",1303
 99/09/09,"6,944,151","443,556,172",63.90,64.00,63.60,64.00,+0.10,"1,675",1303
 99/09/10,"10,655,529","687,848,788",64.10,64.90,64.00,64.90,+0.90,"3,599",1303
 99/09/13,"14,970,607","989,370,501",65.00,67.00,64.60,67.00,+2.10,"5,121",1303
 99/09/14,"16,561,436","1,105,654,300",67.00,67.30,65.90,66.70,-0.30,"3,704",1303
 99/09/15,"10,964,825","727,650,111",66.60,66.90,65.90,66.80,+0.10,"2,801",1303
 99/09/16,"9,999,549","665,427,467",66.50,66.90,66.20,66.90,+0.10,"2,612",1303
 99/09/17,"14,385,730","962,074,583",66.80,67.20,66.50,67.20,+0.30,"3,591",1303
 99/09/20,"7,889,842","530,446,896",66.80,67.60,66.60,67.60,+0.40,"1,909",1303
 99/09/21,"8,685,725","589,387,396",67.70,68.00,67.40,67.90,+0.30,"2,019",1303
 99/09/23,"19,655,942","1,335,640,485",67.70,68.40,67.10,68.00,+0.10,"3,100",1303
 99/09/24,"9,638,491","653,669,042",67.90,68.00,67.40,67.90,-0.10,"3,502",1303
 99/09/27,"8,684,167","591,134,665",67.90,68.30,67.60,68.30,+0.40,"2,734",1303
 99/09/28,"5,189,717","354,322,656",68.00,68.40,67.80,68.40,+0.10,"1,880",1303
 99/09/29,"8,802,681","602,156,837",68.40,69.00,67.80,67.80,-0.60,"2,115",1303
 99/09/30,"6,548,935","444,304,280",67.30,68.40,67.30,68.40,+0.60,"1,898",1303
 99/10/01,"3,589,594","245,405,653",68.30,68.50,68.00,68.50,+0.10,"1,524",1303
 99/10/04,"20,815,276","1,373,397,914",64.00,67.50,64.00,67.50,-1.00,"7,543",1303
 99/10/05,"12,330,381","817,178,586",66.90,66.90,65.80,66.40,-1.10,"3,600",1303
 99/10/06,"6,772,516","451,674,956",66.40,67.20,65.90,66.40, 0.00,"2,358",1303
 99/10/07,"5,448,479","361,355,241",66.40,66.90,66.00,66.20,-0.20,"1,870",1303
 99/10/08,"5,601,340","369,395,832",66.20,66.50,65.80,65.80,-0.40,"2,270",1303
 99/10/11,"7,412,321","480,442,744",65.50,65.60,64.00,64.30,-1.50,"3,297",1303
 99/10/12,"13,478,967","849,626,449",64.30,64.50,62.00,62.30,-2.00,"5,216",1303
 99/10/13,"13,191,989","836,310,836",62.40,63.90,62.30,63.90,+1.60,"3,842",1303
 99/10/14,"23,430,507","1,555,403,167",64.50,67.40,64.50,66.70,+2.80,"7,243",1303
 99/10/15,"12,765,941","857,484,147",66.70,67.40,66.70,67.40,+0.70,"3,419",1303
 99/10/18,"11,333,539","756,542,212",67.40,67.50,65.90,66.60,-0.80,"2,562",1303
 99/10/19,"9,460,031","624,780,407",66.20,66.30,65.70,66.00,-0.60,"2,095",1303
 99/10/20,"11,146,745","738,554,022",65.50,67.60,65.30,67.50,+1.50,"3,201",1303
 99/10/21,"11,120,559","749,782,798",67.40,67.90,66.10,67.40,-0.10,"3,050",1303
 99/10/22,"9,567,765","651,033,905",68.00,68.20,67.70,68.20,+0.80,"2,911",1303
 99/10/25,"8,200,259","564,955,527",68.20,69.20,67.80,69.10,+0.90,"3,685",1303
 99/10/26,"10,066,819","703,170,326",69.20,70.00,69.10,70.00,+0.90,"4,298",1303
 99/10/27,"7,440,897","519,327,225",70.00,70.20,69.00,70.00, 0.00,"3,750",1303
 99/10/28,"15,798,844","1,095,790,220",69.20,70.20,68.50,69.50,-0.50,"3,756",1303
 99/10/29,"7,596,202","518,778,136",69.50,69.50,67.90,68.20,-1.30,"2,647",1303
 99/11/01,"11,709,521","817,781,274",68.40,70.30,68.40,70.00,+1.80,"3,748",1303
 99/11/02,"7,598,895","531,728,390",69.90,70.20,69.20,70.20,+0.20,"2,969",1303
 99/11/03,"5,587,245","391,857,000",70.20,70.60,69.80,70.00,-0.20,"2,781",1303
 99/11/04,"6,805,377","478,827,290",69.80,70.60,69.60,70.40,+0.40,"2,857",1303
 99/11/05,"14,594,871","1,050,160,294",70.50,72.70,70.30,72.60,+2.20,"6,417",1303
 99/11/08,"9,199,991","678,356,144",72.80,74.40,72.50,73.70,+1.10,"5,064",1303
 99/11/09,"7,037,693","518,565,567",73.60,74.50,73.20,74.50,+0.80,"3,801",1303
 99/11/10,"5,722,851","420,464,713",74.40,74.40,72.60,73.40,-1.10,"2,475",1303
 99/11/11,"4,944,926","359,835,278",73.00,73.20,72.00,72.70,-0.70,"1,988",1303
 99/11/12,"6,750,956","483,115,376",72.00,72.50,71.10,71.40,-1.30,"3,172",1303
 99/11/15,"7,222,650","512,982,480",71.40,71.40,70.40,71.10,-0.30,"2,564",1303
 99/11/16,"6,691,389","479,699,481",71.10,72.50,70.60,72.50,+1.40,"2,549",1303
 99/11/17,"7,146,138","506,712,753",71.80,71.90,70.60,71.20,-1.30,"2,387",1303
 99/11/18,"3,621,634","255,859,659",71.20,71.50,70.40,70.40,-0.80,"1,633",1303
 99/11/19,"6,405,263","451,105,910",71.40,71.40,69.40,70.20,-0.20,"2,571",1303
 99/11/22,"4,994,873","351,128,072",70.20,70.50,69.90,70.20, 0.00,"1,679",1303
 99/11/23,"5,318,915","372,079,866",70.40,70.40,69.50,69.70,-0.50,"1,588",1303
 99/11/24,"5,773,598","403,860,478",69.40,70.20,69.20,69.90,+0.20,"1,659",1303
 99/11/25,"4,623,467","320,776,523",70.10,70.10,69.10,69.10,-0.80,"2,174",1303
 99/11/26,"5,583,612","383,764,294",69.30,69.60,68.50,68.70,-0.40,"1,973",1303
 99/11/29,"8,431,687","574,370,816",69.60,69.60,67.60,68.00,-0.70,"3,121",1303
 99/11/30,"14,163,226","965,522,278",68.00,68.80,67.90,67.90,-0.10,"3,759",1303
 99/12/01,"14,621,575","1,010,115,975",68.90,69.50,68.60,69.40,+1.50,"3,624",1303
 99/12/02,"11,042,611","771,296,716",70.60,70.60,69.50,69.50,+0.10,"3,182",1303
 99/12/03,"13,059,791","910,750,833",70.00,70.00,69.40,69.70,+0.20,"2,533",1303
 99/12/06,"11,414,421","804,661,005",70.00,70.70,69.90,70.70,+1.00,"2,713",1303
 99/12/07,"7,063,502","500,205,673",70.70,71.00,70.20,70.90,+0.20,"2,459",1303
 99/12/08,"8,178,099","577,502,723",70.80,71.00,69.60,70.70,-0.20,"2,515",1303
 99/12/09,"8,393,969","597,801,899",70.90,71.50,70.60,71.30,+0.60,"2,998",1303
 99/12/10,"5,721,226","405,856,705",71.30,71.30,70.60,70.80,-0.50,"1,614",1303
 99/12/13,"1,980,957","139,428,446",70.80,70.80,70.10,70.20,-0.60,944,1303
 99/12/14,"5,534,774","389,441,183",70.30,70.70,70.10,70.40,+0.20,"1,615",1303
 99/12/15,"10,735,945","765,877,200",70.00,71.90,70.00,71.90,+1.50,"3,783",1303
 99/12/16,"11,585,980","831,967,280",71.90,72.40,71.20,71.40,-0.50,"2,723",1303
 99/12/17,"13,315,292","952,766,232",71.50,72.00,71.00,71.40, 0.00,"2,355",1303
 99/12/20,"5,693,922","404,165,946",71.50,71.80,70.20,71.00,-0.40,"2,243",1303
 99/12/21,"4,110,166","292,537,234",70.70,72.00,70.40,71.50,+0.50,"1,643",1303
 99/12/22,"3,708,256","264,453,497",71.20,71.60,70.90,71.20,-0.30,"1,231",1303
 99/12/23,"8,058,607","576,675,543",71.40,72.20,70.90,71.50,+0.30,"2,071",1303
 99/12/24,"5,120,508","365,954,661",71.50,71.80,71.00,71.40,-0.10,"1,070",1303
 99/12/27,"3,801,295","273,335,257",71.50,72.50,71.00,72.00,+0.60,"1,698",1303
 99/12/28,"4,217,557","303,228,629",72.20,72.20,71.60,71.90,-0.10,"1,332",1303
 99/12/29,"4,498,110","323,320,121",71.60,72.10,71.50,71.80,-0.10,"1,596",1303
 99/12/30,"12,048,664","865,621,158",71.40,72.40,71.20,71.70,-0.10,"2,302",1303
 99/12/31,"10,595,054","765,333,403",71.80,73.00,71.60,72.70,+1.00,"3,008",1303
100/01/03,"4,582,481","333,910,457",73.20,73.40,72.50,72.60,-0.10,"1,512",1303
100/01/04,"5,952,764","431,442,008",72.80,73.10,72.20,72.40,-0.20,"1,540",1303
100/01/05,"9,137,533","653,584,050",71.80,72.10,70.80,71.50,-0.90,"2,999",1303
100/01/06,"8,877,103","638,261,626",71.00,72.10,71.00,71.90,+0.40,"2,252",1303
100/01/07,"8,274,401","589,950,087",71.90,71.90,70.70,71.30,-0.60,"2,252",1303
100/01/10,"7,254,548","513,858,007",71.30,71.50,70.00,71.50,+0.20,"2,876",1303
100/01/11,"8,788,054","632,314,429",71.50,72.50,70.50,72.50,+1.00,"3,326",1303
100/01/12,"9,276,688","673,740,471",72.70,72.90,71.80,72.60,+0.10,"2,735",1303
100/01/13,"7,355,432","534,290,169",72.50,72.90,72.20,72.60, 0.00,"1,642",1303
100/01/14,"12,772,909","928,534,221",72.60,73.00,72.40,72.90,+0.30,"2,108",1303
100/01/17,"5,039,070","368,783,810",73.50,73.50,72.00,73.30,+0.40,"2,213",1303
100/01/18,"22,847,055","1,701,823,921",72.10,75.60,72.10,74.80,+1.50,"6,607",1303
100/01/19,"30,567,993","2,368,584,854",75.30,78.70,74.90,78.00,+3.20,"9,933",1303
100/01/20,"19,015,787","1,487,431,141",78.20,78.90,77.60,78.00, 0.00,"6,571",1303
100/01/21,"12,407,718","956,123,968",76.40,77.90,76.00,77.40,-0.60,"3,699",1303
100/01/24,"15,651,886","1,216,714,460",77.60,78.30,77.00,78.00,+0.60,"3,787",1303
100/01/25,"16,374,556","1,288,034,207",78.50,79.20,78.00,78.70,+0.70,"4,678",1303
100/01/26,"15,448,582","1,219,998,119",78.90,79.30,78.60,78.90,+0.20,"4,194",1303
100/01/27,"11,919,835","945,829,893",78.90,79.90,78.80,79.00,+0.10,"4,319",1303
100/01/28,"28,193,649","2,251,983,772",78.50,81.40,78.20,80.50,+1.50,"7,638",1303
100/02/08,"59,381,065","5,044,611,197",83.20,86.10,81.80,86.10,+5.60,"14,629",1303
100/02/09,"16,046,132","1,364,735,943",86.10,86.60,83.50,84.70,-1.40,"7,579",1303
100/02/10,"28,911,128","2,384,540,886",83.50,84.20,81.40,81.40,-3.30,"8,368",1303
100/02/11,"19,902,532","1,615,402,287",82.30,82.30,79.60,79.70,-1.70,"6,227",1303
100/02/14,"22,592,127","1,808,129,728",79.80,81.20,79.00,81.20,+1.50,"6,307",1303
100/02/15,"26,180,785","2,175,898,398",81.10,85.90,80.00,83.70,+2.50,"9,238",1303
100/02/16,"23,431,181","1,985,780,161",84.50,85.90,84.10,84.50,+0.80,"7,611",1303
100/02/17,"20,530,730","1,754,809,126",84.60,86.20,83.30,85.80,+1.30,"7,602",1303
100/02/18,"24,440,837","2,153,576,019",86.50,88.90,86.30,87.20,+1.40,"8,672",1303
100/02/21,"15,381,549","1,346,958,093",87.60,88.20,86.50,87.20, 0.00,"4,920",1303
100/02/22,"16,909,758","1,468,874,346",86.60,87.80,85.80,87.20, 0.00,"6,325",1303
100/02/23,"15,408,801","1,327,866,486",86.90,87.00,84.70,84.70,-2.50,"5,640",1303
100/02/24,"15,663,154","1,339,179,520",84.00,86.20,84.00,85.30,+0.60,"5,813",1303
100/02/25,"11,643,313","993,905,569",85.80,86.70,83.50,85.70,+0.40,"4,852",1303
100/03/01,"8,971,884","760,807,662",82.80,85.70,82.80,84.70,-1.00,"3,788",1303
100/03/02,"13,237,631","1,091,140,037",84.00,84.30,80.10,80.50,-4.20,"5,512",1303
100/03/03,"13,605,054","1,126,062,436",80.50,84.60,80.50,84.20,+3.70,"5,416",1303
100/03/04,"8,029,974","684,449,402",84.80,85.70,84.60,85.30,+1.10,"3,498",1303
100/03/07,"7,866,485","659,369,064",85.50,85.60,83.00,83.60,-1.70,"3,488",1303
100/03/08,"6,619,508","552,430,668",83.00,84.00,82.90,83.70,+0.10,"2,352",1303
100/03/09,"4,255,069","356,453,827",84.00,84.50,83.20,83.20,-0.50,"1,828",1303
100/03/10,"7,567,378","616,390,318",82.60,83.50,80.60,81.00,-2.20,"3,671",1303
100/03/11,"7,457,979","599,110,899",79.20,82.10,79.20,81.00, 0.00,"3,709",1303
100/03/14,"16,568,389","1,370,084,553",86.60,86.60,80.80,82.50,+1.50,"6,079",1303
100/03/15,"17,268,248","1,410,812,097",83.10,83.30,80.00,81.20,-1.30,"5,446",1303
100/03/16,"15,617,378","1,306,148,948",84.00,84.50,82.60,83.90,+2.70,"5,912",1303
100/03/17,"9,695,742","818,139,600",83.90,85.00,83.00,84.50,+0.60,"3,581",1303
100/03/18,"15,151,020","1,289,436,440",85.00,85.70,84.50,84.90,+0.40,"4,394",1303
100/03/21,"18,756,168","1,616,024,180",85.20,88.40,84.50,85.30,+0.40,"6,036",1303
100/03/22,"9,688,137","825,410,536",85.80,86.00,84.60,84.80,-0.50,"3,534",1303
100/03/23,"9,673,326","821,065,464",84.80,86.00,84.20,85.00,+0.20,"3,119",1303
100/03/24,"7,311,073","616,491,032",85.00,85.40,84.00,84.00,-1.00,"2,654",1303
100/03/25,"16,760,894","1,422,686,678",85.30,86.10,83.30,83.60,-0.40,"5,492",1303
100/03/28,"9,986,068","843,318,578",84.00,84.90,83.90,84.50,+0.90,"3,498",1303
100/03/29,"12,757,962","1,085,254,970",84.00,85.60,84.00,85.30,+0.80,"4,064",1303
100/03/30,"17,079,095","1,470,632,160",85.80,86.50,85.70,85.90,+0.60,"4,633",1303
100/03/31,"11,136,187","956,833,665",86.50,86.70,84.80,86.70,+0.80,"2,918",1303
100/04/01,"10,882,509","937,696,710",86.60,87.00,85.40,87.00,+0.30,"3,317",1303
100/04/06,"33,818,880","2,967,386,466",87.50,88.50,86.70,88.00,+1.00,"8,874",1303
100/04/07,"17,893,585","1,564,082,881",88.00,88.20,87.00,88.10,+0.10,"5,828",1303
100/04/08,"12,774,225","1,124,159,207",88.00,88.40,87.50,88.00,-0.10,"3,399",1303
100/04/11,"15,090,159","1,323,615,492",87.90,88.30,87.00,88.30,+0.30,"3,502",1303
100/04/12,"9,666,081","836,425,766",88.30,88.30,85.70,86.40,-1.90,"3,711",1303
100/04/13,"9,126,630","783,083,285",86.00,86.40,85.40,86.40, 0.00,"3,001",1303
100/04/14,"10,757,802","934,733,549",86.60,87.30,86.30,86.70,+0.30,"2,699",1303
100/04/15,"9,597,346","825,365,985",87.40,87.40,85.60,86.30,-0.40,"3,583",1303
100/04/18,"5,335,503","457,776,675",86.30,86.30,85.40,86.00,-0.30,"1,518",1303
100/04/19,"11,321,871","959,705,828",85.70,85.70,84.00,85.00,-1.00,"3,660",1303
100/04/20,"8,019,634","695,897,358",86.00,87.50,85.50,87.50,+2.50,"3,350",1303
100/04/21,"23,172,299","2,043,552,412",87.50,88.80,87.30,88.40,+0.90,"7,778",1303
100/04/22,"13,595,096","1,201,664,958",88.40,88.80,87.90,88.20,-0.20,"4,589",1303
100/04/25,"6,127,622","533,920,386",88.50,89.00,86.00,86.30,-1.90,"2,507",1303
100/04/26,"6,664,377","580,388,475",86.00,88.10,85.60,87.00,+0.70,"2,716",1303
100/04/27,"11,807,772","1,039,382,902",88.00,88.80,87.50,87.90,+0.90,"3,759",1303
100/04/28,"6,081,895","535,759,407",88.50,88.50,87.30,88.10,+0.20,"2,590",1303
100/04/29,"7,802,043","682,499,430",87.60,88.20,86.60,87.80,-0.30,"2,536",1303
100/05/03,"6,666,627","574,859,225",87.80,87.90,85.60,86.10,-1.70,"3,024",1303
100/05/04,"8,718,582","742,114,870",85.60,85.60,84.80,85.00,-1.10,"3,602",1303
100/05/05,"10,721,235","908,553,875",84.50,85.40,83.90,85.00, 0.00,"3,889",1303
100/05/06,"15,018,896","1,253,751,227",84.00,84.10,82.90,83.90,-1.10,"5,685",1303
100/05/09,"19,380,517","1,601,415,577",83.90,83.90,82.10,83.00,-0.90,"6,551",1303
100/05/10,"8,220,504","692,560,939",83.40,84.90,82.90,84.80,+1.80,"3,482",1303
100/05/11,"4,239,434","358,837,457",84.90,85.10,84.00,84.30,-0.50,"2,072",1303
100/05/12,"8,490,583","712,316,007",84.00,84.40,83.30,84.00,-0.30,"2,801",1303
100/05/13,"8,543,130","710,420,693",83.00,83.70,82.70,83.00,-1.00,"2,791",1303
100/05/16,"5,272,998","437,986,588",82.70,83.50,82.50,82.90,-0.10,"1,793",1303
100/05/17,"6,598,929","549,924,007",83.20,83.90,82.90,83.00,+0.10,"2,428",1303
100/05/18,"3,987,276","334,544,684",83.00,84.30,83.00,84.30,+1.30,"1,935",1303
100/05/19,"7,395,589","621,799,300",84.00,84.50,83.10,83.50,-0.80,"2,203",1303
100/05/20,"8,278,744","683,661,621",83.50,83.50,82.00,82.00,-1.50,"2,989",1303
100/05/23,"10,749,287","871,236,847",81.10,81.70,80.30,81.00,-1.00,"3,931",1303
100/05/24,"5,920,112","477,508,172",81.00,81.00,80.40,80.60,-0.40,"1,943",1303
100/05/25,"9,049,708","733,563,576",80.60,82.80,80.20,82.70,+2.10,"3,339",1303
100/05/26,"3,211,009","265,391,188",83.30,83.30,82.10,82.60,-0.10,"1,714",1303
100/05/27,"5,796,802","476,482,248",82.60,83.00,81.80,81.80,-0.80,"2,504",1303
100/05/30,"29,202,428","2,266,174,093",77.10,78.60,77.00,77.30,-4.50,"9,435",1303
100/05/31,"29,540,351","2,267,739,323",77.30,80.10,76.50,79.70,+2.40,"6,897",1303
100/06/01,"19,278,214","1,554,880,838",79.70,81.60,79.70,81.60,+1.90,"5,251",1303
100/06/02,"11,682,149","949,270,269",80.50,81.90,80.30,81.20,-0.40,"4,186",1303
100/06/03,"12,037,312","950,069,370",80.40,81.10,79.20,80.70,-0.50,"3,616",1303
100/06/07,"9,772,287","769,575,325",79.30,79.50,78.40,78.50,-2.20,"4,164",1303
100/06/08,"15,564,207","1,195,098,318",78.50,80.00,78.40,79.90,+1.40,"3,845",1303
100/06/09,"6,015,859","485,228,100",80.00,81.00,79.90,80.60,+0.70,"2,667",1303
100/06/10,"6,654,472","540,999,655",81.60,82.30,80.50,80.60, 0.00,"2,613",1303
100/06/13,"6,889,229","550,972,076",80.00,80.50,79.60,79.60,-1.00,"2,125",1303
100/06/14,"7,521,656","601,758,272",80.40,80.40,79.40,80.10,+0.50,"1,964",1303
100/06/15,"15,282,620","1,215,539,790",79.30,80.10,78.80,79.40,-0.70,"3,335",1303
100/06/16,"11,227,360","885,473,437",78.60,79.30,78.40,78.90,-0.50,"3,788",1303
100/06/17,"14,123,509","1,087,386,673",78.80,79.60,78.70,79.00,+0.10,"2,180",1303
100/06/20,"6,121,579","480,523,710",79.50,79.50,77.90,78.20,-0.80,"2,074",1303
100/06/21,"9,840,140","762,247,940",77.90,78.50,76.50,76.50,-1.70,"3,706",1303
100/06/22,"15,968,011","1,186,796,853",76.50,76.90,74.90,75.00,-1.50,"4,138",1303
100/06/23,"9,673,747","726,470,107",75.00,76.10,74.00,75.60,+0.60,"3,513",1303
100/06/24,"10,071,268","741,222,180",74.50,75.30,72.70,73.50,-2.10,"3,678",1303
100/06/27,"18,022,712","1,286,677,072",72.40,73.80,71.50,73.30,-0.20,"4,547",1303
100/06/28,"10,362,006","751,321,876",73.30,74.10,71.90,72.10,-1.20,"2,990",1303
100/06/29,"14,020,866","1,031,382,853",72.50,74.60,72.30,74.00,+1.90,"4,755",1303
100/06/30,"20,855,232","1,550,300,680",75.00,76.60,74.70,76.60,+2.60,"4,452",1303
100/07/01,"10,023,609","770,586,666",77.00,77.30,75.90,77.00,+0.40,"3,033",1303
100/07/04,"11,589,418","904,446,304",78.00,78.50,77.50,78.30,+1.30,"3,930",1303
100/07/05,"18,094,643","1,427,909,429",78.30,79.80,77.00,79.50,+1.20,"4,904",1303
100/07/06,"7,840,514","621,969,257",80.00,80.00,78.80,80.00,+0.50,"3,596",1303
100/07/07,"11,858,206","948,532,882",80.00,80.40,79.60,79.70,-0.30,"4,581",1303
100/07/08,"9,781,982","785,769,228",80.00,80.50,79.70,80.10,+0.40,"3,678",1303
100/07/11,"13,834,233","1,104,064,090",80.40,80.40,79.50,79.70,-0.40,"3,085",1303
100/07/12,"17,949,439","1,411,377,582",79.20,79.60,78.10,78.10,-1.60,"5,062",1303
100/07/13,"13,032,858","985,419,634",74.40,76.90,74.10,76.80,X0.00,"4,922",1303
100/07/14,"12,508,653","975,592,432",77.20,78.80,77.00,78.80,+2.00,"4,569",1303
100/07/15,"11,985,280","949,209,607",79.50,79.60,79.00,79.40,+0.60,"3,201",1303
100/07/18,"7,752,346","617,272,377",79.90,80.00,78.60,80.00,+0.60,"3,328",1303
100/07/19,"7,214,123","572,706,362",80.00,80.00,78.80,79.20,-0.80,"2,709",1303
100/07/20,"13,308,395","1,064,798,000",79.90,80.30,79.30,80.30,+1.10,"3,992",1303
100/07/21,"8,841,265","711,267,910",80.30,81.00,80.00,81.00,+0.70,"2,878",1303
100/07/22,"9,456,797","769,186,638",81.00,82.00,80.40,81.60,+0.60,"2,998",1303
100/07/25,"7,814,219","637,390,692",81.60,81.70,81.00,81.70,+0.10,"2,038",1303
100/07/26,"6,191,401","507,046,157",81.90,82.10,81.50,82.10,+0.40,"2,217",1303
100/07/27,"8,977,192","721,522,889",80.00,81.00,79.40,80.00,-2.10,"3,064",1303
100/07/28,"7,160,333","569,101,975",79.50,80.00,78.80,80.00, 0.00,"2,460",1303
100/07/29,"6,294,312","501,564,681",78.90,80.40,78.90,79.70,-0.30,"2,113",1303
100/08/01,"6,948,120","515,550,477",74.20,74.20,74.20,74.20,-5.50,"1,858",1303
100/08/02,"44,471,900","3,087,801,986",69.10,70.20,69.10,70.00,-4.20,"12,654",1303
100/08/03,"24,684,607","1,749,320,620",70.00,72.40,70.00,70.50,+0.50,"9,093",1303
100/08/04,"13,410,865","953,764,678",71.40,71.60,70.50,71.00,+0.50,"4,297",1303
100/08/05,"33,740,611","2,338,051,159",68.50,70.20,68.50,69.00,-2.00,"6,513",1303
100/08/08,"19,303,209","1,318,291,309",69.00,69.00,66.60,67.30,-1.70,"4,823",1303
100/08/09,"27,019,435","1,772,973,589",65.10,67.40,63.50,65.20,-2.10,"6,272",1303
100/08/10,"23,552,182","1,523,746,408",67.10,67.20,63.40,65.00,-0.20,"7,757",1303
100/08/11,"16,900,117","1,105,552,260",64.10,66.50,63.80,66.00,+1.00,"4,549",1303
100/08/12,"12,453,734","810,976,243",66.20,66.40,64.30,64.70,-1.30,"4,198",1303
100/08/15,"5,875,865","385,588,790",65.80,66.00,65.10,65.90,+1.20,"1,897",1303
100/08/16,"7,650,952","501,542,305",67.10,67.10,65.00,65.50,-0.40,"2,874",1303
100/08/17,"9,269,030","608,816,762",66.00,66.50,65.00,66.20,+0.70,"3,253",1303
100/08/18,"11,915,996","776,160,618",66.10,66.20,64.60,65.40,-0.80,"3,144",1303
100/08/19,"8,333,900","537,632,857",64.10,65.10,63.70,65.00,-0.40,"2,937",1303
100/08/22,"9,955,160","655,891,068",66.00,66.50,64.70,65.70,+0.70,"3,634",1303
100/08/23,"11,355,044","752,906,809",65.70,66.70,65.60,66.70,+1.00,"2,960",1303
100/08/24,"15,336,590","1,009,908,524",66.70,66.70,65.00,66.40,-0.30,"3,432",1303
100/08/25,"9,402,088","627,411,956",67.40,67.40,66.40,66.80,+0.40,"3,028",1303
100/08/26,"13,333,805","897,491,219",66.80,67.90,66.70,67.50,+0.70,"2,761",1303
100/08/29,"14,865,783","1,019,715,444",67.30,69.00,67.30,68.00,+0.50,"2,577",1303
100/08/30,"10,871,665","730,178,272",67.60,67.70,66.40,67.40,-0.60,"3,247",1303
100/08/31,"10,289,767","704,996,573",67.80,69.10,67.50,69.10,+1.70,"2,351",1303
100/09/01,"12,803,092","899,240,518",69.50,70.90,69.30,70.10,+1.00,"4,076",1303
100/09/02,"6,810,198","472,784,764",71.00,71.00,69.00,69.40,-0.70,"2,540",1303
100/09/05,"10,007,618","681,442,238",69.80,69.80,67.50,68.60,-0.80,"3,134",1303
100/09/06,"12,970,151","870,859,568",67.50,68.00,66.50,67.10,-1.50,"3,249",1303
100/09/07,"16,387,197","1,116,913,699",67.50,68.80,67.20,67.50,+0.40,"2,350",1303
100/09/08,"12,657,657","854,187,619",68.20,68.80,66.70,66.70,-0.80,"3,141",1303
100/09/09,"9,464,165","633,293,677",67.50,67.50,66.00,67.20,+0.50,"2,826",1303
100/09/13,"17,918,343","1,164,013,934",66.80,67.10,64.00,64.00,-3.20,"4,393",1303
100/09/14,"15,845,272","1,016,423,405",64.20,64.90,63.50,64.00, 0.00,"3,428",1303
100/09/15,"8,013,129","525,212,633",65.90,66.10,65.00,65.50,+1.50,"2,649",1303
100/09/16,"13,768,006","925,144,002",66.80,67.80,66.70,67.00,+1.50,"3,557",1303
100/09/19,"9,027,525","605,917,425",67.00,67.60,66.80,67.50,+0.50,"1,852",1303
100/09/20,"8,520,557","579,299,669",67.80,68.50,67.10,68.20,+0.70,"2,559",1303
100/09/21,"7,970,808","544,912,438",68.50,68.90,67.50,68.40,+0.20,"2,027",1303
100/09/22,"14,219,687","949,619,638",67.50,67.50,66.30,67.00,-1.40,"3,664",1303
100/09/23,"29,970,100","1,931,030,100",64.50,64.80,64.00,64.80,-2.20,"5,709",1303
100/09/26,"27,579,016","1,797,071,014",64.20,66.00,64.00,65.50,+0.70,"4,236",1303
100/09/27,"10,633,299","712,471,941",66.60,67.40,66.40,67.10,+1.60,"3,515",1303
100/09/28,"11,637,071","768,784,247",66.10,67.00,65.50,66.40,-0.70,"2,969",1303
100/09/29,"19,151,923","1,251,171,824",65.50,65.80,64.80,65.80,-0.60,"5,043",1303
100/09/30,"11,481,390","757,505,275",65.80,66.50,65.30,66.30,+0.50,"3,211",1303
100/10/03,"10,635,220","690,171,034",65.80,65.80,64.30,65.70,-0.60,"2,716",1303
100/10/04,"8,729,221","572,596,365",66.30,66.30,64.00,64.80,-0.90,"3,201",1303
100/10/05,"3,888,766","252,065,131",65.00,65.40,64.50,64.70,-0.10,"2,062",1303
100/10/06,"18,839,885","1,257,966,527",65.50,67.70,65.50,67.70,+3.00,"5,233",1303
100/10/07,"9,934,540","686,437,960",68.50,69.50,68.30,69.30,+1.60,"4,308",1303
100/10/11,"13,919,980","968,822,091",69.90,70.40,68.80,69.50,+0.20,"2,336",1303
100/10/12,"11,720,959","795,980,589",68.50,69.00,67.50,67.70,-1.80,"3,380",1303
100/10/13,"15,460,084","1,037,163,263",67.70,68.00,66.50,67.40,-0.30,"4,276",1303
100/10/14,"5,073,249","339,711,393",66.90,67.60,66.00,67.50,+0.10,"1,913",1303
100/10/17,"7,208,951","488,719,319",67.10,69.40,67.10,69.40,+1.90,"2,226",1303
100/10/18,"6,004,372","410,725,869",68.50,68.70,68.10,68.50,-0.90,"2,037",1303
100/10/19,"4,072,194","280,152,692",69.50,69.50,68.20,69.40,+0.90,"1,560",1303
100/10/20,"6,918,024","474,243,939",69.40,69.40,68.30,68.90,-0.50,"2,721",1303
100/10/21,"5,471,519","374,155,827",69.50,69.50,68.00,68.30,-0.60,"1,539",1303
100/10/24,"8,835,773","612,017,735",68.30,69.60,68.30,69.20,+0.90,"3,008",1303
100/10/25,"5,159,849","352,879,964",68.50,68.80,68.10,68.30,-0.90,"1,877",1303
100/10/26,"5,871,316","400,888,100",67.80,68.70,67.70,68.10,-0.20,"1,797",1303
100/10/27,"5,906,946","400,101,820",68.00,68.20,67.30,67.60,-0.50,"2,065",1303
100/10/28,"10,491,385","719,721,080",68.50,69.40,67.80,68.00,+0.40,"3,823",1303
100/10/31,"8,320,955","564,122,629",67.80,68.30,67.30,67.90,-0.10,"2,494",1303
100/11/01,"8,294,917","558,737,513",67.50,67.70,66.60,67.10,-0.80,"2,480",1303
100/11/02,"8,014,351","528,557,090",66.50,66.50,65.50,65.90,-1.20,"3,751",1303
100/11/03,"6,114,866","399,736,178",66.50,66.50,65.00,65.20,-0.70,"2,568",1303
100/11/04,"6,182,405","410,916,130",66.50,66.80,66.00,66.00,+0.80,"2,779",1303
100/11/07,"3,366,355","222,798,549",66.80,66.80,65.90,66.00, 0.00,"1,456",1303
100/11/08,"3,988,356","266,102,066",66.10,67.00,66.10,66.60,+0.60,"1,738",1303
100/11/09,"4,835,092","323,168,672",66.60,67.00,66.60,66.70,+0.10,"1,770",1303
100/11/10,"5,954,506","393,158,081",65.50,66.60,65.50,66.60,-0.10,"1,921",1303
100/11/11,"4,592,695","305,073,765",67.00,67.00,65.50,66.70,+0.10,"1,827",1303
100/11/14,"5,532,501","370,490,499",67.00,67.20,66.70,66.70, 0.00,"1,708",1303
100/11/15,"3,491,903","233,763,822",66.70,67.00,66.70,66.80,+0.10,"1,458",1303
100/11/16,"6,321,553","417,762,060",67.00,67.10,65.30,65.80,-1.00,"2,851",1303
100/11/17,"4,084,066","265,533,672",65.00,65.60,64.20,65.10,-0.70,"1,754",1303
100/11/18,"10,360,816","648,978,581",64.00,64.60,61.10,61.10,-4.00,"4,852",1303
100/11/21,"9,390,966","560,154,340",59.90,60.50,58.80,59.50,-1.60,"4,131",1303
100/11/22,"7,349,201","439,210,216",60.00,60.80,59.00,59.30,-0.20,"3,089",1303
100/11/23,"10,596,933","601,598,196",59.00,59.30,55.70,56.10,-3.20,"4,577",1303
100/11/24,"7,029,692","409,679,768",56.00,59.00,56.00,58.40,+2.30,"3,962",1303
100/11/25,"10,151,718","571,015,708",58.20,58.20,54.80,55.70,-2.70,"4,985",1303
100/11/28,"6,664,862","373,296,772",55.80,56.80,55.70,55.80,+0.10,"2,663",1303
100/11/29,"6,846,618","383,331,504",56.00,56.40,55.60,56.30,+0.50,"2,972",1303
100/11/30,"10,709,576","591,179,589",56.90,56.90,54.50,55.20,-1.10,"3,921",1303
100/12/01,"12,170,682","697,530,398",57.80,58.00,56.20,57.80,+2.60,"4,347",1303
100/12/02,"6,704,577","378,843,887",56.40,57.40,55.90,56.10,-1.70,"2,940",1303
100/12/05,"3,685,894","209,810,424",56.80,57.40,56.10,57.40,+1.30,"2,615",1303
100/12/06,"3,600,833","203,161,680",57.40,57.40,56.00,56.00,-1.40,"1,712",1303
100/12/07,"9,123,017","529,395,063",56.70,59.00,56.40,59.00,+3.00,"4,288",1303
100/12/08,"5,832,215","340,114,646",58.80,59.20,57.30,59.20,+0.20,"2,658",1303
100/12/09,"7,039,963","405,731,060",58.50,58.50,57.10,57.10,-2.10,"3,086",1303
100/12/12,"3,903,653","227,847,281",58.00,58.80,57.60,58.80,+1.70,"1,805",1303
100/12/13,"4,100,666","239,748,206",58.60,59.00,57.70,58.90,+0.10,"1,954",1303
100/12/14,"2,603,744","152,826,058",59.20,59.20,58.30,58.70,-0.20,"1,370",1303
100/12/15,"8,338,919","473,893,502",58.10,58.10,56.50,56.50,-2.20,"3,587",1303
100/12/16,"8,519,316","476,803,938",56.50,56.70,55.50,55.50,-1.00,"2,866",1303
100/12/19,"7,018,123","383,449,617",55.50,55.90,54.00,54.90,-0.60,"2,817",1303
100/12/20,"7,536,450","410,408,303",56.00,56.00,54.00,54.30,-0.60,"3,374",1303
100/12/21,"7,618,109","430,189,513",56.50,57.10,55.80,57.10,+2.80,"3,002",1303
100/12/22,"8,532,300","487,402,203",57.50,57.50,56.70,57.40,+0.30,"1,793",1303
100/12/23,"5,460,184","318,753,945",58.00,58.80,57.90,58.80,+1.40,"2,825",1303
100/12/26,"5,580,099","332,845,491",58.80,60.00,58.80,59.80,+1.00,"2,699",1303
100/12/27,"4,533,009","272,164,719",60.00,60.40,59.70,60.40,+0.60,"1,967",1303
100/12/28,"5,976,511","358,160,090",60.40,60.50,58.70,60.40, 0.00,"2,537",1303
100/12/29,"5,345,019","319,715,022",59.80,60.10,59.30,59.70,-0.70,"1,802",1303
100/12/30,"3,915,030","235,753,276",60.10,60.70,59.90,60.10,+0.40,"1,567",1303
101/01/02,"4,619,631","275,923,732",59.90,60.20,58.80,60.00,-0.10,"2,094",1303
101/01/03,"8,713,482","530,353,333",60.00,61.60,59.50,61.40,+1.40,"3,428",1303
101/01/04,"8,859,307","540,027,973",61.10,61.50,60.00,61.50,+0.10,"2,763",1303
101/01/05,"6,383,884","390,519,366",61.00,61.70,60.50,61.70,+0.20,"2,154",1303
101/01/06,"8,561,358","524,874,263",61.00,61.70,60.80,61.60,-0.10,"2,572",1303
101/01/09,"6,940,034","427,330,263",61.60,62.00,61.10,62.00,+0.40,"2,024",1303
101/01/10,"10,720,813","678,957,091",62.50,64.00,62.20,63.20,+1.20,"3,915",1303
101/01/11,"6,661,131","419,869,678",63.30,63.30,62.70,63.00,-0.20,"1,932",1303
101/01/12,"8,535,589","538,871,197",63.10,63.50,62.90,63.00, 0.00,"2,795",1303
101/01/13,"15,927,176","1,006,643,080",63.50,64.00,62.90,63.00, 0.00,"3,734",1303
101/01/16,"6,728,436","423,626,775",64.00,64.00,61.80,63.00, 0.00,"2,221",1303
101/01/17,"4,812,857","303,742,678",63.60,63.60,62.90,63.10,+0.10,"1,852",1303
101/01/18,"6,870,083","432,335,693",63.00,63.20,62.40,63.10, 0.00,"1,648",1303
101/01/30,"12,910,634","818,225,916",64.40,64.40,62.50,62.50,-0.60,"4,731",1303
101/01/31,"8,645,002","538,790,196",63.00,63.00,62.00,62.50, 0.00,"2,492",1303
101/02/01,"6,078,280","379,188,867",62.50,62.90,62.10,62.20,-0.30,"2,036",1303
101/02/02,"10,234,295","641,957,870",63.00,63.10,62.20,63.00,+0.80,"3,055",1303
101/02/03,"6,574,809","410,553,590",63.00,63.00,62.10,63.00, 0.00,"2,659",1303
101/02/04,"6,176,165","389,372,609",63.00,63.70,62.80,62.80,-0.20,"2,758",1303
101/02/06,"5,365,513","339,107,147",63.20,63.90,62.80,63.10,+0.30,"2,389",1303
101/02/07,"5,391,087","342,566,005",63.70,63.80,63.20,63.70,+0.60,"2,365",1303
101/02/08,"5,724,411","366,086,335",64.20,64.20,63.50,64.20,+0.50,"2,553",1303
101/02/09,"5,864,022","374,050,708",64.50,64.50,63.30,64.10,-0.10,"2,465",1303
101/02/10,"3,529,044","224,418,272",64.10,64.10,63.30,63.60,-0.50,"1,693",1303
101/02/13,"8,068,305","513,816,248",63.60,64.40,62.80,64.40,+0.80,"2,566",1303
101/02/14,"10,814,907","704,665,697",64.70,66.50,64.00,66.50,+2.10,"4,456",1303
101/02/15,"10,564,861","706,636,035",66.60,67.60,65.50,67.40,+0.90,"4,357",1303
101/02/16,"7,599,101","512,143,958",67.00,67.90,66.50,67.60,+0.20,"2,900",1303
101/02/17,"10,253,779","699,205,589",67.60,68.60,67.60,68.50,+0.90,"3,553",1303
101/02/20,"13,464,690","945,864,590",69.20,71.50,68.80,71.30,+2.80,"5,314",1303
101/02/21,"12,558,138","896,287,797",71.00,71.90,70.60,70.90,-0.40,"4,163",1303
101/02/22,"10,614,556","760,292,861",71.20,72.00,70.90,72.00,+1.10,"3,266",1303
101/02/23,"4,375,658","311,082,478",71.50,71.70,70.30,71.70,-0.30,"2,142",1303
101/02/24,"4,330,385","308,724,705",71.90,71.90,70.30,71.80,+0.10,"1,912",1303
101/02/29,"16,586,865","1,196,131,556",72.30,72.80,71.20,72.20,+0.40,"4,179",1303
101/03/01,"9,215,741","662,970,197",72.20,72.40,71.50,71.60,-0.60,"2,890",1303
101/03/02,"7,201,937","515,241,871",71.60,72.00,71.10,71.90,+0.30,"2,371",1303
101/03/03,"1,762,598","125,931,551",71.50,71.80,71.20,71.30,-0.60,675,1303
101/03/05,"8,079,061","567,380,259",70.30,71.10,69.80,70.40,-0.90,"3,597",1303
101/03/06,"6,658,160","465,620,250",69.70,70.40,69.60,70.00,-0.40,"2,640",1303
101/03/07,"5,784,796","400,483,224",69.00,69.70,68.70,69.00,-1.00,"2,596",1303
101/03/08,"6,212,091","427,324,716",69.00,70.00,67.90,69.80,+0.80,"2,905",1303
101/03/09,"3,088,469","213,899,434",70.00,70.00,68.90,69.60,-0.20,"1,466",1303
101/03/12,"1,776,597","122,396,850",69.50,69.50,68.50,68.50,-1.10,"1,048",1303
101/03/13,"6,505,308","456,670,294",69.50,70.80,69.40,70.60,+2.10,"3,157",1303
101/03/14,"8,625,514","617,075,968",71.50,71.90,70.90,71.80,+1.20,"3,516",1303
101/03/15,"3,391,854","239,875,764",71.50,71.50,70.40,71.00,-0.80,"1,836",1303
101/03/16,"7,613,266","528,682,241",70.00,70.00,69.10,69.10,-1.90,"2,980",1303
101/03/19,"6,392,618","434,068,671",69.70,69.70,67.30,67.80,-1.30,"3,329",1303
101/03/20,"4,332,777","290,540,278",67.80,68.20,66.60,66.70,-1.10,"2,209",1303
101/03/21,"12,175,803","801,035,368",66.20,66.50,65.40,65.50,-1.20,"4,389",1303
101/03/22,"4,962,173","330,635,753",65.60,67.30,65.60,67.20,+1.70,"2,473",1303
101/03/23,"2,778,843","185,723,732",67.40,67.40,66.30,67.20, 0.00,"1,332",1303
101/03/26,"9,314,062","609,178,806",66.90,66.90,65.00,65.00,-2.20,"4,332",1303
101/03/27,"5,843,857","386,338,778",65.90,66.70,65.50,66.70,+1.70,"2,633",1303
101/03/28,"3,162,768","210,259,061",67.40,67.40,66.00,66.60,-0.10,"1,548",1303
101/03/29,"6,776,934","445,204,905",65.80,66.60,65.00,66.30,-0.30,"2,735",1303
101/03/30,"6,632,391","438,435,307",66.20,66.70,65.60,66.70,+0.40,"1,953",1303
101/04/02,"4,278,088","279,661,519",65.80,65.80,65.10,65.30,-1.40,"2,429",1303
101/04/03,"5,042,321","330,383,407",65.50,65.90,65.00,65.60,+0.30,"2,468",1303
101/04/05,"11,071,435","696,238,623",64.30,64.90,62.00,62.00,-3.60,"5,119",1303
101/04/06,"9,066,782","555,564,249",62.00,62.20,61.00,61.40,-0.60,"4,013",1303
101/04/09,"4,637,814","281,630,798",60.10,61.40,60.00,61.10,-0.30,"2,036",1303
101/04/10,"2,818,602","173,986,743",61.80,62.00,61.50,61.60,+0.50,"1,597",1303
101/04/11,"4,196,402","255,399,025",61.10,61.20,60.70,60.70,-0.90,"2,227",1303
101/04/12,"6,000,151","362,354,120",60.90,60.90,60.00,60.40,-0.30,"2,939",1303
101/04/13,"5,040,250","309,483,494",61.10,61.90,60.70,61.30,+0.90,"2,430",1303
101/04/16,"3,979,069","240,867,838",60.80,60.80,60.30,60.30,-1.00,"1,960",1303
101/04/17,"5,668,850","340,870,293",60.50,60.80,59.80,59.80,-0.50,"2,453",1303
101/04/18,"4,166,019","252,153,329",61.00,61.00,60.10,60.30,+0.50,"1,532",1303
101/04/19,"3,106,635","187,652,744",60.10,60.70,59.90,60.70,+0.40,"1,201",1303
101/04/20,"3,725,150","223,843,339",60.70,60.70,59.80,59.80,-0.90,"1,323",1303
101/04/23,"4,893,777","293,317,220",59.40,60.40,59.40,60.40,+0.60,"1,764",1303
101/04/24,"3,039,759","183,069,975",60.40,60.50,59.80,60.50,+0.10,"1,260",1303
101/04/25,"1,718,390","103,542,312",60.70,60.70,60.00,60.10,-0.40,781,1303
101/04/26,"3,088,501","185,455,982",60.30,60.60,59.80,60.10, 0.00,"1,741",1303
101/04/27,"4,703,455","283,115,716",60.60,60.70,59.80,60.70,+0.60,"2,317",1303
101/04/30,"3,572,836","215,151,360",60.30,60.60,60.00,60.20,-0.50,"1,296",1303
101/05/02,"4,641,647","281,106,830",60.50,60.70,60.00,60.70,+0.50,"1,911",1303
101/05/03,"4,434,132","266,915,610",60.50,60.80,59.90,60.20,-0.50,"1,879",1303
101/05/04,"9,707,180","584,792,375",60.00,60.80,59.20,60.80,+0.60,"2,360",1303
101/05/07,"8,363,041","497,346,325",60.00,60.00,59.10,59.50,-1.30,"2,722",1303
101/05/08,"5,895,518","352,818,514",59.70,60.40,59.30,60.40,+0.90,"2,347",1303
101/05/09,"6,387,860","380,037,775",59.50,60.00,59.20,59.20,-1.20,"2,737",1303
101/05/10,"3,216,269","191,181,036",59.10,59.90,59.10,59.20, 0.00,"1,743",1303
101/05/11,"7,247,144","419,945,152",59.10,59.20,57.40,57.90,-1.30,"3,852",1303
101/05/14,"8,066,929","457,089,653",57.40,57.60,56.20,56.70,-1.20,"2,889",1303
101/05/15,"6,279,982","354,078,856",56.00,56.80,55.80,56.60,-0.10,"2,433",1303
101/05/16,"6,082,420","345,554,111",56.40,57.20,56.20,56.50,-0.10,"2,051",1303
101/05/17,"5,484,172","314,390,153",57.80,58.50,56.60,57.40,+0.90,"2,276",1303
101/05/18,"9,446,158","528,708,743",56.30,57.20,55.10,57.20,-0.20,"3,805",1303
101/05/21,"3,591,827","203,746,627",57.00,57.20,56.10,57.20, 0.00,"1,517",1303
101/05/22,"2,979,897","171,620,843",58.00,58.00,57.20,57.90,+0.70,"1,806",1303
101/05/23,"4,374,375","247,070,183",57.00,57.00,56.10,56.50,-1.40,"2,171",1303
101/05/24,"7,268,424","402,015,378",55.80,56.20,54.60,55.60,-0.90,"3,171",1303
101/05/25,"4,725,875","260,182,701",55.00,55.90,54.90,54.90,-0.70,"2,747",1303
101/05/28,"3,132,069","172,473,999",54.50,55.60,54.50,55.50,+0.60,"1,637",1303
101/05/29,"9,581,657","531,958,102",55.50,56.20,54.90,55.80,+0.30,"3,554",1303
101/05/30,"18,005,049","966,996,482",55.50,55.50,52.80,53.10,-2.70,"6,486",1303
101/05/31,"11,743,112","612,157,907",52.40,52.50,51.70,52.40,-0.70,"4,474",1303
101/06/01,"6,451,804","333,285,008",52.10,52.10,51.20,51.50,-0.90,"2,835",1303
101/06/04,"6,549,230","337,524,347",50.20,52.00,50.20,51.60,+0.10,"2,771",1303
101/06/05,"5,193,064","270,332,222",52.60,52.60,51.70,52.20,+0.60,"2,228",1303
101/06/06,"4,108,488","216,200,957",52.70,52.90,52.20,52.60,+0.40,"2,003",1303
101/06/07,"5,380,237","284,976,461",53.20,53.50,52.60,53.30,+0.70,"2,134",1303
101/06/08,"7,840,947","404,990,252",53.30,53.50,50.80,51.40,-1.90,"3,028",1303
101/06/11,"5,999,904","315,805,712",52.30,53.20,52.00,53.20,+1.80,"2,596",1303
101/06/12,"6,969,000","369,059,200",52.00,53.50,52.00,53.30,+0.10,"2,695",1303
101/06/13,"6,459,160","343,986,358",53.30,53.90,52.70,53.90,+0.60,"2,116",1303
101/06/14,"9,676,630","527,308,430",54.20,55.30,53.50,55.30,+1.40,"3,730",1303
101/06/15,"35,420,592","2,017,741,602",55.00,57.60,54.50,57.60,+2.30,"4,408",1303
101/06/18,"6,189,364","349,988,584",56.50,57.50,56.00,56.30,-1.30,"2,547",1303
101/06/19,"4,593,930","258,921,336",56.50,56.80,55.80,56.50,+0.20,"1,675",1303
101/06/20,"6,407,548","364,351,655",57.20,57.30,56.50,57.30,+0.80,"2,261",1303
101/06/21,"3,791,026","213,363,435",56.90,56.90,55.80,56.10,-1.20,"1,859",1303
101/06/22,"4,503,118","248,665,190",55.90,55.90,54.90,55.00,-1.10,"2,087",1303
101/06/25,"5,821,214","309,674,142",54.60,54.60,52.80,52.80,-2.20,"3,009",1303
101/06/26,"3,590,000","190,061,380",52.80,53.40,52.60,52.90,+0.10,"1,718",1303
101/06/27,"3,614,507","191,175,192",52.80,53.20,52.20,52.90, 0.00,"1,583",1303
101/06/28,"7,764,196","410,114,111",53.20,53.40,52.50,52.50,-0.40,"2,302",1303
101/06/29,"9,327,097","497,071,996",52.10,53.80,52.10,53.40,+0.90,"2,625",1303
101/07/02,"7,332,740","391,235,846",53.40,53.60,53.00,53.40, 0.00,"2,142",1303
101/07/03,"7,275,349","397,622,943",53.10,55.60,53.10,55.50,+2.10,"3,201",1303
101/07/04,"4,583,511","254,974,647",55.90,55.90,55.00,55.80,+0.30,"1,764",1303
101/07/05,"7,953,048","435,255,219",54.80,55.50,54.50,55.50,-0.30,"1,937",1303
101/07/06,"10,431,208","583,197,738",56.00,56.40,55.20,56.40,+0.90,"2,024",1303
101/07/09,"5,664,663","317,716,166",56.00,56.30,55.60,56.10,-0.30,"1,604",1303
101/07/10,"10,990,916","604,472,178",56.10,56.10,54.60,54.60,-1.50,"2,926",1303
101/07/11,"10,835,368","571,402,883",52.70,53.40,52.00,53.00,X0.00,"2,643",1303
101/07/12,"8,499,581","442,024,816",52.70,52.70,51.30,51.50,-1.50,"2,758",1303
101/07/13,"5,504,160","285,329,902",51.50,52.40,51.50,51.50, 0.00,"2,372",1303
101/07/16,"3,751,420","197,373,985",52.40,53.40,51.80,53.40,+1.90,"1,897",1303
101/07/17,"8,008,418","441,669,718",53.90,55.90,53.60,55.90,+2.50,"3,463",1303
101/07/18,"5,943,683","322,244,862",56.40,56.40,53.10,53.40,-2.50,"3,199",1303
101/07/19,"5,271,388","288,582,805",54.00,55.40,53.50,54.90,+1.50,"2,702",1303
101/07/20,"2,788,891","153,409,879",54.50,55.50,54.40,55.40,+0.50,"1,748",1303
101/07/23,"4,787,244","256,569,876",54.90,54.90,53.10,54.00,-1.40,"2,223",1303
101/07/24,"4,533,985","247,252,161",53.80,55.00,53.40,54.90,+0.90,"1,725",1303
101/07/25,"6,307,284","346,035,641",53.80,55.70,53.80,54.70,-0.20,"2,856",1303
101/07/26,"4,475,203","241,724,880",54.30,54.80,53.70,53.70,-1.00,"2,135",1303
101/07/27,"3,928,295","215,293,181",54.70,55.20,54.20,55.10,+1.40,"2,176",1303
101/07/30,"4,893,543","273,829,508",55.70,56.20,55.10,56.20,+1.10,"2,539",1303
101/07/31,"9,039,679","517,023,190",55.70,58.50,55.60,58.50,+2.30,"3,082",1303
101/08/01,"5,592,343","323,198,611",58.00,58.30,57.40,57.70,-0.80,"2,423",1303
101/08/03,"2,633,431","150,005,066",57.70,57.70,56.60,57.00,-0.70,"1,261",1303
101/08/06,"7,371,936","433,053,149",58.30,59.40,58.20,58.50,+1.50,"2,775",1303
101/08/07,"7,841,678","464,120,371",59.00,59.70,58.80,59.00,+0.50,"3,125",1303
101/08/08,"6,603,813","391,926,205",59.50,60.00,58.50,59.50,+0.50,"2,448",1303
101/08/09,"11,073,868","670,135,763",59.70,60.90,59.70,60.90,+1.40,"4,305",1303
101/08/10,"5,392,160","325,644,203",60.80,61.10,60.00,61.10,+0.20,"2,390",1303
101/08/13,"3,548,367","215,360,902",61.50,61.50,60.20,60.50,-0.60,"1,518",1303
101/08/14,"5,638,438","342,758,109",60.10,61.50,60.10,60.80,+0.30,"2,661",1303
101/08/15,"5,690,870","343,827,054",60.90,60.90,60.00,60.40,-0.40,"2,379",1303
101/08/16,"6,204,807","372,016,721",60.30,60.60,59.50,59.50,-0.90,"2,206",1303
101/08/17,"7,041,137","411,946,479",59.60,59.60,57.90,58.50,-1.00,"3,544",1303
101/08/20,"2,030,082","117,739,805",58.20,58.50,57.80,57.80,-0.70,"1,278",1303
101/08/21,"7,473,700","442,178,107",57.80,59.90,57.80,59.00,+1.20,"2,970",1303
101/08/22,"3,151,610","183,788,042",58.50,59.00,58.10,58.40,-0.60,"1,794",1303
101/08/23,"3,135,328","182,952,030",58.60,58.80,58.00,58.40, 0.00,"1,544",1303
101/08/24,"3,511,381","202,438,158",57.80,58.20,57.50,57.70,-0.70,"1,848",1303
101/08/27,"3,990,609","230,393,136",57.70,58.40,57.40,57.40,-0.30,"1,695",1303
101/08/28,"2,422,655","138,452,955",57.00,57.40,57.00,57.20,-0.20,974,1303
101/08/29,"3,468,949","198,638,593",58.20,58.20,56.90,56.90,-0.30,"1,606",1303
101/08/30,"6,797,291","383,614,161",56.60,56.90,56.00,56.20,-0.70,"2,112",1303
101/08/31,"3,189,248","179,591,735",57.00,57.00,56.10,56.30,+0.10,"1,172",1303
101/09/03,"2,576,684","144,195,761",56.20,56.30,55.70,55.70,-0.60,"1,683",1303
101/09/04,"3,003,860","168,360,063",56.30,56.50,55.80,55.80,+0.10,"1,598",1303
101/09/05,"6,735,955","367,990,412",55.50,55.60,54.30,54.30,-1.50,"3,432",1303
101/09/06,"5,481,181","293,400,797",54.30,54.60,52.90,53.40,-0.90,"2,949",1303
101/09/07,"4,586,985","248,203,759",54.30,54.30,53.80,54.00,+0.60,"1,750",1303
101/09/10,"3,320,977","181,981,705",54.30,55.30,54.00,55.30,+1.30,"1,744",1303
101/09/11,"2,435,266","133,358,948",55.30,55.30,54.10,54.90,-0.40,"1,241",1303
101/09/12,"4,430,630","247,819,986",55.50,56.40,55.20,56.40,+1.50,"2,266",1303
101/09/13,"3,496,060","196,531,955",56.40,56.70,55.80,56.30,-0.10,"1,577",1303
101/09/14,"6,942,422","396,378,046",57.10,57.50,56.60,57.50,+1.20,"2,955",1303
101/09/17,"5,229,353","302,031,643",58.10,58.10,57.10,58.00,+0.50,"2,402",1303
101/09/18,"4,211,164","243,111,825",57.90,58.00,57.20,57.90,-0.10,"2,028",1303
101/09/19,"5,780,498","337,832,457",57.80,58.90,57.40,58.90,+1.00,"2,741",1303
101/09/20,"3,894,969","227,006,274",58.90,58.90,57.80,58.50,-0.40,"1,594",1303
101/09/21,"5,066,966","296,235,894",59.00,59.00,57.90,58.70,+0.20,"2,685",1303
101/09/24,"2,843,369","166,034,098",58.70,58.90,57.50,58.80,+0.10,"1,472",1303
101/09/25,"5,584,009","325,608,311",57.90,58.70,57.90,58.70,-0.10,"2,202",1303
101/09/26,"4,507,327","261,718,681",58.60,58.60,57.70,58.30,-0.40,"1,283",1303
101/09/27,"4,647,049","269,561,504",58.40,58.40,57.80,57.90,-0.40,"1,935",1303
101/09/28,"4,997,114","291,528,759",57.50,58.80,57.50,58.80,+0.90,"2,101",1303
101/10/01,"3,586,997","206,514,715",58.20,58.50,57.20,57.50,-1.30,"1,960",1303
101/10/02,"3,157,162","183,288,260",58.10,58.30,57.70,58.20,+0.70,"1,615",1303
101/10/03,"2,022,352","116,751,783",58.40,58.40,57.40,57.90,-0.30,"1,094",1303
101/10/04,"2,357,136","135,571,522",57.50,57.90,57.00,57.90, 0.00,"1,215",1303
101/10/05,"3,363,312","193,489,648",57.20,57.90,57.20,57.80,-0.10,"1,643",1303
101/10/08,"3,106,256","176,654,430",57.80,57.80,56.60,56.80,-1.00,"1,922",1303
101/10/09,"5,762,343","327,376,989",56.20,57.20,56.20,56.80, 0.00,"2,357",1303
101/10/11,"6,072,660","336,343,900",56.20,56.20,55.00,55.00,-1.80,"3,398",1303
101/10/12,"3,727,262","207,074,796",55.00,56.00,55.00,55.60,+0.60,"2,052",1303
101/10/15,"2,526,641","140,018,027",55.70,55.70,55.10,55.50,-0.10,"1,045",1303
101/10/16,"3,251,143","179,569,590",55.10,55.60,55.00,55.60,+0.10,"1,613",1303
101/10/17,"4,303,983","240,031,137",56.00,56.10,55.40,56.10,+0.50,"2,390",1303
101/10/18,"2,235,154","125,350,324",56.10,56.50,55.70,56.20,+0.10,"1,014",1303
101/10/19,"2,657,889","148,363,931",56.60,56.60,55.30,55.70,-0.50,"1,598",1303
101/10/22,"2,211,113","120,840,070",55.00,55.00,54.40,54.80,-0.90,"1,196",1303
101/10/23,"3,246,123","175,477,342",54.50,54.70,53.80,53.80,-1.00,"1,878",1303
101/10/24,"3,891,814","207,867,861",53.70,53.80,53.10,53.10,-0.70,"1,946",1303
101/10/25,"3,109,401","164,994,053",53.50,53.70,52.80,53.00,-0.10,"1,609",1303
101/10/26,"8,552,949","442,692,466",53.60,53.60,50.80,50.90,-2.10,"3,781",1303
101/10/29,"7,855,292","395,537,736",51.00,51.00,49.80,50.40,-0.50,"2,913",1303
101/10/30,"5,409,445","276,293,935",51.00,51.90,50.60,50.70,+0.30,"2,842",1303
101/10/31,"6,299,033","323,670,885",51.60,51.80,51.00,51.50,+0.80,"3,111",1303
101/11/01,"6,206,967","314,525,985",51.50,51.50,50.20,51.30,-0.20,"2,592",1303
101/11/02,"5,481,209","284,101,964",52.00,52.80,51.00,52.80,+1.50,"2,450",1303
101/11/05,"4,501,626","234,523,147",52.80,52.80,51.70,52.00,-0.80,"1,883",1303
101/11/06,"3,954,045","203,547,413",52.20,52.30,50.00,52.20,+0.20,"1,912",1303
101/11/07,"3,447,000","179,544,777",52.40,52.60,51.60,52.40,+0.20,"1,839",1303
101/11/08,"6,111,283","314,287,263",52.00,52.00,51.10,51.70,-0.70,"2,629",1303
101/11/09,"4,429,248","226,292,100",51.00,51.70,50.60,51.30,-0.40,"2,379",1303
101/11/12,"2,034,014","103,892,514",51.50,51.50,50.90,51.10,-0.20,"1,103",1303
101/11/13,"10,409,089","516,773,142",50.50,50.60,49.10,49.10,-2.00,"5,157",1303
101/11/14,"8,454,581","408,233,712",49.00,49.00,48.00,48.40,-0.70,"3,694",1303
101/11/15,"12,215,123","573,037,562",48.10,48.20,46.00,46.90,-1.50,"5,177",1303
101/11/16,"11,330,101","535,678,533",46.95,48.10,46.50,47.30,+0.40,"4,965",1303
101/11/19,"9,891,385","476,491,985",47.30,48.50,47.30,48.20,+0.90,"4,226",1303
101/11/20,"5,279,652","253,869,446",49.05,49.05,47.60,47.80,-0.40,"2,909",1303
101/11/21,"7,660,663","357,380,758",47.35,48.00,46.05,46.30,-1.50,"4,091",1303
101/11/22,"4,806,819","223,093,493",46.60,46.85,46.10,46.20,-0.10,"2,490",1303
101/11/23,"10,430,988","503,297,412",46.90,49.15,46.75,49.15,+2.95,"5,243",1303
101/11/26,"8,290,428","415,049,700",50.30,50.90,49.50,50.00,+0.85,"4,230",1303
101/11/27,"6,328,363","319,277,864",50.00,51.00,49.30,51.00,+1.00,"3,382",1303
101/11/28,"5,854,775","296,668,448",51.00,51.20,50.20,51.00, 0.00,"2,738",1303
101/11/29,"9,979,332","513,712,889",51.70,51.80,51.00,51.30,+0.30,"4,089",1303
101/11/30,"11,958,528","619,891,712",51.90,52.30,51.40,51.40,+0.10,"3,990",1303
101/12/03,"5,382,709","277,421,736",50.80,52.00,50.80,51.60,+0.20,"2,458",1303
101/12/04,"5,009,810","255,164,439",50.90,51.20,50.80,51.00,-0.60,"2,112",1303
101/12/05,"7,772,141","396,858,653",50.90,51.60,50.50,51.00, 0.00,"3,726",1303
101/12/06,"4,937,475","252,452,339",51.50,51.50,50.60,51.40,+0.40,"2,546",1303
101/12/07,"3,740,309","192,773,118",51.40,51.90,51.00,51.90,+0.50,"1,977",1303
101/12/10,"5,467,061","284,542,372",51.90,52.40,51.70,52.20,+0.30,"2,165",1303
101/12/11,"6,084,351","316,691,152",52.20,52.40,51.60,52.30,+0.10,"2,333",1303
101/12/12,"8,762,236","463,856,600",51.60,53.70,51.60,53.70,+1.40,"4,017",1303
101/12/13,"12,648,064","696,720,384",54.30,56.30,53.80,56.30,+2.60,"5,020",1303
101/12/14,"7,289,697","404,513,379",56.00,56.00,55.10,55.40,-0.90,"3,167",1303
101/12/17,"6,319,652","350,482,330",56.00,56.00,54.90,55.90,+0.50,"2,767",1303
101/12/18,"4,384,516","244,461,910",56.00,56.00,55.40,56.00,+0.10,"2,079",1303
101/12/19,"5,583,208","312,814,260",56.80,57.00,55.70,56.00, 0.00,"2,180",1303
101/12/20,"5,788,270","316,096,634",55.40,55.40,54.40,54.40,-1.60,"2,443",1303
101/12/21,"6,843,809","369,829,486",54.10,54.60,53.20,54.60,+0.20,"2,581",1303
101/12/22,"1,920,912","104,473,707",54.00,54.80,54.00,54.50,-0.10,"1,109",1303
101/12/24,"3,628,585","197,505,297",54.50,54.70,53.90,54.70,+0.20,"1,518",1303
101/12/25,"4,018,508","223,191,572",54.90,56.50,54.40,55.80,+1.10,"2,225",1303
101/12/26,"3,529,659","197,488,312",55.80,56.30,55.70,55.90,+0.10,"1,610",1303
101/12/27,"5,226,359","291,538,157",55.90,56.20,55.50,55.90, 0.00,"1,674",1303
101/12/28,"9,212,841","518,188,009",56.20,56.80,55.90,56.00,+0.10,"3,127",1303
102/01/02,"5,575,253","315,462,940",56.60,56.80,55.70,56.60,+0.60,"2,397",1303
102/01/03,"10,739,380","627,946,549",57.10,59.00,57.10,59.00,+2.40,"5,014",1303
102/01/04,"16,265,265","971,638,565",58.50,60.40,57.60,60.00,+1.00,"5,943",1303
102/01/07,"10,774,870","635,343,462",59.80,59.90,58.30,58.90,-1.10,"3,693",1303
102/01/08,"5,765,992","335,850,412",58.10,58.80,57.90,58.50,-0.40,"2,230",1303
102/01/09,"6,566,054","381,779,181",58.80,58.80,57.70,57.70,-0.80,"2,736",1303
102/01/10,"12,308,196","727,530,275",58.50,60.00,58.20,58.90,+1.20,"5,047",1303
102/01/11,"3,998,904","236,911,736",59.50,59.70,58.90,59.30,+0.40,"1,916",1303
102/01/14,"5,060,950","295,652,126",58.80,59.40,57.50,59.40,+0.10,"2,353",1303
102/01/15,"4,077,646","240,803,423",59.20,59.40,58.60,59.40, 0.00,"2,249",1303
102/01/16,"5,150,982","304,146,226",59.40,59.40,58.50,58.50,-0.90,"2,627",1303
102/01/17,"8,389,563","495,625,024",59.30,59.30,58.10,58.80,+0.30,"2,139",1303
102/01/18,"4,063,870","239,649,091",59.40,59.50,58.30,59.40,+0.60,"1,613",1303
102/01/21,"3,175,023","186,897,024",59.40,59.40,58.40,58.80,-0.60,"1,525",1303
102/01/22,"3,173,293","186,377,580",59.00,59.20,58.20,59.00,+0.20,"1,409",1303
102/01/23,"3,226,973","190,675,107",59.20,59.30,58.70,59.30,+0.30,"1,275",1303
102/01/24,"4,214,855","247,894,191",59.40,59.40,58.30,58.90,-0.40,"1,910",1303
102/01/25,"8,017,684","462,025,572",58.20,58.50,56.50,58.10,-0.80,"3,898",1303
102/01/28,"2,616,903","151,569,080",58.20,58.60,57.50,58.00,-0.10,"1,112",1303
102/01/29,"3,203,713","186,143,731",58.00,58.60,57.80,58.60,+0.60,"1,694",1303
102/01/30,"5,735,541","339,377,441",58.80,59.40,58.50,59.40,+0.80,"2,375",1303
102/01/31,"6,782,865","403,899,408",58.90,60.00,58.70,60.00,+0.60,"2,340",1303
102/02/01,"4,137,911","245,723,302",59.40,59.60,59.10,59.60,-0.40,"1,970",1303
102/02/04,"4,987,192","296,818,934",59.00,60.00,59.00,60.00,+0.40,"2,180",1303
102/02/05,"5,163,175","306,594,725",60.00,60.00,59.20,59.30,-0.70,"2,552",1303
102/02/06,"8,906,206","525,580,131",60.00,60.00,58.80,58.80,-0.50,"3,266",1303
102/02/18,"10,129,883","590,709,607",59.90,60.00,58.00,58.00,-0.80,"3,353",1303
102/02/19,"4,018,814","233,912,149",58.80,58.80,58.00,58.40,+0.40,"1,677",1303
102/02/20,"9,876,287","586,041,878",59.20,60.00,58.10,60.00,+1.60,"4,020",1303
102/02/21,"8,262,299","492,320,572",59.90,60.00,59.00,59.90,-0.10,"3,220",1303
102/02/22,"3,492,088","207,364,787",59.80,59.80,59.00,59.40,-0.50,"1,456",1303
102/02/23,"821,344","48,617,996",59.40,59.40,59.10,59.20,-0.20,445,1303
102/02/25,"5,377,128","314,698,044",59.10,59.10,58.30,58.50,-0.70,"2,895",1303
102/02/26,"8,745,159","509,511,022",58.00,58.50,58.00,58.40,-0.10,"1,838",1303
102/02/27,"5,497,434","315,807,438",58.50,58.50,56.90,56.90,-1.50,"2,297",1303
102/03/01,"10,085,855","578,564,167",57.80,58.40,56.70,57.50,+0.60,"4,702",1303
102/03/04,"12,689,980","715,160,572",57.90,58.30,55.30,55.30,-2.20,"5,821",1303
102/03/05,"8,313,433","457,985,495",56.00,56.00,54.60,54.70,-0.60,"4,201",1303
102/03/06,"5,495,168","307,259,644",54.80,56.50,54.80,56.00,+1.30,"2,718",1303
102/03/07,"2,320,780","129,933,471",55.90,56.30,55.60,55.90,-0.10,"1,569",1303
102/03/08,"5,863,091","329,811,896",55.90,56.50,55.90,56.30,+0.40,"2,096",1303
102/03/11,"8,224,713","472,713,793",56.80,58.40,56.20,57.70,+1.40,"2,918",1303
102/03/12,"5,220,792","302,515,352",57.70,58.40,57.60,58.10,+0.40,"2,143",1303
102/03/13,"5,469,177","310,282,501",58.00,58.00,56.10,56.10,-2.00,"3,190",1303
102/03/14,"8,458,439","466,113,226",56.00,56.00,54.60,54.60,-1.50,"4,092",1303
102/03/15,"31,142,371","1,654,531,263",54.70,55.30,52.50,52.50,-2.10,"8,948",1303
102/03/18,"6,321,498","333,547,494",52.50,53.10,52.30,53.00,+0.50,"3,333",1303
102/03/19,"6,498,323","342,620,501",52.70,53.20,52.10,52.60,-0.40,"2,962",1303
102/03/20,"7,306,470","382,703,839",52.80,52.80,52.10,52.20,-0.40,"3,249",1303
102/03/21,"4,693,700","246,417,359",52.70,52.80,52.30,52.30,+0.10,"1,934",1303
102/03/22,"4,545,906","236,820,791",52.10,52.50,51.70,51.70,-0.60,"2,001",1303
102/03/25,"3,287,254","171,238,235",52.00,52.40,51.80,52.00,+0.30,"1,577",1303
102/03/26,"3,970,627","205,399,173",52.00,52.00,51.50,51.50,-0.50,"1,948",1303
102/03/27,"5,401,786","280,313,637",51.50,52.70,51.10,52.70,+1.20,"2,196",1303
102/03/28,"6,504,410","340,986,406",52.50,52.70,52.10,52.60,-0.10,"2,861",1303
102/03/29,"7,544,633","402,818,162",53.00,54.10,52.60,53.60,+1.00,"3,306",1303
102/04/01,"2,389,647","127,309,833",53.60,53.80,52.90,52.90,-0.70,"1,607",1303
102/04/02,"6,610,875","351,809,992",53.50,53.70,52.80,53.70,+0.80,"3,130",1303
102/04/03,"3,129,690","166,468,499",53.70,53.70,52.80,52.80,-0.90,"1,399",1303
102/04/08,"5,735,032","297,378,427",51.90,52.60,51.60,51.60,-1.20,"2,867",1303
102/04/09,"4,530,909","234,913,804",52.00,52.40,51.50,51.50,-0.10,"2,365",1303
102/04/10,"9,147,733","468,541,534",52.50,52.50,51.00,51.00,-0.50,"3,107",1303
102/04/11,"5,706,907","296,478,023",51.00,52.50,51.00,52.40,+1.40,"2,401",1303
102/04/12,"4,333,882","228,152,396",52.40,52.90,52.00,52.80,+0.40,"1,942",1303
102/04/15,"6,591,169","350,808,906",52.10,53.70,52.10,53.70,+0.90,"2,791",1303
102/04/16,"7,190,831","386,853,567",53.50,54.20,53.00,54.10,+0.40,"3,085",1303
102/04/17,"8,843,431","477,508,209",54.20,54.40,53.60,54.10, 0.00,"3,013",1303
102/04/18,"5,739,355","306,311,415",53.90,53.90,52.80,53.10,-1.00,"2,283",1303
102/04/19,"3,243,334","173,468,405",53.40,53.80,52.60,53.60,+0.50,"1,641",1303
102/04/22,"6,216,109","338,144,221",53.60,54.80,53.60,54.80,+1.20,"2,725",1303
102/04/23,"8,737,661","485,994,668",55.00,56.00,55.00,55.70,+0.90,"4,070",1303
102/04/24,"16,340,386","941,773,767",56.00,58.60,56.00,58.40,+2.70,"7,480",1303
102/04/25,"14,546,718","856,718,276",58.40,59.40,57.90,59.40,+1.00,"6,426",1303
102/04/26,"13,106,003","782,948,329",59.50,60.00,59.30,59.60,+0.20,"5,016",1303
102/04/29,"10,442,437","623,628,274",60.00,60.10,59.10,59.80,+0.20,"4,116",1303
102/04/30,"14,453,227","865,010,854",60.00,60.40,58.80,58.80,-1.00,"4,563",1303
102/05/02,"11,190,706","665,615,916",58.50,59.90,58.50,59.60,+0.80,"3,834",1303
102/05/03,"7,378,162","439,990,090",59.60,60.00,59.10,59.70,+0.10,"3,134",1303
102/05/06,"7,756,822","462,641,921",60.00,60.00,59.20,59.50,-0.20,"3,006",1303
102/05/07,"18,985,608","1,162,500,637",60.00,61.60,59.80,61.50,+2.00,"7,295",1303
102/05/08,"23,546,234","1,512,227,508",61.50,65.50,61.50,64.00,+2.50,"9,914",1303
102/05/09,"10,931,800","691,597,676",64.50,64.70,62.80,63.20,-0.80,"5,232",1303
102/05/10,"6,822,094","427,170,474",63.20,63.40,62.10,62.10,-1.10,"3,143",1303
102/05/13,"8,890,440","542,747,538",61.50,62.00,60.30,60.90,-1.20,"3,415",1303
102/05/14,"11,250,154","707,292,689",61.00,63.40,61.00,62.70,+1.80,"5,164",1303
102/05/15,"12,477,539","786,132,890",63.60,64.50,62.10,62.70, 0.00,"3,987",1303
102/05/16,"13,132,885","848,908,695",63.50,65.00,63.50,64.90,+2.20,"5,274",1303
102/05/17,"6,556,767","422,820,781",65.00,65.20,63.90,64.60,-0.30,"2,976",1303
102/05/20,"4,293,612","275,100,447",64.60,64.60,63.60,64.00,-0.60,"1,921",1303
102/05/21,"3,340,490","213,712,078",64.00,64.50,63.70,64.00, 0.00,"1,286",1303
102/05/22,"5,876,167","375,974,193",64.10,65.10,63.10,64.00, 0.00,"2,584",1303
102/05/23,"6,646,952","416,964,196",63.20,63.70,62.50,62.50,-1.50,"2,680",1303
102/05/24,"9,693,222","603,572,252",63.20,63.30,61.50,62.50, 0.00,"2,842",1303
102/05/27,"4,032,296","253,860,101",62.80,63.50,61.80,63.50,+1.00,"2,174",1303
102/05/28,"5,302,601","332,712,857",63.30,63.30,62.30,62.50,-1.00,"2,206",1303
102/05/29,"8,139,520","518,759,828",62.50,64.10,62.50,63.90,+1.40,"3,028",1303
102/05/30,"9,773,612","613,778,256",63.70,63.80,61.60,62.10,-1.80,"3,584",1303
102/05/31,"14,358,482","885,535,269",63.40,63.40,61.20,61.20,-0.90,"4,280",1303
102/06/03,"8,507,784","517,486,854",61.00,61.50,60.10,60.50,-0.70,"3,701",1303
102/06/04,"9,732,844","591,706,489",61.80,61.90,60.20,60.30,-0.20,"4,114",1303
102/06/05,"7,920,996","474,232,045",60.00,60.60,59.50,59.50,-0.80,"3,351",1303
102/06/06,"8,783,536","515,654,046",58.80,59.30,58.20,58.50,-1.00,"3,994",1303
102/06/07,"8,853,029","529,012,292",59.50,60.50,59.00,59.50,+1.00,"3,475",1303
102/06/10,"9,300,718","566,812,129",60.20,61.50,59.70,61.00,+1.50,"3,726",1303
102/06/11,"9,455,978","577,103,157",61.00,61.60,60.40,60.40,-0.60,"3,143",1303
102/06/13,"9,787,030","574,689,048",58.90,59.40,58.50,58.70,-1.70,"3,777",1303
102/06/14,"6,329,759","372,007,093",58.70,59.50,58.50,58.50,-0.20,"2,207",1303
102/06/17,"3,505,900","206,084,500",58.80,59.30,58.50,58.80,+0.30,"1,902",1303
102/06/18,"7,334,538","429,854,562",58.50,59.00,58.30,58.50,-0.30,"2,258",1303
102/06/19,"12,925,490","784,550,818",59.50,61.20,58.80,60.50,+2.00,"5,207",1303
102/06/20,"9,308,188","550,371,156",59.20,59.70,58.60,58.90,-1.60,"3,617",1303
102/06/21,"38,622,933","2,216,690,614",58.00,58.60,55.00,57.50,-1.40,"6,466",1303
102/06/24,"8,681,946","505,367,335",57.50,59.20,56.70,58.70,+1.20,"3,845",1303
102/06/25,"12,113,439","718,847,623",58.70,60.20,58.20,58.50,-0.20,"5,379",1303
102/06/26,"12,223,336","721,592,746",60.20,60.20,58.50,58.50, 0.00,"4,137",1303
102/06/27,"6,669,701","395,232,459",59.20,59.60,59.00,59.30,+0.80,"2,184",1303
102/06/28,"12,223,077","748,895,616",60.00,63.20,58.60,63.20,+3.90,"3,671",1303
102/07/01,"9,271,110","566,456,862",62.00,62.00,60.60,60.70,-2.50,"3,389",1303
102/07/02,"7,178,836","428,029,369",61.00,61.10,58.80,59.20,-1.50,"3,576",1303
102/07/03,"7,422,121","434,433,312",59.80,59.80,58.10,58.10,-1.10,"3,257",1303
102/07/04,"5,113,697","299,767,776",58.90,59.10,58.10,58.10, 0.00,"2,989",1303
102/07/05,"7,605,848","454,057,299",58.40,60.30,58.40,59.30,+1.20,"3,444",1303
102/07/08,"7,429,845","432,861,527",59.90,59.90,57.70,57.70,-1.60,"3,064",1303
102/07/09,"6,756,166","398,283,719",57.80,59.40,57.80,59.40,+1.70,"2,916",1303
102/07/10,"6,174,514","367,460,205",59.50,60.10,58.80,59.00,-0.40,"2,484",1303
102/07/11,"10,668,063","647,993,715",59.90,61.50,59.90,61.50,+2.50,"4,401",1303
102/07/12,"9,196,000","568,527,100",61.60,62.30,61.50,62.00,+0.50,"3,821",1303
102/07/15,"12,331,746","777,742,559",61.50,64.00,61.50,64.00,+2.00,"4,647",1303
102/07/16,"14,175,511","904,320,632",64.00,64.00,63.50,63.80,-0.20,"3,895",1303
102/07/17,"20,339,115","1,314,492,347",64.50,65.30,63.80,64.60,+0.80,"5,946",1303
102/07/18,"21,616,739","1,424,428,504",65.50,66.70,65.00,66.00,+1.40,"7,116",1303
102/07/19,"12,898,383","846,704,318",66.00,66.00,65.10,66.00, 0.00,"3,048",1303
102/07/22,"7,071,237","466,123,899",66.20,66.30,65.40,65.40,-0.60,"3,040",1303
102/07/23,"8,540,602","564,548,721",66.30,66.50,65.70,66.00,+0.60,"2,716",1303
102/07/24,"9,194,368","609,833,028",66.50,66.60,65.90,66.60,+0.60,"3,613",1303
102/07/25,"6,018,629","399,050,851",66.60,66.70,65.80,66.40,-0.20,"1,648",1303
102/07/26,"7,550,057","493,809,643",66.70,67.00,63.90,64.50,-1.90,"3,789",1303
102/07/29,"4,450,677","285,926,174",64.70,65.40,63.80,63.80,-0.70,"2,004",1303
102/07/30,"4,112,543","266,234,410",64.80,65.00,64.20,65.00,+1.20,"1,928",1303
102/07/31,"6,299,153","399,960,990",64.60,65.00,63.00,63.00,-2.00,"2,631",1303
102/08/01,"4,885,523","305,411,326",63.30,63.80,62.00,62.00,-1.00,"2,748",1303
102/08/02,"3,940,613","250,588,064",62.80,64.00,62.70,63.90,+1.90,"2,122",1303
102/08/05,"3,943,086","251,666,450",63.90,64.40,63.00,63.80,-0.10,"1,986",1303
102/08/06,"6,874,590","432,080,374",63.80,63.80,62.20,63.00,-0.80,"2,919",1303
102/08/07,"8,536,685","525,665,385",61.90,62.70,60.60,60.80,X0.00,"3,642",1303
102/08/08,"6,537,399","394,522,642",60.80,61.20,59.80,60.20,-0.60,"3,275",1303
102/08/09,"6,741,206","402,591,390",60.50,60.60,59.20,59.30,-0.90,"3,051",1303
102/08/12,"4,753,230","283,489,189",59.30,60.40,59.30,59.30, 0.00,"2,273",1303
102/08/13,"6,222,587","371,087,836",60.00,60.10,59.20,60.00,+0.70,"2,246",1303
102/08/14,"7,620,536","454,743,114",60.10,60.40,59.40,59.40,-0.60,"2,571",1303
102/08/15,"6,977,410","408,201,917",59.00,59.00,58.20,58.50,-0.90,"3,301",1303
102/08/16,"6,741,272","397,290,598",58.00,59.40,57.90,59.00,+0.50,"2,321",1303
102/08/19,"6,930,362","406,050,723",59.60,59.60,58.30,58.30,-0.70,"3,277",1303
102/08/20,"7,352,882","426,247,362",58.30,58.50,57.70,57.70,-0.60,"2,967",1303
102/08/22,"15,276,857","864,845,435",57.50,57.50,56.30,56.30,-1.40,"5,922",1303
102/08/23,"8,595,921","489,453,890",56.90,57.30,56.50,56.70,+0.40,"3,263",1303
102/08/26,"3,835,660","218,337,369",56.90,57.30,56.50,56.80,+0.10,"1,952",1303
102/08/27,"5,836,930","329,183,834",56.50,56.70,56.10,56.40,-0.40,"2,439",1303
102/08/28,"5,475,793","307,639,269",55.90,56.60,55.80,56.60,+0.20,"2,056",1303
102/08/29,"8,708,433","503,721,014",56.80,58.30,56.80,58.20,+1.60,"3,771",1303
102/08/30,"10,191,919","591,198,746",58.20,58.60,57.70,58.60,+0.40,"2,896",1303
102/09/02,"7,532,025","437,285,350",58.10,58.40,57.90,58.00,-0.60,"2,530",1303
102/09/03,"6,700,912","394,384,384",59.00,59.20,58.30,59.20,+1.20,"2,801",1303
102/09/04,"7,406,710","440,200,301",59.10,60.20,58.70,60.20,+1.00,"3,020",1303
102/09/05,"8,354,033","506,919,671",60.60,61.00,60.20,60.90,+0.70,"3,564",1303
102/09/06,"9,026,944","547,342,040",61.00,61.10,59.90,60.30,-0.60,"2,823",1303
102/09/09,"11,030,714","673,034,565",60.50,61.90,60.00,61.50,+1.20,"3,858",1303
102/09/10,"14,835,687","915,722,585",61.50,62.20,60.90,62.20,+0.70,"5,062",1303
102/09/11,"11,334,256","704,968,240",62.00,62.70,61.50,62.70,+0.50,"4,162",1303
102/09/12,"8,370,506","525,383,892",62.20,63.20,62.20,63.20,+0.50,"3,377",1303
102/09/13,"5,658,976","351,101,110",62.70,63.00,61.50,61.80,-1.40,"2,201",1303
102/09/14,"3,658,515","225,604,157",62.50,62.50,61.10,61.50,-0.30,"1,360",1303
102/09/16,"10,108,866","639,213,060",62.00,63.70,62.00,63.70,+2.20,"4,577",1303
102/09/17,"10,552,126","673,973,915",63.10,64.20,63.00,64.20,+0.50,"3,349",1303
102/09/18,"7,627,204","487,740,974",63.50,64.30,63.40,63.50,-0.70,"2,330",1303
102/09/23,"9,726,616","615,281,409",62.80,64.00,62.00,63.50, 0.00,"3,395",1303
102/09/24,"4,666,145","294,778,022",62.80,63.60,62.80,63.40,-0.10,"1,679",1303
102/09/25,"6,441,069","408,181,707",63.30,63.50,63.00,63.50,+0.10,"2,063",1303
102/09/26,"6,333,033","396,901,297",63.50,63.50,62.20,62.20,-1.30,"1,996",1303
102/09/27,"5,650,821","356,578,923",62.50,63.30,62.50,63.30,+1.10,"2,257",1303
102/09/30,"6,802,092","424,187,181",62.50,63.00,62.20,62.20,-1.10,"2,053",1303
102/10/01,"3,641,107","227,826,529",62.00,62.90,62.00,62.50,+0.30,"1,832",1303
102/10/02,"6,428,127","408,734,815",62.50,64.00,62.50,63.90,+1.40,"3,197",1303
102/10/03,"13,304,304","867,720,182",63.90,66.00,63.90,65.90,+2.00,"6,181",1303
102/10/04,"6,240,565","409,085,929",65.90,66.00,65.30,65.80,-0.10,"2,834",1303
102/10/07,"5,528,381","357,958,538",65.40,65.40,64.50,65.00,-0.80,"2,394",1303
102/10/08,"5,165,506","336,211,096",65.00,65.50,64.40,65.50,+0.50,"2,122",1303
102/10/09,"5,311,432","345,844,680",65.30,65.30,64.60,65.30,-0.20,"1,949",1303
102/10/11,"3,960,263","259,303,732",65.40,66.00,65.10,65.60,+0.30,"1,736",1303
102/10/14,"3,021,031","196,517,176",64.70,65.40,64.50,65.10,-0.50,"1,189",1303
102/10/15,"4,685,786","305,985,927",65.30,65.80,64.80,65.40,+0.30,"1,916",1303
102/10/16,"2,935,652","191,021,814",65.50,65.60,64.70,65.20,-0.20,"1,452",1303
102/10/17,"5,018,879","329,959,666",66.00,66.00,65.30,65.60,+0.40,"2,131",1303
102/10/18,"3,323,727","217,493,992",65.90,66.00,65.10,65.80,+0.20,"1,762",1303
102/10/21,"2,495,652","163,710,558",65.80,65.80,65.30,65.80, 0.00,"1,082",1303
102/10/22,"4,203,606","276,659,219",65.80,66.00,65.30,66.00,+0.20,"1,976",1303
102/10/23,"2,619,977","172,104,570",66.00,66.00,65.30,65.60,-0.40,"1,254",1303
102/10/24,"5,421,006","359,119,739",65.40,66.90,65.10,66.60,+1.00,"2,348",1303
102/10/25,"5,998,765","398,280,790",66.10,66.90,65.50,66.20,-0.40,"2,092",1303
102/10/28,"3,690,992","244,633,972",66.20,66.60,65.90,66.30,+0.10,"1,376",1303
102/10/29,"5,885,090","391,483,555",66.30,66.80,66.00,66.80,+0.50,"2,127",1303
102/10/30,"4,236,457","282,239,889",66.80,66.90,66.10,66.90,+0.10,"1,613",1303
102/10/31,"4,062,506","271,326,959",66.50,67.00,66.30,67.00,+0.10,"1,420",1303
102/11/01,"3,008,569","199,101,256",67.00,67.00,65.90,66.00,-1.00,"1,264",1303
102/11/04,"3,407,226","221,714,354",65.60,66.00,64.20,64.50,-1.50,"2,104",1303
102/11/05,"5,192,475","329,926,025",64.50,64.50,63.00,63.00,-1.50,"2,532",1303
102/11/06,"2,375,299","151,081,407",63.50,63.80,63.20,63.80,+0.80,"1,353",1303
102/11/07,"3,430,771","219,317,235",63.70,64.50,63.50,64.10,+0.30,"1,377",1303
102/11/08,"2,745,291","173,664,298",63.00,63.70,63.00,63.10,-1.00,"1,335",1303
102/11/11,"3,485,765","219,617,786",63.10,64.00,62.60,62.90,-0.20,"1,268",1303
102/11/12,"4,212,757","270,690,748",63.90,64.90,63.10,64.60,+1.70,"2,127",1303
102/11/13,"5,642,422","356,856,486",64.00,64.40,63.00,63.00,-1.60,"2,342",1303
102/11/14,"4,328,157","273,727,480",63.10,63.80,62.90,63.10,+0.10,"1,599",1303
102/11/15,"4,320,552","278,925,850",63.50,65.10,63.50,64.30,+1.20,"2,426",1303
102/11/18,"1,769,609","114,517,107",64.30,65.00,64.10,64.90,+0.60,880,1303
102/11/19,"3,052,373","199,743,948",65.20,66.00,65.00,65.30,+0.40,"1,419",1303
102/11/20,"2,152,737","139,828,147",65.50,65.50,64.70,64.70,-0.60,"1,143",1303
102/11/21,"6,859,938","433,963,994",65.10,65.10,63.00,63.00,-1.70,"3,771",1303
102/11/22,"4,658,240","295,930,027",63.00,64.30,63.00,63.60,+0.60,"2,095",1303
102/11/25,"3,180,942","204,653,377",64.50,64.60,63.90,63.90,+0.30,"1,678",1303
102/11/26,"9,151,602","581,265,382",63.90,64.00,63.20,63.40,-0.50,"3,384",1303
102/11/27,"5,474,089","350,310,241",64.20,64.60,63.60,64.00,+0.60,"2,290",1303
102/11/28,"5,073,228","327,058,428",64.00,64.70,64.00,64.60,+0.60,"2,048",1303
102/11/29,"5,517,154","357,919,417",65.00,65.20,64.60,64.80,+0.20,"2,443",1303
102/12/02,"4,066,245","265,034,408",65.30,65.40,64.90,65.40,+0.60,"2,022",1303
102/12/03,"3,129,343","203,603,659",65.00,65.40,64.90,65.00,-0.40,"1,291",1303
102/12/04,"10,763,208","712,960,714",64.60,66.80,64.60,66.60,+1.60,"4,396",1303
102/12/05,"7,753,649","517,923,272",66.60,67.00,66.10,66.90,+0.30,"3,674",1303
102/12/06,"5,839,163","390,097,233",66.90,67.00,66.10,66.50,-0.40,"2,777",1303
102/12/09,"10,372,354","706,940,972",67.20,68.60,67.00,68.40,+1.90,"4,268",1303
102/12/10,"5,326,887","364,904,326",68.40,68.90,67.90,68.80,+0.40,"2,600",1303
102/12/11,"5,870,471","407,443,841",69.00,69.90,68.90,69.60,+0.80,"3,021",1303
102/12/12,"4,292,094","294,097,692",68.90,68.90,67.80,68.30,-1.30,"1,878",1303
102/12/13,"6,322,865","438,111,018",68.70,69.50,68.70,69.50,+1.20,"2,379",1303
102/12/16,"3,166,189","218,403,224",69.30,69.30,68.30,68.90,-0.60,"1,816",1303
102/12/17,"6,004,892","413,188,520",68.70,69.30,68.50,68.50,-0.40,"1,996",1303
102/12/18,"4,213,987","286,669,591",69.00,69.00,67.50,68.00,-0.50,"1,726",1303
102/12/19,"4,718,267","324,020,166",68.60,68.90,68.40,68.80,+0.80,"2,123",1303
102/12/20,"10,063,920","690,744,060",68.80,69.30,68.00,68.00,-0.80,"2,792",1303
102/12/23,"5,084,321","346,226,900",67.50,68.80,67.50,67.80,-0.20,"2,279",1303
102/12/24,"5,122,259","347,754,505",68.00,68.30,67.70,67.80, 0.00,"2,472",1303
102/12/25,"3,722,186","254,466,957",68.00,68.70,67.80,68.50,+0.70,"2,150",1303
102/12/26,"3,411,149","234,577,585",68.50,69.00,68.40,68.80,+0.30,"1,224",1303
102/12/27,"4,982,890","344,584,246",68.50,69.50,68.50,69.50,+0.70,"2,405",1303
102/12/30,"9,555,133","663,466,657",69.50,70.00,68.90,69.50, 0.00,"3,464",1303
102/12/31,"9,937,638","685,573,994",69.80,69.80,68.50,68.90,-0.60,"2,874",1303
103/01/02,"3,886,467","265,900,572",68.60,68.90,68.10,68.20,-0.70,"1,690",1303
103/01/03,"5,604,169","378,412,341",68.20,68.20,67.20,67.30,-0.90,"2,583",1303
103/01/06,"4,392,823","294,658,741",67.30,67.80,66.80,67.10,-0.20,"1,745",1303
103/01/07,"3,695,629","249,717,343",67.50,68.10,67.00,67.00,-0.10,"1,500",1303
103/01/08,"2,510,116","169,103,972",67.30,68.00,67.00,67.00, 0.00,"1,347",1303
103/01/09,"4,803,567","321,782,134",67.70,67.70,66.50,66.80,-0.20,"2,105",1303
103/01/10,"5,739,086","381,476,208",67.60,67.60,66.00,66.90,+0.10,"2,563",1303
103/01/13,"3,829,448","256,828,178",67.50,67.50,66.60,67.40,+0.50,"2,202",1303
103/01/14,"6,282,542","415,592,461",66.80,66.80,65.90,66.10,-1.30,"2,856",1303
103/01/15,"8,627,960","572,859,116",66.10,67.00,65.90,66.70,+0.60,"2,920",1303
103/01/16,"7,391,028","495,192,338",67.00,67.20,66.40,67.00,+0.30,"2,253",1303
103/01/17,"5,068,087","334,698,842",66.60,66.70,65.80,66.00,-1.00,"1,985",1303
103/01/20,"7,669,826","500,817,300",65.90,65.90,65.00,65.30,-0.70,"3,182",1303
103/01/21,"6,126,280","401,592,947",65.60,65.90,65.30,65.50,+0.20,"1,842",1303
103/01/22,"6,131,557","404,858,862",65.90,66.30,65.70,66.30,+0.80,"2,133",1303
103/01/23,"6,539,711","435,526,226",66.20,67.00,66.00,66.80,+0.50,"2,828",1303
103/01/24,"6,596,880","441,386,145",66.30,67.10,66.20,67.10,+0.30,"2,661",1303
103/01/27,"10,565,558","697,043,162",66.70,66.70,65.40,66.10,-1.00,"4,024",1303
103/02/05,"19,780,595","1,255,968,480",64.90,64.90,62.70,63.00,-3.10,"8,261",1303
103/02/06,"11,409,118","720,757,643",63.30,63.70,63.00,63.00, 0.00,"4,975",1303
103/02/07,"10,569,457","668,033,099",64.00,64.00,63.00,63.30,+0.30,"4,852",1303
103/02/10,"5,917,052","374,263,785",63.60,63.80,62.90,63.60,+0.30,"2,484",1303
103/02/11,"4,454,658","282,492,495",63.60,63.60,63.10,63.50,-0.10,"1,355",1303
103/02/12,"9,849,977","628,698,201",63.10,64.50,63.10,64.20,+0.70,"3,343",1303
103/02/13,"4,586,116","292,311,461",64.00,64.20,63.60,63.70,-0.50,"1,447",1303
103/02/14,"7,067,130","456,022,751",64.30,65.00,64.00,64.50,+0.80,"2,872",1303
103/02/17,"9,469,611","608,098,823",64.50,65.30,63.50,63.60,-0.90,"3,110",1303
103/02/18,"5,543,942","353,394,357",63.70,64.40,63.40,64.40,+0.80,"2,038",1303
103/02/19,"4,424,237","282,230,968",64.40,64.40,63.40,64.00,-0.40,"1,759",1303
103/02/20,"2,608,223","166,520,678",64.00,64.00,63.60,64.00, 0.00,"1,348",1303
103/02/21,"5,287,452","340,771,091",64.50,64.90,64.00,64.70,+0.70,"2,441",1303
103/02/24,"2,870,171","183,824,144",64.70,64.80,63.70,64.30,-0.40,"1,771",1303
103/02/25,"3,181,127","203,716,480",64.40,64.70,63.70,64.00,-0.30,"1,597",1303
103/02/26,"5,404,578","347,886,726",63.90,64.80,63.90,64.40,+0.40,"1,936",1303
103/02/27,"6,784,050","439,836,899",64.70,65.00,64.20,64.90,+0.50,"2,628",1303
103/03/03,"7,886,774","503,211,036",64.70,64.70,63.30,64.20,-0.70,"3,328",1303
103/03/04,"4,179,300","267,867,400",63.60,64.50,63.60,64.10,-0.10,"1,995",1303
103/03/05,"5,355,785","344,796,840",64.30,64.50,64.20,64.30,+0.20,"2,080",1303
103/03/06,"3,858,916","247,678,810",64.30,64.40,64.00,64.00,-0.30,"2,122",1303
103/03/07,"3,635,885","234,316,789",64.40,64.90,64.00,64.40,+0.40,"1,732",1303
103/03/10,"2,229,768","143,636,159",64.20,64.60,64.20,64.60,+0.20,"1,171",1303
103/03/11,"4,280,373","277,172,363",64.70,65.00,64.10,65.00,+0.40,"1,649",1303
103/03/12,"3,716,560","238,895,080",64.70,64.70,64.10,64.40,-0.60,"1,642",1303
103/03/13,"6,880,709","438,604,409",64.40,64.40,63.50,63.90,-0.50,"3,163",1303
103/03/14,"8,561,210","538,808,819",63.30,63.50,62.50,62.50,-1.40,"3,732",1303
103/03/17,"3,743,731","236,256,145",62.50,63.60,62.50,63.60,+1.10,"1,981",1303
103/03/18,"4,955,412","317,794,995",63.90,64.50,63.70,64.20,+0.60,"1,933",1303
103/03/19,"4,805,017","308,910,066",64.30,64.50,63.90,64.10,-0.10,"2,188",1303
103/03/20,"7,404,631","467,840,653",63.50,64.00,62.50,63.80,-0.30,"2,773",1303
103/03/21,"6,421,317","408,191,718",63.50,63.80,63.00,63.70,-0.10,"1,767",1303
103/03/24,"3,728,798","238,602,632",63.70,64.30,63.60,64.30,+0.60,"1,599",1303
103/03/25,"4,017,942","257,948,357",63.60,64.50,63.60,64.40,+0.10,"1,471",1303
103/03/26,"5,081,841","325,395,766",63.80,64.40,63.80,63.80,-0.60,"2,357",1303
103/03/27,"7,481,328","480,886,735",64.00,64.80,63.90,64.80,+1.00,"3,346",1303
103/03/28,"8,450,300","547,183,455",64.50,65.20,64.50,64.80, 0.00,"3,393",1303
103/03/31,"5,235,627","337,261,101",64.70,64.70,64.00,64.50,-0.30,"1,392",1303
103/04/01,"7,177,410","460,299,266",64.00,64.60,63.80,64.10,-0.40,"3,561",1303
103/04/02,"4,922,034","316,124,850",64.00,64.60,64.00,64.40,+0.30,"2,022",1303
103/04/03,"4,162,254","267,007,656",64.00,64.40,63.90,64.40, 0.00,"1,930",1303
103/04/07,"5,734,551","368,980,836",64.20,64.50,64.10,64.50,+0.10,"1,677",1303
103/04/08,"4,921,582","316,400,746",64.30,64.50,63.90,64.50, 0.00,"1,232",1303
103/04/09,"4,556,415","293,623,548",64.10,64.60,64.00,64.60,+0.10,"2,161",1303
103/04/10,"6,071,681","394,339,565",64.70,65.40,64.30,65.40,+0.80,"2,394",1303
103/04/11,"5,731,284","376,557,846",65.40,66.00,65.00,66.00,+0.60,"2,481",1303
103/04/14,"4,152,910","274,343,160",66.00,66.30,65.50,66.30,+0.30,"1,520",1303
103/04/15,"6,121,784","406,813,128",66.30,66.70,65.80,66.70,+0.40,"2,057",1303
103/04/16,"6,911,987","462,203,909",66.70,67.50,66.10,66.80,+0.10,"2,259",1303
103/04/17,"4,064,649","269,298,800",66.50,66.80,65.70,66.70,-0.10,"1,975",1303
103/04/18,"2,901,876","194,032,492",66.90,67.00,66.20,67.00,+0.30,"1,074",1303
103/04/21,"924,811","61,576,866",67.00,67.00,66.50,66.50,-0.50,610,1303
103/04/22,"2,556,569","169,410,060",66.10,66.50,66.00,66.20,-0.30,"1,131",1303
103/04/23,"4,261,960","281,570,059",66.20,66.70,65.50,65.70,-0.50,"1,767",1303
103/04/24,"2,717,404","179,257,914",65.50,66.50,65.40,66.50,+0.80,"1,615",1303
103/04/25,"3,130,005","205,892,798",65.80,66.40,65.30,65.60,-0.90,"1,242",1303
103/04/28,"3,095,102","202,875,429",65.10,66.00,65.10,65.50,-0.10,"1,173",1303
103/04/29,"4,103,245","270,642,647",65.50,66.50,65.10,65.90,+0.40,"1,596",1303
103/04/30,"9,406,910","624,597,349",66.50,67.00,65.80,66.10,+0.20,"2,338",1303
103/05/02,"2,912,231","192,740,477",66.20,66.90,65.80,66.00,-0.10,"1,434",1303
103/05/05,"2,356,313","154,714,911",66.00,66.40,65.40,65.50,-0.50,"1,181",1303
103/05/06,"3,130,177","203,214,401",65.80,65.80,64.50,64.70,-0.80,"1,631",1303
103/05/07,"4,454,012","286,610,355",64.70,65.10,64.10,64.50,-0.20,"2,622",1303
103/05/08,"3,173,531","206,411,450",64.80,65.70,64.30,65.60,+1.10,"1,370",1303
103/05/09,"3,301,679","216,636,418",65.80,65.90,65.00,65.90,+0.30,"1,567",1303
103/05/12,"3,010,971","196,105,597",65.80,65.80,64.70,65.10,-0.80,"1,321",1303
103/05/13,"3,945,187","259,133,052",65.20,66.00,65.10,65.30,+0.20,"2,312",1303
103/05/14,"5,597,633","368,726,561",65.40,66.20,65.20,65.70,+0.40,"2,234",1303
103/05/15,"1,761,529","114,972,871",65.30,65.70,64.80,65.70, 0.00,"1,020",1303
103/05/16,"2,934,455","191,828,092",65.10,65.80,64.80,65.50,-0.20,"1,495",1303
103/05/19,"2,376,691","154,860,617",65.30,65.50,65.10,65.10,-0.40,"1,020",1303
103/05/20,"3,983,724","259,354,899",65.10,65.40,64.90,64.90,-0.20,"1,185",1303
103/05/21,"1,626,870","106,394,383",64.80,65.60,64.80,65.60,+0.70,"1,053",1303
103/05/22,"2,942,460","194,413,960",65.60,66.30,65.50,66.30,+0.70,"1,510",1303
103/05/23,"3,633,782","240,202,331",65.80,66.50,65.70,66.10,-0.20,"1,566",1303
103/05/26,"2,239,787","148,218,955",66.10,66.40,65.80,66.20,+0.10,"1,010",1303
103/05/27,"2,401,302","159,497,284",66.40,66.60,66.00,66.60,+0.40,"1,008",1303
103/05/28,"6,019,246","402,320,065",66.60,67.10,66.30,67.10,+0.50,"2,414",1303
103/05/29,"6,223,684","420,757,186",67.10,67.90,67.00,67.70,+0.60,"2,482",1303
103/05/30,"10,902,480","736,776,121",67.90,68.00,67.40,67.40,-0.30,"2,053",1303
103/06/03,"4,001,911","270,339,982",67.20,67.90,67.20,67.70,+0.30,"1,714",1303
103/06/04,"6,493,073","441,167,407",67.60,68.20,67.50,67.90,+0.20,"3,070",1303
103/06/05,"4,220,057","284,416,101",67.90,67.90,66.80,67.50,-0.40,"1,781",1303
103/06/06,"1,976,205","132,817,665",67.40,67.50,67.00,67.10,-0.40,921,1303
103/06/09,"4,363,928","295,537,998",67.10,68.10,66.80,68.00,+0.90,"1,865",1303
103/06/10,"7,857,594","540,568,855",68.00,69.30,67.90,69.30,+1.30,"2,980",1303
103/06/11,"5,023,148","346,507,621",69.30,69.30,68.50,69.10,-0.20,"2,361",1303
103/06/12,"2,124,686","146,197,515",69.00,69.00,68.60,68.70,-0.40,"1,327",1303
103/06/13,"2,203,938","150,980,227",68.70,69.20,68.10,68.60,-0.10,"1,413",1303
103/06/16,"3,165,620","217,229,563",68.60,69.00,68.10,68.50,-0.10,"1,951",1303
103/06/17,"3,914,752","269,282,902",68.80,69.00,68.20,68.70,+0.20,"1,823",1303
103/06/18,"8,781,963","608,144,884",68.30,69.90,68.30,69.60,+0.90,"3,596",1303
103/06/19,"3,216,146","224,114,820",69.90,69.90,69.20,69.90,+0.30,"1,954",1303
103/06/20,"4,283,630","296,845,710",69.90,70.00,68.90,69.20,-0.70,"1,697",1303
103/06/23,"4,164,162","290,658,581",69.30,70.00,69.30,69.60,+0.40,"1,836",1303
103/06/24,"10,924,251","771,940,701",69.80,71.00,69.80,70.80,+1.20,"3,764",1303
103/06/25,"8,065,033","573,279,281",70.70,71.40,70.70,70.80, 0.00,"3,239",1303
103/06/26,"5,143,586","367,541,054",71.00,71.80,70.80,71.60,+0.80,"2,267",1303
103/06/27,"5,540,370","397,276,115",71.80,71.90,71.50,71.50,-0.10,"1,841",1303
103/06/30,"7,248,493","521,082,213",71.60,72.10,71.20,71.90,+0.40,"1,806",1303
103/07/01,"9,965,196","728,986,342",72.00,74.00,71.70,73.90,+2.00,"3,834",1303
103/07/02,"11,861,119","886,187,687",74.00,75.00,73.90,75.00,+1.10,"5,790",1303
103/07/03,"4,043,376","299,917,932",75.00,75.00,73.90,74.00,-1.00,"1,929",1303
103/07/04,"5,624,430","415,071,491",74.30,74.80,72.90,73.50,-0.50,"2,700",1303
103/07/07,"5,138,662","373,182,449",73.40,73.40,72.30,72.80,-0.70,"2,057",1303
103/07/08,"10,641,353","769,283,383",72.80,73.00,71.90,71.90,-0.90,"4,293",1303
103/07/09,"8,328,691","589,243,609",70.70,71.10,70.50,70.90,X0.00,"2,758",1303
103/07/10,"5,643,464","400,085,744",71.00,71.10,70.60,71.00,+0.10,"2,356",1303
103/07/11,"12,265,440","889,841,530",71.10,73.40,71.00,72.50,+1.50,"5,240",1303
103/07/14,"7,470,852","538,947,545",73.50,73.50,71.90,72.00,-0.50,"2,724",1303
103/07/15,"7,717,155","557,707,451",72.40,72.60,71.90,72.50,+0.50,"2,856",1303
103/07/16,"8,819,140","635,570,098",72.60,72.90,71.60,71.90,-0.60,"3,645",1303
103/07/17,"6,618,939","477,431,480",72.30,72.90,71.90,72.00,+0.10,"3,082",1303
103/07/18,"7,582,068","545,879,350",72.00,72.50,71.70,72.00, 0.00,"3,143",1303
103/07/21,"4,309,995","309,990,578",72.50,72.80,71.50,72.00, 0.00,"2,478",1303
103/07/22,"5,238,778","376,532,848",71.90,72.00,71.50,71.90,-0.10,"2,255",1303
103/07/24,"4,183,569","299,903,664",72.10,72.40,71.00,72.10,+0.20,"1,831",1303
103/07/25,"4,755,718","339,037,531",72.10,72.10,70.90,71.50,-0.60,"1,696",1303
103/07/28,"6,114,105","437,881,067",71.50,71.90,71.30,71.70,+0.20,"2,350",1303
103/07/29,"8,552,252","614,659,634",72.00,72.10,71.60,72.00,+0.30,"3,962",1303
103/07/30,"7,528,325","540,134,822",72.10,72.20,71.50,71.70,-0.30,"2,801",1303
103/07/31,"9,796,119","688,579,030",71.70,71.90,69.80,70.10,-1.60,"3,031",1303
103/08/01,"6,604,101","457,459,159",70.00,70.30,68.80,69.10,-1.00,"2,363",1303
103/08/04,"8,337,446","562,197,490",69.00,69.10,66.80,67.40,-1.70,"3,325",1303
103/08/05,"9,521,540","637,505,054",67.90,68.00,66.60,66.70,-0.70,"3,718",1303
103/08/06,"8,565,784","587,160,596",67.00,69.30,67.00,69.30,+2.60,"3,440",1303
103/08/07,"4,564,593","315,208,117",69.00,69.30,68.40,69.30, 0.00,"1,751",1303
103/08/08,"4,945,216","339,466,800",69.30,69.60,68.30,68.60,-0.70,"1,636",1303
103/08/11,"2,650,888","184,559,912",69.00,70.00,68.80,69.60,+1.00,"1,226",1303
103/08/12,"3,708,460","257,578,096",69.90,70.00,68.80,69.90,+0.30,"1,557",1303
103/08/13,"4,251,829","299,196,572",69.80,71.00,69.40,71.00,+1.10,"1,898",1303
103/08/14,"3,525,086","248,946,516",71.00,71.00,70.20,70.60,-0.40,"1,260",1303
103/08/15,"3,890,950","274,187,552",71.20,71.20,70.00,70.60, 0.00,"1,359",1303
103/08/18,"1,974,633","138,226,364",70.60,70.60,69.70,70.00,-0.60,735,1303
103/08/19,"5,001,779","354,711,123",70.90,71.30,70.20,71.20,+1.20,"2,254",1303
103/08/20,"5,239,477","369,703,251",71.20,71.20,70.00,71.00,-0.20,"2,613",1303
103/08/21,"2,650,646","187,177,755",70.20,71.00,70.20,70.70,-0.30,"1,438",1303
103/08/22,"9,215,271","660,392,156",70.90,72.00,70.70,72.00,+1.30,"4,202",1303
103/08/25,"3,201,411","229,815,403",71.90,72.00,71.50,72.00, 0.00,"1,325",1303
103/08/26,"2,328,048","167,442,608",72.00,72.00,71.50,72.00, 0.00,"1,311",1303
103/08/27,"5,937,507","427,792,912",72.00,72.50,71.80,72.30,+0.30,"3,164",1303
103/08/28,"4,080,687","293,916,105",72.30,72.30,71.80,72.20,-0.10,"1,411",1303
103/08/29,"7,293,605","517,171,232",72.10,72.10,70.50,70.50,-1.70,"2,575",1303
103/09/01,"4,324,404","308,257,084",71.00,71.60,70.60,71.30,+0.80,"1,973",1303
103/09/02,"3,437,149","243,590,094",71.40,71.40,70.50,70.90,-0.40,"1,599",1303
103/09/03,"3,712,370","263,014,738",71.10,71.10,70.40,71.00,+0.10,"1,311",1303
103/09/04,"4,660,722","327,314,546",70.20,70.70,69.90,70.70,-0.30,"1,790",1303
103/09/05,"1,540,807","108,556,536",70.70,70.70,70.20,70.50,-0.20,769,1303
103/09/09,"1,613,697","113,940,574",70.60,71.00,70.30,70.60,+0.10,752,1303
103/09/10,"6,398,836","442,671,484",70.00,70.00,68.50,68.90,-1.70,"2,931",1303
103/09/11,"4,601,159","315,319,172",68.90,69.00,68.30,68.50,-0.40,"2,048",1303
103/09/12,"4,006,214","272,693,552",68.40,68.60,67.80,67.80,-0.70,"1,857",1303
103/09/15,"5,064,887","348,448,060",67.80,69.80,67.60,68.40,+0.60,"2,623",1303
103/09/16,"4,818,007","329,275,455",68.90,69.70,67.80,67.80,-0.60,"1,905",1303
103/09/17,"8,331,635","569,614,832",68.30,69.00,67.60,68.10,+0.30,"3,653",1303
103/09/18,"4,542,549","309,813,491",68.70,68.70,67.90,68.60,+0.50,"1,676",1303
103/09/19,"5,049,497","344,940,980",68.60,69.10,67.90,68.30,-0.30,"1,936",1303
103/09/22,"7,189,346","482,170,327",68.20,68.20,66.70,67.10,-1.20,"3,486",1303
103/09/23,"9,291,282","618,260,754",67.00,68.00,65.80,66.00,-1.10,"4,221",1303
103/09/24,"6,837,038","450,539,008",66.00,66.50,65.20,65.90,-0.10,"3,455",1303
103/09/25,"6,409,409","424,807,194",66.70,67.10,65.80,66.30,+0.40,"3,198",1303
103/09/26,"9,004,282","601,433,565",66.00,67.50,66.00,67.50,+1.20,"3,325",1303
103/09/29,"10,989,868","742,582,551",67.50,68.10,66.50,67.70,+0.20,"3,846",1303
103/09/30,"9,947,340","666,285,721",67.50,68.10,66.50,66.60,-1.10,"3,397",1303
103/10/01,"8,554,660","568,483,404",66.70,67.00,66.00,66.40,-0.20,"3,830",1303
103/10/02,"6,726,448","446,928,365",66.30,67.30,65.70,66.80,+0.40,"3,489",1303
103/10/03,"5,637,843","378,628,169",66.50,67.70,66.20,67.60,+0.80,"2,413",1303
103/10/06,"7,313,798","488,621,431",67.40,67.90,66.40,66.40,-1.20,"3,706",1303
103/10/07,"8,129,503","533,634,379",66.00,66.20,65.30,65.80,-0.60,"4,166",1303
103/10/08,"11,863,168","767,799,125",65.50,65.50,64.10,64.50,-1.30,"4,435",1303
103/10/09,"5,027,684","325,926,076",64.60,65.10,64.30,65.00,+0.50,"2,257",1303
103/10/13,"10,057,432","639,583,448",64.50,64.60,63.00,63.70,-1.30,"3,791",1303
103/10/14,"8,216,467","520,088,688",63.50,63.70,63.00,63.70, 0.00,"3,313",1303
103/10/15,"17,809,122","1,096,935,042",63.50,63.60,60.40,60.80,-2.90,"6,541",1303
103/10/16,"10,348,803","620,456,474",60.40,60.90,59.00,60.20,-0.60,"4,417",1303
103/10/17,"21,749,664","1,286,744,176",60.40,61.50,58.60,58.60,-1.60,"6,003",1303
103/10/20,"5,664,195","337,032,068",59.80,60.10,59.00,59.10,+0.50,"2,855",1303
103/10/21,"4,228,736","250,026,459",59.10,59.40,58.90,59.30,+0.20,"2,028",1303
103/10/22,"5,221,742","314,169,752",60.00,60.50,59.60,60.40,+1.10,"2,601",1303
103/10/23,"3,977,787","239,713,903",60.20,60.80,59.90,60.50,+0.10,"1,778",1303
103/10/24,"5,765,410","346,202,552",60.60,60.70,59.50,60.30,-0.20,"2,891",1303
103/10/27,"4,414,620","266,667,342",60.30,60.70,60.20,60.40,+0.10,"1,622",1303
103/10/28,"8,523,167","521,714,587",60.80,61.70,60.70,61.30,+0.90,"3,569",1303
103/10/29,"8,153,247","503,951,718",61.50,62.30,61.20,61.90,+0.60,"3,051",1303
103/10/30,"4,680,750","291,434,705",61.80,62.70,61.60,62.60,+0.70,"2,185",1303
103/10/31,"6,340,806","397,229,698",62.60,63.40,62.00,62.90,+0.30,"2,320",1303
103/11/03,"3,978,798","252,231,238",63.40,63.80,62.90,63.40,+0.50,"2,011",1303
103/11/04,"3,019,873","192,227,930",63.80,63.90,63.10,63.40, 0.00,"1,936",1303
103/11/05,"4,161,462","259,992,577",63.00,63.40,62.10,62.10,-1.30,"1,978",1303
103/11/06,"3,094,230","193,437,520",62.10,63.00,62.10,62.40,+0.30,"1,643",1303
103/11/07,"1,826,732","112,907,068",61.90,62.40,61.60,61.60,-0.80,"1,196",1303
103/11/10,"6,012,099","381,642,972",61.80,64.00,61.80,63.80,+2.20,"3,413",1303
103/11/11,"2,758,994","175,433,922",63.50,63.90,63.20,63.20,-0.60,"1,634",1303
103/11/12,"5,328,531","329,101,339",62.80,62.80,61.00,61.50,-1.70,"2,844",1303
103/11/13,"3,198,502","197,371,524",61.50,62.30,61.00,62.30,+0.80,"1,660",1303
103/11/14,"4,177,822","259,236,988",62.10,62.60,61.20,62.10,-0.20,"1,588",1303
103/11/17,"3,604,036","220,994,385",62.00,62.30,60.80,61.30,-0.80,"1,725",1303
103/11/18,"3,456,850","213,817,442",61.90,62.40,61.30,61.90,+0.60,"1,892",1303
103/11/19,"7,900,367","490,165,419",61.50,62.70,61.50,61.90, 0.00,"2,386",1303
103/11/20,"4,885,653","307,563,654",62.00,63.40,62.00,62.90,+1.00,"2,551",1303
103/11/21,"5,304,466","337,837,825",63.00,63.90,63.00,63.50,+0.60,"2,784",1303
103/11/24,"4,953,588","318,149,690",64.00,64.60,63.70,64.10,+0.60,"2,167",1303
103/11/25,"7,468,047","475,042,240",64.10,64.30,63.40,63.40,-0.70,"1,919",1303
103/11/26,"3,862,659","247,178,613",63.40,64.40,63.40,64.10,+0.70,"2,059",1303
103/11/27,"2,449,175","157,830,214",64.50,64.60,64.30,64.50,+0.40,"1,395",1303
103/11/28,"3,654,031","235,849,783",64.20,64.80,64.00,64.80,+0.30,"1,641",1303
103/12/01,"5,122,720","324,782,116",63.40,64.00,62.90,63.10,-1.70,"2,539",1303
103/12/02,"6,225,311","390,000,715",62.50,63.40,62.20,62.80,-0.30,"3,258",1303
103/12/03,"4,423,401","281,105,664",63.50,64.30,62.40,64.30,+1.50,"2,296",1303
103/12/04,"8,361,891","544,867,976",64.80,65.40,64.60,65.40,+1.10,"2,546",1303
103/12/05,"3,796,410","248,952,876",65.40,65.90,65.00,65.90,+0.50,"2,348",1303
103/12/08,"2,821,890","182,997,150",65.90,65.90,64.50,65.20,-0.70,"1,711",1303
103/12/09,"2,513,762","161,843,130",64.20,65.00,64.00,64.40,-0.80,"1,354",1303
103/12/10,"5,632,146","357,583,338",64.00,65.00,63.00,63.40,-1.00,"2,807",1303
103/12/11,"5,413,283","341,137,475",62.90,64.00,62.50,62.50,-0.90,"2,028",1303
103/12/12,"4,338,909","270,686,325",62.50,62.90,62.00,62.00,-0.50,"2,554",1303
103/12/15,"8,703,266","526,158,319",61.40,61.40,60.10,60.10,-1.90,"4,582",1303
103/12/16,"6,941,025","424,055,499",60.70,61.50,60.10,60.70,+0.60,"3,443",1303
103/12/17,"11,319,272","677,552,272",60.70,61.20,59.20,59.20,-1.50,"5,212",1303
103/12/18,"5,863,168","350,024,232",60.50,60.50,59.20,60.00,+0.80,"3,360",1303
103/12/19,"7,322,350","441,710,649",60.70,60.90,60.10,60.10,+0.10,"2,950",1303
103/12/22,"5,171,442","316,809,601",60.10,61.70,60.10,61.60,+1.50,"2,546",1303
103/12/23,"5,851,622","364,359,715",61.60,62.60,61.60,62.40,+0.80,"2,934",1303
103/12/24,"11,571,117","739,718,707",62.60,64.90,62.20,64.70,+2.30,"5,365",1303
103/12/25,"4,566,678","293,745,912",64.90,64.90,63.80,64.30,-0.40,"1,768",1303
103/12/26,"6,862,139","442,594,150",64.30,64.80,63.80,64.80,+0.50,"2,428",1303
103/12/27,"1,317,009","84,980,467",64.90,64.90,64.20,64.50,-0.30,584,1303
103/12/29,"7,608,370","495,796,561",64.60,65.50,64.40,65.40,+0.90,"3,036",1303
103/12/30,"5,056,758","330,214,495",65.60,66.00,64.60,64.60,-0.80,"2,241",1303
103/12/31,"3,433,308","224,057,263",64.60,65.50,64.60,65.50,+0.90,"1,339",1303
104/01/05,"7,010,530","448,543,220",64.80,64.80,63.50,63.90,-1.60,"2,998",1303
104/01/06,"9,794,106","610,339,372",63.00,63.00,61.60,61.80,-2.10,"4,746",1303
104/01/07,"8,406,952","517,109,540",61.50,61.90,61.10,61.10,-0.70,"4,165",1303
104/01/08,"9,592,252","607,753,178",62.00,64.20,61.50,63.20,+2.10,"4,020",1303
104/01/09,"8,168,217","523,766,188",64.10,64.50,63.50,64.20,+1.00,"2,934",1303
104/01/12,"8,007,712","513,001,210",63.50,64.60,63.50,63.80,-0.40,"3,885",1303
104/01/13,"10,176,629","661,963,711",64.00,65.40,64.00,65.00,+1.20,"4,379",1303
104/01/14,"9,472,953","610,444,461",65.50,65.50,64.00,64.40,-0.60,"4,185",1303
104/01/15,"6,029,623","386,151,372",64.30,64.30,63.60,64.30,-0.10,"1,927",1303
104/01/16,"9,301,248","586,073,869",64.50,64.50,62.50,62.90,-1.40,"4,151",1303
104/01/19,"5,621,746","360,046,458",63.60,64.60,63.50,63.80,+0.90,"2,766",1303
104/01/20,"7,725,367","497,960,357",64.10,64.90,63.60,64.90,+1.10,"3,032",1303
104/01/21,"6,746,975","438,831,648",65.00,65.40,64.60,65.40,+0.50,"3,573",1303
104/01/22,"8,875,927","581,852,315",65.50,66.30,65.20,65.60,+0.20,"3,265",1303
104/01/23,"5,114,095","336,384,695",66.20,66.20,65.50,65.90,+0.30,"2,243",1303
104/01/26,"2,725,870","178,691,470",65.20,65.80,65.10,65.80,-0.10,"1,308",1303
104/01/27,"5,774,720","377,590,723",65.80,65.90,65.10,65.60,-0.20,"1,997",1303
104/01/28,"5,268,507","344,788,781",64.90,65.80,64.90,65.60, 0.00,"1,764",1303
104/01/29,"6,508,133","424,802,369",65.00,65.70,64.70,65.70,+0.10,"2,511",1303
104/01/30,"8,888,110","571,345,069",65.10,65.60,63.50,63.50,-2.20,"4,540",1303
104/02/02,"7,784,400","508,067,782",64.00,65.90,63.90,65.80,+2.30,"3,837",1303
104/02/03,"18,729,603","1,264,109,601",66.10,68.10,66.10,67.20,+1.40,"8,248",1303
104/02/04,"15,455,937","1,057,421,558",68.00,69.00,68.00,68.50,+1.30,"6,783",1303
104/02/05,"9,318,063","637,729,872",68.30,69.40,68.00,68.50, 0.00,"4,452",1303
104/02/06,"6,916,303","473,195,117",69.10,69.10,68.00,68.40,-0.10,"3,614",1303
104/02/09,"7,962,532","544,020,876",68.90,68.90,68.00,68.30,-0.10,"2,966",1303
104/02/10,"6,278,063","426,985,439",68.40,68.50,67.50,68.00,-0.30,"1,963",1303
104/02/11,"7,371,487","495,881,547",68.00,68.00,66.70,66.70,-1.30,"3,408",1303
104/02/12,"7,381,329","488,554,956",67.50,67.90,65.70,66.20,-0.50,"3,528",1303
104/02/13,"14,867,193","1,010,164,695",66.60,68.30,66.60,68.10,+1.90,"5,609",1303
104/02/24,"10,560,158","729,513,202",69.50,69.60,68.70,69.30,+1.20,"5,529",1303
104/02/25,"6,770,426","469,874,643",69.50,69.70,69.10,69.50,+0.20,"3,420",1303
104/02/26,"7,213,195","493,464,260",69.50,69.50,68.10,68.20,-1.30,"3,363",1303
104/03/02,"6,259,976","428,898,668",68.80,69.10,68.10,68.20, 0.00,"3,361",1303
104/03/03,"8,281,729","568,224,522",68.80,69.20,67.90,68.50,+0.30,"4,101",1303
104/03/04,"2,991,021","203,440,195",68.20,68.40,67.80,68.00,-0.50,"1,797",1303
104/03/05,"4,154,532","281,034,896",68.20,68.30,67.00,67.60,-0.40,"2,019",1303
104/03/06,"8,855,016","609,549,466",67.80,69.10,67.60,69.10,+1.50,"3,729",1303
104/03/09,"4,588,475","313,464,900",68.50,68.60,68.00,68.10,-1.00,"2,692",1303
104/03/10,"5,552,381","375,657,104",68.10,68.20,67.30,67.70,-0.40,"3,126",1303
104/03/11,"5,634,190","378,202,022",67.00,67.40,67.00,67.10,-0.60,"3,931",1303
104/03/12,"5,102,720","346,098,291",67.10,68.40,67.10,67.80,+0.70,"2,427",1303
104/03/13,"5,646,910","381,069,515",67.90,68.10,67.10,67.10,-0.70,"1,849",1303
104/03/16,"4,891,392","327,648,120",67.10,67.50,66.70,66.70,-0.40,"2,444",1303
104/03/17,"5,499,672","371,140,940",67.30,68.30,66.80,67.50,+0.80,"2,616",1303
104/03/18,"9,184,967","625,586,854",67.60,68.40,67.40,68.40,+0.90,"4,665",1303
104/03/19,"8,483,628","582,588,535",68.80,69.00,68.10,68.90,+0.50,"4,011",1303
104/03/20,"11,175,116","757,118,830",68.70,68.80,66.70,67.90,-1.00,"3,237",1303
104/03/23,"2,841,339","193,475,568",67.90,68.40,67.50,68.40,+0.50,"1,239",1303
104/03/24,"3,629,876","247,345,968",68.40,68.60,67.80,68.30,-0.10,"1,675",1303
104/03/25,"3,048,246","207,111,161",68.30,68.30,67.80,67.90,-0.40,"1,167",1303
104/03/26,"7,412,821","509,987,497",67.90,69.20,67.70,69.00,+1.10,"3,015",1303
104/03/27,"6,521,869","448,808,933",68.80,69.10,68.50,68.60,-0.40,"1,996",1303
104/03/30,"5,621,109","386,522,969",68.30,69.10,68.20,69.10,+0.50,"2,615",1303
104/03/31,"6,415,155","444,684,991",69.30,69.50,68.80,69.50,+0.40,"3,207",1303
104/04/01,"5,165,277","354,783,126",69.50,69.50,68.30,68.50,-1.00,"2,844",1303
104/04/02,"4,953,172","343,910,972",69.00,69.60,68.60,69.50,+1.00,"2,770",1303
104/04/07,"5,942,499","415,925,698",69.70,70.30,69.50,70.00,+0.50,"2,318",1303
104/04/08,"11,485,949","794,713,644",70.00,70.20,68.70,68.70,-1.30,"2,566",1303
104/04/09,"4,544,494","315,507,886",69.00,70.00,69.00,69.30,+0.60,"1,635",1303
104/04/10,"6,332,194","443,026,592",69.80,70.20,69.70,70.00,+0.70,"2,361",1303
104/04/13,"12,821,966","916,718,927",70.40,72.10,70.40,71.50,+1.50,"5,200",1303
104/04/14,"11,110,553","794,636,015",71.50,72.00,71.00,71.90,+0.40,"4,074",1303
104/04/15,"15,351,866","1,106,152,923",72.00,72.50,70.90,72.20,+0.30,"5,867",1303
104/04/16,"13,869,437","1,010,076,571",72.30,73.00,72.30,73.00,+0.80,"5,358",1303
104/04/17,"12,012,171","879,976,321",72.50,73.50,72.50,73.30,+0.30,"5,449",1303
104/04/20,"6,028,344","441,551,412",73.30,73.60,72.90,73.30, 0.00,"3,130",1303
104/04/21,"11,719,923","868,197,508",73.50,74.80,73.40,74.80,+1.50,"4,628",1303
104/04/22,"19,416,011","1,462,581,025",75.10,76.30,74.70,75.30,+0.50,"6,051",1303
104/04/23,"12,624,051","960,026,180",75.50,76.80,75.30,76.80,+1.50,"5,915",1303
104/04/24,"17,236,930","1,351,369,452",77.20,79.50,77.20,79.00,+2.20,"7,640",1303
104/04/27,"9,295,435","729,819,277",79.00,79.30,78.20,78.20,-0.80,"4,126",1303
104/04/28,"8,903,790","689,383,030",78.20,78.50,76.80,77.70,-0.50,"4,409",1303
104/04/29,"10,114,800","787,914,139",77.80,79.20,76.70,76.90,-0.80,"4,438",1303
104/04/30,"11,564,329","883,418,551",77.60,78.40,75.50,75.50,-1.40,"4,566",1303
104/05/04,"6,425,794","489,032,149",76.90,76.90,75.50,76.50,+1.00,"3,048",1303
104/05/05,"6,930,838","527,572,882",76.70,77.00,75.30,76.80,+0.30,"3,026",1303
104/05/06,"8,988,865","680,542,058",76.70,76.70,75.00,76.70,-0.10,"4,506",1303
104/05/07,"8,769,453","655,741,078",76.70,76.70,74.20,74.20,-2.50,"4,211",1303
104/05/08,"5,484,755","410,873,425",74.90,75.40,74.40,75.30,+1.10,"2,261",1303
104/05/11,"4,050,283","304,430,264",75.70,75.80,74.50,74.70,-0.60,"1,780",1303
104/05/12,"6,959,497","528,346,076",75.00,76.40,74.90,76.10,+1.40,"3,565",1303
104/05/13,"4,658,489","352,579,192",76.60,76.70,75.10,75.20,-0.90,"2,569",1303
104/05/14,"8,041,791","595,218,250",76.00,76.00,73.20,73.30,-1.90,"4,194",1303
104/05/15,"4,469,663","326,054,519",73.80,73.80,72.50,72.60,-0.70,"2,391",1303
104/05/18,"5,441,442","395,415,178",72.70,73.50,72.00,73.50,+0.90,"1,674",1303
104/05/19,"3,826,105","283,062,605",74.00,74.40,73.60,74.10,+0.60,"1,915",1303
104/05/20,"6,675,823","487,868,150",74.10,74.30,72.30,72.50,-1.60,"3,762",1303
104/05/21,"10,409,832","750,885,780",72.00,73.50,71.00,72.60,+0.10,"4,734",1303
104/05/22,"7,917,207","584,444,742",73.80,74.50,73.10,73.50,+0.90,"3,361",1303
104/05/25,"3,222,673","234,177,678",73.00,73.20,72.00,73.10,-0.40,"1,914",1303
104/05/26,"2,438,024","177,799,221",73.70,73.90,72.60,73.10, 0.00,"1,288",1303
104/05/27,"3,032,896","222,602,043",73.10,73.70,72.80,73.70,+0.60,"1,628",1303
104/05/28,"7,061,468","514,175,956",73.70,73.70,72.10,72.40,-1.30,"3,226",1303
104/05/29,"8,204,891","595,311,685",73.00,73.10,72.10,72.60,+0.20,"1,983",1303
104/06/01,"4,753,788","341,743,736",72.10,72.80,71.30,72.00,-0.60,"2,403",1303
104/06/02,"5,663,642","412,839,780",72.10,73.40,71.60,73.10,+1.10,"2,902",1303
104/06/03,"7,558,448","556,632,433",73.70,74.10,73.10,73.20,+0.10,"3,402",1303
104/06/04,"8,068,875","582,637,603",73.00,73.90,71.00,71.80,-1.40,"3,742",1303
104/06/05,"5,784,929","414,433,303",71.70,72.20,71.10,71.60,-0.20,"3,137",1303
104/06/08,"8,192,816","594,653,547",71.00,73.90,71.00,72.80,+1.20,"4,247",1303
104/06/09,"3,953,082","284,460,763",72.10,72.40,71.60,71.70,-1.10,"2,529",1303
104/06/10,"5,040,358","365,745,995",72.80,73.20,71.70,72.50,+0.80,"3,054",1303
104/06/11,"4,702,630","338,817,549",72.50,72.80,71.30,72.00,-0.50,"1,971",1303
104/06/12,"4,526,916","324,261,786",71.90,72.30,71.10,71.70,-0.30,"2,254",1303
104/06/15,"3,166,134","225,860,707",71.70,71.80,71.00,71.10,-0.60,"1,735",1303
104/06/16,"5,284,914","374,787,091",71.10,71.50,70.50,71.10, 0.00,"2,755",1303
104/06/17,"7,752,799","545,065,230",71.00,71.10,69.80,70.00,-1.10,"3,520",1303
104/06/18,"7,014,751","489,289,259",70.20,70.40,69.50,69.50,-0.50,"3,003",1303
104/06/22,"6,007,533","431,673,276",70.30,72.60,70.30,72.20,+2.70,"2,996",1303
104/06/23,"6,273,475","447,861,856",72.50,72.50,70.90,71.20,-1.00,"2,679",1303
104/06/24,"5,352,756","386,665,390",71.10,72.70,70.70,72.40,+1.20,"2,367",1303
104/06/25,"6,973,665","509,592,421",72.80,73.50,72.60,73.00,+0.60,"2,588",1303
104/06/26,"4,725,729","343,595,243",72.50,73.20,72.20,72.80,-0.20,"2,627",1303
104/06/29,"5,106,292","366,104,582",72.00,72.40,71.10,71.50,-1.30,"2,417",1303
104/06/30,"5,328,926","382,642,027",71.10,72.40,71.00,72.40,+0.90,"2,330",1303
104/07/01,"5,018,017","365,698,220",72.00,73.20,71.30,72.80,+0.40,"2,501",1303
104/07/02,"6,564,217","470,919,821",73.10,73.10,71.20,71.60,-1.20,"3,009",1303
104/07/03,"8,150,789","577,521,750",71.60,71.90,70.50,70.60,-1.00,"2,970",1303
104/07/06,"7,628,973","539,616,482",70.10,71.30,70.10,70.60, 0.00,"2,576",1303
104/07/07,"7,894,419","557,697,931",70.40,71.00,69.80,70.60, 0.00,"4,143",1303
104/07/08,"11,978,961","825,079,348",70.30,70.90,67.90,67.90,-2.70,"4,970",1303
104/07/09,"8,409,323","553,815,738",65.60,66.40,65.30,65.60,X0.00,"3,312",1303
104/07/13,"5,628,559","371,713,065",65.80,66.50,65.60,66.50,+0.90,"2,886",1303
104/07/14,"6,133,747","418,294,856",68.00,68.80,67.20,68.20,+1.70,"2,835",1303
104/07/15,"6,411,607","440,920,697",68.60,69.20,68.00,69.20,+1.00,"3,035",1303
104/07/16,"5,411,710","370,645,280",69.40,69.60,68.00,68.00,-1.20,"3,394",1303
104/07/17,"4,515,390","305,358,271",68.00,68.50,66.90,68.20,+0.20,"2,294",1303
104/07/20,"2,900,793","196,132,676",68.80,69.00,66.70,67.20,-1.00,"1,718",1303
104/07/21,"3,092,600","209,276,302",67.30,68.10,67.20,67.90,+0.70,"1,412",1303
104/07/22,"5,801,237","387,558,487",67.90,67.90,66.00,66.70,-1.20,"3,352",1303
104/07/23,"4,951,731","327,599,504",65.80,66.80,65.80,66.10,-0.60,"1,947",1303
104/07/24,"2,509,541","166,137,405",66.20,66.50,65.80,66.50,+0.40,"1,309",1303
104/07/27,"4,994,951","329,085,882",66.00,66.60,65.40,65.90,-0.60,"2,205",1303
104/07/28,"8,844,327","576,669,172",66.50,66.50,64.80,64.80,-1.10,"4,082",1303
104/07/29,"5,694,545","367,467,146",65.00,65.10,64.00,65.00,+0.20,"2,327",1303
104/07/30,"4,827,476","314,970,323",64.20,66.30,64.20,65.50,+0.50,"2,656",1303
104/07/31,"7,055,571","454,538,374",65.00,65.90,64.10,64.50,-1.00,"3,408",1303
104/08/03,"6,348,143","403,857,310",64.10,64.50,62.80,64.00,-0.50,"2,608",1303
104/08/04,"5,263,650","341,712,798",64.30,65.80,64.00,65.80,+1.80,"2,483",1303
104/08/05,"3,085,193","201,677,845",65.10,66.00,64.90,65.00,-0.80,"1,786",1303
104/08/06,"2,356,228","153,075,720",65.70,65.80,64.40,65.00, 0.00,"1,700",1303
104/08/07,"2,308,946","148,603,815",64.40,64.90,64.00,64.40,-0.60,"1,153",1303
104/08/10,"981,654","62,930,013",64.40,64.60,63.80,64.00,-0.40,619,1303
104/08/11,"7,841,788","490,844,956",64.40,64.60,61.10,61.80,-2.20,"3,825",1303
104/08/12,"6,340,913","391,494,908",62.00,62.50,61.10,61.80, 0.00,"3,441",1303
104/08/13,"9,522,554","586,007,109",62.10,62.60,60.50,60.50,-1.30,"4,412",1303
104/08/14,"5,918,931","358,133,494",60.50,61.10,59.90,60.80,+0.30,"3,191",1303
104/08/17,"4,193,856","256,245,027",61.00,61.30,60.80,61.00,+0.20,"2,151",1303
104/08/18,"6,265,967","376,651,901",61.30,61.30,59.70,59.70,-1.30,"3,582",1303
104/08/19,"11,078,928","665,295,880",60.00,60.40,59.80,60.00,+0.30,"5,544",1303
104/08/20,"8,330,380","493,133,741",60.20,60.20,58.70,58.80,-1.20,"4,997",1303
104/08/21,"15,086,111","845,387,005",58.20,58.40,54.40,54.60,-4.20,"7,161",1303
104/08/24,"16,432,329","862,058,544",54.00,54.80,49.85,53.10,-1.50,"6,394",1303
104/08/25,"10,041,557","543,196,968",53.70,54.90,53.20,54.20,+1.10,"4,773",1303
104/08/26,"9,768,164","533,233,866",54.20,55.80,53.30,55.40,+1.20,"3,158",1303
104/08/27,"9,524,400","532,122,551",55.90,56.40,55.40,56.40,+1.00,"3,405",1303
104/08/28,"7,361,214","424,600,076",57.10,58.30,56.70,58.10,+1.70,"3,473",1303
104/08/31,"14,326,477","824,695,938",58.10,59.30,56.10,59.30,+1.20,"5,068",1303
104/09/01,"8,901,932","510,467,201",58.00,58.10,56.80,57.00,-2.30,"4,172",1303
104/09/02,"7,704,250","436,840,090",56.80,57.70,56.00,56.70,-0.30,"4,167",1303
104/09/03,"3,193,338","182,309,588",57.10,57.40,56.40,57.40,+0.70,"1,893",1303
104/09/04,"5,060,096","288,231,772",57.00,57.40,56.70,57.00,-0.40,"1,978",1303
104/09/07,"3,686,488","209,932,616",57.00,57.30,56.80,57.00, 0.00,"1,651",1303
104/09/08,"4,009,134","226,872,301",57.00,57.10,56.20,56.80,-0.20,"1,586",1303
104/09/09,"8,813,038","516,223,714",58.20,59.00,58.00,58.80,+2.00,"4,038",1303
104/09/10,"5,956,392","346,948,436",58.80,58.90,57.80,57.80,-1.00,"2,421",1303
104/09/11,"3,100,270","180,482,961",57.30,58.70,57.20,58.70,+0.90,"1,919",1303
104/09/14,"3,685,113","214,726,823",58.60,58.70,57.60,58.70, 0.00,"2,013",1303
104/09/15,"3,105,987","181,403,292",58.70,58.90,58.20,58.50,-0.20,"1,779",1303
104/09/16,"5,076,239","296,944,416",58.30,58.90,57.80,58.90,+0.40,"2,210",1303
104/09/17,"10,187,888","615,567,964",59.00,61.20,59.00,61.20,+2.30,"4,795",1303
104/09/18,"6,401,440","390,372,440",61.00,61.20,60.30,61.10,-0.10,"1,956",1303
104/09/21,"5,654,268","334,614,555",59.70,59.80,58.80,59.00,-2.10,"3,233",1303
104/09/22,"2,818,087","168,175,170",59.60,59.80,59.40,59.80,+0.80,"1,272",1303
104/09/23,"6,573,843","382,124,960",58.70,59.00,57.70,58.20,-1.60,"3,416",1303
104/09/24,"6,868,570","392,755,390",58.30,58.60,56.70,56.70,-1.50,"3,725",1303
104/09/25,"5,647,490","320,725,820",57.00,57.50,56.20,56.70, 0.00,"2,136",1303
104/09/30,"11,101,390","621,774,176",56.70,57.50,55.50,55.60,-1.10,"4,649",1303
104/10/01,"8,994,415","508,007,495",55.60,57.10,55.50,56.30,+0.70,"4,728",1303
104/10/02,"7,055,338","403,319,188",56.70,57.60,56.30,57.40,+1.10,"3,459",1303
104/10/05,"4,644,131","270,920,818",58.20,58.60,57.60,58.60,+1.20,"2,647",1303
104/10/06,"6,348,157","376,090,282",59.00,59.50,58.70,59.50,+0.90,"3,208",1303
104/10/07,"9,019,031","546,043,291",59.50,61.30,59.10,61.30,+1.80,"4,086",1303
104/10/08,"7,123,916","438,380,336",61.40,62.00,60.90,61.50,+0.20,"3,302",1303
104/10/12,"9,446,753","595,476,562",61.90,63.90,61.80,63.50,+2.00,"4,894",1303
104/10/13,"8,367,879","531,389,241",63.50,64.20,62.50,64.20,+0.70,"4,556",1303
104/10/14,"8,980,012","572,736,389",63.80,64.40,63.20,64.00,-0.20,"2,631",1303
104/10/15,"9,434,301","616,359,265",64.40,66.00,64.30,65.30,+1.30,"4,964",1303
104/10/16,"6,041,226","392,207,727",65.20,65.20,64.70,64.90,-0.40,"3,495",1303
104/10/19,"7,650,124","504,370,711",65.40,66.20,65.40,65.90,+1.00,"3,753",1303
104/10/20,"7,692,915","507,643,597",66.00,66.40,65.60,66.00,+0.10,"3,230",1303
104/10/21,"7,702,941","512,552,773",66.50,67.20,66.10,66.60,+0.60,"3,788",1303
104/10/22,"4,208,430","276,281,821",66.30,66.60,65.30,65.40,-1.20,"2,262",1303
104/10/23,"6,671,179","442,807,917",66.60,67.00,65.90,66.40,+1.00,"3,262",1303
104/10/26,"6,013,048","401,786,075",66.60,67.80,66.40,66.70,+0.30,"2,466",1303
104/10/27,"5,286,417","350,206,388",66.90,67.00,65.80,66.50,-0.20,"2,346",1303
104/10/28,"3,628,099","239,082,989",66.50,66.50,65.50,65.90,-0.60,"2,022",1303
104/10/29,"5,849,417","378,598,013",66.40,66.40,64.10,64.80,-1.10,"2,889",1303
104/10/30,"6,224,329","405,164,117",65.10,65.70,64.40,64.70,-0.10,"3,063",1303
104/11/02,"2,937,167","189,076,318",64.20,64.70,64.10,64.30,-0.40,"1,599",1303
104/11/03,"5,307,134","348,109,326",64.70,66.20,64.70,65.50,+1.20,"3,003",1303
104/11/04,"11,745,665","784,958,838",66.00,67.50,65.60,66.60,+1.10,"5,212",1303
104/11/05,"3,671,277","241,660,897",66.50,66.60,65.50,65.50,-1.10,"1,997",1303
104/11/06,"7,869,335","504,631,455",65.10,65.30,63.50,64.10,-1.40,"3,752",1303
104/11/09,"3,655,184","232,235,726",63.50,64.40,63.20,63.30,-0.80,"1,817",1303
104/11/10,"6,015,202","374,681,555",63.00,63.00,62.00,62.00,-1.30,"3,307",1303
104/11/11,"6,248,376","384,292,074",61.40,62.30,60.80,61.40,-0.60,"2,981",1303
104/11/12,"3,482,261","214,797,319",61.40,62.10,61.30,61.70,+0.30,"1,916",1303
104/11/13,"5,639,914","344,118,564",61.30,61.70,60.60,60.60,-1.10,"2,436",1303
104/11/16,"5,478,363","329,298,703",60.50,60.60,59.50,60.00,-0.60,"2,833",1303
104/11/17,"3,911,937","239,971,643",61.00,62.10,60.90,61.10,+1.10,"2,066",1303
104/11/18,"5,288,004","320,365,029",61.50,61.80,60.10,60.10,-1.00,"3,273",1303
104/11/19,"4,343,392","264,836,755",60.60,61.70,60.20,61.70,+1.60,"2,208",1303
104/11/20,"3,099,124","188,658,977",61.50,61.50,60.50,61.10,-0.60,"2,063",1303
104/11/23,"3,217,781","197,722,126",61.90,61.90,61.00,61.80,+0.70,"2,092",1303
104/11/24,"6,127,795","371,277,622",61.60,61.80,60.10,60.20,-1.60,"3,575",1303
104/11/25,"3,964,079","238,413,486",60.30,60.60,60.00,60.30,+0.10,"2,502",1303
104/11/26,"4,348,247","266,176,974",60.70,61.80,60.50,60.90,+0.60,"2,678",1303
104/11/27,"5,361,836","321,695,760",61.00,61.20,59.60,59.80,-1.10,"3,607",1303
104/11/30,"21,892,385","1,274,207,735",58.30,58.60,57.50,58.60,-1.20,"6,556",1303
104/12/01,"9,292,193","558,983,404",59.30,61.00,58.60,61.00,+2.40,"5,864",1303
104/12/02,"5,926,359","362,171,349",61.00,61.50,60.80,61.00, 0.00,"2,736",1303
104/12/03,"4,942,111","301,369,316",59.70,61.50,59.60,60.90,-0.10,"2,748",1303
104/12/04,"6,972,135","419,453,471",60.40,60.80,59.70,59.80,-1.10,"3,281",1303
104/12/07,"5,739,815","351,817,595",60.60,61.80,60.50,60.80,+1.00,"3,062",1303
104/12/08,"6,757,581","401,719,981",60.20,60.60,58.90,59.00,-1.80,"3,466",1303
104/12/09,"9,541,435","558,444,136",58.60,59.20,58.10,58.30,-0.70,"3,668",1303
104/12/10,"10,483,870","602,203,707",57.80,58.40,56.90,58.20,-0.10,"4,246",1303
104/12/11,"13,163,428","753,726,574",57.70,58.50,56.80,56.80,-1.40,"5,700",1303
104/12/14,"4,364,897","245,750,877",56.00,56.80,55.80,56.20,-0.60,"2,601",1303
104/12/15,"7,853,180","454,338,919",58.00,58.50,57.20,57.40,+1.20,"4,691",1303
104/12/16,"7,594,237","435,897,914",57.40,57.90,57.00,57.40, 0.00,"3,907",1303
104/12/17,"5,224,039","303,719,449",58.00,58.40,57.50,58.40,+1.00,"2,647",1303
104/12/18,"5,296,419","307,519,631",57.70,58.40,57.50,58.10,-0.30,"1,421",1303
104/12/21,"2,599,713","150,276,354",57.20,58.20,57.10,58.20,+0.10,"1,307",1303
104/12/22,"3,252,130","189,636,565",58.20,58.60,58.00,58.60,+0.40,"1,630",1303
104/12/23,"2,603,472","152,314,544",58.70,58.80,58.20,58.60, 0.00,"1,382",1303
104/12/24,"5,950,711","348,531,138",59.00,59.00,58.00,58.00,-0.60,"1,748",1303
104/12/25,"2,687,982","157,812,831",58.50,58.90,58.40,58.80,+0.80,"1,263",1303
104/12/28,"3,896,733","228,780,594",59.00,59.00,58.20,58.70,-0.10,"1,832",1303
104/12/29,"2,700,581","157,975,079",58.50,58.80,58.30,58.50,-0.20,"1,267",1303
104/12/30,"4,469,929","261,998,812",58.80,59.00,58.10,59.00,+0.50,"1,325",1303
104/12/31,"10,629,108","633,370,788",58.30,61.00,57.60,61.00,+2.00,"2,833",1303
105/01/04,"9,046,092","521,789,579",59.40,59.40,57.00,57.40,-3.60,"4,472",1303
105/01/05,"9,079,808","522,255,449",57.50,58.20,57.00,57.50,+0.10,"3,786",1303
105/01/06,"6,856,580","394,953,319",57.60,58.10,57.20,57.50, 0.00,"2,738",1303
105/01/07,"7,389,944","420,872,260",57.80,58.00,56.20,57.60,+0.10,"3,173",1303
105/01/08,"6,325,515","358,876,555",56.60,57.20,56.30,56.90,-0.70,"3,018",1303
105/01/11,"7,378,420","416,677,378",56.00,57.00,55.70,56.90, 0.00,"2,945",1303
105/01/12,"8,172,195","462,879,542",56.90,57.30,56.10,57.30,+0.40,"3,484",1303
105/01/13,"9,346,235","531,897,401",57.30,57.50,56.50,57.10,-0.20,"4,270",1303
105/01/14,"14,735,661","830,580,336",56.30,56.90,56.00,56.70,-0.40,"4,104",1303
105/01/15,"12,031,091","678,280,346",56.40,56.70,56.00,56.70, 0.00,"3,884",1303
105/01/18,"9,574,098","539,290,886",55.60,57.00,55.40,56.60,-0.10,"4,976",1303
105/01/19,"4,332,570","244,626,897",56.60,56.90,56.20,56.30,-0.30,"2,726",1303
105/01/20,"8,232,836","458,817,016",56.00,56.10,55.20,55.90,-0.40,"3,673",1303
105/01/21,"5,646,429","312,334,295",56.10,56.10,54.90,54.90,-1.00,"2,897",1303
105/01/22,"4,567,002","252,363,797",55.70,55.70,54.90,55.30,+0.40,"2,345",1303
105/01/25,"5,198,965","291,431,329",55.90,56.40,55.60,56.40,+1.10,"2,500",1303
105/01/26,"3,457,491","191,928,942",55.30,55.80,55.30,55.50,-0.90,"1,707",1303
105/01/27,"3,018,853","167,859,935",55.80,55.90,55.40,55.50, 0.00,"1,557",1303
105/01/28,"4,370,416","245,703,696",55.60,56.60,55.50,56.20,+0.70,"1,884",1303
105/01/29,"8,323,128","476,562,750",56.00,57.80,56.00,57.80,+1.60,"3,850",1303
105/01/30,"2,426,117","140,876,201",58.30,58.30,57.80,58.30,+0.50,"1,170",1303
105/02/01,"5,805,981","340,601,467",58.00,59.00,57.80,59.00,+0.70,"3,197",1303
105/02/02,"6,596,642","391,590,025",58.30,59.80,58.30,59.40,+0.40,"3,815",1303
105/02/03,"6,549,692","384,205,084",58.10,59.30,58.00,58.80,-0.60,"3,010",1303
105/02/15,"7,244,082","427,060,129",58.50,59.70,58.00,59.30,+0.50,"3,568",1303
105/02/16,"13,472,957","809,137,787",59.00,60.50,58.90,60.00,+0.70,"3,481",1303
105/02/17,"4,842,896","291,961,631",60.30,60.60,59.60,60.30,+0.30,"3,138",1303
105/02/18,"8,123,804","497,432,489",60.70,61.50,60.40,61.50,+1.20,"3,998",1303
105/02/19,"5,828,650","360,532,909",61.00,62.20,60.70,62.20,+0.70,"3,400",1303
105/02/22,"3,993,445","248,307,653",62.20,62.90,61.60,61.90,-0.30,"1,634",1303
105/02/23,"4,343,586","267,014,095",62.30,62.40,61.10,61.30,-0.60,"1,828",1303
105/02/24,"5,025,387","313,628,519",61.90,62.90,61.80,62.40,+1.10,"2,821",1303
105/02/25,"8,364,024","522,845,588",62.40,63.00,61.80,62.00,-0.40,"3,009",1303
105/02/26,"11,901,956","752,990,501",62.70,63.80,62.40,63.80,+1.80,"3,968",1303
105/03/01,"9,229,363","591,147,151",62.30,64.90,62.30,64.80,+1.00,"5,060",1303
105/03/02,"4,496,648","291,648,442",65.10,65.40,64.40,64.60,-0.20,"2,259",1303
105/03/03,"9,502,927","620,269,975",64.50,65.90,64.40,65.90,+1.30,"4,688",1303
105/03/04,"6,273,357","413,392,332",65.80,66.30,65.20,66.00,+0.10,"2,958",1303
105/03/07,"7,995,254","531,663,498",66.00,67.00,66.00,67.00,+1.00,"4,856",1303
105/03/08,"7,655,057","512,047,991",67.00,67.20,66.10,67.20,+0.20,"4,941",1303
105/03/09,"7,283,777","481,543,741",66.90,66.90,65.70,66.50,-0.70,"2,681",1303
105/03/10,"6,264,952","412,722,627",66.00,66.50,65.40,65.80,-0.70,"3,410",1303
105/03/11,"6,266,835","412,947,229",65.80,66.80,65.30,65.80, 0.00,"3,579",1303
105/03/14,"5,861,124","384,072,672",66.30,66.30,65.10,65.60,-0.20,"3,712",1303
105/03/15,"5,759,379","374,514,728",65.60,65.80,64.40,64.80,-0.80,"2,594",1303
105/03/16,"6,054,235","394,990,348",64.80,65.70,64.80,65.70,+0.90,"2,727",1303
105/03/17,"7,962,084","522,970,556",66.20,66.80,64.70,65.50,-0.20,"4,658",1303
105/03/18,"14,707,009","982,600,667",65.80,67.10,65.60,67.10,+1.60,"5,357",1303
105/03/21,"6,281,795","421,769,810",67.80,68.00,66.50,67.30,+0.20,"3,324",1303
105/03/22,"5,675,683","378,560,065",67.50,67.50,66.20,67.00,-0.30,"2,859",1303
105/03/23,"3,814,074","254,738,228",67.00,67.30,66.30,66.90,-0.10,"1,802",1303
105/03/24,"4,897,635","328,411,051",66.70,67.50,66.30,67.50,+0.60,"2,640",1303
105/03/25,"2,188,551","146,324,071",67.80,67.90,66.60,66.70,-0.80,"1,220",1303
105/03/28,"3,119,438","209,220,445",67.00,67.50,66.30,67.00,+0.30,"1,273",1303
105/03/29,"3,613,496","239,901,027",66.20,66.80,66.10,66.50,-0.50,"1,799",1303
105/03/30,"8,582,215","579,874,839",66.90,67.80,66.90,67.60,+1.10,"3,636",1303
105/03/31,"9,463,200","639,372,240",68.00,68.00,66.80,67.60, 0.00,"3,611",1303
105/04/01,"5,568,639","372,053,438",66.70,67.20,66.50,66.90,-0.70,"2,603",1303
105/04/06,"8,510,806","557,727,217",66.00,66.20,65.10,66.00,-0.90,"4,353",1303
105/04/07,"8,596,112","559,390,640",65.50,65.90,64.60,64.80,-1.20,"3,571",1303
105/04/08,"5,855,497","381,640,439",64.50,65.80,64.40,65.60,+0.80,"2,865",1303
105/04/11,"2,954,942","192,362,907",64.80,65.50,64.50,65.50,-0.10,"1,541",1303
105/04/12,"3,281,946","214,433,890",65.50,66.20,64.70,65.30,-0.20,"2,021",1303
105/04/13,"6,618,192","434,744,168",65.30,66.40,65.10,65.30, 0.00,"2,962",1303
105/04/14,"7,136,813","466,126,845",65.90,66.30,64.80,65.10,-0.20,"2,876",1303
105/04/15,"7,271,623","479,447,918",65.20,66.30,65.20,66.30,+1.20,"2,777",1303
105/04/18,"5,682,498","377,005,868",66.30,66.80,66.10,66.30, 0.00,"2,402",1303
105/04/19,"5,577,281","369,116,775",66.60,66.60,65.90,66.00,-0.30,"2,382",1303
105/04/20,"9,712,397","633,441,395",66.50,66.60,64.50,64.50,-1.50,"5,488",1303
105/04/21,"5,892,338","377,433,432",64.50,64.70,63.80,64.00,-0.50,"2,922",1303
105/04/22,"7,909,255","509,283,161",64.00,65.00,64.00,65.00,+1.00,"3,643",1303
105/04/25,"4,631,599","299,769,257",64.90,65.40,64.30,64.50,-0.50,"2,435",1303
105/04/26,"6,054,716","389,870,921",64.90,65.20,64.00,64.30,-0.20,"3,813",1303
105/04/27,"8,032,446","521,425,937",64.70,65.20,64.50,65.00,+0.70,"3,586",1303
105/04/28,"8,239,438","529,578,032",65.40,65.40,63.80,64.00,-1.00,"3,395",1303
105/04/29,"5,977,455","378,992,341",63.50,64.00,63.10,63.20,-0.80,"2,389",1303
105/05/03,"3,975,421","250,008,379",63.80,64.00,62.50,62.70,-0.50,"1,633",1303
105/05/04,"8,063,666","495,724,261",62.40,62.50,60.20,60.60,-2.10,"3,170",1303
105/05/05,"8,684,399","525,442,365",61.20,61.30,59.90,60.50,-0.10,"4,039",1303
105/05/06,"9,239,559","554,753,898",60.00,60.60,59.60,60.20,-0.30,"3,334",1303
105/05/09,"7,177,367","440,778,917",60.60,62.10,60.20,61.50,+1.30,"3,300",1303
105/05/10,"6,802,191","418,422,396",61.10,62.20,60.60,61.90,+0.40,"2,656",1303
105/05/11,"6,246,836","383,403,315",62.40,62.40,60.50,61.70,-0.20,"2,922",1303
105/05/12,"2,916,397","179,165,745",60.60,61.80,60.60,61.40,-0.30,"1,718",1303
105/05/13,"9,343,310","559,830,000",60.70,61.00,59.50,59.50,-1.90,"4,708",1303
105/05/16,"4,459,347","266,218,949",59.50,60.00,59.40,59.70,+0.20,"2,415",1303
105/05/17,"6,163,305","364,870,669",59.70,60.00,58.60,59.40,-0.30,"3,166",1303
105/05/18,"6,116,645","362,128,798",59.00,59.50,58.60,59.30,-0.10,"3,047",1303
105/05/19,"7,211,860","425,490,064",59.10,59.50,58.70,59.40,+0.10,"3,375",1303
105/05/20,"6,070,618","360,385,326",59.40,59.70,59.20,59.20,-0.20,"2,535",1303
105/05/23,"5,239,557","315,771,889",59.00,61.20,58.60,60.80,+1.60,"2,151",1303
105/05/24,"3,800,158","229,672,438",60.90,61.10,60.20,60.30,-0.50,"1,995",1303
105/05/25,"4,661,270","284,005,194",61.00,61.30,60.30,61.10,+0.80,"2,751",1303
105/05/26,"2,481,238","151,011,735",60.80,61.10,60.70,60.70,-0.40,"1,575",1303
105/05/27,"4,009,328","244,264,127",61.00,61.80,60.70,60.80,+0.10,"2,056",1303
105/05/30,"4,169,229","256,823,189",61.00,62.20,60.80,61.90,+1.10,"2,385",1303
105/05/31,"13,361,755","827,431,560",61.10,62.20,61.10,62.20,+0.30,"3,080",1303
105/06/01,"6,545,527","405,428,974",61.50,62.20,61.40,62.00,-0.20,"3,720",1303
105/06/02,"6,490,506","401,098,607",62.00,62.20,61.40,61.70,-0.30,"3,443",1303
105/06/03,"5,241,085","325,649,862",62.00,62.40,61.70,62.40,+0.70,"2,609",1303
105/06/04,"1,799,056","112,440,281",62.40,62.60,62.30,62.50,+0.10,618,1303
105/06/06,"4,491,676","277,892,428",62.50,63.00,61.10,61.70,-0.80,"2,265",1303
105/06/07,"6,838,141","428,102,300",62.30,62.80,62.00,62.80,+1.10,"2,846",1303
105/06/08,"9,395,019","589,690,966",63.00,63.50,62.00,62.40,-0.40,"4,841",1303
105/06/13,"11,851,531","713,880,960",62.40,62.50,59.60,60.00,-2.40,"6,137",1303
105/06/14,"8,135,287","488,207,995",60.00,60.60,59.70,60.10,+0.10,"3,536",1303
105/06/15,"5,218,988","314,356,455",60.30,60.60,59.80,60.30,+0.20,"2,108",1303
105/06/16,"7,853,675","465,049,410",60.30,60.30,58.70,59.20,-1.10,"3,569",1303
105/06/17,"7,756,710","463,807,866",59.80,60.30,59.50,59.70,+0.50,"2,829",1303
105/06/20,"4,252,295","255,979,112",60.60,60.60,59.90,60.40,+0.70,"1,864",1303
105/06/21,"4,229,390","255,694,186",60.30,60.70,60.00,60.70,+0.30,"1,809",1303
105/06/22,"4,840,029","293,804,242",60.40,60.90,60.30,60.80,+0.10,"1,481",1303
105/06/23,"2,525,718","152,746,552",60.60,60.70,60.30,60.40,-0.40,"1,205",1303
105/06/24,"9,443,118","565,139,928",60.60,60.90,59.10,60.00,-0.40,"3,958",1303
105/06/27,"3,710,209","222,599,948",59.90,60.20,59.60,60.10,+0.10,"1,060",1303
105/06/28,"3,644,752","218,505,820",60.00,60.20,59.60,60.00,-0.10,"2,354",1303
105/06/29,"3,677,673","223,153,553",60.30,61.00,60.20,61.00,+1.00,"2,113",1303
105/06/30,"9,292,270","565,367,468",61.10,61.20,60.50,61.00, 0.00,"3,620",1303
105/07/01,"8,747,711","534,417,270",61.00,61.60,60.60,61.10,+0.10,"3,951",1303
105/07/04,"5,355,252","329,354,393",61.30,61.80,61.10,61.50,+0.40,"2,550",1303
105/07/05,"2,900,870","177,841,026",61.00,61.50,60.90,61.50, 0.00,"1,899",1303
105/07/06,"6,562,337","396,080,708",61.20,61.30,60.10,60.10,-1.40,"4,048",1303
105/07/07,"4,452,684","270,548,003",60.60,61.00,60.30,60.90,+0.80,"1,893",1303
105/07/11,"7,859,555","482,831,981",61.50,61.80,61.10,61.10,+0.20,"3,373",1303
105/07/12,"9,586,213","592,979,206",61.10,62.30,61.10,62.30,+1.20,"4,728",1303
105/07/13,"5,697,526","355,884,996",62.80,62.80,62.20,62.50,+0.20,"3,069",1303
105/07/14,"7,453,798","468,796,675",62.50,63.10,62.30,63.00,+0.50,"3,876",1303
105/07/15,"11,741,993","745,959,016",62.40,64.00,62.40,64.00,+1.00,"5,198",1303
105/07/18,"17,545,119","1,133,884,143",64.30,64.80,64.20,64.70,+0.70,"6,540",1303
105/07/19,"15,159,812","939,371,980",61.90,62.50,61.40,62.50,X0.00,"6,083",1303
105/07/20,"8,207,234","508,286,046",62.00,62.30,61.60,62.10,-0.40,"4,260",1303
105/07/21,"7,672,809","477,946,858",62.20,62.50,61.90,62.30,+0.20,"4,131",1303
105/07/22,"7,209,179","446,973,447",62.00,62.30,61.70,62.10,-0.20,"3,762",1303
105/07/25,"6,099,300","378,427,121",62.10,62.90,61.50,62.10, 0.00,"2,685",1303
105/07/26,"4,545,982","281,159,670",62.00,62.10,61.60,62.00,-0.10,"2,279",1303
105/07/27,"6,336,998","389,386,256",61.70,62.00,61.10,61.60,-0.40,"3,380",1303
105/07/28,"6,492,531","396,691,109",61.10,61.60,60.80,61.30,-0.30,"3,694",1303
105/07/29,"5,539,207","335,928,448",61.00,61.30,60.40,60.40,-0.90,"3,301",1303
105/08/01,"5,973,025","367,103,226",60.70,61.70,60.60,61.60,+1.20,"3,458",1303
105/08/02,"3,523,548","216,330,637",61.30,61.70,61.20,61.70,+0.10,"2,033",1303
105/08/03,"6,291,462","381,841,781",60.50,61.40,60.40,60.50,-1.20,"3,712",1303
105/08/04,"4,425,644","268,437,248",61.00,61.00,60.30,60.80,+0.30,"2,914",1303
105/08/05,"5,326,884","326,677,467",61.00,61.60,60.80,61.60,+0.80,"3,535",1303
105/08/08,"3,459,184","212,825,353",61.80,61.90,61.10,61.80,+0.20,"2,019",1303
105/08/09,"4,677,946","288,926,966",61.10,61.90,61.10,61.80, 0.00,"2,929",1303
105/08/10,"5,157,219","320,278,978",61.70,62.40,61.40,62.40,+0.60,"2,773",1303
105/08/11,"4,695,148","292,427,276",62.10,62.60,61.50,62.50,+0.10,"2,427",1303
105/08/12,"4,448,831","278,058,763",62.50,62.60,62.30,62.60,+0.10,"2,589",1303
105/08/15,"3,231,619","202,454,973",62.60,62.80,62.40,62.80,+0.20,"2,073",1303
105/08/16,"4,128,330","256,252,240",62.50,62.80,61.60,62.00,-0.80,"1,814",1303
105/08/17,"3,560,590","219,522,879",62.00,62.10,61.20,61.80,-0.20,"2,368",1303
105/08/18,"2,914,750","179,311,411",61.80,61.90,61.30,61.60,-0.20,"1,810",1303
105/08/19,"5,122,989","312,536,197",61.50,61.80,60.70,60.80,-0.80,"2,451",1303
105/08/22,"3,516,674","212,839,395",60.50,60.80,60.10,60.80, 0.00,"1,719",1303
105/08/23,"2,201,939","134,078,561",60.80,61.20,60.60,61.10,+0.30,"1,624",1303
105/08/24,"1,384,484","84,404,508",61.10,61.20,60.80,60.80,-0.30,976,1303
105/08/25,"3,056,256","187,996,595",60.80,61.70,60.80,61.70,+0.90,"1,622",1303
105/08/26,"1,779,212","109,907,555",61.80,61.90,61.20,61.90,+0.20,"1,042",1303
105/08/29,"2,585,970","158,252,444",61.80,61.80,60.70,61.60,-0.30,"1,438",1303
105/08/30,"2,250,951","138,575,167",61.80,61.90,61.30,61.40,-0.20,"1,053",1303
105/08/31,"6,422,114","389,860,296",60.90,61.40,60.50,60.60,-0.80,"1,667",1303
105/09/01,"6,078,095","365,495,791",60.40,60.50,60.00,60.10,-0.50,"3,495",1303
105/09/02,"2,081,109","125,622,348",60.00,60.70,60.00,60.30,+0.20,"1,264",1303
105/09/05,"1,977,887","120,726,196",60.50,61.30,60.50,61.20,+0.90,"1,125",1303
105/09/06,"4,479,794","275,761,612",61.30,61.80,61.00,61.80,+0.60,"2,353",1303
105/09/07,"6,462,356","402,475,272",62.00,62.50,61.90,62.40,+0.60,"3,411",1303
105/09/08,"3,398,556","210,869,940",62.30,62.30,61.60,62.10,-0.30,"1,755",1303
105/09/09,"4,270,854","260,787,685",61.50,61.60,60.90,60.90,-1.20,"2,360",1303
105/09/10,"1,642,090","99,660,965",60.40,61.00,60.40,60.90, 0.00,872,1303
105/09/12,"6,872,718","414,108,581",60.40,60.50,60.10,60.20,-0.70,"3,056",1303
105/09/13,"8,253,245","496,611,938",60.30,60.50,59.80,60.00,-0.20,"3,618",1303
105/09/14,"9,558,178","569,715,430",60.00,60.20,59.40,59.40,-0.60,"3,710",1303
105/09/19,"8,296,340","502,521,059",60.30,60.80,60.10,60.60,+1.20,"2,915",1303
105/09/20,"4,741,466","287,794,229",60.40,61.00,60.20,60.70,+0.10,"2,215",1303
105/09/21,"4,440,149","269,744,060",60.90,61.00,60.30,61.00,+0.30,"2,941",1303
105/09/22,"4,413,289","269,953,175",61.20,61.40,60.70,61.40,+0.40,"2,788",1303
105/09/23,"9,425,626","583,025,115",61.40,62.20,61.20,62.20,+0.80,"4,170",1303
105/09/26,"3,290,274","204,019,144",61.70,62.20,61.30,62.20, 0.00,"2,013",1303
105/09/29,"8,886,022","555,144,942",62.30,62.70,61.70,62.50,+0.30,"4,084",1303
105/09/30,"6,764,594","418,763,170",61.80,62.30,61.60,62.00,-0.50,"2,566",1303
105/10/03,"2,791,373","172,308,075",62.00,62.00,61.50,61.50,-0.50,"1,802",1303
105/10/04,"5,592,281","348,932,355",62.00,62.60,61.50,62.60,+1.10,"2,917",1303
105/10/05,"1,549,655","96,342,156",61.70,62.40,61.70,62.40,-0.20,897,1303
105/10/06,"2,706,423","169,118,526",62.40,62.60,62.10,62.60,+0.20,"1,665",1303
105/10/07,"5,003,602","314,440,957",62.50,63.00,62.30,63.00,+0.40,"2,287",1303
105/10/11,"7,971,485","501,496,245",62.70,63.10,62.40,63.00, 0.00,"3,559",1303
105/10/12,"6,269,757","394,576,685",63.00,63.30,62.30,63.20,+0.20,"2,482",1303
105/10/13,"6,872,156","432,067,377",63.20,63.30,62.50,63.10,-0.10,"3,422",1303
105/10/14,"4,254,536","268,154,589",62.50,63.20,62.50,63.10, 0.00,"2,064",1303
105/10/17,"4,918,308","307,514,938",62.70,63.10,61.80,62.80,-0.30,"2,688",1303
105/10/18,"4,851,976","306,767,252",62.80,63.60,62.40,63.60,+0.80,"2,352",1303
105/10/19,"9,324,921","596,340,464",63.60,64.20,63.20,63.90,+0.30,"4,658",1303
105/10/20,"13,400,413","869,632,935",63.90,65.20,63.90,65.00,+1.10,"7,662",1303
105/10/21,"16,397,930","1,061,720,763",64.80,66.00,64.00,64.60,-0.40,"4,047",1303
105/10/24,"4,465,403","288,168,908",64.70,64.90,64.30,64.50,-0.10,"2,269",1303
105/10/25,"3,276,588","212,413,653",64.40,65.00,64.30,64.90,+0.40,"2,200",1303
105/10/26,"5,695,110","371,560,050",64.50,65.50,64.50,65.30,+0.40,"2,548",1303
105/10/27,"5,597,399","363,437,435",65.30,65.50,64.10,65.30, 0.00,"2,551",1303
105/10/28,"5,106,035","333,691,853",64.70,65.50,64.70,65.50,+0.20,"2,169",1303
105/10/31,"5,905,445","383,172,678",64.40,65.70,63.20,65.70,+0.20,"2,659",1303
105/11/01,"3,146,115","204,318,535",64.70,65.30,64.40,64.90,-0.80,"1,429",1303
105/11/02,"2,894,835","186,480,896",64.10,64.70,64.10,64.50,-0.40,"1,514",1303
105/11/03,"3,229,174","207,318,187",64.20,64.60,64.00,64.00,-0.50,"1,445",1303
105/11/04,"3,568,574","229,252,774",63.50,64.70,63.50,64.50,+0.50,"1,949",1303
105/11/07,"2,827,195","183,166,576",64.10,65.00,64.10,64.80,+0.30,"1,444",1303
105/11/08,"6,652,171","433,777,025",65.00,65.50,64.80,65.50,+0.70,"3,426",1303
105/11/09,"10,485,258","680,098,122",66.30,67.00,63.50,64.40,-1.10,"5,053",1303
105/11/10,"8,661,327","572,127,952",65.50,66.50,65.40,66.00,+1.60,"5,009",1303
105/11/11,"9,445,726","613,315,716",64.50,65.60,64.50,64.70,-1.30,"5,185",1303
105/11/14,"8,006,270","512,337,110",64.30,64.60,63.60,64.00,-0.70,"3,838",1303
105/11/15,"4,409,887","284,244,031",64.00,64.80,63.90,64.50,+0.50,"2,069",1303
105/11/16,"4,469,193","290,916,706",65.00,65.30,64.80,65.20,+0.70,"2,547",1303
105/11/17,"5,485,172","358,655,857",65.20,66.00,64.10,65.90,+0.70,"2,693",1303
105/11/18,"4,833,676","314,759,986",65.10,65.50,64.70,65.40,-0.50,"2,697",1303
105/11/21,"2,250,779","146,305,237",64.80,65.40,64.50,65.10,-0.30,"1,357",1303
105/11/22,"5,061,226","333,366,137",65.20,66.10,64.80,66.10,+1.00,"2,345",1303
105/11/23,"3,211,572","212,872,176",66.50,66.50,65.70,66.50,+0.40,"1,805",1303
105/11/24,"2,961,653","196,413,610",66.50,66.50,66.00,66.50, 0.00,"1,634",1303
105/11/25,"2,453,803","163,124,556",66.40,66.70,66.10,66.30,-0.20,"1,233",1303
105/11/28,"5,011,856","335,253,159",66.50,67.00,66.20,67.00,+0.70,"2,655",1303
105/11/29,"3,779,897","252,678,435",67.40,67.40,66.30,66.70,-0.30,"2,017",1303
105/11/30,"8,855,198","592,953,003",67.20,67.30,66.50,67.10,+0.40,"3,670",1303
105/12/01,"13,111,333","884,696,887",67.30,69.20,67.30,68.50,+1.40,"5,610",1303
105/12/02,"6,066,440","415,826,923",69.10,69.10,67.40,68.80,+0.30,"3,172",1303
105/12/05,"6,204,819","425,003,384",69.00,69.40,68.00,68.10,-0.70,"2,598",1303
105/12/06,"9,543,017","658,680,032",68.50,69.30,68.50,69.10,+1.00,"5,275",1303
105/12/07,"5,368,060","370,915,199",69.70,69.80,68.80,69.10, 0.00,"2,636",1303
105/12/08,"13,574,793","953,316,011",69.50,70.70,69.40,70.60,+1.50,"5,560",1303
105/12/09,"8,707,753","622,061,715",70.70,71.80,70.50,71.70,+1.10,"3,939",1303
105/12/12,"16,763,184","1,223,175,609",72.50,74.50,72.10,72.50,+0.80,"6,586",1303
105/12/13,"12,817,745","925,199,315",71.60,72.50,71.40,72.40,-0.10,"3,411",1303
105/12/14,"10,036,331","722,721,740",72.10,72.20,71.70,71.80,-0.60,"2,780",1303
105/12/15,"15,617,616","1,100,785,562",71.20,71.30,69.90,69.90,-1.90,"4,917",1303
105/12/16,"16,428,987","1,175,354,044",70.50,72.10,70.40,71.90,+2.00,"4,912",1303
105/12/19,"9,093,313","657,780,436",71.90,72.70,71.30,72.50,+0.60,"3,122",1303
105/12/20,"6,301,278","456,905,020",72.50,72.70,72.30,72.50, 0.00,"2,304",1303
105/12/21,"5,150,622","375,001,506",72.60,73.00,72.50,72.70,+0.20,"1,930",1303
105/12/22,"5,551,879","397,012,471",72.70,72.70,71.20,71.20,-1.50,"2,551",1303
105/12/23,"8,822,035","622,390,436",70.50,71.20,70.20,70.40,-0.80,"3,549",1303
105/12/26,"3,864,179","273,538,020",70.90,71.30,70.60,70.60,+0.20,"1,330",1303
105/12/27,"3,616,755","254,151,950",71.00,71.00,70.10,70.10,-0.50,"1,633",1303
105/12/28,"5,587,111","397,332,630",70.00,72.00,70.00,71.00,+0.90,"2,340",1303
105/12/29,"6,798,731","482,576,139",70.80,71.40,70.70,71.00, 0.00,"2,062",1303
105/12/30,"5,557,341","397,336,811",71.90,71.90,71.20,71.20,+0.20,"2,077",1303
106/01/03,"4,513,029","321,323,934",71.60,71.60,70.80,71.20, 0.00,"1,562",1303
106/01/04,"7,402,578","527,746,658",71.50,71.80,70.70,71.70,+0.50,"2,923",1303
106/01/05,"14,448,119","1,054,405,687",71.70,73.60,71.60,73.40,+1.70,"5,899",1303
106/01/06,"8,533,122","626,850,591",73.30,73.60,73.10,73.40, 0.00,"3,100",1303
106/01/09,"8,876,775","655,782,837",73.50,74.50,73.50,73.80,+0.40,"3,190",1303
106/01/10,"9,636,403","710,749,234",74.30,74.40,72.90,73.10,-0.70,"3,274",1303
106/01/11,"5,733,170","416,417,195",73.30,73.40,72.20,72.40,-0.70,"2,605",1303
106/01/12,"11,680,502","858,996,318",72.90,74.00,72.80,73.40,+1.00,"6,204",1303
106/01/13,"9,469,634","692,102,082",73.50,74.10,72.90,73.40, 0.00,"3,599",1303
106/01/16,"4,296,850","312,693,214",73.10,73.40,72.40,72.70,-0.70,"2,111",1303
106/01/17,"5,105,226","372,482,912",72.70,73.30,72.60,73.00,+0.30,"1,748",1303
106/01/18,"9,670,215","704,779,690",72.50,73.60,72.20,73.60,+0.60,"3,382",1303
106/01/19,"5,968,874","433,923,655",73.10,73.30,72.20,72.40,-1.20,"2,727",1303
106/01/20,"6,321,876","459,752,310",72.30,73.60,72.30,72.40, 0.00,"2,910",1303
106/01/23,"8,891,273","654,323,458",72.90,74.00,72.90,73.50,+1.10,"3,693",1303
106/01/24,"5,897,597","433,570,838",73.70,73.90,73.20,73.50, 0.00,"2,566",1303
106/02/02,"24,003,370","1,789,816,085",74.00,75.30,73.80,74.40,+0.90,"8,826",1303
106/02/03,"8,763,115","652,619,101",74.60,74.90,74.10,74.50,+0.10,"4,698",1303
106/02/06,"8,046,619","599,477,741",74.20,74.70,73.90,74.40,-0.10,"3,300",1303
106/02/07,"10,525,305","790,179,982",74.00,75.30,74.00,75.10,+0.70,"4,253",1303
106/02/08,"11,816,850","887,311,350",74.70,75.50,74.70,75.20,+0.10,"4,238",1303
106/02/09,"7,719,792","581,852,881",75.10,75.50,75.00,75.30,+0.10,"2,959",1303
106/02/10,"16,010,450","1,223,542,865",75.50,77.20,75.40,77.20,+1.90,"5,705",1303
106/02/13,"8,984,139","699,169,230",77.10,78.10,77.10,78.10,+0.90,"3,421",1303
106/02/14,"9,661,413","751,310,781",78.10,78.20,77.30,77.80,-0.30,"3,558",1303
106/02/15,"14,321,113","1,121,552,803",77.80,79.20,77.50,79.00,+1.20,"5,063",1303
106/02/16,"9,130,929","713,919,375",79.10,80.20,77.20,77.40,-1.60,"5,368",1303
106/02/17,"7,355,712","566,821,847",77.40,77.40,76.70,77.00,-0.40,"2,412",1303
106/02/18,"2,222,289","170,798,712",77.20,77.20,76.60,76.70,-0.30,668,1303
106/02/20,"7,900,368","596,415,055",76.60,76.90,75.00,75.30,-1.40,"3,508",1303
106/02/21,"12,208,707","907,178,652",74.90,75.70,73.90,74.70,-0.60,"4,252",1303
106/02/22,"5,278,635","393,710,590",75.20,75.20,74.20,74.30,-0.40,"2,823",1303
106/02/23,"7,590,584","565,099,019",74.00,74.80,74.00,74.70,+0.40,"2,983",1303
106/02/24,"5,018,279","374,452,138",74.70,75.00,74.00,74.60,-0.10,"2,161",1303
106/03/01,"10,129,576","741,488,496",74.40,74.40,72.50,72.50,-2.10,"4,921",1303
106/03/02,"15,044,182","1,078,088,754",73.10,73.70,70.60,72.00,-0.50,"6,225",1303
106/03/03,"10,731,020","762,356,896",71.90,72.00,70.70,70.90,-1.10,"5,294",1303
106/03/06,"7,900,158","562,194,538",70.60,71.70,70.60,71.10,+0.20,"3,542",1303
106/03/07,"4,561,378","328,702,061",71.40,72.40,71.40,72.40,+1.30,"2,490",1303
106/03/08,"6,924,965","496,835,465",72.50,72.60,71.40,71.80,-0.60,"4,408",1303
106/03/09,"12,728,514","896,504,901",71.70,71.70,70.20,70.20,-1.60,"6,745",1303
106/03/10,"10,099,820","702,613,200",71.00,71.00,69.20,69.60,-0.60,"5,784",1303
106/03/13,"5,578,531","388,467,137",70.20,70.40,69.40,69.60, 0.00,"3,264",1303
106/03/14,"7,634,238","532,606,359",70.20,70.40,69.40,69.70,+0.10,"3,900",1303
106/03/15,"4,614,398","321,435,998",69.90,70.20,69.30,69.90,+0.20,"2,488",1303
106/03/16,"9,993,468","713,634,485",70.50,71.90,70.30,71.90,+2.00,"5,227",1303
106/03/17,"11,862,398","847,318,433",72.00,72.20,71.10,71.50,-0.40,"3,746",1303
106/03/20,"3,875,612","276,703,543",71.10,71.80,71.00,71.80,+0.30,"1,990",1303
106/03/21,"6,872,931","494,329,624",71.70,72.20,71.50,72.00,+0.20,"3,312",1303
106/03/22,"5,015,741","357,520,810",71.50,71.60,70.80,71.60,-0.40,"2,463",1303
106/03/23,"2,467,682","176,067,467",71.90,71.90,71.10,71.40,-0.20,"1,087",1303
106/03/24,"3,968,666","283,858,898",71.70,71.80,71.30,71.50,+0.10,"2,200",1303
106/03/27,"7,360,136","531,782,692",72.50,72.50,72.10,72.30,+0.80,"4,004",1303
106/03/28,"8,523,567","616,793,227",72.50,72.60,72.00,72.60,+0.30,"3,539",1303
106/03/29,"5,310,557","384,907,744",72.70,72.80,72.20,72.60, 0.00,"2,433",1303
106/03/30,"6,301,575","456,675,862",72.70,72.80,72.30,72.50,-0.10,"2,857",1303
106/03/31,"6,238,534","450,178,363",72.50,72.60,71.90,71.90,-0.60,"2,637",1303
106/04/05,"10,983,479","788,858,188",71.80,72.10,71.50,72.00,+0.10,"5,192",1303
106/04/06,"6,139,208","440,386,910",72.10,72.20,71.60,71.80,-0.20,"3,354",1303
106/04/07,"6,826,585","486,412,715",71.50,71.70,71.00,71.50,-0.30,"2,910",1303
106/04/10,"6,345,130","452,615,188",71.30,71.70,71.10,71.70,+0.20,"2,672",1303
106/04/11,"5,837,987","420,671,941",72.10,72.70,71.70,72.00,+0.30,"3,088",1303
106/04/12,"4,788,846","342,565,577",71.90,72.00,71.40,71.50,-0.50,"2,276",1303
106/04/13,"5,554,367","401,228,834",71.90,72.50,71.50,72.40,+0.90,"3,024",1303
106/04/14,"3,631,120","262,024,609",72.10,72.50,71.70,72.00,-0.40,"1,985",1303
106/04/17,"2,890,085","208,294,620",71.70,72.20,71.70,72.20,+0.20,"1,623",1303
106/04/18,"4,154,183","300,505,776",72.30,72.60,72.10,72.20, 0.00,"2,340",1303
106/04/19,"7,879,786","562,032,856",71.40,71.90,71.10,71.10,-1.10,"4,243",1303
106/04/20,"6,972,470","494,797,757",71.00,71.80,70.70,71.20,+0.10,"3,492",1303
106/04/21,"2,741,248","195,864,166",71.00,71.80,71.00,71.50,+0.30,"1,256",1303
106/04/24,"9,451,463","675,696,696",71.90,72.10,71.30,71.50, 0.00,"1,601",1303
106/04/25,"6,793,194","487,084,730",71.90,72.00,71.30,72.00,+0.50,"3,689",1303
106/04/26,"12,865,236","933,812,356",72.50,73.10,72.00,73.10,+1.10,"4,782",1303
106/04/27,"5,497,326","398,388,685",73.00,73.20,72.00,72.50,-0.60,"2,653",1303
106/04/28,"8,483,215","615,879,580",72.50,73.20,72.00,72.70,+0.20,"3,570",1303
106/05/02,"19,908,315","1,451,581,511",73.10,73.50,72.80,72.80,+0.10,"3,464",1303
106/05/03,"3,109,551","225,953,337",73.00,73.00,72.50,72.80, 0.00,"1,484",1303
106/05/04,"5,016,695","362,572,140",72.90,72.90,71.90,72.30,-0.50,"2,620",1303
106/05/05,"10,857,476","771,813,396",72.10,72.10,70.80,71.00,-1.30,"4,943",1303
106/05/08,"4,829,504","342,625,484",71.30,71.50,70.60,71.00, 0.00,"1,875",1303
106/05/09,"8,546,452","600,714,105",70.80,71.00,69.90,70.40,-0.60,"4,129",1303
106/05/10,"7,056,157","494,512,080",70.50,70.70,69.90,70.10,-0.30,"2,993",1303
106/05/11,"6,608,167","463,670,911",70.20,70.50,69.90,70.40,+0.30,"2,833",1303
106/05/12,"4,803,407","336,742,707",70.20,70.30,70.00,70.20,-0.20,"1,894",1303
106/05/15,"7,343,694","518,051,044",70.40,70.80,70.40,70.70,+0.50,"3,683",1303
106/05/16,"10,831,436","766,327,395",70.90,71.00,70.40,71.00,+0.30,"3,953",1303
106/05/17,"9,835,922","695,550,153",70.80,71.10,70.30,71.10,+0.10,"2,557",1303
106/05/18,"8,432,769","598,526,763",70.50,71.40,70.30,71.40,+0.30,"2,889",1303
106/05/19,"7,382,273","522,802,776",71.00,71.10,70.60,70.70,-0.70,"2,454",1303
106/05/22,"7,289,664","519,670,378",70.60,71.60,70.50,71.40,+0.70,"2,489",1303
106/05/23,"5,292,559","376,347,152",71.10,71.50,70.80,70.80,-0.60,"1,952",1303
106/05/24,"4,836,141","343,009,154",71.00,71.10,70.80,70.90,+0.10,"1,723",1303
106/05/25,"7,226,848","515,618,455",70.90,71.60,70.80,71.40,+0.50,"2,401",1303
106/05/26,"6,705,798","478,684,420",71.40,71.70,71.10,71.40, 0.00,"2,061",1303
106/05/31,"21,399,994","1,530,894,645",71.90,71.90,71.20,71.60,+0.20,"3,336",1303
106/06/01,"7,953,913","569,387,069",71.60,71.80,71.40,71.50,-0.10,"2,539",1303
106/06/02,"7,438,190","531,239,504",71.80,71.80,71.00,71.30,-0.20,"2,536",1303
106/06/03,"4,710,149","334,922,479",71.30,71.40,70.90,71.00,-0.30,"1,383",1303
106/06/05,"7,961,116","567,884,434",71.00,71.60,71.00,71.50,+0.50,"2,454",1303
106/06/06,"8,807,534","629,691,659",71.50,71.70,71.30,71.70,+0.20,"3,020",1303
106/06/07,"9,844,830","708,512,009",71.70,72.30,71.60,71.90,+0.20,"4,092",1303
106/06/08,"7,670,545","552,940,560",71.90,72.20,71.70,72.00,+0.10,"3,002",1303
106/06/09,"13,667,649","984,096,974",72.00,72.20,71.90,72.00, 0.00,"2,714",1303
106/06/12,"7,101,849","511,048,609",71.90,72.40,71.30,71.30,-0.70,"3,093",1303
106/06/13,"3,635,685","261,854,027",71.90,72.20,71.50,72.20,+0.90,"1,868",1303
106/06/14,"5,381,708","388,384,276",72.40,72.40,71.60,72.30,+0.10,"2,275",1303
106/06/15,"3,369,531","242,960,167",72.30,72.30,71.70,72.30, 0.00,"1,296",1303
106/06/16,"7,116,692","512,801,960",72.30,72.30,71.80,72.00,-0.30,"1,813",1303
106/06/19,"5,054,691","364,494,062",72.00,72.30,71.80,72.30,+0.30,"1,622",1303
106/06/20,"3,446,351","249,107,572",72.40,72.50,72.20,72.20,-0.10,"1,287",1303
106/06/21,"9,947,944","718,221,530",72.00,72.70,71.70,72.50,+0.30,"3,555",1303
106/06/22,"7,421,562","537,883,149",72.50,72.70,72.30,72.50, 0.00,"1,855",1303
106/06/23,"7,170,548","521,642,313",72.60,73.00,72.50,72.80,+0.30,"2,293",1303
106/06/26,"14,669,933","1,091,286,141",73.00,75.00,73.00,75.00,+2.20,"5,844",1303
106/06/27,"10,555,433","791,656,230",75.20,75.60,74.70,74.80,-0.20,"4,834",1303
106/06/28,"14,729,101","1,107,939,612",74.80,75.80,74.60,75.30,+0.50,"5,501",1303
106/06/29,"6,195,877","465,793,075",75.40,75.50,74.90,75.40,+0.10,"3,296",1303
106/06/30,"5,406,071","407,426,582",75.40,75.50,74.90,75.50,+0.10,"2,311",1303
106/07/03,"6,117,498","460,622,819",75.50,75.60,75.00,75.50, 0.00,"1,992",1303
106/07/04,"7,477,419","562,769,414",75.60,75.60,75.00,75.00,-0.50,"3,210",1303
106/07/05,"10,130,568","762,500,566",75.00,75.80,74.70,75.80,+0.80,"3,258",1303
106/07/06,"7,843,550","592,766,304",75.80,75.80,75.20,75.60,-0.20,"3,415",1303
106/07/07,"5,253,242","395,158,250",74.50,75.50,74.50,75.10,-0.50,"2,156",1303
106/07/10,"5,705,897","426,900,107",75.10,75.10,74.50,74.60,-0.50,"2,830",1303
106/07/11,"14,541,304","1,096,036,851",74.70,75.80,74.60,75.70,+1.10,"4,222",1303
106/07/12,"19,923,666","1,537,897,782",75.70,78.00,75.60,77.40,+1.70,"6,862",1303
106/07/13,"12,638,005","980,685,960",77.60,77.90,77.50,77.60,+0.20,"3,741",1303
106/07/14,"10,959,564","847,836,339",77.60,77.70,77.20,77.30,-0.30,"2,809",1303
106/07/17,"27,306,521","2,120,000,444",77.80,77.80,77.40,77.80,+0.50,"7,381",1303
106/07/18,"18,731,025","1,384,907,705",74.00,74.20,73.70,74.20,X0.00,"4,935",1303
106/07/19,"9,263,550","690,707,298",74.50,74.80,74.00,74.60,+0.40,"4,858",1303
106/07/20,"5,856,512","437,976,968",74.50,75.20,74.30,75.00,+0.40,"2,575",1303
106/07/21,"4,632,996","347,075,984",75.00,75.10,74.80,74.80,-0.20,"2,724",1303
106/07/24,"4,524,097","337,481,510",74.70,75.10,74.10,75.10,+0.30,"1,896",1303
106/07/25,"2,173,417","162,102,603",75.20,75.20,74.20,74.50,-0.60,"1,277",1303
106/07/26,"5,976,735","444,458,716",74.50,74.80,73.90,74.50, 0.00,"2,395",1303
106/07/27,"7,340,854","552,240,899",74.70,75.50,74.40,75.50,+1.00,"3,483",1303
106/07/28,"4,050,082","306,029,633",75.40,75.80,75.00,75.50, 0.00,"1,759",1303
106/07/31,"6,957,855","526,740,117",75.70,76.00,75.20,76.00,+0.50,"1,922",1303
106/08/01,"6,417,576","488,597,730",76.30,76.40,75.80,76.00, 0.00,"3,246",1303
106/08/02,"7,668,044","575,860,590",76.20,76.20,74.70,75.40,-0.60,"4,459",1303
106/08/03,"6,887,868","517,110,071",74.20,75.40,74.20,75.40, 0.00,"3,109",1303
106/08/04,"5,853,913","441,275,420",75.30,75.80,75.20,75.80,+0.40,"1,749",1303
106/08/07,"4,943,783","374,349,313",75.80,76.00,75.40,76.00,+0.20,"2,270",1303
106/08/08,"7,588,243","577,924,668",75.50,76.50,75.50,76.40,+0.40,"3,786",1303
106/08/09,"5,991,663","456,348,488",75.70,76.70,75.60,76.20,-0.20,"2,780",1303
106/08/10,"5,811,465","436,815,254",76.00,76.10,74.80,75.40,-0.80,"2,183",1303
106/08/11,"6,217,433","463,742,954",74.60,75.10,74.30,74.80,-0.60,"2,958",1303
106/08/14,"5,760,129","428,047,717",74.60,74.80,74.00,74.10,-0.70,"2,713",1303
106/08/15,"6,957,616","516,686,340",74.30,74.50,74.00,74.50,+0.40,"2,555",1303
106/08/16,"11,407,160","841,713,242",74.30,74.30,73.40,73.50,-1.00,"3,540",1303
106/08/17,"9,727,701","722,296,949",73.70,74.50,73.70,74.50,+1.00,"3,064",1303
106/08/18,"7,128,226","532,695,759",74.40,75.10,73.90,74.90,+0.40,"1,893",1303
106/08/21,"7,622,522","572,804,229",75.00,75.60,74.30,75.60,+0.70,"3,123",1303
106/08/22,"7,140,478","540,516,269",75.70,76.00,75.30,75.60, 0.00,"2,600",1303
106/08/23,"5,903,374","447,697,111",75.70,76.00,75.40,75.80,+0.20,"3,185",1303
106/08/24,"7,853,014","596,326,112",75.80,76.20,75.70,76.00,+0.20,"2,815",1303
106/08/25,"7,111,825","536,279,511",75.80,75.80,75.10,75.30,-0.70,"2,928",1303
106/08/28,"6,474,581","491,107,354",75.30,76.00,75.30,76.00,+0.70,"2,540",1303
106/08/29,"5,976,420","454,021,648",75.90,76.20,75.60,76.20,+0.20,"2,194",1303
106/08/30,"6,492,126","493,793,515",76.20,76.30,75.90,76.20, 0.00,"2,257",1303
106/08/31,"4,593,155","349,897,630",76.00,76.40,75.90,76.20, 0.00,"2,250",1303
106/09/01,"3,328,267","253,150,662",76.20,76.40,75.80,75.80,-0.40,"1,912",1303
106/09/04,"4,914,377","369,546,913",75.40,75.70,74.90,75.00,-0.80,"1,751",1303
106/09/05,"7,402,491","556,018,225",75.00,75.40,74.90,75.30,+0.30,"1,746",1303
106/09/06,"9,145,033","689,902,845",76.10,76.10,75.00,75.00,-0.30,"2,085",1303
106/09/07,"8,306,544","627,682,517",75.80,75.90,75.40,75.50,+0.50,"2,129",1303
106/09/08,"10,347,539","780,023,260",74.90,75.70,74.90,75.50, 0.00,"3,304",1303
106/09/11,"9,754,981","735,546,031",75.20,75.70,75.20,75.50, 0.00,"2,154",1303
106/09/12,"10,195,257","769,861,856",75.50,75.80,75.40,75.50, 0.00,"2,632",1303
106/09/13,"11,256,875","850,129,053",75.40,76.00,75.30,75.50, 0.00,"3,143",1303
106/09/14,"9,654,738","728,860,326",75.50,75.70,75.30,75.50, 0.00,"2,729",1303
106/09/15,"12,409,516","939,102,277",75.80,75.90,75.40,75.70,+0.20,"1,974",1303
106/09/18,"9,607,430","734,026,569",76.00,76.70,75.90,76.70,+1.00,"4,278",1303
106/09/19,"9,096,352","697,226,752",76.80,76.90,76.40,76.50,-0.20,"2,784",1303
106/09/20,"5,996,943","459,681,719",76.90,77.00,76.20,76.50, 0.00,"1,904",1303
106/09/21,"9,243,520","710,422,802",76.90,77.30,76.50,76.50, 0.00,"3,336",1303
106/09/22,"6,274,652","479,610,560",76.90,77.10,75.90,76.40,-0.10,"1,800",1303
106/09/25,"6,593,461","498,521,529",76.90,76.90,75.20,75.40,-1.00,"2,101",1303
106/09/26,"5,878,304","443,191,371",75.00,75.60,75.00,75.50,+0.10,"2,112",1303
106/09/27,"5,634,519","424,889,456",75.50,75.90,75.10,75.10,-0.40,"1,673",1303
106/09/28,"8,678,357","647,967,318",74.60,77.00,73.90,73.90,-1.20,"2,889",1303
106/09/29,"4,880,440","363,470,269",74.20,74.90,73.90,74.70,+0.80,"1,457",1303
106/09/30,"2,545,973","191,699,951",76.30,76.30,74.70,75.00,+0.30,893,1303
106/10/02,"8,659,298","644,548,545",75.00,75.10,74.10,74.40,-0.60,"3,062",1303
106/10/03,"9,883,491","731,662,534",74.70,74.80,73.80,74.00,-0.40,"3,806",1303
106/10/05,"8,271,185","609,473,292",74.50,74.50,73.30,73.50,-0.50,"4,549",1303
106/10/06,"8,420,774","617,297,174",73.30,73.90,73.10,73.40,-0.10,"3,392",1303
106/10/11,"11,628,030","866,823,017",74.80,74.80,74.10,74.80,+1.40,"4,118",1303
106/10/12,"10,975,802","820,260,450",74.40,75.00,74.00,75.00,+0.20,"3,278",1303
106/10/13,"5,200,984","386,562,774",74.50,74.90,74.10,74.20,-0.80,"1,974",1303
106/10/16,"5,724,990","429,334,050",74.70,75.30,74.40,75.30,+1.10,"1,975",1303
106/10/17,"4,878,270","367,575,855",75.80,75.80,74.70,75.40,+0.10,"2,055",1303
106/10/18,"5,755,996","430,933,980",75.20,75.30,74.50,74.70,-0.70,"2,226",1303
106/10/19,"3,497,417","261,720,355",74.90,75.00,74.70,74.70, 0.00,960,1303
106/10/20,"4,077,092","305,208,747",74.70,75.00,74.50,75.00,+0.30,"1,244",1303
106/10/23,"3,215,293","240,164,940",75.00,75.20,74.20,74.40,-0.60,"1,270",1303
106/10/24,"2,560,551","191,620,365",74.80,75.00,74.30,75.00,+0.60,"1,032",1303
106/10/25,"3,360,249","250,174,969",74.70,74.90,74.10,74.70,-0.30,"1,284",1303
106/10/26,"2,552,649","189,830,767",74.20,74.50,74.00,74.50,-0.20,"1,138",1303
106/10/27,"3,827,223","283,837,902",74.20,74.40,74.00,74.20,-0.30,"1,622",1303
106/10/30,"3,904,816","288,015,733",74.10,74.30,73.50,73.60,-0.60,"1,763",1303
106/10/31,"4,479,004","332,173,781",73.80,74.40,73.40,74.40,+0.80,"1,487",1303
106/11/01,"3,711,068","277,661,447",75.10,75.10,74.40,74.90,+0.50,"1,337",1303
106/11/02,"3,161,775","236,958,596",75.00,75.00,74.60,75.00,+0.10,"1,248",1303
106/11/03,"4,325,486","323,999,629",75.10,75.10,74.60,75.00, 0.00,"1,353",1303
106/11/06,"4,607,846","343,483,617",74.80,74.90,74.20,74.60,-0.40,"1,963",1303
106/11/07,"4,098,087","306,844,598",74.50,75.10,74.50,75.10,+0.50,"1,666",1303
106/11/08,"4,556,398","341,596,250",74.80,75.20,74.60,75.00,-0.10,"1,801",1303
106/11/09,"6,292,339","470,947,808",74.90,75.10,74.70,74.70,-0.30,"1,818",1303
106/11/10,"2,945,174","219,324,854",74.40,74.70,74.20,74.60,-0.10,804,1303
106/11/13,"5,512,908","412,448,305",75.00,75.00,74.50,74.70,+0.10,"1,649",1303
106/11/14,"5,833,292","436,536,094",74.50,75.00,74.50,75.00,+0.30,"1,840",1303
106/11/15,"6,781,528","506,639,674",74.70,74.80,74.50,74.70,-0.30,"2,407",1303
106/11/16,"5,363,934","400,298,273",74.80,74.90,74.20,74.60,-0.10,"1,582",1303
106/11/17,"4,637,447","346,975,291",75.10,75.10,74.60,74.70,+0.10,"1,803",1303
106/11/20,"3,904,280","291,910,869",74.70,75.00,74.70,74.80,+0.10,"1,449",1303
106/11/21,"5,965,811","447,797,420",74.80,75.30,74.80,75.20,+0.40,"2,432",1303
106/11/22,"8,707,584","655,577,188",75.00,75.50,75.00,75.50,+0.30,"2,916",1303
106/11/23,"5,346,311","403,793,796",75.90,75.90,75.20,75.50, 0.00,"2,114",1303
106/11/24,"4,250,434","321,195,564",75.70,75.70,75.50,75.50, 0.00,"1,461",1303
106/11/27,"5,359,420","405,865,032",75.10,76.00,75.10,75.90,+0.40,"1,945",1303
106/11/28,"4,600,959","348,838,882",75.50,76.00,75.50,75.90, 0.00,"1,847",1303
106/11/29,"5,045,428","382,856,642",75.90,76.00,75.60,75.90, 0.00,"1,770",1303
106/11/30,"11,781,200","889,253,835",75.10,75.60,75.00,75.60,-0.30,"2,027",1303
106/12/01,"7,654,750","575,525,350",75.60,75.70,74.60,75.00,-0.60,"2,926",1303
106/12/04,"5,401,330","407,616,006",75.70,75.70,75.00,75.60,+0.60,"1,544",1303
106/12/05,"5,590,569","422,086,043",75.60,75.80,75.30,75.80,+0.20,"2,447",1303
106/12/06,"5,348,352","400,653,138",75.60,75.60,74.60,75.00,-0.80,"2,574",1303
106/12/07,"5,773,391","431,334,358",75.30,75.30,74.40,74.50,-0.50,"3,205",1303
106/12/08,"3,775,943","280,841,241",74.60,74.70,74.20,74.50, 0.00,"1,699",1303
106/12/11,"3,834,587","284,518,633",74.00,74.40,74.00,74.20,-0.30,"1,983",1303
106/12/12,"5,181,865","383,765,471",74.10,74.20,73.80,74.20, 0.00,"2,109",1303
106/12/13,"2,579,328","191,873,189",74.00,74.70,73.90,74.60,+0.40,"1,170",1303
106/12/14,"3,099,480","232,752,281",74.80,75.40,74.70,75.00,+0.40,"1,508",1303
106/12/15,"8,154,985","608,825,269",74.50,75.10,74.30,74.70,-0.30,"1,683",1303
106/12/18,"6,441,978","485,504,250",75.40,75.80,74.90,75.20,+0.50,"2,389",1303
106/12/19,"6,031,728","455,493,655",75.50,76.00,75.30,75.30,+0.10,"1,870",1303
106/12/20,"3,789,535","287,267,379",76.00,76.00,75.60,75.80,+0.50,"1,173",1303
106/12/21,"4,503,213","341,801,689",75.90,76.00,75.80,75.90,+0.10,"1,061",1303
106/12/22,"4,808,282","365,882,579",76.00,76.20,75.90,76.20,+0.30,"1,274",1303
106/12/25,"3,591,955","274,412,051",76.30,76.70,76.10,76.50,+0.30,"1,349",1303
106/12/26,"2,440,676","186,566,892",76.20,76.60,76.20,76.50, 0.00,969,1303
106/12/27,"6,836,671","527,095,391",76.60,77.50,76.50,77.50,+1.00,"2,500",1303
106/12/28,"5,867,456","454,322,512",77.60,77.80,77.20,77.20,-0.30,"1,872",1303
106/12/29,"9,289,725","722,223,645",77.20,78.20,77.10,77.90,+0.70,"3,106",1303
107/01/02,"5,700,892","438,974,962",78.00,78.00,76.40,77.00,-0.90,"2,805",1303
107/01/03,"6,683,153","520,471,682",77.20,78.20,77.00,78.20,+1.20,"3,277",1303
107/01/04,"9,567,363","747,061,663",77.80,78.30,77.30,78.00,-0.20,"4,413",1303
107/01/05,"6,701,003","522,026,006",78.00,78.40,77.60,78.00, 0.00,"3,054",1303
107/01/08,"10,449,204","826,035,081",78.10,79.50,78.10,79.50,+1.50,"6,374",1303
107/01/09,"15,653,278","1,265,053,689",79.50,81.70,79.50,81.70,+2.20,"7,006",1303
107/01/10,"17,674,773","1,463,998,238",82.10,83.30,82.10,82.70,+1.00,"8,388",1303
107/01/11,"9,150,633","747,260,167",81.90,82.40,81.00,82.00,-0.70,"5,081",1303
107/01/12,"8,579,822","698,934,854",81.60,82.00,81.00,81.10,-0.90,"4,024",1303
107/01/15,"6,396,843","522,365,620",81.60,82.00,81.10,82.00,+0.90,"3,123",1303
107/01/16,"5,648,303","460,360,571",82.00,82.00,81.20,81.50,-0.50,"2,415",1303
107/01/17,"9,285,555","754,419,380",81.50,81.50,80.90,81.50, 0.00,"2,963",1303
107/01/18,"7,234,446","591,192,836",81.80,82.30,81.10,81.20,-0.30,"3,368",1303
107/01/19,"4,480,876","362,461,964",81.10,81.30,80.30,81.10,-0.10,"1,769",1303
107/01/22,"6,782,642","548,098,069",81.00,81.10,80.40,80.80,-0.30,"2,569",1303
107/01/23,"4,335,871","349,301,783",80.80,80.90,80.20,80.90,+0.10,"2,074",1303
107/01/24,"6,996,588","561,947,629",80.30,80.70,80.10,80.30,-0.60,"2,765",1303
107/01/25,"7,434,211","605,838,369",80.50,82.00,80.50,81.80,+1.50,"4,538",1303
107/01/26,"4,192,110","341,003,312",81.70,81.70,80.80,81.60,-0.20,"2,285",1303
107/01/29,"3,567,913","291,433,840",81.70,82.00,81.20,82.00,+0.40,"1,715",1303
107/01/30,"4,108,648","333,504,893",81.50,81.80,80.80,81.00,-1.00,"2,034",1303
107/01/31,"9,607,516","771,053,195",80.30,81.30,79.80,80.10,-0.90,"2,471",1303
107/02/01,"6,822,393","547,234,854",80.10,80.80,80.00,80.10, 0.00,"3,007",1303
107/02/02,"5,851,938","466,275,525",79.50,79.90,79.50,79.80,-0.30,"2,432",1303
107/02/05,"7,256,184","570,569,492",78.10,79.10,78.00,78.80,-1.00,"3,338",1303
107/02/06,"14,038,147","1,070,912,727",76.80,77.60,75.20,76.10,-2.70,"5,879",1303
107/02/07,"10,499,610","818,524,861",77.10,78.80,76.80,77.70,+1.60,"5,301",1303
107/02/08,"5,313,330","413,328,313",78.00,78.20,77.40,77.70, 0.00,"2,185",1303
107/02/09,"11,548,995","877,191,305",75.50,76.60,75.30,76.00,-1.70,"5,301",1303
107/02/12,"8,715,583","667,532,363",76.00,77.10,76.00,76.20,+0.20,"3,151",1303
107/02/21,"7,439,157","583,588,103",78.80,79.00,77.30,79.00,+2.80,"3,701",1303
107/02/22,"5,205,577","407,413,540",77.90,78.60,77.90,78.50,-0.50,"2,155",1303
107/02/23,"7,246,599","571,013,884",78.50,79.30,78.30,79.10,+0.60,"3,126",1303
107/02/26,"5,412,759","434,660,420",79.90,80.70,79.80,80.30,+1.20,"2,653",1303
107/02/27,"8,501,239","685,095,569",80.70,80.90,80.20,80.60,+0.30,"2,568",1303
107/03/01,"10,246,010","810,507,883",78.40,80.10,78.40,79.10,-1.50,"4,408",1303
107/03/02,"7,402,232","577,515,542",77.60,78.30,77.60,78.30,-0.80,"3,133",1303
107/03/05,"8,123,461","637,452,779",78.80,79.00,78.00,78.10,-0.20,"2,789",1303
107/03/06,"10,156,191","799,763,918",78.50,79.40,78.40,79.30,+1.20,"2,639",1303
107/03/07,"5,134,547","408,596,635",79.30,80.30,79.00,79.40,+0.10,"2,285",1303
107/03/08,"5,044,374","399,607,646",79.40,79.60,79.00,79.00,-0.40,"2,790",1303
107/03/09,"4,491,702","355,422,379",79.50,79.50,79.00,79.30,+0.30,"3,170",1303
107/03/12,"10,087,359","810,425,125",80.30,80.60,79.70,80.50,+1.20,"4,961",1303
107/03/13,"5,708,492","458,583,925",80.00,81.00,79.80,81.00,+0.50,"3,186",1303
107/03/14,"3,592,652","289,243,628",80.70,80.90,80.20,80.50,-0.50,"2,215",1303
107/03/15,"2,673,012","214,625,123",80.40,80.60,80.00,80.30,-0.20,"1,369",1303
107/03/16,"17,951,010","1,459,978,495",80.30,82.00,79.90,81.70,+1.40,"6,562",1303
107/03/19,"4,538,007","370,654,539",81.70,82.00,81.10,82.00,+0.30,"2,773",1303
107/03/20,"6,354,879","522,410,630",81.70,82.50,81.40,82.50,+0.50,"3,589",1303
107/03/21,"6,053,671","499,581,935",82.50,82.80,82.00,82.50, 0.00,"2,688",1303
107/03/22,"12,230,141","1,013,337,317",82.90,84.90,81.80,83.10,+0.60,"5,630",1303
107/03/23,"10,558,444","866,060,769",81.70,82.40,81.60,82.20,-0.90,"4,678",1303
107/03/26,"6,348,250","522,919,906",82.40,83.00,81.80,82.50,+0.30,"3,802",1303
107/03/27,"6,306,697","522,744,383",83.00,83.10,82.60,83.10,+0.60,"3,031",1303
107/03/28,"3,892,144","320,312,562",82.60,82.90,81.90,82.50,-0.60,"2,374",1303
107/03/29,"7,298,687","596,486,970",82.10,82.20,81.30,81.80,-0.70,"3,263",1303
107/03/30,"5,411,803","443,587,146",82.00,82.30,81.80,82.10,+0.30,"2,556",1303
107/03/31,"1,851,839","151,692,331",82.30,82.40,81.60,81.60,-0.50,"1,159",1303
107/04/02,"4,891,953","397,867,632",82.00,82.20,81.00,81.60, 0.00,"2,305",1303
107/04/03,"7,477,091","606,186,076",81.50,81.60,80.80,81.30,-0.30,"3,652",1303
107/04/09,"8,915,554","737,467,582",82.90,83.40,81.90,83.40,+2.10,"4,355",1303
107/04/10,"7,642,205","638,400,499",83.60,83.90,82.90,83.80,+0.40,"2,863",1303
107/04/11,"7,096,640","595,435,677",84.50,84.50,83.50,83.90,+0.10,"3,150",1303
107/04/12,"6,184,434","521,657,050",83.90,84.90,83.80,84.80,+0.90,"3,093",1303
107/04/13,"4,560,978","384,143,410",84.80,84.80,83.90,84.10,-0.70,"2,353",1303
107/04/16,"3,252,987","272,264,675",84.00,84.00,83.50,83.80,-0.30,"1,952",1303
107/04/17,"8,592,547","708,424,851",84.00,84.00,82.00,82.40,-1.40,"4,604",1303
107/04/18,"6,488,700","535,691,269",82.70,83.00,82.20,82.90,+0.50,"3,032",1303
107/04/19,"8,339,994","694,825,065",83.10,83.80,82.60,83.80,+0.90,"4,148",1303
107/04/20,"6,419,090","532,111,732",83.50,83.60,82.70,83.00,-0.80,"4,391",1303
107/04/23,"7,793,879","639,601,078",82.50,82.90,81.70,82.00,-1.00,"3,568",1303
107/04/24,"9,847,559","798,682,079",82.50,82.50,80.60,80.90,-1.10,"4,840",1303
107/04/25,"6,451,898","519,395,838",80.60,80.90,80.20,80.90, 0.00,"3,548",1303
107/04/26,"6,459,418","522,101,358",81.00,81.40,80.40,81.00,+0.10,"4,136",1303
107/04/27,"5,183,090","418,394,490",81.00,81.10,80.30,80.80,-0.20,"3,065",1303
107/04/30,"4,523,005","367,222,892",81.00,81.60,80.70,81.60,+0.80,"2,424",1303
107/05/02,"6,676,771","551,612,190",81.10,83.20,81.10,82.90,+1.30,"3,341",1303
107/05/03,"6,818,549","559,690,687",82.00,82.60,81.50,81.70,-1.20,"3,212",1303
107/05/04,"5,504,361","451,336,314",81.30,82.70,81.30,81.80,+0.10,"2,874",1303
107/05/07,"4,206,895","345,180,924",82.20,82.50,81.50,82.50,+0.70,"2,075",1303
107/05/08,"5,952,526","490,433,074",81.90,82.90,81.90,82.90,+0.40,"2,971",1303
107/05/09,"5,709,577","474,203,049",82.80,83.30,82.80,83.00,+0.10,"3,006",1303
107/05/10,"7,907,774","662,735,417",83.40,84.00,83.30,83.80,+0.80,"3,393",1303
107/05/11,"8,638,254","730,586,172",84.00,85.00,83.50,85.00,+1.20,"4,128",1303
107/05/14,"6,663,536","567,818,034",85.00,85.50,84.60,85.50,+0.50,"3,244",1303
107/05/15,"9,112,895","777,801,675",85.50,85.60,85.10,85.20,-0.30,"5,159",1303
107/05/16,"8,996,771","773,621,291",85.20,86.40,85.20,86.40,+1.20,"4,040",1303
107/05/17,"11,449,348","998,971,170",86.50,87.90,85.90,87.20,+0.80,"5,414",1303
107/05/18,"7,164,662","624,392,391",87.40,87.60,86.50,87.30,+0.10,"3,708",1303
107/05/21,"5,843,906","509,469,622",87.20,87.80,86.90,87.10,-0.20,"2,908",1303
107/05/22,"5,491,575","478,478,050",87.20,87.50,86.70,86.70,-0.40,"2,672",1303
107/05/23,"6,271,348","545,633,990",86.90,87.30,86.70,86.70, 0.00,"3,055",1303
107/05/24,"4,928,777","428,625,299",87.00,87.50,86.60,87.40,+0.70,"2,913",1303
107/05/25,"6,850,415","593,154,490",87.20,87.20,85.80,86.00,-1.40,"3,769",1303
107/05/28,"8,939,951","771,434,053",85.90,87.10,85.70,86.30,+0.30,"3,648",1303
107/05/29,"7,522,366","646,960,379",86.50,86.70,85.80,86.00,-0.30,"3,644",1303
107/05/30,"11,397,535","970,597,564",85.70,85.70,84.90,85.10,-0.90,"4,714",1303
107/05/31,"33,756,436","2,839,699,588",85.30,85.60,83.70,83.70,-1.40,"5,009",1303
107/06/01,"7,033,637","595,624,345",84.00,85.30,83.90,85.10,+1.40,"3,164",1303
107/06/04,"9,459,798","813,648,672",85.50,86.40,85.40,86.40,+1.30,"3,963",1303
107/06/05,"9,723,172","841,951,405",86.40,87.00,86.30,86.50,+0.10,"2,454",1303
107/06/06,"10,256,861","886,142,070",86.50,86.70,86.00,86.40,-0.10,"3,069",1303
107/06/07,"13,669,943","1,183,811,310",87.00,87.20,86.10,86.90,+0.50,"3,741",1303
107/06/08,"14,896,209","1,275,959,751",86.30,86.60,85.10,85.50,-1.40,"5,485",1303
107/06/11,"10,859,823","923,440,308",85.80,85.90,84.80,85.00,-0.50,"4,352",1303
107/06/12,"12,351,953","1,050,982,505",85.00,85.30,84.60,85.30,+0.30,"2,759",1303
107/06/13,"7,597,119","650,246,177",85.20,86.00,85.10,85.90,+0.60,"2,836",1303
107/06/14,"13,605,323","1,148,816,312",85.00,85.00,84.20,84.20,-1.70,"4,588",1303
107/06/15,"15,877,299","1,337,605,064",84.20,84.60,83.70,84.60,+0.40,"4,133",1303
107/06/19,"16,129,590","1,338,718,370",83.30,83.60,82.60,82.80,-1.80,"6,660",1303
107/06/20,"11,206,163","939,575,058",83.20,84.70,82.80,84.40,+1.60,"4,699",1303
107/06/21,"9,921,513","837,716,029",84.80,85.00,83.90,84.20,-0.20,"4,346",1303
107/06/22,"6,691,584","562,380,386",84.00,84.60,83.40,84.60,+0.40,"3,352",1303
107/06/25,"7,345,891","622,676,938",84.10,85.20,84.00,85.00,+0.40,"3,766",1303
107/06/26,"8,429,799","717,794,076",85.00,85.60,84.50,85.40,+0.40,"4,673",1303
107/06/27,"6,397,676","547,630,638",85.50,85.80,85.20,85.50,+0.10,"3,209",1303
107/06/28,"10,406,387","883,302,087",85.30,85.70,84.20,84.50,-1.00,"4,842",1303
107/06/29,"15,719,147","1,358,495,132",84.30,87.20,84.20,87.20,+2.70,"6,307",1303
107/07/02,"9,723,921","847,653,627",86.60,87.50,86.20,87.30,+0.10,"2,678",1303
107/07/03,"15,907,811","1,395,817,853",87.00,88.40,86.70,88.00,+0.70,"4,931",1303
107/07/04,"9,147,518","802,613,557",88.00,88.10,87.10,88.00, 0.00,"2,782",1303
107/07/05,"9,323,942","820,560,976",88.00,88.20,87.80,88.00, 0.00,"3,438",1303
107/07/06,"14,692,606","1,278,152,721",88.00,88.00,86.10,87.10,-0.90,"4,783",1303
107/07/09,"17,085,439","1,491,131,874",87.10,87.70,86.80,87.50,+0.40,"4,875",1303
107/07/10,"11,803,106","979,512,998",84.70,84.70,82.50,82.70,X0.00,"5,271",1303
107/07/11,"7,305,618","608,841,839",83.00,83.90,82.90,83.90,+1.20,"3,062",1303
107/07/12,"6,828,865","577,260,727",84.00,85.10,83.30,84.70,+0.80,"3,314",1303
107/07/13,"4,607,884","391,308,044",85.00,85.10,84.50,85.00,+0.30,"2,797",1303
107/07/16,"3,777,288","320,321,681",84.80,85.60,84.50,84.50,-0.50,"1,682",1303
107/07/17,"5,265,574","441,838,016",84.50,84.50,83.70,84.10,-0.40,"2,694",1303
107/07/18,"10,661,813","907,117,822",84.80,85.70,83.90,85.60,+1.50,"4,518",1303
107/07/19,"5,978,079","505,905,164",85.60,85.70,83.80,83.90,-1.70,"2,936",1303
107/07/20,"5,449,394","456,878,996",83.90,84.60,83.50,84.00,+0.10,"2,656",1303
107/07/23,"5,776,189","482,463,218",83.50,83.90,83.20,83.70,-0.30,"2,677",1303
107/07/24,"4,784,468","401,301,730",83.40,84.40,83.30,84.40,+0.70,"1,786",1303
107/07/25,"4,275,181","358,265,011",83.60,84.40,83.50,83.60,-0.80,"2,158",1303
107/07/26,"4,900,870","410,489,945",83.70,84.10,83.50,84.10,+0.50,"2,192",1303
107/07/27,"4,927,861","413,756,785",84.00,84.20,83.70,84.10, 0.00,"3,098",1303
107/07/30,"5,952,713","501,356,440",84.50,84.60,83.90,84.20,+0.10,"3,041",1303
107/07/31,"6,309,720","533,770,853",84.40,84.90,84.20,84.90,+0.70,"2,435",1303
107/08/01,"5,520,868","468,499,692",85.20,85.20,84.60,84.80,-0.10,"2,323",1303
107/08/02,"6,469,814","542,318,895",84.60,84.80,83.10,83.60,-1.20,"3,735",1303
107/08/03,"4,749,015","397,351,260",84.00,84.00,83.40,83.80,+0.20,"2,074",1303
107/08/06,"4,272,927","358,558,749",83.90,84.30,83.70,84.00,+0.20,"2,276",1303
107/08/07,"5,012,428","419,853,189",84.00,84.00,83.50,83.70,-0.30,"2,258",1303
107/08/08,"7,873,727","666,290,971",84.00,85.00,83.90,85.00,+1.30,"3,923",1303
107/08/09,"3,150,580","266,887,341",84.90,84.90,84.30,84.60,-0.40,"1,454",1303
107/08/10,"3,292,159","278,119,398",84.20,84.60,84.10,84.60, 0.00,"1,191",1303
107/08/13,"4,288,601","359,053,739",84.30,84.30,83.50,83.50,-1.10,"2,055",1303
107/08/14,"6,266,689","524,422,778",83.80,84.00,83.50,83.50, 0.00,"2,827",1303
107/08/15,"6,635,439","552,483,036",83.50,83.70,83.00,83.30,-0.20,"2,223",1303
107/08/16,"10,576,583","873,217,291",83.30,83.30,81.90,82.10,-1.20,"4,207",1303
107/08/17,"8,592,199","712,036,944",82.50,83.40,82.40,83.30,+1.20,"3,252",1303
107/08/20,"7,172,373","597,569,807",83.30,83.90,83.10,83.10,-0.20,"2,011",1303
107/08/21,"7,889,235","657,469,546",83.20,83.70,83.00,83.30,+0.20,"2,090",1303
107/08/22,"9,040,529","753,395,752",83.00,83.90,83.00,83.90,+0.60,"2,700",1303
107/08/23,"10,168,367","852,489,298",83.90,84.50,83.30,84.50,+0.60,"3,325",1303
107/08/24,"6,708,142","562,826,971",84.20,84.40,83.60,84.40,-0.10,"2,025",1303
107/08/27,"7,705,846","652,252,274",84.60,84.90,84.00,84.80,+0.40,"2,178",1303
107/08/28,"10,020,031","851,294,804",84.90,85.20,84.60,85.20,+0.40,"2,623",1303
107/08/29,"5,484,381","467,439,785",85.00,85.50,85.00,85.40,+0.20,"2,356",1303
107/08/30,"7,512,695","634,135,226",85.40,85.40,84.00,84.50,-0.90,"4,264",1303
107/08/31,"6,923,392","587,920,958",84.70,85.40,84.30,85.40,+0.90,"2,362",1303
107/09/03,"3,456,887","292,207,016",85.10,85.10,84.20,84.60,-0.80,"1,852",1303
107/09/04,"2,637,173","222,303,802",84.60,84.60,84.10,84.50,-0.10,"1,479",1303
107/09/05,"5,831,194","488,301,379",84.00,84.30,83.50,83.50,-1.00,"2,773",1303
107/09/06,"5,538,485","463,164,267",82.90,84.10,82.50,84.00,+0.50,"2,612",1303
107/09/07,"5,722,583","477,349,662",83.00,84.00,82.80,83.40,-0.60,"2,087",1303
107/09/10,"6,143,611","512,997,832",83.40,83.80,83.00,83.40, 0.00,"2,353",1303
107/09/11,"7,448,083","623,238,024",83.90,84.00,83.10,84.00,+0.60,"2,339",1303
107/09/12,"6,112,525","509,130,072",83.60,84.00,82.80,83.60,-0.40,"2,500",1303
107/09/13,"7,516,553","633,060,544",83.90,84.70,83.70,84.60,+1.00,"2,442",1303
107/09/14,"6,277,963","527,600,392",84.60,84.60,83.80,84.00,-0.60,"2,455",1303
107/09/17,"3,569,785","300,368,440",84.60,84.60,83.90,83.90,-0.10,"1,816",1303
107/09/18,"5,362,753","451,383,180",84.00,84.40,83.60,84.40,+0.50,"2,174",1303
107/09/19,"5,184,537","438,061,107",84.60,84.80,84.10,84.80,+0.40,"2,825",1303
107/09/20,"3,478,684","293,146,774",84.70,84.70,84.00,84.00,-0.80,"1,846",1303
107/09/21,"15,762,149","1,344,774,237",84.20,85.70,84.20,85.50,+1.50,"6,871",1303
107/09/25,"7,671,917","652,979,770",85.50,86.00,84.30,84.50,-1.00,"4,087",1303
107/09/26,"5,245,239","441,575,081",84.70,84.90,83.90,84.00,-0.50,"2,302",1303
107/09/27,"9,048,962","763,827,650",83.80,85.20,83.70,85.00,+1.00,"3,876",1303
107/09/28,"8,749,401","738,680,373",84.50,84.90,83.90,84.80,-0.20,"3,119",1303
107/10/01,"3,540,422","300,391,514",84.90,85.00,84.60,85.00,+0.20,"1,815",1303
107/10/02,"5,334,469","448,212,074",85.00,85.00,83.80,84.00,-1.00,"2,726",1303
107/10/03,"3,526,664","295,471,976",83.90,84.20,83.60,83.80,-0.20,"1,854",1303
107/10/04,"7,894,466","655,710,951",83.50,83.60,82.80,83.10,-0.70,"4,058",1303
107/10/05,"9,872,238","812,124,289",82.70,83.00,81.80,82.10,-1.00,"4,356",1303
107/10/08,"3,823,925","313,894,012",81.80,82.60,81.50,82.10, 0.00,"2,191",1303
107/10/09,"6,250,818","511,992,142",82.10,82.10,81.70,81.70,-0.40,"2,852",1303
107/10/11,"21,121,968","1,643,442,001",80.10,80.20,76.00,76.10,-5.60,"10,020",1303
107/10/12,"9,821,507","751,219,889",75.40,78.00,74.70,77.90,+1.80,"4,929",1303
107/10/15,"9,499,519","727,244,463",76.60,77.10,76.20,76.50,-1.40,"3,609",1303
107/10/16,"5,829,022","447,435,578",76.60,77.20,76.50,77.00,+0.50,"2,626",1303
107/10/17,"6,363,095","490,397,515",77.50,77.80,76.40,76.70,-0.30,"2,952",1303
107/10/18,"6,277,056","480,576,112",76.50,77.10,76.40,76.70, 0.00,"3,303",1303
107/10/19,"6,449,096","492,022,663",76.30,76.70,75.90,76.50,-0.20,"2,729",1303
107/10/22,"4,492,835","341,679,429",76.00,76.50,75.70,76.40,-0.10,"1,918",1303
107/10/23,"6,338,818","478,211,542",75.60,75.80,75.20,75.20,-1.20,"3,106",1303
107/10/24,"5,431,369","408,818,283",75.00,76.10,74.50,75.40,+0.20,"3,051",1303
107/10/25,"7,523,695","558,732,663",74.00,74.80,73.80,74.00,-1.40,"2,953",1303
107/10/26,"4,935,829","368,577,038",74.50,75.20,74.00,75.10,+1.10,"2,584",1303
107/10/29,"4,327,401","326,438,676",76.00,76.10,74.90,75.80,+0.70,"1,850",1303
107/10/30,"6,455,817","488,230,092",75.80,76.20,75.00,75.70,-0.10,"2,513",1303
107/10/31,"5,798,918","444,148,270",75.80,76.90,75.80,76.90,+1.20,"2,258",1303
107/11/01,"5,438,878","416,885,906",75.90,77.00,75.90,77.00,+0.10,"2,469",1303
107/11/02,"4,336,273","334,541,547",76.20,77.90,76.20,77.90,+0.90,"1,439",1303
107/11/05,"6,900,005","534,353,290",77.50,78.00,76.60,78.00,+0.10,"2,546",1303
107/11/06,"4,867,468","376,937,756",78.00,78.00,77.20,77.50,-0.50,"1,611",1303
107/11/07,"6,580,123","507,507,421",76.90,77.50,76.70,77.40,-0.10,"2,948",1303
107/11/08,"6,347,095","490,759,224",77.90,77.90,77.00,77.30,-0.10,"3,231",1303
107/11/09,"3,917,864","300,666,941",77.00,77.20,76.60,76.60,-0.70,"1,746",1303
107/11/12,"2,408,948","186,181,588",76.50,77.70,76.50,77.30,+0.70,"1,285",1303
107/11/13,"2,863,346","219,604,442",76.50,77.20,76.40,76.70,-0.60,"1,451",1303
107/11/14,"1,678,949","128,948,173",76.50,77.00,76.50,77.00,+0.30,975,1303
107/11/15,"3,675,091","284,288,626",77.30,77.60,76.80,77.50,+0.50,"1,919",1303
107/11/16,"3,406,424","265,427,290",78.50,78.50,77.50,78.00,+0.50,"1,738",1303
107/11/19,"4,460,868","349,818,032",78.50,78.80,77.60,78.80,+0.80,"2,474",1303
107/11/20,"3,837,876","300,803,091",78.80,79.20,77.70,78.10,-0.70,"1,809",1303
107/11/21,"3,609,774","279,531,037",77.10,77.80,77.10,77.20,-0.90,"2,151",1303
107/11/22,"5,038,697","386,641,269",77.50,77.70,76.40,76.70,-0.50,"2,433",1303
107/11/23,"3,634,338","277,452,708",76.40,77.00,76.10,76.50,-0.20,"2,004",1303
107/11/26,"6,397,529","489,359,907",76.30,77.80,75.80,75.90,-0.60,"2,997",1303
107/11/27,"7,517,535","562,787,025",75.20,75.30,74.60,74.80,-1.10,"3,783",1303
107/11/28,"11,257,759","831,885,165",74.00,74.80,73.00,74.80, 0.00,"5,848",1303
107/11/29,"6,477,127","483,654,958",74.90,75.20,74.30,74.30,-0.50,"3,807",1303
107/11/30,"10,385,594","773,463,195",74.60,75.20,74.30,74.30, 0.00,"3,074",1303
107/12/03,"12,639,279","943,883,153",75.10,75.30,74.00,74.40,+0.10,"3,316",1303
107/12/04,"8,012,191","595,957,522",74.50,74.90,74.20,74.20,-0.20,"2,995",1303
107/12/05,"9,523,721","699,793,888",73.80,74.00,72.80,73.70,-0.50,"3,256",1303
107/12/06,"9,628,138","700,672,602",73.50,73.60,72.50,72.50,-1.20,"4,178",1303
107/12/07,"2,840,292","207,682,354",72.60,73.50,72.60,73.20,+0.70,"1,711",1303
107/12/10,"4,345,732","315,867,936",72.60,73.10,72.20,72.60,-0.60,"1,585",1303
107/12/11,"6,371,205","463,230,265",72.60,73.00,72.50,72.50,-0.10,"2,376",1303
107/12/12,"8,782,024","635,924,629",73.00,73.00,72.00,72.40,-0.10,"3,264",1303
107/12/13,"4,718,767","343,921,751",72.50,73.00,72.50,73.00,+0.60,"2,255",1303
107/12/14,"4,993,974","363,551,602",73.00,73.00,72.30,73.00, 0.00,"1,981",1303
107/12/17,"4,147,018","302,862,088",73.00,73.40,72.70,73.30,+0.30,"1,427",1303
107/12/18,"5,314,761","390,119,120",73.30,73.80,72.80,73.50,+0.20,"2,859",1303
107/12/19,"4,109,788","304,053,873",73.80,74.40,73.40,74.40,+0.90,"2,044",1303
107/12/20,"3,259,860","242,207,183",74.00,74.50,74.00,74.40, 0.00,"1,648",1303
107/12/21,"5,706,750","422,762,600",74.00,74.40,73.80,74.10,-0.30,"1,714",1303
107/12/22,"518,810","38,213,085",73.60,73.90,73.50,73.70,-0.40,324,1303
107/12/24,"1,831,232","134,802,382",73.70,73.90,73.40,73.70, 0.00,947,1303
107/12/25,"2,311,844","167,404,223",72.20,72.80,72.10,72.60,-1.10,"1,403",1303
107/12/26,"926,855","67,317,859",72.90,73.00,72.30,72.40,-0.20,705,1303
107/12/27,"3,943,160","291,067,460",73.10,74.40,72.70,74.00,+1.60,"2,223",1303
107/12/28,"7,694,927","577,493,701",73.70,75.50,73.60,75.50,+1.50,"2,882",1303
108/01/02,"3,904,269","289,067,773",74.40,75.40,72.80,73.00,-2.50,"1,985",1303
108/01/03,"3,580,598","262,543,115",73.00,73.90,72.90,73.30,+0.30,"1,760",1303
108/01/04,"4,127,099","301,862,142",72.80,73.80,72.50,73.10,-0.20,"2,542",1303
108/01/07,"6,516,886","488,038,650",74.50,75.20,74.20,75.10,+2.00,"3,203",1303
108/01/08,"5,180,043","386,383,873",75.20,75.20,74.20,74.20,-0.90,"2,506",1303
108/01/09,"12,176,822","899,715,830",73.20,74.50,72.90,74.50,+0.30,"5,321",1303
108/01/10,"4,578,875","341,367,134",74.00,74.80,74.00,74.80,+0.30,"2,577",1303
108/01/11,"4,085,250","305,810,507",74.50,75.10,74.50,74.90,+0.10,"2,450",1303
108/01/14,"2,316,374","173,381,062",74.90,75.20,74.60,75.10,+0.20,"1,349",1303
108/01/15,"7,003,947","528,937,759",75.60,75.80,75.10,75.80,+0.70,"3,485",1303
108/01/16,"5,775,809","436,760,572",75.50,76.00,75.40,75.50,-0.30,"3,037",1303
108/01/17,"5,034,325","378,743,441",75.50,76.00,74.90,75.00,-0.50,"2,447",1303
108/01/18,"6,099,417","461,378,508",75.70,76.00,75.30,75.60,+0.60,"2,800",1303
108/01/21,"5,553,344","423,011,944",76.20,76.70,75.90,76.00,+0.40,"2,105",1303
108/01/22,"3,902,470","297,250,887",76.00,76.40,75.90,76.40,+0.40,"1,702",1303
108/01/23,"8,595,526","644,759,230",75.70,75.70,74.50,74.60,-1.80,"3,904",1303
108/01/24,"6,954,509","518,576,704",74.60,74.90,74.50,74.60, 0.00,"3,131",1303
108/01/25,"6,091,994","459,795,736",74.60,75.90,74.60,75.70,+1.10,"3,020",1303
108/01/28,"4,215,507","320,044,432",75.80,76.20,75.60,76.20,+0.50,"2,212",1303
108/01/29,"7,343,579","558,580,947",75.90,76.50,75.30,76.20, 0.00,"3,558",1303
108/01/30,"8,248,180","628,751,107",76.20,76.50,76.00,76.30,+0.10,"3,864",1303
108/02/11,"9,057,117","684,907,018",77.40,77.40,74.50,74.50,-1.80,"5,283",1303
108/02/12,"4,512,339","338,461,272",74.50,75.30,74.50,75.00,+0.50,"2,663",1303
108/02/13,"6,130,179","459,820,746",75.10,75.50,74.80,74.90,-0.10,"3,142",1303
108/02/14,"3,988,765","298,701,675",74.60,75.30,74.60,74.60,-0.30,"2,244",1303
108/02/15,"5,074,930","378,527,250",74.60,74.90,74.50,74.50,-0.10,"2,958",1303
108/02/18,"3,837,533","287,059,438",74.70,75.10,74.50,74.80,+0.30,"2,325",1303
108/02/19,"3,147,685","236,379,829",75.10,75.30,74.90,75.10,+0.30,"1,657",1303
108/02/20,"5,081,473","382,335,895",75.00,75.40,75.00,75.40,+0.30,"2,458",1303
108/02/21,"4,299,539","325,699,086",75.30,76.10,75.20,76.10,+0.70,"2,384",1303
108/02/22,"6,845,969","518,588,714",75.50,76.20,75.30,76.20,+0.10,"3,239",1303
108/02/25,"5,493,594","419,188,820",76.30,76.60,76.10,76.60,+0.40,"2,865",1303
108/02/26,"6,898,983","528,282,972",76.60,77.10,76.10,77.10,+0.50,"3,080",1303
108/02/27,"8,053,883","618,547,964",76.80,76.90,76.50,76.90,-0.20,"3,030",1303
108/03/04,"11,527,613","874,784,595",76.70,76.80,75.60,75.60,-1.30,"4,655",1303
108/03/05,"6,281,549","474,427,464",75.60,76.10,75.20,75.20,-0.40,"2,945",1303
108/03/06,"2,887,374","218,433,916",75.30,75.80,75.30,75.80,+0.60,"1,567",1303
108/03/07,"3,406,125","259,006,100",75.80,76.30,75.70,76.20,+0.40,"1,653",1303
108/03/08,"3,619,262","273,947,971",76.20,76.20,75.30,75.60,-0.60,"2,368",1303
108/03/11,"4,431,138","336,223,635",75.60,76.20,75.50,75.50,-0.10,"1,703",1303
108/03/12,"3,754,964","285,883,664",76.30,76.40,75.90,75.90,+0.40,"1,579",1303
108/03/13,"2,248,886","170,884,936",76.30,76.30,75.90,76.00,+0.10,"1,134",1303
108/03/14,"4,648,189","352,535,524",75.90,76.00,75.60,75.60,-0.40,"2,541",1303
108/03/15,"8,117,810","616,064,560",75.70,76.00,75.60,76.00,+0.40,"2,142",1303
108/03/18,"4,860,650","369,899,907",76.10,76.50,75.80,76.50,+0.50,"1,846",1303
108/03/19,"5,723,938","435,623,052",76.40,76.40,76.00,76.00,-0.50,"2,964",1303
108/03/20,"7,262,851","550,757,021",76.00,76.20,75.60,76.20,+0.20,"3,017",1303
108/03/21,"9,415,846","722,602,742",76.60,77.10,76.50,76.60,+0.40,"3,836",1303
108/03/22,"6,035,423","463,720,871",77.00,77.20,76.60,77.00,+0.40,"3,590",1303
108/03/25,"5,155,703","394,332,992",76.50,76.70,76.20,76.40,-0.60,"2,512",1303
108/03/26,"7,847,405","604,433,166",76.90,77.30,76.70,77.30,+0.90,"3,147",1303
108/03/27,"5,147,040","399,426,584",77.50,77.90,77.20,77.50,+0.20,"2,518",1303
108/03/28,"5,869,253","457,347,249",77.50,78.30,77.50,78.20,+0.70,"2,669",1303
108/03/29,"8,101,887","635,794,378",78.30,78.90,77.80,78.90,+0.70,"2,987",1303
108/04/01,"8,047,291","631,562,199",79.10,79.30,78.00,78.10,-0.80,"4,341",1303
108/04/02,"4,081,371","319,703,323",78.30,78.60,78.10,78.30,+0.20,"1,864",1303
108/04/03,"5,079,620","397,588,455",78.40,78.50,78.00,78.20,-0.10,"2,481",1303
108/04/08,"9,313,575","726,426,750",78.30,78.30,77.70,77.90,-0.30,"3,814",1303
108/04/09,"5,753,507","447,647,758",78.00,78.30,77.60,77.90, 0.00,"2,713",1303
108/04/10,"7,379,707","573,596,476",77.90,78.00,77.60,77.70,-0.20,"3,720",1303
108/04/11,"10,169,219","781,729,863",77.30,77.50,76.40,77.00,-0.70,"4,826",1303
108/04/12,"6,710,376","513,256,752",77.00,77.00,76.20,76.50,-0.50,"3,672",1303
108/04/15,"4,138,793","317,772,556",76.50,77.10,76.50,76.70,+0.20,"2,141",1303
108/04/16,"4,525,744","347,276,728",76.60,77.10,76.60,77.10,+0.40,"2,602",1303
108/04/17,"4,137,828","319,573,223",77.30,77.70,77.00,77.60,+0.50,"2,342",1303
108/04/18,"7,893,692","609,374,864",77.40,77.60,76.70,77.30,-0.30,"2,446",1303
108/04/19,"3,967,144","306,708,289",77.30,77.50,77.00,77.50,+0.20,"1,645",1303
108/04/22,"2,598,695","201,271,049",77.70,77.80,77.20,77.50, 0.00,"1,381",1303
108/04/23,"3,423,269","265,310,678",77.50,77.80,77.20,77.80,+0.30,"1,891",1303
108/04/24,"5,862,631","455,646,293",77.90,78.00,77.50,77.50,-0.30,"2,409",1303
108/04/25,"3,509,756","273,370,163",77.60,78.00,77.50,78.00,+0.50,"2,074",1303
108/04/26,"4,064,388","317,099,364",78.00,78.30,77.80,78.30,+0.30,"2,020",1303
108/04/29,"7,913,506","616,722,599",78.00,78.20,77.60,78.00,-0.30,"1,921",1303
108/04/30,"7,243,120","565,518,615",78.00,78.50,77.80,78.10,+0.10,"2,154",1303
108/05/02,"5,785,471","455,547,509",78.30,79.00,78.10,79.00,+0.90,"2,492",1303
108/05/03,"2,665,277","210,163,607",78.90,79.00,78.70,78.80,-0.20,"1,246",1303
108/05/06,"5,376,456","418,136,240",78.10,78.10,77.50,78.00,-0.80,"2,541",1303
108/05/07,"4,809,619","376,206,883",78.00,78.50,77.90,78.20,+0.20,"1,917",1303
108/05/08,"6,848,175","532,563,314",77.60,78.00,77.50,77.60,-0.60,"2,711",1303
108/05/09,"9,546,243","735,666,311",77.10,77.50,76.80,76.80,-0.80,"3,847",1303
108/05/10,"6,924,490","536,655,463",77.00,78.10,76.90,77.20,+0.40,"2,672",1303
108/05/13,"7,624,686","585,250,465",77.00,77.60,76.10,76.40,-0.80,"3,863",1303
108/05/14,"8,520,954","650,431,158",76.00,76.60,75.70,76.30,-0.10,"3,427",1303
108/05/15,"5,179,310","397,481,470",76.00,77.20,76.00,76.70,+0.40,"2,123",1303
108/05/16,"6,776,797","521,449,694",76.50,77.50,76.20,76.60,-0.10,"2,537",1303
108/05/17,"4,087,931","313,060,381",76.90,77.10,76.40,76.50,-0.10,"1,823",1303
108/05/20,"4,191,539","323,233,230",77.00,77.50,76.80,77.50,+1.00,"2,061",1303
108/05/21,"6,377,766","499,480,355",77.90,78.70,77.50,78.60,+1.10,"3,032",1303
108/05/22,"4,032,720","313,435,526",77.40,78.40,77.40,77.50,-1.10,"2,006",1303
108/05/23,"4,500,407","348,830,762",77.90,77.90,77.30,77.90,+0.40,"1,465",1303
108/05/24,"4,580,386","356,088,230",77.90,78.00,77.60,77.60,-0.30,"1,435",1303
108/05/27,"4,928,017","384,714,215",78.00,78.50,77.80,78.40,+0.80,"1,512",1303
108/05/28,"16,827,035","1,318,421,617",78.40,78.60,78.10,78.40, 0.00,"1,689",1303
108/05/29,"6,880,079","534,734,909",77.30,78.20,77.30,77.50,-0.90,"2,057",1303
108/05/30,"3,970,331","308,845,434",77.40,78.10,77.40,77.80,+0.30,"1,829",1303
108/05/31,"4,793,826","375,226,095",77.40,78.50,77.40,78.50,+0.70,"2,222",1303
108/06/03,"4,179,060","326,946,067",78.30,78.50,78.00,78.30,-0.20,"1,609",1303
108/06/04,"5,894,500","460,054,977",78.00,78.30,77.80,78.30, 0.00,"1,705",1303
108/06/05,"4,999,462","391,643,353",78.30,78.60,78.00,78.50,+0.20,"2,558",1303
108/06/06,"7,160,680","560,994,620",78.50,78.50,78.10,78.50, 0.00,"1,691",1303
108/06/10,"11,520,699","895,861,842",78.10,78.20,77.50,77.70,-0.80,"3,206",1303
108/06/11,"8,726,604","676,906,312",77.70,78.00,77.40,78.00,+0.30,"2,464",1303
108/06/12,"7,775,007","604,766,946",77.80,78.10,77.50,77.80,-0.20,"2,205",1303
108/06/13,"8,780,584","683,417,252",77.80,78.10,77.70,77.90,+0.10,"2,385",1303
108/06/14,"7,274,797","568,827,360",77.90,78.40,77.90,78.40,+0.50,"2,709",1303
108/06/17,"5,958,350","467,584,236",78.50,78.70,78.20,78.40, 0.00,"2,103",1303
108/06/18,"7,121,882","558,676,777",78.50,78.70,78.30,78.70,+0.30,"2,365",1303
108/06/19,"10,730,354","846,817,169",78.80,79.10,78.70,78.90,+0.20,"4,309",1303
108/06/20,"10,672,350","841,018,986",79.40,79.50,78.20,78.50,-0.40,"4,248",1303
108/06/21,"11,377,953","894,996,264",78.60,78.90,78.30,78.80,+0.30,"3,060",1303
108/06/24,"6,966,258","551,133,353",78.90,79.40,78.70,79.40,+0.60,"2,955",1303
108/06/25,"8,507,828","674,621,055",79.50,79.90,79.00,79.10,-0.30,"2,854",1303
108/06/26,"9,685,371","764,795,853",79.20,79.50,78.60,78.60,-0.50,"2,437",1303
108/06/27,"13,965,030","1,100,862,233",78.70,79.10,78.60,78.60, 0.00,"3,763",1303
108/06/28,"9,830,114","772,067,946",78.80,78.80,78.10,78.60, 0.00,"3,648",1303
108/07/01,"14,791,189","1,165,335,946",79.00,79.00,78.60,78.80,+0.20,"4,031",1303
108/07/02,"19,931,481","1,563,206,929",79.00,79.00,78.00,78.30,-0.50,"6,541",1303
108/07/03,"25,969,318","1,885,053,955",72.50,73.30,72.00,72.60,X0.00,"8,504",1303
108/07/04,"5,729,903","417,316,319",73.00,73.10,72.60,72.70,+0.10,"3,345",1303
108/07/05,"5,106,424","372,660,151",73.00,73.20,72.80,73.10,+0.40,"2,435",1303
108/07/08,"7,100,652","514,744,429",73.00,73.00,72.20,72.50,-0.60,"3,306",1303
108/07/09,"5,466,677","394,560,407",72.50,72.50,72.00,72.10,-0.40,"2,736",1303
108/07/10,"6,356,706","458,748,963",72.10,72.40,72.00,72.30,+0.20,"2,962",1303
108/07/11,"7,192,114","518,776,213",72.20,72.30,72.00,72.00,-0.30,"3,158",1303
108/07/12,"5,135,784","370,123,542",72.00,72.20,72.00,72.00, 0.00,"2,505",1303
108/07/15,"5,262,015","378,396,356",72.00,72.10,71.80,72.00, 0.00,"2,564",1303
108/07/16,"6,301,752","451,906,544",72.10,72.10,71.50,71.70,-0.30,"3,377",1303
108/07/17,"18,013,122","1,285,687,616",71.50,72.60,70.80,72.60,+0.90,"10,489",1303
108/07/18,"5,783,090","415,882,967",72.10,72.20,71.60,71.90,-0.70,"2,149",1303
108/07/19,"3,716,460","267,536,402",72.00,72.30,71.80,71.90, 0.00,"1,601",1303
108/07/22,"6,529,983","469,558,076",71.90,72.20,71.80,71.90, 0.00,"1,696",1303
108/07/23,"7,805,679","559,495,688",71.90,72.00,71.50,71.70,-0.20,"1,956",1303
108/07/24,"8,981,707","642,169,861",71.50,71.70,71.20,71.40,-0.30,"2,919",1303
108/07/25,"8,319,167","593,434,642",71.20,71.60,71.20,71.60,+0.20,"2,482",1303
108/07/26,"6,953,037","496,316,235",71.50,71.80,71.20,71.70,+0.10,"2,820",1303
108/07/29,"6,477,558","463,299,992",71.20,72.00,71.20,71.60,-0.10,"2,069",1303
108/07/30,"5,870,698","421,366,528",71.50,72.00,71.40,71.50,-0.10,"2,196",1303
108/07/31,"13,901,644","992,927,733",71.40,71.90,71.20,71.30,-0.20,"3,223",1303
108/08/01,"7,004,233","495,323,943",70.80,70.90,70.60,70.70,-0.60,"3,623",1303
108/08/02,"11,070,773","772,506,782",70.00,70.20,69.50,69.70,-1.00,"5,958",1303
108/08/05,"11,136,354","770,208,951",69.50,70.00,68.80,69.10,-0.60,"6,038",1303
108/08/06,"10,075,024","687,504,456",68.00,68.80,67.50,68.30,-0.80,"4,380",1303
108/08/07,"8,845,316","602,623,823",68.20,68.60,68.00,68.10,-0.20,"4,906",1303
108/08/08,"5,853,307","399,960,011",68.20,68.80,68.10,68.10, 0.00,"2,730",1303
108/08/12,"6,286,373","426,195,164",67.80,68.00,67.60,67.60,-0.50,"3,402",1303
108/08/13,"8,801,199","591,147,310",67.40,67.60,67.00,67.00,-0.60,"4,302",1303
108/08/14,"6,513,494","437,815,306",67.30,67.80,66.90,66.90,-0.10,"3,747",1303
108/08/15,"8,576,175","566,881,815",66.50,66.60,66.00,66.00,-0.90,"4,737",1303
108/08/16,"9,869,026","659,717,937",66.20,67.60,66.00,67.20,+1.20,"4,847",1303
108/08/19,"7,285,488","489,249,301",67.30,67.60,67.00,67.00,-0.20,"3,696",1303
108/08/20,"4,829,013","326,159,351",67.00,67.90,67.00,67.60,+0.60,"2,682",1303
108/08/21,"6,180,259","419,420,415",67.90,68.20,67.60,67.90,+0.30,"4,627",1303
108/08/22,"4,390,250","299,106,379",68.50,68.60,67.90,67.90, 0.00,"2,261",1303
108/08/23,"2,121,893","144,337,361",67.90,68.30,67.80,68.30,+0.40,"1,217",1303
108/08/26,"4,481,721","301,415,390",67.70,67.90,67.10,67.20,-1.10,"2,259",1303
108/08/27,"11,936,228","800,857,177",67.50,67.90,67.00,67.00,-0.20,"2,446",1303
108/08/28,"3,764,556","252,618,914",67.10,67.50,66.90,67.20,+0.20,"2,328",1303
108/08/29,"3,770,750","253,406,629",67.00,67.60,66.90,67.60,+0.40,"1,952",1303
108/08/30,"6,064,426","414,866,822",67.70,68.80,67.70,68.80,+1.20,"2,754",1303
108/09/02,"2,696,164","184,653,516",68.10,68.80,68.00,68.50,-0.30,"1,505",1303
108/09/03,"5,341,623","362,801,164",68.10,68.50,67.30,67.30,-1.20,"2,411",1303
108/09/04,"5,554,740","379,602,978",67.30,68.70,67.30,68.40,+1.10,"2,941",1303
108/09/05,"6,393,090","442,054,200",68.40,69.40,68.30,69.30,+0.90,"3,053",1303
108/09/06,"4,576,649","317,232,945",69.30,69.60,69.10,69.20,-0.10,"2,478",1303
108/09/09,"2,795,131","192,768,916",68.90,69.10,68.80,69.10,-0.10,"1,556",1303
108/09/10,"4,249,082","294,783,965",69.40,69.60,69.20,69.40,+0.30,"1,954",1303
108/09/11,"4,524,316","314,205,443",69.50,69.80,69.10,69.40, 0.00,"1,885",1303
108/09/12,"7,515,974","523,812,681",70.00,70.40,69.30,69.40, 0.00,"2,906",1303
108/09/16,"8,008,186","565,351,181",70.50,71.00,70.30,70.60,+1.20,"4,657",1303
108/09/17,"6,674,646","472,989,166",71.00,71.10,70.60,71.00,+0.40,"2,954",1303
108/09/18,"6,716,686","473,690,208",70.60,70.80,70.20,70.40,-0.60,"3,214",1303
108/09/19,"5,729,927","402,180,945",70.40,70.60,69.80,70.10,-0.30,"2,305",1303
108/09/20,"12,779,639","901,414,917",70.30,70.70,69.70,70.70,+0.60,"1,963",1303
108/09/23,"4,688,316","332,541,671",70.90,71.20,70.70,70.90,+0.20,"2,222",1303
108/09/24,"6,275,506","444,171,426",70.80,71.30,70.20,71.00,+0.10,"2,627",1303
108/09/25,"7,164,197","506,409,998",70.80,71.00,70.40,70.80,-0.20,"2,729",1303
108/09/26,"4,645,668","328,038,184",70.90,70.90,70.40,70.40,-0.40,"2,346",1303
108/09/27,"5,868,442","410,620,740",70.10,70.40,69.70,69.70,-0.70,"2,170",1303
108/10/01,"5,523,290","387,085,945",70.00,70.60,69.80,70.60,+0.90,"2,118",1303
108/10/02,"3,465,634","243,857,347",69.90,70.90,69.90,70.00,-0.60,"1,384",1303
108/10/03,"5,424,106","374,066,860",68.60,69.30,68.50,69.00,-1.00,"2,577",1303
108/10/04,"4,193,701","290,381,071",69.00,69.70,68.90,69.50,+0.50,"2,101",1303
108/10/07,"2,836,167","196,673,720",69.20,69.50,69.20,69.50, 0.00,"1,436",1303
108/10/08,"5,090,738","356,168,260",69.50,70.30,69.50,69.80,+0.30,"2,559",1303
108/10/09,"5,157,094","356,916,174",69.20,69.60,69.00,69.00,-0.80,"2,485",1303
108/10/14,"5,100,076","356,273,054",69.80,70.10,69.20,70.00,+1.00,"3,058",1303
108/10/15,"3,196,640","223,523,001",69.50,70.30,69.50,70.30,+0.30,"2,333",1303
108/10/16,"6,213,338","438,036,528",70.30,70.80,70.00,70.80,+0.50,"3,719",1303
108/10/17,"4,701,896","333,032,578",70.80,71.20,70.50,71.20,+0.40,"2,766",1303
108/10/18,"5,299,397","376,579,187",71.10,71.30,71.00,71.00,-0.20,"2,158",1303
108/10/21,"4,182,259","296,852,322",71.00,71.20,70.90,71.10,+0.10,"2,289",1303
108/10/22,"5,493,561","392,597,395",71.10,71.90,71.10,71.90,+0.80,"3,156",1303
108/10/23,"5,100,579","364,794,054",71.70,71.80,71.10,71.30,-0.60,"2,671",1303
108/10/24,"5,296,337","380,217,001",71.60,72.10,71.40,72.10,+0.80,"2,821",1303
108/10/25,"4,583,603","328,029,830",71.90,72.10,71.30,71.40,-0.70,"2,152",1303
108/10/28,"4,090,110","291,536,414",72.00,72.00,71.00,71.40, 0.00,"2,523",1303
108/10/29,"3,548,057","253,440,546",71.90,71.90,71.20,71.50,+0.10,"1,914",1303
108/10/30,"5,667,195","407,221,855",71.50,72.10,71.40,72.10,+0.60,"3,014",1303
108/10/31,"7,240,318","522,245,016",72.50,72.50,71.80,72.00,-0.10,"3,139",1303
108/11/01,"2,649,509","190,020,611",71.60,72.00,71.50,71.80,-0.20,"1,855",1303
108/11/04,"4,943,020","355,598,501",71.80,72.30,71.50,72.30,+0.50,"2,779",1303
108/11/05,"5,275,492","382,728,927",72.30,72.90,72.20,72.90,+0.60,"2,948",1303
108/11/06,"4,573,915","331,275,118",72.90,72.90,72.20,72.60,-0.30,"2,379",1303
108/11/07,"4,011,316","291,379,780",72.60,72.90,72.20,72.90,+0.30,"2,192",1303
108/11/08,"3,478,179","252,518,480",72.80,72.80,72.50,72.70,-0.20,"2,000",1303
108/11/11,"4,650,973","334,925,456",72.70,72.70,71.80,72.00,-0.70,"2,236",1303
108/11/12,"3,876,994","279,184,445",72.00,72.30,71.70,72.10,+0.10,"1,919",1303
108/11/13,"3,841,209","274,904,996",71.50,71.80,71.40,71.40,-0.70,"2,163",1303
108/11/14,"3,392,842","241,265,840",71.40,71.40,70.90,71.00,-0.40,"1,918",1303
108/11/15,"3,086,397","221,009,872",71.70,72.20,71.10,71.50,+0.50,"1,465",1303
108/11/18,"2,802,571","200,289,499",71.50,71.80,71.10,71.80,+0.30,"1,416",1303
108/11/19,"4,390,667","314,631,098",71.00,72.10,71.00,71.90,+0.10,"2,241",1303
108/11/20,"2,265,252","161,498,266",71.50,71.70,71.10,71.40,-0.50,"1,412",1303
108/11/21,"3,796,511","268,767,512",70.50,71.10,70.50,71.00,-0.40,"1,644",1303
108/11/22,"2,840,549","202,201,618",71.10,71.50,70.90,71.50,+0.50,"1,526",1303
108/11/25,"2,702,832","193,526,068",71.60,71.80,71.20,71.70,+0.20,"1,494",1303
108/11/26,"20,432,694","1,466,625,261",71.90,72.50,71.60,71.60,-0.10,"4,260",1303
108/11/27,"5,129,805","371,259,317",72.30,72.50,71.90,72.50,+0.90,"3,403",1303
108/11/28,"3,517,002","255,065,320",72.40,72.60,72.20,72.50, 0.00,"2,188",1303
108/11/29,"4,037,846","289,165,671",72.10,72.30,71.20,71.50,-1.00,"1,976",1303
108/12/02,"2,233,983","160,255,366",71.70,72.10,71.50,71.60,+0.10,"1,404",1303
108/12/03,"2,285,710","163,566,510",71.60,71.70,71.40,71.60, 0.00,"1,106",1303
108/12/04,"2,603,358","186,458,152",71.40,71.80,71.30,71.80,+0.20,"1,287",1303
108/12/05,"4,697,499","335,141,803",71.80,72.20,71.00,71.00,-0.80,"2,948",1303
108/12/06,"2,223,923","158,631,890",71.50,71.70,71.10,71.20,+0.20,"1,387",1303
108/12/09,"3,415,958","242,676,218",70.90,71.50,70.80,70.90,-0.30,"1,605",1303
108/12/10,"2,762,985","196,269,202",70.90,71.30,70.90,71.10,+0.20,"1,477",1303
108/12/11,"2,482,992","176,644,303",71.00,71.30,70.80,71.30,+0.20,"1,117",1303
108/12/12,"5,895,989","423,748,908",71.50,72.00,71.30,72.00,+0.70,"2,703",1303
108/12/13,"5,227,088","377,138,036",72.10,72.30,72.00,72.20,+0.20,"2,548",1303
108/12/16,"4,832,453","348,853,674",72.20,72.40,71.80,72.20, 0.00,"1,753",1303
108/12/17,"5,485,007","397,489,686",72.20,72.70,72.00,72.70,+0.50,"2,668",1303
108/12/18,"7,166,647","520,942,595",72.60,72.90,72.40,72.60,-0.10,"2,889",1303
108/12/19,"4,598,365","334,504,473",72.80,72.90,72.40,72.90,+0.30,"2,338",1303
108/12/20,"9,701,830","707,805,029",73.00,73.20,72.70,72.90, 0.00,"2,224",1303
108/12/23,"3,831,673","279,832,529",72.90,73.20,72.90,73.20,+0.30,"1,300",1303
108/12/24,"2,147,387","156,870,044",73.30,73.30,72.90,73.00,-0.20,"1,083",1303
108/12/25,"2,151,686","156,401,222",73.00,73.00,72.40,73.00, 0.00,"1,549",1303
108/12/26,"1,655,411","120,429,711",73.00,73.00,72.60,72.80,-0.20,652,1303
108/12/27,"3,197,833","233,624,122",73.20,73.20,72.80,73.20,+0.40,"1,474",1303
108/12/30,"4,575,274","334,462,102",73.20,73.30,72.90,73.20, 0.00,"1,386",1303
108/12/31,"2,800,232","204,022,137",72.90,73.10,72.80,72.80,-0.40,868,1303
109/01/02,"2,189,652","158,866,297",72.80,72.90,72.20,72.60,-0.20,"1,045",1303
109/01/03,"3,781,701","276,041,273",72.80,73.20,72.60,73.20,+0.60,"1,963",1303
109/01/06,"2,672,016","195,238,868",73.20,73.20,72.90,73.00,-0.20,"1,287",1303
109/01/07,"3,377,914","244,993,853",73.00,73.00,72.10,72.60,-0.40,"1,454",1303
109/01/08,"3,175,434","227,995,400",72.10,72.20,71.60,71.60,-1.00,"1,597",1303
109/01/09,"2,673,269","192,838,068",71.60,72.50,71.60,72.40,+0.80,"1,269",1303
109/01/10,"3,274,598","235,843,266",71.90,72.50,71.50,71.90,-0.50,"1,637",1303
109/01/13,"4,190,931","304,553,683",71.90,73.00,71.70,73.00,+1.10,"2,222",1303
109/01/14,"3,040,300","221,532,136",72.80,73.00,72.50,73.00, 0.00,"1,415",1303
109/01/15,"4,187,493","303,725,959",73.00,73.00,71.90,72.70,-0.30,"2,030",1303
109/01/16,"2,407,534","174,665,046",72.50,72.90,72.20,72.90,+0.20,951,1303
109/01/17,"3,058,941","222,779,864",73.00,73.00,72.50,73.00,+0.10,"1,394",1303
109/01/20,"2,934,054","214,118,696",72.90,73.20,72.60,72.80,-0.20,"1,691",1303
109/01/30,"13,967,893","973,595,345",69.70,71.30,68.60,68.60,-4.20,"6,931",1303
109/01/31,"6,665,272","463,801,480",68.80,70.00,68.80,69.70,+1.10,"3,080",1303
109/02/03,"6,893,355","473,172,995",68.60,69.40,67.50,68.50,-1.20,"3,482",1303
109/02/04,"5,225,445","362,648,269",68.30,70.10,68.30,70.10,+1.60,"2,547",1303
109/02/05,"5,815,108","401,425,395",69.50,69.60,68.70,68.90,-1.20,"2,778",1303
109/02/06,"5,136,311","359,827,616",69.90,70.30,69.20,70.30,+1.40,"2,197",1303
109/02/07,"4,547,151","316,245,070",69.20,69.90,69.10,69.80,-0.50,"2,007",1303
109/02/10,"3,963,643","275,401,116",69.30,69.90,68.70,69.90,+0.10,"1,741",1303
109/02/11,"2,415,259","168,843,030",69.80,70.00,69.60,70.00,+0.10,"1,208",1303
109/02/12,"3,439,330","240,422,100",70.00,70.20,69.80,69.80,-0.20,"1,715",1303
109/02/13,"3,395,205","238,337,804",69.70,70.40,69.70,70.40,+0.60,"1,589",1303
109/02/14,"2,294,185","161,215,201",70.20,70.50,70.00,70.40, 0.00,969,1303
109/02/17,"1,956,786","136,959,263",70.30,70.30,69.80,70.10,-0.30,"1,024",1303
109/02/18,"3,564,381","248,801,992",69.90,70.10,69.30,70.10, 0.00,"1,134",1303
109/02/19,"3,912,533","276,560,857",70.40,71.00,70.10,70.80,+0.70,"2,013",1303
109/02/20,"3,520,493","246,972,110",70.90,70.90,69.80,70.00,-0.80,"1,535",1303
109/02/21,"3,396,245","237,339,093",70.00,70.50,69.60,69.80,-0.20,"1,700",1303
109/02/24,"5,740,269","396,272,353",69.00,69.70,68.50,68.90,-0.90,"2,865",1303
109/02/25,"5,802,458","398,697,102",68.80,69.00,68.50,68.50,-0.40,"3,283",1303
109/02/26,"9,107,183","617,204,360",68.00,68.30,67.50,67.70,-0.80,"4,473",1303
109/02/27,"6,661,116","451,965,966",67.60,68.10,67.60,68.10,+0.40,"2,459",1303
109/03/02,"8,497,616","572,979,735",67.50,67.70,67.10,67.70,-0.40,"4,246",1303
109/03/03,"6,062,361","411,738,648",67.90,68.30,67.70,67.70, 0.00,"2,588",1303
109/03/04,"4,563,197","312,576,116",67.70,68.80,67.70,68.80,+1.10,"2,010",1303
109/03/05,"4,455,409","308,981,683",68.80,69.70,68.70,69.70,+0.90,"2,458",1303
109/03/06,"6,839,086","466,789,180",69.60,69.60,67.80,68.20,-1.50,"3,558",1303
109/03/09,"11,924,148","789,686,630",66.50,67.00,65.60,66.00,-2.20,"6,603",1303
109/03/10,"8,178,613","541,265,126",66.00,66.80,65.80,66.20,+0.20,"3,877",1303
109/03/11,"7,192,136","477,901,132",66.00,67.10,66.00,66.30,+0.10,"3,619",1303
109/03/12,"11,400,229","734,135,429",66.40,66.40,63.60,63.80,-2.50,"6,207",1303
109/03/13,"18,997,576","1,128,209,812",60.00,61.50,58.10,61.40,-2.40,"9,120",1303
109/03/16,"11,753,137","699,468,480",61.50,61.50,58.60,58.80,-2.60,"5,760",1303
109/03/17,"17,840,509","1,008,033,394",57.50,58.00,55.70,56.00,-2.80,"7,301",1303
109/03/18,"18,968,989","1,020,676,117",56.50,56.50,51.60,52.40,-3.60,"8,615",1303
109/03/19,"23,200,373","1,117,630,758",50.00,50.10,47.20,47.30,-5.10,"9,648",1303
109/03/20,"25,699,244","1,263,225,978",47.95,51.00,47.90,50.10,+2.80,"9,921",1303
109/03/23,"13,982,670","681,060,377",47.90,49.95,47.65,48.65,-1.45,"4,463",1303
109/03/24,"10,285,242","533,393,084",50.80,52.50,50.50,51.70,+3.05,"4,545",1303
109/03/25,"8,987,168","493,316,953",53.80,55.70,53.70,55.70,+4.00,"4,782",1303
109/03/26,"6,194,943","342,924,199",56.80,56.80,54.20,55.60,-0.10,"2,819",1303
109/03/27,"6,039,232","337,917,525",56.00,57.00,55.40,55.60, 0.00,"2,627",1303
109/03/30,"8,723,566","481,110,419",55.00,57.00,52.90,55.60, 0.00,"3,343",1303
109/03/31,"9,404,405","518,154,339",56.00,56.30,54.40,54.70,-0.90,"3,046",1303
109/04/01,"7,027,237","380,166,156",54.50,55.20,53.70,53.70,-1.00,"3,559",1303
109/04/06,"7,980,803","439,624,627",55.60,56.00,54.10,55.30,+1.60,"3,910",1303
109/04/07,"5,804,647","325,644,533",56.30,56.50,55.60,56.30,+1.00,"2,837",1303
109/04/08,"8,561,016","493,360,898",56.30,58.40,56.00,58.10,+1.80,"4,759",1303
109/04/09,"6,111,631","355,711,771",58.10,59.00,57.80,58.10, 0.00,"3,641",1303
109/04/10,"4,256,618","247,907,099",58.10,58.90,57.70,58.40,+0.30,"2,377",1303
109/04/13,"4,060,561","236,035,389",58.00,58.80,57.30,57.80,-0.60,"2,568",1303
109/04/14,"9,455,017","565,988,388",57.80,60.50,57.80,60.10,+2.30,"4,339",1303
109/04/15,"7,128,659","431,153,599",60.10,60.80,60.10,60.80,+0.70,"4,334",1303
109/04/16,"7,709,801","462,408,955",59.80,60.50,59.60,59.90,-0.90,"3,371",1303
109/04/17,"7,616,892","463,317,350",60.50,62.20,60.10,60.10,+0.20,"4,051",1303
109/04/20,"6,088,834","363,160,181",60.00,60.10,59.40,59.70,-0.40,"2,805",1303
109/04/21,"10,638,041","614,080,242",59.50,59.50,57.00,57.20,-2.50,"6,551",1303
109/04/22,"5,040,085","285,892,053",56.50,57.10,56.10,56.90,-0.30,"3,349",1303
109/04/23,"6,139,414","353,977,747",56.90,59.00,56.90,57.50,+0.60,"3,342",1303
109/04/24,"4,369,095","250,044,051",57.50,58.00,57.00,57.00,-0.50,"2,777",1303
109/04/27,"10,925,063","647,156,542",58.30,59.90,57.90,59.60,+2.60,"5,236",1303
109/04/28,"9,137,055","549,358,515",60.00,60.60,59.50,60.30,+0.70,"5,010",1303
109/04/29,"12,466,149","777,874,000",60.50,63.10,60.50,62.50,+2.20,"7,791",1303
109/04/30,"15,989,935","1,053,186,355",63.00,66.80,63.00,66.20,+3.70,"9,251",1303
109/05/04,"14,573,797","922,802,199",62.40,64.40,62.40,63.50,-2.70,"7,496",1303
109/05/05,"5,195,729","332,522,381",64.00,64.60,63.50,63.80,+0.30,"2,942",1303
109/05/06,"6,142,618","389,076,438",63.70,64.20,63.00,63.00,-0.80,"3,085",1303
109/05/07,"4,840,643","306,190,309",62.90,64.10,62.80,63.00, 0.00,"2,731",1303
109/05/08,"5,194,831","332,830,034",63.80,64.40,63.40,64.00,+1.00,"2,812",1303
109/05/11,"4,008,985","261,309,201",65.70,65.80,64.60,64.60,+0.60,"2,398",1303
109/05/12,"7,440,286","473,648,052",64.00,64.10,63.50,63.50,-1.10,"3,776",1303
109/05/13,"3,629,347","230,895,908",63.40,64.00,63.20,64.00,+0.50,"1,884",1303
109/05/14,"4,900,504","308,476,752",63.40,63.70,62.50,62.70,-1.30,"2,637",1303
109/05/15,"4,029,517","253,097,471",63.60,63.60,62.50,62.70, 0.00,"2,104",1303
109/05/18,"3,876,690","243,210,579",62.00,63.20,62.00,62.60,-0.10,"1,757",1303
109/05/19,"6,126,951","390,558,753",64.50,64.50,63.20,63.60,+1.00,"2,689",1303
109/05/20,"4,061,458","259,027,536",64.00,64.00,63.40,63.90,+0.30,"2,185",1303
109/05/21,"2,832,732","181,130,548",63.50,64.40,63.30,63.90, 0.00,"1,755",1303
109/05/22,"7,131,973","447,507,082",63.80,63.90,62.30,62.30,-1.60,"3,767",1303
109/05/25,"4,468,565","275,146,933",62.90,62.90,60.80,62.10,-0.20,"2,805",1303
109/05/26,"5,980,675","379,742,532",62.90,63.80,62.50,63.30,+1.20,"3,175",1303
109/05/27,"4,135,995","261,594,560",63.30,63.70,63.00,63.10,-0.20,"1,740",1303
109/05/28,"4,854,829","304,828,072",63.60,63.90,62.00,62.50,-0.60,"2,056",1303
109/05/29,"15,240,344","956,332,172",62.40,63.40,62.00,62.90,+0.40,"2,925",1303
109/06/01,"5,757,367","366,314,810",63.80,63.90,63.00,63.20,+0.30,"3,012",1303
109/06/02,"4,311,494","273,489,184",63.20,63.80,63.10,63.80,+0.60,"2,471",1303
109/06/03,"9,737,125","629,980,025",64.50,65.00,64.00,65.00,+1.20,"5,333",1303
109/06/04,"4,745,497","308,951,905",65.90,65.90,64.70,65.00, 0.00,"2,660",1303
109/06/05,"4,544,560","295,371,029",65.20,65.30,64.70,65.30,+0.30,"2,441",1303
109/06/08,"7,941,534","524,630,425",65.60,66.50,65.30,66.50,+1.20,"4,365",1303
109/06/09,"6,074,936","405,034,912",66.60,67.00,66.00,67.00,+0.50,"3,537",1303
109/06/10,"7,398,001","497,674,339",67.20,67.50,66.50,67.40,+0.40,"3,006",1303
109/06/11,"6,244,995","415,423,070",67.30,67.50,65.60,66.00,-1.40,"3,604",1303
109/06/12,"7,046,151","458,516,381",65.30,65.50,64.70,65.30,-0.70,"3,178",1303
109/06/15,"7,447,059","480,813,581",65.10,65.50,63.40,64.10,-1.20,"3,174",1303
109/06/16,"6,088,341","397,052,065",64.40,66.10,64.40,64.90,+0.80,"3,404",1303
109/06/17,"5,780,901","374,935,347",64.70,65.40,64.50,64.90, 0.00,"3,832",1303
109/06/18,"6,411,002","413,804,506",64.90,65.00,64.20,64.90, 0.00,"3,392",1303
109/06/19,"16,677,384","1,067,402,968",64.80,65.20,63.80,63.80,-1.10,"5,040",1303
109/06/22,"5,891,278","379,120,762",63.80,65.30,63.80,64.40,+0.60,"3,904",1303
109/06/23,"5,956,720","385,327,036",64.50,65.00,64.20,65.00,+0.60,"3,474",1303
109/06/24,"6,355,364","413,054,660",65.30,65.40,64.70,64.70,-0.30,"4,308",1303
109/06/29,"7,041,839","450,406,832",64.60,64.70,63.70,64.00,-0.70,"4,276",1303
109/06/30,"5,276,120","340,827,923",64.40,65.00,64.10,64.60,+0.60,"2,062",1303
109/07/01,"3,893,446","253,777,660",64.50,65.50,64.50,65.20,+0.60,"1,768",1303
109/07/02,"5,343,795","350,875,229",65.50,66.00,65.10,65.40,+0.20,"2,937",1303
109/07/03,"4,351,800","286,745,616",65.80,66.20,65.70,65.80,+0.40,"1,830",1303
109/07/06,"10,418,486","694,304,562",66.00,67.00,66.00,67.00,+1.20,"3,986",1303
109/07/07,"8,808,769","570,508,004",64.80,65.20,64.50,64.80,X0.00,"3,622",1303
109/07/08,"5,681,452","367,321,349",64.80,65.00,64.50,64.80, 0.00,"2,183",1303
109/07/09,"6,463,462","415,994,152",64.90,64.90,64.10,64.30,-0.50,"2,104",1303
109/07/10,"6,163,983","391,753,505",64.20,64.20,63.30,63.30,-1.00,"2,558",1303
109/07/13,"5,132,034","329,082,124",63.90,64.70,63.70,63.80,+0.50,"1,980",1303
109/07/14,"4,707,773","299,922,808",63.80,64.10,63.50,63.50,-0.30,"1,764",1303
109/07/15,"5,390,527","344,659,936",64.00,64.40,63.50,64.10,+0.60,"2,239",1303
109/07/16,"5,532,909","357,946,499",64.70,65.00,64.30,64.60,+0.50,"2,478",1303
109/07/17,"3,765,183","243,631,693",65.30,65.30,64.40,64.40,-0.20,"1,336",1303
109/07/20,"4,515,280","286,735,551",63.70,64.10,63.20,63.50,-0.90,"2,035",1303
109/07/21,"6,495,876","417,635,141",63.70,64.70,63.70,64.00,+0.50,"2,555",1303
109/07/22,"4,147,867","266,623,754",63.80,64.60,63.70,64.40,+0.40,"1,767",1303
109/07/23,"3,866,471","246,301,132",64.20,64.30,63.00,63.50,-0.90,"1,644",1303
109/07/24,"4,685,401","296,247,475",63.30,63.80,63.00,63.10,-0.40,"1,634",1303
109/07/27,"5,004,195","313,536,978",63.00,63.00,62.40,62.50,-0.60,"1,860",1303
109/07/28,"7,327,916","450,167,293",61.90,62.00,60.20,61.40,-1.10,"3,033",1303
109/07/29,"3,577,097","220,248,019",61.20,62.40,61.10,61.10,-0.30,"2,082",1303
109/07/30,"4,805,959","294,650,446",61.70,61.90,61.00,61.50,+0.40,"2,144",1303
109/07/31,"8,347,168","511,543,512",61.60,62.30,61.10,61.10,-0.40,"1,842",1303
109/08/03,"7,757,542","468,414,177",61.00,61.40,60.00,60.20,-0.90,"3,468",1303
109/08/04,"4,343,407","262,552,878",60.50,61.00,60.10,60.40,+0.20,"2,000",1303
109/08/05,"3,453,564","209,821,934",60.40,61.00,60.40,60.70,+0.30,"2,003",1303
109/08/06,"5,001,560","306,906,623",61.10,62.00,60.90,61.50,+0.80,"2,935",1303
109/08/07,"5,862,552","358,739,455",61.50,62.00,60.80,60.80,-0.70,"3,212",1303
109/08/10,"6,113,979","381,626,531",61.00,63.50,61.00,63.20,+2.40,"4,053",1303
109/08/11,"5,097,547","322,569,558",63.10,63.60,62.80,62.80,-0.40,"3,316",1303
109/08/12,"4,494,439","282,372,976",63.10,63.40,61.90,63.00,+0.20,"2,528",1303
109/08/13,"4,347,915","275,606,385",63.50,63.70,62.60,63.60,+0.60,"1,954",1303
109/08/14,"1,725,914","108,915,327",62.90,63.40,62.80,63.30,-0.30,974,1303
109/08/17,"2,542,078","161,918,845",63.30,63.90,63.20,63.90,+0.60,"1,158",1303
109/08/18,"3,302,986","209,851,296",64.00,64.00,63.00,63.80,-0.10,"1,144",1303
109/08/19,"4,137,936","260,436,968",63.50,63.60,62.70,62.70,-1.10,"2,307",1303
109/08/20,"6,853,085","419,703,502",62.00,62.30,60.60,60.80,-1.90,"3,286",1303
109/08/21,"4,280,218","266,171,352",62.00,62.70,61.70,62.30,+1.50,"2,472",1303
109/08/24,"2,275,386","140,880,132",62.20,62.30,61.60,61.80,-0.50,950,1303
109/08/25,"4,781,283","296,208,865",61.70,62.50,61.70,61.70,-0.10,"2,523",1303
109/08/26,"3,908,268","241,650,216",61.80,62.30,61.60,62.00,+0.30,"1,914",1303
109/08/27,"3,205,941","197,319,635",62.20,62.20,61.20,61.60,-0.40,"1,440",1303
109/08/28,"3,374,894","208,281,323",61.10,62.00,61.10,61.80,+0.20,"1,694",1303
109/08/31,"6,556,708","403,037,091",62.00,62.00,61.00,61.50,-0.30,"1,722",1303
109/09/01,"7,975,048","484,796,228",61.30,61.50,60.50,60.80,-0.70,"2,708",1303
109/09/02,"5,515,247","334,405,812",60.80,61.00,60.30,60.80, 0.00,"2,711",1303
109/09/03,"5,799,606","353,589,874",60.70,61.70,60.60,60.90,+0.10,"2,679",1303
109/09/04,"4,163,609","252,859,949",60.80,61.10,60.40,60.50,-0.40,"2,087",1303
109/09/07,"4,138,639","252,861,245",60.50,61.40,60.50,61.10,+0.60,"1,964",1303
109/09/08,"3,443,393","210,779,469",61.40,61.60,61.00,61.10, 0.00,"1,800",1303
109/09/09,"4,603,753","278,771,403",61.00,61.00,60.10,61.00,-0.10,"2,439",1303
109/09/10,"2,564,035","155,728,135",61.20,61.20,60.50,61.00, 0.00,"1,623",1303
109/09/11,"3,657,268","221,376,698",60.90,60.90,60.30,60.80,-0.20,"2,047",1303
109/09/14,"2,527,282","153,689,902",61.00,61.00,60.50,61.00,+0.20,"1,341",1303
109/09/15,"4,425,912","270,050,790",60.70,61.20,60.70,61.20,+0.20,"1,886",1303
109/09/16,"3,783,832","230,947,412",61.20,61.30,60.70,61.10,-0.10,"1,914",1303
109/09/17,"3,971,220","241,758,120",60.80,61.10,60.70,60.90,-0.20,"2,085",1303
109/09/18,"13,321,470","819,602,034",61.00,61.90,60.90,61.30,+0.40,"4,461",1303
109/09/21,"4,998,871","307,736,953",61.10,62.00,61.10,61.50,+0.20,"2,179",1303
109/09/22,"5,320,273","322,364,523",61.40,61.40,60.20,60.30,-1.20,"2,458",1303
109/09/23,"5,653,899","339,735,892",60.40,60.70,59.90,60.00,-0.30,"2,701",1303
109/09/24,"12,274,995","718,019,589",59.50,59.70,58.00,58.00,-2.00,"6,051",1303
109/09/25,"4,110,565","240,591,549",58.30,59.10,58.20,58.20,+0.20,"1,829",1303
109/09/28,"3,001,420","178,033,179",58.50,59.90,58.50,59.40,+1.20,"1,331",1303
109/09/29,"4,856,930","289,457,006",59.70,59.90,59.40,59.60,+0.20,"1,407",1303
109/09/30,"4,228,582","252,406,692",60.20,60.20,59.50,59.50,-0.10,"1,651",1303
109/10/05,"3,646,165","219,367,699",60.60,60.80,59.50,59.70,+0.20,"1,648",1303
109/10/06,"4,113,661","249,451,810",60.40,60.90,60.30,60.90,+1.20,"2,576",1303
109/10/07,"2,967,195","179,678,580",60.70,60.80,60.40,60.40,-0.50,"1,312",1303
109/10/08,"1,622,800","98,296,915",60.60,60.70,60.40,60.70,+0.30,764,1303
109/10/12,"4,469,816","271,699,030",61.00,61.20,60.50,61.20,+0.50,"2,238",1303
109/10/13,"2,655,131","160,948,437",61.10,61.10,60.20,60.80,-0.40,"1,142",1303
109/10/14,"6,330,560","383,211,671",60.80,61.00,60.20,60.50,-0.30,"1,581",1303
109/10/15,"7,042,398","419,822,021",60.10,60.40,59.00,59.50,-1.00,"3,193",1303
109/10/16,"5,487,803","326,528,262",59.40,60.00,59.20,59.20,-0.30,"2,002",1303
109/10/19,"5,046,550","299,333,430",59.40,59.80,59.00,59.00,-0.20,"2,551",1303
109/10/20,"5,085,716","301,700,789",59.20,59.60,59.10,59.40,+0.40,"2,116",1303
109/10/21,"8,793,176","517,544,536",59.80,59.80,58.20,58.60,-0.80,"4,091",1303
109/10/22,"21,434,799","1,271,554,268",58.30,60.50,58.10,60.50,+1.90,"5,273",1303
109/10/23,"6,681,723","397,155,721",60.00,60.00,59.00,59.50,-1.00,"3,201",1303
109/10/26,"4,761,020","285,284,558",59.50,60.20,59.40,60.00,+0.50,"1,998",1303
109/10/27,"6,866,454","412,474,433",59.60,60.20,59.50,60.10,+0.10,"1,826",1303
109/10/28,"4,347,571","259,614,236",60.00,60.10,59.20,59.80,-0.30,"2,030",1303
109/10/29,"5,209,237","307,367,518",59.00,59.40,58.50,59.00,-0.80,"2,452",1303
109/10/30,"6,406,194","375,883,079",58.90,58.90,58.10,58.70,-0.30,"1,909",1303
109/11/02,"3,760,396","222,762,971",58.70,59.70,58.70,59.70,+1.00,"1,848",1303
109/11/03,"7,117,345","430,078,613",59.90,60.80,59.80,60.80,+1.10,"3,106",1303
109/11/04,"5,535,313","337,217,551",60.00,61.20,59.80,61.00,+0.20,"2,509",1303
109/11/05,"4,464,851","273,931,196",61.40,61.70,61.00,61.50,+0.50,"2,088",1303
109/11/06,"4,368,921","268,446,588",61.20,61.70,61.10,61.70,+0.20,"1,628",1303
109/11/09,"5,240,529","325,092,858",62.20,62.50,61.60,62.10,+0.40,"2,214",1303
109/11/10,"7,172,504","449,786,293",62.40,63.00,62.30,63.00,+0.90,"3,838",1303
109/11/11,"14,576,326","939,054,951",63.50,65.30,63.40,65.30,+2.30,"7,353",1303
109/11/12,"8,242,508","527,698,395",64.90,65.20,63.50,63.90,-1.40,"3,102",1303
109/11/13,"4,705,488","301,087,022",63.90,64.20,63.70,64.10,+0.20,"2,093",1303
109/11/16,"6,666,674","429,588,924",64.50,64.80,64.20,64.50,+0.40,"3,328",1303
109/11/17,"7,698,669","495,634,502",64.60,65.00,63.70,65.00,+0.50,"3,585",1303
109/11/18,"9,346,903","608,974,585",64.90,65.50,64.60,65.50,+0.50,"4,593",1303
109/11/19,"5,334,516","348,045,192",64.70,65.50,64.60,65.30,-0.20,"1,983",1303
109/11/20,"6,712,821","438,573,552",65.30,65.70,65.00,65.70,+0.40,"2,491",1303
109/11/23,"7,079,100","467,883,935",66.00,66.30,65.70,66.20,+0.50,"2,655",1303
109/11/24,"4,415,592","290,625,287",66.10,66.20,65.20,65.60,-0.60,"2,011",1303
109/11/25,"5,863,535","385,986,339",65.60,66.20,65.50,65.50,-0.10,"2,456",1303
109/11/26,"4,307,115","282,536,419",65.10,65.80,65.10,65.80,+0.30,"1,507",1303
109/11/27,"8,371,187","549,794,473",65.40,66.00,65.30,65.60,-0.20,"2,894",1303
109/11/30,"22,411,990","1,447,379,577",65.90,66.20,64.20,64.20,-1.40,"3,986",1303
109/12/01,"5,992,531","392,135,108",64.60,66.00,64.60,66.00,+1.80,"2,609",1303
109/12/02,"8,368,563","547,532,681",64.90,66.00,64.80,65.60,-0.40,"2,161",1303
109/12/03,"17,457,807","1,168,540,214",66.20,67.40,66.10,66.60,+1.00,"8,416",1303
109/12/04,"12,260,786","830,643,283",67.20,68.00,67.20,67.70,+1.10,"5,738",1303
109/12/07,"7,499,868","506,853,924",68.30,68.50,67.00,67.50,-0.20,"3,581",1303
109/12/08,"4,791,519","321,466,231",66.70,67.50,66.70,67.20,-0.30,"2,389",1303
109/12/09,"5,315,819","357,015,313",67.10,67.70,66.80,67.10,-0.10,"2,161",1303
109/12/10,"7,899,349","536,042,010",67.50,68.20,67.00,67.80,+0.70,"3,167",1303
109/12/11,"7,582,096","516,226,156",67.60,68.30,67.60,68.30,+0.50,"3,255",1303
109/12/14,"4,894,747","334,333,727",68.50,68.90,67.60,67.80,-0.50,"2,444",1303
109/12/15,"5,738,490","385,153,524",67.10,67.70,66.70,67.20,-0.60,"2,141",1303
109/12/16,"7,005,453","477,612,482",67.50,68.80,67.50,68.70,+1.50,"3,802",1303
109/12/17,"4,832,591","330,293,433",68.70,68.90,67.70,68.60,-0.10,"2,122",1303
109/12/18,"8,933,193","606,615,752",68.10,68.70,67.50,67.50,-1.10,"3,076",1303
109/12/21,"7,187,344","494,854,560",67.60,69.40,67.60,69.40,+1.90,"4,181",1303
109/12/22,"7,528,871","523,642,899",69.50,70.30,68.00,68.60,-0.80,"3,852",1303
109/12/23,"2,722,715","185,974,227",68.20,69.00,67.80,68.10,-0.50,"1,653",1303
109/12/24,"3,474,048","240,123,936",68.40,69.40,68.20,69.20,+1.10,"1,982",1303
109/12/25,"3,134,360","217,944,650",69.20,69.90,69.10,69.40,+0.20,"1,717",1303
109/12/28,"6,930,374","486,928,543",69.40,70.70,69.40,70.60,+1.20,"3,986",1303
109/12/29,"3,126,134","219,486,659",70.60,70.70,70.00,70.40,-0.20,"1,453",1303
109/12/30,"12,444,962","893,378,758",70.60,72.90,70.60,72.50,+2.10,"6,546",1303
109/12/31,"6,469,210","465,948,926",72.10,72.70,71.60,71.90,-0.60,"3,059",1303
110/01/04,"8,073,128","578,243,508",71.00,72.60,70.70,71.40,-0.50,"3,369",1303
110/01/05,"4,927,093","349,917,867",71.50,71.80,70.60,71.00,-0.40,"2,441",1303
110/01/06,"6,507,105","460,675,628",70.50,71.30,70.10,70.70,-0.30,"3,763",1303
110/01/07,"5,592,302","400,498,910",71.00,71.90,71.00,71.50,+0.80,"3,117",1303
110/01/08,"9,795,099","707,838,855",71.50,72.70,71.30,72.70,+1.20,"4,814",1303
110/01/11,"12,487,570","921,298,031",72.80,74.40,72.70,74.40,+1.70,"6,131",1303
110/01/12,"7,689,658","564,609,953",74.90,74.90,72.80,73.60,-0.80,"3,855",1303
110/01/13,"11,145,111","826,242,928",73.90,74.50,73.60,74.00,+0.40,"4,772",1303
110/01/14,"8,278,224","612,563,040",74.20,74.50,73.50,74.20,+0.20,"4,175",1303
110/01/15,"7,215,481","526,394,927",74.00,74.10,72.30,72.30,-1.90,"3,987",1303
110/01/18,"5,613,313","399,670,684",72.10,72.20,70.20,71.50,-0.80,"2,984",1303
110/01/19,"3,667,684","261,930,299",71.20,71.70,70.50,71.70,+0.20,"2,370",1303
110/01/20,"13,230,699","922,192,296",70.80,70.90,69.00,69.30,-2.40,"7,512",1303
110/01/21,"5,350,538","372,676,938",69.20,70.30,69.20,69.30, 0.00,"2,927",1303
110/01/22,"8,876,207","613,320,638",70.20,70.20,68.60,69.20,-0.10,"3,203",1303
110/01/25,"4,893,722","343,112,570",69.40,70.70,69.40,70.30,+1.10,"2,381",1303
110/01/26,"6,749,075","470,251,214",69.80,70.20,69.30,69.50,-0.80,"3,106",1303
110/01/27,"6,125,180","424,948,161",70.20,70.40,69.10,69.10,-0.40,"1,916",1303
110/01/28,"9,580,716","650,020,015",68.50,69.00,67.00,67.70,-1.40,"4,531",1303
110/01/29,"11,237,656","746,380,787",66.40,67.80,65.60,65.60,-2.10,"5,019",1303
110/02/01,"5,149,882","344,943,257",66.00,67.70,66.00,66.70,+1.10,"3,135",1303
110/02/02,"7,807,154","534,097,572",66.60,69.20,66.00,68.80,+2.10,"4,047",1303
110/02/03,"7,864,083","541,260,234",68.60,69.60,68.10,68.80, 0.00,"2,240",1303
110/02/04,"5,125,105","351,634,552",68.00,69.20,68.00,68.90,+0.10,"2,004",1303
110/02/05,"5,437,422","374,352,546",68.70,69.90,68.30,68.50,-0.40,"2,276",1303
110/02/17,"12,694,027","887,733,742",69.80,70.40,69.30,70.00,+1.50,"5,617",1303
110/02/18,"7,449,278","527,683,724",70.00,71.50,70.00,70.70,+0.70,"3,738",1303
110/02/19,"8,352,682","585,756,461",70.70,70.90,69.50,70.20,-0.50,"2,795",1303
110/02/22,"6,801,249","486,676,670",71.00,72.00,70.60,71.60,+1.40,"3,445",1303
110/02/23,"12,012,673","877,253,009",71.90,73.90,71.60,73.80,+2.20,"6,187",1303
110/02/24,"11,402,312","842,546,495",74.10,74.70,73.50,73.80, 0.00,"4,672",1303
110/02/25,"14,084,735","1,052,526,452",74.00,75.00,73.90,75.00,+1.20,"6,844",1303
110/02/26,"19,401,420","1,411,766,419",74.40,74.40,72.00,72.70,-2.30,"5,782",1303
110/03/02,"9,996,573","742,193,468",73.90,74.70,73.50,73.80,+1.10,"5,366",1303
110/03/03,"13,441,225","1,005,106,844",74.50,75.00,74.10,74.80,+1.00,"5,289",1303
110/03/04,"15,004,550","1,101,220,785",74.60,74.80,72.60,73.40,-1.40,"6,286",1303
110/03/05,"8,302,267","603,396,646",72.60,73.00,72.30,72.90,-0.50,"3,644",1303
110/03/08,"9,575,406","705,109,065",72.40,74.80,72.40,73.50,+0.60,"4,904",1303
110/03/09,"8,092,258","593,769,183",74.00,74.00,72.70,73.60,+0.10,"2,826",1303
110/03/10,"9,969,389","740,732,319",73.90,74.70,73.30,74.60,+1.00,"5,197",1303
110/03/11,"26,987,314","2,086,691,475",75.00,78.40,74.90,76.70,+2.10,"14,030",1303
110/03/12,"8,157,658","626,823,154",77.30,77.60,76.00,77.20,+0.50,"4,064",1303
110/03/15,"13,661,745","1,055,922,705",76.40,77.90,76.40,76.80,-0.40,"4,357",1303
110/03/16,"10,353,156","800,364,655",76.80,77.80,76.40,77.30,+0.50,"3,713",1303
110/03/17,"9,405,223","722,143,919",77.40,77.40,76.00,76.40,-0.90,"5,307",1303
110/03/18,"10,276,766","784,077,190",76.60,77.20,75.60,76.60,+0.20,"4,822",1303
110/03/19,"22,573,032","1,680,944,213",75.30,75.60,73.80,74.50,-2.10,"8,069",1303
110/03/22,"8,737,019","660,448,250",73.80,76.40,73.50,76.40,+1.90,"3,882",1303
110/03/23,"5,140,538","390,816,503",76.00,76.50,75.80,75.90,-0.50,"2,127",1303
110/03/24,"6,834,886","518,336,076",75.70,76.20,75.30,76.20,+0.30,"2,633",1303
110/03/25,"4,906,095","374,351,016",75.60,76.80,75.40,76.50,+0.30,"2,743",1303
110/03/26,"8,533,408","658,785,476",76.50,77.80,76.20,77.30,+0.80,"3,916",1303
110/03/29,"20,209,718","1,593,356,843",77.60,79.30,77.50,78.90,+1.60,"9,922",1303
110/03/30,"11,825,301","933,405,963",78.90,79.10,78.20,79.00,+0.10,"5,164",1303
110/03/31,"15,245,976","1,212,931,107",79.00,79.80,78.70,79.80,+0.80,"6,177",1303
110/04/01,"7,495,356","594,951,506",79.80,79.80,78.60,79.60,-0.20,"3,512",1303
110/04/06,"9,438,991","755,094,857",80.00,80.20,79.70,80.00,+0.40,"3,536",1303
110/04/07,"6,851,645","547,131,578",80.00,80.10,79.30,80.10,+0.10,"3,354",1303
110/04/08,"7,010,936","560,193,728",79.70,80.30,79.30,80.10, 0.00,"2,928",1303
110/04/09,"21,028,387","1,720,942,097",80.30,83.20,80.10,82.30,+2.20,"8,912",1303
110/04/12,"27,899,171","2,374,894,303",83.50,86.00,83.50,85.50,+3.20,"14,020",1303
110/04/13,"22,380,203","1,955,970,265",87.10,89.00,86.50,86.80,+1.30,"12,799",1303
110/04/14,"12,970,039","1,121,168,695",87.20,87.90,85.50,86.50,-0.30,"7,875",1303
110/04/15,"26,818,156","2,373,672,451",87.00,89.30,87.00,89.00,+2.50,"13,203",1303
110/04/16,"18,804,925","1,681,973,620",89.70,90.00,88.50,89.90,+0.90,"9,588",1303
110/04/19,"18,325,111","1,655,010,121",90.10,91.20,89.20,91.10,+1.20,"9,823",1303
110/04/20,"15,457,419","1,399,013,960",91.70,91.90,89.80,91.10, 0.00,"9,453",1303
110/04/21,"19,048,637","1,718,731,412",90.80,91.00,89.50,90.20,-0.90,"12,526",1303
110/04/22,"23,047,659","2,082,590,525",90.40,91.50,89.00,90.20, 0.00,"11,577",1303
110/04/23,"12,037,291","1,076,007,650",90.30,90.30,88.20,90.00,-0.20,"6,109",1303
110/04/26,"10,392,633","930,489,161",89.10,90.00,89.00,90.00, 0.00,"6,190",1303
110/04/27,"22,127,285","2,007,966,566",90.00,91.80,89.30,91.80,+1.80,"11,700",1303
110/04/28,"16,483,176","1,479,624,202",92.00,92.00,89.00,89.60,-2.20,"9,469",1303
110/04/29,"15,979,222","1,412,129,186",89.00,89.90,87.40,88.20,-1.40,"7,755",1303
110/05/03,"12,729,045","1,122,657,252",87.50,89.60,87.40,87.90,-0.30,"6,914",1303
110/05/04,"18,304,464","1,607,638,538",88.80,89.80,86.30,86.90,-1.00,"7,764",1303
110/05/05,"14,474,140","1,278,563,232",87.80,89.40,86.90,88.00,+1.10,"6,122",1303
110/05/06,"13,850,033","1,228,676,495",87.80,90.00,87.60,89.60,+1.60,"6,217",1303
110/05/07,"16,886,855","1,486,997,183",90.10,90.40,86.10,88.60,-1.00,"8,271",1303
110/05/10,"9,920,458","880,838,521",89.00,89.50,87.90,89.00,+0.40,"5,624",1303
110/05/11,"10,877,227","942,494,291",89.00,89.00,85.20,85.90,-3.10,"6,160",1303
110/05/12,"25,190,773","2,051,934,535",85.50,86.60,77.40,80.80,-5.10,"13,257",1303
110/05/13,"19,223,048","1,534,596,785",80.10,81.70,77.70,79.00,-1.80,"7,697",1303
110/05/14,"12,419,551","991,799,337",78.90,81.40,78.60,80.40,+1.40,"5,180",1303
110/05/17,"12,256,061","954,335,373",78.60,79.80,76.00,77.90,-2.50,"5,753",1303
110/05/18,"8,320,326","666,535,699",78.10,81.30,78.10,81.30,+3.40,"3,900",1303
110/05/19,"8,881,517","722,647,851",79.90,82.20,79.90,81.80,+0.50,"4,631",1303
110/05/20,"9,863,904","802,035,040",80.30,81.90,80.30,81.50,-0.30,"4,577",1303
110/05/21,"5,910,059","485,416,369",82.00,83.60,81.00,82.40,+0.90,"3,407",1303
110/05/24,"5,804,540","472,287,069",81.50,82.00,80.80,81.70,-0.70,"3,122",1303
110/05/25,"11,669,441","977,735,564",81.10,84.70,81.10,84.30,+2.60,"6,533",1303
110/05/26,"6,982,299","580,575,381",84.10,84.20,82.70,83.30,-1.00,"3,742",1303
110/05/27,"16,968,892","1,390,977,893",82.00,83.00,81.40,82.10,-1.20,"4,832",1303
110/05/28,"9,000,321","745,070,109",82.60,83.50,81.70,83.50,+1.40,"4,086",1303
110/05/31,"7,537,630","636,595,078",83.70,85.10,83.50,84.40,+0.90,"3,812",1303
110/06/01,"4,680,196","396,906,786",84.40,85.40,84.30,85.00,+0.60,"2,482",1303
110/06/02,"10,211,655","884,175,334",85.20,88.00,85.10,86.60,+1.60,"6,472",1303
110/06/03,"9,518,355","829,917,708",87.10,88.10,86.30,86.90,+0.30,"5,670",1303
110/06/04,"4,726,452","406,598,119",85.80,87.20,85.30,86.00,-0.90,"2,858",1303
110/06/07,"4,701,968","402,246,901",86.10,86.20,84.00,85.60,-0.40,"2,838",1303
110/06/08,"4,316,885","367,914,309",86.80,86.80,84.70,85.00,-0.60,"1,863",1303
110/06/09,"8,426,505","709,669,524",84.80,85.10,83.50,84.80,-0.20,"3,863",1303
110/06/10,"5,742,600","489,375,780",85.00,85.80,84.40,85.80,+1.00,"2,689",1303
110/06/11,"2,780,549","237,491,759",85.70,86.10,84.80,85.10,-0.70,"1,440",1303
110/06/15,"3,739,317","317,748,107",86.00,86.10,84.50,84.80,-0.30,"2,257",1303
110/06/16,"6,608,977","560,489,297",84.20,85.80,84.00,85.00,+0.20,"4,264",1303
110/06/17,"3,306,059","279,156,736",84.00,84.90,83.80,84.90,-0.10,"2,021",1303
110/06/18,"22,062,592","1,821,867,438",84.10,84.50,82.10,82.30,-2.60,"7,698",1303
110/06/21,"11,605,229","938,208,799",81.80,82.20,80.30,81.40,-0.90,"5,703",1303
110/06/22,"4,194,215","344,198,460",82.20,82.80,81.60,81.90,+0.50,"2,275",1303
110/06/23,"10,866,626","892,315,335",81.90,82.90,81.50,82.80,+0.90,"6,547",1303
110/06/24,"3,527,087","292,197,255",82.60,83.20,82.20,83.00,+0.20,"2,073",1303
110/06/25,"5,932,604","495,127,740",83.00,84.00,83.00,83.00, 0.00,"2,575",1303
110/06/28,"3,692,944","308,663,471",83.70,83.90,83.00,83.30,+0.30,"2,266",1303
110/06/29,"5,390,046","447,733,712",82.70,83.40,82.60,83.30, 0.00,"2,734",1303
110/06/30,"9,255,967","767,599,652",83.30,83.40,82.40,83.20,-0.10,"5,323",1303
110/07/01,"12,107,443","1,017,215,942",82.60,85.20,82.60,83.90,+0.70,"5,718",1303
110/07/02,"9,987,482","849,519,628",84.50,85.90,84.30,84.50,+0.60,"5,853",1303
110/07/05,"11,219,263","967,876,851",86.00,86.90,85.50,86.50,+2.00,"6,203",1303
110/07/06,"6,195,749","533,840,771",87.10,87.50,85.50,85.90,-0.60,"4,318",1303
110/07/07,"7,944,724","685,200,619",86.50,86.70,85.50,86.60,+0.70,"4,040",1303
110/07/08,"6,893,306","591,395,504",86.90,86.90,85.20,85.50,-1.10,"3,815",1303
110/07/09,"9,793,758","837,532,627",84.60,86.40,84.50,86.30,+0.80,"4,507",1303
110/07/12,"13,316,459","1,153,024,072",88.00,88.40,85.80,86.00,-0.30,"6,807",1303
110/07/13,"10,874,017","942,371,842",86.50,87.30,86.00,86.90,+0.90,"5,925",1303
110/07/14,"9,208,248","805,212,072",87.80,88.40,86.80,87.20,+0.30,"5,194",1303
110/07/15,"5,736,044","502,952,097",87.90,88.00,87.20,87.90,+0.70,"3,081",1303
110/07/16,"11,313,149","1,003,660,957",88.30,89.20,88.10,89.00,+1.10,"5,647",1303
110/07/19,"11,056,891","968,628,158",89.00,89.20,86.50,87.90,-1.10,"5,829",1303
110/07/20,"7,188,075","620,458,198",87.00,87.50,85.90,86.00,-1.90,"4,456",1303
110/07/21,"9,012,822","769,995,883",86.60,86.70,84.80,85.60,-0.40,"5,716",1303
110/07/22,"11,339,841","991,345,912",86.10,87.90,85.80,87.80,+2.20,"6,090",1303
110/07/23,"5,900,959","520,732,194",88.30,88.80,87.70,88.00,+0.20,"3,769",1303
110/07/26,"9,083,371","788,031,069",88.70,88.70,86.00,86.20,-1.80,"5,237",1303
110/07/27,"9,227,656","796,559,872",86.20,87.00,85.70,86.00,-0.20,"3,820",1303
110/07/28,"15,531,389","1,313,201,417",83.90,85.80,83.20,85.30,X0.00,"7,646",1303
110/07/29,"7,122,178","612,649,737",85.40,86.50,85.30,86.30,+1.00,"4,089",1303
110/07/30,"9,351,849","816,609,707",86.80,88.00,86.70,87.00,+0.70,"4,547",1303
110/08/02,"8,618,882","759,861,881",88.30,88.80,87.30,88.80,+1.80,"4,535",1303
110/08/03,"6,361,297","560,468,366",88.80,88.80,87.40,88.40,-0.40,"2,980",1303
110/08/04,"3,349,912","295,010,461",88.00,88.40,87.60,88.30,-0.10,"1,924",1303
110/08/05,"3,482,473","305,512,721",88.30,88.40,87.20,87.80,-0.50,"2,070",1303
110/08/06,"6,545,978","575,343,558",87.50,88.60,86.70,88.40,+0.60,"2,798",1303
110/08/09,"7,064,341","619,126,901",88.10,88.80,86.30,88.30,-0.10,"3,741",1303
110/08/10,"7,073,962","616,082,269",87.50,88.50,86.70,87.00,-1.30,"3,312",1303
110/08/11,"6,632,438","579,147,014",87.30,87.80,86.60,87.80,+0.80,"3,305",1303
110/08/12,"3,908,573","342,222,474",88.10,88.30,86.90,87.80, 0.00,"2,595",1303
110/08/13,"5,635,911","485,765,653",87.10,87.50,85.70,86.40,-1.40,"3,055",1303
110/08/16,"5,550,324","478,046,001",85.50,87.00,85.50,85.90,-0.50,"2,806",1303
110/08/17,"5,701,433","490,965,597",86.00,86.80,85.50,86.10,+0.20,"2,843",1303
110/08/18,"6,392,260","550,808,906",85.60,86.90,85.10,86.90,+0.80,"3,549",1303
110/08/19,"9,029,682","764,985,948",86.10,86.70,84.00,84.00,-2.90,"4,833",1303
110/08/20,"11,496,716","946,397,674",85.00,85.00,81.60,81.90,-2.10,"6,581",1303
110/08/23,"3,498,353","291,287,530",83.20,83.80,82.70,83.60,+1.70,"2,192",1303
110/08/24,"4,246,770","358,520,403",84.30,84.90,83.70,84.90,+1.30,"2,234",1303
110/08/25,"3,474,234","295,359,715",85.00,85.60,84.10,85.20,+0.30,"1,991",1303
110/08/26,"6,673,916","564,405,815",85.10,85.10,84.10,84.60,-0.60,"2,337",1303
110/08/27,"5,883,638","504,196,319",84.60,86.30,84.30,86.30,+1.70,"3,343",1303
110/08/30,"4,920,661","427,701,521",86.50,87.60,86.10,87.60,+1.30,"2,625",1303
110/08/31,"11,780,036","1,044,386,683",87.50,89.60,86.30,89.60,+2.00,"3,607",1303
110/09/01,"6,935,173","612,495,243",88.20,88.80,87.60,88.50,-1.10,"3,607",1303
110/09/02,"3,538,241","310,036,869",88.30,88.60,86.90,87.50,-1.00,"1,898",1303
110/09/03,"5,293,010","465,485,116",88.00,88.50,87.40,88.00,+0.50,"2,505",1303
110/09/06,"2,328,625","204,293,032",88.00,88.40,87.10,87.50,-0.50,"1,449",1303
110/09/07,"5,022,777","440,357,417",87.50,88.40,86.90,87.70,+0.20,"2,743",1303
110/09/08,"7,392,700","644,884,331",87.50,87.90,86.50,87.40,-0.30,"3,361",1303
110/09/09,"6,697,366","578,501,837",86.50,87.00,85.50,87.00,-0.40,"3,072",1303
110/09/10,"3,049,961","267,229,817",87.00,87.90,86.80,87.90,+0.90,"1,701",1303
110/09/13,"5,478,692","483,285,722",87.70,88.50,87.40,88.50,+0.60,"3,090",1303
110/09/14,"6,794,775","602,399,088",88.80,89.50,88.20,88.60,+0.10,"3,736",1303
110/09/15,"7,805,237","693,689,466",88.90,89.30,88.50,88.90,+0.30,"3,854",1303
110/09/16,"15,776,022","1,423,580,146",89.70,90.60,89.60,90.50,+1.60,"9,907",1303
110/09/17,"16,430,212","1,482,619,821",90.70,91.30,89.60,89.90,-0.60,"9,985",1303
110/09/22,"12,554,039","1,099,458,366",88.40,88.50,87.00,87.30,-2.60,"6,279",1303
110/09/23,"6,649,701","589,366,252",88.20,89.00,87.60,88.90,+1.60,"3,492",1303
110/09/24,"14,362,839","1,305,597,397",89.50,91.70,89.30,91.30,+2.40,"7,235",1303
110/09/27,"18,037,384","1,664,399,956",91.30,93.10,90.80,92.10,+0.80,"8,733",1303
110/09/28,"11,015,346","1,017,146,549",92.00,93.00,91.00,92.80,+0.70,"5,964",1303
110/09/29,"14,418,116","1,315,166,196",89.80,92.70,89.80,90.80,-2.00,"9,071",1303
110/09/30,"9,711,326","882,440,006",91.20,91.50,89.50,91.50,+0.70,"5,158",1303
110/10/01,"12,939,513","1,145,396,419",90.30,90.90,87.50,88.20,-3.30,"7,650",1303
110/10/04,"9,947,066","868,679,866",88.70,88.80,86.90,87.20,-1.00,"4,154",1303
110/10/05,"11,598,139","1,020,896,688",87.20,88.90,87.00,88.90,+1.70,"4,941",1303
110/10/06,"15,651,871","1,406,341,737",89.70,90.90,89.10,90.00,+1.10,"8,243",1303
110/10/07,"11,980,678","1,080,786,152",90.60,90.80,89.50,90.70,+0.70,"7,343",1303
110/10/08,"7,710,527","704,193,275",91.40,91.70,90.90,91.30,+0.60,"4,568",1303
110/10/12,"15,709,240","1,391,240,228",90.00,90.60,87.80,88.60,-2.70,"8,355",1303
110/10/13,"8,338,918","744,326,480",89.60,90.30,88.50,88.90,+0.30,"4,034",1303
110/10/14,"4,354,699","386,092,069",89.90,90.00,88.00,88.20,-0.70,"2,666",1303
110/10/15,"7,105,085","629,716,648",88.50,89.20,87.20,89.20,+1.00,"3,925",1303
110/10/18,"4,401,877","391,152,128",89.20,90.00,88.40,88.50,-0.70,"2,497",1303
110/10/19,"5,635,824","502,470,176",89.60,89.60,88.70,88.90,+0.40,"2,982",1303
110/10/20,"7,471,400","666,299,500",89.30,89.70,88.60,89.10,+0.20,"3,652",1303
110/10/21,"4,805,949","429,766,935",89.50,89.90,88.90,89.30,+0.20,"2,152",1303
110/10/22,"4,074,116","361,368,941",89.70,89.70,88.30,88.40,-0.90,"2,261",1303
110/10/25,"6,287,616","555,867,097",89.10,89.30,87.90,88.20,-0.20,"3,275",1303
110/10/26,"13,741,002","1,220,218,972",88.60,89.10,88.40,88.80,+0.60,"2,617",1303
110/10/27,"8,238,103","725,954,350",88.40,89.40,87.70,87.90,-0.90,"4,190",1303
110/10/28,"12,579,072","1,087,708,265",88.00,88.10,85.90,86.00,-1.90,"7,338",1303
110/10/29,"8,936,366","761,600,523",86.00,86.00,84.70,85.10,-0.90,"4,579",1303
110/11/01,"5,870,087","500,259,768",85.80,86.20,84.90,84.90,-0.20,"3,243",1303
110/11/02,"8,620,738","734,583,460",85.70,85.90,84.70,85.00,+0.10,"3,376",1303
110/11/03,"7,781,503","658,631,381",84.80,85.50,84.10,84.70,-0.30,"3,838",1303
110/11/04,"5,755,339","489,165,380",85.20,85.60,84.50,85.10,+0.40,"2,494",1303
110/11/05,"7,378,035","623,276,739",84.70,85.00,83.90,84.90,-0.20,"4,333",1303
110/11/08,"8,512,157","726,864,754",85.30,85.90,85.10,85.70,+0.80,"4,803",1303
110/11/09,"9,688,064","826,977,453",85.80,85.90,84.90,85.80,+0.10,"4,273",1303
110/11/10,"8,918,228","762,731,279",85.70,86.50,85.10,85.20,-0.60,"4,135",1303
110/11/11,"11,266,865","961,523,518",85.50,85.70,85.10,85.30,+0.10,"3,590",1303
110/11/12,"5,968,519","513,092,458",85.70,86.40,85.40,86.00,+0.70,"2,494",1303
110/11/15,"6,698,115","575,818,098",86.20,86.50,85.70,85.90,-0.10,"3,279",1303
110/11/16,"7,258,545","622,426,891",85.90,85.90,85.40,85.90, 0.00,"2,423",1303
110/11/17,"13,546,988","1,153,342,386",85.60,85.80,84.80,85.60,-0.30,"7,990",1303
110/11/18,"6,912,231","591,211,447",85.20,86.10,85.00,86.00,+0.40,"3,267",1303
110/11/19,"8,740,365","745,481,738",86.10,86.30,84.80,85.00,-1.00,"3,131",1303
110/11/22,"6,119,050","521,627,543",85.30,85.70,84.90,85.50,+0.50,"2,340",1303
110/11/23,"5,644,321","482,474,015",85.50,85.80,85.00,85.60,+0.10,"2,470",1303
110/11/24,"6,001,325","516,780,170",86.00,86.50,85.50,86.40,+0.80,"3,191",1303
110/11/25,"4,746,953","409,073,978",86.30,86.40,85.80,86.30,-0.10,"3,278",1303
110/11/26,"13,815,631","1,167,715,017",85.70,85.70,84.00,84.00,-2.30,"7,702",1303
110/11/29,"7,735,832","641,490,843",83.00,83.50,82.50,82.70,-1.30,"4,733",1303
110/11/30,"23,947,529","1,983,068,342",82.60,83.80,82.50,82.50,-0.20,"5,653",1303
110/12/01,"4,413,764","366,955,926",82.00,83.80,82.00,83.50,+1.00,"2,481",1303
110/12/02,"4,511,304","377,263,202",83.10,84.00,83.00,83.80,+0.30,"2,317",1303
110/12/03,"5,438,844","455,325,845",83.60,84.00,83.20,83.60,-0.20,"2,652",1303
110/12/06,"6,085,677","509,002,556",83.20,84.20,82.70,84.20,+0.60,"2,319",1303
110/12/07,"7,302,049","614,476,168",84.40,84.70,83.50,84.70,+0.50,"2,730",1303
110/12/08,"7,386,556","626,948,859",85.00,85.20,84.60,84.60,-0.10,"2,938",1303
110/12/09,"5,486,560","463,966,054",84.50,85.00,84.20,84.80,+0.20,"2,660",1303
110/12/10,"3,253,781","275,024,190",84.50,84.90,84.30,84.40,-0.40,"2,204",1303
110/12/13,"7,261,058","607,232,439",84.50,84.70,83.30,83.30,-1.10,"3,586",1303
110/12/14,"5,944,876","493,951,655",83.20,83.70,82.80,83.00,-0.30,"2,755",1303
110/12/15,"6,655,909","554,243,913",83.50,83.80,82.80,83.80,+0.80,"3,388",1303
110/12/16,"10,972,906","911,387,043",83.80,84.30,82.50,82.70,-1.10,"6,485",1303
110/12/17,"10,330,466","868,153,495",82.70,84.30,82.70,84.30,+1.60,"4,799",1303
110/12/20,"5,209,434","437,120,419",83.70,84.70,83.50,83.80,-0.50,"5,372",1303
110/12/21,"6,147,403","519,867,607",83.70,85.00,83.70,84.40,+0.60,"3,332",1303
110/12/22,"3,842,170","325,116,147",84.60,85.00,84.20,84.80,+0.40,"1,707",1303
110/12/23,"4,150,377","353,085,283",85.00,85.40,84.70,85.40,+0.60,"2,255",1303
110/12/24,"4,649,721","397,939,313",85.50,85.90,85.20,85.90,+0.50,"2,623",1303
110/12/27,"3,761,209","322,861,892",85.80,86.10,85.50,85.90, 0.00,"2,731",1303
110/12/28,"4,636,902","398,007,212",85.90,86.20,85.50,86.00,+0.10,"2,799",1303
110/12/29,"4,136,417","355,571,551",86.20,86.30,85.70,86.00, 0.00,"2,751",1303
110/12/30,"5,477,453","469,737,517",86.00,86.20,85.40,85.40,-0.60,"2,558",1303
111/01/03,"6,299,280","542,510,104",85.90,86.60,85.60,86.30,+0.90,"3,291",1303
111/01/04,"5,712,683","491,207,323",86.00,86.50,85.70,86.20,-0.10,"3,738",1303
111/01/05,"4,894,852","420,356,267",85.80,86.10,85.50,86.10,-0.10,"2,384",1303
111/01/06,"7,407,421","637,567,893",86.00,86.40,85.90,86.10, 0.00,"2,691",1303
111/01/07,"7,826,123","676,795,706",86.50,86.90,86.10,86.50,+0.40,"4,038",1303
111/01/10,"5,299,730","459,426,023",86.50,86.90,86.30,86.90,+0.40,"3,893",1303
111/01/11,"8,913,023","775,246,380",87.00,87.20,86.50,87.10,+0.20,"4,046",1303
111/01/12,"9,642,188","848,178,661",87.50,88.40,87.40,88.40,+1.30,"5,316",1303
111/01/13,"6,591,296","583,166,866",88.10,88.70,88.00,88.70,+0.30,"4,915",1303
111/01/14,"8,648,755","758,438,927",88.30,88.50,86.90,87.70,-1.00,"7,294",1303
111/01/17,"3,025,710","264,505,640",87.80,87.90,87.10,87.50,-0.20,"1,852",1303
111/01/18,"4,995,515","437,852,402",87.90,88.00,87.30,87.40,-0.10,"3,720",1303
111/01/19,"6,265,996","548,150,512",87.40,87.90,87.20,87.40, 0.00,"4,706",1303
111/01/20,"6,902,273","604,160,414",87.50,88.00,87.20,87.40, 0.00,"2,696",1303
111/01/21,"9,658,763","836,342,404",87.20,87.60,86.00,86.40,-1.00,"6,148",1303
111/01/24,"5,910,020","512,317,609",86.50,87.00,86.30,87.00,+0.60,"2,726",1303
111/01/25,"14,772,102","1,260,083,473",86.00,86.10,84.90,85.50,-1.50,"6,795",1303
111/01/26,"7,756,988","669,625,680",85.50,86.60,85.40,86.40,+0.90,"5,011",1303
111/02/07,"17,637,484","1,563,017,151",86.30,89.50,86.10,89.50,+3.10,"8,771",1303
111/02/08,"9,488,618","843,889,770",89.80,89.90,88.60,88.60,-0.90,"9,509",1303
111/02/09,"4,554,588","404,551,001",88.30,89.20,88.10,89.20,+0.60,"3,766",1303
111/02/10,"6,638,444","587,189,389",89.00,89.00,88.10,88.60,-0.60,"7,625",1303
111/02/11,"6,668,541","590,322,552",88.40,88.90,87.90,88.80,+0.20,"4,549",1303
111/02/14,"8,158,411","716,573,705",88.60,88.60,87.00,88.40,-0.40,"7,695",1303
111/02/15,"7,607,620","667,990,703",88.50,88.50,87.40,87.40,-1.00,"7,291",1303
111/02/16,"8,966,671","790,479,426",88.40,88.90,87.20,88.80,+1.40,"6,009",1303
111/02/17,"7,803,722","692,919,313",89.00,89.20,88.20,88.70,-0.10,"3,538",1303
111/02/18,"9,014,484","802,774,834",88.90,89.30,88.50,89.10,+0.40,"5,540",1303
111/02/21,"5,189,117","461,108,083",88.50,89.30,88.30,89.10, 0.00,"3,004",1303
111/02/22,"9,473,556","832,681,826",88.50,88.80,87.50,88.20,-0.90,"8,451",1303
111/02/23,"5,403,534","478,279,074",88.30,88.90,88.10,88.60,+0.40,"2,821",1303
111/02/24,"13,445,777","1,175,348,737",87.60,88.00,87.00,87.10,-1.50,"7,119",1303
111/02/25,"12,713,104","1,108,265,093",87.30,87.80,86.20,87.70,+0.60,"5,780",1303
111/03/01,"13,013,531","1,163,818,585",88.90,90.00,88.20,90.00,+2.30,"6,221",1303
111/03/02,"11,005,540","994,223,287",90.10,91.00,89.50,90.50,+0.50,"6,391",1303
111/03/03,"7,264,938","661,103,729",90.60,91.50,90.30,91.20,+0.70,"5,104",1303
111/03/04,"6,994,175","631,345,161",89.60,90.80,89.10,90.70,-0.50,"4,056",1303
111/03/07,"11,383,671","1,006,018,507",89.20,89.80,87.60,88.40,-2.30,"13,152",1303
111/03/08,"10,378,118","905,495,996",88.40,89.00,86.60,86.60,-1.80,"12,106",1303
111/03/09,"7,920,416","696,755,206",87.70,88.40,87.40,88.00,+1.40,"5,239",1303
111/03/10,"9,506,714","849,497,565",88.60,89.80,88.40,89.60,+1.60,"6,048",1303
111/03/11,"10,568,880","950,167,565",90.40,90.40,89.40,89.80,+0.20,"8,299",1303
111/03/14,"15,116,588","1,378,847,256",91.70,91.80,90.60,91.20,+1.40,"8,483",1303
111/03/15,"8,929,915","812,267,399",91.00,91.50,90.50,90.80,-0.40,"4,667",1303
111/03/16,"10,625,442","968,684,762",91.00,91.60,90.70,91.50,+0.70,"7,266",1303
111/03/17,"14,355,884","1,319,919,635",92.50,92.80,91.30,91.90,+0.40,"9,216",1303
111/03/18,"17,502,179","1,605,911,206",91.70,92.80,91.30,91.30,-0.60,"6,007",1303
111/03/21,"6,118,081","563,341,475",91.40,92.40,91.40,92.10,+0.80,"4,053",1303
111/03/22,"6,673,340","614,464,602",92.10,92.40,91.80,92.40,+0.30,"2,810",1303
111/03/23,"6,714,522","621,062,533",92.20,92.80,92.00,92.50,+0.10,"4,085",1303
111/03/24,"4,592,633","423,133,190",92.00,92.50,91.80,92.40,-0.10,"3,206",1303
111/03/25,"4,255,925","392,080,304",91.70,92.50,91.60,92.40, 0.00,"2,878",1303
111/03/28,"5,042,428","463,174,671",91.30,92.30,91.10,92.20,-0.20,"4,568",1303
111/03/29,"6,866,212","633,458,823",91.90,92.60,91.60,92.50,+0.30,"6,254",1303
111/03/30,"11,933,651","1,112,794,044",92.60,93.50,92.50,93.50,+1.00,"9,837",1303
111/03/31,"6,728,100","627,335,032",93.50,93.80,93.00,93.20,-0.30,"3,377",1303
111/04/01,"6,506,590","604,539,150",92.10,93.50,91.70,93.50,+0.30,"3,509",1303
111/04/06,"7,539,534","700,268,449",92.70,93.60,92.00,93.60,+0.10,"6,896",1303
111/04/07,"9,691,609","905,203,071",93.00,94.00,92.60,93.10,-0.50,"4,363",1303
111/04/08,"4,837,045","450,442,745",93.10,93.80,92.60,93.40,+0.30,"4,085",1303
111/04/11,"6,191,410","572,168,171",92.70,93.30,91.90,92.10,-1.30,"6,209",1303
111/04/12,"10,389,028","945,830,083",91.50,92.00,90.50,91.30,-0.80,"8,080",1303
111/04/13,"11,650,052","1,053,808,736",90.70,91.20,89.80,90.40,-0.90,"10,045",1303
111/04/14,"11,693,888","1,048,551,699",90.20,90.30,89.40,89.70,-0.70,"6,130",1303
111/04/15,"7,676,038","683,290,719",89.50,89.60,88.70,88.80,-0.90,"5,101",1303
111/04/18,"9,280,694","815,364,566",88.10,88.40,87.40,87.80,-1.00,"6,861",1303
111/04/19,"9,755,924","860,587,517",88.30,88.80,88.00,88.00,+0.20,"4,040",1303
111/04/20,"9,378,308","828,440,617",88.00,88.90,87.80,88.70,+0.70,"4,055",1303
111/04/21,"6,510,850","576,373,026",88.80,88.90,88.30,88.30,-0.40,"2,735",1303
111/04/22,"8,142,220","714,667,218",88.10,88.10,87.60,87.60,-0.70,"4,145",1303
111/04/25,"12,236,625","1,052,763,081",86.70,86.90,85.60,85.90,-1.70,"7,760",1303
111/04/26,"8,317,388","717,263,124",86.00,86.50,86.00,86.30,+0.40,"4,383",1303
111/04/27,"8,182,396","697,488,955",85.70,85.70,85.00,85.10,-1.20,"5,333",1303
111/04/28,"8,265,631","705,764,663",85.40,85.80,85.20,85.50,+0.40,"3,705",1303
111/04/29,"7,321,232","631,992,865",85.50,86.80,85.50,86.70,+1.20,"2,912",1303
111/05/03,"5,355,831","462,989,159",87.00,87.10,86.00,86.50,-0.20,"3,155",1303
111/05/04,"5,175,695","448,259,960",86.60,86.80,86.50,86.60,+0.10,"2,209",1303
111/05/05,"6,354,600","552,528,330",87.10,87.30,86.60,87.10,+0.50,"4,039",1303
111/05/06,"7,851,775","676,299,760",86.00,86.60,85.70,86.60,-0.50,"4,447",1303
111/05/09,"8,508,351","721,871,639",84.60,85.20,84.40,84.70,-1.90,"4,034",1303
111/05/10,"9,328,090","785,888,020",84.60,84.70,83.90,84.40,-0.30,"4,491",1303
111/05/11,"7,624,214","640,997,951",83.90,84.40,83.70,84.40, 0.00,"4,114",1303
111/05/12,"9,829,389","815,725,776",84.00,84.00,82.10,82.10,-2.30,"7,203",1303
111/05/13,"12,540,075","1,027,286,917",82.70,82.70,81.50,82.00,-0.10,"6,207",1303
111/05/16,"10,305,527","839,848,188",82.60,82.60,81.00,81.20,-0.80,"5,929",1303
111/05/17,"12,570,027","1,018,933,755",81.50,81.60,80.80,81.30,+0.10,"6,818",1303
111/05/18,"17,414,138","1,428,661,119",81.40,82.80,81.30,82.50,+1.20,"8,551",1303
111/05/19,"7,139,222","581,062,876",82.00,82.00,81.00,81.40,-1.10,"4,683",1303
111/05/20,"8,428,546","688,771,304",81.90,82.10,81.40,82.10,+0.70,"4,079",1303
111/05/23,"7,627,468","625,818,203",83.10,83.20,81.60,82.20,+0.10,"3,732",1303
111/05/24,"7,560,880","617,040,011",82.00,82.30,81.30,81.30,-0.90,"3,917",1303
111/05/25,"8,426,948","688,255,717",81.90,82.00,81.30,82.00,+0.70,"3,277",1303
111/05/26,"6,910,739","566,261,837",82.50,82.70,81.50,81.70,-0.30,"3,490",1303
111/05/27,"9,005,898","739,804,480",82.40,82.40,81.80,82.30,+0.60,"4,112",1303
111/05/30,"12,651,280","1,053,393,322",82.90,83.90,82.50,83.90,+1.60,"5,945",1303
111/05/31,"55,617,884","4,727,430,038",83.90,85.30,83.30,85.30,+1.40,"6,674",1303
111/06/01,"10,135,941","858,586,567",84.50,85.30,84.10,84.60,-0.70,"7,832",1303
111/06/02,"5,916,361","497,975,155",84.00,84.80,83.40,84.50,-0.10,"3,509",1303
111/06/06,"6,849,890","578,930,926",85.10,85.20,83.90,84.60,+0.10,"2,948",1303
111/06/07,"6,011,453","506,862,643",84.30,84.70,83.90,84.30,-0.30,"3,506",1303
111/06/08,"5,833,660","493,559,964",84.50,84.90,84.40,84.50,+0.20,"2,652",1303
111/06/09,"6,979,333","590,949,292",84.40,85.00,84.10,84.80,+0.30,"2,514",1303
111/06/10,"5,291,477","447,541,399",84.00,84.90,84.00,84.70,-0.10,"2,625",1303
111/06/13,"10,348,846","861,033,556",83.70,83.90,82.70,83.30,-1.40,"6,367",1303
111/06/14,"6,004,551","498,943,430",83.40,83.50,82.70,82.90,-0.40,"4,134",1303
111/06/15,"9,327,185","778,386,775",82.90,84.10,82.80,83.40,+0.50,"4,803",1303
111/06/16,"6,986,631","584,084,315",84.20,84.30,83.10,83.20,-0.20,"3,693",1303
111/06/17,"11,030,147","916,342,788",83.00,83.50,82.70,83.00,-0.20,"3,962",1303
111/06/20,"7,317,547","604,168,215",82.90,83.20,82.10,82.10,-0.90,"3,851",1303
111/06/21,"10,860,805","908,402,078",83.70,84.40,82.70,83.70,+1.60,"4,252",1303
111/06/22,"8,296,983","694,101,177",83.70,84.30,83.10,83.50,-0.20,"6,150",1303
111/06/23,"8,892,694","744,115,297",84.30,84.80,83.10,83.30,-0.20,"4,938",1303
111/06/24,"8,045,774","679,096,355",84.50,84.70,83.60,84.70,+1.40,"5,045",1303
111/06/27,"8,964,489","762,613,382",85.30,85.60,84.70,84.70, 0.00,"5,414",1303
111/06/28,"6,464,242","547,360,567",84.40,85.00,84.20,84.80,+0.10,"4,929",1303
111/06/29,"8,770,956","744,241,181",84.80,85.00,84.50,84.60,-0.20,"4,672",1303
111/06/30,"10,603,241","886,258,811",84.60,84.70,83.00,83.00,-1.60,"7,101",1303
111/07/01,"14,767,565","1,224,385,169",83.00,83.60,82.40,82.70,-0.30,"6,928",1303
111/07/04,"17,508,822","1,450,669,128",83.20,83.60,82.60,82.60,-0.10,"5,397",1303
111/07/05,"25,886,927","2,116,264,725",84.00,84.00,80.60,80.60,-2.00,"11,600",1303
111/07/06,"46,271,055","3,189,079,980",69.00,70.00,67.00,67.00,X0.00,"20,198",1303
111/07/07,"22,586,751","1,469,677,419",66.80,66.80,64.00,65.00,-2.00,"13,654",1303
111/07/08,"18,427,512","1,199,578,166",65.50,66.00,64.30,65.00, 0.00,"10,340",1303
111/07/11,"17,416,773","1,118,702,554",65.10,65.20,63.60,63.60,-1.40,"9,319",1303
111/07/12,"28,064,935","1,715,044,862",62.90,62.90,60.10,60.60,-3.00,"16,119",1303
111/07/13,"21,143,612","1,316,042,975",62.60,63.30,61.60,62.00,+1.40,"10,354",1303
111/07/14,"13,986,438","874,027,893",62.00,63.40,61.20,62.70,+0.70,"6,736",1303
111/07/15,"9,836,665","615,660,384",62.50,63.00,62.10,62.60,-0.10,"5,474",1303
111/07/18,"11,517,631","723,063,905",62.60,63.10,62.10,62.90,+0.30,"6,316",1303
111/07/19,"11,202,670","712,627,839",62.90,64.30,62.60,63.70,+0.80,"5,280",1303
111/07/20,"13,498,256","861,868,737",64.30,64.50,63.30,63.30,-0.40,"7,720",1303
111/07/21,"11,886,186","766,984,234",63.70,65.30,63.50,65.00,+1.70,"6,500",1303
111/07/22,"9,862,302","639,417,360",65.00,65.30,64.30,64.70,-0.30,"6,158",1303
111/07/25,"6,110,958","398,198,242",64.70,65.80,64.50,65.60,+0.90,"3,838",1303
111/07/26,"7,110,055","467,858,189",65.30,66.20,65.20,65.70,+0.10,"3,968",1303
111/07/27,"4,449,808","292,789,528",65.70,66.20,65.50,65.90,+0.20,"2,476",1303
111/07/28,"5,509,187","365,515,447",66.30,66.60,66.00,66.60,+0.70,"3,336",1303
111/07/29,"7,578,422","508,766,869",67.20,67.40,66.80,67.30,+0.70,"3,606",1303
111/08/01,"6,076,348","414,741,538",67.50,68.70,67.30,68.50,+1.20,"4,703",1303
111/08/02,"15,777,139","1,059,489,806",67.70,68.20,66.50,67.70,-0.80,"8,606",1303
111/08/03,"8,924,565","599,852,312",67.10,67.80,66.70,67.70, 0.00,"4,838",1303
111/08/04,"10,421,991","699,879,895",67.40,67.90,66.30,67.30,-0.40,"5,229",1303
111/08/05,"5,811,571","393,263,869",67.90,68.00,67.40,67.60,+0.30,"3,313",1303
111/08/08,"3,907,804","262,468,216",67.50,67.50,67.00,67.20,-0.40,"2,311",1303
111/08/09,"6,238,700","416,429,790",66.70,67.30,66.30,67.00,-0.20,"3,667",1303
111/08/10,"5,527,667","371,765,432",66.80,67.70,66.50,67.70,+0.70,"3,636",1303
111/08/11,"6,055,179","415,269,632",68.40,68.90,68.00,68.90,+1.20,"3,542",1303
111/08/12,"6,065,897","422,343,840",69.00,70.00,69.00,69.60,+0.70,"4,608",1303
111/08/15,"6,456,833","454,712,410",70.00,70.80,69.90,70.60,+1.00,"4,809",1303
111/08/16,"5,482,315","386,544,419",71.00,71.10,70.20,70.40,-0.20,"3,685",1303
111/08/17,"6,423,686","453,380,959",70.40,70.90,70.20,70.80,+0.40,"3,542",1303
111/08/18,"3,624,244","255,093,506",70.30,70.70,69.90,70.60,-0.20,"2,174",1303
111/08/19,"4,007,150","283,208,100",70.10,71.00,70.10,71.00,+0.40,"2,520",1303
111/08/22,"3,968,292","280,606,183",70.20,71.00,70.10,70.90,-0.10,"2,368",1303
111/08/23,"4,300,581","302,170,406",70.50,70.60,70.10,70.10,-0.80,"2,692",1303
111/08/24,"3,935,992","276,637,101",70.20,70.80,70.00,70.10, 0.00,"2,250",1303
111/08/25,"2,959,577","209,025,266",70.20,70.80,70.20,70.80,+0.70,"1,667",1303
111/08/26,"4,345,644","306,223,433",70.60,70.80,70.20,70.20,-0.60,"2,396",1303
111/08/29,"8,751,323","601,552,057",68.30,69.20,68.00,68.70,-1.50,"5,147",1303
111/08/30,"8,662,526","594,608,903",68.30,69.30,68.20,68.60,-0.10,"4,686",1303
111/08/31,"7,145,966","491,062,405",68.30,69.10,68.30,68.70,+0.10,"2,437",1303
111/09/01,"9,046,061","612,533,243",67.70,68.70,67.30,67.80,-0.90,"5,406",1303
111/09/02,"6,008,826","404,306,834",67.80,67.90,67.00,67.00,-0.80,"4,363",1303
111/09/05,"5,595,736","374,930,229",67.00,67.50,66.50,67.10,+0.10,"2,695",1303
111/09/06,"3,579,272","241,713,441",67.70,67.80,67.10,67.80,+0.70,"2,451",1303
111/09/07,"7,314,074","489,997,673",67.00,67.50,66.80,66.80,-1.00,"4,648",1303
111/09/08,"3,936,154","264,108,104",67.10,67.40,66.70,67.20,+0.40,"2,304",1303
111/09/12,"4,586,082","313,041,836",67.50,68.70,67.50,68.70,+1.50,"2,581",1303
111/09/13,"3,506,164","241,440,315",69.50,69.50,68.50,68.80,+0.10,"2,262",1303
111/09/14,"6,186,661","419,415,662",67.60,68.30,67.40,67.60,-1.20,"3,362",1303
111/09/15,"6,331,587","431,084,015",67.40,68.70,67.30,68.40,+0.80,"3,320",1303
111/09/16,"14,620,536","996,671,156",67.50,68.40,67.40,68.40, 0.00,"3,811",1303
111/09/19,"4,312,672","291,527,490",68.30,68.30,67.20,67.40,-1.00,"2,666",1303
111/09/20,"5,147,491","346,484,468",67.50,67.80,67.00,67.20,-0.20,"2,844",1303
111/09/21,"5,772,902","387,778,962",67.00,67.50,66.90,67.30,+0.10,"3,744",1303
111/09/22,"8,384,011","556,676,518",66.60,67.00,66.00,66.40,-0.90,"4,639",1303
111/09/23,"4,729,911","316,999,035",66.40,67.40,66.30,67.10,+0.70,"2,667",1303
111/09/26,"7,908,277","525,627,653",66.50,67.20,66.00,66.20,-0.90,"3,806",1303
111/09/27,"5,823,360","387,522,451",67.00,67.40,66.20,66.20, 0.00,"3,106",1303
111/09/28,"7,805,926","510,164,187",66.60,66.70,65.10,65.10,-1.10,"4,324",1303
111/09/29,"12,116,915","793,226,340",66.00,66.00,64.90,65.70,+0.60,"4,787",1303
111/09/30,"10,219,378","680,216,802",65.70,67.10,65.30,66.90,+1.20,"4,431",1303
111/10/03,"5,454,732","368,188,056",66.10,67.90,66.10,67.70,+0.80,"3,986",1303
111/10/04,"5,380,879","365,096,113",67.90,68.40,67.40,67.80,+0.10,"4,352",1303
111/10/05,"5,490,728","373,818,640",67.40,68.30,67.40,68.30,+0.50,"2,958",1303
111/10/06,"5,733,866","387,952,406",68.40,68.40,67.40,67.60,-0.70,"2,615",1303
111/10/07,"3,098,456","208,180,595",67.00,67.60,67.00,67.00,-0.60,"1,847",1303
111/10/11,"8,998,929","597,966,867",66.00,67.10,65.70,66.10,-0.90,"4,697",1303
111/10/12,"8,340,377","541,403,631",65.80,66.10,64.00,65.10,-1.00,"5,464",1303
111/10/13,"12,429,262","789,315,507",64.30,64.70,62.60,63.80,-1.30,"7,474",1303
111/10/14,"9,895,109","639,727,665",64.20,65.30,64.10,64.20,+0.40,"4,205",1303
111/10/17,"9,031,834","582,713,967",63.60,65.30,63.10,64.50,+0.30,"4,889",1303
111/10/18,"10,558,408","698,957,126",65.20,67.00,65.00,66.80,+2.30,"5,940",1303
111/10/19,"8,324,788","552,961,605",66.00,67.00,65.80,66.10,-0.70,"5,798",1303
111/10/20,"25,088,677","1,681,196,115",64.60,67.80,64.50,67.60,+1.50,"6,572",1303
111/10/21,"5,185,389","350,600,714",66.80,68.30,66.70,67.60, 0.00,"3,734",1303
111/10/24,"7,808,299","533,549,865",68.70,68.80,67.70,68.50,+0.90,"3,984",1303
111/10/25,"6,869,303","470,447,672",69.00,69.00,67.90,68.40,-0.10,"3,902",1303
111/10/26,"6,229,819","427,388,271",68.70,69.00,68.00,68.60,+0.20,"4,039",1303
111/10/27,"7,086,738","488,446,861",68.70,69.50,68.50,68.60, 0.00,"4,053",1303
111/10/28,"6,480,305","442,381,455",69.00,69.00,67.60,68.30,-0.30,"4,467",1303
111/10/31,"5,000,159","342,297,017",68.40,68.90,68.20,68.30, 0.00,"2,695",1303
111/11/01,"4,379,978","300,934,337",68.30,69.00,67.80,68.70,+0.40,"2,486",1303
111/11/02,"4,690,826","322,036,033",68.90,69.20,68.30,68.50,-0.20,"4,593",1303
111/11/03,"9,949,361","679,565,540",68.00,68.80,67.90,68.70,+0.20,"3,835",1303
111/11/04,"8,967,537","608,353,083",68.20,68.50,67.40,67.90,-0.80,"4,115",1303
111/11/07,"9,622,109","667,086,566",68.70,70.00,68.60,70.00,+2.10,"4,945",1303
111/11/08,"6,252,125","439,649,914",70.50,70.70,69.90,70.50,+0.50,"3,615",1303
111/11/09,"5,568,943","392,751,928",70.10,70.70,70.00,70.70,+0.20,"3,429",1303
111/11/10,"4,863,601","343,810,698",70.90,71.10,70.20,70.60,-0.10,"2,811",1303
111/11/11,"12,970,368","936,747,665",71.60,72.70,71.60,72.60,+2.00,"6,419",1303
111/11/14,"13,562,148","999,738,156",72.90,74.00,72.60,74.00,+1.40,"6,203",1303
111/11/15,"8,262,941","610,829,896",74.00,74.30,73.30,74.20,+0.20,"5,173",1303
111/11/16,"10,679,028","779,658,424",73.80,73.90,72.40,72.40,-1.80,"9,553",1303
111/11/17,"5,525,050","402,591,546",72.60,73.40,72.00,73.00,+0.60,"3,359",1303
111/11/18,"5,160,622","377,236,450",72.60,73.50,72.50,73.20,+0.20,"3,254",1303
111/11/21,"6,285,197","462,574,674",73.20,73.90,72.80,73.90,+0.70,"3,215",1303
111/11/22,"12,433,589","933,226,675",74.10,75.80,73.60,75.80,+1.90,"6,740",1303
111/11/23,"11,351,877","868,254,156",76.30,77.00,76.00,76.30,+0.50,"6,404",1303
111/11/24,"13,048,075","1,007,045,248",76.80,77.60,76.40,77.10,+0.80,"7,089",1303
111/11/25,"11,101,186","862,141,700",77.40,78.30,77.10,77.10, 0.00,"5,703",1303
111/11/28,"13,116,649","999,441,743",76.00,77.40,75.10,76.00,-1.10,"9,147",1303
111/11/29,"9,570,655","733,130,632",76.60,77.10,75.60,76.70,+0.70,"4,444",1303
111/11/30,"14,827,526","1,138,686,595",76.10,77.30,76.10,76.90,+0.20,"6,796",1303
111/12/01,"10,587,340","824,117,969",77.70,78.60,77.30,77.60,+0.70,"6,187",1303
111/12/02,"6,534,938","506,048,543",77.50,77.90,77.00,77.10,-0.50,"5,023",1303
111/12/05,"7,592,939","587,047,033",77.20,78.10,76.70,76.70,-0.40,"6,142",1303
111/12/06,"8,013,859","609,041,062",76.60,77.00,75.40,75.80,-0.90,"4,762",1303
111/12/07,"9,545,985","721,094,922",75.60,76.10,75.10,75.20,-0.60,"4,011",1303
111/12/08,"10,590,585","781,564,604",74.60,75.10,73.30,73.30,-1.90,"5,004",1303
111/12/09,"9,506,996","701,078,450",73.40,74.30,73.40,73.50,+0.20,"4,196",1303
111/12/12,"8,071,324","589,677,002",73.50,73.60,72.20,73.30,-0.20,"3,309",1303
111/12/13,"8,716,028","634,333,804",73.50,73.60,72.50,72.60,-0.70,"4,010",1303
111/12/14,"8,159,226","603,909,652",73.50,74.60,73.00,73.90,+1.30,"3,446",1303
111/12/15,"6,109,934","453,234,672",73.60,74.70,73.40,74.10,+0.20,"3,851",1303
111/12/16,"26,971,481","1,964,800,877",72.70,73.90,72.50,72.50,-1.60,"8,108",1303
111/12/19,"16,936,356","1,213,789,215",72.00,72.60,71.30,71.50,-1.00,"6,337",1303
111/12/20,"17,178,167","1,213,176,906",71.10,72.10,70.30,70.30,-1.20,"5,630",1303
111/12/21,"15,357,626","1,083,264,806",70.10,71.10,70.10,70.50,+0.20,"4,992",1303
111/12/22,"14,484,930","1,031,812,674",71.10,71.40,70.50,71.40,+0.90,"3,754",1303
111/12/23,"4,616,159","325,315,312",70.40,70.90,70.30,70.30,-1.10,"2,796",1303
111/12/26,"2,968,226","211,102,887",70.40,71.40,70.40,71.40,+1.10,"1,639",1303
111/12/27,"2,554,668","183,539,564",71.50,72.10,71.40,71.70,+0.30,"1,540",1303
111/12/28,"3,581,905","255,797,547",70.90,71.90,70.60,71.40,-0.30,"2,228",1303
111/12/29,"5,839,581","412,006,937",70.80,71.30,70.20,70.40,-1.00,"3,142",1303
111/12/30,"3,480,994","248,081,924",70.80,71.70,70.80,71.00,+0.60,"1,883",1303
112/01/03,"4,595,459","326,528,572",70.40,71.90,70.10,71.90,+0.90,"2,407",1303
112/01/04,"2,502,972","178,861,341",71.90,71.90,71.20,71.50,-0.40,"1,533",1303
112/01/05,"3,064,968","220,939,322",71.50,72.40,71.50,72.10,+0.60,"1,677",1303
112/01/06,"3,366,416","244,199,433",72.10,73.00,71.80,72.80,+0.70,"2,247",1303
112/01/09,"10,440,455","773,810,366",73.90,74.80,73.20,74.80,+2.00,"5,086",1303
112/01/10,"5,820,995","432,301,753",74.90,74.90,73.70,74.50,-0.30,"5,050",1303
112/01/11,"5,434,887","401,022,752",73.40,74.20,73.20,74.00,-0.50,"3,563",1303
112/01/12,"3,559,129","264,228,051",74.10,74.40,74.00,74.30,+0.30,"2,257",1303
112/01/13,"4,304,025","319,931,148",73.20,74.80,73.20,74.30, 0.00,"2,436",1303
112/01/16,"4,152,850","310,920,973",74.70,75.30,74.40,74.70,+0.40,"3,241",1303
112/01/17,"5,656,776","422,992,776",74.70,75.10,74.10,75.00,+0.30,"3,329",1303
112/01/30,"14,080,975","1,072,397,053",76.50,77.00,74.90,77.00,+2.00,"8,865",1303
112/01/31,"8,064,106","611,512,838",76.40,76.80,75.10,75.40,-1.60,"6,813",1303
112/02/01,"4,657,350","350,598,886",75.20,75.80,74.90,75.40, 0.00,"3,585",1303
112/02/02,"7,234,968","541,442,000",74.60,75.40,74.20,75.20,-0.20,"3,309",1303
112/02/03,"3,487,340","260,204,191",74.70,74.90,74.30,74.60,-0.60,"2,252",1303
112/02/06,"4,382,079","326,615,081",74.10,75.20,74.10,74.40,-0.20,"2,074",1303
112/02/07,"4,477,293","337,037,294",74.80,75.70,74.80,75.30,+0.90,"2,618",1303
112/02/08,"3,247,545","243,200,368",75.00,75.30,74.70,74.70,-0.60,"2,124",1303
112/02/09,"2,340,666","175,019,579",74.40,75.10,74.40,74.80,+0.10,"1,333",1303
112/02/10,"3,015,307","224,605,571",74.20,74.90,74.20,74.40,-0.40,"1,388",1303
112/02/13,"4,084,427","306,177,658",74.50,75.40,74.00,75.30,+0.90,"1,885",1303
112/02/14,"2,299,323","173,906,331",75.50,76.00,75.30,75.50,+0.20,"1,531",1303
112/02/15,"3,914,708","293,023,892",75.80,75.90,74.40,74.70,-0.80,"2,579",1303
112/02/16,"3,450,126","260,211,966",75.20,75.70,75.00,75.40,+0.70,"1,782",1303
112/02/17,"3,045,676","229,346,733",75.00,75.70,74.90,75.70,+0.30,"1,794",1303
112/02/20,"1,737,635","131,465,089",75.20,75.80,75.20,75.80,+0.10,"1,336",1303
112/02/21,"1,999,262","151,658,238",75.80,76.00,75.40,76.00,+0.20,"1,424",1303
112/02/22,"3,752,217","283,627,448",75.40,76.10,74.90,76.00, 0.00,"2,617",1303
112/02/23,"4,216,620","321,650,183",76.20,76.60,75.60,76.10,+0.10,"2,485",1303
112/02/24,"7,708,508","583,688,107",76.40,76.60,75.60,75.60,-0.50,"3,102",1303
112/03/01,"5,764,792","430,938,209",74.50,75.30,74.50,74.70,-0.90,"4,035",1303
112/03/02,"3,922,823","293,532,283",74.70,75.50,74.20,75.10,+0.40,"2,536",1303
112/03/03,"1,561,654","117,374,558",75.60,75.60,75.00,75.10, 0.00,"1,345",1303
112/03/06,"3,941,816","298,669,512",75.90,76.40,75.20,75.70,+0.60,"2,109",1303
112/03/07,"3,442,315","261,554,963",75.70,76.20,75.50,76.20,+0.50,"2,140",1303
112/03/08,"4,742,205","359,491,752",75.70,76.10,75.20,76.10,-0.10,"2,560",1303
112/03/09,"6,557,145","491,626,972",75.60,75.70,74.60,74.60,-1.50,"4,324",1303
112/03/10,"8,007,048","594,852,474",73.80,74.50,73.70,74.00,-0.60,"4,815",1303
112/03/13,"5,465,470","407,502,748",74.20,75.10,73.60,74.70,+0.70,"2,564",1303
112/03/14,"6,529,867","484,631,300",73.60,74.90,73.60,74.10,-0.60,"3,400",1303
112/03/15,"5,352,355","400,015,635",73.80,75.10,73.80,74.50,+0.40,"3,169",1303
112/03/16,"4,989,667","372,768,885",74.50,75.00,74.00,74.90,+0.40,"2,930",1303
112/03/17,"12,078,236","918,774,247",74.90,76.50,74.80,76.50,+1.60,"4,627",1303
112/03/20,"2,968,403","224,526,694",76.40,76.40,75.30,75.40,-1.10,"4,414",1303
112/03/21,"1,829,099","138,286,641",75.60,76.00,75.40,75.50,+0.10,"1,611",1303
112/03/22,"3,299,710","250,402,422",75.70,76.20,75.20,75.90,+0.40,"2,064",1303
112/03/23,"4,365,690","333,758,709",76.20,76.80,75.50,76.60,+0.70,"2,529",1303
112/03/24,"4,092,386","314,134,419",77.00,77.00,76.20,76.80,+0.20,"2,647",1303
112/03/27,"4,161,020","320,807,327",76.80,77.50,76.60,77.30,+0.50,"2,511",1303
112/03/28,"3,999,625","308,554,236",77.50,77.70,76.80,77.20,-0.10,"2,799",1303
112/03/29,"4,893,359","380,609,319",77.50,78.00,77.40,78.00,+0.80,"3,445",1303
112/03/30,"4,039,327","314,139,593",78.00,78.10,77.30,78.00, 0.00,"3,106",1303
112/03/31,"5,377,207","417,851,979",78.00,78.10,77.40,77.50,-0.50,"3,967",1303
112/04/06,"4,271,037","329,994,886",78.00,78.00,76.60,77.30,-0.20,"4,045",1303
112/04/07,"2,401,165","185,915,228",77.60,77.70,77.10,77.50,+0.20,"1,899",1303
112/04/10,"3,000,987","232,535,076",77.60,78.00,77.10,77.70,+0.20,"3,120",1303
112/04/11,"5,290,984","411,599,456",77.80,78.20,77.50,77.90,+0.20,"3,474",1303
112/04/12,"4,650,534","361,954,437",77.80,78.00,77.50,77.90, 0.00,"2,522",1303
112/04/13,"4,574,473","356,133,192",78.00,78.20,77.40,77.90, 0.00,"3,139",1303
112/04/14,"4,171,251","324,137,328",77.40,77.90,77.30,77.90, 0.00,"3,503",1303
112/04/17,"3,293,436","255,923,774",78.00,78.00,77.50,77.70,-0.20,"2,360",1303
112/04/18,"3,335,465","259,142,310",77.50,77.90,77.00,77.90,+0.20,"2,097",1303
112/04/19,"3,780,267","292,313,661",77.90,78.00,76.70,77.00,-0.90,"3,166",1303
112/04/20,"3,218,955","247,393,575",76.50,77.30,76.20,77.00, 0.00,"1,945",1303
112/04/21,"7,352,487","571,937,174",77.50,77.90,77.10,77.90,+0.90,"4,114",1303
112/04/24,"7,962,047","621,488,707",77.70,78.30,77.50,78.00,+0.10,"4,423",1303
112/04/25,"7,380,749","572,049,989",78.10,78.20,76.90,77.40,-0.60,"4,473",1303
112/04/26,"7,117,499","554,152,390",77.50,78.00,77.30,78.00,+0.60,"4,216",1303
112/04/27,"7,052,201","548,048,758",77.60,78.00,77.30,77.70,-0.30,"3,835",1303
112/04/28,"5,387,060","419,764,988",78.20,78.20,77.50,78.00,+0.30,"2,082",1303
112/05/02,"4,427,046","343,127,934",78.00,78.10,77.10,77.50,-0.50,"2,823",1303
112/05/03,"2,726,828","210,665,015",77.50,77.60,77.00,77.10,-0.40,"1,938",1303
112/05/04,"3,088,053","239,347,567",77.50,77.80,77.20,77.60,+0.50,"1,622",1303
112/05/05,"2,421,212","187,599,653",77.90,77.90,77.20,77.50,-0.10,"1,385",1303
112/05/08,"3,539,856","274,923,033",77.70,77.90,77.40,77.70,+0.20,"1,774",1303
112/05/09,"4,578,859","357,673,792",77.90,78.50,77.50,78.50,+0.80,"2,310",1303
112/05/10,"3,784,930","293,098,904",78.40,78.40,77.10,77.50,-1.00,"2,410",1303
112/05/11,"2,552,158","198,097,048",77.50,77.80,77.20,77.70,+0.20,"1,596",1303
112/05/12,"3,682,261","284,208,789",77.50,77.50,76.70,77.30,-0.40,"2,160",1303
112/05/15,"3,196,488","247,926,254",76.70,78.00,76.70,77.70,+0.40,"1,842",1303
112/05/16,"6,609,774","518,549,120",78.30,78.90,77.70,78.80,+1.10,"4,042",1303
112/05/17,"10,796,566","858,192,082",78.70,80.20,78.40,79.90,+1.10,"5,894",1303
112/05/18,"8,391,281","673,027,192",80.00,80.80,79.90,80.20,+0.30,"4,404",1303
112/05/19,"6,754,229","542,617,349",80.20,80.60,80.00,80.60,+0.40,"3,574",1303
112/05/22,"6,245,764","503,828,993",80.50,81.00,80.00,80.70,+0.10,"3,776",1303
112/05/23,"5,991,968","482,739,319",81.00,81.20,80.00,80.70, 0.00,"3,951",1303
112/05/24,"4,849,381","389,521,574",80.80,80.90,80.10,80.90,+0.20,"3,142",1303
112/05/25,"5,747,904","459,977,426",80.30,80.90,79.60,79.60,-1.30,"5,176",1303
112/05/26,"6,566,638","515,472,763",78.50,79.10,77.60,78.80,-0.80,"6,287",1303
112/05/29,"5,111,712","403,342,358",79.00,79.40,78.40,78.40,-0.40,"4,210",1303
112/05/30,"7,393,316","580,441,823",78.40,79.30,78.10,78.10,-0.30,"6,625",1303
112/05/31,"14,967,758","1,165,336,109",78.70,78.90,77.70,77.70,-0.40,"5,569",1303
112/06/01,"4,739,328","368,857,253",78.30,78.40,77.60,77.60,-0.10,"3,316",1303
112/06/02,"5,895,484","460,997,734",78.20,78.60,77.70,78.10,+0.50,"3,061",1303
112/06/05,"2,894,208","227,734,916",78.20,78.90,78.20,78.70,+0.60,"2,003",1303
112/06/06,"5,366,921","425,288,123",78.80,79.80,78.60,79.20,+0.50,"3,748",1303
112/06/07,"4,879,724","388,031,844",79.60,79.80,79.00,79.50,+0.30,"3,041",1303
112/06/08,"2,560,803","203,533,081",79.60,79.80,79.10,79.30,-0.20,"2,791",1303
112/06/09,"3,774,366","301,235,836",79.70,80.00,79.30,79.90,+0.60,"3,073",1303
112/06/12,"2,363,858","188,675,063",79.90,80.00,79.50,79.70,-0.20,"1,725",1303
112/06/13,"5,242,802","416,784,528",79.50,79.90,79.20,79.20,-0.50,"3,697",1303
112/06/14,"3,728,042","296,293,980",79.20,79.90,79.10,79.20, 0.00,"2,853",1303
112/06/15,"3,935,931","312,485,734",79.30,79.80,78.70,79.40,+0.20,"2,487",1303
112/06/16,"12,152,911","972,895,278",79.40,80.40,79.20,80.10,+0.70,"3,775",1303
112/06/19,"3,049,798","241,523,831",79.40,79.70,79.00,79.00,-1.10,"1,979",1303
112/06/20,"4,868,460","382,186,319",79.20,79.30,78.20,78.50,-0.50,"2,605",1303
112/06/21,"4,947,074","387,255,798",78.50,78.60,77.90,78.60,+0.10,"3,084",1303
112/06/26,"5,914,443","461,345,098",78.90,78.90,77.70,78.00,-0.60,"2,925",1303
112/06/27,"5,144,966","400,809,763",77.70,77.90,77.10,77.10,-0.90,"2,969",1303
112/06/28,"8,269,981","629,763,862",76.80,76.80,75.80,76.10,-1.00,"4,865",1303
112/06/29,"9,597,470","701,626,803",73.50,73.90,72.80,72.80,X0.00,"6,361",1303
112/06/30,"6,592,620","478,429,399",72.50,73.20,72.30,72.50,-0.30,"3,499",1303
112/07/03,"4,146,089","300,287,922",72.50,73.00,72.10,72.10,-0.40,"3,067",1303
112/07/04,"8,691,657","618,766,446",71.90,71.90,70.80,70.90,-1.20,"6,583",1303
112/07/05,"5,583,115","395,493,273",70.90,71.40,70.50,70.80,-0.10,"3,745",1303
112/07/06,"12,312,887","856,381,760",70.40,70.60,69.00,69.20,-1.60,"9,509",1303
112/07/07,"7,035,905","484,030,221",69.00,69.50,68.50,68.70,-0.50,"4,728",1303
112/07/10,"6,377,025","440,080,387",68.50,69.40,68.50,69.00,+0.30,"4,095",1303
112/07/11,"4,867,208","338,764,916",69.10,70.10,69.10,69.60,+0.60,"3,284",1303
112/07/12,"6,948,942","480,453,201",69.00,69.60,68.80,69.40,-0.20,"4,521",1303
112/07/13,"5,325,223","372,673,606",69.60,70.30,69.60,69.90,+0.50,"3,171",1303
112/07/14,"6,662,389","472,936,657",70.60,71.30,70.00,71.20,+1.30,"3,670",1303
112/07/17,"3,950,301","279,860,090",71.00,71.10,70.40,70.80,-0.40,"2,602",1303
112/07/18,"7,121,504","500,675,439",70.30,71.00,70.10,70.10,-0.70,"4,105",1303
112/07/19,"7,626,934","537,373,576",70.70,71.20,70.10,70.30,+0.20,"4,687",1303
112/07/20,"6,038,057","425,154,545",70.70,70.90,70.20,70.40,+0.10,"3,565",1303
112/07/21,"8,617,920","608,649,289",70.90,71.30,70.20,70.70,+0.30,"3,645",1303
112/07/24,"8,283,553","580,176,862",70.40,70.60,69.80,70.00,-0.70,"3,384",1303
112/07/25,"4,185,002","291,715,933",70.00,70.20,69.50,69.60,-0.40,"2,913",1303
112/07/26,"4,396,768","307,009,285",69.60,70.10,69.50,70.00,+0.40,"2,410",1303
112/07/27,"2,972,644","207,815,370",70.00,70.20,69.70,70.00, 0.00,"2,044",1303
112/07/28,"3,628,841","253,924,728",70.10,70.50,69.80,69.80,-0.20,"2,535",1303
112/07/31,"4,549,942","318,646,638",70.00,70.30,69.80,70.00,+0.20,"2,535",1303
112/08/01,"3,750,189","264,744,747",70.10,70.90,70.10,70.60,+0.60,"2,187",1303
112/08/02,"7,577,054","528,974,985",70.20,70.40,69.50,69.70,-0.90,"4,471",1303
112/08/04,"4,751,030","332,566,380",69.70,70.50,69.70,70.00,+0.30,"2,633",1303
112/08/07,"2,191,031","153,364,279",69.80,70.40,69.80,69.90,-0.10,"1,418",1303
112/08/08,"5,453,197","378,284,315",69.90,70.00,69.10,69.20,-0.70,"3,453",1303
112/08/09,"2,989,402","208,989,996",69.60,70.10,69.50,70.10,+0.90,"1,632",1303
112/08/10,"3,302,657","230,292,422",69.80,69.90,69.50,69.70,-0.40,"2,072",1303
112/08/11,"2,120,370","147,948,611",69.70,70.10,69.60,69.60,-0.10,"1,452",1303
112/08/14,"3,992,686","274,814,107",69.60,69.60,68.60,68.70,-0.90,"2,577",1303
112/08/15,"3,347,427","228,980,355",68.70,68.90,68.10,68.10,-0.60,"2,932",1303
112/08/16,"6,737,773","451,152,910",67.00,67.40,66.60,66.90,-1.20,"5,721",1303
112/08/17,"8,038,034","530,012,914",66.10,66.50,65.20,66.10,-0.80,"5,520",1303
112/08/18,"5,018,960","334,073,839",66.20,66.90,66.10,66.40,+0.30,"2,847",1303
112/08/21,"3,641,985","240,998,703",66.50,66.90,65.90,66.30,-0.10,"2,735",1303
112/08/22,"4,838,445","317,733,547",66.10,66.40,65.50,65.50,-0.80,"3,829",1303
112/08/23,"2,939,711","192,703,437",65.50,65.80,65.20,65.50, 0.00,"2,305",1303
112/08/24,"3,413,749","224,113,203",65.50,66.00,65.30,65.80,+0.30,"2,237",1303
112/08/25,"4,081,119","266,894,621",65.80,65.90,65.30,65.30,-0.50,"3,005",1303
112/08/28,"2,832,185","186,370,291",65.20,66.20,65.10,66.20,+0.90,"1,967",1303
112/08/29,"3,006,249","199,586,311",66.10,67.00,65.80,66.80,+0.60,"2,169",1303
112/08/30,"3,498,868","235,341,017",66.90,67.50,66.80,67.40,+0.60,"2,342",1303
112/08/31,"12,599,616","834,466,493",67.30,67.40,66.10,66.10,-1.30,"3,534",1303
112/09/01,"1,782,655","119,529,360",66.40,67.40,66.30,67.30,+1.20,"1,600",1303
112/09/04,"2,693,495","182,943,157",67.20,68.30,67.10,68.00,+0.70,"2,703",1303
112/09/05,"3,023,146","205,190,559",67.60,68.10,67.60,67.90,-0.10,"2,953",1303
112/09/06,"3,621,158","244,277,568",67.80,68.40,67.10,67.10,-0.80,"2,723",1303
112/09/07,"3,835,564","257,509,956",66.90,67.50,66.60,67.40,+0.30,"2,197",1303
112/09/08,"2,473,068","167,109,319",67.30,67.90,67.10,67.70,+0.30,"1,744",1303
112/09/11,"2,767,875","187,976,376",68.00,68.20,67.70,67.90,+0.20,"1,546",1303
112/09/12,"4,885,948","334,308,914",67.90,68.90,67.60,68.60,+0.70,"2,393",1303
112/09/13,"2,121,858","145,231,702",68.60,68.90,68.20,68.30,-0.30,"1,756",1303
112/09/14,"4,518,940","311,943,950",69.00,69.20,68.60,69.20,+0.90,"2,525",1303
112/09/15,"10,995,810","760,273,398",69.20,69.40,68.70,69.20, 0.00,"2,469",1303
112/09/18,"1,585,856","109,131,202",69.00,69.00,68.60,68.80,-0.40,"1,315",1303
112/09/19,"1,886,132","129,464,691",68.70,69.00,68.10,68.60,-0.20,"1,346",1303
112/09/20,"2,007,586","137,415,144",68.40,68.70,68.10,68.40,-0.20,"1,383",1303
112/09/21,"6,686,914","450,134,125",68.00,68.20,66.90,67.00,-1.40,"4,368",1303
112/09/22,"2,532,952","169,472,529",66.60,67.20,66.40,66.90,-0.10,"1,758",1303
112/09/25,"1,482,672","99,950,196",67.20,67.80,67.00,67.70,+0.80,"1,301",1303
112/09/26,"4,959,849","330,788,101",66.80,67.30,66.40,66.70,-1.00,"4,091",1303
112/09/27,"3,616,441","240,547,262",66.20,66.90,66.20,66.60,-0.10,"2,872",1303
112/09/28,"3,005,593","200,677,599",66.70,67.10,66.30,66.60, 0.00,"1,992",1303
112/10/02,"3,094,075","205,305,313",66.80,66.80,66.10,66.40,-0.20,"2,391",1303
112/10/03,"3,953,544","259,992,839",65.70,66.10,65.60,65.60,-0.80,"3,796",1303
112/10/04,"9,301,883","599,307,469",65.00,65.10,64.20,64.20,-1.40,"7,619",1303
112/10/05,"4,278,254","277,141,007",64.70,65.10,64.30,64.70,+0.50,"2,751",1303
112/10/06,"2,727,993","177,848,353",65.20,65.50,64.70,65.30,+0.60,"2,096",1303
112/10/11,"9,922,032","658,947,337",66.60,67.00,65.30,66.80,+1.50,"5,433",1303
112/10/12,"7,781,466","524,830,735",67.20,67.80,66.90,67.70,+0.90,"4,335",1303
112/10/13,"6,334,519","420,397,326",66.80,67.00,66.00,66.30,-1.40,"5,170",1303
112/10/16,"4,846,092","319,286,813",65.80,66.10,65.50,66.10,-0.20,"2,976",1303
112/10/17,"6,630,847","436,199,128",65.60,66.10,65.40,66.00,-0.10,"4,267",1303
112/10/18,"22,152,088","1,468,575,276",65.60,67.10,64.80,67.10,+1.10,"5,921",1303
112/10/19,"7,952,316","521,315,302",65.50,66.20,65.20,65.20,-1.90,"4,974",1303
112/10/20,"8,102,463","521,870,701",64.30,64.80,64.00,64.40,-0.80,"5,072",1303
112/10/23,"7,149,492","456,445,684",64.00,64.30,63.50,63.70,-0.70,"5,522",1303
112/10/24,"5,746,644","364,450,714",63.30,63.90,63.20,63.30,-0.40,"4,429",1303
112/10/25,"6,012,994","380,773,320",63.30,63.60,63.10,63.10,-0.20,"4,487",1303
112/10/26,"6,618,870","414,680,350",62.70,63.10,62.50,62.50,-0.60,"5,155",1303
112/10/27,"6,492,948","405,039,929",62.40,62.80,62.20,62.20,-0.30,"4,485",1303
112/10/30,"10,173,281","627,494,029",62.30,62.50,61.10,61.30,-0.90,"7,486",1303
112/10/31,"8,322,491","515,690,654",61.20,62.50,61.20,61.90,+0.60,"4,316",1303
112/11/01,"4,736,045","293,920,980",62.00,62.50,61.70,62.10,+0.20,"3,211",1303
112/11/02,"4,446,470","280,575,747",63.00,63.40,62.60,63.20,+1.10,"2,994",1303
112/11/03,"3,750,577","239,181,321",63.30,64.00,63.20,64.00,+0.80,"2,466",1303
112/11/06,"6,179,143","399,588,210",64.60,64.90,64.00,64.80,+0.80,"3,345",1303
112/11/07,"3,691,186","237,370,679",64.50,64.60,64.10,64.30,-0.50,"2,157",1303
112/11/08,"3,363,664","216,062,557",64.30,64.50,63.80,64.50,+0.20,"1,790",1303
112/11/09,"5,366,990","349,043,500",64.60,65.30,64.30,65.30,+0.80,"2,706",1303
112/11/10,"3,008,413","195,078,308",64.80,65.10,64.60,64.90,-0.40,"1,978",1303
112/11/13,"3,856,519","249,373,334",64.90,65.30,64.30,64.80,-0.10,"2,025",1303
112/11/14,"6,057,822","395,683,907",65.30,65.80,64.70,65.80,+1.00,"2,913",1303
112/11/15,"13,947,058","937,344,247",66.50,68.00,66.10,68.00,+2.20,"7,439",1303
112/11/16,"7,730,672","526,399,136",68.30,68.40,67.30,68.40,+0.40,"4,664",1303
112/11/17,"5,644,853","385,763,625",68.40,68.80,67.90,68.20,-0.20,"3,267",1303
112/11/20,"6,110,242","411,367,688",68.10,68.20,66.90,67.40,-0.80,"4,382",1303
112/11/21,"15,130,847","1,045,942,214",67.70,69.60,67.40,69.60,+2.20,"8,096",1303
112/11/22,"5,540,583","380,627,648",69.10,69.20,68.50,68.50,-1.10,"4,761",1303
112/11/23,"5,831,504","398,808,405",68.40,68.90,67.80,68.50, 0.00,"4,368",1303
112/11/24,"7,443,081","510,567,466",68.90,69.10,68.20,68.20,-0.30,"3,976",1303
112/11/27,"8,965,987","612,270,505",68.20,69.30,67.70,67.70,-0.50,"4,441",1303
112/11/28,"11,050,844","761,490,915",68.10,69.50,67.80,68.60,+0.90,"5,066",1303
112/11/29,"8,747,147","603,371,950",68.60,69.40,68.30,68.40,-0.20,"4,301",1303
112/11/30,"15,646,125","1,071,231,132",68.40,69.40,68.10,68.10,-0.30,"4,942",1303
112/12/01,"5,161,700","352,969,828",68.10,68.90,67.90,68.10, 0.00,"5,609",1303
112/12/04,"5,485,204","376,773,698",68.10,69.00,68.10,68.70,+0.60,"3,101",1303
112/12/05,"5,256,633","361,033,447",68.10,69.00,68.10,68.70, 0.00,"2,704",1303
112/12/06,"3,554,565","244,872,164",68.70,69.10,68.70,68.70, 0.00,"2,355",1303
112/12/07,"1,755,500","119,832,538",68.50,68.70,68.10,68.10,-0.60,"3,267",1303
112/12/08,"3,874,019","262,828,338",68.50,68.70,67.40,67.60,-0.50,"2,317",1303
112/12/11,"2,970,927","199,579,062",67.60,67.60,67.00,67.30,-0.30,"2,109",1303
112/12/12,"3,136,903","213,348,608",68.10,68.20,67.70,68.20,+0.90,"1,666",1303
112/12/13,"5,631,551","376,623,601",68.10,68.10,66.50,66.70,-1.50,"4,806",1303
112/12/14,"6,992,303","474,798,892",68.00,68.20,67.00,67.90,+1.20,"3,330",1303
112/12/15,"12,891,984","870,463,656",68.20,68.20,67.30,67.30,-0.60,"5,294",1303
112/12/18,"5,332,892","356,992,552",67.20,67.30,66.70,67.00,-0.30,"2,335",1303
112/12/19,"5,036,208","335,077,603",66.60,67.00,66.20,66.60,-0.40,"2,715",1303
112/12/20,"6,484,875","432,264,668",66.50,67.20,66.00,66.80,+0.20,"2,713",1303
112/12/21,"6,013,813","396,134,020",66.00,66.20,65.60,66.00,-0.80,"3,555",1303
112/12/22,"4,639,776","300,778,629",65.40,65.80,65.00,65.10,-0.90,"3,493",1303
112/12/25,"1,813,475","118,302,102",64.90,65.60,64.60,65.50,+0.40,"1,440",1303
112/12/26,"2,411,319","159,336,121",65.90,66.30,65.50,66.10,+0.60,"1,627",1303
112/12/27,"4,352,598","287,931,355",66.10,66.40,65.80,66.10, 0.00,"2,141",1303
112/12/28,"5,961,495","397,002,005",66.00,67.00,65.90,67.00,+0.90,"3,119",1303
112/12/29,"3,350,781","223,105,363",66.60,67.10,66.30,66.50,-0.50,"2,052",1303
113/01/02,"3,009,276","200,076,518",66.20,66.90,66.10,66.70,+0.20,"1,911",1303
113/01/03,"4,796,664","314,470,324",65.80,66.10,65.20,65.60,-1.10,"3,442",1303
113/01/04,"1,567,522","102,807,834",65.40,65.80,65.30,65.60, 0.00,"1,108",1303
113/01/05,"1,310,903","85,934,948",65.60,66.00,65.40,65.40,-0.20,"1,100",1303
113/01/08,"2,002,431","131,961,414",65.80,66.40,65.60,65.80,+0.40,"1,352",1303
113/01/09,"2,087,406","136,474,775",66.00,66.10,65.10,65.10,-0.70,"1,717",1303
113/01/10,"2,397,828","154,977,425",65.00,65.00,64.50,64.50,-0.60,"2,152",1303
113/01/11,"6,498,521","413,588,702",64.30,64.40,63.50,63.50,-1.00,"4,674",1303
113/01/12,"2,320,570","147,943,852",63.30,64.00,63.20,64.00,+0.50,"1,729",1303
113/01/15,"2,720,517","173,056,238",64.00,64.30,63.20,63.60,-0.40,"2,239",1303
113/01/16,"9,692,572","601,995,416",62.70,63.00,61.80,61.80,-1.80,"7,028",1303
113/01/17,"16,187,599","978,394,082",61.20,61.30,60.10,60.10,-1.70,"11,726",1303
113/01/18,"7,433,224","447,784,459",60.10,60.70,60.10,60.10, 0.00,"4,262",1303
113/01/19,"7,878,152","472,915,594",59.80,60.50,59.40,60.00,-0.10,"3,970",1303
113/01/22,"5,325,426","317,865,369",60.00,60.30,59.50,59.50,-0.50,"5,184",1303
113/01/23,"3,110,212","186,697,258",59.50,60.30,59.40,60.30,+0.80,"2,350",1303
113/01/24,"3,015,820","182,969,544",60.40,60.90,60.30,60.70,+0.40,"2,462",1303
113/01/25,"2,294,135","138,702,815",60.80,60.90,60.30,60.50,-0.20,"1,928",1303
113/01/26,"3,104,159","190,406,057",60.50,61.80,60.40,61.50,+1.00,"2,353",1303
113/01/29,"3,735,867","232,525,152",61.10,62.50,61.10,62.30,+0.80,"3,559",1303
113/01/30,"4,445,247","273,108,242",62.30,62.50,61.10,61.20,-1.10,"3,368",1303
113/01/31,"4,192,705","255,673,760",61.20,61.50,60.80,60.90,-0.30,"2,418",1303
113/02/01,"4,761,617","295,309,584",61.60,62.40,61.20,62.30,+1.40,"2,737",1303
113/02/02,"2,935,428","182,554,195",62.30,62.40,61.80,62.40,+0.10,"1,958",1303
113/02/05,"5,645,865","344,831,623",61.00,61.50,60.80,61.00,-1.40,"3,131",1303
113/02/15,"6,748,515","410,082,053",60.50,61.40,60.00,61.20,+0.20,"4,273",1303
113/02/16,"3,504,873","214,347,049",61.80,61.80,60.90,61.10,-0.10,"2,687",1303
113/02/19,"5,728,535","351,663,894",61.60,62.00,61.00,61.60,+0.50,"3,917",1303
113/02/20,"3,475,900","212,834,827",61.50,61.70,61.00,61.30,-0.30,"3,009",1303
113/02/21,"4,400,344","268,642,059",61.30,61.50,60.80,61.00,-0.30,"3,300",1303
113/02/22,"4,602,045","278,731,058",61.00,61.10,60.30,60.50,-0.50,"4,306",1303
113/02/23,"9,343,021","559,763,559",60.00,60.20,59.70,59.70,-0.80,"7,401",1303
113/02/26,"3,405,922","203,522,992",59.50,59.90,59.50,59.90,+0.20,"2,970",1303
113/02/27,"11,809,372","698,114,526",59.60,59.80,58.90,58.90,-1.00,"9,715",1303
113/02/29,"11,146,475","660,905,602",58.90,59.70,58.50,59.70,+0.80,"5,304",1303
113/03/01,"8,031,580","471,087,827",59.00,59.10,58.50,58.50,-1.20,"6,712",1303
113/03/04,"10,747,821","621,044,812",58.10,58.10,57.60,58.00,-0.50,"8,438",1303
113/03/05,"13,040,264","746,015,620",57.60,58.10,56.90,56.90,-1.10,"9,860",1303
113/03/06,"14,571,677","823,434,596",56.80,57.20,56.10,56.30,-0.60,"10,381",1303
113/03/07,"9,823,440","552,537,013",56.20,56.70,55.90,56.50,+0.20,"6,547",1303
113/03/08,"14,517,563","807,714,559",56.00,56.20,55.40,55.50,-1.00,"9,362",1303
113/03/11,"6,073,596","339,750,376",55.30,56.50,55.30,56.10,+0.60,"4,092",1303
113/03/12,"5,573,370","315,486,373",56.30,56.80,56.30,56.70,+0.60,"3,663",1303
113/03/13,"9,629,003","536,384,703",56.60,56.80,55.30,55.60,-1.10,"6,717",1303
113/03/14,"8,852,802","497,150,320",55.80,56.50,55.40,56.40,+0.80,"4,847",1303
113/03/15,"53,664,763","2,933,596,571",56.00,56.30,54.50,54.50,-1.90,"12,715",1303
113/03/18,"7,729,736","426,123,340",55.20,55.70,54.80,55.00,+0.50,"5,535",1303
113/03/19,"7,610,663","419,254,740",54.70,55.40,54.70,55.00, 0.00,"5,170",1303
113/03/20,"13,326,520","719,537,305",55.00,55.20,53.60,53.60,-1.40,"10,778",1303
113/03/21,"10,964,500","599,464,744",53.10,55.40,53.10,55.00,+1.40,"6,429",1303
113/03/22,"6,837,458","374,281,331",55.00,55.30,54.50,54.80,-0.20,"5,387",1303
113/03/25,"3,569,888","196,536,805",54.70,55.30,54.60,55.30,+0.50,"2,426",1303
113/03/26,"9,710,758","547,127,362",55.50,56.70,55.30,56.40,+1.10,"6,321",1303
113/03/27,"5,785,345","324,756,344",56.00,56.50,56.00,56.00,-0.40,"4,599",1303
113/03/28,"6,454,654","357,243,300",55.90,56.30,55.00,55.10,-0.90,"4,623",1303
113/03/29,"7,339,082","412,392,761",55.80,56.80,55.60,56.00,+0.90,"4,405",1303
113/04/01,"10,236,571","586,983,797",56.50,57.70,56.30,57.50,+1.50,"6,524",1303
113/04/02,"5,582,800","319,257,268",57.40,57.40,56.60,57.40,-0.10,"4,680",1303
113/04/03,"6,643,009","378,601,873",57.00,57.40,56.80,56.80,-0.60,"3,962",1303
113/04/08,"12,386,238","705,823,396",56.00,57.70,55.90,57.70,+0.90,"5,934",1303
113/04/09,"9,930,103","579,420,536",57.80,58.60,57.50,58.60,+0.90,"6,340",1303
113/04/10,"6,227,317","363,994,655",58.80,58.90,58.20,58.30,-0.30,"4,291",1303
113/04/11,"5,843,320","334,933,053",57.90,58.00,57.00,57.20,-1.10,"3,855",1303
113/04/12,"8,351,300","476,754,249",56.90,57.50,56.50,57.40,+0.20,"4,764",1303
113/04/15,"5,993,138","341,653,657",57.10,57.30,56.70,57.20,-0.20,"3,037",1303
113/04/16,"9,522,914","530,431,677",56.50,56.80,55.20,55.50,-1.70,"6,189",1303
113/04/17,"7,889,153","433,944,115",55.30,55.60,54.80,55.00,-0.50,"5,651",1303
113/04/18,"6,719,067","371,721,430",54.90,55.90,54.70,55.80,+0.80,"3,240",1303
113/04/19,"11,193,068","616,043,812",55.20,56.30,54.50,55.00,-0.80,"5,994",1303
113/04/22,"10,628,295","606,161,947",56.10,57.60,56.10,57.30,+2.30,"5,975",1303
113/04/23,"6,737,216","383,622,673",57.60,57.90,56.60,56.70,-0.60,"5,139",1303
113/04/24,"4,473,942","253,536,587",56.70,57.40,56.40,56.40,-0.30,"2,834",1303
113/04/25,"5,419,377","302,032,898",56.20,56.40,55.40,55.80,-0.60,"3,335",1303
113/04/26,"4,450,430","248,303,967",55.50,56.30,55.50,55.60,-0.20,"2,333",1303
113/04/29,"8,855,643","505,828,772",55.70,57.60,55.70,57.60,+2.00,"5,056",1303
113/04/30,"7,063,242","401,792,200",56.80,57.20,56.70,56.70,-0.90,"4,972",1303
113/05/02,"6,973,122","398,709,891",56.70,57.50,56.40,57.40,+0.70,"4,096",1303
113/05/03,"8,385,494","480,291,497",57.50,57.90,56.70,56.80,-0.60,"6,292",1303
113/05/06,"8,076,549","465,572,769",57.20,58.00,57.00,57.70,+0.90,"4,355",1303
113/05/07,"9,639,098","552,473,441",58.20,58.50,56.80,56.90,-0.80,"5,570",1303
113/05/08,"6,916,733","393,357,853",56.90,57.40,56.70,56.70,-0.20,"3,211",1303
113/05/09,"5,513,812","311,547,189",56.50,57.00,56.20,56.30,-0.40,"3,182",1303
113/05/10,"7,544,052","428,225,499",56.30,57.30,56.10,57.00,+0.70,"3,008",1303
113/05/13,"5,387,423","305,024,057",56.80,57.10,56.30,56.40,-0.60,"2,910",1303
113/05/14,"6,475,004","369,732,849",56.90,57.60,56.60,56.80,+0.40,"3,236",1303
113/05/15,"7,826,995","445,798,302",57.10,57.50,56.40,56.80, 0.00,"4,326",1303
113/05/16,"9,863,746","564,000,923",57.30,57.50,56.80,57.40,+0.60,"4,001",1303
113/05/17,"8,672,426","493,786,115",57.30,57.70,56.50,56.50,-0.90,"4,819",1303
113/05/20,"5,090,301","290,079,763",57.10,57.20,56.70,57.20,+0.70,"2,655",1303
113/05/21,"12,730,666","710,365,874",56.90,56.90,55.30,55.70,-1.50,"7,988",1303
113/05/22,"29,163,084","1,597,334,950",55.50,55.50,54.50,54.50,-1.20,"16,433",1303
113/05/23,"19,411,756","1,048,658,226",54.30,54.70,53.70,53.70,-0.80,"11,161",1303
113/05/24,"22,981,826","1,217,752,479",53.40,53.50,52.60,53.10,-0.60,"12,360",1303
113/05/27,"29,603,136","1,588,057,524",53.10,55.00,52.50,55.00,+1.90,"11,839",1303
113/05/28,"38,099,001","2,070,167,268",54.30,55.00,53.30,54.30,-0.70,"13,670",1303
113/05/29,"32,588,526","1,736,564,430",54.50,54.50,53.10,53.10,-1.20,"13,883",1303
113/05/30,"44,467,478","2,332,766,152",52.70,53.20,52.00,53.20,+0.10,"18,811",1303
113/05/31,"43,858,610","2,330,016,461",52.80,53.40,52.50,53.20, 0.00,"12,302",1303
113/06/03,"24,256,868","1,269,985,469",53.20,53.20,52.10,52.20,-1.00,"12,518",1303
113/06/04,"28,136,409","1,447,871,033",52.10,52.20,51.10,51.70,-0.50,"15,591",1303
113/06/05,"16,156,471","826,875,154",51.40,51.60,51.00,51.00,-0.70,"9,834",1303
113/06/06,"18,826,076","953,410,694",51.00,51.30,50.30,50.40,-0.60,"11,634",1303
113/06/07,"17,044,456","860,983,173",50.40,51.10,49.80,50.80,+0.40,"7,463",1303
113/06/11,"11,871,194","606,557,216",50.90,51.50,50.80,50.80, 0.00,"5,669",1303
113/06/12,"12,364,991","622,954,664",50.80,51.20,50.10,50.10,-0.70,"6,692",1303
113/06/13,"10,055,727","505,852,755",50.70,50.90,50.10,50.10, 0.00,"5,599",1303
113/06/14,"7,184,766","362,537,290",50.20,50.70,50.10,50.70,+0.60,"3,633",1303
113/06/17,"6,420,667","323,821,130",50.70,50.70,50.30,50.30,-0.40,"3,848",1303
113/06/18,"15,631,850","783,339,200",50.40,50.60,49.90,50.30, 0.00,"8,101",1303
113/06/19,"12,399,157","620,740,624",50.50,50.60,49.90,49.90,-0.40,"7,498",1303
113/06/20,"13,603,531","689,966,150",50.30,51.00,50.20,50.80,+0.90,"7,085",1303
113/06/21,"27,259,137","1,393,738,293",51.20,51.60,51.00,51.00,+0.20,"7,413",1303
113/06/24,"18,264,209","919,509,757",51.10,51.40,50.10,50.10,-0.90,"6,884",1303
113/06/25,"18,267,859","914,803,426",50.60,50.70,49.85,50.00,-0.10,"7,616",1303
113/06/26,"26,732,214","1,322,304,579",50.10,50.20,49.20,49.20,-0.80,"14,655",1303
113/06/27,"25,678,523","1,252,321,022",49.00,49.15,48.25,49.00,-0.20,"12,146",1303
113/06/28,"14,519,480","717,605,848",49.10,50.10,48.80,49.30,+0.30,"6,588",1303
113/07/01,"8,168,417","401,817,682",49.50,49.55,49.05,49.05,-0.25,"4,680",1303
113/07/02,"14,179,338","687,372,083",48.90,48.90,48.20,48.20,-0.85,"9,980",1303
113/07/03,"9,342,969","451,263,652",48.25,48.50,47.95,48.45,+0.25,"5,161",1303
113/07/04,"10,141,629","499,758,963",48.70,49.70,48.60,49.45,+1.00,"5,700",1303
113/07/05,"8,126,571","397,501,725",49.45,49.45,48.80,48.80,-0.65,"5,077",1303
113/07/08,"9,139,051","449,073,209",48.80,49.35,48.80,49.25,+0.45,"3,979",1303
113/07/09,"7,442,451","361,862,466",49.30,49.30,48.35,48.50,-0.75,"5,040",1303
113/07/10,"11,387,290","548,903,754",48.60,48.70,48.00,48.00,-0.50,"6,713",1303
113/07/11,"13,961,132","674,317,763",48.35,48.80,47.85,48.70,+0.70,"6,535",1303
113/07/12,"23,410,571","1,173,581,717",48.75,50.80,48.50,50.10,+1.40,"10,914",1303
113/07/15,"9,990,562","499,252,197",50.50,50.60,49.50,49.65,-0.45,"7,020",1303
113/07/16,"16,043,965","790,154,448",49.80,50.20,48.90,48.90,-0.75,"8,687",1303
113/07/17,"22,243,083","1,111,835,162",48.55,50.90,48.50,50.40,X0.00,"11,569",1303
113/07/18,"22,641,633","1,149,325,982",50.40,51.10,50.20,50.70,+0.30,"11,538",1303
113/07/19,"14,433,621","723,457,044",50.60,50.60,49.65,50.40,-0.30,"8,407",1303
113/07/22,"13,153,051","658,440,680",50.40,50.40,49.40,50.30,-0.10,"6,453",1303
113/07/23,"8,313,768","417,797,241",50.50,50.70,50.00,50.30, 0.00,"3,826",1303
113/07/26,"11,547,418","573,398,355",49.80,49.95,49.30,49.70,-0.60,"6,284",1303
113/07/29,"8,960,879","446,283,855",49.85,50.30,49.70,49.80,+0.10,"3,977",1303
113/07/30,"6,482,071","320,072,908",49.80,49.80,49.00,49.55,-0.25,"3,822",1303
113/07/31,"7,979,218","398,283,605",49.50,50.10,49.30,50.00,+0.45,"2,929",1303
113/08/01,"8,473,220","421,976,142",50.00,50.10,49.45,49.80,-0.20,"4,783",1303
113/08/02,"14,662,399","712,715,080",49.05,49.25,48.25,48.45,-1.35,"8,828",1303
113/08/05,"22,159,485","1,014,851,912",47.25,47.35,44.90,45.95,-2.50,"14,433",1303
113/08/06,"14,357,289","663,648,616",46.00,47.30,44.90,46.80,+0.85,"8,931",1303
113/08/07,"9,427,475","445,483,241",46.30,47.60,46.30,47.50,+0.70,"6,379",1303
113/08/08,"13,617,893","635,238,492",46.50,47.40,46.35,46.40,-1.10,"7,483",1303
113/08/09,"14,684,303","690,039,688",46.35,47.60,46.35,46.95,+0.55,"7,554",1303
113/08/12,"7,365,843","346,800,011",47.00,47.35,46.60,47.35,+0.40,"4,334",1303
113/08/13,"10,873,544","503,614,428",47.20,47.25,45.75,45.85,-1.50,"9,305",1303
113/08/14,"17,398,369","824,435,408",46.00,48.20,46.00,47.35,+1.50,"7,809",1303
113/08/15,"10,870,079","506,311,195",47.90,47.90,46.20,46.20,-1.15,"7,601",1303
113/08/16,"10,932,353","513,115,496",47.10,47.65,46.55,46.55,+0.35,"6,342",1303
113/08/19,"4,802,928","223,372,843",46.55,46.80,46.35,46.40,-0.15,"3,801",1303
113/08/20,"14,897,527","680,596,608",46.50,46.50,45.40,45.85,-0.55,"9,184",1303
113/08/21,"7,872,075","361,981,879",45.55,46.35,45.50,46.00,+0.15,"4,502",1303
113/08/22,"7,134,364","331,805,277",46.00,46.90,45.75,46.50,+0.50,"4,981",1303
113/08/23,"4,735,409","217,148,526",46.10,46.30,45.65,45.75,-0.75,"3,717",1303
113/08/26,"7,807,941","362,689,402",45.90,46.75,45.85,46.60,+0.85,"4,075",1303
113/08/27,"5,573,348","255,894,794",46.00,46.20,45.70,46.00,-0.60,"4,087",1303
113/08/28,"7,678,634","350,445,244",45.80,45.95,45.35,45.85,-0.15,"5,355",1303
113/08/29,"4,660,096","212,448,680",45.50,45.80,45.40,45.60,-0.25,"3,692",1303
113/08/30,"32,223,542","1,461,150,391",45.70,46.00,45.30,45.30,-0.30,"4,505",1303
113/09/02,"16,258,848","723,737,071",45.50,45.55,44.10,44.40,-0.90,"13,295",1303
113/09/03,"17,522,636","762,172,710",44.15,44.20,43.10,43.40,-1.00,"12,412",1303
113/09/04,"30,206,895","1,236,235,636",42.00,42.20,40.30,40.50,-2.90,"20,080",1303
113/09/05,"20,289,828","810,196,641",40.65,40.75,39.30,39.35,-1.15,"15,805",1303
113/09/06,"14,997,982","595,724,471",39.40,40.45,38.70,40.05,+0.70,"8,011",1303
113/09/09,"14,813,944","579,360,657",38.90,39.45,38.55,39.40,-0.65,"8,129",1303
113/09/10,"11,313,885","440,118,638",39.25,39.40,38.60,38.85,-0.55,"6,927",1303
113/09/11,"10,645,555","421,649,162",38.80,40.25,38.80,39.80,+0.95,"5,498",1303
113/09/12,"11,842,005","473,852,482",40.65,40.65,39.40,40.30,+0.50,"6,213",1303
113/09/13,"12,501,499","516,568,776",40.20,41.95,40.10,41.70,+1.40,"6,934",1303
113/09/16,"11,585,028","489,183,749",41.70,42.90,41.35,42.15,+0.45,"6,917",1303
113/09/18,"9,764,185","412,894,316",42.15,42.70,41.90,42.15, 0.00,"5,824",1303
113/09/19,"10,924,090","464,482,528",42.20,42.95,41.75,42.95,+0.80,"5,669",1303
113/09/20,"15,331,764","659,115,627",43.00,43.50,42.65,42.90,-0.05,"6,132",1303
113/09/23,"9,011,658","386,883,298",43.30,43.45,42.50,42.85,-0.05,"4,075",1303
113/09/24,"8,507,057","363,152,083",42.75,43.00,42.35,42.85, 0.00,"4,247",1303
113/09/25,"13,371,695","580,928,842",43.30,43.80,43.00,43.40,+0.55,"6,322",1303
113/09/26,"9,650,170","419,924,878",43.80,43.95,43.15,43.50,+0.10,"5,085",1303
113/09/27,"23,985,629","1,091,894,558",43.95,46.50,43.50,46.40,+2.90,"13,527",1303
113/09/30,"12,957,929","599,235,524",46.40,46.75,45.80,46.00,-0.40,"11,620",1303
113/10/01,"7,050,266","323,643,158",46.00,46.15,45.50,46.10,+0.10,"4,693",1303
113/10/04,"16,357,576","763,193,427",45.75,47.80,45.70,46.10, 0.00,"9,751",1303
113/10/07,"11,691,269","528,477,157",45.80,46.20,44.60,45.45,-0.65,"8,771",1303
113/10/08,"9,068,202","405,074,087",44.90,45.45,44.25,44.65,-0.80,"4,982",1303
113/10/09,"5,887,083","258,153,330",44.95,44.95,43.40,43.60,-1.05,"4,544",1303
113/10/11,"4,584,166","200,208,973",43.90,44.30,43.35,43.45,-0.15,"3,395",1303
113/10/14,"6,090,629","260,260,668",43.20,43.30,42.30,43.10,-0.35,"4,433",1303
113/10/15,"6,083,988","260,372,128",43.25,43.40,42.60,42.65,-0.45,"3,958",1303
113/10/16,"17,173,931","723,639,260",41.90,42.55,41.85,42.25,-0.40,"6,077",1303
113/10/17,"7,378,969","316,979,205",42.05,43.65,42.05,42.90,+0.65,"3,860",1303
113/10/18,"6,190,617","267,625,304",43.25,43.60,42.75,43.25,+0.35,"3,851",1303
113/10/21,"10,437,295","442,492,730",43.80,44.00,41.80,41.85,-1.40,"7,307",1303
113/10/22,"8,868,221","365,638,908",41.50,41.55,40.95,41.35,-0.50,"5,360",1303
113/10/23,"8,267,625","339,190,953",41.25,41.45,40.80,40.95,-0.40,"5,431",1303
113/10/24,"7,687,318","316,655,290",40.65,41.60,40.40,41.40,+0.45,"4,166",1303
113/10/25,"4,546,186","187,734,096",41.35,41.55,41.10,41.35,-0.05,"3,134",1303
113/10/28,"8,688,254","363,233,861",41.35,42.30,41.00,42.30,+0.95,"4,950",1303
113/10/29,"6,109,160","254,741,661",42.00,42.25,41.30,41.85,-0.45,"4,193",1303
113/10/30,"6,392,563","266,535,971",42.00,42.35,41.30,41.70,-0.15,"3,351",1303
113/11/01,"9,602,598","397,528,315",41.50,41.80,40.85,41.70, 0.00,"6,049",1303
113/11/04,"5,246,470","218,349,524",41.60,41.85,41.25,41.80,+0.10,"2,910",1303
113/11/05,"5,713,737","239,716,396",41.80,42.35,41.50,42.20,+0.40,"3,298",1303
113/11/06,"6,651,617","280,541,236",42.00,42.60,41.80,42.10,-0.10,"3,371",1303
113/11/07,"10,495,962","450,013,089",41.70,43.40,41.65,43.30,+1.20,"5,718",1303
113/11/08,"10,466,358","453,997,048",43.75,44.25,42.70,42.85,-0.45,"6,193",1303
113/11/11,"8,196,190","344,325,724",42.55,42.60,41.40,42.40,-0.45,"4,706",1303
113/11/12,"11,643,240","480,295,573",41.55,41.95,40.90,40.95,-1.45,"6,578",1303
113/11/13,"10,285,230","416,284,933",40.65,41.05,40.15,40.55,-0.40,"6,295",1303
113/11/14,"12,634,846","501,546,450",40.50,40.50,39.35,39.60,-0.95,"7,411",1303
113/11/15,"7,386,706","298,165,918",39.85,41.35,39.85,40.35,+0.75,"4,140",1303
113/11/18,"14,351,320","598,629,496",40.75,42.25,40.75,42.05,+1.70,"8,667",1303
113/11/19,"7,267,814","300,470,060",41.80,41.90,40.85,41.45,-0.60,"7,289",1303
113/11/20,"7,500,327","306,214,995",41.05,41.15,40.60,40.90,-0.55,"4,769",1303
113/11/21,"5,312,893","213,823,142",40.50,40.70,40.15,40.20,-0.70,"3,531",1303
113/11/22,"7,296,758","293,189,306",40.60,40.90,40.00,40.00,-0.20,"4,405",1303
113/11/25,"15,437,126","620,612,916",40.50,40.70,39.80,40.35,+0.35,"5,273",1303
113/11/26,"8,977,218","362,252,509",40.15,41.15,39.85,40.10,-0.25,"4,762",1303
113/11/27,"9,789,720","389,273,710",40.30,40.30,39.35,39.35,-0.75,"5,977",1303
113/11/28,"7,639,853","299,237,499",39.50,39.75,38.85,39.25,-0.10,"5,020",1303
113/11/29,"9,461,305","365,995,483",38.85,38.95,38.35,38.70,-0.55,"5,816",1303
113/12/02,"9,608,534","374,627,964",38.95,39.40,38.55,39.05,+0.35,"4,954",1303
113/12/03,"8,758,822","344,913,827",39.25,39.75,38.95,39.65,+0.60,"5,011",1303
113/12/04,"10,740,241","418,089,051",39.80,39.90,38.70,38.70,-0.95,"7,587",1303
113/12/05,"12,359,746","470,943,187",38.85,38.85,37.90,37.90,-0.80,"8,303",1303
113/12/06,"13,321,795","500,670,759",37.90,38.10,37.30,37.50,-0.40,"8,142",1303
113/12/09,"14,726,270","546,827,213",37.80,38.00,36.70,36.90,-0.60,"7,871",1303
113/12/10,"15,908,723","588,802,821",37.00,38.20,36.45,36.70,-0.20,"9,213",1303
113/12/11,"13,140,348","474,840,071",36.50,36.50,35.95,36.00,-0.70,"6,119",1303
113/12/12,"18,661,805","657,999,755",36.05,36.25,34.70,34.70,-1.30,"12,306",1303
113/12/13,"15,876,349","539,299,729",34.60,34.60,33.60,33.60,-1.10,"8,995",1303
113/12/16,"15,938,007","531,426,241",33.40,34.10,32.95,33.20,-0.40,"8,433",1303
113/12/17,"14,705,426","487,734,997",33.40,33.75,32.85,33.00,-0.20,"7,869",1303
113/12/18,"22,045,041","731,499,168",33.10,34.10,32.75,33.35,+0.35,"10,963",1303
113/12/19,"21,773,649","713,745,533",32.90,33.50,32.40,32.90,-0.45,"10,591",1303
113/12/20,"34,355,231","1,086,152,297",32.75,32.90,31.05,31.05,-1.85,"13,649",1303
113/12/23,"27,007,864","847,705,539",31.10,32.00,31.10,31.10,+0.05,"9,493",1303
113/12/24,"17,976,566","568,793,703",31.30,32.15,31.30,31.35,+0.25,"5,882",1303
113/12/25,"15,578,598","488,491,772",31.80,32.25,30.95,30.95,-0.40,"5,513",1303
113/12/26,"12,841,569","399,773,122",31.15,31.75,30.90,30.90,-0.05,"4,443",1303
113/12/27,"9,741,087","300,448,909",31.10,31.15,30.50,31.00,+0.10,"5,963",1303
113/12/30,"11,711,893","355,098,937",30.90,30.90,30.10,30.10,-0.90,"7,003",1303
113/12/31,"13,618,997","407,316,949",30.00,30.30,29.55,29.90,-0.20,"7,136",1303
