日期,成交股數,成交金額,開盤價,最高價,最低價,收盤價,漲跌價差,成交筆數,股票代號
 99/01/04,"68,637,858","2,331,362,972",33.70,34.50,33.60,34.10,+1.10,"20,090",2002
 99/01/05,"78,376,272","2,691,369,114",34.50,34.95,33.80,34.15,+0.05,"18,836",2002
 99/01/06,"43,995,398","1,501,037,133",34.20,34.25,33.95,34.25,+0.10,"11,158",2002
 99/01/07,"53,347,705","1,828,555,227",34.40,34.70,33.95,34.00,-0.25,"12,630",2002
 99/01/08,"83,874,781","2,922,838,374",34.50,35.10,34.50,34.85,+0.85,"18,686",2002
 99/01/11,"79,715,466","2,824,168,793",35.00,35.80,35.00,35.30,+0.45,"19,145",2002
 99/01/12,"52,031,003","1,826,389,772",35.50,35.60,34.75,35.20,-0.10,"13,632",2002
 99/01/13,"53,428,998","1,842,498,756",34.70,34.80,34.30,34.35,-0.85,"16,036",2002
 99/01/14,"53,515,658","1,861,899,942",34.60,35.00,34.50,34.90,+0.55,"13,620",2002
 99/01/15,"51,427,354","1,796,686,284",35.20,35.30,34.75,34.75,-0.15,"11,885",2002
 99/01/18,"31,947,134","1,098,272,290",34.40,34.50,34.30,34.40,-0.35,"9,904",2002
 99/01/19,"45,477,878","1,556,523,378",34.60,34.75,34.00,34.15,-0.25,"12,828",2002
 99/01/20,"35,932,747","1,225,299,214",34.35,34.45,33.85,34.20,+0.05,"10,177",2002
 99/01/21,"51,587,993","1,752,217,362",34.20,34.35,33.60,34.00,-0.20,"12,387",2002
 99/01/22,"72,365,917","2,396,679,824",33.50,33.60,32.85,32.95,-1.05,"21,164",2002
 99/01/25,"47,213,856","1,534,976,649",32.50,32.75,32.20,32.30,-0.65,"14,593",2002
 99/01/26,"77,294,701","2,498,966,400",32.80,32.90,31.85,32.00,-0.30,"20,664",2002
 99/01/27,"28,500,385","917,412,406",32.10,32.45,31.95,32.20,+0.20,"9,726",2002
 99/01/28,"41,203,387","1,349,041,529",32.60,33.00,32.40,32.65,+0.45,"9,817",2002
 99/01/29,"35,556,799","1,144,997,478",32.15,32.50,31.95,32.50,-0.15,"9,307",2002
 99/02/01,"36,525,521","1,167,647,960",32.50,32.50,31.70,31.90,-0.60,"10,014",2002
 99/02/02,"38,628,874","1,225,997,547",32.35,32.40,31.35,31.35,-0.55,"10,832",2002
 99/02/03,"20,416,064","647,754,998",31.80,32.00,31.50,32.00,+0.65,"5,878",2002
 99/02/04,"16,887,787","541,225,691",32.00,32.20,31.85,32.20,+0.20,"4,279",2002
 99/02/05,"48,722,697","1,538,464,589",31.55,31.80,31.40,31.40,-0.80,"12,121",2002
 99/02/06,"21,734,070","686,140,946",31.50,32.05,31.25,31.70,+0.30,"6,656",2002
 99/02/08,"28,012,846","889,959,342",31.95,31.95,31.70,31.75,+0.05,"8,239",2002
 99/02/09,"32,056,497","1,023,367,512",31.80,32.20,31.60,31.95,+0.20,"9,177",2002
 99/02/10,"45,395,798","1,483,099,465",32.60,32.85,32.50,32.75,+0.80,"11,778",2002
 99/02/22,"50,115,259","1,668,428,617",33.90,33.90,32.95,33.00,+0.25,"11,824",2002
 99/02/23,"41,631,911","1,369,800,946",33.45,33.45,32.45,33.20,+0.20,"9,843",2002
 99/02/24,"35,512,329","1,167,332,057",33.00,33.10,32.70,32.75,-0.45,"7,398",2002
 99/02/25,"44,033,198","1,425,893,050",32.70,32.70,32.15,32.35,-0.40,"8,917",2002
 99/02/26,"44,106,554","1,419,642,239",32.35,32.50,31.90,32.20,-0.15,"6,752",2002
 99/03/01,"39,528,651","1,295,775,769",32.35,33.05,32.30,32.80,+0.60,"7,701",2002
 99/03/02,"42,803,696","1,412,705,719",33.40,33.40,32.85,32.90,+0.10,"6,160",2002
 99/03/03,"25,419,913","841,127,190",33.30,33.30,32.95,33.10,+0.20,"6,225",2002
 99/03/04,"32,923,106","1,079,490,561",33.30,33.30,32.50,32.60,-0.50,"8,499",2002
 99/03/05,"34,085,566","1,127,746,758",33.10,33.30,32.70,33.10,+0.50,"8,834",2002
 99/03/08,"26,055,692","864,691,093",33.20,33.35,33.05,33.20,+0.10,"6,943",2002
 99/03/09,"18,255,804","604,420,742",33.25,33.25,32.95,33.20, 0.00,"5,364",2002
 99/03/10,"24,836,468","826,763,863",33.20,33.45,33.15,33.45,+0.25,"6,520",2002
 99/03/11,"27,729,612","922,415,969",33.45,33.45,33.10,33.20,-0.25,"5,466",2002
 99/03/12,"16,688,555","550,390,265",33.20,33.20,32.85,33.00,-0.20,"5,177",2002
 99/03/15,"24,652,418","808,481,046",32.80,33.05,32.60,32.70,-0.30,"6,196",2002
 99/03/16,"12,175,054","398,664,162",32.80,32.90,32.60,32.90,+0.20,"2,658",2002
 99/03/17,"32,763,186","1,089,593,696",33.00,33.40,32.95,33.35,+0.45,"7,371",2002
 99/03/18,"19,583,477","650,997,659",33.40,33.40,33.10,33.15,-0.20,"5,857",2002
 99/03/19,"21,130,842","699,266,069",33.10,33.20,33.00,33.20,+0.05,"4,292",2002
 99/03/22,"31,659,453","1,033,756,760",33.00,33.00,32.50,32.70,-0.50,"9,521",2002
 99/03/23,"23,576,143","767,887,153",32.70,32.80,32.50,32.55,-0.15,"6,061",2002
 99/03/24,"27,721,744","906,652,495",32.55,32.80,32.55,32.75,+0.20,"5,928",2002
 99/03/25,"30,393,547","989,162,398",32.80,32.80,32.40,32.70,-0.05,"7,741",2002
 99/03/26,"27,012,563","880,058,657",32.55,32.80,32.35,32.65,-0.05,"7,188",2002
 99/03/29,"33,787,730","1,107,153,987",32.70,32.90,32.65,32.80,+0.15,"5,995",2002
 99/03/30,"32,386,280","1,063,060,094",32.85,32.95,32.70,32.85,+0.05,"5,761",2002
 99/03/31,"28,867,324","949,520,336",32.95,33.00,32.80,32.85, 0.00,"6,405",2002
 99/04/01,"43,678,563","1,445,987,424",32.95,33.20,32.85,33.20,+0.35,"10,045",2002
 99/04/02,"25,870,465","863,155,452",33.35,33.45,33.20,33.40,+0.20,"7,082",2002
 99/04/06,"46,972,801","1,592,858,984",33.50,34.10,33.50,33.90,+0.50,"12,852",2002
 99/04/07,"28,066,167","949,734,535",33.95,34.00,33.70,33.90, 0.00,"6,680",2002
 99/04/08,"35,559,103","1,208,810,950",33.90,34.10,33.90,34.00,+0.10,"8,700",2002
 99/04/09,"25,494,296","869,290,564",34.00,34.20,34.00,34.10,+0.10,"6,560",2002
 99/04/12,"42,657,627","1,466,621,552",34.20,34.75,34.10,34.75,+0.65,"10,709",2002
 99/04/13,"49,890,414","1,729,871,205",34.75,34.80,34.50,34.70,-0.05,"9,299",2002
 99/04/14,"31,187,010","1,082,628,418",34.70,34.80,34.55,34.75,+0.05,"6,801",2002
 99/04/15,"35,665,277","1,244,640,496",34.85,34.95,34.80,34.95,+0.20,"6,901",2002
 99/04/16,"33,334,498","1,161,398,957",34.95,35.00,34.70,34.90,-0.05,"6,675",2002
 99/04/19,"55,693,819","1,900,887,896",34.50,34.60,33.90,34.05,-0.85,"11,404",2002
 99/04/20,"69,050,414","2,321,276,648",34.05,34.05,33.40,33.60,-0.45,"12,351",2002
 99/04/21,"36,971,433","1,245,232,945",33.65,33.90,33.55,33.65,+0.05,"6,994",2002
 99/04/22,"61,897,504","2,043,799,685",33.45,33.45,32.85,33.00,-0.65,"15,729",2002
 99/04/23,"31,218,531","1,032,088,857",33.10,33.20,33.00,33.10,+0.10,"8,121",2002
 99/04/26,"30,782,415","1,037,660,354",33.40,33.85,33.40,33.80,+0.70,"8,284",2002
 99/04/27,"27,896,527","944,255,418",33.80,34.05,33.40,34.00,+0.20,"5,824",2002
 99/04/28,"25,250,284","847,843,300",33.20,33.80,33.20,33.70,-0.30,"6,224",2002
 99/04/29,"19,345,232","649,436,807",33.70,33.80,33.45,33.60,-0.10,"4,479",2002
 99/04/30,"27,578,820","931,211,496",33.80,33.95,33.50,33.50,-0.10,"5,530",2002
 99/05/03,"17,568,080","586,857,470",33.50,33.60,33.25,33.35,-0.15,"4,676",2002
 99/05/04,"30,049,995","996,954,651",33.35,33.45,33.00,33.15,-0.20,"6,437",2002
 99/05/05,"62,775,669","2,025,016,019",32.55,32.55,32.00,32.20,-0.95,"18,598",2002
 99/05/06,"53,530,215","1,701,086,923",32.10,32.20,31.40,31.55,-0.65,"16,402",2002
 99/05/07,"66,198,853","2,062,510,911",31.00,31.55,30.80,31.55, 0.00,"15,421",2002
 99/05/10,"29,279,874","926,806,194",31.60,32.00,31.45,32.00,+0.45,"9,342",2002
 99/05/11,"34,553,060","1,098,598,676",32.30,32.30,31.45,31.45,-0.55,"12,209",2002
 99/05/12,"15,497,442","490,815,640",31.55,31.80,31.55,31.70,+0.25,"4,473",2002
 99/05/13,"16,879,415","540,604,599",31.95,32.25,31.85,32.05,+0.35,"4,958",2002
 99/05/14,"22,520,233","715,400,265",32.05,32.05,31.60,31.70,-0.35,"7,336",2002
 99/05/17,"25,603,318","800,426,846",31.50,31.60,31.10,31.45,-0.25,"8,063",2002
 99/05/18,"16,139,980","507,741,072",31.35,31.65,31.30,31.60,+0.15,"5,206",2002
 99/05/19,"29,216,436","910,434,568",31.40,31.45,31.00,31.30,-0.30,"9,504",2002
 99/05/20,"37,064,670","1,146,238,170",31.10,31.15,30.75,30.80,-0.50,"12,051",2002
 99/05/21,"40,493,514","1,221,660,541",30.00,30.40,29.95,30.25,-0.55,"12,698",2002
 99/05/24,"19,461,290","592,572,168",30.25,30.60,30.25,30.30,+0.05,"7,021",2002
 99/05/25,"57,654,287","1,715,155,310",30.25,30.25,29.30,29.70,-0.60,"17,867",2002
 99/05/26,"40,501,024","1,202,840,801",29.70,30.00,29.45,30.00,+0.30,"11,732",2002
 99/05/27,"20,077,524","601,324,817",29.95,30.25,29.70,30.15,+0.15,"6,160",2002
 99/05/28,"27,437,460","832,706,781",30.50,30.60,30.05,30.35,+0.20,"6,891",2002
 99/05/31,"16,000,085","486,870,854",30.50,30.55,30.25,30.55,+0.20,"4,327",2002
 99/06/01,"23,263,475","700,175,760",30.40,30.40,30.00,30.10,-0.45,"6,431",2002
 99/06/02,"26,952,979","803,672,020",30.00,30.00,29.60,29.80,-0.30,"9,158",2002
 99/06/03,"17,600,831","530,001,437",30.10,30.30,29.95,30.25,+0.45,"4,411",2002
 99/06/04,"11,697,264","353,705,810",30.30,30.30,30.15,30.25, 0.00,"3,347",2002
 99/06/07,"25,384,426","752,596,588",29.75,29.85,29.50,29.80,-0.45,"7,637",2002
 99/06/08,"19,893,539","589,560,993",29.80,30.00,29.30,29.80, 0.00,"6,035",2002
 99/06/09,"30,112,112","886,114,467",29.80,29.80,29.25,29.30,-0.50,"11,396",2002
 99/06/10,"11,907,811","352,297,520",29.80,29.80,29.40,29.65,+0.35,"4,281",2002
 99/06/11,"15,940,852","477,916,460",29.95,30.15,29.85,30.00,+0.35,"5,184",2002
 99/06/14,"15,048,943","458,065,800",30.25,30.55,30.25,30.50,+0.50,"5,562",2002
 99/06/15,"21,146,165","646,601,268",30.30,30.90,30.25,30.70,+0.20,"5,315",2002
 99/06/17,"22,741,068","697,520,901",30.75,30.90,30.45,30.90,+0.20,"7,113",2002
 99/06/18,"17,520,514","533,622,825",30.75,30.80,30.35,30.50,-0.40,"4,456",2002
 99/06/21,"35,767,113","1,098,550,648",30.85,31.00,30.45,30.65,+0.15,"7,327",2002
 99/06/22,"11,402,566","350,139,775",30.70,30.80,30.60,30.75,+0.10,"3,702",2002
 99/06/23,"12,746,244","390,312,475",30.70,30.75,30.50,30.55,-0.20,"3,958",2002
 99/06/24,"19,695,311","603,979,297",30.80,30.85,30.45,30.85,+0.30,"5,053",2002
 99/06/25,"15,577,173","474,929,653",30.55,30.65,30.30,30.40,-0.45,"4,655",2002
 99/06/28,"11,917,339","362,330,956",30.40,30.50,30.30,30.40, 0.00,"3,687",2002
 99/06/29,"20,922,328","634,298,084",30.40,30.75,30.00,30.00,-0.40,"5,788",2002
 99/06/30,"22,389,405","667,507,350",29.65,29.95,29.60,29.80,-0.20,"6,455",2002
 99/07/01,"19,354,295","573,202,218",29.80,29.80,29.55,29.55,-0.25,"6,543",2002
 99/07/02,"11,557,962","344,512,665",29.60,30.15,29.60,29.70,+0.15,"3,917",2002
 99/07/05,"11,292,568","337,080,248",29.70,30.05,29.70,29.85,+0.15,"4,117",2002
 99/07/06,"20,182,708","608,606,119",29.85,30.50,29.85,30.50,+0.65,"4,819",2002
 99/07/07,"11,942,801","361,813,262",30.55,30.60,30.10,30.25,-0.25,"3,872",2002
 99/07/08,"11,880,747","360,820,714",30.40,30.55,30.20,30.45,+0.20,"3,591",2002
 99/07/09,"11,999,665","363,933,554",30.50,30.50,30.20,30.45, 0.00,"3,815",2002
 99/07/12,"18,962,831","578,226,058",30.20,30.75,30.15,30.45, 0.00,"4,850",2002
 99/07/13,"12,922,039","392,615,859",30.45,30.55,30.25,30.35,-0.10,"3,237",2002
 99/07/14,"23,411,912","714,698,463",30.50,30.70,30.30,30.55,+0.20,"6,282",2002
 99/07/15,"17,751,085","540,420,474",30.55,30.60,30.35,30.40,-0.15,"5,570",2002
 99/07/16,"20,296,736","614,356,575",30.40,30.40,30.20,30.20,-0.20,"6,212",2002
 99/07/19,"21,701,799","661,874,994",30.10,30.80,30.00,30.70,+0.50,"6,383",2002
 99/07/20,"23,807,469","732,079,955",30.70,30.90,30.55,30.90,+0.20,"6,360",2002
 99/07/21,"27,824,512","858,904,132",30.80,30.95,30.60,30.95,+0.05,"7,323",2002
 99/07/22,"40,163,701","1,252,055,167",31.00,31.50,30.85,31.45,+0.50,"10,860",2002
 99/07/23,"69,304,663","2,202,270,696",31.65,31.85,31.65,31.80,+0.35,"16,174",2002
 99/07/26,"54,087,345","1,627,909,080",30.00,30.35,29.90,30.25,X0.00,"12,862",2002
 99/07/27,"19,072,657","576,681,218",30.30,30.40,30.10,30.30,+0.05,"5,110",2002
 99/07/28,"13,601,299","411,298,182",30.30,30.35,30.15,30.20,-0.10,"4,430",2002
 99/07/29,"20,110,101","608,378,410",30.20,30.40,30.10,30.40,+0.20,"4,552",2002
 99/07/30,"13,776,158","417,244,963",30.40,30.40,30.20,30.35,-0.05,"3,715",2002
 99/08/02,"24,898,348","763,421,637",30.35,30.85,30.35,30.85,+0.50,"6,716",2002
 99/08/03,"23,657,431","732,622,123",31.00,31.20,30.80,31.20,+0.35,"6,740",2002
 99/08/04,"17,825,908","552,846,448",31.20,31.25,30.90,31.15,-0.05,"4,226",2002
 99/08/05,"14,654,745","453,980,845",31.15,31.20,30.85,31.10,-0.05,"4,227",2002
 99/08/06,"19,013,300","588,320,858",31.10,31.10,30.85,30.95,-0.15,"4,578",2002
 99/08/09,"23,882,402","742,302,912",30.90,31.20,30.90,31.05,+0.10,"5,575",2002
 99/08/10,"13,561,703","420,673,343",31.20,31.20,30.90,31.00,-0.05,"3,744",2002
 99/08/11,"10,997,081","339,656,261",30.90,31.00,30.80,31.00, 0.00,"3,423",2002
 99/08/12,"12,152,977","373,705,082",30.80,30.85,30.70,30.75,-0.25,"3,981",2002
 99/08/13,"11,045,882","340,255,492",30.75,30.95,30.60,30.90,+0.15,"3,341",2002
 99/08/16,"13,509,259","414,327,004",30.70,30.85,30.55,30.80,-0.10,"4,015",2002
 99/08/17,"11,665,053","358,049,399",30.80,30.80,30.60,30.60,-0.20,"3,402",2002
 99/08/18,"20,350,661","622,777,930",30.60,30.75,30.45,30.70,+0.10,"4,575",2002
 99/08/19,"13,418,873","411,429,254",30.50,30.80,30.40,30.75,+0.05,"3,797",2002
 99/08/20,"7,731,925","236,635,853",30.65,30.70,30.50,30.65,-0.10,"2,871",2002
 99/08/23,"18,928,715","580,563,939",30.65,30.90,30.45,30.60,-0.05,"4,297",2002
 99/08/24,"14,269,154","435,626,804",30.60,30.65,30.45,30.45,-0.15,"4,825",2002
 99/08/25,"38,339,290","1,149,940,535",30.30,30.30,29.90,29.90,-0.55,"13,193",2002
 99/08/26,"16,061,399","480,565,276",29.90,30.05,29.80,29.95,+0.05,"6,260",2002
 99/08/27,"15,489,282","469,403,212",30.20,30.40,30.05,30.40,+0.45,"4,931",2002
 99/08/30,"13,347,904","407,175,996",30.60,30.65,30.30,30.45,+0.05,"4,196",2002
 99/08/31,"14,512,710","439,073,563",30.50,30.50,30.10,30.30,-0.15,"4,666",2002
 99/09/01,"11,697,789","354,942,203",30.30,30.45,30.20,30.30, 0.00,"3,161",2002
 99/09/02,"8,561,907","261,043,482",30.60,30.65,30.40,30.40,+0.10,"3,218",2002
 99/09/03,"11,230,569","342,977,425",30.50,30.65,30.45,30.55,+0.15,"3,885",2002
 99/09/06,"20,896,342","645,663,502",30.65,31.05,30.65,31.00,+0.45,"6,621",2002
 99/09/07,"75,852,171","2,411,160,489",31.45,32.15,31.45,32.00,+1.00,"21,578",2002
 99/09/08,"28,054,777","887,628,538",32.00,32.00,31.45,31.65,-0.35,"6,848",2002
 99/09/09,"17,542,613","553,502,425",31.80,31.80,31.45,31.55,-0.10,"4,381",2002
 99/09/10,"19,179,548","608,736,769",31.70,31.80,31.65,31.75,+0.20,"6,726",2002
 99/09/13,"48,157,374","1,541,871,391",32.00,32.10,31.95,32.10,+0.35,"12,252",2002
 99/09/14,"25,277,360","810,159,220",32.10,32.20,31.90,32.20,+0.10,"8,949",2002
 99/09/15,"19,065,459","611,762,838",32.20,32.20,31.95,32.20, 0.00,"7,343",2002
 99/09/16,"14,959,511","479,889,202",32.15,32.20,32.00,32.05,-0.15,"5,594",2002
 99/09/17,"28,420,184","912,282,645",32.05,32.20,32.00,32.00,-0.05,"7,600",2002
 99/09/20,"20,021,711","648,232,661",32.00,32.50,32.00,32.45,+0.45,"6,709",2002
 99/09/21,"13,961,853","452,607,042",32.50,32.60,32.25,32.45, 0.00,"4,609",2002
 99/09/23,"15,731,301","508,394,247",32.45,32.45,32.10,32.40,-0.05,"4,936",2002
 99/09/24,"17,151,362","552,232,773",32.10,32.40,32.10,32.20,-0.20,"5,035",2002
 99/09/27,"13,438,481","434,169,681",32.40,32.45,32.20,32.40,+0.20,"4,616",2002
 99/09/28,"17,664,004","572,033,099",32.40,32.45,32.30,32.30,-0.10,"4,619",2002
 99/09/29,"26,477,722","856,788,204",32.40,32.50,32.20,32.35,+0.05,"6,097",2002
 99/09/30,"18,126,808","583,304,268",32.35,32.35,32.00,32.30,-0.05,"5,468",2002
 99/10/01,"8,969,450","288,230,682",32.30,32.30,32.05,32.20,-0.10,"3,540",2002
 99/10/04,"18,923,427","611,157,559",32.20,32.40,32.20,32.30,+0.10,"5,117",2002
 99/10/05,"20,771,345","666,762,173",32.20,32.20,32.00,32.20,-0.10,"5,037",2002
 99/10/06,"27,001,577","873,497,557",32.20,32.45,32.20,32.40,+0.20,"5,742",2002
 99/10/07,"25,607,416","832,434,349",32.40,32.70,32.30,32.40, 0.00,"6,187",2002
 99/10/08,"18,575,076","596,553,655",32.40,32.45,32.00,32.10,-0.30,"5,965",2002
 99/10/11,"28,168,559","892,715,311",32.10,32.15,31.50,31.65,-0.45,"8,720",2002
 99/10/12,"28,227,041","883,736,682",31.65,31.65,31.15,31.30,-0.35,"8,078",2002
 99/10/13,"17,891,554","557,883,098",31.25,31.40,31.10,31.40,+0.10,"5,674",2002
 99/10/14,"29,562,938","928,358,386",31.50,31.50,31.30,31.40, 0.00,"6,557",2002
 99/10/15,"37,223,723","1,170,614,222",31.40,31.80,31.30,31.35,-0.05,"6,277",2002
 99/10/18,"28,258,117","880,151,500",31.45,31.45,31.00,31.05,-0.30,"7,816",2002
 99/10/19,"28,603,848","886,556,115",31.05,31.10,30.90,30.95,-0.10,"7,281",2002
 99/10/20,"17,295,997","534,836,437",30.85,31.10,30.80,31.00,+0.05,"5,260",2002
 99/10/21,"17,423,952","539,200,512",31.00,31.10,30.85,30.90,-0.10,"4,789",2002
 99/10/22,"19,776,532","610,161,592",31.00,31.00,30.80,30.90, 0.00,"6,706",2002
 99/10/25,"28,876,905","896,991,987",30.90,31.30,30.90,31.10,+0.20,"6,168",2002
 99/10/26,"16,166,527","502,945,984",31.20,31.25,31.00,31.25,+0.15,"4,365",2002
 99/10/27,"22,743,287","704,940,545",31.20,31.25,30.90,30.95,-0.30,"5,766",2002
 99/10/28,"29,266,802","909,165,395",30.85,31.30,30.85,31.10,+0.15,"5,411",2002
 99/10/29,"14,844,488","461,051,987",31.20,31.20,31.00,31.05,-0.05,"3,925",2002
 99/11/01,"21,708,557","678,370,815",31.05,31.30,31.05,31.30,+0.25,"5,295",2002
 99/11/02,"16,092,569","503,588,741",31.30,31.35,31.20,31.30, 0.00,"4,604",2002
 99/11/03,"47,132,815","1,484,807,164",31.30,31.60,31.30,31.55,+0.25,"7,969",2002
 99/11/04,"34,324,047","1,081,413,659",31.55,31.60,31.45,31.55, 0.00,"6,185",2002
 99/11/05,"35,039,213","1,115,001,290",31.75,31.90,31.65,31.80,+0.25,"8,117",2002
 99/11/08,"21,121,838","670,195,143",31.80,31.85,31.65,31.75,-0.05,"5,556",2002
 99/11/09,"27,102,517","865,002,344",31.75,32.10,31.70,32.10,+0.35,"7,355",2002
 99/11/10,"46,398,171","1,505,311,947",32.20,32.65,32.20,32.35,+0.25,"13,468",2002
 99/11/11,"18,971,935","610,184,220",32.30,32.35,32.05,32.10,-0.25,"6,295",2002
 99/11/12,"26,401,877","839,619,023",32.00,32.00,31.60,31.85,-0.25,"6,195",2002
 99/11/15,"14,961,266","472,652,204",31.60,31.70,31.50,31.60,-0.25,"3,901",2002
 99/11/16,"13,283,333","420,508,995",31.60,31.80,31.50,31.80,+0.20,"3,683",2002
 99/11/17,"12,978,748","411,314,760",31.75,31.80,31.60,31.70,-0.10,"3,175",2002
 99/11/18,"12,723,439","402,719,433",31.70,31.80,31.50,31.70, 0.00,"3,205",2002
 99/11/19,"16,445,937","521,634,189",31.80,31.85,31.55,31.80,+0.10,"4,801",2002
 99/11/22,"21,404,007","683,465,158",31.85,32.05,31.80,31.85,+0.05,"5,356",2002
 99/11/23,"12,061,374","384,024,294",31.85,31.95,31.75,31.75,-0.10,"3,445",2002
 99/11/24,"12,351,821","391,927,917",31.60,31.85,31.55,31.75, 0.00,"3,786",2002
 99/11/25,"19,606,177","622,808,861",31.80,31.90,31.65,31.80,+0.05,"4,596",2002
 99/11/26,"30,615,539","959,093,642",31.60,31.60,31.25,31.25,-0.55,"9,828",2002
 99/11/29,"19,050,867","596,197,875",31.25,31.45,31.15,31.35,+0.10,"5,232",2002
 99/11/30,"24,984,586","784,355,790",31.35,31.50,31.25,31.35, 0.00,"4,252",2002
 99/12/01,"26,824,606","838,245,119",31.35,31.35,31.15,31.35, 0.00,"8,038",2002
 99/12/02,"22,734,304","714,124,307",31.45,31.50,31.30,31.50,+0.15,"6,355",2002
 99/12/03,"20,487,059","646,939,169",31.50,31.75,31.40,31.50, 0.00,"5,526",2002
 99/12/06,"20,632,264","652,923,013",31.50,31.80,31.45,31.70,+0.20,"5,466",2002
 99/12/07,"23,798,838","756,936,919",31.70,31.90,31.60,31.75,+0.05,"7,371",2002
 99/12/08,"18,839,177","599,901,714",31.80,32.00,31.80,31.80,+0.05,"4,333",2002
 99/12/09,"35,374,093","1,136,437,701",32.00,32.45,31.90,32.10,+0.30,"9,762",2002
 99/12/10,"21,062,225","673,970,450",32.10,32.10,31.90,32.05,-0.05,"6,577",2002
 99/12/13,"25,849,767","825,228,365",32.10,32.10,31.70,31.85,-0.20,"7,263",2002
 99/12/14,"23,047,213","736,741,310",31.85,32.10,31.85,32.00,+0.15,"5,531",2002
 99/12/15,"29,587,378","948,896,796",32.00,32.15,32.00,32.15,+0.15,"8,804",2002
 99/12/16,"24,055,577","773,813,851",32.15,32.25,32.10,32.15, 0.00,"5,100",2002
 99/12/17,"33,674,324","1,091,015,524",32.20,32.55,32.15,32.40,+0.25,"9,029",2002
 99/12/20,"50,205,475","1,639,043,717",32.50,32.80,32.45,32.70,+0.30,"11,475",2002
 99/12/21,"45,394,398","1,497,143,064",32.75,33.20,32.70,32.95,+0.25,"12,573",2002
 99/12/22,"26,565,072","874,216,183",33.00,33.10,32.80,32.90,-0.05,"7,260",2002
 99/12/23,"18,564,327","608,874,022",32.90,32.95,32.70,32.75,-0.15,"5,933",2002
 99/12/24,"16,236,451","531,546,395",32.75,32.85,32.60,32.80,+0.05,"4,804",2002
 99/12/27,"20,026,084","657,783,982",32.75,32.95,32.70,32.95,+0.15,"5,338",2002
 99/12/28,"15,378,855","505,196,615",32.95,32.95,32.75,32.90,-0.05,"4,397",2002
 99/12/29,"15,757,464","516,921,230",32.90,32.90,32.75,32.85,-0.05,"4,482",2002
 99/12/30,"31,857,022","1,048,768,199",32.85,33.00,32.80,33.00,+0.15,"7,070",2002
 99/12/31,"50,505,068","1,685,689,913",33.10,33.50,33.10,33.50,+0.50,"14,123",2002
100/01/03,"65,823,581","2,244,301,504",33.90,34.30,33.85,34.15,+0.65,"17,349",2002
100/01/04,"54,202,899","1,855,628,310",34.50,34.50,33.85,33.90,-0.25,"14,272",2002
100/01/05,"43,515,916","1,463,190,790",34.00,34.30,33.25,33.50,-0.40,"13,588",2002
100/01/06,"34,445,462","1,150,523,984",33.50,33.70,33.25,33.50, 0.00,"10,037",2002
100/01/07,"40,433,853","1,336,236,799",33.50,33.50,32.80,32.95,-0.55,"11,350",2002
100/01/10,"21,373,131","707,240,579",32.95,33.30,32.90,33.30,+0.35,"5,268",2002
100/01/11,"25,677,580","859,851,512",33.30,33.65,33.10,33.60,+0.30,"6,898",2002
100/01/12,"16,900,122","566,721,104",33.65,33.70,33.35,33.40,-0.20,"4,668",2002
100/01/13,"17,927,458","601,804,109",33.50,33.80,33.45,33.60,+0.20,"4,930",2002
100/01/14,"23,038,307","770,501,920",33.60,33.80,33.20,33.40,-0.20,"6,038",2002
100/01/17,"17,648,908","587,335,400",33.40,33.55,33.20,33.20,-0.20,"5,506",2002
100/01/18,"24,408,891","806,810,651",33.10,33.20,33.00,33.10,-0.10,"8,214",2002
100/01/19,"19,306,078","639,945,363",33.10,33.35,33.05,33.30,+0.20,"6,125",2002
100/01/20,"17,026,496","563,818,647",33.30,33.30,33.05,33.15,-0.15,"5,631",2002
100/01/21,"29,179,876","963,600,814",33.05,33.15,32.95,33.10,-0.05,"6,978",2002
100/01/24,"28,929,880","953,932,640",33.10,33.10,32.85,33.00,-0.10,"6,716",2002
100/01/25,"25,550,452","842,549,116",32.90,33.10,32.90,32.90,-0.10,"5,004",2002
100/01/26,"45,639,291","1,525,062,567",33.00,33.65,33.00,33.40,+0.50,"10,332",2002
100/01/27,"36,750,005","1,232,871,788",33.55,33.70,33.45,33.50,+0.10,"8,309",2002
100/01/28,"42,216,904","1,420,897,619",33.55,33.95,33.45,33.80,+0.30,"10,079",2002
100/02/08,"88,708,519","3,065,601,358",34.30,34.90,34.00,34.90,+1.10,"24,108",2002
100/02/09,"60,616,177","2,107,059,988",35.00,35.00,34.60,34.65,-0.25,"17,131",2002
100/02/10,"46,317,408","1,581,491,051",34.50,34.50,34.00,34.00,-0.65,"13,570",2002
100/02/11,"49,274,203","1,660,688,180",34.00,34.05,33.40,33.45,-0.55,"14,163",2002
100/02/14,"41,954,875","1,414,003,785",33.60,33.85,33.55,33.60,+0.15,"9,415",2002
100/02/15,"32,923,323","1,106,796,017",33.55,33.95,33.25,33.60, 0.00,"8,842",2002
100/02/16,"20,524,481","689,036,283",33.60,33.70,33.50,33.50,-0.10,"6,541",2002
100/02/17,"39,124,030","1,299,853,242",33.55,33.55,33.10,33.10,-0.40,"12,418",2002
100/02/18,"24,512,643","823,292,216",33.30,33.75,33.30,33.65,+0.55,"6,374",2002
100/02/21,"23,745,142","792,260,344",33.80,33.80,33.25,33.45,-0.20,"7,249",2002
100/02/22,"40,722,512","1,349,637,568",33.20,33.25,33.05,33.20,-0.25,"11,240",2002
100/02/23,"49,396,036","1,659,041,361",33.20,33.85,33.20,33.55,+0.35,"13,180",2002
100/02/24,"38,147,331","1,285,450,369",33.85,33.85,33.60,33.60,+0.05,"11,184",2002
100/02/25,"44,558,051","1,498,070,112",33.85,33.90,33.45,33.50,-0.10,"12,273",2002
100/03/01,"31,009,400","1,049,358,250",33.50,34.00,33.50,33.95,+0.45,"8,087",2002
100/03/02,"26,751,378","905,968,806",33.85,34.05,33.70,33.70,-0.25,"7,261",2002
100/03/03,"30,157,437","1,027,374,240",33.70,34.20,33.70,34.20,+0.50,"9,227",2002
100/03/04,"32,451,827","1,108,995,172",34.50,34.50,33.90,34.00,-0.20,"9,525",2002
100/03/07,"16,553,360","563,218,963",34.00,34.10,33.90,34.00, 0.00,"5,315",2002
100/03/08,"21,860,251","741,028,734",34.10,34.10,33.80,33.90,-0.10,"7,121",2002
100/03/09,"16,297,726","551,329,184",34.00,34.00,33.70,33.80,-0.10,"5,634",2002
100/03/10,"25,570,980","859,536,889",33.80,33.80,33.50,33.55,-0.25,"8,795",2002
100/03/11,"26,393,241","881,310,697",33.40,33.45,33.35,33.40,-0.15,"8,573",2002
100/03/14,"81,034,486","2,779,186,026",34.80,34.80,33.90,34.35,+0.95,"22,712",2002
100/03/15,"81,315,306","2,775,391,578",34.55,34.55,33.50,34.35, 0.00,"24,442",2002
100/03/16,"38,433,179","1,322,469,596",34.50,34.60,34.30,34.40,+0.05,"12,711",2002
100/03/17,"21,404,079","732,705,507",34.00,34.40,34.00,34.35,-0.05,"7,125",2002
100/03/18,"28,083,353","965,773,030",34.35,34.50,34.25,34.50,+0.15,"8,207",2002
100/03/21,"21,873,544","754,854,736",34.70,34.70,34.30,34.30,-0.20,"7,122",2002
100/03/22,"28,363,208","977,769,332",34.40,34.60,34.35,34.40,+0.10,"7,627",2002
100/03/23,"23,297,554","803,416,929",34.40,34.60,34.30,34.60,+0.20,"6,206",2002
100/03/24,"24,925,237","865,433,524",34.70,34.95,34.60,34.60, 0.00,"7,344",2002
100/03/25,"20,202,862","699,515,345",34.80,34.80,34.55,34.65,+0.05,"6,119",2002
100/03/28,"25,591,218","885,612,272",34.60,34.75,34.50,34.60,-0.05,"6,359",2002
100/03/29,"24,719,963","857,296,074",34.60,34.80,34.50,34.80,+0.20,"6,524",2002
100/03/30,"49,151,924","1,725,779,355",34.95,35.25,34.90,35.15,+0.35,"13,023",2002
100/03/31,"32,831,154","1,150,141,776",35.15,35.20,34.90,35.15, 0.00,"8,427",2002
100/04/01,"24,989,712","873,263,687",35.15,35.15,34.80,35.05,-0.10,"7,331",2002
100/04/06,"35,215,921","1,237,548,357",35.05,35.20,35.05,35.15,+0.10,"9,734",2002
100/04/07,"21,316,971","749,735,156",35.20,35.25,35.05,35.25,+0.10,"6,826",2002
100/04/08,"25,642,198","903,485,188",35.25,35.30,35.15,35.20,-0.05,"7,113",2002
100/04/11,"21,571,781","753,857,410",35.05,35.10,34.75,35.10,-0.10,"6,983",2002
100/04/12,"24,921,291","867,623,275",35.00,35.00,34.65,34.95,-0.15,"8,166",2002
100/04/13,"11,940,944","417,554,322",34.95,35.10,34.85,35.10,+0.15,"4,772",2002
100/04/14,"16,092,622","563,289,570",35.10,35.10,34.90,35.00,-0.10,"4,921",2002
100/04/15,"22,844,971","796,078,285",35.00,35.00,34.75,34.85,-0.15,"5,858",2002
100/04/18,"19,756,765","685,348,894",34.80,34.80,34.60,34.60,-0.25,"6,174",2002
100/04/19,"22,484,298","775,804,132",34.50,34.60,34.40,34.60, 0.00,"6,845",2002
100/04/20,"18,834,980","654,658,700",34.70,34.90,34.60,34.90,+0.30,"5,143",2002
100/04/21,"26,886,939","943,327,565",35.10,35.20,34.90,35.10,+0.20,"7,380",2002
100/04/22,"19,366,559","680,234,115",35.20,35.25,35.00,35.10, 0.00,"5,017",2002
100/04/25,"11,446,595","402,070,840",35.20,35.25,35.05,35.05,-0.05,"4,107",2002
100/04/26,"16,409,522","576,452,031",35.00,35.20,35.00,35.20,+0.15,"4,132",2002
100/04/27,"29,704,165","1,049,140,846",35.30,35.45,35.20,35.45,+0.25,"8,536",2002
100/04/28,"31,693,336","1,128,952,676",35.50,35.80,35.45,35.65,+0.20,"9,750",2002
100/04/29,"31,419,467","1,111,104,800",35.65,35.65,35.05,35.40,-0.25,"9,084",2002
100/05/03,"16,988,644","598,426,036",35.40,35.40,35.05,35.40, 0.00,"5,332",2002
100/05/04,"17,748,989","624,259,518",35.20,35.35,35.00,35.30,-0.10,"5,468",2002
100/05/05,"21,245,131","746,042,578",35.10,35.25,35.05,35.10,-0.20,"5,396",2002
100/05/06,"17,694,062","619,749,150",35.00,35.10,34.95,35.00,-0.10,"5,639",2002
100/05/09,"21,598,697","757,906,137",35.00,35.25,34.95,35.05,+0.05,"5,788",2002
100/05/10,"11,212,333","393,156,950",35.05,35.15,35.00,35.05, 0.00,"3,811",2002
100/05/11,"13,980,526","490,159,673",35.05,35.15,35.00,35.10,+0.05,"3,999",2002
100/05/12,"14,634,021","513,889,880",35.10,35.20,35.00,35.15,+0.05,"3,402",2002
100/05/13,"15,214,909","534,725,836",35.15,35.20,35.05,35.15, 0.00,"3,177",2002
100/05/16,"20,031,596","703,683,188",35.15,35.25,35.05,35.05,-0.10,"5,375",2002
100/05/17,"17,532,187","614,094,837",35.00,35.10,35.00,35.00,-0.05,"5,720",2002
100/05/18,"12,392,496","435,269,331",35.00,35.20,35.00,35.20,+0.20,"3,839",2002
100/05/19,"24,080,361","847,130,823",35.20,35.30,35.05,35.05,-0.15,"4,890",2002
100/05/20,"19,390,908","679,301,910",35.20,35.20,35.00,35.10,+0.05,"4,983",2002
100/05/23,"37,375,860","1,301,581,400",35.00,35.00,34.75,34.80,-0.30,"9,409",2002
100/05/24,"27,953,916","968,542,218",34.70,34.80,34.55,34.80, 0.00,"7,235",2002
100/05/25,"42,148,929","1,453,411,089",34.70,34.70,34.40,34.40,-0.40,"11,141",2002
100/05/26,"27,882,260","953,429,206",34.40,34.40,34.05,34.25,-0.15,"8,648",2002
100/05/27,"42,760,528","1,456,468,179",34.10,34.20,34.00,34.00,-0.25,"10,995",2002
100/05/30,"23,281,576","795,606,280",34.00,34.35,33.90,34.20,+0.20,"6,534",2002
100/05/31,"26,506,116","909,319,010",34.30,34.50,34.15,34.30,+0.10,"5,918",2002
100/06/01,"28,574,150","979,426,163",34.30,34.45,34.15,34.25,-0.05,"6,866",2002
100/06/02,"36,228,408","1,234,912,296",34.15,34.30,34.00,34.10,-0.15,"10,145",2002
100/06/03,"16,829,701","574,360,209",34.10,34.30,34.00,34.25,+0.15,"5,003",2002
100/06/07,"13,783,568","471,066,410",34.25,34.25,34.05,34.25, 0.00,"4,552",2002
100/06/08,"18,187,684","621,163,839",34.15,34.25,34.10,34.20,-0.05,"6,333",2002
100/06/09,"22,414,215","765,662,253",34.20,34.25,34.10,34.10,-0.10,"5,021",2002
100/06/10,"20,503,309","700,194,540",34.25,34.30,34.05,34.10, 0.00,"5,493",2002
100/06/13,"35,105,628","1,190,059,435",34.00,34.05,33.80,33.80,-0.30,"12,248",2002
100/06/14,"11,448,413","389,743,916",33.80,34.15,33.80,34.15,+0.35,"4,084",2002
100/06/15,"27,782,862","952,624,787",34.20,34.50,34.00,34.45,+0.30,"5,689",2002
100/06/16,"21,690,144","739,846,848",34.25,34.30,34.05,34.10,-0.35,"5,754",2002
100/06/17,"36,532,330","1,241,979,720",34.20,34.25,33.80,33.80,-0.30,"8,082",2002
100/06/20,"17,067,893","579,124,312",34.00,34.05,33.85,33.95,+0.15,"4,690",2002
100/06/21,"15,593,727","531,505,811",34.00,34.15,34.00,34.05,+0.10,"4,306",2002
100/06/22,"28,309,618","962,004,847",34.10,34.20,33.85,33.90,-0.15,"6,517",2002
100/06/23,"11,616,450","394,721,421",33.95,34.10,33.90,34.05,+0.15,"3,622",2002
100/06/24,"17,480,979","594,483,431",34.10,34.10,33.90,34.00,-0.05,"4,446",2002
100/06/27,"27,714,981","935,423,354",33.90,33.90,33.60,33.80,-0.20,"7,504",2002
100/06/28,"29,049,107","977,959,824",33.85,33.90,33.50,33.50,-0.30,"9,554",2002
100/06/29,"19,074,002","648,477,718",33.80,34.20,33.60,34.00,+0.50,"5,305",2002
100/06/30,"20,389,145","700,898,608",34.00,34.60,34.00,34.60,+0.60,"6,605",2002
100/07/01,"24,808,827","861,804,700",34.60,34.85,34.50,34.80,+0.20,"5,930",2002
100/07/04,"16,635,437","578,643,116",34.80,34.90,34.70,34.75,-0.05,"4,702",2002
100/07/05,"18,291,118","635,300,328",34.75,34.80,34.60,34.80,+0.05,"4,350",2002
100/07/06,"18,384,383","641,542,255",34.80,35.00,34.70,35.00,+0.20,"5,251",2002
100/07/07,"22,994,923","804,323,355",35.00,35.05,34.90,35.05,+0.05,"5,726",2002
100/07/08,"27,280,711","957,593,478",35.05,35.30,35.00,35.05, 0.00,"6,697",2002
100/07/11,"23,819,870","834,885,937",35.15,35.15,35.00,35.05, 0.00,"5,680",2002
100/07/12,"39,072,448","1,361,887,272",35.00,35.05,34.70,34.75,-0.30,"9,244",2002
100/07/13,"43,369,914","1,516,452,711",34.75,35.05,34.75,35.05,+0.30,"7,922",2002
100/07/14,"51,449,178","1,794,862,380",35.05,35.10,34.75,34.85,-0.20,"10,060",2002
100/07/15,"95,003,449","3,327,561,445",34.85,35.20,34.85,35.20,+0.35,"19,365",2002
100/07/18,"143,988,372","4,594,203,826",31.80,32.20,31.65,32.00,X0.00,"40,201",2002
100/07/19,"66,543,850","2,108,823,100",32.00,32.00,31.50,31.60,-0.40,"22,351",2002
100/07/20,"49,632,476","1,574,088,482",31.95,31.95,31.60,31.65,+0.05,"13,278",2002
100/07/21,"148,625,196","4,620,839,234",31.60,31.60,30.95,31.00,-0.65,"42,528",2002
100/07/22,"91,143,647","2,793,492,593",31.00,31.00,30.50,30.55,-0.45,"25,551",2002
100/07/25,"118,277,636","3,558,014,812",30.50,30.50,29.95,30.00,-0.55,"35,426",2002
100/07/26,"105,521,086","3,140,372,994",29.90,29.90,29.60,29.65,-0.35,"32,844",2002
100/07/27,"256,203,625","7,540,822,871",29.30,30.10,28.85,30.10,+0.45,"57,505",2002
100/07/28,"93,860,162","2,805,059,270",29.95,29.95,29.75,29.90,-0.20,"26,149",2002
100/07/29,"68,257,649","2,048,812,069",29.90,30.15,29.90,30.10,+0.20,"17,252",2002
100/08/01,"58,772,465","1,785,813,743",30.20,30.55,30.20,30.40,+0.30,"14,215",2002
100/08/02,"28,529,393","861,480,910",30.35,30.35,30.10,30.15,-0.25,"10,414",2002
100/08/03,"54,060,969","1,614,998,058",30.00,30.00,29.75,29.90,-0.25,"17,645",2002
100/08/04,"34,051,182","1,020,638,918",30.00,30.10,29.90,29.90, 0.00,"9,583",2002
100/08/05,"122,245,779","3,564,415,123",29.00,29.45,28.85,29.20,-0.70,"37,772",2002
100/08/08,"92,013,888","2,669,428,074",29.20,29.35,28.80,28.95,-0.25,"30,919",2002
100/08/09,"175,812,671","4,961,800,697",28.50,29.00,27.40,28.35,-0.60,"55,378",2002
100/08/10,"132,649,831","3,779,712,640",29.50,29.50,28.80,28.95,+0.60,"27,693",2002
100/08/11,"84,098,063","2,391,716,773",28.80,29.15,28.50,29.10,+0.15,"14,467",2002
100/08/12,"67,189,525","1,964,496,676",29.50,29.50,29.00,29.30,+0.20,"13,358",2002
100/08/15,"53,380,177","1,561,920,422",29.70,29.85,29.45,29.55,+0.25,"12,209",2002
100/08/16,"30,505,962","906,846,109",29.90,29.95,29.55,29.60,+0.05,"10,065",2002
100/08/17,"25,727,409","760,992,485",29.60,29.70,29.40,29.60, 0.00,"8,091",2002
100/08/18,"26,869,685","791,390,699",29.95,29.95,29.30,29.60, 0.00,"8,855",2002
100/08/19,"46,839,402","1,361,667,620",29.10,29.30,28.90,29.05,-0.55,"14,130",2002
100/08/22,"34,298,938","1,007,137,341",29.30,29.60,29.10,29.30,+0.25,"10,852",2002
100/08/23,"42,771,801","1,269,974,330",29.60,29.80,29.50,29.70,+0.40,"10,039",2002
100/08/24,"53,735,300","1,584,849,793",29.90,29.90,29.30,29.50,-0.20,"14,093",2002
100/08/25,"30,958,354","917,034,238",29.70,29.75,29.50,29.50, 0.00,"10,380",2002
100/08/26,"46,490,290","1,364,605,920",29.50,29.60,29.25,29.25,-0.25,"13,336",2002
100/08/29,"20,592,607","611,276,296",29.50,29.80,29.35,29.70,+0.45,"7,260",2002
100/08/30,"24,139,064","716,479,558",29.90,29.90,29.55,29.70, 0.00,"7,272",2002
100/08/31,"56,636,823","1,715,531,900",29.70,31.50,29.70,31.50,+1.80,"15,762",2002
100/09/01,"52,183,226","1,608,071,907",31.00,31.00,30.50,30.75,-0.75,"15,500",2002
100/09/02,"19,630,633","600,358,317",30.90,30.90,30.50,30.50,-0.25,"6,850",2002
100/09/05,"27,972,190","840,049,858",30.20,30.20,29.90,30.00,-0.50,"9,792",2002
100/09/06,"44,071,154","1,311,517,170",30.00,30.15,29.50,29.50,-0.50,"14,691",2002
100/09/07,"17,897,580","536,512,526",29.95,30.10,29.70,30.10,+0.60,"6,130",2002
100/09/08,"18,990,499","574,608,005",30.30,30.45,30.10,30.25,+0.15,"5,773",2002
100/09/09,"20,216,474","612,084,234",30.30,30.50,30.05,30.25, 0.00,"6,489",2002
100/09/13,"63,002,432","1,863,504,057",30.00,30.00,29.45,29.50,-0.75,"22,866",2002
100/09/14,"38,099,406","1,125,502,005",29.60,29.80,29.40,29.60,+0.10,"13,029",2002
100/09/15,"20,583,098","616,022,090",29.90,30.05,29.80,29.90,+0.30,"7,198",2002
100/09/16,"34,082,589","1,030,200,905",30.20,30.30,30.05,30.30,+0.40,"9,738",2002
100/09/19,"11,549,370","347,631,778",30.30,30.35,30.00,30.10,-0.20,"4,546",2002
100/09/20,"28,875,817","862,822,573",30.00,30.15,29.65,30.00,-0.10,"8,950",2002
100/09/21,"20,662,029","622,196,553",30.15,30.30,29.95,30.00, 0.00,"6,401",2002
100/09/22,"43,225,019","1,280,555,803",29.80,29.80,29.55,29.55,-0.45,"16,125",2002
100/09/23,"47,142,841","1,378,702,571",29.20,29.50,29.00,29.30,-0.25,"17,409",2002
100/09/26,"52,359,565","1,539,992,067",29.35,29.70,29.15,29.30, 0.00,"15,176",2002
100/09/27,"37,440,976","1,109,503,391",29.80,29.80,29.45,29.65,+0.35,"9,090",2002
100/09/28,"21,960,121","651,475,262",29.80,29.80,29.55,29.75,+0.10,"6,298",2002
100/09/29,"26,463,637","785,182,225",29.70,29.80,29.55,29.55,-0.20,"7,254",2002
100/09/30,"23,624,109","700,849,772",29.55,29.90,29.55,29.90,+0.35,"7,683",2002
100/10/03,"19,283,252","569,033,036",29.55,29.70,29.30,29.60,-0.30,"7,569",2002
100/10/04,"42,173,190","1,245,592,128",29.50,29.85,29.25,29.80,+0.20,"10,419",2002
100/10/05,"16,428,393","486,086,518",29.70,29.75,29.50,29.50,-0.30,"6,425",2002
100/10/06,"17,139,360","509,323,241",29.50,29.85,29.50,29.70,+0.20,"5,562",2002
100/10/07,"25,173,716","750,983,814",29.80,29.95,29.70,29.95,+0.25,"7,423",2002
100/10/11,"23,302,484","696,900,420",30.00,30.15,29.75,29.95, 0.00,"7,547",2002
100/10/12,"23,509,665","696,976,799",29.95,29.95,29.55,29.60,-0.35,"9,134",2002
100/10/13,"17,953,572","532,537,688",29.75,29.80,29.60,29.70,+0.10,"5,340",2002
100/10/14,"10,800,736","319,947,556",29.80,29.80,29.55,29.60,-0.10,"4,156",2002
100/10/17,"19,148,880","568,625,657",29.65,29.80,29.60,29.80,+0.20,"5,194",2002
100/10/18,"30,440,790","896,630,379",29.55,29.65,29.35,29.40,-0.40,"11,194",2002
100/10/19,"26,836,703","787,052,544",29.50,29.50,29.20,29.50,+0.10,"10,124",2002
100/10/20,"22,266,154","651,724,277",29.45,29.50,29.20,29.20,-0.30,"10,503",2002
100/10/21,"16,601,302","485,791,802",29.45,29.50,29.20,29.30,+0.10,"6,991",2002
100/10/24,"24,463,358","726,490,716",29.55,29.75,29.55,29.75,+0.45,"7,633",2002
100/10/25,"13,981,158","415,454,046",29.80,29.80,29.60,29.75, 0.00,"4,477",2002
100/10/26,"16,214,012","481,220,010",29.70,29.75,29.50,29.75, 0.00,"4,533",2002
100/10/27,"12,054,110","358,222,919",29.75,29.75,29.60,29.70,-0.05,"4,172",2002
100/10/28,"38,076,007","1,142,368,714",30.00,30.20,29.80,29.95,+0.25,"9,778",2002
100/10/31,"17,843,417","533,185,098",30.00,30.00,29.75,29.90,-0.05,"5,584",2002
100/11/01,"18,095,959","540,358,099",29.80,29.95,29.70,29.80,-0.10,"5,624",2002
100/11/02,"21,902,541","648,716,154",29.75,29.75,29.50,29.65,-0.15,"6,324",2002
100/11/03,"21,046,273","620,174,604",29.65,29.65,29.40,29.50,-0.15,"8,672",2002
100/11/04,"22,414,503","665,646,995",29.70,29.85,29.50,29.55,+0.05,"6,141",2002
100/11/07,"17,611,282","518,503,821",29.55,29.55,29.40,29.40,-0.15,"7,436",2002
100/11/08,"25,455,232","746,944,290",29.40,29.45,29.30,29.30,-0.10,"10,143",2002
100/11/09,"12,673,835","372,928,536",29.50,29.55,29.35,29.35,+0.05,"4,383",2002
100/11/10,"45,124,657","1,314,492,255",29.30,29.35,29.00,29.10,-0.25,"16,815",2002
100/11/11,"23,799,994","691,752,946",29.20,29.20,29.00,29.10, 0.00,"10,305",2002
100/11/14,"17,668,907","515,876,483",29.10,29.40,29.10,29.15,+0.05,"6,324",2002
100/11/15,"44,395,766","1,283,276,329",29.05,29.05,28.80,28.90,-0.25,"18,296",2002
100/11/16,"31,034,226","895,421,008",28.90,29.00,28.80,28.80,-0.10,"13,865",2002
100/11/17,"48,532,278","1,385,553,624",28.80,28.80,28.50,28.50,-0.30,"21,847",2002
100/11/18,"75,877,260","2,131,337,760",28.35,28.35,28.00,28.00,-0.50,"29,424",2002
100/11/21,"109,041,790","2,965,186,338",27.90,27.90,26.85,27.00,-1.00,"44,820",2002
100/11/22,"47,755,295","1,311,090,529",27.00,27.75,26.90,27.65,+0.65,"17,951",2002
100/11/23,"39,560,223","1,082,471,499",27.50,27.60,27.25,27.35,-0.30,"15,069",2002
100/11/24,"40,347,659","1,115,235,115",27.20,28.10,27.20,28.05,+0.70,"13,016",2002
100/11/25,"191,650,637","5,628,954,559",30.00,30.00,28.75,29.20,+1.15,"36,412",2002
100/11/28,"57,699,029","1,670,400,621",29.00,29.20,28.55,29.15,-0.05,"14,632",2002
100/11/29,"58,350,239","1,705,690,323",29.40,29.40,29.10,29.15, 0.00,"11,580",2002
100/11/30,"31,556,536","911,334,185",29.20,29.20,28.60,29.10,-0.05,"8,479",2002
100/12/01,"43,894,081","1,279,182,053",29.40,29.50,28.90,29.10, 0.00,"10,706",2002
100/12/02,"13,346,259","386,775,416",29.10,29.10,28.90,28.95,-0.15,"4,070",2002
100/12/05,"12,566,564","362,502,806",28.95,29.00,28.70,28.90,-0.05,"4,401",2002
100/12/06,"21,878,529","624,355,524",28.70,28.70,28.40,28.40,-0.50,"7,629",2002
100/12/07,"21,120,135","605,558,856",28.40,28.75,28.40,28.65,+0.25,"5,438",2002
100/12/08,"19,707,953","562,225,501",28.60,28.80,28.25,28.80,+0.15,"6,862",2002
100/12/09,"15,614,113","444,335,180",28.50,28.65,28.30,28.45,-0.35,"5,893",2002
100/12/12,"10,904,642","312,317,936",28.70,28.70,28.55,28.70,+0.25,"3,352",2002
100/12/13,"11,710,519","333,506,454",28.50,28.60,28.35,28.55,-0.15,"4,411",2002
100/12/14,"14,006,851","398,214,117",28.55,28.55,28.35,28.35,-0.20,"5,221",2002
100/12/15,"25,433,263","713,628,556",28.30,28.30,28.00,28.00,-0.35,"10,232",2002
100/12/16,"12,463,775","350,662,382",28.00,28.20,28.00,28.20,+0.20,"4,008",2002
100/12/19,"20,282,751","567,842,738",28.20,28.20,27.90,28.05,-0.15,"7,295",2002
100/12/20,"17,301,273","484,736,872",28.10,28.15,27.90,27.90,-0.15,"5,960",2002
100/12/21,"21,695,545","613,678,302",28.40,28.50,28.25,28.50,+0.60,"6,366",2002
100/12/22,"13,394,710","381,988,978",28.50,28.70,28.35,28.65,+0.15,"3,764",2002
100/12/23,"21,983,351","634,144,010",28.70,28.90,28.65,28.90,+0.25,"6,573",2002
100/12/26,"8,674,353","250,086,714",28.90,28.95,28.65,28.80,-0.10,"3,293",2002
100/12/27,"9,574,488","276,030,247",28.70,28.90,28.70,28.90,+0.10,"3,728",2002
100/12/28,"9,273,876","267,432,872",28.85,28.90,28.70,28.90, 0.00,"3,244",2002
100/12/29,"11,099,617","320,298,391",28.70,28.90,28.70,28.90, 0.00,"2,959",2002
100/12/30,"9,936,278","286,792,388",28.90,29.00,28.75,28.80,-0.10,"3,359",2002
101/01/02,"6,819,530","195,212,661",28.80,28.85,28.50,28.55,-0.25,"2,737",2002
101/01/03,"22,624,652","654,596,058",28.80,29.00,28.70,29.00,+0.45,"6,031",2002
101/01/04,"16,452,869","476,519,401",29.00,29.10,28.80,29.00, 0.00,"4,604",2002
101/01/05,"17,206,110","497,876,490",28.90,29.00,28.85,29.00, 0.00,"3,923",2002
101/01/06,"14,229,626","411,580,354",29.00,29.00,28.80,29.00, 0.00,"3,698",2002
101/01/09,"9,747,591","281,650,039",29.00,29.00,28.75,29.00, 0.00,"3,379",2002
101/01/10,"22,419,860","649,584,515",29.00,29.00,28.90,29.00, 0.00,"6,430",2002
101/01/11,"11,095,428","321,173,962",29.00,29.00,28.90,28.95,-0.05,"4,032",2002
101/01/12,"24,075,904","696,418,517",28.95,29.00,28.85,28.95, 0.00,"5,360",2002
101/01/13,"38,016,945","1,101,096,317",28.95,29.05,28.90,28.95, 0.00,"8,825",2002
101/01/16,"20,697,270","594,573,201",29.00,29.10,28.50,28.60,-0.35,"6,313",2002
101/01/17,"13,836,964","399,172,956",28.55,29.00,28.55,29.00,+0.40,"4,767",2002
101/01/18,"16,959,934","488,675,836",28.95,28.95,28.70,28.95,-0.05,"5,696",2002
101/01/30,"33,957,424","990,536,872",29.00,29.50,29.00,29.15,+0.20,"9,697",2002
101/01/31,"31,029,518","902,032,605",29.15,29.30,28.90,29.30,+0.15,"9,698",2002
101/02/01,"14,678,757","426,839,887",29.30,29.30,29.00,29.05,-0.25,"6,393",2002
101/02/02,"25,859,386","755,886,184",29.10,29.30,29.10,29.30,+0.25,"8,890",2002
101/02/03,"27,950,790","820,555,870",29.35,29.50,29.20,29.50,+0.20,"8,685",2002
101/02/04,"23,517,796","697,844,050",29.60,29.80,29.60,29.65,+0.15,"8,413",2002
101/02/06,"15,332,628","451,282,616",29.65,29.65,29.30,29.45,-0.20,"5,540",2002
101/02/07,"14,083,274","415,111,357",29.50,29.60,29.40,29.45, 0.00,"4,665",2002
101/02/08,"30,745,272","909,876,375",29.50,29.75,29.45,29.75,+0.30,"8,924",2002
101/02/09,"54,142,235","1,620,243,100",29.75,30.05,29.60,30.05,+0.30,"14,881",2002
101/02/10,"21,384,159","637,757,946",30.05,30.05,29.70,29.70,-0.35,"7,189",2002
101/02/13,"21,057,867","622,850,475",29.60,29.75,29.50,29.55,-0.15,"6,635",2002
101/02/14,"20,439,647","600,821,438",29.55,29.55,29.30,29.40,-0.15,"8,065",2002
101/02/15,"20,240,526","601,101,262",29.45,29.85,29.45,29.85,+0.45,"7,129",2002
101/02/16,"12,697,934","377,650,097",29.85,29.90,29.60,29.75,-0.10,"5,054",2002
101/02/17,"31,277,786","933,811,563",29.75,29.95,29.75,29.90,+0.15,"7,184",2002
101/02/20,"42,787,608","1,293,033,341",30.00,30.30,30.00,30.25,+0.35,"13,750",2002
101/02/21,"24,843,113","748,179,904",30.30,30.35,29.90,30.25, 0.00,"7,565",2002
101/02/22,"30,895,698","935,926,731",30.25,30.40,30.20,30.30,+0.05,"9,086",2002
101/02/23,"16,711,888","502,512,198",30.30,30.30,29.95,30.05,-0.25,"5,327",2002
101/02/24,"16,983,848","509,385,027",30.00,30.15,29.85,30.15,+0.10,"4,986",2002
101/02/29,"39,530,750","1,202,188,926",30.25,30.50,30.20,30.50,+0.35,"10,998",2002
101/03/01,"28,330,075","868,424,058",30.50,30.80,30.40,30.70,+0.20,"9,490",2002
101/03/02,"18,963,180","580,952,179",30.80,30.90,30.50,30.70, 0.00,"5,948",2002
101/03/03,"6,876,339","209,715,924",30.70,30.70,30.45,30.45,-0.25,"3,335",2002
101/03/05,"12,274,789","371,528,825",30.45,30.50,30.20,30.30,-0.15,"4,780",2002
101/03/06,"17,224,902","518,269,011",30.25,30.30,30.00,30.20,-0.10,"6,146",2002
101/03/07,"21,249,765","636,512,873",30.00,30.05,29.90,29.90,-0.30,"7,444",2002
101/03/08,"14,363,052","429,643,910",29.95,30.00,29.80,30.00,+0.10,"5,155",2002
101/03/09,"10,695,596","320,763,295",30.00,30.15,29.80,30.10,+0.10,"3,947",2002
101/03/12,"7,639,909","229,296,156",30.20,30.20,29.95,30.00,-0.10,"2,942",2002
101/03/13,"18,352,022","556,811,582",30.20,30.50,30.10,30.35,+0.35,"6,707",2002
101/03/14,"14,918,469","454,571,599",30.60,30.65,30.35,30.45,+0.10,"5,467",2002
101/03/15,"13,038,856","395,937,831",30.55,30.60,30.20,30.40,-0.05,"4,031",2002
101/03/16,"19,588,468","589,636,971",30.40,30.40,30.00,30.00,-0.40,"6,182",2002
101/03/19,"12,332,808","370,295,635",30.00,30.15,29.95,30.10,+0.10,"3,896",2002
101/03/20,"14,584,184","436,970,696",30.15,30.20,29.90,29.95,-0.15,"4,661",2002
101/03/21,"13,563,076","406,581,782",29.95,30.05,29.90,30.05,+0.10,"4,783",2002
101/03/22,"16,303,380","488,123,750",29.95,30.00,29.85,30.00,-0.05,"5,811",2002
101/03/23,"14,734,552","441,067,546",29.95,30.05,29.85,30.05,+0.05,"5,483",2002
101/03/26,"20,690,252","616,900,345",30.05,30.05,29.75,29.80,-0.25,"7,624",2002
101/03/27,"15,055,188","450,269,840",30.00,30.05,29.75,30.00,+0.20,"4,980",2002
101/03/28,"15,242,113","457,464,540",30.10,30.10,29.95,30.00, 0.00,"4,855",2002
101/03/29,"23,395,584","697,131,150",30.00,30.00,29.70,29.75,-0.25,"6,789",2002
101/03/30,"27,861,297","828,467,681",29.60,30.15,29.45,30.15,+0.40,"7,320",2002
101/04/02,"12,938,635","384,269,820",29.80,29.80,29.60,29.70,-0.45,"4,340",2002
101/04/03,"15,015,411","447,412,657",30.00,30.00,29.70,29.85,+0.15,"5,076",2002
101/04/05,"28,833,993","845,451,128",29.50,29.50,29.20,29.30,-0.55,"9,672",2002
101/04/06,"24,863,868","726,146,412",29.30,29.35,29.15,29.15,-0.15,"8,833",2002
101/04/09,"20,024,325","581,319,584",29.05,29.10,29.00,29.00,-0.15,"7,715",2002
101/04/10,"15,311,468","444,897,880",29.00,29.20,28.95,29.05,+0.05,"5,243",2002
101/04/11,"22,509,655","650,155,045",29.00,29.00,28.80,28.85,-0.20,"9,164",2002
101/04/12,"18,046,668","519,611,572",28.85,28.85,28.75,28.80,-0.05,"7,360",2002
101/04/13,"13,354,317","386,850,926",28.90,29.05,28.85,29.05,+0.25,"5,065",2002
101/04/16,"8,230,691","238,055,442",29.00,29.00,28.80,28.95,-0.10,"3,554",2002
101/04/17,"24,093,319","694,460,501",29.00,29.00,28.80,28.80,-0.15,"6,490",2002
101/04/18,"15,858,257","457,286,305",29.00,29.00,28.75,28.75,-0.05,"5,749",2002
101/04/19,"8,928,011","258,158,719",29.00,29.00,28.75,28.95,+0.20,"3,570",2002
101/04/20,"13,443,659","387,685,103",29.00,29.00,28.70,28.70,-0.25,"4,547",2002
101/04/23,"13,579,597","390,607,528",28.70,28.90,28.70,28.80,+0.10,"4,351",2002
101/04/24,"11,809,357","340,456,838",28.80,29.00,28.70,28.85,+0.05,"3,153",2002
101/04/25,"7,784,213","224,773,169",28.90,28.95,28.80,28.85, 0.00,"2,882",2002
101/04/26,"9,676,069","279,504,351",29.00,29.00,28.85,29.00,+0.15,"2,727",2002
101/04/27,"12,610,939","364,955,281",29.00,29.00,28.85,29.00, 0.00,"3,826",2002
101/04/30,"15,127,131","437,270,368",29.00,29.05,28.80,29.05,+0.05,"4,104",2002
101/05/02,"15,275,861","445,231,398",29.10,29.30,29.00,29.25,+0.20,"4,986",2002
101/05/03,"9,329,810","270,786,632",29.25,29.25,28.90,29.10,-0.15,"3,362",2002
101/05/04,"17,814,782","517,526,820",29.10,29.20,28.85,29.20,+0.10,"3,764",2002
101/05/07,"21,780,332","626,310,478",29.00,29.00,28.70,28.75,-0.45,"8,020",2002
101/05/08,"10,771,138","309,581,100",29.00,29.00,28.70,28.70,-0.05,"4,755",2002
101/05/09,"17,654,533","503,926,789",28.70,28.70,28.50,28.50,-0.20,"7,607",2002
101/05/10,"16,413,648","467,230,218",28.50,28.55,28.40,28.40,-0.10,"5,886",2002
101/05/11,"23,879,279","672,350,214",28.40,28.40,28.00,28.35,-0.05,"8,217",2002
101/05/14,"9,758,365","275,225,858",28.35,28.35,28.10,28.35, 0.00,"3,550",2002
101/05/15,"16,225,859","453,997,040",28.10,28.30,28.10,28.25,-0.10,"4,007",2002
101/05/16,"18,987,977","533,677,614",28.25,28.30,28.00,28.00,-0.25,"6,409",2002
101/05/17,"16,066,154","451,747,734",28.20,28.20,28.00,28.15,+0.15,"5,529",2002
101/05/18,"22,248,995","622,094,411",28.00,28.10,27.80,28.00,-0.15,"8,510",2002
101/05/21,"10,353,364","291,119,742",28.00,28.20,28.00,28.20,+0.20,"3,462",2002
101/05/22,"12,633,985","355,008,606",28.20,28.25,28.00,28.20, 0.00,"4,808",2002
101/05/23,"14,636,102","410,597,811",28.20,28.20,28.00,28.00,-0.20,"5,142",2002
101/05/24,"15,320,577","428,492,079",28.00,28.10,27.90,28.00, 0.00,"5,226",2002
101/05/25,"12,101,664","338,355,242",28.00,28.05,27.90,27.90,-0.10,"4,418",2002
101/05/28,"13,449,559","375,074,752",27.90,28.00,27.80,27.85,-0.05,"4,382",2002
101/05/29,"17,110,431","479,351,703",27.95,28.30,27.85,28.25,+0.40,"5,495",2002
101/05/30,"29,434,206","824,427,527",28.20,28.25,27.85,28.05,-0.20,"6,947",2002
101/05/31,"32,252,679","896,909,443",27.80,28.00,27.65,28.00,-0.05,"9,148",2002
101/06/01,"14,832,051","411,361,047",27.90,27.90,27.65,27.70,-0.30,"6,161",2002
101/06/04,"23,686,610","652,694,589",27.50,27.70,27.45,27.50,-0.20,"7,197",2002
101/06/05,"15,406,950","430,961,048",27.70,28.20,27.65,28.05,+0.55,"4,930",2002
101/06/06,"11,545,572","325,062,086",28.20,28.25,28.05,28.20,+0.15,"3,974",2002
101/06/07,"18,042,277","504,738,690",28.25,28.25,27.70,28.15,-0.05,"6,249",2002
101/06/08,"11,046,616","308,241,948",28.00,28.05,27.80,28.00,-0.15,"4,899",2002
101/06/11,"13,173,912","372,168,527",28.00,28.35,28.00,28.30,+0.30,"4,849",2002
101/06/12,"14,259,000","399,904,350",28.00,28.20,27.90,28.00,-0.30,"2,928",2002
101/06/13,"12,864,857","359,764,696",28.00,28.10,27.90,27.90,-0.10,"4,110",2002
101/06/14,"15,308,664","431,459,401",27.95,28.35,27.90,28.35,+0.45,"4,881",2002
101/06/15,"53,589,430","1,520,389,806",28.30,28.60,28.10,28.35, 0.00,"6,079",2002
101/06/18,"16,209,436","459,821,465",28.65,28.80,28.10,28.10,-0.25,"5,671",2002
101/06/19,"14,268,913","401,713,457",28.40,28.50,28.05,28.25,+0.15,"3,840",2002
101/06/20,"20,621,626","581,914,205",28.25,28.30,28.10,28.30,+0.05,"4,591",2002
101/06/21,"21,337,913","598,505,390",28.10,28.25,27.90,27.90,-0.40,"6,705",2002
101/06/22,"17,442,855","484,377,243",27.90,27.90,27.70,27.75,-0.15,"7,536",2002
101/06/25,"16,464,564","455,091,503",28.00,28.00,27.55,27.60,-0.15,"6,370",2002
101/06/26,"10,246,650","283,035,614",27.60,27.70,27.55,27.65,+0.05,"4,453",2002
101/06/27,"14,125,367","392,283,326",27.65,27.95,27.60,27.95,+0.30,"3,348",2002
101/06/28,"14,820,403","410,251,037",27.55,27.95,27.55,27.60,-0.35,"4,989",2002
101/06/29,"15,779,367","440,201,376",27.60,28.00,27.60,28.00,+0.40,"4,017",2002
101/07/02,"10,855,731","301,991,018",28.00,28.00,27.70,27.85,-0.15,"4,342",2002
101/07/03,"11,851,158","331,439,184",27.80,28.05,27.80,28.05,+0.20,"4,412",2002
101/07/04,"17,423,995","488,973,717",28.05,28.10,28.00,28.05, 0.00,"4,384",2002
101/07/05,"11,383,743","318,417,624",28.05,28.10,27.85,28.00,-0.05,"3,381",2002
101/07/06,"22,321,429","625,099,496",28.00,28.05,27.85,28.05,+0.05,"3,191",2002
101/07/09,"13,210,000","369,716,933",27.90,28.05,27.90,28.00,-0.05,"3,055",2002
101/07/10,"15,252,279","426,377,349",27.90,28.05,27.85,28.00, 0.00,"3,792",2002
101/07/11,"11,339,674","315,961,672",27.90,28.00,27.80,27.80,-0.20,"3,996",2002
101/07/12,"16,941,569","468,263,501",27.80,27.80,27.60,27.60,-0.20,"7,318",2002
101/07/13,"29,063,305","799,892,656",27.50,27.60,27.40,27.40,-0.20,"9,629",2002
101/07/16,"44,655,980","1,206,099,360",27.50,27.50,26.85,26.90,-0.50,"16,495",2002
101/07/17,"24,355,297","653,284,019",26.80,26.90,26.60,26.90, 0.00,"8,602",2002
101/07/18,"24,980,305","674,806,845",26.90,27.25,26.85,27.05,+0.15,"7,586",2002
101/07/19,"25,613,602","691,888,953",27.05,27.15,26.90,27.05, 0.00,"7,716",2002
101/07/20,"15,697,655","424,722,700",27.00,27.20,26.95,27.20,+0.15,"4,412",2002
101/07/23,"22,409,941","602,199,307",27.00,27.05,26.80,26.90,-0.30,"7,501",2002
101/07/24,"24,001,403","640,801,894",26.90,26.90,26.60,26.70,-0.20,"7,843",2002
101/07/25,"47,878,883","1,271,664,020",26.50,26.65,26.50,26.50,-0.20,"13,337",2002
101/07/26,"45,545,613","1,157,255,692",25.30,25.65,25.20,25.55,X0.00,"15,772",2002
101/07/27,"21,100,629","546,986,739",26.00,26.00,25.80,26.00,+0.45,"7,993",2002
101/07/30,"15,969,561","416,503,842",26.15,26.15,26.00,26.10,+0.10,"5,363",2002
101/07/31,"23,524,510","619,464,530",26.05,26.65,26.00,26.65,+0.55,"6,067",2002
101/08/01,"13,903,158","365,014,240",26.50,26.50,26.10,26.45,-0.20,"5,448",2002
101/08/03,"15,346,549","400,426,114",26.20,26.30,26.00,26.15,-0.30,"5,433",2002
101/08/06,"15,989,544","421,844,375",26.35,26.50,26.30,26.35,+0.20,"4,496",2002
101/08/07,"16,017,948","422,759,629",26.35,26.50,26.25,26.50,+0.15,"4,210",2002
101/08/08,"19,902,962","527,175,971",26.60,26.65,26.35,26.40,-0.10,"4,945",2002
101/08/09,"25,426,718","674,817,803",26.30,26.75,26.30,26.75,+0.35,"7,110",2002
101/08/10,"16,536,196","441,270,671",26.75,26.80,26.55,26.80,+0.05,"4,515",2002
101/08/13,"13,630,620","361,114,226",26.80,26.80,26.35,26.45,-0.35,"4,155",2002
101/08/14,"15,528,158","413,955,148",26.45,26.75,26.45,26.75,+0.30,"4,219",2002
101/08/15,"13,828,939","369,478,103",26.70,26.85,26.55,26.70,-0.05,"4,608",2002
101/08/16,"11,169,311","297,516,834",26.65,26.75,26.55,26.65,-0.05,"3,551",2002
101/08/17,"10,022,290","266,348,847",26.75,26.75,26.50,26.55,-0.10,"3,473",2002
101/08/20,"8,104,714","213,873,508",26.55,26.55,26.25,26.40,-0.15,"3,182",2002
101/08/21,"17,979,710","479,184,424",26.70,26.75,26.55,26.65,+0.25,"4,162",2002
101/08/22,"8,645,598","228,434,282",26.60,26.60,26.30,26.50,-0.15,"3,472",2002
101/08/23,"13,816,691","363,622,582",26.45,26.45,26.25,26.35,-0.15,"4,901",2002
101/08/24,"16,545,368","433,067,970",26.30,26.30,26.10,26.10,-0.25,"6,722",2002
101/08/27,"17,169,821","447,375,107",26.10,26.15,26.00,26.00,-0.10,"6,244",2002
101/08/28,"13,949,504","362,912,804",26.00,26.05,26.00,26.00, 0.00,"6,152",2002
101/08/29,"14,128,003","367,549,781",26.00,26.05,26.00,26.00, 0.00,"5,709",2002
101/08/30,"27,630,370","714,935,070",26.00,26.05,25.80,25.80,-0.20,"8,778",2002
101/08/31,"18,743,077","480,572,668",25.80,25.85,25.55,25.65,-0.15,"7,541",2002
101/09/03,"21,096,090","538,216,504",25.60,25.60,25.45,25.50,-0.15,"9,458",2002
101/09/04,"32,887,857","826,571,104",25.40,25.40,25.05,25.15,-0.35,"13,618",2002
101/09/05,"44,159,793","1,091,985,763",25.00,25.05,24.60,24.65,-0.50,"19,604",2002
101/09/06,"52,848,549","1,277,590,921",24.60,24.65,24.00,24.05,-0.60,"22,809",2002
101/09/07,"32,539,879","799,400,799",24.15,24.95,24.15,24.85,+0.80,"13,338",2002
101/09/10,"29,603,129","749,226,455",24.90,25.50,24.90,25.50,+0.65,"11,013",2002
101/09/11,"23,678,099","606,302,719",25.80,25.80,25.30,25.70,+0.20,"8,840",2002
101/09/12,"35,150,523","920,444,902",25.80,26.30,25.80,26.30,+0.60,"13,195",2002
101/09/13,"20,015,650","521,629,381",26.35,26.40,25.90,26.00,-0.30,"8,147",2002
101/09/14,"28,789,681","758,044,402",26.45,26.45,26.20,26.45,+0.45,"9,914",2002
101/09/17,"25,546,120","672,811,144",26.45,26.50,26.15,26.40,-0.05,"8,729",2002
101/09/18,"14,648,049","384,216,243",26.35,26.35,26.05,26.25,-0.15,"5,051",2002
101/09/19,"23,638,889","625,191,422",26.30,26.60,26.30,26.60,+0.35,"8,238",2002
101/09/20,"16,241,671","430,070,945",26.60,26.60,26.40,26.50,-0.10,"5,180",2002
101/09/21,"16,407,622","435,787,946",26.50,26.70,26.40,26.70,+0.20,"5,911",2002
101/09/24,"10,991,233","291,894,432",26.60,26.70,26.35,26.65,-0.05,"3,791",2002
101/09/25,"14,805,615","394,183,144",26.65,26.70,26.50,26.70,+0.05,"5,137",2002
101/09/26,"13,367,240","355,937,538",26.70,26.75,26.50,26.70, 0.00,"4,544",2002
101/09/27,"11,868,441","316,745,392",26.70,26.75,26.50,26.75,+0.05,"4,304",2002
101/09/28,"11,984,611","319,963,746",26.60,26.75,26.60,26.75, 0.00,"4,411",2002
101/10/01,"12,299,629","323,391,145",26.60,26.65,26.00,26.25,-0.50,"5,539",2002
101/10/02,"12,809,175","337,670,723",26.30,26.50,26.05,26.50,+0.25,"5,069",2002
101/10/03,"4,783,955","125,947,094",26.40,26.45,26.25,26.30,-0.20,"2,539",2002
101/10/04,"15,585,045","406,334,971",26.25,26.25,26.00,26.20,-0.10,"5,470",2002
101/10/05,"9,861,978","256,731,729",26.00,26.15,25.90,26.10,-0.10,"4,393",2002
101/10/08,"11,324,689","293,835,183",26.10,26.15,25.85,26.00,-0.10,"4,410",2002
101/10/09,"14,169,342","371,322,072",26.00,26.40,26.00,26.35,+0.35,"4,902",2002
101/10/11,"10,455,910","272,311,600",26.05,26.10,26.00,26.05,-0.30,"3,894",2002
101/10/12,"8,055,906","209,042,680",26.00,26.05,25.90,25.95,-0.10,"3,712",2002
101/10/15,"7,638,627","197,926,966",25.80,26.00,25.70,26.00,+0.05,"3,335",2002
101/10/16,"7,880,110","204,517,416",26.00,26.10,25.85,26.00, 0.00,"3,309",2002
101/10/17,"12,529,054","325,885,551",26.00,26.20,25.90,26.05,+0.05,"3,876",2002
101/10/18,"6,664,320","173,744,943",26.00,26.20,26.00,26.20,+0.15,"2,699",2002
101/10/19,"6,943,522","180,653,192",26.20,26.20,25.90,26.05,-0.15,"2,932",2002
101/10/22,"10,208,185","263,241,280",25.80,25.85,25.70,25.80,-0.25,"4,287",2002
101/10/23,"10,655,888","272,839,155",25.80,25.85,25.55,25.55,-0.25,"4,865",2002
101/10/24,"14,462,508","366,394,740",25.50,25.60,25.20,25.30,-0.25,"6,201",2002
101/10/25,"8,943,650","226,596,409",25.30,25.40,25.25,25.35,+0.05,"3,682",2002
101/10/26,"17,322,809","438,113,489",25.50,25.65,25.05,25.15,-0.20,"6,283",2002
101/10/29,"11,398,661","288,176,128",25.30,25.35,25.15,25.30,+0.15,"4,411",2002
101/10/30,"15,509,658","392,688,981",25.30,25.60,25.20,25.30, 0.00,"5,858",2002
101/10/31,"12,291,142","308,273,051",25.30,25.35,25.00,25.10,-0.20,"5,429",2002
101/11/01,"18,762,800","466,459,355",25.00,25.10,24.70,25.10, 0.00,"7,277",2002
101/11/02,"14,054,615","355,109,114",25.20,25.50,25.10,25.50,+0.40,"4,712",2002
101/11/05,"12,414,292","313,016,795",25.30,25.40,25.00,25.40,-0.10,"3,879",2002
101/11/06,"8,219,072","208,030,576",25.50,25.50,25.20,25.40, 0.00,"3,572",2002
101/11/07,"11,823,594","300,519,438",25.45,25.50,25.25,25.50,+0.10,"3,720",2002
101/11/08,"14,861,240","374,435,813",25.30,25.30,25.10,25.25,-0.25,"4,783",2002
101/11/09,"11,597,307","291,475,699",25.05,25.40,24.90,25.40,+0.15,"5,001",2002
101/11/12,"5,499,957","138,653,619",25.35,25.35,25.10,25.15,-0.25,"2,516",2002
101/11/13,"19,415,092","483,887,090",25.10,25.10,24.85,24.95,-0.20,"8,223",2002
101/11/14,"9,019,944","225,213,360",24.95,25.10,24.85,25.10,+0.15,"3,778",2002
101/11/15,"11,575,388","288,529,193",25.00,25.05,24.70,25.00,-0.10,"4,927",2002
101/11/16,"13,076,660","324,966,600",25.00,25.05,24.75,24.80,-0.20,"5,489",2002
101/11/19,"10,426,880","259,817,300",24.80,25.00,24.80,24.95,+0.15,"3,837",2002
101/11/20,"9,441,485","235,686,025",25.00,25.05,24.90,24.95, 0.00,"3,435",2002
101/11/21,"16,815,101","418,880,575",25.05,25.10,24.75,24.85,-0.10,"5,831",2002
101/11/22,"12,890,347","321,242,525",24.85,25.00,24.85,24.95,+0.10,"3,040",2002
101/11/23,"27,693,588","695,380,342",25.10,25.55,25.10,25.55,+0.60,"8,131",2002
101/11/26,"14,058,196","361,537,065",25.60,25.80,25.60,25.75,+0.20,"5,455",2002
101/11/27,"14,591,510","375,073,546",25.70,25.85,25.50,25.85,+0.10,"4,868",2002
101/11/28,"12,063,598","310,983,177",25.85,25.90,25.60,25.90,+0.05,"4,238",2002
101/11/29,"27,605,485","722,059,799",26.00,26.30,25.90,26.25,+0.35,"8,238",2002
101/11/30,"40,088,848","1,061,519,734",26.25,26.60,26.25,26.60,+0.35,"9,859",2002
101/12/03,"18,692,054","490,545,732",26.60,26.60,26.05,26.25,-0.35,"6,279",2002
101/12/04,"20,711,913","537,157,482",26.05,26.20,25.70,26.20,-0.05,"6,613",2002
101/12/05,"24,445,487","641,473,631",26.20,26.45,25.90,26.40,+0.20,"6,312",2002
101/12/06,"17,804,251","466,079,886",26.40,26.40,26.05,26.30,-0.10,"5,079",2002
101/12/07,"10,769,251","282,449,105",26.30,26.30,26.10,26.30, 0.00,"3,603",2002
101/12/10,"12,887,966","336,992,199",26.30,26.30,26.10,26.10,-0.20,"3,585",2002
101/12/11,"23,574,292","614,815,704",26.10,26.20,25.90,26.20,+0.10,"5,562",2002
101/12/12,"27,487,452","724,325,068",26.25,26.50,26.15,26.30,+0.10,"5,873",2002
101/12/13,"31,802,337","839,450,881",26.30,26.55,26.30,26.45,+0.15,"6,769",2002
101/12/14,"20,623,024","544,771,823",26.45,26.50,26.30,26.50,+0.05,"5,517",2002
101/12/17,"20,584,862","543,056,595",26.50,26.50,26.30,26.50, 0.00,"6,554",2002
101/12/18,"19,886,584","519,888,080",26.50,26.50,26.20,26.35,-0.15,"5,187",2002
101/12/19,"19,160,902","505,425,105",26.40,26.45,26.30,26.45,+0.10,"4,747",2002
101/12/20,"14,034,674","369,347,448",26.40,26.45,26.15,26.45, 0.00,"4,185",2002
101/12/21,"19,854,886","521,672,469",26.35,26.45,26.15,26.45, 0.00,"5,435",2002
101/12/22,"6,594,783","173,046,782",26.25,26.40,26.20,26.25,-0.20,"2,107",2002
101/12/24,"6,322,637","165,967,669",26.20,26.35,26.15,26.25, 0.00,"2,489",2002
101/12/25,"8,789,002","231,765,538",26.25,26.50,26.15,26.45,+0.20,"3,541",2002
101/12/26,"58,059,723","1,579,191,445",26.50,27.45,26.50,27.40,+0.95,"18,100",2002
101/12/27,"25,520,597","694,561,447",27.40,27.40,27.05,27.30,-0.10,"8,199",2002
101/12/28,"22,223,594","607,643,922",27.45,27.45,27.20,27.35,+0.05,"7,132",2002
102/01/02,"25,838,163","709,884,449",27.45,27.60,27.30,27.60,+0.25,"8,662",2002
102/01/03,"36,952,247","1,038,503,466",27.85,28.40,27.85,28.10,+0.50,"11,829",2002
102/01/04,"21,522,283","601,411,724",28.10,28.10,27.75,28.00,-0.10,"7,069",2002
102/01/07,"14,708,375","410,551,400",28.00,28.00,27.80,28.00, 0.00,"5,317",2002
102/01/08,"15,600,382","433,786,586",28.00,28.00,27.70,27.85,-0.15,"4,917",2002
102/01/09,"12,141,953","338,141,237",27.80,27.95,27.75,27.90,+0.05,"3,484",2002
102/01/10,"30,779,545","865,040,906",28.00,28.20,27.95,28.20,+0.30,"9,722",2002
102/01/11,"11,928,265","334,303,420",28.20,28.20,27.90,28.10,-0.10,"4,267",2002
102/01/14,"19,813,716","556,862,742",28.10,28.25,27.80,28.25,+0.15,"6,618",2002
102/01/15,"14,433,451","404,717,613",28.20,28.20,27.90,28.05,-0.20,"4,838",2002
102/01/16,"12,352,957","344,270,315",28.00,28.00,27.80,27.80,-0.25,"4,268",2002
102/01/17,"16,829,036","464,923,642",27.85,28.00,27.35,27.50,-0.30,"5,410",2002
102/01/18,"15,929,027","442,042,460",27.80,28.00,27.50,28.00,+0.50,"4,348",2002
102/01/21,"17,687,039","485,554,434",27.65,27.80,27.25,27.35,-0.65,"6,047",2002
102/01/22,"19,899,411","537,336,969",27.40,27.50,26.85,27.00,-0.35,"7,017",2002
102/01/23,"10,558,065","287,062,725",27.05,27.30,27.05,27.20,+0.20,"3,696",2002
102/01/24,"13,377,263","362,128,415",27.30,27.30,26.80,27.20, 0.00,"4,838",2002
102/01/25,"16,834,649","456,128,871",27.20,27.40,26.90,27.40,+0.20,"4,656",2002
102/01/28,"7,066,624","192,920,369",27.40,27.45,27.20,27.30,-0.10,"2,598",2002
102/01/29,"10,706,993","293,518,031",27.40,27.50,27.20,27.50,+0.20,"3,454",2002
102/01/30,"10,737,849","295,128,106",27.50,27.60,27.40,27.60,+0.10,"3,602",2002
102/01/31,"23,633,375","655,488,365",27.80,27.85,27.50,27.85,+0.25,"4,554",2002
102/02/01,"9,918,147","274,864,398",27.85,27.85,27.60,27.75,-0.10,"3,551",2002
102/02/04,"17,577,745","489,115,094",27.75,27.90,27.60,27.90,+0.15,"5,547",2002
102/02/05,"13,543,962","376,332,478",27.90,27.90,27.60,27.80,-0.10,"4,446",2002
102/02/06,"14,673,548","406,279,058",27.95,27.95,27.60,27.60,-0.20,"4,842",2002
102/02/18,"21,785,896","605,408,545",28.00,28.00,27.60,27.85,+0.25,"6,205",2002
102/02/19,"10,092,776","279,523,193",27.95,27.95,27.60,27.70,-0.15,"3,823",2002
102/02/20,"17,417,663","482,172,842",27.85,27.85,27.50,27.85,+0.15,"4,993",2002
102/02/21,"25,769,049","715,517,064",27.85,27.90,27.60,27.85, 0.00,"5,734",2002
102/02/22,"19,942,299","556,328,739",27.85,28.00,27.70,27.95,+0.10,"5,218",2002
102/02/23,"5,447,411","151,959,707",27.95,27.95,27.80,27.90,-0.05,"2,274",2002
102/02/25,"26,899,713","740,749,541",27.70,28.00,27.35,27.45,-0.45,"8,358",2002
102/02/26,"17,466,767","476,861,379",27.20,27.50,27.20,27.40,-0.05,"5,686",2002
102/02/27,"21,235,707","578,928,143",27.40,27.45,27.20,27.20,-0.20,"5,497",2002
102/03/01,"18,664,505","514,211,643",27.50,27.70,27.45,27.65,+0.45,"4,993",2002
102/03/04,"21,189,562","578,637,319",27.65,27.70,27.20,27.40,-0.25,"6,811",2002
102/03/05,"16,276,927","444,589,482",27.50,27.50,27.20,27.40, 0.00,"4,784",2002
102/03/06,"10,684,101","294,142,908",27.40,27.65,27.40,27.65,+0.25,"4,264",2002
102/03/07,"5,854,327","161,329,891",27.65,27.65,27.50,27.55,-0.10,"2,829",2002
102/03/08,"15,336,157","421,075,555",27.55,27.60,27.30,27.45,-0.10,"4,616",2002
102/03/11,"12,833,089","351,364,662",27.45,27.55,27.25,27.40,-0.05,"4,523",2002
102/03/12,"17,961,589","488,573,264",27.35,27.35,27.05,27.25,-0.15,"5,929",2002
102/03/13,"18,417,662","498,211,522",27.25,27.25,26.90,27.10,-0.15,"6,747",2002
102/03/14,"14,826,118","398,890,554",27.00,27.00,26.80,27.00,-0.10,"5,423",2002
102/03/15,"35,756,831","970,791,582",27.00,27.40,26.85,27.15,+0.15,"6,988",2002
102/03/18,"18,301,363","491,498,001",27.00,27.05,26.80,26.80,-0.35,"6,068",2002
102/03/19,"13,099,507","350,087,525",26.80,26.85,26.65,26.70,-0.10,"5,048",2002
102/03/20,"21,740,961","578,644,112",26.70,26.75,26.50,26.50,-0.20,"6,257",2002
102/03/21,"12,380,605","328,475,332",26.50,26.60,26.50,26.50, 0.00,"4,934",2002
102/03/22,"11,299,660","299,661,530",26.50,26.60,26.45,26.50, 0.00,"3,996",2002
102/03/25,"19,538,526","514,979,644",26.50,26.55,26.30,26.35,-0.15,"8,170",2002
102/03/26,"23,121,333","603,716,865",26.35,26.40,26.00,26.10,-0.25,"8,010",2002
102/03/27,"11,974,564","312,118,836",26.10,26.15,26.00,26.15,+0.05,"4,871",2002
102/03/28,"20,341,129","529,075,053",26.15,26.15,25.95,25.95,-0.20,"7,132",2002
102/03/29,"23,571,015","609,521,328",25.95,26.05,25.75,26.05,+0.10,"8,712",2002
102/04/01,"11,089,424","286,820,024",26.05,26.05,25.80,25.85,-0.20,"5,496",2002
102/04/02,"15,887,033","411,766,210",25.85,26.15,25.80,26.15,+0.30,"5,173",2002
102/04/03,"18,517,020","477,343,093",26.15,26.15,25.85,26.10,-0.05,"4,731",2002
102/04/08,"26,017,947","663,444,536",25.90,26.05,25.60,25.60,-0.50,"8,672",2002
102/04/09,"16,565,055","419,388,080",25.65,25.75,25.55,25.75,+0.15,"5,315",2002
102/04/10,"18,617,706","476,060,368",25.85,25.85,25.50,25.50,-0.25,"7,119",2002
102/04/11,"15,441,231","394,561,780",25.60,25.65,25.50,25.65,+0.15,"5,798",2002
102/04/12,"8,191,334","209,668,859",25.65,25.70,25.50,25.60,-0.05,"3,404",2002
102/04/15,"9,413,364","239,892,610",25.60,25.60,25.40,25.50,-0.10,"4,023",2002
102/04/16,"10,609,708","270,297,136",25.50,25.55,25.40,25.55,+0.05,"4,068",2002
102/04/17,"17,425,427","444,805,470",25.60,25.65,25.40,25.50,-0.05,"5,782",2002
102/04/18,"11,038,585","280,414,765",25.50,25.50,25.30,25.35,-0.15,"4,446",2002
102/04/19,"16,086,391","408,254,492",25.40,25.55,25.25,25.35, 0.00,"5,914",2002
102/04/22,"23,557,281","605,595,322",25.60,25.90,25.60,25.85,+0.50,"7,210",2002
102/04/23,"13,169,816","340,360,730",26.00,26.00,25.70,25.80,-0.05,"4,538",2002
102/04/24,"11,230,920","291,074,565",26.00,26.00,25.80,25.95,+0.15,"3,746",2002
102/04/25,"12,477,712","324,235,262",25.95,26.15,25.80,26.15,+0.20,"4,104",2002
102/04/26,"13,159,443","344,609,105",26.20,26.30,26.00,26.10,-0.05,"4,474",2002
102/04/29,"10,273,191","267,414,612",26.10,26.15,25.95,26.15,+0.05,"3,192",2002
102/04/30,"22,077,992","575,542,042",26.15,26.30,25.95,26.00,-0.15,"4,904",2002
102/05/02,"10,564,657","273,399,437",26.00,26.00,25.80,25.80,-0.20,"3,629",2002
102/05/03,"13,474,101","345,379,580",25.65,25.75,25.55,25.75,-0.05,"5,538",2002
102/05/06,"14,444,094","369,813,050",25.75,25.80,25.50,25.50,-0.25,"5,360",2002
102/05/07,"15,497,958","395,556,899",25.50,25.75,25.40,25.75,+0.25,"5,305",2002
102/05/08,"14,672,020","379,574,989",25.70,26.00,25.65,25.95,+0.20,"5,078",2002
102/05/09,"13,263,298","343,755,420",25.95,26.00,25.80,25.95, 0.00,"4,877",2002
102/05/10,"10,040,690","259,679,439",25.80,25.95,25.70,25.95, 0.00,"3,753",2002
102/05/13,"9,828,124","253,722,517",25.95,25.95,25.65,25.90,-0.05,"4,074",2002
102/05/14,"11,352,789","294,361,308",25.90,26.00,25.85,25.95,+0.05,"3,672",2002
102/05/15,"11,941,806","310,075,328",25.90,26.05,25.90,26.05,+0.10,"3,570",2002
102/05/16,"14,381,910","374,981,010",26.10,26.15,26.00,26.15,+0.10,"4,804",2002
102/05/17,"9,493,440","247,615,210",26.15,26.20,26.05,26.20,+0.05,"3,371",2002
102/05/20,"9,048,980","235,900,680",26.20,26.20,26.00,26.05,-0.15,"2,919",2002
102/05/21,"9,997,150","260,901,700",26.05,26.15,26.05,26.15,+0.10,"3,170",2002
102/05/22,"10,840,388","283,610,316",26.15,26.25,26.05,26.25,+0.10,"3,756",2002
102/05/23,"14,834,580","385,617,053",26.20,26.20,25.85,25.95,-0.30,"4,812",2002
102/05/24,"11,535,868","298,268,933",26.05,26.05,25.75,25.85,-0.10,"3,985",2002
102/05/27,"14,176,120","363,096,010",25.60,25.70,25.55,25.70,-0.15,"4,604",2002
102/05/28,"11,408,751","292,780,952",25.70,25.70,25.55,25.55,-0.15,"4,231",2002
102/05/29,"13,888,586","356,625,841",25.70,25.75,25.60,25.75,+0.20,"4,360",2002
102/05/30,"17,997,083","459,272,231",25.75,25.75,25.45,25.45,-0.30,"6,048",2002
102/05/31,"23,294,803","592,854,754",25.45,25.60,25.35,25.45, 0.00,"6,279",2002
102/06/03,"13,718,175","346,530,702",25.40,25.40,25.20,25.20,-0.25,"5,648",2002
102/06/04,"15,733,720","395,505,392",25.20,25.25,25.05,25.20, 0.00,"5,704",2002
102/06/05,"15,696,496","393,226,802",25.10,25.15,25.00,25.15,-0.05,"5,964",2002
102/06/06,"28,902,102","719,159,100",25.00,25.05,24.80,24.80,-0.35,"11,655",2002
102/06/07,"17,066,459","423,440,675",24.80,24.90,24.70,24.80, 0.00,"6,417",2002
102/06/10,"12,609,141","314,420,325",24.80,25.10,24.80,24.95,+0.15,"4,611",2002
102/06/11,"15,112,289","374,564,880",24.95,24.95,24.70,24.70,-0.25,"5,908",2002
102/06/13,"30,659,490","744,964,882",24.55,24.55,24.20,24.25,-0.45,"11,995",2002
102/06/14,"15,067,007","366,191,495",24.25,24.40,24.25,24.25, 0.00,"6,030",2002
102/06/17,"12,576,724","305,991,799",24.25,24.45,24.25,24.45,+0.20,"4,503",2002
102/06/18,"13,705,146","332,069,854",24.45,24.50,24.10,24.20,-0.25,"5,224",2002
102/06/19,"14,599,076","351,918,308",24.20,24.30,24.00,24.10,-0.10,"6,103",2002
102/06/20,"22,487,935","538,428,680",24.00,24.10,23.85,23.90,-0.20,"9,494",2002
102/06/21,"57,633,926","1,348,886,998",23.70,23.70,23.20,23.20,-0.70,"13,231",2002
102/06/24,"30,137,744","699,132,119",23.20,23.65,23.00,23.45,+0.25,"10,320",2002
102/06/25,"19,487,120","453,061,495",23.45,23.45,23.10,23.10,-0.35,"6,412",2002
102/06/26,"26,568,386","623,335,679",23.60,23.80,23.20,23.80,+0.70,"7,884",2002
102/06/27,"19,962,131","470,124,627",24.00,24.00,23.80,23.80, 0.00,"4,996",2002
102/06/28,"27,417,249","659,847,071",23.80,24.55,23.80,24.55,+0.75,"5,665",2002
102/07/01,"19,535,663","470,946,501",24.30,24.30,24.00,24.00,-0.55,"5,970",2002
102/07/02,"13,624,948","324,574,517",23.95,24.00,23.75,23.75,-0.25,"4,796",2002
102/07/03,"18,136,478","424,731,281",23.70,23.70,23.30,23.30,-0.45,"6,723",2002
102/07/04,"10,830,711","253,817,986",23.30,23.70,23.30,23.45,+0.15,"3,908",2002
102/07/05,"13,212,915","314,541,360",23.50,23.95,23.45,23.65,+0.20,"4,445",2002
102/07/08,"12,894,052","302,495,854",23.65,23.75,23.35,23.35,-0.30,"4,467",2002
102/07/09,"13,247,351","312,089,273",23.35,23.75,23.35,23.70,+0.35,"4,213",2002
102/07/10,"14,634,491","351,740,384",23.70,24.15,23.70,24.05,+0.35,"4,596",2002
102/07/11,"37,460,438","927,912,564",24.20,25.00,24.20,25.00,+0.95,"11,364",2002
102/07/12,"24,167,000","603,492,850",25.00,25.15,24.75,25.15,+0.15,"6,514",2002
102/07/15,"16,410,410","413,825,406",25.15,25.35,25.00,25.35,+0.20,"5,332",2002
102/07/16,"21,745,753","553,915,359",25.40,25.60,25.35,25.60,+0.25,"6,471",2002
102/07/17,"18,090,913","461,999,539",25.60,25.70,25.40,25.60, 0.00,"5,282",2002
102/07/18,"20,192,452","519,851,414",25.60,25.95,25.60,25.95,+0.35,"6,976",2002
102/07/19,"20,498,187","529,794,927",25.85,26.00,25.65,25.70,-0.25,"5,433",2002
102/07/22,"14,929,707","386,781,213",25.80,26.00,25.80,25.85,+0.15,"4,560",2002
102/07/23,"19,728,096","511,664,885",25.85,26.00,25.80,26.00,+0.15,"6,063",2002
102/07/24,"19,090,989","488,963,479",26.00,26.00,25.45,25.55,-0.45,"5,148",2002
102/07/25,"27,457,297","703,286,035",25.35,25.90,25.15,25.60,+0.05,"7,107",2002
102/07/26,"20,438,616","512,885,453",25.00,25.20,25.00,25.15,X0.00,"4,928",2002
102/07/29,"8,014,793","201,484,725",25.15,25.15,24.95,24.95,-0.20,"2,830",2002
102/07/30,"19,456,984","496,288,030",25.10,25.75,25.05,25.50,+0.55,"6,256",2002
102/07/31,"19,623,457","490,447,925",25.25,25.45,24.80,24.80,-0.70,"6,031",2002
102/08/01,"13,308,557","329,612,184",25.00,25.00,24.50,24.85,+0.05,"3,972",2002
102/08/02,"12,247,840","309,175,649",24.90,25.40,24.90,25.40,+0.55,"4,746",2002
102/08/05,"8,702,574","220,404,520",25.40,25.40,25.10,25.40, 0.00,"3,076",2002
102/08/06,"19,247,457","482,303,617",25.40,25.40,25.00,25.05,-0.35,"5,312",2002
102/08/07,"16,019,256","402,562,792",24.90,25.30,24.90,25.30,+0.25,"5,089",2002
102/08/08,"13,910,865","348,126,125",25.15,25.15,25.00,25.00,-0.30,"4,311",2002
102/08/09,"14,664,510","363,896,397",25.00,25.00,24.70,24.70,-0.30,"5,065",2002
102/08/12,"10,514,483","262,839,175",25.00,25.05,24.90,25.05,+0.35,"3,691",2002
102/08/13,"17,282,987","439,237,822",25.30,25.50,25.20,25.45,+0.40,"6,041",2002
102/08/14,"11,498,009","290,643,673",25.55,25.55,25.15,25.20,-0.25,"3,012",2002
102/08/15,"14,391,258","359,099,815",25.00,25.10,24.70,24.90,-0.30,"4,259",2002
102/08/16,"14,966,269","377,682,264",24.90,25.40,24.85,25.20,+0.30,"4,412",2002
102/08/19,"15,093,109","382,342,994",25.35,25.45,25.10,25.40,+0.20,"3,801",2002
102/08/20,"18,079,404","456,256,807",25.40,25.40,25.10,25.30,-0.10,"4,510",2002
102/08/22,"21,925,919","549,008,563",25.00,25.30,24.80,25.10,-0.20,"5,655",2002
102/08/23,"12,207,980","307,900,539",25.30,25.40,25.00,25.20,+0.10,"4,226",2002
102/08/26,"11,842,540","300,124,947",25.25,25.40,25.20,25.40,+0.20,"3,569",2002
102/08/27,"13,706,996","347,373,767",25.30,25.45,25.20,25.20,-0.20,"4,039",2002
102/08/28,"12,180,337","306,763,459",25.00,25.40,24.90,25.40,+0.20,"4,499",2002
102/08/29,"16,296,667","414,584,685",25.40,25.50,25.30,25.40, 0.00,"4,614",2002
102/08/30,"16,943,893","429,655,653",25.45,25.50,25.30,25.30,-0.10,"4,130",2002
102/09/02,"9,261,715","235,532,219",25.30,25.50,25.25,25.45,+0.15,"3,664",2002
102/09/03,"12,209,402","312,157,413",25.55,25.60,25.45,25.60,+0.15,"4,125",2002
102/09/04,"15,141,034","388,650,716",25.60,25.80,25.45,25.75,+0.15,"5,477",2002
102/09/05,"19,436,869","503,676,690",25.85,26.00,25.85,26.00,+0.25,"6,391",2002
102/09/06,"15,061,675","388,900,392",26.00,26.00,25.70,25.75,-0.25,"4,494",2002
102/09/09,"14,973,356","387,001,498",25.75,25.95,25.65,25.95,+0.20,"4,210",2002
102/09/10,"17,636,607","455,979,729",25.95,26.00,25.70,26.00,+0.05,"5,002",2002
102/09/11,"19,692,927","510,380,671",25.75,26.00,25.75,26.00, 0.00,"6,068",2002
102/09/12,"18,452,400","479,182,600",25.95,26.00,25.85,26.00, 0.00,"5,540",2002
102/09/13,"14,360,566","372,072,976",25.95,26.00,25.80,25.95,-0.05,"4,603",2002
102/09/14,"6,030,156","155,966,578",25.80,25.90,25.70,25.70,-0.25,"2,777",2002
102/09/16,"16,091,937","417,635,447",25.95,26.00,25.75,25.95,+0.25,"6,025",2002
102/09/17,"12,144,442","315,395,792",25.95,26.00,25.85,26.00,+0.05,"5,191",2002
102/09/18,"15,292,430","396,386,328",26.00,26.00,25.80,25.80,-0.20,"5,230",2002
102/09/23,"20,027,557","521,339,232",25.90,26.10,25.90,26.10,+0.30,"6,874",2002
102/09/24,"10,260,126","266,428,176",26.00,26.05,25.90,26.00,-0.10,"3,868",2002
102/09/25,"14,013,609","363,759,834",25.85,26.00,25.85,26.00, 0.00,"4,132",2002
102/09/26,"10,855,070","280,143,548",25.90,26.00,25.70,25.70,-0.30,"3,490",2002
102/09/27,"16,213,988","420,336,263",25.85,26.00,25.80,26.00,+0.30,"4,543",2002
102/09/30,"15,981,527","413,927,634",25.90,26.00,25.70,25.95,-0.05,"3,785",2002
102/10/01,"9,279,590","239,054,615",25.90,25.90,25.70,25.70,-0.25,"3,695",2002
102/10/02,"9,401,224","241,651,330",25.70,25.75,25.65,25.65,-0.05,"3,498",2002
102/10/03,"17,614,908","455,603,100",25.65,26.00,25.60,25.90,+0.25,"5,413",2002
102/10/04,"19,213,142","499,146,090",25.90,26.10,25.80,26.00,+0.10,"5,020",2002
102/10/07,"8,002,236","206,629,345",25.90,25.90,25.75,25.90,-0.10,"2,958",2002
102/10/08,"9,655,119","249,356,983",25.90,25.90,25.75,25.80,-0.10,"2,562",2002
102/10/09,"9,089,578","234,464,750",25.75,25.90,25.70,25.85,+0.05,"3,400",2002
102/10/11,"9,314,293","240,571,141",25.85,25.95,25.75,25.85, 0.00,"3,108",2002
102/10/14,"9,554,801","246,791,092",25.80,25.90,25.70,25.85, 0.00,"2,666",2002
102/10/15,"11,669,849","302,156,612",25.85,25.95,25.80,25.95,+0.10,"3,564",2002
102/10/16,"8,049,279","208,582,350",25.90,25.95,25.85,25.95, 0.00,"3,082",2002
102/10/17,"8,102,241","210,434,570",26.00,26.00,25.85,25.95, 0.00,"3,105",2002
102/10/18,"15,522,588","402,716,183",26.00,26.00,25.85,26.00,+0.05,"2,984",2002
102/10/21,"9,592,864","247,731,350",26.00,26.00,25.70,25.80,-0.20,"3,495",2002
102/10/22,"12,969,207","333,502,172",25.75,25.80,25.65,25.70,-0.10,"3,919",2002
102/10/23,"13,919,610","358,617,260",25.80,25.80,25.70,25.80,+0.10,"3,777",2002
102/10/24,"11,803,804","304,621,437",25.80,25.85,25.70,25.85,+0.05,"3,525",2002
102/10/25,"9,139,990","234,460,094",25.85,25.85,25.60,25.60,-0.25,"3,390",2002
102/10/28,"8,092,447","208,409,042",25.60,25.85,25.55,25.85,+0.25,"2,935",2002
102/10/29,"9,504,646","245,445,176",25.85,25.90,25.65,25.90,+0.05,"2,827",2002
102/10/30,"6,759,228","174,920,577",25.90,25.95,25.75,25.95,+0.05,"2,580",2002
102/10/31,"17,892,250","458,878,550",25.80,25.90,25.55,25.55,-0.40,"4,186",2002
102/11/01,"5,999,334","153,998,554",25.65,25.75,25.55,25.70,+0.15,"2,709",2002
102/11/04,"10,551,600","269,647,302",25.60,25.70,25.45,25.45,-0.25,"4,070",2002
102/11/05,"11,019,561","279,745,654",25.40,25.50,25.30,25.30,-0.15,"4,024",2002
102/11/06,"6,277,699","159,569,572",25.30,25.50,25.30,25.50,+0.20,"2,452",2002
102/11/07,"8,021,245","204,236,036",25.60,25.60,25.35,25.55,+0.05,"2,442",2002
102/11/08,"6,800,720","172,919,776",25.50,25.50,25.35,25.40,-0.15,"2,334",2002
102/11/11,"11,039,032","278,052,855",25.40,25.40,25.10,25.25,-0.15,"3,605",2002
102/11/12,"8,244,212","208,897,778",25.30,25.40,25.25,25.40,+0.15,"2,883",2002
102/11/13,"16,903,715","423,805,890",25.50,25.55,25.00,25.00,-0.40,"6,177",2002
102/11/14,"11,533,511","287,610,025",25.00,25.10,24.85,24.85,-0.15,"5,159",2002
102/11/15,"6,667,501","166,725,675",24.90,25.10,24.90,25.00,+0.15,"2,550",2002
102/11/18,"4,849,309","121,532,775",25.00,25.05,24.95,25.00, 0.00,"2,070",2002
102/11/19,"7,281,514","183,292,467",25.00,25.25,25.00,25.25,+0.25,"2,705",2002
102/11/20,"5,384,517","135,345,576",25.10,25.20,25.05,25.05,-0.20,"2,147",2002
102/11/21,"11,409,080","284,757,564",25.10,25.10,24.90,24.90,-0.15,"3,517",2002
102/11/22,"6,694,479","166,642,375",24.90,25.00,24.80,25.00,+0.10,"2,855",2002
102/11/25,"5,105,832","128,363,972",25.20,25.20,25.05,25.10,+0.10,"2,107",2002
102/11/26,"19,343,357","490,038,862",25.10,25.60,25.00,25.35,+0.25,"4,879",2002
102/11/27,"7,671,419","193,514,933",25.50,25.50,25.10,25.10,-0.25,"3,312",2002
102/11/28,"11,710,401","294,543,468",25.10,25.25,25.05,25.20,+0.10,"3,283",2002
102/11/29,"11,847,098","300,347,466",25.20,25.45,25.15,25.45,+0.25,"4,043",2002
102/12/02,"7,718,299","196,269,467",25.45,25.50,25.25,25.50,+0.05,"3,462",2002
102/12/03,"6,089,557","154,729,169",25.45,25.50,25.30,25.30,-0.20,"2,743",2002
102/12/04,"8,511,364","215,785,344",25.30,25.50,25.20,25.45,+0.15,"2,964",2002
102/12/05,"9,265,557","235,168,095",25.45,25.45,25.20,25.40,-0.05,"2,524",2002
102/12/06,"6,756,898","170,947,457",25.25,25.45,25.15,25.15,-0.25,"2,587",2002
102/12/09,"8,167,696","207,029,193",25.30,25.40,25.20,25.40,+0.25,"3,304",2002
102/12/10,"8,656,055","220,032,795",25.40,25.50,25.25,25.50,+0.10,"3,352",2002
102/12/11,"11,161,208","284,809,177",25.50,25.60,25.40,25.55,+0.05,"4,118",2002
102/12/12,"8,363,307","212,313,553",25.50,25.50,25.30,25.35,-0.20,"3,130",2002
102/12/13,"20,984,253","538,425,751",25.45,25.80,25.25,25.80,+0.45,"6,738",2002
102/12/16,"27,839,894","720,376,372",25.70,26.00,25.55,25.85,+0.05,"6,684",2002
102/12/17,"20,884,031","540,153,368",25.90,25.95,25.75,25.80,-0.05,"5,085",2002
102/12/18,"19,366,685","501,477,846",25.80,26.00,25.75,26.00,+0.20,"5,338",2002
102/12/19,"30,738,599","798,870,524",26.00,26.10,25.85,26.10,+0.10,"7,734",2002
102/12/20,"29,878,618","780,568,218",26.10,26.20,26.00,26.10, 0.00,"6,225",2002
102/12/23,"14,050,395","364,676,113",26.00,26.10,25.85,26.00,-0.10,"3,962",2002
102/12/24,"14,216,102","369,380,341",25.85,26.10,25.80,25.95,-0.05,"3,485",2002
102/12/25,"7,188,086","186,942,935",25.95,26.10,25.90,26.00,+0.05,"2,714",2002
102/12/26,"24,009,005","630,502,891",25.80,26.50,25.80,26.40,+0.40,"7,754",2002
102/12/27,"35,132,746","936,441,642",26.50,26.90,26.45,26.90,+0.50,"11,476",2002
102/12/30,"32,640,917","883,399,009",27.00,27.15,26.90,27.10,+0.20,"9,434",2002
102/12/31,"14,786,721","398,688,645",27.10,27.10,26.90,27.00,-0.10,"5,196",2002
103/01/02,"17,729,383","471,594,796",27.00,27.00,26.40,26.55,-0.45,"6,516",2002
103/01/03,"12,960,424","342,339,330",26.60,26.60,26.30,26.35,-0.20,"4,711",2002
103/01/06,"19,558,462","511,739,863",26.35,26.40,26.00,26.25,-0.10,"5,772",2002
103/01/07,"11,172,836","292,614,801",26.20,26.30,26.05,26.05,-0.20,"3,777",2002
103/01/08,"15,019,111","391,874,818",26.05,26.25,26.00,26.05, 0.00,"6,039",2002
103/01/09,"9,862,375","257,143,550",26.05,26.15,26.00,26.00,-0.05,"3,417",2002
103/01/10,"11,940,884","310,646,484",26.00,26.15,25.90,26.00, 0.00,"4,185",2002
103/01/13,"13,605,361","356,550,169",26.05,26.30,26.05,26.25,+0.25,"3,692",2002
103/01/14,"22,181,325","590,250,024",26.35,26.75,26.35,26.65,+0.40,"7,446",2002
103/01/15,"19,161,416","512,886,745",26.70,26.80,26.70,26.75,+0.10,"6,033",2002
103/01/16,"11,803,986","316,272,748",26.85,26.85,26.65,26.75, 0.00,"3,350",2002
103/01/17,"8,165,665","217,605,146",26.75,26.80,26.50,26.50,-0.25,"2,901",2002
103/01/20,"8,220,450","218,674,234",26.50,26.70,26.40,26.70,+0.20,"3,574",2002
103/01/21,"7,602,741","202,206,026",26.70,26.70,26.50,26.70, 0.00,"2,821",2002
103/01/22,"9,856,365","262,738,869",26.70,26.70,26.55,26.70, 0.00,"2,758",2002
103/01/23,"9,706,431","258,314,873",26.70,26.75,26.50,26.70, 0.00,"3,124",2002
103/01/24,"14,113,397","376,546,710",26.70,26.80,26.55,26.80,+0.10,"3,648",2002
103/01/27,"36,307,695","950,785,906",26.65,26.65,26.05,26.05,-0.75,"9,893",2002
103/02/05,"59,072,852","1,498,691,674",25.75,25.75,25.00,25.20,-0.85,"18,778",2002
103/02/06,"28,956,543","739,014,688",25.20,25.80,25.20,25.45,+0.25,"8,967",2002
103/02/07,"16,628,896","427,292,077",25.55,25.75,25.55,25.65,+0.20,"6,036",2002
103/02/10,"8,682,895","224,404,814",25.90,25.90,25.75,25.80,+0.15,"3,962",2002
103/02/11,"7,932,354","205,570,252",25.80,25.95,25.80,25.95,+0.15,"2,970",2002
103/02/12,"8,550,058","221,970,608",26.00,26.05,25.85,26.00,+0.05,"3,786",2002
103/02/13,"9,389,971","241,955,954",25.85,25.90,25.65,25.70,-0.30,"3,578",2002
103/02/14,"16,360,061","426,143,786",25.80,26.10,25.80,26.05,+0.35,"5,364",2002
103/02/17,"6,026,228","156,532,506",26.05,26.15,25.85,25.85,-0.20,"2,764",2002
103/02/18,"10,002,088","260,870,088",25.85,26.15,25.80,26.15,+0.30,"3,678",2002
103/02/19,"9,247,053","240,022,378",26.05,26.10,25.85,26.10,-0.05,"3,228",2002
103/02/20,"14,399,016","370,534,646",25.95,25.95,25.65,25.65,-0.45,"6,973",2002
103/02/21,"15,024,052","386,904,218",25.65,25.95,25.60,25.85,+0.20,"4,935",2002
103/02/24,"7,511,012","193,229,569",25.70,25.85,25.65,25.75,-0.10,"3,076",2002
103/02/25,"11,913,905","306,303,254",25.70,25.85,25.65,25.65,-0.10,"3,697",2002
103/02/26,"18,291,394","468,795,564",25.60,25.65,25.50,25.55,-0.10,"6,593",2002
103/02/27,"16,309,137","418,230,044",25.55,25.70,25.55,25.70,+0.15,"4,739",2002
103/03/03,"22,898,305","582,311,266",25.60,25.60,25.20,25.60,-0.10,"6,228",2002
103/03/04,"12,672,783","322,985,179",25.50,25.55,25.40,25.40,-0.20,"4,133",2002
103/03/05,"11,183,310","284,552,450",25.45,25.60,25.35,25.35,-0.05,"4,661",2002
103/03/06,"11,464,721","291,642,046",25.45,25.55,25.35,25.55,+0.20,"4,117",2002
103/03/07,"13,697,385","350,609,926",25.55,25.75,25.50,25.75,+0.20,"4,841",2002
103/03/10,"11,791,455","299,957,157",25.50,25.55,25.35,25.45,-0.30,"3,723",2002
103/03/11,"16,729,049","426,844,792",25.45,25.75,25.35,25.75,+0.30,"4,712",2002
103/03/12,"12,288,370","312,674,428",25.50,25.60,25.35,25.55,-0.20,"4,982",2002
103/03/13,"17,017,781","433,089,822",25.45,25.65,25.35,25.65,+0.10,"5,055",2002
103/03/14,"15,651,506","397,183,870",25.60,25.65,25.30,25.30,-0.35,"5,141",2002
103/03/17,"15,144,503","381,802,956",25.30,25.30,25.15,25.20,-0.10,"5,772",2002
103/03/18,"17,286,439","438,766,691",25.25,25.60,25.20,25.60,+0.40,"5,028",2002
103/03/19,"6,443,995","163,805,649",25.60,25.60,25.35,25.35,-0.25,"2,533",2002
103/03/20,"18,468,415","466,106,044",25.20,25.55,25.10,25.55,+0.20,"5,992",2002
103/03/21,"18,964,815","477,895,751",25.50,25.50,25.15,25.15,-0.40,"4,904",2002
103/03/24,"12,963,695","327,238,592",25.15,25.45,25.10,25.45,+0.30,"4,053",2002
103/03/25,"16,156,233","410,570,665",25.25,25.55,25.25,25.55,+0.10,"4,073",2002
103/03/26,"16,859,887","428,259,552",25.55,25.60,25.30,25.40,-0.15,"6,419",2002
103/03/27,"21,462,333","548,111,999",25.30,25.70,25.30,25.70,+0.30,"6,575",2002
103/03/28,"10,371,508","265,584,841",25.65,25.70,25.50,25.70, 0.00,"3,447",2002
103/03/31,"10,223,299","261,956,678",25.50,25.70,25.50,25.65,-0.05,"3,093",2002
103/04/01,"10,487,323","268,616,328",25.50,25.70,25.50,25.70,+0.05,"3,366",2002
103/04/02,"12,277,122","315,810,682",25.70,25.80,25.60,25.80,+0.10,"3,913",2002
103/04/03,"7,529,744","193,935,229",25.80,25.80,25.65,25.80, 0.00,"3,232",2002
103/04/07,"13,307,463","341,849,063",25.60,25.80,25.60,25.80, 0.00,"4,435",2002
103/04/08,"7,339,440","188,467,155",25.80,25.80,25.60,25.70,-0.10,"2,948",2002
103/04/09,"10,742,215","276,771,277",25.70,25.80,25.65,25.80,+0.10,"4,065",2002
103/04/10,"11,689,408","301,126,832",25.85,25.90,25.60,25.90,+0.10,"3,593",2002
103/04/11,"8,601,211","221,505,640",25.80,25.80,25.65,25.80,-0.10,"2,503",2002
103/04/14,"7,542,579","193,774,127",25.60,25.80,25.60,25.75,-0.05,"3,006",2002
103/04/15,"12,507,117","322,929,814",25.75,26.00,25.60,26.00,+0.25,"4,070",2002
103/04/16,"13,533,247","349,593,623",26.00,26.00,25.75,25.75,-0.25,"4,562",2002
103/04/17,"5,883,148","151,530,944",25.75,25.80,25.70,25.75, 0.00,"2,726",2002
103/04/18,"5,599,311","143,973,138",25.75,25.80,25.65,25.80,+0.05,"2,118",2002
103/04/21,"4,843,747","124,297,309",25.70,25.75,25.60,25.60,-0.20,"2,108",2002
103/04/22,"4,949,700","126,840,422",25.60,25.70,25.55,25.55,-0.05,"2,228",2002
103/04/23,"7,988,174","205,017,097",25.55,25.70,25.50,25.60,+0.05,"3,352",2002
103/04/24,"8,031,747","206,132,058",25.60,25.75,25.55,25.75,+0.15,"3,286",2002
103/04/25,"13,969,736","355,245,784",25.70,25.70,25.30,25.35,-0.40,"5,337",2002
103/04/28,"15,004,891","377,566,623",25.00,25.25,25.00,25.20,-0.15,"5,261",2002
103/04/29,"11,024,989","277,923,832",25.20,25.30,25.15,25.15,-0.05,"4,122",2002
103/04/30,"29,410,921","746,528,106",25.15,25.75,25.10,25.35,+0.20,"6,661",2002
103/05/02,"8,658,639","220,128,469",25.35,25.50,25.35,25.40,+0.05,"2,712",2002
103/05/05,"8,102,911","204,728,539",25.35,25.40,25.20,25.25,-0.15,"3,392",2002
103/05/06,"7,996,536","201,770,325",25.25,25.35,25.15,25.35,+0.10,"3,414",2002
103/05/07,"13,912,235","350,199,916",25.30,25.30,25.10,25.20,-0.15,"5,666",2002
103/05/08,"9,688,946","243,901,941",25.20,25.20,25.15,25.20, 0.00,"4,229",2002
103/05/09,"11,737,705","296,806,074",25.15,25.40,25.15,25.40,+0.20,"3,922",2002
103/05/12,"7,798,115","197,050,498",25.40,25.40,25.15,25.35,-0.05,"2,779",2002
103/05/13,"11,887,828","302,577,976",25.40,25.50,25.35,25.50,+0.15,"3,903",2002
103/05/14,"14,038,445","355,384,105",25.50,25.50,25.20,25.40,-0.10,"4,039",2002
103/05/15,"10,379,910","261,495,824",25.20,25.30,25.15,25.25,-0.15,"3,757",2002
103/05/16,"14,994,076","376,426,889",25.20,25.20,25.05,25.15,-0.10,"4,626",2002
103/05/19,"13,542,595","339,528,674",25.05,25.15,25.00,25.10,-0.05,"4,216",2002
103/05/20,"27,615,506","689,592,850",25.05,25.10,24.90,24.90,-0.20,"8,159",2002
103/05/21,"16,385,882","408,151,814",24.90,25.05,24.85,24.90, 0.00,"6,922",2002
103/05/22,"13,477,544","338,180,027",24.90,25.20,24.90,25.15,+0.25,"4,437",2002
103/05/23,"11,833,381","298,167,103",25.10,25.25,25.10,25.25,+0.10,"3,847",2002
103/05/26,"7,557,073","189,906,713",25.25,25.25,25.05,25.05,-0.20,"3,206",2002
103/05/27,"12,200,500","304,753,600",25.05,25.05,24.90,25.00,-0.05,"4,308",2002
103/05/28,"15,524,597","389,505,225",25.00,25.20,25.00,25.15,+0.15,"4,496",2002
103/05/29,"13,153,423","329,408,925",25.10,25.15,25.00,25.00,-0.15,"4,066",2002
103/05/30,"41,357,425","1,024,113,887",25.00,25.10,24.60,24.60,-0.40,"8,329",2002
103/06/03,"20,119,753","499,335,920",24.70,25.00,24.70,25.00,+0.40,"6,606",2002
103/06/04,"16,207,121","401,803,223",24.90,24.90,24.70,24.80,-0.20,"6,276",2002
103/06/05,"12,222,871","302,555,832",24.80,24.85,24.70,24.85,+0.05,"5,718",2002
103/06/06,"9,463,762","234,806,949",24.85,24.90,24.75,24.90,+0.05,"3,509",2002
103/06/09,"12,608,135","312,278,530",24.90,24.90,24.70,24.80,-0.10,"4,417",2002
103/06/10,"15,866,766","393,373,947",24.75,24.90,24.70,24.90,+0.10,"4,215",2002
103/06/11,"8,968,768","222,702,618",24.90,24.90,24.80,24.90, 0.00,"3,095",2002
103/06/12,"11,923,953","296,532,558",24.90,25.00,24.80,24.85,-0.05,"3,514",2002
103/06/13,"10,755,799","267,755,260",24.85,25.00,24.85,25.00,+0.15,"3,500",2002
103/06/16,"9,393,439","233,302,128",24.70,24.95,24.70,24.85,-0.15,"3,315",2002
103/06/17,"6,424,547","159,935,404",24.85,24.95,24.85,24.85, 0.00,"3,077",2002
103/06/18,"34,004,266","855,079,223",24.85,25.35,24.80,25.30,+0.45,"9,869",2002
103/06/19,"27,722,878","703,659,729",25.35,25.50,25.20,25.50,+0.20,"8,697",2002
103/06/20,"18,225,390","464,089,521",25.55,25.60,25.35,25.50, 0.00,"4,530",2002
103/06/23,"12,921,032","327,881,747",25.45,25.50,25.30,25.35,-0.15,"3,774",2002
103/06/24,"11,166,251","284,117,210",25.35,25.45,25.30,25.40,+0.05,"3,452",2002
103/06/25,"8,465,137","213,181,052",25.30,25.35,25.10,25.10,-0.30,"3,552",2002
103/06/26,"17,121,303","429,274,274",25.10,25.25,24.95,25.25,+0.15,"5,512",2002
103/06/27,"7,543,995","189,274,325",25.15,25.15,25.05,25.05,-0.20,"2,369",2002
103/06/30,"9,077,569","227,469,925",25.00,25.10,25.00,25.10,+0.05,"3,165",2002
103/07/01,"11,170,436","280,544,200",25.05,25.20,25.00,25.15,+0.05,"3,704",2002
103/07/02,"12,688,852","318,433,550",25.20,25.20,25.00,25.15, 0.00,"3,958",2002
103/07/03,"14,037,730","351,774,950",25.15,25.15,25.00,25.10,-0.05,"4,264",2002
103/07/04,"16,262,649","406,394,660",25.10,25.10,24.95,25.00,-0.10,"5,505",2002
103/07/07,"10,304,467","257,899,375",25.05,25.10,24.95,25.10,+0.10,"3,257",2002
103/07/08,"8,554,234","214,734,149",25.20,25.20,25.00,25.20,+0.10,"2,996",2002
103/07/09,"6,125,895","153,884,225",25.20,25.20,25.05,25.15,-0.05,"2,348",2002
103/07/10,"11,912,580","298,403,950",25.00,25.10,25.00,25.10,-0.05,"3,840",2002
103/07/11,"9,907,147","248,023,125",25.10,25.10,25.00,25.00,-0.10,"3,300",2002
103/07/14,"10,426,065","260,334,985",25.00,25.05,24.90,24.95,-0.05,"3,722",2002
103/07/15,"10,845,415","270,785,885",25.00,25.00,24.95,24.95, 0.00,"3,304",2002
103/07/16,"10,975,689","274,144,801",24.95,25.05,24.90,25.00,+0.05,"3,222",2002
103/07/17,"12,653,685","316,485,427",25.00,25.10,24.95,25.10,+0.10,"4,034",2002
103/07/18,"10,103,025","252,627,677",25.00,25.05,24.95,25.00,-0.10,"3,735",2002
103/07/21,"19,793,989","499,744,851",25.00,25.40,25.00,25.40,+0.40,"6,912",2002
103/07/22,"17,183,305","436,332,929",25.40,25.45,25.30,25.45,+0.05,"4,660",2002
103/07/24,"15,175,890","386,029,911",25.45,25.50,25.35,25.50,+0.05,"4,228",2002
103/07/25,"17,460,216","445,839,225",25.50,25.60,25.45,25.60,+0.10,"6,278",2002
103/07/28,"23,046,809","594,141,657",25.60,25.85,25.60,25.85,+0.25,"7,084",2002
103/07/29,"32,315,349","840,677,574",25.95,26.10,25.95,26.10,+0.25,"10,568",2002
103/07/30,"30,887,418","807,536,313",26.10,26.25,26.05,26.25,+0.15,"8,153",2002
103/07/31,"22,979,911","598,201,377",26.30,26.30,25.95,25.95,-0.30,"5,054",2002
103/08/01,"12,287,150","318,893,282",25.80,26.20,25.80,25.95, 0.00,"3,719",2002
103/08/04,"14,536,318","379,008,818",26.00,26.15,26.00,26.05,+0.10,"4,256",2002
103/08/05,"24,406,708","629,715,606",26.05,26.10,25.70,25.75,-0.30,"6,531",2002
103/08/06,"18,206,349","467,635,471",25.75,25.75,25.60,25.65,-0.10,"3,205",2002
103/08/07,"14,310,238","368,462,379",25.75,25.85,25.65,25.85,+0.20,"2,977",2002
103/08/08,"14,527,282","373,835,457",25.85,25.85,25.65,25.65,-0.20,"3,508",2002
103/08/11,"15,916,059","411,356,980",25.90,25.90,25.80,25.80,+0.15,"3,613",2002
103/08/12,"22,376,986","579,628,768",25.95,26.00,25.75,26.00,+0.20,"4,827",2002
103/08/13,"44,146,748","1,151,218,442",26.00,26.20,25.95,26.15,+0.15,"9,627",2002
103/08/14,"35,469,119","890,699,481",25.20,25.30,25.00,25.10,X0.00,"8,241",2002
103/08/15,"13,879,750","347,974,948",25.10,25.20,25.00,25.20,+0.10,"4,679",2002
103/08/18,"10,641,738","267,666,240",25.25,25.25,25.10,25.20, 0.00,"3,194",2002
103/08/19,"15,349,043","389,896,703",25.30,25.50,25.25,25.50,+0.30,"5,205",2002
103/08/20,"14,672,453","375,086,660",25.50,25.75,25.40,25.75,+0.25,"4,994",2002
103/08/21,"11,965,566","307,174,773",25.75,25.75,25.60,25.70,-0.05,"4,308",2002
103/08/22,"21,637,966","559,848,907",25.70,25.95,25.65,25.90,+0.20,"6,494",2002
103/08/25,"12,048,259","311,510,520",25.80,25.90,25.70,25.90, 0.00,"4,079",2002
103/08/26,"10,484,076","271,004,449",25.85,25.90,25.75,25.90, 0.00,"3,150",2002
103/08/27,"16,761,880","434,567,883",25.90,26.00,25.85,26.00,+0.10,"5,629",2002
103/08/28,"15,038,795","390,362,454",26.00,26.00,25.90,26.00, 0.00,"3,890",2002
103/08/29,"9,081,792","234,593,240",26.00,26.00,25.80,25.80,-0.20,"2,813",2002
103/09/01,"11,885,322","308,390,342",25.80,26.00,25.80,25.95,+0.15,"3,969",2002
103/09/02,"12,091,364","313,204,663",26.00,26.00,25.80,25.95, 0.00,"3,764",2002
103/09/03,"16,205,857","420,923,917",25.95,26.00,25.90,26.00,+0.05,"3,838",2002
103/09/04,"13,212,399","343,252,374",26.00,26.00,25.90,26.00, 0.00,"3,889",2002
103/09/05,"12,127,160","315,336,277",26.00,26.05,25.95,26.05,+0.05,"3,389",2002
103/09/09,"13,794,607","360,314,982",26.10,26.20,26.05,26.15,+0.10,"4,969",2002
103/09/10,"12,300,268","319,940,668",26.15,26.15,25.90,26.05,-0.10,"3,974",2002
103/09/11,"17,051,921","445,639,896",26.10,26.20,26.05,26.20,+0.15,"5,043",2002
103/09/12,"11,465,877","299,405,002",26.20,26.20,26.00,26.10,-0.10,"4,153",2002
103/09/15,"8,131,369","211,466,744",26.10,26.10,25.95,26.10, 0.00,"2,745",2002
103/09/16,"10,044,037","260,204,450",26.10,26.10,25.85,25.85,-0.25,"2,701",2002
103/09/17,"20,373,700","531,683,137",25.85,26.20,25.85,26.20,+0.35,"6,503",2002
103/09/18,"39,117,481","1,038,054,303",26.20,26.65,26.15,26.60,+0.40,"12,217",2002
103/09/19,"18,239,377","483,901,753",26.70,26.70,26.40,26.50,-0.10,"5,648",2002
103/09/22,"17,284,090","452,924,631",26.45,26.45,26.00,26.40,-0.10,"6,201",2002
103/09/23,"15,816,344","414,200,709",26.35,26.40,26.05,26.05,-0.35,"3,892",2002
103/09/24,"14,769,272","386,119,345",26.05,26.35,26.00,26.35,+0.30,"5,112",2002
103/09/25,"10,397,848","271,759,567",26.35,26.35,26.00,26.15,-0.20,"3,785",2002
103/09/26,"10,748,018","278,897,682",26.00,26.00,25.85,26.00,-0.15,"3,614",2002
103/09/29,"22,261,996","571,702,192",26.00,26.00,25.60,25.60,-0.40,"6,592",2002
103/09/30,"19,768,209","508,487,784",25.60,26.00,25.40,26.00,+0.40,"7,171",2002
103/10/01,"13,705,413","352,122,834",25.95,25.95,25.50,25.80,-0.20,"5,112",2002
103/10/02,"24,496,126","623,548,729",25.80,25.80,25.40,25.40,-0.40,"8,110",2002
103/10/03,"15,307,805","390,387,292",25.40,25.65,25.40,25.50,+0.10,"5,740",2002
103/10/06,"16,469,583","420,023,133",25.65,25.65,25.40,25.45,-0.05,"5,441",2002
103/10/07,"16,418,720","420,045,523",25.45,25.75,25.30,25.75,+0.30,"5,924",2002
103/10/08,"15,673,459","402,483,255",25.70,25.75,25.60,25.65,-0.10,"3,901",2002
103/10/09,"12,951,151","334,036,403",25.65,25.90,25.60,25.90,+0.25,"4,972",2002
103/10/13,"14,489,590","371,179,701",25.50,25.85,25.45,25.50,-0.40,"6,132",2002
103/10/14,"11,327,875","288,946,638",25.40,25.60,25.35,25.60,+0.10,"3,846",2002
103/10/15,"26,228,128","674,335,440",25.60,25.85,25.50,25.75,+0.15,"6,035",2002
103/10/16,"18,338,172","472,123,296",25.70,25.85,25.55,25.75, 0.00,"5,887",2002
103/10/17,"45,475,354","1,153,231,627",25.80,25.80,25.20,25.20,-0.55,"9,074",2002
103/10/20,"12,262,147","312,237,586",25.30,25.60,25.25,25.40,+0.20,"4,549",2002
103/10/21,"16,664,634","428,240,304",25.65,25.75,25.50,25.75,+0.35,"4,781",2002
103/10/22,"10,439,833","269,451,464",25.80,25.90,25.65,25.85,+0.10,"3,827",2002
103/10/23,"4,521,594","116,543,818",25.85,25.85,25.70,25.80,-0.05,"2,135",2002
103/10/24,"8,436,308","216,117,013",25.80,25.80,25.50,25.75,-0.05,"3,181",2002
103/10/27,"12,080,891","311,670,705",25.75,25.90,25.65,25.90,+0.15,"4,201",2002
103/10/28,"16,945,126","440,637,023",26.00,26.10,25.90,25.90, 0.00,"6,022",2002
103/10/29,"14,528,759","377,301,069",26.00,26.05,25.90,26.00,+0.10,"4,559",2002
103/10/30,"11,891,203","308,675,403",26.00,26.05,25.85,26.05,+0.05,"3,641",2002
103/10/31,"17,805,864","464,733,480",26.10,26.20,25.95,26.20,+0.15,"5,485",2002
103/11/03,"12,863,708","335,791,308",26.20,26.20,25.95,26.15,-0.05,"4,134",2002
103/11/04,"19,097,031","497,919,761",26.15,26.20,25.95,25.95,-0.20,"6,115",2002
103/11/05,"10,378,445","269,657,205",25.95,26.10,25.85,26.10,+0.15,"3,491",2002
103/11/06,"8,058,510","210,193,710",26.10,26.15,26.00,26.10, 0.00,"3,603",2002
103/11/07,"12,342,202","321,205,394",26.15,26.20,25.85,25.85,-0.25,"3,065",2002
103/11/10,"13,669,612","357,197,662",25.85,26.20,25.85,26.15,+0.30,"5,601",2002
103/11/11,"8,950,673","232,881,391",26.10,26.10,25.95,26.00,-0.15,"3,707",2002
103/11/12,"11,243,201","290,398,499",26.00,26.00,25.60,25.85,-0.15,"4,439",2002
103/11/13,"11,753,511","302,849,237",25.90,25.95,25.65,25.80,-0.05,"3,652",2002
103/11/14,"7,438,188","191,678,409",25.80,25.90,25.65,25.85,+0.05,"2,689",2002
103/11/17,"13,270,310","341,426,040",25.85,25.90,25.60,25.80,-0.05,"4,545",2002
103/11/18,"11,053,577","284,681,473",25.80,25.85,25.60,25.85,+0.05,"3,985",2002
103/11/19,"30,565,681","793,166,818",25.80,26.05,25.65,25.95,+0.10,"6,103",2002
103/11/20,"11,653,561","302,582,798",25.95,26.00,25.85,26.00,+0.05,"4,222",2002
103/11/21,"7,660,725","198,046,555",26.00,26.00,25.75,25.75,-0.25,"2,968",2002
103/11/24,"12,298,471","318,943,127",25.75,26.00,25.75,26.00,+0.25,"3,213",2002
103/11/25,"18,675,977","484,124,405",26.00,26.00,25.85,25.85,-0.15,"3,879",2002
103/11/26,"20,264,177","526,981,510",26.00,26.15,25.80,26.00,+0.15,"4,782",2002
103/11/27,"14,072,748","366,653,024",26.00,26.10,25.95,26.10,+0.10,"3,578",2002
103/11/28,"18,200,511","474,802,519",25.90,26.20,25.90,26.10, 0.00,"4,419",2002
103/12/01,"14,645,547","377,432,361",25.70,25.95,25.65,25.75,-0.35,"4,407",2002
103/12/02,"15,566,330","400,426,044",25.65,25.90,25.60,25.90,+0.15,"4,114",2002
103/12/03,"22,639,858","590,697,982",26.00,26.20,25.70,26.20,+0.30,"6,477",2002
103/12/04,"11,075,060","289,547,748",26.20,26.20,26.05,26.20, 0.00,"3,046",2002
103/12/05,"15,008,903","393,371,967",26.00,26.30,26.00,26.30,+0.10,"4,486",2002
103/12/08,"12,552,928","329,856,276",26.30,26.30,26.15,26.30, 0.00,"3,588",2002
103/12/09,"10,109,979","265,461,663",26.20,26.30,26.10,26.30, 0.00,"3,424",2002
103/12/10,"14,265,008","370,537,575",26.25,26.25,25.85,25.85,-0.45,"4,493",2002
103/12/11,"10,650,749","275,809,891",25.85,26.10,25.75,25.85, 0.00,"3,118",2002
103/12/12,"10,998,269","285,194,696",26.00,26.05,25.85,25.85, 0.00,"3,487",2002
103/12/15,"12,246,381","315,910,836",25.80,25.90,25.70,25.80,-0.05,"3,374",2002
103/12/16,"17,485,312","452,834,586",25.80,26.05,25.75,25.85,+0.05,"4,466",2002
103/12/17,"26,667,905","685,375,568",25.80,26.00,25.55,25.55,-0.30,"7,799",2002
103/12/18,"20,457,782","526,258,545",25.80,25.90,25.60,25.85,+0.30,"4,909",2002
103/12/19,"31,877,855","830,978,090",25.95,26.20,25.85,26.20,+0.35,"7,854",2002
103/12/22,"19,771,452","517,475,664",26.20,26.25,26.10,26.10,-0.10,"4,323",2002
103/12/23,"19,235,236","503,253,087",26.10,26.30,26.05,26.10, 0.00,"4,679",2002
103/12/24,"32,995,947","870,500,021",26.10,26.50,26.10,26.50,+0.40,"8,755",2002
103/12/25,"12,057,050","318,527,058",26.50,26.50,26.30,26.45,-0.05,"3,623",2002
103/12/26,"28,337,278","752,569,252",26.40,26.70,26.30,26.65,+0.20,"9,239",2002
103/12/27,"6,618,050","175,965,236",26.60,26.65,26.50,26.60,-0.05,"2,594",2002
103/12/29,"16,822,560","448,748,148",26.55,26.80,26.50,26.65,+0.05,"5,749",2002
103/12/30,"12,057,656","321,492,904",26.60,26.80,26.50,26.50,-0.15,"3,648",2002
103/12/31,"9,780,804","258,202,219",26.50,26.60,26.25,26.30,-0.20,"3,101",2002
104/01/05,"16,072,946","423,480,546",26.30,26.55,26.10,26.50,+0.20,"4,237",2002
104/01/06,"25,872,528","677,950,806",26.25,26.40,26.05,26.05,-0.45,"7,110",2002
104/01/07,"34,895,190","922,158,466",26.25,26.75,26.05,26.30,+0.25,"8,247",2002
104/01/08,"13,760,954","365,009,032",26.40,26.65,26.30,26.55,+0.25,"3,711",2002
104/01/09,"8,642,220","230,020,289",26.65,26.70,26.55,26.55, 0.00,"3,034",2002
104/01/12,"10,196,996","270,587,058",26.50,26.60,26.45,26.45,-0.10,"2,903",2002
104/01/13,"15,600,992","415,138,469",26.45,26.75,26.45,26.50,+0.05,"4,856",2002
104/01/14,"20,868,094","553,759,231",26.50,26.60,26.40,26.60,+0.10,"5,123",2002
104/01/15,"15,530,464","411,049,547",26.50,26.60,26.30,26.30,-0.30,"3,750",2002
104/01/16,"18,352,886","479,775,503",26.35,26.40,26.00,26.10,-0.20,"6,547",2002
104/01/19,"15,113,982","398,833,191",26.20,26.60,26.10,26.15,+0.05,"4,552",2002
104/01/20,"15,286,951","405,481,550",26.20,26.60,26.20,26.60,+0.45,"4,721",2002
104/01/21,"14,561,202","387,366,273",26.60,26.70,26.50,26.70,+0.10,"5,557",2002
104/01/22,"11,718,644","311,379,442",26.55,26.70,26.45,26.65,-0.05,"3,794",2002
104/01/23,"11,098,304","295,702,244",26.65,26.70,26.55,26.70,+0.05,"3,834",2002
104/01/26,"16,376,094","431,980,203",26.50,26.60,26.20,26.55,-0.15,"4,285",2002
104/01/27,"12,847,886","341,246,189",26.65,26.65,26.45,26.65,+0.10,"3,368",2002
104/01/28,"10,833,641","288,268,275",26.45,26.70,26.45,26.70,+0.05,"4,337",2002
104/01/29,"12,434,532","329,743,090",26.50,26.65,26.40,26.40,-0.30,"3,250",2002
104/01/30,"16,736,739","444,967,069",26.60,26.70,26.40,26.70,+0.30,"4,265",2002
104/02/02,"21,600,831","571,606,565",26.70,26.70,26.30,26.40,-0.30,"5,129",2002
104/02/03,"19,762,642","521,237,453",26.40,26.50,26.30,26.35,-0.05,"4,387",2002
104/02/04,"17,017,352","448,283,837",26.30,26.55,26.20,26.25,-0.10,"4,962",2002
104/02/05,"7,994,228","210,599,756",26.30,26.45,26.25,26.45,+0.20,"2,843",2002
104/02/06,"7,345,776","193,496,140",26.30,26.45,26.25,26.30,-0.15,"2,243",2002
104/02/09,"17,235,076","449,750,081",26.20,26.30,26.05,26.05,-0.25,"7,229",2002
104/02/10,"12,926,486","337,188,988",26.20,26.20,26.00,26.05, 0.00,"4,656",2002
104/02/11,"10,420,395","272,629,566",26.05,26.25,26.05,26.20,+0.15,"4,773",2002
104/02/12,"18,914,740","496,590,484",26.30,26.45,26.05,26.45,+0.25,"5,964",2002
104/02/13,"15,320,774","404,941,264",26.45,26.50,26.30,26.45, 0.00,"5,440",2002
104/02/24,"20,322,841","539,055,288",26.50,26.60,26.35,26.60,+0.15,"7,276",2002
104/02/25,"20,004,618","526,256,347",26.60,26.60,26.20,26.35,-0.25,"6,492",2002
104/02/26,"16,856,046","440,734,424",26.25,26.30,26.10,26.10,-0.25,"5,073",2002
104/03/02,"23,167,311","602,053,486",26.10,26.25,25.85,26.00,-0.10,"7,473",2002
104/03/03,"17,157,608","444,223,708",26.15,26.15,25.80,26.00, 0.00,"6,101",2002
104/03/04,"17,775,680","461,671,730",26.10,26.10,25.90,26.00, 0.00,"5,601",2002
104/03/05,"15,385,285","398,130,390",26.00,26.05,25.80,25.90,-0.10,"3,762",2002
104/03/06,"15,522,853","402,083,392",26.00,26.00,25.80,25.90, 0.00,"3,817",2002
104/03/09,"16,867,375","434,285,171",25.90,25.90,25.70,25.70,-0.20,"6,020",2002
104/03/10,"11,319,733","290,950,185",25.70,25.80,25.65,25.65,-0.05,"4,765",2002
104/03/11,"15,540,713","397,143,667",25.60,25.65,25.50,25.50,-0.15,"6,075",2002
104/03/12,"15,739,691","402,135,946",25.50,25.70,25.40,25.70,+0.20,"5,314",2002
104/03/13,"22,394,997","570,797,521",25.70,25.70,25.40,25.40,-0.30,"8,074",2002
104/03/16,"18,555,029","469,949,477",25.40,25.50,25.25,25.25,-0.15,"7,021",2002
104/03/17,"11,340,165","288,926,694",25.35,25.70,25.35,25.40,+0.15,"3,880",2002
104/03/18,"17,749,021","452,251,435",25.45,25.60,25.35,25.60,+0.20,"5,735",2002
104/03/19,"11,877,862","304,710,263",25.60,25.70,25.55,25.70,+0.10,"4,444",2002
104/03/20,"20,118,358","515,886,013",25.60,25.75,25.50,25.75,+0.05,"4,017",2002
104/03/23,"8,629,381","221,270,129",25.70,25.75,25.50,25.75, 0.00,"3,242",2002
104/03/24,"9,720,644","249,343,957",25.75,25.75,25.60,25.60,-0.15,"3,756",2002
104/03/25,"5,166,965","132,146,148",25.60,25.70,25.50,25.50,-0.10,"2,341",2002
104/03/26,"15,435,191","394,870,770",25.50,25.75,25.35,25.75,+0.25,"4,361",2002
104/03/27,"9,894,997","253,273,764",25.70,25.75,25.50,25.50,-0.25,"3,275",2002
104/03/30,"9,290,748","238,668,189",25.60,25.75,25.50,25.65,+0.15,"4,233",2002
104/03/31,"16,750,164","433,774,600",25.70,26.00,25.70,26.00,+0.35,"5,790",2002
104/04/01,"12,110,393","310,962,992",26.00,26.00,25.55,25.55,-0.45,"4,258",2002
104/04/02,"12,605,217","325,526,130",25.60,25.95,25.60,25.65,+0.10,"4,029",2002
104/04/07,"11,872,885","305,626,278",25.70,25.85,25.70,25.75,+0.10,"3,116",2002
104/04/08,"13,701,921","350,827,487",25.65,25.70,25.55,25.55,-0.20,"4,539",2002
104/04/09,"12,072,150","311,751,625",25.55,25.90,25.55,25.90,+0.35,"4,008",2002
104/04/10,"10,860,678","280,474,035",25.95,25.95,25.70,25.80,-0.10,"3,177",2002
104/04/13,"6,929,663","178,057,176",25.70,25.75,25.65,25.75,-0.05,"2,986",2002
104/04/14,"16,418,205","422,335,067",25.70,25.75,25.60,25.65,-0.10,"2,986",2002
104/04/15,"25,958,847","661,366,200",25.65,25.70,25.40,25.40,-0.25,"8,272",2002
104/04/16,"11,056,443","283,892,877",25.45,25.80,25.45,25.80,+0.40,"3,934",2002
104/04/17,"10,809,821","277,275,734",25.70,25.75,25.50,25.60,-0.20,"4,613",2002
104/04/20,"9,331,112","238,359,146",25.50,25.60,25.45,25.60, 0.00,"3,365",2002
104/04/21,"9,438,431","241,470,190",25.60,25.70,25.50,25.65,+0.05,"3,209",2002
104/04/22,"21,725,972","560,069,472",25.70,25.85,25.60,25.80,+0.15,"5,194",2002
104/04/23,"20,530,684","530,815,519",25.85,25.95,25.65,25.80, 0.00,"7,464",2002
104/04/24,"23,548,845","611,835,222",25.90,26.05,25.90,26.00,+0.20,"8,339",2002
104/04/27,"27,119,152","708,750,702",26.00,26.20,26.00,26.20,+0.20,"8,558",2002
104/04/28,"19,224,173","502,312,563",26.20,26.20,26.00,26.20, 0.00,"5,405",2002
104/04/29,"19,433,714","507,863,905",26.00,26.20,25.95,26.05,-0.15,"5,153",2002
104/04/30,"17,883,215","462,576,606",26.00,26.10,25.75,25.75,-0.30,"5,660",2002
104/05/04,"12,190,759","312,977,160",25.75,25.80,25.60,25.60,-0.15,"4,958",2002
104/05/05,"22,661,357","578,484,257",25.65,25.70,25.45,25.60, 0.00,"5,841",2002
104/05/06,"11,830,654","302,721,007",25.60,25.75,25.45,25.70,+0.10,"4,314",2002
104/05/07,"12,657,676","322,790,836",25.55,25.55,25.40,25.50,-0.20,"4,810",2002
104/05/08,"8,295,808","211,707,522",25.50,25.60,25.45,25.50, 0.00,"3,058",2002
104/05/11,"13,747,592","351,001,567",25.60,25.60,25.50,25.50, 0.00,"3,730",2002
104/05/12,"10,800,146","276,394,585",25.50,25.70,25.50,25.65,+0.15,"3,823",2002
104/05/13,"9,391,473","241,325,787",25.50,25.80,25.50,25.70,+0.05,"3,256",2002
104/05/14,"17,611,257","451,115,067",25.70,25.75,25.55,25.75,+0.05,"5,155",2002
104/05/15,"10,208,386","262,020,925",25.70,25.75,25.60,25.65,-0.10,"3,468",2002
104/05/18,"9,271,410","237,931,847",25.60,25.80,25.55,25.80,+0.15,"2,935",2002
104/05/19,"12,625,303","326,442,886",25.80,25.90,25.75,25.90,+0.10,"4,334",2002
104/05/20,"12,972,758","332,936,705",25.70,25.75,25.60,25.60,-0.30,"4,844",2002
104/05/21,"17,881,060","455,038,625",25.50,25.55,25.40,25.45,-0.15,"6,265",2002
104/05/22,"11,335,389","288,641,782",25.45,25.55,25.40,25.50,+0.05,"4,017",2002
104/05/25,"6,188,796","157,879,771",25.50,25.60,25.40,25.60,+0.10,"2,255",2002
104/05/26,"8,293,886","211,972,457",25.70,25.70,25.45,25.65,+0.05,"3,000",2002
104/05/27,"14,493,116","369,606,261",25.60,25.60,25.45,25.55,-0.10,"4,352",2002
104/05/28,"16,244,050","414,407,615",25.60,25.60,25.45,25.45,-0.10,"4,619",2002
104/05/29,"29,217,676","742,810,760",25.45,25.55,25.40,25.40,-0.05,"5,030",2002
104/06/01,"14,573,706","369,467,120",25.40,25.45,25.30,25.30,-0.10,"5,482",2002
104/06/02,"17,253,726","436,036,420",25.30,25.40,25.20,25.25,-0.05,"7,300",2002
104/06/03,"29,962,220","751,431,086",25.25,25.25,25.00,25.00,-0.25,"9,733",2002
104/06/04,"24,493,757","610,295,125",25.00,25.10,24.80,24.85,-0.15,"8,774",2002
104/06/05,"29,868,593","734,800,729",24.80,24.80,24.50,24.55,-0.30,"11,478",2002
104/06/08,"19,799,954","491,633,050",24.55,25.10,24.50,24.90,+0.35,"6,685",2002
104/06/09,"12,915,170","318,503,805",24.90,24.95,24.60,24.60,-0.30,"4,850",2002
104/06/10,"12,484,535","307,645,725",24.60,24.70,24.60,24.60, 0.00,"5,436",2002
104/06/11,"11,959,324","293,951,478",24.60,24.70,24.50,24.70,+0.10,"4,932",2002
104/06/12,"10,917,710","267,806,833",24.60,24.60,24.50,24.50,-0.20,"4,089",2002
104/06/15,"13,364,257","324,988,506",24.50,24.50,24.25,24.30,-0.20,"6,068",2002
104/06/16,"14,598,002","354,420,249",24.30,24.40,24.20,24.40,+0.10,"5,809",2002
104/06/17,"18,774,009","452,977,263",24.40,24.40,24.00,24.00,-0.40,"8,000",2002
104/06/18,"20,951,725","505,936,704",24.00,24.30,24.00,24.30,+0.30,"5,835",2002
104/06/22,"14,896,610","363,174,404",24.30,24.55,24.30,24.50,+0.20,"4,697",2002
104/06/23,"11,930,730","290,485,112",24.50,24.50,24.25,24.25,-0.25,"4,829",2002
104/06/24,"8,216,315","200,484,340",24.30,24.50,24.25,24.50,+0.25,"3,298",2002
104/06/25,"15,283,433","377,162,668",24.40,24.80,24.40,24.75,+0.25,"5,123",2002
104/06/26,"11,032,188","272,591,076",24.85,25.10,24.50,24.60,-0.15,"4,819",2002
104/06/29,"9,205,776","223,720,323",24.50,24.50,24.20,24.20,-0.40,"4,059",2002
104/06/30,"19,916,837","486,500,850",24.20,24.65,24.15,24.65,+0.45,"5,910",2002
104/07/01,"11,030,786","269,331,094",24.50,24.60,24.30,24.30,-0.35,"4,074",2002
104/07/02,"14,662,474","360,384,680",24.40,24.70,24.40,24.70,+0.40,"4,237",2002
104/07/03,"9,427,830","229,844,086",24.65,24.65,24.25,24.40,-0.30,"3,260",2002
104/07/06,"7,631,445","185,269,174",24.35,24.40,24.20,24.30,-0.10,"2,468",2002
104/07/07,"11,447,677","278,834,103",24.30,24.50,24.25,24.25,-0.05,"3,354",2002
104/07/08,"21,607,364","519,596,897",24.20,24.25,24.00,24.00,-0.25,"8,121",2002
104/07/09,"17,773,134","422,996,716",23.90,24.00,23.60,23.75,-0.25,"7,345",2002
104/07/13,"15,346,594","366,292,956",23.80,24.00,23.65,23.90,+0.15,"5,414",2002
104/07/14,"11,988,862","287,908,088",24.00,24.10,23.90,24.00,+0.10,"3,714",2002
104/07/15,"13,667,592","328,627,080",24.10,24.20,23.95,24.20,+0.20,"3,893",2002
104/07/16,"6,867,146","165,703,018",24.15,24.20,24.05,24.10,-0.10,"2,708",2002
104/07/17,"8,428,934","202,561,914",24.10,24.10,24.00,24.10, 0.00,"3,446",2002
104/07/20,"14,053,883","335,505,486",24.00,24.10,23.70,23.80,-0.30,"5,450",2002
104/07/21,"10,039,174","239,827,076",23.80,24.00,23.75,24.00,+0.20,"4,038",2002
104/07/22,"12,318,703","293,443,565",23.95,23.95,23.75,23.80,-0.20,"5,519",2002
104/07/23,"25,924,644","616,500,263",23.80,24.00,23.65,23.90,+0.10,"6,726",2002
104/07/24,"18,856,650","433,423,666",23.10,23.15,22.90,22.95,X0.00,"6,496",2002
104/07/27,"12,756,239","290,808,034",22.95,22.95,22.70,22.70,-0.25,"5,137",2002
104/07/28,"19,095,423","429,386,138",22.70,22.75,22.30,22.40,-0.30,"7,177",2002
104/07/29,"15,422,540","342,310,259",22.40,22.45,22.10,22.25,-0.15,"5,474",2002
104/07/30,"13,859,881","310,076,564",22.25,22.50,22.20,22.45,+0.20,"5,758",2002
104/07/31,"22,663,787","504,828,760",22.40,22.60,22.05,22.60,+0.15,"6,559",2002
104/08/03,"12,686,728","282,170,298",22.50,22.50,22.10,22.35,-0.25,"4,219",2002
104/08/04,"12,958,098","289,476,584",22.40,22.50,22.15,22.50,+0.15,"4,602",2002
104/08/05,"9,896,418","220,301,724",22.40,22.45,22.15,22.20,-0.30,"3,577",2002
104/08/06,"11,220,170","248,504,550",22.20,22.30,22.05,22.05,-0.15,"4,307",2002
104/08/07,"11,445,991","250,380,515",22.00,22.05,21.80,21.80,-0.25,"5,091",2002
104/08/10,"6,844,189","149,789,434",21.80,22.00,21.75,21.85,+0.05,"3,211",2002
104/08/11,"20,647,121","448,627,077",22.00,22.20,21.50,21.55,-0.30,"7,822",2002
104/08/12,"26,445,968","556,035,478",21.45,21.50,20.70,20.90,-0.65,"11,456",2002
104/08/13,"28,378,158","582,524,969",20.70,20.75,20.30,20.45,-0.45,"10,384",2002
104/08/14,"16,297,987","329,606,022",20.40,20.40,20.10,20.25,-0.20,"6,312",2002
104/08/17,"16,721,909","339,274,980",20.25,20.40,20.20,20.20,-0.05,"5,110",2002
104/08/18,"23,417,813","469,214,960",20.20,20.30,19.90,19.90,-0.30,"9,101",2002
104/08/19,"33,294,204","648,747,769",19.90,19.90,19.30,19.40,-0.50,"12,562",2002
104/08/20,"32,305,585","623,912,774",19.40,19.50,19.20,19.30,-0.10,"10,410",2002
104/08/21,"30,443,635","578,428,765",19.00,19.10,18.85,18.85,-0.45,"11,423",2002
104/08/24,"58,342,469","1,056,588,809",18.50,18.60,17.55,18.00,-0.85,"15,866",2002
104/08/25,"48,644,328","911,513,594",17.95,19.30,17.90,19.15,+1.15,"13,811",2002
104/08/26,"28,245,300","535,906,165",19.00,19.20,18.50,19.00,-0.15,"7,961",2002
104/08/27,"25,819,693","489,894,024",19.00,19.20,18.85,19.00, 0.00,"7,782",2002
104/08/28,"36,440,427","695,848,969",19.10,19.35,18.90,19.30,+0.30,"10,442",2002
104/08/31,"34,003,902","653,651,486",19.30,19.50,18.95,19.50,+0.20,"8,873",2002
104/09/01,"28,196,904","538,433,230",19.40,19.50,19.00,19.00,-0.50,"7,792",2002
104/09/02,"23,244,371","443,721,623",19.00,19.30,18.90,19.10,+0.10,"6,106",2002
104/09/03,"18,460,264","353,288,916",19.40,19.40,19.00,19.10, 0.00,"5,142",2002
104/09/04,"14,595,362","278,087,357",19.10,19.15,19.00,19.00,-0.10,"4,925",2002
104/09/07,"12,220,088","232,539,707",19.00,19.10,18.95,19.00, 0.00,"3,581",2002
104/09/08,"11,104,018","211,126,529",19.00,19.10,18.95,19.00, 0.00,"4,613",2002
104/09/09,"22,753,364","440,174,387",19.00,19.50,19.00,19.45,+0.45,"6,530",2002
104/09/10,"12,767,297","247,404,994",19.40,19.50,19.25,19.30,-0.15,"4,066",2002
104/09/11,"12,086,097","232,883,033",19.30,19.40,19.20,19.20,-0.10,"4,303",2002
104/09/14,"10,329,619","199,654,368",19.20,19.45,19.20,19.45,+0.25,"3,663",2002
104/09/15,"12,586,500","244,594,833",19.45,19.50,19.35,19.50,+0.05,"3,828",2002
104/09/16,"11,783,228","229,055,869",19.50,19.50,19.35,19.45,-0.05,"3,025",2002
104/09/17,"26,877,943","526,986,824",19.45,19.70,19.45,19.70,+0.25,"7,379",2002
104/09/18,"28,061,525","564,260,770",19.70,20.25,19.60,20.25,+0.55,"6,828",2002
104/09/21,"16,144,709","321,070,547",20.10,20.10,19.75,19.95,-0.30,"5,462",2002
104/09/22,"9,745,853","194,116,710",19.95,20.00,19.80,20.00,+0.05,"3,206",2002
104/09/23,"14,679,074","289,609,480",19.90,20.00,19.55,20.00, 0.00,"5,110",2002
104/09/24,"11,439,204","224,782,576",19.90,19.90,19.50,19.55,-0.45,"4,820",2002
104/09/25,"16,110,193","312,437,790",19.55,19.60,19.30,19.30,-0.25,"4,638",2002
104/09/30,"36,446,405","695,681,349",19.20,19.30,19.00,19.20,-0.10,"9,895",2002
104/10/01,"17,738,251","342,720,128",19.15,19.60,19.05,19.35,+0.15,"5,291",2002
104/10/02,"14,030,004","271,352,852",19.60,19.60,19.20,19.45,+0.10,"4,182",2002
104/10/05,"11,943,913","231,076,240",19.40,19.45,19.25,19.40,-0.05,"4,414",2002
104/10/06,"19,186,250","375,740,037",19.45,19.80,19.40,19.80,+0.40,"7,670",2002
104/10/07,"25,756,293","512,036,110",19.80,20.00,19.60,20.00,+0.20,"7,297",2002
104/10/08,"27,234,456","548,551,714",20.00,20.25,20.00,20.25,+0.25,"8,180",2002
104/10/12,"51,625,988","1,096,742,656",20.40,21.75,20.40,21.45,+1.20,"15,935",2002
104/10/13,"27,750,795","587,328,401",21.45,21.50,21.00,21.30,-0.15,"8,377",2002
104/10/14,"17,389,462","365,098,002",21.20,21.20,20.85,21.00,-0.30,"6,061",2002
104/10/15,"19,916,778","424,853,906",21.10,21.45,21.00,21.40,+0.40,"7,495",2002
104/10/16,"24,226,959","511,509,448",21.40,21.45,20.95,20.95,-0.45,"6,534",2002
104/10/19,"19,894,324","417,297,191",20.95,21.15,20.80,21.10,+0.15,"5,829",2002
104/10/20,"22,481,352","473,606,085",21.10,21.20,20.90,21.20,+0.10,"7,804",2002
104/10/21,"19,786,093","413,507,608",21.30,21.30,20.75,20.75,-0.45,"6,353",2002
104/10/22,"24,713,064","506,585,915",20.70,20.70,20.40,20.40,-0.35,"6,564",2002
104/10/23,"24,606,406","507,515,818",20.90,20.90,20.45,20.60,+0.20,"7,331",2002
104/10/26,"24,111,103","502,891,419",20.65,21.00,20.60,21.00,+0.40,"6,776",2002
104/10/27,"15,824,272","327,803,122",21.00,21.00,20.60,20.70,-0.30,"4,550",2002
104/10/28,"18,797,611","383,891,402",20.65,20.65,20.30,20.40,-0.30,"6,266",2002
104/10/29,"25,869,183","519,629,680",20.40,20.50,20.00,20.15,-0.25,"8,991",2002
104/10/30,"30,135,367","596,366,953",20.00,20.05,19.65,19.65,-0.50,"10,263",2002
104/11/02,"18,648,347","368,118,943",19.65,19.90,19.60,19.90,+0.25,"6,582",2002
104/11/03,"21,391,037","428,131,540",20.10,20.20,19.80,20.00,+0.10,"7,417",2002
104/11/04,"32,858,896","672,613,628",20.30,20.70,20.10,20.50,+0.50,"9,716",2002
104/11/05,"11,831,335","241,852,073",20.40,20.55,20.25,20.50, 0.00,"4,188",2002
104/11/06,"25,596,208","513,898,160",20.50,20.50,19.95,20.00,-0.50,"7,679",2002
104/11/09,"11,385,237","226,557,503",19.95,20.00,19.80,19.85,-0.15,"5,174",2002
104/11/10,"14,981,360","296,230,526",19.80,19.90,19.65,19.75,-0.10,"6,495",2002
104/11/11,"17,326,995","339,991,169",19.75,19.80,19.55,19.65,-0.10,"6,583",2002
104/11/12,"17,448,391","339,960,012",19.60,19.65,19.40,19.40,-0.25,"7,049",2002
104/11/13,"19,536,248","374,561,111",19.30,19.35,19.10,19.10,-0.30,"7,812",2002
104/11/16,"25,359,618","477,092,051",19.00,19.05,18.60,18.80,-0.30,"9,827",2002
104/11/17,"16,331,806","310,423,114",18.95,19.15,18.90,18.90,+0.10,"7,284",2002
104/11/18,"20,521,473","386,628,397",18.95,19.00,18.75,18.75,-0.15,"8,644",2002
104/11/19,"23,066,647","436,876,762",18.80,19.35,18.70,19.35,+0.60,"6,674",2002
104/11/20,"17,235,448","325,840,777",19.05,19.05,18.85,18.85,-0.50,"6,932",2002
104/11/23,"27,305,335","507,440,924",18.80,18.85,18.50,18.70,-0.15,"9,895",2002
104/11/24,"25,027,978","463,222,280",18.55,18.70,18.40,18.45,-0.25,"8,382",2002
104/11/25,"44,761,537","810,604,663",18.40,18.45,18.00,18.10,-0.35,"16,833",2002
104/11/26,"31,324,780","568,847,125",18.10,18.50,18.05,18.15,+0.05,"9,510",2002
104/11/27,"29,779,516","536,290,889",18.10,18.15,17.90,18.00,-0.15,"9,779",2002
104/11/30,"100,460,839","1,780,305,406",17.85,18.15,17.30,18.15,+0.15,"20,449",2002
104/12/01,"35,755,534","646,401,458",18.10,18.20,17.90,18.20,+0.05,"8,093",2002
104/12/02,"19,600,472","354,742,477",18.20,18.25,18.00,18.00,-0.20,"6,206",2002
104/12/03,"19,801,487","352,216,727",17.90,17.90,17.60,17.75,-0.25,"8,087",2002
104/12/04,"24,579,668","431,964,531",17.65,17.70,17.50,17.65,-0.10,"9,611",2002
104/12/07,"18,114,949","323,013,178",17.70,18.00,17.65,17.70,+0.05,"6,359",2002
104/12/08,"23,873,402","418,955,167",17.70,17.75,17.50,17.50,-0.20,"8,679",2002
104/12/09,"26,126,067","453,945,069",17.45,17.50,17.30,17.30,-0.20,"8,634",2002
104/12/10,"30,896,619","527,432,452",17.30,17.30,17.00,17.00,-0.30,"10,144",2002
104/12/11,"30,165,180","513,906,504",17.00,17.10,17.00,17.00, 0.00,"7,592",2002
104/12/14,"24,916,336","419,466,077",17.00,17.00,16.75,16.75,-0.25,"7,878",2002
104/12/15,"19,105,182","322,689,611",16.80,17.05,16.80,16.80,+0.05,"5,514",2002
104/12/16,"13,981,927","236,152,309",16.90,16.95,16.80,16.95,+0.15,"4,525",2002
104/12/17,"23,285,611","402,512,238",17.05,17.50,16.95,17.50,+0.55,"7,660",2002
104/12/18,"21,044,432","364,235,193",17.35,17.50,17.20,17.25,-0.25,"4,880",2002
104/12/21,"14,377,374","246,367,305",17.10,17.25,17.05,17.15,-0.10,"4,781",2002
104/12/22,"11,037,180","189,400,625",17.25,17.30,17.10,17.20,+0.05,"3,935",2002
104/12/23,"18,629,541","325,782,273",17.30,17.65,17.25,17.65,+0.45,"6,575",2002
104/12/24,"39,986,709","727,745,093",17.95,18.30,17.95,18.20,+0.55,"12,691",2002
104/12/25,"14,081,308","257,018,145",18.30,18.40,18.15,18.25,+0.05,"4,483",2002
104/12/28,"14,600,434","267,232,863",18.25,18.40,18.25,18.35,+0.10,"5,437",2002
104/12/29,"16,240,048","292,865,550",18.35,18.40,17.85,17.85,-0.50,"6,336",2002
104/12/30,"12,035,217","214,682,183",18.00,18.00,17.70,17.85, 0.00,"3,794",2002
104/12/31,"15,908,190","282,412,991",17.85,17.95,17.55,17.95,+0.10,"4,096",2002
105/01/04,"24,776,207","436,006,812",18.00,18.00,17.50,17.50,-0.45,"7,800",2002
105/01/05,"27,624,922","485,463,636",17.50,17.85,17.30,17.35,-0.15,"8,502",2002
105/01/06,"18,780,416","326,382,969",17.40,17.50,17.30,17.30,-0.05,"5,321",2002
105/01/07,"24,544,605","422,292,897",17.30,17.50,17.05,17.45,+0.15,"7,954",2002
105/01/08,"20,245,042","352,023,279",17.30,17.55,17.15,17.40,-0.05,"6,068",2002
105/01/11,"20,686,691","356,063,518",17.30,17.35,17.05,17.35,-0.05,"6,144",2002
105/01/12,"13,020,227","224,103,751",17.35,17.40,17.10,17.20,-0.15,"4,906",2002
105/01/13,"13,232,644","229,856,497",17.25,17.45,17.20,17.45,+0.25,"4,359",2002
105/01/14,"18,067,002","313,156,609",17.30,17.45,17.15,17.40,-0.05,"4,216",2002
105/01/15,"20,280,110","352,273,014",17.40,17.50,17.25,17.45,+0.05,"5,614",2002
105/01/18,"14,916,500","257,398,433",17.25,17.40,17.15,17.25,-0.20,"5,238",2002
105/01/19,"15,918,137","276,379,039",17.10,17.65,17.10,17.50,+0.25,"4,340",2002
105/01/20,"18,798,694","323,303,414",17.50,17.50,17.10,17.10,-0.40,"6,631",2002
105/01/21,"25,428,611","437,695,179",17.40,17.40,17.10,17.10, 0.00,"5,536",2002
105/01/22,"17,723,278","308,051,718",17.35,17.50,17.25,17.50,+0.40,"5,559",2002
105/01/25,"23,038,499","410,931,204",17.60,18.00,17.55,17.85,+0.35,"6,349",2002
105/01/26,"21,536,820","380,590,693",17.60,17.80,17.55,17.80,-0.05,"4,969",2002
105/01/27,"23,296,705","412,959,759",17.90,17.90,17.60,17.65,-0.15,"4,529",2002
105/01/28,"27,655,322","485,791,836",17.50,17.70,17.50,17.60,-0.05,"5,463",2002
105/01/29,"34,909,392","614,339,682",17.50,17.75,17.45,17.75,+0.15,"5,876",2002
105/01/30,"7,363,084","130,646,575",17.75,17.85,17.65,17.70,-0.05,"2,501",2002
105/02/01,"23,153,303","414,589,654",17.75,18.00,17.70,18.00,+0.30,"7,084",2002
105/02/02,"35,005,329","637,847,773",18.00,18.40,17.95,18.35,+0.35,"9,471",2002
105/02/03,"24,181,126","437,762,059",18.30,18.30,18.00,18.00,-0.35,"7,759",2002
105/02/15,"25,960,611","475,423,137",18.00,18.40,18.00,18.40,+0.40,"8,996",2002
105/02/16,"48,531,788","917,169,681",18.50,19.15,18.45,18.90,+0.50,"14,209",2002
105/02/17,"26,995,902","511,035,938",19.00,19.10,18.80,18.95,+0.05,"8,190",2002
105/02/18,"25,759,637","491,229,333",19.10,19.15,19.00,19.05,+0.10,"8,466",2002
105/02/19,"15,716,444","298,899,403",19.05,19.10,18.90,19.05, 0.00,"5,613",2002
105/02/22,"27,950,571","540,444,315",19.15,19.50,19.15,19.35,+0.30,"9,729",2002
105/02/23,"94,914,168","1,917,112,923",19.55,20.60,19.55,20.20,+0.85,"27,611",2002
105/02/24,"41,202,605","833,335,433",20.25,20.60,20.00,20.15,-0.05,"12,111",2002
105/02/25,"22,469,677","452,308,485",20.15,20.20,20.00,20.20,+0.05,"7,258",2002
105/02/26,"58,327,689","1,201,681,987",20.50,20.80,20.40,20.60,+0.40,"14,344",2002
105/03/01,"32,801,818","676,646,681",20.60,20.80,20.50,20.60, 0.00,"9,115",2002
105/03/02,"43,068,028","902,471,087",20.90,21.10,20.85,20.90,+0.30,"14,144",2002
105/03/03,"89,432,509","1,940,247,905",21.25,22.00,21.25,21.75,+0.85,"21,892",2002
105/03/04,"78,237,023","1,716,463,156",21.90,22.20,21.70,22.00,+0.25,"21,625",2002
105/03/07,"80,579,019","1,819,693,397",22.20,22.80,22.20,22.60,+0.60,"26,276",2002
105/03/08,"80,078,341","1,802,709,883",22.95,23.00,22.00,22.70,+0.10,"22,906",2002
105/03/09,"57,156,689","1,258,053,548",22.35,22.40,21.80,21.80,-0.90,"18,748",2002
105/03/10,"41,952,480","909,992,017",21.65,21.90,21.30,21.85,+0.05,"13,996",2002
105/03/11,"40,552,197","896,797,470",21.85,22.25,21.85,22.20,+0.35,"11,683",2002
105/03/14,"27,949,699","622,862,464",22.35,22.50,22.10,22.15,-0.05,"8,508",2002
105/03/15,"29,317,999","643,293,451",22.20,22.25,21.70,21.90,-0.25,"9,225",2002
105/03/16,"23,360,580","517,125,333",21.95,22.20,21.95,22.20,+0.30,"8,344",2002
105/03/17,"37,257,745","836,983,310",22.50,22.70,22.25,22.40,+0.20,"11,756",2002
105/03/18,"39,216,087","883,397,195",22.50,22.60,22.45,22.55,+0.15,"8,277",2002
105/03/21,"23,126,286","519,829,500",22.60,22.60,22.35,22.50,-0.05,"5,552",2002
105/03/22,"25,584,922","576,415,088",22.50,22.65,22.40,22.65,+0.15,"6,437",2002
105/03/23,"19,276,944","436,759,221",22.65,22.75,22.55,22.65, 0.00,"6,472",2002
105/03/24,"16,766,038","378,442,911",22.60,22.65,22.35,22.65, 0.00,"6,628",2002
105/03/25,"10,021,124","225,352,375",22.65,22.65,22.40,22.50,-0.15,"4,230",2002
105/03/28,"14,623,090","325,128,321",22.50,22.50,22.10,22.15,-0.35,"5,613",2002
105/03/29,"23,210,045","508,120,496",22.15,22.30,21.60,22.10,-0.05,"7,717",2002
105/03/30,"17,792,112","392,734,108",22.10,22.20,21.85,22.20,+0.10,"5,543",2002
105/03/31,"36,404,712","813,982,733",22.25,22.45,22.20,22.40,+0.20,"7,459",2002
105/04/01,"21,072,149","463,397,649",22.15,22.40,21.80,21.95,-0.45,"6,084",2002
105/04/06,"32,302,065","694,598,258",21.95,22.00,21.20,21.40,-0.55,"9,801",2002
105/04/07,"44,523,174","925,734,189",21.40,21.45,20.50,20.75,-0.65,"13,086",2002
105/04/08,"26,400,141","551,964,845",20.50,21.25,20.40,21.20,+0.45,"7,747",2002
105/04/11,"14,174,014","298,231,316",21.00,21.25,20.75,21.15,-0.05,"4,897",2002
105/04/12,"25,570,114","554,111,930",21.30,21.90,21.25,21.60,+0.45,"8,421",2002
105/04/13,"53,998,174","1,204,879,637",22.10,22.40,22.10,22.35,+0.75,"13,465",2002
105/04/14,"48,248,878","1,097,515,909",22.60,23.00,22.55,22.75,+0.40,"13,679",2002
105/04/15,"34,311,164","776,864,737",22.80,22.80,22.40,22.70,-0.05,"10,149",2002
105/04/18,"18,417,483","415,934,602",22.70,22.80,22.40,22.45,-0.25,"7,957",2002
105/04/19,"23,384,668","529,561,856",22.70,22.85,22.50,22.70,+0.25,"8,322",2002
105/04/20,"37,627,126","845,413,902",22.85,22.90,22.10,22.35,-0.35,"11,824",2002
105/04/21,"47,083,030","1,072,335,535",22.65,22.85,22.65,22.85,+0.50,"15,342",2002
105/04/22,"31,277,925","714,115,599",22.85,22.90,22.70,22.85, 0.00,"10,492",2002
105/04/25,"31,076,059","714,199,391",23.00,23.05,22.90,23.00,+0.15,"10,047",2002
105/04/26,"42,684,844","992,083,763",23.00,23.50,22.90,23.25,+0.25,"11,194",2002
105/04/27,"38,261,550","895,939,783",23.40,23.50,23.25,23.50,+0.25,"10,507",2002
105/04/28,"30,538,365","708,338,320",23.50,23.50,23.00,23.20,-0.30,"8,349",2002
105/04/29,"27,086,792","615,231,173",22.85,22.90,22.65,22.65,-0.55,"7,295",2002
105/05/03,"21,363,432","480,571,029",22.70,22.75,22.30,22.40,-0.25,"7,007",2002
105/05/04,"62,680,844","1,337,857,810",22.20,22.20,20.75,21.05,-1.35,"19,216",2002
105/05/05,"40,685,158","846,538,861",21.00,21.15,20.30,20.80,-0.25,"11,600",2002
105/05/06,"36,494,392","763,056,232",20.90,21.20,20.80,20.90,+0.10,"9,615",2002
105/05/09,"29,669,679","614,937,510",21.00,21.15,20.50,20.80,-0.10,"8,645",2002
105/05/10,"27,759,581","565,424,657",20.50,20.70,20.05,20.40,-0.40,"9,133",2002
105/05/11,"30,782,682","626,049,714",20.60,20.65,20.20,20.40, 0.00,"10,421",2002
105/05/12,"19,996,930","410,017,765",20.35,20.80,20.35,20.50,+0.10,"6,687",2002
105/05/13,"34,617,101","694,941,745",20.45,20.45,20.00,20.05,-0.45,"11,005",2002
105/05/16,"18,677,713","371,473,118",20.00,20.00,19.80,19.85,-0.20,"7,314",2002
105/05/17,"22,427,283","445,306,870",19.85,20.25,19.60,20.00,+0.15,"7,716",2002
105/05/18,"18,371,381","364,403,306",19.85,19.95,19.60,19.95,-0.05,"6,134",2002
105/05/19,"35,076,707","686,224,089",19.90,19.90,19.40,19.60,-0.35,"10,641",2002
105/05/20,"20,573,922","406,117,267",19.65,19.95,19.40,19.80,+0.20,"6,764",2002
105/05/23,"29,827,620","599,970,817",19.80,20.35,19.60,20.30,+0.50,"8,823",2002
105/05/24,"16,925,671","338,192,986",20.30,20.30,19.85,19.85,-0.45,"6,828",2002
105/05/25,"15,807,143","318,847,360",20.10,20.25,20.10,20.15,+0.30,"6,341",2002
105/05/26,"16,598,316","338,428,563",20.30,20.50,20.20,20.40,+0.25,"5,968",2002
105/05/27,"18,569,823","377,964,557",20.55,20.55,20.10,20.40, 0.00,"7,646",2002
105/05/30,"15,049,454","307,337,216",20.50,20.55,20.30,20.40, 0.00,"5,452",2002
105/05/31,"46,496,831","942,864,362",20.40,20.50,20.20,20.25,-0.15,"5,570",2002
105/06/01,"28,906,102","600,767,637",20.15,21.20,20.15,20.95,+0.70,"11,894",2002
105/06/02,"14,789,340","307,158,022",21.00,21.00,20.65,20.65,-0.30,"5,745",2002
105/06/03,"17,661,840","368,768,779",20.65,21.00,20.55,20.90,+0.25,"7,055",2002
105/06/04,"3,988,011","83,425,009",20.90,21.00,20.75,20.90, 0.00,"1,766",2002
105/06/06,"13,968,739","294,018,669",21.10,21.35,20.85,21.00,+0.10,"5,228",2002
105/06/07,"25,245,188","535,600,290",21.20,21.30,21.10,21.25,+0.25,"6,906",2002
105/06/08,"26,704,878","570,417,894",21.25,21.50,21.10,21.50,+0.25,"8,027",2002
105/06/13,"23,965,691","499,342,351",21.30,21.40,20.70,20.75,-0.75,"7,647",2002
105/06/14,"13,055,362","271,188,537",20.55,20.95,20.50,20.85,+0.10,"4,750",2002
105/06/15,"10,823,974","224,547,223",20.80,20.95,20.60,20.80,-0.05,"4,217",2002
105/06/16,"17,893,169","367,686,747",20.80,20.85,20.50,20.50,-0.30,"6,139",2002
105/06/17,"23,442,107","485,203,173",20.55,20.85,20.50,20.70,+0.20,"5,776",2002
105/06/20,"14,714,571","306,864,319",20.80,20.90,20.70,20.90,+0.20,"4,243",2002
105/06/21,"20,345,973","428,289,433",21.00,21.10,21.00,21.05,+0.15,"6,181",2002
105/06/22,"12,446,205","261,076,280",21.10,21.15,20.85,21.00,-0.05,"4,866",2002
105/06/23,"10,440,989","217,942,319",20.90,21.00,20.80,21.00, 0.00,"6,349",2002
105/06/24,"30,114,397","620,775,958",21.10,21.15,20.40,20.50,-0.50,"10,022",2002
105/06/27,"11,554,299","236,172,322",20.30,20.55,20.20,20.45,-0.05,"4,475",2002
105/06/28,"10,121,209","206,709,462",20.40,20.55,20.30,20.40,-0.05,"3,475",2002
105/06/29,"18,324,656","380,984,088",20.50,20.95,20.50,20.90,+0.50,"5,744",2002
105/06/30,"14,070,101","293,684,002",20.90,20.95,20.75,20.90, 0.00,"4,798",2002
105/07/01,"15,919,250","330,762,799",20.85,20.90,20.65,20.65,-0.25,"6,251",2002
105/07/04,"16,723,102","350,703,317",20.65,21.15,20.60,20.95,+0.30,"4,927",2002
105/07/05,"8,150,530","170,051,870",20.85,20.95,20.75,20.85,-0.10,"3,337",2002
105/07/06,"19,030,563","391,548,136",20.75,20.80,20.50,20.50,-0.35,"6,218",2002
105/07/07,"5,574,641","115,073,749",20.55,20.70,20.55,20.65,+0.15,"2,428",2002
105/07/11,"21,111,576","441,331,443",20.70,21.00,20.70,20.95,+0.30,"6,519",2002
105/07/12,"22,157,254","465,367,450",21.00,21.10,20.85,20.95, 0.00,"6,490",2002
105/07/13,"52,799,505","1,135,776,095",21.25,21.60,21.25,21.55,+0.60,"13,919",2002
105/07/14,"92,896,227","2,085,644,993",22.00,22.85,22.00,22.70,+1.15,"25,195",2002
105/07/15,"52,017,918","1,171,292,169",22.55,22.70,22.25,22.70, 0.00,"14,796",2002
105/07/18,"25,299,693","573,496,194",22.85,22.85,22.55,22.70, 0.00,"7,749",2002
105/07/19,"33,246,291","750,786,002",22.70,22.70,22.40,22.70, 0.00,"10,481",2002
105/07/20,"36,037,144","801,568,450",22.25,22.35,22.10,22.35,-0.35,"9,602",2002
105/07/21,"49,998,372","1,139,948,035",22.45,23.00,22.45,22.85,+0.50,"12,960",2002
105/07/22,"26,356,407","599,281,362",22.80,22.85,22.50,22.80,-0.05,"7,815",2002
105/07/25,"35,263,155","802,955,609",22.80,22.90,22.65,22.85,+0.05,"8,598",2002
105/07/26,"23,779,782","530,651,220",22.25,22.45,22.20,22.40,X0.00,"5,946",2002
105/07/27,"14,677,182","329,117,696",22.40,22.60,22.35,22.45,+0.05,"4,145",2002
105/07/28,"12,900,224","288,758,640",22.40,22.45,22.25,22.45, 0.00,"4,034",2002
105/07/29,"18,928,768","419,574,552",22.45,22.45,22.05,22.05,-0.40,"4,802",2002
105/08/01,"14,786,502","329,129,784",22.00,22.35,22.00,22.35,+0.30,"5,365",2002
105/08/02,"28,290,646","641,040,360",22.40,22.75,22.35,22.70,+0.35,"8,325",2002
105/08/03,"12,878,726","287,658,718",22.30,22.45,22.10,22.40,-0.30,"4,143",2002
105/08/04,"9,518,906","212,585,447",22.40,22.45,22.20,22.40, 0.00,"3,707",2002
105/08/05,"15,005,320","338,282,248",22.40,22.60,22.40,22.60,+0.20,"4,735",2002
105/08/08,"10,267,896","231,476,725",22.60,22.70,22.40,22.70,+0.10,"3,359",2002
105/08/09,"25,769,067","587,639,390",22.70,22.90,22.65,22.90,+0.20,"7,893",2002
105/08/10,"16,854,202","385,399,990",22.85,22.95,22.70,22.95,+0.05,"4,975",2002
105/08/11,"20,788,390","470,788,518",22.80,22.90,22.10,22.80,-0.15,"5,262",2002
105/08/12,"14,698,714","334,316,448",22.75,22.80,22.65,22.80, 0.00,"5,099",2002
105/08/15,"12,049,766","271,067,904",22.75,22.75,22.40,22.55,-0.25,"4,249",2002
105/08/16,"22,146,433","502,082,371",22.60,22.75,22.55,22.75,+0.20,"4,832",2002
105/08/17,"12,713,104","289,360,215",22.80,22.85,22.65,22.70,-0.05,"5,002",2002
105/08/18,"31,336,391","721,662,531",22.90,23.25,22.90,22.90,+0.20,"9,476",2002
105/08/19,"18,487,598","420,849,235",23.00,23.00,22.60,22.65,-0.25,"4,779",2002
105/08/22,"16,318,115","367,059,019",22.60,22.65,22.40,22.60,-0.05,"4,991",2002
105/08/23,"20,135,739","457,477,607",22.55,22.90,22.50,22.80,+0.20,"4,845",2002
105/08/24,"6,924,440","156,936,962",22.80,22.80,22.60,22.60,-0.20,"3,160",2002
105/08/25,"17,205,611","386,114,035",22.50,22.50,22.40,22.40,-0.20,"5,484",2002
105/08/26,"10,316,163","232,053,637",22.40,22.60,22.40,22.50,+0.10,"3,279",2002
105/08/29,"12,127,754","270,164,026",22.45,22.50,22.15,22.25,-0.25,"4,922",2002
105/08/30,"17,831,512","400,958,679",22.35,22.60,22.30,22.40,+0.15,"5,830",2002
105/08/31,"31,541,612","697,452,740",22.30,22.40,22.00,22.00,-0.40,"7,981",2002
105/09/01,"16,126,699","351,893,842",22.00,22.00,21.70,21.75,-0.25,"6,277",2002
105/09/02,"10,499,657","230,259,754",21.80,22.00,21.80,22.00,+0.25,"4,095",2002
105/09/05,"11,464,486","255,269,827",22.05,22.35,22.05,22.35,+0.35,"3,897",2002
105/09/06,"16,299,551","366,232,170",22.35,22.60,22.20,22.55,+0.20,"5,583",2002
105/09/07,"22,326,838","507,374,701",22.60,22.80,22.55,22.75,+0.20,"8,171",2002
105/09/08,"12,097,348","273,019,950",22.65,22.70,22.45,22.70,-0.05,"4,314",2002
105/09/09,"11,675,361","260,806,683",22.45,22.45,22.30,22.35,-0.35,"3,889",2002
105/09/10,"10,767,386","237,978,706",22.05,22.50,21.90,22.10,-0.25,"4,034",2002
105/09/12,"21,200,877","463,565,148",21.95,22.00,21.80,21.80,-0.30,"6,385",2002
105/09/13,"18,407,033","400,225,362",21.85,21.95,21.60,21.65,-0.15,"5,902",2002
105/09/14,"31,869,552","681,958,098",21.55,21.65,21.30,21.30,-0.35,"9,340",2002
105/09/19,"13,239,000","285,494,020",21.50,21.70,21.50,21.50,+0.20,"5,247",2002
105/09/20,"10,100,644","219,890,656",21.50,21.90,21.50,21.90,+0.40,"3,674",2002
105/09/21,"15,663,013","343,751,001",21.90,22.00,21.75,22.00,+0.10,"6,238",2002
105/09/22,"12,449,058","274,853,568",22.05,22.20,22.00,22.20,+0.20,"4,147",2002
105/09/23,"13,145,705","291,086,579",22.20,22.20,22.00,22.20, 0.00,"4,315",2002
105/09/26,"8,286,779","181,851,279",22.00,22.10,21.90,21.90,-0.30,"3,540",2002
105/09/29,"25,672,332","572,467,176",22.25,22.40,22.10,22.35,+0.45,"7,962",2002
105/09/30,"30,382,674","672,844,151",22.30,22.35,22.05,22.10,-0.25,"5,544",2002
105/10/03,"11,396,700","253,977,643",22.20,22.40,22.15,22.30,+0.20,"3,780",2002
105/10/04,"9,310,212","207,354,186",22.30,22.35,22.15,22.30, 0.00,"3,685",2002
105/10/05,"8,136,446","179,619,512",22.00,22.15,22.00,22.00,-0.30,"3,716",2002
105/10/06,"9,025,377","198,965,544",22.00,22.15,22.00,22.05,+0.05,"3,821",2002
105/10/07,"8,453,486","185,902,248",22.00,22.15,21.90,22.00,-0.05,"3,426",2002
105/10/11,"12,999,701","285,903,822",22.15,22.15,21.85,22.00, 0.00,"4,391",2002
105/10/12,"13,214,639","289,762,889",21.95,22.05,21.80,21.80,-0.20,"5,069",2002
105/10/13,"18,852,336","410,059,324",21.80,21.90,21.70,21.70,-0.10,"7,247",2002
105/10/14,"13,009,106","284,670,479",21.70,22.00,21.65,21.80,+0.10,"5,216",2002
105/10/17,"15,625,802","338,127,168",21.70,21.85,21.30,21.75,-0.05,"6,218",2002
105/10/18,"12,358,243","271,063,404",21.80,22.00,21.75,22.00,+0.25,"4,416",2002
105/10/19,"17,336,219","384,713,327",22.00,22.25,22.00,22.25,+0.25,"6,276",2002
105/10/20,"12,730,385","284,571,048",22.25,22.45,22.25,22.30,+0.05,"4,709",2002
105/10/21,"29,857,463","662,188,005",22.35,22.45,21.75,22.20,-0.10,"4,984",2002
105/10/24,"8,272,140","183,957,751",22.20,22.30,22.10,22.30,+0.10,"3,326",2002
105/10/25,"16,118,133","360,583,095",22.30,22.50,22.05,22.45,+0.15,"5,153",2002
105/10/26,"32,054,303","726,567,743",22.50,22.75,22.50,22.75,+0.30,"10,388",2002
105/10/27,"23,653,700","539,360,029",22.75,22.95,22.65,22.70,-0.05,"7,330",2002
105/10/28,"13,705,875","310,053,478",22.70,22.75,22.50,22.60,-0.10,"3,194",2002
105/10/31,"18,886,054","427,616,817",22.45,22.85,22.25,22.80,+0.20,"5,418",2002
105/11/01,"12,591,153","286,923,008",22.65,22.85,22.65,22.75,-0.05,"4,481",2002
105/11/02,"10,581,648","237,708,480",22.55,22.65,22.35,22.40,-0.35,"3,509",2002
105/11/03,"10,440,332","234,775,537",22.40,22.60,22.35,22.45,+0.05,"2,810",2002
105/11/04,"10,683,623","241,137,366",22.50,22.60,22.45,22.60,+0.15,"3,982",2002
105/11/07,"36,804,144","846,259,849",22.75,23.10,22.75,22.95,+0.35,"11,935",2002
105/11/08,"58,620,122","1,372,201,429",23.05,23.70,23.05,23.70,+0.75,"16,974",2002
105/11/09,"78,644,623","1,861,780,086",23.70,24.40,23.20,23.40,-0.30,"22,021",2002
105/11/10,"102,582,547","2,509,344,557",24.30,24.65,24.15,24.60,+1.20,"25,934",2002
105/11/11,"63,077,446","1,546,305,683",24.45,24.90,24.20,24.50,-0.10,"15,035",2002
105/11/14,"37,838,087","922,324,297",24.35,24.55,24.05,24.40,-0.10,"12,040",2002
105/11/15,"34,386,341","844,201,939",24.40,24.85,24.35,24.40, 0.00,"9,324",2002
105/11/16,"28,903,583","697,862,492",24.40,24.45,23.95,24.05,-0.35,"7,785",2002
105/11/17,"22,248,042","536,788,705",23.95,24.30,23.90,24.30,+0.25,"6,324",2002
105/11/18,"18,690,202","449,509,898",24.10,24.25,23.90,24.05,-0.25,"6,066",2002
105/11/21,"20,932,784","509,070,736",24.05,24.50,24.00,24.50,+0.45,"6,517",2002
105/11/22,"28,004,424","687,464,662",24.50,24.70,24.35,24.50, 0.00,"7,361",2002
105/11/23,"21,233,485","522,034,191",24.65,24.70,24.50,24.60,+0.10,"5,595",2002
105/11/24,"15,166,426","373,546,441",24.60,24.70,24.55,24.70,+0.10,"5,145",2002
105/11/25,"64,512,431","1,619,966,825",24.80,25.30,24.75,25.10,+0.40,"16,934",2002
105/11/28,"49,349,083","1,260,601,897",25.10,25.70,25.10,25.55,+0.45,"14,968",2002
105/11/29,"25,460,784","647,077,120",25.55,25.55,25.30,25.45,-0.10,"8,326",2002
105/11/30,"43,338,159","1,086,728,875",25.45,25.45,25.00,25.00,-0.45,"9,135",2002
105/12/01,"26,781,491","663,545,121",25.00,25.00,24.50,24.90,-0.10,"9,693",2002
105/12/02,"19,726,850","491,141,100",24.80,25.00,24.65,25.00,+0.10,"6,639",2002
105/12/05,"15,962,973","397,508,258",25.00,25.05,24.70,24.95,-0.05,"4,669",2002
105/12/06,"25,100,543","632,931,518",25.10,25.30,25.00,25.25,+0.30,"8,249",2002
105/12/07,"16,126,234","407,698,818",25.30,25.35,25.15,25.25, 0.00,"5,238",2002
105/12/08,"51,494,212","1,317,712,864",25.40,25.70,25.40,25.70,+0.45,"17,053",2002
105/12/09,"24,457,058","626,154,934",25.65,25.70,25.45,25.55,-0.15,"8,795",2002
105/12/12,"21,331,581","547,572,327",25.70,25.75,25.55,25.65,+0.10,"6,707",2002
105/12/13,"19,108,246","490,787,960",25.65,25.70,25.55,25.70,+0.05,"7,205",2002
105/12/14,"10,866,553","278,623,469",25.70,25.70,25.55,25.65,-0.05,"4,025",2002
105/12/15,"14,174,760","361,900,646",25.60,25.60,25.40,25.55,-0.10,"4,398",2002
105/12/16,"23,526,474","594,165,895",25.40,25.50,25.20,25.25,-0.30,"5,472",2002
105/12/19,"16,625,736","417,270,608",25.25,25.40,24.90,24.95,-0.30,"5,201",2002
105/12/20,"28,257,292","722,312,511",25.25,25.90,25.20,25.55,+0.60,"7,848",2002
105/12/21,"13,895,641","352,045,712",25.55,25.60,25.20,25.20,-0.35,"4,553",2002
105/12/22,"17,583,577","439,655,489",25.05,25.20,24.90,24.90,-0.30,"5,641",2002
105/12/23,"15,658,677","386,550,855",24.80,24.90,24.60,24.60,-0.30,"6,394",2002
105/12/26,"13,673,365","334,217,997",24.70,24.70,24.30,24.40,-0.20,"4,922",2002
105/12/27,"13,696,568","331,372,067",24.35,24.35,24.10,24.25,-0.15,"4,432",2002
105/12/28,"12,516,135","308,604,869",24.35,24.85,24.35,24.75,+0.50,"4,290",2002
105/12/29,"11,406,928","280,531,876",24.70,24.75,24.50,24.50,-0.25,"3,303",2002
105/12/30,"8,674,738","214,081,738",24.70,24.80,24.60,24.65,+0.15,"2,931",2002
106/01/03,"14,961,849","365,462,923",24.70,24.75,24.25,24.45,-0.20,"4,911",2002
106/01/04,"10,592,717","260,810,702",24.60,24.70,24.50,24.70,+0.25,"4,193",2002
106/01/05,"14,779,701","366,064,615",24.65,24.95,24.55,24.85,+0.15,"4,892",2002
106/01/06,"11,881,341","294,043,344",25.00,25.00,24.65,24.70,-0.15,"3,820",2002
106/01/09,"10,175,549","250,850,308",24.60,25.00,24.55,24.55,-0.15,"4,145",2002
106/01/10,"8,124,411","199,532,377",24.55,24.70,24.50,24.55, 0.00,"3,138",2002
106/01/11,"22,456,464","561,663,240",24.90,25.20,24.90,25.05,+0.50,"7,344",2002
106/01/12,"23,508,819","591,859,275",25.05,25.35,25.00,25.10,+0.05,"7,750",2002
106/01/13,"14,070,055","352,797,625",25.10,25.20,24.95,25.15,+0.05,"5,742",2002
106/01/16,"9,006,777","224,256,594",25.10,25.10,24.80,24.90,-0.25,"3,915",2002
106/01/17,"18,237,607","455,482,317",24.90,25.20,24.80,24.90, 0.00,"4,065",2002
106/01/18,"20,743,749","521,589,375",24.95,25.30,24.90,25.10,+0.20,"6,404",2002
106/01/19,"16,550,442","414,760,900",25.05,25.20,24.80,25.10, 0.00,"4,856",2002
106/01/20,"11,339,284","284,162,400",25.00,25.10,24.95,25.10, 0.00,"4,008",2002
106/01/23,"17,919,982","452,097,021",25.20,25.30,25.15,25.25,+0.15,"4,991",2002
106/01/24,"17,578,989","444,703,956",25.25,25.40,25.20,25.30,+0.05,"5,445",2002
106/02/02,"42,284,052","1,079,234,406",25.60,25.75,25.35,25.40,+0.10,"13,040",2002
106/02/03,"27,846,221","710,829,095",25.50,25.70,25.35,25.55,+0.15,"8,998",2002
106/02/06,"18,645,460","476,262,093",25.55,25.65,25.40,25.55, 0.00,"8,361",2002
106/02/07,"11,476,253","292,530,746",25.50,25.55,25.45,25.50,-0.05,"4,605",2002
106/02/08,"31,290,019","786,657,874",25.50,25.50,25.05,25.05,-0.45,"11,768",2002
106/02/09,"14,655,804","369,522,762",25.05,25.30,25.05,25.25,+0.20,"6,262",2002
106/02/10,"26,707,468","679,040,979",25.30,25.60,25.25,25.60,+0.35,"8,205",2002
106/02/13,"14,517,060","371,138,251",25.60,25.65,25.45,25.60, 0.00,"5,536",2002
106/02/14,"26,600,287","682,607,003",25.60,25.70,25.55,25.70,+0.10,"8,497",2002
106/02/15,"67,946,122","1,773,494,593",25.70,26.30,25.70,26.30,+0.60,"20,882",2002
106/02/16,"31,317,121","815,187,811",26.30,26.40,25.80,25.90,-0.40,"9,589",2002
106/02/17,"14,092,244","364,362,573",25.90,26.00,25.80,25.90, 0.00,"6,520",2002
106/02/18,"6,332,664","163,853,840",25.90,25.95,25.80,25.90, 0.00,"2,331",2002
106/02/20,"16,260,849","423,165,257",25.90,26.15,25.90,25.95,+0.05,"5,701",2002
106/02/21,"17,762,283","463,369,808",26.10,26.20,26.00,26.10,+0.15,"7,658",2002
106/02/22,"16,305,736","425,343,886",26.15,26.20,26.05,26.10, 0.00,"5,893",2002
106/02/23,"13,161,341","342,757,966",26.15,26.15,25.95,26.10, 0.00,"4,537",2002
106/02/24,"16,450,118","425,234,396",26.00,26.00,25.80,25.80,-0.30,"5,546",2002
106/03/01,"17,059,188","440,884,135",26.00,26.00,25.70,25.70,-0.10,"6,351",2002
106/03/02,"14,742,182","379,606,239",25.85,26.00,25.55,25.85,+0.15,"5,364",2002
106/03/03,"14,401,889","368,303,010",25.60,25.75,25.50,25.55,-0.30,"6,142",2002
106/03/06,"13,104,180","335,108,727",25.50,25.75,25.45,25.70,+0.15,"4,910",2002
106/03/07,"8,926,627","230,128,006",25.70,25.90,25.60,25.90,+0.20,"3,966",2002
106/03/08,"12,928,185","331,959,727",25.80,25.85,25.55,25.65,-0.25,"5,013",2002
106/03/09,"23,601,128","600,147,269",25.65,25.65,25.35,25.35,-0.30,"9,151",2002
106/03/10,"18,327,867","462,366,495",25.30,25.40,25.05,25.35, 0.00,"7,778",2002
106/03/13,"9,329,711","237,390,533",25.50,25.60,25.35,25.45,+0.10,"6,671",2002
106/03/14,"14,853,686","379,649,931",25.50,25.70,25.50,25.50,+0.05,"6,999",2002
106/03/15,"10,271,183","262,774,476",25.55,25.65,25.50,25.60,+0.10,"5,538",2002
106/03/16,"11,735,910","302,035,747",25.60,25.80,25.60,25.75,+0.15,"5,729",2002
106/03/17,"29,246,269","754,688,336",25.80,25.90,25.70,25.85,+0.10,"5,844",2002
106/03/20,"7,229,562","186,411,936",25.85,25.90,25.65,25.85, 0.00,"3,580",2002
106/03/21,"14,269,104","368,372,527",25.80,25.90,25.75,25.90,+0.05,"5,962",2002
106/03/22,"11,475,745","295,485,233",25.80,25.85,25.65,25.75,-0.15,"4,525",2002
106/03/23,"9,221,752","236,801,987",25.80,25.85,25.60,25.70,-0.05,"4,935",2002
106/03/24,"13,303,385","339,383,992",25.65,25.70,25.45,25.50,-0.20,"7,007",2002
106/03/27,"10,952,011","279,935,227",25.50,25.60,25.45,25.55,+0.05,"4,892",2002
106/03/28,"25,639,522","651,222,939",25.60,25.65,25.10,25.50,-0.05,"9,215",2002
106/03/29,"15,160,946","385,283,165",25.40,25.50,25.35,25.45,-0.05,"6,538",2002
106/03/30,"13,263,794","336,592,289",25.40,25.50,25.30,25.50,+0.05,"6,695",2002
106/03/31,"11,992,722","304,307,696",25.50,25.55,25.30,25.30,-0.20,"4,964",2002
106/04/05,"30,590,339","786,574,915",25.30,25.95,25.25,25.95,+0.65,"10,895",2002
106/04/06,"16,994,860","436,632,388",25.90,25.90,25.55,25.70,-0.25,"6,150",2002
106/04/07,"16,491,153","419,296,742",25.50,25.60,25.35,25.40,-0.30,"6,718",2002
106/04/10,"13,019,495","333,200,058",25.45,25.75,25.40,25.75,+0.35,"5,934",2002
106/04/11,"12,786,959","328,277,823",25.75,25.85,25.50,25.70,-0.05,"5,821",2002
106/04/12,"18,548,568","477,345,717",25.75,25.80,25.70,25.70, 0.00,"11,347",2002
106/04/13,"21,290,130","541,482,354",25.70,25.70,25.25,25.25,-0.45,"10,505",2002
106/04/14,"15,155,684","380,882,087",25.20,25.25,25.05,25.10,-0.15,"7,359",2002
106/04/17,"12,242,365","306,137,975",25.10,25.15,24.90,25.00,-0.10,"6,995",2002
106/04/18,"10,290,034","257,588,413",25.00,25.10,25.00,25.00, 0.00,"5,945",2002
106/04/19,"42,473,827","1,037,596,125",25.00,25.00,24.20,24.20,-0.80,"24,052",2002
106/04/20,"30,470,928","730,310,972",24.20,24.20,23.80,23.85,-0.35,"13,136",2002
106/04/21,"11,781,843","284,987,773",24.05,24.30,24.05,24.30,+0.45,"6,064",2002
106/04/24,"7,826,114","190,140,906",24.35,24.45,24.20,24.30, 0.00,"3,311",2002
106/04/25,"15,524,492","381,735,837",24.40,24.80,24.40,24.80,+0.50,"7,573",2002
106/04/26,"18,350,656","454,204,999",24.90,24.90,24.50,24.90,+0.10,"7,214",2002
106/04/27,"14,673,183","360,541,270",24.80,24.85,24.50,24.55,-0.35,"6,156",2002
106/04/28,"18,238,597","443,725,201",24.55,24.60,24.20,24.20,-0.35,"7,187",2002
106/05/02,"20,345,357","495,161,953",24.45,24.50,24.25,24.25,+0.05,"11,235",2002
106/05/03,"7,962,534","194,797,010",24.45,24.50,24.40,24.50,+0.25,"3,436",2002
106/05/04,"12,717,895","308,410,032",24.50,24.50,24.15,24.30,-0.20,"5,110",2002
106/05/05,"10,569,600","254,938,872",24.40,24.40,24.00,24.05,-0.25,"5,354",2002
106/05/08,"15,192,647","363,928,276",24.05,24.10,23.85,23.90,-0.15,"7,061",2002
106/05/09,"15,449,070","367,591,678",23.90,24.00,23.65,23.90, 0.00,"7,670",2002
106/05/10,"16,586,551","394,962,212",23.90,23.95,23.70,23.90, 0.00,"5,996",2002
106/05/11,"11,994,276","286,561,491",24.00,24.00,23.80,23.80,-0.10,"4,061",2002
106/05/12,"10,038,705","239,540,716",23.90,23.90,23.80,23.90,+0.10,"4,518",2002
106/05/15,"8,817,838","212,264,031",23.95,24.15,23.95,24.15,+0.25,"3,627",2002
106/05/16,"32,933,836","807,891,835",24.60,24.65,24.40,24.65,+0.50,"11,917",2002
106/05/17,"21,660,009","532,274,243",24.65,24.75,24.40,24.75,+0.10,"6,732",2002
106/05/18,"11,975,111","293,869,702",24.45,24.65,24.40,24.60,-0.15,"4,062",2002
106/05/19,"11,462,279","281,783,124",24.40,24.70,24.40,24.60, 0.00,"3,686",2002
106/05/22,"10,555,329","257,892,928",24.60,24.60,24.35,24.35,-0.25,"4,786",2002
106/05/23,"14,047,446","342,644,265",24.25,24.50,24.25,24.50,+0.15,"5,028",2002
106/05/24,"12,657,620","310,346,443",24.50,24.60,24.40,24.45,-0.05,"4,831",2002
106/05/25,"10,823,716","265,610,512",24.45,24.60,24.45,24.60,+0.15,"3,779",2002
106/05/26,"16,943,867","417,906,816",24.60,24.70,24.55,24.70,+0.10,"4,827",2002
106/05/31,"56,868,344","1,404,475,423",24.50,24.75,24.45,24.75,+0.05,"5,552",2002
106/06/01,"11,834,377","289,764,958",24.75,24.75,24.35,24.40,-0.35,"4,683",2002
106/06/02,"10,809,761","263,819,200",24.40,24.50,24.30,24.50,+0.10,"4,552",2002
106/06/03,"2,618,382","64,106,388",24.55,24.55,24.40,24.50, 0.00,"1,318",2002
106/06/05,"8,417,623","205,658,436",24.45,24.50,24.35,24.50, 0.00,"4,096",2002
106/06/06,"10,182,462","248,655,390",24.45,24.50,24.40,24.50, 0.00,"3,092",2002
106/06/07,"12,133,251","296,561,607",24.35,24.60,24.35,24.45,-0.05,"3,679",2002
106/06/08,"8,727,485","213,107,872",24.50,24.55,24.35,24.35,-0.10,"3,084",2002
106/06/09,"11,894,705","290,158,762",24.40,24.50,24.35,24.35, 0.00,"4,526",2002
106/06/12,"13,650,131","332,007,801",24.35,24.50,24.20,24.20,-0.15,"4,484",2002
106/06/13,"4,470,161","108,830,499",24.40,24.40,24.30,24.35,+0.15,"1,909",2002
106/06/14,"11,089,041","269,969,723",24.35,24.45,24.20,24.45,+0.10,"3,468",2002
106/06/15,"6,601,811","160,236,264",24.40,24.40,24.20,24.25,-0.20,"2,447",2002
106/06/16,"17,706,126","427,894,827",24.20,24.35,24.10,24.10,-0.15,"4,093",2002
106/06/19,"10,178,434","245,634,107",24.15,24.20,24.10,24.20,+0.10,"3,821",2002
106/06/20,"10,212,939","246,521,535",24.30,24.35,24.10,24.10,-0.10,"3,341",2002
106/06/21,"23,912,618","582,872,267",24.10,24.55,24.10,24.50,+0.40,"6,591",2002
106/06/22,"9,311,554","228,221,605",24.50,24.65,24.40,24.50, 0.00,"3,121",2002
106/06/23,"9,323,822","227,965,053",24.50,24.50,24.35,24.50, 0.00,"3,690",2002
106/06/26,"18,209,927","449,317,407",24.50,24.75,24.45,24.75,+0.25,"6,196",2002
106/06/27,"12,075,054","298,312,555",24.75,24.75,24.55,24.75, 0.00,"4,433",2002
106/06/28,"12,886,769","320,212,817",24.70,24.95,24.65,24.95,+0.20,"5,495",2002
106/06/29,"14,701,973","365,952,266",25.00,25.00,24.80,24.95, 0.00,"4,433",2002
106/06/30,"21,969,400","547,513,879",25.00,25.20,24.75,24.75,-0.20,"5,742",2002
106/07/03,"24,554,971","617,224,400",24.85,25.40,24.85,25.40,+0.65,"8,562",2002
106/07/04,"32,169,647","821,627,476",25.40,25.70,25.30,25.50,+0.10,"11,319",2002
106/07/05,"24,157,315","619,120,853",25.65,25.70,25.45,25.70,+0.20,"7,527",2002
106/07/06,"26,488,817","682,934,812",25.75,25.90,25.50,25.85,+0.15,"7,761",2002
106/07/07,"9,179,454","234,765,249",25.80,25.80,25.50,25.55,-0.30,"3,470",2002
106/07/10,"12,479,305","316,815,300",25.50,25.55,25.20,25.30,-0.25,"5,119",2002
106/07/11,"12,625,362","321,510,212",25.35,25.60,25.35,25.55,+0.25,"4,446",2002
106/07/12,"16,226,281","415,386,584",25.55,25.80,25.50,25.55, 0.00,"5,860",2002
106/07/13,"20,154,791","516,622,398",25.60,25.70,25.50,25.55, 0.00,"5,182",2002
106/07/14,"12,210,971","313,006,237",25.65,25.70,25.60,25.60,+0.05,"4,398",2002
106/07/17,"14,312,158","368,260,227",25.70,25.80,25.65,25.80,+0.20,"4,872",2002
106/07/18,"13,954,462","360,584,463",25.80,25.90,25.70,25.85,+0.05,"4,545",2002
106/07/19,"11,505,141","296,710,105",25.80,25.95,25.60,25.70,-0.15,"4,456",2002
106/07/20,"12,024,682","309,500,148",25.70,25.80,25.65,25.80,+0.10,"3,794",2002
106/07/21,"13,125,122","334,282,253",25.40,25.75,25.40,25.40,-0.40,"5,225",2002
106/07/24,"16,768,095","424,610,509",25.40,25.50,25.15,25.50,+0.10,"6,314",2002
106/07/25,"22,780,787","578,599,038",25.45,25.50,25.30,25.40,-0.10,"6,782",2002
106/07/26,"24,306,824","599,814,683",24.65,24.90,24.60,24.60,X0.00,"7,391",2002
106/07/27,"12,929,686","320,174,440",24.65,24.85,24.65,24.85,+0.25,"4,866",2002
106/07/28,"11,802,212","291,107,525",24.85,24.85,24.60,24.60,-0.25,"4,135",2002
106/07/31,"21,449,208","528,272,081",24.60,24.80,24.35,24.80,+0.20,"4,365",2002
106/08/01,"25,059,812","626,990,350",24.85,25.15,24.80,25.15,+0.35,"8,454",2002
106/08/02,"22,086,733","557,821,260",25.15,25.35,25.15,25.35,+0.20,"8,969",2002
106/08/03,"16,330,043","412,596,465",25.00,25.40,25.00,25.40,+0.05,"5,601",2002
106/08/04,"17,765,286","451,656,700",25.35,25.50,25.30,25.50,+0.10,"6,254",2002
106/08/07,"10,372,357","263,807,408",25.50,25.50,25.40,25.40,-0.10,"3,867",2002
106/08/08,"16,659,394","423,028,747",25.40,25.50,25.30,25.30,-0.10,"4,671",2002
106/08/09,"12,503,353","316,476,581",25.30,25.45,25.15,25.25,-0.05,"4,233",2002
106/08/10,"13,053,474","325,065,128",25.20,25.20,24.80,24.85,-0.40,"5,395",2002
106/08/11,"15,271,065","378,846,496",24.70,24.95,24.65,24.85, 0.00,"4,836",2002
106/08/14,"12,112,348","301,626,316",24.85,25.05,24.75,24.80,-0.05,"4,034",2002
106/08/15,"13,737,394","341,433,543",24.80,25.00,24.80,24.85,+0.05,"4,566",2002
106/08/16,"19,573,762","484,086,906",24.70,24.85,24.60,24.65,-0.20,"5,151",2002
106/08/17,"8,721,433","215,917,371",24.65,24.85,24.65,24.70,+0.05,"2,802",2002
106/08/18,"9,390,302","232,285,261",24.65,24.85,24.60,24.70, 0.00,"3,119",2002
106/08/21,"8,942,120","220,564,114",24.65,24.75,24.60,24.65,-0.05,"2,813",2002
106/08/22,"33,000,760","834,345,917",25.00,25.50,25.00,25.40,+0.75,"9,314",2002
106/08/23,"16,335,608","414,153,720",25.50,25.50,25.20,25.30,-0.10,"5,632",2002
106/08/24,"15,487,048","393,245,988",25.30,25.50,25.30,25.40,+0.10,"4,444",2002
106/08/25,"16,653,971","423,612,708",25.45,25.50,25.40,25.45,+0.05,"4,323",2002
106/08/28,"13,885,933","351,504,634",25.40,25.40,25.15,25.40,-0.05,"4,008",2002
106/08/29,"7,948,164","200,797,906",25.35,25.35,25.20,25.30,-0.10,"3,176",2002
106/08/30,"12,105,575","306,544,715",25.30,25.40,25.25,25.40,+0.10,"4,380",2002
106/08/31,"15,197,827","383,706,647",25.40,25.40,25.15,25.30,-0.10,"4,315",2002
106/09/01,"13,662,138","343,988,883",25.15,25.25,25.10,25.15,-0.15,"4,757",2002
106/09/04,"8,328,226","209,773,338",25.15,25.25,25.15,25.20,+0.05,"2,847",2002
106/09/05,"16,371,288","412,393,750",25.15,25.30,25.15,25.30,+0.10,"3,521",2002
106/09/06,"17,886,645","449,675,394",25.25,25.25,25.05,25.05,-0.25,"4,240",2002
106/09/07,"12,149,042","304,733,884",25.10,25.20,25.00,25.15,+0.10,"3,759",2002
106/09/08,"9,560,864","240,218,209",25.10,25.20,25.00,25.20,+0.05,"2,984",2002
106/09/11,"9,330,718","235,527,156",25.20,25.30,25.10,25.30,+0.10,"3,206",2002
106/09/12,"8,352,698","210,634,155",25.30,25.30,25.10,25.30, 0.00,"2,605",2002
106/09/13,"5,789,392","145,415,057",25.30,25.30,25.05,25.05,-0.25,"2,570",2002
106/09/14,"6,999,423","175,225,075",25.00,25.10,25.00,25.00,-0.05,"2,848",2002
106/09/15,"33,538,848","831,275,980",24.95,24.95,24.75,24.75,-0.25,"6,834",2002
106/09/18,"11,174,742","278,790,450",24.75,25.10,24.75,25.05,+0.30,"4,568",2002
106/09/19,"8,789,063","218,640,649",25.00,25.00,24.85,24.85,-0.20,"3,964",2002
106/09/20,"26,784,640","659,038,129",24.85,24.85,24.50,24.55,-0.30,"9,248",2002
106/09/21,"12,273,612","301,401,526",24.50,24.75,24.35,24.60,+0.05,"4,348",2002
106/09/22,"20,481,801","498,495,609",24.40,24.45,24.25,24.40,-0.20,"6,567",2002
106/09/25,"12,902,922","313,053,485",24.40,24.45,24.20,24.25,-0.15,"5,672",2002
106/09/26,"10,076,307","244,244,628",24.20,24.35,24.15,24.25, 0.00,"3,495",2002
106/09/27,"9,034,893","219,363,877",24.25,24.35,24.20,24.25, 0.00,"2,942",2002
106/09/28,"12,385,903","301,096,449",24.25,24.45,24.20,24.35,+0.10,"4,017",2002
106/09/29,"11,253,180","274,193,234",24.35,24.45,24.30,24.35, 0.00,"3,077",2002
106/09/30,"1,510,358","36,864,753",24.40,24.45,24.35,24.45,+0.10,910,2002
106/10/02,"5,432,410","133,030,580",24.45,24.55,24.40,24.50,+0.05,"2,252",2002
106/10/03,"8,301,039","202,815,387",24.50,24.55,24.35,24.45,-0.05,"2,389",2002
106/10/05,"7,638,161","187,655,286",24.35,24.65,24.35,24.65,+0.20,"2,698",2002
106/10/06,"6,051,573","148,550,341",24.60,24.65,24.50,24.60,-0.05,"2,221",2002
106/10/11,"17,936,423","437,804,114",24.35,24.55,24.30,24.45,-0.15,"5,514",2002
106/10/12,"10,610,951","259,858,576",24.35,24.70,24.30,24.70,+0.25,"3,248",2002
106/10/13,"7,401,000","182,195,510",24.70,24.70,24.50,24.70, 0.00,"2,409",2002
106/10/16,"11,924,432","295,188,014",24.70,24.85,24.60,24.85,+0.15,"3,945",2002
106/10/17,"7,979,427","197,836,346",24.85,24.85,24.75,24.80,-0.05,"2,880",2002
106/10/18,"7,787,854","192,771,341",24.80,24.85,24.65,24.85,+0.05,"3,141",2002
106/10/19,"6,594,589","163,440,907",24.85,24.85,24.70,24.85, 0.00,"3,132",2002
106/10/20,"6,450,347","159,587,493",24.80,24.80,24.60,24.75,-0.10,"2,109",2002
106/10/23,"4,997,942","123,824,661",24.75,24.80,24.75,24.80,+0.05,"1,946",2002
106/10/24,"6,176,139","152,690,228",24.75,24.75,24.65,24.75,-0.05,"1,914",2002
106/10/25,"8,882,903","219,699,740",24.70,24.80,24.65,24.75, 0.00,"3,229",2002
106/10/26,"5,619,283","138,864,415",24.75,24.80,24.65,24.70,-0.05,"2,217",2002
106/10/27,"7,874,936","194,234,548",24.70,24.75,24.60,24.65,-0.05,"2,387",2002
106/10/30,"9,327,798","230,190,000",24.65,24.80,24.60,24.65, 0.00,"2,435",2002
106/10/31,"10,377,671","255,521,167",24.70,24.75,24.55,24.55,-0.10,"3,185",2002
106/11/01,"9,568,188","235,014,831",24.70,24.70,24.50,24.50,-0.05,"3,978",2002
106/11/02,"9,968,888","245,958,934",24.55,24.75,24.50,24.60,+0.10,"4,498",2002
106/11/03,"4,897,131","120,674,595",24.60,24.70,24.55,24.70,+0.10,"1,999",2002
106/11/06,"5,576,710","137,393,578",24.60,24.70,24.55,24.70, 0.00,"2,047",2002
106/11/07,"4,640,150","114,431,418",24.60,24.70,24.55,24.70, 0.00,"2,121",2002
106/11/08,"6,802,558","167,342,378",24.60,24.70,24.55,24.55,-0.15,"2,645",2002
106/11/09,"7,292,043","179,644,229",24.55,24.70,24.55,24.70,+0.15,"3,213",2002
106/11/10,"6,206,822","152,713,326",24.65,24.70,24.50,24.60,-0.10,"1,966",2002
106/11/13,"7,605,332","187,318,171",24.60,24.70,24.50,24.65,+0.05,"2,854",2002
106/11/14,"8,301,413","204,625,078",24.65,24.70,24.60,24.60,-0.05,"3,001",2002
106/11/15,"18,850,264","462,181,357",24.55,24.60,24.40,24.40,-0.20,"4,222",2002
106/11/16,"12,972,395","315,814,786",24.30,24.40,24.25,24.30,-0.10,"4,705",2002
106/11/17,"8,288,127","202,382,783",24.40,24.50,24.35,24.40,+0.10,"2,858",2002
106/11/20,"9,599,041","233,785,037",24.30,24.40,24.30,24.35,-0.05,"3,195",2002
106/11/21,"10,811,315","263,396,181",24.30,24.45,24.30,24.30,-0.05,"3,591",2002
106/11/22,"14,836,774","363,870,727",24.45,24.60,24.35,24.60,+0.30,"5,066",2002
106/11/23,"5,920,665","145,579,849",24.60,24.65,24.50,24.65,+0.05,"2,779",2002
106/11/24,"6,640,760","162,581,305",24.60,24.65,24.40,24.40,-0.25,"2,284",2002
106/11/27,"6,258,861","153,021,493",24.40,24.50,24.40,24.40, 0.00,"2,618",2002
106/11/28,"6,953,419","169,442,405",24.40,24.45,24.30,24.35,-0.05,"2,444",2002
106/11/29,"12,042,881","293,564,360",24.35,24.50,24.30,24.45,+0.10,"5,123",2002
106/11/30,"25,843,785","632,037,298",24.45,24.50,24.30,24.50,+0.05,"4,472",2002
106/12/01,"10,946,837","267,686,247",24.45,24.55,24.35,24.45,-0.05,"3,547",2002
106/12/04,"12,438,720","305,779,545",24.40,24.70,24.35,24.70,+0.25,"4,611",2002
106/12/05,"11,434,412","281,806,147",24.50,24.70,24.50,24.65,-0.05,"4,187",2002
106/12/06,"16,415,194","401,304,839",24.60,24.60,24.30,24.50,-0.15,"6,813",2002
106/12/07,"11,239,578","275,097,311",24.45,24.55,24.40,24.45,-0.05,"3,461",2002
106/12/08,"9,881,089","241,000,135",24.35,24.45,24.35,24.40,-0.05,"2,688",2002
106/12/11,"9,895,328","240,976,467",24.30,24.40,24.30,24.35,-0.05,"3,003",2002
106/12/12,"13,300,069","323,008,085",24.30,24.35,24.25,24.30,-0.05,"4,320",2002
106/12/13,"14,151,140","343,226,478",24.25,24.30,24.15,24.30, 0.00,"4,530",2002
106/12/14,"16,095,427","390,770,579",24.25,24.35,24.25,24.25,-0.05,"4,353",2002
106/12/15,"24,160,518","585,748,477",24.25,24.30,24.20,24.25, 0.00,"3,974",2002
106/12/18,"7,698,239","186,808,700",24.30,24.30,24.20,24.25, 0.00,"2,963",2002
106/12/19,"14,685,920","355,311,801",24.30,24.35,24.15,24.15,-0.10,"4,036",2002
106/12/20,"10,260,308","248,323,550",24.15,24.30,24.15,24.20,+0.05,"3,833",2002
106/12/21,"8,032,489","195,236,175",24.20,24.35,24.20,24.25,+0.05,"3,911",2002
106/12/22,"10,261,101","250,177,753",24.30,24.45,24.25,24.45,+0.20,"2,439",2002
106/12/25,"3,904,333","95,107,698",24.30,24.40,24.30,24.35,-0.10,"1,370",2002
106/12/26,"8,770,995","214,115,519",24.40,24.50,24.35,24.40,+0.05,"2,465",2002
106/12/27,"20,326,314","498,060,241",24.35,24.60,24.35,24.55,+0.15,"4,049",2002
106/12/28,"16,072,922","396,049,704",24.60,24.70,24.55,24.70,+0.15,"3,690",2002
106/12/29,"11,108,750","274,524,862",24.70,24.75,24.60,24.75,+0.05,"3,135",2002
107/01/02,"8,305,886","204,950,796",24.75,24.75,24.65,24.70,-0.05,"3,958",2002
107/01/03,"25,990,159","645,461,850",24.70,24.90,24.65,24.90,+0.20,"8,507",2002
107/01/04,"26,619,434","663,203,341",24.90,25.00,24.80,24.80,-0.10,"9,306",2002
107/01/05,"24,308,761","606,066,713",24.80,25.00,24.80,24.95,+0.15,"7,601",2002
107/01/08,"35,395,360","892,588,989",25.00,25.40,25.00,25.25,+0.30,"11,066",2002
107/01/09,"23,166,626","583,325,465",25.25,25.25,25.05,25.25, 0.00,"5,251",2002
107/01/10,"25,070,638","634,393,091",25.05,25.40,25.05,25.30,+0.05,"10,218",2002
107/01/11,"16,562,682","418,926,528",25.30,25.35,25.20,25.30, 0.00,"6,152",2002
107/01/12,"22,910,587","581,111,367",25.30,25.40,25.30,25.35,+0.05,"5,422",2002
107/01/15,"14,756,678","370,917,500",25.30,25.40,25.00,25.10,-0.25,"3,963",2002
107/01/16,"10,552,218","265,156,090",25.10,25.20,25.05,25.20,+0.10,"3,542",2002
107/01/17,"15,670,908","394,874,024",25.20,25.25,25.10,25.15,-0.05,"4,027",2002
107/01/18,"17,324,125","436,268,075",25.15,25.30,25.05,25.15, 0.00,"4,613",2002
107/01/19,"10,683,523","267,763,925",25.05,25.10,25.00,25.10,-0.05,"4,681",2002
107/01/22,"16,438,336","411,723,400",25.10,25.10,24.90,25.05,-0.05,"6,204",2002
107/01/23,"8,916,992","222,618,130",25.05,25.10,24.90,25.00,-0.05,"3,906",2002
107/01/24,"12,781,259","317,821,351",24.95,25.00,24.75,25.00, 0.00,"4,561",2002
107/01/25,"18,229,257","456,121,875",25.00,25.20,24.85,25.10,+0.10,"7,450",2002
107/01/26,"14,516,386","362,500,120",25.10,25.15,24.85,25.10, 0.00,"6,104",2002
107/01/29,"13,857,634","347,105,150",25.10,25.15,24.90,25.15,+0.05,"3,994",2002
107/01/30,"15,492,518","388,898,194",25.10,25.25,24.90,24.90,-0.25,"4,167",2002
107/01/31,"14,948,030","372,305,253",24.90,25.10,24.80,24.90, 0.00,"4,269",2002
107/02/01,"9,567,757","238,364,688",24.90,25.10,24.85,24.85,-0.05,"2,468",2002
107/02/02,"9,433,343","234,237,819",24.80,24.95,24.80,24.80,-0.05,"3,849",2002
107/02/05,"19,986,224","490,818,388",24.70,24.75,24.45,24.50,-0.30,"6,901",2002
107/02/06,"43,282,064","1,026,615,800",24.00,24.10,23.50,23.60,-0.90,"17,110",2002
107/02/07,"29,762,627","708,912,347",23.95,24.00,23.60,23.60, 0.00,"10,366",2002
107/02/08,"23,354,645","554,299,630",23.85,23.95,23.60,23.75,+0.15,"5,357",2002
107/02/09,"26,464,398","624,753,590",23.50,23.75,23.35,23.75, 0.00,"7,457",2002
107/02/12,"18,390,119","436,180,841",23.70,23.80,23.65,23.65,-0.10,"5,960",2002
107/02/21,"29,489,016","712,375,636",24.00,24.50,23.80,24.50,+0.85,"9,154",2002
107/02/22,"23,506,854","568,220,921",24.30,24.30,24.00,24.30,-0.20,"6,460",2002
107/02/23,"24,951,170","609,016,332",24.30,24.55,24.25,24.50,+0.20,"8,288",2002
107/02/26,"13,138,559","319,667,512",24.50,24.60,24.20,24.20,-0.30,"5,985",2002
107/02/27,"20,438,627","494,003,763",24.45,24.50,24.10,24.10,-0.10,"6,234",2002
107/03/01,"25,194,618","611,588,435",24.05,24.50,24.00,24.40,+0.30,"7,658",2002
107/03/02,"24,193,500","580,446,397",24.05,24.15,23.90,23.95,-0.45,"9,487",2002
107/03/05,"31,262,182","738,014,876",23.90,23.90,23.50,23.60,-0.35,"12,351",2002
107/03/06,"10,217,906","242,015,708",23.80,23.85,23.60,23.70,+0.10,"5,718",2002
107/03/07,"21,375,900","503,691,015",23.70,23.75,23.50,23.50,-0.20,"8,700",2002
107/03/08,"17,846,863","419,538,412",23.55,23.70,23.45,23.50, 0.00,"8,475",2002
107/03/09,"14,120,354","332,419,904",23.50,23.65,23.50,23.60,+0.10,"6,723",2002
107/03/12,"14,223,731","337,091,732",23.75,23.80,23.60,23.70,+0.10,"5,706",2002
107/03/13,"24,457,365","580,718,533",23.85,23.90,23.65,23.85,+0.15,"7,132",2002
107/03/14,"10,458,025","249,233,986",23.90,23.90,23.75,23.85, 0.00,"5,669",2002
107/03/15,"10,181,685","242,380,583",23.85,23.90,23.75,23.75,-0.10,"4,549",2002
107/03/16,"34,241,985","812,284,499",23.80,23.90,23.70,23.70,-0.05,"6,282",2002
107/03/19,"7,397,994","175,959,455",23.70,23.90,23.70,23.90,+0.20,"4,345",2002
107/03/20,"11,190,178","266,161,024",23.80,23.85,23.70,23.75,-0.15,"4,842",2002
107/03/21,"9,817,148","233,527,980",23.80,23.85,23.75,23.75, 0.00,"3,561",2002
107/03/22,"10,936,647","260,491,609",23.80,23.90,23.75,23.85,+0.10,"5,110",2002
107/03/23,"21,586,642","507,403,880",23.65,23.65,23.45,23.50,-0.35,"9,177",2002
107/03/26,"13,701,322","319,955,569",23.40,23.45,23.30,23.45,-0.05,"5,797",2002
107/03/27,"10,481,252","246,699,248",23.50,23.60,23.50,23.55,+0.10,"4,016",2002
107/03/28,"7,084,591","165,972,785",23.55,23.55,23.40,23.40,-0.15,"3,957",2002
107/03/29,"19,957,874","464,043,351",23.40,23.45,23.20,23.20,-0.20,"9,226",2002
107/03/30,"11,548,942","270,934,173",23.35,23.55,23.30,23.50,+0.30,"5,054",2002
107/03/31,"6,288,021","147,785,154",23.55,23.60,23.45,23.45,-0.05,"3,613",2002
107/04/02,"8,901,255","209,334,730",23.50,23.65,23.45,23.50,+0.05,"3,666",2002
107/04/03,"14,009,186","327,784,092",23.45,23.55,23.35,23.35,-0.15,"5,006",2002
107/04/09,"19,119,678","451,400,393",23.60,23.80,23.45,23.80,+0.45,"7,267",2002
107/04/10,"18,088,318","427,616,135",23.60,23.75,23.55,23.75,-0.05,"5,385",2002
107/04/11,"13,740,006","324,990,717",23.75,23.80,23.55,23.60,-0.15,"5,184",2002
107/04/12,"12,251,582","288,138,527",23.60,23.60,23.40,23.60, 0.00,"5,321",2002
107/04/13,"7,976,091","187,428,422",23.60,23.60,23.45,23.45,-0.15,"3,833",2002
107/04/16,"5,931,955","139,206,435",23.50,23.60,23.40,23.45, 0.00,"3,038",2002
107/04/17,"12,561,259","293,033,909",23.45,23.50,23.25,23.30,-0.15,"5,572",2002
107/04/18,"8,963,785","209,368,582",23.30,23.45,23.30,23.40,+0.10,"4,083",2002
107/04/19,"13,469,784","318,277,939",23.40,23.70,23.40,23.70,+0.30,"5,321",2002
107/04/20,"11,241,679","265,807,011",23.70,23.75,23.55,23.65,-0.05,"4,452",2002
107/04/23,"10,969,108","257,461,341",23.50,23.60,23.35,23.60,-0.05,"4,293",2002
107/04/24,"12,010,257","280,834,051",23.50,23.60,23.30,23.30,-0.30,"3,897",2002
107/04/25,"13,132,137","306,226,203",23.30,23.40,23.25,23.40,+0.10,"3,737",2002
107/04/26,"11,424,341","266,369,892",23.40,23.45,23.25,23.35,-0.05,"4,193",2002
107/04/27,"11,673,573","272,302,339",23.35,23.45,23.25,23.40,+0.05,"4,947",2002
107/04/30,"13,608,637","318,429,731",23.40,23.50,23.30,23.50,+0.10,"4,238",2002
107/05/02,"17,805,055","422,811,041",23.60,24.00,23.60,23.65,+0.15,"6,864",2002
107/05/03,"14,031,200","327,360,372",23.50,23.55,23.25,23.25,-0.40,"6,137",2002
107/05/04,"10,702,921","248,951,271",23.25,23.35,23.20,23.25, 0.00,"3,822",2002
107/05/07,"7,354,779","171,086,103",23.30,23.35,23.20,23.25, 0.00,"3,164",2002
107/05/08,"7,965,063","186,050,955",23.25,23.40,23.20,23.40,+0.15,"2,336",2002
107/05/09,"7,171,480","167,642,707",23.40,23.50,23.25,23.45,+0.05,"3,340",2002
107/05/10,"9,925,427","232,763,528",23.45,23.50,23.35,23.45, 0.00,"3,223",2002
107/05/11,"7,657,983","179,987,340",23.50,23.55,23.40,23.55,+0.10,"3,303",2002
107/05/14,"8,153,353","192,113,260",23.55,23.60,23.50,23.50,-0.05,"3,597",2002
107/05/15,"8,962,211","209,725,399",23.40,23.50,23.30,23.35,-0.15,"3,035",2002
107/05/16,"7,551,768","177,119,634",23.40,23.55,23.35,23.50,+0.15,"2,697",2002
107/05/17,"7,803,711","182,604,513",23.50,23.55,23.35,23.35,-0.15,"3,139",2002
107/05/18,"4,987,428","116,606,159",23.35,23.45,23.35,23.40,+0.05,"2,387",2002
107/05/21,"7,056,113","165,384,478",23.40,23.55,23.40,23.40, 0.00,"2,852",2002
107/05/22,"8,956,787","209,253,004",23.40,23.45,23.30,23.30,-0.10,"3,170",2002
107/05/23,"12,801,148","298,503,242",23.45,23.45,23.20,23.20,-0.10,"4,876",2002
107/05/24,"8,348,394","194,381,158",23.30,23.35,23.25,23.25,+0.05,"2,832",2002
107/05/25,"7,215,569","168,252,071",23.25,23.35,23.25,23.35,+0.10,"3,781",2002
107/05/28,"9,633,771","225,484,068",23.40,23.45,23.35,23.40,+0.05,"3,930",2002
107/05/29,"9,473,067","221,464,497",23.40,23.40,23.35,23.40, 0.00,"4,223",2002
107/05/30,"21,958,794","510,243,507",23.30,23.35,23.20,23.20,-0.20,"9,335",2002
107/05/31,"44,707,664","1,051,914,958",23.25,23.60,23.20,23.60,+0.40,"6,811",2002
107/06/01,"23,059,659","545,923,972",23.60,23.80,23.50,23.75,+0.15,"8,208",2002
107/06/04,"37,769,494","907,117,520",23.75,24.20,23.75,24.20,+0.45,"14,167",2002
107/06/05,"24,558,357","595,265,068",24.20,24.35,24.15,24.30,+0.10,"10,092",2002
107/06/06,"14,775,395","357,931,116",24.25,24.30,24.15,24.25,-0.05,"5,438",2002
107/06/07,"19,842,751","482,937,927",24.40,24.40,24.20,24.40,+0.15,"6,814",2002
107/06/08,"12,039,235","292,035,955",24.20,24.40,24.15,24.40, 0.00,"3,874",2002
107/06/11,"10,361,945","250,086,654",24.30,24.40,24.00,24.10,-0.30,"3,485",2002
107/06/12,"13,903,846","335,070,857",24.00,24.20,23.95,24.15,+0.05,"4,693",2002
107/06/13,"10,150,093","244,249,583",24.05,24.10,24.00,24.05,-0.10,"3,449",2002
107/06/14,"18,303,968","434,815,059",23.90,23.95,23.60,23.70,-0.35,"7,930",2002
107/06/15,"29,040,578","687,390,414",23.70,23.80,23.60,23.65,-0.05,"4,923",2002
107/06/19,"20,906,293","490,429,886",23.40,23.60,23.40,23.40,-0.25,"6,510",2002
107/06/20,"14,479,866","343,464,696",23.65,23.95,23.50,23.80,+0.40,"5,989",2002
107/06/21,"9,539,034","225,476,081",23.80,23.90,23.60,23.65,-0.15,"3,713",2002
107/06/22,"10,793,088","255,280,884",23.60,23.75,23.60,23.70,+0.05,"3,469",2002
107/06/25,"13,692,936","321,330,950",23.50,23.60,23.40,23.40,-0.30,"5,721",2002
107/06/26,"7,312,593","171,201,393",23.40,23.50,23.40,23.40, 0.00,"3,175",2002
107/06/27,"17,121,899","398,758,955",23.40,23.45,23.25,23.25,-0.15,"6,881",2002
107/06/28,"12,796,523","297,756,822",23.25,23.40,23.20,23.25, 0.00,"4,379",2002
107/06/29,"13,539,177","318,317,484",23.25,23.70,23.20,23.70,+0.45,"4,424",2002
107/07/02,"12,285,605","287,481,840",23.45,23.55,23.25,23.25,-0.45,"3,879",2002
107/07/03,"11,930,043","277,961,317",23.25,23.45,23.25,23.25, 0.00,"4,528",2002
107/07/04,"7,707,905","180,597,541",23.30,23.55,23.25,23.50,+0.25,"3,454",2002
107/07/05,"5,933,398","139,028,714",23.55,23.55,23.35,23.45,-0.05,"2,095",2002
107/07/06,"10,886,784","254,985,689",23.35,23.50,23.30,23.50,+0.05,"2,869",2002
107/07/09,"7,378,866","173,837,352",23.55,23.60,23.40,23.60,+0.10,"2,677",2002
107/07/10,"5,197,321","122,814,787",23.70,23.70,23.55,23.65,+0.05,"1,993",2002
107/07/11,"5,866,511","138,680,861",23.55,23.70,23.55,23.70,+0.05,"2,138",2002
107/07/12,"11,185,103","265,975,937",23.70,23.85,23.60,23.80,+0.10,"4,150",2002
107/07/13,"7,224,897","172,240,018",23.80,23.90,23.75,23.90,+0.10,"3,325",2002
107/07/16,"7,201,280","172,325,056",23.90,24.00,23.90,23.90, 0.00,"2,967",2002
107/07/17,"9,687,586","232,050,515",23.90,24.00,23.85,24.00,+0.10,"3,723",2002
107/07/18,"13,896,958","333,853,042",24.00,24.10,23.95,24.10,+0.10,"5,118",2002
107/07/19,"11,789,572","285,116,642",24.05,24.25,24.05,24.20,+0.10,"4,637",2002
107/07/20,"12,417,275","300,473,179",24.20,24.30,24.10,24.25,+0.05,"4,103",2002
107/07/23,"12,507,144","302,803,597",24.20,24.25,24.15,24.25, 0.00,"4,253",2002
107/07/24,"41,991,055","1,035,972,955",24.25,24.85,24.25,24.75,+0.50,"13,116",2002
107/07/25,"39,510,253","980,519,746",24.75,24.90,24.75,24.80,+0.05,"9,347",2002
107/07/26,"55,162,198","1,348,915,653",24.05,24.70,24.00,24.65,X0.00,"17,240",2002
107/07/27,"25,141,908","619,964,415",24.60,24.80,24.55,24.65, 0.00,"10,875",2002
107/07/30,"23,978,059","593,171,190",24.65,24.80,24.60,24.80,+0.15,"8,670",2002
107/07/31,"21,879,727","545,169,884",24.85,25.00,24.80,25.00,+0.20,"7,819",2002
107/08/01,"16,482,590","410,565,332",25.00,25.00,24.80,24.95,-0.05,"6,155",2002
107/08/02,"17,222,136","426,258,265",24.85,24.90,24.60,24.65,-0.30,"6,104",2002
107/08/03,"8,975,936","221,908,240",24.65,24.80,24.65,24.75,+0.10,"3,435",2002
107/08/06,"12,024,140","298,866,560",24.70,24.95,24.70,24.90,+0.15,"3,783",2002
107/08/07,"12,581,274","312,917,725",24.80,24.90,24.70,24.90, 0.00,"5,139",2002
107/08/08,"15,337,278","382,141,340",24.90,24.95,24.85,24.95,+0.05,"5,647",2002
107/08/09,"10,924,475","271,699,321",24.90,24.90,24.80,24.85,-0.10,"6,289",2002
107/08/10,"10,277,498","252,502,524",24.70,24.70,24.50,24.55,-0.30,"3,871",2002
107/08/13,"13,353,784","326,458,039",24.55,24.60,24.35,24.35,-0.20,"4,241",2002
107/08/14,"27,905,603","694,768,002",24.40,25.00,24.40,24.95,+0.60,"10,531",2002
107/08/15,"41,398,044","1,033,042,970",24.95,25.05,24.75,24.75,-0.20,"12,361",2002
107/08/16,"20,453,170","509,530,485",24.75,25.00,24.65,24.90,+0.15,"7,724",2002
107/08/17,"12,267,851","304,561,123",24.90,24.95,24.65,24.65,-0.25,"4,999",2002
107/08/20,"15,543,277","387,071,877",24.75,24.95,24.70,24.95,+0.30,"4,726",2002
107/08/21,"22,176,712","554,147,536",24.95,25.00,24.85,25.00,+0.05,"8,197",2002
107/08/22,"36,361,063","920,755,435",25.00,25.45,25.00,25.30,+0.30,"13,215",2002
107/08/23,"20,885,487","531,597,102",25.30,25.50,25.30,25.50,+0.20,"8,607",2002
107/08/24,"11,297,483","286,522,523",25.45,25.50,25.25,25.25,-0.25,"4,467",2002
107/08/27,"10,654,507","268,299,969",25.25,25.30,25.05,25.30,+0.05,"4,155",2002
107/08/28,"17,629,128","448,244,689",25.35,25.50,25.25,25.50,+0.20,"6,719",2002
107/08/29,"16,640,912","422,155,379",25.40,25.45,25.30,25.45,-0.05,"7,481",2002
107/08/30,"13,708,354","347,006,727",25.45,25.45,25.20,25.25,-0.20,"3,942",2002
107/08/31,"20,196,926","507,134,205",25.25,25.25,25.00,25.15,-0.10,"5,023",2002
107/09/03,"16,251,056","403,094,711",25.05,25.10,24.65,24.85,-0.30,"6,525",2002
107/09/04,"8,621,009","214,910,274",24.85,25.00,24.80,24.95,+0.10,"3,054",2002
107/09/05,"15,745,894","388,951,112",24.80,24.85,24.65,24.65,-0.30,"5,626",2002
107/09/06,"15,158,817","376,423,365",24.60,25.00,24.55,24.80,+0.15,"6,467",2002
107/09/07,"14,663,730","362,322,390",24.65,24.85,24.55,24.70,-0.10,"3,705",2002
107/09/10,"12,671,470","311,678,326",24.75,24.80,24.45,24.60,-0.10,"3,979",2002
107/09/11,"18,550,418","454,259,084",24.60,24.75,24.30,24.55,-0.05,"4,777",2002
107/09/12,"16,518,189","401,805,002",24.45,24.50,24.30,24.30,-0.25,"6,317",2002
107/09/13,"17,778,841","434,378,795",24.30,24.60,24.30,24.45,+0.15,"4,120",2002
107/09/14,"9,957,814","244,022,286",24.50,24.60,24.45,24.45, 0.00,"4,849",2002
107/09/17,"9,317,764","228,278,240",24.45,24.60,24.35,24.50,+0.05,"3,954",2002
107/09/18,"21,118,190","526,337,116",24.60,25.05,24.55,25.00,+0.50,"7,763",2002
107/09/19,"14,769,599","368,913,375",25.00,25.10,24.75,25.10,+0.10,"6,131",2002
107/09/20,"13,061,920","326,940,052",25.10,25.15,24.90,25.00,-0.10,"5,362",2002
107/09/21,"24,692,359","622,051,326",25.05,25.25,25.05,25.25,+0.25,"8,377",2002
107/09/25,"19,996,086","507,062,674",25.20,25.45,25.15,25.35,+0.10,"6,313",2002
107/09/26,"20,205,771","514,442,308",25.45,25.55,25.35,25.45,+0.10,"7,736",2002
107/09/27,"18,751,535","476,471,920",25.40,25.50,25.30,25.45, 0.00,"4,998",2002
107/09/28,"30,265,887","770,439,052",25.40,25.50,25.15,25.50,+0.05,"8,756",2002
107/10/01,"18,362,123","468,596,122",25.50,25.55,25.45,25.50, 0.00,"6,038",2002
107/10/02,"17,393,413","438,783,554",25.50,25.50,25.05,25.20,-0.30,"5,030",2002
107/10/03,"18,056,066","459,120,261",25.20,25.50,25.15,25.45,+0.25,"6,072",2002
107/10/04,"14,457,266","365,236,442",25.25,25.40,25.05,25.40,-0.05,"4,843",2002
107/10/05,"20,297,998","508,520,882",25.30,25.30,24.80,25.10,-0.30,"7,336",2002
107/10/08,"14,358,056","362,741,167",25.10,25.35,25.05,25.25,+0.15,"5,793",2002
107/10/09,"27,206,894","692,297,484",25.30,25.50,25.15,25.35,+0.10,"8,973",2002
107/10/11,"62,054,869","1,513,774,465",25.00,25.15,23.80,24.20,-1.15,"20,042",2002
107/10/12,"27,918,321","677,308,390",24.20,24.50,24.05,24.50,+0.30,"12,270",2002
107/10/15,"22,322,907","538,662,872",24.20,24.25,24.00,24.05,-0.45,"6,888",2002
107/10/16,"22,801,090","553,344,384",24.10,24.45,24.05,24.45,+0.40,"8,896",2002
107/10/17,"12,249,140","297,227,687",24.45,24.50,24.10,24.15,-0.30,"6,297",2002
107/10/18,"11,432,212","277,444,913",24.15,24.45,24.15,24.25,+0.10,"3,759",2002
107/10/19,"14,498,046","352,403,350",24.10,24.45,24.05,24.30,+0.05,"3,229",2002
107/10/22,"9,006,865","217,565,917",24.10,24.30,24.05,24.15,-0.15,"3,240",2002
107/10/23,"13,450,266","323,874,634",24.05,24.20,24.00,24.15, 0.00,"4,448",2002
107/10/24,"30,007,259","712,341,018",24.05,24.10,23.45,23.70,-0.45,"9,171",2002
107/10/25,"18,464,295","437,587,636",23.50,24.00,23.40,23.75,+0.05,"6,589",2002
107/10/26,"14,399,845","340,780,641",23.80,23.95,23.50,23.65,-0.10,"5,599",2002
107/10/29,"8,609,511","203,811,309",23.80,23.80,23.60,23.75,+0.10,"2,770",2002
107/10/30,"19,202,873","462,601,549",23.95,24.20,23.85,24.15,+0.40,"4,941",2002
107/10/31,"22,377,336","540,039,610",24.05,24.40,23.90,24.40,+0.25,"5,653",2002
107/11/01,"13,453,068","324,290,183",23.95,24.20,23.95,24.05,-0.35,"4,322",2002
107/11/02,"18,402,527","441,430,528",24.25,24.25,23.80,24.15,+0.10,"5,553",2002
107/11/05,"15,574,619","375,298,242",24.10,24.35,23.90,24.35,+0.20,"4,443",2002
107/11/06,"14,115,871","342,211,197",24.35,24.35,24.10,24.35, 0.00,"3,393",2002
107/11/07,"18,095,163","442,588,550",24.25,24.55,24.20,24.50,+0.15,"5,433",2002
107/11/08,"15,065,712","370,958,112",24.60,24.70,24.50,24.70,+0.20,"6,647",2002
107/11/09,"8,164,304","198,698,227",24.60,24.60,24.20,24.25,-0.45,"2,775",2002
107/11/12,"10,803,892","261,830,456",24.20,24.40,24.10,24.25, 0.00,"3,258",2002
107/11/13,"15,386,042","371,024,765",24.00,24.25,23.95,24.25, 0.00,"4,348",2002
107/11/14,"18,068,207","434,636,286",24.20,24.30,23.95,24.10,-0.15,"5,664",2002
107/11/15,"31,499,045","755,466,514",24.25,24.25,23.90,24.10, 0.00,"5,135",2002
107/11/16,"36,719,582","889,358,340",24.30,24.45,24.20,24.45,+0.35,"5,027",2002
107/11/19,"12,914,897","316,645,344",24.50,24.60,24.45,24.50,+0.05,"6,247",2002
107/11/20,"6,594,876","160,632,889",24.50,24.50,24.25,24.25,-0.25,"2,553",2002
107/11/21,"12,025,598","289,527,413",24.15,24.15,24.00,24.05,-0.20,"4,547",2002
107/11/22,"7,705,316","185,194,920",24.10,24.15,24.00,24.05, 0.00,"2,987",2002
107/11/23,"12,090,312","289,345,238",24.00,24.05,23.85,23.85,-0.20,"4,045",2002
107/11/26,"20,462,308","490,138,592",23.95,24.35,23.75,23.95,+0.10,"6,231",2002
107/11/27,"25,186,079","596,706,023",23.90,23.95,23.60,23.65,-0.30,"9,310",2002
107/11/28,"22,746,447","538,359,918",23.70,23.85,23.55,23.85,+0.20,"7,492",2002
107/11/29,"15,079,290","360,790,577",24.00,24.00,23.85,23.85, 0.00,"4,747",2002
107/11/30,"31,166,882","748,850,768",24.00,24.20,23.90,24.00,+0.15,"6,595",2002
107/12/03,"9,671,321","234,081,989",24.15,24.25,24.10,24.25,+0.25,"3,463",2002
107/12/04,"24,752,924","600,624,809",24.20,24.45,24.00,24.45,+0.20,"6,786",2002
107/12/05,"11,110,979","269,073,469",24.30,24.30,24.10,24.25,-0.20,"3,730",2002
107/12/06,"15,681,890","377,045,360",24.40,24.40,23.95,23.95,-0.30,"5,277",2002
107/12/07,"11,118,480","266,461,120",23.95,24.10,23.90,23.90,-0.05,"4,327",2002
107/12/10,"7,155,297","170,446,493",23.80,23.95,23.75,23.80,-0.10,"3,149",2002
107/12/11,"9,316,489","222,522,496",23.80,23.95,23.80,23.95,+0.15,"2,875",2002
107/12/12,"18,941,292","457,841,867",24.05,24.35,23.85,24.35,+0.40,"5,325",2002
107/12/13,"20,098,468","489,099,247",24.50,24.50,24.15,24.30,-0.05,"6,228",2002
107/12/14,"10,741,659","258,525,352",24.10,24.15,23.95,24.15,-0.15,"3,265",2002
107/12/17,"7,416,761","178,562,128",24.25,24.25,24.00,24.05,-0.10,"2,912",2002
107/12/18,"10,525,848","253,071,523",24.05,24.15,24.00,24.05, 0.00,"2,754",2002
107/12/19,"15,343,978","371,279,039",24.10,24.30,24.00,24.30,+0.25,"4,788",2002
107/12/20,"9,161,214","221,952,221",24.05,24.30,24.05,24.30, 0.00,"3,152",2002
107/12/21,"15,669,523","379,417,059",24.10,24.30,24.10,24.20,-0.10,"2,605",2002
107/12/22,"2,545,506","61,384,683",24.20,24.20,24.05,24.05,-0.15,"1,062",2002
107/12/24,"5,685,335","136,799,688",24.05,24.15,24.00,24.15,+0.10,"2,611",2002
107/12/25,"15,192,573","361,204,730",23.75,23.95,23.70,23.80,-0.35,"4,989",2002
107/12/26,"4,566,131","108,804,143",23.80,23.95,23.75,23.80, 0.00,"2,101",2002
107/12/27,"13,389,463","320,577,382",23.85,24.05,23.85,23.95,+0.15,"4,108",2002
107/12/28,"13,433,481","323,459,681",23.95,24.25,23.85,24.25,+0.30,"4,129",2002
108/01/02,"9,090,984","218,260,366",24.20,24.20,23.90,24.00,-0.25,"3,000",2002
108/01/03,"8,798,772","211,893,353",24.20,24.20,23.95,24.15,+0.15,"3,137",2002
108/01/04,"11,686,747","281,940,143",24.00,24.20,23.95,24.20,+0.05,"4,206",2002
108/01/07,"17,477,964","426,161,425",24.35,24.45,24.25,24.45,+0.25,"6,383",2002
108/01/08,"13,308,001","325,652,362",24.50,24.50,24.40,24.50,+0.05,"4,165",2002
108/01/09,"30,692,140","762,144,587",24.55,24.95,24.50,24.95,+0.45,"10,121",2002
108/01/10,"17,399,676","432,468,342",24.80,24.95,24.65,24.90,-0.05,"5,666",2002
108/01/11,"15,037,926","374,579,967",24.90,25.00,24.80,24.90, 0.00,"4,837",2002
108/01/14,"11,155,735","277,399,301",24.90,24.95,24.75,24.90, 0.00,"3,162",2002
108/01/15,"21,592,974","538,758,509",24.95,25.00,24.85,25.00,+0.10,"6,045",2002
108/01/16,"9,001,230","224,199,488",25.00,25.00,24.75,24.95,-0.05,"3,524",2002
108/01/17,"11,141,697","277,640,305",24.95,25.00,24.75,25.00,+0.05,"4,342",2002
108/01/18,"14,132,947","352,979,324",25.00,25.00,24.90,25.00, 0.00,"4,598",2002
108/01/21,"15,480,090","387,374,884",25.00,25.10,24.90,25.05,+0.05,"4,996",2002
108/01/22,"11,401,106","285,154,548",25.00,25.05,24.95,25.05, 0.00,"4,593",2002
108/01/23,"9,863,832","246,847,370",25.05,25.10,25.00,25.05, 0.00,"3,201",2002
108/01/24,"12,012,452","300,842,284",24.95,25.10,24.95,25.10,+0.05,"4,872",2002
108/01/25,"24,230,251","612,764,621",25.15,25.40,25.10,25.35,+0.25,"7,217",2002
108/01/28,"12,035,746","304,772,254",25.35,25.35,25.25,25.35, 0.00,"4,802",2002
108/01/29,"12,861,505","324,664,575",25.20,25.35,25.05,25.35, 0.00,"4,717",2002
108/01/30,"23,076,576","586,638,791",25.40,25.45,25.35,25.45,+0.10,"7,026",2002
108/02/11,"21,942,331","557,281,327",25.50,25.50,25.25,25.25,-0.20,"7,521",2002
108/02/12,"17,651,168","447,915,174",25.35,25.45,25.25,25.45,+0.20,"5,281",2002
108/02/13,"15,016,250","382,269,801",25.50,25.50,25.40,25.50,+0.05,"4,705",2002
108/02/14,"14,794,447","374,119,401",25.25,25.50,25.20,25.20,-0.30,"5,749",2002
108/02/15,"11,210,043","282,669,926",25.20,25.35,25.15,25.20, 0.00,"3,447",2002
108/02/18,"7,415,642","186,873,283",25.25,25.35,25.10,25.15,-0.05,"3,508",2002
108/02/19,"9,531,517","238,546,575",25.10,25.15,24.95,25.00,-0.15,"3,992",2002
108/02/20,"13,209,657","332,510,946",25.05,25.20,25.00,25.20,+0.20,"4,216",2002
108/02/21,"11,326,770","284,874,667",25.15,25.25,25.05,25.25,+0.05,"4,000",2002
108/02/22,"9,850,645","248,162,717",25.20,25.25,25.10,25.25, 0.00,"3,231",2002
108/02/25,"12,488,120","315,936,273",25.40,25.40,25.15,25.30,+0.05,"3,955",2002
108/02/26,"19,625,224","497,864,004",25.30,25.50,25.20,25.50,+0.20,"5,868",2002
108/02/27,"18,464,364","470,236,949",25.50,25.50,25.35,25.50, 0.00,"3,719",2002
108/03/04,"21,278,463","539,222,729",25.40,25.50,25.20,25.35,-0.15,"6,496",2002
108/03/05,"17,636,678","446,112,934",25.25,25.40,25.20,25.40,+0.05,"3,874",2002
108/03/06,"20,853,866","523,943,154",25.35,25.35,25.05,25.15,-0.25,"7,309",2002
108/03/07,"20,514,563","511,884,325",25.10,25.20,24.80,24.95,-0.20,"8,405",2002
108/03/08,"12,279,407","304,455,462",24.85,24.90,24.75,24.75,-0.20,"5,727",2002
108/03/11,"10,418,186","257,891,708",24.75,24.85,24.70,24.70,-0.05,"3,980",2002
108/03/12,"11,229,932","281,182,500",24.90,25.10,24.85,25.10,+0.40,"4,364",2002
108/03/13,"10,271,064","255,774,550",25.05,25.05,24.80,25.00,-0.10,"4,025",2002
108/03/14,"11,966,156","296,620,209",24.80,24.90,24.75,24.75,-0.25,"4,480",2002
108/03/15,"18,973,414","474,438,917",24.75,25.05,24.75,25.05,+0.30,"3,598",2002
108/03/18,"6,905,958","172,610,650",24.85,25.05,24.85,25.05, 0.00,"2,532",2002
108/03/19,"7,753,335","193,322,832",25.00,25.05,24.85,24.85,-0.20,"3,756",2002
108/03/20,"8,528,594","213,065,015",24.85,25.05,24.85,25.05,+0.20,"2,570",2002
108/03/21,"6,908,687","172,776,825",25.05,25.05,24.95,25.00,-0.05,"2,056",2002
108/03/22,"7,955,294","199,005,050",25.00,25.10,24.95,25.00, 0.00,"2,474",2002
108/03/25,"6,529,353","162,541,361",24.80,25.00,24.80,24.85,-0.15,"2,189",2002
108/03/26,"6,937,761","173,237,625",24.90,25.00,24.90,25.00,+0.15,"2,872",2002
108/03/27,"6,438,966","161,116,000",25.00,25.05,25.00,25.05,+0.05,"2,870",2002
108/03/28,"9,464,921","236,461,575",25.00,25.05,24.90,25.00,-0.05,"2,542",2002
108/03/29,"15,313,412","385,534,308",25.00,25.30,24.90,25.30,+0.30,"4,391",2002
108/04/01,"13,441,842","336,749,350",25.25,25.25,25.00,25.00,-0.30,"7,319",2002
108/04/02,"14,208,067","354,281,881",25.00,25.05,24.90,24.90,-0.10,"6,029",2002
108/04/03,"7,325,060","183,221,000",25.00,25.10,24.95,25.00,+0.10,"2,772",2002
108/04/08,"9,137,934","228,805,350",25.00,25.10,25.00,25.10,+0.10,"3,953",2002
108/04/09,"10,204,179","255,640,375",25.05,25.20,25.00,25.10, 0.00,"3,654",2002
108/04/10,"13,291,458","334,690,753",25.00,25.25,25.00,25.25,+0.15,"4,690",2002
108/04/11,"7,306,358","183,282,006",25.20,25.20,25.05,25.05,-0.20,"3,195",2002
108/04/12,"8,132,079","204,251,628",25.20,25.20,25.05,25.20,+0.15,"2,833",2002
108/04/15,"7,126,967","179,044,493",25.20,25.20,25.05,25.05,-0.15,"2,834",2002
108/04/16,"10,237,134","257,597,602",25.15,25.20,25.05,25.20,+0.15,"4,014",2002
108/04/17,"8,426,283","212,323,111",25.15,25.25,25.10,25.25,+0.05,"3,780",2002
108/04/18,"12,979,498","325,622,041",25.05,25.15,25.00,25.10,-0.15,"2,922",2002
108/04/19,"3,999,385","100,559,105",25.10,25.20,25.05,25.20,+0.10,"2,049",2002
108/04/22,"3,068,957","77,008,695",25.15,25.15,25.05,25.10,-0.10,"1,517",2002
108/04/23,"5,406,013","135,713,019",25.05,25.15,25.05,25.15,+0.05,"1,989",2002
108/04/24,"5,783,700","144,945,246",25.10,25.10,25.00,25.10,-0.05,"2,369",2002
108/04/25,"6,795,483","170,126,075",25.10,25.10,25.00,25.00,-0.10,"2,877",2002
108/04/26,"6,713,917","168,122,475",25.00,25.10,25.00,25.10,+0.10,"2,902",2002
108/04/29,"8,357,769","209,506,325",25.10,25.10,25.00,25.10, 0.00,"2,532",2002
108/04/30,"17,558,136","438,148,723",25.05,25.05,24.90,24.95,-0.15,"5,742",2002
108/05/02,"11,328,479","282,981,254",24.95,25.05,24.90,24.90,-0.05,"3,599",2002
108/05/03,"8,451,368","211,632,800",24.95,25.10,24.95,25.10,+0.20,"2,936",2002
108/05/06,"14,546,858","362,696,800",25.00,25.05,24.80,25.00,-0.10,"4,516",2002
108/05/07,"12,469,170","312,327,300",25.00,25.10,24.95,25.10,+0.10,"2,888",2002
108/05/08,"11,887,079","297,252,075",25.00,25.05,24.90,25.05,-0.05,"3,165",2002
108/05/09,"18,817,855","466,932,101",24.90,24.95,24.70,24.70,-0.35,"6,677",2002
108/05/10,"13,405,978","330,409,852",24.70,24.80,24.55,24.55,-0.15,"5,853",2002
108/05/13,"14,816,320","363,078,012",24.55,24.65,24.40,24.45,-0.10,"5,733",2002
108/05/14,"34,992,994","845,924,930",24.30,24.30,24.10,24.10,-0.35,"11,528",2002
108/05/15,"23,316,153","561,827,884",24.10,24.20,24.00,24.00,-0.10,"9,577",2002
108/05/16,"21,472,452","516,792,022",24.00,24.25,23.90,24.00, 0.00,"6,034",2002
108/05/17,"17,503,738","421,362,520",24.05,24.20,24.00,24.00, 0.00,"4,899",2002
108/05/20,"11,420,781","276,432,698",24.15,24.40,24.10,24.20,+0.20,"3,386",2002
108/05/21,"20,862,115","511,575,141",24.35,24.70,24.30,24.65,+0.45,"5,517",2002
108/05/22,"13,421,435","326,166,942",24.30,24.45,24.15,24.45,-0.20,"4,607",2002
108/05/23,"10,874,568","264,832,447",24.45,24.45,24.20,24.45, 0.00,"3,512",2002
108/05/24,"8,087,568","197,129,482",24.55,24.55,24.30,24.40,-0.05,"3,401",2002
108/05/27,"11,718,047","284,015,066",24.30,24.30,24.20,24.30,-0.10,"3,884",2002
108/05/28,"110,991,939","2,697,895,139",24.30,24.50,24.25,24.30, 0.00,"5,858",2002
108/05/29,"20,606,250","498,093,438",24.30,24.30,24.10,24.10,-0.20,"5,320",2002
108/05/30,"16,528,289","398,298,185",24.10,24.20,24.05,24.10, 0.00,"4,677",2002
108/05/31,"11,070,314","267,809,674",24.05,24.30,24.05,24.30,+0.20,"3,846",2002
108/06/03,"10,213,351","246,404,688",24.20,24.30,24.00,24.15,-0.15,"3,301",2002
108/06/04,"13,451,836","324,523,159",24.15,24.20,24.05,24.20,+0.05,"3,289",2002
108/06/05,"13,401,487","325,117,965",24.20,24.35,24.20,24.20, 0.00,"3,467",2002
108/06/06,"10,872,021","263,956,393",24.20,24.35,24.15,24.35,+0.15,"3,601",2002
108/06/10,"9,172,717","224,183,274",24.40,24.50,24.30,24.50,+0.15,"3,391",2002
108/06/11,"8,238,847","201,056,312",24.50,24.50,24.35,24.40,-0.10,"3,367",2002
108/06/12,"9,911,658","242,658,301",24.35,24.55,24.35,24.55,+0.15,"3,553",2002
108/06/13,"11,120,959","271,986,035",24.45,24.55,24.40,24.45,-0.10,"3,999",2002
108/06/14,"12,612,048","309,609,893",24.45,24.65,24.45,24.50,+0.05,"4,210",2002
108/06/17,"10,453,983","256,220,199",24.50,24.55,24.40,24.55,+0.05,"3,027",2002
108/06/18,"13,940,181","342,236,211",24.50,24.60,24.45,24.60,+0.05,"3,223",2002
108/06/19,"20,541,443","509,535,965",24.65,24.95,24.60,24.95,+0.35,"7,095",2002
108/06/20,"22,154,527","549,241,120",24.95,25.00,24.60,24.80,-0.15,"6,185",2002
108/06/21,"22,928,607","571,268,661",24.75,25.00,24.75,25.00,+0.20,"5,356",2002
108/06/24,"11,968,397","298,598,865",24.70,25.00,24.70,25.00, 0.00,"3,397",2002
108/06/25,"11,058,684","275,734,327",24.85,25.00,24.85,25.00, 0.00,"3,465",2002
108/06/26,"8,333,114","207,882,693",24.90,25.00,24.90,24.90,-0.10,"2,446",2002
108/06/27,"22,132,229","552,795,950",24.90,25.05,24.90,24.90, 0.00,"4,608",2002
108/06/28,"11,189,598","279,346,685",25.05,25.05,24.90,24.95,+0.05,"2,242",2002
108/07/01,"7,507,599","186,862,062",24.80,25.00,24.80,24.85,-0.10,"3,528",2002
108/07/02,"12,771,920","315,921,293",24.80,24.85,24.60,24.60,-0.25,"5,130",2002
108/07/03,"8,566,261","211,402,135",24.60,24.85,24.55,24.70,+0.10,"3,502",2002
108/07/04,"6,319,355","155,648,526",24.60,24.80,24.60,24.65,-0.05,"3,282",2002
108/07/05,"5,204,774","128,325,878",24.55,24.80,24.55,24.70,+0.05,"1,797",2002
108/07/08,"6,696,632","165,546,093",24.65,24.80,24.60,24.80,+0.10,"1,973",2002
108/07/09,"9,385,104","231,776,318",24.75,24.80,24.60,24.65,-0.15,"2,469",2002
108/07/10,"6,622,824","164,308,665",24.70,24.90,24.65,24.85,+0.20,"2,979",2002
108/07/11,"5,005,394","124,467,517",24.95,24.95,24.80,24.80,-0.05,"2,395",2002
108/07/12,"7,940,559","196,892,031",24.65,24.85,24.65,24.80, 0.00,"2,681",2002
108/07/15,"8,014,559","198,474,035",24.80,24.90,24.65,24.70,-0.10,"2,685",2002
108/07/16,"11,463,897","283,429,943",24.70,24.85,24.65,24.85,+0.15,"3,284",2002
108/07/17,"7,723,099","191,456,731",24.70,24.85,24.70,24.85, 0.00,"3,584",2002
108/07/18,"5,848,128","144,587,256",24.80,24.85,24.70,24.70,-0.15,"2,497",2002
108/07/19,"12,062,587","300,596,952",24.85,25.00,24.80,24.90,+0.20,"5,341",2002
108/07/22,"10,429,780","260,300,847",24.90,25.00,24.90,24.90, 0.00,"4,219",2002
108/07/23,"13,113,425","327,090,511",24.90,25.00,24.90,24.90, 0.00,"5,034",2002
108/07/24,"20,031,451","500,064,151",24.95,25.00,24.90,25.00,+0.10,"6,797",2002
108/07/25,"28,287,126","682,658,190",24.00,24.25,24.00,24.10,X0.00,"8,896",2002
108/07/26,"10,912,806","263,367,954",24.15,24.20,24.05,24.20,+0.10,"4,439",2002
108/07/29,"9,175,456","221,853,559",24.15,24.25,24.10,24.15,-0.05,"3,079",2002
108/07/30,"8,133,422","196,202,931",24.05,24.20,24.05,24.10,-0.05,"3,003",2002
108/07/31,"12,955,788","311,476,709",24.10,24.15,24.00,24.00,-0.10,"4,911",2002
108/08/01,"17,995,893","429,235,982",23.95,23.95,23.80,23.80,-0.20,"7,777",2002
108/08/02,"21,205,688","500,028,077",23.65,23.70,23.50,23.65,-0.15,"8,769",2002
108/08/05,"18,999,664","446,685,058",23.60,23.60,23.45,23.50,-0.15,"7,822",2002
108/08/06,"13,220,529","309,715,174",23.30,23.60,23.20,23.50, 0.00,"5,806",2002
108/08/07,"19,334,428","451,984,819",23.40,23.50,23.30,23.30,-0.20,"9,209",2002
108/08/08,"9,832,121","230,396,341",23.30,23.50,23.30,23.40,+0.10,"3,977",2002
108/08/12,"12,111,751","282,596,898",23.30,23.45,23.25,23.30,-0.10,"4,360",2002
108/08/13,"11,017,941","256,537,557",23.30,23.35,23.25,23.25,-0.05,"4,577",2002
108/08/14,"11,973,101","278,493,406",23.25,23.40,23.20,23.20,-0.05,"5,326",2002
108/08/15,"14,123,931","325,804,463",23.20,23.20,23.05,23.05,-0.15,"6,170",2002
108/08/16,"17,858,377","412,805,119",23.00,23.30,23.00,23.10,+0.05,"6,200",2002
108/08/19,"14,183,855","327,441,817",23.10,23.20,23.05,23.05,-0.05,"6,305",2002
108/08/20,"12,949,654","298,726,065",23.05,23.15,23.05,23.05, 0.00,"5,357",2002
108/08/21,"11,897,471","274,315,694",23.05,23.10,23.00,23.05, 0.00,"4,960",2002
108/08/22,"14,844,145","342,349,949",23.05,23.15,23.00,23.15,+0.10,"5,562",2002
108/08/23,"12,828,191","295,687,224",23.15,23.15,23.00,23.15, 0.00,"5,402",2002
108/08/26,"18,269,335","419,042,777",23.00,23.05,22.85,22.95,-0.20,"7,761",2002
108/08/27,"33,335,793","762,605,689",22.95,23.00,22.85,22.85,-0.10,"8,378",2002
108/08/28,"15,090,420","345,545,722",22.85,23.10,22.80,23.10,+0.25,"6,457",2002
108/08/29,"14,569,300","333,671,585",23.00,23.05,22.85,22.95,-0.15,"4,956",2002
108/08/30,"14,127,578","326,048,249",23.00,23.15,23.00,23.15,+0.20,"4,805",2002
108/09/02,"7,619,112","176,066,836",23.15,23.20,23.05,23.20,+0.05,"3,367",2002
108/09/03,"10,116,829","233,362,903",23.20,23.20,23.00,23.00,-0.20,"4,207",2002
108/09/04,"14,929,857","343,447,814",23.00,23.15,22.95,23.00, 0.00,"5,337",2002
108/09/05,"13,890,899","321,258,908",23.00,23.20,23.00,23.15,+0.15,"4,897",2002
108/09/06,"9,648,853","223,007,135",23.15,23.20,23.05,23.15, 0.00,"3,865",2002
108/09/09,"7,708,654","178,793,841",23.15,23.25,23.15,23.20,+0.05,"3,166",2002
108/09/10,"13,851,246","322,897,091",23.20,23.35,23.15,23.35,+0.15,"4,616",2002
108/09/11,"14,531,677","340,980,577",23.40,23.55,23.35,23.50,+0.15,"5,040",2002
108/09/12,"11,829,725","278,972,728",23.55,23.65,23.50,23.50, 0.00,"4,312",2002
108/09/16,"11,415,555","268,789,514",23.55,23.60,23.45,23.55,+0.05,"4,262",2002
108/09/17,"15,376,997","358,280,246",23.50,23.50,23.20,23.20,-0.35,"5,114",2002
108/09/18,"13,380,357","311,437,719",23.15,23.35,23.15,23.20, 0.00,"5,630",2002
108/09/19,"9,523,513","220,640,736",23.20,23.30,23.10,23.20, 0.00,"4,393",2002
108/09/20,"21,021,641","491,163,032",23.15,23.45,23.10,23.45,+0.25,"3,474",2002
108/09/23,"12,123,780","281,443,104",23.20,23.30,23.15,23.15,-0.30,"4,277",2002
108/09/24,"11,838,697","273,889,812",23.15,23.20,23.05,23.20,+0.05,"4,655",2002
108/09/25,"12,747,578","294,196,895",23.10,23.15,23.05,23.10,-0.10,"4,731",2002
108/09/26,"8,795,904","203,304,037",23.10,23.20,23.05,23.10, 0.00,"3,231",2002
108/09/27,"13,139,740","302,567,375",23.10,23.15,23.00,23.00,-0.10,"6,064",2002
108/10/01,"20,652,311","475,294,391",23.30,23.30,22.95,23.05,+0.05,"9,069",2002
108/10/02,"8,073,265","185,587,674",23.00,23.05,22.95,22.95,-0.10,"3,623",2002
108/10/03,"14,660,517","335,312,591",22.90,22.90,22.85,22.85,-0.10,"6,350",2002
108/10/04,"12,311,718","281,715,514",22.85,23.00,22.85,22.85, 0.00,"5,831",2002
108/10/07,"7,082,149","162,311,787",22.85,22.95,22.85,22.95,+0.10,"3,494",2002
108/10/08,"8,410,629","194,092,535",22.95,23.15,22.95,23.05,+0.10,"3,668",2002
108/10/09,"8,395,919","192,622,087",23.00,23.05,22.90,22.90,-0.15,"3,848",2002
108/10/14,"10,130,095","233,740,627",23.15,23.15,23.00,23.15,+0.25,"3,667",2002
108/10/15,"7,736,888","178,702,853",23.05,23.20,23.00,23.20,+0.05,"3,260",2002
108/10/16,"10,424,339","241,352,368",23.15,23.20,23.05,23.20, 0.00,"3,887",2002
108/10/17,"14,549,442","338,050,563",23.20,23.30,23.10,23.25,+0.05,"4,469",2002
108/10/18,"8,434,892","196,047,490",23.25,23.30,23.20,23.25, 0.00,"2,812",2002
108/10/21,"9,349,682","217,245,911",23.25,23.30,23.15,23.30,+0.05,"2,692",2002
108/10/22,"11,861,903","276,915,119",23.30,23.40,23.25,23.40,+0.10,"4,024",2002
108/10/23,"12,454,418","290,420,450",23.40,23.40,23.15,23.40, 0.00,"4,028",2002
108/10/24,"10,405,879","243,737,376",23.40,23.50,23.30,23.50,+0.10,"3,475",2002
108/10/25,"7,217,426","168,721,786",23.45,23.45,23.25,23.45,-0.05,"2,864",2002
108/10/28,"7,784,941","181,868,797",23.45,23.45,23.30,23.35,-0.10,"3,040",2002
108/10/29,"8,971,470","209,594,822",23.40,23.45,23.30,23.40,+0.05,"2,903",2002
108/10/30,"11,939,410","279,853,164",23.40,23.50,23.30,23.50,+0.10,"4,508",2002
108/10/31,"14,292,433","335,489,304",23.55,23.55,23.40,23.45,-0.05,"3,964",2002
108/11/01,"10,732,817","252,181,392",23.45,23.55,23.40,23.55,+0.10,"3,589",2002
108/11/04,"12,504,864","294,338,112",23.50,23.60,23.45,23.60,+0.05,"4,094",2002
108/11/05,"14,864,183","352,522,723",23.50,23.80,23.50,23.80,+0.20,"5,911",2002
108/11/06,"9,285,656","219,849,652",23.80,23.80,23.60,23.65,-0.15,"2,972",2002
108/11/07,"8,171,549","193,627,709",23.65,23.75,23.60,23.75,+0.10,"2,775",2002
108/11/08,"7,957,865","189,218,714",23.75,23.85,23.70,23.80,+0.05,"3,327",2002
108/11/11,"8,746,046","207,272,601",23.80,23.80,23.55,23.80, 0.00,"3,077",2002
108/11/12,"5,928,279","140,586,574",23.80,23.80,23.65,23.80, 0.00,"2,488",2002
108/11/13,"12,743,915","298,742,770",23.60,23.65,23.35,23.35,-0.45,"5,095",2002
108/11/14,"8,608,631","200,043,530",23.30,23.30,23.20,23.20,-0.15,"3,428",2002
108/11/15,"8,105,474","188,982,479",23.50,23.50,23.20,23.20, 0.00,"2,961",2002
108/11/18,"6,496,579","151,568,302",23.25,23.45,23.25,23.45,+0.25,"2,562",2002
108/11/19,"7,041,253","164,833,570",23.25,23.50,23.25,23.50,+0.05,"2,585",2002
108/11/20,"7,774,977","181,808,553",23.35,23.50,23.30,23.50, 0.00,"3,085",2002
108/11/21,"12,219,180","284,813,728",23.30,23.40,23.20,23.40,-0.10,"3,711",2002
108/11/22,"7,318,281","171,029,769",23.30,23.45,23.25,23.45,+0.05,"2,193",2002
108/11/25,"10,334,849","242,179,693",23.45,23.50,23.35,23.45, 0.00,"3,382",2002
108/11/26,"39,475,716","929,796,236",23.45,23.65,23.40,23.55,+0.10,"4,173",2002
108/11/27,"8,159,690","192,702,531",23.55,23.65,23.55,23.65,+0.10,"2,980",2002
108/11/28,"10,107,760","238,537,406",23.60,23.70,23.50,23.70,+0.05,"3,441",2002
108/11/29,"8,074,593","189,206,703",23.60,23.60,23.40,23.40,-0.30,"2,786",2002
108/12/02,"8,046,992","188,223,493",23.35,23.50,23.30,23.40, 0.00,"2,864",2002
108/12/03,"6,538,692","153,721,286",23.45,23.55,23.40,23.55,+0.15,"1,939",2002
108/12/04,"8,583,516","201,933,533",23.50,23.60,23.40,23.60,+0.05,"2,674",2002
108/12/05,"7,577,445","177,639,747",23.45,23.55,23.40,23.45,-0.15,"2,641",2002
108/12/06,"8,894,116","207,806,369",23.40,23.45,23.30,23.40,-0.05,"3,117",2002
108/12/09,"8,344,709","195,003,581",23.40,23.40,23.30,23.40, 0.00,"2,374",2002
108/12/10,"8,676,447","203,064,303",23.40,23.45,23.35,23.45,+0.05,"2,636",2002
108/12/11,"9,167,693","215,084,911",23.40,23.50,23.35,23.50,+0.05,"3,023",2002
108/12/12,"15,705,566","369,524,000",23.50,23.60,23.45,23.45,-0.05,"4,324",2002
108/12/13,"17,566,407","415,767,632",23.60,23.70,23.55,23.70,+0.25,"6,073",2002
108/12/16,"10,646,462","251,277,674",23.70,23.70,23.50,23.50,-0.20,"3,826",2002
108/12/17,"15,212,772","360,234,543",23.50,23.80,23.45,23.80,+0.30,"5,251",2002
108/12/18,"16,407,687","390,617,665",23.75,23.90,23.65,23.90,+0.10,"5,277",2002
108/12/19,"8,079,034","191,706,297",23.80,23.85,23.70,23.70,-0.20,"2,635",2002
108/12/20,"25,176,102","596,003,208",23.65,23.80,23.55,23.65,-0.05,"3,997",2002
108/12/23,"12,895,748","306,671,729",23.65,23.90,23.60,23.90,+0.25,"3,295",2002
108/12/24,"5,301,122","126,406,773",23.80,23.90,23.75,23.85,-0.05,"2,490",2002
108/12/25,"5,831,507","139,182,450",23.85,23.90,23.80,23.80,-0.05,"2,687",2002
108/12/26,"5,872,089","140,149,731",23.80,23.90,23.80,23.90,+0.10,"1,970",2002
108/12/27,"7,117,325","169,995,542",23.90,23.95,23.80,23.95,+0.05,"2,306",2002
108/12/30,"16,671,769","400,180,678",23.95,24.05,23.95,24.00,+0.05,"5,275",2002
108/12/31,"14,810,772","355,908,626",24.00,24.10,23.90,23.90,-0.10,"5,422",2002
109/01/02,"6,939,981","166,483,631",24.00,24.10,23.90,24.00,+0.10,"2,776",2002
109/01/03,"12,353,288","297,066,562",24.05,24.10,23.95,24.10,+0.10,"4,588",2002
109/01/06,"7,042,674","168,013,648",24.00,24.05,23.80,23.80,-0.30,"2,860",2002
109/01/07,"7,693,624","182,729,049",23.80,23.90,23.70,23.70,-0.10,"2,813",2002
109/01/08,"9,122,876","215,112,563",23.70,23.70,23.50,23.55,-0.15,"3,264",2002
109/01/09,"8,137,459","192,771,679",23.55,23.80,23.55,23.75,+0.20,"2,678",2002
109/01/10,"7,270,995","173,053,308",23.80,23.90,23.70,23.85,+0.10,"2,641",2002
109/01/13,"9,763,148","233,843,312",23.90,24.00,23.85,24.00,+0.15,"3,499",2002
109/01/14,"7,882,342","189,103,445",24.00,24.05,23.90,24.05,+0.05,"2,815",2002
109/01/15,"10,148,530","243,659,270",24.00,24.05,23.90,24.05, 0.00,"3,816",2002
109/01/16,"5,347,528","128,220,314",24.00,24.05,23.90,24.00,-0.05,"2,025",2002
109/01/17,"6,731,978","161,615,748",24.00,24.05,23.95,24.05,+0.05,"2,351",2002
109/01/20,"6,941,985","166,941,590",24.00,24.10,24.00,24.05, 0.00,"3,045",2002
109/01/30,"39,414,010","916,838,686",23.45,23.50,23.00,23.00,-1.05,"14,037",2002
109/01/31,"18,198,559","421,782,518",23.00,23.35,23.00,23.10,+0.10,"6,449",2002
109/02/03,"19,364,728","445,579,951",23.00,23.15,22.85,23.00,-0.10,"6,489",2002
109/02/04,"13,835,398","320,972,938",23.00,23.40,22.95,23.20,+0.20,"4,646",2002
109/02/05,"10,362,337","241,028,538",23.20,23.40,23.05,23.25,+0.05,"3,258",2002
109/02/06,"12,028,716","281,527,262",23.25,23.50,23.20,23.35,+0.10,"3,369",2002
109/02/07,"7,882,927","183,554,161",23.30,23.35,23.20,23.30,-0.05,"3,049",2002
109/02/10,"11,393,229","266,049,698",23.25,23.45,23.20,23.45,+0.15,"3,466",2002
109/02/11,"6,370,492","149,371,122",23.40,23.50,23.30,23.45, 0.00,"2,467",2002
109/02/12,"5,236,019","122,596,182",23.40,23.45,23.35,23.45, 0.00,"2,570",2002
109/02/13,"8,813,253","206,310,464",23.35,23.45,23.35,23.40,-0.05,"2,988",2002
109/02/14,"6,221,213","145,529,640",23.35,23.45,23.35,23.45,+0.05,"2,341",2002
109/02/17,"6,014,263","140,121,117",23.35,23.35,23.20,23.35,-0.10,"2,682",2002
109/02/18,"7,446,292","173,556,410",23.25,23.45,23.20,23.45,+0.10,"2,956",2002
109/02/19,"8,112,007","190,442,559",23.45,23.55,23.35,23.50,+0.05,"3,146",2002
109/02/20,"8,685,741","202,878,205",23.50,23.50,23.30,23.30,-0.20,"3,830",2002
109/02/21,"9,537,984","221,846,933",23.30,23.40,23.20,23.20,-0.10,"4,349",2002
109/02/24,"15,245,702","351,357,286",23.10,23.15,23.00,23.00,-0.20,"6,351",2002
109/02/25,"13,970,823","320,862,679",23.00,23.00,22.90,22.95,-0.05,"6,433",2002
109/02/26,"19,514,784","446,659,263",22.90,22.95,22.85,22.85,-0.10,"7,437",2002
109/02/27,"16,708,738","383,118,024",22.85,23.00,22.85,23.00,+0.15,"5,243",2002
109/03/02,"19,482,263","444,909,081",22.75,22.95,22.75,22.90,-0.10,"6,814",2002
109/03/03,"12,117,980","278,080,490",22.95,23.00,22.85,23.00,+0.10,"3,883",2002
109/03/04,"14,096,692","325,694,558",23.00,23.20,22.95,23.20,+0.20,"3,576",2002
109/03/05,"8,007,708","185,932,277",23.20,23.30,23.10,23.30,+0.10,"2,815",2002
109/03/06,"17,960,395","411,331,710",23.15,23.20,22.85,22.90,-0.40,"6,869",2002
109/03/09,"30,241,309","680,560,742",22.70,22.75,22.40,22.40,-0.50,"14,097",2002
109/03/10,"17,919,916","399,626,379",22.30,22.45,22.20,22.35,-0.05,"6,376",2002
109/03/11,"21,766,453","484,743,393",22.30,22.40,22.20,22.35, 0.00,"8,517",2002
109/03/12,"33,757,335","726,858,360",22.20,22.20,21.30,21.40,-0.95,"15,952",2002
109/03/13,"72,221,523","1,447,221,543",20.20,20.30,19.65,20.20,-1.20,"24,141",2002
109/03/16,"31,513,002","632,969,927",20.20,20.25,20.00,20.00,-0.20,"11,505",2002
109/03/17,"46,625,543","911,368,667",19.80,19.80,19.40,19.50,-0.50,"17,044",2002
109/03/18,"35,354,413","686,222,119",19.50,19.65,19.25,19.30,-0.20,"13,030",2002
109/03/19,"52,484,394","978,254,846",19.00,19.05,18.35,18.60,-0.70,"17,128",2002
109/03/20,"52,775,496","1,024,370,353",18.70,19.80,18.70,19.80,+1.20,"14,985",2002
109/03/23,"22,825,663","432,998,578",18.80,19.15,18.70,18.90,-0.90,"8,975",2002
109/03/24,"27,364,002","527,835,486",19.65,19.65,19.00,19.05,+0.15,"7,600",2002
109/03/25,"24,722,266","479,414,825",19.30,19.50,19.25,19.40,+0.35,"8,784",2002
109/03/26,"18,023,210","351,014,012",19.50,19.70,19.25,19.55,+0.15,"5,919",2002
109/03/27,"21,317,668","414,916,474",19.60,19.65,19.35,19.40,-0.15,"9,344",2002
109/03/30,"20,238,054","384,554,775",19.05,19.10,18.85,19.00,-0.40,"6,506",2002
109/03/31,"23,102,361","438,804,708",19.10,19.15,18.90,18.95,-0.05,"6,533",2002
109/04/01,"25,482,019","480,920,161",19.00,19.00,18.80,18.80,-0.15,"10,236",2002
109/04/06,"24,482,206","466,697,210",19.10,19.25,18.85,19.25,+0.45,"6,001",2002
109/04/07,"16,015,578","309,310,726",19.50,19.50,19.20,19.30,+0.05,"5,294",2002
109/04/08,"19,420,509","378,999,930",19.35,19.60,19.35,19.55,+0.25,"6,582",2002
109/04/09,"14,680,937","287,156,263",19.60,19.70,19.50,19.50,-0.05,"5,758",2002
109/04/10,"12,690,752","249,245,157",19.55,19.70,19.50,19.70,+0.20,"4,721",2002
109/04/13,"9,095,860","178,300,685",19.70,19.70,19.50,19.55,-0.15,"3,942",2002
109/04/14,"17,362,473","341,950,291",19.60,19.75,19.55,19.75,+0.20,"4,869",2002
109/04/15,"23,388,609","466,678,230",19.85,20.00,19.80,20.00,+0.25,"9,837",2002
109/04/16,"25,155,502","496,318,490",19.95,20.00,19.65,19.75,-0.25,"8,301",2002
109/04/17,"19,880,745","394,602,122",19.75,20.00,19.75,19.75, 0.00,"6,544",2002
109/04/20,"14,181,789","278,747,346",19.75,19.90,19.55,19.60,-0.15,"5,876",2002
109/04/21,"24,477,290","470,500,272",19.50,19.55,19.10,19.10,-0.50,"11,211",2002
109/04/22,"17,866,816","339,675,823",19.00,19.15,18.85,19.15,+0.05,"7,848",2002
109/04/23,"12,990,975","248,409,886",19.15,19.30,19.00,19.15, 0.00,"4,309",2002
109/04/24,"9,550,654","183,170,171",19.15,19.25,19.05,19.15, 0.00,"4,737",2002
109/04/27,"19,287,380","376,293,850",19.35,19.70,19.30,19.50,+0.35,"6,820",2002
109/04/28,"13,906,838","271,707,530",19.65,19.65,19.45,19.55,+0.05,"5,000",2002
109/04/29,"23,251,526","460,053,065",19.60,19.90,19.55,19.85,+0.30,"8,133",2002
109/04/30,"37,550,070","750,255,964",19.95,20.10,19.85,20.00,+0.15,"10,457",2002
109/05/04,"26,299,642","512,346,320",19.45,19.65,19.35,19.55,-0.45,"9,152",2002
109/05/05,"14,606,111","288,744,451",19.60,20.00,19.60,19.80,+0.25,"5,505",2002
109/05/06,"15,813,548","310,350,760",19.80,19.80,19.50,19.55,-0.25,"6,837",2002
109/05/07,"13,959,657","273,746,430",19.60,19.70,19.55,19.55, 0.00,"5,044",2002
109/05/08,"14,611,151","287,895,168",19.75,19.80,19.60,19.65,+0.10,"4,458",2002
109/05/11,"18,569,257","368,954,140",19.80,19.95,19.80,19.85,+0.20,"5,863",2002
109/05/12,"16,441,116","322,884,182",19.70,19.75,19.60,19.60,-0.25,"6,627",2002
109/05/13,"15,238,466","299,339,470",19.60,19.85,19.55,19.85,+0.25,"4,938",2002
109/05/14,"15,552,701","305,005,609",19.80,19.80,19.55,19.55,-0.30,"5,982",2002
109/05/15,"9,592,766","188,108,886",19.70,19.70,19.55,19.55, 0.00,"3,765",2002
109/05/18,"9,392,146","184,563,951",19.55,19.75,19.55,19.65,+0.10,"3,321",2002
109/05/19,"16,378,853","324,305,670",19.90,19.90,19.70,19.80,+0.15,"5,612",2002
109/05/20,"15,227,504","302,358,598",19.85,19.90,19.80,19.90,+0.10,"5,103",2002
109/05/21,"17,229,473","342,422,232",19.85,19.95,19.80,19.90, 0.00,"4,577",2002
109/05/22,"17,897,882","351,862,697",19.85,19.90,19.60,19.60,-0.30,"6,344",2002
109/05/25,"9,582,148","187,902,413",19.70,19.75,19.50,19.65,+0.05,"3,456",2002
109/05/26,"18,714,247","371,685,750",19.80,19.90,19.70,19.90,+0.25,"5,304",2002
109/05/27,"12,380,922","245,943,317",19.90,19.90,19.80,19.90, 0.00,"4,326",2002
109/05/28,"21,784,768","434,041,656",19.90,20.00,19.85,19.95,+0.05,"5,939",2002
109/05/29,"35,848,123","710,963,570",19.90,19.95,19.80,19.80,-0.15,"4,980",2002
109/06/01,"22,733,886","455,054,670",19.90,20.10,19.85,20.10,+0.30,"8,144",2002
109/06/02,"22,805,901","462,766,280",20.10,20.40,20.05,20.40,+0.30,"7,227",2002
109/06/03,"33,489,885","696,389,639",20.70,20.95,20.55,20.90,+0.50,"11,160",2002
109/06/04,"26,257,399","548,252,841",21.10,21.10,20.70,20.95,+0.05,"8,109",2002
109/06/05,"19,206,498","402,447,808",20.95,21.00,20.90,21.00,+0.05,"6,969",2002
109/06/08,"24,770,663","523,343,916",21.00,21.20,21.00,21.20,+0.20,"7,381",2002
109/06/09,"20,115,368","427,942,706",21.25,21.35,21.20,21.30,+0.10,"6,369",2002
109/06/10,"18,816,583","398,979,463",21.30,21.30,21.10,21.20,-0.10,"5,504",2002
109/06/11,"20,589,453","432,976,013",21.20,21.20,20.80,20.90,-0.30,"7,418",2002
109/06/12,"17,152,033","352,080,351",20.60,20.65,20.35,20.65,-0.25,"5,884",2002
109/06/15,"20,650,629","422,490,625",20.45,20.55,20.35,20.35,-0.30,"6,786",2002
109/06/16,"14,935,204","310,208,651",20.45,20.95,20.40,20.80,+0.45,"4,826",2002
109/06/17,"12,004,418","249,890,096",20.80,20.95,20.60,20.95,+0.15,"5,012",2002
109/06/18,"18,841,584","388,330,068",20.90,20.95,20.50,20.55,-0.40,"6,156",2002
109/06/19,"32,599,705","670,543,654",20.75,20.80,20.50,20.50,-0.05,"4,257",2002
109/06/22,"13,540,719","277,857,039",20.50,20.60,20.45,20.55,+0.05,"4,431",2002
109/06/23,"14,362,718","295,991,161",20.55,20.75,20.45,20.75,+0.20,"3,455",2002
109/06/24,"14,079,790","293,244,333",20.75,20.95,20.70,20.85,+0.10,"3,569",2002
109/06/29,"13,537,602","278,069,802",20.65,20.70,20.50,20.55,-0.30,"4,477",2002
109/06/30,"14,165,529","293,006,192",20.60,20.80,20.55,20.70,+0.15,"3,062",2002
109/07/01,"11,867,137","244,681,532",20.65,20.75,20.55,20.60,-0.10,"4,291",2002
109/07/02,"9,740,933","200,668,864",20.60,20.70,20.55,20.55,-0.05,"3,438",2002
109/07/03,"9,817,632","203,167,258",20.60,20.75,20.60,20.75,+0.20,"3,323",2002
109/07/06,"16,997,206","355,186,452",20.80,21.00,20.75,21.00,+0.25,"5,067",2002
109/07/07,"15,537,383","323,257,286",21.00,21.05,20.75,20.75,-0.25,"4,968",2002
109/07/08,"15,633,051","324,889,882",20.75,20.85,20.70,20.85,+0.10,"4,106",2002
109/07/09,"22,559,321","471,458,847",20.90,21.25,20.70,20.85, 0.00,"5,879",2002
109/07/10,"14,233,729","294,938,559",20.85,20.85,20.65,20.70,-0.15,"4,340",2002
109/07/13,"13,185,468","273,134,594",20.70,20.80,20.60,20.70, 0.00,"3,558",2002
109/07/14,"11,183,179","230,859,376",20.70,20.75,20.60,20.60,-0.10,"3,012",2002
109/07/15,"15,644,866","326,122,060",20.70,20.95,20.65,20.90,+0.30,"5,241",2002
109/07/16,"12,924,477","270,563,202",21.00,21.05,20.85,20.90, 0.00,"3,777",2002
109/07/17,"7,495,050","156,673,290",21.00,21.00,20.80,20.90, 0.00,"2,534",2002
109/07/20,"9,308,926","193,605,091",20.85,20.85,20.75,20.80,-0.10,"2,771",2002
109/07/21,"25,606,187","529,815,928",20.75,20.80,20.60,20.60,-0.20,"7,286",2002
109/07/22,"17,125,724","353,742,038",20.60,20.70,20.60,20.70,+0.10,"4,761",2002
109/07/23,"14,800,420","305,597,696",20.65,20.70,20.60,20.70, 0.00,"4,340",2002
109/07/24,"21,544,000","435,800,799",20.20,20.35,20.15,20.15,X0.00,"6,777",2002
109/07/27,"16,331,473","327,274,810",20.10,20.15,20.00,20.00,-0.15,"6,176",2002
109/07/28,"17,279,046","342,358,575",19.80,19.90,19.65,19.90,-0.10,"6,031",2002
109/07/29,"9,685,677","193,135,986",19.90,20.00,19.90,19.90, 0.00,"4,212",2002
109/07/30,"11,624,730","231,020,139",19.90,20.00,19.80,19.90, 0.00,"4,288",2002
109/07/31,"12,976,862","257,527,892",19.95,19.95,19.80,19.80,-0.10,"4,595",2002
109/08/03,"15,298,604","301,309,227",19.80,19.80,19.60,19.60,-0.20,"5,707",2002
109/08/04,"8,460,409","167,351,073",19.65,19.90,19.60,19.85,+0.25,"3,100",2002
109/08/05,"10,660,617","212,750,740",19.85,20.00,19.85,20.00,+0.15,"4,185",2002
109/08/06,"14,783,909","295,946,780",20.00,20.10,19.90,20.10,+0.10,"5,186",2002
109/08/07,"15,065,446","300,086,794",20.00,20.10,19.80,19.95,-0.15,"4,850",2002
109/08/10,"8,630,190","172,948,270",20.00,20.10,19.95,20.10,+0.15,"3,053",2002
109/08/11,"14,298,991","289,116,420",20.10,20.30,20.10,20.20,+0.10,"4,613",2002
109/08/12,"8,770,716","176,412,551",20.15,20.25,20.05,20.20, 0.00,"3,165",2002
109/08/13,"8,980,030","181,052,938",20.20,20.20,20.10,20.20, 0.00,"3,021",2002
109/08/14,"11,579,393","233,691,751",20.10,20.30,20.00,20.20, 0.00,"3,735",2002
109/08/17,"16,405,359","333,363,925",20.20,20.40,20.20,20.40,+0.20,"4,310",2002
109/08/18,"12,050,478","246,209,890",20.45,20.50,20.35,20.50,+0.10,"4,076",2002
109/08/19,"10,065,423","204,568,381",20.45,20.50,20.20,20.25,-0.25,"4,427",2002
109/08/20,"21,875,689","435,491,396",20.05,20.15,19.80,19.80,-0.45,"7,914",2002
109/08/21,"11,326,866","227,100,020",20.00,20.10,19.95,20.00,+0.20,"3,643",2002
109/08/24,"6,508,394","130,328,480",20.00,20.10,20.00,20.00, 0.00,"2,799",2002
109/08/25,"9,858,698","197,497,060",20.00,20.10,20.00,20.00, 0.00,"4,038",2002
109/08/26,"13,623,112","272,613,440",20.00,20.10,19.85,20.10,+0.10,"3,951",2002
109/08/27,"6,266,656","125,451,720",20.05,20.10,19.95,20.05,-0.05,"2,388",2002
109/08/28,"10,457,785","208,995,350",19.95,20.10,19.90,20.00,-0.05,"3,882",2002
109/08/31,"20,645,836","411,905,270",20.05,20.15,19.90,19.90,-0.10,"3,694",2002
109/09/01,"17,472,880","349,693,100",20.00,20.10,19.90,20.00,+0.10,"3,654",2002
109/09/02,"11,770,748","235,749,294",20.00,20.10,19.95,20.10,+0.10,"3,890",2002
109/09/03,"11,277,235","226,663,718",20.10,20.15,20.00,20.15,+0.05,"3,708",2002
109/09/04,"10,788,684","216,210,475",20.05,20.10,20.00,20.00,-0.15,"3,114",2002
109/09/07,"81,078,415","1,683,087,365",20.05,21.10,20.05,21.00,+1.00,"20,561",2002
109/09/08,"24,414,659","510,293,907",21.00,21.10,20.75,20.90,-0.10,"9,230",2002
109/09/09,"20,526,293","427,349,094",20.75,21.00,20.55,21.00,+0.10,"6,340",2002
109/09/10,"14,675,026","305,913,349",21.00,21.05,20.65,20.90,-0.10,"3,897",2002
109/09/11,"13,793,781","288,299,093",20.90,21.00,20.80,20.95,+0.05,"4,981",2002
109/09/14,"13,806,399","288,967,196",20.95,21.00,20.85,20.95, 0.00,"4,313",2002
109/09/15,"18,195,868","380,909,268",20.95,21.00,20.85,20.95, 0.00,"4,081",2002
109/09/16,"14,398,683","301,091,064",20.95,21.00,20.85,21.00,+0.05,"4,085",2002
109/09/17,"14,790,961","309,470,514",21.00,21.00,20.85,20.90,-0.10,"3,690",2002
109/09/18,"23,993,224","498,461,389",20.90,20.95,20.70,20.70,-0.20,"4,182",2002
109/09/21,"7,756,630","161,235,648",20.75,20.90,20.70,20.70, 0.00,"2,590",2002
109/09/22,"16,904,101","350,057,851",20.75,20.85,20.60,20.60,-0.10,"4,224",2002
109/09/23,"15,052,705","308,390,991",20.60,20.70,20.35,20.55,-0.05,"4,489",2002
109/09/24,"28,253,718","567,853,253",20.35,20.40,20.00,20.00,-0.55,"8,233",2002
109/09/25,"11,078,662","222,755,680",20.15,20.20,20.00,20.15,+0.15,"3,271",2002
109/09/28,"9,284,160","189,187,884",20.20,20.45,20.20,20.45,+0.30,"3,125",2002
109/09/29,"26,289,797","542,903,307",20.50,20.75,20.50,20.60,+0.15,"4,897",2002
109/09/30,"15,561,179","319,723,668",20.70,20.70,20.45,20.45,-0.15,"3,711",2002
109/10/05,"10,180,349","209,968,223",20.70,20.75,20.50,20.60,+0.15,"3,027",2002
109/10/06,"16,665,467","345,300,792",20.60,20.80,20.60,20.75,+0.15,"5,847",2002
109/10/07,"10,978,364","227,282,053",20.75,20.75,20.65,20.65,-0.10,"3,734",2002
109/10/08,"7,069,304","146,059,515",20.70,20.75,20.55,20.65, 0.00,"2,419",2002
109/10/12,"14,749,987","302,069,915",20.60,20.65,20.35,20.50,-0.15,"4,553",2002
109/10/13,"9,779,523","199,767,595",20.45,20.55,20.30,20.55,+0.05,"3,206",2002
109/10/14,"16,004,193","330,821,746",20.60,20.75,20.55,20.70,+0.15,"3,183",2002
109/10/15,"12,154,277","248,581,418",20.65,20.70,20.30,20.40,-0.30,"3,657",2002
109/10/16,"7,906,946","162,435,797",20.55,20.65,20.45,20.45,+0.05,"2,524",2002
109/10/19,"10,781,521","222,341,151",20.45,20.70,20.45,20.60,+0.15,"3,350",2002
109/10/20,"11,477,173","236,923,821",20.60,20.70,20.60,20.70,+0.10,"3,528",2002
109/10/21,"16,474,320","338,532,906",20.70,20.75,20.35,20.55,-0.15,"5,336",2002
109/10/22,"11,829,486","242,935,819",20.55,20.65,20.45,20.55, 0.00,"2,815",2002
109/10/23,"8,542,867","175,225,325",20.55,20.60,20.45,20.50,-0.05,"2,363",2002
109/10/26,"12,279,042","253,500,319",20.60,20.70,20.50,20.70,+0.20,"4,977",2002
109/10/27,"16,104,821","332,908,275",20.60,20.70,20.60,20.70, 0.00,"3,847",2002
109/10/28,"12,808,510","264,471,397",20.60,20.75,20.55,20.55,-0.15,"4,811",2002
109/10/29,"16,861,192","344,350,803",20.45,20.55,20.30,20.40,-0.15,"5,482",2002
109/10/30,"21,069,051","427,273,673",20.30,20.40,20.10,20.30,-0.10,"4,644",2002
109/11/02,"9,793,901","200,179,343",20.30,20.50,20.30,20.50,+0.20,"3,041",2002
109/11/03,"11,052,226","227,276,692",20.50,20.65,20.50,20.60,+0.10,"2,954",2002
109/11/04,"8,493,762","174,989,871",20.50,20.65,20.50,20.65,+0.05,"2,622",2002
109/11/05,"9,896,013","204,412,749",20.65,20.70,20.55,20.70,+0.05,"3,463",2002
109/11/06,"9,949,118","205,383,011",20.70,20.70,20.55,20.70, 0.00,"2,796",2002
109/11/09,"14,632,702","302,770,865",20.75,20.75,20.60,20.70, 0.00,"4,007",2002
109/11/10,"19,634,900","407,766,510",20.70,20.80,20.70,20.80,+0.10,"5,781",2002
109/11/11,"65,559,517","1,393,996,266",20.90,21.75,20.85,21.75,+0.95,"20,485",2002
109/11/12,"38,102,575","820,142,737",21.70,21.75,21.40,21.60,-0.15,"9,844",2002
109/11/13,"15,530,625","334,656,007",21.60,21.65,21.45,21.60, 0.00,"5,774",2002
109/11/16,"26,593,306","574,202,429",21.60,21.70,21.50,21.60, 0.00,"7,192",2002
109/11/17,"35,570,393","777,751,992",21.65,22.00,21.65,21.95,+0.35,"12,624",2002
109/11/18,"27,006,781","593,246,911",21.95,22.00,21.90,22.00,+0.05,"10,514",2002
109/11/19,"22,059,271","484,426,326",22.00,22.00,21.90,22.00, 0.00,"6,181",2002
109/11/20,"19,900,893","437,443,296",22.00,22.00,21.90,22.00, 0.00,"6,277",2002
109/11/23,"38,808,267","873,054,282",22.05,22.70,22.00,22.65,+0.65,"13,504",2002
109/11/24,"24,490,711","556,614,854",22.75,22.90,22.55,22.65, 0.00,"7,730",2002
109/11/25,"49,797,915","1,145,845,427",22.70,23.25,22.70,23.05,+0.40,"17,142",2002
109/11/26,"26,331,632","607,454,722",23.10,23.25,22.95,23.10,+0.05,"9,284",2002
109/11/27,"38,736,116","899,115,388",23.20,23.30,23.05,23.15,+0.05,"14,981",2002
109/11/30,"78,259,450","1,803,444,051",23.25,23.55,22.80,22.80,-0.35,"13,473",2002
109/12/01,"21,295,946","489,216,994",22.90,23.10,22.80,23.10,+0.30,"6,827",2002
109/12/02,"29,925,979","694,751,816",23.10,23.35,23.00,23.30,+0.20,"7,932",2002
109/12/03,"20,745,742","482,807,113",23.30,23.40,23.10,23.30, 0.00,"6,558",2002
109/12/04,"39,189,927","917,832,265",23.30,23.55,23.25,23.40,+0.10,"10,443",2002
109/12/07,"32,389,097","760,215,619",23.55,23.65,23.30,23.45,+0.05,"10,275",2002
109/12/08,"25,686,711","599,828,062",23.45,23.50,23.25,23.35,-0.10,"7,035",2002
109/12/09,"25,120,372","587,330,047",23.55,23.60,23.25,23.35, 0.00,"6,744",2002
109/12/10,"53,919,900","1,277,431,101",23.40,24.00,23.40,23.65,+0.30,"16,286",2002
109/12/11,"44,208,380","1,056,231,853",24.00,24.10,23.60,23.95,+0.30,"12,905",2002
109/12/14,"99,980,889","2,457,313,019",24.05,25.00,24.00,24.65,+0.70,"28,777",2002
109/12/15,"67,090,892","1,654,345,834",24.70,25.10,24.20,24.35,-0.30,"20,873",2002
109/12/16,"39,346,330","962,560,360",24.60,24.85,24.30,24.40,+0.05,"14,152",2002
109/12/17,"30,051,210","728,503,847",24.45,24.50,24.05,24.40, 0.00,"9,209",2002
109/12/18,"39,770,929","967,458,254",24.50,24.50,24.15,24.45,+0.05,"10,437",2002
109/12/21,"72,164,991","1,794,285,556",24.50,25.00,24.50,24.95,+0.50,"19,050",2002
109/12/22,"123,104,848","3,088,696,758",25.00,25.60,24.25,24.50,-0.45,"36,477",2002
109/12/23,"29,833,921","722,930,668",24.40,24.40,24.00,24.40,-0.10,"9,750",2002
109/12/24,"28,979,117","704,111,724",24.40,24.60,24.15,24.35,-0.05,"8,088",2002
109/12/25,"37,793,792","913,514,566",24.35,24.45,24.00,24.20,-0.15,"10,164",2002
109/12/28,"22,448,980","543,624,840",24.20,24.30,24.05,24.30,+0.10,"7,038",2002
109/12/29,"36,190,388","889,836,145",24.50,24.75,24.45,24.65,+0.35,"11,966",2002
109/12/30,"62,189,405","1,551,538,041",24.80,25.15,24.70,25.00,+0.35,"17,828",2002
109/12/31,"26,965,560","668,379,342",25.00,25.00,24.65,24.75,-0.25,"6,919",2002
110/01/04,"39,225,786","980,693,271",24.90,25.20,24.90,24.95,+0.20,"11,332",2002
110/01/05,"184,376,509","4,774,323,878",25.15,26.40,25.10,26.00,+1.05,"54,718",2002
110/01/06,"103,147,812","2,680,180,499",26.50,26.80,25.20,25.50,-0.50,"35,750",2002
110/01/07,"52,269,322","1,334,938,757",25.70,25.90,25.35,25.70,+0.20,"14,363",2002
110/01/08,"56,491,757","1,461,826,289",25.95,26.15,25.50,26.00,+0.30,"17,077",2002
110/01/11,"29,988,375","773,384,743",26.00,26.05,25.60,25.90,-0.10,"10,362",2002
110/01/12,"45,016,298","1,140,510,344",25.75,25.75,25.15,25.30,-0.60,"14,591",2002
110/01/13,"41,467,607","1,051,919,920",25.30,25.55,25.15,25.55,+0.25,"13,719",2002
110/01/14,"34,269,792","870,144,549",25.70,25.75,25.25,25.30,-0.25,"12,922",2002
110/01/15,"47,128,490","1,178,323,973",25.30,25.40,24.85,24.90,-0.40,"14,113",2002
110/01/18,"36,783,128","893,033,955",24.70,24.70,24.10,24.25,-0.65,"14,523",2002
110/01/19,"22,801,703","555,011,251",24.35,24.55,24.25,24.30,+0.05,"7,581",2002
110/01/20,"54,351,457","1,284,529,255",24.15,24.15,23.35,23.45,-0.85,"20,187",2002
110/01/21,"25,068,520","594,197,034",23.40,23.95,23.40,23.60,+0.15,"8,604",2002
110/01/22,"29,117,020","685,347,016",23.60,23.80,23.20,23.65,+0.05,"9,360",2002
110/01/25,"23,434,064","560,065,107",23.70,24.20,23.40,23.95,+0.30,"10,319",2002
110/01/26,"24,037,073","569,241,502",23.90,23.95,23.55,23.70,-0.25,"7,854",2002
110/01/27,"23,514,869","556,621,150",23.90,24.00,23.55,23.55,-0.15,"6,985",2002
110/01/28,"36,013,867","838,518,475",23.30,23.45,23.15,23.30,-0.25,"12,747",2002
110/01/29,"33,857,935","783,825,131",23.25,23.55,22.95,22.95,-0.35,"9,950",2002
110/02/01,"18,847,727","438,251,036",23.00,23.40,23.00,23.20,+0.25,"6,161",2002
110/02/02,"27,411,737","647,945,396",23.20,23.90,23.20,23.80,+0.60,"8,276",2002
110/02/03,"28,250,158","666,475,306",23.80,23.85,23.40,23.65,-0.15,"7,382",2002
110/02/04,"24,265,967","566,597,299",23.40,23.55,23.20,23.20,-0.45,"8,038",2002
110/02/05,"14,926,034","348,879,288",23.25,23.50,23.20,23.40,+0.20,"5,220",2002
110/02/17,"36,095,860","862,360,720",23.50,24.10,23.50,24.00,+0.60,"13,090",2002
110/02/18,"37,302,157","910,537,252",24.20,24.55,24.15,24.40,+0.40,"13,642",2002
110/02/19,"33,225,307","812,913,353",24.50,24.60,24.30,24.60,+0.20,"11,810",2002
110/02/22,"31,205,922","768,107,991",24.70,24.90,24.45,24.45,-0.15,"11,350",2002
110/02/23,"75,716,445","1,907,276,616",24.80,25.45,24.80,25.30,+0.85,"24,725",2002
110/02/24,"50,843,982","1,282,345,297",25.55,25.70,24.85,25.05,-0.25,"15,984",2002
110/02/25,"36,963,180","931,153,291",25.25,25.35,25.05,25.30,+0.25,"11,548",2002
110/02/26,"57,174,454","1,422,259,506",25.10,25.20,24.70,24.75,-0.55,"14,671",2002
110/03/02,"26,825,274","666,254,853",25.00,25.20,24.60,24.65,-0.10,"9,803",2002
110/03/03,"55,220,261","1,378,048,125",24.80,25.10,24.65,25.05,+0.40,"14,460",2002
110/03/04,"56,331,570","1,413,972,882",25.10,25.40,24.85,25.00,-0.05,"15,336",2002
110/03/05,"28,969,207","722,404,311",24.70,25.10,24.65,24.95,-0.05,"9,125",2002
110/03/08,"36,241,317","911,922,786",25.00,25.35,25.00,25.10,+0.15,"10,264",2002
110/03/09,"88,552,463","2,269,734,170",25.40,25.90,25.35,25.70,+0.60,"28,677",2002
110/03/10,"48,934,014","1,259,435,173",25.90,25.95,25.55,25.75,+0.05,"16,351",2002
110/03/11,"57,675,254","1,489,350,733",25.90,25.90,25.65,25.80,+0.05,"15,865",2002
110/03/12,"32,527,169","840,085,556",25.90,25.95,25.75,25.90,+0.10,"9,756",2002
110/03/15,"24,343,646","624,386,402",25.85,25.90,25.50,25.65,-0.25,"8,348",2002
110/03/16,"30,599,194","780,458,738",25.65,25.70,25.40,25.50,-0.15,"11,640",2002
110/03/17,"37,767,226","966,814,531",25.65,25.70,25.50,25.65,+0.15,"11,782",2002
110/03/18,"26,448,001","676,867,604",25.75,25.80,25.45,25.45,-0.20,"8,535",2002
110/03/19,"40,171,855","1,008,630,296",25.35,25.40,25.00,25.10,-0.35,"11,157",2002
110/03/22,"26,379,326","661,534,035",25.10,25.20,24.90,25.15,+0.05,"9,379",2002
110/03/23,"23,243,282","584,023,697",25.15,25.30,25.00,25.10,-0.05,"6,717",2002
110/03/24,"20,303,792","502,009,446",25.10,25.15,24.90,25.00,-0.10,"6,329",2002
110/03/25,"20,597,331","516,076,438",24.95,25.25,24.90,25.00, 0.00,"8,373",2002
110/03/26,"19,970,136","500,031,433",25.00,25.10,24.95,25.05,+0.05,"6,148",2002
110/03/29,"37,607,546","957,836,649",25.20,25.60,25.15,25.55,+0.50,"12,383",2002
110/03/30,"41,861,320","1,073,715,336",25.60,25.80,25.45,25.80,+0.25,"14,660",2002
110/03/31,"50,747,605","1,310,786,556",25.80,25.95,25.70,25.90,+0.10,"15,103",2002
110/04/01,"46,818,961","1,212,079,542",26.00,26.00,25.75,25.80,-0.10,"11,703",2002
110/04/06,"32,305,454","836,323,644",25.90,26.00,25.80,25.95,+0.15,"11,445",2002
110/04/07,"177,633,896","4,739,085,413",26.00,27.15,25.95,26.90,+0.95,"52,496",2002
110/04/08,"203,017,728","5,663,438,959",27.30,28.25,27.30,28.15,+1.25,"60,523",2002
110/04/09,"109,947,901","3,066,276,268",28.25,28.40,27.45,27.95,-0.20,"32,487",2002
110/04/12,"162,983,278","4,800,329,829",28.80,29.95,28.75,29.60,+1.65,"53,245",2002
110/04/13,"209,474,973","6,382,977,020",30.30,31.00,29.85,30.20,+0.60,"64,851",2002
110/04/14,"482,434,385","15,693,772,212",31.30,33.20,31.25,32.95,+2.75,"130,645",2002
110/04/15,"315,016,917","10,437,972,078",33.10,33.60,32.45,33.00,+0.05,"93,419",2002
110/04/16,"351,411,712","12,298,211,196",33.85,35.75,33.70,35.15,+2.15,"113,612",2002
110/04/19,"398,532,415","15,025,603,555",36.80,38.65,36.50,38.65,+3.50,"135,663",2002
110/04/20,"431,636,739","16,399,131,281",38.80,39.10,36.65,39.00,+0.35,"141,744",2002
110/04/21,"278,002,487","10,721,146,557",38.40,39.30,37.80,38.50,-0.50,"100,249",2002
110/04/22,"541,814,671","21,909,916,152",39.40,41.95,37.85,38.90,+0.40,"175,782",2002
110/04/23,"291,301,990","11,119,147,336",39.60,40.00,36.80,38.10,-0.80,"97,801",2002
110/04/26,"296,191,366","11,721,856,293",38.50,40.20,38.30,40.00,+1.90,"87,425",2002
110/04/27,"234,068,114","9,216,710,767",40.00,40.15,38.80,39.10,-0.90,"81,640",2002
110/04/28,"188,020,229","7,200,638,511",38.65,38.95,38.00,38.20,-0.90,"63,415",2002
110/04/29,"350,487,793","13,872,463,038",39.50,40.15,38.70,39.30,+1.10,"101,791",2002
110/05/03,"363,817,423","14,412,583,784",40.00,40.95,38.50,38.55,-0.75,"103,461",2002
110/05/04,"378,682,864","13,768,515,351",38.90,39.35,34.70,36.25,-2.30,"108,661",2002
110/05/05,"422,219,772","16,407,241,296",37.15,39.85,36.80,39.25,+3.00,"128,981",2002
110/05/06,"607,177,007","24,779,149,968",40.20,42.00,39.05,41.00,+1.75,"181,746",2002
110/05/07,"290,480,533","11,816,358,671",41.95,41.95,39.55,41.20,+0.20,"92,594",2002
110/05/10,"598,969,406","26,025,770,036",41.60,45.00,40.55,45.00,+3.80,"194,813",2002
110/05/11,"808,923,532","35,589,356,159",43.70,46.75,40.55,42.00,-3.00,"273,185",2002
110/05/12,"722,798,697","28,374,191,752",42.55,43.75,37.80,38.35,-3.65,"196,093",2002
110/05/13,"554,505,005","20,360,555,111",35.80,38.50,34.80,36.60,-1.75,"155,223",2002
110/05/14,"464,334,831","16,407,107,014",37.50,37.75,33.70,34.85,-1.75,"135,772",2002
110/05/17,"389,660,803","12,637,653,166",32.50,34.35,31.40,31.65,-3.20,"102,406",2002
110/05/18,"123,544,505","4,248,105,582",34.00,34.80,33.60,34.80,+3.15,"33,431",2002
110/05/19,"536,621,415","20,023,726,133",36.00,38.25,35.80,37.80,+3.00,"160,506",2002
110/05/20,"429,600,261","15,537,025,043",36.60,37.70,34.60,35.15,-2.65,"140,589",2002
110/05/21,"398,343,003","14,249,589,292",35.85,37.10,34.45,36.20,+1.05,"116,077",2002
110/05/24,"241,239,189","8,602,829,094",35.40,36.50,35.10,35.50,-0.70,"74,390",2002
110/05/25,"252,319,196","8,796,372,257",35.85,36.10,34.20,34.45,-1.05,"87,450",2002
110/05/26,"187,570,404","6,423,555,545",34.55,34.90,33.65,34.85,+0.40,"60,609",2002
110/05/27,"204,422,182","7,151,020,089",35.00,35.60,34.50,34.60,-0.25,"57,518",2002
110/05/28,"396,917,410","14,550,296,425",36.00,37.35,35.70,36.55,+1.95,"122,714",2002
110/05/31,"424,576,169","16,121,972,370",37.70,39.10,36.45,36.95,+0.40,"141,839",2002
110/06/01,"191,210,116","7,068,863,350",37.40,37.70,36.20,37.35,+0.40,"60,613",2002
110/06/02,"510,200,107","19,792,597,056",37.90,39.80,37.30,39.50,+2.15,"157,571",2002
110/06/03,"322,183,566","12,600,694,516",39.75,39.85,38.60,38.80,-0.70,"95,755",2002
110/06/04,"172,869,870","6,673,868,307",38.50,39.40,38.00,38.05,-0.75,"60,158",2002
110/06/07,"186,879,281","6,985,811,559",38.40,38.55,36.20,37.30,-0.75,"61,694",2002
110/06/08,"95,059,305","3,554,966,404",37.20,38.00,37.10,37.20,-0.10,"30,293",2002
110/06/09,"228,299,365","8,245,836,083",37.05,37.35,35.30,36.10,-1.10,"79,340",2002
110/06/10,"178,092,426","6,364,270,330",36.10,36.55,35.05,36.15,+0.05,"54,064",2002
110/06/11,"152,766,032","5,554,450,942",36.40,37.10,35.80,36.15, 0.00,"45,089",2002
110/06/15,"171,242,414","6,115,214,475",36.15,36.30,35.35,35.85,-0.30,"54,681",2002
110/06/16,"143,531,767","5,163,912,069",35.70,36.65,35.45,35.50,-0.35,"47,367",2002
110/06/17,"127,653,186","4,546,136,456",35.05,36.30,35.05,35.45,-0.05,"39,926",2002
110/06/18,"157,041,761","5,567,400,766",35.80,35.95,35.00,35.00,-0.45,"42,670",2002
110/06/21,"147,587,971","5,078,571,117",35.00,35.20,34.00,34.30,-0.70,"57,248",2002
110/06/22,"312,181,508","11,247,457,989",34.95,37.00,34.80,36.15,+1.85,"95,446",2002
110/06/23,"178,862,303","6,408,350,505",36.55,36.85,35.10,35.40,-0.75,"54,452",2002
110/06/24,"102,941,515","3,704,694,338",35.80,36.40,35.65,35.80,+0.40,"29,649",2002
110/06/25,"102,827,719","3,720,961,722",36.80,36.85,35.70,35.75,-0.05,"34,892",2002
110/06/28,"297,852,055","10,982,728,653",36.10,37.75,36.00,37.45,+1.70,"96,996",2002
110/06/29,"415,486,720","15,779,287,038",37.65,38.80,37.10,37.75,+0.30,"135,988",2002
110/06/30,"643,189,465","25,449,201,360",38.50,40.70,38.40,39.60,+1.85,"215,559",2002
110/07/01,"417,157,122","16,656,813,151",40.65,41.35,38.65,39.10,-0.50,"144,829",2002
110/07/02,"202,966,854","7,990,326,456",39.60,40.15,38.80,38.95,-0.15,"69,505",2002
110/07/05,"238,868,607","9,578,587,843",39.95,40.80,39.55,39.90,+0.95,"82,103",2002
110/07/06,"138,886,895","5,554,150,835",40.65,40.65,39.65,39.70,-0.20,"50,917",2002
110/07/07,"237,239,838","9,148,164,769",39.55,39.85,38.00,38.05,-1.65,"92,921",2002
110/07/08,"151,502,693","5,788,996,914",38.20,38.80,37.50,38.75,+0.70,"53,476",2002
110/07/09,"112,385,902","4,267,966,872",38.00,38.35,37.70,38.05,-0.70,"37,843",2002
110/07/12,"124,509,281","4,797,287,176",39.45,39.45,37.80,37.90,-0.15,"44,167",2002
110/07/13,"156,744,164","5,822,445,978",38.20,38.40,36.50,36.50,-1.40,"63,837",2002
110/07/14,"120,746,327","4,341,135,366",36.40,36.85,35.50,35.90,-0.60,"44,408",2002
110/07/15,"80,161,837","2,932,809,207",36.25,37.10,36.05,37.00,+1.10,"29,481",2002
110/07/16,"75,612,897","2,752,920,438",36.70,36.75,36.20,36.35,-0.65,"27,709",2002
110/07/19,"95,745,158","3,481,184,210",36.20,36.95,36.00,36.60,+0.25,"33,399",2002
110/07/20,"130,658,011","4,732,911,097",36.75,37.10,35.80,36.05,-0.55,"43,922",2002
110/07/21,"142,252,952","5,049,801,866",36.35,36.60,34.90,35.10,-0.95,"53,140",2002
110/07/22,"83,196,833","2,944,927,883",35.50,35.95,35.00,35.20,+0.10,"25,637",2002
110/07/23,"77,640,339","2,788,395,537",35.60,36.30,35.35,36.30,+1.10,"26,550",2002
110/07/26,"57,031,398","2,057,493,207",36.65,36.65,35.70,35.80,-0.50,"23,035",2002
110/07/27,"54,069,216","1,913,897,463",35.95,36.05,35.20,35.20,-0.60,"21,657",2002
110/07/28,"66,170,519","2,330,321,666",35.15,35.75,34.80,35.30,+0.10,"24,872",2002
110/07/29,"67,395,083","2,424,558,295",35.60,36.45,35.20,36.30,+1.00,"22,981",2002
110/07/30,"119,482,521","4,399,592,306",36.60,37.10,36.35,36.35,+0.05,"38,614",2002
110/08/02,"87,512,356","3,240,284,900",36.80,37.25,36.70,37.25,+0.90,"27,668",2002
110/08/03,"56,480,994","2,069,877,778",36.95,36.95,36.30,36.90,-0.35,"17,890",2002
110/08/04,"38,113,130","1,403,789,662",36.90,37.15,36.60,36.80,-0.10,"13,231",2002
110/08/05,"57,283,667","2,066,544,459",36.60,36.70,35.85,36.00,-0.80,"20,588",2002
110/08/06,"43,138,598","1,545,459,023",35.80,36.15,35.40,35.85,-0.15,"15,060",2002
110/08/09,"147,522,032","5,460,871,403",36.10,37.50,35.90,37.45,+1.60,"46,766",2002
110/08/10,"74,015,352","2,733,593,113",37.15,37.30,36.60,36.80,-0.65,"24,237",2002
110/08/11,"135,691,677","5,058,081,210",37.45,37.95,36.60,37.05,+0.25,"39,336",2002
110/08/12,"153,507,866","5,794,361,839",37.30,38.10,37.15,38.00,+0.95,"47,530",2002
110/08/13,"96,448,354","3,651,804,322",37.95,38.25,37.40,37.75,-0.25,"28,180",2002
110/08/16,"110,817,587","4,180,852,583",38.30,38.50,36.95,37.65,-0.10,"34,624",2002
110/08/17,"110,889,852","4,089,536,160",38.00,38.15,35.90,36.25,-1.40,"40,524",2002
110/08/18,"90,046,246","3,270,165,441",36.00,37.10,35.50,37.00,+0.75,"27,641",2002
110/08/19,"132,543,123","4,743,139,394",36.60,36.65,35.30,35.30,-1.70,"49,269",2002
110/08/20,"76,345,228","2,685,198,086",35.50,35.80,34.70,35.10,-0.20,"28,997",2002
110/08/23,"48,748,343","1,743,851,183",35.55,36.20,35.55,35.65,+0.55,"16,654",2002
110/08/24,"54,105,120","1,940,953,266",35.90,36.20,35.30,36.00,+0.35,"17,897",2002
110/08/25,"34,869,327","1,253,061,074",36.25,36.25,35.65,36.00, 0.00,"12,420",2002
110/08/26,"115,810,244","4,268,154,033",36.20,37.65,35.90,36.35,+0.35,"38,080",2002
110/08/27,"48,663,902","1,789,749,779",36.45,37.10,36.25,36.90,+0.55,"17,305",2002
110/08/30,"101,194,549","3,773,481,130",37.25,37.75,36.90,37.50,+0.60,"30,285",2002
110/08/31,"159,163,328","6,015,860,327",37.50,38.20,37.20,38.15,X0.00,"48,076",2002
110/09/01,"121,328,565","4,631,912,313",38.25,38.65,37.75,37.75,-0.40,"40,639",2002
110/09/02,"80,065,104","2,996,328,837",38.00,38.10,37.00,37.00,-0.75,"27,663",2002
110/09/03,"56,921,802","2,139,240,202",37.40,37.95,37.20,37.45,+0.45,"18,699",2002
110/09/06,"260,811,157","10,066,914,606",37.85,39.10,37.65,38.85,+1.40,"82,253",2002
110/09/07,"144,136,715","5,565,199,769",39.00,39.10,38.15,38.50,-0.35,"43,395",2002
110/09/08,"144,905,602","5,540,200,253",38.50,39.20,37.35,37.60,-0.90,"48,864",2002
110/09/09,"71,659,534","2,723,830,139",37.45,38.35,37.35,38.35,+0.75,"23,887",2002
110/09/10,"193,942,603","7,573,383,040",38.50,39.30,38.45,39.10,+0.75,"58,958",2002
110/09/13,"274,667,075","10,969,087,759",39.20,40.20,39.15,40.05,+0.95,"82,972",2002
110/09/14,"152,552,433","6,064,177,086",40.10,40.35,39.35,39.85,-0.20,"47,548",2002
110/09/15,"111,554,006","4,369,552,429",39.65,39.65,38.80,39.25,-0.60,"37,276",2002
110/09/16,"109,394,207","4,235,077,390",39.40,39.50,38.40,38.50,-0.75,"36,016",2002
110/09/17,"148,354,900","5,646,700,625",38.50,38.90,37.80,37.80,-0.70,"44,305",2002
110/09/22,"159,671,723","5,809,126,101",36.00,36.80,35.90,36.30,-1.50,"55,253",2002
110/09/23,"120,848,019","4,395,681,756",36.80,37.00,36.00,36.15,-0.15,"38,105",2002
110/09/24,"120,880,537","4,368,919,203",36.45,36.50,36.00,36.00,-0.15,"38,032",2002
110/09/27,"81,337,263","2,933,013,048",36.10,36.40,35.90,35.95,-0.05,"25,441",2002
110/09/28,"64,944,106","2,320,657,077",35.95,36.00,35.60,35.75,-0.20,"25,237",2002
110/09/29,"98,299,054","3,468,072,689",35.25,35.60,35.10,35.20,-0.55,"37,321",2002
110/09/30,"79,164,177","2,851,325,986",35.40,36.40,35.35,36.30,+1.10,"26,768",2002
110/10/01,"89,533,085","3,212,259,928",36.05,36.25,35.55,35.85,-0.45,"25,715",2002
110/10/04,"107,922,379","3,798,011,855",36.00,36.05,35.00,35.00,-0.85,"36,972",2002
110/10/05,"98,790,544","3,461,680,532",34.85,35.60,34.55,35.60,+0.60,"24,623",2002
110/10/06,"63,564,587","2,232,115,182",35.65,35.70,34.90,35.05,-0.55,"21,236",2002
110/10/07,"149,455,005","5,147,487,036",34.80,34.90,34.10,34.50,-0.55,"58,144",2002
110/10/08,"165,478,114","5,570,372,341",34.65,34.70,33.05,33.20,-1.30,"71,582",2002
110/10/12,"70,910,007","2,356,454,731",33.05,33.65,32.80,33.40,+0.20,"26,976",2002
110/10/13,"88,597,353","2,895,561,952",33.45,33.70,32.25,32.40,-1.00,"37,902",2002
110/10/14,"41,631,096","1,362,941,266",32.65,33.10,32.50,32.75,+0.35,"15,653",2002
110/10/15,"41,845,449","1,386,990,934",33.20,33.40,32.80,33.20,+0.45,"15,501",2002
110/10/18,"40,097,170","1,345,261,572",33.45,33.80,33.40,33.65,+0.45,"13,197",2002
110/10/19,"35,515,396","1,190,837,950",33.65,33.80,33.40,33.45,-0.20,"10,531",2002
110/10/20,"55,975,618","1,894,509,955",33.95,34.30,33.50,33.55,+0.10,"21,406",2002
110/10/21,"40,522,369","1,372,788,525",33.70,34.20,33.45,33.90,+0.35,"13,716",2002
110/10/22,"42,377,438","1,415,781,066",34.00,34.00,33.15,33.30,-0.60,"14,490",2002
110/10/25,"21,247,493","707,160,556",33.25,33.45,33.00,33.30, 0.00,"7,720",2002
110/10/26,"56,601,263","1,911,019,023",33.55,33.95,33.45,33.75,+0.45,"11,140",2002
110/10/27,"28,145,705","955,136,025",33.90,34.05,33.80,33.90,+0.15,"10,523",2002
110/10/28,"35,748,089","1,210,529,233",33.95,34.05,33.70,33.70,-0.20,"11,083",2002
110/10/29,"36,232,277","1,217,341,819",33.70,33.90,33.35,33.60,-0.10,"11,957",2002
110/11/01,"46,542,843","1,555,919,407",33.80,33.90,33.20,33.40,-0.20,"17,599",2002
110/11/02,"45,392,614","1,521,577,336",33.50,34.00,33.20,33.20,-0.20,"15,913",2002
110/11/03,"25,151,922","841,077,979",33.30,33.65,33.25,33.50,+0.30,"9,978",2002
110/11/04,"44,877,494","1,495,450,459",33.70,33.75,33.05,33.25,-0.25,"14,913",2002
110/11/05,"43,823,404","1,446,659,616",33.25,33.30,32.90,33.10,-0.15,"15,989",2002
110/11/08,"98,530,499","3,367,203,723",33.55,34.50,33.50,34.40,+1.30,"34,666",2002
110/11/09,"70,663,793","2,445,742,509",34.70,34.85,34.20,34.50,+0.10,"26,896",2002
110/11/10,"34,144,227","1,166,573,422",34.45,34.45,34.00,34.10,-0.40,"11,875",2002
110/11/11,"80,281,448","2,766,117,400",34.25,35.00,33.95,34.35,+0.25,"24,661",2002
110/11/12,"39,299,148","1,346,811,527",34.50,34.70,34.10,34.25,-0.10,"11,806",2002
110/11/15,"47,861,773","1,613,428,336",34.25,34.30,33.55,33.65,-0.60,"19,306",2002
110/11/16,"71,424,698","2,368,137,655",33.50,33.55,33.00,33.15,-0.50,"29,034",2002
110/11/17,"39,565,984","1,309,333,206",33.15,33.30,33.00,33.05,-0.10,"14,829",2002
110/11/18,"56,901,059","1,879,047,557",33.10,33.20,32.90,32.95,-0.10,"20,640",2002
110/11/19,"61,271,219","2,004,980,976",32.95,32.95,32.55,32.60,-0.35,"28,059",2002
110/11/22,"50,388,550","1,637,387,226",32.50,32.75,32.30,32.60, 0.00,"18,423",2002
110/11/23,"74,326,648","2,466,365,340",32.70,33.55,32.65,33.10,+0.50,"23,591",2002
110/11/24,"63,766,794","2,149,615,944",33.35,33.95,33.20,33.80,+0.70,"22,708",2002
110/11/25,"42,073,228","1,424,381,291",34.00,34.20,33.60,33.80, 0.00,"14,737",2002
110/11/26,"48,983,393","1,626,873,570",33.60,33.70,33.00,33.05,-0.75,"16,104",2002
110/11/29,"30,719,598","1,007,437,917",32.85,33.05,32.50,32.90,-0.15,"11,651",2002
110/11/30,"65,165,591","2,129,942,835",32.95,33.00,32.55,32.55,-0.35,"15,085",2002
110/12/01,"23,981,590","791,264,094",32.50,33.20,32.50,33.10,+0.55,"9,724",2002
110/12/02,"57,958,031","1,948,980,643",33.10,33.95,33.10,33.90,+0.80,"19,838",2002
110/12/03,"49,878,738","1,697,845,479",34.00,34.30,33.80,34.10,+0.20,"16,830",2002
110/12/06,"26,548,317","901,286,515",33.95,34.20,33.70,33.90,-0.20,"12,716",2002
110/12/07,"54,876,730","1,877,983,806",34.00,34.35,33.95,34.35,+0.45,"15,757",2002
110/12/08,"52,550,307","1,809,462,800",34.50,34.85,34.10,34.10,-0.25,"19,750",2002
110/12/09,"24,551,223","841,824,481",34.35,34.50,34.10,34.35,+0.25,"10,160",2002
110/12/10,"31,299,498","1,076,945,288",34.55,34.70,34.20,34.20,-0.15,"11,715",2002
110/12/13,"56,122,955","1,946,271,166",34.40,34.90,34.35,34.60,+0.40,"18,091",2002
110/12/14,"34,357,940","1,174,198,178",34.50,34.50,34.00,34.10,-0.50,"14,675",2002
110/12/15,"22,254,310","761,124,170",34.20,34.35,34.00,34.25,+0.15,"11,548",2002
110/12/16,"23,314,172","799,747,574",34.35,34.50,34.10,34.35,+0.10,"9,805",2002
110/12/17,"187,761,229","6,635,653,546",34.50,35.70,34.40,35.45,+1.10,"53,959",2002
110/12/20,"115,622,690","4,149,410,955",35.90,36.35,35.60,35.60,+0.15,"37,043",2002
110/12/21,"77,727,591","2,753,772,235",35.45,35.85,34.80,35.70,+0.10,"25,502",2002
110/12/22,"51,997,863","1,853,843,999",35.70,35.80,35.50,35.65,-0.05,"12,365",2002
110/12/23,"58,411,810","2,067,024,780",35.60,35.65,35.10,35.50,-0.15,"18,136",2002
110/12/24,"26,979,171","960,596,441",35.80,35.90,35.40,35.55,+0.05,"12,256",2002
110/12/27,"22,686,073","802,085,971",35.55,35.60,35.25,35.25,-0.30,"9,179",2002
110/12/28,"23,449,248","823,115,305",35.40,35.45,35.15,35.40,+0.15,"7,735",2002
110/12/29,"35,115,917","1,235,691,044",35.40,35.40,35.10,35.25,-0.15,"12,432",2002
110/12/30,"18,184,351","642,563,361",35.30,35.40,35.25,35.35,+0.10,"6,357",2002
111/01/03,"34,469,943","1,208,657,986",35.50,35.55,34.85,35.00,-0.35,"14,031",2002
111/01/04,"46,180,281","1,594,237,989",35.00,35.00,34.35,34.45,-0.55,"19,402",2002
111/01/05,"20,541,091","713,871,495",34.45,34.90,34.45,34.85,+0.40,"7,181",2002
111/01/06,"21,801,664","756,157,401",34.85,34.85,34.50,34.80,-0.05,"7,005",2002
111/01/07,"22,474,040","780,741,051",34.80,35.00,34.60,34.80, 0.00,"6,859",2002
111/01/10,"18,912,462","658,478,467",34.65,34.95,34.60,34.90,+0.10,"6,817",2002
111/01/11,"30,006,008","1,039,060,826",34.80,34.90,34.50,34.55,-0.35,"7,926",2002
111/01/12,"25,999,766","902,315,054",34.55,34.85,34.55,34.85,+0.30,"8,365",2002
111/01/13,"61,109,168","2,163,938,042",34.90,35.60,34.90,35.50,+0.65,"18,503",2002
111/01/14,"27,399,687","959,746,635",35.45,35.45,34.80,35.20,-0.30,"14,390",2002
111/01/17,"15,737,536","548,653,276",34.90,35.00,34.75,35.00,-0.20,"6,332",2002
111/01/18,"24,793,948","861,306,436",34.90,35.00,34.60,34.60,-0.40,"12,032",2002
111/01/19,"39,259,077","1,342,159,274",34.35,34.35,34.05,34.05,-0.55,"15,756",2002
111/01/20,"23,376,496","799,076,177",34.05,34.40,34.00,34.15,+0.10,"7,105",2002
111/01/21,"34,043,380","1,154,996,179",34.05,34.25,33.80,33.85,-0.30,"11,286",2002
111/01/24,"29,995,532","1,001,482,036",33.70,33.70,33.25,33.45,-0.40,"12,145",2002
111/01/25,"41,584,144","1,390,796,594",33.50,33.75,33.30,33.45, 0.00,"15,618",2002
111/01/26,"24,063,050","809,268,032",33.45,33.75,33.45,33.65,+0.20,"10,181",2002
111/02/07,"46,231,805","1,568,420,966",33.50,34.25,33.40,34.25,+0.60,"15,615",2002
111/02/08,"48,681,847","1,673,088,255",34.25,34.60,34.00,34.50,+0.25,"14,353",2002
111/02/09,"33,909,249","1,181,146,888",34.70,35.00,34.65,34.95,+0.45,"14,031",2002
111/02/10,"65,997,753","2,334,503,833",35.10,35.70,34.95,35.65,+0.70,"22,761",2002
111/02/11,"42,943,632","1,532,765,204",35.60,35.90,35.50,35.70,+0.05,"15,027",2002
111/02/14,"31,753,043","1,120,792,363",35.45,35.55,35.10,35.50,-0.20,"15,535",2002
111/02/15,"25,201,716","889,072,951",35.55,35.55,35.00,35.05,-0.45,"13,027",2002
111/02/16,"27,501,782","974,131,764",35.35,35.65,35.20,35.45,+0.40,"11,514",2002
111/02/17,"25,011,819","889,076,062",35.70,35.80,35.35,35.55,+0.10,"7,917",2002
111/02/18,"27,756,299","988,299,982",35.40,35.75,35.35,35.65,+0.10,"8,899",2002
111/02/21,"106,731,378","3,881,757,366",35.65,36.65,35.50,36.45,+0.80,"32,484",2002
111/02/22,"58,606,996","2,107,472,409",36.50,36.50,35.60,36.15,-0.30,"26,136",2002
111/02/23,"25,692,867","926,334,697",36.00,36.40,35.80,36.05,-0.10,"10,429",2002
111/02/24,"53,247,962","1,885,066,162",35.80,35.80,35.15,35.25,-0.80,"21,721",2002
111/02/25,"48,711,199","1,741,427,814",35.45,36.00,35.30,36.00,+0.75,"15,195",2002
111/03/01,"192,591,898","7,325,988,065",38.00,38.65,37.40,37.95,+1.95,"75,426",2002
111/03/02,"161,699,341","6,202,621,553",38.25,38.80,37.95,38.30,+0.35,"60,593",2002
111/03/03,"83,968,799","3,247,609,444",38.90,38.95,38.55,38.60,+0.30,"29,983",2002
111/03/04,"67,511,715","2,601,704,073",38.55,38.75,38.30,38.40,-0.20,"34,586",2002
111/03/07,"169,196,742","6,524,468,500",38.45,39.20,37.55,39.00,+0.60,"64,879",2002
111/03/08,"157,398,911","5,978,481,734",38.85,39.15,36.90,37.40,-1.60,"66,773",2002
111/03/09,"54,471,648","2,062,233,550",37.75,38.20,37.40,37.95,+0.55,"29,788",2002
111/03/10,"53,175,185","2,034,165,018",38.35,38.40,38.10,38.30,+0.35,"21,194",2002
111/03/11,"41,965,287","1,613,789,538",38.30,38.70,38.30,38.45,+0.15,"14,849",2002
111/03/14,"49,001,000","1,900,106,831",38.70,38.90,38.65,38.80,+0.35,"17,537",2002
111/03/15,"44,209,537","1,707,720,671",39.00,39.00,38.30,38.70,-0.10,"17,303",2002
111/03/16,"50,958,281","1,966,418,097",39.00,39.00,38.20,38.55,-0.15,"24,326",2002
111/03/17,"45,732,405","1,772,134,090",38.90,38.90,38.55,38.85,+0.30,"15,287",2002
111/03/18,"61,727,023","2,408,525,113",38.90,39.20,38.80,39.05,+0.20,"19,217",2002
111/03/21,"109,300,138","4,360,534,762",39.60,40.25,39.60,39.75,+0.70,"43,855",2002
111/03/22,"75,825,589","3,024,263,686",40.10,40.15,39.45,39.80,+0.05,"27,756",2002
111/03/23,"54,848,383","2,185,840,897",39.90,40.00,39.60,40.00,+0.20,"21,011",2002
111/03/24,"52,693,118","2,108,471,815",40.00,40.15,39.85,40.00, 0.00,"21,501",2002
111/03/25,"56,999,363","2,282,103,200",40.15,40.20,39.95,40.00, 0.00,"19,522",2002
111/03/28,"45,820,483","1,814,678,873",39.85,40.00,39.15,40.00, 0.00,"20,864",2002
111/03/29,"54,333,668","2,146,043,648",39.85,39.90,39.35,39.40,-0.60,"23,367",2002
111/03/30,"80,655,863","3,129,843,106",39.25,39.25,38.35,38.95,-0.45,"37,453",2002
111/03/31,"30,303,522","1,179,934,431",38.90,39.15,38.65,38.95, 0.00,"13,992",2002
111/04/01,"36,343,157","1,417,749,977",38.70,39.20,38.50,39.20,+0.25,"11,595",2002
111/04/06,"36,688,721","1,435,623,850",39.20,39.35,38.90,39.35,+0.15,"15,055",2002
111/04/07,"43,366,591","1,694,546,143",39.05,39.60,38.75,38.80,-0.55,"23,590",2002
111/04/08,"30,094,082","1,174,793,324",39.00,39.20,38.85,39.20,+0.40,"11,638",2002
111/04/11,"30,760,423","1,209,696,627",39.40,39.50,39.10,39.40,+0.20,"13,558",2002
111/04/12,"37,304,164","1,466,618,202",39.40,39.55,39.05,39.35,-0.05,"16,787",2002
111/04/13,"28,139,883","1,112,327,931",39.45,39.65,39.40,39.50,+0.15,"11,769",2002
111/04/14,"23,006,838","910,122,187",39.65,39.70,39.40,39.50, 0.00,"10,939",2002
111/04/15,"29,615,662","1,170,557,218",39.50,39.70,39.40,39.55,+0.05,"11,627",2002
111/04/18,"55,212,356","2,139,783,636",39.50,39.55,38.40,38.50,-1.05,"27,076",2002
111/04/19,"23,355,043","902,599,035",38.60,38.80,38.55,38.60,+0.10,"12,287",2002
111/04/20,"42,370,915","1,625,594,586",38.75,38.80,38.25,38.30,-0.30,"17,246",2002
111/04/21,"49,910,717","1,898,570,440",38.35,38.45,37.80,37.80,-0.50,"26,260",2002
111/04/22,"48,037,989","1,812,844,344",37.70,38.05,37.55,37.60,-0.20,"17,681",2002
111/04/25,"73,031,069","2,688,773,549",37.30,37.35,36.60,36.60,-1.00,"30,178",2002
111/04/26,"76,597,037","2,778,110,001",36.60,36.80,36.10,36.10,-0.50,"25,842",2002
111/04/27,"63,208,253","2,245,093,353",35.70,35.70,35.30,35.60,-0.50,"24,903",2002
111/04/28,"35,435,137","1,274,904,872",35.65,36.20,35.60,36.05,+0.45,"12,285",2002
111/04/29,"22,574,731","816,111,892",36.25,36.35,36.05,36.10,+0.05,"8,438",2002
111/05/03,"21,701,934","778,070,886",36.10,36.15,35.50,36.00,-0.10,"9,071",2002
111/05/04,"15,756,428","568,855,773",36.20,36.20,36.00,36.05,+0.05,"6,699",2002
111/05/05,"20,289,028","739,037,045",36.40,36.60,36.25,36.35,+0.30,"8,987",2002
111/05/06,"26,353,658","943,657,116",35.90,35.90,35.60,35.80,-0.55,"11,022",2002
111/05/09,"38,253,854","1,343,208,373",35.50,35.50,35.00,35.00,-0.80,"17,696",2002
111/05/10,"35,945,411","1,242,861,571",34.65,34.80,34.20,34.60,-0.40,"15,873",2002
111/05/11,"37,327,091","1,283,190,845",34.60,34.80,34.20,34.20,-0.40,"17,642",2002
111/05/12,"56,673,912","1,905,035,635",34.00,34.15,33.20,33.20,-1.00,"25,906",2002
111/05/13,"32,137,484","1,073,846,111",33.25,33.70,33.25,33.35,+0.15,"14,515",2002
111/05/16,"28,696,594","955,166,665",33.65,33.65,33.10,33.20,-0.15,"13,089",2002
111/05/17,"33,521,613","1,110,831,501",33.40,33.45,33.00,33.00,-0.20,"15,616",2002
111/05/18,"31,265,063","1,044,634,060",33.10,33.65,33.05,33.55,+0.55,"13,482",2002
111/05/19,"46,477,649","1,534,156,303",33.15,33.20,32.90,32.95,-0.60,"23,550",2002
111/05/20,"19,723,046","657,181,649",33.10,33.45,33.00,33.35,+0.40,"8,394",2002
111/05/23,"26,123,928","875,977,470",33.65,33.65,33.35,33.55,+0.20,"9,525",2002
111/05/24,"25,518,783","860,278,188",33.60,33.95,33.55,33.55, 0.00,"10,743",2002
111/05/25,"19,372,860","653,985,106",33.65,33.90,33.55,33.85,+0.30,"8,862",2002
111/05/26,"23,794,809","810,592,307",33.95,34.20,33.90,34.05,+0.20,"10,236",2002
111/05/27,"28,387,222","972,532,196",34.25,34.45,33.90,34.40,+0.35,"10,492",2002
111/05/30,"34,500,570","1,189,053,172",34.50,34.65,34.30,34.50,+0.10,"14,595",2002
111/05/31,"55,645,931","1,918,688,844",34.45,34.65,34.20,34.65,+0.15,"11,345",2002
111/06/01,"28,494,051","976,423,525",34.40,34.45,34.15,34.15,-0.50,"15,458",2002
111/06/02,"25,731,934","869,760,984",33.90,33.95,33.70,33.75,-0.40,"12,384",2002
111/06/06,"28,128,588","962,998,297",33.75,34.65,33.65,34.65,+0.90,"11,110",2002
111/06/07,"26,233,406","908,349,258",34.55,34.80,34.40,34.75,+0.10,"10,751",2002
111/06/08,"16,138,350","561,072,284",34.75,34.90,34.65,34.75, 0.00,"6,970",2002
111/06/09,"14,149,326","488,103,549",34.60,34.65,34.40,34.50,-0.25,"6,976",2002
111/06/10,"17,887,660","616,788,196",34.30,34.65,34.20,34.50, 0.00,"5,894",2002
111/06/13,"27,120,902","921,086,511",33.95,34.15,33.80,34.00,-0.50,"9,632",2002
111/06/14,"29,299,827","993,102,440",33.95,34.10,33.70,34.00, 0.00,"9,474",2002
111/06/15,"25,080,577","851,674,980",34.00,34.20,33.80,33.80,-0.20,"11,095",2002
111/06/16,"25,717,930","870,499,029",34.15,34.15,33.55,33.55,-0.25,"9,236",2002
111/06/17,"48,915,126","1,624,857,380",33.50,33.50,33.10,33.15,-0.40,"13,618",2002
111/06/20,"55,208,138","1,798,065,506",33.15,33.30,32.15,32.15,-1.00,"24,214",2002
111/06/21,"62,231,629","1,984,903,107",32.20,32.30,31.50,31.85,-0.30,"23,733",2002
111/06/22,"54,521,064","1,705,974,350",31.90,31.95,31.00,31.00,-0.85,"21,771",2002
111/06/23,"132,154,137","3,915,440,131",30.65,30.90,29.00,29.00,-2.00,"52,158",2002
111/06/24,"79,123,709","2,296,283,341",29.00,29.40,28.70,29.00, 0.00,"36,826",2002
111/06/27,"39,891,304","1,178,330,208",29.25,29.65,29.25,29.45,+0.45,"14,504",2002
111/06/28,"40,195,633","1,166,339,589",29.30,29.35,28.80,29.20,-0.25,"17,627",2002
111/06/29,"35,634,754","1,037,961,106",29.00,29.35,28.85,29.10,-0.10,"13,305",2002
111/06/30,"49,674,139","1,420,917,760",29.10,29.15,28.45,28.45,-0.65,"22,751",2002
111/07/01,"35,253,573","1,012,042,910",28.45,28.95,28.35,28.70,+0.25,"15,550",2002
111/07/04,"35,326,126","1,013,404,047",28.75,28.95,28.40,28.65,-0.05,"13,883",2002
111/07/05,"34,020,987","990,985,243",29.15,29.50,28.90,29.20,+0.55,"17,611",2002
111/07/06,"32,077,532","932,100,475",29.30,29.30,29.00,29.00,-0.20,"12,358",2002
111/07/07,"32,498,996","943,904,433",29.10,29.25,28.65,29.05,+0.05,"10,849",2002
111/07/08,"27,361,679","804,241,970",29.20,29.60,29.15,29.35,+0.30,"11,811",2002
111/07/11,"20,179,456","589,077,270",29.35,29.45,29.10,29.10,-0.25,"8,068",2002
111/07/12,"29,259,510","845,195,029",29.10,29.15,28.80,28.90,-0.20,"12,007",2002
111/07/13,"44,617,014","1,293,625,812",29.10,29.20,28.90,29.05,+0.15,"15,536",2002
111/07/14,"30,629,102","888,658,130",29.05,29.25,28.70,29.25,+0.20,"10,662",2002
111/07/15,"39,719,603","1,149,879,298",29.15,29.15,28.85,28.95,-0.30,"15,838",2002
111/07/18,"66,893,199","1,964,924,501",29.00,30.65,28.75,30.65,+1.70,"18,947",2002
111/07/19,"64,403,059","1,942,500,588",30.05,30.50,29.70,30.25,-0.40,"27,766",2002
111/07/20,"58,921,197","1,788,144,987",30.25,30.50,30.10,30.50,+0.25,"20,080",2002
111/07/21,"72,413,731","2,193,039,470",30.35,30.50,29.90,30.50, 0.00,"20,621",2002
111/07/22,"67,015,793","2,056,277,103",30.50,30.80,30.30,30.80,+0.30,"17,704",2002
111/07/25,"114,240,827","3,556,190,836",30.75,31.35,30.65,31.30,+0.50,"31,537",2002
111/07/26,"120,587,065","3,368,401,050",27.75,28.10,27.65,27.85,X0.00,"33,259",2002
111/07/27,"48,882,440","1,349,526,919",27.90,27.90,27.50,27.60,-0.25,"22,790",2002
111/07/28,"41,723,635","1,145,401,518",27.60,27.80,27.30,27.35,-0.25,"22,498",2002
111/07/29,"23,392,242","645,930,086",27.60,27.70,27.40,27.70,+0.35,"9,111",2002
111/08/01,"47,203,836","1,339,533,345",27.80,28.65,27.80,28.60,+0.90,"18,221",2002
111/08/02,"35,983,769","1,017,604,146",28.20,28.50,28.10,28.35,-0.25,"15,570",2002
111/08/03,"28,544,329","801,934,954",28.30,28.45,28.00,28.05,-0.30,"11,247",2002
111/08/04,"25,736,682","717,075,957",28.05,28.10,27.70,27.85,-0.20,"10,526",2002
111/08/05,"18,482,618","520,986,291",28.10,28.30,28.00,28.30,+0.45,"6,866",2002
111/08/08,"25,084,149","702,122,035",28.30,28.30,27.85,27.95,-0.35,"9,035",2002
111/08/09,"14,245,466","398,622,201",27.95,28.15,27.80,28.00,+0.05,"5,684",2002
111/08/10,"14,642,266","409,927,955",28.00,28.10,27.80,28.00, 0.00,"5,271",2002
111/08/11,"28,286,180","801,055,561",28.20,28.50,28.10,28.45,+0.45,"8,966",2002
111/08/12,"28,490,436","820,931,616",28.45,29.00,28.45,28.75,+0.30,"13,033",2002
111/08/15,"27,059,322","788,894,961",29.00,29.30,28.85,29.15,+0.40,"12,287",2002
111/08/16,"17,421,158","506,940,464",29.20,29.30,29.00,29.00,-0.15,"9,051",2002
111/08/17,"21,153,229","617,445,747",29.00,29.40,28.95,29.20,+0.20,"7,729",2002
111/08/18,"14,833,133","431,768,493",29.10,29.20,28.90,29.20, 0.00,"6,847",2002
111/08/19,"14,754,032","429,985,254",29.10,29.25,29.00,29.20, 0.00,"5,926",2002
111/08/22,"15,629,212","453,117,240",29.00,29.10,28.90,29.00,-0.20,"6,455",2002
111/08/23,"14,123,481","406,958,280",28.95,28.95,28.70,28.80,-0.20,"5,776",2002
111/08/24,"14,989,540","435,334,972",28.80,29.20,28.80,29.05,+0.25,"5,744",2002
111/08/25,"9,784,195","285,051,981",29.10,29.25,29.05,29.15,+0.10,"4,555",2002
111/08/26,"12,719,504","371,670,784",29.20,29.40,29.10,29.25,+0.10,"6,076",2002
111/08/29,"18,015,614","519,156,150",28.60,29.00,28.60,28.80,-0.45,"7,543",2002
111/08/30,"20,318,664","586,771,866",28.80,29.10,28.65,29.00,+0.20,"7,817",2002
111/08/31,"19,032,432","550,575,221",28.85,29.10,28.75,28.95,-0.05,"5,533",2002
111/09/01,"18,805,028","537,233,529",28.70,28.75,28.40,28.55,-0.40,"10,046",2002
111/09/02,"15,827,654","452,591,228",28.65,28.80,28.55,28.55, 0.00,"6,022",2002
111/09/05,"17,192,584","496,627,253",28.70,29.00,28.55,29.00,+0.45,"6,078",2002
111/09/06,"18,358,364","534,833,382",29.20,29.25,29.00,29.20,+0.20,"7,823",2002
111/09/07,"29,935,184","869,035,929",29.20,29.55,28.75,28.75,-0.45,"13,713",2002
111/09/08,"28,603,791","834,951,203",29.00,29.35,28.85,29.25,+0.50,"9,383",2002
111/09/12,"22,307,208","660,807,938",29.70,29.90,29.35,29.70,+0.45,"8,680",2002
111/09/13,"22,119,695","656,185,707",29.65,29.80,29.45,29.80,+0.10,"7,671",2002
111/09/14,"20,100,273","590,478,407",29.25,29.60,29.20,29.30,-0.50,"10,720",2002
111/09/15,"20,365,950","599,875,787",29.35,29.65,29.15,29.50,+0.20,"7,380",2002
111/09/16,"46,247,638","1,358,222,128",29.20,29.50,29.15,29.35,-0.15,"7,461",2002
111/09/19,"19,739,833","580,408,728",29.45,29.65,29.25,29.30,-0.05,"9,064",2002
111/09/20,"47,793,673","1,369,500,541",29.15,29.25,28.45,28.60,-0.70,"22,104",2002
111/09/21,"48,487,853","1,363,081,503",28.40,28.45,27.90,28.35,-0.25,"24,680",2002
111/09/22,"38,129,410","1,059,441,580",27.95,28.45,27.50,28.45,+0.10,"18,931",2002
111/09/23,"25,610,892","714,441,514",28.00,28.05,27.80,27.85,-0.60,"11,047",2002
111/09/26,"34,309,764","931,410,811",27.50,27.55,27.00,27.10,-0.75,"15,474",2002
111/09/27,"28,640,190","770,638,959",27.10,27.20,26.70,26.80,-0.30,"12,960",2002
111/09/28,"25,975,185","692,843,647",26.80,27.20,26.50,26.65,-0.15,"12,247",2002
111/09/29,"20,500,336","550,046,477",26.80,27.00,26.70,27.00,+0.35,"8,081",2002
111/09/30,"23,522,077","626,797,078",26.95,26.95,26.40,26.70,-0.30,"8,435",2002
111/10/03,"16,342,702","432,241,577",26.45,26.65,26.20,26.45,-0.25,"7,430",2002
111/10/04,"25,646,913","694,623,617",26.65,27.40,26.65,27.20,+0.75,"9,267",2002
111/10/05,"21,319,083","586,964,190",27.30,27.75,27.25,27.60,+0.40,"8,548",2002
111/10/06,"18,216,337","505,155,214",27.80,27.85,27.45,27.80,+0.20,"6,077",2002
111/10/07,"13,780,423","380,893,366",27.65,27.80,27.50,27.55,-0.25,"5,652",2002
111/10/11,"31,527,427","865,658,783",27.10,27.70,27.00,27.35,-0.20,"9,771",2002
111/10/12,"17,360,305","474,824,770",27.35,27.55,27.05,27.50,+0.15,"6,565",2002
111/10/13,"21,497,266","582,712,527",27.40,27.55,26.90,26.90,-0.60,"8,664",2002
111/10/14,"20,089,488","544,417,171",27.25,27.35,26.90,26.90, 0.00,"7,330",2002
111/10/17,"27,646,593","741,183,297",26.80,27.10,26.40,27.05,+0.15,"12,270",2002
111/10/18,"25,871,607","703,084,241",27.20,27.40,27.00,27.20,+0.15,"10,580",2002
111/10/19,"35,416,577","974,330,757",27.20,27.75,27.10,27.45,+0.25,"13,329",2002
111/10/20,"74,123,737","2,081,790,695",27.00,28.60,26.90,28.60,+1.15,"15,139",2002
111/10/21,"20,997,634","588,592,069",28.10,28.20,27.80,28.05,-0.55,"9,361",2002
111/10/24,"18,187,417","509,489,615",28.15,28.20,27.75,28.00,-0.05,"7,732",2002
111/10/25,"24,342,086","664,817,612",27.45,27.55,27.05,27.25,-0.75,"9,615",2002
111/10/26,"13,607,182","371,896,462",27.30,27.50,27.15,27.30,+0.05,"5,140",2002
111/10/27,"21,879,843","595,918,294",27.35,27.65,27.05,27.05,-0.25,"8,375",2002
111/10/28,"20,778,714","557,722,224",27.00,27.15,26.60,27.15,+0.10,"10,364",2002
111/10/31,"15,849,006","425,873,096",27.00,27.10,26.75,26.85,-0.30,"6,494",2002
111/11/01,"16,129,383","434,278,973",26.85,27.10,26.75,27.00,+0.15,"4,207",2002
111/11/02,"15,164,307","410,071,326",26.90,27.20,26.85,27.20,+0.20,"5,722",2002
111/11/03,"13,455,151","361,526,060",26.80,27.00,26.75,26.85,-0.35,"6,905",2002
111/11/04,"20,385,690","543,836,599",26.65,26.80,26.55,26.75,-0.10,"8,333",2002
111/11/07,"20,557,326","555,213,385",26.80,27.15,26.80,27.15,+0.40,"8,280",2002
111/11/08,"19,259,627","526,490,798",27.25,27.45,27.15,27.40,+0.25,"7,220",2002
111/11/09,"21,420,367","592,097,637",27.40,27.80,27.35,27.80,+0.40,"7,610",2002
111/11/10,"11,604,259","320,252,352",27.65,27.80,27.45,27.55,-0.25,"4,686",2002
111/11/11,"32,709,459","913,023,011",27.80,28.10,27.65,28.00,+0.45,"10,907",2002
111/11/14,"55,581,031","1,592,511,180",28.15,29.00,28.05,28.95,+0.95,"18,041",2002
111/11/15,"33,436,967","968,335,119",28.65,29.15,28.45,29.10,+0.15,"12,086",2002
111/11/16,"25,204,201","725,473,781",28.90,29.05,28.60,28.80,-0.30,"10,999",2002
111/11/17,"20,618,369","585,637,155",28.40,28.60,28.30,28.40,-0.40,"6,339",2002
111/11/18,"22,558,111","637,884,286",28.30,28.55,28.05,28.40, 0.00,"7,987",2002
111/11/21,"27,463,148","789,821,927",28.20,29.00,28.20,29.00,+0.60,"10,761",2002
111/11/22,"20,769,688","601,054,922",28.90,29.00,28.65,29.00, 0.00,"7,391",2002
111/11/23,"19,255,986","557,888,478",29.00,29.05,28.85,29.00, 0.00,"6,963",2002
111/11/24,"50,505,418","1,479,264,839",29.05,29.50,29.00,29.20,+0.20,"15,500",2002
111/11/25,"37,340,863","1,089,925,997",29.30,29.60,28.75,28.75,-0.45,"11,547",2002
111/11/28,"44,258,352","1,249,940,180",28.40,28.65,27.90,27.90,-0.85,"14,589",2002
111/11/29,"36,571,664","1,047,730,899",28.10,28.95,28.10,28.70,+0.80,"10,854",2002
111/11/30,"53,209,958","1,548,254,899",28.60,29.20,28.60,29.15,+0.45,"12,435",2002
111/12/01,"34,737,926","1,015,921,190",29.30,29.45,29.05,29.25,+0.10,"8,894",2002
111/12/02,"24,639,006","716,991,158",28.80,29.30,28.80,29.00,-0.25,"8,247",2002
111/12/05,"31,481,300","914,393,319",28.80,29.25,28.55,29.20,+0.20,"10,247",2002
111/12/06,"32,191,716","935,913,186",29.10,29.40,28.80,29.00,-0.20,"8,636",2002
111/12/07,"22,847,981","664,662,797",28.80,29.25,28.80,29.00, 0.00,"6,706",2002
111/12/08,"23,911,342","692,112,974",29.00,29.10,28.80,28.95,-0.05,"7,058",2002
111/12/09,"20,380,183","590,262,589",28.85,29.05,28.85,29.05,+0.10,"6,087",2002
111/12/12,"22,354,224","645,402,167",29.00,29.05,28.55,29.00,-0.05,"5,829",2002
111/12/13,"45,307,736","1,325,253,979",29.15,29.50,28.90,29.15,+0.15,"11,013",2002
111/12/14,"27,940,311","814,380,983",29.35,29.35,29.00,29.05,-0.10,"8,654",2002
111/12/15,"42,946,792","1,259,788,637",29.30,29.70,29.10,29.25,+0.20,"13,352",2002
111/12/16,"108,322,954","3,156,063,257",29.05,29.45,28.75,29.40,+0.15,"25,273",2002
111/12/19,"112,143,065","3,193,925,397",29.00,29.15,28.30,28.30,-1.10,"24,798",2002
111/12/20,"104,913,472","3,004,288,762",28.45,29.15,28.40,28.45,+0.15,"19,922",2002
111/12/21,"143,600,094","4,237,354,340",28.85,29.75,28.75,29.70,+1.25,"33,061",2002
111/12/22,"157,162,296","4,793,000,035",29.85,30.85,29.45,30.65,+0.95,"38,663",2002
111/12/23,"37,215,614","1,135,105,395",30.25,30.70,30.05,30.70,+0.05,"14,788",2002
111/12/26,"18,954,307","581,009,749",30.70,30.90,30.45,30.60,-0.10,"7,605",2002
111/12/27,"20,310,264","617,114,702",30.60,30.70,30.20,30.30,-0.30,"9,218",2002
111/12/28,"33,085,835","1,009,151,718",30.35,30.60,30.20,30.60,+0.30,"10,906",2002
111/12/29,"31,542,106","944,088,394",30.40,30.40,29.70,29.95,-0.65,"13,328",2002
111/12/30,"17,979,482","537,812,275",29.95,30.15,29.80,29.80,-0.15,"4,945",2002
112/01/03,"26,159,669","785,733,425",29.85,30.30,29.50,30.25,+0.45,"8,055",2002
112/01/04,"22,137,060","662,970,527",30.05,30.15,29.80,29.90,-0.35,"6,882",2002
112/01/05,"11,071,455","332,145,821",30.10,30.10,29.90,30.00,+0.10,"4,458",2002
112/01/06,"10,458,703","314,444,990",29.95,30.15,29.90,30.15,+0.15,"3,999",2002
112/01/09,"39,036,956","1,199,358,684",30.30,30.95,30.15,30.95,+0.80,"16,988",2002
112/01/10,"20,218,536","623,252,131",30.80,31.00,30.70,30.85,-0.10,"8,153",2002
112/01/11,"13,428,484","412,831,385",30.95,31.00,30.65,30.70,-0.15,"4,925",2002
112/01/12,"30,598,924","950,505,597",30.90,31.30,30.85,31.05,+0.35,"11,069",2002
112/01/13,"25,974,340","809,606,846",31.15,31.40,31.00,31.05, 0.00,"10,811",2002
112/01/16,"15,882,093","494,350,226",31.20,31.45,30.85,31.05, 0.00,"7,229",2002
112/01/17,"17,002,167","529,148,287",31.05,31.20,30.95,31.20,+0.15,"6,395",2002
112/01/30,"57,449,512","1,834,299,140",32.00,32.10,31.55,32.10,+0.90,"21,456",2002
112/01/31,"31,412,465","1,002,373,776",32.00,32.30,31.65,31.65,-0.45,"13,387",2002
112/02/01,"21,026,740","670,983,703",31.60,32.15,31.60,32.00,+0.35,"8,671",2002
112/02/02,"23,585,718","751,739,236",32.00,32.05,31.70,31.95,-0.05,"9,070",2002
112/02/03,"16,517,867","519,661,798",31.80,31.80,31.30,31.40,-0.55,"8,812",2002
112/02/06,"17,745,857","553,270,992",31.30,31.50,31.05,31.05,-0.35,"7,931",2002
112/02/07,"14,756,222","462,610,166",31.20,31.55,31.15,31.45,+0.40,"6,998",2002
112/02/08,"11,984,093","376,982,133",31.45,31.55,31.30,31.45, 0.00,"6,228",2002
112/02/09,"8,984,170","281,697,280",31.30,31.45,31.20,31.30,-0.15,"4,778",2002
112/02/10,"10,813,574","337,551,353",31.15,31.35,31.05,31.25,-0.05,"4,746",2002
112/02/13,"11,185,509","350,331,868",31.15,31.50,31.05,31.45,+0.20,"4,934",2002
112/02/14,"11,450,260","360,534,363",31.60,31.60,31.40,31.45, 0.00,"5,092",2002
112/02/15,"15,690,008","492,835,804",31.55,31.65,31.20,31.35,-0.10,"6,899",2002
112/02/16,"16,281,847","514,284,331",31.65,31.75,31.40,31.60,+0.25,"6,309",2002
112/02/17,"10,015,739","316,464,602",31.55,31.70,31.45,31.70,+0.10,"5,022",2002
112/02/20,"16,095,249","512,688,803",31.70,32.00,31.50,32.00,+0.30,"7,028",2002
112/02/21,"27,921,378","894,467,143",32.00,32.15,31.75,32.10,+0.10,"9,425",2002
112/02/22,"11,105,553","354,109,320",31.90,32.00,31.75,31.95,-0.15,"4,960",2002
112/02/23,"14,901,525","475,446,832",31.95,32.00,31.80,31.80,-0.15,"6,062",2002
112/02/24,"33,548,887","1,056,633,413",31.90,31.95,31.40,31.40,-0.40,"8,147",2002
112/03/01,"44,144,547","1,347,780,374",31.00,31.10,30.30,30.30,-1.10,"22,069",2002
112/03/02,"21,962,621","670,110,553",30.35,30.80,30.20,30.65,+0.35,"9,523",2002
112/03/03,"11,642,232","357,035,590",30.65,30.85,30.55,30.70,+0.05,"5,348",2002
112/03/06,"14,010,538","431,777,665",30.90,30.95,30.70,30.80,+0.10,"5,802",2002
112/03/07,"17,149,028","530,967,963",30.75,31.15,30.70,31.10,+0.30,"7,830",2002
112/03/08,"21,107,971","656,269,971",31.00,31.30,30.90,31.20,+0.10,"7,948",2002
112/03/09,"18,108,786","558,787,337",31.20,31.30,30.75,30.75,-0.45,"9,330",2002
112/03/10,"20,135,850","616,026,295",30.55,30.75,30.50,30.60,-0.15,"9,332",2002
112/03/13,"20,561,633","636,195,009",30.55,31.15,30.50,31.00,+0.40,"9,679",2002
112/03/14,"15,390,221","474,361,288",30.70,31.00,30.70,30.70,-0.30,"6,993",2002
112/03/15,"18,687,509","574,690,024",30.70,30.90,30.65,30.70, 0.00,"9,021",2002
112/03/16,"16,859,454","516,710,178",30.90,30.90,30.55,30.60,-0.10,"6,062",2002
112/03/17,"45,418,281","1,422,755,341",30.85,31.55,30.75,31.45,+0.85,"12,364",2002
112/03/20,"12,874,766","401,284,031",31.50,31.50,31.00,31.20,-0.25,"10,941",2002
112/03/21,"10,115,274","315,234,366",31.20,31.30,31.00,31.20, 0.00,"5,731",2002
112/03/22,"12,071,217","375,930,146",31.40,31.40,31.05,31.20, 0.00,"6,838",2002
112/03/23,"12,481,157","388,930,625",31.25,31.30,31.00,31.25,+0.05,"5,767",2002
112/03/24,"15,105,781","470,072,451",31.40,31.40,31.05,31.10,-0.15,"6,597",2002
112/03/27,"16,115,493","498,004,318",31.10,31.15,30.80,30.90,-0.20,"8,189",2002
112/03/28,"16,208,943","500,058,412",30.90,31.00,30.70,30.85,-0.05,"7,404",2002
112/03/29,"10,354,663","320,413,194",30.85,31.00,30.80,31.00,+0.15,"5,416",2002
112/03/30,"8,497,525","262,862,574",31.00,31.00,30.85,31.00, 0.00,"3,954",2002
112/03/31,"17,654,284","548,073,536",31.00,31.30,30.90,30.90,-0.10,"5,522",2002
112/04/06,"15,532,356","478,445,852",31.00,31.05,30.70,30.80,-0.10,"9,296",2002
112/04/07,"6,992,209","215,522,068",30.85,30.90,30.75,30.80, 0.00,"4,946",2002
112/04/10,"14,210,800","439,080,861",30.95,31.10,30.80,30.90,+0.10,"6,876",2002
112/04/11,"16,668,363","514,770,134",31.00,31.00,30.80,30.90, 0.00,"8,553",2002
112/04/12,"22,050,645","684,096,407",30.95,31.10,30.90,31.10,+0.20,"9,742",2002
112/04/13,"35,327,407","1,108,455,870",31.20,31.50,31.15,31.45,+0.35,"15,699",2002
112/04/14,"35,042,725","1,089,076,587",31.45,31.50,30.90,31.10,-0.35,"15,258",2002
112/04/17,"27,832,854","856,776,598",31.10,31.10,30.65,30.75,-0.35,"16,473",2002
112/04/18,"12,723,013","390,355,974",30.80,30.80,30.60,30.70,-0.05,"7,334",2002
112/04/19,"21,211,550","646,848,912",30.70,30.80,30.35,30.45,-0.25,"12,103",2002
112/04/20,"9,454,149","287,037,117",30.35,30.50,30.20,30.45, 0.00,"5,256",2002
112/04/21,"16,315,318","493,630,154",30.45,30.50,30.15,30.15,-0.30,"8,350",2002
112/04/24,"11,017,620","331,024,620",30.15,30.15,30.00,30.05,-0.10,"6,314",2002
112/04/25,"24,348,638","727,423,013",30.20,30.20,29.70,29.75,-0.30,"12,381",2002
112/04/26,"30,936,253","905,877,316",29.65,29.70,29.15,29.30,-0.45,"16,172",2002
112/04/27,"35,087,033","1,014,105,077",29.15,29.20,28.70,28.90,-0.40,"18,877",2002
112/04/28,"19,537,698","568,339,075",29.00,29.20,28.90,29.10,+0.20,"7,773",2002
112/05/02,"17,545,412","513,292,788",29.10,29.40,29.10,29.30,+0.20,"9,383",2002
112/05/03,"14,298,146","416,491,190",29.25,29.30,29.05,29.15,-0.15,"8,008",2002
112/05/04,"17,823,100","517,719,345",29.10,29.15,29.00,29.10,-0.05,"9,893",2002
112/05/05,"18,639,303","540,814,943",29.10,29.20,28.90,29.10, 0.00,"10,621",2002
112/05/08,"15,205,328","444,877,534",29.15,29.35,29.10,29.30,+0.20,"6,834",2002
112/05/09,"19,586,771","572,640,100",29.20,29.35,29.05,29.35,+0.05,"7,402",2002
112/05/10,"11,429,052","334,718,454",29.35,29.35,29.20,29.35, 0.00,"5,587",2002
112/05/11,"8,848,553","258,240,015",29.35,29.40,29.10,29.15,-0.20,"4,378",2002
112/05/12,"13,616,951","395,203,648",29.15,29.20,28.95,29.00,-0.15,"7,715",2002
112/05/15,"13,247,417","385,147,577",28.90,29.20,28.85,29.15,+0.15,"5,677",2002
112/05/16,"13,542,308","395,423,334",29.15,29.25,29.05,29.20,+0.05,"5,946",2002
112/05/17,"23,802,306","702,126,327",29.20,29.70,29.10,29.60,+0.40,"10,875",2002
112/05/18,"16,654,448","494,578,911",29.60,29.80,29.55,29.70,+0.10,"6,049",2002
112/05/19,"17,793,373","528,157,527",29.80,29.85,29.50,29.60,-0.10,"6,840",2002
112/05/22,"24,576,214","734,699,858",29.55,30.00,29.55,30.00,+0.40,"9,377",2002
112/05/23,"18,721,646","561,069,539",30.00,30.05,29.90,29.90,-0.10,"7,143",2002
112/05/24,"16,628,345","497,089,018",29.95,30.00,29.70,29.95,+0.05,"8,349",2002
112/05/25,"24,059,750","711,455,752",29.75,29.80,29.40,29.40,-0.55,"10,301",2002
112/05/26,"25,402,709","744,367,734",29.20,29.45,29.05,29.20,-0.20,"11,747",2002
112/05/29,"29,404,348","858,807,876",29.30,29.50,29.05,29.05,-0.15,"12,066",2002
112/05/30,"34,605,866","1,005,635,534",29.10,29.20,29.00,29.00,-0.05,"16,337",2002
112/05/31,"62,110,579","1,805,684,044",29.00,29.40,29.00,29.00, 0.00,"10,066",2002
112/06/01,"15,969,844","465,919,639",29.15,29.25,29.05,29.10,+0.10,"6,262",2002
112/06/02,"16,519,407","485,250,707",29.25,29.45,29.15,29.40,+0.30,"6,512",2002
112/06/05,"15,653,431","464,502,274",29.40,29.80,29.40,29.60,+0.20,"6,737",2002
112/06/06,"16,249,951","485,213,629",29.65,29.95,29.65,29.90,+0.30,"7,256",2002
112/06/07,"14,233,980","425,515,195",29.95,29.95,29.85,29.90, 0.00,"7,177",2002
112/06/08,"10,098,299","300,663,826",29.85,29.90,29.70,29.75,-0.15,"5,639",2002
112/06/09,"12,176,037","362,891,570",29.85,29.90,29.70,29.75, 0.00,"5,674",2002
112/06/12,"9,339,338","277,222,786",29.75,29.80,29.60,29.65,-0.10,"5,062",2002
112/06/13,"13,570,073","402,285,893",29.65,29.80,29.50,29.60,-0.05,"6,285",2002
112/06/14,"13,487,162","401,084,584",29.60,29.90,29.60,29.65,+0.05,"5,573",2002
112/06/15,"12,015,326","356,220,977",29.70,29.80,29.55,29.65, 0.00,"5,626",2002
112/06/16,"22,840,427","679,199,768",29.65,29.85,29.60,29.75,+0.10,"5,805",2002
112/06/19,"12,248,513","364,962,583",29.75,29.90,29.65,29.85,+0.10,"5,176",2002
112/06/20,"13,780,636","410,424,237",29.85,29.85,29.70,29.75,-0.10,"5,401",2002
112/06/21,"15,121,559","448,748,400",29.75,29.80,29.60,29.65,-0.10,"7,266",2002
112/06/26,"22,140,886","656,784,862",29.65,29.80,29.45,29.60,-0.05,"6,281",2002
112/06/27,"12,845,117","381,990,632",29.55,29.85,29.50,29.75,+0.15,"5,811",2002
112/06/28,"12,459,397","370,150,484",29.70,29.85,29.60,29.70,-0.05,"5,178",2002
112/06/29,"17,464,255","517,887,270",29.75,29.80,29.50,29.65,-0.05,"6,876",2002
112/06/30,"26,412,202","778,870,952",29.50,29.65,29.40,29.40,-0.25,"9,611",2002
112/07/03,"15,472,021","459,359,337",29.40,29.90,29.40,29.80,+0.40,"5,573",2002
112/07/04,"17,663,610","522,906,697",29.60,29.75,29.50,29.55,-0.25,"7,292",2002
112/07/05,"11,305,517","333,878,678",29.55,29.65,29.50,29.50,-0.05,"5,516",2002
112/07/06,"37,809,512","1,098,259,643",29.35,29.35,28.90,28.95,-0.55,"19,738",2002
112/07/07,"20,170,305","578,332,441",28.90,28.90,28.55,28.65,-0.30,"11,514",2002
112/07/10,"10,662,094","307,164,747",28.75,29.00,28.70,28.70,+0.05,"5,890",2002
112/07/11,"8,464,769","244,484,199",28.75,29.05,28.75,28.85,+0.15,"4,348",2002
112/07/12,"11,480,624","331,122,541",28.80,28.95,28.70,28.85, 0.00,"6,332",2002
112/07/13,"13,160,392","382,953,481",28.95,29.25,28.95,29.05,+0.20,"5,577",2002
112/07/14,"14,493,546","422,961,122",29.25,29.30,29.05,29.15,+0.10,"6,622",2002
112/07/17,"16,581,885","484,408,760",29.15,29.30,29.10,29.30,+0.15,"6,144",2002
112/07/18,"17,368,142","507,594,660",29.15,29.35,29.10,29.20,-0.10,"7,774",2002
112/07/19,"20,880,029","609,738,665",29.15,29.30,29.10,29.30,+0.10,"9,183",2002
112/07/20,"27,659,195","813,308,494",29.20,29.55,29.15,29.45,+0.15,"8,145",2002
112/07/21,"27,178,910","795,343,302",29.45,29.50,29.10,29.25,-0.20,"10,513",2002
112/07/24,"27,455,132","805,344,595",29.25,29.40,29.20,29.40,+0.15,"7,421",2002
112/07/25,"20,834,768","612,647,816",29.40,29.55,29.35,29.35,-0.05,"7,824",2002
112/07/26,"28,554,620","811,663,120",28.20,28.65,28.10,28.55,X0.00,"13,464",2002
112/07/27,"34,125,938","969,576,132",28.60,28.60,28.30,28.45,-0.10,"17,222",2002
112/07/28,"26,087,181","735,807,146",28.45,28.45,28.10,28.20,-0.25,"18,202",2002
112/07/31,"34,320,235","960,628,666",28.20,28.20,27.90,27.95,-0.25,"16,540",2002
112/08/01,"20,836,292","585,979,524",28.05,28.30,27.95,28.15,+0.20,"8,904",2002
112/08/02,"43,233,403","1,211,279,898",28.10,28.35,27.85,28.00,-0.15,"18,102",2002
112/08/04,"18,065,922","508,725,685",28.00,28.30,27.95,28.30,+0.30,"7,143",2002
112/08/07,"18,004,937","510,562,081",28.30,28.50,28.25,28.50,+0.20,"6,631",2002
112/08/08,"19,112,701","540,130,358",28.50,28.50,28.15,28.25,-0.25,"8,360",2002
112/08/09,"22,288,090","625,048,335",28.25,28.25,27.90,28.15,-0.10,"11,808",2002
112/08/10,"25,014,428","697,794,898",28.10,28.10,27.80,27.90,-0.25,"11,684",2002
112/08/11,"22,670,840","629,140,861",27.95,28.00,27.65,27.65,-0.25,"14,641",2002
112/08/14,"29,353,164","800,313,116",27.75,27.75,27.15,27.20,-0.45,"15,886",2002
112/08/15,"21,453,664","584,457,642",27.50,27.50,27.10,27.10,-0.10,"13,108",2002
112/08/16,"31,343,379","843,079,940",27.05,27.05,26.80,26.85,-0.25,"19,182",2002
112/08/17,"36,654,430","971,034,052",26.80,26.80,26.20,26.60,-0.25,"20,340",2002
112/08/18,"28,038,967","760,303,769",26.65,27.30,26.65,27.20,+0.60,"10,983",2002
112/08/21,"12,652,796","343,535,227",27.20,27.35,27.05,27.10,-0.10,"6,236",2002
112/08/22,"20,184,138","540,675,324",27.30,27.30,26.65,26.70,-0.40,"12,934",2002
112/08/23,"24,741,358","657,898,334",26.80,26.90,26.50,26.60,-0.10,"12,528",2002
112/08/24,"22,566,794","599,018,239",26.60,26.70,26.50,26.50,-0.10,"11,421",2002
112/08/25,"25,438,468","669,306,794",26.55,26.60,26.20,26.30,-0.20,"13,615",2002
112/08/28,"16,162,338","427,577,894",26.30,26.55,26.30,26.50,+0.20,"6,891",2002
112/08/29,"30,596,025","803,267,008",26.50,26.50,26.15,26.40,-0.10,"14,182",2002
112/08/30,"19,971,648","529,464,028",26.50,26.60,26.40,26.55,+0.15,"6,771",2002
112/08/31,"43,989,827","1,166,745,676",26.65,26.70,26.50,26.50,-0.05,"8,774",2002
112/09/01,"16,873,365","450,483,101",26.55,26.85,26.50,26.70,+0.20,"6,697",2002
112/09/04,"15,698,271","423,422,844",26.70,27.10,26.70,27.05,+0.35,"7,068",2002
112/09/05,"11,626,661","314,287,588",27.00,27.10,26.90,27.10,+0.05,"6,188",2002
112/09/06,"15,033,433","404,776,887",27.10,27.20,26.80,26.80,-0.30,"9,468",2002
112/09/07,"17,627,505","467,704,657",26.80,26.80,26.45,26.50,-0.30,"10,317",2002
112/09/08,"14,491,412","382,040,430",26.50,26.50,26.30,26.35,-0.15,"8,501",2002
112/09/11,"17,198,624","451,491,581",26.35,26.35,26.20,26.25,-0.10,"9,563",2002
112/09/12,"15,788,677","415,448,464",26.40,26.40,26.25,26.30,+0.05,"7,520",2002
112/09/13,"10,823,694","285,327,185",26.35,26.45,26.25,26.35,+0.05,"5,167",2002
112/09/14,"15,410,427","409,329,346",26.55,26.70,26.40,26.60,+0.25,"5,991",2002
112/09/15,"47,952,039","1,274,493,538",26.70,26.85,26.40,26.60, 0.00,"13,819",2002
112/09/18,"13,847,520","370,386,973",26.60,26.85,26.60,26.75,+0.15,"6,025",2002
112/09/19,"11,423,179","303,749,314",26.75,26.80,26.50,26.50,-0.25,"7,452",2002
112/09/20,"10,878,223","288,708,098",26.60,26.65,26.50,26.50, 0.00,"6,449",2002
112/09/21,"32,750,121","856,903,498",26.50,26.50,26.05,26.15,-0.35,"17,302",2002
112/09/22,"17,761,169","464,860,726",26.20,26.25,26.10,26.20,+0.05,"8,097",2002
112/09/25,"12,038,382","315,236,071",26.30,26.30,26.10,26.20, 0.00,"6,309",2002
112/09/26,"20,876,975","543,840,238",26.10,26.15,26.00,26.05,-0.15,"12,374",2002
112/09/27,"53,847,455","1,369,242,645",25.80,25.80,25.30,25.45,-0.60,"31,317",2002
112/09/28,"38,978,773","978,420,287",25.40,25.40,25.00,25.25,-0.20,"20,506",2002
112/10/02,"30,117,285","755,958,467",25.25,25.25,25.00,25.25, 0.00,"16,676",2002
112/10/03,"29,799,187","742,616,002",25.00,25.15,24.85,24.85,-0.40,"16,587",2002
112/10/04,"39,538,661","960,502,501",24.70,24.70,24.20,24.25,-0.60,"23,398",2002
112/10/05,"29,445,039","720,677,654",24.30,24.60,24.10,24.55,+0.30,"11,648",2002
112/10/06,"16,233,111","398,270,472",24.50,24.65,24.35,24.65,+0.10,"7,847",2002
112/10/11,"34,777,703","851,576,123",24.65,24.65,24.35,24.60,-0.05,"14,088",2002
112/10/12,"22,794,188","565,158,895",24.75,24.95,24.50,24.85,+0.25,"8,793",2002
112/10/13,"17,515,449","434,958,317",24.80,24.95,24.70,24.85, 0.00,"7,682",2002
112/10/16,"17,848,890","439,346,261",24.70,24.75,24.40,24.75,-0.10,"7,995",2002
112/10/17,"25,094,062","616,075,445",24.70,24.75,24.35,24.75, 0.00,"11,754",2002
112/10/18,"80,358,960","1,977,665,925",24.75,24.85,24.10,24.85,+0.10,"20,932",2002
112/10/19,"28,512,991","695,639,053",24.50,24.60,24.30,24.50,-0.35,"14,994",2002
112/10/20,"43,723,152","1,047,811,309",24.20,24.20,23.80,23.90,-0.60,"20,959",2002
112/10/23,"19,459,865","463,769,938",23.90,23.95,23.80,23.80,-0.10,"11,331",2002
112/10/24,"24,888,806","587,165,681",23.80,23.85,23.50,23.60,-0.20,"14,876",2002
112/10/25,"36,656,866","885,706,976",23.50,24.40,23.50,24.40,+0.80,"12,548",2002
112/10/26,"24,710,110","596,085,918",24.10,24.30,23.90,24.05,-0.35,"10,426",2002
112/10/27,"14,924,958","359,175,878",23.95,24.20,23.95,24.00,-0.05,"6,906",2002
112/10/30,"13,517,898","326,293,752",24.05,24.25,24.05,24.10,+0.10,"5,852",2002
112/10/31,"14,387,494","346,831,149",24.10,24.20,24.00,24.15,+0.05,"5,707",2002
112/11/01,"13,048,312","315,381,296",24.25,24.35,24.05,24.05,-0.10,"6,262",2002
112/11/02,"13,294,254","323,076,930",24.30,24.40,24.20,24.25,+0.20,"6,484",2002
112/11/03,"15,939,860","391,299,599",24.30,24.70,24.30,24.55,+0.30,"7,257",2002
112/11/06,"38,781,928","974,053,030",25.20,25.50,24.90,25.00,+0.45,"14,957",2002
112/11/07,"27,086,909","667,134,767",24.80,24.80,24.50,24.80,-0.20,"11,785",2002
112/11/08,"24,835,831","609,795,654",24.80,24.80,24.45,24.60,-0.20,"9,733",2002
112/11/09,"20,199,478","494,001,542",24.50,24.60,24.30,24.55,-0.05,"8,223",2002
112/11/10,"20,166,095","495,157,642",24.45,24.70,24.40,24.65,+0.10,"8,658",2002
112/11/13,"19,007,807","466,452,029",24.70,24.80,24.45,24.50,-0.15,"8,754",2002
112/11/14,"21,477,944","524,706,031",24.55,24.55,24.30,24.55,+0.05,"10,039",2002
112/11/15,"40,356,826","1,002,251,212",24.75,24.95,24.65,24.95,+0.40,"13,260",2002
112/11/16,"25,220,426","634,872,669",25.10,25.35,25.05,25.20,+0.25,"10,783",2002
112/11/17,"19,668,529","495,023,502",25.20,25.25,25.00,25.20, 0.00,"8,879",2002
112/11/20,"17,917,874","453,219,642",25.35,25.45,25.20,25.30,+0.10,"7,819",2002
112/11/21,"55,356,001","1,416,108,325",25.45,25.80,25.40,25.70,+0.40,"19,144",2002
112/11/22,"46,253,833","1,177,315,585",25.70,25.80,25.25,25.80,+0.10,"23,176",2002
112/11/23,"55,340,023","1,412,964,096",25.65,25.80,25.35,25.80, 0.00,"21,843",2002
112/11/24,"74,508,863","1,907,802,764",25.65,25.90,25.30,25.90,+0.10,"21,207",2002
112/11/27,"71,623,031","1,856,244,479",25.85,26.15,25.60,26.15,+0.25,"15,772",2002
112/11/28,"72,044,590","1,879,742,706",26.10,26.20,25.85,26.10,-0.05,"18,981",2002
112/11/29,"70,538,706","1,837,926,782",26.10,26.20,25.85,26.20,+0.10,"16,850",2002
112/11/30,"119,640,844","3,118,223,274",26.15,26.20,25.85,26.20, 0.00,"19,544",2002
112/12/01,"58,835,474","1,523,968,943",25.90,26.00,25.80,26.00,-0.20,"16,670",2002
112/12/04,"42,348,946","1,095,604,331",26.00,26.05,25.75,26.05,+0.05,"12,479",2002
112/12/05,"29,358,901","763,639,612",25.95,26.10,25.85,26.10,+0.05,"9,235",2002
112/12/06,"21,697,216","568,061,828",26.10,26.30,25.95,26.25,+0.15,"6,710",2002
112/12/07,"16,947,539","442,201,002",26.20,26.25,26.05,26.05,-0.20,"6,107",2002
112/12/08,"20,638,102","536,964,513",26.10,26.10,25.90,26.10,+0.05,"6,210",2002
112/12/11,"46,055,628","1,183,214,941",26.05,26.10,25.45,25.70,-0.40,"15,514",2002
112/12/12,"38,097,940","969,568,181",25.70,25.75,25.30,25.45,-0.25,"17,974",2002
112/12/13,"43,385,840","1,090,340,452",25.45,25.45,25.00,25.15,-0.30,"17,963",2002
112/12/14,"42,349,117","1,072,012,239",25.30,25.50,25.15,25.40,+0.25,"14,846",2002
112/12/15,"111,412,992","2,921,277,019",25.50,26.45,25.50,26.45,+1.05,"33,247",2002
112/12/18,"71,834,579","1,922,670,312",26.95,27.10,26.50,26.65,+0.20,"27,532",2002
112/12/19,"42,808,587","1,133,348,890",26.65,26.75,26.15,26.65, 0.00,"15,779",2002
112/12/20,"37,921,804","1,008,827,634",26.90,26.90,26.50,26.55,-0.10,"11,521",2002
112/12/21,"26,084,491","692,755,772",26.35,26.70,26.35,26.60,+0.05,"8,033",2002
112/12/22,"29,308,303","780,894,764",26.65,26.75,26.50,26.75,+0.15,"7,892",2002
112/12/25,"17,161,725","460,123,151",26.75,26.95,26.70,26.85,+0.10,"7,628",2002
112/12/26,"12,772,447","342,861,364",26.90,26.95,26.75,26.90,+0.05,"5,773",2002
112/12/27,"19,181,617","515,363,071",26.90,26.95,26.75,26.90, 0.00,"7,136",2002
112/12/28,"20,037,423","539,611,072",26.90,27.00,26.80,27.00,+0.10,"7,232",2002
112/12/29,"17,185,226","463,159,653",27.00,27.00,26.85,27.00, 0.00,"5,920",2002
113/01/02,"15,122,616","407,063,462",27.00,27.00,26.75,27.00, 0.00,"5,696",2002
113/01/03,"22,461,245","598,165,484",26.80,26.85,26.50,26.70,-0.30,"8,603",2002
113/01/04,"16,991,813","452,831,617",26.65,26.70,26.55,26.70, 0.00,"5,074",2002
113/01/05,"15,820,982","421,857,384",26.70,26.70,26.60,26.70, 0.00,"4,464",2002
113/01/08,"12,554,087","334,042,344",26.70,26.85,26.50,26.50,-0.20,"6,126",2002
113/01/09,"27,189,051","710,720,084",26.55,26.60,26.00,26.00,-0.50,"12,586",2002
113/01/10,"12,891,074","333,009,949",25.95,25.95,25.70,25.85,-0.15,"5,158",2002
113/01/11,"13,642,462","352,008,564",25.80,25.90,25.70,25.80,-0.05,"6,372",2002
113/01/12,"12,980,393","335,391,223",25.70,25.95,25.70,25.80, 0.00,"5,845",2002
113/01/15,"8,589,762","222,443,037",25.95,26.00,25.80,25.80, 0.00,"4,355",2002
113/01/16,"27,036,209","686,200,286",25.60,25.70,25.20,25.20,-0.60,"14,846",2002
113/01/17,"35,350,979","883,040,713",25.20,25.25,24.80,24.80,-0.40,"20,160",2002
113/01/18,"15,769,966","392,266,911",24.80,25.05,24.80,24.80, 0.00,"9,284",2002
113/01/19,"24,562,653","605,711,915",24.65,24.80,24.55,24.65,-0.15,"12,951",2002
113/01/22,"12,620,818","312,575,954",24.65,24.85,24.60,24.75,+0.10,"7,084",2002
113/01/23,"19,557,412","484,694,622",24.75,24.95,24.75,24.80,+0.05,"8,370",2002
113/01/24,"14,121,991","354,166,555",24.85,25.20,24.85,25.15,+0.35,"6,143",2002
113/01/25,"11,576,189","289,949,760",25.10,25.15,25.00,25.10,-0.05,"6,431",2002
113/01/26,"13,385,064","336,793,827",25.00,25.30,24.95,25.25,+0.15,"5,694",2002
113/01/29,"10,633,222","270,766,857",25.25,25.60,25.25,25.45,+0.20,"5,403",2002
113/01/30,"15,487,369","389,207,069",25.50,25.50,25.05,25.05,-0.40,"7,426",2002
113/01/31,"24,153,292","604,092,438",25.00,25.15,24.85,25.15,+0.10,"8,479",2002
113/02/01,"10,454,143","263,715,168",25.25,25.40,25.15,25.25,+0.10,"4,321",2002
113/02/02,"11,323,743","284,316,496",25.20,25.25,25.00,25.15,-0.10,"5,274",2002
113/02/05,"18,525,273","461,597,340",25.00,25.05,24.85,24.85,-0.30,"9,703",2002
113/02/15,"27,651,116","682,368,448",24.85,24.90,24.50,24.60,-0.25,"14,466",2002
113/02/16,"13,036,873","324,322,709",24.60,25.00,24.60,24.90,+0.30,"6,499",2002
113/02/19,"18,409,124","464,641,600",24.95,25.40,24.90,25.40,+0.50,"7,917",2002
113/02/20,"9,608,971","242,784,727",25.40,25.45,25.20,25.30,-0.10,"6,167",2002
113/02/21,"9,610,323","242,299,280",25.30,25.30,25.15,25.25,-0.05,"5,320",2002
113/02/22,"9,797,347","246,762,140",25.25,25.30,25.10,25.15,-0.10,"5,756",2002
113/02/23,"11,788,956","295,534,273",25.15,25.20,25.00,25.00,-0.15,"7,247",2002
113/02/26,"11,636,613","290,024,249",24.90,25.00,24.90,24.90,-0.10,"7,561",2002
113/02/27,"25,827,537","637,061,075",24.80,24.80,24.60,24.65,-0.25,"16,109",2002
113/02/29,"30,942,107","761,112,691",24.65,24.70,24.55,24.60,-0.05,"11,764",2002
113/03/01,"28,763,732","701,771,141",24.55,24.60,24.35,24.45,-0.15,"15,362",2002
113/03/04,"27,917,613","674,254,203",24.30,24.35,24.10,24.20,-0.25,"17,298",2002
113/03/05,"23,721,358","571,700,653",24.10,24.25,24.05,24.05,-0.15,"13,471",2002
113/03/06,"23,388,729","563,171,545",24.05,24.20,24.00,24.05, 0.00,"11,774",2002
113/03/07,"26,866,350","643,282,574",24.00,24.05,23.90,23.95,-0.10,"16,595",2002
113/03/08,"27,869,780","668,524,541",23.90,24.10,23.80,24.10,+0.15,"12,660",2002
113/03/11,"13,120,309","315,273,902",24.10,24.10,24.00,24.05,-0.05,"7,618",2002
113/03/12,"12,026,770","290,029,632",24.10,24.15,24.05,24.15,+0.10,"6,625",2002
113/03/13,"29,749,868","710,538,920",24.00,24.05,23.80,23.95,-0.20,"15,943",2002
113/03/14,"20,976,460","503,430,978",23.95,24.10,23.80,24.05,+0.10,"9,586",2002
113/03/15,"31,883,012","761,343,617",24.00,24.05,23.85,23.85,-0.20,"9,580",2002
113/03/18,"26,830,128","635,153,738",23.85,23.90,23.50,23.70,-0.15,"15,405",2002
113/03/19,"19,136,301","452,650,904",23.60,23.75,23.55,23.65,-0.05,"9,972",2002
113/03/20,"23,521,283","554,474,090",23.60,23.70,23.50,23.50,-0.15,"13,280",2002
113/03/21,"17,760,918","421,832,095",23.50,23.95,23.50,23.85,+0.35,"9,116",2002
113/03/22,"15,700,765","374,804,699",23.80,24.00,23.80,23.95,+0.10,"8,098",2002
113/03/25,"13,682,868","326,067,506",23.95,24.00,23.75,23.85,-0.10,"7,264",2002
113/03/26,"17,277,226","413,366,684",23.85,24.05,23.80,24.00,+0.15,"7,034",2002
113/03/27,"13,434,352","321,597,178",24.00,24.05,23.90,23.90,-0.10,"6,729",2002
113/03/28,"13,424,960","320,345,548",23.85,23.95,23.80,23.80,-0.10,"6,598",2002
113/03/29,"10,688,093","255,562,279",23.85,24.00,23.85,23.90,+0.10,"4,450",2002
113/04/01,"10,550,737","252,886,450",23.95,24.00,23.90,24.00,+0.10,"5,161",2002
113/04/02,"22,416,583","542,112,002",24.00,24.30,24.00,24.30,+0.30,"9,521",2002
113/04/03,"54,395,075","1,338,194,319",24.60,25.00,24.35,24.65,+0.35,"17,926",2002
113/04/08,"47,508,274","1,181,549,617",24.65,25.00,24.55,25.00,+0.35,"16,869",2002
113/04/09,"111,950,977","2,887,986,152",25.20,26.10,25.05,26.05,+1.05,"38,448",2002
113/04/10,"47,712,730","1,232,120,617",26.15,26.25,25.55,25.60,-0.45,"27,154",2002
113/04/11,"31,303,119","793,634,547",25.50,25.60,25.25,25.30,-0.30,"11,677",2002
113/04/12,"27,490,595","684,435,824",25.05,25.05,24.80,24.85,-0.45,"12,558",2002
113/04/15,"33,799,087","834,976,995",24.80,25.15,24.55,24.55,-0.30,"13,061",2002
113/04/16,"24,856,303","603,582,584",24.45,24.50,24.20,24.25,-0.30,"11,831",2002
113/04/17,"24,995,690","609,566,393",24.25,24.50,24.25,24.45,+0.20,"12,994",2002
113/04/18,"32,876,013","814,620,797",24.55,25.00,24.50,24.80,+0.35,"12,656",2002
113/04/19,"37,129,365","908,430,022",24.80,24.85,24.20,24.45,-0.35,"14,950",2002
113/04/22,"22,757,632","562,719,397",24.80,24.95,24.55,24.70,+0.25,"7,729",2002
113/04/23,"19,548,141","486,273,308",24.85,25.05,24.70,24.85,+0.15,"7,727",2002
113/04/24,"12,487,975","309,592,386",24.90,24.95,24.70,24.75,-0.10,"5,863",2002
113/04/25,"11,951,239","293,239,193",24.60,24.65,24.40,24.55,-0.20,"5,308",2002
113/04/26,"14,606,689","359,396,260",24.45,24.70,24.45,24.55, 0.00,"5,574",2002
113/04/29,"22,753,506","567,339,788",24.65,25.00,24.65,25.00,+0.45,"9,159",2002
113/04/30,"23,346,622","581,953,014",24.95,25.10,24.85,24.85,-0.15,"9,013",2002
113/05/02,"12,738,862","317,470,258",24.85,25.00,24.80,24.95,+0.10,"5,787",2002
113/05/03,"22,598,120","567,006,538",25.00,25.25,24.95,24.95, 0.00,"9,328",2002
113/05/06,"15,815,388","395,931,414",25.10,25.15,24.85,25.10,+0.15,"6,881",2002
113/05/07,"13,703,295","342,721,982",25.15,25.25,24.90,24.90,-0.20,"5,343",2002
113/05/08,"25,080,214","619,465,699",24.95,24.95,24.55,24.75,-0.15,"9,616",2002
113/05/09,"16,676,605","412,140,473",24.65,24.90,24.60,24.60,-0.15,"5,629",2002
113/05/10,"10,836,600","267,484,187",24.60,24.80,24.55,24.80,+0.20,"4,841",2002
113/05/13,"16,057,050","398,765,680",24.70,25.00,24.70,24.85,+0.05,"5,226",2002
113/05/14,"18,964,122","474,630,705",24.90,25.10,24.90,25.00,+0.15,"8,587",2002
113/05/15,"22,656,647","564,556,308",25.00,25.10,24.75,24.75,-0.25,"8,982",2002
113/05/16,"36,474,339","915,773,718",25.00,25.20,24.95,25.15,+0.40,"11,411",2002
113/05/17,"11,945,366","299,711,405",25.15,25.20,25.00,25.05,-0.10,"5,305",2002
113/05/20,"23,245,238","585,712,942",25.15,25.30,25.10,25.25,+0.20,"8,890",2002
113/05/21,"15,844,346","395,343,888",25.25,25.25,24.85,24.90,-0.35,"6,971",2002
113/05/22,"45,540,051","1,124,589,978",24.95,25.05,24.60,24.60,-0.30,"20,213",2002
113/05/23,"44,513,760","1,080,346,668",24.50,24.60,24.15,24.15,-0.45,"22,188",2002
113/05/24,"29,989,779","721,707,565",24.15,24.20,24.00,24.00,-0.15,"13,371",2002
113/05/27,"38,708,000","928,008,413",24.05,24.10,23.90,23.90,-0.10,"18,002",2002
113/05/28,"20,097,391","485,504,235",24.00,24.25,23.95,24.20,+0.30,"8,538",2002
113/05/29,"35,708,352","858,498,725",24.20,24.25,23.95,23.95,-0.25,"14,688",2002
113/05/30,"30,548,300","728,969,868",23.90,23.95,23.80,23.85,-0.10,"16,664",2002
113/05/31,"62,039,220","1,475,723,634",23.85,23.90,23.75,23.75,-0.10,"18,009",2002
113/06/03,"25,249,695","600,241,623",23.80,23.90,23.65,23.80,+0.05,"11,451",2002
113/06/04,"31,385,207","742,160,479",23.70,23.75,23.60,23.60,-0.20,"15,993",2002
113/06/05,"27,100,639","639,095,155",23.60,23.65,23.55,23.55,-0.05,"12,639",2002
113/06/06,"30,816,378","725,814,092",23.55,23.65,23.50,23.50,-0.05,"15,072",2002
113/06/07,"25,908,004","612,203,077",23.50,23.75,23.50,23.70,+0.20,"9,914",2002
113/06/11,"50,003,705","1,173,345,636",23.50,23.65,23.35,23.35,-0.35,"26,742",2002
113/06/12,"25,588,851","597,609,245",23.35,23.45,23.30,23.30,-0.05,"13,640",2002
113/06/13,"30,560,574","712,899,505",23.45,23.50,23.25,23.30, 0.00,"15,560",2002
113/06/14,"24,611,351","572,402,577",23.30,23.35,23.20,23.25,-0.05,"14,018",2002
113/06/17,"16,043,192","376,418,267",23.25,23.60,23.25,23.45,+0.20,"8,107",2002
113/06/18,"21,144,628","495,287,555",23.45,23.55,23.35,23.40,-0.05,"9,734",2002
113/06/19,"22,157,349","520,519,847",23.50,23.60,23.40,23.50,+0.10,"10,524",2002
113/06/20,"27,377,487","648,625,123",23.60,23.75,23.60,23.70,+0.20,"11,600",2002
113/06/21,"74,534,422","1,763,619,874",23.80,23.85,23.60,23.60,-0.10,"13,295",2002
113/06/24,"24,036,185","563,388,466",23.60,23.60,23.35,23.40,-0.20,"15,496",2002
113/06/25,"25,759,715","600,069,050",23.45,23.50,23.25,23.30,-0.10,"13,925",2002
113/06/26,"42,913,247","992,829,404",23.30,23.30,23.05,23.05,-0.25,"29,404",2002
113/06/27,"24,672,956","569,197,473",23.00,23.15,23.00,23.05, 0.00,"13,319",2002
113/06/28,"20,548,725","475,039,770",23.05,23.20,23.05,23.10,+0.05,"8,378",2002
113/07/01,"15,622,404","360,720,431",23.15,23.15,23.05,23.05,-0.05,"8,245",2002
113/07/02,"27,973,665","643,883,314",23.05,23.10,23.00,23.00,-0.05,"15,442",2002
113/07/03,"18,676,791","430,901,111",23.05,23.15,23.00,23.10,+0.10,"8,926",2002
113/07/04,"22,618,528","529,251,270",23.20,23.50,23.15,23.50,+0.40,"9,027",2002
113/07/05,"13,207,464","310,415,260",23.55,23.60,23.40,23.55,+0.05,"6,181",2002
113/07/08,"17,707,252","414,898,471",23.55,23.55,23.35,23.50,-0.05,"7,356",2002
113/07/09,"18,521,309","430,661,277",23.40,23.45,23.20,23.20,-0.30,"9,595",2002
113/07/10,"30,856,148","711,443,486",23.10,23.15,23.00,23.05,-0.15,"16,226",2002
113/07/11,"20,316,860","468,217,184",23.05,23.10,23.00,23.05, 0.00,"11,524",2002
113/07/12,"20,580,801","476,156,262",23.00,23.30,23.00,23.10,+0.05,"8,061",2002
113/07/15,"16,525,258","384,585,408",23.15,23.40,23.15,23.40,+0.30,"6,812",2002
113/07/16,"19,946,317","462,766,732",23.40,23.40,23.10,23.10,-0.30,"8,845",2002
113/07/17,"13,537,040","315,529,185",23.15,23.35,23.15,23.35,+0.25,"6,473",2002
113/07/18,"28,665,145","672,935,658",23.45,23.60,23.30,23.50,+0.15,"9,928",2002
113/07/19,"23,006,377","534,801,707",23.45,23.50,23.10,23.35,-0.15,"9,661",2002
113/07/22,"26,656,885","615,581,558",23.25,23.30,23.00,23.10,-0.25,"10,016",2002
113/07/23,"15,919,457","368,668,567",23.10,23.25,23.10,23.15,+0.05,"5,681",2002
113/07/26,"36,383,643","832,601,448",23.05,23.05,22.80,22.90,+0.10,"16,738",2002
113/07/29,"13,869,620","317,609,380",23.00,23.00,22.85,22.90, 0.00,"6,706",2002
113/07/30,"18,738,558","430,896,988",22.95,23.10,22.90,23.10,+0.20,"7,617",2002
113/07/31,"17,731,681","409,985,110",23.10,23.20,22.95,23.20,+0.10,"5,495",2002
113/08/01,"14,824,029","343,591,321",23.20,23.30,23.10,23.15,-0.05,"6,191",2002
113/08/02,"25,597,092","587,321,530",23.10,23.10,22.85,23.00,-0.15,"11,165",2002
113/08/05,"53,512,535","1,178,360,761",22.70,22.75,21.60,21.95,-1.05,"27,634",2002
113/08/06,"45,704,377","997,307,556",21.95,22.15,21.35,22.10,+0.15,"17,343",2002
113/08/07,"19,936,779","443,582,344",22.00,22.40,22.00,22.30,+0.20,"7,957",2002
113/08/08,"16,782,823","370,682,085",22.00,22.25,21.95,22.10,-0.20,"6,670",2002
113/08/09,"36,853,367","825,261,774",22.20,22.60,22.20,22.30,+0.20,"8,447",2002
113/08/12,"15,479,716","346,080,302",22.30,22.60,22.25,22.25,-0.05,"6,125",2002
113/08/13,"15,025,493","332,799,628",22.30,22.30,22.05,22.10,-0.15,"6,375",2002
113/08/14,"47,213,442","1,079,683,425",22.40,23.20,22.35,22.70,+0.60,"16,721",2002
113/08/15,"32,278,068","725,325,750",23.00,23.10,22.25,22.30,-0.40,"15,644",2002
113/08/16,"28,400,117","633,058,917",22.50,22.50,22.20,22.30, 0.00,"13,680",2002
113/08/19,"30,939,564","681,768,231",22.30,22.30,22.00,22.00,-0.30,"15,937",2002
113/08/20,"17,686,883","388,373,097",22.05,22.05,21.90,21.95,-0.05,"9,638",2002
113/08/21,"14,053,712","309,125,988",22.00,22.10,21.90,21.95, 0.00,"6,268",2002
113/08/22,"18,417,358","410,094,128",22.05,22.45,22.00,22.30,+0.35,"6,512",2002
113/08/23,"8,370,630","185,391,061",22.20,22.25,22.05,22.15,-0.15,"5,033",2002
113/08/26,"10,788,138","240,397,122",22.20,22.35,22.15,22.35,+0.20,"4,642",2002
113/08/27,"12,321,185","274,929,858",22.25,22.40,22.15,22.40,+0.05,"4,967",2002
113/08/28,"11,119,546","248,184,651",22.40,22.45,22.25,22.35,-0.05,"4,538",2002
113/08/29,"10,019,587","223,188,813",22.35,22.35,22.20,22.30,-0.05,"4,535",2002
113/08/30,"34,158,544","761,315,659",22.30,22.45,22.25,22.25,-0.05,"6,004",2002
113/09/02,"9,909,856","219,832,492",22.35,22.40,22.10,22.10,-0.15,"5,169",2002
113/09/03,"20,871,291","458,219,395",22.15,22.15,21.90,21.90,-0.20,"10,465",2002
113/09/04,"44,537,477","942,679,107",21.40,21.50,21.00,21.20,-0.70,"24,644",2002
113/09/05,"20,325,105","429,026,734",21.20,21.25,21.05,21.10,-0.10,"10,871",2002
113/09/06,"21,362,435","447,225,197",21.10,21.10,20.75,21.05,-0.05,"11,071",2002
113/09/09,"26,175,690","537,154,932",20.60,20.70,20.35,20.55,-0.50,"13,939",2002
113/09/10,"18,130,439","370,496,559",20.55,20.60,20.40,20.40,-0.15,"10,873",2002
113/09/11,"26,944,252","544,108,428",20.40,20.40,20.10,20.20,-0.20,"14,556",2002
113/09/12,"20,209,879","414,419,714",20.30,20.70,20.25,20.65,+0.45,"8,518",2002
113/09/13,"17,074,125","357,845,717",20.65,21.10,20.60,21.05,+0.40,"7,424",2002
113/09/16,"20,619,298","441,626,175",21.10,21.60,21.00,21.40,+0.35,"9,113",2002
113/09/18,"20,055,667","432,064,040",21.40,21.65,21.35,21.60,+0.20,"10,464",2002
113/09/19,"20,558,079","437,281,194",21.30,21.40,21.10,21.30,-0.30,"8,884",2002
113/09/20,"75,849,274","1,609,257,657",21.30,21.55,21.15,21.15,-0.15,"8,945",2002
113/09/23,"18,223,237","387,050,598",21.20,21.35,21.10,21.25,+0.10,"5,917",2002
113/09/24,"19,416,238","410,998,549",21.15,21.35,21.00,21.30,+0.05,"8,131",2002
113/09/25,"39,871,895","867,574,430",21.50,21.90,21.50,21.85,+0.55,"12,317",2002
113/09/26,"19,141,563","417,539,677",21.95,21.95,21.70,21.75,-0.10,"7,087",2002
113/09/27,"99,589,936","2,268,759,515",21.95,23.45,21.85,23.10,+1.35,"33,409",2002
113/09/30,"82,827,032","1,934,465,067",23.45,23.80,23.05,23.15,+0.05,"26,459",2002
113/10/01,"28,730,641","668,025,978",23.50,23.50,23.05,23.35,+0.20,"10,538",2002
113/10/04,"75,454,876","1,789,905,624",23.80,23.90,23.60,23.70,+0.35,"18,295",2002
113/10/07,"44,770,424","1,062,547,115",23.70,23.80,23.60,23.80,+0.10,"12,277",2002
113/10/08,"49,913,591","1,183,860,139",23.70,23.95,23.60,23.70,-0.10,"10,755",2002
113/10/09,"42,777,033","986,293,652",23.70,23.80,22.70,22.70,-1.00,"23,190",2002
113/10/11,"11,193,045","255,398,178",22.85,23.00,22.70,22.70, 0.00,"5,484",2002
113/10/14,"17,254,368","387,025,176",22.80,22.80,22.25,22.35,-0.35,"9,124",2002
113/10/15,"21,237,543","473,685,300",22.40,22.45,22.10,22.35, 0.00,"7,664",2002
113/10/16,"26,134,516","584,227,643",22.40,22.65,22.15,22.15,-0.20,"9,046",2002
113/10/17,"18,814,308","423,062,008",22.20,22.65,22.20,22.45,+0.30,"5,471",2002
113/10/18,"25,826,375","589,781,851",22.60,23.00,22.45,22.95,+0.50,"8,888",2002
113/10/21,"19,725,939","448,301,144",23.20,23.20,22.60,22.60,-0.35,"8,689",2002
113/10/22,"16,531,563","369,962,354",22.60,22.60,22.30,22.40,-0.20,"8,419",2002
113/10/23,"9,392,372","209,991,151",22.40,22.55,22.30,22.30,-0.10,"4,723",2002
113/10/24,"9,199,797","204,723,884",22.25,22.40,22.10,22.25,-0.05,"4,267",2002
113/10/25,"9,590,081","215,516,187",22.30,22.55,22.30,22.55,+0.30,"4,092",2002
113/10/28,"12,101,634","273,950,552",22.55,22.80,22.40,22.75,+0.20,"5,298",2002
113/10/29,"15,248,709","342,948,992",22.70,22.70,22.35,22.60,-0.15,"6,765",2002
113/10/30,"13,078,091","293,888,032",22.60,22.65,22.35,22.50,-0.10,"3,915",2002
113/11/01,"30,942,614","696,655,804",22.30,22.85,22.15,22.70,+0.20,"8,874",2002
113/11/04,"12,056,591","273,605,314",22.55,22.80,22.50,22.70, 0.00,"4,791",2002
113/11/05,"15,873,228","362,115,144",22.70,22.90,22.70,22.90,+0.20,"5,601",2002
113/11/06,"19,935,841","457,645,360",22.85,23.10,22.65,23.10,+0.20,"6,648",2002
113/11/07,"27,953,534","651,458,321",23.15,23.60,23.10,23.15,+0.05,"10,127",2002
113/11/08,"20,734,627","482,953,972",23.25,23.40,23.10,23.25,+0.10,"9,510",2002
113/11/11,"17,238,881","397,115,388",23.20,23.20,22.80,23.20,-0.05,"9,196",2002
113/11/12,"33,845,413","758,426,878",22.75,22.80,22.30,22.30,-0.90,"15,328",2002
113/11/13,"16,208,845","362,301,334",22.20,22.50,22.15,22.45,+0.15,"5,493",2002
113/11/14,"14,872,731","330,334,099",22.35,22.40,22.10,22.25,-0.20,"6,239",2002
113/11/15,"20,638,791","457,975,832",22.20,22.45,22.05,22.05,-0.20,"7,737",2002
113/11/18,"17,878,955","400,042,340",22.15,22.55,22.05,22.45,+0.40,"6,321",2002
113/11/19,"13,724,422","306,535,099",22.35,22.50,22.25,22.35,-0.10,"5,897",2002
113/11/20,"13,951,434","310,824,624",22.30,22.40,22.10,22.30,-0.05,"5,577",2002
113/11/21,"11,631,195","257,115,666",22.15,22.20,22.05,22.05,-0.25,"5,652",2002
113/11/22,"7,605,004","168,612,164",22.20,22.30,22.10,22.10,+0.05,"3,606",2002
113/11/25,"31,054,212","692,292,096",22.40,22.55,22.15,22.30,+0.20,"5,781",2002
113/11/26,"8,425,476","186,800,617",22.20,22.35,22.10,22.10,-0.20,"4,070",2002
113/11/27,"20,080,959","440,274,138",22.10,22.15,21.75,21.75,-0.35,"11,147",2002
113/11/28,"12,948,299","280,481,402",21.85,21.90,21.50,21.75, 0.00,"6,308",2002
113/11/29,"24,531,691","522,809,244",21.55,21.55,21.20,21.20,-0.55,"11,377",2002
113/12/02,"15,083,506","320,293,877",21.20,21.45,21.20,21.20, 0.00,"7,473",2002
113/12/03,"15,310,646","327,904,666",21.30,21.55,21.25,21.55,+0.35,"6,389",2002
113/12/04,"13,579,616","292,378,716",21.55,21.65,21.40,21.65,+0.10,"5,694",2002
113/12/05,"13,081,564","278,886,331",21.65,21.65,21.20,21.20,-0.45,"7,283",2002
113/12/06,"11,785,394","249,973,638",21.35,21.35,21.10,21.15,-0.05,"5,922",2002
113/12/09,"16,212,465","341,470,212",21.10,21.20,21.00,21.00,-0.15,"7,584",2002
113/12/10,"14,652,047","308,715,969",21.05,21.30,21.00,21.00, 0.00,"5,827",2002
113/12/11,"20,768,554","432,029,960",21.00,21.00,20.65,20.80,-0.20,"10,672",2002
113/12/12,"23,334,577","481,484,333",20.80,20.85,20.50,20.50,-0.30,"11,878",2002
113/12/13,"23,998,590","486,333,556",20.50,20.50,20.20,20.25,-0.25,"11,075",2002
113/12/16,"32,950,030","661,796,068",20.25,20.30,20.00,20.25, 0.00,"14,761",2002
113/12/17,"22,916,601","459,301,965",20.15,20.15,20.00,20.00,-0.25,"9,436",2002
113/12/18,"19,955,986","400,215,292",20.00,20.15,20.00,20.05,+0.05,"8,337",2002
113/12/19,"20,484,664","408,638,652",20.00,20.05,19.80,19.95,-0.10,"12,029",2002
113/12/20,"29,604,279","588,676,841",19.90,19.95,19.80,19.90,-0.05,"12,005",2002
113/12/23,"18,208,344","363,712,179",19.95,20.10,19.90,20.00,+0.10,"8,262",2002
113/12/24,"14,439,950","288,924,096",20.05,20.15,19.95,19.95,-0.05,"7,224",2002
113/12/25,"12,916,610","257,887,826",20.00,20.05,19.90,19.95, 0.00,"6,580",2002
113/12/26,"11,002,444","220,311,664",20.00,20.10,19.95,20.00,+0.05,"4,733",2002
113/12/27,"12,481,252","249,050,945",20.00,20.00,19.90,20.00, 0.00,"5,567",2002
113/12/30,"14,977,560","298,119,792",20.00,20.00,19.85,19.85,-0.15,"7,916",2002
113/12/31,"20,805,980","408,638,120",19.80,19.85,19.55,19.65,-0.20,"12,000",2002
