日期,成交股數,成交金額,開盤價,最高價,最低價,收盤價,漲跌價差,成交筆數,股票代號
 99/01/04,"30,268,635","515,087,575",17.20,17.20,16.80,17.00,-0.20,"5,747",2303
 99/01/05,"65,133,854","1,119,637,425",17.20,17.35,17.05,17.20,+0.20,"10,198",2303
 99/01/06,"145,046,936","2,591,783,318",17.20,18.40,17.15,18.40,+1.20,"24,535",2303
 99/01/07,"137,964,451","2,586,911,933",18.60,19.10,18.40,18.40, 0.00,"24,566",2303
 99/01/08,"58,947,013","1,068,332,609",18.40,18.45,17.85,18.20,-0.20,"11,053",2303
 99/01/11,"108,271,047","2,020,545,610",18.30,19.00,18.10,18.60,+0.40,"16,044",2303
 99/01/12,"54,024,017","993,965,162",18.60,18.85,18.15,18.35,-0.25,"11,941",2303
 99/01/13,"56,187,679","1,005,175,676",18.00,18.00,17.80,17.85,-0.50,"10,446",2303
 99/01/14,"35,850,344","632,602,540",17.85,18.05,17.85,17.95,+0.10,"6,691",2303
 99/01/15,"35,281,871","633,585,407",18.00,18.15,17.85,18.00,+0.05,"7,077",2303
 99/01/18,"47,704,137","848,319,410",17.80,18.10,17.55,17.85,-0.15,"10,125",2303
 99/01/19,"45,751,877","810,435,563",17.90,18.10,17.55,17.55,-0.30,"8,789",2303
 99/01/20,"65,549,113","1,172,625,734",17.80,18.10,17.65,18.10,+0.55,"10,042",2303
 99/01/21,"54,920,527","992,585,064",18.10,18.20,17.95,18.00,-0.10,"8,415",2303
 99/01/22,"51,483,433","908,830,028",17.80,17.90,17.50,17.70,-0.30,"9,019",2303
 99/01/25,"50,492,358","879,354,726",17.30,17.60,17.25,17.40,-0.30,"7,536",2303
 99/01/26,"78,575,773","1,326,111,568",17.50,17.55,16.40,16.50,-0.90,"14,949",2303
 99/01/27,"48,380,668","798,631,335",16.60,16.60,16.35,16.40,-0.10,"7,169",2303
 99/01/28,"72,488,732","1,199,833,315",16.40,16.85,16.40,16.50,+0.10,"9,936",2303
 99/01/29,"107,483,442","1,697,406,759",16.20,16.20,15.50,16.05,-0.45,"17,247",2303
 99/02/01,"57,786,532","902,563,246",15.90,15.95,15.50,15.50,-0.55,"11,331",2303
 99/02/02,"49,001,518","768,687,481",15.90,15.90,15.45,15.60,+0.10,"9,866",2303
 99/02/03,"93,516,485","1,537,423,263",16.30,16.65,16.10,16.65,+1.05,"16,796",2303
 99/02/04,"129,928,664","2,187,800,611",16.80,17.15,16.50,16.50,-0.15,"20,952",2303
 99/02/05,"158,650,118","2,485,195,694",15.70,15.90,15.50,15.70,-0.80,"21,405",2303
 99/02/06,"53,872,879","851,522,614",15.70,16.00,15.55,16.00,+0.30,"9,875",2303
 99/02/08,"45,149,496","723,049,536",16.10,16.15,15.90,16.00, 0.00,"8,479",2303
 99/02/09,"58,121,512","942,222,259",16.00,16.35,16.00,16.25,+0.25,"10,052",2303
 99/02/10,"81,428,506","1,328,246,438",16.35,16.50,16.20,16.25, 0.00,"13,497",2303
 99/02/22,"61,394,948","1,009,605,284",16.60,16.70,16.25,16.60,+0.35,"10,591",2303
 99/02/23,"69,451,896","1,121,261,522",16.00,16.30,16.00,16.30,-0.30,"11,517",2303
 99/02/24,"80,917,098","1,286,946,342",16.15,16.15,15.80,15.95,-0.35,"13,129",2303
 99/02/25,"122,272,647","1,905,644,689",15.95,15.95,15.35,15.50,-0.45,"16,907",2303
 99/02/26,"73,356,277","1,127,631,737",15.40,15.50,15.20,15.45,-0.05,"11,502",2303
 99/03/01,"66,465,472","1,054,404,718",15.55,16.05,15.45,16.00,+0.55,"10,135",2303
 99/03/02,"55,218,151","874,027,090",16.05,16.10,15.70,15.75,-0.25,"7,965",2303
 99/03/03,"40,349,151","637,548,840",15.85,15.90,15.70,15.90,+0.15,"6,172",2303
 99/03/04,"39,247,860","620,085,430",16.00,16.00,15.65,15.80,-0.10,"6,620",2303
 99/03/05,"61,081,335","978,774,560",16.00,16.15,15.90,16.10,+0.30,"10,375",2303
 99/03/08,"49,332,854","797,789,630",16.25,16.30,16.05,16.20,+0.10,"8,516",2303
 99/03/09,"54,434,093","885,403,354",16.25,16.35,16.00,16.35,+0.15,"7,831",2303
 99/03/10,"60,376,080","996,185,147",16.50,16.60,16.40,16.60,+0.25,"10,059",2303
 99/03/11,"46,081,229","768,794,893",16.70,16.85,16.55,16.70,+0.10,"7,744",2303
 99/03/12,"28,040,653","466,484,240",16.70,16.75,16.50,16.75,+0.05,"5,706",2303
 99/03/15,"40,635,849","665,308,904",16.60,16.70,16.25,16.30,-0.45,"6,579",2303
 99/03/16,"33,128,403","539,813,134",16.20,16.50,16.15,16.50,+0.20,"5,793",2303
 99/03/17,"57,430,023","958,531,246",16.70,16.80,16.50,16.80,+0.30,"8,459",2303
 99/03/18,"46,556,111","781,177,839",16.80,16.90,16.60,16.75,-0.05,"7,276",2303
 99/03/19,"47,042,803","796,985,770",16.80,17.10,16.80,16.95,+0.20,"8,178",2303
 99/03/22,"38,779,951","645,216,426",16.75,16.75,16.55,16.75,-0.20,"7,349",2303
 99/03/23,"30,176,138","503,602,232",16.90,16.90,16.55,16.55,-0.20,"5,991",2303
 99/03/24,"31,630,222","531,522,544",16.85,16.90,16.75,16.75,+0.20,"6,812",2303
 99/03/25,"24,779,587","412,235,101",16.75,16.85,16.50,16.70,-0.05,"4,688",2303
 99/03/26,"35,100,341","589,350,952",16.60,17.00,16.50,17.00,+0.30,"8,546",2303
 99/03/29,"45,614,285","767,838,492",17.00,17.05,16.75,16.75,-0.25,"7,602",2303
 99/03/30,"23,275,961","390,902,114",16.85,16.85,16.75,16.80,+0.05,"4,360",2303
 99/03/31,"48,935,549","830,479,102",16.90,17.15,16.80,16.85,+0.05,"8,808",2303
 99/04/01,"53,801,527","912,694,437",16.85,17.10,16.80,16.90,+0.05,"9,047",2303
 99/04/02,"23,279,083","392,092,966",16.90,17.00,16.70,16.75,-0.15,"5,059",2303
 99/04/06,"44,524,652","759,489,368",16.85,17.15,16.85,17.05,+0.30,"8,217",2303
 99/04/07,"29,155,793","499,821,936",17.10,17.20,17.05,17.20,+0.15,"5,561",2303
 99/04/08,"34,201,818","586,204,404",17.20,17.25,17.05,17.05,-0.15,"4,984",2303
 99/04/09,"23,996,441","408,470,260",17.20,17.20,16.90,16.95,-0.10,"4,341",2303
 99/04/12,"16,992,643","287,478,999",17.00,17.00,16.80,16.95, 0.00,"3,629",2303
 99/04/13,"38,342,392","639,925,546",16.90,16.90,16.50,16.60,-0.35,"6,410",2303
 99/04/14,"29,363,253","485,368,062",16.70,16.75,16.35,16.65,+0.05,"5,413",2303
 99/04/15,"57,329,865","958,287,203",16.90,16.95,16.50,16.60,-0.05,"7,448",2303
 99/04/16,"27,518,705","456,580,561",16.60,16.70,16.50,16.70,+0.10,"4,189",2303
 99/04/19,"45,741,327","745,850,223",16.40,16.45,16.15,16.20,-0.50,"9,035",2303
 99/04/20,"21,969,327","358,848,819",16.40,16.45,16.20,16.35,+0.15,"4,060",2303
 99/04/21,"36,412,494","597,559,266",16.35,16.50,16.30,16.35, 0.00,"5,774",2303
 99/04/22,"26,673,952","432,864,535",16.20,16.35,16.15,16.25,-0.10,"5,925",2303
 99/04/23,"24,184,351","394,866,539",16.45,16.45,16.20,16.20,-0.05,"4,227",2303
 99/04/26,"73,063,101","1,225,833,612",16.40,17.00,16.40,16.80,+0.60,"10,989",2303
 99/04/27,"44,909,292","749,893,346",16.80,16.85,16.60,16.65,-0.15,"4,484",2303
 99/04/28,"51,366,648","838,696,631",16.20,16.45,16.20,16.40,-0.25,"7,662",2303
 99/04/29,"53,507,762","865,333,042",16.35,16.35,16.05,16.10,-0.30,"9,651",2303
 99/04/30,"55,997,841","902,492,163",16.20,16.40,15.95,16.00,-0.10,"10,130",2303
 99/05/03,"29,139,812","460,655,296",15.90,16.00,15.70,15.80,-0.20,"5,773",2303
 99/05/04,"39,539,754","622,502,322",15.95,15.95,15.55,15.65,-0.15,"6,236",2303
 99/05/05,"136,550,451","2,047,356,045",15.30,15.30,14.70,14.70,-0.95,"22,764",2303
 99/05/06,"76,812,231","1,143,741,711",14.70,15.10,14.70,14.75,+0.05,"13,284",2303
 99/05/07,"58,276,958","857,147,759",14.60,14.90,14.45,14.80,+0.05,"9,050",2303
 99/05/10,"43,910,404","658,462,060",15.00,15.10,14.90,15.00,+0.20,"6,973",2303
 99/05/11,"87,477,066","1,327,104,314",15.40,15.40,15.00,15.10,+0.10,"10,339",2303
 99/05/12,"39,779,963","597,194,757",15.30,15.30,14.85,14.90,-0.20,"6,514",2303
 99/05/13,"40,206,719","612,010,521",15.20,15.35,15.10,15.30,+0.40,"6,589",2303
 99/05/14,"23,771,193","362,135,327",15.20,15.30,15.20,15.20,-0.10,"4,884",2303
 99/05/17,"41,930,118","622,335,733",15.00,15.05,14.70,14.90,-0.30,"5,919",2303
 99/05/18,"34,086,053","504,592,685",14.90,15.00,14.70,14.70,-0.20,"5,988",2303
 99/05/19,"50,219,597","725,893,003",14.50,14.60,14.30,14.45,-0.25,"7,817",2303
 99/05/20,"80,716,408","1,143,810,683",14.50,14.55,14.00,14.00,-0.45,"13,593",2303
 99/05/21,"46,456,146","640,994,549",13.60,14.20,13.50,14.00, 0.00,"9,462",2303
 99/05/24,"47,786,161","683,840,526",14.35,14.40,14.20,14.30,+0.30,"8,520",2303
 99/05/25,"39,108,600","544,303,928",14.00,14.05,13.80,13.80,-0.50,"8,438",2303
 99/05/26,"33,503,267","469,804,888",14.05,14.15,13.95,14.00,+0.20,"5,279",2303
 99/05/27,"28,136,324","394,246,220",14.00,14.20,13.80,14.10,+0.10,"4,364",2303
 99/05/28,"45,369,320","653,022,116",14.40,14.60,14.25,14.35,+0.25,"6,470",2303
 99/05/31,"49,003,507","721,888,836",14.60,15.10,14.40,15.10,+0.75,"9,283",2303
 99/06/01,"32,260,789","478,974,441",15.00,15.00,14.70,14.80,-0.30,"5,462",2303
 99/06/02,"52,311,215","759,782,451",14.35,14.75,14.35,14.40,-0.40,"7,294",2303
 99/06/03,"40,879,641","607,505,096",14.80,14.95,14.65,14.90,+0.50,"5,944",2303
 99/06/04,"36,327,772","537,673,572",15.00,15.00,14.65,14.65,-0.25,"6,638",2303
 99/06/07,"46,941,376","668,183,572",14.10,14.25,14.00,14.20,-0.45,"6,230",2303
 99/06/08,"66,298,715","928,995,660",14.05,14.15,13.95,14.00,-0.20,"10,410",2303
 99/06/09,"83,426,834","1,156,817,367",13.90,14.05,13.75,13.80,-0.20,"10,272",2303
 99/06/10,"26,406,169","368,423,445",14.00,14.05,13.85,13.95,+0.15,"3,968",2303
 99/06/11,"27,573,452","394,775,834",14.50,14.50,14.20,14.30,+0.35,"5,386",2303
 99/06/14,"25,756,960","372,344,123",14.40,14.55,14.35,14.55,+0.25,"5,160",2303
 99/06/15,"32,458,560","475,084,665",14.55,14.80,14.45,14.70,+0.15,"5,872",2303
 99/06/17,"107,752,452","1,628,399,730",15.05,15.30,14.95,15.00,+0.30,"18,158",2303
 99/06/18,"41,579,735","618,420,789",15.05,15.05,14.75,14.95,-0.05,"5,662",2303
 99/06/21,"67,706,346","1,020,471,350",15.10,15.20,14.95,15.05,+0.10,"9,494",2303
 99/06/22,"29,516,077","443,912,771",15.10,15.15,14.95,14.95,-0.10,"4,730",2303
 99/06/23,"15,397,317","228,526,039",14.95,14.95,14.80,14.80,-0.15,"3,101",2303
 99/06/24,"34,260,061","503,281,960",14.85,14.90,14.55,14.60,-0.20,"7,990",2303
 99/06/25,"31,658,816","454,944,252",14.40,14.45,14.30,14.35,-0.25,"6,326",2303
 99/06/28,"21,229,718","305,979,063",14.50,14.55,14.35,14.40,+0.05,"3,763",2303
 99/06/29,"25,428,131","366,752,564",14.50,14.60,14.25,14.25,-0.15,"4,972",2303
 99/06/30,"49,595,499","704,552,441",14.00,14.45,13.95,14.35,+0.10,"6,689",2303
 99/07/01,"52,069,239","728,411,518",14.25,14.25,14.00,14.05,-0.30,"5,913",2303
 99/07/02,"39,223,249","552,326,177",13.95,14.20,13.95,14.10,+0.05,"5,629",2303
 99/07/05,"26,898,890","381,763,702",14.15,14.40,14.05,14.30,+0.20,"5,645",2303
 99/07/06,"43,976,457","633,764,146",14.15,14.55,14.10,14.55,+0.25,"6,416",2303
 99/07/07,"70,751,273","1,037,693,421",14.65,14.70,14.60,14.70,+0.15,"9,782",2303
 99/07/08,"55,402,737","792,654,085",14.40,14.40,14.20,14.20,X0.00,"7,308",2303
 99/07/09,"33,557,780","480,255,304",14.35,14.40,14.20,14.35,+0.15,"5,389",2303
 99/07/12,"33,967,980","489,125,524",14.40,14.50,14.30,14.35, 0.00,"5,173",2303
 99/07/13,"22,801,291","327,146,377",14.45,14.45,14.25,14.40,+0.05,"4,599",2303
 99/07/14,"73,790,270","1,084,574,090",14.50,14.90,14.50,14.85,+0.45,"12,758",2303
 99/07/15,"27,852,350","410,884,030",14.85,14.85,14.65,14.75,-0.10,"5,869",2303
 99/07/16,"40,555,801","597,031,786",14.75,14.80,14.55,14.80,+0.05,"5,252",2303
 99/07/19,"20,868,362","306,094,313",14.50,14.80,14.50,14.70,-0.10,"3,888",2303
 99/07/20,"17,622,059","260,077,229",14.80,14.85,14.65,14.75,+0.05,"3,501",2303
 99/07/21,"22,006,343","325,269,220",14.75,14.85,14.70,14.80,+0.05,"4,200",2303
 99/07/22,"20,637,032","303,902,598",14.80,14.80,14.65,14.65,-0.15,"4,092",2303
 99/07/23,"42,708,080","628,480,104",14.85,14.90,14.60,14.65, 0.00,"5,951",2303
 99/07/26,"30,043,008","443,699,633",14.80,14.85,14.70,14.80,+0.15,"4,243",2303
 99/07/27,"38,136,362","566,145,219",14.90,14.95,14.75,14.75,-0.05,"4,051",2303
 99/07/28,"40,241,459","587,888,060",14.70,14.75,14.55,14.60,-0.15,"5,527",2303
 99/07/29,"31,310,130","452,996,679",14.60,14.60,14.35,14.45,-0.15,"5,464",2303
 99/07/30,"42,399,308","602,756,878",14.30,14.30,14.15,14.20,-0.25,"8,838",2303
 99/08/02,"41,973,707","608,128,120",14.40,14.60,14.40,14.50,+0.30,"7,432",2303
 99/08/03,"27,021,828","390,060,587",14.50,14.55,14.40,14.40,-0.10,"5,449",2303
 99/08/04,"52,106,543","742,661,291",14.35,14.40,14.15,14.30,-0.10,"9,411",2303
 99/08/05,"90,316,007","1,306,884,596",14.50,14.65,14.30,14.40,+0.10,"13,161",2303
 99/08/06,"30,662,291","441,555,041",14.45,14.50,14.35,14.35,-0.05,"5,203",2303
 99/08/09,"31,843,748","460,298,604",14.30,14.55,14.30,14.45,+0.10,"4,702",2303
 99/08/10,"33,856,199","489,603,424",14.55,14.60,14.35,14.35,-0.10,"6,979",2303
 99/08/11,"26,764,266","381,801,062",14.30,14.35,14.20,14.25,-0.10,"5,204",2303
 99/08/12,"46,248,105","652,388,430",14.10,14.20,14.05,14.10,-0.15,"10,068",2303
 99/08/13,"51,073,929","719,566,498",14.15,14.20,14.00,14.10, 0.00,"10,772",2303
 99/08/16,"39,745,211","557,924,454",14.15,14.15,14.00,14.00,-0.10,"6,213",2303
 99/08/17,"41,223,416","577,755,717",14.00,14.10,13.90,13.90,-0.10,"6,992",2303
 99/08/18,"40,067,336","558,311,250",13.95,14.10,13.85,13.85,-0.05,"6,869",2303
 99/08/19,"39,278,895","546,194,882",13.85,14.00,13.80,13.95,+0.10,"6,083",2303
 99/08/20,"20,931,531","290,803,881",13.90,14.00,13.85,13.85,-0.10,"4,354",2303
 99/08/23,"37,239,611","513,214,318",13.80,13.90,13.70,13.75,-0.10,"7,336",2303
 99/08/24,"44,815,861","610,531,746",13.75,13.75,13.50,13.50,-0.25,"9,794",2303
 99/08/25,"89,113,829","1,174,900,846",13.40,13.40,13.05,13.10,-0.40,"13,725",2303
 99/08/26,"89,680,323","1,187,215,809",13.10,13.45,13.00,13.25,+0.15,"12,368",2303
 99/08/27,"53,825,172","703,116,058",13.20,13.20,13.00,13.05,-0.20,"8,393",2303
 99/08/30,"26,609,041","349,921,986",13.20,13.30,13.05,13.05, 0.00,"6,170",2303
 99/08/31,"46,569,479","600,644,077",13.00,13.00,12.75,13.00,-0.05,"10,740",2303
 99/09/01,"29,639,425","385,161,265",13.05,13.05,12.95,12.95,-0.05,"5,167",2303
 99/09/02,"43,603,854","576,254,932",13.25,13.30,13.10,13.20,+0.25,"9,714",2303
 99/09/03,"35,005,458","464,862,112",13.20,13.35,13.20,13.35,+0.15,"8,780",2303
 99/09/06,"31,672,511","422,299,313",13.40,13.45,13.25,13.30,-0.05,"4,824",2303
 99/09/07,"33,611,557","443,956,537",13.30,13.35,13.15,13.15,-0.15,"5,374",2303
 99/09/08,"29,979,257","395,573,904",13.10,13.25,13.10,13.25,+0.10,"3,763",2303
 99/09/09,"35,200,657","467,418,837",13.30,13.35,13.20,13.25, 0.00,"4,723",2303
 99/09/10,"45,422,491","607,156,470",13.35,13.45,13.30,13.40,+0.15,"5,330",2303
 99/09/13,"59,445,416","807,354,733",13.45,13.70,13.45,13.70,+0.30,"7,524",2303
 99/09/14,"107,191,263","1,501,167,245",13.75,14.35,13.65,13.95,+0.25,"18,222",2303
 99/09/15,"64,199,011","886,647,108",14.00,14.00,13.70,13.85,-0.10,"7,939",2303
 99/09/16,"27,542,206","378,813,836",13.85,13.85,13.70,13.70,-0.15,"4,360",2303
 99/09/17,"47,724,604","658,715,259",13.70,13.85,13.70,13.80,+0.10,"5,796",2303
 99/09/20,"28,362,761","389,912,240",13.75,13.80,13.65,13.75,-0.05,"3,020",2303
 99/09/21,"24,948,880","346,347,986",13.85,14.00,13.80,13.85,+0.10,"3,855",2303
 99/09/23,"27,504,264","380,327,722",13.85,13.90,13.70,13.85, 0.00,"4,789",2303
 99/09/24,"50,056,878","685,138,050",13.75,13.80,13.60,13.70,-0.15,"5,161",2303
 99/09/27,"20,780,715","285,932,927",13.80,13.85,13.70,13.75,+0.05,"3,201",2303
 99/09/28,"30,846,214","422,020,965",13.60,13.75,13.60,13.75, 0.00,"4,684",2303
 99/09/29,"40,403,585","556,156,264",13.75,13.85,13.70,13.75, 0.00,"5,437",2303
 99/09/30,"31,348,520","433,705,295",13.80,13.90,13.75,13.85,+0.10,"4,407",2303
 99/10/01,"19,078,198","263,570,349",13.85,13.90,13.75,13.85, 0.00,"3,577",2303
 99/10/04,"32,424,812","448,616,417",13.85,13.95,13.75,13.80,-0.05,"5,377",2303
 99/10/05,"27,064,520","370,995,327",13.75,13.80,13.65,13.70,-0.10,"3,547",2303
 99/10/06,"46,540,287","644,237,143",13.80,13.95,13.75,13.90,+0.20,"5,713",2303
 99/10/07,"39,067,824","542,650,229",13.90,13.95,13.85,13.90, 0.00,"3,910",2303
 99/10/08,"34,456,869","481,565,226",14.00,14.05,13.90,13.95,+0.05,"5,415",2303
 99/10/11,"24,506,630","341,863,392",14.00,14.05,13.85,13.90,-0.05,"3,625",2303
 99/10/12,"52,090,326","711,046,034",13.80,13.80,13.50,13.60,-0.30,"6,672",2303
 99/10/13,"45,627,531","618,583,262",13.70,13.70,13.45,13.50,-0.10,"5,336",2303
 99/10/14,"32,663,089","446,569,878",13.65,13.75,13.60,13.70,+0.20,"7,610",2303
 99/10/15,"20,074,956","273,618,484",13.75,13.75,13.55,13.65,-0.05,"2,517",2303
 99/10/18,"30,407,885","408,822,173",13.65,13.70,13.35,13.35,-0.30,"4,451",2303
 99/10/19,"32,551,446","434,293,386",13.35,13.40,13.30,13.35, 0.00,"5,249",2303
 99/10/20,"32,001,118","431,309,629",13.30,13.60,13.25,13.55,+0.20,"4,750",2303
 99/10/21,"26,019,245","349,144,780",13.55,13.60,13.30,13.30,-0.25,"4,462",2303
 99/10/22,"25,606,533","343,665,198",13.35,13.55,13.35,13.40,+0.10,"3,035",2303
 99/10/25,"68,028,224","933,727,894",13.50,13.85,13.45,13.85,+0.45,"8,681",2303
 99/10/26,"45,666,785","632,452,218",13.95,14.00,13.75,13.85, 0.00,"6,666",2303
 99/10/27,"29,918,436","411,098,869",13.80,13.85,13.65,13.80,-0.05,"4,478",2303
 99/10/28,"454,580,141","6,586,400,685",14.35,14.75,14.25,14.45,+0.65,"43,698",2303
 99/10/29,"232,098,307","3,369,499,999",14.50,14.65,14.35,14.55,+0.10,"20,282",2303
 99/11/01,"113,523,867","1,647,533,175",14.60,14.65,14.40,14.40,-0.15,"11,796",2303
 99/11/02,"74,217,669","1,076,749,946",14.35,14.60,14.35,14.45,+0.05,"9,134",2303
 99/11/03,"86,425,666","1,249,481,953",14.55,14.60,14.30,14.40,-0.05,"10,419",2303
 99/11/04,"162,524,086","2,398,433,880",14.45,14.85,14.45,14.85,+0.45,"21,854",2303
 99/11/05,"231,845,255","3,488,996,655",15.00,15.40,14.90,15.40,+0.55,"25,245",2303
 99/11/08,"76,340,754","1,161,713,861",15.50,15.50,15.10,15.15,-0.25,"12,654",2303
 99/11/09,"47,305,854","721,138,690",15.30,15.40,15.15,15.20,+0.05,"9,323",2303
 99/11/10,"53,151,658","805,046,625",15.25,15.30,15.05,15.20, 0.00,"8,009",2303
 99/11/11,"46,337,801","702,743,046",15.25,15.30,15.05,15.05,-0.15,"7,125",2303
 99/11/12,"75,394,698","1,111,905,359",15.00,15.00,14.60,14.60,-0.45,"12,017",2303
 99/11/15,"50,422,788","744,398,521",14.60,14.85,14.60,14.85,+0.25,"7,134",2303
 99/11/16,"43,916,528","652,787,582",14.95,14.95,14.75,14.95,+0.10,"5,519",2303
 99/11/17,"36,654,533","544,305,868",14.85,14.95,14.70,14.90,-0.05,"6,478",2303
 99/11/18,"51,395,961","753,866,780",14.80,14.80,14.55,14.70,-0.20,"6,792",2303
 99/11/19,"37,459,250","555,041,116",14.90,14.90,14.70,14.70, 0.00,"6,316",2303
 99/11/22,"56,417,071","845,096,415",14.90,15.15,14.75,15.05,+0.35,"10,768",2303
 99/11/23,"49,746,495","743,599,269",15.05,15.10,14.80,14.80,-0.25,"6,355",2303
 99/11/24,"34,956,316","513,613,676",14.60,14.80,14.60,14.65,-0.15,"5,574",2303
 99/11/25,"55,914,297","833,937,505",14.80,15.00,14.80,15.00,+0.35,"6,933",2303
 99/11/26,"57,957,851","870,067,800",15.10,15.15,14.90,14.90,-0.10,"8,233",2303
 99/11/29,"61,919,472","933,436,430",15.10,15.15,14.95,15.10,+0.20,"7,056",2303
 99/11/30,"82,690,038","1,256,628,108",15.10,15.35,15.00,15.10, 0.00,"8,710",2303
 99/12/01,"64,448,505","981,281,456",15.20,15.35,15.10,15.35,+0.25,"8,421",2303
 99/12/02,"195,992,617","3,112,877,062",15.60,16.10,15.55,16.10,+0.75,"26,725",2303
 99/12/03,"195,816,446","3,230,194,446",16.40,16.85,16.25,16.40,+0.30,"29,390",2303
 99/12/06,"77,010,079","1,259,122,285",16.50,16.60,16.20,16.40, 0.00,"12,252",2303
 99/12/07,"73,773,769","1,193,635,056",16.40,16.40,16.05,16.25,-0.15,"10,696",2303
 99/12/08,"45,074,876","728,427,722",16.30,16.35,16.10,16.10,-0.15,"7,708",2303
 99/12/09,"115,060,101","1,896,627,902",16.25,16.75,16.20,16.70,+0.60,"17,236",2303
 99/12/10,"62,653,754","1,022,975,214",16.55,16.55,16.20,16.30,-0.40,"10,110",2303
 99/12/13,"34,157,267","557,027,437",16.50,16.50,16.20,16.20,-0.10,"5,248",2303
 99/12/14,"63,379,664","1,021,859,310",16.20,16.30,16.00,16.05,-0.15,"8,547",2303
 99/12/15,"47,166,283","761,510,418",16.05,16.25,16.00,16.25,+0.20,"8,107",2303
 99/12/16,"69,756,679","1,137,108,231",16.20,16.40,16.10,16.40,+0.15,"9,076",2303
 99/12/17,"145,928,502","2,440,220,728",16.60,16.95,16.55,16.70,+0.30,"23,476",2303
 99/12/20,"63,057,883","1,045,190,506",16.80,16.80,16.45,16.45,-0.25,"8,945",2303
 99/12/21,"29,225,460","481,299,493",16.50,16.60,16.35,16.45, 0.00,"5,854",2303
 99/12/22,"39,519,243","647,986,444",16.45,16.60,16.30,16.35,-0.10,"5,988",2303
 99/12/23,"34,454,048","562,063,924",16.30,16.40,16.25,16.30,-0.05,"5,979",2303
 99/12/24,"31,442,625","512,431,977",16.20,16.40,16.20,16.25,-0.05,"4,950",2303
 99/12/27,"29,981,806","485,620,913",16.25,16.30,16.10,16.25, 0.00,"4,872",2303
 99/12/28,"30,895,733","502,015,591",16.30,16.40,16.15,16.20,-0.05,"4,478",2303
 99/12/29,"45,747,493","735,667,438",16.10,16.20,16.00,16.05,-0.15,"6,977",2303
 99/12/30,"40,438,215","649,619,653",16.05,16.20,16.00,16.15,+0.10,"5,946",2303
 99/12/31,"57,261,581","931,428,627",16.15,16.40,16.05,16.30,+0.15,"8,959",2303
100/01/03,"32,430,517","527,726,977",16.40,16.40,16.20,16.20,-0.10,"5,336",2303
100/01/04,"27,876,124","452,136,940",16.20,16.30,16.15,16.20, 0.00,"4,765",2303
100/01/05,"89,979,108","1,418,868,620",16.10,16.15,15.55,15.55,-0.65,"12,983",2303
100/01/06,"42,966,075","676,122,319",15.60,15.90,15.50,15.90,+0.35,"6,459",2303
100/01/07,"70,613,447","1,134,537,107",15.90,16.30,15.85,15.90, 0.00,"11,455",2303
100/01/10,"43,138,998","693,535,563",16.00,16.20,15.95,16.20,+0.30,"7,390",2303
100/01/11,"133,991,844","2,215,865,871",16.25,16.70,16.10,16.65,+0.45,"21,883",2303
100/01/12,"113,275,507","1,896,841,686",16.70,16.90,16.55,16.65, 0.00,"16,013",2303
100/01/13,"68,798,418","1,145,825,551",16.65,16.80,16.55,16.60,-0.05,"7,041",2303
100/01/14,"45,671,601","759,590,315",16.60,16.70,16.55,16.70,+0.10,"5,655",2303
100/01/17,"169,483,524","2,906,938,450",16.80,17.40,16.80,17.25,+0.55,"20,088",2303
100/01/18,"189,962,842","3,356,782,145",17.25,17.95,17.10,17.80,+0.55,"27,225",2303
100/01/19,"188,644,434","3,405,800,592",17.90,18.20,17.65,18.05,+0.25,"23,906",2303
100/01/20,"86,861,347","1,542,918,619",18.00,18.00,17.65,17.65,-0.40,"12,750",2303
100/01/21,"69,003,722","1,204,589,165",17.40,17.60,17.20,17.50,-0.15,"9,027",2303
100/01/24,"34,537,975","599,886,160",17.50,17.55,17.25,17.40,-0.10,"6,479",2303
100/01/25,"48,210,848","843,735,892",17.50,17.70,17.35,17.40, 0.00,"6,530",2303
100/01/26,"61,577,133","1,077,824,863",17.40,17.70,17.30,17.40, 0.00,"8,492",2303
100/01/27,"193,592,312","3,468,603,098",17.60,18.20,17.60,18.00,+0.60,"28,745",2303
100/01/28,"99,034,299","1,784,605,882",18.05,18.15,17.80,18.10,+0.10,"16,350",2303
100/02/08,"102,075,008","1,817,006,691",18.20,18.30,17.55,17.60,-0.50,"16,453",2303
100/02/09,"97,076,305","1,661,364,374",17.50,17.70,16.90,17.00,-0.60,"16,674",2303
100/02/10,"63,824,939","1,070,868,715",17.00,17.00,16.65,16.65,-0.35,"11,084",2303
100/02/11,"77,373,770","1,263,092,490",16.55,16.60,16.10,16.20,-0.45,"13,648",2303
100/02/14,"48,081,578","790,706,809",16.50,16.60,16.30,16.40,+0.20,"7,843",2303
100/02/15,"47,579,441","774,104,721",16.20,16.50,16.00,16.20,-0.20,"7,878",2303
100/02/16,"45,947,904","749,886,581",16.20,16.45,16.10,16.30,+0.10,"8,305",2303
100/02/17,"37,500,954","609,108,171",16.40,16.40,16.10,16.15,-0.15,"6,783",2303
100/02/18,"51,219,565","846,564,339",16.40,16.65,16.35,16.40,+0.25,"8,609",2303
100/02/21,"27,770,370","454,327,276",16.45,16.45,16.25,16.30,-0.10,"5,204",2303
100/02/22,"78,793,747","1,250,284,852",16.10,16.10,15.75,15.90,-0.40,"13,916",2303
100/02/23,"92,483,729","1,441,636,966",15.75,15.85,15.30,15.40,-0.50,"14,720",2303
100/02/24,"53,017,324","821,856,377",15.60,15.65,15.40,15.50,+0.10,"9,339",2303
100/02/25,"76,779,557","1,186,647,920",15.55,15.65,15.30,15.40,-0.10,"10,416",2303
100/03/01,"67,074,340","1,052,240,911",15.40,15.85,15.40,15.80,+0.40,"9,030",2303
100/03/02,"38,173,489","594,016,444",15.70,15.70,15.45,15.45,-0.35,"6,497",2303
100/03/03,"41,368,052","646,638,597",15.60,15.75,15.45,15.70,+0.25,"7,145",2303
100/03/04,"72,548,630","1,155,882,278",15.90,16.10,15.80,15.90,+0.20,"11,426",2303
100/03/07,"27,317,012","429,028,313",15.90,15.90,15.60,15.60,-0.30,"4,788",2303
100/03/08,"46,162,722","717,584,885",15.50,15.70,15.45,15.50,-0.10,"6,841",2303
100/03/09,"114,368,723","1,747,669,148",15.60,15.60,15.05,15.15,-0.35,"16,595",2303
100/03/10,"112,005,399","1,653,699,224",15.05,15.10,14.65,14.70,-0.45,"18,326",2303
100/03/11,"50,726,979","746,057,754",14.50,14.85,14.50,14.85,+0.15,"8,921",2303
100/03/14,"62,792,949","912,063,279",14.70,14.75,14.40,14.60,-0.25,"9,209",2303
100/03/15,"119,091,774","1,694,015,696",14.55,14.60,14.00,14.30,-0.30,"13,720",2303
100/03/16,"91,347,785","1,297,742,787",14.40,14.60,14.00,14.10,-0.20,"13,253",2303
100/03/17,"92,608,496","1,327,874,653",14.00,14.60,13.90,14.45,+0.35,"16,122",2303
100/03/18,"56,158,945","811,815,740",14.55,14.60,14.30,14.60,+0.15,"10,166",2303
100/03/21,"34,834,802","511,040,296",14.60,14.80,14.55,14.80,+0.20,"7,082",2303
100/03/22,"37,552,195","553,720,934",14.90,14.90,14.65,14.70,-0.10,"6,605",2303
100/03/23,"27,537,239","406,016,601",14.70,14.85,14.60,14.85,+0.15,"4,507",2303
100/03/24,"39,440,827","589,111,305",14.90,15.10,14.80,15.00,+0.15,"7,210",2303
100/03/25,"52,619,670","792,736,692",15.10,15.20,14.90,15.10,+0.10,"8,836",2303
100/03/28,"33,744,342","506,696,012",15.00,15.10,14.90,15.05,-0.05,"5,211",2303
100/03/29,"33,649,794","509,999,793",15.05,15.25,15.05,15.15,+0.10,"6,501",2303
100/03/30,"34,790,604","527,422,477",15.15,15.25,15.10,15.15, 0.00,"6,500",2303
100/03/31,"32,649,092","495,121,132",15.25,15.30,15.00,15.30,+0.15,"4,520",2303
100/04/01,"27,301,165","413,959,943",15.30,15.30,15.10,15.15,-0.15,"3,442",2303
100/04/06,"87,117,485","1,347,800,895",15.50,15.60,15.35,15.35,+0.20,"13,810",2303
100/04/07,"44,603,888","688,318,311",15.40,15.50,15.35,15.50,+0.15,"6,819",2303
100/04/08,"51,810,438","804,274,001",15.50,15.60,15.40,15.60,+0.10,"6,694",2303
100/04/11,"40,105,692","616,658,485",15.60,15.65,15.25,15.45,-0.15,"5,919",2303
100/04/12,"23,701,498","361,666,695",15.40,15.40,15.15,15.35,-0.10,"3,698",2303
100/04/13,"35,062,562","534,374,190",15.35,15.35,15.15,15.30,-0.05,"4,711",2303
100/04/14,"30,375,170","461,396,792",15.30,15.30,15.15,15.15,-0.15,"6,385",2303
100/04/15,"47,395,237","711,999,725",15.20,15.25,14.90,14.90,-0.25,"8,878",2303
100/04/18,"43,462,991","642,906,335",14.85,14.90,14.70,14.75,-0.15,"6,964",2303
100/04/19,"34,982,277","516,675,013",14.70,14.90,14.55,14.90,+0.15,"7,896",2303
100/04/20,"34,081,616","513,366,440",15.10,15.15,14.95,15.10,+0.20,"5,899",2303
100/04/21,"37,156,612","569,860,441",15.30,15.45,15.25,15.30,+0.20,"7,429",2303
100/04/22,"21,761,484","331,994,232",15.30,15.35,15.20,15.20,-0.10,"4,135",2303
100/04/25,"17,096,260","258,873,600",15.20,15.25,15.05,15.05,-0.15,"3,529",2303
100/04/26,"30,876,170","467,724,254",15.00,15.25,14.95,15.25,+0.20,"5,623",2303
100/04/27,"41,942,207","645,221,633",15.30,15.45,15.30,15.30,+0.05,"6,750",2303
100/04/28,"39,215,038","596,706,748",15.30,15.35,15.10,15.10,-0.20,"5,703",2303
100/04/29,"57,337,425","855,943,138",15.10,15.15,14.75,14.85,-0.25,"11,379",2303
100/05/03,"27,394,909","408,484,508",15.00,15.00,14.85,14.95,+0.10,"4,953",2303
100/05/04,"32,573,996","487,370,309",14.95,15.05,14.80,14.95, 0.00,"5,665",2303
100/05/05,"15,778,880","236,577,030",14.95,15.10,14.85,15.00,+0.05,"2,920",2303
100/05/06,"24,907,326","374,775,180",15.00,15.15,14.90,15.00, 0.00,"4,407",2303
100/05/09,"28,149,782","427,595,903",15.15,15.25,15.05,15.20,+0.20,"4,870",2303
100/05/10,"19,493,759","294,779,484",15.30,15.30,15.05,15.10,-0.10,"4,618",2303
100/05/11,"17,515,665","264,521,575",15.20,15.20,15.00,15.05,-0.05,"2,793",2303
100/05/12,"35,392,264","530,648,203",15.00,15.10,14.90,14.90,-0.15,"4,882",2303
100/05/13,"27,241,738","408,721,307",15.00,15.10,14.95,14.95,+0.05,"5,744",2303
100/05/16,"30,982,384","465,275,022",15.05,15.10,14.90,14.95, 0.00,"5,136",2303
100/05/17,"39,877,640","594,238,432",14.90,15.00,14.80,14.85,-0.10,"5,257",2303
100/05/18,"78,595,684","1,147,903,082",14.65,14.70,14.50,14.60,-0.25,"15,843",2303
100/05/19,"40,099,484","592,060,551",14.70,14.80,14.65,14.75,+0.15,"5,697",2303
100/05/20,"42,632,334","625,548,330",14.75,14.80,14.60,14.60,-0.15,"5,217",2303
100/05/23,"34,465,219","499,713,482",14.50,14.60,14.40,14.50,-0.10,"5,626",2303
100/05/24,"45,750,743","656,544,724",14.45,14.45,14.25,14.45,-0.05,"7,587",2303
100/05/25,"29,928,752","433,114,712",14.45,14.60,14.35,14.55,+0.10,"4,086",2303
100/05/26,"26,524,421","386,172,430",14.70,14.70,14.45,14.55, 0.00,"3,194",2303
100/05/27,"34,279,922","495,653,328",14.50,14.60,14.35,14.35,-0.20,"6,554",2303
100/05/30,"42,150,436","617,631,727",14.50,14.75,14.45,14.70,+0.35,"5,485",2303
100/05/31,"45,122,500","666,602,766",14.75,14.90,14.70,14.80,+0.10,"5,553",2303
100/06/01,"64,511,811","969,784,785",14.85,15.15,14.85,15.05,+0.25,"9,452",2303
100/06/02,"43,762,096","654,077,790",14.90,15.05,14.85,15.05, 0.00,"5,187",2303
100/06/03,"24,455,566","366,492,890",15.05,15.05,14.85,15.00,-0.05,"3,754",2303
100/06/07,"32,265,868","480,984,126",14.90,15.00,14.80,14.85,-0.15,"6,438",2303
100/06/08,"29,057,353","436,289,176",14.85,15.10,14.85,15.00,+0.15,"6,660",2303
100/06/09,"16,829,880","252,934,674",15.10,15.10,14.95,14.95,-0.05,"5,392",2303
100/06/10,"18,996,182","284,827,880",15.10,15.10,14.90,14.90,-0.05,"5,997",2303
100/06/13,"34,063,856","499,578,610",14.80,14.85,14.55,14.65,-0.25,"5,838",2303
100/06/14,"65,755,995","963,184,796",14.60,14.75,14.55,14.75,+0.10,"5,737",2303
100/06/15,"48,014,689","705,480,956",14.70,14.85,14.55,14.80,+0.05,"5,822",2303
100/06/16,"54,390,315","786,092,073",14.50,14.60,14.30,14.40,-0.40,"8,738",2303
100/06/17,"37,083,122","531,921,472",14.30,14.50,14.30,14.30,-0.10,"5,458",2303
100/06/20,"29,063,413","414,424,939",14.45,14.45,14.15,14.20,-0.10,"4,985",2303
100/06/21,"26,414,546","378,025,017",14.25,14.40,14.25,14.30,+0.10,"3,520",2303
100/06/22,"29,246,827","419,768,983",14.40,14.45,14.30,14.30, 0.00,"4,404",2303
100/06/23,"26,270,462","374,078,503",14.20,14.40,14.15,14.20,-0.10,"3,850",2303
100/06/24,"42,812,995","602,181,780",14.15,14.20,14.00,14.05,-0.15,"7,496",2303
100/06/27,"44,460,574","618,967,686",14.00,14.00,13.85,13.95,-0.10,"8,650",2303
100/06/28,"42,807,038","598,647,243",14.00,14.05,13.90,14.00,+0.05,"5,639",2303
100/06/29,"49,504,343","703,821,101",14.15,14.30,14.10,14.25,+0.25,"6,166",2303
100/06/30,"42,804,166","609,579,345",14.25,14.30,14.20,14.25, 0.00,"6,165",2303
100/07/01,"40,912,512","583,435,402",14.30,14.35,14.20,14.25, 0.00,"5,696",2303
100/07/04,"40,109,351","574,876,404",14.35,14.40,14.25,14.35,+0.10,"5,215",2303
100/07/05,"42,942,744","612,365,409",14.40,14.40,14.20,14.25,-0.10,"3,500",2303
100/07/06,"25,161,357","358,307,194",14.25,14.30,14.15,14.30,+0.05,"3,432",2303
100/07/07,"46,697,038","668,801,392",14.30,14.50,14.25,14.35,+0.05,"4,981",2303
100/07/08,"29,842,490","427,847,960",14.35,14.45,14.25,14.25,-0.10,"4,981",2303
100/07/11,"27,890,668","394,463,654",14.20,14.30,14.05,14.05,-0.20,"4,251",2303
100/07/12,"47,648,267","662,965,242",13.90,14.00,13.85,13.90,-0.15,"6,869",2303
100/07/13,"24,658,837","342,886,457",13.85,14.00,13.85,13.90, 0.00,"5,359",2303
100/07/14,"39,898,593","549,164,091",13.90,14.00,13.60,13.75,-0.15,"6,521",2303
100/07/15,"28,865,760","398,328,653",13.75,13.90,13.65,13.90,+0.15,"7,094",2303
100/07/18,"19,603,331","271,194,051",13.90,13.95,13.75,13.85,-0.05,"3,790",2303
100/07/19,"28,534,798","393,669,648",13.85,13.85,13.70,13.85, 0.00,"4,730",2303
100/07/20,"46,899,033","656,605,966",13.95,14.10,13.85,14.10,+0.25,"6,835",2303
100/07/21,"144,642,634","2,066,732,000",14.10,14.45,14.00,14.45,+0.35,"15,493",2303
100/07/22,"87,932,190","1,179,424,825",13.50,13.50,13.35,13.40,X0.00,"11,279",2303
100/07/25,"21,408,876","282,816,209",13.20,13.40,13.15,13.20,-0.20,"4,398",2303
100/07/26,"34,138,781","451,093,242",13.20,13.30,13.15,13.30,+0.10,"3,645",2303
100/07/27,"33,251,752","437,330,176",13.30,13.30,13.10,13.10,-0.20,"5,556",2303
100/07/28,"20,333,317","264,806,157",13.00,13.10,12.95,13.05,-0.05,"3,807",2303
100/07/29,"24,874,954","323,469,076",13.10,13.10,12.95,12.95,-0.10,"5,380",2303
100/08/01,"20,517,676","268,210,538",12.95,13.15,12.90,13.10,+0.15,"3,676",2303
100/08/02,"30,236,546","388,939,825",12.95,13.00,12.80,12.80,-0.30,"5,310",2303
100/08/03,"32,733,667","413,066,944",12.70,12.70,12.55,12.65,-0.15,"5,244",2303
100/08/04,"52,942,463","657,141,082",12.55,12.60,12.30,12.40,-0.25,"8,054",2303
100/08/05,"67,317,717","779,586,591",11.55,11.80,11.55,11.55,-0.85,"8,830",2303
100/08/08,"105,630,844","1,152,742,732",11.30,11.30,10.75,10.90,-0.65,"15,428",2303
100/08/09,"126,876,282","1,304,885,006",10.15,10.65,10.15,10.45,-0.45,"13,601",2303
100/08/10,"99,140,074","1,085,475,162",10.80,11.15,10.60,11.10,+0.65,"14,082",2303
100/08/11,"75,055,913","810,760,543",10.70,11.00,10.60,10.80,-0.30,"8,986",2303
100/08/12,"94,101,641","1,037,557,751",11.00,11.20,10.85,10.90,+0.10,"10,480",2303
100/08/15,"33,709,773","374,984,260",11.10,11.20,11.05,11.20,+0.30,"4,603",2303
100/08/16,"41,637,924","468,596,252",11.30,11.40,11.15,11.20, 0.00,"6,034",2303
100/08/17,"50,715,670","562,453,275",11.30,11.30,11.00,11.10,-0.10,"6,439",2303
100/08/18,"52,298,945","570,614,727",11.20,11.20,10.80,10.95,-0.15,"7,405",2303
100/08/19,"37,145,639","396,834,079",10.70,10.75,10.60,10.70,-0.25,"5,366",2303
100/08/22,"21,102,202","227,574,307",10.80,10.90,10.65,10.70, 0.00,"8,366",2303
100/08/23,"25,308,196","278,027,656",10.90,11.20,10.75,11.10,+0.40,"4,687",2303
100/08/24,"39,171,467","427,677,022",11.15,11.15,10.80,10.95,-0.15,"6,509",2303
100/08/25,"26,259,888","286,780,237",10.95,11.00,10.85,10.90,-0.05,"6,596",2303
100/08/26,"22,042,706","239,773,208",10.90,11.00,10.80,10.80,-0.10,"5,272",2303
100/08/29,"34,487,565","380,001,265",10.95,11.10,10.90,11.00,+0.20,"4,111",2303
100/08/30,"64,130,109","716,113,372",11.15,11.30,11.05,11.10,+0.10,"6,569",2303
100/08/31,"30,087,355","337,871,449",11.30,11.35,11.10,11.30,+0.20,"4,133",2303
100/09/01,"91,132,473","1,072,388,619",11.40,12.05,11.35,11.75,+0.45,"11,867",2303
100/09/02,"40,099,978","465,265,489",11.80,11.80,11.50,11.60,-0.15,"6,729",2303
100/09/05,"47,605,350","529,196,501",11.30,11.30,11.00,11.05,-0.55,"7,870",2303
100/09/06,"33,104,731","361,747,591",10.95,11.05,10.90,10.90,-0.15,"4,745",2303
100/09/07,"39,835,121","445,717,167",11.00,11.40,10.95,11.40,+0.50,"5,758",2303
100/09/08,"44,818,734","510,597,322",11.55,11.60,11.25,11.35,-0.05,"5,334",2303
100/09/09,"23,836,353","267,818,192",11.20,11.35,11.10,11.30,-0.05,"3,797",2303
100/09/13,"25,469,964","280,890,158",11.20,11.20,10.90,10.90,-0.40,"6,193",2303
100/09/14,"33,605,002","364,273,837",11.00,11.10,10.70,10.75,-0.15,"6,076",2303
100/09/15,"31,704,043","350,456,907",11.10,11.20,10.90,11.00,+0.25,"5,509",2303
100/09/16,"63,653,812","725,027,348",11.30,11.45,11.30,11.45,+0.45,"7,436",2303
100/09/19,"12,371,288","139,379,788",11.40,11.40,11.20,11.20,-0.25,"2,512",2303
100/09/20,"23,568,207","265,008,232",11.25,11.35,11.10,11.30,+0.10,"3,568",2303
100/09/21,"18,506,099","209,342,862",11.35,11.40,11.15,11.40,+0.10,"3,308",2303
100/09/22,"28,127,008","311,581,197",11.15,11.20,11.00,11.00,-0.40,"4,838",2303
100/09/23,"66,494,280","718,935,389",10.70,11.00,10.65,10.75,-0.25,"9,347",2303
100/09/26,"35,495,123","386,340,283",10.90,11.00,10.80,10.85,+0.10,"6,053",2303
100/09/27,"53,524,063","605,364,337",11.10,11.50,11.10,11.50,+0.65,"9,047",2303
100/09/28,"48,616,769","556,919,910",11.65,11.65,11.30,11.55,+0.05,"8,970",2303
100/09/29,"23,862,508","273,603,656",11.45,11.55,11.25,11.45,-0.10,"4,723",2303
100/09/30,"32,959,396","374,996,946",11.40,11.45,11.30,11.40,-0.05,"3,937",2303
100/10/03,"25,365,494","285,148,626",11.40,11.40,11.15,11.30,-0.10,"4,322",2303
100/10/04,"30,638,301","349,199,801",11.10,11.50,11.05,11.50,+0.20,"5,722",2303
100/10/05,"17,680,668","203,717,440",11.55,11.65,11.45,11.45,-0.05,"4,257",2303
100/10/06,"37,144,692","435,341,851",11.60,11.80,11.55,11.75,+0.30,"6,329",2303
100/10/07,"23,852,417","283,446,419",11.95,11.95,11.80,11.90,+0.15,"5,825",2303
100/10/11,"48,313,616","587,015,951",12.05,12.25,12.05,12.15,+0.25,"7,352",2303
100/10/12,"17,542,919","212,237,570",12.20,12.20,11.95,12.15, 0.00,"4,236",2303
100/10/13,"31,545,182","375,893,452",12.15,12.15,11.80,11.95,-0.20,"5,732",2303
100/10/14,"14,488,825","172,338,633",11.85,12.00,11.80,11.90,-0.05,"4,637",2303
100/10/17,"20,567,703","249,589,782",12.00,12.20,12.00,12.20,+0.30,"3,846",2303
100/10/18,"14,523,378","173,282,491",12.00,12.05,11.85,11.90,-0.30,"4,163",2303
100/10/19,"13,010,523","155,885,140",12.00,12.05,11.90,12.05,+0.15,"2,302",2303
100/10/20,"19,986,611","240,284,882",12.05,12.10,11.95,12.05, 0.00,"4,298",2303
100/10/21,"12,041,129","144,619,848",12.10,12.10,11.95,12.05, 0.00,"2,322",2303
100/10/24,"48,344,141","611,394,594",12.40,12.80,12.40,12.70,+0.65,"9,338",2303
100/10/25,"31,770,715","403,794,962",12.85,12.85,12.60,12.70, 0.00,"5,657",2303
100/10/26,"32,051,508","407,629,914",12.40,12.90,12.40,12.80,+0.10,"6,471",2303
100/10/27,"78,073,388","1,020,065,111",12.90,13.25,12.85,13.20,+0.40,"10,728",2303
100/10/28,"65,391,725","875,161,873",13.50,13.70,13.00,13.20, 0.00,"10,422",2303
100/10/31,"39,010,362","516,597,521",13.20,13.35,13.10,13.35,+0.15,"5,419",2303
100/11/01,"40,403,891","531,390,308",13.30,13.30,13.05,13.15,-0.20,"6,109",2303
100/11/02,"34,110,519","439,088,197",12.90,13.05,12.70,13.00,-0.15,"5,936",2303
100/11/03,"28,938,748","368,662,648",13.00,13.00,12.55,12.75,-0.25,"5,560",2303
100/11/04,"29,174,207","380,698,991",13.00,13.20,12.95,13.05,+0.30,"5,720",2303
100/11/07,"10,464,647","136,004,834",13.05,13.15,12.85,12.95,-0.10,"3,340",2303
100/11/08,"12,827,175","166,685,433",12.95,13.10,12.85,13.00,+0.05,"3,735",2303
100/11/09,"15,461,763","202,555,219",13.20,13.20,13.05,13.05,+0.05,"2,693",2303
100/11/10,"37,232,484","472,127,012",12.75,12.80,12.50,12.55,-0.50,"6,500",2303
100/11/11,"14,398,687","182,236,510",12.65,12.80,12.50,12.80,+0.25,"3,245",2303
100/11/14,"27,785,808","364,178,306",13.00,13.15,13.00,13.15,+0.35,"4,546",2303
100/11/15,"12,665,414","164,510,032",13.05,13.10,12.90,13.05,-0.10,"2,559",2303
100/11/16,"18,286,783","238,339,829",13.10,13.15,12.90,13.00,-0.05,"4,363",2303
100/11/17,"12,829,525","165,739,032",12.90,13.00,12.85,12.85,-0.15,"3,061",2303
100/11/18,"23,335,096","294,546,959",12.75,12.75,12.50,12.60,-0.25,"3,602",2303
100/11/21,"18,613,903","231,017,612",12.50,12.55,12.30,12.35,-0.25,"3,564",2303
100/11/22,"30,615,600","382,567,467",12.35,12.70,12.25,12.55,+0.20,"5,416",2303
100/11/23,"41,517,943","502,933,766",12.35,12.50,11.95,11.95,-0.60,"6,847",2303
100/11/24,"21,864,732","258,313,377",11.80,12.00,11.60,11.90,-0.05,"4,325",2303
100/11/25,"45,221,825","559,626,561",12.15,12.70,12.15,12.15,+0.25,"7,297",2303
100/11/28,"25,861,560","320,820,212",12.30,12.55,12.20,12.55,+0.40,"4,564",2303
100/11/29,"50,355,557","635,324,365",12.65,12.80,12.40,12.60,+0.05,"7,327",2303
100/11/30,"50,203,312","643,952,383",12.85,13.00,12.65,13.00,+0.40,"7,091",2303
100/12/01,"53,346,637","714,484,876",13.50,13.60,13.25,13.25,+0.25,"10,874",2303
100/12/02,"14,532,967","192,111,116",13.25,13.35,13.10,13.15,-0.10,"3,682",2303
100/12/05,"22,239,337","286,200,964",13.15,13.20,12.95,12.95,-0.20,"3,245",2303
100/12/06,"16,680,916","214,601,686",13.00,13.05,12.75,12.75,-0.20,"2,843",2303
100/12/07,"26,222,609","337,962,196",12.95,13.00,12.80,12.85,+0.10,"3,717",2303
100/12/08,"24,690,633","313,965,899",12.85,12.90,12.55,12.80,-0.05,"5,245",2303
100/12/09,"25,608,140","321,116,707",12.60,12.65,12.45,12.45,-0.35,"6,087",2303
100/12/12,"11,938,197","150,227,835",12.55,12.75,12.45,12.55,+0.10,"2,134",2303
100/12/13,"22,306,804","273,883,823",12.30,12.40,12.20,12.20,-0.35,"4,248",2303
100/12/14,"23,391,226","283,477,429",12.20,12.25,12.00,12.05,-0.15,"4,151",2303
100/12/15,"34,210,060","404,971,322",11.95,11.95,11.75,11.75,-0.30,"8,426",2303
100/12/16,"24,286,956","293,526,027",11.75,12.25,11.75,12.25,+0.50,"5,107",2303
100/12/19,"29,760,863","359,544,661",12.30,12.40,11.90,12.15,-0.10,"4,565",2303
100/12/20,"37,777,798","447,577,037",12.15,12.15,11.70,11.75,-0.40,"5,454",2303
100/12/21,"30,424,657","374,718,836",12.20,12.45,12.10,12.45,+0.70,"5,614",2303
100/12/22,"15,370,757","190,162,969",12.35,12.50,12.25,12.35,-0.10,"2,472",2303
100/12/23,"17,075,664","215,241,063",12.50,12.70,12.45,12.70,+0.35,"4,322",2303
100/12/26,"17,182,490","216,638,212",12.70,12.80,12.50,12.50,-0.20,"2,938",2303
100/12/27,"11,106,743","139,500,256",12.50,12.65,12.50,12.60,+0.10,"3,077",2303
100/12/28,"18,368,941","230,730,620",12.60,12.65,12.45,12.65,+0.05,"3,389",2303
100/12/29,"14,802,783","187,117,451",12.55,12.75,12.50,12.70,+0.05,"4,359",2303
100/12/30,"13,286,743","169,378,684",12.75,12.85,12.70,12.70, 0.00,"3,811",2303
101/01/02,"8,472,898","107,104,386",12.70,12.75,12.50,12.60,-0.10,"1,587",2303
101/01/03,"20,155,141","259,521,197",12.80,12.95,12.80,12.85,+0.25,"5,417",2303
101/01/04,"31,879,984","414,383,368",12.95,13.10,12.90,13.00,+0.15,"7,077",2303
101/01/05,"25,185,188","328,934,375",13.00,13.15,12.95,13.15,+0.15,"4,518",2303
101/01/06,"23,950,854","311,171,721",13.10,13.10,12.90,13.00,-0.15,"3,275",2303
101/01/09,"15,097,371","194,206,897",13.00,13.00,12.80,12.90,-0.10,"2,002",2303
101/01/10,"52,906,581","697,587,680",12.90,13.35,12.90,13.30,+0.40,"9,882",2303
101/01/11,"56,347,167","753,841,395",13.45,13.45,13.15,13.45,+0.15,"9,164",2303
101/01/12,"87,826,677","1,206,142,691",13.45,13.85,13.45,13.85,+0.40,"15,780",2303
101/01/13,"82,159,062","1,140,616,889",13.95,14.05,13.75,13.85, 0.00,"11,609",2303
101/01/16,"41,844,397","571,180,918",14.00,14.00,13.45,13.45,-0.40,"5,757",2303
101/01/17,"69,083,714","966,671,646",13.80,14.10,13.70,14.10,+0.65,"10,303",2303
101/01/18,"60,217,591","853,043,589",14.05,14.30,13.95,14.25,+0.15,"9,951",2303
101/01/30,"159,299,668","2,399,230,823",14.80,15.20,14.75,15.20,+0.95,"25,744",2303
101/01/31,"81,877,742","1,248,194,947",15.25,15.50,15.10,15.50,+0.30,"12,652",2303
101/02/01,"87,764,186","1,364,873,934",15.50,15.75,15.30,15.55,+0.05,"12,815",2303
101/02/02,"49,312,768","756,740,665",15.70,15.70,15.20,15.30,-0.25,"8,381",2303
101/02/03,"33,375,959","510,627,785",15.30,15.40,15.15,15.40,+0.10,"7,616",2303
101/02/04,"37,123,088","571,391,584",15.50,15.60,15.20,15.30,-0.10,"5,766",2303
101/02/06,"38,801,377","591,184,104",15.15,15.40,15.10,15.30, 0.00,"6,545",2303
101/02/07,"36,980,772","567,278,842",15.30,15.45,15.25,15.35,+0.05,"4,528",2303
101/02/08,"40,971,239","629,443,934",15.50,15.50,15.25,15.40,+0.05,"6,589",2303
101/02/09,"74,256,075","1,117,770,667",15.25,15.25,14.85,15.10,-0.30,"11,621",2303
101/02/10,"51,484,625","776,501,842",15.15,15.35,14.95,15.00,-0.10,"6,544",2303
101/02/13,"35,407,760","528,552,919",14.90,15.10,14.85,14.95,-0.05,"5,832",2303
101/02/14,"35,172,957","521,508,932",15.10,15.10,14.75,14.75,-0.20,"6,543",2303
101/02/15,"57,983,577","873,371,038",14.90,15.25,14.85,15.25,+0.50,"10,785",2303
101/02/16,"30,848,325","467,088,775",15.30,15.35,15.05,15.10,-0.15,"5,565",2303
101/02/17,"57,614,730","862,442,430",15.25,15.35,14.65,14.95,-0.15,"8,278",2303
101/02/20,"28,705,870","429,860,589",15.20,15.25,14.85,14.85,-0.10,"4,469",2303
101/02/21,"38,365,304","572,403,564",14.85,15.00,14.80,15.00,+0.15,"4,947",2303
101/02/22,"37,338,995","558,598,021",15.00,15.05,14.90,14.95,-0.05,"4,959",2303
101/02/23,"27,287,299","406,366,932",14.95,15.00,14.80,14.80,-0.15,"4,026",2303
101/02/24,"28,026,306","417,832,897",15.00,15.00,14.85,14.90,+0.10,"5,222",2303
101/02/29,"102,841,192","1,571,356,009",15.10,15.50,15.10,15.50,+0.60,"13,416",2303
101/03/01,"60,246,049","937,911,408",15.50,15.70,15.40,15.65,+0.15,"10,217",2303
101/03/02,"25,994,795","402,234,515",15.70,15.70,15.30,15.45,-0.20,"5,342",2303
101/03/03,"7,798,217","119,166,568",15.30,15.35,15.20,15.25,-0.20,"1,965",2303
101/03/05,"24,021,382","363,548,880",15.20,15.25,15.05,15.10,-0.15,"3,479",2303
101/03/06,"43,612,844","653,215,506",15.10,15.20,14.80,14.95,-0.15,"5,639",2303
101/03/07,"43,482,745","639,977,903",14.80,14.90,14.60,14.60,-0.35,"6,697",2303
101/03/08,"23,224,711","342,098,275",14.80,14.85,14.60,14.75,+0.15,"4,666",2303
101/03/09,"32,820,753","479,592,897",14.65,14.80,14.45,14.75, 0.00,"6,580",2303
101/03/12,"13,713,529","201,529,625",14.80,14.80,14.60,14.60,-0.15,"2,677",2303
101/03/13,"51,938,222","779,503,714",14.75,15.20,14.70,15.15,+0.55,"8,923",2303
101/03/14,"59,881,482","912,547,010",15.30,15.40,15.05,15.20,+0.05,"9,134",2303
101/03/15,"46,111,511","697,592,415",15.25,15.25,15.05,15.05,-0.15,"4,573",2303
101/03/16,"44,915,694","681,967,488",15.20,15.35,14.95,14.95,-0.10,"6,991",2303
101/03/19,"23,529,833","351,210,823",15.05,15.10,14.80,14.90,-0.05,"3,641",2303
101/03/20,"19,894,778","298,754,171",15.10,15.20,14.90,15.00,+0.10,"3,465",2303
101/03/21,"23,366,463","351,278,592",15.00,15.15,14.95,15.00, 0.00,"3,997",2303
101/03/22,"44,333,320","678,124,101",15.00,15.45,15.00,15.30,+0.30,"9,408",2303
101/03/23,"13,143,460","199,320,675",15.35,15.35,15.10,15.25,-0.05,"2,635",2303
101/03/26,"39,343,635","588,697,686",15.20,15.20,14.85,14.90,-0.35,"6,070",2303
101/03/27,"18,435,631","277,236,615",15.05,15.10,14.95,15.10,+0.20,"2,890",2303
101/03/28,"13,023,398","195,469,870",15.00,15.10,14.90,15.10, 0.00,"2,883",2303
101/03/29,"41,980,813","617,843,751",14.90,14.95,14.55,14.70,-0.40,"5,730",2303
101/03/30,"58,424,190","840,444,625",14.45,14.50,14.20,14.45,-0.25,"6,563",2303
101/04/02,"26,495,311","377,004,781",14.45,14.45,14.10,14.20,-0.25,"4,655",2303
101/04/03,"34,276,948","490,442,907",14.30,14.45,14.25,14.35,+0.15,"4,017",2303
101/04/05,"26,907,549","378,308,887",13.90,14.20,13.90,14.05,-0.30,"4,227",2303
101/04/06,"41,486,522","582,739,258",14.05,14.15,14.00,14.00,-0.05,"6,651",2303
101/04/09,"31,345,202","433,449,386",13.75,14.10,13.55,13.85,-0.15,"4,114",2303
101/04/10,"39,556,414","562,039,185",14.10,14.30,14.10,14.15,+0.30,"5,625",2303
101/04/11,"29,099,609","414,155,184",14.10,14.50,13.95,14.35,+0.20,"4,838",2303
101/04/12,"22,524,713","320,423,651",14.40,14.40,14.10,14.10,-0.25,"3,740",2303
101/04/13,"26,863,770","387,557,525",14.30,14.50,14.25,14.45,+0.35,"5,189",2303
101/04/16,"9,796,297","139,594,278",14.30,14.35,14.15,14.25,-0.20,"2,577",2303
101/04/17,"23,829,637","337,715,833",14.20,14.25,14.05,14.20,-0.05,"3,852",2303
101/04/18,"21,685,054","309,980,260",14.40,14.45,14.15,14.15,-0.05,"6,080",2303
101/04/19,"24,965,202","360,279,796",14.25,14.55,14.15,14.50,+0.35,"4,763",2303
101/04/20,"32,362,613","471,032,496",14.60,14.65,14.40,14.60,+0.10,"5,300",2303
101/04/23,"45,565,327","678,663,453",14.70,15.05,14.70,15.05,+0.45,"8,916",2303
101/04/24,"31,425,053","465,594,265",15.00,15.00,14.55,14.75,-0.30,"6,727",2303
101/04/25,"37,478,674","557,512,778",14.75,15.00,14.70,14.90,+0.15,"5,976",2303
101/04/26,"53,612,076","808,669,306",15.20,15.20,14.85,14.95,+0.05,"9,810",2303
101/04/27,"87,180,694","1,336,028,212",15.15,15.45,15.15,15.30,+0.35,"13,900",2303
101/04/30,"50,827,198","779,246,191",15.35,15.50,15.20,15.30, 0.00,"5,307",2303
101/05/02,"62,745,052","972,928,575",15.40,15.60,15.35,15.55,+0.25,"9,741",2303
101/05/03,"21,493,249","333,139,806",15.50,15.55,15.45,15.55, 0.00,"3,812",2303
101/05/04,"30,050,940","458,246,478",15.35,15.45,15.20,15.25,-0.30,"4,596",2303
101/05/07,"77,705,568","1,137,912,160",15.00,15.00,14.45,14.50,-0.75,"9,542",2303
101/05/08,"33,378,587","491,067,348",14.70,14.80,14.55,14.75,+0.25,"4,310",2303
101/05/09,"37,256,300","540,541,240",14.75,14.75,14.35,14.45,-0.30,"7,340",2303
101/05/10,"16,518,164","240,052,404",14.35,14.65,14.35,14.55,+0.10,"4,010",2303
101/05/11,"20,771,169","301,809,545",14.60,14.70,14.40,14.70,+0.15,"3,528",2303
101/05/14,"13,568,690","198,735,767",14.80,14.80,14.55,14.70, 0.00,"2,040",2303
101/05/15,"36,936,624","532,749,222",14.45,14.55,14.30,14.45,-0.25,"5,454",2303
101/05/16,"48,718,612","684,647,741",14.35,14.45,13.80,13.80,-0.65,"7,649",2303
101/05/17,"37,410,105","521,547,814",14.10,14.10,13.80,14.00,+0.20,"6,639",2303
101/05/18,"60,652,808","819,142,449",13.75,13.75,13.25,13.25,-0.75,"10,586",2303
101/05/21,"22,356,474","297,740,990",13.25,13.45,13.25,13.25, 0.00,"5,896",2303
101/05/22,"26,888,125","359,728,818",13.40,13.45,13.30,13.35,+0.10,"4,191",2303
101/05/23,"60,055,556","771,212,828",13.00,13.05,12.70,12.75,-0.60,"8,406",2303
101/05/24,"66,087,428","831,396,112",12.80,12.90,12.40,12.55,-0.20,"8,117",2303
101/05/25,"36,202,403","457,133,642",12.55,12.75,12.50,12.60,+0.05,"5,106",2303
101/05/28,"26,035,633","330,119,885",12.60,12.75,12.60,12.70,+0.10,"3,699",2303
101/05/29,"69,626,527","915,098,901",12.75,13.50,12.75,13.30,+0.60,"8,169",2303
101/05/30,"40,547,579","535,440,466",13.45,13.45,13.05,13.35,+0.05,"6,034",2303
101/05/31,"42,314,730","552,498,711",13.05,13.15,12.90,13.10,-0.25,"5,347",2303
101/06/01,"63,169,755","798,467,329",12.90,12.90,12.50,12.55,-0.55,"10,710",2303
101/06/04,"76,694,820","914,036,218",12.20,12.20,11.70,11.85,-0.70,"10,973",2303
101/06/05,"56,513,426","673,911,085",12.00,12.10,11.75,11.80,-0.05,"8,256",2303
101/06/06,"55,154,970","651,677,600",11.85,11.90,11.70,11.85,+0.05,"7,101",2303
101/06/07,"37,904,381","452,351,189",12.10,12.10,11.80,11.90,+0.05,"5,997",2303
101/06/08,"18,807,399","223,981,388",11.90,12.00,11.80,12.00,+0.10,"5,283",2303
101/06/11,"33,540,445","405,592,673",12.15,12.25,12.00,12.10,+0.10,"4,878",2303
101/06/12,"28,515,000","344,799,600",11.90,12.25,11.90,12.25,+0.15,"4,873",2303
101/06/13,"23,788,143","291,225,860",12.30,12.30,12.15,12.30,+0.05,"4,560",2303
101/06/14,"21,940,615","266,408,327",12.15,12.20,12.10,12.15,-0.15,"5,693",2303
101/06/15,"70,408,495","859,096,436",12.15,12.25,12.10,12.25,+0.10,"5,298",2303
101/06/18,"45,382,857","563,045,631",12.50,12.60,12.30,12.35,+0.10,"5,527",2303
101/06/19,"12,074,575","149,326,857",12.45,12.45,12.30,12.35, 0.00,"2,462",2303
101/06/20,"34,500,380","434,357,658",12.55,12.70,12.45,12.70,+0.35,"5,534",2303
101/06/21,"35,929,608","462,309,642",12.70,13.00,12.65,12.85,+0.15,"6,757",2303
101/06/22,"26,429,980","332,167,628",12.60,12.65,12.50,12.50,-0.35,"4,280",2303
101/06/25,"17,111,128","210,640,341",12.35,12.45,12.25,12.25,-0.25,"3,609",2303
101/06/26,"21,544,296","264,516,182",12.15,12.40,12.15,12.25, 0.00,"3,401",2303
101/06/27,"18,505,428","227,132,633",12.25,12.40,12.20,12.20,-0.05,"2,643",2303
101/06/28,"24,578,849","299,603,073",12.40,12.40,12.10,12.10,-0.10,"3,840",2303
101/06/29,"74,124,894","939,998,273",12.20,12.90,12.15,12.90,+0.80,"10,179",2303
101/07/02,"71,831,684","954,988,308",13.05,13.50,13.05,13.40,+0.50,"11,355",2303
101/07/03,"64,047,158","860,061,542",13.35,13.55,13.20,13.40, 0.00,"7,213",2303
101/07/04,"38,942,926","515,621,820",13.40,13.45,13.15,13.20,-0.20,"4,672",2303
101/07/05,"43,185,371","568,500,584",13.20,13.35,13.05,13.15,-0.05,"4,010",2303
101/07/06,"59,629,871","776,790,975",13.25,13.25,12.95,13.00,-0.15,"6,259",2303
101/07/09,"52,837,809","652,659,952",12.35,12.45,12.30,12.30,X0.00,"6,221",2303
101/07/10,"39,317,950","491,698,097",12.40,12.70,12.40,12.40,+0.10,"6,767",2303
101/07/11,"17,940,190","221,985,750",12.50,12.50,12.30,12.35,-0.05,"3,674",2303
101/07/12,"38,079,504","460,571,042",12.35,12.35,12.00,12.05,-0.30,"7,494",2303
101/07/13,"26,058,392","312,365,302",11.95,12.10,11.90,12.00,-0.05,"4,412",2303
101/07/16,"22,815,323","275,018,776",12.00,12.15,11.95,12.05,+0.05,"4,994",2303
101/07/17,"31,634,948","388,185,020",12.05,12.50,12.00,12.45,+0.40,"4,993",2303
101/07/18,"25,213,311","309,363,582",12.40,12.45,12.15,12.15,-0.30,"3,292",2303
101/07/19,"30,809,298","384,801,357",12.35,12.60,12.30,12.50,+0.35,"5,758",2303
101/07/20,"31,339,832","391,036,361",12.40,12.55,12.35,12.55,+0.05,"3,316",2303
101/07/23,"30,281,710","370,569,782",12.35,12.40,12.15,12.30,-0.25,"3,782",2303
101/07/24,"22,201,911","273,450,217",12.30,12.40,12.20,12.35,+0.05,"2,725",2303
101/07/25,"29,630,602","361,339,851",12.10,12.30,12.10,12.10,-0.25,"4,662",2303
101/07/26,"20,904,296","255,838,532",12.15,12.35,12.15,12.20,+0.10,"4,677",2303
101/07/27,"22,813,934","282,461,435",12.40,12.45,12.30,12.40,+0.20,"2,883",2303
101/07/30,"15,134,026","188,810,827",12.50,12.55,12.40,12.50,+0.10,"3,161",2303
101/07/31,"38,164,188","479,414,139",12.50,12.65,12.40,12.60,+0.10,"4,331",2303
101/08/01,"18,646,767","233,347,061",12.50,12.60,12.40,12.55,-0.05,"2,899",2303
101/08/03,"26,427,395","328,326,475",12.45,12.50,12.35,12.40,-0.15,"4,876",2303
101/08/06,"35,591,133","449,636,565",12.60,12.70,12.50,12.70,+0.30,"4,669",2303
101/08/07,"26,164,406","330,317,463",12.65,12.70,12.55,12.70, 0.00,"3,883",2303
101/08/08,"24,630,331","314,985,579",12.90,12.90,12.70,12.75,+0.05,"3,931",2303
101/08/09,"44,337,706","572,012,568",12.90,13.00,12.80,12.85,+0.10,"6,912",2303
101/08/10,"27,008,372","342,985,503",12.85,12.85,12.55,12.70,-0.15,"4,507",2303
101/08/13,"22,997,204","290,348,212",12.90,12.90,12.50,12.50,-0.20,"3,762",2303
101/08/14,"34,209,086","430,123,048",12.55,12.75,12.45,12.50, 0.00,"5,571",2303
101/08/15,"33,242,926","411,368,434",12.45,12.55,12.30,12.45,-0.05,"6,810",2303
101/08/16,"29,121,708","360,999,319",12.40,12.50,12.35,12.35,-0.10,"4,826",2303
101/08/17,"49,728,461","614,716,258",12.35,12.50,12.25,12.45,+0.10,"5,131",2303
101/08/20,"49,705,396","607,001,688",12.45,12.45,12.10,12.15,-0.30,"7,921",2303
101/08/21,"44,588,838","544,205,605",12.15,12.30,12.15,12.20,+0.05,"6,031",2303
101/08/22,"53,684,684","643,528,058",12.00,12.10,11.90,12.05,-0.15,"8,540",2303
101/08/23,"31,499,804","382,159,149",12.10,12.20,12.05,12.20,+0.15,"3,853",2303
101/08/24,"19,288,598","234,931,831",12.20,12.25,12.10,12.15,-0.05,"3,256",2303
101/08/27,"21,935,017","265,467,904",12.25,12.30,12.05,12.05,-0.10,"2,896",2303
101/08/28,"15,395,850","185,706,350",12.00,12.15,12.00,12.05, 0.00,"2,783",2303
101/08/29,"22,625,109","273,077,008",12.15,12.15,12.05,12.05, 0.00,"4,479",2303
101/08/30,"29,658,513","358,247,656",12.10,12.15,12.00,12.05, 0.00,"3,675",2303
101/08/31,"16,783,450","201,926,950",12.05,12.15,12.00,12.00,-0.05,"2,321",2303
101/09/03,"28,922,250","345,766,033",12.00,12.00,11.90,11.95,-0.05,"3,949",2303
101/09/04,"17,209,820","205,570,676",12.00,12.05,11.90,11.95, 0.00,"4,589",2303
101/09/05,"65,705,835","774,800,497",11.90,11.90,11.70,11.70,-0.25,"9,076",2303
101/09/06,"22,864,838","267,907,697",11.70,11.85,11.65,11.65,-0.05,"4,815",2303
101/09/07,"28,409,053","336,398,353",11.80,11.90,11.75,11.80,+0.15,"4,609",2303
101/09/10,"32,717,660","394,220,370",11.95,12.10,11.95,12.10,+0.30,"5,377",2303
101/09/11,"17,410,109","210,417,658",12.20,12.20,12.00,12.10, 0.00,"3,856",2303
101/09/12,"28,337,758","341,085,296",12.15,12.15,11.95,12.00,-0.10,"4,346",2303
101/09/13,"16,937,278","203,418,574",12.00,12.10,11.95,12.00, 0.00,"3,049",2303
101/09/14,"85,216,353","1,034,947,238",12.10,12.35,12.00,12.25,+0.25,"10,139",2303
101/09/17,"41,974,118","514,237,758",12.30,12.30,12.20,12.30,+0.05,"5,681",2303
101/09/18,"27,118,856","331,345,422",12.25,12.30,12.15,12.20,-0.10,"3,913",2303
101/09/19,"23,416,840","285,879,193",12.20,12.30,12.15,12.30,+0.10,"3,778",2303
101/09/20,"22,361,272","272,679,064",12.25,12.25,12.15,12.20,-0.10,"3,686",2303
101/09/21,"30,847,081","376,719,265",12.20,12.30,12.10,12.30,+0.10,"3,946",2303
101/09/24,"17,621,931","214,266,797",12.15,12.20,12.10,12.15,-0.15,"3,336",2303
101/09/25,"27,698,202","337,460,479",12.10,12.25,12.10,12.15, 0.00,"4,464",2303
101/09/26,"22,491,948","271,494,326",12.10,12.15,12.00,12.05,-0.10,"3,150",2303
101/09/27,"32,356,103","390,992,622",12.00,12.20,12.00,12.15,+0.10,"3,697",2303
101/09/28,"29,905,947","364,562,887",12.25,12.25,12.10,12.20,+0.05,"4,561",2303
101/10/01,"24,203,045","290,998,324",12.10,12.15,11.95,12.00,-0.20,"3,765",2303
101/10/02,"21,958,469","264,422,278",12.05,12.15,11.95,12.10,+0.10,"3,429",2303
101/10/03,"13,100,736","158,313,032",12.15,12.15,12.00,12.05,-0.05,"2,750",2303
101/10/04,"26,415,269","314,765,517",12.00,12.05,11.85,11.90,-0.15,"5,659",2303
101/10/05,"18,165,102","215,276,013",11.95,11.95,11.80,11.80,-0.10,"3,823",2303
101/10/08,"17,197,434","203,517,662",11.80,11.90,11.80,11.80, 0.00,"3,434",2303
101/10/09,"19,995,935","237,842,422",11.85,11.95,11.85,11.90,+0.10,"5,180",2303
101/10/11,"16,409,948","192,564,283",11.75,11.80,11.70,11.70,-0.20,"4,121",2303
101/10/12,"35,111,062","409,778,562",11.70,11.80,11.60,11.65,-0.05,"6,249",2303
101/10/15,"37,736,070","432,809,646",11.65,11.65,11.35,11.40,-0.25,"5,537",2303
101/10/16,"33,550,382","381,551,259",11.45,11.50,11.30,11.40, 0.00,"5,246",2303
101/10/17,"22,328,463","255,290,634",11.50,11.55,11.35,11.40, 0.00,"3,761",2303
101/10/18,"24,310,126","275,535,265",11.40,11.50,11.25,11.30,-0.10,"4,600",2303
101/10/19,"33,202,996","370,673,545",11.25,11.30,11.10,11.15,-0.15,"6,297",2303
101/10/22,"21,999,748","243,030,948",11.00,11.15,10.95,11.15, 0.00,"3,231",2303
101/10/23,"18,121,547","199,975,217",11.10,11.15,11.00,11.05,-0.10,"2,950",2303
101/10/24,"17,733,292","196,821,588",10.95,11.25,10.90,11.15,+0.10,"4,023",2303
101/10/25,"19,143,406","215,185,441",11.15,11.35,11.10,11.25,+0.10,"3,826",2303
101/10/26,"22,351,349","246,667,104",11.35,11.35,10.90,10.95,-0.30,"4,100",2303
101/10/29,"15,280,713","166,881,608",10.95,11.00,10.85,10.85,-0.10,"3,564",2303
101/10/30,"18,181,885","199,340,744",10.90,11.05,10.90,11.00,+0.15,"3,711",2303
101/10/31,"17,618,233","192,021,874",11.05,11.05,10.85,10.85,-0.15,"2,708",2303
101/11/01,"41,848,534","443,669,032",10.85,10.85,10.50,10.55,-0.30,"6,595",2303
101/11/02,"29,377,562","313,470,759",10.65,10.80,10.55,10.60,+0.05,"6,484",2303
101/11/05,"19,478,617","205,459,950",10.55,10.65,10.50,10.55,-0.05,"3,742",2303
101/11/06,"38,572,242","404,413,711",10.50,10.55,10.40,10.55, 0.00,"5,855",2303
101/11/07,"48,272,603","513,360,508",10.60,10.70,10.55,10.65,+0.10,"8,029",2303
101/11/08,"33,533,428","354,486,301",10.55,10.65,10.45,10.60,-0.05,"4,245",2303
101/11/09,"30,295,698","324,322,530",10.60,10.85,10.50,10.85,+0.25,"5,531",2303
101/11/12,"21,962,027","235,320,895",10.80,10.80,10.60,10.65,-0.20,"3,281",2303
101/11/13,"30,735,019","323,215,822",10.65,10.65,10.45,10.50,-0.15,"4,798",2303
101/11/14,"26,415,265","277,582,498",10.50,10.55,10.40,10.55,+0.05,"3,262",2303
101/11/15,"17,979,429","189,156,377",10.55,10.60,10.40,10.60,+0.05,"3,500",2303
101/11/16,"17,510,432","184,656,608",10.60,10.65,10.45,10.55,-0.05,"3,191",2303
101/11/19,"15,444,447","161,478,008",10.55,10.55,10.40,10.40,-0.15,"3,157",2303
101/11/20,"21,848,454","226,418,649",10.45,10.50,10.30,10.30,-0.10,"4,573",2303
101/11/21,"50,456,718","511,176,906",10.30,10.30,10.00,10.10,-0.20,"7,864",2303
101/11/22,"41,561,331","419,797,995",10.10,10.20,10.00,10.10, 0.00,"6,940",2303
101/11/23,"149,998,732","1,587,998,101",10.20,10.80,10.15,10.80,+0.70,"15,924",2303
101/11/26,"75,223,665","832,366,864",11.10,11.15,10.95,11.10,+0.30,"12,180",2303
101/11/27,"49,164,963","546,727,096",11.10,11.20,11.00,11.20,+0.10,"9,660",2303
101/11/28,"53,617,854","597,880,367",11.15,11.20,11.05,11.20, 0.00,"5,916",2303
101/11/29,"61,511,291","683,978,512",11.15,11.20,11.05,11.10,-0.10,"7,339",2303
101/11/30,"115,388,207","1,297,863,255",11.05,11.35,11.05,11.25,+0.15,"10,526",2303
101/12/03,"34,100,297","380,775,816",11.20,11.25,11.10,11.15,-0.10,"5,665",2303
101/12/04,"52,658,712","580,315,482",11.05,11.10,10.95,11.10,-0.05,"7,061",2303
101/12/05,"124,871,852","1,433,587,675",11.10,11.75,11.00,11.60,+0.50,"15,518",2303
101/12/06,"116,109,982","1,358,403,192",11.75,11.80,11.55,11.70,+0.10,"15,308",2303
101/12/07,"94,978,100","1,122,604,697",11.80,11.95,11.60,11.65,-0.05,"11,884",2303
101/12/10,"39,677,444","456,893,792",11.70,11.70,11.45,11.45,-0.20,"5,680",2303
101/12/11,"40,680,873","464,080,442",11.45,11.55,11.35,11.40,-0.05,"5,378",2303
101/12/12,"37,778,109","435,057,696",11.60,11.60,11.45,11.55,+0.15,"5,010",2303
101/12/13,"115,715,894","1,372,340,976",11.60,12.00,11.55,12.00,+0.45,"15,133",2303
101/12/14,"70,781,494","831,238,813",11.85,11.85,11.65,11.70,-0.30,"8,349",2303
101/12/17,"47,521,357","552,723,349",11.80,11.80,11.55,11.55,-0.15,"7,083",2303
101/12/18,"46,556,214","542,454,120",11.55,11.75,11.55,11.65,+0.10,"7,143",2303
101/12/19,"68,423,038","791,519,331",11.80,11.80,11.45,11.50,-0.15,"10,425",2303
101/12/20,"145,227,149","1,700,508,797",11.60,11.95,11.45,11.70,+0.20,"18,386",2303
101/12/21,"92,211,039","1,082,211,240",11.80,11.90,11.60,11.65,-0.05,"13,744",2303
101/12/22,"50,533,065","589,660,639",11.70,11.80,11.60,11.65, 0.00,"6,890",2303
101/12/24,"25,807,144","298,104,625",11.65,11.65,11.50,11.50,-0.15,"4,968",2303
101/12/25,"21,796,473","252,380,857",11.55,11.65,11.50,11.60,+0.10,"3,990",2303
101/12/26,"49,542,797","581,018,896",11.60,11.85,11.60,11.65,+0.05,"7,078",2303
101/12/27,"29,177,746","339,969,147",11.65,11.70,11.60,11.70,+0.05,"4,461",2303
101/12/28,"53,452,226","627,676,761",11.80,11.85,11.70,11.70, 0.00,"6,538",2303
102/01/02,"44,320,016","522,929,712",11.80,11.90,11.65,11.80,+0.10,"6,754",2303
102/01/03,"171,773,020","2,110,046,612",11.95,12.55,11.95,12.35,+0.55,"23,412",2303
102/01/04,"106,856,008","1,319,974,455",12.35,12.55,12.20,12.40,+0.05,"17,103",2303
102/01/07,"55,917,332","684,808,915",12.40,12.40,12.10,12.20,-0.20,"9,195",2303
102/01/08,"55,647,575","674,918,445",12.20,12.35,12.00,12.10,-0.10,"8,814",2303
102/01/09,"70,863,789","846,292,676",12.00,12.05,11.85,11.85,-0.25,"12,392",2303
102/01/10,"54,746,300","650,899,909",12.00,12.00,11.80,11.80,-0.05,"7,692",2303
102/01/11,"31,247,653","370,372,244",11.90,11.95,11.80,11.85,+0.05,"5,038",2303
102/01/14,"37,858,051","445,761,985",11.85,11.85,11.70,11.80,-0.05,"5,342",2303
102/01/15,"47,248,100","552,047,422",11.85,11.85,11.60,11.65,-0.15,"7,395",2303
102/01/16,"42,384,484","491,397,529",11.65,11.70,11.50,11.50,-0.15,"7,860",2303
102/01/17,"52,357,386","595,733,767",11.60,11.60,11.20,11.20,-0.30,"9,202",2303
102/01/18,"48,558,324","553,750,551",11.30,11.55,11.30,11.50,+0.30,"6,007",2303
102/01/21,"19,466,956","222,140,195",11.40,11.45,11.35,11.45,-0.05,"3,189",2303
102/01/22,"14,579,465","166,913,717",11.45,11.50,11.35,11.50,+0.05,"2,514",2303
102/01/23,"31,268,625","358,238,774",11.40,11.60,11.40,11.45,-0.05,"4,548",2303
102/01/24,"35,589,934","408,495,289",11.40,11.60,11.35,11.40,-0.05,"4,732",2303
102/01/25,"30,430,010","344,237,710",11.40,11.50,11.25,11.25,-0.15,"5,587",2303
102/01/28,"15,135,766","171,845,943",11.30,11.45,11.30,11.35,+0.10,"3,105",2303
102/01/29,"40,765,900","469,038,400",11.45,11.60,11.40,11.55,+0.20,"5,178",2303
102/01/30,"40,018,292","463,300,568",11.65,11.65,11.50,11.65,+0.10,"5,465",2303
102/01/31,"33,537,904","386,535,632",11.65,11.65,11.45,11.50,-0.15,"4,830",2303
102/02/01,"26,031,567","301,574,408",11.50,11.65,11.50,11.60,+0.10,"4,934",2303
102/02/04,"25,603,175","298,043,498",11.65,11.70,11.55,11.65,+0.05,"4,602",2303
102/02/05,"28,816,886","329,836,397",11.60,11.60,11.40,11.40,-0.25,"4,985",2303
102/02/06,"26,463,556","301,099,639",11.35,11.45,11.35,11.35,-0.05,"4,942",2303
102/02/18,"81,393,644","909,502,513",11.35,11.35,11.05,11.15,-0.20,"13,455",2303
102/02/19,"48,857,085","551,161,105",11.15,11.40,11.10,11.35,+0.20,"7,263",2303
102/02/20,"43,724,555","492,532,976",11.40,11.40,11.20,11.25,-0.10,"6,123",2303
102/02/21,"27,672,141","309,141,679",11.20,11.25,11.15,11.15,-0.10,"3,938",2303
102/02/22,"35,230,683","394,881,430",11.15,11.30,11.15,11.20,+0.05,"5,526",2303
102/02/23,"15,674,165","176,169,014",11.30,11.30,11.20,11.20, 0.00,"2,817",2303
102/02/25,"25,701,254","289,268,086",11.25,11.35,11.20,11.25,+0.05,"3,470",2303
102/02/26,"34,061,135","379,078,828",11.15,11.20,11.10,11.10,-0.15,"4,800",2303
102/02/27,"28,619,156","317,421,751",11.05,11.15,11.00,11.10, 0.00,"4,693",2303
102/03/01,"27,581,805","306,328,402",11.15,11.20,11.05,11.05,-0.05,"4,591",2303
102/03/04,"49,657,718","544,096,024",11.05,11.10,10.90,10.90,-0.15,"8,305",2303
102/03/05,"45,539,941","504,943,906",10.95,11.15,10.95,11.10,+0.20,"7,344",2303
102/03/06,"31,266,819","348,206,045",11.20,11.25,11.05,11.20,+0.10,"5,333",2303
102/03/07,"26,062,875","289,867,732",11.20,11.20,11.05,11.10,-0.10,"4,678",2303
102/03/08,"37,292,464","413,773,404",11.10,11.20,11.05,11.05,-0.05,"5,176",2303
102/03/11,"29,688,817","330,286,551",11.10,11.20,11.05,11.10,+0.05,"4,746",2303
102/03/12,"56,259,834","631,977,353",11.10,11.35,11.05,11.20,+0.10,"8,800",2303
102/03/13,"35,908,364","399,198,152",11.25,11.25,11.05,11.10,-0.10,"5,184",2303
102/03/14,"165,141,533","1,932,973,793",11.80,11.80,11.60,11.60,+0.50,"24,531",2303
102/03/15,"83,582,644","969,188,299",11.70,11.70,11.50,11.60, 0.00,"11,329",2303
102/03/18,"54,681,507","618,512,579",11.45,11.45,11.20,11.20,-0.40,"8,462",2303
102/03/19,"42,265,719","475,646,493",11.25,11.35,11.20,11.20, 0.00,"6,514",2303
102/03/20,"34,494,393","385,040,983",11.15,11.25,11.10,11.15,-0.05,"6,673",2303
102/03/21,"28,500,764","318,214,706",11.10,11.25,11.10,11.10,-0.05,"4,873",2303
102/03/22,"26,058,852","290,050,555",11.10,11.20,11.10,11.10, 0.00,"5,368",2303
102/03/25,"23,981,712","267,484,625",11.15,11.20,11.10,11.15,+0.05,"4,524",2303
102/03/26,"38,920,341","436,490,032",11.20,11.30,11.15,11.25,+0.10,"4,803",2303
102/03/27,"27,280,481","305,621,531",11.25,11.30,11.15,11.15,-0.10,"5,346",2303
102/03/28,"25,189,979","280,845,340",11.25,11.25,11.10,11.10,-0.05,"3,481",2303
102/03/29,"19,801,633","221,361,198",11.15,11.25,11.10,11.20,+0.10,"3,748",2303
102/04/01,"14,979,544","167,313,020",11.20,11.25,11.10,11.15,-0.05,"2,829",2303
102/04/02,"31,864,287","358,071,983",11.15,11.30,11.15,11.25,+0.10,"4,955",2303
102/04/03,"31,841,897","359,004,539",11.30,11.35,11.20,11.30,+0.05,"4,916",2303
102/04/08,"50,278,043","555,038,123",11.10,11.15,10.95,11.05,-0.25,"8,267",2303
102/04/09,"32,469,260","359,742,553",11.10,11.15,11.00,11.10,+0.05,"5,046",2303
102/04/10,"40,712,526","449,500,936",11.00,11.10,11.00,11.00,-0.10,"6,676",2303
102/04/11,"45,541,851","509,012,454",11.10,11.30,11.05,11.20,+0.20,"7,921",2303
102/04/12,"32,646,095","364,079,139",11.25,11.25,11.05,11.05,-0.15,"3,436",2303
102/04/15,"25,573,043","284,319,673",11.05,11.20,11.05,11.05, 0.00,"4,533",2303
102/04/16,"34,539,952","385,029,467",11.00,11.25,11.00,11.25,+0.20,"3,978",2303
102/04/17,"34,777,274","390,593,395",11.25,11.30,11.15,11.20,-0.05,"4,931",2303
102/04/18,"31,814,388","353,997,637",11.15,11.20,11.05,11.10,-0.10,"3,870",2303
102/04/19,"78,392,178","888,830,632",11.20,11.45,11.15,11.35,+0.25,"11,829",2303
102/04/22,"25,456,885","286,562,243",11.35,11.35,11.20,11.20,-0.15,"4,499",2303
102/04/23,"22,744,844","255,152,152",11.25,11.30,11.15,11.20, 0.00,"3,011",2303
102/04/24,"30,072,007","340,388,243",11.30,11.40,11.20,11.40,+0.20,"5,543",2303
102/04/25,"31,985,467","361,352,870",11.35,11.40,11.25,11.30,-0.10,"4,934",2303
102/04/26,"29,071,734","327,592,105",11.30,11.35,11.20,11.20,-0.10,"4,326",2303
102/04/29,"30,661,656","342,659,695",11.20,11.25,11.10,11.10,-0.10,"6,134",2303
102/04/30,"42,405,288","476,938,632",11.20,11.30,11.20,11.25,+0.15,"5,881",2303
102/05/02,"23,375,248","262,621,319",11.20,11.30,11.15,11.20,-0.05,"4,387",2303
102/05/03,"45,896,056","521,814,464",11.20,11.50,11.20,11.40,+0.20,"7,141",2303
102/05/06,"109,090,364","1,271,292,184",11.50,11.80,11.45,11.80,+0.40,"15,593",2303
102/05/07,"61,595,341","717,633,998",11.70,11.75,11.55,11.60,-0.20,"7,543",2303
102/05/08,"172,431,157","2,057,195,612",11.65,12.10,11.65,12.10,+0.50,"22,597",2303
102/05/09,"189,203,612","2,292,837,996",12.30,12.30,11.90,11.90,-0.20,"22,549",2303
102/05/10,"232,058,433","2,851,499,430",12.00,12.65,11.90,12.60,+0.70,"25,101",2303
102/05/13,"309,283,611","4,006,864,743",12.80,13.10,12.80,13.05,+0.45,"31,631",2303
102/05/14,"118,893,871","1,543,987,881",13.15,13.15,12.80,12.95,-0.10,"15,591",2303
102/05/15,"109,217,312","1,407,853,864",12.95,13.05,12.70,13.00,+0.05,"14,357",2303
102/05/16,"169,994,575","2,262,932,127",13.10,13.60,12.90,13.35,+0.35,"21,685",2303
102/05/17,"74,653,699","993,778,094",13.35,13.50,13.10,13.15,-0.20,"11,090",2303
102/05/20,"76,722,558","1,024,825,303",13.25,13.45,13.15,13.45,+0.30,"9,580",2303
102/05/21,"170,738,619","2,366,123,376",13.50,14.10,13.50,14.10,+0.65,"22,292",2303
102/05/22,"158,934,359","2,232,922,310",14.20,14.20,13.90,13.90,-0.20,"18,105",2303
102/05/23,"135,206,783","1,834,821,300",13.85,13.90,13.35,13.40,-0.50,"20,513",2303
102/05/24,"78,792,981","1,051,890,580",13.45,13.60,13.15,13.25,-0.15,"11,246",2303
102/05/27,"106,876,927","1,452,901,315",13.30,13.85,13.20,13.85,+0.60,"15,617",2303
102/05/28,"65,083,947","890,836,277",13.80,13.80,13.60,13.60,-0.25,"9,217",2303
102/05/29,"71,219,366","982,446,121",13.85,13.95,13.65,13.65,+0.05,"9,924",2303
102/05/30,"68,641,871","922,471,814",13.50,13.60,13.30,13.50,-0.15,"10,404",2303
102/05/31,"61,123,148","820,216,624",13.65,13.70,13.20,13.20,-0.30,"8,739",2303
102/06/03,"56,647,065","750,226,235",13.05,13.45,13.00,13.40,+0.20,"9,219",2303
102/06/04,"131,356,559","1,799,814,890",13.50,13.90,13.40,13.90,+0.50,"16,204",2303
102/06/05,"61,111,242","842,800,784",13.90,13.90,13.70,13.70,-0.20,"8,253",2303
102/06/06,"68,990,220","929,142,155",13.50,13.65,13.35,13.45,-0.25,"10,483",2303
102/06/07,"51,354,197","687,211,158",13.45,13.60,13.25,13.30,-0.15,"7,153",2303
102/06/10,"68,025,279","927,605,202",13.55,13.75,13.45,13.65,+0.35,"8,341",2303
102/06/11,"49,679,548","675,985,506",13.65,13.70,13.50,13.50,-0.15,"7,608",2303
102/06/13,"82,082,405","1,085,575,215",13.30,13.45,13.10,13.10,-0.40,"10,872",2303
102/06/14,"57,363,680","757,133,168",13.20,13.30,13.10,13.10, 0.00,"7,831",2303
102/06/17,"33,274,471","438,274,925",13.10,13.30,13.05,13.30,+0.20,"5,122",2303
102/06/18,"66,045,211","885,833,812",13.40,13.55,13.25,13.55,+0.25,"7,555",2303
102/06/19,"43,184,729","583,357,422",13.60,13.70,13.35,13.35,-0.20,"6,269",2303
102/06/20,"72,739,412","953,597,034",13.20,13.30,12.95,13.00,-0.35,"11,297",2303
102/06/21,"130,534,545","1,630,483,698",12.55,12.70,12.30,12.55,-0.45,"14,656",2303
102/06/24,"88,151,587","1,125,357,909",12.55,13.00,12.50,12.80,+0.25,"11,535",2303
102/06/25,"76,493,390","977,834,573",12.80,12.95,12.50,12.70,-0.10,"9,200",2303
102/06/26,"143,036,877","1,924,328,832",13.15,13.55,13.15,13.55,+0.85,"15,254",2303
102/06/27,"267,360,304","3,826,552,288",14.00,14.45,14.00,14.45,+0.90,"31,193",2303
102/06/28,"180,666,473","2,610,621,854",14.55,14.55,14.30,14.50,+0.05,"24,688",2303
102/07/01,"157,630,239","2,378,862,385",14.50,15.40,14.50,15.05,+0.55,"20,899",2303
102/07/02,"136,519,527","2,025,594,066",15.10,15.20,14.60,14.70,-0.35,"16,865",2303
102/07/03,"115,676,367","1,694,458,940",14.55,14.85,14.50,14.55,-0.15,"13,793",2303
102/07/04,"108,114,214","1,599,087,977",14.70,15.05,14.60,14.65,+0.10,"11,296",2303
102/07/05,"143,241,018","2,122,288,392",14.90,14.95,14.70,14.80,+0.15,"13,046",2303
102/07/08,"124,477,438","1,798,928,493",14.60,14.90,14.05,14.10,X0.00,"13,115",2303
102/07/09,"75,287,512","1,065,553,274",14.10,14.30,13.95,14.25,+0.15,"9,201",2303
102/07/10,"80,300,744","1,132,337,237",14.10,14.30,13.85,13.90,-0.35,"10,304",2303
102/07/11,"119,774,151","1,699,437,787",14.10,14.50,13.95,14.50,+0.60,"14,529",2303
102/07/12,"81,327,000","1,156,994,620",14.35,14.35,14.10,14.25,-0.25,"10,205",2303
102/07/15,"74,064,134","1,057,489,213",14.30,14.40,14.15,14.40,+0.15,"11,529",2303
102/07/16,"97,557,462","1,374,650,155",14.35,14.35,13.90,13.95,-0.45,"14,090",2303
102/07/17,"172,202,293","2,333,383,935",13.80,13.80,13.35,13.35,-0.60,"24,252",2303
102/07/18,"104,349,891","1,392,956,873",13.30,13.50,13.20,13.35, 0.00,"15,183",2303
102/07/19,"171,041,937","2,179,780,635",13.05,13.15,12.55,12.75,-0.60,"20,018",2303
102/07/22,"75,375,299","966,986,181",12.65,13.05,12.65,13.00,+0.25,"11,099",2303
102/07/23,"121,041,720","1,623,670,440",13.15,13.60,13.15,13.50,+0.50,"16,794",2303
102/07/24,"69,303,189","939,865,376",13.60,13.65,13.50,13.50, 0.00,"8,954",2303
102/07/25,"51,028,173","691,224,936",13.60,13.70,13.40,13.40,-0.10,"7,986",2303
102/07/26,"58,113,179","789,208,912",13.60,13.70,13.40,13.70,+0.30,"8,628",2303
102/07/29,"58,111,331","782,553,091",13.70,13.70,13.25,13.25,-0.45,"10,055",2303
102/07/30,"55,868,541","752,672,832",13.30,13.60,13.30,13.50,+0.25,"7,700",2303
102/07/31,"32,300,759","433,562,268",13.50,13.55,13.35,13.35,-0.15,"4,584",2303
102/08/01,"28,628,920","383,140,719",13.50,13.50,13.30,13.30,-0.05,"4,512",2303
102/08/02,"53,153,696","702,866,850",13.40,13.45,13.10,13.15,-0.15,"7,514",2303
102/08/05,"29,363,900","390,071,021",13.15,13.35,13.15,13.35,+0.20,"5,817",2303
102/08/06,"65,067,518","854,105,384",13.40,13.40,13.00,13.05,-0.30,"8,811",2303
102/08/07,"81,782,536","1,049,425,134",12.90,12.95,12.75,12.75,-0.30,"10,912",2303
102/08/08,"131,301,520","1,636,444,859",12.55,12.75,12.30,12.45,-0.30,"17,972",2303
102/08/09,"64,990,735","804,302,535",12.45,12.55,12.30,12.30,-0.15,"9,265",2303
102/08/12,"47,086,389","583,698,872",12.40,12.50,12.35,12.35,+0.05,"5,753",2303
102/08/13,"42,670,869","531,573,711",12.40,12.55,12.40,12.50,+0.15,"6,259",2303
102/08/14,"41,691,767","514,422,566",12.50,12.50,12.25,12.30,-0.20,"7,703",2303
102/08/15,"77,439,173","936,004,051",12.15,12.15,12.00,12.05,-0.25,"13,001",2303
102/08/16,"78,156,549","934,037,915",11.85,12.05,11.85,11.95,-0.10,"10,656",2303
102/08/19,"33,581,913","399,268,584",11.95,11.95,11.85,11.85,-0.10,"7,167",2303
102/08/20,"49,094,720","584,640,900",11.85,12.05,11.80,11.80,-0.05,"8,582",2303
102/08/22,"108,612,179","1,259,389,642",11.70,11.80,11.45,11.75,-0.05,"17,030",2303
102/08/23,"134,114,075","1,629,246,835",12.00,12.30,11.95,12.25,+0.50,"18,280",2303
102/08/26,"64,755,589","792,675,640",12.30,12.35,12.10,12.30,+0.05,"11,959",2303
102/08/27,"51,067,964","622,376,706",12.25,12.25,12.10,12.20,-0.10,"8,295",2303
102/08/28,"36,410,197","437,950,264",12.00,12.10,11.95,12.05,-0.15,"6,140",2303
102/08/29,"37,840,932","455,999,761",12.05,12.15,12.00,12.00,-0.05,"6,839",2303
102/08/30,"52,420,820","639,777,278",12.10,12.30,12.05,12.30,+0.30,"6,551",2303
102/09/02,"31,464,948","384,367,747",12.30,12.30,12.15,12.25,-0.05,"4,650",2303
102/09/03,"33,949,034","413,299,512",12.30,12.35,12.10,12.10,-0.15,"5,347",2303
102/09/04,"29,259,943","354,309,539",12.10,12.20,12.00,12.15,+0.05,"5,855",2303
102/09/05,"41,516,274","508,932,678",12.25,12.30,12.20,12.30,+0.15,"6,819",2303
102/09/06,"29,777,429","365,544,269",12.30,12.35,12.20,12.20,-0.10,"5,098",2303
102/09/09,"34,446,008","418,303,618",12.20,12.25,12.05,12.15,-0.05,"5,649",2303
102/09/10,"82,979,572","1,025,957,032",12.25,12.50,12.20,12.50,+0.35,"12,174",2303
102/09/11,"64,675,539","802,160,184",12.50,12.60,12.20,12.45,-0.05,"8,885",2303
102/09/12,"49,602,751","608,192,289",12.30,12.40,12.15,12.30,-0.15,"8,680",2303
102/09/13,"34,487,567","420,057,107",12.30,12.30,12.10,12.10,-0.20,"5,695",2303
102/09/14,"16,345,672","197,968,890",12.10,12.20,12.10,12.10, 0.00,"3,215",2303
102/09/16,"40,432,521","494,154,510",12.20,12.30,12.15,12.25,+0.15,"6,116",2303
102/09/17,"26,773,474","324,317,140",12.20,12.20,12.05,12.10,-0.15,"5,229",2303
102/09/18,"24,348,396","295,433,421",12.10,12.20,12.10,12.10, 0.00,"3,402",2303
102/09/23,"123,327,096","1,537,679,682",12.10,12.65,12.10,12.60,+0.50,"17,649",2303
102/09/24,"196,425,003","2,567,597,723",12.70,13.35,12.70,13.05,+0.45,"26,263",2303
102/09/25,"87,116,225","1,129,861,048",13.05,13.15,12.85,12.95,-0.10,"12,827",2303
102/09/26,"90,255,788","1,147,378,046",12.95,12.95,12.60,12.65,-0.30,"12,428",2303
102/09/27,"62,925,715","801,255,276",12.70,12.85,12.60,12.70,+0.05,"8,771",2303
102/09/30,"48,468,284","613,028,851",12.60,12.80,12.50,12.65,-0.05,"7,030",2303
102/10/01,"30,237,449","382,555,110",12.60,12.75,12.60,12.60,-0.05,"5,588",2303
102/10/02,"42,546,314","533,153,525",12.60,12.70,12.45,12.45,-0.15,"7,687",2303
102/10/03,"121,429,748","1,568,035,619",12.55,13.05,12.55,13.05,+0.60,"18,931",2303
102/10/04,"45,065,117","581,606,324",13.00,13.05,12.80,12.85,-0.20,"7,547",2303
102/10/07,"29,175,086","372,366,857",12.80,12.85,12.70,12.75,-0.10,"4,998",2303
102/10/08,"51,280,942","662,462,646",12.75,13.10,12.70,13.10,+0.35,"6,661",2303
102/10/09,"40,568,105","523,158,860",13.00,13.00,12.80,12.80,-0.30,"6,526",2303
102/10/11,"73,614,425","941,231,281",12.95,13.00,12.60,12.60,-0.20,"9,697",2303
102/10/14,"55,427,515","688,132,060",12.60,12.65,12.25,12.30,-0.30,"7,759",2303
102/10/15,"58,857,333","744,332,106",12.40,12.80,12.40,12.75,+0.45,"8,197",2303
102/10/16,"37,300,790","468,929,299",12.60,12.75,12.45,12.45,-0.30,"5,753",2303
102/10/17,"37,690,068","477,229,318",12.60,12.80,12.55,12.65,+0.20,"5,520",2303
102/10/18,"70,023,628","903,318,494",12.80,12.95,12.75,12.95,+0.30,"11,041",2303
102/10/21,"49,323,374","639,699,031",13.00,13.05,12.85,13.00,+0.05,"7,057",2303
102/10/22,"45,441,736","588,992,091",12.90,13.05,12.80,12.90,-0.10,"7,937",2303
102/10/23,"31,831,614","410,096,443",12.95,13.00,12.80,12.80,-0.10,"5,493",2303
102/10/24,"30,077,133","382,563,875",12.70,12.80,12.65,12.75,-0.05,"5,136",2303
102/10/25,"51,715,448","650,780,992",12.70,12.75,12.45,12.55,-0.20,"7,436",2303
102/10/28,"33,907,589","428,883,279",12.55,12.75,12.50,12.65,+0.10,"4,826",2303
102/10/29,"34,588,137","438,444,617",12.65,12.80,12.60,12.65, 0.00,"4,468",2303
102/10/30,"94,599,321","1,226,899,204",12.75,13.10,12.70,13.10,+0.45,"14,815",2303
102/10/31,"144,295,882","1,819,565,882",12.90,12.90,12.45,12.45,-0.65,"22,257",2303
102/11/01,"38,868,954","483,479,821",12.50,12.50,12.40,12.45, 0.00,"9,942",2303
102/11/04,"52,763,960","650,782,729",12.40,12.40,12.25,12.35,-0.10,"6,778",2303
102/11/05,"33,532,848","415,420,709",12.30,12.50,12.30,12.35, 0.00,"5,634",2303
102/11/06,"34,671,816","427,205,609",12.35,12.40,12.25,12.30,-0.05,"5,941",2303
102/11/07,"27,328,133","337,499,461",12.30,12.45,12.25,12.45,+0.15,"4,605",2303
102/11/08,"13,344,715","164,806,188",12.35,12.40,12.30,12.35,-0.10,"2,422",2303
102/11/11,"27,477,212","335,714,146",12.30,12.35,12.15,12.15,-0.20,"4,798",2303
102/11/12,"37,813,617","457,867,906",12.15,12.25,12.00,12.10,-0.05,"5,980",2303
102/11/13,"52,608,444","632,670,079",12.05,12.10,11.95,12.00,-0.10,"6,919",2303
102/11/14,"36,345,610","437,478,270",12.00,12.10,12.00,12.00, 0.00,"6,569",2303
102/11/15,"21,781,517","263,082,204",12.10,12.15,12.00,12.05,+0.05,"4,172",2303
102/11/18,"17,199,250","207,395,450",12.10,12.15,12.00,12.05, 0.00,"3,080",2303
102/11/19,"31,939,361","384,287,332",12.10,12.10,12.00,12.05, 0.00,"5,184",2303
102/11/20,"24,019,785","288,939,070",12.05,12.10,12.00,12.00,-0.05,"3,391",2303
102/11/21,"28,070,985","334,099,166",12.00,12.00,11.85,11.90,-0.10,"4,975",2303
102/11/22,"13,140,239","157,172,935",11.90,12.00,11.90,11.95,+0.05,"3,632",2303
102/11/25,"17,847,429","214,251,042",12.05,12.10,11.95,12.00,+0.05,"3,765",2303
102/11/26,"28,498,167","343,830,715",11.95,12.20,11.95,12.05,+0.05,"4,127",2303
102/11/27,"25,451,885","308,764,177",12.05,12.20,12.05,12.15,+0.10,"3,656",2303
102/11/28,"68,521,630","847,793,920",12.20,12.45,12.20,12.40,+0.25,"11,542",2303
102/11/29,"39,172,303","484,126,584",12.45,12.50,12.30,12.30,-0.10,"5,876",2303
102/12/02,"25,838,599","318,904,423",12.30,12.45,12.25,12.30, 0.00,"5,144",2303
102/12/03,"25,986,948","318,041,638",12.20,12.35,12.20,12.20,-0.10,"4,549",2303
102/12/04,"29,087,440","354,171,499",12.15,12.25,12.10,12.15,-0.05,"5,262",2303
102/12/05,"17,467,782","212,344,245",12.20,12.25,12.10,12.10,-0.05,"3,745",2303
102/12/06,"24,061,765","291,540,229",12.10,12.20,12.05,12.10, 0.00,"3,243",2303
102/12/09,"33,981,614","416,561,263",12.20,12.30,12.15,12.20,+0.10,"5,810",2303
102/12/10,"15,839,770","194,421,664",12.25,12.30,12.20,12.25,+0.05,"3,830",2303
102/12/11,"18,713,181","229,229,991",12.25,12.35,12.15,12.25, 0.00,"4,658",2303
102/12/12,"12,011,306","146,195,933",12.20,12.25,12.15,12.15,-0.10,"3,427",2303
102/12/13,"13,438,961","163,954,249",12.20,12.25,12.15,12.20,+0.05,"2,404",2303
102/12/16,"19,614,254","237,453,986",12.15,12.20,12.05,12.05,-0.15,"3,884",2303
102/12/17,"17,641,734","213,323,105",12.15,12.15,12.05,12.05, 0.00,"2,932",2303
102/12/18,"20,230,360","244,060,555",12.10,12.15,12.00,12.05, 0.00,"3,781",2303
102/12/19,"20,174,979","244,539,870",12.15,12.20,12.05,12.10,+0.05,"3,777",2303
102/12/20,"40,239,981","491,667,242",12.10,12.30,12.05,12.25,+0.15,"5,401",2303
102/12/23,"44,291,070","546,805,201",12.30,12.40,12.25,12.35,+0.10,"5,145",2303
102/12/24,"21,986,182","271,459,897",12.45,12.45,12.25,12.25,-0.10,"3,802",2303
102/12/25,"22,041,232","269,698,797",12.25,12.30,12.20,12.20,-0.05,"3,528",2303
102/12/26,"16,455,557","200,813,086",12.20,12.25,12.15,12.20, 0.00,"2,238",2303
102/12/27,"33,686,450","413,619,035",12.20,12.35,12.15,12.30,+0.10,"4,330",2303
102/12/30,"26,798,170","331,459,539",12.35,12.40,12.30,12.40,+0.10,"4,293",2303
102/12/31,"29,313,031","362,498,848",12.40,12.45,12.30,12.35,-0.05,"4,225",2303
103/01/02,"31,331,990","387,120,743",12.35,12.45,12.30,12.30,-0.05,"5,051",2303
103/01/03,"27,627,688","338,597,868",12.25,12.30,12.20,12.25,-0.05,"4,131",2303
103/01/06,"106,089,684","1,326,549,303",12.35,12.65,12.35,12.40,+0.15,"11,550",2303
103/01/07,"78,471,178","987,276,472",12.55,12.65,12.45,12.60,+0.20,"9,909",2303
103/01/08,"142,462,119","1,835,146,558",12.70,13.05,12.70,12.95,+0.35,"19,035",2303
103/01/09,"88,394,969","1,144,778,987",13.00,13.05,12.85,12.85,-0.10,"12,917",2303
103/01/10,"40,796,790","522,403,351",12.85,12.90,12.75,12.80,-0.05,"5,132",2303
103/01/13,"51,964,856","660,513,594",12.90,12.90,12.60,12.65,-0.15,"6,764",2303
103/01/14,"41,737,086","523,355,089",12.65,12.65,12.50,12.60,-0.05,"6,551",2303
103/01/15,"79,150,989","1,008,696,922",12.70,12.85,12.65,12.70,+0.10,"8,204",2303
103/01/16,"54,256,786","695,368,744",12.85,12.95,12.70,12.70, 0.00,"7,310",2303
103/01/17,"32,492,807","414,283,626",12.80,12.80,12.70,12.75,+0.05,"3,286",2303
103/01/20,"23,652,502","301,842,630",12.75,12.80,12.70,12.80,+0.05,"4,561",2303
103/01/21,"23,052,751","294,201,268",12.80,12.85,12.70,12.80, 0.00,"4,406",2303
103/01/22,"19,489,884","248,397,014",12.75,12.80,12.70,12.75,-0.05,"3,205",2303
103/01/23,"68,167,665","879,433,296",12.75,13.00,12.75,12.85,+0.10,"8,858",2303
103/01/24,"45,855,543","587,909,342",12.90,13.00,12.75,12.85, 0.00,"7,064",2303
103/01/27,"99,403,217","1,231,172,774",12.60,12.60,12.30,12.35,-0.50,"13,433",2303
103/02/05,"99,678,711","1,197,762,682",12.05,12.10,11.90,12.00,-0.35,"15,634",2303
103/02/06,"43,445,935","524,677,358",12.00,12.15,12.00,12.05,+0.05,"8,178",2303
103/02/07,"41,897,964","504,062,804",12.10,12.20,12.10,12.10,+0.05,"6,657",2303
103/02/10,"17,707,210","212,749,936",12.10,12.20,12.10,12.10, 0.00,"3,172",2303
103/02/11,"24,572,358","298,359,409",12.20,12.20,12.10,12.10, 0.00,"4,411",2303
103/02/12,"34,945,974","425,323,786",12.20,12.25,12.10,12.20,+0.10,"5,470",2303
103/02/13,"12,234,546","148,907,383",12.20,12.25,12.15,12.20, 0.00,"2,212",2303
103/02/14,"41,646,392","511,601,519",12.20,12.35,12.20,12.30,+0.10,"7,432",2303
103/02/17,"17,866,638","219,374,580",12.35,12.40,12.20,12.20,-0.10,"2,924",2303
103/02/18,"26,808,284","326,176,971",12.20,12.25,12.10,12.20, 0.00,"3,815",2303
103/02/19,"12,993,054","158,741,048",12.20,12.25,12.15,12.25,+0.05,"2,849",2303
103/02/20,"18,913,440","230,548,015",12.25,12.25,12.15,12.20,-0.05,"3,188",2303
103/02/21,"23,784,945","291,908,948",12.25,12.30,12.20,12.30,+0.10,"5,031",2303
103/02/24,"20,860,146","255,686,308",12.30,12.35,12.20,12.25,-0.05,"3,538",2303
103/02/25,"20,152,678","247,063,951",12.25,12.30,12.20,12.25, 0.00,"3,312",2303
103/02/26,"62,660,228","778,463,839",12.30,12.55,12.25,12.35,+0.10,"8,350",2303
103/02/27,"28,507,927","353,015,601",12.45,12.50,12.30,12.30,-0.05,"3,608",2303
103/03/03,"100,105,924","1,252,311,728",12.35,12.65,12.35,12.50,+0.20,"13,531",2303
103/03/04,"39,180,563","488,467,873",12.50,12.60,12.35,12.40,-0.10,"5,805",2303
103/03/05,"33,560,694","419,697,026",12.50,12.60,12.45,12.45,+0.05,"4,606",2303
103/03/06,"73,696,532","933,610,824",12.50,12.80,12.50,12.70,+0.25,"9,760",2303
103/03/07,"73,753,276","938,610,277",12.80,12.85,12.60,12.65,-0.05,"8,977",2303
103/03/10,"45,844,478","574,997,983",12.70,12.70,12.45,12.50,-0.15,"6,990",2303
103/03/11,"58,521,801","740,795,759",12.60,12.80,12.50,12.75,+0.25,"7,901",2303
103/03/12,"63,535,793","812,034,081",12.70,12.90,12.65,12.90,+0.15,"9,621",2303
103/03/13,"184,285,988","2,414,647,194",12.95,13.20,12.95,13.05,+0.15,"23,134",2303
103/03/14,"66,056,236","851,457,154",12.95,13.00,12.80,12.90,-0.15,"8,820",2303
103/03/17,"44,783,604","580,507,806",12.95,13.05,12.90,12.95,+0.05,"6,419",2303
103/03/18,"57,102,152","745,619,376",13.05,13.10,12.95,13.05,+0.10,"10,145",2303
103/03/19,"50,755,584","657,371,816",13.05,13.05,12.85,12.85,-0.20,"5,729",2303
103/03/20,"50,532,966","641,305,025",12.75,12.75,12.65,12.65,-0.20,"7,540",2303
103/03/21,"49,795,383","625,894,009",12.70,12.75,12.50,12.50,-0.15,"6,537",2303
103/03/24,"26,421,143","331,984,993",12.50,12.65,12.45,12.65,+0.15,"4,710",2303
103/03/25,"23,039,400","292,084,345",12.60,12.75,12.55,12.70,+0.05,"4,411",2303
103/03/26,"50,793,882","654,309,796",12.80,12.95,12.75,12.90,+0.20,"7,911",2303
103/03/27,"38,463,778","496,696,734",12.95,13.00,12.85,12.90, 0.00,"4,748",2303
103/03/28,"56,426,996","733,784,220",12.90,13.10,12.85,12.90, 0.00,"8,249",2303
103/03/31,"41,750,550","537,361,656",12.95,13.00,12.80,12.85,-0.05,"4,252",2303
103/04/01,"34,763,372","449,596,237",12.85,13.00,12.80,13.00,+0.15,"5,271",2303
103/04/02,"49,091,676","635,933,812",13.00,13.05,12.90,12.90,-0.10,"6,873",2303
103/04/03,"42,502,216","551,801,657",12.90,13.05,12.90,13.05,+0.15,"9,703",2303
103/04/07,"41,666,130","539,932,490",12.95,13.05,12.90,12.95,-0.10,"5,873",2303
103/04/08,"34,321,065","446,662,595",12.90,13.10,12.90,13.05,+0.10,"5,890",2303
103/04/09,"47,439,529","619,886,127",13.10,13.10,12.95,13.10,+0.05,"7,422",2303
103/04/10,"80,959,619","1,071,943,661",13.20,13.40,13.10,13.20,+0.10,"10,660",2303
103/04/11,"32,694,558","427,024,754",13.10,13.15,13.00,13.10,-0.10,"4,792",2303
103/04/14,"20,823,105","270,218,541",13.05,13.05,12.90,12.95,-0.15,"3,345",2303
103/04/15,"28,929,598","374,249,180",13.00,13.00,12.85,12.95, 0.00,"6,236",2303
103/04/16,"35,521,920","457,822,088",13.00,13.00,12.85,12.85,-0.10,"5,895",2303
103/04/17,"27,898,752","359,441,454",12.95,12.95,12.85,12.85, 0.00,"5,870",2303
103/04/18,"18,180,517","234,790,986",12.95,13.00,12.85,12.95,+0.10,"3,879",2303
103/04/21,"15,966,091","206,350,071",12.95,13.00,12.85,12.90,-0.05,"3,023",2303
103/04/22,"31,960,132","413,079,754",12.95,13.00,12.85,12.85,-0.05,"5,863",2303
103/04/23,"91,134,289","1,199,119,600",13.00,13.30,12.95,13.20,+0.35,"13,361",2303
103/04/24,"33,473,283","440,126,520",13.20,13.20,13.10,13.15,-0.05,"5,862",2303
103/04/25,"62,624,784","803,620,597",13.05,13.15,12.60,12.80,-0.35,"9,812",2303
103/04/28,"42,190,362","540,954,002",12.65,12.95,12.65,12.80, 0.00,"6,073",2303
103/04/29,"64,121,529","837,917,977",12.95,13.20,12.85,13.05,+0.25,"9,469",2303
103/04/30,"59,851,519","782,774,697",13.10,13.20,12.95,13.05, 0.00,"8,058",2303
103/05/02,"93,604,048","1,228,956,832",13.10,13.20,13.00,13.15,+0.10,"13,572",2303
103/05/05,"48,848,284","636,620,122",13.15,13.20,12.95,12.95,-0.20,"7,569",2303
103/05/06,"42,988,267","558,827,871",13.00,13.05,12.90,13.05,+0.10,"4,874",2303
103/05/07,"47,395,888","620,045,444",13.05,13.15,13.00,13.00,-0.05,"7,051",2303
103/05/08,"98,618,954","1,307,157,590",13.15,13.40,13.10,13.40,+0.40,"12,121",2303
103/05/09,"40,629,328","540,522,959",13.40,13.45,13.20,13.25,-0.15,"5,606",2303
103/05/12,"35,341,836","464,802,016",13.30,13.30,13.05,13.10,-0.15,"3,900",2303
103/05/13,"21,175,682","278,172,041",13.20,13.20,13.10,13.10, 0.00,"3,708",2303
103/05/14,"44,769,019","594,503,340",13.15,13.35,13.15,13.35,+0.25,"7,619",2303
103/05/15,"14,713,282","194,670,880",13.30,13.35,13.15,13.25,-0.10,"2,919",2303
103/05/16,"20,742,359","273,380,958",13.15,13.25,13.10,13.25, 0.00,"3,192",2303
103/05/19,"19,454,073","258,362,842",13.30,13.35,13.20,13.30,+0.05,"2,325",2303
103/05/20,"23,306,558","309,199,912",13.30,13.35,13.20,13.30, 0.00,"3,763",2303
103/05/21,"17,514,438","230,884,638",13.25,13.30,13.15,13.20,-0.10,"3,590",2303
103/05/22,"39,045,187","521,004,663",13.30,13.40,13.25,13.35,+0.15,"9,330",2303
103/05/23,"24,953,822","332,587,839",13.40,13.45,13.25,13.35, 0.00,"3,254",2303
103/05/26,"27,229,278","363,917,435",13.40,13.40,13.30,13.40,+0.05,"4,207",2303
103/05/27,"72,414,163","978,454,927",13.40,13.70,13.35,13.65,+0.25,"9,078",2303
103/05/28,"124,227,401","1,735,006,931",13.70,14.20,13.70,14.15,+0.50,"17,609",2303
103/05/29,"116,657,080","1,642,335,052",14.20,14.35,13.80,13.80,-0.35,"15,158",2303
103/05/30,"96,912,898","1,360,891,722",13.90,14.20,13.75,14.05,+0.25,"11,642",2303
103/06/03,"52,613,082","740,200,851",14.15,14.15,13.95,14.15,+0.10,"6,693",2303
103/06/04,"57,059,856","812,951,620",14.25,14.30,14.15,14.30,+0.15,"7,883",2303
103/06/05,"83,329,859","1,203,283,991",14.30,14.60,14.25,14.25,-0.05,"10,581",2303
103/06/06,"53,610,876","774,920,998",14.50,14.60,14.30,14.60,+0.35,"9,298",2303
103/06/09,"27,993,182","404,339,487",14.60,14.60,14.30,14.45,-0.15,"5,118",2303
103/06/10,"40,810,508","586,806,893",14.55,14.60,14.25,14.35,-0.10,"6,007",2303
103/06/11,"34,535,019","497,265,033",14.40,14.50,14.30,14.50,+0.15,"5,336",2303
103/06/12,"152,133,387","2,260,884,455",14.60,15.10,14.60,15.05,+0.55,"19,579",2303
103/06/13,"108,989,433","1,631,616,073",15.05,15.10,14.90,14.90,-0.15,"15,702",2303
103/06/16,"68,409,114","1,012,937,980",14.90,15.00,14.70,14.70,-0.20,"8,743",2303
103/06/17,"95,645,297","1,416,253,476",14.90,14.95,14.70,14.70, 0.00,"12,403",2303
103/06/18,"91,699,113","1,336,392,257",14.80,14.80,14.40,14.50,-0.20,"13,228",2303
103/06/19,"72,268,598","1,060,798,377",14.50,14.90,14.45,14.90,+0.40,"11,195",2303
103/06/20,"44,268,045","651,342,094",15.00,15.00,14.55,14.55,-0.35,"7,775",2303
103/06/23,"45,047,663","657,396,743",14.65,14.70,14.50,14.50,-0.05,"6,704",2303
103/06/24,"32,699,247","475,874,565",14.55,14.70,14.45,14.55,+0.05,"5,209",2303
103/06/25,"38,509,084","560,678,878",14.65,14.65,14.45,14.60,+0.05,"5,290",2303
103/06/26,"139,187,603","2,095,025,818",14.70,15.35,14.65,15.10,+0.50,"18,546",2303
103/06/27,"57,188,984","854,092,621",15.00,15.10,14.85,14.85,-0.25,"8,484",2303
103/06/30,"72,897,440","1,090,019,474",14.85,15.05,14.85,14.95,+0.10,"7,708",2303
103/07/01,"126,868,261","1,925,675,991",15.00,15.40,14.85,15.25,+0.30,"15,522",2303
103/07/02,"167,509,509","2,598,800,665",15.40,15.80,15.25,15.30,+0.05,"18,049",2303
103/07/03,"128,150,809","1,998,163,761",15.40,15.70,15.40,15.65,+0.35,"14,646",2303
103/07/04,"204,232,276","3,348,697,091",15.80,16.70,15.80,16.50,+0.85,"26,562",2303
103/07/07,"128,126,238","2,048,847,778",16.10,16.20,15.80,15.95,X0.00,"14,752",2303
103/07/08,"82,485,945","1,302,346,220",16.00,16.10,15.55,15.60,-0.35,"11,608",2303
103/07/09,"61,545,088","954,892,285",15.60,15.70,15.40,15.50,-0.10,"8,405",2303
103/07/10,"84,806,046","1,332,982,817",15.85,15.90,15.55,15.70,+0.20,"10,854",2303
103/07/11,"82,346,699","1,263,674,675",15.60,15.60,15.10,15.30,-0.40,"13,134",2303
103/07/14,"99,067,909","1,570,968,767",15.50,16.30,15.45,15.85,+0.55,"14,558",2303
103/07/15,"48,673,013","768,723,073",15.90,16.00,15.65,15.70,-0.15,"8,204",2303
103/07/16,"41,895,164","650,266,834",15.65,15.70,15.40,15.45,-0.25,"7,899",2303
103/07/17,"88,537,774","1,341,069,054",15.30,15.30,15.05,15.10,-0.35,"14,207",2303
103/07/18,"55,755,726","839,717,818",14.90,15.25,14.80,15.25,+0.15,"11,146",2303
103/07/21,"117,265,270","1,849,578,803",15.70,16.00,15.55,15.55,+0.30,"16,555",2303
103/07/22,"57,911,253","907,963,792",15.60,15.80,15.50,15.70,+0.15,"9,476",2303
103/07/24,"42,941,147","670,756,206",15.65,15.75,15.55,15.65,-0.05,"8,059",2303
103/07/25,"53,287,288","817,115,832",15.60,15.60,15.20,15.25,-0.40,"9,862",2303
103/07/28,"78,038,501","1,169,015,078",15.10,15.15,14.85,14.85,-0.40,"13,998",2303
103/07/29,"67,935,039","1,003,924,234",14.85,15.00,14.60,14.65,-0.20,"11,435",2303
103/07/30,"53,713,532","796,251,701",14.70,14.95,14.70,14.90,+0.25,"8,278",2303
103/07/31,"184,181,378","2,587,821,988",14.50,14.50,13.90,14.05,-0.85,"25,446",2303
103/08/01,"145,074,742","1,966,587,858",13.55,13.65,13.50,13.55,-0.50,"18,088",2303
103/08/04,"112,176,955","1,514,437,836",13.40,13.60,13.35,13.60,+0.05,"13,656",2303
103/08/05,"109,286,887","1,453,801,634",13.45,13.50,13.20,13.20,-0.40,"17,667",2303
103/08/06,"67,487,365","897,045,916",13.20,13.45,13.15,13.35,+0.15,"11,510",2303
103/08/07,"63,973,367","860,713,387",13.45,13.60,13.30,13.30,-0.05,"10,319",2303
103/08/08,"88,420,533","1,159,536,395",13.20,13.30,13.00,13.10,-0.20,"12,034",2303
103/08/11,"54,649,571","719,798,676",13.00,13.30,13.00,13.25,+0.15,"7,299",2303
103/08/12,"39,401,371","516,825,630",13.25,13.25,13.05,13.05,-0.20,"6,768",2303
103/08/13,"25,800,147","339,115,259",13.10,13.20,13.05,13.15,+0.10,"5,623",2303
103/08/14,"59,872,634","801,094,806",13.20,13.50,13.20,13.30,+0.15,"9,337",2303
103/08/15,"23,249,374","307,962,645",13.30,13.35,13.20,13.20,-0.10,"4,729",2303
103/08/18,"24,188,391","318,024,723",13.20,13.30,13.10,13.10,-0.10,"4,821",2303
103/08/19,"23,182,572","306,644,957",13.25,13.30,13.10,13.20,+0.10,"5,044",2303
103/08/20,"39,321,434","524,278,984",13.30,13.40,13.25,13.25,+0.05,"7,330",2303
103/08/21,"22,989,585","304,363,787",13.30,13.35,13.20,13.20,-0.05,"4,116",2303
103/08/22,"91,030,434","1,228,815,952",13.20,13.70,13.20,13.50,+0.30,"13,077",2303
103/08/25,"25,947,807","349,054,716",13.50,13.50,13.40,13.45,-0.05,"5,361",2303
103/08/26,"50,653,393","687,077,470",13.45,13.65,13.40,13.55,+0.10,"7,737",2303
103/08/27,"67,851,116","929,307,536",13.60,13.80,13.60,13.60,+0.05,"10,416",2303
103/08/28,"48,200,672","655,623,572",13.60,13.70,13.50,13.65,+0.05,"6,784",2303
103/08/29,"44,254,685","606,450,184",13.60,13.85,13.55,13.65, 0.00,"6,786",2303
103/09/01,"43,327,707","597,192,760",13.75,13.85,13.70,13.75,+0.10,"6,616",2303
103/09/02,"50,331,823","680,390,480",13.75,13.75,13.40,13.40,-0.35,"7,141",2303
103/09/03,"48,315,580","649,163,325",13.50,13.50,13.35,13.45,+0.05,"5,670",2303
103/09/04,"21,636,102","290,378,913",13.50,13.50,13.35,13.40,-0.05,"3,792",2303
103/09/05,"32,946,711","440,221,007",13.50,13.50,13.30,13.30,-0.10,"4,338",2303
103/09/09,"21,272,771","285,061,601",13.40,13.45,13.35,13.35,+0.05,"4,381",2303
103/09/10,"29,141,468","386,056,536",13.30,13.35,13.20,13.25,-0.10,"5,596",2303
103/09/11,"19,685,905","260,066,400",13.25,13.30,13.15,13.20,-0.05,"3,668",2303
103/09/12,"55,536,253","723,134,158",13.20,13.25,12.90,12.95,-0.25,"8,284",2303
103/09/15,"35,156,334","451,624,294",12.90,12.95,12.75,12.90,-0.05,"5,766",2303
103/09/16,"38,861,755","494,001,070",12.90,12.90,12.60,12.60,-0.30,"6,383",2303
103/09/17,"46,923,347","606,008,412",12.80,13.05,12.70,12.90,+0.30,"8,962",2303
103/09/18,"17,026,847","219,221,617",13.00,13.00,12.80,12.85,-0.05,"3,838",2303
103/09/19,"32,242,268","417,694,493",12.95,13.05,12.90,12.95,+0.10,"4,875",2303
103/09/22,"30,448,433","389,083,778",12.95,12.95,12.70,12.75,-0.20,"6,415",2303
103/09/23,"23,256,524","296,784,965",12.75,12.85,12.70,12.75, 0.00,"3,898",2303
103/09/24,"23,181,639","296,583,146",12.75,12.85,12.75,12.80,+0.05,"3,937",2303
103/09/25,"43,694,576","556,171,283",12.85,12.90,12.60,12.70,-0.10,"6,582",2303
103/09/26,"27,513,197","348,176,702",12.60,12.80,12.50,12.65,-0.05,"4,305",2303
103/09/29,"32,428,760","410,099,988",12.70,12.75,12.60,12.60,-0.05,"4,129",2303
103/09/30,"56,844,718","712,379,847",12.65,12.70,12.35,12.60, 0.00,"7,337",2303
103/10/01,"30,059,213","378,773,476",12.55,12.70,12.50,12.55,-0.05,"4,913",2303
103/10/02,"26,981,567","339,718,626",12.50,12.70,12.45,12.70,+0.15,"5,093",2303
103/10/03,"51,080,066","657,546,450",12.65,13.00,12.65,12.90,+0.20,"7,513",2303
103/10/06,"27,737,655","358,210,617",12.90,13.00,12.80,12.90, 0.00,"4,657",2303
103/10/07,"24,595,526","314,904,870",12.80,12.90,12.70,12.80,-0.10,"4,454",2303
103/10/08,"38,846,385","501,781,141",12.70,13.05,12.65,12.90,+0.10,"5,388",2303
103/10/09,"55,119,455","715,991,215",13.00,13.10,12.90,12.90, 0.00,"7,577",2303
103/10/13,"66,429,841","822,190,198",12.50,12.50,12.25,12.30,-0.60,"9,421",2303
103/10/14,"52,565,394","658,405,250",12.40,12.65,12.35,12.55,+0.25,"7,085",2303
103/10/15,"57,239,576","707,616,907",12.50,12.55,12.30,12.40,-0.15,"9,443",2303
103/10/16,"45,654,887","560,711,722",12.30,12.45,12.15,12.30,-0.10,"6,991",2303
103/10/17,"55,922,881","682,856,521",12.45,12.45,12.05,12.05,-0.25,"8,708",2303
103/10/20,"40,040,534","492,544,627",12.25,12.40,12.20,12.35,+0.30,"5,916",2303
103/10/21,"13,021,714","160,203,642",12.35,12.40,12.25,12.30,-0.05,"3,139",2303
103/10/22,"43,141,110","538,130,508",12.40,12.55,12.40,12.45,+0.15,"6,569",2303
103/10/23,"22,487,381","280,435,599",12.40,12.55,12.35,12.50,+0.05,"4,012",2303
103/10/24,"19,761,737","245,096,674",12.50,12.55,12.35,12.35,-0.15,"3,529",2303
103/10/27,"16,606,835","206,114,520",12.50,12.50,12.35,12.35, 0.00,"3,327",2303
103/10/28,"21,241,813","264,564,740",12.45,12.50,12.40,12.45,+0.10,"5,223",2303
103/10/29,"47,324,125","598,377,739",12.55,12.75,12.50,12.65,+0.20,"6,438",2303
103/10/30,"123,729,319","1,616,723,068",13.00,13.20,12.90,13.20,+0.55,"18,600",2303
103/10/31,"53,404,914","709,260,585",13.30,13.40,13.10,13.40,+0.20,"9,325",2303
103/11/03,"49,839,751","667,615,338",13.50,13.50,13.25,13.35,-0.05,"9,129",2303
103/11/04,"35,369,739","470,970,000",13.35,13.45,13.20,13.35, 0.00,"8,508",2303
103/11/05,"31,673,224","421,206,506",13.40,13.40,13.20,13.40,+0.05,"6,247",2303
103/11/06,"31,203,497","414,824,102",13.35,13.40,13.20,13.30,-0.10,"5,980",2303
103/11/07,"17,439,428","231,603,330",13.20,13.35,13.20,13.25,-0.05,"3,160",2303
103/11/10,"99,611,841","1,356,104,804",13.35,13.80,13.30,13.60,+0.35,"15,123",2303
103/11/11,"50,161,732","681,140,894",13.65,13.70,13.45,13.60, 0.00,"8,358",2303
103/11/12,"31,673,024","428,025,536",13.50,13.65,13.45,13.45,-0.15,"5,756",2303
103/11/13,"22,072,075","297,253,407",13.50,13.55,13.40,13.50,+0.05,"4,095",2303
103/11/14,"49,080,590","666,658,769",13.50,13.70,13.45,13.65,+0.15,"8,352",2303
103/11/17,"36,202,670","487,834,467",13.70,13.70,13.30,13.35,-0.30,"5,851",2303
103/11/18,"39,791,763","525,167,876",13.40,13.45,13.05,13.20,-0.15,"6,439",2303
103/11/19,"48,416,478","647,343,090",13.20,13.45,13.15,13.45,+0.25,"7,119",2303
103/11/20,"179,661,984","2,496,420,876",13.50,14.10,13.45,14.05,+0.60,"25,307",2303
103/11/21,"77,321,098","1,083,749,545",14.10,14.15,13.90,14.05, 0.00,"12,173",2303
103/11/24,"39,376,768","550,900,031",14.10,14.15,13.90,13.90,-0.15,"5,824",2303
103/11/25,"28,460,073","397,416,385",14.00,14.00,13.85,14.00,+0.10,"4,782",2303
103/11/26,"28,077,407","390,730,496",13.95,14.00,13.85,13.85,-0.15,"5,247",2303
103/11/27,"85,677,810","1,204,782,427",14.00,14.25,13.90,13.95,+0.10,"11,719",2303
103/11/28,"55,378,495","767,336,977",14.00,14.00,13.75,13.75,-0.20,"8,368",2303
103/12/01,"51,390,483","700,794,448",13.45,13.85,13.40,13.65,-0.10,"7,423",2303
103/12/02,"43,585,702","590,198,554",13.65,13.70,13.45,13.55,-0.10,"6,929",2303
103/12/03,"35,896,520","496,128,382",13.70,13.90,13.60,13.90,+0.35,"6,127",2303
103/12/04,"168,260,015","2,415,022,598",14.00,14.65,14.00,14.40,+0.50,"23,482",2303
103/12/05,"64,758,684","930,227,630",14.35,14.50,14.25,14.25,-0.15,"9,864",2303
103/12/08,"78,218,761","1,130,484,735",14.40,14.65,14.25,14.25, 0.00,"17,698",2303
103/12/09,"40,160,747","572,092,151",14.15,14.35,14.15,14.25, 0.00,"5,977",2303
103/12/10,"52,186,656","729,989,178",14.15,14.20,13.85,13.85,-0.40,"9,182",2303
103/12/11,"36,991,292","512,555,598",13.80,14.00,13.65,13.85, 0.00,"6,205",2303
103/12/12,"27,721,217","385,898,204",14.00,14.05,13.80,13.80,-0.05,"6,055",2303
103/12/15,"67,756,135","958,813,448",13.80,14.45,13.80,14.35,+0.55,"10,878",2303
103/12/16,"86,968,849","1,230,474,494",14.30,14.35,13.95,13.95,-0.40,"13,871",2303
103/12/17,"79,596,233","1,093,723,785",13.85,13.95,13.60,13.60,-0.35,"12,286",2303
103/12/18,"60,520,289","844,529,608",13.85,14.05,13.80,13.95,+0.35,"10,348",2303
103/12/19,"104,127,759","1,489,242,263",14.10,14.40,14.05,14.25,+0.30,"15,102",2303
103/12/22,"73,811,454","1,068,407,919",14.40,14.60,14.30,14.45,+0.20,"9,974",2303
103/12/23,"102,307,748","1,502,880,008",14.55,14.80,14.55,14.75,+0.30,"14,149",2303
103/12/24,"71,379,466","1,062,676,440",14.80,15.00,14.75,14.85,+0.10,"11,490",2303
103/12/25,"27,262,042","402,073,908",14.90,15.00,14.65,14.70,-0.15,"4,843",2303
103/12/26,"28,045,543","412,023,633",14.70,14.80,14.55,14.80,+0.10,"4,711",2303
103/12/27,"23,231,982","342,413,386",14.80,14.85,14.65,14.75,-0.05,"2,887",2303
103/12/29,"64,416,629","955,986,208",14.80,15.00,14.70,14.70,-0.05,"9,805",2303
103/12/30,"60,751,891","887,511,879",14.85,14.95,14.35,14.50,-0.20,"8,679",2303
103/12/31,"46,383,825","680,820,906",14.55,14.80,14.50,14.75,+0.25,"6,404",2303
104/01/05,"116,195,020","1,755,229,886",14.75,15.45,14.65,15.25,+0.50,"17,881",2303
104/01/06,"73,981,353","1,102,346,506",15.00,15.10,14.75,14.75,-0.50,"13,361",2303
104/01/07,"47,114,382","695,666,739",14.75,14.95,14.65,14.80,+0.05,"8,356",2303
104/01/08,"65,851,847","987,262,394",15.00,15.10,14.90,14.90,+0.10,"9,809",2303
104/01/09,"93,825,572","1,421,562,270",15.20,15.30,15.00,15.10,+0.20,"18,207",2303
104/01/12,"233,428,457","3,676,528,492",15.25,16.10,15.25,15.75,+0.65,"33,913",2303
104/01/13,"102,732,905","1,613,472,359",15.80,15.95,15.50,15.55,-0.20,"17,014",2303
104/01/14,"106,739,729","1,632,873,317",15.45,15.50,15.15,15.25,-0.30,"16,678",2303
104/01/15,"96,404,129","1,464,408,459",15.25,15.45,15.05,15.05,-0.20,"16,907",2303
104/01/16,"161,745,605","2,426,086,735",15.10,15.45,14.70,14.70,-0.35,"26,348",2303
104/01/19,"79,977,518","1,203,265,470",14.95,15.15,14.90,15.05,+0.35,"12,338",2303
104/01/20,"45,476,558","691,528,968",15.25,15.30,15.15,15.20,+0.15,"9,112",2303
104/01/21,"47,841,368","726,940,145",15.30,15.35,15.05,15.15,-0.05,"8,594",2303
104/01/22,"85,750,613","1,324,933,859",15.30,15.55,15.25,15.45,+0.30,"13,611",2303
104/01/23,"95,654,129","1,493,309,074",15.65,15.70,15.50,15.60,+0.15,"13,130",2303
104/01/26,"56,122,613","869,376,105",15.50,15.70,15.40,15.50,-0.10,"11,193",2303
104/01/27,"58,730,747","905,942,929",15.60,15.60,15.30,15.45,-0.05,"8,208",2303
104/01/28,"91,034,373","1,402,187,027",15.40,15.65,15.30,15.65,+0.20,"12,394",2303
104/01/29,"102,347,120","1,578,566,277",15.65,15.70,15.25,15.35,-0.30,"13,274",2303
104/01/30,"86,191,639","1,331,826,189",15.50,15.60,15.35,15.40,+0.05,"10,552",2303
104/02/02,"55,917,569","862,512,850",15.45,15.55,15.35,15.45,+0.05,"9,614",2303
104/02/03,"100,320,318","1,568,286,528",15.55,15.75,15.55,15.65,+0.20,"13,127",2303
104/02/04,"106,899,495","1,686,371,083",15.85,15.90,15.65,15.65, 0.00,"15,046",2303
104/02/05,"54,108,784","850,098,472",15.80,15.80,15.60,15.75,+0.10,"9,475",2303
104/02/06,"43,650,923","686,325,894",15.80,15.80,15.65,15.65,-0.10,"7,119",2303
104/02/09,"39,186,556","613,301,311",15.65,15.75,15.55,15.65, 0.00,"6,526",2303
104/02/10,"43,062,091","669,712,492",15.75,15.80,15.40,15.40,-0.25,"7,028",2303
104/02/11,"74,043,156","1,160,522,939",15.60,15.80,15.50,15.75,+0.35,"10,972",2303
104/02/12,"40,472,200","634,735,857",15.85,15.85,15.60,15.65,-0.10,"7,702",2303
104/02/13,"45,907,788","716,316,197",15.70,15.75,15.50,15.60,-0.05,"8,703",2303
104/02/24,"71,058,162","1,121,427,894",15.80,15.85,15.60,15.85,+0.25,"12,886",2303
104/02/25,"88,365,163","1,409,043,115",15.85,16.05,15.80,16.05,+0.20,"17,628",2303
104/02/26,"67,714,284","1,079,264,471",16.00,16.05,15.80,16.00,-0.05,"10,519",2303
104/03/02,"60,350,109","957,176,640",16.05,16.10,15.75,15.85,-0.15,"11,345",2303
104/03/03,"47,908,490","756,825,308",15.90,15.95,15.70,15.85, 0.00,"7,561",2303
104/03/04,"50,862,615","805,548,109",15.80,15.95,15.75,15.75,-0.10,"7,160",2303
104/03/05,"51,219,840","805,325,012",15.70,15.85,15.65,15.65,-0.10,"7,254",2303
104/03/06,"55,362,517","866,569,845",15.65,15.75,15.55,15.65, 0.00,"8,097",2303
104/03/09,"59,064,508","920,241,106",15.60,15.70,15.50,15.70,+0.05,"9,482",2303
104/03/10,"61,473,552","970,032,431",15.75,15.90,15.70,15.70, 0.00,"11,900",2303
104/03/11,"56,752,232","894,744,826",15.60,15.90,15.55,15.65,-0.05,"11,260",2303
104/03/12,"43,986,141","694,387,237",15.65,15.90,15.65,15.80,+0.15,"6,603",2303
104/03/13,"22,191,803","349,806,594",15.85,15.90,15.70,15.70,-0.10,"3,804",2303
104/03/16,"29,764,779","466,872,344",15.75,15.75,15.60,15.65,-0.05,"5,912",2303
104/03/17,"26,301,945","413,997,377",15.70,15.80,15.65,15.65, 0.00,"5,185",2303
104/03/18,"51,303,867","806,198,111",15.65,15.80,15.55,15.75,+0.10,"8,210",2303
104/03/19,"46,629,758","738,020,031",15.90,15.95,15.75,15.85,+0.10,"9,215",2303
104/03/20,"38,546,049","604,362,349",15.75,15.85,15.60,15.65,-0.20,"6,565",2303
104/03/23,"30,135,619","473,664,062",15.75,15.80,15.65,15.75,+0.10,"7,016",2303
104/03/24,"28,134,426","441,487,559",15.75,15.80,15.60,15.70,-0.05,"5,293",2303
104/03/25,"30,326,571","475,783,813",15.75,15.80,15.60,15.60,-0.10,"5,851",2303
104/03/26,"77,016,037","1,174,311,791",15.30,15.35,15.05,15.25,-0.35,"12,617",2303
104/03/27,"59,569,714","911,772,248",15.30,15.45,15.20,15.20,-0.05,"7,659",2303
104/03/30,"35,544,598","542,732,098",15.30,15.45,15.20,15.30,+0.10,"9,696",2303
104/03/31,"43,396,800","668,521,658",15.45,15.50,15.30,15.50,+0.20,"6,504",2303
104/04/01,"23,081,457","353,381,753",15.45,15.45,15.25,15.25,-0.25,"5,556",2303
104/04/02,"32,937,970","508,645,605",15.35,15.50,15.30,15.50,+0.25,"6,169",2303
104/04/07,"44,161,023","694,926,534",15.70,15.80,15.65,15.80,+0.30,"8,210",2303
104/04/08,"34,483,003","540,087,102",15.70,15.75,15.60,15.65,-0.15,"7,053",2303
104/04/09,"42,432,620","659,893,095",15.60,15.65,15.40,15.40,-0.25,"7,036",2303
104/04/10,"37,585,505","577,065,341",15.45,15.55,15.20,15.25,-0.15,"6,497",2303
104/04/13,"50,604,136","774,096,743",15.30,15.45,15.20,15.25, 0.00,"7,217",2303
104/04/14,"50,596,985","767,661,699",15.25,15.35,15.05,15.10,-0.15,"9,047",2303
104/04/15,"117,183,539","1,717,545,863",14.95,14.95,14.50,14.55,-0.55,"21,436",2303
104/04/16,"50,543,884","740,594,709",14.65,14.70,14.55,14.70,+0.15,"13,860",2303
104/04/17,"67,361,530","966,524,219",14.45,14.45,14.25,14.30,-0.40,"13,747",2303
104/04/20,"86,233,545","1,206,006,630",14.05,14.15,13.80,14.00,-0.30,"14,544",2303
104/04/21,"51,863,204","726,718,968",14.00,14.15,13.90,14.05,+0.05,"9,816",2303
104/04/22,"45,490,347","643,051,728",14.10,14.25,14.05,14.10,+0.05,"8,075",2303
104/04/23,"78,698,811","1,134,893,202",14.25,14.60,14.20,14.60,+0.50,"14,350",2303
104/04/24,"101,452,521","1,493,309,911",14.70,14.90,14.60,14.65,+0.05,"14,287",2303
104/04/27,"79,005,780","1,174,912,711",14.70,15.00,14.70,14.90,+0.25,"14,719",2303
104/04/28,"46,175,346","688,919,772",15.05,15.10,14.85,14.85,-0.05,"9,706",2303
104/04/29,"44,213,584","653,805,600",14.85,14.95,14.60,14.65,-0.20,"9,016",2303
104/04/30,"78,488,225","1,142,845,240",14.85,14.85,14.40,14.60,-0.05,"13,039",2303
104/05/04,"54,158,810","780,836,308",14.65,14.70,14.30,14.30,-0.30,"11,394",2303
104/05/05,"33,905,375","483,311,384",14.25,14.35,14.20,14.30, 0.00,"6,156",2303
104/05/06,"28,568,455","410,727,839",14.25,14.50,14.20,14.35,+0.05,"5,903",2303
104/05/07,"61,661,991","869,428,062",14.25,14.25,14.00,14.05,-0.30,"9,202",2303
104/05/08,"60,537,068","843,470,134",14.05,14.15,13.85,13.85,-0.20,"9,243",2303
104/05/11,"57,175,804","801,672,061",14.05,14.15,13.95,14.00,+0.15,"8,303",2303
104/05/12,"149,274,843","2,040,106,982",13.50,13.85,13.30,13.75,-0.25,"23,854",2303
104/05/13,"63,740,125","884,342,253",13.75,14.05,13.65,13.95,+0.20,"11,372",2303
104/05/14,"52,111,949","720,109,390",13.95,14.00,13.75,13.75,-0.20,"11,376",2303
104/05/15,"32,507,243","447,780,420",13.75,13.90,13.70,13.75, 0.00,"6,482",2303
104/05/18,"34,008,021","464,437,062",13.75,13.80,13.60,13.60,-0.15,"5,591",2303
104/05/19,"53,316,504","743,603,043",13.75,14.10,13.70,13.95,+0.35,"8,721",2303
104/05/20,"32,392,068","451,146,283",13.95,14.10,13.85,13.90,-0.05,"6,122",2303
104/05/21,"34,256,942","470,977,566",13.85,13.90,13.65,13.80,-0.10,"7,730",2303
104/05/22,"37,428,428","520,008,155",13.90,13.95,13.80,13.90,+0.10,"7,380",2303
104/05/25,"17,940,597","248,837,796",14.00,14.00,13.80,13.80,-0.10,"4,742",2303
104/05/26,"20,221,075","281,385,513",13.95,14.00,13.85,13.90,+0.10,"3,737",2303
104/05/27,"22,913,246","319,033,651",13.95,14.00,13.80,13.95,+0.05,"3,757",2303
104/05/28,"42,520,298","597,919,946",14.10,14.15,14.00,14.10,+0.15,"7,183",2303
104/05/29,"47,003,046","656,494,520",14.10,14.15,13.90,13.90,-0.20,"4,757",2303
104/06/01,"45,654,389","626,745,694",13.85,13.90,13.65,13.75,-0.15,"6,554",2303
104/06/02,"50,359,533","694,607,546",13.75,13.95,13.65,13.70,-0.05,"7,156",2303
104/06/03,"34,671,396","477,618,455",13.75,13.90,13.70,13.80,+0.10,"6,076",2303
104/06/04,"67,962,194","923,159,058",13.70,13.75,13.40,13.45,-0.35,"10,819",2303
104/06/05,"46,354,682","622,519,568",13.40,13.60,13.35,13.35,-0.10,"8,133",2303
104/06/08,"53,361,578","706,565,213",13.30,13.40,13.15,13.20,-0.15,"13,230",2303
104/06/09,"63,214,113","830,368,369",13.20,13.40,12.95,13.05,-0.15,"10,737",2303
104/06/10,"63,506,249","833,163,397",13.10,13.25,13.00,13.25,+0.20,"10,877",2303
104/06/11,"42,714,608","561,527,933",13.30,13.35,13.05,13.10,-0.15,"7,073",2303
104/06/12,"29,999,590","392,512,495",13.10,13.15,13.00,13.10, 0.00,"5,259",2303
104/06/15,"34,810,110","456,088,910",13.10,13.20,13.05,13.20,+0.10,"4,559",2303
104/06/16,"30,732,549","395,330,980",13.10,13.20,13.00,13.00,-0.20,"5,504",2303
104/06/17,"35,422,099","460,800,887",13.00,13.10,12.95,12.95,-0.05,"7,976",2303
104/06/18,"32,766,227","427,059,351",13.00,13.10,13.00,13.00,+0.05,"7,532",2303
104/06/22,"50,929,029","668,611,639",13.00,13.25,13.00,13.15,+0.15,"8,606",2303
104/06/23,"39,622,311","525,922,680",13.25,13.35,13.20,13.30,+0.15,"8,015",2303
104/06/24,"24,119,648","319,104,619",13.30,13.35,13.15,13.25,-0.05,"4,943",2303
104/06/25,"59,134,262","793,959,655",13.35,13.55,13.25,13.55,+0.30,"8,649",2303
104/06/26,"48,728,248","651,657,449",13.50,13.55,13.25,13.25,-0.30,"7,491",2303
104/06/29,"66,205,568","857,416,103",13.05,13.10,12.80,12.85,-0.40,"9,408",2303
104/06/30,"52,214,367","677,469,639",12.85,13.10,12.80,13.05,+0.20,"8,631",2303
104/07/01,"38,562,865","509,755,593",13.10,13.30,13.05,13.25,+0.20,"7,101",2303
104/07/02,"43,922,375","580,521,689",13.15,13.30,13.15,13.15,-0.10,"5,692",2303
104/07/03,"25,399,801","335,984,825",13.20,13.30,13.15,13.30,+0.15,"4,311",2303
104/07/06,"39,231,972","515,947,247",13.20,13.30,13.00,13.05,-0.25,"4,998",2303
104/07/07,"51,268,200","666,462,533",13.05,13.20,12.90,12.90,-0.15,"7,597",2303
104/07/08,"102,642,371","1,286,659,085",12.85,12.90,12.30,12.40,-0.50,"17,386",2303
104/07/09,"57,784,722","711,853,253",12.25,12.50,12.05,12.45,+0.05,"11,210",2303
104/07/13,"100,128,917","1,249,498,086",12.50,12.60,12.50,12.55,+0.10,"9,891",2303
104/07/14,"56,661,584","692,477,711",12.20,12.35,12.15,12.15,X0.00,"11,721",2303
104/07/15,"54,716,757","667,500,303",12.30,12.30,12.10,12.20,+0.05,"10,204",2303
104/07/16,"28,888,293","352,848,696",12.30,12.35,12.15,12.20, 0.00,"6,544",2303
104/07/17,"72,978,278","879,167,236",12.10,12.20,11.95,12.00,-0.20,"9,948",2303
104/07/20,"49,382,346","592,956,297",12.10,12.10,11.90,11.95,-0.05,"7,304",2303
104/07/21,"50,251,665","602,179,031",12.00,12.05,11.90,12.05,+0.10,"8,465",2303
104/07/22,"126,055,466","1,465,434,975",11.95,12.00,11.45,11.50,-0.55,"17,621",2303
104/07/23,"86,693,544","979,275,439",11.50,11.60,11.10,11.15,-0.35,"13,692",2303
104/07/24,"38,064,414","427,631,085",11.20,11.30,11.15,11.30,+0.15,"7,805",2303
104/07/27,"41,483,111","463,963,693",11.30,11.35,11.10,11.10,-0.20,"6,661",2303
104/07/28,"77,569,573","852,244,678",11.00,11.15,10.90,10.90,-0.20,"13,926",2303
104/07/29,"48,726,897","528,299,254",11.00,11.00,10.75,10.75,-0.15,"9,217",2303
104/07/30,"83,112,767","934,601,297",11.10,11.40,11.10,11.35,+0.60,"11,965",2303
104/07/31,"55,173,165","618,736,487",11.40,11.45,11.10,11.25,-0.10,"8,961",2303
104/08/03,"58,428,098","653,278,181",11.35,11.40,11.10,11.20,-0.05,"6,732",2303
104/08/04,"55,688,939","619,463,232",11.20,11.25,11.00,11.15,-0.05,"7,596",2303
104/08/05,"39,007,623","434,267,655",11.00,11.25,11.00,11.25,+0.10,"8,426",2303
104/08/06,"40,342,903","451,750,737",11.25,11.30,11.10,11.25, 0.00,"5,431",2303
104/08/07,"37,234,091","416,126,096",11.20,11.25,11.10,11.20,-0.05,"4,700",2303
104/08/10,"35,431,075","395,063,868",11.10,11.20,11.10,11.20, 0.00,"5,479",2303
104/08/11,"41,626,419","469,189,475",11.30,11.35,11.20,11.20, 0.00,"8,052",2303
104/08/12,"39,506,315","442,408,458",11.20,11.30,11.10,11.25,+0.05,"5,649",2303
104/08/13,"37,414,549","420,562,111",11.30,11.30,11.20,11.20,-0.05,"7,719",2303
104/08/14,"26,082,048","292,558,358",11.25,11.25,11.20,11.20, 0.00,"5,940",2303
104/08/17,"19,377,891","216,255,994",11.25,11.25,11.10,11.10,-0.10,"3,735",2303
104/08/18,"25,374,752","282,282,764",11.10,11.20,11.10,11.15,+0.05,"4,681",2303
104/08/19,"71,130,117","773,169,081",11.10,11.10,10.70,10.90,-0.25,"11,723",2303
104/08/20,"32,063,617","348,518,758",10.80,11.00,10.75,10.85,-0.05,"6,385",2303
104/08/21,"71,699,352","758,312,191",10.70,10.75,10.40,10.40,-0.45,"11,153",2303
104/08/24,"86,095,945","869,002,067",10.20,10.30,9.92,10.05,-0.35,"12,687",2303
104/08/25,"58,326,694","607,360,946",10.10,10.60,10.10,10.45,+0.40,"9,030",2303
104/08/26,"45,277,814","470,006,939",10.35,10.50,10.20,10.40,-0.05,"6,033",2303
104/08/27,"37,225,102","393,896,096",10.55,10.65,10.50,10.55,+0.15,"6,578",2303
104/08/28,"40,703,075","439,088,028",10.70,10.85,10.60,10.80,+0.25,"6,415",2303
104/08/31,"50,032,913","536,562,188",10.85,10.85,10.60,10.75,-0.05,"5,323",2303
104/09/01,"36,579,305","390,798,805",10.60,10.80,10.55,10.75, 0.00,"7,616",2303
104/09/02,"27,751,321","297,358,242",10.65,10.85,10.60,10.80,+0.05,"5,425",2303
104/09/03,"66,696,266","743,082,377",10.90,11.35,10.80,11.35,+0.55,"11,055",2303
104/09/04,"36,470,801","406,813,719",11.30,11.35,11.00,11.05,-0.30,"8,191",2303
104/09/07,"28,819,107","316,250,077",10.95,11.15,10.85,11.00,-0.05,"5,034",2303
104/09/08,"20,028,294","220,917,466",11.00,11.10,10.90,11.10,+0.10,"4,339",2303
104/09/09,"72,389,679","825,159,350",11.35,11.55,11.25,11.40,+0.30,"13,235",2303
104/09/10,"45,010,182","510,761,007",11.30,11.50,11.15,11.50,+0.10,"13,143",2303
104/09/11,"24,281,366","278,496,839",11.40,11.55,11.35,11.50, 0.00,"5,105",2303
104/09/14,"26,126,127","299,640,181",11.50,11.60,11.40,11.50, 0.00,"5,075",2303
104/09/15,"26,565,622","304,909,415",11.50,11.55,11.40,11.45,-0.05,"4,678",2303
104/09/16,"29,432,185","336,646,636",11.55,11.60,11.35,11.40,-0.05,"5,687",2303
104/09/17,"41,811,827","481,459,191",11.55,11.60,11.45,11.55,+0.15,"8,351",2303
104/09/18,"30,325,642","350,223,664",11.55,11.60,11.45,11.60,+0.05,"4,912",2303
104/09/21,"33,232,694","375,067,597",11.45,11.50,11.20,11.20,-0.40,"6,304",2303
104/09/22,"33,478,136","376,128,449",11.35,11.35,11.15,11.30,+0.10,"5,791",2303
104/09/23,"44,213,847","486,760,286",11.10,11.20,10.90,10.95,-0.35,"8,527",2303
104/09/24,"37,776,682","411,499,472",11.00,11.05,10.80,10.80,-0.15,"6,900",2303
104/09/25,"31,428,323","341,436,647",10.85,10.95,10.75,10.95,+0.15,"5,133",2303
104/09/30,"63,361,226","683,869,016",10.70,10.90,10.70,10.80,-0.15,"7,558",2303
104/10/01,"37,873,804","413,690,484",10.85,11.05,10.80,10.90,+0.10,"5,672",2303
104/10/02,"22,565,098","247,056,079",10.95,11.00,10.85,10.95,+0.05,"4,687",2303
104/10/05,"28,750,881","319,151,236",11.00,11.20,10.95,11.15,+0.20,"6,574",2303
104/10/06,"26,158,089","294,625,414",11.30,11.35,11.15,11.25,+0.10,"5,689",2303
104/10/07,"30,544,495","343,579,278",11.25,11.30,11.10,11.30,+0.05,"5,767",2303
104/10/08,"20,222,904","228,207,993",11.40,11.40,11.20,11.25,-0.05,"5,073",2303
104/10/12,"47,287,752","535,359,395",11.25,11.40,11.20,11.40,+0.15,"8,369",2303
104/10/13,"24,773,290","282,534,776",11.40,11.45,11.30,11.45,+0.05,"4,577",2303
104/10/14,"123,898,063","1,465,465,796",11.45,12.00,11.45,11.90,+0.45,"17,469",2303
104/10/15,"107,628,961","1,313,361,956",12.05,12.30,12.05,12.30,+0.40,"18,760",2303
104/10/16,"65,908,973","799,914,477",12.30,12.30,12.05,12.15,-0.15,"9,802",2303
104/10/19,"40,911,980","502,237,611",12.15,12.40,12.15,12.35,+0.20,"7,185",2303
104/10/20,"35,820,507","440,980,075",12.45,12.45,12.25,12.25,-0.10,"6,011",2303
104/10/21,"29,263,879","354,586,698",12.30,12.30,12.00,12.05,-0.20,"6,422",2303
104/10/22,"20,155,166","244,445,181",12.05,12.20,12.05,12.15,+0.10,"3,606",2303
104/10/23,"48,582,536","600,607,739",12.40,12.45,12.30,12.35,+0.20,"7,707",2303
104/10/26,"29,510,394","366,603,290",12.45,12.50,12.35,12.45,+0.10,"5,894",2303
104/10/27,"20,301,494","252,061,870",12.45,12.50,12.30,12.50,+0.05,"3,718",2303
104/10/28,"34,470,405","420,294,785",12.40,12.40,12.05,12.10,-0.40,"6,690",2303
104/10/29,"53,952,155","642,367,162",12.05,12.10,11.80,11.90,-0.20,"9,382",2303
104/10/30,"23,307,806","278,236,910",11.90,12.00,11.85,11.90, 0.00,"4,849",2303
104/11/02,"26,530,262","319,669,944",12.00,12.20,11.95,12.05,+0.15,"6,021",2303
104/11/03,"36,582,079","446,555,475",12.05,12.30,12.05,12.30,+0.25,"7,636",2303
104/11/04,"73,770,204","921,769,952",12.40,12.60,12.35,12.40,+0.10,"16,513",2303
104/11/05,"50,267,832","631,753,382",12.55,12.70,12.45,12.60,+0.20,"9,383",2303
104/11/06,"37,566,083","466,290,895",12.50,12.55,12.35,12.40,-0.20,"5,286",2303
104/11/09,"30,381,531","371,656,805",12.30,12.50,12.15,12.15,-0.25,"5,556",2303
104/11/10,"37,683,484","455,582,535",12.15,12.20,12.00,12.05,-0.10,"6,627",2303
104/11/11,"29,651,323","355,581,326",12.10,12.20,11.90,12.00,-0.05,"4,735",2303
104/11/12,"20,336,334","243,359,021",12.05,12.10,11.90,11.95,-0.05,"4,853",2303
104/11/13,"23,937,873","286,367,559",11.90,12.10,11.90,11.90,-0.05,"4,284",2303
104/11/16,"56,784,709","661,265,455",11.85,11.90,11.50,11.55,-0.35,"11,537",2303
104/11/17,"54,411,447","654,473,826",11.75,12.20,11.75,12.20,+0.65,"9,775",2303
104/11/18,"30,695,684","372,453,605",12.25,12.25,12.05,12.10,-0.10,"7,292",2303
104/11/19,"38,000,965","462,943,131",12.25,12.30,12.05,12.25,+0.15,"4,978",2303
104/11/20,"52,737,685","650,442,914",12.20,12.45,12.20,12.35,+0.10,"10,190",2303
104/11/23,"29,083,446","359,239,687",12.45,12.45,12.25,12.40,+0.05,"4,130",2303
104/11/24,"30,847,088","373,235,632",12.25,12.30,11.95,11.95,-0.45,"6,177",2303
104/11/25,"19,050,168","229,496,507",12.00,12.15,11.90,12.10,+0.15,"3,471",2303
104/11/26,"24,427,321","299,343,104",12.20,12.40,12.15,12.20,+0.10,"5,636",2303
104/11/27,"11,380,045","137,446,467",12.20,12.25,12.00,12.05,-0.15,"2,701",2303
104/11/30,"64,168,335","763,892,818",11.95,12.10,11.85,11.85,-0.20,"5,453",2303
104/12/01,"22,344,405","270,406,483",12.00,12.20,11.90,12.20,+0.35,"4,492",2303
104/12/02,"29,551,353","358,121,268",11.95,12.20,11.95,12.05,-0.15,"3,745",2303
104/12/03,"38,699,663","474,016,556",12.05,12.35,11.95,12.25,+0.20,"5,037",2303
104/12/04,"22,296,102","270,156,824",12.05,12.20,12.05,12.05,-0.20,"3,926",2303
104/12/07,"26,879,222","325,897,282",12.10,12.25,12.05,12.10,+0.05,"3,559",2303
104/12/08,"25,908,978","310,693,841",12.10,12.15,11.90,11.95,-0.15,"6,325",2303
104/12/09,"44,402,048","518,034,031",11.90,11.95,11.60,11.60,-0.35,"7,706",2303
104/12/10,"55,043,126","628,915,329",11.40,11.60,11.30,11.55,-0.05,"8,618",2303
104/12/11,"43,207,929","505,811,732",11.60,11.80,11.60,11.70,+0.15,"8,588",2303
104/12/14,"20,931,724","242,763,421",11.60,11.70,11.50,11.70, 0.00,"4,172",2303
104/12/15,"18,566,170","217,940,840",11.80,11.85,11.60,11.60,-0.10,"3,978",2303
104/12/16,"25,532,027","301,892,154",11.85,11.90,11.70,11.80,+0.20,"7,053",2303
104/12/17,"43,690,071","526,269,605",11.90,12.20,11.85,12.15,+0.35,"7,032",2303
104/12/18,"41,032,606","493,935,150",12.05,12.20,11.95,12.00,-0.15,"7,283",2303
104/12/21,"84,011,520","1,040,424,947",12.10,12.60,12.05,12.45,+0.45,"15,680",2303
104/12/22,"23,495,607","289,774,127",12.50,12.50,12.25,12.35,-0.10,"6,133",2303
104/12/23,"26,385,039","327,628,501",12.35,12.50,12.30,12.45,+0.10,"5,366",2303
104/12/24,"14,485,578","180,014,607",12.50,12.55,12.30,12.30,-0.15,"3,956",2303
104/12/25,"7,344,726","90,758,835",12.30,12.45,12.30,12.40,+0.10,"1,360",2303
104/12/28,"10,496,759","129,515,044",12.45,12.45,12.30,12.30,-0.10,"1,823",2303
104/12/29,"16,761,213","204,660,659",12.30,12.35,12.15,12.15,-0.15,"3,069",2303
104/12/30,"11,862,608","143,963,479",12.20,12.25,12.10,12.10,-0.05,"1,794",2303
104/12/31,"13,959,073","168,998,608",12.10,12.20,12.05,12.10, 0.00,"3,126",2303
105/01/04,"44,642,789","529,990,078",12.10,12.15,11.80,11.80,-0.30,"8,242",2303
105/01/05,"37,725,760","446,452,509",11.80,12.05,11.70,11.75,-0.05,"6,305",2303
105/01/06,"25,394,689","298,913,913",11.85,11.95,11.65,11.75, 0.00,"4,587",2303
105/01/07,"57,790,856","665,768,020",11.70,11.75,11.40,11.45,-0.30,"15,609",2303
105/01/08,"42,956,481","487,308,282",11.20,11.50,11.20,11.40,-0.05,"7,435",2303
105/01/11,"41,438,162","461,655,420",11.20,11.30,11.05,11.05,-0.35,"7,666",2303
105/01/12,"22,816,183","254,032,356",11.15,11.20,11.10,11.10,+0.05,"5,169",2303
105/01/13,"35,275,325","392,838,260",11.15,11.25,11.00,11.05,-0.05,"5,267",2303
105/01/14,"31,979,255","352,154,591",11.00,11.15,10.80,11.15,+0.10,"4,250",2303
105/01/15,"36,397,917","407,312,596",11.25,11.30,11.05,11.25,+0.10,"5,310",2303
105/01/18,"23,425,625","260,012,943",11.00,11.20,10.95,11.15,-0.10,"5,309",2303
105/01/19,"12,942,222","144,349,804",11.15,11.20,11.10,11.15, 0.00,"3,058",2303
105/01/20,"27,609,494","307,346,110",11.15,11.20,11.10,11.10,-0.05,"5,903",2303
105/01/21,"17,723,941","196,896,974",11.15,11.20,11.05,11.10, 0.00,"3,321",2303
105/01/22,"14,734,628","165,026,311",11.20,11.25,11.15,11.25,+0.15,"2,971",2303
105/01/25,"22,302,567","255,754,968",11.35,11.55,11.30,11.45,+0.20,"4,604",2303
105/01/26,"43,563,690","504,458,365",11.50,11.70,11.40,11.70,+0.25,"5,857",2303
105/01/27,"22,755,842","266,566,177",11.75,11.80,11.60,11.70, 0.00,"4,851",2303
105/01/28,"205,155,632","2,570,955,764",12.05,12.85,12.05,12.75,+1.05,"26,488",2303
105/01/29,"89,587,734","1,145,847,436",12.85,12.90,12.60,12.85,+0.10,"16,616",2303
105/01/30,"17,613,617","225,447,506",12.85,12.90,12.70,12.75,-0.10,"4,460",2303
105/02/01,"41,304,262","527,902,691",12.85,12.90,12.70,12.90,+0.15,"8,866",2303
105/02/02,"70,066,347","911,295,561",12.90,13.10,12.80,13.10,+0.20,"12,817",2303
105/02/03,"30,282,926","392,396,901",13.00,13.05,12.85,12.90,-0.20,"6,002",2303
105/02/15,"69,373,817","907,449,046",12.75,13.25,12.70,13.20,+0.30,"9,554",2303
105/02/16,"28,936,010","378,995,036",13.10,13.20,12.95,13.15,-0.05,"6,316",2303
105/02/17,"36,743,985","483,996,264",13.15,13.30,13.00,13.25,+0.10,"9,153",2303
105/02/18,"63,552,642","851,831,858",13.40,13.55,13.30,13.40,+0.15,"10,053",2303
105/02/19,"25,996,976","345,591,642",13.40,13.45,13.20,13.20,-0.20,"6,648",2303
105/02/22,"24,168,261","319,160,990",13.20,13.35,13.10,13.20, 0.00,"3,929",2303
105/02/23,"27,948,899","370,203,479",13.20,13.30,13.15,13.20, 0.00,"3,931",2303
105/02/24,"26,021,113","343,125,905",13.20,13.30,13.05,13.20, 0.00,"5,252",2303
105/02/25,"26,704,485","353,213,670",13.20,13.30,13.10,13.25,+0.05,"4,284",2303
105/02/26,"50,549,954","674,692,484",13.30,13.50,13.25,13.35,+0.10,"6,379",2303
105/03/01,"31,294,789","418,776,956",13.35,13.45,13.30,13.40,+0.05,"7,700",2303
105/03/02,"27,153,770","364,995,872",13.50,13.55,13.35,13.35,-0.05,"5,013",2303
105/03/03,"30,567,555","409,366,350",13.35,13.45,13.30,13.45,+0.10,"5,370",2303
105/03/04,"30,905,565","415,283,383",13.45,13.50,13.35,13.40,-0.05,"6,328",2303
105/03/07,"29,719,894","397,355,519",13.45,13.50,13.25,13.40, 0.00,"5,854",2303
105/03/08,"38,388,598","506,555,469",13.35,13.40,13.10,13.20,-0.20,"8,471",2303
105/03/09,"29,306,818","380,226,246",13.20,13.20,12.90,12.90,-0.30,"6,038",2303
105/03/10,"51,489,334","679,316,679",12.95,13.40,12.95,13.15,+0.25,"8,322",2303
105/03/11,"28,372,249","373,642,683",13.15,13.25,13.05,13.25,+0.10,"4,754",2303
105/03/14,"29,655,547","395,525,518",13.30,13.40,13.30,13.40,+0.15,"5,956",2303
105/03/15,"28,124,608","372,992,104",13.40,13.40,13.10,13.25,-0.15,"3,757",2303
105/03/16,"15,550,014","206,339,635",13.25,13.35,13.20,13.25, 0.00,"3,694",2303
105/03/17,"31,027,346","414,554,249",13.45,13.50,13.25,13.30,+0.05,"6,289",2303
105/03/18,"46,190,842","627,841,147",13.30,13.40,13.20,13.30, 0.00,"4,776",2303
105/03/21,"13,206,890","175,392,590",13.30,13.35,13.20,13.35,+0.05,"2,876",2303
105/03/22,"22,854,234","302,363,174",13.40,13.40,13.10,13.30,-0.05,"5,524",2303
105/03/23,"13,796,210","182,452,931",13.30,13.35,13.15,13.20,-0.10,"3,698",2303
105/03/24,"24,113,866","319,177,002",13.20,13.40,13.10,13.25,+0.05,"5,818",2303
105/03/25,"8,084,183","106,408,236",13.25,13.30,13.10,13.10,-0.15,"1,730",2303
105/03/28,"15,699,775","205,403,501",13.10,13.15,13.05,13.10, 0.00,"3,716",2303
105/03/29,"16,811,240","217,827,648",13.10,13.15,12.90,12.90,-0.20,"4,256",2303
105/03/30,"41,341,042","543,370,482",13.00,13.25,12.95,13.25,+0.35,"6,739",2303
105/03/31,"41,615,518","551,780,671",13.25,13.30,13.20,13.30,+0.05,"5,199",2303
105/04/01,"23,276,959","305,141,871",13.15,13.30,13.00,13.15,-0.15,"5,102",2303
105/04/06,"33,869,811","436,216,996",13.00,13.05,12.75,12.75,-0.40,"7,391",2303
105/04/07,"51,115,264","644,592,115",12.75,12.85,12.45,12.60,-0.15,"9,992",2303
105/04/08,"50,652,433","625,531,481",12.50,12.75,12.45,12.75,+0.15,"7,196",2303
105/04/11,"30,621,033","384,660,427",12.65,12.70,12.45,12.60,-0.15,"6,020",2303
105/04/12,"38,186,511","491,529,211",12.70,13.00,12.65,12.90,+0.30,"9,125",2303
105/04/13,"33,634,311","431,697,185",12.90,12.90,12.70,12.90, 0.00,"7,664",2303
105/04/14,"36,915,813","473,979,931",12.85,12.90,12.75,12.85,-0.05,"6,982",2303
105/04/15,"33,087,817","423,248,811",12.75,12.85,12.65,12.85, 0.00,"6,403",2303
105/04/18,"46,407,475","602,522,506",12.90,13.10,12.85,12.90,+0.05,"6,814",2303
105/04/19,"24,863,559","318,431,018",13.00,13.00,12.65,12.65,-0.25,"4,711",2303
105/04/20,"30,777,214","389,862,711",12.70,12.80,12.60,12.60,-0.05,"8,700",2303
105/04/21,"21,954,080","276,154,810",12.60,12.70,12.50,12.55,-0.05,"6,391",2303
105/04/22,"26,274,476","331,918,033",12.50,12.75,12.45,12.70,+0.15,"6,263",2303
105/04/25,"10,877,201","138,166,155",12.70,12.75,12.60,12.70, 0.00,"2,834",2303
105/04/26,"27,758,184","351,390,898",12.60,12.75,12.55,12.70, 0.00,"8,334",2303
105/04/27,"30,163,426","378,625,753",12.60,12.65,12.50,12.55,-0.15,"7,668",2303
105/04/28,"101,651,764","1,232,503,218",12.45,12.45,11.85,12.00,-0.55,"15,536",2303
105/04/29,"36,442,832","435,072,606",11.90,12.00,11.85,12.00, 0.00,"5,480",2303
105/05/03,"39,129,437","458,615,699",11.90,11.95,11.60,11.65,-0.35,"7,139",2303
105/05/04,"60,940,132","697,809,569",11.55,11.60,11.35,11.45,-0.20,"10,435",2303
105/05/05,"48,217,645","547,220,301",11.40,11.45,11.25,11.30,-0.15,"9,249",2303
105/05/06,"41,375,729","466,245,316",11.30,11.35,11.20,11.30, 0.00,"6,060",2303
105/05/09,"21,307,990","239,150,108",11.30,11.35,11.15,11.25,-0.05,"4,377",2303
105/05/10,"23,385,730","263,252,331",11.20,11.35,11.15,11.25, 0.00,"4,674",2303
105/05/11,"39,491,542","447,552,650",11.35,11.45,11.25,11.25, 0.00,"8,131",2303
105/05/12,"38,675,054","443,688,391",11.50,11.60,11.40,11.40,+0.15,"6,764",2303
105/05/13,"38,105,203","429,324,261",11.35,11.35,11.20,11.30,-0.10,"8,172",2303
105/05/16,"25,451,098","289,547,929",11.20,11.45,11.20,11.45,+0.15,"5,292",2303
105/05/17,"36,772,049","421,637,424",11.40,11.55,11.35,11.55,+0.10,"9,788",2303
105/05/18,"28,008,321","320,629,976",11.40,11.55,11.35,11.55, 0.00,"5,391",2303
105/05/19,"33,075,957","378,055,786",11.45,11.50,11.35,11.50,-0.05,"7,459",2303
105/05/20,"27,719,666","317,529,090",11.40,11.55,11.40,11.55,+0.05,"6,107",2303
105/05/23,"37,639,802","439,005,422",11.45,11.80,11.40,11.80,+0.25,"6,824",2303
105/05/24,"23,921,797","280,458,576",11.70,11.80,11.65,11.80, 0.00,"4,919",2303
105/05/25,"55,060,018","658,450,499",11.90,12.15,11.80,12.00,+0.20,"7,468",2303
105/05/26,"30,516,666","366,566,242",12.00,12.10,11.90,12.10,+0.10,"5,948",2303
105/05/27,"21,362,215","258,567,897",12.15,12.15,12.05,12.15,+0.05,"4,940",2303
105/05/30,"23,966,053","291,263,694",12.10,12.20,12.05,12.20,+0.05,"4,719",2303
105/05/31,"44,053,551","536,699,524",12.15,12.20,12.10,12.20, 0.00,"4,452",2303
105/06/01,"28,601,362","349,158,271",12.10,12.25,12.10,12.25,+0.05,"5,028",2303
105/06/02,"29,264,793","359,166,642",12.20,12.40,12.15,12.25, 0.00,"5,077",2303
105/06/03,"23,315,801","287,064,850",12.25,12.40,12.15,12.40,+0.15,"5,974",2303
105/06/04,"6,095,082","75,573,764",12.40,12.45,12.30,12.35,-0.05,"1,502",2303
105/06/06,"20,017,923","247,539,063",12.35,12.40,12.30,12.40,+0.05,"4,098",2303
105/06/07,"28,009,519","347,412,955",12.35,12.45,12.30,12.45,+0.05,"5,743",2303
105/06/08,"42,234,060","524,333,442",12.45,12.50,12.30,12.40,-0.05,"7,145",2303
105/06/13,"46,820,689","568,358,886",12.35,12.35,12.00,12.20,-0.20,"6,902",2303
105/06/14,"25,940,981","312,934,838",12.15,12.20,12.00,12.10,-0.10,"5,390",2303
105/06/15,"19,786,695","240,989,197",12.10,12.25,12.05,12.25,+0.15,"4,655",2303
105/06/16,"27,551,005","331,642,060",12.25,12.25,11.90,12.00,-0.25,"4,528",2303
105/06/17,"35,633,625","431,753,383",12.00,12.15,12.00,12.15,+0.15,"8,181",2303
105/06/20,"31,788,444","390,346,718",12.15,12.45,12.10,12.45,+0.30,"7,363",2303
105/06/21,"29,126,248","360,047,750",12.45,12.50,12.25,12.25,-0.20,"4,795",2303
105/06/22,"27,867,003","346,243,495",12.30,12.50,12.25,12.45,+0.20,"3,752",2303
105/06/23,"38,214,436","478,266,148",12.40,12.60,12.35,12.55,+0.10,"5,536",2303
105/06/24,"69,696,796","848,555,752",12.55,12.55,11.95,12.00,-0.55,"11,927",2303
105/06/27,"40,233,468","497,205,675",12.05,12.50,12.00,12.45,+0.45,"6,116",2303
105/06/28,"32,104,743","395,876,004",12.40,12.40,12.25,12.30,-0.15,"3,805",2303
105/06/29,"24,539,860","306,218,413",12.40,12.55,12.35,12.55,+0.25,"3,846",2303
105/06/30,"16,744,036","210,241,768",12.60,12.60,12.45,12.60,+0.05,"4,221",2303
105/07/01,"20,915,791","263,676,615",12.65,12.70,12.55,12.55,-0.05,"4,135",2303
105/07/04,"18,420,326","233,045,613",12.55,12.70,12.55,12.65,+0.10,"4,317",2303
105/07/05,"11,136,182","140,466,844",12.65,12.70,12.55,12.60,-0.05,"2,640",2303
105/07/06,"32,563,934","403,550,891",12.55,12.55,12.35,12.35,-0.25,"4,590",2303
105/07/07,"64,390,105","784,497,605",12.40,12.55,12.40,12.40,+0.05,"5,165",2303
105/07/11,"151,252,718","1,941,978,024",12.70,13.00,12.65,12.95,+0.55,"16,506",2303
105/07/12,"93,175,297","1,158,730,466",12.50,12.50,12.30,12.45,X0.00,"14,470",2303
105/07/13,"45,069,554","561,607,482",12.55,12.60,12.35,12.50,+0.05,"8,002",2303
105/07/14,"18,987,800","236,756,178",12.50,12.50,12.40,12.50, 0.00,"5,290",2303
105/07/15,"28,714,428","356,776,116",12.50,12.55,12.35,12.35,-0.15,"5,866",2303
105/07/18,"23,007,194","286,608,945",12.45,12.50,12.40,12.50,+0.15,"6,369",2303
105/07/19,"32,520,195","403,824,848",12.45,12.50,12.35,12.45,-0.05,"6,738",2303
105/07/20,"32,052,546","395,209,358",12.40,12.45,12.25,12.35,-0.10,"7,429",2303
105/07/21,"29,424,503","366,729,925",12.40,12.50,12.35,12.50,+0.15,"6,379",2303
105/07/22,"25,533,899","316,030,784",12.40,12.50,12.30,12.30,-0.20,"5,112",2303
105/07/25,"21,327,369","262,368,671",12.35,12.45,12.20,12.30, 0.00,"3,727",2303
105/07/26,"24,305,919","300,136,340",12.35,12.40,12.30,12.40,+0.10,"5,557",2303
105/07/27,"54,761,837","686,830,137",12.50,12.60,12.45,12.55,+0.15,"10,041",2303
105/07/28,"130,639,164","1,573,058,498",12.05,12.15,11.90,12.10,-0.45,"17,529",2303
105/07/29,"46,087,262","550,658,550",12.00,12.05,11.90,11.90,-0.20,"8,153",2303
105/08/01,"25,816,007","308,326,220",11.90,12.00,11.90,11.90, 0.00,"7,373",2303
105/08/02,"18,170,498","217,670,673",11.95,12.05,11.95,11.95,+0.05,"3,678",2303
105/08/03,"30,930,004","365,795,040",11.85,11.90,11.80,11.80,-0.15,"6,968",2303
105/08/04,"12,729,687","151,035,019",11.85,11.90,11.80,11.90,+0.10,"2,527",2303
105/08/05,"19,739,722","235,327,234",11.90,12.00,11.85,11.90, 0.00,"4,913",2303
105/08/08,"23,076,105","273,687,420",12.00,12.00,11.80,11.90, 0.00,"4,887",2303
105/08/09,"23,575,148","279,669,434",11.85,11.95,11.80,11.95,+0.05,"3,674",2303
105/08/10,"16,673,948","198,174,756",11.90,11.95,11.80,11.90,-0.05,"3,356",2303
105/08/11,"18,720,165","222,316,749",11.85,11.95,11.80,11.95,+0.05,"2,942",2303
105/08/12,"11,579,198","138,443,619",11.95,12.00,11.90,12.00,+0.05,"3,726",2303
105/08/15,"16,151,875","191,904,638",11.95,12.00,11.80,11.85,-0.15,"3,625",2303
105/08/16,"35,671,176","419,983,304",11.85,11.90,11.70,11.75,-0.10,"6,350",2303
105/08/17,"21,041,955","245,921,154",11.75,11.80,11.60,11.75, 0.00,"5,406",2303
105/08/18,"14,296,770","166,730,534",11.70,11.75,11.65,11.65,-0.10,"3,782",2303
105/08/19,"23,669,126","274,526,119",11.65,11.70,11.55,11.55,-0.10,"4,689",2303
105/08/22,"25,356,733","290,028,544",11.55,11.60,11.40,11.40,-0.15,"6,936",2303
105/08/23,"21,224,748","243,063,262",11.40,11.50,11.40,11.45,+0.05,"5,432",2303
105/08/24,"15,527,080","178,158,702",11.50,11.55,11.45,11.45, 0.00,"5,525",2303
105/08/25,"56,398,766","660,383,073",11.50,11.85,11.45,11.85,+0.40,"9,240",2303
105/08/26,"27,154,841","320,287,162",11.85,11.85,11.70,11.80,-0.05,"4,065",2303
105/08/29,"28,011,159","325,919,545",11.80,11.80,11.55,11.60,-0.20,"6,590",2303
105/08/30,"21,095,375","244,009,338",11.65,11.70,11.50,11.60, 0.00,"6,731",2303
105/08/31,"32,554,141","375,261,267",11.65,11.65,11.50,11.50,-0.10,"6,179",2303
105/09/01,"25,835,630","296,559,217",11.50,11.55,11.45,11.50, 0.00,"5,451",2303
105/09/02,"19,335,867","223,728,813",11.60,11.60,11.50,11.60,+0.10,"5,332",2303
105/09/05,"11,897,530","138,768,432",11.65,11.70,11.60,11.65,+0.05,"3,578",2303
105/09/06,"17,052,772","200,076,457",11.65,11.75,11.65,11.75,+0.10,"4,251",2303
105/09/07,"30,041,075","355,420,312",11.75,11.90,11.70,11.85,+0.10,"5,724",2303
105/09/08,"15,831,271","185,922,466",11.75,11.80,11.70,11.75,-0.10,"3,474",2303
105/09/09,"14,219,253","165,371,641",11.60,11.70,11.60,11.65,-0.10,"2,543",2303
105/09/10,"9,547,843","110,164,349",11.50,11.60,11.50,11.55,-0.10,"2,740",2303
105/09/12,"26,712,606","308,432,844",11.50,11.60,11.45,11.55, 0.00,"4,004",2303
105/09/13,"24,414,752","281,339,124",11.55,11.60,11.45,11.50,-0.05,"4,150",2303
105/09/14,"24,412,195","279,005,957",11.45,11.55,11.40,11.40,-0.10,"4,236",2303
105/09/19,"38,459,106","444,457,888",11.45,11.70,11.45,11.55,+0.15,"4,099",2303
105/09/20,"23,350,996","269,661,773",11.55,11.60,11.50,11.55, 0.00,"2,926",2303
105/09/21,"38,043,893","445,825,874",11.60,11.80,11.55,11.80,+0.25,"6,768",2303
105/09/22,"26,284,436","308,410,273",11.85,11.85,11.65,11.75,-0.05,"8,108",2303
105/09/23,"17,800,703","208,257,403",11.75,11.75,11.65,11.75, 0.00,"5,333",2303
105/09/26,"13,589,172","157,940,055",11.70,11.75,11.55,11.60,-0.15,"3,691",2303
105/09/29,"29,375,344","343,003,899",11.60,11.75,11.60,11.65,+0.05,"5,117",2303
105/09/30,"26,443,294","305,469,608",11.65,11.65,11.50,11.55,-0.10,"4,712",2303
105/10/03,"10,253,743","118,834,347",11.55,11.65,11.55,11.60,+0.05,"2,048",2303
105/10/04,"13,675,685","158,263,641",11.60,11.60,11.55,11.60, 0.00,"3,659",2303
105/10/05,"14,220,647","164,380,415",11.50,11.60,11.50,11.60, 0.00,"3,230",2303
105/10/06,"12,184,773","141,085,809",11.55,11.60,11.55,11.60, 0.00,"3,492",2303
105/10/07,"9,149,453","105,622,182",11.60,11.60,11.50,11.50,-0.10,"2,322",2303
105/10/11,"37,427,662","433,550,880",11.60,11.70,11.50,11.65,+0.15,"7,785",2303
105/10/12,"23,419,521","270,569,258",11.60,11.65,11.50,11.55,-0.10,"5,929",2303
105/10/13,"29,280,802","337,199,919",11.60,11.60,11.45,11.50,-0.05,"9,270",2303
105/10/14,"29,111,896","338,076,834",11.50,11.70,11.45,11.65,+0.15,"4,555",2303
105/10/17,"12,931,068","149,627,127",11.65,11.65,11.50,11.55,-0.10,"3,893",2303
105/10/18,"14,198,390","164,681,684",11.55,11.65,11.55,11.65,+0.10,"4,805",2303
105/10/19,"17,853,011","208,483,004",11.65,11.70,11.60,11.70,+0.05,"4,408",2303
105/10/20,"11,772,087","137,280,011",11.70,11.70,11.60,11.65,-0.05,"3,802",2303
105/10/21,"14,109,028","164,584,531",11.60,11.70,11.60,11.70,+0.05,"3,341",2303
105/10/24,"12,059,221","140,628,254",11.75,11.75,11.60,11.65,-0.05,"2,036",2303
105/10/25,"17,768,133","208,010,471",11.70,11.75,11.65,11.70,+0.05,"2,661",2303
105/10/26,"25,010,114","289,707,349",11.65,11.70,11.50,11.55,-0.15,"3,471",2303
105/10/27,"25,679,610","296,652,887",11.60,11.65,11.50,11.50,-0.05,"4,971",2303
105/10/28,"29,434,405","342,910,038",11.55,11.70,11.50,11.70,+0.20,"4,072",2303
105/10/31,"29,446,319","345,166,843",11.70,11.80,11.60,11.75,+0.05,"3,995",2303
105/11/01,"14,241,546","167,294,574",11.70,11.80,11.65,11.75, 0.00,"3,161",2303
105/11/02,"14,517,792","169,628,427",11.75,11.75,11.60,11.70,-0.05,"3,202",2303
105/11/03,"12,008,434","139,768,695",11.70,11.75,11.60,11.60,-0.10,"2,092",2303
105/11/04,"9,142,741","105,988,713",11.60,11.65,11.55,11.60, 0.00,"2,676",2303
105/11/07,"10,903,794","127,176,168",11.65,11.70,11.60,11.65,+0.05,"2,720",2303
105/11/08,"11,672,749","136,094,753",11.65,11.70,11.60,11.70,+0.05,"2,465",2303
105/11/09,"34,093,183","393,524,232",11.75,11.75,11.45,11.50,-0.20,"5,197",2303
105/11/10,"22,450,893","260,362,558",11.60,11.65,11.55,11.60,+0.10,"3,866",2303
105/11/11,"49,255,512","561,315,959",11.50,11.55,11.30,11.35,-0.25,"7,678",2303
105/11/14,"26,733,487","302,724,845",11.40,11.50,11.25,11.30,-0.05,"4,783",2303
105/11/15,"16,941,854","191,780,903",11.30,11.40,11.30,11.30, 0.00,"4,124",2303
105/11/16,"19,914,157","225,972,578",11.35,11.40,11.30,11.30, 0.00,"6,593",2303
105/11/17,"18,716,418","212,965,103",11.35,11.45,11.30,11.35,+0.05,"3,555",2303
105/11/18,"22,094,305","250,084,095",11.35,11.40,11.30,11.30,-0.05,"5,620",2303
105/11/21,"19,337,338","221,317,390",11.40,11.55,11.40,11.40,+0.10,"3,490",2303
105/11/22,"18,335,231","209,306,713",11.40,11.45,11.35,11.40, 0.00,"3,773",2303
105/11/23,"7,948,742","90,732,007",11.40,11.45,11.35,11.45,+0.05,"2,820",2303
105/11/24,"8,463,422","96,354,638",11.45,11.45,11.35,11.35,-0.10,"1,932",2303
105/11/25,"6,402,407","72,714,646",11.35,11.40,11.35,11.35, 0.00,"1,619",2303
105/11/28,"12,463,990","141,716,324",11.35,11.40,11.35,11.35, 0.00,"3,393",2303
105/11/29,"15,726,459","178,540,492",11.35,11.40,11.30,11.35, 0.00,"2,678",2303
105/11/30,"81,583,636","919,209,352",11.40,11.40,11.25,11.25,-0.10,"5,930",2303
105/12/01,"21,837,244","247,143,322",11.25,11.35,11.25,11.35,+0.10,"5,047",2303
105/12/02,"17,443,125","197,094,979",11.35,11.35,11.25,11.30,-0.05,"3,806",2303
105/12/05,"17,384,739","195,284,839",11.30,11.30,11.20,11.20,-0.10,"4,617",2303
105/12/06,"18,368,996","208,494,223",11.30,11.40,11.25,11.40,+0.20,"3,470",2303
105/12/07,"10,922,590","124,268,126",11.40,11.40,11.35,11.35,-0.05,"2,679",2303
105/12/08,"25,528,927","290,686,338",11.40,11.45,11.30,11.40,+0.05,"4,957",2303
105/12/09,"16,806,369","190,935,763",11.40,11.40,11.30,11.35,-0.05,"4,225",2303
105/12/12,"12,028,391","136,380,038",11.35,11.40,11.30,11.30,-0.05,"2,665",2303
105/12/13,"27,743,204","313,421,035",11.30,11.35,11.25,11.30, 0.00,"5,584",2303
105/12/14,"26,752,477","301,049,991",11.30,11.35,11.20,11.20,-0.10,"6,636",2303
105/12/15,"17,368,587","196,243,062",11.25,11.35,11.25,11.30,+0.10,"3,673",2303
105/12/16,"16,320,909","184,817,837",11.35,11.40,11.30,11.30, 0.00,"2,619",2303
105/12/19,"9,135,835","103,381,636",11.35,11.35,11.30,11.30, 0.00,"2,050",2303
105/12/20,"17,830,657","201,428,099",11.30,11.35,11.25,11.30, 0.00,"2,816",2303
105/12/21,"17,516,859","196,777,034",11.30,11.35,11.30,11.30, 0.00,"2,907",2303
105/12/22,"14,071,770","159,272,945",11.30,11.35,11.30,11.30, 0.00,"2,924",2303
105/12/23,"18,976,080","215,080,666",11.35,11.40,11.30,11.30, 0.00,"3,822",2303
105/12/26,"6,978,626","78,943,652",11.30,11.35,11.30,11.30, 0.00,"1,855",2303
105/12/27,"6,275,194","70,993,255",11.35,11.35,11.30,11.30, 0.00,"1,554",2303
105/12/28,"10,043,870","113,849,086",11.35,11.40,11.30,11.35,+0.05,"1,847",2303
105/12/29,"13,316,069","150,974,585",11.30,11.40,11.30,11.30,-0.05,"2,322",2303
105/12/30,"13,585,513","154,536,507",11.30,11.40,11.30,11.40,+0.10,"2,425",2303
106/01/03,"10,177,659","115,653,736",11.40,11.40,11.30,11.40, 0.00,"1,753",2303
106/01/04,"11,119,880","126,388,748",11.40,11.40,11.35,11.35,-0.05,"2,773",2303
106/01/05,"20,844,127","237,518,324",11.35,11.45,11.30,11.40,+0.05,"4,089",2303
106/01/06,"37,951,970","437,951,865",11.40,11.65,11.40,11.60,+0.20,"7,806",2303
106/01/09,"30,051,835","350,356,384",11.60,11.75,11.55,11.60, 0.00,"5,869",2303
106/01/10,"19,440,600","225,608,115",11.60,11.65,11.55,11.65,+0.05,"4,926",2303
106/01/11,"13,494,630","157,026,404",11.65,11.70,11.60,11.65, 0.00,"3,560",2303
106/01/12,"27,694,259","325,312,266",11.70,11.80,11.65,11.80,+0.15,"6,973",2303
106/01/13,"22,218,632","261,001,574",11.75,11.80,11.65,11.80, 0.00,"4,435",2303
106/01/16,"9,080,935","106,088,799",11.70,11.75,11.65,11.65,-0.15,"3,262",2303
106/01/17,"9,470,932","110,908,048",11.60,11.75,11.60,11.65, 0.00,"2,189",2303
106/01/18,"15,844,646","184,694,602",11.65,11.70,11.60,11.65, 0.00,"5,906",2303
106/01/19,"14,998,863","174,512,420",11.65,11.70,11.60,11.60,-0.05,"3,371",2303
106/01/20,"13,888,521","161,361,264",11.60,11.70,11.55,11.60, 0.00,"2,490",2303
106/01/23,"23,688,080","274,812,285",11.60,11.65,11.55,11.55,-0.05,"4,727",2303
106/01/24,"45,636,172","520,728,333",11.45,11.50,11.35,11.35,-0.20,"8,091",2303
106/02/02,"50,885,759","580,295,861",11.50,11.55,11.30,11.30,-0.05,"7,793",2303
106/02/03,"32,233,669","366,069,372",11.35,11.40,11.30,11.40,+0.10,"6,846",2303
106/02/06,"30,150,749","344,126,156",11.40,11.50,11.35,11.45,+0.05,"5,270",2303
106/02/07,"30,242,367","347,691,398",11.40,11.55,11.40,11.50,+0.05,"4,520",2303
106/02/08,"27,217,415","312,217,439",11.50,11.55,11.40,11.45,-0.05,"7,274",2303
106/02/09,"22,546,813","259,307,824",11.50,11.55,11.45,11.50,+0.05,"6,533",2303
106/02/10,"31,536,067","364,895,152",11.55,11.60,11.50,11.60,+0.10,"6,079",2303
106/02/13,"22,519,589","262,293,181",11.60,11.70,11.55,11.70,+0.10,"6,136",2303
106/02/14,"20,660,859","241,319,181",11.70,11.75,11.65,11.70, 0.00,"5,328",2303
106/02/15,"29,867,620","349,265,116",11.70,11.75,11.60,11.75,+0.05,"6,315",2303
106/02/16,"43,941,928","519,107,797",11.80,11.90,11.70,11.80,+0.05,"7,078",2303
106/02/17,"14,992,110","176,267,749",11.80,11.80,11.70,11.75,-0.05,"3,702",2303
106/02/18,"5,656,628","66,517,517",11.75,11.80,11.70,11.75, 0.00,"1,633",2303
106/02/20,"11,660,531","136,994,627",11.75,11.80,11.70,11.75, 0.00,"2,191",2303
106/02/21,"9,529,283","111,810,308",11.75,11.75,11.70,11.75, 0.00,"2,578",2303
106/02/22,"32,022,411","372,135,542",11.75,11.80,11.55,11.55,-0.20,"5,622",2303
106/02/23,"22,240,845","260,794,997",11.65,11.80,11.65,11.75,+0.20,"5,325",2303
106/02/24,"318,123,184","3,951,227,421",11.85,12.85,11.80,12.75,+1.00,"38,384",2303
106/03/01,"154,601,750","1,953,823,457",12.75,12.85,12.40,12.40,-0.35,"20,581",2303
106/03/02,"67,103,993","831,912,080",12.60,12.65,12.25,12.30,-0.10,"13,347",2303
106/03/03,"51,288,277","626,388,205",12.30,12.40,12.15,12.15,-0.15,"9,211",2303
106/03/06,"32,723,202","397,031,372",12.15,12.20,12.10,12.10,-0.05,"6,618",2303
106/03/07,"88,804,689","1,105,891,680",12.15,12.65,12.15,12.45,+0.35,"13,189",2303
106/03/08,"31,666,710","389,796,042",12.40,12.45,12.25,12.25,-0.20,"6,338",2303
106/03/09,"44,677,224","542,430,353",12.25,12.30,12.10,12.10,-0.15,"8,930",2303
106/03/10,"24,266,633","294,099,649",12.15,12.20,12.05,12.10, 0.00,"5,203",2303
106/03/13,"12,214,816","148,607,380",12.20,12.25,12.10,12.20,+0.10,"2,980",2303
106/03/14,"19,702,896","240,125,608",12.20,12.25,12.10,12.20, 0.00,"3,832",2303
106/03/15,"21,710,209","265,621,593",12.20,12.30,12.15,12.25,+0.05,"4,434",2303
106/03/16,"49,115,182","608,264,276",12.35,12.45,12.30,12.40,+0.15,"10,274",2303
106/03/17,"33,157,142","410,614,963",12.40,12.45,12.30,12.40, 0.00,"4,663",2303
106/03/20,"17,498,632","215,234,141",12.35,12.35,12.25,12.30,-0.10,"4,837",2303
106/03/21,"23,642,170","290,377,882",12.35,12.35,12.25,12.30, 0.00,"6,618",2303
106/03/22,"31,031,710","378,177,572",12.20,12.25,12.15,12.20,-0.10,"6,271",2303
106/03/23,"44,714,244","551,333,181",12.20,12.45,12.20,12.40,+0.20,"7,028",2303
106/03/24,"26,257,871","323,631,397",12.40,12.45,12.25,12.25,-0.15,"4,429",2303
106/03/27,"24,519,678","301,385,540",12.25,12.40,12.20,12.25, 0.00,"3,928",2303
106/03/28,"49,243,871","598,884,160",12.25,12.30,12.05,12.10,-0.15,"7,522",2303
106/03/29,"25,865,008","313,119,806",12.15,12.20,12.05,12.10, 0.00,"4,877",2303
106/03/30,"21,407,965","261,282,533",12.15,12.30,12.10,12.20,+0.10,"4,239",2303
106/03/31,"31,810,599","387,402,585",12.15,12.20,12.10,12.20, 0.00,"4,049",2303
106/04/05,"39,627,527","484,333,495",12.20,12.30,12.15,12.25,+0.05,"7,064",2303
106/04/06,"17,529,590","213,415,522",12.20,12.25,12.10,12.20,-0.05,"2,634",2303
106/04/07,"22,756,138","275,681,209",12.15,12.20,12.05,12.15,-0.05,"3,381",2303
106/04/10,"17,390,008","211,719,132",12.15,12.25,12.10,12.15, 0.00,"2,588",2303
106/04/11,"16,374,674","198,659,390",12.10,12.20,12.10,12.15, 0.00,"2,903",2303
106/04/12,"27,865,089","335,763,418",12.10,12.15,12.00,12.00,-0.15,"5,815",2303
106/04/13,"22,564,625","272,584,469",12.05,12.15,12.00,12.10,+0.10,"4,093",2303
106/04/14,"19,467,318","234,198,116",12.10,12.10,12.00,12.00,-0.10,"4,027",2303
106/04/17,"16,948,297","203,420,737",12.00,12.05,11.95,12.05,+0.05,"3,254",2303
106/04/18,"38,367,190","466,607,644",12.05,12.30,12.00,12.10,+0.05,"5,002",2303
106/04/19,"29,690,081","355,911,405",12.05,12.10,11.90,11.95,-0.15,"5,316",2303
106/04/20,"23,794,289","283,253,585",11.90,11.95,11.85,11.85,-0.10,"7,728",2303
106/04/21,"23,892,277","284,738,284",11.90,11.95,11.85,11.90,+0.05,"4,099",2303
106/04/24,"18,824,587","224,220,959",11.90,11.95,11.85,11.90, 0.00,"3,809",2303
106/04/25,"24,368,284","291,655,382",11.90,12.05,11.85,12.00,+0.10,"6,254",2303
106/04/26,"23,540,318","283,281,266",12.00,12.10,11.95,12.10,+0.10,"4,110",2303
106/04/27,"29,987,710","362,326,657",12.05,12.15,12.00,12.10, 0.00,"5,158",2303
106/04/28,"31,481,413","379,567,921",12.10,12.10,12.00,12.05,-0.05,"3,946",2303
106/05/02,"22,698,433","274,273,896",12.10,12.15,12.05,12.05, 0.00,"5,057",2303
106/05/03,"33,865,767","410,142,354",12.05,12.20,12.00,12.05, 0.00,"3,609",2303
106/05/04,"18,642,420","226,168,297",12.15,12.20,12.05,12.20,+0.15,"4,111",2303
106/05/05,"23,465,099","286,031,653",12.25,12.25,12.10,12.10,-0.10,"3,073",2303
106/05/08,"25,166,115","307,023,121",12.20,12.25,12.15,12.20,+0.10,"3,287",2303
106/05/09,"18,943,402","230,609,373",12.25,12.30,12.10,12.10,-0.10,"3,082",2303
106/05/10,"35,670,134","436,581,355",12.20,12.30,12.15,12.25,+0.15,"4,989",2303
106/05/11,"22,797,700","279,143,887",12.30,12.30,12.20,12.20,-0.05,"3,260",2303
106/05/12,"23,892,657","292,746,799",12.25,12.30,12.20,12.30,+0.10,"3,456",2303
106/05/15,"14,180,453","173,678,013",12.30,12.30,12.20,12.25,-0.05,"3,030",2303
106/05/16,"17,113,479","208,533,823",12.25,12.25,12.15,12.15,-0.10,"3,806",2303
106/05/17,"25,439,501","310,137,623",12.20,12.25,12.10,12.20,+0.05,"5,121",2303
106/05/18,"16,623,220","202,207,029",12.10,12.25,12.05,12.25,+0.05,"3,611",2303
106/05/19,"18,679,113","228,667,066",12.25,12.30,12.15,12.20,-0.05,"3,165",2303
106/05/22,"12,869,551","157,742,854",12.25,12.30,12.20,12.25,+0.05,"2,889",2303
106/05/23,"30,403,679","374,723,818",12.25,12.35,12.25,12.35,+0.10,"5,998",2303
106/05/24,"23,896,614","295,456,394",12.35,12.45,12.30,12.35, 0.00,"4,836",2303
106/05/25,"20,872,925","258,892,069",12.35,12.45,12.35,12.40,+0.05,"4,787",2303
106/05/26,"16,680,361","206,696,757",12.40,12.45,12.30,12.45,+0.05,"3,230",2303
106/05/31,"31,518,697","392,107,532",12.50,12.55,12.35,12.45, 0.00,"4,122",2303
106/06/01,"16,729,135","208,114,980",12.45,12.50,12.40,12.40,-0.05,"3,977",2303
106/06/02,"15,861,954","196,955,610",12.45,12.50,12.35,12.40, 0.00,"3,219",2303
106/06/03,"5,733,226","71,028,288",12.45,12.45,12.35,12.40, 0.00,"1,191",2303
106/06/05,"19,833,089","245,208,568",12.35,12.45,12.30,12.45,+0.05,"4,962",2303
106/06/06,"11,596,394","144,016,888",12.45,12.45,12.35,12.45, 0.00,"3,130",2303
106/06/07,"17,606,298","218,826,583",12.45,12.50,12.40,12.45, 0.00,"3,647",2303
106/06/08,"17,652,975","218,644,368",12.35,12.45,12.35,12.35,-0.10,"3,307",2303
106/06/09,"23,368,819","287,610,237",12.35,12.45,12.25,12.25,-0.10,"4,353",2303
106/06/12,"18,811,106","229,175,221",12.20,12.25,12.15,12.15,-0.10,"3,185",2303
106/06/13,"18,400,605","223,813,741",12.20,12.25,12.10,12.20,+0.05,"2,520",2303
106/06/14,"23,818,919","288,953,218",12.25,12.25,12.00,12.15,-0.05,"3,083",2303
106/06/15,"15,676,557","190,369,329",12.10,12.20,12.10,12.20,+0.05,"1,848",2303
106/06/16,"22,341,292","272,573,185",12.20,12.25,12.15,12.20, 0.00,"1,917",2303
106/06/19,"17,387,303","212,203,680",12.20,12.25,12.15,12.25,+0.05,"2,005",2303
106/06/20,"10,463,389","128,437,550",12.25,12.30,12.20,12.30,+0.05,"1,539",2303
106/06/21,"74,633,765","928,203,057",12.25,12.55,12.20,12.40,+0.10,"9,640",2303
106/06/22,"18,503,737","229,157,614",12.45,12.50,12.30,12.40, 0.00,"2,624",2303
106/06/23,"176,325,380","2,247,003,355",12.45,12.95,12.40,12.80,+0.40,"19,279",2303
106/06/26,"190,887,981","2,512,648,233",12.85,13.45,12.85,13.30,+0.50,"25,223",2303
106/06/27,"105,334,918","1,404,436,013",13.40,13.60,13.15,13.15,-0.15,"15,388",2303
106/06/28,"517,994,402","7,296,361,412",13.50,14.45,13.50,14.45,+1.30,"51,541",2303
106/06/29,"439,590,004","6,580,109,043",15.10,15.25,14.70,14.75,+0.30,"48,672",2303
106/06/30,"225,871,784","3,310,403,834",14.55,14.80,14.50,14.75, 0.00,"26,603",2303
106/07/03,"150,889,143","2,187,918,756",14.80,14.85,14.35,14.40,-0.35,"18,550",2303
106/07/04,"99,895,782","1,433,995,920",14.45,14.60,14.20,14.20,-0.20,"13,754",2303
106/07/05,"116,244,849","1,669,768,116",14.30,14.45,14.25,14.40,+0.20,"14,253",2303
106/07/06,"66,013,899","946,578,398",14.45,14.45,14.25,14.45,+0.05,"9,585",2303
106/07/07,"78,876,471","1,131,630,113",14.40,14.45,14.30,14.35,-0.10,"9,635",2303
106/07/10,"136,523,011","1,954,200,143",14.45,14.50,14.25,14.30,-0.05,"12,596",2303
106/07/11,"96,298,119","1,342,467,266",13.80,14.10,13.75,14.10,X0.00,"11,709",2303
106/07/12,"73,168,955","1,037,726,200",14.15,14.25,14.10,14.20,+0.10,"10,595",2303
106/07/13,"217,680,825","3,177,357,713",14.35,14.90,14.25,14.85,+0.65,"22,866",2303
106/07/14,"85,412,974","1,252,386,480",14.90,14.90,14.55,14.55,-0.30,"10,486",2303
106/07/17,"46,586,300","676,027,847",14.70,14.70,14.35,14.45,-0.10,"5,713",2303
106/07/18,"39,035,312","562,442,573",14.40,14.45,14.35,14.45, 0.00,"5,218",2303
106/07/19,"110,697,697","1,629,752,491",14.55,14.95,14.50,14.80,+0.35,"14,498",2303
106/07/20,"153,001,816","2,308,028,940",15.00,15.25,14.90,15.05,+0.25,"17,810",2303
106/07/21,"65,438,964","967,805,437",15.05,15.10,14.65,14.75,-0.30,"12,220",2303
106/07/24,"50,249,816","738,714,522",14.80,14.85,14.65,14.80,+0.05,"7,906",2303
106/07/25,"43,400,186","644,302,734",14.90,14.95,14.75,14.90,+0.10,"9,800",2303
106/07/26,"208,085,739","3,193,811,731",15.20,15.45,15.10,15.40,+0.50,"24,185",2303
106/07/27,"299,439,940","4,259,115,242",14.20,14.50,14.00,14.25,-1.15,"33,674",2303
106/07/28,"129,135,905","1,807,650,078",14.10,14.20,13.85,13.90,-0.35,"17,241",2303
106/07/31,"77,484,501","1,076,467,200",13.90,14.05,13.80,13.90, 0.00,"9,271",2303
106/08/01,"57,761,263","792,183,608",13.85,13.90,13.65,13.65,-0.25,"9,385",2303
106/08/02,"55,716,800","764,693,058",13.70,13.85,13.60,13.65, 0.00,"7,750",2303
106/08/03,"58,963,338","796,977,463",13.55,13.60,13.40,13.40,-0.25,"8,075",2303
106/08/04,"109,015,158","1,494,056,996",13.40,13.85,13.40,13.85,+0.45,"11,560",2303
106/08/07,"52,277,056","725,316,180",13.85,13.95,13.75,13.90,+0.05,"6,194",2303
106/08/08,"50,427,908","706,585,714",14.05,14.10,13.90,14.00,+0.10,"6,777",2303
106/08/09,"40,279,958","562,186,590",14.00,14.00,13.90,13.90,-0.10,"5,645",2303
106/08/10,"124,671,553","1,751,987,701",13.95,14.20,13.90,14.00,+0.10,"11,319",2303
106/08/11,"81,554,378","1,137,538,742",13.80,14.10,13.80,14.05,+0.05,"7,162",2303
106/08/14,"45,665,422","641,444,358",14.15,14.15,13.95,14.05, 0.00,"6,887",2303
106/08/15,"64,115,153","898,515,492",14.15,14.15,13.90,14.10,+0.05,"6,399",2303
106/08/16,"44,862,959","630,516,576",14.00,14.15,14.00,14.05,-0.05,"8,483",2303
106/08/17,"30,038,969","424,349,778",14.10,14.20,14.05,14.15,+0.10,"5,528",2303
106/08/18,"22,984,930","323,189,852",14.00,14.10,14.00,14.10,-0.05,"3,914",2303
106/08/21,"39,046,753","553,482,586",14.10,14.30,14.05,14.15,+0.05,"4,680",2303
106/08/22,"29,141,494","414,451,988",14.30,14.30,14.15,14.30,+0.15,"4,117",2303
106/08/23,"30,575,803","436,961,980",14.40,14.40,14.15,14.20,-0.10,"6,178",2303
106/08/24,"149,395,945","2,203,400,968",14.35,15.00,14.30,14.95,+0.75,"21,142",2303
106/08/25,"61,559,121","916,810,562",15.00,15.00,14.70,14.90,-0.05,"10,494",2303
106/08/28,"50,027,240","750,984,967",15.00,15.15,14.90,14.90, 0.00,"7,800",2303
106/08/29,"43,363,946","648,539,851",15.00,15.10,14.80,14.90, 0.00,"7,669",2303
106/08/30,"37,189,931","553,139,286",15.00,15.05,14.70,14.85,-0.05,"6,242",2303
106/08/31,"141,684,222","2,149,932,380",14.95,15.35,14.90,15.05,+0.20,"17,160",2303
106/09/01,"373,330,587","5,925,599,115",15.30,16.50,15.15,16.05,+1.00,"47,466",2303
106/09/04,"220,970,070","3,631,116,051",16.15,16.75,16.10,16.50,+0.45,"29,048",2303
106/09/05,"111,389,304","1,819,562,339",16.40,16.50,16.15,16.50, 0.00,"14,622",2303
106/09/06,"111,772,739","1,806,641,324",16.30,16.40,15.95,16.05,-0.45,"16,350",2303
106/09/07,"208,678,181","3,431,345,634",16.05,16.80,16.05,16.30,+0.25,"24,803",2303
106/09/08,"67,429,505","1,099,952,713",16.40,16.50,16.20,16.25,-0.05,"9,252",2303
106/09/11,"39,683,117","640,593,872",16.25,16.40,16.05,16.05,-0.20,"6,570",2303
106/09/12,"68,864,374","1,098,456,588",16.10,16.20,15.80,15.90,-0.15,"9,438",2303
106/09/13,"49,706,351","786,799,482",15.95,16.10,15.70,15.70,-0.20,"6,882",2303
106/09/14,"55,352,030","880,585,118",15.80,16.10,15.60,15.90,+0.20,"8,947",2303
106/09/15,"66,947,676","1,045,927,003",15.90,15.90,15.55,15.55,-0.35,"8,341",2303
106/09/18,"50,776,923","805,567,704",15.65,16.00,15.60,15.90,+0.35,"6,602",2303
106/09/19,"64,293,078","1,027,739,185",16.05,16.20,15.85,16.00,+0.10,"8,617",2303
106/09/20,"38,000,508","596,657,103",16.00,16.00,15.55,15.65,-0.35,"7,186",2303
106/09/21,"44,092,594","694,184,885",15.65,15.90,15.60,15.85,+0.20,"7,621",2303
106/09/22,"38,645,339","602,898,469",15.85,15.90,15.40,15.50,-0.35,"7,670",2303
106/09/25,"42,904,781","657,226,766",15.55,15.65,15.15,15.20,-0.30,"6,327",2303
106/09/26,"39,562,677","605,430,091",15.15,15.50,15.10,15.25,+0.05,"7,726",2303
106/09/27,"30,568,758","468,533,192",15.30,15.45,15.25,15.25, 0.00,"4,428",2303
106/09/28,"31,420,155","482,947,361",15.45,15.50,15.25,15.45,+0.20,"5,821",2303
106/09/29,"50,910,398","773,199,959",15.45,15.45,15.10,15.15,-0.30,"6,646",2303
106/09/30,"17,333,980","261,571,850",15.15,15.30,14.95,15.00,-0.15,"5,136",2303
106/10/02,"20,672,955","312,780,423",15.10,15.25,15.05,15.15,+0.15,"7,540",2303
106/10/03,"121,011,084","1,918,543,188",15.30,16.10,15.25,15.80,+0.65,"20,039",2303
106/10/05,"48,563,114","767,031,377",15.90,16.00,15.65,15.70,-0.10,"12,598",2303
106/10/06,"38,165,950","594,586,940",15.70,15.80,15.50,15.55,-0.15,"9,645",2303
106/10/11,"71,759,212","1,137,739,556",15.70,16.10,15.65,15.80,+0.25,"13,793",2303
106/10/12,"43,136,440","687,414,742",15.95,16.10,15.85,15.90,+0.10,"7,160",2303
106/10/13,"70,840,411","1,135,209,516",15.90,16.15,15.85,15.95,+0.05,"10,372",2303
106/10/16,"42,692,972","681,751,109",16.00,16.05,15.90,15.95, 0.00,"6,265",2303
106/10/17,"24,207,299","384,824,935",16.00,16.00,15.85,15.90,-0.05,"5,164",2303
106/10/18,"33,201,648","530,653,578",16.00,16.15,15.90,15.95,+0.05,"6,372",2303
106/10/19,"50,698,643","803,305,658",16.00,16.10,15.65,15.65,-0.30,"7,251",2303
106/10/20,"43,608,989","676,965,391",15.60,15.65,15.40,15.55,-0.10,"8,502",2303
106/10/23,"31,161,517","488,799,358",15.70,15.85,15.55,15.60,+0.05,"4,079",2303
106/10/24,"18,592,033","289,221,065",15.65,15.70,15.50,15.55,-0.05,"6,330",2303
106/10/25,"22,519,255","350,028,500",15.65,15.70,15.45,15.50,-0.05,"4,188",2303
106/10/26,"86,021,724","1,321,013,874",15.30,15.60,15.05,15.55,+0.05,"10,111",2303
106/10/27,"33,936,230","525,570,786",15.55,15.65,15.40,15.45,-0.10,"5,856",2303
106/10/30,"49,192,225","774,137,860",15.55,15.85,15.55,15.80,+0.35,"8,033",2303
106/10/31,"57,658,819","902,294,098",15.80,15.85,15.50,15.50,-0.30,"5,477",2303
106/11/01,"27,554,532","428,681,699",15.65,15.70,15.50,15.50, 0.00,"5,246",2303
106/11/02,"23,476,932","363,619,543",15.55,15.60,15.45,15.50, 0.00,"5,674",2303
106/11/03,"21,385,155","331,853,818",15.60,15.60,15.45,15.45,-0.05,"4,244",2303
106/11/06,"46,148,007","706,575,078",15.45,15.50,15.20,15.25,-0.20,"8,862",2303
106/11/07,"17,279,082","265,251,481",15.30,15.40,15.25,15.40,+0.15,"3,776",2303
106/11/08,"12,630,656","193,705,684",15.40,15.40,15.30,15.35,-0.05,"2,754",2303
106/11/09,"93,048,809","1,465,847,324",15.45,15.95,15.40,15.70,+0.35,"12,132",2303
106/11/10,"37,575,315","593,750,647",15.70,15.90,15.60,15.85,+0.15,"5,721",2303
106/11/13,"38,438,911","603,796,171",15.80,15.80,15.60,15.65,-0.20,"4,579",2303
106/11/14,"39,630,470","623,836,534",15.70,15.85,15.60,15.75,+0.10,"4,570",2303
106/11/15,"38,238,841","596,488,247",15.70,15.75,15.50,15.60,-0.15,"6,845",2303
106/11/16,"35,151,125","549,161,696",15.60,15.75,15.50,15.60, 0.00,"6,207",2303
106/11/17,"33,105,595","518,874,744",15.70,15.80,15.60,15.65,+0.05,"3,604",2303
106/11/20,"49,301,271","783,043,066",15.65,16.00,15.65,15.90,+0.25,"8,015",2303
106/11/21,"88,638,640","1,427,404,479",15.90,16.35,15.85,16.15,+0.25,"15,453",2303
106/11/22,"77,239,120","1,252,158,873",16.25,16.35,16.10,16.10,-0.05,"13,778",2303
106/11/23,"51,589,593","826,031,264",16.10,16.15,15.90,15.95,-0.15,"7,572",2303
106/11/24,"47,073,090","753,319,094",16.00,16.10,15.95,15.95, 0.00,"5,154",2303
106/11/27,"29,931,575","474,298,712",16.00,16.05,15.70,15.80,-0.15,"4,509",2303
106/11/28,"22,794,894","360,314,781",15.90,15.95,15.70,15.85,+0.05,"4,273",2303
106/11/29,"31,143,394","489,009,402",15.90,15.95,15.60,15.70,-0.15,"6,785",2303
106/11/30,"76,813,735","1,180,125,023",15.50,15.60,15.30,15.30,-0.40,"7,474",2303
106/12/01,"38,098,822","584,152,696",15.40,15.55,15.10,15.35,+0.05,"8,661",2303
106/12/04,"29,442,712","459,454,547",15.45,15.70,15.35,15.70,+0.35,"5,986",2303
106/12/05,"24,366,444","378,334,009",15.65,15.65,15.45,15.55,-0.15,"5,659",2303
106/12/06,"54,783,345","829,686,025",15.45,15.50,14.90,15.00,-0.55,"9,043",2303
106/12/07,"57,685,398","854,466,921",15.05,15.25,14.55,14.65,-0.35,"8,610",2303
106/12/08,"36,748,999","539,668,484",14.80,14.85,14.55,14.65, 0.00,"8,278",2303
106/12/11,"33,189,554","499,179,457",14.85,15.15,14.80,15.15,+0.50,"6,234",2303
106/12/12,"19,606,261","293,147,793",15.15,15.15,14.85,14.95,-0.20,"3,913",2303
106/12/13,"11,375,969","168,879,346",14.90,14.95,14.80,14.80,-0.15,"2,548",2303
106/12/14,"41,188,298","618,970,314",14.90,15.15,14.85,14.90,+0.10,"6,329",2303
106/12/15,"38,377,016","563,968,528",14.85,14.90,14.65,14.65,-0.25,"6,299",2303
106/12/18,"27,103,191","395,710,832",14.75,14.80,14.50,14.50,-0.15,"4,862",2303
106/12/19,"26,186,677","382,506,163",14.60,14.75,14.55,14.55,+0.05,"3,672",2303
106/12/20,"17,598,605","256,649,215",14.55,14.70,14.50,14.60,+0.05,"3,856",2303
106/12/21,"34,815,083","505,957,142",14.60,14.70,14.40,14.45,-0.15,"4,437",2303
106/12/22,"32,325,564","465,021,535",14.50,14.50,14.30,14.40,-0.05,"4,160",2303
106/12/25,"8,019,253","115,854,903",14.45,14.50,14.40,14.45,+0.05,"2,102",2303
106/12/26,"29,369,690","415,880,691",14.45,14.50,14.05,14.05,-0.40,"4,834",2303
106/12/27,"16,454,806","233,408,502",14.10,14.25,14.10,14.20,+0.15,"4,002",2303
106/12/28,"20,198,244","288,623,492",14.20,14.40,14.15,14.30,+0.10,"2,976",2303
106/12/29,"33,797,830","481,281,801",14.30,14.45,14.15,14.20,-0.10,"3,547",2303
107/01/02,"16,608,150","236,518,771",14.20,14.30,14.15,14.25,+0.05,"3,318",2303
107/01/03,"56,967,186","825,515,154",14.40,14.60,14.35,14.40,+0.15,"8,924",2303
107/01/04,"32,656,466","467,537,204",14.40,14.50,14.25,14.35,-0.05,"8,872",2303
107/01/05,"41,523,319","601,312,825",14.40,14.55,14.35,14.55,+0.20,"5,121",2303
107/01/08,"49,586,538","726,422,040",14.55,14.70,14.45,14.70,+0.15,"8,480",2303
107/01/09,"27,627,671","405,089,588",14.65,14.75,14.55,14.75,+0.05,"5,113",2303
107/01/10,"55,622,915","796,798,187",14.65,14.70,14.10,14.20,-0.55,"10,158",2303
107/01/11,"51,795,611","728,106,044",14.15,14.20,13.90,14.00,-0.20,"9,104",2303
107/01/12,"51,589,480","732,299,836",14.05,14.30,14.00,14.20,+0.20,"5,529",2303
107/01/15,"21,464,684","306,084,593",14.25,14.35,14.20,14.30,+0.10,"2,560",2303
107/01/16,"26,699,657","380,093,948",14.30,14.30,14.15,14.30, 0.00,"3,669",2303
107/01/17,"26,465,563","378,020,534",14.20,14.35,14.15,14.30, 0.00,"6,466",2303
107/01/18,"40,184,881","576,582,880",14.30,14.40,14.30,14.30, 0.00,"6,872",2303
107/01/19,"33,002,588","467,609,556",14.35,14.35,14.05,14.20,-0.10,"4,969",2303
107/01/22,"79,063,371","1,111,239,674",14.15,14.25,13.95,14.00,-0.20,"8,644",2303
107/01/23,"149,322,801","2,158,202,655",14.10,14.85,14.05,14.60,+0.60,"19,585",2303
107/01/24,"69,620,583","1,002,047,593",14.50,14.60,14.30,14.40,-0.20,"10,606",2303
107/01/25,"162,032,761","2,393,378,021",14.60,15.10,14.50,14.50,+0.10,"21,184",2303
107/01/26,"75,870,231","1,101,431,999",14.60,14.65,14.35,14.60,+0.10,"11,597",2303
107/01/29,"60,472,966","885,474,762",14.75,14.85,14.45,14.55,-0.05,"11,216",2303
107/01/30,"33,310,846","483,189,327",14.55,14.65,14.40,14.45,-0.10,"4,638",2303
107/01/31,"75,685,233","1,080,158,222",14.40,14.40,14.20,14.25,-0.20,"6,692",2303
107/02/01,"37,161,440","536,344,695",14.25,14.55,14.25,14.40,+0.15,"10,899",2303
107/02/02,"54,740,128","792,908,122",14.35,14.60,14.30,14.55,+0.15,"5,476",2303
107/02/05,"37,215,724","535,108,945",14.20,14.50,14.20,14.40,-0.15,"6,701",2303
107/02/06,"110,514,393","1,542,841,252",14.10,14.20,13.75,13.95,-0.45,"14,198",2303
107/02/07,"54,288,824","770,592,036",14.15,14.30,14.10,14.20,+0.25,"7,210",2303
107/02/08,"36,045,599","511,132,782",14.10,14.25,14.10,14.15,-0.05,"4,998",2303
107/02/09,"82,496,338","1,149,920,710",13.95,14.20,13.75,14.05,-0.10,"9,077",2303
107/02/12,"50,923,978","709,927,096",14.05,14.15,13.85,13.85,-0.20,"6,067",2303
107/02/21,"117,876,851","1,651,648,911",14.05,14.15,13.95,14.10,+0.25,"9,692",2303
107/02/22,"190,247,329","2,658,363,601",14.00,14.05,13.90,13.95,-0.15,"4,663",2303
107/02/23,"26,398,680","372,083,841",14.00,14.15,14.00,14.15,+0.20,"5,736",2303
107/02/26,"19,235,326","272,623,531",14.20,14.25,14.10,14.10,-0.05,"4,504",2303
107/02/27,"25,142,905","356,333,956",14.15,14.25,14.15,14.15,+0.05,"4,140",2303
107/03/01,"31,311,735","438,227,840",14.10,14.10,13.95,14.00,-0.15,"6,036",2303
107/03/02,"24,219,882","337,116,848",13.90,14.00,13.85,14.00, 0.00,"4,408",2303
107/03/05,"18,923,532","263,515,010",14.00,14.05,13.85,13.90,-0.10,"3,350",2303
107/03/06,"38,196,016","539,307,126",14.00,14.20,13.95,14.15,+0.25,"6,306",2303
107/03/07,"23,556,623","331,097,772",14.10,14.20,14.00,14.05,-0.10,"4,677",2303
107/03/08,"192,883,370","2,948,105,051",14.80,15.45,14.75,15.45,+1.40,"18,894",2303
107/03/09,"171,989,378","2,651,138,719",15.60,15.70,15.05,15.10,-0.35,"20,609",2303
107/03/12,"53,982,965","826,043,046",15.30,15.45,15.20,15.25,+0.15,"10,920",2303
107/03/13,"41,466,811","629,580,808",15.20,15.25,15.10,15.25, 0.00,"7,045",2303
107/03/14,"30,406,280","460,144,610",15.20,15.25,15.05,15.10,-0.15,"5,619",2303
107/03/15,"26,807,907","405,133,241",15.05,15.20,15.05,15.10, 0.00,"7,758",2303
107/03/16,"40,546,513","613,904,393",15.05,15.20,15.00,15.20,+0.10,"5,363",2303
107/03/19,"26,548,555","404,857,694",15.15,15.35,15.10,15.25,+0.05,"4,993",2303
107/03/20,"22,326,811","338,759,709",15.20,15.20,15.10,15.20,-0.05,"5,835",2303
107/03/21,"30,837,425","468,596,201",15.20,15.25,15.10,15.20, 0.00,"4,274",2303
107/03/22,"30,331,924","461,964,811",15.30,15.35,15.15,15.25,+0.05,"4,275",2303
107/03/23,"50,157,951","757,192,664",15.05,15.20,15.00,15.20,-0.05,"7,025",2303
107/03/26,"34,810,888","526,422,218",15.05,15.20,15.05,15.15,-0.05,"4,648",2303
107/03/27,"60,879,240","940,335,624",15.20,15.65,15.15,15.55,+0.40,"10,388",2303
107/03/28,"19,099,923","294,215,584",15.35,15.50,15.30,15.40,-0.15,"4,548",2303
107/03/29,"37,000,161","566,069,488",15.35,15.45,15.20,15.30,-0.10,"5,574",2303
107/03/30,"29,931,778","460,214,894",15.30,15.45,15.20,15.40,+0.10,"4,609",2303
107/03/31,"17,906,313","277,995,667",15.50,15.65,15.40,15.50,+0.10,"3,838",2303
107/04/02,"28,643,495","446,366,436",15.50,15.75,15.40,15.45,-0.05,"4,569",2303
107/04/03,"27,692,884","425,826,641",15.35,15.45,15.30,15.40,-0.05,"4,535",2303
107/04/09,"44,828,988","686,496,403",15.30,15.40,15.20,15.25,-0.15,"4,241",2303
107/04/10,"43,687,362","669,458,488",15.30,15.40,15.20,15.30,+0.05,"7,244",2303
107/04/11,"29,420,087","454,410,141",15.35,15.60,15.30,15.40,+0.10,"4,363",2303
107/04/12,"24,395,100","376,316,353",15.40,15.50,15.35,15.45,+0.05,"4,183",2303
107/04/13,"19,916,291","307,512,517",15.40,15.50,15.40,15.40,-0.05,"3,414",2303
107/04/16,"16,106,002","247,930,975",15.40,15.45,15.35,15.35,-0.05,"2,164",2303
107/04/17,"33,941,740","522,111,910",15.35,15.50,15.30,15.35, 0.00,"3,464",2303
107/04/18,"43,266,308","672,203,526",15.45,15.60,15.35,15.60,+0.25,"5,916",2303
107/04/19,"57,239,731","907,902,122",15.65,16.00,15.60,15.85,+0.25,"11,826",2303
107/04/20,"34,122,407","532,588,978",15.75,15.80,15.50,15.60,-0.25,"4,187",2303
107/04/23,"20,121,592","314,191,251",15.55,15.80,15.50,15.55,-0.05,"2,752",2303
107/04/24,"57,837,166","892,911,299",15.55,15.65,15.20,15.35,-0.20,"6,470",2303
107/04/25,"50,347,727","781,004,029",15.30,15.60,15.30,15.50,+0.15,"5,911",2303
107/04/26,"79,246,861","1,237,355,220",15.50,15.85,15.40,15.70,+0.20,"8,185",2303
107/04/27,"70,981,790","1,121,770,236",15.70,15.95,15.60,15.70, 0.00,"8,200",2303
107/04/30,"60,872,336","973,299,622",15.70,16.10,15.70,16.00,+0.30,"7,885",2303
107/05/02,"105,765,858","1,742,794,750",16.00,16.85,16.00,16.25,+0.25,"14,665",2303
107/05/03,"53,928,795","868,634,820",16.25,16.25,15.95,16.05,-0.20,"9,221",2303
107/05/04,"49,075,125","792,732,391",16.00,16.40,15.95,16.00,-0.05,"7,267",2303
107/05/07,"41,618,961","656,439,323",16.10,16.15,15.65,15.65,-0.35,"7,039",2303
107/05/08,"25,284,222","398,864,158",15.80,15.85,15.65,15.85,+0.20,"5,000",2303
107/05/09,"48,096,224","777,909,735",15.85,16.55,15.75,16.20,+0.35,"9,051",2303
107/05/10,"23,378,264","375,826,483",16.35,16.45,15.95,15.95,-0.25,"5,137",2303
107/05/11,"31,393,160","506,690,238",16.10,16.20,16.00,16.15,+0.20,"5,649",2303
107/05/14,"32,914,897","532,485,477",16.20,16.40,16.00,16.40,+0.25,"6,961",2303
107/05/15,"42,548,647","697,808,912",16.35,16.55,16.20,16.45,+0.05,"9,023",2303
107/05/16,"33,701,981","550,815,892",16.40,16.55,16.20,16.30,-0.15,"5,372",2303
107/05/17,"26,416,612","429,140,601",16.35,16.50,16.05,16.05,-0.25,"5,498",2303
107/05/18,"22,129,437","354,629,342",16.15,16.15,15.95,16.05, 0.00,"4,592",2303
107/05/21,"10,344,761","166,211,226",16.05,16.15,16.00,16.05, 0.00,"3,672",2303
107/05/22,"43,275,499","708,345,684",16.25,16.65,16.20,16.20,+0.15,"8,517",2303
107/05/23,"21,014,513","340,739,579",16.35,16.40,16.10,16.20, 0.00,"4,317",2303
107/05/24,"13,951,673","225,569,449",16.20,16.30,16.05,16.20, 0.00,"5,445",2303
107/05/25,"25,392,359","412,195,921",16.20,16.30,16.15,16.25,+0.05,"7,847",2303
107/05/28,"34,010,039","555,821,808",16.45,16.50,16.25,16.40,+0.15,"9,391",2303
107/05/29,"33,254,072","546,601,165",16.50,16.60,16.35,16.45,+0.05,"6,586",2303
107/05/30,"54,574,035","896,988,414",16.30,16.70,16.25,16.40,-0.05,"8,952",2303
107/05/31,"97,295,929","1,613,352,855",16.55,16.65,16.40,16.65,+0.25,"12,957",2303
107/06/01,"52,546,635","869,701,206",16.65,16.70,16.40,16.45,-0.20,"6,335",2303
107/06/04,"33,403,733","549,399,985",16.50,16.55,16.40,16.50,+0.05,"4,993",2303
107/06/05,"34,025,763","561,817,527",16.60,16.65,16.45,16.50, 0.00,"4,500",2303
107/06/06,"42,224,811","693,129,949",16.50,16.55,16.35,16.40,-0.10,"6,724",2303
107/06/07,"38,502,990","634,383,627",16.45,16.60,16.40,16.60,+0.20,"7,351",2303
107/06/08,"29,749,632","489,188,783",16.55,16.60,16.35,16.40,-0.20,"5,548",2303
107/06/11,"99,224,476","1,650,444,137",16.55,16.80,16.50,16.80,+0.40,"8,612",2303
107/06/12,"177,424,073","2,989,249,384",16.85,17.00,16.75,16.85,+0.05,"8,235",2303
107/06/13,"350,536,539","6,408,505,594",17.40,18.50,17.20,18.50,+1.65,"33,471",2303
107/06/14,"181,043,205","3,303,047,502",18.35,18.55,17.90,18.10,-0.40,"25,223",2303
107/06/15,"96,507,502","1,764,896,698",18.00,18.65,17.95,18.65,+0.55,"18,163",2303
107/06/19,"91,259,275","1,672,426,229",18.45,18.50,18.20,18.20,-0.45,"18,084",2303
107/06/20,"90,050,350","1,620,374,650",18.20,18.25,17.65,18.05,-0.15,"13,311",2303
107/06/21,"49,753,035","884,815,159",18.00,18.00,17.65,17.65,-0.40,"12,388",2303
107/06/22,"58,142,286","1,021,556,317",17.50,17.90,17.20,17.80,+0.15,"9,959",2303
107/06/25,"31,182,075","550,713,382",17.75,17.85,17.40,17.80, 0.00,"5,851",2303
107/06/26,"30,096,426","526,886,178",17.50,17.65,17.40,17.60,-0.20,"5,801",2303
107/06/27,"52,024,313","924,306,998",17.70,18.00,17.50,17.60, 0.00,"8,755",2303
107/06/28,"70,476,104","1,210,352,161",17.35,17.35,16.90,16.95,-0.65,"10,331",2303
107/06/29,0,0,--,--,--,--, 0.00,0,2303
107/07/02,"162,123,485","2,946,964,097",18.10,18.35,17.85,18.20,X0.00,"22,546",2303
107/07/03,"98,406,139","1,766,201,389",18.00,18.15,17.75,17.95,-0.25,"18,434",2303
107/07/04,"105,768,020","1,933,850,543",18.20,18.65,17.85,17.95, 0.00,"15,841",2303
107/07/05,"56,808,340","1,016,000,197",18.00,18.00,17.55,17.95, 0.00,"8,913",2303
107/07/06,"65,571,692","1,154,046,647",17.75,17.85,17.40,17.60,-0.35,"9,288",2303
107/07/09,"63,985,827","1,126,285,992",17.60,17.70,17.50,17.65,+0.05,"7,811",2303
107/07/10,"58,360,296","995,083,592",17.20,17.25,16.95,17.00,X0.00,"9,438",2303
107/07/11,"39,298,840","662,719,482",16.95,17.00,16.70,16.90,-0.10,"6,001",2303
107/07/12,"75,916,156","1,321,142,807",17.00,17.60,16.95,17.45,+0.55,"11,247",2303
107/07/13,"39,393,290","685,492,837",17.55,17.60,17.30,17.40,-0.05,"4,096",2303
107/07/16,"35,453,883","613,463,843",17.45,17.50,17.15,17.25,-0.15,"5,398",2303
107/07/17,"33,440,075","575,931,951",17.20,17.35,17.05,17.25, 0.00,"6,388",2303
107/07/18,"69,527,948","1,215,414,380",17.25,17.75,17.15,17.40,+0.15,"9,589",2303
107/07/19,"59,100,677","1,045,258,730",17.60,17.75,17.50,17.60,+0.20,"10,052",2303
107/07/20,"97,511,292","1,749,289,486",17.85,18.10,17.75,17.85,+0.25,"13,299",2303
107/07/23,"106,322,118","1,942,522,612",18.40,18.65,18.05,18.25,+0.40,"14,466",2303
107/07/24,"73,162,052","1,330,512,275",18.00,18.35,17.90,18.20,-0.05,"11,280",2303
107/07/25,"84,335,840","1,536,109,957",18.15,18.45,17.95,18.20, 0.00,"12,686",2303
107/07/26,"196,330,657","3,403,829,798",17.35,17.55,17.00,17.50,-0.70,"25,384",2303
107/07/27,"58,505,863","1,016,553,896",17.45,17.55,17.25,17.30,-0.20,"8,280",2303
107/07/30,"56,184,748","962,445,555",17.20,17.30,17.00,17.20,-0.10,"8,321",2303
107/07/31,"120,093,048","2,089,771,228",17.20,17.55,17.15,17.55,+0.35,"8,497",2303
107/08/01,"32,256,878","558,788,161",17.50,17.50,17.20,17.40,-0.15,"6,289",2303
107/08/02,"30,848,738","535,446,483",17.50,17.50,17.20,17.30,-0.10,"6,154",2303
107/08/03,"59,521,342","1,045,823,099",17.40,17.75,17.40,17.70,+0.40,"9,446",2303
107/08/06,"62,004,305","1,110,399,297",17.80,18.05,17.75,17.95,+0.25,"7,871",2303
107/08/07,"33,961,732","605,520,443",17.80,17.95,17.70,17.85,-0.10,"6,176",2303
107/08/08,"49,063,549","878,730,167",17.95,18.00,17.75,17.95,+0.10,"10,228",2303
107/08/09,"71,095,101","1,271,345,015",17.85,18.05,17.70,17.85,-0.10,"6,882",2303
107/08/10,"51,563,981","924,523,052",17.80,18.05,17.75,17.95,+0.10,"7,057",2303
107/08/13,"56,243,477","983,135,394",17.80,17.85,17.30,17.30,-0.65,"10,699",2303
107/08/14,"28,349,756","491,861,723",17.30,17.45,17.25,17.40,+0.10,"5,483",2303
107/08/15,"54,972,841","938,728,281",17.40,17.45,16.95,16.95,-0.45,"10,875",2303
107/08/16,"35,998,118","613,144,024",16.75,17.20,16.70,17.15,+0.20,"5,060",2303
107/08/17,"34,151,088","586,954,768",17.15,17.25,17.10,17.20,+0.05,"4,144",2303
107/08/20,"38,445,849","672,444,626",17.25,17.65,17.20,17.55,+0.35,"6,411",2303
107/08/21,"80,748,426","1,441,170,550",17.60,18.00,17.55,18.00,+0.45,"12,980",2303
107/08/22,"36,992,562","651,144,850",17.90,17.90,17.50,17.50,-0.50,"8,660",2303
107/08/23,"18,832,922","330,996,431",17.55,17.65,17.45,17.65,+0.15,"5,254",2303
107/08/24,"26,098,754","452,336,804",17.55,17.65,17.20,17.30,-0.35,"7,736",2303
107/08/27,"23,325,601","403,557,292",17.45,17.45,17.20,17.40,+0.10,"4,390",2303
107/08/28,"24,876,881","436,779,521",17.40,17.70,17.35,17.50,+0.10,"5,340",2303
107/08/29,"28,640,070","500,434,269",17.50,17.60,17.35,17.55,+0.05,"7,504",2303
107/08/30,"25,952,572","452,792,817",17.50,17.55,17.35,17.35,-0.20,"6,323",2303
107/08/31,"43,748,570","753,164,945",17.25,17.35,17.10,17.35, 0.00,"6,931",2303
107/09/03,"25,144,814","430,333,978",17.20,17.30,17.05,17.10,-0.25,"6,751",2303
107/09/04,"16,189,877","278,507,997",17.15,17.25,17.10,17.20,+0.10,"2,740",2303
107/09/05,"33,116,439","564,265,763",17.10,17.15,17.00,17.00,-0.20,"8,050",2303
107/09/06,"31,933,666","538,277,033",16.85,16.95,16.75,16.90,-0.10,"6,145",2303
107/09/07,"50,782,783","837,276,181",16.75,16.85,16.15,16.30,-0.60,"9,696",2303
107/09/10,"119,456,509","1,883,563,859",16.20,16.25,15.50,15.55,-0.75,"13,663",2303
107/09/11,"68,393,936","1,059,552,791",15.50,15.70,15.35,15.65,+0.10,"11,548",2303
107/09/12,"36,269,840","561,215,796",15.70,15.75,15.30,15.40,-0.25,"5,827",2303
107/09/13,"35,107,587","540,881,379",15.40,15.60,15.20,15.60,+0.20,"6,106",2303
107/09/14,"34,909,692","548,161,222",15.70,15.80,15.60,15.70,+0.10,"6,360",2303
107/09/17,"17,324,379","271,295,632",15.70,15.70,15.55,15.60,-0.10,"4,207",2303
107/09/18,"26,206,669","402,828,441",15.50,15.55,15.20,15.30,-0.30,"5,376",2303
107/09/19,"31,600,089","490,843,855",15.45,15.65,15.35,15.60,+0.30,"6,668",2303
107/09/20,"23,341,924","361,453,631",15.60,15.60,15.40,15.45,-0.15,"5,311",2303
107/09/21,"45,287,222","711,104,863",15.55,15.85,15.45,15.85,+0.40,"6,158",2303
107/09/25,"18,291,276","287,781,113",15.90,15.90,15.60,15.65,-0.20,"4,225",2303
107/09/26,"26,348,243","415,048,608",15.60,15.90,15.60,15.90,+0.25,"4,255",2303
107/09/27,"25,682,429","407,650,152",15.80,16.00,15.75,15.95,+0.05,"4,957",2303
107/09/28,"30,177,094","483,117,771",15.90,16.15,15.85,16.15,+0.20,"5,677",2303
107/10/01,"12,175,097","193,999,689",16.00,16.00,15.85,15.90,-0.25,"3,456",2303
107/10/02,"15,619,834","244,671,183",15.85,15.95,15.60,15.60,-0.30,"4,554",2303
107/10/03,"17,982,464","279,911,223",15.60,15.70,15.45,15.50,-0.10,"3,458",2303
107/10/04,"48,764,973","738,879,008",15.40,15.45,15.05,15.10,-0.40,"9,745",2303
107/10/05,"57,497,812","852,831,993",15.00,15.10,14.60,14.70,-0.40,"7,641",2303
107/10/08,"21,627,076","319,786,337",14.65,14.85,14.65,14.80,+0.10,"6,127",2303
107/10/09,"48,875,474","713,342,774",14.80,14.85,14.30,14.80, 0.00,"8,509",2303
107/10/11,"121,302,857","1,688,203,925",14.00,14.25,13.65,13.75,-1.05,"16,685",2303
107/10/12,"101,810,423","1,405,061,405",13.65,14.05,13.65,13.65,-0.10,"11,686",2303
107/10/15,"66,024,262","889,714,224",13.55,13.65,13.35,13.35,-0.30,"8,212",2303
107/10/16,"66,044,473","874,687,813",13.35,13.50,13.10,13.20,-0.15,"9,392",2303
107/10/17,"50,915,558","686,573,470",13.45,13.60,13.35,13.60,+0.40,"9,006",2303
107/10/18,"48,154,621","645,257,997",13.60,13.65,13.20,13.25,-0.35,"8,836",2303
107/10/19,"94,342,012","1,247,493,741",13.10,13.45,13.00,13.30,+0.05,"9,937",2303
107/10/22,"55,534,145","727,213,172",13.20,13.20,13.00,13.10,-0.20,"8,509",2303
107/10/23,"47,902,377","614,818,394",13.05,13.05,12.70,12.75,-0.35,"9,560",2303
107/10/24,"63,429,485","808,177,601",12.75,13.00,12.50,12.65,-0.10,"11,200",2303
107/10/25,"75,059,655","906,667,257",11.90,12.40,11.85,12.30,-0.35,"10,180",2303
107/10/26,"135,893,463","1,602,308,416",12.00,12.05,11.60,11.70,-0.60,"21,177",2303
107/10/29,"60,307,053","702,358,341",11.50,11.80,11.50,11.60,-0.10,"7,390",2303
107/10/30,"81,090,087","946,511,891",11.60,11.95,11.45,11.70,+0.10,"8,368",2303
107/10/31,"89,427,728","1,053,046,878",11.85,11.85,11.65,11.80,+0.10,"9,098",2303
107/11/01,"71,162,864","847,650,518",11.70,12.05,11.65,11.95,+0.15,"8,617",2303
107/11/02,"71,540,356","842,854,543",11.80,11.90,11.60,11.90,-0.05,"9,752",2303
107/11/05,"236,453,269","2,577,879,611",10.75,11.20,10.75,10.75,-1.15,"27,947",2303
107/11/06,"211,878,828","2,323,052,883",11.05,11.20,10.75,10.90,+0.15,"21,705",2303
107/11/07,"108,859,652","1,191,349,143",11.00,11.10,10.80,10.95,+0.05,"11,305",2303
107/11/08,"154,165,512","1,670,155,772",11.00,11.00,10.65,10.85,-0.10,"17,010",2303
107/11/09,"118,601,055","1,257,888,917",10.80,10.85,10.50,10.60,-0.25,"13,071",2303
107/11/12,"93,985,885","995,718,526",10.55,10.70,10.45,10.70,+0.10,"10,299",2303
107/11/13,"118,463,337","1,243,693,834",10.50,10.60,10.40,10.45,-0.25,"12,585",2303
107/11/14,"78,000,233","833,959,210",10.50,10.85,10.45,10.80,+0.35,"12,442",2303
107/11/15,"88,478,611","976,626,908",10.90,11.25,10.85,11.20,+0.40,"14,102",2303
107/11/16,"88,373,588","977,064,818",11.30,11.30,10.90,11.00,-0.20,"12,994",2303
107/11/19,"51,529,509","567,253,295",10.95,11.10,10.85,11.10,+0.10,"7,011",2303
107/11/20,"35,297,856","388,682,966",11.00,11.10,10.90,11.00,-0.10,"5,357",2303
107/11/21,"30,692,619","338,782,409",10.95,11.15,10.90,11.00, 0.00,"6,031",2303
107/11/22,"39,139,506","436,228,590",11.05,11.20,11.00,11.20,+0.20,"5,367",2303
107/11/23,"29,624,385","330,855,795",11.20,11.25,11.05,11.15,-0.05,"4,696",2303
107/11/26,"42,897,802","491,253,112",11.20,11.55,11.20,11.50,+0.35,"7,112",2303
107/11/27,"49,199,712","571,059,537",11.55,11.80,11.40,11.75,+0.25,"7,855",2303
107/11/28,"54,350,180","637,612,329",11.75,11.85,11.60,11.75, 0.00,"9,102",2303
107/11/29,"51,312,633","600,826,442",11.85,11.85,11.50,11.50,-0.25,"6,969",2303
107/11/30,"122,685,538","1,418,019,614",11.55,11.70,11.40,11.55,+0.05,"7,084",2303
107/12/03,"69,986,070","824,034,669",11.70,11.85,11.70,11.70,+0.15,"7,436",2303
107/12/04,"57,135,658","675,530,735",11.75,11.90,11.70,11.80,+0.10,"6,007",2303
107/12/05,"37,958,349","441,717,053",11.65,11.70,11.50,11.55,-0.25,"5,641",2303
107/12/06,"53,465,490","605,960,401",11.55,11.55,11.20,11.30,-0.25,"12,222",2303
107/12/07,"41,314,094","463,444,675",11.30,11.35,11.10,11.20,-0.10,"7,583",2303
107/12/10,"29,147,847","323,977,428",11.10,11.20,11.05,11.10,-0.10,"4,648",2303
107/12/11,"43,093,155","474,654,555",11.00,11.10,10.90,11.00,-0.10,"6,014",2303
107/12/12,"41,642,151","467,632,645",11.10,11.40,11.00,11.30,+0.30,"6,876",2303
107/12/13,"60,680,361","696,251,855",11.35,11.55,11.35,11.50,+0.20,"6,458",2303
107/12/14,"43,980,055","499,532,299",11.40,11.50,11.25,11.35,-0.15,"4,942",2303
107/12/17,"47,487,219","543,439,856",11.40,11.55,11.35,11.40,+0.05,"5,042",2303
107/12/18,"44,070,825","496,266,621",11.30,11.35,11.20,11.20,-0.20,"4,439",2303
107/12/19,"59,388,708","672,387,283",11.25,11.45,11.20,11.30,+0.10,"6,951",2303
107/12/20,"41,050,768","466,684,017",11.25,11.45,11.20,11.30, 0.00,"5,902",2303
107/12/21,"63,593,203","723,813,575",11.30,11.45,11.25,11.40,+0.10,"5,335",2303
107/12/22,"14,652,449","165,468,829",11.35,11.40,11.20,11.25,-0.15,"2,888",2303
107/12/24,"25,863,419","291,347,364",11.30,11.35,11.15,11.20,-0.05,"3,829",2303
107/12/25,"11,846,569","131,923,518",11.10,11.20,11.05,11.15,-0.05,"3,109",2303
107/12/26,"12,700,965","142,239,327",11.20,11.25,11.15,11.20,+0.05,"3,078",2303
107/12/27,"20,757,329","233,929,452",11.35,11.40,11.20,11.25,+0.05,"4,446",2303
107/12/28,"17,480,997","196,782,538",11.25,11.30,11.20,11.25, 0.00,"1,958",2303
108/01/02,"18,798,696","210,286,552",11.30,11.35,11.10,11.10,-0.15,"3,496",2303
108/01/03,"49,252,981","535,016,316",11.10,11.10,10.75,10.90,-0.20,"7,582",2303
108/01/04,"43,041,214","459,379,450",10.70,10.75,10.55,10.70,-0.20,"7,223",2303
108/01/07,"32,910,190","360,425,491",10.90,11.05,10.80,11.00,+0.30,"5,249",2303
108/01/08,"29,489,466","324,355,757",11.10,11.10,10.90,10.95,-0.05,"3,114",2303
108/01/09,"38,339,175","425,537,702",11.10,11.15,11.05,11.10,+0.15,"8,103",2303
108/01/10,"35,341,057","392,482,107",11.15,11.15,11.05,11.15,+0.05,"3,368",2303
108/01/11,"23,328,976","260,393,153",11.15,11.20,11.10,11.20,+0.05,"3,488",2303
108/01/14,"25,189,695","280,859,004",11.20,11.25,11.05,11.10,-0.10,"3,397",2303
108/01/15,"34,809,977","390,382,361",11.20,11.30,11.10,11.25,+0.15,"3,347",2303
108/01/16,"30,906,563","347,881,201",11.25,11.35,11.15,11.30,+0.05,"4,638",2303
108/01/17,"45,217,607","509,298,300",11.35,11.40,11.20,11.25,-0.05,"4,002",2303
108/01/18,"30,066,230","341,349,429",11.35,11.40,11.25,11.40,+0.15,"4,295",2303
108/01/21,"60,585,046","706,037,267",11.50,11.75,11.45,11.70,+0.30,"7,203",2303
108/01/22,"19,850,996","232,134,545",11.70,11.75,11.65,11.70, 0.00,"3,227",2303
108/01/23,"9,871,702","114,245,346",11.65,11.65,11.55,11.55,-0.15,"2,195",2303
108/01/24,"13,008,945","151,720,509",11.60,11.70,11.60,11.70,+0.15,"3,217",2303
108/01/25,"43,907,148","520,457,627",11.80,11.95,11.75,11.95,+0.25,"6,406",2303
108/01/28,"34,489,190","408,040,426",11.95,11.95,11.75,11.85,-0.10,"6,934",2303
108/01/29,"37,926,129","451,384,558",11.80,12.00,11.70,12.00,+0.15,"5,329",2303
108/01/30,"95,570,714","1,085,251,352",11.40,11.50,11.25,11.35,-0.65,"12,990",2303
108/02/11,"82,010,464","898,957,189",11.40,11.40,10.80,10.85,-0.50,"16,315",2303
108/02/12,"70,690,509","773,582,481",10.85,11.15,10.80,11.10,+0.25,"8,990",2303
108/02/13,"70,000,805","775,463,434",11.20,11.20,11.00,11.10, 0.00,"8,251",2303
108/02/14,"26,940,217","303,091,944",11.15,11.30,11.10,11.30,+0.20,"6,507",2303
108/02/15,"33,217,732","377,304,779",11.25,11.40,11.20,11.40,+0.10,"7,176",2303
108/02/18,"23,733,780","272,701,214",11.50,11.55,11.45,11.45,+0.05,"5,872",2303
108/02/19,"20,956,991","239,831,481",11.45,11.50,11.40,11.45, 0.00,"4,191",2303
108/02/20,"23,211,874","264,719,795",11.45,11.45,11.35,11.40,-0.05,"4,582",2303
108/02/21,"33,906,945","388,107,905",11.45,11.50,11.35,11.45,+0.05,"4,032",2303
108/02/22,"39,409,802","450,199,426",11.45,11.50,11.30,11.50,+0.05,"4,055",2303
108/02/25,"58,222,707","676,982,499",11.55,11.70,11.50,11.65,+0.15,"7,103",2303
108/02/26,"31,765,810","370,786,256",11.65,11.75,11.60,11.65, 0.00,"6,070",2303
108/02/27,"65,102,102","745,953,699",11.65,11.65,11.35,11.45,-0.20,"6,713",2303
108/03/04,"27,904,777","318,872,078",11.35,11.60,11.30,11.45, 0.00,"5,426",2303
108/03/05,"22,504,875","259,679,443",11.40,11.60,11.40,11.60,+0.15,"5,126",2303
108/03/06,"20,169,922","235,706,314",11.55,11.75,11.55,11.70,+0.10,"5,249",2303
108/03/07,"58,798,424","698,788,940",11.75,12.00,11.75,11.85,+0.15,"8,703",2303
108/03/08,"26,782,759","312,377,109",11.85,11.85,11.60,11.60,-0.25,"4,846",2303
108/03/11,"40,281,218","462,464,481",11.55,11.60,11.40,11.45,-0.15,"5,794",2303
108/03/12,"15,935,867","185,095,833",11.55,11.65,11.55,11.65,+0.20,"3,470",2303
108/03/13,"14,050,087","162,211,840",11.65,11.65,11.50,11.55,-0.10,"3,379",2303
108/03/14,"17,760,239","204,015,871",11.55,11.60,11.45,11.45,-0.10,"3,712",2303
108/03/15,"28,892,091","335,307,721",11.45,11.65,11.45,11.65,+0.20,"3,221",2303
108/03/18,"23,859,888","277,645,999",11.55,11.70,11.55,11.70,+0.05,"4,625",2303
108/03/19,"33,532,816","392,324,055",11.70,11.75,11.65,11.70, 0.00,"3,782",2303
108/03/20,"19,746,543","229,154,777",11.65,11.70,11.55,11.55,-0.15,"3,755",2303
108/03/21,"27,175,505","315,689,019",11.60,11.70,11.55,11.60,+0.05,"5,885",2303
108/03/22,"32,719,568","382,995,551",11.65,11.80,11.65,11.80,+0.20,"4,660",2303
108/03/25,"41,937,288","490,615,447",11.65,11.80,11.60,11.65,-0.15,"6,445",2303
108/03/26,"13,701,719","160,155,115",11.65,11.75,11.65,11.65, 0.00,"2,973",2303
108/03/27,"14,664,465","171,017,294",11.65,11.70,11.60,11.65, 0.00,"2,991",2303
108/03/28,"28,280,846","329,307,278",11.65,11.70,11.60,11.65, 0.00,"4,022",2303
108/03/29,"31,034,106","361,469,645",11.65,11.70,11.60,11.65, 0.00,"3,260",2303
108/04/01,"22,798,711","265,345,955",11.70,11.75,11.55,11.55,-0.10,"4,956",2303
108/04/02,"23,155,479","269,054,648",11.65,11.70,11.55,11.60,+0.05,"4,970",2303
108/04/03,"21,951,315","254,348,844",11.60,11.65,11.55,11.55,-0.05,"4,427",2303
108/04/08,"105,510,930","1,255,732,839",11.60,12.15,11.60,11.90,+0.35,"13,284",2303
108/04/09,"86,939,518","1,057,589,370",12.00,12.30,11.95,12.30,+0.40,"15,105",2303
108/04/10,"48,397,306","591,630,854",12.30,12.35,12.10,12.25,-0.05,"10,933",2303
108/04/11,"89,309,795","1,098,308,100",12.35,12.45,12.10,12.10,-0.15,"15,083",2303
108/04/12,"17,252,844","209,882,850",12.25,12.25,12.10,12.20,+0.10,"4,203",2303
108/04/15,"34,868,344","421,774,481",12.25,12.30,12.05,12.05,-0.15,"4,420",2303
108/04/16,"35,946,007","434,911,590",12.10,12.25,12.00,12.10,+0.05,"4,894",2303
108/04/17,"60,477,263","739,110,482",12.15,12.40,12.10,12.20,+0.10,"8,595",2303
108/04/18,"48,686,881","586,580,393",12.25,12.30,11.90,12.00,-0.20,"7,577",2303
108/04/19,"24,015,462","289,118,358",12.05,12.10,12.00,12.10,+0.10,"4,054",2303
108/04/22,"28,202,641","338,234,859",12.15,12.15,11.90,11.90,-0.20,"7,040",2303
108/04/23,"27,169,104","324,369,990",11.90,12.00,11.90,11.95,+0.05,"5,836",2303
108/04/24,"39,688,992","474,918,703",12.05,12.10,11.85,11.95, 0.00,"7,097",2303
108/04/25,"185,934,503","2,406,707,761",12.60,13.10,12.60,13.10,+1.15,"20,956",2303
108/04/26,"225,982,817","2,990,156,968",13.10,13.45,12.95,13.45,+0.35,"30,963",2303
108/04/29,"71,900,498","958,997,010",13.45,13.50,13.25,13.35,-0.10,"10,781",2303
108/04/30,"63,857,184","856,685,681",13.35,13.50,13.30,13.45,+0.10,"8,483",2303
108/05/02,"37,508,456","505,781,464",13.35,13.60,13.35,13.55,+0.10,"6,574",2303
108/05/03,"87,607,849","1,206,484,737",13.55,13.90,13.55,13.85,+0.30,"9,930",2303
108/05/06,"94,350,184","1,262,239,900",13.50,13.70,13.15,13.20,-0.65,"14,520",2303
108/05/07,"53,939,136","728,668,127",13.35,13.65,13.25,13.60,+0.40,"8,323",2303
108/05/08,"53,979,097","723,968,755",13.35,13.55,13.30,13.45,-0.15,"9,154",2303
108/05/09,"61,722,274","814,775,211",13.40,13.45,13.00,13.15,-0.30,"9,243",2303
108/05/10,"34,772,896","459,972,550",13.30,13.40,13.05,13.20,+0.05,"8,481",2303
108/05/13,"34,652,746","451,343,549",13.10,13.20,12.95,12.95,-0.25,"8,185",2303
108/05/14,"68,436,279","881,531,327",12.80,13.10,12.60,13.00,+0.05,"12,817",2303
108/05/15,"54,345,421","707,375,859",12.95,13.15,12.90,12.90,-0.10,"9,320",2303
108/05/16,"32,193,147","416,306,876",12.90,13.00,12.80,12.95,+0.05,"8,430",2303
108/05/17,"52,327,936","683,870,930",13.10,13.25,12.95,13.00,+0.05,"11,131",2303
108/05/20,"36,419,272","468,417,888",13.05,13.10,12.75,12.75,-0.25,"8,666",2303
108/05/21,"39,455,900","509,552,507",12.70,13.05,12.65,12.95,+0.20,"7,665",2303
108/05/22,"25,560,881","331,251,553",12.95,13.05,12.85,13.00,+0.05,"6,002",2303
108/05/23,"47,580,279","612,301,932",12.85,13.00,12.75,12.85,-0.15,"8,324",2303
108/05/24,"27,753,770","360,807,119",12.95,13.10,12.90,12.95,+0.10,"6,123",2303
108/05/27,"25,262,205","325,339,789",13.00,13.05,12.80,12.80,-0.15,"4,736",2303
108/05/28,"86,813,566","1,084,248,912",12.80,12.80,12.40,12.45,-0.35,"9,487",2303
108/05/29,"32,266,476","399,794,888",12.30,12.60,12.15,12.60,+0.15,"6,547",2303
108/05/30,"43,693,334","555,134,171",12.70,12.80,12.55,12.75,+0.15,"7,849",2303
108/05/31,"31,740,913","408,651,351",12.65,12.95,12.65,12.90,+0.15,"5,641",2303
108/06/03,"41,302,659","541,192,217",12.80,13.25,12.70,13.20,+0.30,"6,911",2303
108/06/04,"41,757,982","547,304,774",13.15,13.30,12.90,13.00,-0.20,"8,563",2303
108/06/05,"27,276,407","355,122,110",13.15,13.20,12.90,12.90,-0.10,"4,473",2303
108/06/06,"32,018,239","416,978,609",12.90,13.10,12.85,13.05,+0.15,"5,756",2303
108/06/10,"28,170,170","372,734,948",13.20,13.30,13.05,13.30,+0.25,"4,557",2303
108/06/11,"32,581,260","436,354,435",13.35,13.45,13.25,13.40,+0.10,"5,838",2303
108/06/12,"30,229,283","407,344,230",13.45,13.55,13.35,13.55,+0.15,"5,747",2303
108/06/13,"70,097,271","961,593,543",13.50,13.95,13.40,13.75,+0.20,"9,493",2303
108/06/14,"28,211,150","385,520,782",13.70,13.75,13.60,13.70,-0.05,"5,094",2303
108/06/17,"30,522,774","419,026,733",13.70,13.85,13.60,13.65,-0.05,"3,813",2303
108/06/18,"41,290,425","552,115,934",13.65,13.65,13.25,13.25,-0.40,"5,492",2303
108/06/19,"48,300,373","655,544,620",13.45,13.65,13.35,13.65,+0.40,"8,471",2303
108/06/20,"38,934,573","526,279,439",13.70,13.75,13.35,13.40,-0.25,"7,144",2303
108/06/21,"48,460,614","661,152,944",13.55,13.70,13.45,13.70,+0.30,"7,861",2303
108/06/24,"25,972,285","355,494,632",13.55,13.80,13.50,13.75,+0.05,"4,301",2303
108/06/25,"26,154,417","359,484,425",13.75,13.85,13.65,13.70,-0.05,"7,215",2303
108/06/26,"59,484,921","823,064,474",13.85,13.95,13.75,13.80,+0.10,"9,726",2303
108/06/27,"62,428,579","875,443,406",13.95,14.10,13.90,14.00,+0.20,"10,477",2303
108/06/28,"32,353,347","453,096,884",14.10,14.10,13.85,13.95,-0.05,"7,131",2303
108/07/01,"47,180,565","675,797,392",14.05,14.45,14.05,14.35,+0.40,"9,735",2303
108/07/02,"17,391,518","248,638,025",14.40,14.40,14.20,14.25,-0.10,"4,781",2303
108/07/03,"22,614,581","319,305,184",14.15,14.25,14.00,14.05,-0.20,"5,821",2303
108/07/04,"12,644,573","178,244,616",14.10,14.20,14.00,14.15,+0.10,"2,700",2303
108/07/05,"20,384,750","285,821,350",14.05,14.20,13.90,14.10,-0.05,"3,692",2303
108/07/08,"25,191,698","350,728,098",13.95,14.05,13.80,13.95,-0.15,"3,686",2303
108/07/09,"24,138,020","338,411,288",13.95,14.10,13.85,14.00,+0.05,"3,672",2303
108/07/10,"61,150,881","885,093,864",14.10,14.70,14.10,14.65,+0.65,"11,461",2303
108/07/11,"94,279,391","1,396,420,586",14.70,15.00,14.60,14.95,+0.30,"11,902",2303
108/07/12,"62,666,064","922,082,256",14.80,14.90,14.60,14.60,-0.35,"7,243",2303
108/07/15,"62,793,156","925,842,920",14.65,14.90,14.50,14.90,+0.30,"7,266",2303
108/07/16,"66,174,379","933,799,064",14.35,14.35,13.95,14.00,X0.00,"13,909",2303
108/07/17,"36,690,632","507,379,566",13.90,13.95,13.75,13.75,-0.25,"10,563",2303
108/07/18,"20,428,936","282,134,565",13.80,13.90,13.75,13.80,+0.05,"5,040",2303
108/07/19,"27,177,340","378,192,058",13.90,14.05,13.80,13.80, 0.00,"8,392",2303
108/07/22,"32,142,568","440,162,029",13.75,13.85,13.55,13.60,-0.20,"4,657",2303
108/07/23,"29,467,684","401,225,547",13.60,13.75,13.55,13.60, 0.00,"4,387",2303
108/07/24,"36,353,065","502,163,828",13.70,13.90,13.60,13.85,+0.25,"4,985",2303
108/07/25,"91,752,730","1,253,314,975",13.85,13.95,13.40,13.55,-0.30,"11,379",2303
108/07/26,"68,165,723","907,340,772",13.55,13.55,13.20,13.20,-0.35,"12,455",2303
108/07/29,"23,290,509","311,690,483",13.30,13.45,13.30,13.40,+0.20,"4,049",2303
108/07/30,"40,638,127","553,603,428",13.50,13.75,13.45,13.60,+0.20,"6,617",2303
108/07/31,"56,482,608","777,305,901",13.70,13.90,13.65,13.80,+0.20,"6,410",2303
108/08/01,"38,617,392","519,704,980",13.65,13.65,13.30,13.40,-0.40,"7,737",2303
108/08/02,"45,049,816","593,464,620",13.15,13.35,13.05,13.35,-0.05,"5,832",2303
108/08/05,"40,930,437","534,414,246",13.10,13.20,13.00,13.10,-0.25,"8,205",2303
108/08/06,"39,315,901","507,350,079",12.80,13.10,12.70,13.00,-0.10,"6,367",2303
108/08/07,"32,109,517","419,956,909",13.05,13.20,13.00,13.10,+0.10,"4,935",2303
108/08/08,"27,796,345","366,881,828",13.10,13.35,13.05,13.30,+0.20,"4,452",2303
108/08/12,"22,603,497","296,012,461",13.25,13.30,13.00,13.00,-0.30,"4,290",2303
108/08/13,"17,761,862","230,836,588",13.05,13.15,12.90,12.95,-0.05,"3,621",2303
108/08/14,"15,792,014","207,305,639",13.05,13.25,13.05,13.10,+0.15,"3,569",2303
108/08/15,"16,288,109","210,880,306",12.90,13.05,12.85,12.90,-0.20,"3,570",2303
108/08/16,"39,828,042","528,077,314",13.00,13.45,12.95,13.35,+0.45,"7,160",2303
108/08/19,"23,032,515","308,408,010",13.35,13.50,13.20,13.45,+0.10,"5,129",2303
108/08/20,"23,079,133","310,348,665",13.40,13.50,13.35,13.50,+0.05,"3,630",2303
108/08/21,"17,886,161","240,939,919",13.50,13.55,13.40,13.50, 0.00,"3,350",2303
108/08/22,"26,634,767","354,924,568",13.55,13.55,13.20,13.25,-0.25,"4,519",2303
108/08/23,"17,781,773","237,547,180",13.30,13.45,13.25,13.35,+0.10,"3,389",2303
108/08/26,"26,263,686","343,317,418",13.10,13.15,13.00,13.00,-0.35,"4,216",2303
108/08/27,"62,631,899","819,200,927",13.15,13.25,13.05,13.05,+0.05,"3,405",2303
108/08/28,"18,889,599","247,874,921",13.10,13.20,13.05,13.15,+0.10,"2,438",2303
108/08/29,"10,676,162","140,542,941",13.15,13.20,13.10,13.20,+0.05,"2,299",2303
108/08/30,"32,774,513","438,011,240",13.30,13.45,13.20,13.45,+0.25,"4,268",2303
108/09/02,"8,528,668","114,219,686",13.35,13.45,13.30,13.35,-0.10,"2,254",2303
108/09/03,"13,374,418","177,788,068",13.45,13.45,13.20,13.20,-0.15,"2,571",2303
108/09/04,"40,434,250","545,392,445",13.20,13.60,13.20,13.60,+0.40,"6,346",2303
108/09/05,"27,277,402","370,090,683",13.65,13.70,13.50,13.60, 0.00,"3,853",2303
108/09/06,"16,088,617","218,514,189",13.65,13.65,13.55,13.55,-0.05,"3,010",2303
108/09/09,"13,483,882","183,354,191",13.60,13.65,13.55,13.60,+0.05,"2,263",2303
108/09/10,"21,363,294","290,541,206",13.60,13.65,13.55,13.60, 0.00,"3,550",2303
108/09/11,"20,063,333","273,325,053",13.60,13.70,13.55,13.70,+0.10,"4,887",2303
108/09/12,"25,967,952","356,728,582",13.80,13.85,13.65,13.70, 0.00,"3,236",2303
108/09/16,"23,641,597","323,859,395",13.80,13.85,13.55,13.60,-0.10,"2,974",2303
108/09/17,"22,155,960","298,570,386",13.55,13.60,13.35,13.55,-0.05,"4,585",2303
108/09/18,"18,441,204","250,958,416",13.60,13.65,13.50,13.55, 0.00,"4,205",2303
108/09/19,"23,352,200","318,460,235",13.60,13.70,13.60,13.60,+0.05,"2,730",2303
108/09/20,"43,362,603","595,211,939",13.60,13.80,13.55,13.80,+0.20,"4,154",2303
108/09/23,"26,236,711","360,239,630",13.70,13.80,13.65,13.70,-0.10,"4,047",2303
108/09/24,"33,743,098","462,396,722",13.70,13.80,13.65,13.65,-0.05,"3,826",2303
108/09/25,"28,777,541","391,162,181",13.65,13.70,13.50,13.60,-0.05,"4,072",2303
108/09/26,"50,905,225","701,914,142",13.80,14.00,13.60,13.60, 0.00,"7,910",2303
108/09/27,"21,617,074","291,739,595",13.60,13.65,13.40,13.40,-0.20,"3,523",2303
108/10/01,"26,138,304","354,039,187",13.40,13.65,13.40,13.65,+0.25,"4,595",2303
108/10/02,"8,772,321","118,605,167",13.50,13.60,13.45,13.50,-0.15,"2,374",2303
108/10/03,"20,721,917","276,374,888",13.30,13.45,13.20,13.40,-0.10,"4,148",2303
108/10/04,"11,753,078","158,097,544",13.35,13.55,13.35,13.45,+0.05,"2,387",2303
108/10/07,"15,828,996","211,771,379",13.45,13.45,13.30,13.35,-0.10,"3,986",2303
108/10/08,"23,503,479","314,161,982",13.35,13.50,13.30,13.35, 0.00,"4,617",2303
108/10/09,"38,292,987","506,198,878",13.35,13.35,13.15,13.15,-0.20,"6,433",2303
108/10/14,"45,103,746","608,967,441",13.45,13.65,13.35,13.50,+0.35,"7,132",2303
108/10/15,"48,290,101","661,360,125",13.50,13.80,13.50,13.70,+0.20,"10,244",2303
108/10/16,"31,033,160","425,517,758",13.80,13.80,13.60,13.75,+0.05,"5,936",2303
108/10/17,"17,379,780","238,787,362",13.75,13.80,13.65,13.80,+0.05,"4,567",2303
108/10/18,"46,084,099","640,935,450",13.70,14.00,13.70,13.95,+0.15,"6,902",2303
108/10/21,"12,903,818","179,801,802",13.95,14.00,13.90,13.90,-0.05,"2,780",2303
108/10/22,"23,631,388","331,189,613",14.10,14.15,13.90,14.00,+0.10,"5,574",2303
108/10/23,"26,012,736","364,861,015",14.05,14.05,13.95,14.05,+0.05,"4,178",2303
108/10/24,"119,513,828","1,736,922,687",14.10,14.80,14.05,14.55,+0.50,"18,458",2303
108/10/25,"43,635,327","629,050,701",14.40,14.55,14.30,14.40,-0.15,"5,851",2303
108/10/28,"23,325,010","332,914,785",14.45,14.50,14.15,14.25,-0.15,"4,285",2303
108/10/29,"63,793,543","924,415,506",14.30,14.65,14.30,14.50,+0.25,"9,471",2303
108/10/30,"61,233,781","885,600,779",14.70,14.70,14.35,14.40,-0.10,"7,060",2303
108/10/31,"97,117,355","1,363,476,570",14.35,14.35,13.90,14.00,-0.40,"11,687",2303
108/11/01,"93,849,456","1,357,036,363",14.15,14.55,14.10,14.50,+0.50,"12,214",2303
108/11/04,"94,378,432","1,386,658,148",14.50,14.80,14.50,14.65,+0.15,"11,841",2303
108/11/05,"53,488,139","774,847,663",14.65,14.70,14.40,14.50,-0.15,"6,889",2303
108/11/06,"52,059,086","750,144,064",14.55,14.55,14.30,14.50, 0.00,"6,960",2303
108/11/07,"44,219,482","633,019,371",14.50,14.55,14.20,14.25,-0.25,"7,373",2303
108/11/08,"24,415,232","348,285,639",14.35,14.40,14.20,14.25, 0.00,"4,919",2303
108/11/11,"31,160,053","443,395,364",14.30,14.35,14.15,14.25, 0.00,"4,947",2303
108/11/12,"35,026,594","500,193,925",14.30,14.35,14.20,14.30,+0.05,"4,589",2303
108/11/13,"32,373,797","461,724,826",14.30,14.40,14.20,14.20,-0.10,"5,096",2303
108/11/14,"57,937,985","835,243,303",14.20,14.60,14.20,14.50,+0.30,"6,923",2303
108/11/15,"39,855,904","574,157,552",14.60,14.60,14.25,14.30,-0.20,"7,755",2303
108/11/18,"58,847,717","858,254,179",14.60,14.75,14.45,14.50,+0.20,"8,329",2303
108/11/19,"37,821,445","548,722,985",14.45,14.60,14.35,14.55,+0.05,"3,903",2303
108/11/20,"55,131,343","806,644,854",14.55,14.80,14.45,14.75,+0.20,"7,342",2303
108/11/21,"42,654,446","621,736,481",14.60,14.65,14.45,14.65,-0.10,"4,725",2303
108/11/22,"30,220,829","441,303,879",14.65,14.70,14.50,14.60,-0.05,"3,383",2303
108/11/25,"166,478,115","2,515,484,457",14.65,15.50,14.65,15.00,+0.40,"20,094",2303
108/11/26,"165,216,747","2,517,449,820",15.25,15.40,15.10,15.20,+0.20,"14,262",2303
108/11/27,"41,376,514","630,315,809",15.35,15.40,15.10,15.20, 0.00,"6,844",2303
108/11/28,"34,136,945","516,756,125",15.25,15.30,15.05,15.10,-0.10,"4,868",2303
108/11/29,"45,681,866","682,888,731",15.10,15.15,14.85,14.95,-0.15,"5,354",2303
108/12/02,"63,994,877","968,594,730",15.00,15.30,15.00,15.10,+0.15,"10,766",2303
108/12/03,"51,943,907","792,401,262",15.05,15.35,15.05,15.35,+0.25,"6,768",2303
108/12/04,"190,321,503","2,991,901,353",15.40,15.95,15.40,15.85,+0.50,"23,609",2303
108/12/05,"228,294,147","3,729,465,586",16.05,16.70,16.05,16.55,+0.70,"32,300",2303
108/12/06,"109,731,919","1,783,550,771",16.50,16.50,16.10,16.20,-0.35,"16,683",2303
108/12/09,"68,335,244","1,121,353,675",16.40,16.55,16.25,16.25,+0.05,"10,617",2303
108/12/10,"58,803,807","965,115,809",16.35,16.50,16.25,16.45,+0.20,"8,531",2303
108/12/11,"60,175,139","979,170,544",16.40,16.50,16.15,16.25,-0.20,"8,878",2303
108/12/12,"155,933,102","2,587,244,586",16.30,16.75,16.30,16.60,+0.35,"21,972",2303
108/12/13,"81,741,040","1,352,394,433",16.65,16.80,16.40,16.60, 0.00,"10,896",2303
108/12/16,"72,127,831","1,200,006,803",16.55,16.85,16.40,16.65,+0.05,"12,042",2303
108/12/17,"96,263,795","1,630,601,017",16.85,17.05,16.70,17.00,+0.35,"16,307",2303
108/12/18,"73,543,943","1,236,158,680",16.90,16.95,16.70,16.80,-0.20,"14,959",2303
108/12/19,"57,550,348","956,550,284",16.80,16.80,16.45,16.70,-0.10,"7,788",2303
108/12/20,"47,379,813","789,487,914",16.75,16.80,16.55,16.70, 0.00,"5,822",2303
108/12/23,"30,998,466","514,237,539",16.70,16.70,16.50,16.55,-0.15,"4,863",2303
108/12/24,"25,642,208","425,794,630",16.60,16.70,16.50,16.55, 0.00,"5,016",2303
108/12/25,"19,272,385","320,328,835",16.60,16.75,16.55,16.65,+0.10,"4,818",2303
108/12/26,"26,143,849","431,298,141",16.65,16.65,16.40,16.55,-0.10,"5,315",2303
108/12/27,"31,725,795","528,517,252",16.60,16.75,16.55,16.70,+0.15,"4,990",2303
108/12/30,"46,454,365","767,499,989",16.65,16.70,16.45,16.55,-0.15,"5,060",2303
108/12/31,"30,478,470","503,012,569",16.50,16.60,16.40,16.45,-0.10,"4,598",2303
109/01/02,"32,937,461","544,863,192",16.45,16.65,16.40,16.55,+0.10,"5,382",2303
109/01/03,"48,588,354","792,990,409",16.55,16.55,16.15,16.30,-0.25,"9,541",2303
109/01/06,"44,790,472","719,002,202",16.05,16.15,15.95,16.05,-0.25,"5,041",2303
109/01/07,"39,718,117","633,334,895",16.05,16.15,15.80,16.00,-0.05,"7,401",2303
109/01/08,"60,494,690","954,618,728",15.85,15.90,15.65,15.75,-0.25,"9,368",2303
109/01/09,"43,816,080","704,460,863",15.85,16.15,15.85,16.05,+0.30,"7,346",2303
109/01/10,"32,386,886","521,334,693",16.20,16.25,15.85,16.15,+0.10,"5,239",2303
109/01/13,"23,989,283","386,198,437",16.15,16.20,16.05,16.05,-0.10,"4,260",2303
109/01/14,"61,290,528","997,160,931",16.10,16.40,16.05,16.25,+0.20,"9,826",2303
109/01/15,"36,473,736","592,044,792",16.30,16.40,16.10,16.15,-0.10,"7,113",2303
109/01/16,"27,867,646","447,303,962",16.20,16.20,16.00,16.15, 0.00,"5,258",2303
109/01/17,"28,877,214","462,551,691",16.15,16.15,15.95,16.00,-0.15,"4,528",2303
109/01/20,"31,117,744","498,489,704",15.85,16.15,15.85,16.05,+0.05,"5,326",2303
109/01/30,"137,855,301","2,092,322,215",15.50,15.55,14.95,15.10,-0.95,"15,447",2303
109/01/31,"68,549,345","1,027,195,504",15.05,15.20,14.80,14.90,-0.20,"8,733",2303
109/02/03,"75,652,825","1,102,172,270",14.45,15.00,14.15,15.00,+0.10,"8,488",2303
109/02/04,"70,790,085","1,072,651,052",15.00,15.30,14.90,15.20,+0.20,"8,638",2303
109/02/05,"77,032,246","1,194,091,132",15.25,15.70,15.25,15.50,+0.30,"12,981",2303
109/02/06,"157,712,052","2,541,901,176",15.80,16.35,15.75,16.25,+0.75,"15,950",2303
109/02/07,"80,109,163","1,308,858,525",16.20,16.50,16.15,16.35,+0.10,"11,177",2303
109/02/10,"44,206,055","722,024,768",16.15,16.55,16.00,16.40,+0.05,"8,851",2303
109/02/11,"84,802,688","1,418,808,521",16.55,16.90,16.50,16.70,+0.30,"10,797",2303
109/02/12,"79,548,774","1,338,051,389",16.65,16.95,16.60,16.90,+0.20,"13,223",2303
109/02/13,"73,179,317","1,236,884,767",17.00,17.15,16.65,16.85,-0.05,"12,391",2303
109/02/14,"43,506,095","721,482,510",16.60,16.70,16.50,16.50,-0.35,"7,526",2303
109/02/17,"40,030,219","658,937,270",16.50,16.55,16.35,16.40,-0.10,"5,838",2303
109/02/18,"44,154,247","716,631,239",16.40,16.40,16.10,16.15,-0.25,"9,586",2303
109/02/19,"30,092,840","485,861,725",16.10,16.25,16.05,16.10,-0.05,"8,092",2303
109/02/20,"43,133,196","701,982,634",16.25,16.50,16.10,16.30,+0.20,"7,680",2303
109/02/21,"26,572,971","427,649,593",16.15,16.25,16.00,16.05,-0.25,"4,843",2303
109/02/24,"48,434,882","767,932,178",15.90,15.95,15.80,15.80,-0.25,"7,108",2303
109/02/25,"39,151,580","621,216,044",15.60,16.10,15.60,15.90,+0.10,"6,304",2303
109/02/26,"47,662,845","745,786,422",15.60,15.75,15.60,15.60,-0.30,"7,489",2303
109/02/27,"81,289,042","1,252,448,733",15.60,15.75,15.25,15.30,-0.30,"10,525",2303
109/03/02,"99,628,541","1,518,118,939",14.95,15.45,14.95,15.25,-0.05,"8,617",2303
109/03/03,"88,570,177","1,374,038,766",15.55,15.75,15.35,15.50,+0.25,"12,722",2303
109/03/04,"85,641,276","1,347,967,339",15.50,16.00,15.50,15.80,+0.30,"8,937",2303
109/03/05,"59,085,885","937,378,460",16.00,16.05,15.70,15.70,-0.10,"11,445",2303
109/03/06,"72,732,487","1,125,902,964",15.55,15.60,15.40,15.45,-0.25,"10,057",2303
109/03/09,"82,969,389","1,248,213,166",15.15,15.15,14.95,15.05,-0.40,"11,252",2303
109/03/10,"82,904,523","1,240,800,754",14.95,15.25,14.80,14.95,-0.10,"12,083",2303
109/03/11,"55,553,147","829,658,907",15.00,15.05,14.80,14.80,-0.15,"9,782",2303
109/03/12,"138,258,958","1,967,829,036",14.60,14.65,13.85,14.35,-0.45,"14,585",2303
109/03/13,"211,904,177","2,932,821,828",13.70,14.30,13.65,14.05,-0.30,"18,705",2303
109/03/16,"81,036,386","1,125,189,057",14.00,14.10,13.75,13.90,-0.15,"9,086",2303
109/03/17,"147,402,414","2,032,173,969",13.75,14.00,13.65,13.75,-0.15,"12,799",2303
109/03/18,"90,628,139","1,253,166,496",13.80,14.00,13.75,13.80,+0.05,"11,308",2303
109/03/19,"176,799,652","2,380,210,214",13.75,13.80,13.10,13.70,-0.10,"15,451",2303
109/03/20,"158,070,287","2,209,400,322",13.80,14.40,13.80,13.85,+0.15,"21,336",2303
109/03/23,"59,406,609","812,761,253",13.55,13.85,13.50,13.75,-0.10,"9,419",2303
109/03/24,"114,641,252","1,595,333,608",14.05,14.15,13.80,13.85,+0.10,"14,109",2303
109/03/25,"187,932,889","2,663,715,374",14.05,14.35,13.95,14.10,+0.25,"17,998",2303
109/03/26,"74,645,046","1,051,092,068",14.15,14.20,13.95,14.10, 0.00,"6,759",2303
109/03/27,"59,235,321","835,651,344",14.35,14.35,13.90,14.00,-0.10,"8,450",2303
109/03/30,"38,765,524","537,712,678",13.85,13.95,13.75,13.95,-0.05,"3,860",2303
109/03/31,"79,000,889","1,099,709,559",14.35,14.35,13.65,13.65,-0.30,"7,970",2303
109/04/01,"48,954,990","673,209,888",13.85,13.85,13.65,13.80,+0.15,"6,157",2303
109/04/06,"75,417,890","1,053,322,856",13.95,14.10,13.80,14.10,+0.30,"7,578",2303
109/04/07,"112,835,791","1,591,981,089",14.25,14.30,13.95,14.15,+0.05,"8,442",2303
109/04/08,"70,020,325","994,587,911",14.15,14.30,14.10,14.20,+0.05,"9,495",2303
109/04/09,"40,473,210","576,200,202",14.30,14.40,14.10,14.20, 0.00,"6,537",2303
109/04/10,"23,315,732","331,496,847",14.25,14.30,14.15,14.30,+0.10,"3,591",2303
109/04/13,"94,375,364","1,389,318,115",14.45,15.10,14.40,14.80,+0.50,"15,717",2303
109/04/14,"70,873,919","1,062,777,698",15.05,15.15,14.85,15.15,+0.35,"11,462",2303
109/04/15,"76,800,916","1,153,667,281",15.15,15.20,14.90,15.10,-0.05,"18,035",2303
109/04/16,"55,714,536","831,927,500",14.85,15.10,14.80,14.90,-0.20,"9,618",2303
109/04/17,"102,841,345","1,562,964,125",15.20,15.45,15.00,15.05,+0.15,"16,568",2303
109/04/20,"46,983,290","708,535,630",15.10,15.20,14.95,15.15,+0.10,"7,932",2303
109/04/21,"74,235,734","1,116,229,862",15.10,15.35,14.80,14.80,-0.35,"12,580",2303
109/04/22,"51,801,119","779,263,200",14.80,15.20,14.75,15.20,+0.40,"9,379",2303
109/04/23,"157,791,012","2,480,411,932",15.45,16.00,15.40,15.80,+0.60,"24,322",2303
109/04/24,"104,062,670","1,660,996,497",15.90,16.10,15.85,15.90,+0.10,"19,782",2303
109/04/27,"121,440,284","1,954,424,767",16.15,16.30,15.90,16.15,+0.25,"17,083",2303
109/04/28,"219,150,807","3,312,193,487",15.50,15.60,14.75,15.00,-1.15,"41,197",2303
109/04/29,"96,798,319","1,485,883,726",15.20,15.50,15.20,15.30,+0.30,"16,286",2303
109/04/30,"64,768,656","1,003,539,346",15.45,15.60,15.35,15.55,+0.25,"11,380",2303
109/05/04,"47,975,074","732,457,685",15.10,15.45,15.05,15.35,-0.20,"9,251",2303
109/05/05,"34,096,450","524,216,465",15.50,15.55,15.25,15.25,-0.10,"7,971",2303
109/05/06,"34,763,487","532,444,055",15.25,15.45,15.25,15.30,+0.05,"8,472",2303
109/05/07,"85,739,112","1,290,910,874",15.45,15.85,15.30,15.60,+0.30,"11,023",2303
109/05/08,"39,736,136","621,347,772",15.85,15.85,15.50,15.65,+0.05,"7,566",2303
109/05/11,"42,257,477","662,233,437",15.80,15.85,15.60,15.60,-0.05,"8,859",2303
109/05/12,"40,406,407","625,139,245",15.50,15.65,15.35,15.45,-0.15,"7,034",2303
109/05/13,"30,545,962","473,588,136",15.40,15.60,15.35,15.60,+0.15,"5,718",2303
109/05/14,"31,677,085","488,027,623",15.45,15.55,15.20,15.35,-0.25,"7,710",2303
109/05/15,"32,116,870","492,228,366",15.45,15.50,15.15,15.40,+0.05,"5,927",2303
109/05/18,"41,754,666","634,472,918",15.40,15.40,15.10,15.10,-0.30,"7,806",2303
109/05/19,"54,397,126","817,971,490",15.30,15.30,14.90,14.95,-0.15,"19,236",2303
109/05/20,"63,261,595","946,138,123",15.15,15.15,14.85,14.85,-0.10,"17,936",2303
109/05/21,"39,817,856","604,208,799",15.00,15.30,14.95,15.30,+0.45,"7,788",2303
109/05/22,"33,556,829","507,056,080",15.15,15.20,15.05,15.10,-0.20,"7,290",2303
109/05/25,"19,221,772","288,281,930",15.10,15.10,14.85,15.10, 0.00,"4,383",2303
109/05/26,"23,880,256","362,916,749",15.15,15.25,15.10,15.20,+0.10,"4,205",2303
109/05/27,"24,006,301","364,203,489",15.25,15.30,15.10,15.10,-0.10,"5,679",2303
109/05/28,"45,046,009","688,499,995",15.20,15.40,15.15,15.35,+0.25,"7,951",2303
109/05/29,"50,362,911","774,559,340",15.30,15.45,15.20,15.45,+0.10,"8,676",2303
109/06/01,"56,981,896","890,011,770",15.60,15.80,15.50,15.65,+0.20,"12,629",2303
109/06/02,"46,869,809","739,701,866",15.75,15.85,15.70,15.85,+0.20,"10,884",2303
109/06/03,"64,858,876","1,042,238,956",16.00,16.20,15.95,16.20,+0.35,"13,963",2303
109/06/04,"94,781,239","1,545,520,848",16.50,16.60,16.10,16.30,+0.10,"14,985",2303
109/06/05,"49,132,614","804,599,981",16.30,16.50,16.20,16.50,+0.20,"10,805",2303
109/06/08,"124,631,598","2,135,846,816",17.50,17.50,16.85,17.05,+0.55,"23,222",2303
109/06/09,"82,141,619","1,384,399,139",17.05,17.15,16.55,16.85,-0.20,"15,876",2303
109/06/10,"94,791,794","1,566,376,448",16.85,16.85,16.40,16.60,-0.25,"16,107",2303
109/06/11,"92,770,897","1,493,062,834",16.45,16.50,15.90,16.05,-0.55,"18,180",2303
109/06/12,"86,040,818","1,348,346,273",15.45,15.80,15.40,15.70,-0.35,"15,784",2303
109/06/15,"81,647,335","1,258,503,336",15.45,15.50,15.30,15.40,-0.30,"17,236",2303
109/06/16,"63,149,426","981,185,050",15.50,15.70,15.40,15.50,+0.10,"11,482",2303
109/06/17,"74,747,221","1,144,475,878",15.50,15.55,15.15,15.30,-0.20,"16,996",2303
109/06/18,"57,824,627","886,851,587",15.30,15.45,15.25,15.35,+0.05,"13,750",2303
109/06/19,"57,562,916","889,415,109",15.40,15.60,15.40,15.40,+0.05,"7,692",2303
109/06/22,"42,863,689","666,872,676",15.45,15.70,15.35,15.70,+0.30,"7,841",2303
109/06/23,"57,029,420","887,142,723",15.75,15.75,15.45,15.45,-0.25,"11,060",2303
109/06/24,"58,563,616","924,095,861",15.50,15.95,15.50,15.75,+0.30,"11,881",2303
109/06/29,"40,174,467","628,331,901",15.55,15.80,15.50,15.55,-0.20,"8,251",2303
109/06/30,"44,717,594","706,301,410",15.70,15.90,15.65,15.90,+0.35,"6,317",2303
109/07/01,"41,759,557","672,182,619",16.00,16.20,15.95,16.10,+0.20,"8,988",2303
109/07/02,"53,354,397","863,761,932",16.20,16.35,16.00,16.35,+0.25,"8,297",2303
109/07/03,"51,767,884","851,956,075",16.45,16.50,16.35,16.45,+0.10,"10,087",2303
109/07/06,"55,080,070","913,673,473",16.60,16.70,16.45,16.65,+0.20,"9,309",2303
109/07/07,"80,993,675","1,357,831,783",16.90,17.00,16.50,16.60,-0.05,"13,984",2303
109/07/08,"34,987,230","583,918,183",16.60,16.80,16.60,16.65,+0.05,"5,518",2303
109/07/09,"40,570,369","670,919,047",16.65,16.75,16.45,16.45,-0.20,"6,092",2303
109/07/10,"41,687,415","688,304,702",16.50,16.65,16.40,16.45, 0.00,"5,782",2303
109/07/13,"106,711,949","1,805,028,533",16.70,17.05,16.65,17.05,+0.60,"15,493",2303
109/07/14,"91,424,312","1,545,726,739",17.10,17.10,16.70,16.80,-0.25,"11,482",2303
109/07/15,"98,486,316","1,605,787,622",16.45,16.50,16.00,16.00,X0.00,"12,349",2303
109/07/16,"139,039,785","2,299,374,230",16.25,16.80,16.25,16.60,+0.60,"19,321",2303
109/07/17,"70,857,217","1,163,076,672",16.75,16.80,16.15,16.40,-0.20,"12,906",2303
109/07/20,"106,825,263","1,760,383,002",16.55,16.75,16.30,16.55,+0.15,"19,246",2303
109/07/21,"210,085,722","3,605,572,985",16.75,17.50,16.70,17.15,+0.60,"36,991",2303
109/07/22,"116,464,421","2,017,195,513",17.25,17.50,17.05,17.50,+0.35,"19,865",2303
109/07/23,"401,688,025","7,655,925,727",18.50,19.25,18.35,19.25,+1.75,"54,712",2303
109/07/24,"546,884,955","10,915,545,016",19.80,20.30,19.50,19.75,+0.50,"97,742",2303
109/07/27,"490,842,075","10,394,823,494",20.50,21.70,20.05,21.70,+1.95,"91,749",2303
109/07/28,"599,722,773","13,769,747,431",23.85,23.85,21.80,22.25,+0.55,"114,549",2303
109/07/29,"308,114,701","6,769,626,869",22.20,22.65,21.35,22.40,+0.15,"69,025",2303
109/07/30,"249,008,246","5,531,883,743",22.60,22.75,21.75,22.20,-0.20,"51,723",2303
109/07/31,"137,076,620","3,047,309,982",21.90,22.50,21.70,22.35,+0.15,"27,602",2303
109/08/03,"366,890,778","8,644,933,478",22.50,24.40,22.40,23.80,+1.45,"79,802",2303
109/08/04,"317,880,374","7,884,882,133",25.20,25.80,24.30,24.55,+0.75,"81,728",2303
109/08/05,"274,027,185","6,818,235,492",24.45,25.60,24.00,24.90,+0.35,"67,320",2303
109/08/06,"369,199,737","9,673,673,583",25.50,26.85,25.30,26.60,+1.70,"91,897",2303
109/08/07,"334,380,253","8,738,031,328",27.00,27.40,25.45,25.60,-1.00,"88,758",2303
109/08/10,"187,635,317","4,798,096,469",25.25,26.20,24.95,25.30,-0.30,"43,211",2303
109/08/11,"144,853,117","3,680,120,720",25.50,25.90,25.00,25.00,-0.30,"36,316",2303
109/08/12,"207,439,232","5,000,394,023",24.75,24.80,23.85,23.95,-1.05,"51,243",2303
109/08/13,"153,054,743","3,678,002,185",24.45,24.70,23.60,23.75,-0.20,"34,865",2303
109/08/14,"120,344,792","2,816,094,882",23.30,23.75,23.10,23.55,-0.20,"30,927",2303
109/08/17,"139,404,132","3,367,489,212",23.70,24.50,23.65,24.15,+0.60,"30,022",2303
109/08/18,"139,974,521","3,389,475,864",24.40,24.60,23.80,24.10,-0.05,"33,165",2303
109/08/19,"114,113,905","2,711,532,759",24.45,24.45,23.30,23.40,-0.70,"29,914",2303
109/08/20,"202,244,929","4,474,852,114",22.80,23.10,21.25,21.80,-1.60,"46,047",2303
109/08/21,"159,091,172","3,510,550,694",22.45,22.75,21.70,21.80, 0.00,"45,775",2303
109/08/24,"120,357,007","2,696,567,575",21.95,22.70,21.90,22.60,+0.80,"26,734",2303
109/08/25,"102,738,857","2,287,098,516",22.75,22.80,22.00,22.15,-0.45,"24,600",2303
109/08/26,"73,886,072","1,631,117,715",22.00,22.35,21.65,22.35,+0.20,"16,899",2303
109/08/27,"84,525,878","1,869,723,650",22.50,22.65,21.85,21.95,-0.40,"18,633",2303
109/08/28,"69,220,042","1,512,997,300",21.80,22.20,21.60,21.90,-0.05,"17,086",2303
109/08/31,"126,184,719","2,711,617,454",22.10,22.15,21.20,21.20,-0.70,"18,698",2303
109/09/01,"81,661,352","1,765,045,252",21.35,21.95,21.10,21.90,+0.70,"18,061",2303
109/09/02,"57,874,308","1,256,613,249",22.05,22.10,21.50,21.70,-0.20,"16,884",2303
109/09/03,"87,870,341","1,915,327,163",22.00,22.15,21.55,21.55,-0.15,"24,099",2303
109/09/04,"73,445,360","1,556,159,313",20.90,21.45,20.80,21.45,-0.10,"17,000",2303
109/09/07,"97,935,968","2,295,968,834",23.15,23.55,23.10,23.55,+2.10,"17,293",2303
109/09/08,"316,528,524","7,429,631,436",24.40,24.60,22.70,22.70,-0.85,"60,909",2303
109/09/09,"206,963,405","4,824,411,415",22.60,23.95,22.30,23.70,+1.00,"51,349",2303
109/09/10,"143,782,472","3,416,743,169",24.05,24.15,23.30,23.35,-0.35,"33,404",2303
109/09/11,"78,463,966","1,812,378,518",23.40,23.50,22.80,23.00,-0.35,"20,340",2303
109/09/14,"142,653,704","3,395,418,023",23.50,24.10,23.50,23.90,+0.90,"34,272",2303
109/09/15,"379,771,700","9,499,898,562",24.20,25.80,24.20,25.30,+1.40,"89,782",2303
109/09/16,"306,889,814","8,031,807,945",26.80,27.20,25.55,25.70,+0.40,"74,067",2303
109/09/17,"137,350,124","3,522,203,851",25.30,26.00,25.15,25.75,+0.05,"33,872",2303
109/09/18,"136,993,058","3,565,115,372",26.00,26.40,25.80,25.80,+0.05,"32,735",2303
109/09/21,"121,025,077","3,084,800,596",25.95,26.10,25.10,25.15,-0.65,"26,629",2303
109/09/22,"122,720,357","3,072,169,821",25.05,25.50,24.50,25.10,-0.05,"29,985",2303
109/09/23,"195,111,094","5,027,738,844",25.90,26.10,25.30,26.00,+0.90,"43,694",2303
109/09/24,"283,777,370","7,383,523,410",25.65,26.50,25.50,25.95,-0.05,"62,564",2303
109/09/25,"209,996,417","5,293,332,675",26.25,26.30,24.20,25.00,-0.95,"48,161",2303
109/09/28,"407,009,836","11,046,056,443",26.60,27.50,26.10,27.50,+2.50,"71,951",2303
109/09/29,"547,952,402","15,519,634,563",28.40,29.30,27.50,27.50, 0.00,"121,613",2303
109/09/30,"426,461,468","11,996,817,253",27.50,28.85,26.95,28.55,+1.05,"93,622",2303
109/10/05,"313,485,862","9,050,029,778",29.10,29.80,28.45,28.70,+0.15,"70,909",2303
109/10/06,"226,868,129","6,510,685,430",29.20,29.30,28.30,28.35,-0.35,"48,202",2303
109/10/07,"317,850,848","9,235,480,687",28.15,29.60,28.15,29.50,+1.15,"73,641",2303
109/10/08,"644,955,830","20,090,119,714",30.20,32.45,29.90,32.20,+2.70,"151,463",2303
109/10/12,"351,806,211","11,288,461,152",32.45,32.75,31.45,32.05,-0.15,"93,220",2303
109/10/13,"214,865,396","6,756,182,479",31.70,31.90,30.95,31.55,-0.50,"55,353",2303
109/10/14,"270,942,805","8,687,409,525",31.55,32.65,31.25,32.20,+0.65,"63,281",2303
109/10/15,"230,756,953","7,392,963,801",31.80,32.80,31.55,31.55,-0.65,"56,943",2303
109/10/16,"225,685,120","7,006,221,354",31.40,31.75,30.60,30.65,-0.90,"55,225",2303
109/10/19,"136,764,453","4,262,587,943",30.75,31.60,30.75,31.00,+0.35,"37,552",2303
109/10/20,"104,787,052","3,248,798,812",30.90,31.30,30.65,31.20,+0.20,"25,713",2303
109/10/21,"352,041,400","11,253,480,520",31.70,32.65,31.35,31.35,+0.15,"80,879",2303
109/10/22,"426,117,375","13,748,986,375",31.90,33.00,31.65,33.00,+1.65,"95,808",2303
109/10/23,"406,287,172","13,431,332,687",33.80,34.00,32.40,32.75,-0.25,"90,493",2303
109/10/26,"186,142,038","6,150,098,072",32.85,33.50,32.60,33.00,+0.25,"42,928",2303
109/10/27,"187,707,806","6,194,749,628",32.70,33.65,32.45,33.50,+0.50,"41,973",2303
109/10/28,"180,026,641","5,949,871,228",33.50,33.50,32.65,32.65,-0.85,"45,354",2303
109/10/29,"282,958,820","9,259,319,636",31.80,33.20,31.75,32.95,+0.30,"59,527",2303
109/10/30,"484,911,332","15,288,732,293",32.00,32.40,30.70,30.70,-2.25,"120,618",2303
109/11/02,"297,145,385","8,912,922,078",30.60,30.90,29.40,29.65,-1.05,"69,101",2303
109/11/03,"161,571,778","4,855,938,006",30.20,30.50,29.80,29.80,+0.15,"40,445",2303
109/11/04,"314,878,507","9,785,237,903",30.20,31.95,29.95,31.65,+1.85,"78,195",2303
109/11/05,"212,277,925","6,483,191,054",30.65,30.80,30.20,30.55,-1.10,"56,665",2303
109/11/06,"149,150,341","4,558,138,750",30.80,31.20,30.10,30.50,-0.05,"36,865",2303
109/11/09,"196,866,648","6,209,349,058",31.20,31.90,31.20,31.80,+1.30,"52,187",2303
109/11/10,"164,755,712","5,181,802,904",32.00,32.20,30.85,31.00,-0.80,"41,431",2303
109/11/11,"90,328,030","2,811,686,951",30.80,31.45,30.75,31.00, 0.00,"24,311",2303
109/11/12,"115,770,499","3,638,533,280",31.35,31.90,31.05,31.10,+0.10,"26,593",2303
109/11/13,"90,119,070","2,804,416,723",31.15,31.45,30.90,31.30,+0.20,"20,067",2303
109/11/16,"183,825,052","5,888,455,422",31.80,32.25,31.75,32.20,+0.90,"44,347",2303
109/11/17,"162,049,333","5,265,426,180",32.80,33.00,32.10,32.15,-0.05,"40,429",2303
109/11/18,"81,751,728","2,639,446,865",32.20,32.45,32.05,32.35,+0.20,"20,673",2303
109/11/19,"77,992,789","2,507,380,981",32.35,32.40,31.90,32.10,-0.25,"20,143",2303
109/11/20,"222,076,249","7,296,024,325",32.15,33.20,32.10,33.05,+0.95,"50,632",2303
109/11/23,"210,208,470","7,535,078,825",34.85,36.35,34.80,36.35,+3.30,"42,601",2303
109/11/24,"589,153,819","22,775,769,056",38.20,39.70,38.00,38.15,+1.80,"156,668",2303
109/11/25,"267,141,334","10,311,557,954",38.45,39.10,38.15,38.45,+0.30,"67,729",2303
109/11/26,"261,086,945","10,080,286,919",38.45,39.50,37.50,39.50,+1.05,"76,975",2303
109/11/27,"190,902,762","7,519,343,723",39.55,39.80,38.90,39.15,-0.35,"53,018",2303
109/11/30,"420,090,180","17,274,141,558",40.45,42.80,39.95,40.50,+1.35,"110,178",2303
109/12/01,"191,981,046","7,927,757,756",41.50,41.90,40.70,41.55,+1.05,"55,576",2303
109/12/02,"171,486,768","7,137,948,735",41.90,42.15,41.10,41.45,-0.10,"50,564",2303
109/12/03,"420,713,748","18,224,728,509",41.95,44.95,41.70,43.30,+1.85,"121,335",2303
109/12/04,"493,268,117","22,769,336,172",45.30,47.60,44.60,47.60,+4.30,"146,982",2303
109/12/07,"534,982,498","26,647,185,957",49.80,51.60,48.45,50.00,+2.40,"172,759",2303
109/12/08,"382,624,994","19,173,324,131",49.30,51.70,48.55,50.90,+0.90,"129,652",2303
109/12/09,"321,064,214","15,950,783,936",49.10,50.20,49.10,49.90,-1.00,"105,914",2303
109/12/10,"460,980,326","22,003,933,802",48.60,48.90,46.70,47.30,-2.60,"162,363",2303
109/12/11,"390,831,102","18,150,209,771",47.45,48.35,45.20,46.10,-1.20,"120,021",2303
109/12/14,"233,249,964","10,680,175,679",46.10,46.85,44.60,46.15,+0.05,"74,436",2303
109/12/15,"275,779,367","12,393,354,215",46.10,46.55,44.00,44.00,-2.15,"82,136",2303
109/12/16,"250,325,714","11,337,659,046",44.60,46.10,44.60,44.90,+0.90,"78,525",2303
109/12/17,"189,154,904","8,634,708,114",45.35,46.40,44.90,46.05,+1.15,"57,672",2303
109/12/18,"230,929,009","10,750,463,159",47.00,47.40,45.80,45.85,-0.20,"64,945",2303
109/12/21,"251,791,574","11,764,014,141",46.00,47.75,45.00,47.45,+1.60,"78,294",2303
109/12/22,"222,355,573","10,471,373,827",47.20,48.25,45.50,45.70,-1.75,"76,054",2303
109/12/23,"135,323,912","6,267,882,505",46.45,46.85,45.70,46.10,+0.40,"41,078",2303
109/12/24,"97,966,440","4,575,058,747",46.90,47.05,46.30,46.55,+0.45,"29,924",2303
109/12/25,"97,512,133","4,581,552,392",47.10,47.45,46.55,46.75,+0.20,"32,665",2303
109/12/28,"221,527,717","10,616,889,944",47.10,48.85,47.00,48.60,+1.85,"74,179",2303
109/12/29,"251,092,444","12,062,745,076",49.20,49.45,47.20,47.40,-1.20,"84,169",2303
109/12/30,"153,219,574","7,337,754,227",47.45,48.35,47.10,48.30,+0.90,"50,838",2303
109/12/31,"302,544,317","14,298,849,868",48.80,48.85,45.90,47.15,-1.15,"93,967",2303
110/01/04,"404,287,511","18,275,865,330",46.15,46.50,44.00,45.55,-1.60,"141,658",2303
110/01/05,"203,151,626","9,201,292,538",44.90,46.35,44.55,46.35,+0.80,"68,714",2303
110/01/06,"302,206,740","14,254,097,781",47.55,47.75,45.90,46.95,+0.60,"103,484",2303
110/01/07,"166,045,819","7,740,378,209",47.35,47.60,46.00,46.20,-0.75,"52,112",2303
110/01/08,"338,482,001","16,095,382,370",46.70,48.35,46.30,47.85,+1.65,"99,945",2303
110/01/11,"443,638,194","21,795,207,081",48.20,50.10,47.55,50.00,+2.15,"138,063",2303
110/01/12,"491,919,725","24,570,843,112",50.50,51.90,48.40,48.45,-1.55,"154,553",2303
110/01/13,"266,941,347","13,323,825,315",49.45,50.30,49.10,50.00,+1.55,"77,843",2303
110/01/14,"199,727,784","10,003,386,531",49.80,50.90,49.50,49.90,-0.10,"63,846",2303
110/01/15,"331,036,918","16,586,403,287",51.60,51.80,48.75,48.75,-1.15,"99,564",2303
110/01/18,"190,786,703","9,234,420,950",48.30,49.85,46.50,49.65,+0.90,"61,688",2303
110/01/19,"550,193,363","28,630,856,523",50.60,53.90,50.00,53.00,+3.35,"171,509",2303
110/01/20,"519,997,814","27,748,767,076",54.00,54.90,51.60,52.10,-0.90,"175,457",2303
110/01/21,"348,707,985","18,705,525,225",52.80,54.70,52.20,54.00,+1.90,"112,643",2303
110/01/22,"423,774,771","23,673,553,672",54.00,57.20,53.60,56.50,+2.50,"143,465",2303
110/01/25,"318,727,755","18,249,923,902",57.60,58.60,56.00,57.20,+0.70,"108,698",2303
110/01/26,"323,042,265","17,964,503,480",57.10,57.60,53.90,54.80,-2.40,"125,737",2303
110/01/27,"231,131,296","12,725,243,723",55.00,56.20,54.20,54.80, 0.00,"83,270",2303
110/01/28,"452,064,256","23,363,179,223",51.20,53.30,50.20,51.20,-3.60,"160,733",2303
110/01/29,"272,439,447","14,011,797,389",52.30,52.60,50.00,50.00,-1.20,"94,782",2303
110/02/01,"242,326,135","12,161,551,657",49.70,51.60,48.85,50.80,+0.80,"85,577",2303
110/02/02,"241,455,230","12,636,549,259",51.70,53.00,51.30,52.60,+1.80,"78,589",2303
110/02/03,"176,459,826","9,223,429,679",53.00,53.60,51.60,52.00,-0.60,"60,142",2303
110/02/04,"95,373,456","4,940,122,422",51.60,52.40,51.20,51.90,-0.10,"34,724",2303
110/02/05,"145,274,677","7,636,222,764",52.50,53.00,52.10,52.90,+1.00,"45,608",2303
110/02/17,"355,339,256","20,326,824,814",57.60,58.00,56.10,57.60,+4.70,"120,768",2303
110/02/18,"288,059,576","16,703,365,565",57.60,59.40,56.70,58.20,+0.60,"102,334",2303
110/02/19,"191,246,156","11,012,376,908",57.60,58.40,56.90,57.20,-1.00,"62,688",2303
110/02/22,"182,775,583","10,487,159,803",58.00,58.30,56.80,56.80,-0.40,"64,091",2303
110/02/23,"206,602,334","11,443,526,912",55.10,56.20,54.70,55.80,-1.00,"79,122",2303
110/02/24,"180,656,679","10,020,878,080",55.40,56.70,54.60,54.70,-1.10,"73,591",2303
110/02/25,"112,476,809","6,286,999,747",56.30,56.50,55.50,55.70,+1.00,"42,356",2303
110/02/26,"176,299,400","9,612,592,906",54.30,55.20,54.20,54.20,-1.50,"67,929",2303
110/03/02,"163,944,936","8,886,052,113",55.30,55.60,52.70,52.70,-1.50,"66,557",2303
110/03/03,"285,125,555","14,695,725,693",52.00,52.70,50.60,51.90,-0.80,"108,544",2303
110/03/04,"384,755,859","19,161,684,715",50.20,50.80,49.00,49.05,-2.85,"165,635",2303
110/03/05,"349,619,577","16,539,986,973",46.80,48.20,46.35,47.05,-2.00,"129,272",2303
110/03/08,"212,695,318","10,020,048,790",47.95,48.10,46.05,46.10,-0.95,"77,443",2303
110/03/09,"264,755,904","12,111,158,071",45.50,46.70,44.90,46.35,+0.25,"95,566",2303
110/03/10,"192,335,820","9,015,477,148",47.20,47.35,46.35,46.55,+0.20,"63,449",2303
110/03/11,"240,352,456","11,604,114,336",47.00,49.10,46.85,48.65,+2.10,"83,168",2303
110/03/12,"183,940,008","9,095,604,865",49.25,50.10,49.10,49.10,+0.45,"69,297",2303
110/03/15,"102,039,877","4,930,336,965",49.00,49.05,48.10,48.15,-0.95,"41,308",2303
110/03/16,"111,862,572","5,413,642,494",48.50,49.15,47.90,48.30,+0.15,"41,013",2303
110/03/17,"113,793,428","5,463,143,398",48.45,48.50,47.65,48.00,-0.30,"46,264",2303
110/03/18,"160,016,239","7,630,425,006",48.00,48.45,47.00,47.05,-0.95,"64,727",2303
110/03/19,"185,889,345","8,578,944,884",46.10,46.55,45.50,46.05,-1.00,"60,464",2303
110/03/22,"175,443,002","8,337,044,384",46.10,48.30,45.90,48.20,+2.15,"63,551",2303
110/03/23,"175,622,299","8,597,705,713",48.95,49.65,48.50,48.50,+0.30,"65,471",2303
110/03/24,"122,860,580","5,816,711,940",47.85,48.05,47.15,47.15,-1.35,"45,402",2303
110/03/25,"163,386,842","7,851,807,861",47.00,48.75,46.75,48.65,+1.50,"59,283",2303
110/03/26,"222,732,393","11,090,564,085",49.75,50.00,49.35,49.75,+1.10,"82,381",2303
110/03/29,"157,066,163","7,875,921,270",50.60,51.00,49.30,49.35,-0.40,"62,002",2303
110/03/30,"168,086,685","8,406,681,205",49.55,50.70,48.80,50.60,+1.25,"63,452",2303
110/03/31,"184,404,989","9,321,593,685",50.10,51.20,49.80,50.20,-0.40,"55,893",2303
110/04/01,"85,795,793","4,348,979,608",51.00,51.30,50.30,50.50,+0.30,"29,766",2303
110/04/06,"110,723,760","5,654,638,028",51.40,51.50,50.70,50.70,+0.20,"36,537",2303
110/04/07,"103,388,212","5,283,292,614",50.90,51.50,50.70,51.50,+0.80,"36,675",2303
110/04/08,"347,099,184","18,632,439,128",51.70,55.00,51.50,54.00,+2.50,"120,353",2303
110/04/09,"214,576,819","11,607,776,412",55.00,55.20,53.00,53.00,-1.00,"75,159",2303
110/04/12,"136,214,722","7,338,511,562",54.20,54.60,53.00,53.60,+0.60,"45,893",2303
110/04/13,"426,359,771","23,682,772,974",54.20,57.00,53.60,54.40,+0.80,"139,363",2303
110/04/14,"352,171,816","18,636,215,378",55.40,55.70,50.50,52.70,-1.70,"125,729",2303
110/04/15,"156,211,936","8,217,946,242",52.00,53.40,51.80,53.10,+0.40,"46,773",2303
110/04/16,"265,218,460","14,439,598,053",53.70,55.40,53.00,54.00,+0.90,"76,394",2303
110/04/19,"146,441,798","7,993,396,042",54.70,55.20,53.70,54.60,+0.60,"47,175",2303
110/04/20,"117,157,906","6,335,850,135",54.20,54.70,53.60,54.10,-0.50,"37,099",2303
110/04/21,"127,366,439","6,833,973,149",53.80,54.50,53.20,53.40,-0.70,"47,840",2303
110/04/22,"338,155,244","18,674,995,099",55.00,56.20,53.80,54.80,+1.40,"111,420",2303
110/04/23,"438,045,328","24,818,472,429",56.00,57.50,55.20,57.00,+2.20,"144,315",2303
110/04/26,"511,527,235","31,176,694,064",60.50,61.80,59.80,61.80,+4.80,"164,967",2303
110/04/27,"321,579,822","19,597,550,478",62.00,62.70,60.10,60.50,-1.30,"120,681",2303
110/04/28,"293,373,823","17,561,286,220",60.80,61.10,58.80,60.00,-0.50,"104,041",2303
110/04/29,"456,717,391","26,266,837,530",58.30,58.70,56.70,56.70,-3.30,"173,430",2303
110/05/03,"323,558,912","17,474,975,249",55.00,55.40,52.80,53.00,-3.70,"133,204",2303
110/05/04,"346,875,599","18,446,060,064",53.10,55.10,51.00,54.60,+1.60,"130,607",2303
110/05/05,"208,373,802","11,069,938,510",54.60,54.80,51.80,51.80,-2.80,"81,070",2303
110/05/06,"171,739,001","8,888,142,190",52.10,52.90,50.60,51.30,-0.50,"64,639",2303
110/05/07,"170,031,294","9,110,027,409",52.70,54.10,52.60,54.00,+2.70,"64,826",2303
110/05/10,"118,082,387","6,274,584,539",54.20,54.20,52.50,52.50,-1.50,"47,233",2303
110/05/11,"284,651,875","14,132,044,781",50.00,50.80,48.05,49.00,-3.50,"119,998",2303
110/05/12,"355,398,866","16,591,640,079",48.40,49.70,44.10,46.35,-2.65,"132,661",2303
110/05/13,"325,343,998","15,300,475,389",44.85,48.85,44.45,47.55,+1.20,"112,071",2303
110/05/14,"235,494,255","11,329,316,812",48.80,49.65,46.65,46.80,-0.75,"85,723",2303
110/05/17,"231,958,428","10,379,308,325",43.80,46.65,43.05,43.95,-2.85,"82,587",2303
110/05/18,"280,228,999","13,351,727,305",46.25,48.30,46.00,48.30,+4.35,"76,531",2303
110/05/19,"211,964,090","10,266,935,609",48.35,49.20,47.50,48.30, 0.00,"76,279",2303
110/05/20,"173,152,554","8,158,231,813",47.50,48.00,46.45,46.50,-1.80,"64,858",2303
110/05/21,"146,240,160","6,927,587,864",47.75,48.20,46.85,46.95,+0.45,"45,128",2303
110/05/24,"160,119,346","7,678,694,424",46.60,49.00,46.35,48.70,+1.75,"53,979",2303
110/05/25,"385,084,250","19,814,678,848",50.20,53.00,49.90,51.90,+3.20,"128,888",2303
110/05/26,"241,846,803","12,615,936,863",52.30,53.50,51.10,51.30,-0.60,"87,237",2303
110/05/27,"167,118,586","8,474,206,889",50.70,51.70,50.00,50.60,-0.70,"51,445",2303
110/05/28,"216,934,422","11,353,403,574",52.10,53.00,51.60,52.40,+1.80,"76,958",2303
110/05/31,"199,782,391","10,529,680,882",52.90,53.50,51.90,53.00,+0.60,"66,441",2303
110/06/01,"153,776,392","8,141,177,626",53.20,54.00,52.20,52.20,-0.80,"54,862",2303
110/06/02,"115,730,617","6,039,026,235",52.60,53.00,51.60,52.00,-0.20,"43,439",2303
110/06/03,"380,138,640","20,495,504,319",52.80,55.30,52.30,55.00,+3.00,"124,928",2303
110/06/04,"260,150,677","13,904,231,359",54.00,54.40,53.00,53.00,-2.00,"97,458",2303
110/06/07,"183,701,585","9,642,415,177",53.50,53.60,51.50,52.30,-0.70,"66,241",2303
110/06/08,"107,619,446","5,653,210,762",52.60,53.20,52.20,52.20,-0.10,"36,694",2303
110/06/09,"210,880,690","10,755,821,558",51.70,51.90,50.20,50.70,-1.50,"87,577",2303
110/06/10,"121,662,346","6,238,149,463",51.00,51.90,50.30,51.50,+0.80,"43,870",2303
110/06/11,"98,451,957","5,131,458,832",52.20,52.70,51.60,51.80,+0.30,"37,725",2303
110/06/15,"186,367,942","9,953,984,764",53.00,53.90,52.80,53.70,+1.90,"67,721",2303
110/06/16,"145,061,837","7,661,740,732",53.30,53.50,52.20,52.40,-1.30,"55,738",2303
110/06/17,"103,617,748","5,422,484,325",51.60,53.30,51.30,53.30,+0.90,"37,575",2303
110/06/18,"128,892,107","6,814,653,443",53.60,53.80,52.20,52.20,-1.10,"40,083",2303
110/06/21,"122,927,917","6,308,831,720",51.60,52.00,51.00,51.20,-1.00,"49,607",2303
110/06/22,"88,780,999","4,553,096,390",51.90,52.10,50.90,51.00,-0.20,"33,912",2303
110/06/23,"153,985,685","8,078,615,022",51.50,53.20,51.30,53.00,+2.00,"54,226",2303
110/06/24,"150,176,504","7,967,608,040",52.90,53.60,52.30,53.00, 0.00,"49,774",2303
110/06/25,"123,053,840","6,589,063,457",53.80,54.20,52.90,52.90,-0.10,"40,445",2303
110/06/28,"71,873,129","3,785,239,477",53.20,53.30,52.40,52.60,-0.30,"25,100",2303
110/06/29,"105,346,515","5,610,896,704",53.30,53.70,52.90,53.00,+0.40,"36,358",2303
110/06/30,"92,968,171","4,962,651,511",53.70,53.80,53.10,53.10,+0.10,"30,719",2303
110/07/01,"93,298,609","4,902,640,069",53.30,53.40,52.10,52.10,-1.00,"36,656",2303
110/07/02,"65,761,082","3,450,983,036",52.10,52.90,52.10,52.60,+0.50,"23,664",2303
110/07/05,"261,523,816","14,196,826,551",53.00,55.20,52.80,54.40,+1.80,"92,754",2303
110/07/06,"144,822,076","7,806,135,651",54.90,55.20,53.30,53.40,-1.00,"54,709",2303
110/07/07,"105,991,674","5,683,197,870",53.30,54.10,53.10,53.60,+0.20,"35,870",2303
110/07/08,"96,052,368","5,131,650,310",53.90,54.10,53.00,53.10,-0.50,"38,079",2303
110/07/09,"111,351,648","5,818,685,837",52.50,52.80,51.90,52.20,-0.90,"44,502",2303
110/07/12,"149,279,243","7,997,761,164",53.60,54.30,52.90,53.20,+1.00,"44,042",2303
110/07/13,"261,975,318","14,289,962,416",53.90,55.20,53.60,53.90,+0.70,"92,754",2303
110/07/14,"119,847,041","6,514,482,642",54.80,55.00,53.60,54.00,+0.10,"41,162",2303
110/07/15,"182,155,940","10,006,659,181",54.40,55.30,54.20,55.10,+1.10,"56,284",2303
110/07/16,"254,836,284","13,644,558,607",53.50,54.20,53.00,53.70,-1.40,"81,970",2303
110/07/19,"142,678,384","7,534,630,142",53.40,53.40,52.50,52.60,-1.10,"50,529",2303
110/07/20,"111,149,026","5,832,518,586",52.30,53.10,52.10,52.40,-0.20,"41,707",2303
110/07/21,"201,374,400","10,355,744,297",53.00,53.10,50.20,50.80,-1.60,"78,205",2303
110/07/22,"233,371,650","12,120,562,781",51.10,52.80,50.80,52.00,X0.00,"66,632",2303
110/07/23,"208,158,788","11,110,269,848",53.00,54.10,52.70,52.70,+0.70,"68,362",2303
110/07/26,"137,792,338","7,429,437,189",54.00,54.40,53.60,53.70,+1.00,"42,572",2303
110/07/27,"118,561,484","6,355,294,561",54.20,54.30,53.10,53.10,-0.60,"35,962",2303
110/07/28,"199,999,316","10,261,061,610",52.40,52.60,50.50,51.80,-1.30,"68,871",2303
110/07/29,"437,075,578","23,760,926,840",53.90,55.00,53.30,54.60,+2.80,"132,593",2303
110/07/30,"690,359,467","39,827,899,349",55.80,59.90,55.80,57.80,+3.20,"241,096",2303
110/08/02,"340,901,871","19,876,433,538",59.30,59.70,56.80,57.50,-0.30,"120,660",2303
110/08/03,"262,067,103","15,357,827,071",57.60,59.40,57.30,59.40,+1.90,"93,176",2303
110/08/04,"311,901,869","18,746,703,345",60.20,60.80,59.10,60.50,+1.10,"106,594",2303
110/08/05,"483,378,173","30,193,203,959",61.00,63.90,60.20,63.40,+2.90,"179,708",2303
110/08/06,"348,569,245","21,849,829,382",63.50,63.80,61.60,62.10,-1.30,"127,312",2303
110/08/09,"208,521,248","12,882,147,367",61.60,62.90,60.70,61.90,-0.20,"76,369",2303
110/08/10,"315,261,153","19,021,842,833",62.00,62.30,59.20,59.80,-2.10,"117,643",2303
110/08/11,"237,426,777","14,202,448,567",59.70,61.00,58.80,59.90,+0.10,"89,120",2303
110/08/12,"166,046,386","10,067,001,494",60.30,61.50,59.80,60.10,+0.20,"63,743",2303
110/08/13,"224,287,962","13,139,069,298",60.30,60.40,57.50,57.60,-2.50,"92,591",2303
110/08/16,"142,298,113","8,116,696,727",56.50,58.00,56.40,57.10,-0.50,"53,394",2303
110/08/17,"152,522,836","8,722,680,594",58.00,58.40,56.00,56.10,-1.00,"60,872",2303
110/08/18,"191,647,664","10,854,557,110",55.30,58.20,55.30,58.10,+2.00,"72,968",2303
110/08/19,"176,910,444","9,958,487,679",57.20,57.40,55.50,55.50,-2.60,"75,363",2303
110/08/20,"142,080,089","7,894,698,421",56.30,56.40,54.40,55.70,+0.20,"54,324",2303
110/08/23,"163,631,951","9,501,111,840",57.40,58.80,57.00,58.60,+2.90,"63,137",2303
110/08/24,"177,627,550","10,503,233,062",59.60,60.10,58.30,58.40,-0.20,"62,833",2303
110/08/25,"224,638,879","13,469,417,911",59.40,60.60,59.20,60.00,+1.60,"80,289",2303
110/08/26,"260,011,814","15,956,594,885",62.40,62.70,60.30,61.20,+1.20,"91,121",2303
110/08/27,"170,082,864","10,410,623,518",61.00,61.80,60.40,61.70,+0.50,"56,210",2303
110/08/30,"205,442,250","12,840,138,404",62.40,63.00,61.70,62.80,+1.10,"72,017",2303
110/08/31,"180,847,429","11,272,433,572",62.40,63.10,61.50,63.10,+0.30,"64,334",2303
110/09/01,"259,821,175","16,598,177,753",62.80,64.50,62.60,64.10,+1.00,"96,807",2303
110/09/02,"420,645,040","27,496,843,467",65.00,67.00,64.00,64.00,-0.10,"156,279",2303
110/09/03,"638,063,034","43,390,185,703",65.50,70.00,65.40,70.00,+6.00,"228,700",2303
110/09/06,"583,661,231","40,902,840,347",69.10,72.00,68.30,69.90,-0.10,"225,730",2303
110/09/07,"330,249,196","22,635,837,603",70.10,70.60,67.60,68.20,-1.70,"132,245",2303
110/09/08,"371,885,112","24,660,663,857",67.10,67.90,65.10,65.80,-2.40,"154,978",2303
110/09/09,"280,520,696","18,807,104,182",65.30,67.90,65.10,67.50,+1.70,"108,577",2303
110/09/10,"212,753,216","14,505,749,534",67.40,69.00,67.20,68.20,+0.70,"85,294",2303
110/09/13,"164,864,791","11,125,814,895",68.30,68.90,66.80,66.80,-1.40,"72,951",2303
110/09/14,"157,499,816","10,448,160,310",67.00,67.30,65.60,66.00,-0.80,"68,454",2303
110/09/15,"105,174,181","6,936,180,065",66.20,66.50,65.50,65.60,-0.40,"44,576",2303
110/09/16,"141,524,687","9,420,005,650",66.20,67.50,65.80,66.20,+0.60,"56,182",2303
110/09/17,"169,502,998","11,207,197,784",66.20,67.20,65.50,65.60,-0.60,"58,757",2303
110/09/22,"165,678,289","10,634,829,995",63.20,65.00,63.10,64.60,-1.00,"68,983",2303
110/09/23,"118,464,856","7,765,469,801",65.90,66.10,65.00,65.20,+0.60,"42,930",2303
110/09/24,"128,088,567","8,522,274,594",66.00,67.10,65.80,67.00,+1.80,"53,751",2303
110/09/27,"93,097,296","6,192,264,695",67.30,67.50,66.00,66.30,-0.70,"37,349",2303
110/09/28,"80,807,624","5,295,620,159",65.80,66.00,65.30,65.30,-1.00,"36,771",2303
110/09/29,"218,033,670","13,826,107,037",63.60,64.30,63.00,63.00,-2.30,"102,194",2303
110/09/30,"120,964,563","7,693,353,787",63.30,64.40,62.50,64.00,+1.00,"48,846",2303
110/10/01,"143,009,127","8,996,341,122",63.40,63.80,62.10,62.60,-1.40,"66,241",2303
110/10/04,"131,588,514","8,093,505,303",63.10,63.30,60.60,60.80,-1.80,"57,284",2303
110/10/05,"190,242,195","11,381,192,173",58.70,61.30,58.00,61.10,+0.30,"74,444",2303
110/10/06,"132,290,871","7,981,282,638",61.50,61.70,59.50,59.90,-1.20,"55,150",2303
110/10/07,"151,564,410","9,383,245,619",60.90,62.60,60.80,62.50,+2.60,"54,990",2303
110/10/08,"115,288,376","7,118,690,623",62.60,62.60,61.00,61.10,-1.40,"46,914",2303
110/10/12,"163,058,961","9,611,190,175",59.50,59.70,58.50,58.50,-2.60,"69,923",2303
110/10/13,"232,296,933","13,263,023,931",58.30,58.90,56.40,56.40,-2.10,"91,344",2303
110/10/14,"118,944,029","6,769,333,173",57.30,57.60,56.50,56.70,+0.30,"44,650",2303
110/10/15,"213,190,852","12,642,697,260",58.20,60.20,58.00,59.10,+2.40,"84,322",2303
110/10/18,"119,994,514","7,089,070,979",59.70,59.70,58.40,58.40,-0.70,"38,856",2303
110/10/19,"103,901,458","6,168,514,645",59.10,59.90,58.40,59.60,+1.20,"34,318",2303
110/10/20,"150,444,442","8,925,517,466",59.80,60.20,58.30,58.70,-0.90,"52,440",2303
110/10/21,"131,728,583","7,673,343,261",58.10,59.10,57.40,58.00,-0.70,"47,880",2303
110/10/22,"104,075,473","6,026,342,307",58.00,58.50,57.20,58.30,+0.30,"37,433",2303
110/10/25,"122,369,701","7,162,446,789",58.00,59.40,57.30,59.40,+1.10,"43,202",2303
110/10/26,"179,241,315","10,778,199,684",59.80,60.80,59.40,59.80,+0.40,"57,596",2303
110/10/27,"205,673,445","12,524,106,645",60.00,61.90,59.60,61.90,+2.10,"67,910",2303
110/10/28,"274,100,496","16,557,483,799",60.70,61.10,59.80,59.80,-2.10,"100,345",2303
110/10/29,"229,397,821","13,400,573,579",59.50,59.50,58.00,58.00,-1.80,"98,833",2303
110/11/01,"134,144,926","7,765,013,232",58.10,58.60,57.40,57.60,-0.40,"56,202",2303
110/11/02,"196,610,350","11,673,227,967",58.20,60.20,58.10,59.00,+1.40,"76,873",2303
110/11/03,"93,583,437","5,559,516,528",60.00,60.10,59.00,59.20,+0.20,"33,598",2303
110/11/04,"76,461,160","4,507,344,911",59.90,59.90,58.50,58.60,-0.60,"28,923",2303
110/11/05,"187,161,521","11,248,816,941",59.60,60.90,59.20,60.40,+1.80,"70,534",2303
110/11/08,"207,964,234","12,842,671,899",60.70,62.50,60.50,62.50,+2.10,"82,065",2303
110/11/09,"229,917,342","14,694,502,223",63.80,64.90,63.10,63.10,+0.60,"95,041",2303
110/11/10,"128,033,517","8,093,147,002",63.40,64.00,62.40,63.10, 0.00,"51,497",2303
110/11/11,"108,617,850","6,783,978,515",62.40,62.80,62.10,62.20,-0.90,"43,548",2303
110/11/12,"108,784,766","6,874,056,759",63.30,63.80,62.50,62.60,+0.40,"41,122",2303
110/11/15,"74,723,917","4,729,381,259",63.60,63.70,62.80,63.40,+0.80,"28,781",2303
110/11/16,"75,321,000","4,770,945,833",63.70,63.70,63.00,63.00,-0.40,"27,393",2303
110/11/17,"111,672,389","7,086,737,039",63.30,64.10,62.70,63.60,+0.60,"37,926",2303
110/11/18,"83,090,853","5,258,199,651",63.60,63.90,63.00,63.10,-0.50,"26,748",2303
110/11/19,"369,983,118","24,089,459,415",64.20,66.10,64.00,65.10,+2.00,"122,359",2303
110/11/22,"152,277,291","9,923,646,837",65.50,66.00,64.60,64.70,-0.40,"48,115",2303
110/11/23,"136,648,850","8,686,923,047",64.50,64.50,62.90,63.20,-1.50,"56,573",2303
110/11/24,"93,507,208","5,874,883,330",62.70,63.40,62.50,63.10,-0.10,"39,210",2303
110/11/25,"67,823,318","4,266,325,823",63.50,63.50,62.60,63.00,-0.10,"30,909",2303
110/11/26,"182,950,308","11,606,844,458",64.60,64.80,62.50,62.50,-0.50,"64,150",2303
110/11/29,"111,522,499","6,914,977,085",62.00,62.70,60.90,62.40,-0.10,"45,536",2303
110/11/30,"278,039,788","17,946,671,441",64.30,65.20,63.70,63.70,+1.30,"82,636",2303
110/12/01,"271,771,178","17,840,072,516",64.40,67.00,64.10,67.00,+3.30,"105,145",2303
110/12/02,"310,855,392","20,981,992,809",67.40,68.50,66.60,66.70,-0.30,"119,965",2303
110/12/03,"184,869,986","12,543,191,944",67.60,68.40,67.00,68.30,+1.60,"71,450",2303
110/12/06,"135,275,019","9,104,720,191",68.20,68.20,66.70,67.30,-1.00,"56,049",2303
110/12/07,"155,940,341","10,399,376,491",67.90,67.90,66.20,66.50,-0.80,"60,053",2303
110/12/08,"145,655,452","9,817,471,029",68.20,68.20,66.50,66.50, 0.00,"53,570",2303
110/12/09,"284,846,501","18,443,409,906",65.10,65.70,64.00,64.00,-2.50,"129,156",2303
110/12/10,"150,492,336","9,528,543,401",62.90,64.20,62.70,63.50,-0.50,"69,749",2303
110/12/13,"105,861,369","6,691,591,378",63.90,63.90,62.80,62.80,-0.70,"49,586",2303
110/12/14,"104,224,750","6,481,167,549",62.50,62.70,61.50,62.40,-0.40,"47,831",2303
110/12/15,"93,432,341","5,874,484,487",62.50,63.40,62.50,62.70,+0.30,"34,084",2303
110/12/16,"137,992,139","8,767,242,391",64.20,64.60,62.90,63.00,+0.30,"47,146",2303
110/12/17,"87,887,977","5,482,562,791",62.20,62.70,62.10,62.30,-0.70,"36,055",2303
110/12/20,"64,252,312","3,998,612,703",62.30,62.60,62.00,62.20,-0.10,"26,938",2303
110/12/21,"77,194,530","4,858,716,774",62.60,63.30,62.40,62.90,+0.70,"28,819",2303
110/12/22,"82,805,019","5,272,644,398",63.40,63.90,63.30,63.70,+0.80,"32,057",2303
110/12/23,"70,807,092","4,541,813,830",64.40,64.50,63.80,63.90,+0.20,"26,576",2303
110/12/24,"75,488,445","4,867,851,988",64.30,64.90,64.10,64.30,+0.40,"28,199",2303
110/12/27,"45,906,409","2,956,940,265",64.60,64.70,64.20,64.30, 0.00,"18,222",2303
110/12/28,"80,111,178","5,199,591,684",64.90,65.20,64.70,64.70,+0.40,"27,677",2303
110/12/29,"53,066,878","3,449,617,994",65.10,65.20,64.70,65.00,+0.30,"23,425",2303
110/12/30,"48,163,092","3,131,603,444",65.10,65.30,64.80,65.00, 0.00,"17,634",2303
111/01/03,"120,579,321","7,703,650,583",65.20,65.50,63.20,63.40,-1.60,"53,695",2303
111/01/04,"113,869,488","7,199,967,522",63.50,64.00,62.80,63.00,-0.40,"48,968",2303
111/01/05,"83,199,424","5,269,138,715",63.00,64.00,62.70,63.10,+0.10,"35,367",2303
111/01/06,"80,954,633","5,065,137,992",62.50,62.90,62.40,62.70,-0.40,"38,516",2303
111/01/07,"99,406,218","6,249,676,446",63.70,63.70,62.50,62.60,-0.10,"40,236",2303
111/01/10,"96,153,356","5,967,864,106",62.00,62.50,61.80,62.10,-0.50,"41,817",2303
111/01/11,"44,373,034","2,758,117,283",62.30,62.50,61.90,62.10, 0.00,"20,115",2303
111/01/12,"74,326,930","4,617,740,586",62.70,62.80,61.80,61.90,-0.20,"32,024",2303
111/01/13,"115,987,854","7,308,096,525",62.10,63.60,62.10,63.30,+1.40,"47,782",2303
111/01/14,"92,692,964","5,814,297,368",63.50,63.50,62.20,62.70,-0.60,"40,502",2303
111/01/17,"155,223,136","9,905,586,991",63.10,64.40,63.00,64.30,+1.60,"58,200",2303
111/01/18,"97,361,618","6,266,004,521",64.50,64.90,63.80,63.80,-0.50,"42,747",2303
111/01/19,"75,426,320","4,754,340,700",63.00,63.50,62.80,62.80,-1.00,"36,420",2303
111/01/20,"62,252,029","3,935,702,373",62.90,63.80,62.50,63.50,+0.70,"24,116",2303
111/01/21,"84,304,314","5,298,432,673",62.70,63.30,62.60,62.80,-0.70,"36,686",2303
111/01/24,"105,175,064","6,530,463,850",62.30,62.80,61.20,62.60,-0.20,"46,910",2303
111/01/25,"128,936,775","7,958,973,785",61.80,62.20,61.50,61.50,-1.10,"54,791",2303
111/01/26,"402,133,363","23,148,847,286",56.40,58.50,56.10,57.30,-4.20,"186,194",2303
111/02/07,"304,373,205","16,752,435,915",56.90,57.00,53.70,54.50,-2.80,"131,764",2303
111/02/08,"146,741,680","8,086,859,522",54.60,55.90,54.60,55.40,+0.90,"69,929",2303
111/02/09,"104,595,015","5,868,986,383",56.30,56.80,55.70,56.00,+0.60,"45,738",2303
111/02/10,"114,341,052","6,383,450,556",57.00,57.00,55.10,55.80,-0.20,"46,148",2303
111/02/11,"84,972,540","4,720,107,500",55.50,56.00,55.00,55.40,-0.40,"38,526",2303
111/02/14,"160,543,749","8,570,961,013",54.00,54.10,53.00,53.00,-2.40,"87,569",2303
111/02/15,"100,850,321","5,416,903,004",53.00,54.30,53.00,53.50,+0.50,"44,846",2303
111/02/16,"90,864,952","4,943,200,380",54.60,54.90,54.10,54.10,+0.60,"41,861",2303
111/02/17,"68,310,921","3,727,481,094",54.70,55.00,54.10,54.40,+0.30,"29,160",2303
111/02/18,"82,216,592","4,413,618,054",53.80,54.00,53.50,53.70,-0.70,"41,252",2303
111/02/21,"77,342,367","4,157,897,262",53.30,54.40,53.00,53.80,+0.10,"34,355",2303
111/02/22,"112,741,123","5,962,656,701",53.20,53.40,52.30,52.80,-1.00,"56,585",2303
111/02/23,"56,448,462","3,003,144,935",52.90,53.60,52.90,53.60,+0.80,"28,554",2303
111/02/24,"106,503,907","5,568,641,316",52.80,53.20,51.70,51.80,-1.80,"57,541",2303
111/02/25,"109,311,186","5,735,541,360",53.00,53.30,52.00,52.10,+0.30,"48,740",2303
111/03/01,"117,494,374","6,321,681,135",53.00,54.50,52.50,54.10,+2.00,"45,205",2303
111/03/02,"58,016,597","3,102,969,984",53.20,53.90,53.10,53.60,-0.50,"30,333",2303
111/03/03,"51,713,681","2,800,451,635",54.20,54.50,53.80,54.20,+0.60,"24,275",2303
111/03/04,"45,582,895","2,436,581,284",53.30,53.80,53.20,53.40,-0.80,"28,947",2303
111/03/07,"107,606,101","5,571,210,359",52.80,52.80,51.30,51.60,-1.80,"61,258",2303
111/03/08,"180,287,297","9,041,335,610",50.60,51.20,49.50,49.70,-1.90,"97,960",2303
111/03/09,"98,203,213","5,054,495,564",50.80,52.20,50.50,51.80,+2.10,"51,585",2303
111/03/10,"98,569,832","5,240,112,949",53.50,53.80,52.60,52.80,+1.00,"47,354",2303
111/03/11,"47,021,432","2,471,114,716",52.70,53.00,52.30,52.50,-0.30,"29,315",2303
111/03/14,"59,759,854","3,128,307,592",52.70,53.10,51.80,52.50, 0.00,"25,064",2303
111/03/15,"118,324,946","6,003,320,460",51.40,51.60,50.20,50.40,-2.10,"68,484",2303
111/03/16,"82,588,688","4,175,217,464",51.20,51.30,50.10,50.80,+0.40,"38,029",2303
111/03/17,"106,648,904","5,597,421,561",52.40,52.80,52.20,52.60,+1.80,"37,310",2303
111/03/18,"66,366,735","3,498,785,389",52.70,53.00,52.50,52.80,+0.20,"22,183",2303
111/03/21,"51,116,003","2,729,774,792",53.50,53.70,53.10,53.50,+0.70,"22,473",2303
111/03/22,"47,847,440","2,549,312,902",53.50,53.50,52.90,53.50, 0.00,"19,119",2303
111/03/23,"63,589,704","3,423,382,206",53.80,54.20,53.60,53.80,+0.30,"27,399",2303
111/03/24,"51,198,782","2,717,245,605",53.00,53.40,52.90,53.20,-0.60,"25,468",2303
111/03/25,"42,288,486","2,256,948,605",53.50,53.60,53.00,53.30,+0.10,"20,724",2303
111/03/28,"40,471,428","2,155,186,429",53.20,53.80,52.80,53.60,+0.30,"16,868",2303
111/03/29,"39,644,134","2,128,234,516",53.90,54.00,53.30,53.70,+0.10,"19,350",2303
111/03/30,"72,860,449","3,944,736,027",54.10,54.50,54.00,54.50,+0.80,"31,002",2303
111/03/31,"48,478,339","2,615,987,922",54.10,54.20,53.80,54.00,-0.50,"21,667",2303
111/04/01,"84,161,916","4,440,132,288",53.10,53.10,52.50,52.90,-1.10,"38,776",2303
111/04/06,"145,865,641","7,464,044,574",51.60,51.70,50.80,51.10,-1.80,"69,413",2303
111/04/07,"114,103,048","5,728,994,346",50.10,50.60,50.00,50.00,-1.10,"63,724",2303
111/04/08,"92,177,478","4,615,636,293",50.10,50.40,50.00,50.00, 0.00,"49,672",2303
111/04/11,"174,438,622","8,497,773,501",50.00,50.00,48.05,48.20,-1.80,"104,543",2303
111/04/12,"154,848,941","7,346,520,132",47.30,48.15,47.00,47.30,-0.90,"73,986",2303
111/04/13,"91,923,630","4,434,624,724",47.85,48.75,47.75,48.50,+1.20,"52,468",2303
111/04/14,"63,831,087","3,095,821,731",49.00,49.05,48.20,48.25,-0.25,"30,919",2303
111/04/15,"89,412,104","4,215,147,172",47.40,47.45,47.00,47.05,-1.20,"51,220",2303
111/04/18,"71,337,667","3,309,830,610",46.60,46.85,46.20,46.20,-0.85,"38,241",2303
111/04/19,"70,240,272","3,290,481,600",46.75,47.15,46.60,46.65,+0.45,"30,299",2303
111/04/20,"63,807,807","3,023,146,346",47.45,47.65,47.10,47.65,+1.00,"26,208",2303
111/04/21,"58,300,497","2,799,739,670",47.90,48.40,47.65,48.05,+0.40,"26,330",2303
111/04/22,"44,827,546","2,125,631,017",47.50,47.65,47.20,47.65,-0.40,"21,169",2303
111/04/25,"110,188,630","5,036,528,634",46.50,46.50,45.30,45.50,-2.15,"61,812",2303
111/04/26,"51,833,901","2,370,052,289",46.00,46.10,45.25,45.75,+0.25,"22,583",2303
111/04/27,"105,139,888","4,616,947,246",44.00,44.40,43.55,44.40,-1.35,"48,972",2303
111/04/28,"236,257,390","11,252,094,425",46.30,48.80,45.85,48.50,+4.10,"95,392",2303
111/04/29,"187,887,783","9,163,118,917",49.60,49.90,47.70,47.80,-0.70,"94,683",2303
111/05/03,"84,742,931","4,035,817,555",47.70,48.50,47.10,47.25,-0.55,"37,907",2303
111/05/04,"63,296,856","3,022,859,966",47.35,48.30,47.35,48.30,+1.05,"21,677",2303
111/05/05,"104,304,351","5,138,004,812",49.70,49.85,48.85,49.10,+0.80,"43,955",2303
111/05/06,"83,033,697","3,993,665,453",47.45,48.55,47.40,48.55,-0.55,"32,219",2303
111/05/09,"64,054,228","3,100,336,530",48.50,49.00,47.90,47.90,-0.65,"36,564",2303
111/05/10,"85,245,939","4,089,413,936",47.00,48.90,46.85,48.90,+1.00,"32,825",2303
111/05/11,"98,646,989","4,802,393,261",48.60,49.20,48.25,48.65,-0.25,"36,954",2303
111/05/12,"70,505,371","3,392,971,013",48.15,48.60,47.70,47.80,-0.85,"38,332",2303
111/05/13,"74,032,345","3,611,868,305",48.50,49.10,48.30,48.85,+1.05,"26,906",2303
111/05/16,"113,273,822","5,638,327,400",49.75,50.30,49.30,49.45,+0.60,"42,855",2303
111/05/17,"90,046,056","4,513,745,974",50.00,50.40,49.70,50.10,+0.65,"36,807",2303
111/05/18,"96,004,232","4,897,397,320",51.00,51.30,50.70,50.90,+0.80,"41,810",2303
111/05/19,"87,198,490","4,356,514,782",49.30,50.80,49.30,50.80,-0.10,"36,602",2303
111/05/20,"55,034,004","2,796,583,496",51.10,51.20,50.50,50.70,-0.10,"20,272",2303
111/05/23,"51,326,592","2,598,202,133",51.20,51.40,50.10,50.30,-0.40,"22,417",2303
111/05/24,"70,934,684","3,515,909,297",50.40,50.50,49.00,49.00,-1.30,"40,948",2303
111/05/25,"55,559,490","2,727,938,391",49.05,49.45,48.65,49.35,+0.35,"24,096",2303
111/05/26,"38,858,741","1,930,484,854",49.90,50.20,49.30,49.40,+0.05,"16,988",2303
111/05/27,"44,363,749","2,221,349,400",50.00,50.20,49.90,50.20,+0.80,"19,256",2303
111/05/30,"56,562,951","2,876,763,377",51.00,51.40,50.50,51.00,+0.80,"21,393",2303
111/05/31,"91,174,553","4,670,197,090",50.90,51.50,50.70,51.40,+0.40,"26,053",2303
111/06/01,"53,404,047","2,740,788,934",51.10,51.60,51.00,51.20,-0.20,"20,020",2303
111/06/02,"49,329,799","2,506,238,468",50.90,51.00,50.60,50.70,-0.50,"16,267",2303
111/06/06,"90,457,699","4,658,855,522",51.20,52.00,50.70,52.00,+1.30,"28,451",2303
111/06/07,"60,715,004","3,133,105,237",51.60,51.90,51.20,51.70,-0.30,"18,471",2303
111/06/08,"71,075,738","3,720,536,378",52.20,52.70,52.10,52.40,+0.70,"26,668",2303
111/06/09,"39,566,348","2,056,209,670",52.10,52.20,51.80,51.80,-0.60,"15,645",2303
111/06/10,"42,867,342","2,196,514,297",51.00,51.70,50.80,51.20,-0.60,"15,905",2303
111/06/13,"81,291,395","4,072,182,037",50.10,50.40,49.90,50.00,-1.20,"34,814",2303
111/06/14,"66,413,467","3,276,990,562",49.25,49.70,49.10,49.60,-0.40,"30,057",2303
111/06/15,"59,748,228","2,986,700,101",49.95,50.40,49.65,49.65,+0.05,"25,291",2303
111/06/16,"65,503,334","3,270,193,472",50.50,50.80,49.05,49.10,-0.55,"22,860",2303
111/06/17,"152,888,180","7,282,143,224",48.05,48.20,47.20,47.65,-1.45,"59,132",2303
111/06/20,"124,251,050","6,007,782,200",48.40,49.00,47.80,48.05,+0.40,"46,383",2303
111/06/21,"132,538,225","6,428,682,581",48.50,49.30,47.95,49.30,+1.25,"34,211",2303
111/06/22,"201,496,372","9,101,066,169",46.30,46.35,44.10,44.10,X0.00,"85,117",2303
111/06/23,"205,738,606","8,691,432,201",44.05,44.15,41.05,42.00,-2.10,"89,914",2303
111/06/24,"98,449,440","4,149,996,273",42.50,42.95,41.60,41.60,-0.40,"46,466",2303
111/06/27,"89,601,381","3,835,252,928",42.60,43.30,42.40,42.90,+1.30,"32,114",2303
111/06/28,"56,891,391","2,401,580,010",42.95,42.95,41.85,41.85,-1.05,"27,741",2303
111/06/29,"68,758,865","2,819,932,611",41.25,41.55,40.70,40.90,-0.95,"33,114",2303
111/06/30,"120,114,197","4,751,270,749",40.60,40.60,39.15,39.15,-1.75,"51,973",2303
111/07/01,"136,580,082","5,322,506,465",39.15,39.90,38.05,38.05,-1.10,"50,875",2303
111/07/04,"113,909,230","4,329,495,107",38.05,38.50,37.50,38.15,+0.10,"47,037",2303
111/07/05,"84,509,323","3,276,934,418",39.40,39.55,38.00,38.90,+0.75,"34,995",2303
111/07/06,"101,957,607","3,862,294,774",38.50,38.90,37.15,37.15,-1.75,"39,026",2303
111/07/07,"170,189,410","6,641,620,005",37.85,40.50,37.25,39.85,+2.70,"61,130",2303
111/07/08,"115,975,402","4,652,447,647",40.45,40.70,39.40,39.70,-0.15,"53,617",2303
111/07/11,"78,825,938","3,065,218,076",39.85,40.00,38.35,38.60,-1.10,"31,256",2303
111/07/12,"122,451,228","4,557,815,195",37.70,38.00,36.75,36.75,-1.85,"49,543",2303
111/07/13,"113,324,829","4,335,121,732",38.80,39.00,37.85,38.05,+1.30,"39,143",2303
111/07/14,"106,395,292","4,079,742,362",37.90,39.20,37.40,38.80,+0.75,"43,048",2303
111/07/15,"93,487,143","3,647,371,166",39.00,39.40,38.50,38.95,+0.15,"38,688",2303
111/07/18,"94,815,586","3,781,453,961",39.60,40.20,39.50,40.00,+1.05,"36,428",2303
111/07/19,"50,247,515","2,003,396,498",39.65,40.15,39.55,39.90,-0.10,"23,457",2303
111/07/20,"75,266,858","3,069,591,701",41.00,41.15,40.45,40.75,+0.85,"32,514",2303
111/07/21,"137,873,596","5,793,954,738",41.00,42.80,40.80,42.80,+2.05,"63,065",2303
111/07/22,"114,422,479","4,858,121,330",42.80,43.05,42.05,42.45,-0.35,"55,051",2303
111/07/25,"103,298,465","4,199,459,923",41.30,41.35,40.20,40.50,-1.95,"47,398",2303
111/07/26,"162,333,028","6,313,905,948",40.10,40.10,38.30,38.60,-1.90,"73,131",2303
111/07/27,"109,311,679","4,252,070,707",38.35,39.50,38.20,39.45,+0.85,"38,830",2303
111/07/28,"148,811,597","5,871,941,584",40.45,40.50,38.70,38.80,-0.65,"55,261",2303
111/07/29,"109,441,619","4,373,054,407",39.50,40.20,39.40,40.15,+1.35,"39,585",2303
111/08/01,"44,761,025","1,793,123,673",40.05,40.30,39.55,40.30,+0.15,"20,965",2303
111/08/02,"71,987,582","2,816,887,979",39.55,39.60,38.80,39.10,-1.20,"36,979",2303
111/08/03,"46,591,014","1,823,621,242",39.10,39.35,38.80,39.30,+0.20,"17,607",2303
111/08/04,"75,435,773","3,008,903,525",39.80,40.20,39.35,40.00,+0.70,"28,036",2303
111/08/05,"159,318,746","6,621,097,176",40.95,42.35,40.60,42.15,+2.15,"61,976",2303
111/08/08,"70,525,380","2,910,436,636",41.40,41.65,41.00,41.05,-1.10,"42,475",2303
111/08/09,"57,688,094","2,355,906,597",40.85,41.45,40.15,41.05, 0.00,"25,038",2303
111/08/10,"61,391,310","2,472,403,498",40.30,40.45,40.05,40.30,-0.75,"24,825",2303
111/08/11,"84,715,688","3,529,350,350",41.65,41.85,41.40,41.70,+1.40,"28,612",2303
111/08/12,"71,449,978","3,020,256,533",41.90,42.65,41.80,42.35,+0.65,"28,438",2303
111/08/15,"96,761,514","4,178,757,820",42.85,43.50,42.80,43.50,+1.15,"36,378",2303
111/08/16,"55,441,095","2,388,910,369",43.55,43.60,42.85,43.05,-0.45,"31,199",2303
111/08/17,"48,633,823","2,085,544,532",43.15,43.20,42.65,42.85,-0.20,"22,454",2303
111/08/18,"37,790,290","1,597,335,335",42.10,42.50,42.05,42.50,-0.35,"15,244",2303
111/08/19,"34,193,642","1,465,855,035",42.75,43.20,42.50,43.00,+0.50,"14,941",2303
111/08/22,"56,323,990","2,365,076,025",42.20,42.25,41.80,41.85,-1.15,"23,360",2303
111/08/23,"61,137,073","2,502,265,518",40.95,41.25,40.80,40.80,-1.05,"25,856",2303
111/08/24,"36,269,688","1,488,827,387",41.10,41.35,40.85,40.90,+0.10,"12,979",2303
111/08/25,"36,820,074","1,523,982,717",41.30,41.65,41.15,41.40,+0.50,"12,568",2303
111/08/26,"42,046,948","1,753,104,051",42.00,42.15,41.30,41.30,-0.10,"16,394",2303
111/08/29,"78,213,765","3,107,422,913",39.65,40.05,39.30,39.95,-1.35,"29,865",2303
111/08/30,"36,206,080","1,460,396,373",40.10,40.85,39.85,40.40,+0.45,"14,932",2303
111/08/31,"47,132,681","1,924,043,645",40.05,41.20,39.90,41.10,+0.70,"15,530",2303
111/09/01,"40,392,085","1,631,408,028",40.20,40.70,40.00,40.45,-0.65,"15,949",2303
111/09/02,"49,686,440","2,014,851,493",40.60,40.85,40.30,40.50,+0.05,"12,021",2303
111/09/05,"89,026,289","3,536,209,510",40.30,40.50,39.25,39.80,-0.70,"32,040",2303
111/09/06,"38,195,535","1,524,714,380",39.95,40.20,39.75,39.95,+0.15,"13,000",2303
111/09/07,"57,160,464","2,252,635,834",39.60,39.80,39.15,39.20,-0.75,"24,498",2303
111/09/08,"44,927,971","1,768,628,432",39.70,39.70,39.10,39.30,+0.10,"17,055",2303
111/09/12,"69,020,816","2,792,710,178",40.00,40.95,40.00,40.15,+0.85,"24,580",2303
111/09/13,"38,547,435","1,567,720,936",40.60,40.80,40.50,40.75,+0.60,"15,731",2303
111/09/14,"54,335,019","2,171,071,953",39.45,40.40,39.40,40.15,-0.60,"17,887",2303
111/09/15,"45,562,826","1,842,482,673",40.40,40.75,40.10,40.40,+0.25,"13,867",2303
111/09/16,"58,469,253","2,342,490,453",40.30,40.35,39.95,39.95,-0.45,"19,348",2303
111/09/19,"31,877,611","1,272,227,717",39.95,40.10,39.70,39.95, 0.00,"12,681",2303
111/09/20,"37,859,379","1,519,151,943",40.20,40.45,39.90,40.15,+0.20,"11,500",2303
111/09/21,"51,769,681","2,049,312,750",39.85,39.95,39.30,39.60,-0.55,"20,722",2303
111/09/22,"55,897,290","2,168,739,620",39.00,39.05,38.60,38.75,-0.85,"23,275",2303
111/09/23,"45,973,616","1,766,697,012",38.50,38.90,38.15,38.30,-0.45,"19,304",2303
111/09/26,"68,337,113","2,544,513,180",37.80,37.85,36.75,36.85,-1.45,"30,021",2303
111/09/27,"46,408,586","1,726,309,333",37.30,37.50,36.85,37.30,+0.45,"15,853",2303
111/09/28,"73,329,162","2,694,587,620",37.50,37.95,36.15,36.20,-1.10,"27,851",2303
111/09/29,"46,721,349","1,712,729,611",37.20,37.25,36.15,36.55,+0.35,"18,642",2303
111/09/30,"81,976,722","2,910,893,387",35.60,35.80,35.05,35.75,-0.80,"25,007",2303
111/10/03,"58,000,228","2,054,944,118",35.35,35.95,35.00,35.35,-0.40,"19,173",2303
111/10/04,"76,913,355","2,858,246,468",36.30,37.70,36.30,37.70,+2.35,"30,613",2303
111/10/05,"95,299,435","3,684,774,759",38.80,39.00,38.25,38.30,+0.60,"36,952",2303
111/10/06,"57,762,996","2,233,296,011",38.55,39.00,38.20,38.95,+0.65,"18,974",2303
111/10/07,"49,174,036","1,879,112,178",38.60,38.60,38.00,38.05,-0.90,"20,367",2303
111/10/11,"97,839,900","3,501,321,810",36.30,36.40,35.30,35.40,-2.65,"41,843",2303
111/10/12,"84,253,260","3,038,869,755",35.20,36.75,35.15,36.70,+1.30,"28,910",2303
111/10/13,"70,729,586","2,590,957,007",36.65,37.20,36.20,36.40,-0.30,"26,334",2303
111/10/14,"119,588,359","4,590,280,403",38.10,38.75,37.80,38.70,+2.30,"40,766",2303
111/10/17,"82,083,128","3,083,357,297",37.80,38.10,37.05,37.75,-0.95,"28,184",2303
111/10/18,"63,644,252","2,440,585,615",38.65,38.80,38.00,38.25,+0.50,"22,286",2303
111/10/19,"70,803,827","2,723,117,976",38.30,38.90,38.00,38.20,-0.05,"25,370",2303
111/10/20,"116,442,060","4,503,253,725",37.70,39.50,37.55,39.50,+1.30,"31,586",2303
111/10/21,"92,166,361","3,631,694,345",39.50,39.95,38.90,39.05,-0.45,"34,704",2303
111/10/24,"103,094,876","4,132,280,612",40.55,40.80,39.40,39.40,+0.35,"35,709",2303
111/10/25,"91,737,110","3,645,614,957",39.85,40.10,39.35,39.45,+0.05,"30,583",2303
111/10/26,"103,670,352","4,007,012,332",39.60,39.60,38.00,38.10,-1.35,"42,285",2303
111/10/27,"90,730,891","3,520,446,729",37.95,39.40,37.90,39.25,+1.15,"28,821",2303
111/10/28,"53,747,429","2,067,699,765",38.70,38.80,38.20,38.30,-0.95,"19,638",2303
111/10/31,"51,338,460","2,007,306,235",39.00,39.30,38.80,39.10,+0.80,"16,827",2303
111/11/01,"35,354,188","1,381,681,270",38.85,39.30,38.75,39.05,-0.05,"13,774",2303
111/11/02,"40,000,843","1,572,371,992",39.25,39.60,39.00,39.35,+0.30,"13,919",2303
111/11/03,"36,229,365","1,411,207,862",38.85,39.15,38.60,39.00,-0.35,"12,466",2303
111/11/04,"30,457,765","1,181,800,905",38.70,39.10,38.60,38.90,-0.10,"12,292",2303
111/11/07,"75,978,674","3,036,311,410",39.50,40.20,39.50,40.05,+1.15,"27,274",2303
111/11/08,"63,757,797","2,564,996,989",40.30,40.60,39.80,40.15,+0.10,"23,843",2303
111/11/09,"100,896,976","4,149,033,380",40.80,41.45,40.75,41.45,+1.30,"37,720",2303
111/11/10,"65,260,302","2,695,940,009",41.10,41.65,40.90,41.65,+0.20,"22,610",2303
111/11/11,"193,007,972","8,568,628,210",45.20,45.50,43.90,44.00,+2.35,"69,660",2303
111/11/14,"127,055,282","5,679,045,806",44.80,45.00,44.30,44.90,+0.90,"39,536",2303
111/11/15,"195,205,437","9,027,316,022",45.00,47.10,44.80,46.60,+1.70,"77,799",2303
111/11/16,"130,615,406","5,959,515,102",46.90,46.90,45.05,45.25,-1.35,"63,438",2303
111/11/17,"94,694,792","4,258,315,474",44.80,45.70,44.25,45.60,+0.35,"37,304",2303
111/11/18,"74,795,570","3,440,734,632",46.20,46.60,45.40,45.60, 0.00,"32,564",2303
111/11/21,"41,344,063","1,889,835,216",45.85,46.00,45.45,45.65,+0.05,"14,877",2303
111/11/22,"65,582,394","3,011,560,332",45.55,46.15,45.25,46.10,+0.45,"22,696",2303
111/11/23,"46,029,768","2,131,300,231",46.35,46.50,46.10,46.10, 0.00,"22,473",2303
111/11/24,"39,028,196","1,795,960,027",46.40,46.50,45.60,46.20,+0.10,"17,422",2303
111/11/25,"33,919,263","1,555,022,015",46.05,46.15,45.70,45.80,-0.40,"13,923",2303
111/11/28,"78,573,435","3,498,853,241",44.60,44.95,44.20,44.40,-1.40,"29,100",2303
111/11/29,"58,196,968","2,578,586,257",44.05,44.75,43.65,44.65,+0.25,"22,993",2303
111/11/30,"61,840,469","2,792,259,953",44.35,45.80,44.15,45.80,+1.15,"17,452",2303
111/12/01,"73,991,578","3,408,681,596",46.50,46.65,45.60,45.60,-0.20,"32,319",2303
111/12/02,"54,243,640","2,453,006,741",44.80,45.65,44.80,45.50,-0.10,"17,732",2303
111/12/05,"37,514,008","1,713,329,516",45.65,45.90,45.40,45.40,-0.10,"15,262",2303
111/12/06,"40,607,350","1,823,940,539",45.20,45.40,44.50,44.50,-0.90,"16,462",2303
111/12/07,"75,156,560","3,307,018,246",44.00,44.75,43.65,43.65,-0.85,"28,282",2303
111/12/08,"76,939,113","3,291,819,548",43.65,43.70,42.50,42.50,-1.15,"34,293",2303
111/12/09,"55,504,878","2,412,969,179",43.40,43.95,43.05,43.50,+1.00,"21,702",2303
111/12/12,"25,807,210","1,118,703,984",43.35,43.65,43.00,43.50, 0.00,"12,616",2303
111/12/13,"54,847,262","2,408,822,677",44.00,44.20,43.60,43.80,+0.30,"18,647",2303
111/12/14,"49,233,691","2,177,856,534",44.30,44.50,43.95,44.45,+0.65,"16,681",2303
111/12/15,"38,519,033","1,699,063,479",44.00,44.45,43.85,44.25,-0.20,"17,170",2303
111/12/16,"95,330,771","4,167,914,409",43.15,44.30,42.95,44.30,+0.05,"29,062",2303
111/12/19,"83,550,841","3,602,209,978",43.25,43.50,42.85,42.95,-1.35,"29,809",2303
111/12/20,"80,717,740","3,408,885,926",42.50,42.85,41.85,41.85,-1.10,"27,734",2303
111/12/21,"56,915,825","2,394,405,000",41.95,42.45,41.75,42.00,+0.15,"19,912",2303
111/12/22,"52,268,222","2,239,549,660",42.65,43.10,42.50,42.85,+0.85,"15,868",2303
111/12/23,"34,060,157","1,427,254,266",41.95,42.15,41.70,41.95,-0.90,"15,507",2303
111/12/26,"23,207,953","970,826,225",42.00,42.00,41.60,41.90,-0.05,"8,446",2303
111/12/27,"23,436,345","987,992,103",42.05,42.50,41.85,41.85,-0.05,"8,633",2303
111/12/28,"52,072,157","2,133,890,657",41.50,41.50,40.65,40.80,-1.05,"23,554",2303
111/12/29,"33,389,363","1,357,271,992",40.25,41.05,40.20,40.75,-0.05,"12,728",2303
111/12/30,"31,821,012","1,304,706,366",41.30,41.45,40.70,40.70,-0.05,"11,431",2303
112/01/03,"34,837,924","1,429,088,126",40.45,41.50,40.25,41.40,+0.70,"11,807",2303
112/01/04,"23,638,607","976,626,584",41.25,41.60,41.05,41.05,-0.35,"8,701",2303
112/01/05,"29,377,553","1,217,437,235",41.80,41.80,41.10,41.25,+0.20,"10,338",2303
112/01/06,"55,006,322","2,307,218,799",41.30,42.40,41.25,42.40,+1.15,"20,354",2303
112/01/09,"119,712,112","5,264,075,078",43.60,44.50,43.35,44.50,+2.10,"54,576",2303
112/01/10,"91,859,993","4,113,559,587",44.50,45.00,44.20,45.00,+0.50,"35,023",2303
112/01/11,"68,129,447","3,080,219,891",45.30,45.50,44.85,45.15,+0.15,"24,174",2303
112/01/12,"58,223,810","2,627,002,757",45.35,45.50,44.70,45.15, 0.00,"21,050",2303
112/01/13,"69,030,914","3,135,964,011",45.70,45.90,45.15,45.40,+0.25,"26,615",2303
112/01/16,"68,041,885","3,061,599,314",45.25,45.55,44.60,44.90,-0.50,"25,705",2303
112/01/17,"124,003,475","5,661,857,963",44.95,46.00,44.85,45.95,+1.05,"45,790",2303
112/01/30,"264,740,891","12,748,197,712",47.95,48.80,47.50,48.80,+2.85,"96,637",2303
112/01/31,"138,536,178","6,748,580,860",48.30,49.10,47.90,48.80, 0.00,"47,072",2303
112/02/01,"115,133,990","5,676,797,136",49.50,49.50,48.95,49.25,+0.45,"45,846",2303
112/02/02,"114,098,694","5,730,356,073",50.00,50.50,50.00,50.40,+1.15,"44,107",2303
112/02/03,"63,139,735","3,163,235,859",50.20,50.40,50.00,50.10,-0.30,"21,605",2303
112/02/06,"64,022,562","3,163,818,104",49.70,49.80,49.05,49.05,-1.05,"28,093",2303
112/02/07,"55,344,450","2,709,590,667",48.55,49.45,48.35,49.15,+0.10,"20,640",2303
112/02/08,"92,301,107","4,647,328,373",49.80,50.70,49.75,50.50,+1.35,"36,033",2303
112/02/09,"55,013,417","2,778,495,665",49.85,50.90,49.80,50.50, 0.00,"21,136",2303
112/02/10,"62,497,880","3,169,633,970",50.50,51.20,50.20,50.80,+0.30,"21,222",2303
112/02/13,"58,753,295","2,920,820,798",50.20,50.20,49.15,49.75,-1.05,"26,853",2303
112/02/14,"38,211,905","1,924,064,878",50.20,50.70,50.00,50.40,+0.65,"17,265",2303
112/02/15,"54,208,787","2,714,131,760",49.90,50.60,49.75,49.90,-0.50,"22,480",2303
112/02/16,"56,382,709","2,830,062,444",50.40,50.50,49.70,50.10,+0.20,"18,795",2303
112/02/17,"37,823,237","1,885,469,130",49.65,50.20,49.35,50.00,-0.10,"16,629",2303
112/02/20,"47,031,722","2,373,924,328",50.00,50.80,49.80,50.50,+0.50,"19,531",2303
112/02/21,"28,867,482","1,458,242,210",50.40,50.70,50.20,50.60,+0.10,"9,403",2303
112/02/22,"56,737,182","2,812,290,278",49.50,49.80,49.40,49.55,-1.05,"20,144",2303
112/02/23,"69,948,050","3,513,685,626",49.90,50.50,49.75,50.20,+0.65,"28,773",2303
112/02/24,"63,974,513","3,217,880,652",50.70,50.80,49.95,49.95,-0.25,"21,706",2303
112/03/01,"93,839,862","4,759,022,249",49.00,51.70,48.95,51.30,+1.35,"32,325",2303
112/03/02,"40,281,967","2,049,318,699",51.10,51.20,50.50,50.70,-0.60,"19,066",2303
112/03/03,"37,402,848","1,922,368,482",51.30,51.70,51.20,51.30,+0.60,"16,100",2303
112/03/06,"53,518,724","2,775,164,452",52.00,52.10,51.40,51.90,+0.60,"22,144",2303
112/03/07,"43,527,496","2,242,610,835",51.50,51.90,51.00,51.60,-0.30,"18,655",2303
112/03/08,"50,186,671","2,600,565,303",51.40,52.10,51.10,52.10,+0.50,"21,738",2303
112/03/09,"102,359,028","5,411,372,841",52.50,53.20,52.40,52.50,+0.40,"37,028",2303
112/03/10,"46,938,564","2,435,873,991",52.00,52.30,51.60,52.00,-0.50,"22,225",2303
112/03/13,"52,402,352","2,730,186,018",51.80,52.50,51.50,52.50,+0.50,"17,527",2303
112/03/14,"67,385,313","3,447,939,468",51.50,51.80,50.70,50.70,-1.80,"34,678",2303
112/03/15,"54,285,213","2,813,965,777",51.50,52.30,51.30,51.70,+1.00,"20,450",2303
112/03/16,"38,367,443","1,984,452,932",51.70,52.00,51.20,52.00,+0.30,"15,365",2303
112/03/17,"93,600,027","4,949,827,070",53.00,53.20,52.40,53.20,+1.20,"35,664",2303
112/03/20,"63,692,610","3,383,301,141",53.40,53.70,52.70,53.20, 0.00,"24,859",2303
112/03/21,"45,442,640","2,405,461,098",53.50,53.60,52.60,52.80,-0.40,"22,803",2303
112/03/22,"53,027,160","2,826,362,395",53.20,53.50,53.00,53.50,+0.70,"21,856",2303
112/03/23,"54,255,907","2,874,395,226",53.00,53.30,52.60,53.30,-0.20,"21,949",2303
112/03/24,"43,299,136","2,293,708,367",53.40,53.40,52.70,53.10,-0.20,"17,674",2303
112/03/27,"33,767,713","1,781,890,224",52.80,53.10,52.20,53.00,-0.10,"16,413",2303
112/03/28,"49,730,803","2,602,082,788",52.70,53.00,52.10,52.20,-0.80,"21,072",2303
112/03/29,"62,434,606","3,220,017,181",52.10,52.40,51.10,51.50,-0.70,"30,285",2303
112/03/30,"39,620,081","2,063,805,180",52.00,52.40,51.70,52.10,+0.60,"14,319",2303
112/03/31,"38,703,386","2,044,313,401",52.50,53.00,52.50,52.90,+0.80,"14,033",2303
112/04/06,"27,430,596","1,443,096,236",52.60,52.90,52.10,52.80,-0.10,"8,880",2303
112/04/07,"17,984,929","944,776,977",52.80,53.00,52.40,52.40,-0.40,"7,730",2303
112/04/10,"17,688,085","923,769,407",52.50,52.60,52.10,52.10,-0.30,"6,898",2303
112/04/11,"42,578,221","2,196,574,809",51.70,51.90,51.20,51.60,-0.50,"16,916",2303
112/04/12,"36,777,119","1,913,003,209",51.70,52.30,51.60,52.10,+0.50,"13,446",2303
112/04/13,"41,741,571","2,160,419,835",51.80,52.20,51.50,51.60,-0.50,"13,143",2303
112/04/14,"46,803,726","2,409,577,784",51.80,52.00,51.30,51.30,-0.30,"16,966",2303
112/04/17,"31,006,463","1,607,467,032",51.60,52.10,51.40,52.00,+0.70,"11,391",2303
112/04/18,"40,632,988","2,123,332,298",52.10,52.80,51.90,52.10,+0.10,"16,240",2303
112/04/19,"43,662,366","2,247,747,820",52.40,52.40,51.20,51.20,-0.90,"19,033",2303
112/04/20,"38,506,016","1,960,184,541",51.30,51.50,50.60,50.70,-0.50,"15,589",2303
112/04/21,"40,452,984","2,046,992,705",51.00,51.60,50.10,50.10,-0.60,"19,856",2303
112/04/24,"46,445,310","2,304,774,854",50.00,50.00,49.35,49.60,-0.50,"25,947",2303
112/04/25,"59,959,548","2,929,558,904",49.60,49.80,48.45,48.50,-1.10,"31,034",2303
112/04/26,"68,224,883","3,288,467,852",48.05,48.65,47.80,48.40,-0.10,"23,126",2303
112/04/27,"63,139,679","3,086,207,893",48.50,49.20,48.50,48.85,+0.45,"23,144",2303
112/04/28,"59,227,957","2,930,190,776",49.45,50.00,49.10,49.10,+0.25,"18,924",2303
112/05/02,"31,621,260","1,574,418,800",49.50,50.20,49.25,49.85,+0.75,"13,655",2303
112/05/03,"29,415,323","1,462,831,080",49.90,50.20,49.40,49.95,+0.10,"13,572",2303
112/05/04,"26,566,563","1,317,677,961",49.80,49.80,49.40,49.65,-0.30,"12,103",2303
112/05/05,"21,107,026","1,048,202,538",49.70,49.95,49.50,49.60,-0.05,"9,173",2303
112/05/08,"27,878,169","1,397,823,924",50.10,50.60,49.95,50.00,+0.40,"12,193",2303
112/05/09,"21,808,342","1,088,969,428",50.10,50.20,49.75,49.95,-0.05,"9,736",2303
112/05/10,"29,180,693","1,442,745,113",49.80,49.80,49.20,49.45,-0.50,"13,006",2303
112/05/11,"25,401,759","1,253,216,409",49.75,49.75,49.10,49.20,-0.25,"10,918",2303
112/05/12,"36,798,915","1,792,582,602",48.80,48.90,48.50,48.70,-0.50,"16,318",2303
112/05/15,"45,492,702","2,191,408,321",48.70,48.80,47.90,48.10,-0.60,"20,962",2303
112/05/16,"36,853,738","1,796,143,239",48.45,49.00,48.45,48.80,+0.70,"15,598",2303
112/05/17,"45,854,527","2,249,778,929",48.90,49.30,48.65,49.25,+0.45,"24,763",2303
112/05/18,"41,997,647","2,101,493,370",49.95,50.30,49.70,50.20,+0.95,"19,682",2303
112/05/19,"55,935,310","2,796,310,368",50.50,50.50,49.75,50.00,-0.20,"21,264",2303
112/05/22,"75,830,209","3,704,151,926",49.50,49.60,48.70,48.90,-1.10,"37,500",2303
112/05/23,"40,015,708","1,958,988,444",48.85,49.20,48.80,48.90, 0.00,"17,028",2303
112/05/24,"27,161,064","1,331,088,745",48.80,49.15,48.70,49.15,+0.25,"12,750",2303
112/05/25,"43,475,875","2,126,859,273",49.30,49.40,48.70,48.90,-0.25,"16,946",2303
112/05/26,"127,178,822","6,379,364,421",49.05,50.80,49.00,50.40,+1.50,"46,222",2303
112/05/29,"81,234,310","4,198,630,040",52.30,52.80,51.10,51.20,+0.80,"32,452",2303
112/05/30,"55,668,826","2,867,151,774",51.20,51.80,50.60,51.60,+0.40,"22,777",2303
112/05/31,"112,736,308","5,829,099,818",51.40,51.80,51.10,51.80,+0.20,"16,756",2303
112/06/01,"56,269,465","2,850,393,651",51.30,51.30,50.30,50.80,-1.00,"30,164",2303
112/06/02,"46,446,924","2,377,260,197",51.00,51.40,50.60,51.40,+0.60,"18,880",2303
112/06/05,"28,214,498","1,439,021,698",51.40,51.50,50.80,50.90,-0.50,"12,560",2303
112/06/06,"35,065,503","1,772,498,975",50.80,50.90,50.40,50.50,-0.40,"15,682",2303
112/06/07,"41,841,071","2,146,209,572",50.90,51.50,50.70,51.30,+0.80,"16,729",2303
112/06/08,"38,488,584","1,982,716,556",51.20,51.70,51.10,51.50,+0.20,"16,675",2303
112/06/09,"52,885,328","2,751,876,437",51.90,52.40,51.70,52.30,+0.80,"25,538",2303
112/06/12,"43,324,958","2,270,631,791",52.40,52.60,52.00,52.60,+0.30,"19,003",2303
112/06/13,"62,668,295","3,330,755,537",53.10,53.30,52.90,53.20,+0.60,"26,235",2303
112/06/14,"51,087,797","2,729,773,798",53.50,53.60,53.30,53.50,+0.30,"20,464",2303
112/06/15,"76,872,686","4,166,322,406",53.80,54.60,53.80,54.50,+1.00,"34,597",2303
112/06/16,"85,125,854","4,596,742,131",54.30,54.50,53.20,54.50, 0.00,"27,093",2303
112/06/19,"45,509,680","2,452,555,432",53.70,54.30,53.60,53.80,-0.70,"18,339",2303
112/06/20,"67,192,640","3,611,661,273",53.60,54.00,53.50,53.70,-0.10,"16,368",2303
112/06/21,"82,353,767","4,396,850,907",52.80,53.90,52.80,53.90,+0.20,"21,671",2303
112/06/26,"89,629,372","4,785,624,994",53.30,53.80,53.20,53.30,-0.60,"25,031",2303
112/06/27,"146,810,556","7,286,874,679",50.00,50.00,49.05,49.05,X0.00,"45,769",2303
112/06/28,"33,543,509","1,653,079,525",49.50,49.50,49.10,49.10,+0.05,"15,179",2303
112/06/29,"50,112,009","2,440,493,812",49.35,49.35,48.50,48.50,-0.60,"26,556",2303
112/06/30,"44,533,965","2,151,795,484",48.35,48.75,48.05,48.50, 0.00,"18,730",2303
112/07/03,"52,972,111","2,573,598,416",49.00,49.20,48.25,48.25,-0.25,"28,023",2303
112/07/04,"30,856,539","1,500,613,670",48.50,48.80,48.45,48.80,+0.55,"12,524",2303
112/07/05,"28,677,270","1,391,498,073",48.95,49.00,48.35,48.35,-0.45,"15,426",2303
112/07/06,"41,894,669","2,024,067,821",48.00,48.80,48.00,48.15,-0.20,"18,772",2303
112/07/07,"39,817,906","1,927,984,514",48.05,48.95,48.00,48.35,+0.20,"16,223",2303
112/07/10,"34,464,583","1,662,115,852",48.60,48.75,48.00,48.10,-0.25,"14,752",2303
112/07/11,"31,638,103","1,529,729,670",48.55,48.70,48.20,48.50,+0.40,"14,045",2303
112/07/12,"62,885,734","3,004,407,502",48.25,48.45,47.60,47.75,-0.75,"34,246",2303
112/07/13,"52,857,548","2,524,514,142",47.85,48.25,47.50,47.50,-0.25,"25,567",2303
112/07/14,"58,063,608","2,808,130,131",47.85,48.80,47.80,48.25,+0.75,"21,950",2303
112/07/17,"47,915,206","2,312,707,552",48.25,48.70,47.65,48.45,+0.20,"24,303",2303
112/07/18,"26,766,336","1,293,790,962",48.75,48.80,48.15,48.20,-0.25,"11,898",2303
112/07/19,"49,979,016","2,387,680,882",48.30,48.50,47.45,47.50,-0.70,"27,236",2303
112/07/20,"87,937,056","4,072,989,930",47.05,47.10,46.00,46.10,-1.40,"52,795",2303
112/07/21,"97,411,169","4,386,502,159",45.00,45.45,44.70,45.20,-0.90,"41,395",2303
112/07/24,"51,852,629","2,345,390,806",45.05,45.90,44.85,45.05,-0.15,"22,824",2303
112/07/25,"36,505,190","1,664,595,401",45.45,45.90,45.20,45.65,+0.60,"16,989",2303
112/07/26,"39,083,302","1,776,865,274",45.75,45.95,45.10,45.10,-0.55,"19,022",2303
112/07/27,"61,431,490","2,828,891,719",45.10,46.70,45.05,46.15,+1.05,"25,119",2303
112/07/28,"50,417,639","2,368,112,180",46.65,47.30,46.30,47.05,+0.90,"24,271",2303
112/07/31,"53,690,313","2,520,175,092",47.35,47.50,46.65,47.00,-0.05,"20,497",2303
112/08/01,"24,221,458","1,136,581,455",47.00,47.15,46.70,47.00, 0.00,"10,445",2303
112/08/02,"34,959,173","1,637,612,503",46.70,47.45,46.50,46.65,-0.35,"16,531",2303
112/08/04,"33,260,944","1,543,947,432",46.50,46.70,46.10,46.50,-0.15,"12,568",2303
112/08/07,"29,058,701","1,351,273,836",46.30,46.75,46.30,46.40,-0.10,"11,250",2303
112/08/08,"55,313,334","2,530,944,669",46.40,46.40,45.55,45.55,-0.85,"24,610",2303
112/08/09,"26,156,073","1,191,174,000",45.55,45.75,45.30,45.60,+0.05,"11,391",2303
112/08/10,"38,798,375","1,756,564,044",45.45,45.90,45.05,45.15,-0.45,"19,520",2303
112/08/11,"15,876,057","722,399,472",45.35,45.80,45.30,45.35,+0.20,"8,121",2303
112/08/14,"36,020,419","1,620,625,883",45.00,45.20,44.90,45.00,-0.35,"14,338",2303
112/08/15,"21,940,399","994,714,002",45.15,45.50,45.05,45.45,+0.45,"7,918",2303
112/08/16,"77,824,562","3,421,479,688",44.70,44.75,43.60,43.75,-1.70,"44,990",2303
112/08/17,"55,712,890","2,398,938,283",43.10,43.70,42.40,43.60,-0.15,"28,113",2303
112/08/18,"37,697,680","1,656,964,530",43.30,44.45,43.20,43.80,+0.20,"15,902",2303
112/08/21,"22,996,226","1,004,614,908",43.90,44.20,43.50,43.65,-0.15,"12,723",2303
112/08/22,"39,803,722","1,737,880,925",43.95,44.15,43.50,43.60,-0.05,"8,397",2303
112/08/23,"37,799,803","1,637,771,391",43.55,43.60,42.95,43.40,-0.20,"15,962",2303
112/08/24,"38,399,428","1,694,270,957",43.90,44.40,43.65,44.35,+0.95,"14,705",2303
112/08/25,"37,418,365","1,636,430,726",43.95,44.20,43.50,43.50,-0.85,"18,114",2303
112/08/28,"84,126,718","3,814,905,998",43.85,46.70,43.80,44.80,+1.30,"37,603",2303
112/08/29,"37,852,110","1,715,347,068",45.50,45.80,45.05,45.30,+0.50,"18,633",2303
112/08/30,"46,702,986","2,152,818,209",45.85,46.40,45.75,46.40,+1.10,"21,714",2303
112/08/31,"65,180,104","2,991,482,192",46.60,46.60,45.50,45.50,-0.90,"21,932",2303
112/09/01,"30,315,102","1,393,087,844",46.00,46.15,45.70,45.95,+0.45,"11,394",2303
112/09/04,"23,302,058","1,070,604,320",46.10,46.15,45.75,46.00,+0.05,"10,249",2303
112/09/05,"31,988,117","1,478,335,556",46.15,46.55,45.80,46.55,+0.55,"12,711",2303
112/09/06,"38,798,427","1,809,684,418",46.90,47.00,46.35,46.70,+0.15,"14,793",2303
112/09/07,"36,684,794","1,684,831,610",46.15,46.25,45.70,45.75,-0.95,"17,494",2303
112/09/08,"27,449,624","1,252,482,975",45.30,45.95,45.20,45.70,-0.05,"13,508",2303
112/09/11,"25,787,937","1,184,259,556",45.75,46.10,45.55,46.05,+0.35,"11,809",2303
112/09/12,"36,415,167","1,694,736,722",46.10,46.80,45.85,46.80,+0.75,"16,185",2303
112/09/13,"43,525,739","2,052,119,727",47.00,47.40,46.95,47.10,+0.30,"19,387",2303
112/09/14,"27,184,070","1,287,067,233",47.40,47.55,47.20,47.35,+0.25,"13,654",2303
112/09/15,"41,872,842","1,983,098,130",47.45,47.60,46.85,47.60,+0.25,"13,832",2303
112/09/18,"42,705,491","1,992,880,299",46.90,47.20,46.30,46.50,-1.10,"16,467",2303
112/09/19,"22,176,897","1,027,229,552",46.50,46.60,46.20,46.20,-0.30,"11,455",2303
112/09/20,"29,573,407","1,358,086,579",46.05,46.20,45.75,45.90,-0.30,"12,608",2303
112/09/21,"31,122,172","1,420,571,609",45.65,45.90,45.40,45.65,-0.25,"13,103",2303
112/09/22,"31,014,824","1,403,024,209",45.10,45.40,45.10,45.35,-0.30,"14,430",2303
112/09/25,"35,022,874","1,598,230,633",45.50,46.30,45.25,45.65,+0.30,"12,770",2303
112/09/26,"51,261,726","2,308,601,038",45.55,45.60,44.75,44.75,-0.90,"23,989",2303
112/09/27,"39,260,474","1,739,961,252",44.45,44.65,44.15,44.40,-0.35,"18,636",2303
112/09/28,"33,138,746","1,494,055,058",44.75,45.30,44.70,45.20,+0.80,"10,425",2303
112/10/02,"25,428,183","1,162,309,309",45.95,45.95,45.50,45.75,+0.55,"11,853",2303
112/10/03,"22,738,517","1,035,656,813",45.70,45.90,45.25,45.25,-0.50,"10,458",2303
112/10/04,"57,163,636","2,527,376,012",44.50,44.70,44.00,44.10,-1.15,"26,277",2303
112/10/05,"45,430,518","2,043,756,319",44.45,45.35,44.30,45.15,+1.05,"16,294",2303
112/10/06,"17,805,502","805,642,099",45.50,45.50,45.05,45.20,+0.05,"8,175",2303
112/10/11,"84,261,769","3,917,165,467",46.05,46.90,45.85,46.90,+1.70,"34,458",2303
112/10/12,"42,182,292","1,972,508,832",47.00,47.05,46.25,47.00,+0.10,"20,255",2303
112/10/13,"42,216,874","1,978,883,847",46.80,47.20,46.40,47.00, 0.00,"14,301",2303
112/10/16,"64,667,261","3,044,240,742",46.35,47.50,46.10,47.15,+0.15,"26,936",2303
112/10/17,"106,480,362","5,112,724,990",47.50,48.40,47.45,48.20,+1.05,"42,691",2303
112/10/18,"129,644,761","6,315,112,702",48.30,49.15,47.85,48.45,+0.25,"56,279",2303
112/10/19,"104,000,318","5,102,493,539",48.85,49.30,48.20,49.30,+0.85,"44,936",2303
112/10/20,"97,148,484","4,778,623,497",49.50,49.95,48.55,48.70,-0.60,"58,056",2303
112/10/23,"46,566,045","2,268,789,380",48.65,49.20,48.50,48.60,-0.10,"19,319",2303
112/10/24,"71,519,603","3,443,722,700",48.80,49.20,47.40,48.30,-0.30,"38,065",2303
112/10/25,"54,853,164","2,676,729,160",48.45,49.20,48.00,49.05,+0.75,"22,983",2303
112/10/26,"100,500,655","4,719,808,619",46.95,47.35,46.70,46.80,-2.25,"44,577",2303
112/10/27,"42,770,047","1,997,541,438",46.95,46.95,46.35,46.60,-0.20,"17,218",2303
112/10/30,"34,601,022","1,606,129,177",46.70,46.80,46.15,46.40,-0.20,"15,633",2303
112/10/31,"44,460,541","2,057,102,814",46.40,46.50,46.10,46.20,-0.20,"15,863",2303
112/11/01,"32,897,484","1,543,297,255",46.50,47.20,46.35,47.00,+0.80,"15,078",2303
112/11/02,"52,322,405","2,511,553,301",47.90,48.30,47.60,48.25,+1.25,"21,493",2303
112/11/03,"81,667,457","4,005,557,862",48.80,49.40,48.50,49.40,+1.15,"35,210",2303
112/11/06,"60,698,113","3,008,284,524",50.00,50.10,49.20,49.40, 0.00,"28,598",2303
112/11/07,"32,651,776","1,601,338,495",49.10,49.40,48.80,49.40, 0.00,"13,778",2303
112/11/08,"58,575,780","2,858,128,569",49.20,49.65,48.35,48.50,-0.90,"24,326",2303
112/11/09,"34,582,283","1,673,481,784",48.10,48.70,48.10,48.60,+0.10,"12,550",2303
112/11/10,"22,076,913","1,068,315,292",48.30,48.60,48.15,48.55,-0.05,"9,078",2303
112/11/13,"52,045,327","2,552,942,937",49.25,49.70,48.70,48.95,+0.40,"17,288",2303
112/11/14,"41,752,391","2,025,672,285",48.75,48.90,48.20,48.55,-0.40,"16,379",2303
112/11/15,"72,851,248","3,571,181,900",49.25,49.50,48.70,49.10,+0.55,"22,566",2303
112/11/16,"31,520,668","1,536,603,541",49.05,49.05,48.50,48.80,-0.30,"10,246",2303
112/11/17,"101,871,140","5,060,200,760",49.00,49.95,48.95,49.75,+0.95,"35,800",2303
112/11/20,"95,022,325","4,786,865,425",50.20,51.20,49.90,50.30,+0.55,"41,086",2303
112/11/21,"66,631,623","3,347,783,735",50.70,50.80,49.85,50.30, 0.00,"23,498",2303
112/11/22,"62,616,697","3,130,536,968",49.85,50.30,49.25,50.00,-0.30,"25,082",2303
112/11/23,"60,185,341","3,031,059,372",50.50,50.70,50.10,50.50,+0.50,"19,055",2303
112/11/24,"86,590,485","4,386,144,875",50.50,51.20,50.30,50.30,-0.20,"26,292",2303
112/11/27,"71,869,442","3,591,155,689",50.00,50.60,49.50,49.50,-0.80,"20,811",2303
112/11/28,"80,887,530","3,983,213,545",49.50,49.60,48.85,49.05,-0.45,"28,040",2303
112/11/29,"62,662,148","3,095,589,443",49.15,49.90,49.15,49.20,+0.15,"19,932",2303
112/11/30,"91,627,778","4,507,541,812",49.30,49.80,48.90,48.90,-0.30,"15,479",2303
112/12/01,"52,413,855","2,593,030,940",49.00,49.70,49.00,49.70,+0.80,"15,851",2303
112/12/04,"44,073,178","2,206,086,460",49.85,50.20,49.80,50.20,+0.50,"16,004",2303
112/12/05,"57,352,790","2,832,141,153",49.80,49.80,49.20,49.20,-1.00,"21,028",2303
112/12/06,"37,088,179","1,818,460,823",49.30,49.40,48.90,48.90,-0.30,"15,771",2303
112/12/07,"36,348,467","1,764,920,256",49.00,49.10,48.35,48.45,-0.45,"18,760",2303
112/12/08,"33,771,550","1,643,826,535",48.80,49.05,48.55,48.55,+0.10,"11,874",2303
112/12/11,"28,747,435","1,408,888,154",49.00,49.30,48.65,49.05,+0.50,"10,646",2303
112/12/12,"48,759,564","2,418,699,258",49.45,49.90,49.20,49.90,+0.85,"17,787",2303
112/12/13,"48,011,008","2,395,718,142",50.00,50.20,49.50,50.20,+0.30,"16,454",2303
112/12/14,"51,665,794","2,597,893,588",50.40,50.50,50.00,50.40,+0.20,"20,162",2303
112/12/15,"84,248,251","4,269,101,049",50.70,51.00,50.40,50.70,+0.30,"21,969",2303
112/12/18,"56,409,819","2,834,349,486",50.20,50.60,49.90,50.60,-0.10,"20,688",2303
112/12/19,"54,317,933","2,707,482,713",50.30,50.40,49.55,50.00,-0.60,"20,051",2303
112/12/20,"55,317,352","2,753,239,561",50.00,50.20,49.55,49.85,-0.15,"16,480",2303
112/12/21,"55,666,427","2,735,923,640",49.25,49.40,49.00,49.40,-0.45,"17,079",2303
112/12/22,"34,140,101","1,696,456,277",49.45,50.00,49.30,50.00,+0.60,"11,226",2303
112/12/25,"34,179,124","1,712,653,005",50.30,50.40,49.75,50.20,+0.20,"11,857",2303
112/12/26,"55,428,048","2,809,205,386",50.50,51.00,50.20,50.80,+0.60,"21,983",2303
112/12/27,"221,268,028","11,678,431,720",51.30,53.50,51.20,53.50,+2.70,"89,859",2303
112/12/28,"155,444,765","8,327,735,674",54.30,54.80,52.50,52.50,-1.00,"59,323",2303
112/12/29,"49,249,857","2,575,837,986",52.70,52.90,51.80,52.60,+0.10,"21,680",2303
113/01/02,"64,469,157","3,337,876,509",52.50,52.80,51.30,51.90,-0.70,"27,846",2303
113/01/03,"76,308,719","3,869,890,927",51.20,51.30,50.50,50.60,-1.30,"34,200",2303
113/01/04,"56,711,446","2,861,011,586",50.50,50.90,50.20,50.80,+0.20,"23,566",2303
113/01/05,"77,544,509","3,973,337,817",51.60,52.20,50.60,50.80, 0.00,"31,344",2303
113/01/08,"64,092,871","3,229,432,988",51.00,51.00,50.10,50.50,-0.30,"23,963",2303
113/01/09,"50,593,743","2,548,847,947",50.60,50.90,50.10,50.10,-0.40,"18,266",2303
113/01/10,"40,684,069","2,042,674,528",50.40,50.50,50.10,50.10, 0.00,"15,261",2303
113/01/11,"26,953,751","1,351,308,013",50.20,50.30,50.00,50.10, 0.00,"10,121",2303
113/01/12,"30,642,163","1,530,478,723",50.10,50.10,49.60,50.10, 0.00,"12,491",2303
113/01/15,"30,603,748","1,547,453,746",50.40,50.80,50.10,50.80,+0.70,"11,655",2303
113/01/16,"49,762,012","2,513,377,318",50.50,50.80,50.00,50.80, 0.00,"16,656",2303
113/01/17,"142,201,142","6,983,518,625",50.00,50.00,48.50,48.60,-2.20,"62,090",2303
113/01/18,"91,616,549","4,413,001,403",48.60,48.90,47.55,48.10,-0.50,"32,962",2303
113/01/19,"71,132,225","3,483,192,895",49.90,49.90,48.30,49.20,+1.10,"23,317",2303
113/01/22,"73,366,549","3,668,853,308",50.00,50.30,49.70,50.30,+1.10,"29,772",2303
113/01/23,"50,811,510","2,554,348,047",50.80,50.90,49.95,50.20,-0.10,"16,482",2303
113/01/24,"61,136,219","3,089,704,317",50.70,50.80,50.30,50.60,+0.40,"25,124",2303
113/01/25,"174,821,417","9,057,760,929",51.10,52.30,51.10,52.30,+1.70,"58,239",2303
113/01/26,"182,721,042","9,187,965,232",50.80,51.10,49.80,49.80,-2.50,"80,073",2303
113/01/29,"59,931,420","2,970,250,877",49.65,49.90,49.40,49.45,-0.35,"25,854",2303
113/01/30,"39,162,464","1,946,995,448",49.65,49.90,49.60,49.60,+0.15,"14,396",2303
113/01/31,"55,394,159","2,719,300,992",49.50,49.50,49.00,49.00,-0.60,"26,472",2303
113/02/01,"64,509,722","3,145,103,084",48.55,49.15,48.30,49.05,+0.05,"24,782",2303
113/02/02,"62,489,857","3,039,159,283",48.85,48.90,48.50,48.55,-0.50,"28,423",2303
113/02/05,"59,465,166","2,861,034,508",48.00,48.25,47.85,48.10,-0.45,"26,411",2303
113/02/15,"64,569,271","3,160,620,508",49.00,49.20,48.55,49.20,+1.10,"23,449",2303
113/02/16,"37,683,995","1,845,599,541",49.25,49.25,48.85,48.85,-0.35,"17,643",2303
113/02/19,"27,960,632","1,368,485,000",48.90,49.15,48.80,49.15,+0.30,"13,169",2303
113/02/20,"33,636,551","1,659,220,297",49.00,49.65,48.95,49.25,+0.10,"12,430",2303
113/02/21,"64,528,307","3,143,231,059",48.90,49.10,48.50,48.50,-0.75,"33,033",2303
113/02/22,"44,644,288","2,168,657,343",48.60,48.85,48.40,48.60,+0.10,"16,957",2303
113/02/23,"54,889,456","2,659,148,404",48.50,48.90,48.15,48.15,-0.45,"24,904",2303
113/02/26,"42,843,439","2,057,706,944",48.00,48.25,47.85,48.00,-0.15,"18,257",2303
113/02/27,"37,011,770","1,787,758,914",48.10,48.70,48.05,48.15,+0.15,"13,847",2303
113/02/29,"66,767,382","3,249,495,527",48.40,48.90,48.15,48.85,+0.70,"20,632",2303
113/03/01,"48,226,024","2,346,369,143",49.00,49.00,48.30,48.30,-0.55,"18,589",2303
113/03/04,"52,771,541","2,574,643,578",48.50,48.95,48.45,48.85,+0.55,"16,260",2303
113/03/05,"46,087,724","2,245,502,964",48.85,48.95,48.50,48.75,-0.10,"16,672",2303
113/03/06,"50,300,410","2,461,776,700",48.55,49.20,48.45,49.20,+0.45,"18,346",2303
113/03/07,"114,848,080","5,737,143,749",49.60,50.20,49.55,50.20,+1.00,"41,364",2303
113/03/08,"286,206,476","14,896,133,095",51.90,53.00,51.00,51.90,+1.70,"114,074",2303
113/03/11,"100,660,508","5,173,527,934",52.00,52.40,50.80,51.60,-0.30,"45,701",2303
113/03/12,"86,503,216","4,502,143,216",51.60,52.50,51.30,52.50,+0.90,"37,375",2303
113/03/13,"125,714,150","6,631,604,007",52.80,53.20,52.30,53.00,+0.50,"43,625",2303
113/03/14,"76,635,149","4,021,149,246",53.00,53.00,52.00,52.60,-0.40,"27,893",2303
113/03/15,"86,070,248","4,473,676,615",52.30,52.40,51.60,51.90,-0.70,"27,385",2303
113/03/18,"69,546,847","3,573,373,681",51.50,52.00,51.00,51.80,-0.10,"28,351",2303
113/03/19,"139,477,170","7,364,900,344",51.40,53.50,51.30,53.00,+1.20,"51,934",2303
113/03/20,"130,273,933","6,975,100,334",53.60,54.30,52.80,52.90,-0.10,"53,730",2303
113/03/21,"69,586,119","3,708,124,512",53.50,53.80,53.00,53.30,+0.40,"29,844",2303
113/03/22,"91,497,647","4,797,185,914",53.30,53.30,52.00,52.40,-0.90,"35,218",2303
113/03/25,"67,657,869","3,499,423,085",52.20,52.20,51.50,51.80,-0.60,"30,213",2303
113/03/26,"80,119,642","4,114,660,347",51.80,52.10,50.80,51.70,-0.10,"37,437",2303
113/03/27,"51,375,431","2,637,975,611",51.60,51.70,51.10,51.50,-0.20,"26,650",2303
113/03/28,"80,545,449","4,169,256,426",51.50,52.10,51.20,52.00,+0.50,"35,065",2303
113/03/29,"139,804,606","7,260,218,257",52.00,52.80,51.10,52.20,+0.20,"50,023",2303
113/04/01,"53,425,286","2,769,630,682",52.40,52.50,51.60,51.70,-0.50,"25,046",2303
113/04/02,"52,989,407","2,769,954,659",52.00,52.70,51.90,52.10,+0.40,"22,316",2303
113/04/03,"41,513,410","2,147,921,356",52.20,52.20,51.60,51.60,-0.50,"23,503",2303
113/04/08,"35,153,942","1,823,031,869",51.60,52.20,51.60,52.10,+0.50,"12,823",2303
113/04/09,"60,785,653","3,180,071,492",52.40,52.60,52.10,52.40,+0.30,"18,257",2303
113/04/10,"103,375,567","5,493,808,613",52.70,53.60,52.40,53.20,+0.80,"43,553",2303
113/04/11,"56,228,017","2,945,419,764",52.70,52.90,52.10,52.50,-0.70,"29,248",2303
113/04/12,"39,697,888","2,092,064,569",52.60,52.90,52.50,52.70,+0.20,"16,894",2303
113/04/15,"57,910,087","2,991,533,910",52.00,52.10,51.40,51.60,-1.10,"25,770",2303
113/04/16,"86,073,736","4,341,880,672",51.00,51.00,50.10,50.10,-1.50,"42,700",2303
113/04/17,"50,368,442","2,538,681,068",50.20,50.60,50.20,50.30,+0.20,"22,391",2303
113/04/18,"37,906,369","1,900,545,238",50.10,50.30,49.90,50.20,-0.10,"17,140",2303
113/04/19,"126,047,191","6,193,099,683",49.45,49.45,48.70,49.10,-1.10,"58,393",2303
113/04/22,"83,956,903","4,084,007,371",48.65,49.10,48.30,48.90,-0.20,"40,327",2303
113/04/23,"49,212,983","2,408,191,051",49.10,49.45,48.70,48.70,-0.20,"18,358",2303
113/04/24,"47,014,238","2,335,404,580",49.25,50.20,49.10,50.20,+1.50,"20,898",2303
113/04/25,"65,794,653","3,249,540,264",49.25,49.75,48.85,49.50,-0.70,"22,378",2303
113/04/26,"44,519,621","2,226,884,343",49.70,50.50,49.70,49.80,+0.30,"15,983",2303
113/04/29,"41,749,007","2,098,058,674",50.30,50.50,49.90,50.40,+0.60,"16,216",2303
113/04/30,"49,797,236","2,529,951,878",50.40,51.10,50.20,50.70,+0.30,"19,918",2303
113/05/02,"62,149,815","3,132,682,097",50.20,50.90,50.00,50.30,-0.40,"20,802",2303
113/05/03,"58,695,877","3,010,527,017",51.10,51.50,50.90,51.40,+1.10,"21,777",2303
113/05/06,"43,020,456","2,228,147,479",52.10,52.30,51.50,51.70,+0.30,"17,811",2303
113/05/07,"40,541,374","2,096,778,150",52.00,52.10,51.40,51.60,-0.10,"19,160",2303
113/05/08,"36,552,289","1,893,119,752",51.90,51.90,51.40,51.90,+0.30,"15,978",2303
113/05/09,"29,122,384","1,505,353,243",51.90,52.00,51.30,51.90, 0.00,"17,794",2303
113/05/10,"52,335,001","2,716,902,164",51.50,52.30,51.40,52.20,+0.30,"22,718",2303
113/05/13,"36,415,724","1,896,144,465",52.10,52.40,51.50,52.40,+0.20,"14,747",2303
113/05/14,"44,384,189","2,314,031,285",52.30,52.40,51.80,52.10,-0.30,"15,824",2303
113/05/15,"44,368,884","2,312,563,075",52.30,52.40,51.80,51.80,-0.30,"19,420",2303
113/05/16,"42,044,503","2,192,036,276",52.10,52.30,51.90,52.10,+0.30,"16,460",2303
113/05/17,"61,440,655","3,221,674,779",52.30,52.80,51.80,52.80,+0.70,"22,976",2303
113/05/20,"56,043,817","2,965,252,502",53.00,53.10,52.50,53.10,+0.30,"23,812",2303
113/05/21,"102,372,434","5,487,686,356",53.20,53.90,53.00,53.90,+0.80,"41,586",2303
113/05/22,"153,992,840","8,437,875,840",54.50,55.20,54.30,55.00,+1.10,"65,703",2303
113/05/23,"134,715,883","7,484,909,535",55.40,56.00,54.70,56.00,+1.00,"59,271",2303
113/05/24,"73,376,025","4,033,327,311",55.00,55.50,54.60,54.60,-1.40,"56,959",2303
113/05/27,"140,149,977","7,953,065,477",54.80,57.90,54.80,56.60,+2.00,"61,375",2303
113/05/28,"78,933,216","4,480,238,158",57.10,57.30,56.30,56.40,-0.20,"39,112",2303
113/05/29,"76,080,366","4,283,968,807",57.00,57.30,55.80,55.90,-0.50,"27,484",2303
113/05/30,"74,341,759","4,142,865,520",55.00,56.40,54.70,55.80,-0.10,"34,281",2303
113/05/31,"169,396,613","9,343,161,473",56.00,56.50,55.00,55.00,-0.80,"33,716",2303
113/06/03,"72,849,744","4,001,318,010",55.80,56.00,54.60,55.00, 0.00,"29,672",2303
113/06/04,"69,733,105","3,777,310,927",54.50,54.70,53.90,54.30,-0.70,"30,018",2303
113/06/05,"67,883,604","3,630,856,926",53.80,53.90,53.20,53.50,-0.80,"28,371",2303
113/06/06,"41,806,253","2,258,044,361",54.10,54.20,53.70,54.20,+0.70,"16,205",2303
113/06/07,"54,119,397","2,960,683,340",54.00,55.10,53.90,55.10,+0.90,"17,895",2303
113/06/11,"65,287,207","3,602,225,655",55.50,55.60,54.80,55.10, 0.00,"19,618",2303
113/06/12,"45,675,840","2,492,554,131",55.00,55.00,54.20,54.90,-0.20,"19,175",2303
113/06/13,"99,433,261","5,590,694,863",55.60,56.90,55.40,56.40,+1.50,"39,717",2303
113/06/14,"49,405,049","2,788,197,929",57.00,57.00,56.10,56.30,-0.10,"24,731",2303
113/06/17,"48,075,314","2,706,276,163",55.90,56.80,55.30,56.70,+0.40,"23,749",2303
113/06/18,"47,867,829","2,712,852,151",56.70,57.00,56.20,56.80,+0.10,"21,448",2303
113/06/19,"53,361,427","3,032,523,601",57.00,57.10,56.60,56.80, 0.00,"24,168",2303
113/06/20,"58,918,558","3,361,477,084",56.90,57.50,56.30,57.50,+0.70,"24,684",2303
113/06/21,"78,831,222","4,544,986,687",57.30,58.00,57.10,57.70,+0.20,"28,785",2303
113/06/24,"68,467,185","3,897,658,726",57.50,57.50,56.60,56.80,-0.90,"23,519",2303
113/06/25,"69,506,711","3,900,864,134",56.70,56.70,55.70,56.40,-0.40,"23,613",2303
113/06/26,"41,888,202","2,364,411,609",56.50,56.70,56.10,56.60,+0.20,"14,686",2303
113/06/27,"63,928,015","3,581,672,360",56.10,56.40,55.50,56.40,-0.20,"19,030",2303
113/06/28,"86,710,661","4,846,197,921",56.10,56.20,55.60,55.70,-0.70,"25,519",2303
113/07/01,"145,605,297","8,252,906,214",55.90,57.30,55.90,56.90,+1.20,"37,390",2303
113/07/02,"248,206,502","13,048,164,398",53.50,53.50,51.90,52.70,X0.00,"91,528",2303
113/07/03,"111,658,276","5,900,866,781",53.10,53.30,52.60,52.70, 0.00,"35,586",2303
113/07/04,"110,580,101","5,966,224,529",53.30,54.40,53.20,54.00,+1.30,"34,632",2303
113/07/05,"55,352,341","2,972,540,568",54.00,54.10,53.40,53.50,-0.50,"20,706",2303
113/07/08,"120,702,690","6,598,349,533",54.00,55.50,53.60,55.30,+1.80,"36,876",2303
113/07/09,"83,989,070","4,663,152,188",55.80,56.30,55.00,55.30, 0.00,"33,007",2303
113/07/10,"57,142,843","3,127,979,955",55.20,55.40,54.20,54.70,-0.60,"22,824",2303
113/07/11,"60,577,056","3,306,284,244",55.20,55.20,54.20,54.70, 0.00,"24,776",2303
113/07/12,"97,130,116","5,160,986,876",53.70,53.70,52.80,53.00,-1.70,"42,470",2303
113/07/15,"46,266,262","2,466,595,425",53.10,53.60,53.00,53.40,+0.40,"15,102",2303
113/07/16,"52,998,696","2,816,268,770",53.70,53.80,52.90,53.00,-0.40,"22,770",2303
113/07/17,"73,727,476","3,912,278,300",53.10,53.30,52.80,53.00, 0.00,"25,968",2303
113/07/18,"80,643,853","4,218,406,795",52.50,52.90,51.80,52.70,-0.30,"26,621",2303
113/07/19,"50,320,143","2,613,595,688",52.20,52.40,51.70,51.90,-0.80,"18,736",2303
113/07/22,"87,881,071","4,418,835,761",51.50,51.60,49.85,50.20,-1.70,"30,656",2303
113/07/23,"54,070,807","2,756,257,456",51.00,51.30,50.50,51.30,+1.10,"18,188",2303
113/07/26,"90,576,297","4,529,377,563",49.45,50.70,49.15,50.70,-0.60,"32,383",2303
113/07/29,"53,281,590","2,682,311,262",51.10,51.40,49.95,50.20,-0.50,"21,195",2303
113/07/30,"55,881,576","2,773,357,350",49.95,50.00,49.20,50.00,-0.20,"29,689",2303
113/07/31,"48,572,259","2,429,468,907",49.60,50.50,49.35,50.40,+0.40,"17,341",2303
113/08/01,"177,167,154","9,478,469,847",53.70,54.00,52.60,53.90,+3.50,"55,233",2303
113/08/02,"91,983,414","4,821,608,762",52.70,52.90,52.00,52.90,-1.00,"39,176",2303
113/08/05,"114,919,484","5,773,961,347",51.50,51.50,49.40,49.95,-2.95,"46,005",2303
113/08/06,"91,083,366","4,656,442,679",51.40,51.90,49.50,51.70,+1.75,"32,369",2303
113/08/07,"66,432,793","3,486,669,611",52.20,53.00,51.70,53.00,+1.30,"24,620",2303
113/08/08,"41,940,773","2,198,500,998",52.00,52.90,51.60,52.80,-0.20,"16,856",2303
113/08/09,"92,121,597","4,971,101,279",54.20,54.40,53.50,53.90,+1.10,"34,209",2303
113/08/12,"60,707,017","3,308,368,672",54.30,54.70,54.20,54.70,+0.80,"24,966",2303
113/08/13,"40,357,656","2,205,517,836",54.80,54.90,54.30,54.80,+0.10,"16,372",2303
113/08/14,"96,047,613","5,335,906,583",55.50,55.80,55.20,55.70,+0.90,"39,407",2303
113/08/15,"36,309,553","1,998,944,703",55.70,55.70,54.50,54.70,-1.00,"21,998",2303
113/08/16,"68,166,778","3,801,658,938",56.00,56.00,55.40,55.80,+1.10,"27,478",2303
113/08/19,"42,753,863","2,385,068,757",55.90,56.00,55.40,56.00,+0.20,"15,512",2303
113/08/20,"47,715,835","2,675,924,792",56.30,56.40,55.60,56.00, 0.00,"21,133",2303
113/08/21,"35,451,589","1,977,875,226",55.90,56.00,55.30,56.00, 0.00,"14,943",2303
113/08/22,"30,087,791","1,679,462,722",56.00,56.20,55.50,55.90,-0.10,"13,046",2303
113/08/23,"31,165,353","1,721,391,994",55.20,55.60,54.80,55.60,-0.30,"13,353",2303
113/08/26,"27,664,138","1,528,695,374",55.80,55.80,54.90,55.10,-0.50,"17,871",2303
113/08/27,"38,928,040","2,108,440,460",54.50,54.60,53.80,54.00,-1.10,"33,956",2303
113/08/28,"29,808,271","1,636,807,090",54.20,55.20,54.10,55.20,+1.20,"13,150",2303
113/08/29,"23,254,897","1,268,361,475",54.70,54.80,54.30,54.60,-0.60,"11,715",2303
113/08/30,"62,697,419","3,468,021,939",54.60,55.50,54.60,55.50,+0.90,"12,868",2303
113/09/02,"35,096,170","1,936,319,833",55.60,55.60,54.80,55.40,-0.10,"10,816",2303
113/09/03,"27,896,571","1,542,192,127",55.20,55.60,55.00,55.10,-0.30,"7,645",2303
113/09/04,"85,748,502","4,574,666,003",53.00,54.10,52.30,53.30,-1.80,"31,144",2303
113/09/05,"37,783,857","2,041,606,336",53.90,54.60,53.60,53.90,+0.60,"10,951",2303
113/09/06,"24,617,263","1,337,850,400",54.30,54.50,53.60,54.50,+0.60,"8,368",2303
113/09/09,"46,437,090","2,480,087,923",52.90,53.80,52.60,53.80,-0.70,"12,827",2303
113/09/10,"34,262,285","1,824,628,704",53.80,53.80,52.90,53.30,-0.50,"13,169",2303
113/09/11,"24,122,229","1,298,680,795",53.30,54.00,53.20,54.00,+0.70,"7,614",2303
113/09/12,"35,327,391","1,946,021,545",55.10,55.40,54.90,55.20,+1.20,"16,058",2303
113/09/13,"30,635,902","1,672,171,622",55.20,55.30,54.30,54.60,-0.60,"13,103",2303
113/09/16,"24,475,651","1,334,080,574",54.60,54.80,54.30,54.50,-0.10,"8,209",2303
113/09/18,"57,765,815","3,099,924,581",54.10,54.20,53.30,53.80,-0.70,"21,750",2303
113/09/19,"44,964,271","2,415,397,778",53.70,54.20,53.50,53.70,-0.10,"12,279",2303
113/09/20,"71,866,316","3,856,598,605",54.10,54.40,53.10,53.80,+0.10,"16,026",2303
113/09/23,"30,909,169","1,666,640,071",53.80,54.00,53.40,54.00,+0.20,"6,404",2303
113/09/24,"43,459,670","2,340,211,816",54.00,54.10,53.60,53.90,-0.10,"9,007",2303
113/09/25,"52,411,766","2,854,245,872",54.30,54.80,54.10,54.50,+0.60,"14,003",2303
113/09/26,"47,535,593","2,609,714,296",54.90,55.10,54.70,54.90,+0.40,"11,632",2303
113/09/27,"40,025,086","2,206,836,431",55.40,55.40,55.00,55.00,+0.10,"12,339",2303
113/09/30,"42,157,880","2,284,601,698",54.80,55.20,53.80,53.80,-1.20,"16,556",2303
113/10/01,"24,979,119","1,343,617,543",53.60,54.20,53.60,53.70,-0.10,"6,872",2303
113/10/04,"63,348,072","3,334,351,645",52.60,52.90,52.20,52.60,-1.10,"20,984",2303
113/10/07,"43,397,182","2,289,218,942",53.00,53.30,52.30,52.90,+0.30,"13,025",2303
113/10/08,"39,756,365","2,082,160,354",52.10,52.60,52.10,52.60,-0.30,"12,381",2303
113/10/09,"42,465,533","2,211,089,841",52.30,52.50,51.70,51.90,-0.70,"17,032",2303
113/10/11,"32,833,335","1,706,873,469",51.80,52.30,51.70,51.80,-0.10,"11,425",2303
113/10/14,"27,090,440","1,418,945,028",52.10,52.60,52.00,52.50,+0.70,"9,501",2303
113/10/15,"25,326,253","1,331,772,833",52.60,52.80,52.40,52.60,+0.10,"8,892",2303
113/10/16,"61,244,501","3,168,793,406",51.40,51.90,51.30,51.70,-0.90,"16,272",2303
113/10/17,"32,439,299","1,678,108,222",51.60,51.90,51.60,51.70, 0.00,"11,511",2303
113/10/18,"79,201,330","4,033,204,117",51.50,51.70,50.50,50.50,-1.20,"36,277",2303
113/10/21,"63,151,405","3,188,180,026",50.30,50.90,50.00,50.90,+0.40,"21,439",2303
113/10/22,"51,036,231","2,584,157,300",50.40,50.90,50.40,50.70,-0.20,"15,928",2303
113/10/23,"50,524,600","2,541,876,221",50.70,50.70,50.20,50.20,-0.50,"24,408",2303
113/10/24,"50,120,168","2,503,375,238",49.95,50.10,49.85,49.90,-0.30,"22,113",2303
113/10/25,"47,613,099","2,378,572,118",49.95,50.20,49.80,49.80,-0.10,"18,297",2303
113/10/28,"49,591,853","2,453,395,777",49.80,50.00,49.25,49.25,-0.55,"24,284",2303
113/10/29,"82,221,016","3,972,885,533",48.85,48.90,48.15,48.40,-0.85,"42,033",2303
113/10/30,"54,660,571","2,630,969,697",48.50,48.65,48.00,48.15,-0.25,"26,089",2303
113/11/01,"142,032,069","6,583,091,523",45.75,47.00,45.65,46.60,-1.55,"60,487",2303
113/11/04,"60,431,583","2,790,352,342",46.60,46.70,46.00,46.00,-0.60,"29,296",2303
113/11/05,"85,444,501","3,873,861,983",45.50,45.65,45.05,45.35,-0.65,"49,407",2303
113/11/06,"79,644,028","3,651,727,549",45.00,46.45,45.00,45.85,+0.50,"34,175",2303
113/11/07,"93,698,066","4,396,138,575",45.95,47.95,45.90,47.15,+1.30,"40,038",2303
113/11/08,"63,092,705","2,969,197,361",47.40,47.80,46.65,46.65,-0.50,"29,346",2303
113/11/11,"46,564,971","2,150,935,396",46.45,46.65,45.70,46.55,-0.10,"18,820",2303
113/11/12,"70,364,045","3,251,351,479",45.95,46.95,45.75,46.10,-0.45,"28,019",2303
113/11/13,"53,138,929","2,443,600,366",45.90,46.35,45.70,45.80,-0.30,"22,155",2303
113/11/14,"79,049,126","3,572,529,777",45.60,45.60,45.00,45.00,-0.80,"38,267",2303
113/11/15,"52,930,527","2,389,302,760",45.00,45.40,44.60,45.00, 0.00,"19,155",2303
113/11/18,"69,335,119","3,140,782,677",44.90,45.80,44.85,45.10,+0.10,"26,371",2303
113/11/19,"60,279,202","2,741,930,999",45.20,46.00,45.20,45.20,+0.10,"20,844",2303
113/11/20,"61,462,099","2,771,168,697",45.20,45.45,44.90,44.90,-0.30,"26,964",2303
113/11/21,"67,566,092","3,009,085,991",44.55,44.75,44.40,44.40,-0.50,"30,695",2303
113/11/22,"50,873,807","2,276,582,261",44.75,45.20,44.45,44.45,+0.05,"18,925",2303
113/11/25,"77,140,885","3,473,635,047",45.10,45.45,44.90,44.90,+0.45,"16,610",2303
113/11/26,"42,091,454","1,906,011,676",44.80,45.70,44.60,45.40,+0.50,"15,740",2303
113/11/27,"89,385,803","3,965,087,977",44.85,44.90,43.95,44.40,-1.00,"47,277",2303
113/11/28,"84,388,891","3,671,257,090",43.95,44.10,43.00,43.90,-0.50,"37,776",2303
113/11/29,"66,391,636","2,896,668,773",43.90,44.10,43.25,43.55,-0.35,"23,914",2303
113/12/02,"38,808,605","1,719,335,977",43.95,44.60,43.80,44.60,+1.05,"16,394",2303
113/12/03,"50,827,676","2,269,664,791",45.10,45.15,44.30,44.80,+0.20,"23,313",2303
113/12/04,"51,839,157","2,292,858,660",44.25,44.45,44.00,44.45,-0.35,"18,698",2303
113/12/05,"57,737,775","2,525,664,378",44.05,44.20,43.60,43.60,-0.85,"25,442",2303
113/12/06,"43,886,931","1,911,666,388",43.15,43.95,43.15,43.50,-0.10,"15,461",2303
113/12/09,"33,312,746","1,458,808,384",43.50,44.05,43.50,44.05,+0.55,"13,141",2303
113/12/10,"33,052,078","1,442,680,109",43.80,43.95,43.50,43.70,-0.35,"15,587",2303
113/12/11,"44,548,779","1,922,353,086",43.25,43.45,43.00,43.00,-0.70,"22,691",2303
113/12/12,"73,331,330","3,120,567,615",43.15,43.30,42.15,42.50,-0.50,"35,531",2303
113/12/13,"116,092,296","4,787,500,727",42.00,42.10,40.60,41.45,-1.05,"48,858",2303
113/12/16,"85,871,642","3,547,354,404",41.30,41.60,40.70,41.45, 0.00,"28,826",2303
113/12/17,"102,542,478","4,393,629,719",42.00,43.40,41.95,42.55,+1.10,"43,684",2303
113/12/18,"88,714,676","3,851,929,746",43.10,43.85,43.00,43.70,+1.15,"38,170",2303
113/12/19,"69,363,809","2,987,875,531",43.00,43.60,42.70,43.00,-0.70,"25,416",2303
113/12/20,"70,140,648","2,975,921,092",42.60,43.00,42.15,42.35,-0.65,"21,238",2303
113/12/23,"36,819,095","1,582,845,443",42.75,43.30,42.75,42.90,+0.55,"11,751",2303
113/12/24,"133,767,867","5,933,285,984",44.40,44.95,43.70,44.00,+1.10,"44,323",2303
113/12/25,"52,749,372","2,335,512,983",44.50,44.70,44.05,44.05,+0.05,"29,159",2303
113/12/26,"28,538,664","1,247,921,460",44.30,44.30,43.50,43.70,-0.35,"12,920",2303
113/12/27,"22,762,969","995,145,355",43.55,44.05,43.45,43.60,-0.10,"9,127",2303
113/12/30,"25,753,824","1,115,037,243",43.20,43.60,43.10,43.10,-0.50,"12,868",2303
113/12/31,"43,755,276","1,870,605,541",42.70,43.45,42.20,43.05,-0.05,"18,536",2303
