日期,成交股數,成交金額,開盤價,最高價,最低價,收盤價,漲跌價差,成交筆數,股票代號
 99/01/04,"6,112,124","423,071,079",69.90,69.90,68.80,68.90,-0.70,"2,973",2382
 99/01/05,"10,416,665","717,237,016",69.20,69.50,68.10,68.40,-0.50,"4,406",2382
 99/01/06,"10,166,927","698,977,594",67.80,69.50,67.80,69.40,+1.00,"4,245",2382
 99/01/07,"12,422,225","858,461,683",69.50,69.90,68.10,68.80,-0.60,"4,815",2382
 99/01/08,"6,828,104","466,612,668",68.80,69.10,67.60,68.50,-0.30,"2,515",2382
 99/01/11,"10,260,523","712,103,487",69.20,69.70,68.90,69.30,+0.80,"3,611",2382
 99/01/12,"7,223,469","501,772,121",69.80,69.80,69.20,69.40,+0.10,"3,022",2382
 99/01/13,"8,481,062","584,055,629",69.00,69.40,68.60,68.70,-0.70,"2,686",2382
 99/01/14,"21,827,196","1,530,180,843",69.60,70.70,68.90,70.50,+1.80,"7,870",2382
 99/01/15,"21,460,095","1,529,522,627",71.00,71.80,71.00,71.10,+0.60,"5,560",2382
 99/01/18,"18,021,630","1,288,815,291",70.50,72.30,70.50,71.50,+0.40,"4,123",2382
 99/01/19,"15,911,045","1,118,358,893",71.80,71.90,69.40,69.90,-1.60,"4,877",2382
 99/01/20,"17,862,858","1,226,622,029",70.00,70.50,67.90,68.60,-1.30,"5,897",2382
 99/01/21,"9,696,079","656,308,011",68.10,68.50,67.20,67.70,-0.90,"3,087",2382
 99/01/22,"14,344,223","944,640,099",67.00,67.00,65.10,65.50,-2.20,"5,441",2382
 99/01/25,"8,267,615","541,512,779",65.00,66.00,64.50,65.70,+0.20,"2,539",2382
 99/01/26,"11,788,830","764,462,470",66.20,66.50,63.50,64.20,-1.50,"3,959",2382
 99/01/27,"7,128,828","457,961,339",64.80,64.90,63.60,64.20, 0.00,"2,636",2382
 99/01/28,"17,679,111","1,141,202,863",64.20,65.30,64.00,64.50,+0.30,"4,957",2382
 99/01/29,"11,758,631","744,765,184",63.90,63.90,62.30,63.90,-0.60,"3,966",2382
 99/02/01,"10,185,072","655,169,526",64.20,64.70,63.80,64.40,+0.50,"3,498",2382
 99/02/02,"13,348,596","873,483,602",65.90,66.40,64.60,65.30,+0.90,"5,207",2382
 99/02/03,"10,953,939","722,132,649",65.80,66.50,65.50,66.40,+1.10,"2,983",2382
 99/02/04,"9,082,657","592,627,561",66.20,66.20,64.70,64.80,-1.60,"3,964",2382
 99/02/05,"9,584,593","598,840,128",63.10,63.50,61.30,61.40,-3.40,"3,869",2382
 99/02/06,"3,485,319","215,412,132",61.40,62.30,61.00,62.00,+0.60,"1,354",2382
 99/02/08,"6,624,107","408,296,271",62.00,62.50,61.00,61.20,-0.80,"2,418",2382
 99/02/09,"5,993,581","377,503,808",62.10,63.90,61.50,63.20,+2.00,"2,285",2382
 99/02/10,"4,773,104","306,066,456",64.60,64.60,63.50,64.00,+0.80,"1,946",2382
 99/02/22,"6,533,806","425,057,603",65.20,66.00,64.10,64.10,+0.10,"2,441",2382
 99/02/23,"9,914,576","636,502,106",65.50,65.50,63.60,63.80,-0.30,"3,480",2382
 99/02/24,"10,756,115","695,108,160",63.20,65.30,63.20,64.00,+0.20,"3,815",2382
 99/02/25,"9,315,371","600,082,344",64.00,65.00,63.70,64.00, 0.00,"2,693",2382
 99/02/26,"5,751,886","372,196,720",64.10,65.50,63.90,65.50,+1.50,"2,068",2382
 99/03/01,"7,708,885","504,883,564",65.40,65.90,64.40,65.40,-0.10,"3,058",2382
 99/03/02,"5,253,138","344,930,692",66.30,66.30,65.30,65.30,-0.10,"2,017",2382
 99/03/03,"4,373,597","283,314,568",64.80,65.60,64.30,64.80,-0.50,"2,127",2382
 99/03/04,"7,516,796","479,512,706",64.30,64.80,63.10,63.60,-1.20,"3,576",2382
 99/03/05,"11,290,486","731,431,490",64.50,65.00,64.00,65.00,+1.40,"2,566",2382
 99/03/08,"4,182,177","272,586,105",65.50,65.70,64.40,65.00, 0.00,"1,883",2382
 99/03/09,"6,374,587","412,154,488",65.00,65.30,64.20,64.40,-0.60,"2,480",2382
 99/03/10,"5,745,796","368,499,466",65.10,65.20,63.80,64.00,-0.40,"2,576",2382
 99/03/11,"6,919,727","440,416,712",64.20,64.70,63.30,63.60,-0.40,"2,333",2382
 99/03/12,"6,755,286","429,349,918",64.00,64.00,63.10,63.20,-0.40,"2,207",2382
 99/03/15,"7,231,762","456,665,146",63.30,63.50,62.70,63.20, 0.00,"2,082",2382
 99/03/16,"7,555,953","474,536,036",63.70,63.80,62.30,62.50,-0.70,"2,685",2382
 99/03/17,"19,227,184","1,204,982,211",63.40,63.50,62.30,63.20,+0.70,"5,743",2382
 99/03/18,"12,745,451","804,054,513",63.10,63.30,62.90,63.00,-0.20,"3,564",2382
 99/03/19,"18,015,419","1,140,232,543",63.40,63.90,62.90,63.90,+0.90,"4,510",2382
 99/03/22,"6,520,195","412,256,271",63.70,63.90,62.80,63.50,-0.40,"2,505",2382
 99/03/23,"16,115,847","998,708,514",63.10,63.50,61.50,61.70,-1.80,"6,280",2382
 99/03/24,"13,001,588","803,437,949",62.10,62.50,61.40,61.70, 0.00,"3,399",2382
 99/03/25,"12,179,158","741,581,500",61.50,61.70,60.60,60.80,-0.90,"4,517",2382
 99/03/26,"18,358,095","1,118,903,839",60.80,61.60,60.30,61.50,+0.70,"5,475",2382
 99/03/29,"10,830,419","666,152,303",61.50,61.80,61.20,61.40,-0.10,"3,303",2382
 99/03/30,"12,769,853","789,966,869",62.00,62.10,61.40,61.90,+0.50,"3,729",2382
 99/03/31,"12,414,673","767,488,273",61.60,62.10,61.30,61.60,-0.30,"2,906",2382
 99/04/01,"12,501,262","769,596,555",61.60,61.90,61.20,61.40,-0.20,"5,172",2382
 99/04/02,"9,088,048","561,127,641",61.50,62.20,61.40,61.80,+0.40,"2,874",2382
 99/04/06,"12,693,422","788,277,887",62.20,62.50,61.90,62.20,+0.40,"4,610",2382
 99/04/07,"9,094,880","563,895,365",62.50,62.50,61.70,61.90,-0.30,"2,578",2382
 99/04/08,"10,791,225","667,247,271",61.90,62.30,61.60,61.80,-0.10,"3,249",2382
 99/04/09,"6,993,729","431,620,451",62.20,62.20,61.50,61.70,-0.10,"2,794",2382
 99/04/12,"9,193,623","564,609,933",61.70,62.20,61.10,61.30,-0.40,"2,840",2382
 99/04/13,"9,506,846","569,429,713",60.00,60.40,59.30,60.10,-1.20,"3,742",2382
 99/04/14,"11,880,786","709,583,960",60.10,60.10,59.40,60.00,-0.10,"3,761",2382
 99/04/15,"13,385,064","803,110,402",60.00,60.50,59.70,60.40,+0.40,"3,010",2382
 99/04/16,"6,525,911","393,626,715",60.40,60.80,60.10,60.20,-0.20,"2,447",2382
 99/04/19,"8,795,404","521,650,036",59.80,60.00,58.90,59.00,-1.20,"3,735",2382
 99/04/20,"11,421,751","676,667,921",59.50,59.70,58.80,59.30,+0.30,"3,310",2382
 99/04/21,"14,812,736","894,168,788",59.70,61.30,59.60,61.30,+2.00,"4,464",2382
 99/04/22,"10,318,556","627,185,916",60.10,61.30,60.00,61.00,-0.30,"4,171",2382
 99/04/23,"8,601,263","520,859,738",61.20,61.30,60.10,60.30,-0.70,"3,211",2382
 99/04/26,"14,237,599","870,894,937",60.60,61.50,60.60,61.50,+1.20,"4,322",2382
 99/04/27,"31,915,520","1,977,360,025",62.00,62.40,61.50,61.90,+0.40,"7,070",2382
 99/04/28,"14,500,075","882,046,183",60.60,61.40,60.00,61.10,-0.80,"5,154",2382
 99/04/29,"15,520,488","937,761,301",61.80,61.80,59.70,59.70,-1.40,"4,984",2382
 99/04/30,"9,178,891","549,025,873",59.90,60.50,59.30,59.30,-0.40,"3,511",2382
 99/05/03,"8,591,001","503,072,559",59.20,59.50,58.10,58.40,-0.90,"3,484",2382
 99/05/04,"9,254,820","540,786,801",58.40,58.90,58.10,58.20,-0.20,"3,464",2382
 99/05/05,"22,749,374","1,274,762,544",57.20,57.30,54.90,55.40,-2.80,"7,773",2382
 99/05/06,"12,141,620","670,421,938",55.30,55.50,55.00,55.00,-0.40,"4,117",2382
 99/05/07,"20,595,034","1,138,158,758",54.50,57.70,54.10,57.10,+2.10,"5,720",2382
 99/05/10,"12,306,030","707,452,422",56.60,58.20,56.60,57.70,+0.60,"3,750",2382
 99/05/11,"14,021,382","810,752,323",58.20,58.40,57.00,57.50,-0.20,"3,779",2382
 99/05/12,"8,865,748","509,698,100",57.30,57.80,57.00,57.50, 0.00,"2,966",2382
 99/05/13,"4,837,135","281,328,446",58.00,58.50,57.90,58.10,+0.60,"1,950",2382
 99/05/14,"5,933,306","344,255,915",58.10,58.40,57.50,58.30,+0.20,"2,202",2382
 99/05/17,"15,701,629","895,795,953",57.50,57.80,56.80,57.10,-1.20,"4,264",2382
 99/05/18,"16,787,251","935,837,656",57.10,57.50,54.50,55.70,-1.40,"6,271",2382
 99/05/19,"17,893,932","975,691,160",55.10,55.40,54.00,55.00,-0.70,"5,915",2382
 99/05/20,"9,823,005","537,325,858",55.00,55.50,54.30,54.50,-0.50,"3,525",2382
 99/05/21,"18,901,936","1,014,205,344",53.40,54.50,53.20,53.70,-0.80,"5,091",2382
 99/05/24,"5,166,632","283,849,937",54.70,55.40,54.20,54.80,+1.10,"2,347",2382
 99/05/25,"12,117,402","650,553,373",54.30,54.30,52.50,53.50,-1.30,"3,471",2382
 99/05/26,"21,792,477","1,222,001,289",54.20,57.20,54.20,57.00,+3.50,"5,707",2382
 99/05/27,"13,907,562","783,558,496",56.50,57.20,55.90,56.60,-0.40,"3,783",2382
 99/05/28,"17,278,118","999,789,185",57.30,58.40,57.00,57.60,+1.00,"4,422",2382
 99/05/31,"5,658,084","328,284,476",58.00,58.20,57.60,58.20,+0.60,"1,577",2382
 99/06/01,"5,597,087","323,907,162",57.60,58.40,57.10,58.30,+0.10,"1,957",2382
 99/06/02,"6,475,471","375,506,118",58.00,58.30,57.60,58.00,-0.30,"1,861",2382
 99/06/03,"5,110,102","300,543,677",58.50,59.10,58.40,59.00,+1.00,"2,292",2382
 99/06/04,"8,023,064","466,248,689",59.20,59.20,57.90,58.00,-1.00,"2,858",2382
 99/06/07,"9,637,099","532,493,620",55.00,55.90,54.50,55.40,-2.60,"3,204",2382
 99/06/08,"7,082,689","388,030,695",55.00,55.40,54.40,54.70,-0.70,"2,715",2382
 99/06/09,"11,253,197","618,923,980",54.90,55.40,54.60,55.10,+0.40,"3,871",2382
 99/06/10,"5,093,738","284,351,164",56.30,56.30,55.50,56.20,+1.10,"1,989",2382
 99/06/11,"6,766,064","388,917,572",57.00,57.80,56.80,57.70,+1.50,"3,147",2382
 99/06/14,"2,880,664","167,195,870",58.00,58.50,57.70,57.80,+0.10,"1,501",2382
 99/06/15,"5,945,759","347,269,964",57.80,59.30,57.30,58.40,+0.60,"2,386",2382
 99/06/17,"6,758,698","398,512,182",58.50,59.30,58.40,59.00,+0.60,"2,992",2382
 99/06/18,"6,216,943","362,245,458",59.50,59.50,57.90,58.50,-0.50,"2,836",2382
 99/06/21,"20,949,860","1,265,337,772",59.50,61.20,59.00,60.80,+2.30,"6,826",2382
 99/06/22,"7,129,625","432,540,955",60.90,61.10,59.80,60.60,-0.20,"2,642",2382
 99/06/23,"4,304,993","258,363,463",60.50,60.50,59.70,60.10,-0.50,"1,739",2382
 99/06/24,"4,418,140","267,246,800",60.30,61.10,60.10,60.10, 0.00,"1,461",2382
 99/06/25,"3,392,523","201,759,500",59.70,59.90,59.20,59.30,-0.80,"1,506",2382
 99/06/28,"4,692,475","276,970,818",59.60,59.60,58.70,59.00,-0.30,"1,212",2382
 99/06/29,"5,733,882","338,927,330",59.10,60.10,58.60,59.00, 0.00,"2,233",2382
 99/06/30,"7,866,058","459,772,669",58.00,58.90,58.00,58.50,-0.50,"2,332",2382
 99/07/01,"9,259,063","527,129,231",58.40,58.40,56.60,56.90,-1.60,"2,539",2382
 99/07/02,"9,277,409","526,371,356",58.00,58.00,56.10,56.20,-0.70,"2,882",2382
 99/07/05,"5,387,344","308,878,807",56.50,58.30,56.40,58.20,+2.00,"2,172",2382
 99/07/06,"6,961,913","411,039,975",58.20,59.80,58.00,59.80,+1.60,"2,443",2382
 99/07/07,"6,995,577","413,192,343",59.80,59.80,58.60,59.00,-0.80,"2,051",2382
 99/07/08,"10,642,914","633,363,948",59.50,60.00,59.10,60.00,+1.00,"2,668",2382
 99/07/09,"13,562,548","824,185,228",60.80,61.20,60.40,61.20,+1.20,"4,108",2382
 99/07/12,"8,284,548","506,605,991",61.50,61.50,60.80,61.10,-0.10,"3,057",2382
 99/07/13,"6,235,233","380,613,550",61.20,61.40,60.70,61.10, 0.00,"1,874",2382
 99/07/14,"19,163,788","1,200,284,840",61.70,63.30,61.70,62.40,+1.30,"5,525",2382
 99/07/15,"6,318,532","395,558,836",62.40,62.80,62.00,62.70,+0.30,"2,805",2382
 99/07/16,"17,741,615","1,126,392,025",62.90,64.00,62.40,64.00,+1.30,"5,691",2382
 99/07/19,"7,720,722","489,342,700",63.50,63.90,62.50,63.60,-0.40,"2,528",2382
 99/07/20,"9,946,148","632,015,073",63.00,64.00,62.80,63.70,+0.10,"2,763",2382
 99/07/21,"12,677,445","805,389,972",63.70,64.00,63.10,63.40,-0.30,"3,440",2382
 99/07/22,"10,331,272","612,314,522",60.00,60.10,58.40,58.60,X0.00,"3,834",2382
 99/07/23,"9,352,662","551,156,976",59.50,59.50,58.60,58.70,+0.10,"3,086",2382
 99/07/26,"3,190,961","187,852,495",59.00,59.10,58.70,59.00,+0.30,"1,348",2382
 99/07/27,"9,109,402","534,749,977",59.00,59.30,58.60,58.60,-0.40,"1,375",2382
 99/07/28,"9,148,071","531,507,109",58.20,58.40,57.70,58.20,-0.40,"2,967",2382
 99/07/29,"10,655,821","615,978,218",58.20,58.50,57.00,58.20, 0.00,"4,006",2382
 99/07/30,"4,545,934","262,406,254",58.10,58.10,57.50,58.00,-0.20,"2,012",2382
 99/08/02,"6,974,112","410,050,604",58.00,59.20,58.00,59.20,+1.20,"2,129",2382
 99/08/03,"11,386,455","665,128,065",59.20,59.20,58.00,58.60,-0.60,"3,215",2382
 99/08/04,"13,446,575","770,323,275",58.80,58.80,56.50,57.00,-1.60,"4,756",2382
 99/08/05,"39,088,762","2,139,057,448",57.00,57.40,53.10,53.80,-3.20,"11,542",2382
 99/08/06,"15,857,252","848,769,350",53.80,53.90,53.10,53.90,+0.10,"7,074",2382
 99/08/09,"10,681,057","574,802,534",53.50,54.50,53.40,53.60,-0.30,"3,849",2382
 99/08/10,"17,176,348","907,085,274",53.60,53.80,52.30,52.50,-1.10,"5,986",2382
 99/08/11,"13,928,215","738,047,395",52.00,53.60,52.00,53.00,+0.50,"4,366",2382
 99/08/12,"8,923,955","473,584,215",52.60,53.40,52.60,53.00, 0.00,"2,873",2382
 99/08/13,"15,697,885","833,601,473",53.60,53.60,52.80,53.10,+0.10,"4,292",2382
 99/08/16,"3,637,399","193,009,673",53.00,53.30,52.90,53.10, 0.00,"1,759",2382
 99/08/17,"3,844,646","204,527,985",53.90,53.90,53.00,53.00,-0.10,"1,949",2382
 99/08/18,"10,614,786","560,706,279",53.30,53.50,52.50,52.70,-0.30,"4,117",2382
 99/08/19,"11,701,200","619,345,300",52.80,53.20,52.60,53.00,+0.30,"3,598",2382
 99/08/20,"7,364,594","386,551,176",53.00,53.00,52.20,52.20,-0.80,"3,199",2382
 99/08/23,"5,490,855","287,230,216",52.10,52.60,52.00,52.20, 0.00,"2,235",2382
 99/08/24,"9,056,804","471,008,708",52.00,52.40,51.50,51.90,-0.30,"3,671",2382
 99/08/25,"14,364,559","727,247,669",51.60,51.60,50.10,50.10,-1.80,"5,830",2382
 99/08/26,"15,337,879","763,764,927",50.00,50.50,49.30,49.95,-0.15,"6,037",2382
 99/08/27,"7,234,919","358,445,595",49.80,49.95,49.30,49.50,-0.45,"3,439",2382
 99/08/30,"4,533,452","226,931,650",50.00,50.50,49.55,50.00,+0.50,"2,155",2382
 99/08/31,"15,106,425","730,606,576",49.60,49.60,47.75,48.60,-1.40,"5,199",2382
 99/09/01,"29,532,486","1,358,178,826",47.40,47.40,45.40,45.45,-3.15,"9,805",2382
 99/09/02,"19,414,489","892,515,666",46.20,46.40,45.70,46.00,+0.55,"7,403",2382
 99/09/03,"13,980,071","649,656,811",46.05,46.90,46.05,46.80,+0.80,"5,670",2382
 99/09/06,"20,632,034","1,006,478,766",47.80,49.80,47.80,49.00,+2.20,"6,134",2382
 99/09/07,"16,317,567","815,730,756",49.10,50.50,49.10,50.00,+1.00,"5,658",2382
 99/09/08,"10,610,644","527,619,953",49.80,50.80,49.20,49.65,-0.35,"2,976",2382
 99/09/09,"9,820,868","485,637,118",50.70,50.80,48.90,49.35,-0.30,"3,411",2382
 99/09/10,"9,553,479","465,293,260",49.40,49.75,48.20,48.70,-0.65,"4,347",2382
 99/09/13,"13,999,567","680,738,683",48.80,49.25,47.95,49.00,+0.30,"5,064",2382
 99/09/14,"7,974,847","388,659,617",49.05,49.05,48.45,48.65,-0.35,"3,186",2382
 99/09/15,"9,717,257","477,414,072",48.75,49.40,48.75,49.40,+0.75,"3,836",2382
 99/09/16,"5,041,235","248,532,849",49.45,49.85,49.00,49.10,-0.30,"2,636",2382
 99/09/17,"9,805,019","479,588,295",49.10,49.45,48.60,48.75,-0.35,"3,086",2382
 99/09/20,"10,455,352","501,018,506",48.75,48.95,47.45,47.80,-0.95,"4,659",2382
 99/09/21,"11,902,227","566,040,175",48.00,48.20,47.15,47.85,+0.05,"5,088",2382
 99/09/23,"12,298,503","585,532,746",48.00,48.05,47.30,47.65,-0.20,"4,687",2382
 99/09/24,"13,012,076","615,298,050",47.65,47.85,47.05,47.35,-0.30,"4,958",2382
 99/09/27,"11,328,629","536,404,547",47.60,47.80,47.05,47.35, 0.00,"3,536",2382
 99/09/28,"17,102,602","826,337,210",47.50,49.30,47.40,48.85,+1.50,"6,650",2382
 99/09/29,"20,547,730","1,032,254,932",49.50,50.60,49.50,50.30,+1.45,"7,821",2382
 99/09/30,"11,456,577","577,141,023",50.50,50.80,49.95,50.70,+0.40,"3,810",2382
 99/10/01,"8,868,975","449,060,429",50.70,51.10,50.30,50.40,-0.30,"2,772",2382
 99/10/04,"7,459,622","376,349,371",51.00,51.00,50.20,50.40, 0.00,"2,205",2382
 99/10/05,"10,410,458","516,025,752",50.30,50.40,48.85,49.60,-0.80,"3,609",2382
 99/10/06,"7,781,196","389,021,038",50.00,50.50,49.65,49.85,+0.25,"3,182",2382
 99/10/07,"6,285,225","311,700,430",50.40,50.40,49.35,49.70,-0.15,"2,483",2382
 99/10/08,"5,360,654","266,203,985",50.30,50.30,49.45,49.70, 0.00,"2,547",2382
 99/10/11,"5,948,287","292,805,355",49.60,49.60,49.00,49.20,-0.50,"2,635",2382
 99/10/12,"8,886,862","431,721,864",49.10,49.20,48.35,48.65,-0.55,"3,750",2382
 99/10/13,"7,790,576","376,086,485",48.90,48.90,47.90,48.15,-0.50,"3,678",2382
 99/10/14,"23,285,479","1,167,567,110",49.15,50.80,49.15,50.50,+2.35,"8,343",2382
 99/10/15,"19,897,439","1,015,180,477",51.00,51.30,50.80,51.00,+0.50,"6,507",2382
 99/10/18,"12,099,516","618,174,204",51.50,51.70,50.60,51.00, 0.00,"4,580",2382
 99/10/19,"16,990,202","866,830,934",51.00,51.40,50.50,51.40,+0.40,"4,613",2382
 99/10/20,"19,084,233","1,001,312,671",51.00,53.40,50.80,53.40,+2.00,"6,381",2382
 99/10/21,"12,068,642","640,431,471",53.90,53.90,52.40,53.40, 0.00,"4,262",2382
 99/10/22,"19,782,867","1,071,868,208",53.80,54.80,53.30,54.70,+1.30,"6,753",2382
 99/10/25,"18,023,086","1,000,247,152",55.00,55.80,54.80,55.70,+1.00,"6,901",2382
 99/10/26,"11,522,425","634,868,112",55.90,56.00,54.70,55.20,-0.50,"2,847",2382
 99/10/27,"9,580,252","528,656,993",55.50,55.60,55.00,55.00,-0.20,"3,063",2382
 99/10/28,"21,635,209","1,207,506,408",55.00,56.80,54.30,56.80,+1.80,"6,841",2382
 99/10/29,"9,485,947","533,300,090",56.80,56.80,55.90,56.20,-0.60,"2,882",2382
 99/11/01,"20,966,156","1,193,376,092",56.20,57.10,56.20,57.00,+0.80,"5,905",2382
 99/11/02,"11,677,308","665,257,156",57.00,57.20,56.40,57.00, 0.00,"3,689",2382
 99/11/03,"18,226,424","1,035,629,610",57.00,57.40,55.80,56.70,-0.30,"4,513",2382
 99/11/04,"8,392,747","478,344,379",57.00,57.20,56.70,57.00,+0.30,"2,512",2382
 99/11/05,"14,887,870","843,161,355",57.20,57.20,56.00,56.60,-0.40,"3,453",2382
 99/11/08,"9,832,426","554,209,456",57.00,57.00,56.00,56.30,-0.30,"3,257",2382
 99/11/09,"6,964,580","387,308,053",56.30,56.30,55.20,55.50,-0.80,"2,746",2382
 99/11/10,"7,907,441","447,715,403",55.90,57.30,55.50,57.30,+1.80,"3,394",2382
 99/11/11,"4,936,576","281,374,357",57.30,57.30,56.70,57.00,-0.30,"1,629",2382
 99/11/12,"9,305,726","529,178,482",57.00,57.50,56.00,57.10,+0.10,"4,136",2382
 99/11/15,"6,335,918","361,693,215",57.10,57.20,56.50,57.20,+0.10,"1,536",2382
 99/11/16,"4,521,029","259,251,746",57.60,57.60,57.00,57.60,+0.40,"1,647",2382
 99/11/17,"6,670,636","383,447,837",57.50,57.90,56.80,57.90,+0.30,"2,330",2382
 99/11/18,"3,550,713","205,053,315",58.20,58.30,57.50,57.70,-0.20,"1,482",2382
 99/11/19,"4,665,715","267,677,355",58.10,58.20,57.00,57.30,-0.40,"2,360",2382
 99/11/22,"4,450,086","257,097,488",57.00,58.10,57.00,58.00,+0.70,"1,868",2382
 99/11/23,"9,408,395","550,171,287",58.40,58.80,58.10,58.50,+0.50,"3,427",2382
 99/11/24,"4,744,783","276,592,489",58.00,58.60,57.90,58.50, 0.00,"1,799",2382
 99/11/25,"13,822,744","827,288,724",58.50,60.30,58.50,60.10,+1.60,"4,799",2382
 99/11/26,"10,776,744","646,693,367",60.30,60.30,59.80,60.00,-0.10,"2,727",2382
 99/11/29,"5,913,279","355,866,042",60.50,60.80,60.00,60.30,+0.30,"1,823",2382
 99/11/30,"10,350,452","624,281,145",60.50,60.60,59.90,59.90,-0.40,"2,309",2382
 99/12/01,"7,605,903","452,707,825",59.90,60.20,58.90,59.70,-0.20,"3,401",2382
 99/12/02,"13,500,959","819,918,489",60.10,61.00,60.10,60.80,+1.10,"4,964",2382
 99/12/03,"8,968,078","552,700,674",60.90,62.00,60.60,61.80,+1.00,"4,210",2382
 99/12/06,"5,586,186","346,733,867",62.30,62.40,61.90,62.10,+0.30,"2,180",2382
 99/12/07,"8,104,736","501,955,232",62.20,62.50,61.20,62.30,+0.20,"3,220",2382
 99/12/08,"4,472,272","275,015,579",62.50,62.60,61.00,61.00,-1.30,"1,928",2382
 99/12/09,"13,312,948","840,287,643",62.90,63.70,62.60,63.50,+2.50,"5,066",2382
 99/12/10,"6,011,596","375,973,738",63.50,63.50,61.80,62.80,-0.70,"1,951",2382
 99/12/13,"10,787,950","669,917,275",63.00,63.00,61.80,62.50,-0.30,"2,351",2382
 99/12/14,"8,322,952","523,992,876",62.90,63.20,62.50,63.20,+0.70,"3,314",2382
 99/12/15,"11,977,747","746,327,666",63.00,63.00,61.80,62.20,-1.00,"3,190",2382
 99/12/16,"6,458,954","402,258,215",62.20,62.50,61.80,62.50,+0.30,"2,422",2382
 99/12/17,"7,815,998","487,348,446",62.50,62.70,62.10,62.60,+0.10,"2,167",2382
 99/12/20,"4,998,791","309,137,492",62.90,62.90,60.70,61.50,-1.10,"1,843",2382
 99/12/21,"2,207,516","136,411,012",61.50,62.20,61.20,62.00,+0.50,"1,018",2382
 99/12/22,"4,170,053","259,285,686",62.00,62.50,61.90,62.30,+0.30,"1,318",2382
 99/12/23,"1,481,407","91,826,489",62.30,62.30,61.80,62.00,-0.30,798,2382
 99/12/24,"1,198,718","74,006,048",62.00,62.00,61.40,61.80,-0.20,566,2382
 99/12/27,"1,539,861","94,693,394",61.40,61.80,61.00,61.40,-0.40,819,2382
 99/12/28,"2,180,217","133,737,405",61.70,61.80,60.50,61.60,+0.20,"1,128",2382
 99/12/29,"2,708,519","166,691,709",61.50,61.80,61.00,61.80,+0.20,"1,337",2382
 99/12/30,"3,801,195","233,989,416",61.80,62.10,60.90,61.60,-0.20,"1,337",2382
 99/12/31,"1,885,597","115,745,837",61.80,61.80,61.20,61.20,-0.40,859,2382
100/01/03,"2,126,260","130,688,890",61.30,61.90,61.20,61.50,+0.30,"1,105",2382
100/01/04,"7,840,526","474,335,079",61.50,61.60,59.90,60.00,-1.50,"2,983",2382
100/01/05,"7,529,155","448,650,111",60.00,60.40,58.70,59.50,-0.50,"2,952",2382
100/01/06,"12,640,977","739,009,240",59.50,60.10,57.70,57.90,-1.60,"4,962",2382
100/01/07,"15,839,171","904,080,643",57.70,57.90,56.20,57.40,-0.50,"4,365",2382
100/01/10,"13,224,278","797,746,130",58.80,61.40,58.20,61.40,+4.00,"5,738",2382
100/01/11,"15,795,706","974,378,063",61.50,62.20,60.80,61.80,+0.40,"5,818",2382
100/01/12,"4,643,054","285,932,494",62.00,62.20,61.20,61.30,-0.50,"1,986",2382
100/01/13,"4,362,911","266,252,604",62.00,62.00,60.30,60.80,-0.50,"2,058",2382
100/01/14,"2,919,470","176,925,228",61.00,61.00,60.30,60.60,-0.20,"1,536",2382
100/01/17,"2,531,927","153,259,090",60.60,60.70,60.30,60.50,-0.10,"1,340",2382
100/01/18,"4,495,615","274,669,516",60.50,61.60,60.30,61.50,+1.00,"2,480",2382
100/01/19,"3,644,384","222,805,309",61.50,61.70,60.60,61.60,+0.10,"1,861",2382
100/01/20,"3,556,283","218,082,263",61.00,61.50,60.90,61.30,-0.30,"1,587",2382
100/01/21,"5,626,038","344,301,827",60.50,62.00,60.30,62.00,+0.70,"2,281",2382
100/01/24,"3,721,366","229,029,416",62.00,62.00,61.20,61.50,-0.50,"1,280",2382
100/01/25,"3,102,246","190,592,843",61.00,61.70,61.00,61.50, 0.00,"1,296",2382
100/01/26,"4,443,185","274,793,876",61.50,62.00,61.40,61.90,+0.40,"1,894",2382
100/01/27,"5,865,276","363,627,398",62.00,62.30,61.60,61.60,-0.30,"2,630",2382
100/01/28,"4,446,673","273,286,574",61.60,62.00,61.10,61.50,-0.10,"1,398",2382
100/02/08,"10,124,467","607,826,612",61.90,61.90,59.00,60.10,-1.40,"4,255",2382
100/02/09,"8,103,519","488,876,821",60.20,60.90,59.80,59.90,-0.20,"3,404",2382
100/02/10,"9,262,685","534,997,240",57.60,58.30,57.30,57.60,-2.30,"3,108",2382
100/02/11,"12,940,320","724,749,852",57.60,57.60,54.10,55.00,-2.60,"5,059",2382
100/02/14,"11,548,517","642,192,372",55.40,56.70,54.40,55.60,+0.60,"3,441",2382
100/02/15,"7,526,416","414,256,504",55.00,55.80,54.20,55.00,-0.60,"2,986",2382
100/02/16,"3,458,354","194,412,924",57.50,57.50,55.80,56.00,+1.00,"1,728",2382
100/02/17,"6,365,139","358,850,695",56.30,56.70,56.10,56.20,+0.20,"2,481",2382
100/02/18,"5,098,963","290,580,977",57.40,57.50,56.40,57.00,+0.80,"2,106",2382
100/02/21,"4,257,441","239,837,629",57.30,57.30,56.10,56.40,-0.60,"2,000",2382
100/02/22,"7,263,646","396,941,929",55.90,55.90,54.10,54.60,-1.80,"3,854",2382
100/02/23,"6,547,626","363,778,735",54.40,56.10,54.40,55.50,+0.90,"2,895",2382
100/02/24,"4,265,099","238,088,755",56.20,56.40,55.30,55.30,-0.20,"1,927",2382
100/02/25,"8,838,842","510,637,904",56.80,59.10,55.80,58.10,+2.80,"3,791",2382
100/03/01,"7,675,135","460,905,853",58.90,61.00,58.80,60.80,+2.70,"3,442",2382
100/03/02,"7,294,495","428,098,110",60.00,60.00,58.00,58.00,-2.80,"3,166",2382
100/03/03,"8,818,906","524,300,260",59.30,60.20,58.50,60.10,+2.10,"3,558",2382
100/03/04,"7,054,955","434,166,238",60.80,62.70,60.50,61.00,+0.90,"3,194",2382
100/03/07,"1,840,954","111,440,406",60.60,61.00,60.10,60.30,-0.70,"1,004",2382
100/03/08,"3,588,343","214,940,436",59.80,60.30,59.50,60.00,-0.30,"1,777",2382
100/03/09,"4,715,852","277,400,013",60.00,60.00,58.30,58.60,-1.40,"2,046",2382
100/03/10,"6,646,912","380,513,484",58.00,58.00,56.90,57.00,-1.60,"2,483",2382
100/03/11,"12,847,882","710,588,751",56.00,56.30,54.70,54.70,-2.30,"4,681",2382
100/03/14,"6,739,771","359,363,314",53.10,54.10,52.70,53.60,-1.10,"2,892",2382
100/03/15,"11,629,913","599,450,769",52.80,54.00,49.90,51.90,-1.70,"4,092",2382
100/03/16,"7,201,164","381,686,051",53.50,53.50,52.20,52.70,+0.80,"2,905",2382
100/03/17,"6,232,935","322,165,768",50.50,52.90,50.50,52.70, 0.00,"2,590",2382
100/03/18,"6,076,568","321,562,406",52.50,53.70,52.10,53.20,+0.50,"2,359",2382
100/03/21,"3,205,747","171,822,227",53.50,54.20,52.90,53.60,+0.40,"1,565",2382
100/03/22,"3,525,317","187,062,255",53.80,53.90,52.80,52.90,-0.70,"1,733",2382
100/03/23,"4,376,826","231,021,378",53.60,53.60,52.20,53.00,+0.10,"2,154",2382
100/03/24,"7,687,606","406,361,418",53.20,53.80,52.50,52.60,-0.40,"3,169",2382
100/03/25,"8,970,887","485,829,166",53.10,55.20,53.00,54.30,+1.70,"3,763",2382
100/03/28,"7,142,772","379,919,144",54.30,54.30,52.30,53.70,-0.60,"2,968",2382
100/03/29,"5,581,551","300,819,056",52.80,54.70,52.70,54.30,+0.60,"2,537",2382
100/03/30,"11,707,099","659,965,769",54.30,57.60,54.30,56.40,+2.10,"5,103",2382
100/03/31,"10,771,397","595,376,778",56.40,56.40,54.90,55.50,-0.90,"2,925",2382
100/04/01,"5,794,022","318,302,596",55.00,55.30,54.50,54.90,-0.60,"1,814",2382
100/04/06,"7,602,375","420,282,430",55.50,55.70,54.70,55.50,+0.60,"2,865",2382
100/04/07,"3,209,523","177,674,657",55.40,55.50,55.00,55.50, 0.00,"1,563",2382
100/04/08,"5,735,778","320,651,796",55.50,56.90,55.10,55.20,-0.30,"2,490",2382
100/04/11,"8,254,684","442,158,468",55.00,55.10,53.00,53.20,-2.00,"3,874",2382
100/04/12,"8,163,818","424,735,738",52.10,52.60,51.80,52.20,-1.00,"3,454",2382
100/04/13,"4,477,855","234,890,880",52.60,52.80,52.10,52.50,+0.30,"1,779",2382
100/04/14,"4,833,695","255,457,742",53.00,53.10,52.50,52.90,+0.40,"2,341",2382
100/04/15,"3,318,635","174,555,617",53.00,53.20,52.00,52.80,-0.10,"1,361",2382
100/04/18,"6,319,674","340,521,978",54.00,54.20,53.40,53.40,+0.60,"2,606",2382
100/04/19,"3,505,123","186,531,835",53.00,53.80,53.00,53.20,-0.20,"1,481",2382
100/04/20,"6,414,084","343,561,602",53.50,54.00,52.80,54.00,+0.80,"2,388",2382
100/04/21,"7,811,494","423,400,306",54.40,54.80,53.70,54.20,+0.20,"3,198",2382
100/04/22,"6,105,638","335,334,345",55.00,55.10,54.60,55.00,+0.80,"2,395",2382
100/04/25,"2,454,634","134,572,709",55.10,55.10,54.20,54.80,-0.20,"1,437",2382
100/04/26,"6,655,823","367,067,515",54.60,55.50,54.50,55.50,+0.70,"2,698",2382
100/04/27,"6,248,348","344,056,185",55.60,55.80,54.90,55.10,-0.40,"2,984",2382
100/04/28,"4,727,179","259,927,366",55.20,55.50,54.20,55.50,+0.40,"2,201",2382
100/04/29,"7,907,982","439,387,966",55.00,56.50,54.50,56.50,+1.00,"3,020",2382
100/05/03,"9,328,345","532,430,827",56.50,58.00,56.50,57.80,+1.30,"3,672",2382
100/05/04,"19,059,260","1,121,895,458",58.10,59.60,57.50,59.30,+1.50,"6,343",2382
100/05/05,"14,987,359","890,395,115",59.20,60.70,58.30,60.60,+1.30,"5,025",2382
100/05/06,"4,837,044","287,353,196",60.00,60.10,58.90,59.30,-1.30,"2,704",2382
100/05/09,"6,905,497","405,785,026",59.40,59.50,58.30,58.30,-1.00,"3,177",2382
100/05/10,"8,687,025","499,195,822",58.00,58.10,57.10,57.30,-1.00,"3,184",2382
100/05/11,"10,503,009","614,223,307",57.40,59.10,57.40,59.00,+1.70,"3,394",2382
100/05/12,"15,394,064","922,650,507",58.90,60.60,58.70,59.90,+0.90,"4,679",2382
100/05/13,"8,227,001","496,254,132",60.60,60.70,59.70,60.50,+0.60,"2,705",2382
100/05/16,"6,812,058","411,318,878",60.30,60.90,59.50,60.60,+0.10,"2,303",2382
100/05/17,"6,464,198","392,486,619",60.50,61.00,60.10,60.60, 0.00,"2,159",2382
100/05/18,"6,666,378","403,364,987",60.50,60.90,59.90,60.90,+0.30,"2,292",2382
100/05/19,"9,943,142","614,484,777",61.00,62.30,61.00,61.60,+0.70,"3,266",2382
100/05/20,"5,190,856","317,217,661",62.00,62.00,60.60,61.00,-0.60,"2,347",2382
100/05/23,"5,627,202","338,620,220",60.00,60.70,59.80,60.20,-0.80,"2,156",2382
100/05/24,"5,823,543","347,979,105",60.00,60.20,59.10,60.00,-0.20,"2,022",2382
100/05/25,"4,883,151","289,948,584",59.80,59.80,59.20,59.30,-0.70,"2,023",2382
100/05/26,"9,743,363","588,667,152",60.00,61.00,59.70,60.50,+1.20,"3,016",2382
100/05/27,"23,878,056","1,512,261,608",60.90,64.70,60.30,64.00,+3.50,"8,043",2382
100/05/30,"21,117,212","1,370,763,840",64.00,65.80,63.50,64.20,+0.20,"7,329",2382
100/05/31,"25,965,037","1,697,795,048",64.60,66.30,64.60,65.10,+0.90,"7,561",2382
100/06/01,"14,849,649","968,620,081",65.50,65.80,64.20,65.50,+0.40,"5,019",2382
100/06/02,"9,295,188","601,180,672",63.60,65.20,63.60,64.60,-0.90,"3,830",2382
100/06/03,"23,117,833","1,556,863,788",64.60,68.50,64.60,68.20,+3.60,"8,484",2382
100/06/07,"20,534,136","1,406,814,651",68.00,69.70,67.60,67.80,-0.40,"7,514",2382
100/06/08,"14,280,324","968,628,855",67.90,68.80,67.00,67.50,-0.30,"5,303",2382
100/06/09,"12,359,751","844,057,520",67.50,69.00,67.50,68.60,+1.10,"4,739",2382
100/06/10,"13,365,684","913,367,212",69.00,69.00,67.70,68.10,-0.50,"3,500",2382
100/06/13,"9,764,000","656,317,384",67.80,67.80,66.80,67.20,-0.90,"3,226",2382
100/06/14,"11,162,123","766,127,531",67.70,69.00,67.00,69.00,+1.80,"3,731",2382
100/06/15,"13,873,908","952,921,604",69.00,69.00,68.10,68.20,-0.80,"3,347",2382
100/06/16,"8,809,155","584,873,654",67.00,67.30,65.50,65.50,-2.70,"4,074",2382
100/06/17,"6,757,757","443,830,973",65.50,66.40,65.20,65.50, 0.00,"2,449",2382
100/06/20,"8,110,345","543,172,487",67.50,67.50,65.90,66.40,+0.90,"3,278",2382
100/06/21,"13,090,357","879,577,477",66.80,67.60,66.30,67.20,+0.80,"2,871",2382
100/06/22,"6,824,663","458,517,071",67.70,68.00,66.50,67.10,-0.10,"3,055",2382
100/06/23,"10,563,328","697,379,042",67.50,67.60,64.80,64.80,-2.30,"3,787",2382
100/06/24,"8,840,502","575,780,369",65.20,65.80,64.50,65.50,+0.70,"3,396",2382
100/06/27,"5,729,446","371,689,984",65.20,65.60,64.60,64.70,-0.80,"2,604",2382
100/06/28,"11,021,316","722,333,335",65.00,66.90,64.70,64.70, 0.00,"4,486",2382
100/06/29,"10,435,308","688,187,760",65.00,66.80,65.00,66.80,+2.10,"3,711",2382
100/06/30,"15,624,631","1,060,790,408",67.10,68.30,66.80,68.00,+1.20,"5,900",2382
100/07/01,"11,262,890","773,011,878",68.80,69.00,68.20,68.20,+0.20,"3,610",2382
100/07/04,"20,080,835","1,390,285,515",68.50,70.20,67.60,69.40,+1.20,"6,456",2382
100/07/05,"15,056,092","1,032,024,254",69.20,69.20,67.80,68.60,-0.80,"5,264",2382
100/07/06,"17,109,704","1,201,723,196",68.90,71.40,68.40,71.00,+2.40,"6,342",2382
100/07/07,"14,346,222","1,003,471,259",70.70,70.80,69.40,69.40,-1.60,"5,540",2382
100/07/08,"8,517,918","594,443,480",69.60,70.40,69.20,69.60,+0.20,"3,542",2382
100/07/11,"15,777,526","1,080,396,800",69.20,69.20,68.00,68.10,-1.50,"6,026",2382
100/07/12,"11,204,741","765,327,216",67.30,68.80,67.30,68.60,+0.50,"4,454",2382
100/07/13,"14,040,802","957,755,736",68.80,69.10,67.70,68.00,-0.60,"5,648",2382
100/07/14,"8,270,974","563,378,632",68.70,69.00,67.50,68.00, 0.00,"3,378",2382
100/07/15,"13,942,784","945,885,412",68.10,68.40,67.40,68.00, 0.00,"5,345",2382
100/07/18,"7,362,279","495,399,292",68.00,68.00,66.40,67.50,-0.50,"3,474",2382
100/07/19,"12,988,070","885,616,363",67.50,68.80,67.00,68.20,+0.70,"4,912",2382
100/07/20,"22,686,821","1,581,090,941",69.00,71.00,68.80,69.40,+1.20,"8,347",2382
100/07/21,"16,360,867","1,117,208,492",69.50,69.60,67.60,68.40,-1.00,"6,161",2382
100/07/22,"9,169,761","634,251,544",68.90,69.80,68.60,68.90,+0.50,"4,015",2382
100/07/25,"7,336,115","511,740,492",69.10,70.40,69.00,69.90,+1.00,"3,290",2382
100/07/26,"7,126,439","497,104,860",69.90,70.10,69.20,70.10,+0.20,"2,451",2382
100/07/27,"16,633,755","1,189,444,849",70.90,73.00,70.10,71.60,+1.50,"5,394",2382
100/07/28,"10,899,210","779,927,997",71.40,72.10,70.80,72.00,+0.40,"4,038",2382
100/07/29,"11,925,623","848,302,726",71.80,72.50,69.90,71.00,-1.00,"4,772",2382
100/08/01,"10,426,135","715,620,533",68.10,69.40,67.80,69.40,X0.00,"4,815",2382
100/08/02,"9,896,243","670,939,395",69.00,69.00,67.00,67.30,-2.10,"4,319",2382
100/08/03,"16,094,203","1,058,010,898",65.20,66.10,64.80,65.90,-1.40,"4,131",2382
100/08/04,"7,161,948","469,579,022",65.50,66.10,64.80,64.80,-1.10,"2,641",2382
100/08/05,"16,451,820","1,005,264,652",60.30,62.60,60.30,61.10,-3.70,"4,848",2382
100/08/08,"16,441,172","1,002,501,720",60.40,62.30,59.10,59.50,-1.60,"5,977",2382
100/08/09,"25,178,651","1,424,933,907",55.40,61.00,55.40,60.10,+0.60,"6,020",2382
100/08/10,"43,101,557","2,574,484,367",62.40,62.40,58.60,59.40,-0.70,"9,349",2382
100/08/11,"29,168,953","1,660,399,121",57.00,57.80,55.50,56.70,-2.70,"6,601",2382
100/08/12,"22,116,160","1,259,372,112",57.80,57.80,56.00,56.30,-0.40,"6,940",2382
100/08/15,"9,719,502","553,994,205",57.30,57.70,56.60,56.90,+0.60,"3,259",2382
100/08/16,"11,723,205","666,749,010",57.70,57.70,56.40,56.50,-0.40,"3,746",2382
100/08/17,"26,931,049","1,471,619,269",56.90,57.00,53.10,54.10,-2.40,"9,263",2382
100/08/18,"18,355,655","991,162,787",54.10,54.50,53.40,54.10, 0.00,"4,998",2382
100/08/19,"27,297,160","1,462,420,875",53.00,54.90,51.00,54.90,+0.80,"7,282",2382
100/08/22,"14,916,092","807,219,127",55.00,55.40,53.00,53.50,-1.40,"4,673",2382
100/08/23,"15,433,651","870,988,307",55.00,57.20,54.00,57.00,+3.50,"4,820",2382
100/08/24,"9,347,543","525,841,580",57.00,57.00,55.30,56.70,-0.30,"4,015",2382
100/08/25,"13,803,593","794,981,601",57.90,60.00,56.80,57.00,+0.30,"3,818",2382
100/08/26,"20,133,894","1,140,385,336",57.70,58.00,55.70,56.20,-0.80,"4,070",2382
100/08/29,"19,419,634","1,092,121,061",57.00,57.30,55.50,56.10,-0.10,"5,185",2382
100/08/30,"27,645,916","1,591,669,728",56.50,58.20,56.20,57.60,+1.50,"7,147",2382
100/08/31,"11,114,790","636,678,186",57.20,58.70,56.20,58.70,+1.10,"3,439",2382
100/09/01,"27,774,924","1,632,969,486",58.70,60.50,57.60,57.90,-0.80,"7,839",2382
100/09/02,"6,152,994","356,022,052",58.80,58.80,57.20,57.80,-0.10,"2,762",2382
100/09/05,"12,301,755","680,080,395",56.50,56.50,54.60,54.80,-3.00,"4,745",2382
100/09/06,"10,691,331","576,925,333",54.10,54.60,53.30,54.20,-0.60,"4,291",2382
100/09/07,"8,631,662","477,753,094",55.00,55.70,54.80,55.40,+1.20,"3,237",2382
100/09/08,"13,133,889","743,624,909",57.00,57.20,56.00,56.60,+1.20,"4,257",2382
100/09/09,"12,949,020","737,291,238",56.60,57.60,56.20,57.00,+0.40,"3,682",2382
100/09/13,"6,572,402","371,863,409",56.50,57.00,56.30,56.40,-0.60,"2,127",2382
100/09/14,"22,298,347","1,262,952,467",57.00,57.40,55.00,55.80,-0.60,"5,764",2382
100/09/15,"15,982,029","910,662,753",57.00,57.40,56.60,57.00,+1.20,"3,555",2382
100/09/16,"26,461,844","1,512,331,908",57.40,57.60,56.40,57.00, 0.00,"6,239",2382
100/09/19,"7,965,977","452,274,897",57.00,57.20,56.10,56.70,-0.30,"2,670",2382
100/09/20,"10,096,742","572,993,294",57.00,57.40,55.90,57.00,+0.30,"2,763",2382
100/09/21,"20,079,241","1,108,003,465",55.00,56.10,54.30,55.50,-1.50,"5,584",2382
100/09/22,"22,976,130","1,197,235,988",53.70,53.90,51.70,51.70,-3.80,"7,580",2382
100/09/23,"21,661,921","1,062,370,954",50.00,50.40,48.10,48.10,-3.60,"8,239",2382
100/09/26,"17,873,480","891,980,050",48.65,50.90,48.60,50.00,+1.90,"7,233",2382
100/09/27,"10,960,009","580,638,276",52.50,53.50,51.60,53.50,+3.50,"4,631",2382
100/09/28,"20,347,254","1,129,721,581",54.70,56.20,54.40,56.00,+2.50,"7,978",2382
100/09/29,"15,385,917","870,646,318",56.00,57.70,55.30,56.30,+0.30,"6,272",2382
100/09/30,"20,026,836","1,164,158,041",56.70,59.60,55.40,59.50,+3.20,"8,077",2382
100/10/03,"13,098,459","760,220,239",58.50,59.10,57.10,57.40,-2.10,"5,093",2382
100/10/04,"15,028,339","864,233,323",57.00,58.90,56.00,58.80,+1.40,"4,748",2382
100/10/05,"8,508,371","498,118,397",58.50,59.20,58.20,58.50,-0.30,"4,416",2382
100/10/06,"16,090,631","961,086,758",59.50,60.40,58.80,59.70,+1.20,"5,138",2382
100/10/07,"7,098,692","423,982,031",59.70,60.10,59.10,59.60,-0.10,"2,929",2382
100/10/11,"20,849,871","1,311,263,673",60.10,63.70,60.10,63.70,+4.10,"6,746",2382
100/10/12,"7,564,476","472,986,640",63.70,63.70,62.00,62.50,-1.20,"3,283",2382
100/10/13,"8,028,541","498,220,335",62.50,62.50,61.70,62.20,-0.30,"3,015",2382
100/10/14,"15,506,811","974,245,393",62.20,63.70,61.70,62.70,+0.50,"4,116",2382
100/10/17,"12,999,703","803,599,325",63.00,63.00,61.20,61.90,-0.80,"4,692",2382
100/10/18,"13,330,553","797,090,880",60.00,60.70,58.90,60.00,-1.90,"4,959",2382
100/10/19,"8,343,741","504,248,624",60.00,60.90,59.90,60.50,+0.50,"3,636",2382
100/10/20,"7,333,849","439,335,240",60.20,60.50,59.30,59.50,-1.00,"3,029",2382
100/10/21,"7,543,573","444,937,053",59.40,59.80,58.40,59.10,-0.40,"3,114",2382
100/10/24,"13,014,693","784,558,732",60.10,61.00,59.80,60.10,+1.00,"4,523",2382
100/10/25,"7,225,111","433,287,359",60.60,60.60,59.50,60.10, 0.00,"2,814",2382
100/10/26,"6,472,965","385,881,000",58.60,60.00,58.50,60.00,-0.10,"2,525",2382
100/10/27,"14,099,525","844,197,075",60.00,61.20,58.80,59.00,-1.00,"5,241",2382
100/10/28,"14,613,790","874,520,277",60.00,60.50,59.10,59.60,+0.60,"4,838",2382
100/10/31,"15,324,509","916,873,730",60.00,60.20,58.80,59.90,+0.30,"3,218",2382
100/11/01,"23,344,819","1,440,227,627",60.00,62.80,59.90,62.40,+2.50,"7,558",2382
100/11/02,"11,333,080","703,423,603",61.50,62.90,60.40,62.90,+0.50,"4,570",2382
100/11/03,"19,109,409","1,199,377,467",63.00,63.50,61.50,63.20,+0.30,"5,674",2382
100/11/04,"14,315,206","906,482,219",63.80,64.50,62.20,62.50,-0.70,"4,987",2382
100/11/07,"14,407,361","895,533,795",62.70,63.50,60.00,61.90,-0.60,"4,687",2382
100/11/08,"8,648,849","530,119,989",61.90,62.40,60.80,61.00,-0.90,"4,019",2382
100/11/09,"10,030,900","623,244,100",62.20,62.50,61.80,62.00,+1.00,"3,486",2382
100/11/10,"15,913,438","956,887,762",60.10,60.50,60.00,60.10,-1.90,"3,921",2382
100/11/11,"5,927,271","357,198,848",60.50,61.20,59.90,61.10,+1.00,"2,403",2382
100/11/14,"12,059,579","760,917,278",62.60,63.50,62.10,63.30,+2.20,"5,209",2382
100/11/15,"10,378,326","652,970,128",63.00,63.30,62.50,62.80,-0.50,"3,330",2382
100/11/16,"15,171,219","954,876,889",63.60,63.90,61.90,62.30,-0.50,"4,598",2382
100/11/17,"16,186,851","1,009,111,162",62.30,62.60,61.30,62.00,-0.30,"2,369",2382
100/11/18,"7,283,042","446,633,471",61.50,61.70,60.60,61.40,-0.60,"2,602",2382
100/11/21,"8,647,095","525,495,739",61.40,62.00,60.40,60.50,-0.90,"2,880",2382
100/11/22,"8,834,541","527,539,219",62.00,62.00,58.30,58.70,-1.80,"3,422",2382
100/11/23,"17,320,917","974,321,052",58.70,58.70,55.50,55.80,-2.90,"6,765",2382
100/11/24,"23,343,636","1,272,962,487",55.00,55.50,53.40,53.90,-1.90,"7,615",2382
100/11/25,"11,542,998","631,276,390",54.40,55.30,54.00,54.80,+0.90,"4,058",2382
100/11/28,"10,601,880","606,196,505",55.80,58.60,55.40,57.30,+2.50,"4,065",2382
100/11/29,"7,712,170","452,239,266",58.90,59.30,58.00,58.70,+1.40,"3,928",2382
100/11/30,"11,750,752","691,768,768",59.60,59.60,58.30,59.00,+0.30,"4,486",2382
100/12/01,"12,396,883","767,281,813",63.10,63.10,61.10,61.60,+2.60,"4,551",2382
100/12/02,"9,773,706","601,356,878",61.60,61.90,61.00,61.60, 0.00,"3,160",2382
100/12/05,"7,474,556","457,201,191",61.60,62.20,61.10,61.80,+0.20,"2,394",2382
100/12/06,"9,089,983","558,780,855",61.40,61.70,61.10,61.50,-0.30,"2,634",2382
100/12/07,"6,924,830","423,097,910",61.50,61.90,60.50,61.40,-0.10,"2,554",2382
100/12/08,"9,786,275","597,631,757",61.50,61.70,60.50,61.70,+0.30,"2,558",2382
100/12/09,"10,253,487","613,931,164",60.50,60.50,59.30,59.90,-1.80,"3,429",2382
100/12/12,"3,644,926","219,010,979",60.00,60.60,59.60,60.00,+0.10,"1,562",2382
100/12/13,"8,929,642","523,704,776",58.60,59.20,58.20,58.70,-1.30,"3,663",2382
100/12/14,"7,800,297","455,407,268",58.70,59.00,57.50,58.50,-0.20,"3,845",2382
100/12/15,"7,810,663","464,046,368",58.40,60.80,57.80,60.50,+2.00,"4,078",2382
100/12/16,"8,740,630","538,174,593",61.70,62.40,60.60,61.80,+1.30,"3,928",2382
100/12/19,"4,105,900","250,150,104",62.50,62.50,60.30,60.90,-0.90,"2,359",2382
100/12/20,"5,316,983","321,214,589",61.50,61.90,59.10,59.40,-1.50,"3,131",2382
100/12/21,"5,384,223","330,231,960",61.80,61.80,61.00,61.30,+1.90,"2,701",2382
100/12/22,"16,355,831","983,558,957",57.10,61.40,57.10,60.90,-0.40,"5,849",2382
100/12/23,"8,971,625","548,098,164",61.50,61.70,60.20,61.70,+0.80,"3,890",2382
100/12/26,"2,582,413","160,075,279",61.90,62.40,61.70,61.90,+0.20,"1,327",2382
100/12/27,"3,246,591","201,660,286",62.00,62.50,61.80,62.40,+0.50,"1,378",2382
100/12/28,"6,111,015","383,896,117",62.40,63.30,61.90,62.90,+0.50,"2,452",2382
100/12/29,"5,786,445","367,756,695",62.90,63.90,62.50,63.70,+0.80,"2,591",2382
100/12/30,"8,736,542","554,297,751",64.00,64.40,62.10,63.70, 0.00,"2,711",2382
101/01/02,"5,140,759","326,070,739",63.20,63.80,62.80,63.10,-0.60,"1,561",2382
101/01/03,"4,965,202","314,587,552",63.50,64.00,62.80,63.00,-0.10,"1,696",2382
101/01/04,"5,520,781","354,009,384",63.50,64.80,63.20,64.20,+1.20,"2,498",2382
101/01/05,"5,592,435","362,790,782",65.00,65.00,64.40,65.00,+0.80,"2,403",2382
101/01/06,"7,378,089","478,635,085",65.00,65.40,64.30,65.40,+0.40,"2,383",2382
101/01/09,"8,307,597","540,515,045",64.50,65.40,64.30,65.40, 0.00,"1,933",2382
101/01/10,"8,539,560","558,004,600",65.90,65.90,64.80,65.40, 0.00,"3,649",2382
101/01/11,"5,877,822","386,871,393",65.70,66.00,65.50,66.00,+0.60,"2,219",2382
101/01/12,"6,599,313","436,812,691",66.10,66.50,65.80,66.20,+0.20,"2,272",2382
101/01/13,"9,289,938","617,125,740",66.60,66.90,66.10,66.20, 0.00,"3,237",2382
101/01/16,"8,329,523","540,248,144",66.20,66.20,64.00,65.70,-0.50,"2,338",2382
101/01/17,"6,534,127","424,223,512",65.70,66.00,64.60,65.00,-0.70,"2,643",2382
101/01/18,"8,426,352","544,592,331",64.40,65.30,64.00,65.30,+0.30,"2,676",2382
101/01/30,"15,085,529","981,121,981",65.90,65.90,63.90,64.20,-1.10,"5,909",2382
101/01/31,"13,686,285","868,556,196",63.50,64.80,62.70,63.20,-1.00,"5,207",2382
101/02/01,"21,875,690","1,378,480,455",63.00,63.70,62.10,63.30,+0.10,"9,779",2382
101/02/02,"32,486,306","2,135,468,158",64.10,67.60,64.00,67.50,+4.20,"12,788",2382
101/02/03,"12,078,667","807,892,434",67.50,67.70,66.30,67.10,-0.40,"5,275",2382
101/02/04,"14,141,577","961,478,278",67.70,68.70,66.80,68.00,+0.90,"5,234",2382
101/02/06,"10,546,474","703,930,063",68.00,68.40,64.90,66.20,-1.80,"4,506",2382
101/02/07,"11,378,130","754,381,410",65.00,67.40,65.00,67.40,+1.20,"3,869",2382
101/02/08,"26,773,721","1,865,892,795",67.60,71.90,67.50,71.50,+4.10,"9,843",2382
101/02/09,"22,157,747","1,577,106,341",71.00,72.20,70.20,71.00,-0.50,"7,817",2382
101/02/10,"12,537,873","889,140,391",71.30,71.40,70.40,71.00, 0.00,"4,129",2382
101/02/13,"10,587,813","754,126,504",70.60,71.90,70.40,71.90,+0.90,"3,833",2382
101/02/14,"16,838,549","1,191,046,030",71.90,71.90,70.00,70.00,-1.90,"5,444",2382
101/02/15,"16,529,402","1,159,666,055",70.20,70.90,69.50,70.40,+0.40,"6,163",2382
101/02/16,"7,332,471","512,556,621",70.20,70.50,68.40,69.60,-0.80,"3,246",2382
101/02/17,"6,000,257","417,075,266",70.50,70.60,68.60,69.20,-0.40,"2,453",2382
101/02/20,"3,398,790","236,205,306",70.00,70.10,69.20,69.50,+0.30,"1,703",2382
101/02/21,"7,968,066","547,347,398",69.80,69.80,68.10,68.40,-1.10,"3,256",2382
101/02/22,"7,916,205","543,189,270",67.60,69.60,67.60,69.60,+1.20,"3,220",2382
101/02/23,"5,319,074","368,063,506",69.70,69.80,68.60,69.00,-0.60,"1,908",2382
101/02/24,"11,377,093","778,495,424",69.20,69.60,67.90,68.00,-1.00,"4,298",2382
101/02/29,"23,222,874","1,674,055,701",69.80,72.70,69.80,72.70,+4.70,"9,449",2382
101/03/01,"9,806,245","705,477,540",73.10,73.60,70.70,71.30,-1.40,"4,889",2382
101/03/02,"9,109,532","652,846,766",71.40,72.20,71.20,72.10,+0.80,"3,465",2382
101/03/03,"6,227,695","440,839,349",71.90,71.90,70.20,70.60,-1.50,"2,563",2382
101/03/05,"4,635,613","325,265,586",70.00,70.80,69.70,70.80,+0.20,"2,449",2382
101/03/06,"6,536,851","459,600,970",71.50,71.50,69.50,70.00,-0.80,"3,309",2382
101/03/07,"8,084,734","565,830,080",69.50,70.40,69.10,70.00, 0.00,"2,157",2382
101/03/08,"8,497,323","592,303,890",70.90,70.90,68.90,70.30,+0.30,"3,851",2382
101/03/09,"10,210,644","713,393,680",70.20,70.30,69.30,70.30, 0.00,"3,333",2382
101/03/12,"7,793,812","545,978,240",70.30,70.30,69.80,70.00,-0.30,"2,263",2382
101/03/13,"6,298,709","441,986,504",70.30,70.70,69.90,70.10,+0.10,"2,617",2382
101/03/14,"12,369,467","873,654,668",71.70,72.00,69.70,69.80,-0.30,"4,616",2382
101/03/15,"5,512,405","386,314,170",70.80,70.80,69.70,70.30,+0.50,"2,123",2382
101/03/16,"8,291,467","582,197,445",70.80,71.00,69.50,69.50,-0.80,"3,101",2382
101/03/19,"6,803,455","469,687,746",69.90,69.90,68.30,69.80,+0.30,"3,098",2382
101/03/20,"8,181,044","574,996,368",70.30,70.70,69.50,70.50,+0.70,"3,604",2382
101/03/21,"8,535,662","599,581,961",71.00,71.20,69.50,69.90,-0.60,"3,472",2382
101/03/22,"10,219,616","729,083,726",69.50,71.90,69.50,71.90,+2.00,"4,517",2382
101/03/23,"8,390,913","596,705,301",71.00,71.50,70.70,71.50,-0.40,"2,673",2382
101/03/26,"6,847,057","480,327,461",71.90,71.90,69.60,69.60,-1.90,"3,267",2382
101/03/27,"9,163,070","651,935,062",71.00,71.80,70.50,71.50,+1.90,"3,280",2382
101/03/28,"7,314,937","525,486,582",72.10,72.30,71.00,71.80,+0.30,"3,802",2382
101/03/29,"16,176,913","1,154,628,518",71.30,72.30,69.80,72.30,+0.50,"5,473",2382
101/03/30,"31,256,254","2,385,780,724",73.30,77.30,73.30,77.30,+5.00,"11,132",2382
101/04/02,"14,895,831","1,148,426,984",77.30,77.50,76.10,77.20,-0.10,"6,873",2382
101/04/03,"11,479,900","878,556,731",77.50,78.50,75.70,75.70,-1.50,"4,891",2382
101/04/05,"8,268,365","621,951,462",74.00,76.40,73.80,75.30,-0.40,"3,700",2382
101/04/06,"6,263,281","468,680,187",75.60,75.70,74.20,75.10,-0.20,"3,424",2382
101/04/09,"6,345,777","466,656,821",73.90,74.80,73.00,73.00,-2.10,"2,733",2382
101/04/10,"7,397,988","550,214,372",73.90,75.80,73.50,75.30,+2.30,"2,953",2382
101/04/11,"10,514,987","788,354,625",75.40,75.80,74.50,74.60,-0.70,"4,059",2382
101/04/12,"9,338,883","695,391,831",75.50,75.50,74.10,74.40,-0.20,"2,792",2382
101/04/13,"8,157,185","608,010,525",75.20,75.40,74.10,74.40, 0.00,"3,526",2382
101/04/16,"8,488,089","636,675,797",74.00,75.50,73.80,75.40,+1.00,"3,612",2382
101/04/17,"9,280,160","696,556,591",76.00,76.10,74.10,74.40,-1.00,"3,315",2382
101/04/18,"11,426,013","857,843,955",75.50,76.00,74.40,75.60,+1.20,"5,222",2382
101/04/19,"14,661,988","1,113,614,570",76.20,76.70,74.50,76.70,+1.10,"5,729",2382
101/04/20,"11,157,482","861,417,955",77.70,77.90,76.80,76.80,+0.10,"4,813",2382
101/04/23,"9,394,423","713,642,714",77.30,77.50,75.30,76.60,-0.20,"4,132",2382
101/04/24,"6,874,747","525,853,672",75.10,77.10,75.10,76.30,-0.30,"3,556",2382
101/04/25,"7,183,526","544,821,999",76.30,76.70,75.40,75.70,-0.60,"3,826",2382
101/04/26,"6,017,727","452,219,791",75.90,76.20,74.00,74.90,-0.80,"3,253",2382
101/04/27,"9,152,478","679,747,604",74.90,75.00,74.00,74.10,-0.80,"4,119",2382
101/04/30,"19,433,636","1,488,201,437",75.60,78.00,75.00,76.80,+2.70,"5,440",2382
101/05/02,"27,842,686","2,233,262,167",77.30,82.10,77.30,81.20,+4.40,"7,951",2382
101/05/03,"13,589,162","1,110,270,923",81.20,82.50,80.60,81.20, 0.00,"4,717",2382
101/05/04,"16,518,649","1,394,709,425",81.50,86.40,81.30,86.10,+4.90,"6,401",2382
101/05/07,"23,103,784","1,902,060,565",84.10,84.10,81.00,81.00,-5.10,"7,342",2382
101/05/08,"10,549,485","865,466,047",81.20,82.60,81.00,81.90,+0.90,"4,603",2382
101/05/09,"14,209,040","1,148,836,111",80.50,81.70,80.20,80.80,-1.10,"4,735",2382
101/05/10,"9,735,588","782,251,640",80.80,81.00,80.00,80.00,-0.80,"2,984",2382
101/05/11,"13,041,912","1,057,347,372",80.10,82.50,79.80,81.30,+1.30,"5,804",2382
101/05/14,"6,360,536","512,009,880",81.30,82.40,79.50,80.00,-1.30,"3,470",2382
101/05/15,"10,641,774","860,141,468",79.00,82.60,79.00,82.50,+2.50,"4,851",2382
101/05/16,"7,310,964","594,947,882",82.50,82.90,80.50,80.60,-1.90,"3,279",2382
101/05/17,"8,297,168","683,909,535",82.80,83.00,81.60,82.70,+2.10,"3,488",2382
101/05/18,"11,014,263","875,327,051",81.10,81.10,77.60,77.70,-5.00,"5,798",2382
101/05/21,"7,728,101","619,869,347",77.70,81.90,77.70,81.90,+4.20,"3,766",2382
101/05/22,"6,184,351","505,728,684",83.50,83.60,81.00,81.20,-0.70,"3,724",2382
101/05/23,"32,584,957","2,533,772,746",79.00,79.80,76.70,77.80,-3.40,"12,001",2382
101/05/24,"14,415,132","1,123,575,332",77.10,78.80,77.00,77.90,+0.10,"6,037",2382
101/05/25,"15,210,752","1,159,752,938",77.20,78.00,75.00,75.50,-2.40,"6,653",2382
101/05/28,"17,436,399","1,310,821,296",75.00,75.70,74.90,75.20,-0.30,"5,033",2382
101/05/29,"15,266,035","1,190,102,055",76.00,79.70,75.70,79.10,+3.90,"5,576",2382
101/05/30,"20,629,411","1,607,167,319",78.00,79.40,76.20,79.40,+0.30,"8,560",2382
101/05/31,"21,135,483","1,639,106,974",78.40,78.40,76.40,78.00,-1.40,"7,169",2382
101/06/01,"13,288,195","1,018,924,193",77.20,77.20,76.20,76.40,-1.60,"5,512",2382
101/06/04,"10,866,355","822,194,909",75.00,77.00,74.50,76.50,+0.10,"4,306",2382
101/06/05,"11,273,848","871,831,259",77.00,78.00,76.60,77.20,+0.70,"5,043",2382
101/06/06,"9,314,826","717,888,581",77.00,77.90,76.70,76.80,-0.40,"3,621",2382
101/06/07,"10,364,325","811,829,729",78.70,79.20,77.40,78.80,+2.00,"4,995",2382
101/06/08,"11,704,055","905,803,735",77.40,78.50,76.40,77.00,-1.80,"5,149",2382
101/06/11,"9,359,402","751,984,662",78.80,81.60,78.50,81.30,+4.30,"4,902",2382
101/06/12,"7,819,000","624,590,900",79.10,80.90,78.80,80.90,-0.40,"3,922",2382
101/06/13,"5,049,736","404,745,051",81.00,81.00,79.50,79.60,-1.30,"2,654",2382
101/06/14,"7,535,987","601,332,465",79.30,80.40,79.00,79.10,-0.50,"3,439",2382
101/06/15,"13,817,312","1,110,712,309",80.40,81.30,79.90,79.90,+0.80,"3,300",2382
101/06/18,"10,125,907","839,889,503",81.90,83.70,81.90,83.00,+3.10,"4,865",2382
101/06/19,"4,931,966","405,644,014",83.50,83.70,81.50,81.80,-1.20,"2,587",2382
101/06/20,"7,409,150","600,397,123",82.00,82.10,80.50,80.90,-0.90,"3,282",2382
101/06/21,"18,918,639","1,484,406,310",80.80,80.80,77.60,78.10,-2.80,"6,946",2382
101/06/22,"12,566,548","982,251,911",77.20,78.90,77.20,78.50,+0.40,"5,696",2382
101/06/25,"12,114,425","944,260,954",78.00,78.50,77.00,78.50, 0.00,"4,045",2382
101/06/26,"11,272,907","878,485,746",78.50,78.50,77.50,78.00,-0.50,"3,386",2382
101/06/27,"9,984,406","783,682,260",78.60,79.10,78.00,79.00,+1.00,"5,252",2382
101/06/28,"8,671,371","687,638,709",80.10,80.10,78.90,79.00, 0.00,"3,978",2382
101/06/29,"7,899,682","625,170,193",79.00,79.40,78.80,79.40,+0.40,"3,377",2382
101/07/02,"7,258,758","578,623,138",80.00,80.20,79.20,79.80,+0.40,"3,733",2382
101/07/03,"7,621,468","620,470,677",80.00,82.10,79.90,82.00,+2.20,"4,031",2382
101/07/04,"7,199,655","589,589,078",82.10,82.20,81.50,81.70,-0.30,"3,135",2382
101/07/05,"7,783,707","638,640,846",82.00,82.90,81.50,81.90,+0.20,"3,679",2382
101/07/06,"11,073,664","887,494,575",82.50,82.60,78.80,79.70,-2.20,"4,954",2382
101/07/09,"12,993,746","1,020,844,856",79.10,79.70,77.90,78.50,-1.20,"5,807",2382
101/07/10,"22,608,078","1,745,199,606",78.50,78.50,76.20,77.00,-1.50,"8,638",2382
101/07/11,"12,613,379","965,354,317",76.50,77.20,76.00,76.90,-0.10,"5,445",2382
101/07/12,"9,617,591","737,097,209",77.50,77.50,76.40,76.50,-0.40,"3,880",2382
101/07/13,"6,134,965","470,651,216",76.50,77.10,76.50,76.50, 0.00,"2,927",2382
101/07/16,"6,474,440","495,243,120",77.00,77.40,76.20,76.20,-0.30,"2,274",2382
101/07/17,"12,823,714","968,257,521",76.20,76.50,75.00,75.40,-0.80,"5,102",2382
101/07/18,"23,497,558","1,710,280,147",75.50,75.70,71.30,71.40,-4.00,"9,261",2382
101/07/19,"18,396,168","1,369,225,951",71.90,76.20,71.80,75.40,+4.00,"8,141",2382
101/07/20,"7,320,932","550,237,871",75.80,75.80,74.70,75.60,+0.20,"2,574",2382
101/07/23,"6,702,336","494,967,356",75.30,75.30,72.60,74.30,-1.30,"3,016",2382
101/07/24,"5,538,953","409,087,311",74.30,74.80,72.60,74.10,-0.20,"2,358",2382
101/07/25,"30,233,028","2,178,565,899",69.00,72.70,69.00,72.50,-1.60,"6,028",2382
101/07/26,"13,919,924","1,008,931,487",72.80,72.80,72.10,72.60,+0.10,"3,422",2382
101/07/27,"8,042,704","600,839,800",76.00,76.00,74.00,75.00,+2.40,"3,535",2382
101/07/30,"13,151,962","1,000,300,012",75.80,76.70,75.10,76.10,+1.10,"3,682",2382
101/07/31,"26,773,551","2,087,556,799",76.00,79.10,75.70,78.40,+2.30,"6,942",2382
101/08/01,"21,788,591","1,575,281,023",74.20,74.20,71.50,71.50,X0.00,"8,675",2382
101/08/03,"14,863,921","1,043,449,872",72.00,72.10,70.20,71.10,-0.40,"4,474",2382
101/08/06,"11,924,720","875,984,912",72.70,74.20,72.40,73.50,+2.40,"4,448",2382
101/08/07,"7,581,930","561,905,583",74.00,74.50,73.50,74.40,+0.90,"3,596",2382
101/08/08,"9,627,355","724,636,640",75.00,76.20,74.30,76.20,+1.80,"4,399",2382
101/08/09,"17,933,011","1,408,331,554",77.30,80.90,76.70,79.60,+3.40,"7,949",2382
101/08/10,"8,915,589","693,769,240",79.50,79.50,76.90,77.80,-1.80,"4,545",2382
101/08/13,"6,112,441","475,383,257",78.50,78.50,77.00,78.10,+0.30,"2,520",2382
101/08/14,"6,390,627","496,933,735",77.50,78.20,77.40,78.20,+0.10,"2,542",2382
101/08/15,"4,931,694","383,958,958",78.20,78.40,77.50,78.30,+0.10,"2,364",2382
101/08/16,"5,680,319","440,533,020",77.80,78.20,77.10,77.40,-0.90,"2,338",2382
101/08/17,"3,324,371","257,595,849",77.10,78.00,77.00,77.90,+0.50,"1,375",2382
101/08/20,"3,057,296","235,970,669",78.00,78.00,76.80,77.60,-0.30,"1,667",2382
101/08/21,"5,869,740","456,789,432",77.10,78.20,77.10,78.20,+0.60,"2,721",2382
101/08/22,"3,492,227","270,082,079",77.50,77.90,77.10,77.10,-1.10,"1,662",2382
101/08/23,"5,029,331","382,965,256",76.50,77.10,75.70,76.00,-1.10,"2,748",2382
101/08/24,"4,694,861","351,390,392",76.00,76.00,74.40,74.70,-1.30,"2,342",2382
101/08/27,"5,277,546","393,585,602",75.20,75.60,74.10,74.20,-0.50,"2,290",2382
101/08/28,"7,683,440","572,236,474",74.30,75.00,73.90,74.40,+0.20,"2,981",2382
101/08/29,"6,064,123","453,141,904",74.60,75.30,74.20,75.30,+0.90,"2,184",2382
101/08/30,"14,186,172","1,089,226,245",75.30,77.90,75.10,77.40,+2.10,"6,086",2382
101/08/31,"15,866,628","1,238,484,168",77.90,78.60,77.00,77.30,-0.10,"4,265",2382
101/09/03,"11,315,348","893,451,540",77.60,80.30,77.00,80.20,+2.90,"5,224",2382
101/09/04,"4,948,639","393,925,258",80.10,80.20,79.20,79.80,-0.40,"2,429",2382
101/09/05,"7,907,901","612,519,379",78.60,79.10,76.80,76.80,-3.00,"4,122",2382
101/09/06,"4,108,299","316,868,818",76.80,77.70,76.20,77.70,+0.90,"2,374",2382
101/09/07,"5,613,817","441,387,738",79.00,79.00,78.20,78.60,+0.90,"2,998",2382
101/09/10,"2,808,211","219,958,255",78.60,79.00,77.80,78.60, 0.00,"1,524",2382
101/09/11,"5,717,943","442,223,118",77.80,78.60,76.70,77.20,-1.40,"3,037",2382
101/09/12,"6,004,711","468,220,632",78.00,78.40,77.40,78.00,+0.80,"2,775",2382
101/09/13,"6,403,678","496,428,000",78.00,78.80,77.40,77.60,-0.40,"2,625",2382
101/09/14,"11,765,820","937,945,140",78.50,80.20,78.10,80.00,+2.40,"4,258",2382
101/09/17,"3,440,878","272,150,173",80.00,80.00,78.70,79.00,-1.00,"1,747",2382
101/09/18,"5,464,330","426,120,397",78.10,78.80,77.80,78.30,-0.70,"2,767",2382
101/09/19,"6,861,903","531,607,682",77.80,78.30,77.20,77.50,-0.80,"3,430",2382
101/09/20,"5,227,290","404,570,130",77.00,77.90,77.00,77.30,-0.20,"2,479",2382
101/09/21,"7,259,563","566,269,975",78.00,78.70,77.40,77.60,+0.30,"3,318",2382
101/09/24,"5,103,455","400,618,345",78.00,79.30,77.30,79.30,+1.70,"2,379",2382
101/09/25,"6,865,122","542,021,071",79.00,79.30,78.50,79.00,-0.30,"2,614",2382
101/09/26,"7,002,181","544,745,798",78.80,78.90,77.20,77.40,-1.60,"3,374",2382
101/09/27,"13,552,010","1,032,222,730",77.00,77.00,75.80,76.00,-1.40,"4,827",2382
101/09/28,"10,303,302","798,244,299",76.90,78.10,76.50,77.90,+1.90,"3,777",2382
101/10/01,"3,276,090","255,146,388",78.10,78.30,77.30,77.90, 0.00,"1,448",2382
101/10/02,"3,935,015","306,965,552",78.50,78.50,77.60,78.00,+0.10,"2,054",2382
101/10/03,"2,472,468","192,685,370",77.30,78.20,77.30,77.60,-0.40,"1,377",2382
101/10/04,"22,001,560","1,639,341,815",76.10,76.10,73.80,74.50,-3.10,"7,894",2382
101/10/05,"20,005,500","1,474,366,581",74.00,74.20,73.00,73.80,-0.70,"7,871",2382
101/10/08,"9,203,800","680,017,509",73.70,74.40,73.50,74.00,+0.20,"3,308",2382
101/10/09,"21,487,321","1,552,350,465",71.80,72.90,71.50,72.20,-1.80,"7,406",2382
101/10/11,"26,784,757","1,884,633,857",70.30,71.50,69.30,69.90,-2.30,"8,657",2382
101/10/12,"17,951,394","1,254,087,053",69.90,71.00,68.80,69.30,-0.60,"5,743",2382
101/10/15,"13,020,422","890,927,388",69.00,69.00,67.40,68.40,-0.90,"4,818",2382
101/10/16,"20,259,241","1,431,196,161",68.70,71.70,68.70,71.10,+2.70,"5,172",2382
101/10/17,"12,622,549","894,995,148",71.00,71.40,70.10,70.90,-0.20,"4,170",2382
101/10/18,"8,950,350","626,630,769",70.20,70.90,69.40,70.00,-0.90,"3,164",2382
101/10/19,"12,602,294","868,112,904",68.60,69.50,68.00,69.00,-1.00,"4,305",2382
101/10/22,"7,504,333","512,395,387",67.10,69.00,67.10,69.00, 0.00,"2,624",2382
101/10/23,"7,990,719","544,830,497",68.00,68.60,67.90,68.20,-0.80,"3,241",2382
101/10/24,"7,187,136","489,116,254",67.90,68.40,67.70,68.00,-0.20,"2,754",2382
101/10/25,"7,055,505","484,672,534",67.50,69.20,67.50,68.50,+0.50,"2,812",2382
101/10/26,"11,174,914","747,275,902",69.00,69.10,66.00,66.10,-2.40,"4,225",2382
101/10/29,"6,810,909","454,582,788",66.10,67.80,65.10,67.40,+1.30,"3,457",2382
101/10/30,"12,724,323","866,184,364",68.00,69.30,67.50,68.00,+0.60,"3,568",2382
101/10/31,"7,485,859","501,310,284",68.70,68.70,66.40,66.80,-1.20,"3,304",2382
101/11/01,"18,009,556","1,242,402,263",68.00,70.50,67.00,70.30,+3.50,"6,032",2382
101/11/02,"20,352,505","1,457,293,297",71.60,72.80,70.00,70.60,+0.30,"7,407",2382
101/11/05,"3,810,276","271,087,846",70.90,71.70,70.30,71.30,+0.70,"1,907",2382
101/11/06,"3,524,735","253,027,834",72.00,72.30,71.00,72.30,+1.00,"2,030",2382
101/11/07,"5,454,738","393,844,148",73.00,73.00,71.80,72.00,-0.30,"2,199",2382
101/11/08,"7,438,167","522,997,450",71.00,71.20,69.70,70.40,-1.60,"3,255",2382
101/11/09,"8,829,685","626,123,699",70.30,72.00,69.80,71.60,+1.20,"3,683",2382
101/11/12,"5,311,442","381,315,884",72.40,72.40,71.10,72.10,+0.50,"2,558",2382
101/11/13,"8,590,336","603,548,520",71.30,71.50,69.50,69.90,-2.20,"4,151",2382
101/11/14,"9,759,177","667,548,862",69.00,70.00,67.60,68.00,-1.90,"4,635",2382
101/11/15,"6,988,401","474,017,599",67.60,68.50,67.10,68.10,+0.10,"3,162",2382
101/11/16,"7,040,251","480,687,265",68.10,69.30,67.60,68.20,+0.10,"3,207",2382
101/11/19,"4,161,971","287,240,406",68.30,69.50,68.30,69.00,+0.80,"2,171",2382
101/11/20,"7,279,415","513,309,450",70.30,71.30,70.10,70.30,+1.30,"3,213",2382
101/11/21,"6,382,826","441,383,356",70.40,70.60,68.30,68.50,-1.80,"3,074",2382
101/11/22,"3,758,239","259,885,307",69.00,69.70,68.50,69.50,+1.00,"2,168",2382
101/11/23,"6,360,409","448,889,661",70.00,71.00,70.00,70.90,+1.40,"3,715",2382
101/11/26,"8,795,821","634,358,212",71.50,72.60,71.20,72.40,+1.50,"4,305",2382
101/11/27,"8,384,132","597,495,149",72.10,72.30,70.80,70.80,-1.60,"3,859",2382
101/11/28,"5,881,775","415,953,225",71.00,71.20,70.00,71.20,+0.40,"2,738",2382
101/11/29,"10,558,220","759,183,762",71.60,72.10,71.40,72.00,+0.80,"4,179",2382
101/11/30,"18,488,073","1,351,390,002",72.00,73.80,71.70,73.00,+1.00,"6,106",2382
101/12/03,"8,100,583","580,707,972",71.90,72.80,71.30,71.70,-1.30,"3,297",2382
101/12/04,"5,925,569","425,388,595",71.30,72.10,71.10,71.50,-0.20,"2,237",2382
101/12/05,"8,918,848","633,203,123",71.50,71.80,70.70,70.80,-0.70,"3,677",2382
101/12/06,"11,094,985","783,904,932",71.80,71.90,69.80,70.30,-0.50,"4,962",2382
101/12/07,"13,768,505","960,061,882",70.50,70.50,69.00,70.50,+0.20,"4,737",2382
101/12/10,"11,902,092","823,133,788",70.90,70.90,68.50,69.00,-1.50,"5,083",2382
101/12/11,"14,660,830","995,896,111",67.50,68.50,67.50,68.00,-1.00,"6,282",2382
101/12/12,"18,102,289","1,220,870,008",68.90,68.90,66.60,66.60,-1.40,"7,717",2382
101/12/13,"22,295,355","1,523,189,623",67.20,69.30,67.20,68.50,+1.90,"8,234",2382
101/12/14,"23,173,461","1,606,559,176",68.60,70.00,68.30,69.70,+1.20,"8,621",2382
101/12/17,"13,492,529","916,127,999",70.00,70.20,67.00,67.50,-2.20,"5,455",2382
101/12/18,"10,636,736","714,033,318",67.80,67.90,66.80,66.80,-0.70,"4,303",2382
101/12/19,"8,676,862","583,033,915",67.00,67.80,66.70,67.20,+0.40,"3,276",2382
101/12/20,"9,567,209","627,629,111",66.50,67.20,66.50,66.90,-0.30,"2,677",2382
101/12/21,"13,520,956","886,991,576",67.30,67.30,65.10,65.80,-1.10,"5,570",2382
101/12/22,"3,463,150","231,497,850",66.00,67.30,66.00,67.00,+1.20,"1,770",2382
101/12/24,"2,169,897","145,712,199",67.80,67.80,66.70,67.10,+0.10,"1,177",2382
101/12/25,"2,249,081","151,842,062",67.60,67.80,67.10,67.50,+0.40,"1,428",2382
101/12/26,"2,484,779","168,116,619",67.60,68.20,67.20,67.70,+0.20,"1,462",2382
101/12/27,"5,789,102","393,504,636",67.30,68.30,67.30,68.30,+0.60,"2,660",2382
101/12/28,"3,708,967","253,364,934",68.80,68.90,67.90,68.30, 0.00,"1,787",2382
102/01/02,"6,480,532","441,949,203",68.00,68.50,67.50,67.70,-0.60,"2,704",2382
102/01/03,"6,693,628","456,244,035",68.00,68.80,67.80,68.30,+0.60,"2,341",2382
102/01/04,"15,531,227","1,027,658,158",68.30,68.30,65.50,65.70,-2.60,"7,819",2382
102/01/07,"11,439,631","737,131,787",65.70,65.80,64.00,64.00,-1.70,"5,367",2382
102/01/08,"22,679,810","1,421,708,212",64.00,64.00,61.40,62.10,-1.90,"9,363",2382
102/01/09,"22,575,908","1,414,237,365",62.00,63.50,61.50,62.40,+0.30,"7,762",2382
102/01/10,"13,158,049","831,595,597",63.60,63.60,62.70,63.60,+1.20,"4,804",2382
102/01/11,"8,003,168","507,111,063",63.60,63.70,62.80,63.50,-0.10,"3,094",2382
102/01/14,"8,183,150","514,146,951",62.50,63.30,62.20,63.20,-0.30,"3,097",2382
102/01/15,"11,346,186","726,102,837",64.50,64.70,63.30,63.70,+0.50,"4,569",2382
102/01/16,"13,783,838","872,990,576",63.60,64.30,62.10,64.30,+0.60,"5,569",2382
102/01/17,"9,936,661","641,413,104",64.60,65.20,63.50,63.70,-0.60,"3,867",2382
102/01/18,"10,833,029","698,222,062",64.90,65.00,63.80,64.60,+0.90,"3,592",2382
102/01/21,"7,426,952","475,301,013",64.30,64.30,63.60,64.00,-0.60,"1,382",2382
102/01/22,"5,184,236","330,490,504",64.00,64.20,63.20,64.00, 0.00,"2,331",2382
102/01/23,"7,122,543","450,790,269",63.30,63.80,63.00,63.00,-1.00,"3,449",2382
102/01/24,"8,671,611","540,288,541",62.50,63.10,61.70,62.20,-0.80,"4,288",2382
102/01/25,"14,059,701","886,248,772",62.20,63.60,62.00,63.60,+1.40,"5,100",2382
102/01/28,"24,199,908","1,588,689,997",64.40,66.50,64.40,66.50,+2.90,"8,970",2382
102/01/29,"10,728,903","715,901,529",67.30,67.40,66.10,66.70,+0.20,"4,467",2382
102/01/30,"12,340,677","830,399,617",67.20,67.70,66.60,67.40,+0.70,"4,383",2382
102/01/31,"20,085,845","1,376,745,422",68.00,69.00,67.60,68.90,+1.50,"8,308",2382
102/02/01,"6,994,421","481,374,663",69.40,69.40,68.20,68.90, 0.00,"3,316",2382
102/02/04,"6,729,956","465,088,170",69.50,69.50,68.70,69.10,+0.20,"3,119",2382
102/02/05,"8,208,737","558,766,761",68.80,68.80,67.50,67.80,-1.30,"3,191",2382
102/02/06,"5,760,131","391,990,137",69.00,69.00,67.60,68.00,+0.20,"3,149",2382
102/02/18,"16,532,379","1,132,059,894",70.00,70.00,67.80,67.80,-0.20,"4,020",2382
102/02/19,"12,339,720","820,549,173",66.30,67.40,65.80,66.60,-1.20,"4,186",2382
102/02/20,"9,203,515","615,610,589",67.00,67.20,66.50,67.20,+0.60,"3,730",2382
102/02/21,"7,156,531","475,608,544",66.80,67.00,65.90,66.40,-0.80,"2,333",2382
102/02/22,"9,728,911","638,508,863",66.40,66.40,65.30,65.50,-0.90,"3,417",2382
102/02/23,"1,243,260","81,767,150",65.50,66.20,65.50,65.70,+0.20,666,2382
102/02/25,"9,931,484","646,418,259",65.40,65.60,64.30,64.40,-1.30,"2,833",2382
102/02/26,"9,070,002","577,222,824",63.60,64.00,63.40,63.40,-1.00,"3,165",2382
102/02/27,"7,321,086","464,818,339",63.30,63.90,63.30,63.30,-0.10,"2,940",2382
102/03/01,"5,042,879","322,167,767",64.00,64.20,63.60,63.90,+0.60,"2,383",2382
102/03/04,"6,517,816","417,846,424",64.50,64.70,63.50,63.90, 0.00,"3,016",2382
102/03/05,"6,585,197","425,239,300",64.30,65.10,63.80,64.80,+0.90,"3,040",2382
102/03/06,"7,664,385","498,269,705",65.20,65.60,64.30,65.40,+0.60,"3,155",2382
102/03/07,"6,238,640","403,485,074",65.40,65.40,64.30,64.50,-0.90,"2,456",2382
102/03/08,"8,083,358","521,269,580",64.70,65.00,64.00,64.50, 0.00,"2,868",2382
102/03/11,"9,661,031","630,671,813",65.00,66.00,64.50,65.80,+1.30,"4,271",2382
102/03/12,"8,515,791","559,086,981",65.00,66.00,64.90,65.80, 0.00,"3,701",2382
102/03/13,"10,139,776","673,258,516",66.00,67.00,65.60,66.20,+0.40,"3,581",2382
102/03/14,"6,725,595","447,420,800",66.90,66.90,66.20,66.50,+0.30,"2,904",2382
102/03/15,"16,757,596","1,103,971,705",67.00,67.30,65.10,65.50,-1.00,"4,078",2382
102/03/18,"6,673,651","430,333,182",65.00,65.00,64.00,64.20,-1.30,"3,426",2382
102/03/19,"6,043,755","388,129,562",64.80,64.90,63.80,64.20, 0.00,"3,013",2382
102/03/20,"7,361,068","475,432,340",64.60,65.20,63.90,64.40,+0.20,"3,338",2382
102/03/21,"7,079,448","463,682,937",65.70,66.00,64.80,65.80,+1.40,"3,214",2382
102/03/22,"6,080,959","401,222,830",66.30,66.50,65.10,65.10,-0.70,"2,708",2382
102/03/25,"3,838,146","252,750,196",65.80,66.40,65.20,65.20,+0.10,"1,945",2382
102/03/26,"7,347,897","482,887,402",65.70,66.60,64.90,66.30,+1.10,"2,723",2382
102/03/27,"2,905,160","192,127,221",66.80,66.80,65.80,66.00,-0.30,"1,521",2382
102/03/28,"5,532,255","363,477,598",66.90,66.90,65.10,65.80,-0.20,"2,413",2382
102/03/29,"3,601,336","238,531,836",66.90,66.90,65.90,66.50,+0.70,"1,780",2382
102/04/01,"6,452,049","420,677,785",65.90,66.00,64.40,65.30,-1.20,"2,316",2382
102/04/02,"3,515,180","228,982,700",65.30,65.40,64.60,65.30, 0.00,"1,955",2382
102/04/03,"8,660,148","558,366,240",65.10,65.20,64.20,64.50,-0.80,"3,745",2382
102/04/08,"12,787,629","801,226,378",63.50,64.60,62.00,62.00,-2.50,"6,125",2382
102/04/09,"10,378,430","637,349,070",62.60,62.60,60.80,61.00,-1.00,"4,398",2382
102/04/10,"8,154,161","495,592,359",61.00,61.50,60.30,60.80,-0.20,"3,505",2382
102/04/11,"8,261,008","502,275,271",61.20,61.60,60.40,60.60,-0.20,"3,834",2382
102/04/12,"14,281,613","856,024,880",60.60,60.60,59.70,59.90,-0.70,"5,578",2382
102/04/15,"10,370,471","608,458,879",59.20,59.70,58.00,58.60,-1.30,"4,723",2382
102/04/16,"10,539,510","611,616,625",58.00,58.90,57.40,58.90,+0.30,"4,902",2382
102/04/17,"8,739,024","507,428,287",59.00,59.00,57.80,58.00,-0.90,"3,746",2382
102/04/18,"12,806,276","737,691,131",58.00,58.10,57.20,57.20,-0.80,"4,025",2382
102/04/19,"8,497,796","485,131,821",57.60,57.60,56.40,57.10,-0.10,"3,763",2382
102/04/22,"8,455,458","480,571,095",57.00,57.10,56.40,56.80,-0.30,"3,262",2382
102/04/23,"15,880,451","930,267,709",57.20,59.20,57.20,59.00,+2.20,"5,870",2382
102/04/24,"11,534,192","686,921,474",60.00,60.20,59.20,59.60,+0.60,"3,739",2382
102/04/25,"6,745,599","398,623,906",59.60,60.00,58.30,58.80,-0.80,"3,357",2382
102/04/26,"9,670,659","577,863,395",59.20,60.00,59.00,59.90,+1.10,"4,198",2382
102/04/29,"4,711,022","283,439,911",60.50,60.50,59.90,60.50,+0.60,"2,673",2382
102/04/30,"9,305,621","564,045,041",60.50,61.00,60.00,61.00,+0.50,"3,880",2382
102/05/02,"7,056,963","424,374,468",60.80,60.80,59.80,59.90,-1.10,"2,879",2382
102/05/03,"6,880,854","416,243,972",60.50,60.60,60.10,60.60,+0.70,"2,671",2382
102/05/06,"4,807,501","289,566,160",60.60,60.70,59.90,60.30,-0.30,"2,273",2382
102/05/07,"7,437,333","451,530,699",60.40,61.20,60.30,61.00,+0.70,"2,828",2382
102/05/08,"12,367,526","769,020,758",61.00,63.00,61.00,63.00,+2.00,"5,503",2382
102/05/09,"5,714,772","358,784,577",63.50,63.50,62.50,62.50,-0.50,"2,642",2382
102/05/10,"8,849,809","553,555,191",62.10,63.10,61.70,63.10,+0.60,"4,122",2382
102/05/13,"5,510,517","340,723,734",62.40,62.50,61.50,61.60,-1.50,"2,808",2382
102/05/14,"5,796,824","356,107,322",61.60,62.00,60.60,60.60,-1.00,"2,569",2382
102/05/15,"10,486,579","638,136,183",60.10,61.70,60.10,60.90,+0.30,"3,953",2382
102/05/16,"13,512,911","854,351,205",62.00,64.90,61.70,64.00,+3.10,"5,360",2382
102/05/17,"8,006,788","512,580,032",64.00,64.50,63.60,64.20,+0.20,"2,381",2382
102/05/20,"11,141,522","721,201,330",63.70,65.70,63.50,65.30,+1.10,"3,370",2382
102/05/21,"7,628,766","495,990,473",65.30,65.30,64.50,65.00,-0.30,"2,174",2382
102/05/22,"7,119,796","459,223,683",65.20,65.50,64.20,64.40,-0.60,"2,608",2382
102/05/23,"6,882,838","443,282,932",64.50,65.00,64.10,64.40, 0.00,"2,889",2382
102/05/24,"9,982,203","639,574,721",65.50,65.50,64.40,65.20,+0.80,"2,857",2382
102/05/27,"3,967,053","258,723,541",65.20,65.50,64.50,65.50,+0.30,"1,349",2382
102/05/28,"5,008,934","328,082,288",65.50,65.80,65.00,65.40,-0.10,"1,576",2382
102/05/29,"6,822,693","445,474,442",65.50,65.80,65.00,65.80,+0.40,"2,595",2382
102/05/30,"9,527,327","619,417,418",65.40,65.40,64.50,64.70,-1.10,"2,882",2382
102/05/31,"8,348,026","541,729,175",64.70,65.10,64.60,64.80,+0.10,"2,296",2382
102/06/03,"7,926,603","500,312,022",63.50,64.10,63.20,63.90,-0.90,"2,294",2382
102/06/04,"5,354,873","345,125,078",64.20,65.00,63.70,65.00,+1.10,"2,207",2382
102/06/05,"7,759,217","498,045,564",64.50,64.80,63.50,63.50,-1.50,"2,774",2382
102/06/06,"11,920,815","729,171,715",62.50,62.70,60.30,60.70,-2.80,"5,269",2382
102/06/07,"4,833,662","294,426,782",60.70,61.40,60.20,61.00,+0.30,"2,222",2382
102/06/10,"4,587,800","285,452,733",61.40,62.90,61.40,62.10,+1.10,"2,692",2382
102/06/11,"3,910,956","240,714,394",62.60,62.60,61.10,61.30,-0.80,"1,841",2382
102/06/13,"10,248,824","611,121,167",59.50,60.30,59.30,59.50,-1.80,"4,750",2382
102/06/14,"6,092,273","368,051,261",60.00,61.00,59.70,61.00,+1.50,"2,933",2382
102/06/17,"5,788,497","357,495,199",61.50,62.20,60.80,62.20,+1.20,"2,854",2382
102/06/18,"6,178,481","377,819,441",61.70,61.90,60.50,60.50,-1.70,"2,485",2382
102/06/19,"4,902,849","303,218,358",61.50,62.70,60.70,61.90,+1.40,"2,017",2382
102/06/20,"5,622,870","343,497,847",61.10,61.60,60.20,61.60,-0.30,"2,275",2382
102/06/21,"13,999,538","849,710,418",60.20,61.90,60.00,61.00,-0.60,"3,602",2382
102/06/24,"3,310,320","201,800,420",60.90,61.60,60.40,60.80,-0.20,"1,816",2382
102/06/25,"6,897,146","425,242,955",62.00,62.00,61.30,61.30,+0.50,"2,708",2382
102/06/26,"8,901,655","552,270,665",62.90,63.70,62.00,63.00,+1.70,"3,248",2382
102/06/27,"7,945,878","510,978,442",64.20,64.90,63.40,64.30,+1.30,"3,679",2382
102/06/28,"10,038,156","651,232,717",65.00,65.00,63.80,65.00,+0.70,"3,247",2382
102/07/01,"5,093,430","328,259,530",64.80,65.00,63.70,64.60,-0.40,"2,251",2382
102/07/02,"5,472,990","355,092,339",64.40,65.00,64.40,65.00,+0.40,"2,060",2382
102/07/03,"3,642,768","232,473,201",64.20,64.60,63.50,63.50,-1.50,"1,813",2382
102/07/04,"5,171,906","335,013,711",64.00,65.00,63.60,65.00,+1.50,"2,380",2382
102/07/05,"8,389,308","552,840,555",65.00,66.20,64.70,66.00,+1.00,"3,599",2382
102/07/08,"4,792,017","313,224,910",66.00,66.50,64.70,65.80,-0.20,"1,973",2382
102/07/09,"4,989,598","325,475,585",66.00,66.00,64.80,65.10,-0.70,"2,033",2382
102/07/10,"5,732,530","379,969,637",65.30,66.80,65.30,66.80,+1.70,"2,805",2382
102/07/11,"13,450,669","929,400,938",67.50,70.10,67.10,69.70,+2.90,"6,556",2382
102/07/12,"5,282,000","363,956,700",69.70,69.70,68.40,69.00,-0.70,"2,326",2382
102/07/15,"6,426,756","435,858,714",67.50,68.60,67.30,68.50,-0.50,"3,192",2382
102/07/16,"4,618,083","316,741,894",67.50,69.30,67.50,69.20,+0.70,"1,951",2382
102/07/17,"5,027,688","342,853,342",68.60,69.00,67.80,68.50,-0.70,"2,494",2382
102/07/18,"5,219,480","355,492,482",67.60,68.80,67.60,68.50, 0.00,"2,299",2382
102/07/19,"9,827,884","668,591,951",68.30,69.00,67.30,67.70,-0.80,"3,239",2382
102/07/22,"2,885,895","196,775,378",68.70,68.70,67.70,67.70, 0.00,"1,749",2382
102/07/23,"10,381,095","720,928,161",68.30,70.70,67.80,70.70,+3.00,"4,904",2382
102/07/24,"7,535,063","523,728,746",70.50,70.50,69.10,69.40,-1.30,"2,493",2382
102/07/25,"6,253,907","438,759,490",69.90,70.50,69.20,70.40,+1.00,"2,376",2382
102/07/26,"5,908,830","416,752,957",70.70,71.00,70.00,71.00,+0.60,"2,207",2382
102/07/29,"5,852,846","406,725,289",70.90,70.90,68.80,69.60,-1.40,"1,857",2382
102/07/30,"6,072,892","425,976,330",69.90,70.80,69.20,70.10,+0.50,"2,486",2382
102/07/31,"10,559,322","741,952,639",70.50,70.90,69.80,69.80,-0.30,"3,186",2382
102/08/01,"7,914,768","518,106,478",65.80,66.90,64.70,64.70,X0.00,"3,027",2382
102/08/02,"4,628,698","301,457,182",66.10,66.50,64.40,64.70, 0.00,"2,123",2382
102/08/05,"5,101,703","326,589,092",64.10,64.50,63.70,64.00,-0.70,"2,825",2382
102/08/06,"4,587,221","292,609,178",64.70,64.70,63.40,63.70,-0.30,"2,641",2382
102/08/07,"5,418,031","339,235,310",63.10,63.40,62.00,62.00,-1.70,"2,675",2382
102/08/08,"4,951,930","304,717,475",61.80,62.60,61.20,61.60,-0.40,"2,838",2382
102/08/09,"4,207,356","258,947,145",62.30,62.30,61.00,61.20,-0.40,"2,090",2382
102/08/12,"2,786,881","172,647,622",61.50,62.50,61.40,61.90,+0.70,"1,359",2382
102/08/13,"3,184,719","200,794,992",62.00,63.70,62.00,63.70,+1.80,"1,630",2382
102/08/14,"3,816,605","241,903,320",63.70,63.90,62.90,63.80,+0.10,"1,917",2382
102/08/15,"5,264,361","325,864,382",62.00,62.40,61.10,61.80,-2.00,"2,788",2382
102/08/16,"4,752,789","294,065,018",60.60,62.70,60.60,62.00,+0.20,"2,375",2382
102/08/19,"4,348,575","271,370,014",63.50,63.50,61.40,62.50,+0.50,"1,961",2382
102/08/20,"3,037,520","189,113,315",61.80,62.70,61.80,62.20,-0.30,"1,595",2382
102/08/22,"6,703,316","415,609,577",60.90,62.80,60.50,62.60,+0.40,"3,211",2382
102/08/23,"4,449,764","277,879,094",62.60,63.10,61.80,63.00,+0.40,"1,935",2382
102/08/26,"1,781,933","111,721,911",62.60,63.00,62.30,62.50,-0.50,955,2382
102/08/27,"4,937,152","308,778,453",62.00,63.10,62.00,62.50, 0.00,"1,157",2382
102/08/28,"3,322,563","208,123,068",61.60,63.30,61.60,62.50, 0.00,"1,733",2382
102/08/29,"4,872,300","304,447,342",61.60,62.80,61.60,62.50, 0.00,"1,668",2382
102/08/30,"4,894,024","306,629,508",61.90,63.20,61.90,63.10,+0.60,"2,115",2382
102/09/02,"4,574,819","291,968,473",63.10,64.50,63.10,63.90,+0.80,"2,389",2382
102/09/03,"3,309,523","211,785,402",63.90,64.60,63.50,64.10,+0.20,"1,538",2382
102/09/04,"3,963,218","256,861,349",63.50,65.60,63.50,65.50,+1.40,"2,206",2382
102/09/05,"9,683,284","647,735,839",66.00,67.30,65.70,67.30,+1.80,"4,060",2382
102/09/06,"5,011,064","337,217,812",66.90,67.90,66.50,67.90,+0.60,"2,467",2382
102/09/09,"4,855,408","325,721,203",67.90,67.90,66.60,66.80,-1.10,"2,274",2382
102/09/10,"5,917,469","396,792,928",67.70,68.00,66.80,67.00,+0.20,"2,438",2382
102/09/11,"7,639,493","507,518,469",66.30,67.00,65.80,66.90,-0.10,"2,384",2382
102/09/12,"6,713,288","447,484,428",66.50,67.40,66.00,66.50,-0.40,"3,681",2382
102/09/13,"6,297,622","419,292,769",67.10,67.20,66.30,66.50, 0.00,"2,695",2382
102/09/14,"1,217,636","81,002,295",66.50,66.80,66.10,66.50, 0.00,560,2382
102/09/16,"7,390,035","497,615,458",67.30,68.00,66.60,68.00,+1.50,"3,288",2382
102/09/17,"8,523,569","571,166,643",67.10,67.40,66.40,67.00,-1.00,"3,416",2382
102/09/18,"34,216,534","2,269,080,484",66.80,67.80,65.70,66.00,-1.00,"5,150",2382
102/09/23,"20,734,473","1,333,115,124",66.00,66.10,63.30,63.50,-2.50,"8,341",2382
102/09/24,"14,101,138","905,266,866",64.50,64.70,63.80,64.20,+0.70,"4,449",2382
102/09/25,"6,557,717","419,979,538",64.50,64.50,63.50,64.20, 0.00,"2,485",2382
102/09/26,"3,086,992","197,529,872",64.10,64.20,63.60,64.00,-0.20,"1,402",2382
102/09/27,"3,865,828","248,125,838",64.20,64.70,63.70,63.90,-0.10,"1,760",2382
102/09/30,"3,019,008","192,697,503",64.00,64.10,63.00,64.10,+0.20,"1,060",2382
102/10/01,"3,410,048","217,753,272",63.40,64.10,63.30,64.10, 0.00,"1,498",2382
102/10/02,"3,790,073","240,576,929",63.60,64.10,63.10,63.40,-0.70,"1,795",2382
102/10/03,"9,653,876","621,325,213",63.20,65.40,63.10,65.40,+2.00,"3,913",2382
102/10/04,"2,898,768","186,667,145",64.50,64.80,64.00,64.50,-0.90,"1,382",2382
102/10/07,"4,119,688","265,022,751",64.50,64.70,63.70,64.70,+0.20,885,2382
102/10/08,"3,765,201","243,320,174",64.50,65.00,63.70,64.90,+0.20,"1,758",2382
102/10/09,"4,947,697","321,160,161",64.60,65.30,64.10,65.00,+0.10,"1,622",2382
102/10/11,"4,624,674","302,231,369",65.40,65.60,64.60,65.50,+0.50,"2,114",2382
102/10/14,"7,551,476","501,459,141",65.40,67.50,64.80,66.60,+1.10,"3,574",2382
102/10/15,"6,294,964","424,173,065",67.00,67.60,67.00,67.50,+0.90,"3,235",2382
102/10/16,"3,286,670","219,709,549",67.50,67.50,66.50,66.80,-0.70,"1,714",2382
102/10/17,"5,659,242","378,687,132",66.90,67.10,66.30,67.10,+0.30,"2,154",2382
102/10/18,"11,118,566","762,576,880",67.50,69.50,66.90,69.30,+2.20,"4,322",2382
102/10/21,"7,160,387","495,321,943",69.30,69.90,68.40,69.80,+0.50,"2,896",2382
102/10/22,"5,278,829","364,104,726",69.40,69.70,68.50,69.40,-0.40,"2,529",2382
102/10/23,"4,199,925","285,485,133",68.90,69.20,67.00,67.80,-1.60,"2,497",2382
102/10/24,"4,114,655","276,279,274",66.70,67.90,66.10,67.70,-0.10,"1,668",2382
102/10/25,"5,890,844","397,657,824",67.50,68.00,66.90,67.50,-0.20,"2,294",2382
102/10/28,"7,324,467","499,047,438",67.80,68.70,67.40,68.50,+1.00,"3,514",2382
102/10/29,"5,442,208","373,176,299",67.80,69.60,67.00,69.60,+1.10,"2,967",2382
102/10/30,"10,181,972","716,067,411",69.60,71.00,69.30,70.90,+1.30,"4,158",2382
102/10/31,"8,944,237","628,448,887",70.50,70.80,69.70,69.70,-1.20,"2,382",2382
102/11/01,"6,865,724","467,631,043",68.50,69.00,67.50,67.50,-2.20,"3,147",2382
102/11/04,"4,028,993","274,200,615",67.50,68.50,67.50,68.00,+0.50,"2,468",2382
102/11/05,"4,564,837","308,090,879",68.50,68.70,66.60,67.30,-0.70,"1,950",2382
102/11/06,"4,956,820","342,747,717",67.90,69.70,67.50,69.70,+2.40,"2,400",2382
102/11/07,"7,395,521","521,931,817",70.50,70.90,70.10,70.90,+1.20,"3,226",2382
102/11/08,"6,391,794","436,775,932",69.50,70.20,66.60,67.70,-3.20,"2,929",2382
102/11/11,"7,366,512","485,292,825",67.50,67.60,65.20,65.30,-2.40,"3,935",2382
102/11/12,"11,733,463","773,662,158",65.50,66.20,65.30,65.90,+0.60,"3,318",2382
102/11/13,"7,670,709","499,198,485",66.60,66.70,64.60,64.70,-1.20,"2,993",2382
102/11/14,"7,814,044","511,135,471",65.80,65.80,65.00,65.40,+0.70,"2,041",2382
102/11/15,"9,093,563","590,124,095",65.00,65.30,64.20,65.00,-0.40,"3,785",2382
102/11/18,"4,634,807","295,843,656",65.00,65.00,63.30,63.30,-1.70,"3,111",2382
102/11/19,"4,682,952","301,427,587",63.20,64.80,63.20,64.60,+1.30,"2,429",2382
102/11/20,"5,901,920","375,182,187",63.60,64.10,63.20,63.70,-0.90,"3,802",2382
102/11/21,"7,549,572","473,797,951",63.70,63.70,62.30,62.50,-1.20,"3,218",2382
102/11/22,"6,959,035","437,487,193",62.60,63.10,62.60,62.80,+0.30,"2,609",2382
102/11/25,"4,649,190","293,051,186",63.60,63.80,62.40,62.90,+0.10,"2,593",2382
102/11/26,"6,998,468","441,506,084",62.30,63.60,62.20,63.10,+0.20,"2,346",2382
102/11/27,"6,361,343","406,506,345",63.40,64.60,63.20,64.60,+1.50,"2,595",2382
102/11/28,"6,106,703","394,844,737",65.00,65.00,64.00,64.70,+0.10,"2,352",2382
102/11/29,"6,461,685","424,801,327",65.00,66.10,64.80,65.90,+1.20,"3,035",2382
102/12/02,"2,865,544","188,323,205",66.60,66.60,65.10,65.40,-0.50,"1,398",2382
102/12/03,"4,254,930","276,485,238",65.10,65.90,64.50,65.30,-0.10,"1,990",2382
102/12/04,"7,187,566","469,291,829",65.10,65.70,64.70,65.10,-0.20,"2,635",2382
102/12/05,"7,888,943","515,589,165",65.80,65.80,64.70,65.30,+0.20,"2,133",2382
102/12/06,"6,071,953","400,631,194",65.80,66.30,65.10,66.30,+1.00,"2,250",2382
102/12/09,"8,591,912","575,320,704",67.00,67.40,65.80,67.40,+1.10,"4,498",2382
102/12/10,"8,607,560","579,797,874",67.30,68.10,66.00,68.00,+0.60,"3,666",2382
102/12/11,"7,480,765","499,900,365",68.00,68.00,66.10,66.80,-1.20,"3,659",2382
102/12/12,"3,421,005","227,636,727",66.00,67.20,65.60,66.70,-0.10,"2,012",2382
102/12/13,"5,407,984","363,292,616",66.30,67.90,66.00,67.50,+0.80,"2,856",2382
102/12/16,"3,781,493","253,886,776",67.00,67.50,66.40,67.00,-0.50,"2,163",2382
102/12/17,"4,407,272","293,897,798",66.20,67.30,66.10,66.10,-0.90,"2,190",2382
102/12/18,"2,877,930","191,689,333",66.00,66.90,66.00,66.90,+0.80,"1,823",2382
102/12/19,"6,076,413","410,173,584",67.40,67.80,67.10,67.60,+0.70,"3,097",2382
102/12/20,"6,064,355","411,156,856",67.60,68.00,67.00,67.80,+0.20,"2,771",2382
102/12/23,"5,756,780","395,165,364",67.90,69.10,67.80,68.70,+0.90,"2,794",2382
102/12/24,"3,428,025","235,765,302",68.80,69.00,68.20,68.60,-0.10,"1,881",2382
102/12/25,"2,809,753","193,429,473",68.20,69.30,68.20,68.90,+0.30,"1,228",2382
102/12/26,"2,989,530","206,101,053",68.60,69.10,68.60,68.90, 0.00,"1,116",2382
102/12/27,"4,276,063","294,498,291",68.90,69.10,68.70,68.70,-0.20,"1,889",2382
102/12/30,"6,616,942","456,035,588",68.70,69.30,68.30,69.30,+0.60,"2,754",2382
102/12/31,"3,776,195","261,744,364",69.30,69.50,69.00,69.50,+0.20,"2,265",2382
103/01/02,"2,196,820","150,807,277",69.50,69.70,68.40,68.70,-0.80,"1,212",2382
103/01/03,"3,858,681","261,923,622",68.10,68.50,67.60,67.80,-0.90,"1,873",2382
103/01/06,"9,723,486","677,283,906",67.80,70.20,67.80,70.00,+2.20,"4,897",2382
103/01/07,"7,845,151","548,161,856",70.10,70.70,69.40,69.50,-0.50,"3,735",2382
103/01/08,"14,376,637","1,005,973,372",69.30,70.20,69.30,70.00,+0.50,"3,317",2382
103/01/09,"7,215,287","505,440,471",70.00,70.30,69.60,70.00, 0.00,"3,088",2382
103/01/10,"4,044,940","284,681,898",70.00,70.80,69.80,70.10,+0.10,"2,031",2382
103/01/13,"11,368,017","818,355,295",70.30,72.80,70.30,72.10,+2.00,"5,351",2382
103/01/14,"15,744,618","1,171,948,847",73.00,75.50,73.00,74.70,+2.60,"6,640",2382
103/01/15,"17,128,118","1,322,055,399",76.00,77.80,76.00,77.80,+3.10,"7,089",2382
103/01/16,"15,616,668","1,200,279,815",78.20,78.20,75.80,76.10,-1.70,"5,959",2382
103/01/17,"10,537,912","802,845,410",76.10,76.90,75.50,76.80,+0.70,"3,867",2382
103/01/20,"10,820,101","848,263,879",76.80,79.90,76.40,79.20,+2.40,"4,906",2382
103/01/21,"8,875,373","689,451,617",79.00,79.00,76.90,76.90,-2.30,"3,800",2382
103/01/22,"8,547,312","662,097,493",76.90,77.80,76.50,77.50,+0.60,"3,220",2382
103/01/23,"7,922,355","611,461,199",78.20,78.20,76.50,77.60,+0.10,"3,389",2382
103/01/24,"5,285,723","407,109,171",77.70,77.90,76.50,77.00,-0.60,"2,723",2382
103/01/27,"12,372,273","926,590,653",75.40,76.00,73.60,75.00,-2.00,"4,948",2382
103/02/05,"20,817,926","1,525,703,228",70.50,74.40,69.90,74.40,-0.60,"8,929",2382
103/02/06,"8,469,869","630,572,306",74.40,75.30,73.20,74.20,-0.20,"4,257",2382
103/02/07,"8,718,635","647,711,430",74.50,75.10,72.50,74.80,+0.60,"4,094",2382
103/02/10,"3,872,246","288,330,845",74.00,75.40,73.70,74.00,-0.80,"1,975",2382
103/02/11,"8,695,998","634,455,937",73.00,73.70,72.40,73.70,-0.30,"3,802",2382
103/02/12,"8,877,501","664,095,765",73.70,75.50,73.70,74.80,+1.10,"3,597",2382
103/02/13,"3,864,280","286,368,934",73.70,75.00,73.70,74.10,-0.70,"1,723",2382
103/02/14,"4,742,943","350,844,282",74.30,75.00,73.50,74.00,-0.10,"2,384",2382
103/02/17,"5,531,451","413,036,878",73.60,75.30,73.60,75.00,+1.00,"2,102",2382
103/02/18,"5,751,661","426,533,329",75.00,75.00,73.60,74.10,-0.90,"2,631",2382
103/02/19,"3,123,408","232,520,148",74.20,74.80,74.20,74.80,+0.70,"1,730",2382
103/02/20,"7,209,993","540,147,475",75.10,75.20,74.40,75.20,+0.40,"3,421",2382
103/02/21,"6,718,765","508,058,339",75.90,77.00,74.70,75.40,+0.20,"3,136",2382
103/02/24,"5,217,500","387,881,841",76.10,76.20,73.70,74.70,-0.70,"2,573",2382
103/02/25,"2,994,494","222,615,448",75.20,75.30,73.70,73.90,-0.80,"1,728",2382
103/02/26,"7,834,382","582,983,016",73.90,75.10,73.70,75.10,+1.20,"3,394",2382
103/02/27,"8,260,180","612,949,023",75.00,75.10,73.80,74.50,-0.60,"2,872",2382
103/03/03,"14,273,337","1,050,283,594",74.50,74.60,72.90,74.00,-0.50,"4,059",2382
103/03/04,"7,237,868","532,833,593",73.60,74.00,73.40,73.70,-0.30,"2,702",2382
103/03/05,"19,325,491","1,498,463,956",75.10,78.80,75.10,78.80,+5.10,"6,632",2382
103/03/06,"20,856,458","1,662,521,937",80.00,81.30,78.60,78.70,-0.10,"8,298",2382
103/03/07,"13,364,909","1,051,895,685",79.30,79.80,77.60,78.00,-0.70,"5,661",2382
103/03/10,"10,822,055","836,164,435",78.00,78.50,76.40,77.30,-0.70,"5,154",2382
103/03/11,"12,877,400","1,016,582,043",78.30,79.60,77.80,79.00,+1.70,"5,079",2382
103/03/12,"8,743,559","687,427,000",79.00,79.60,77.60,78.20,-0.80,"3,725",2382
103/03/13,"20,188,732","1,635,122,939",79.10,82.50,78.70,82.50,+4.30,"8,150",2382
103/03/14,"20,336,123","1,651,962,465",81.10,82.00,80.40,81.50,-1.00,"8,010",2382
103/03/17,"12,305,199","997,809,166",82.00,82.00,80.70,81.00,-0.50,"3,601",2382
103/03/18,"7,547,677","607,907,560",82.00,82.10,79.70,80.10,-0.90,"3,181",2382
103/03/19,"8,532,150","676,243,608",80.00,80.30,78.60,79.00,-1.10,"3,169",2382
103/03/20,"11,040,221","868,570,359",79.00,79.20,78.10,79.00, 0.00,"4,612",2382
103/03/21,"10,620,564","835,644,139",79.00,79.40,77.90,78.10,-0.90,"3,385",2382
103/03/24,"10,698,448","856,209,814",78.30,80.90,78.30,80.40,+2.30,"4,290",2382
103/03/25,"11,055,985","895,038,752",80.10,81.80,79.60,81.80,+1.40,"4,137",2382
103/03/26,"16,971,155","1,424,238,320",82.30,85.50,82.20,84.40,+2.60,"7,076",2382
103/03/27,"18,196,582","1,567,965,028",84.50,87.50,84.50,87.50,+3.10,"8,193",2382
103/03/28,"10,677,637","920,804,720",87.50,88.60,85.00,85.90,-1.60,"5,301",2382
103/03/31,"16,095,158","1,314,941,502",83.20,83.20,81.00,82.00,-3.90,"7,059",2382
103/04/01,"12,039,156","975,940,849",81.10,81.80,80.60,81.00,-1.00,"5,092",2382
103/04/02,"18,450,518","1,532,209,377",82.10,83.80,81.60,83.80,+2.80,"7,795",2382
103/04/03,"10,016,708","826,547,630",83.60,83.60,81.90,82.10,-1.70,"4,643",2382
103/04/07,"11,501,334","932,774,968",81.00,81.70,80.70,81.10,-1.00,"4,944",2382
103/04/08,"12,947,769","1,039,863,427",81.30,81.50,79.10,79.90,-1.20,"5,583",2382
103/04/09,"7,941,780","644,306,301",80.30,81.80,80.30,81.70,+1.80,"3,665",2382
103/04/10,"9,986,991","818,572,240",82.50,83.00,80.90,83.00,+1.30,"4,147",2382
103/04/11,"4,498,333","371,315,968",82.40,83.30,81.70,82.80,-0.20,"2,374",2382
103/04/14,"5,611,233","455,671,012",82.80,82.80,80.20,81.40,-1.40,"2,844",2382
103/04/15,"5,045,846","414,192,043",81.50,82.50,81.50,82.50,+1.10,"2,150",2382
103/04/16,"6,139,312","504,518,919",82.60,82.80,81.50,82.00,-0.50,"2,803",2382
103/04/17,"3,264,505","267,004,496",82.00,82.20,81.10,81.80,-0.20,"2,224",2382
103/04/18,"1,835,702","150,558,238",81.80,82.20,81.40,82.10,+0.30,958,2382
103/04/21,"1,407,347","115,492,010",82.00,82.20,81.40,82.10, 0.00,720,2382
103/04/22,"5,197,620","428,518,775",82.10,82.90,81.80,82.60,+0.50,"2,363",2382
103/04/23,"5,773,604","474,030,524",82.70,83.00,80.50,81.50,-1.10,"3,003",2382
103/04/24,"6,713,967","543,597,036",82.00,82.10,80.50,80.90,-0.60,"3,286",2382
103/04/25,"11,091,022","881,445,416",80.20,80.70,78.00,78.00,-2.90,"4,488",2382
103/04/28,"5,990,799","479,454,340",77.30,81.80,76.90,80.40,+2.40,"2,885",2382
103/04/29,"5,246,738","423,985,678",80.40,81.20,80.00,81.00,+0.60,"2,702",2382
103/04/30,"12,740,429","1,044,564,786",82.00,82.80,80.50,82.80,+1.80,"4,187",2382
103/05/02,"9,849,180","802,393,580",82.80,83.10,80.50,80.50,-2.30,"4,358",2382
103/05/05,"2,916,401","234,298,110",80.80,81.10,80.10,80.20,-0.30,"1,543",2382
103/05/06,"4,265,649","343,991,826",80.10,81.50,79.30,81.50,+1.30,"2,422",2382
103/05/07,"7,553,504","611,833,765",82.00,82.80,80.30,80.80,-0.70,"3,806",2382
103/05/08,"10,418,789","865,502,389",81.50,84.00,81.50,83.30,+2.50,"5,577",2382
103/05/09,"7,372,259","611,693,461",82.90,84.00,82.20,82.90,-0.40,"3,046",2382
103/05/12,"11,309,788","915,850,084",83.20,83.20,79.60,80.20,-2.70,"5,340",2382
103/05/13,"12,748,308","1,020,561,690",81.00,81.10,79.60,79.80,-0.40,"4,261",2382
103/05/14,"14,839,170","1,180,015,806",81.00,81.00,78.30,80.50,+0.70,"6,374",2382
103/05/15,"9,653,850","770,093,730",78.60,80.20,78.60,79.70,-0.80,"3,982",2382
103/05/16,"10,350,320","817,296,180",79.50,80.00,78.60,79.30,-0.40,"4,965",2382
103/05/19,"6,287,368","502,205,139",79.90,80.50,79.30,80.50,+1.20,"2,878",2382
103/05/20,"4,653,014","373,121,412",80.50,80.80,80.00,80.30,-0.20,"1,839",2382
103/05/21,"4,500,487","361,451,600",80.00,80.70,80.00,80.50,+0.20,"2,049",2382
103/05/22,"14,649,478","1,158,785,494",80.00,80.50,78.70,78.90,-1.60,"5,415",2382
103/05/23,"10,120,824","805,463,114",78.50,80.00,78.50,79.80,+0.90,"3,900",2382
103/05/26,"9,942,143","795,886,257",80.50,80.50,79.50,79.50,-0.30,"2,787",2382
103/05/27,"10,843,816","856,383,845",79.00,79.70,78.40,78.60,-0.90,"3,526",2382
103/05/28,"15,341,241","1,225,638,416",79.00,80.50,78.90,80.10,+1.50,"6,083",2382
103/05/29,"17,778,894","1,399,555,726",78.60,79.30,78.30,79.00,-1.10,"6,245",2382
103/05/30,"20,188,875","1,605,931,466",79.00,80.70,77.60,80.70,+1.70,"5,362",2382
103/06/03,"11,811,236","937,637,981",79.50,80.10,78.70,79.20,-1.50,"5,020",2382
103/06/04,"5,873,026","468,061,449",79.90,80.00,79.30,79.30,+0.10,"2,806",2382
103/06/05,"7,228,825","576,290,058",79.80,80.10,78.80,80.00,+0.70,"3,917",2382
103/06/06,"4,649,485","373,845,500",80.50,80.50,80.00,80.10,+0.10,"2,706",2382
103/06/09,"6,404,788","512,723,778",80.60,80.70,79.40,79.70,-0.40,"2,905",2382
103/06/10,"15,970,917","1,307,943,052",80.10,83.40,79.80,82.20,+2.50,"5,654",2382
103/06/11,"9,477,122","784,736,966",82.40,83.30,82.10,83.10,+0.90,"3,404",2382
103/06/12,"9,289,999","766,626,496",83.20,84.60,82.70,83.40,+0.30,"3,593",2382
103/06/13,"7,166,214","605,421,515",83.50,85.20,83.50,84.50,+1.10,"3,921",2382
103/06/16,"10,282,932","867,418,056",84.60,86.20,83.00,83.30,-1.20,"4,623",2382
103/06/17,"9,121,677","768,618,982",84.00,85.00,83.60,84.00,+0.70,"3,008",2382
103/06/18,"10,596,461","905,868,985",84.90,86.20,84.30,85.50,+1.50,"5,489",2382
103/06/19,"8,670,176","733,385,731",85.90,86.00,84.00,84.00,-1.50,"3,851",2382
103/06/20,"8,379,156","704,205,566",84.10,85.00,83.50,83.50,-0.50,"3,149",2382
103/06/23,"6,170,977","518,246,171",84.10,84.30,83.50,83.50, 0.00,"3,224",2382
103/06/24,"6,549,997","558,882,645",84.50,85.90,84.50,85.30,+1.80,"3,675",2382
103/06/25,"3,518,387","297,663,955",85.50,85.60,84.00,84.30,-1.00,"2,315",2382
103/06/26,"3,469,209","295,636,684",85.00,85.70,84.50,85.70,+1.40,"1,819",2382
103/06/27,"4,177,085","358,374,631",85.50,86.30,85.10,85.50,-0.20,"1,940",2382
103/06/30,"10,540,342","925,722,087",86.00,89.50,86.00,87.00,+1.50,"4,458",2382
103/07/01,"9,202,039","824,339,421",88.80,91.00,87.00,89.20,+2.20,"4,811",2382
103/07/02,"3,768,578","332,657,261",89.20,89.20,87.30,87.90,-1.30,"2,087",2382
103/07/03,"5,475,110","476,233,506",87.50,87.90,86.70,87.00,-0.90,"2,409",2382
103/07/04,"3,755,655","326,923,671",87.00,87.70,86.30,87.10,+0.10,"1,891",2382
103/07/07,"5,581,718","480,730,794",86.70,87.00,85.80,86.10,-1.00,"2,071",2382
103/07/08,"7,723,284","673,636,092",86.50,88.40,85.70,88.40,+2.30,"3,405",2382
103/07/09,"4,728,459","413,640,772",88.40,88.40,86.80,87.50,-0.90,"1,427",2382
103/07/10,"5,465,900","476,209,514",88.00,88.00,86.60,87.40,-0.10,"1,860",2382
103/07/11,"6,542,706","560,634,222",87.30,87.30,84.60,85.00,-2.40,"3,091",2382
103/07/14,"7,355,969","629,539,643",85.10,87.90,85.00,85.70,+0.70,"3,475",2382
103/07/15,"7,950,525","692,493,917",87.40,87.70,86.40,87.70,+2.00,"3,091",2382
103/07/16,"5,882,397","508,897,149",87.50,87.50,86.00,86.50,-1.20,"2,536",2382
103/07/17,"5,771,505","499,588,630",86.60,87.60,85.80,86.40,-0.10,"2,522",2382
103/07/18,"2,766,975","238,046,057",85.50,86.50,85.50,85.70,-0.70,"1,303",2382
103/07/21,"2,144,158","186,212,072",86.40,87.70,86.40,86.60,+0.90,"1,324",2382
103/07/22,"2,700,719","236,428,506",87.20,87.80,87.20,87.70,+1.10,"1,590",2382
103/07/24,"3,940,821","348,060,648",88.50,88.70,88.00,88.50,+0.80,"1,878",2382
103/07/25,"7,199,668","625,853,933",89.00,89.00,85.10,85.80,-2.70,"3,587",2382
103/07/28,"5,795,841","508,676,164",85.80,88.60,85.80,88.60,+2.80,"3,239",2382
103/07/29,"4,497,698","392,173,684",89.00,89.20,86.20,87.70,-0.90,"3,047",2382
103/07/30,"4,360,097","378,056,894",88.50,88.50,86.40,86.70,-1.00,"2,201",2382
103/07/31,"9,366,437","795,684,067",86.70,87.50,83.60,84.40,-2.30,"3,676",2382
103/08/01,"8,160,127","652,244,230",79.70,80.50,79.20,80.50,X0.00,"2,854",2382
103/08/04,"8,177,469","681,548,440",82.00,84.10,81.40,84.10,+3.60,"4,102",2382
103/08/05,"8,074,965","666,986,712",84.10,84.40,81.10,82.90,-1.20,"4,066",2382
103/08/06,"5,581,878","461,992,002",82.90,83.60,82.10,82.70,-0.20,"1,901",2382
103/08/07,"4,954,707","405,605,713",82.70,82.70,81.50,81.60,-1.10,"2,201",2382
103/08/08,"6,542,588","535,750,017",82.80,82.90,81.20,82.00,+0.40,"2,199",2382
103/08/11,"5,083,925","414,530,768",83.00,83.00,80.80,81.70,-0.30,"1,950",2382
103/08/12,"3,786,639","314,061,674",83.00,83.60,82.10,82.80,+1.10,"2,352",2382
103/08/13,"2,607,932","216,720,017",82.80,83.50,82.50,83.50,+0.70,"1,789",2382
103/08/14,"5,804,145","491,155,021",84.50,85.50,83.30,84.40,+0.90,"3,192",2382
103/08/15,"5,259,615","434,213,433",83.60,84.00,82.10,82.40,-2.00,"3,406",2382
103/08/18,"1,832,289","150,626,298",83.40,83.40,81.60,82.00,-0.40,"1,153",2382
103/08/19,"2,251,755","186,290,028",82.40,83.10,82.20,83.10,+1.10,"1,608",2382
103/08/20,"5,458,388","451,799,193",83.10,84.00,82.00,84.00,+0.90,"3,142",2382
103/08/21,"4,417,893","363,654,399",83.30,83.50,82.00,82.00,-2.00,"2,234",2382
103/08/22,"5,458,037","457,324,792",83.50,84.40,83.10,84.40,+2.40,"3,305",2382
103/08/25,"1,917,873","161,040,732",84.00,84.40,83.50,84.20,-0.20,"1,273",2382
103/08/26,"1,755,055","147,206,287",84.00,84.40,83.60,83.70,-0.50,878,2382
103/08/27,"5,512,156","465,897,463",84.50,85.50,83.50,84.20,+0.50,"2,925",2382
103/08/28,"3,189,037","267,853,786",84.00,84.50,83.60,84.20, 0.00,"1,720",2382
103/08/29,"5,018,202","424,029,492",83.80,85.30,83.60,84.40,+0.20,"2,290",2382
103/09/01,"4,745,228","399,406,172",84.80,85.50,83.10,83.70,-0.70,"2,715",2382
103/09/02,"3,862,904","319,736,779",83.80,83.80,82.10,82.70,-1.00,"1,815",2382
103/09/03,"5,270,108","435,581,159",82.70,83.20,82.40,82.50,-0.20,"1,829",2382
103/09/04,"4,454,138","364,945,539",82.50,82.60,81.50,82.00,-0.50,"2,183",2382
103/09/05,"3,885,222","318,397,165",82.00,82.50,81.70,81.90,-0.10,"1,115",2382
103/09/09,"2,111,819","174,474,840",82.80,83.00,82.10,82.60,+0.70,"1,157",2382
103/09/10,"4,005,094","324,981,114",82.10,82.10,80.80,81.00,-1.60,"2,412",2382
103/09/11,"5,641,670","457,789,424",82.50,82.50,80.80,80.80,-0.20,"2,794",2382
103/09/12,"4,120,155","331,490,000",81.00,81.50,80.00,80.00,-0.80,"1,986",2382
103/09/15,"6,849,261","543,371,592",79.50,80.50,78.60,78.70,-1.30,"3,009",2382
103/09/16,"4,854,996","382,526,778",79.00,79.60,78.20,78.70, 0.00,"1,781",2382
103/09/17,"8,617,727","677,072,782",79.20,79.30,77.90,78.60,-0.10,"3,488",2382
103/09/18,"7,263,062","573,797,302",79.60,79.60,78.50,79.00,+0.40,"2,462",2382
103/09/19,"7,726,318","610,834,022",79.50,79.50,78.90,79.10,+0.10,"1,838",2382
103/09/22,"6,889,520","543,308,383",79.30,79.50,78.10,78.90,-0.20,"3,507",2382
103/09/23,"8,024,450","620,726,271",78.50,79.00,76.30,77.00,-1.90,"3,793",2382
103/09/24,"4,398,300","335,572,546",76.00,77.30,75.80,76.20,-0.80,"2,293",2382
103/09/25,"4,750,881","359,443,983",76.30,77.00,75.00,75.40,-0.80,"2,232",2382
103/09/26,"8,100,601","624,780,989",75.00,78.50,75.00,78.00,+2.60,"3,996",2382
103/09/29,"8,670,161","677,085,136",78.40,78.60,77.10,77.90,-0.10,"4,544",2382
103/09/30,"6,469,302","501,183,508",77.90,78.80,76.50,77.20,-0.70,"3,212",2382
103/10/01,"6,607,549","501,660,575",76.20,76.50,75.50,75.50,-1.70,"3,572",2382
103/10/02,"5,267,498","398,490,392",75.50,76.50,74.70,76.30,+0.80,"2,977",2382
103/10/03,"4,570,116","350,713,453",75.60,77.50,75.60,77.00,+0.70,"2,538",2382
103/10/06,"3,881,578","299,198,806",77.50,77.60,76.60,77.00, 0.00,"2,513",2382
103/10/07,"6,028,009","456,767,869",76.90,76.90,75.40,75.70,-1.30,"2,851",2382
103/10/08,"8,860,770","662,207,800",75.40,76.00,74.10,74.10,-1.60,"3,195",2382
103/10/09,"10,613,766","769,334,313",74.50,75.40,71.00,71.50,-2.60,"4,780",2382
103/10/13,"10,461,961","744,256,697",70.80,72.10,70.00,71.50, 0.00,"4,524",2382
103/10/14,"4,869,042","349,942,732",72.00,72.10,71.30,72.00,+0.50,"2,050",2382
103/10/15,"11,859,091","862,190,621",72.00,74.20,71.40,72.80,+0.80,"4,873",2382
103/10/16,"6,198,095","446,497,445",72.00,73.10,71.10,71.50,-1.30,"2,537",2382
103/10/17,"12,122,279","885,075,076",72.30,73.50,71.90,73.00,+1.50,"5,318",2382
103/10/20,"8,221,567","609,162,868",73.70,75.00,73.00,74.20,+1.20,"3,949",2382
103/10/21,"13,714,563","1,011,665,202",74.00,74.10,73.50,73.90,-0.30,"2,244",2382
103/10/22,"2,942,807","218,444,418",74.80,74.80,73.70,74.20,+0.30,"1,604",2382
103/10/23,"1,351,243","100,396,582",74.20,74.60,73.90,74.40,+0.20,809,2382
103/10/24,"2,527,467","186,933,058",75.00,75.10,73.70,74.20,-0.20,"1,164",2382
103/10/27,"3,026,696","223,238,508",74.60,74.90,72.90,72.90,-1.30,"1,538",2382
103/10/28,"13,128,401","981,930,108",73.80,75.40,73.70,74.30,+1.40,"3,824",2382
103/10/29,"6,849,351","520,254,576",75.50,76.50,74.80,76.40,+2.10,"2,735",2382
103/10/30,"2,750,476","208,503,580",76.20,76.20,75.50,76.00,-0.40,"1,167",2382
103/10/31,"8,924,004","678,243,898",76.40,76.40,75.40,76.40,+0.40,"1,218",2382
103/11/03,"3,486,255","267,533,526",76.90,77.00,76.40,77.00,+0.60,"1,393",2382
103/11/04,"2,934,737","226,603,699",77.00,78.00,76.50,76.50,-0.50,"1,767",2382
103/11/05,"2,999,312","229,885,498",76.40,77.10,76.20,76.50, 0.00,"1,312",2382
103/11/06,"2,322,815","177,643,797",77.00,77.00,76.00,76.40,-0.10,"1,421",2382
103/11/07,"2,490,509","188,042,522",75.80,76.10,75.20,75.30,-1.10,"1,050",2382
103/11/10,"3,432,971","263,115,079",76.50,77.10,75.50,76.70,+1.40,"1,974",2382
103/11/11,"3,045,194","234,250,458",77.00,77.20,76.20,77.00,+0.30,"1,780",2382
103/11/12,"7,761,147","578,440,080",77.00,77.00,73.40,74.10,-2.90,"2,951",2382
103/11/13,"20,654,056","1,469,856,932",69.50,72.50,69.50,71.10,-3.00,"7,321",2382
103/11/14,"22,899,897","1,634,685,195",71.30,71.80,70.70,71.50,+0.40,"5,060",2382
103/11/17,"20,204,104","1,440,495,431",71.70,71.80,70.50,71.50, 0.00,"4,031",2382
103/11/18,"5,588,434","401,688,669",72.00,72.30,71.60,72.00,+0.50,"2,439",2382
103/11/19,"17,438,669","1,287,529,064",72.50,75.00,72.00,74.00,+2.00,"6,409",2382
103/11/20,"8,821,760","658,478,074",73.80,75.30,73.60,75.30,+1.30,"3,627",2382
103/11/21,"7,598,744","573,438,740",75.30,76.20,74.30,75.20,-0.10,"2,764",2382
103/11/24,"7,769,576","590,379,594",76.40,76.40,75.60,76.00,+0.80,"2,444",2382
103/11/25,"14,305,320","1,090,442,743",76.00,76.70,76.00,76.00, 0.00,"2,954",2382
103/11/26,"7,966,770","605,475,105",76.00,76.50,75.50,76.00, 0.00,"2,091",2382
103/11/27,"6,570,016","505,327,832",76.50,77.40,76.20,77.40,+1.40,"3,214",2382
103/11/28,"5,369,676","414,703,036",77.10,77.40,76.80,77.00,-0.40,"2,867",2382
103/12/01,"5,297,006","408,780,254",76.00,77.90,75.50,77.00, 0.00,"2,371",2382
103/12/02,"12,620,003","981,511,829",76.30,79.30,76.10,78.60,+1.60,"4,139",2382
103/12/03,"4,297,314","337,804,644",78.60,79.40,77.90,78.20,-0.40,"2,217",2382
103/12/04,"5,451,068","422,728,836",78.70,79.00,76.70,77.10,-1.10,"2,542",2382
103/12/05,"2,326,341","179,280,145",77.10,77.40,76.70,76.70,-0.40,"1,452",2382
103/12/08,"4,503,400","351,890,560",77.80,78.50,77.10,78.20,+1.50,"2,003",2382
103/12/09,"4,072,624","319,237,472",78.50,78.80,77.60,78.00,-0.20,"2,617",2382
103/12/10,"5,094,188","389,835,794",77.10,77.80,76.00,76.40,-1.60,"2,400",2382
103/12/11,"3,355,655","256,026,805",75.60,77.10,75.00,76.50,+0.10,"1,596",2382
103/12/12,"4,465,849","345,715,973",75.10,78.00,75.10,77.40,+0.90,"2,716",2382
103/12/15,"7,915,936","603,213,936",77.00,77.00,75.90,75.90,-1.50,"3,180",2382
103/12/16,"5,940,173","461,240,179",76.50,78.20,76.30,77.00,+1.10,"3,344",2382
103/12/17,"13,100,620","992,653,726",78.00,78.50,74.80,75.00,-2.00,"4,667",2382
103/12/18,"4,469,904","336,431,100",75.50,76.00,75.00,75.00, 0.00,"2,372",2382
103/12/19,"6,703,134","515,095,618",75.90,77.30,75.50,77.30,+2.30,"3,181",2382
103/12/22,"5,437,105","426,377,221",77.80,78.80,77.50,78.50,+1.20,"2,582",2382
103/12/23,"2,688,141","210,587,750",78.80,78.90,77.90,78.50, 0.00,"1,157",2382
103/12/24,"5,914,027","461,504,907",78.70,78.80,77.40,78.50, 0.00,"2,320",2382
103/12/25,"1,817,173","142,122,821",78.50,78.80,77.90,78.00,-0.50,613,2382
103/12/26,"2,365,264","185,275,138",78.50,78.80,78.00,78.50,+0.50,782,2382
103/12/27,"805,098","63,081,670",78.80,78.80,78.20,78.50, 0.00,247,2382
103/12/29,"3,752,162","298,138,903",78.50,79.90,78.50,79.30,+0.80,"2,431",2382
103/12/30,"2,577,335","204,682,156",79.70,80.00,78.80,78.80,-0.50,"1,634",2382
103/12/31,"5,493,473","433,134,567",79.50,79.50,78.40,79.20,+0.40,868,2382
104/01/05,"4,214,439","329,280,079",78.50,78.80,77.70,78.50,-0.70,"1,991",2382
104/01/06,"6,995,575","540,938,938",77.70,78.30,76.40,76.60,-1.90,"3,425",2382
104/01/07,"7,722,320","592,146,707",76.10,77.30,76.00,76.60, 0.00,"2,424",2382
104/01/08,"3,339,520","260,626,148",78.50,78.50,77.10,78.20,+1.60,"1,370",2382
104/01/09,"3,394,754","265,282,755",79.20,79.40,77.70,77.80,-0.40,"1,219",2382
104/01/12,"2,973,353","232,042,084",77.30,79.70,77.20,77.60,-0.20,"1,562",2382
104/01/13,"4,134,400","322,550,000",77.70,78.30,77.60,78.10,+0.50,"2,041",2382
104/01/14,"8,403,878","649,458,006",78.10,78.40,76.80,77.00,-1.10,"2,977",2382
104/01/15,"5,286,599","406,403,278",77.10,77.70,76.50,76.50,-0.50,"2,084",2382
104/01/16,"5,613,974","426,435,824",76.90,76.90,75.60,75.60,-0.90,"2,424",2382
104/01/19,"6,130,136","475,584,338",76.20,78.10,76.20,77.70,+2.10,"2,886",2382
104/01/20,"4,502,293","350,341,033",77.70,78.20,77.10,77.90,+0.20,"2,475",2382
104/01/21,"7,265,790","568,831,420",78.40,78.50,77.90,78.40,+0.50,"1,925",2382
104/01/22,"6,271,708","494,543,040",78.50,79.00,78.10,79.00,+0.60,"3,131",2382
104/01/23,"10,874,239","870,616,353",79.50,80.70,79.50,80.00,+1.00,"4,821",2382
104/01/26,"2,567,534","204,046,729",80.00,80.00,79.10,79.70,-0.30,"1,417",2382
104/01/27,"5,457,718","435,232,202",80.00,80.10,79.30,79.80,+0.10,"2,163",2382
104/01/28,"5,553,017","444,580,345",79.60,80.50,79.40,80.10,+0.30,"2,108",2382
104/01/29,"8,418,336","660,474,432",80.00,80.50,77.70,77.80,-2.30,"4,370",2382
104/01/30,"8,679,105","673,405,854",78.00,78.60,77.00,77.00,-0.80,"3,145",2382
104/02/02,"3,260,849","255,278,024",77.00,79.00,77.00,79.00,+2.00,"1,976",2382
104/02/03,"5,111,538","406,215,002",79.00,80.20,79.00,79.40,+0.40,"2,349",2382
104/02/04,"11,024,929","896,280,468",80.10,82.50,79.60,82.00,+2.60,"5,647",2382
104/02/05,"14,727,431","1,167,837,549",79.60,79.70,78.70,79.00,-3.00,"5,770",2382
104/02/06,"8,143,541","643,540,199",78.50,79.40,78.40,79.10,+0.10,"4,089",2382
104/02/09,"4,285,904","336,191,065",79.30,79.30,78.00,78.30,-0.80,"2,750",2382
104/02/10,"4,093,692","319,831,476",78.00,78.40,77.70,78.10,-0.20,"1,918",2382
104/02/11,"5,821,006","452,870,068",77.90,78.50,77.90,78.00,-0.10,"2,505",2382
104/02/12,"6,023,170","470,141,567",78.50,78.50,77.70,78.50,+0.50,"2,759",2382
104/02/13,"7,412,359","585,582,557",78.50,79.50,78.40,79.30,+0.80,"3,523",2382
104/02/24,"14,731,123","1,183,551,115",80.30,81.80,79.80,80.10,+0.80,"5,309",2382
104/02/25,"7,769,890","621,389,547",80.40,80.50,79.50,80.00,-0.10,"2,734",2382
104/02/26,"5,956,566","472,484,920",79.10,80.00,78.90,79.40,-0.60,"2,522",2382
104/03/02,"7,762,050","618,062,361",81.90,82.00,79.10,79.50,+0.10,"3,376",2382
104/03/03,"5,094,341","404,263,164",80.30,80.30,79.00,79.40,-0.10,"1,773",2382
104/03/04,"5,118,302","406,707,477",79.30,79.80,79.30,79.50,+0.10,"1,858",2382
104/03/05,"5,150,017","403,224,125",79.00,79.20,77.50,78.20,-1.30,"2,722",2382
104/03/06,"7,379,696","575,627,826",77.90,78.80,77.20,78.80,+0.60,"3,615",2382
104/03/09,"3,302,377","260,683,116",78.60,79.40,77.90,79.20,+0.40,"2,179",2382
104/03/10,"7,891,449","625,740,346",79.30,79.80,78.60,79.00,-0.20,"3,419",2382
104/03/11,"5,944,873","463,210,823",77.60,78.40,77.50,77.60,-1.40,"3,135",2382
104/03/12,"7,218,721","562,253,307",77.60,78.50,77.40,78.50,+0.90,"3,378",2382
104/03/13,"7,790,271","604,299,938",77.60,78.30,77.00,77.00,-1.50,"3,823",2382
104/03/16,"4,489,013","347,056,492",77.20,77.80,77.00,77.00, 0.00,"2,866",2382
104/03/17,"2,942,740","227,875,097",77.20,78.00,77.00,77.10,+0.10,"1,966",2382
104/03/18,"6,170,680","474,431,076",77.00,77.30,76.50,76.50,-0.60,"3,616",2382
104/03/19,"5,710,143","443,846,087",77.80,78.00,77.20,78.00,+1.50,"3,233",2382
104/03/20,"5,248,056","408,427,635",78.00,78.20,77.50,78.00, 0.00,"1,734",2382
104/03/23,"4,234,803","325,984,784",76.90,77.20,76.80,77.20,-0.80,"2,762",2382
104/03/24,"6,977,839","533,591,859",77.00,77.00,76.20,76.50,-0.70,"3,751",2382
104/03/25,"12,904,111","967,412,142",76.50,76.50,74.50,74.50,-2.00,"5,826",2382
104/03/26,"9,228,101","691,570,381",73.80,75.40,73.50,75.00,+0.50,"3,822",2382
104/03/27,"8,784,043","655,605,880",74.00,75.00,74.00,74.00,-1.00,"3,314",2382
104/03/30,"7,377,039","550,927,200",75.00,75.30,74.10,74.50,+0.50,"2,894",2382
104/03/31,"9,094,399","689,440,194",76.60,76.60,75.40,75.60,+1.10,"3,402",2382
104/04/01,"10,804,002","804,272,337",75.40,75.40,74.00,74.00,-1.60,"5,254",2382
104/04/02,"8,841,686","660,846,732",74.20,75.40,74.10,74.70,+0.70,"3,443",2382
104/04/07,"7,506,728","561,963,400",74.70,75.40,74.10,74.90,+0.20,"3,581",2382
104/04/08,"9,027,236","666,410,400",74.90,75.00,73.50,73.60,-1.30,"4,801",2382
104/04/09,"6,044,405","449,658,023",74.00,75.00,73.80,74.40,+0.80,"3,042",2382
104/04/10,"10,768,450","794,507,641",74.40,74.50,73.30,73.90,-0.50,"3,598",2382
104/04/13,"5,327,846","398,103,315",74.70,75.00,74.30,74.70,+0.80,"2,666",2382
104/04/14,"6,632,899","495,659,125",74.80,75.00,74.40,75.00,+0.30,"2,474",2382
104/04/15,"10,489,971","788,365,275",75.00,75.50,74.90,75.20,+0.20,"4,296",2382
104/04/16,"5,395,842","407,185,276",75.10,75.80,75.00,75.80,+0.60,"3,006",2382
104/04/17,"6,984,472","524,350,390",75.40,75.50,74.70,75.10,-0.70,"3,508",2382
104/04/20,"10,676,178","815,165,006",74.50,77.40,74.50,77.30,+2.20,"5,354",2382
104/04/21,"8,907,628","686,891,889",77.50,77.50,76.60,77.20,-0.10,"3,770",2382
104/04/22,"10,402,728","801,672,657",77.20,77.50,76.60,77.00,-0.20,"3,983",2382
104/04/23,"8,422,520","656,429,406",77.50,78.90,77.20,78.90,+1.90,"4,146",2382
104/04/24,"12,993,760","1,022,807,126",78.90,79.90,77.50,78.60,-0.30,"6,811",2382
104/04/27,"12,278,516","972,702,537",79.60,79.70,78.60,78.80,+0.20,"4,501",2382
104/04/28,"6,435,616","503,111,318",79.00,79.10,77.80,78.10,-0.70,"3,272",2382
104/04/29,"8,620,158","672,944,389",78.80,79.10,77.00,77.70,-0.40,"4,273",2382
104/04/30,"7,750,466","602,759,082",78.40,78.70,77.00,77.00,-0.70,"3,973",2382
104/05/04,"6,670,608","526,585,958",77.90,79.80,77.60,79.30,+2.30,"3,684",2382
104/05/05,"4,449,976","352,772,791",79.40,79.60,78.40,79.50,+0.20,"2,385",2382
104/05/06,"5,257,596","415,596,656",79.00,79.70,78.60,79.00,-0.50,"2,473",2382
104/05/07,"5,018,753","395,089,080",78.50,79.00,78.20,79.00, 0.00,"1,657",2382
104/05/08,"4,091,052","318,836,519",78.60,78.80,77.50,77.50,-1.50,"1,957",2382
104/05/11,"3,235,208","251,355,436",78.60,78.70,77.20,77.60,+0.10,"1,427",2382
104/05/12,"15,959,278","1,203,143,855",76.00,76.50,74.80,75.00,-2.60,"4,149",2382
104/05/13,"6,177,157","464,997,449",75.00,75.60,75.00,75.30,+0.30,"2,578",2382
104/05/14,"10,842,833","807,413,875",76.00,76.00,73.70,74.80,-0.50,"5,050",2382
104/05/15,"7,511,680","575,338,514",76.80,77.00,75.60,76.90,+2.10,"3,870",2382
104/05/18,"4,531,390","349,476,001",76.90,77.60,75.80,77.50,+0.60,"2,535",2382
104/05/19,"4,556,256","355,492,927",78.00,78.30,77.10,78.00,+0.50,"2,197",2382
104/05/20,"3,964,057","308,710,814",78.30,78.30,77.60,77.70,-0.30,"2,184",2382
104/05/21,"5,073,693","390,445,754",77.10,78.20,76.00,78.20,+0.50,"2,717",2382
104/05/22,"5,578,844","437,449,660",77.80,79.00,77.60,78.40,+0.20,"3,278",2382
104/05/25,"4,776,758","376,100,698",78.50,79.00,78.50,78.80,+0.40,"2,120",2382
104/05/26,"2,927,594","230,857,640",79.30,79.40,78.70,78.80, 0.00,"1,339",2382
104/05/27,"4,066,768","317,050,343",78.30,78.30,77.80,77.80,-1.00,"2,326",2382
104/05/28,"5,762,575","446,820,103",78.10,78.30,77.20,77.40,-0.40,"3,015",2382
104/05/29,"7,224,700","561,492,908",77.40,78.00,77.30,77.90,+0.50,"1,663",2382
104/06/01,"5,809,435","445,022,127",77.30,77.40,76.10,76.30,-1.60,"2,913",2382
104/06/02,"8,852,841","666,940,969",76.10,76.10,74.80,74.80,-1.50,"4,176",2382
104/06/03,"5,403,648","407,940,121",75.50,76.20,75.00,75.00,+0.20,"3,060",2382
104/06/04,"6,700,009","498,628,762",74.80,75.10,73.80,73.90,-1.10,"3,540",2382
104/06/05,"5,597,010","414,002,340",73.80,75.00,73.60,73.80,-0.10,"2,245",2382
104/06/08,"6,435,137","472,188,997",73.30,74.00,72.80,73.80, 0.00,"2,924",2382
104/06/09,"6,840,850","499,908,350",73.30,73.70,72.80,72.80,-1.00,"2,350",2382
104/06/10,"6,784,404","489,309,221",72.70,73.00,71.40,71.40,-1.40,"3,569",2382
104/06/11,"4,754,151","341,685,334",72.80,72.80,71.00,71.60,+0.20,"2,926",2382
104/06/12,"4,114,233","293,153,303",71.50,72.00,71.00,71.10,-0.50,"2,219",2382
104/06/15,"4,257,604","302,753,139",71.30,71.80,70.70,70.90,-0.20,"2,152",2382
104/06/16,"6,435,986","452,321,409",70.90,71.00,70.00,70.50,-0.40,"2,687",2382
104/06/17,"6,736,847","472,060,393",71.00,71.00,69.50,70.00,-0.50,"3,831",2382
104/06/18,"8,622,758","607,715,618",70.10,71.00,70.00,70.40,+0.40,"2,410",2382
104/06/22,"6,189,600","444,872,569",70.70,72.20,70.70,71.50,+1.10,"2,814",2382
104/06/23,"8,016,764","578,368,608",72.00,72.50,71.30,72.00,+0.50,"2,353",2382
104/06/24,"5,279,635","379,972,011",72.50,72.70,71.50,71.90,-0.10,"1,692",2382
104/06/25,"6,125,595","441,573,755",72.00,72.50,71.70,72.20,+0.30,"2,680",2382
104/06/26,"3,708,012","268,077,563",72.80,72.80,72.00,72.30,+0.10,"1,958",2382
104/06/29,"4,694,282","335,860,614",72.00,72.30,71.20,71.40,-0.90,"2,315",2382
104/06/30,"4,967,611","358,602,403",71.40,73.00,71.30,73.00,+1.60,"2,509",2382
104/07/01,"2,869,529","206,632,249",71.90,72.30,71.30,72.10,-0.90,"1,817",2382
104/07/02,"5,456,827","390,062,544",71.50,72.00,71.00,72.00,-0.10,"2,992",2382
104/07/03,"11,703,760","821,984,531",71.30,71.40,69.50,70.90,-1.10,"5,744",2382
104/07/06,"4,498,962","320,190,896",70.20,71.50,70.20,71.00,+0.10,"2,896",2382
104/07/07,"3,588,612","254,741,958",71.10,71.50,70.70,70.90,-0.10,"1,865",2382
104/07/08,"12,822,893","865,456,326",70.00,70.40,65.60,65.60,-5.30,"6,154",2382
104/07/09,"8,147,907","527,779,875",65.00,65.90,63.80,65.90,+0.30,"3,564",2382
104/07/13,"5,690,403","383,513,355",67.90,67.90,66.90,67.60,+1.70,"3,558",2382
104/07/14,"10,711,762","735,174,954",68.00,69.20,67.60,68.20,+0.60,"3,574",2382
104/07/15,"8,569,166","573,234,422",68.90,68.90,66.00,67.40,-0.80,"4,430",2382
104/07/16,"3,854,000","259,313,199",67.90,68.10,66.70,67.00,-0.40,"2,001",2382
104/07/17,"7,716,160","508,550,512",67.00,67.20,65.10,66.00,-1.00,"4,327",2382
104/07/20,"3,376,354","224,242,675",66.90,67.00,66.00,66.80,+0.80,"2,288",2382
104/07/21,"7,658,948","505,905,229",66.70,67.10,65.30,66.00,-0.80,"3,720",2382
104/07/22,"7,766,701","513,082,149",65.80,66.70,65.50,66.70,+0.70,"3,413",2382
104/07/23,"8,390,438","554,017,525",66.20,66.70,65.50,65.70,-1.00,"3,939",2382
104/07/24,"5,944,002","385,334,423",66.00,66.10,64.20,65.00,-0.70,"3,302",2382
104/07/27,"11,856,262","750,419,468",64.80,65.00,62.80,63.40,-1.60,"5,838",2382
104/07/28,"9,473,509","613,685,471",63.40,65.70,63.40,64.80,+1.40,"4,670",2382
104/07/29,"6,802,838","418,598,103",61.50,62.00,60.60,62.00,X0.00,"3,697",2382
104/07/30,"6,373,946","392,497,652",61.10,62.00,61.00,61.50,-0.50,"2,707",2382
104/07/31,"6,712,451","410,949,868",61.80,61.80,60.60,61.00,-0.50,"2,728",2382
104/08/03,"7,736,001","465,667,655",60.50,61.20,59.00,61.20,+0.20,"4,034",2382
104/08/04,"4,636,032","285,474,464",62.00,62.00,60.70,62.00,+0.80,"2,818",2382
104/08/05,"5,060,151","309,790,512",62.00,62.00,60.80,61.20,-0.80,"2,740",2382
104/08/06,"5,348,279","317,919,119",60.80,61.00,58.60,59.40,-1.80,"2,829",2382
104/08/07,"3,744,176","220,332,684",58.90,59.30,58.40,58.40,-1.00,"2,467",2382
104/08/10,"3,894,989","230,246,451",58.40,59.60,58.40,58.80,+0.40,"2,434",2382
104/08/11,"7,665,915","452,570,704",59.80,60.30,58.10,58.10,-0.70,"4,112",2382
104/08/12,"9,269,560","522,764,537",56.50,57.20,55.70,57.00,-1.10,"4,006",2382
104/08/13,"7,863,628","454,932,747",56.10,59.80,56.10,59.80,+2.80,"4,310",2382
104/08/14,"4,449,344","259,017,791",58.70,58.70,57.70,58.30,-1.50,"2,833",2382
104/08/17,"6,464,144","375,131,852",58.00,58.40,57.70,58.00,-0.30,"3,684",2382
104/08/18,"6,161,704","356,556,832",57.80,58.40,57.50,57.80,-0.20,"3,170",2382
104/08/19,"6,452,345","360,904,909",57.10,57.60,55.20,55.50,-2.30,"3,623",2382
104/08/20,"8,300,743","452,581,083",55.00,56.00,53.70,54.90,-0.60,"3,830",2382
104/08/21,"8,100,491","438,267,856",54.40,55.00,53.10,54.20,-0.70,"3,739",2382
104/08/24,"10,565,301","566,278,426",53.00,54.90,52.10,53.60,-0.60,"5,206",2382
104/08/25,"8,614,432","467,307,634",53.50,56.10,51.80,55.20,+1.60,"3,921",2382
104/08/26,"6,059,658","333,852,745",55.10,56.50,53.20,55.80,+0.60,"2,875",2382
104/08/27,"9,143,420","510,940,229",56.50,56.50,55.40,56.00,+0.20,"4,167",2382
104/08/28,"6,826,052","396,952,568",58.20,59.30,57.00,58.60,+2.60,"3,821",2382
104/08/31,"7,336,299","432,890,377",58.60,59.80,57.20,59.80,+1.20,"2,664",2382
104/09/01,"6,434,199","384,708,317",59.50,60.40,59.10,59.80, 0.00,"3,176",2382
104/09/02,"4,967,971","295,134,369",59.30,59.80,58.50,59.50,-0.30,"2,379",2382
104/09/03,"3,119,748","183,618,832",59.50,59.50,58.60,59.00,-0.50,"1,978",2382
104/09/04,"3,063,474","180,825,666",58.60,59.60,58.60,59.00, 0.00,"1,744",2382
104/09/07,"3,884,754","228,602,454",59.00,59.60,58.60,58.70,-0.30,"1,642",2382
104/09/08,"3,863,162","226,352,047",59.50,59.50,58.10,58.60,-0.10,"1,620",2382
104/09/09,"6,292,506","381,815,557",60.00,61.50,59.50,60.80,+2.20,"3,099",2382
104/09/10,"5,126,224","312,946,397",60.80,62.50,59.90,62.50,+1.70,"2,909",2382
104/09/11,"4,218,428","261,062,316",62.00,62.20,61.50,61.50,-1.00,"2,463",2382
104/09/14,"4,281,745","263,274,514",62.00,62.00,61.10,61.50, 0.00,"2,254",2382
104/09/15,"2,439,894","149,481,834",62.00,62.00,61.00,61.00,-0.50,"1,672",2382
104/09/16,"4,013,629","247,370,452",61.50,62.00,61.10,61.60,+0.60,"2,664",2382
104/09/17,"6,065,490","375,844,380",62.00,62.70,61.30,61.90,+0.30,"3,831",2382
104/09/18,"4,921,508","307,217,247",62.00,62.90,61.30,62.90,+1.00,"2,729",2382
104/09/21,"4,826,101","292,338,119",62.00,62.00,60.10,60.10,-2.80,"2,751",2382
104/09/22,"2,841,201","171,998,972",60.70,60.90,60.20,60.60,+0.50,"1,830",2382
104/09/23,"6,459,209","376,693,142",59.90,59.90,57.50,58.10,-2.50,"3,673",2382
104/09/24,"3,391,606","195,656,968",58.50,58.80,57.30,57.50,-0.60,"1,726",2382
104/09/25,"3,218,460","183,910,485",57.80,57.90,56.80,57.10,-0.40,"1,579",2382
104/09/30,"9,372,097","532,830,208",55.70,57.50,55.60,57.10, 0.00,"3,778",2382
104/10/01,"9,387,371","535,955,471",57.20,57.40,56.50,57.00,-0.10,"3,627",2382
104/10/02,"8,538,538","487,146,821",57.50,57.50,56.90,57.00, 0.00,"3,209",2382
104/10/05,"5,204,011","298,273,720",57.30,57.60,57.00,57.20,+0.20,"2,571",2382
104/10/06,"8,444,453","486,533,601",57.80,58.40,57.10,57.10,-0.10,"3,115",2382
104/10/07,"9,078,033","519,107,694",56.90,57.70,56.90,57.20,+0.10,"3,634",2382
104/10/08,"12,227,560","702,863,607",57.20,57.90,56.90,57.60,+0.40,"5,047",2382
104/10/12,"13,275,012","774,323,295",58.20,58.80,57.80,58.60,+1.00,"6,043",2382
104/10/13,"7,756,403","451,586,486",58.60,58.60,57.90,58.20,-0.40,"4,298",2382
104/10/14,"6,790,579","396,461,869",58.50,58.70,58.00,58.50,+0.30,"3,255",2382
104/10/15,"7,136,406","417,144,646",58.80,59.00,58.10,58.50, 0.00,"3,249",2382
104/10/16,"7,310,260","425,295,740",59.10,59.10,57.80,58.20,-0.30,"3,085",2382
104/10/19,"4,675,660","269,593,245",58.30,58.40,57.30,57.40,-0.80,"2,429",2382
104/10/20,"7,418,311","417,792,913",57.20,57.30,55.90,56.20,-1.20,"4,221",2382
104/10/21,"4,595,751","259,558,326",56.40,56.80,56.20,56.50,+0.30,"2,646",2382
104/10/22,"6,286,627","359,707,336",56.50,57.80,56.50,57.80,+1.30,"2,966",2382
104/10/23,"9,433,113","540,793,441",58.50,58.70,56.80,56.80,-1.00,"4,092",2382
104/10/26,"6,506,288","374,184,945",57.50,58.00,57.20,57.40,+0.60,"2,800",2382
104/10/27,"4,670,349","266,405,407",57.90,57.90,56.70,57.10,-0.30,"1,986",2382
104/10/28,"4,622,709","262,136,768",57.10,57.10,56.40,56.80,-0.30,"2,156",2382
104/10/29,"6,927,277","387,894,312",57.00,57.10,55.60,55.60,-1.20,"3,334",2382
104/10/30,"5,750,656","320,032,836",55.90,56.00,55.50,55.50,-0.10,"2,773",2382
104/11/02,"5,929,800","329,669,577",55.50,55.90,55.40,55.80,+0.30,"1,919",2382
104/11/03,"6,971,286","395,978,702",56.20,57.20,56.20,57.00,+1.20,"3,126",2382
104/11/04,"9,521,208","546,792,192",57.50,57.80,56.80,57.50,+0.50,"3,915",2382
104/11/05,"3,967,629","227,251,935",57.50,57.50,57.10,57.10,-0.40,"1,973",2382
104/11/06,"6,063,790","340,584,112",57.00,57.10,55.60,56.00,-1.10,"2,516",2382
104/11/09,"3,065,483","170,734,391",55.90,56.50,55.50,55.90,-0.10,"1,642",2382
104/11/10,"5,699,186","314,541,928",55.60,55.60,54.90,55.20,-0.70,"2,395",2382
104/11/11,"7,486,671","402,341,196",55.10,55.20,53.00,53.50,-1.70,"4,804",2382
104/11/12,"5,585,013","301,804,203",54.00,54.50,53.80,54.20,+0.70,"3,462",2382
104/11/13,"9,827,766","523,914,079",54.00,54.00,52.50,53.30,-0.90,"4,948",2382
104/11/16,"6,411,500","339,989,596",53.40,53.50,52.30,53.00,-0.30,"3,111",2382
104/11/17,"4,635,453","250,542,103",54.20,54.40,53.80,53.90,+0.90,"2,076",2382
104/11/18,"5,736,667","304,030,051",54.00,54.10,52.60,52.60,-1.30,"3,254",2382
104/11/19,"6,346,630","337,447,987",53.00,53.80,52.80,53.80,+1.20,"3,145",2382
104/11/20,"4,029,016","214,646,150",53.80,53.90,52.80,52.80,-1.00,"2,046",2382
104/11/23,"4,379,896","233,024,399",53.40,53.70,52.90,53.60,+0.80,"2,101",2382
104/11/24,"3,011,110","159,406,300",53.60,53.60,52.60,52.60,-1.00,"1,609",2382
104/11/25,"5,037,026","262,341,136",52.50,52.80,51.50,52.00,-0.60,"2,165",2382
104/11/26,"4,532,941","237,723,703",52.80,53.40,52.00,52.10,+0.10,"2,801",2382
104/11/27,"4,255,017","221,862,090",52.40,52.50,52.00,52.10, 0.00,"2,002",2382
104/11/30,"13,964,029","710,338,390",51.30,51.30,50.50,51.00,-1.10,"4,830",2382
104/12/01,"8,151,931","423,086,373",51.50,52.60,50.90,52.60,+1.60,"4,479",2382
104/12/02,"14,785,363","803,460,942",53.10,55.60,53.10,55.10,+2.50,"6,274",2382
104/12/03,"9,442,015","518,257,215",54.60,55.50,53.90,55.00,-0.10,"4,673",2382
104/12/04,"13,510,824","759,348,027",54.50,57.40,54.30,56.60,+1.60,"7,140",2382
104/12/07,"8,074,671","455,507,100",57.00,57.10,56.10,56.30,-0.30,"4,219",2382
104/12/08,"7,221,146","398,741,935",55.40,55.90,55.00,55.10,-1.20,"3,967",2382
104/12/09,"9,440,889","510,028,806",54.70,54.80,53.50,53.50,-1.60,"3,764",2382
104/12/10,"9,923,042","535,113,310",53.30,55.00,53.00,55.00,+1.50,"3,663",2382
104/12/11,"12,328,622","652,673,266",54.20,54.70,52.50,52.50,-2.50,"5,507",2382
104/12/14,"5,061,401","261,200,202",51.90,52.00,51.30,51.60,-0.90,"3,164",2382
104/12/15,"6,539,960","341,554,948",52.60,52.70,51.70,52.10,+0.50,"3,893",2382
104/12/16,"8,286,690","432,810,432",53.00,53.00,51.60,51.80,-0.30,"3,938",2382
104/12/17,"7,276,914","388,397,646",52.20,54.20,52.10,53.50,+1.70,"4,069",2382
104/12/18,"4,305,347","229,647,857",53.00,54.10,52.50,53.30,-0.20,"1,834",2382
104/12/21,"2,905,410","155,530,052",52.60,53.80,52.60,53.80,+0.50,"1,870",2382
104/12/22,"3,955,408","209,287,036",53.70,53.90,52.60,52.90,-0.90,"2,053",2382
104/12/23,"2,084,119","111,199,804",53.30,53.60,53.00,53.50,+0.60,"1,288",2382
104/12/24,"1,697,529","90,761,091",54.00,54.00,53.00,53.00,-0.50,929,2382
104/12/25,"1,217,190","64,636,906",53.00,53.50,52.90,53.40,+0.40,642,2382
104/12/28,"1,692,602","90,159,538",53.60,53.70,53.10,53.10,-0.30,872,2382
104/12/29,"2,328,223","123,612,938",53.10,53.60,52.50,53.10, 0.00,"1,132",2382
104/12/30,"3,424,091","180,440,484",53.10,53.40,52.50,52.70,-0.40,"1,844",2382
104/12/31,"2,055,770","108,932,575",53.00,53.20,52.70,53.00,+0.30,712,2382
105/01/04,"5,670,035","289,585,883",53.00,53.00,50.50,50.60,-2.40,"3,766",2382
105/01/05,"4,590,324","233,015,624",50.70,51.50,50.40,50.40,-0.20,"3,216",2382
105/01/06,"11,483,744","574,675,187",50.80,50.90,49.75,49.75,-0.65,"3,456",2382
105/01/07,"9,157,786","446,332,014",49.50,49.75,48.00,48.75,-1.00,"5,200",2382
105/01/08,"9,496,840","476,342,641",49.95,50.60,49.15,50.30,+1.55,"3,622",2382
105/01/11,"6,605,753","327,741,870",49.80,50.50,48.05,50.20,-0.10,"3,429",2382
105/01/12,"5,752,478","287,246,130",50.20,51.00,49.25,50.40,+0.20,"3,237",2382
105/01/13,"3,075,188","154,853,591",50.50,50.80,49.85,50.70,+0.30,"1,580",2382
105/01/14,"5,044,922","253,564,816",49.50,50.70,49.25,50.70, 0.00,"2,259",2382
105/01/15,"9,313,744","463,800,500",50.30,50.50,49.10,49.90,-0.80,"3,768",2382
105/01/18,"6,473,633","318,571,007",48.90,49.90,48.80,49.30,-0.60,"3,235",2382
105/01/19,"4,105,238","203,055,029",49.35,49.80,49.25,49.25,-0.05,"2,477",2382
105/01/20,"9,355,612","450,137,554",49.00,49.05,47.35,48.55,-0.70,"4,616",2382
105/01/21,"5,154,003","249,232,691",48.90,48.95,47.70,47.70,-0.85,"2,585",2382
105/01/22,"3,206,195","155,553,792",48.50,48.95,48.00,48.60,+0.90,"1,917",2382
105/01/25,"5,521,362","278,832,892",49.45,51.00,49.05,51.00,+2.40,"2,975",2382
105/01/26,"4,930,780","244,723,756",50.10,50.40,49.20,49.95,-1.05,"2,888",2382
105/01/27,"2,969,168","148,434,614",50.10,50.30,49.75,49.90,-0.05,"1,159",2382
105/01/28,"7,975,037","406,612,888",50.20,51.70,50.00,51.20,+1.30,"3,131",2382
105/01/29,"10,881,946","565,731,043",50.60,53.00,50.40,52.70,+1.50,"4,017",2382
105/01/30,"1,791,930","95,438,655",53.40,53.50,52.90,53.30,+0.60,"1,050",2382
105/02/01,"8,456,494","452,991,822",53.40,53.70,53.30,53.70,+0.40,"2,637",2382
105/02/02,"4,887,069","264,459,945",53.70,54.40,53.30,54.40,+0.70,"2,924",2382
105/02/03,"5,186,069","274,093,540",53.00,53.70,52.30,52.60,-1.80,"2,775",2382
105/02/15,"5,671,731","302,421,948",52.30,54.00,51.70,53.90,+1.30,"3,720",2382
105/02/16,"4,971,390","266,725,511",53.00,54.00,52.90,54.00,+0.10,"2,879",2382
105/02/17,"3,952,921","213,951,881",54.10,54.50,53.50,54.50,+0.50,"2,228",2382
105/02/18,"3,887,556","214,254,080",55.00,55.40,54.60,55.30,+0.80,"1,999",2382
105/02/19,"3,716,826","205,946,337",55.30,55.80,54.70,55.80,+0.50,"2,269",2382
105/02/22,"3,179,725","178,358,110",56.20,56.50,55.50,56.30,+0.50,"1,763",2382
105/02/23,"3,943,579","218,418,931",56.50,56.50,54.80,55.10,-1.20,"2,348",2382
105/02/24,"2,927,765","161,461,279",55.10,55.70,54.80,55.60,+0.50,"1,591",2382
105/02/25,"3,283,579","181,889,956",55.70,55.70,54.80,55.50,-0.10,"2,028",2382
105/02/26,"5,172,408","289,542,801",55.90,56.20,55.50,56.20,+0.70,"2,205",2382
105/03/01,"5,721,083","322,601,578",54.90,56.90,54.90,56.50,+0.30,"3,083",2382
105/03/02,"4,351,115","248,138,103",57.00,57.40,56.70,56.70,+0.20,"2,257",2382
105/03/03,"7,287,014","417,079,698",57.00,57.60,56.70,57.50,+0.80,"3,804",2382
105/03/04,"4,299,818","244,629,936",57.50,57.50,56.50,56.90,-0.60,"2,722",2382
105/03/07,"7,220,041","413,126,337",57.40,57.80,56.60,56.90, 0.00,"3,868",2382
105/03/08,"6,500,660","370,220,947",57.10,57.20,56.30,57.20,+0.30,"3,500",2382
105/03/09,"3,796,448","216,500,719",57.10,57.20,56.60,57.20, 0.00,"1,902",2382
105/03/10,"2,740,598","156,086,836",57.20,57.40,56.60,57.10,-0.10,"1,718",2382
105/03/11,"5,750,867","328,496,968",57.10,57.40,56.70,57.40,+0.30,"2,529",2382
105/03/14,"4,345,512","250,045,635",57.50,57.80,57.30,57.70,+0.30,"2,274",2382
105/03/15,"4,916,152","284,240,122",58.00,58.20,57.40,57.70, 0.00,"2,446",2382
105/03/16,"3,218,170","186,151,572",58.10,58.10,57.50,57.80,+0.10,"1,837",2382
105/03/17,"5,769,338","339,206,929",58.20,59.00,58.00,59.00,+1.20,"2,962",2382
105/03/18,"8,488,796","506,292,887",59.10,59.90,59.10,59.60,+0.60,"3,656",2382
105/03/21,"8,590,352","507,648,191",60.00,60.00,58.60,59.20,-0.40,"3,556",2382
105/03/22,"4,882,600","288,200,855",59.50,59.60,58.50,59.10,-0.10,"2,009",2382
105/03/23,"4,493,777","261,199,966",58.40,58.90,57.50,58.00,-1.10,"2,142",2382
105/03/24,"4,744,399","274,236,319",58.00,58.90,57.40,57.70,-0.30,"2,108",2382
105/03/25,"4,013,492","228,604,240",57.80,58.20,56.30,56.60,-1.10,"1,837",2382
105/03/28,"3,225,425","181,880,862",56.50,56.70,56.20,56.40,-0.20,"1,566",2382
105/03/29,"4,086,799","229,644,798",56.50,57.20,55.50,55.50,-0.90,"1,993",2382
105/03/30,"5,869,658","333,536,354",56.00,57.30,55.90,56.90,+1.40,"2,637",2382
105/03/31,"8,405,233","473,506,637",57.30,57.50,55.70,56.20,-0.70,"3,393",2382
105/04/01,"7,647,682","427,736,333",55.60,56.70,55.60,56.00,-0.20,"3,447",2382
105/04/06,"9,423,509","518,693,611",55.00,55.50,54.60,55.20,-0.80,"3,301",2382
105/04/07,"5,693,654","311,951,098",55.00,55.30,54.30,55.00,-0.20,"2,152",2382
105/04/08,"8,076,691","449,142,915",55.30,56.60,55.20,55.50,+0.50,"2,696",2382
105/04/11,"6,665,215","370,166,631",56.00,56.00,55.20,55.50, 0.00,"2,481",2382
105/04/12,"6,155,668","343,009,570",55.90,56.10,55.30,55.50, 0.00,"2,605",2382
105/04/13,"4,301,867","241,283,059",55.90,56.60,55.60,56.00,+0.50,"2,050",2382
105/04/14,"5,172,472","290,043,332",56.90,56.90,55.80,55.90,-0.10,"2,349",2382
105/04/15,"4,667,694","259,677,443",55.80,56.00,54.90,55.30,-0.60,"1,777",2382
105/04/18,"4,347,225","240,742,262",55.30,55.70,55.10,55.30, 0.00,"1,854",2382
105/04/19,"6,595,835","369,119,698",55.60,56.50,55.60,56.00,+0.70,"2,359",2382
105/04/20,"6,132,277","337,429,572",56.40,56.40,54.10,54.50,-1.50,"3,870",2382
105/04/21,"3,555,858","194,715,711",54.60,55.30,54.50,54.70,+0.20,"2,226",2382
105/04/22,"2,301,876","125,235,962",54.80,54.80,54.20,54.20,-0.50,"1,541",2382
105/04/25,"1,603,694","87,467,619",54.20,54.80,54.10,54.50,+0.30,863,2382
105/04/26,"3,925,294","216,189,032",54.60,55.30,54.60,54.90,+0.40,"1,659",2382
105/04/27,"4,314,925","239,069,034",55.00,55.80,54.70,55.50,+0.60,"1,998",2382
105/04/28,"7,739,580","420,573,129",55.60,55.70,53.70,54.00,-1.50,"3,787",2382
105/04/29,"6,364,400","333,675,893",54.00,54.00,52.00,52.00,-2.00,"3,500",2382
105/05/03,"6,089,866","318,451,985",51.90,52.80,51.50,52.50,+0.50,"2,600",2382
105/05/04,"8,542,128","438,977,209",52.40,52.40,50.40,51.20,-1.30,"3,819",2382
105/05/05,"6,408,566","323,780,216",51.00,51.00,49.95,50.80,-0.40,"3,286",2382
105/05/06,"4,484,078","227,680,098",50.50,51.40,50.20,51.00,+0.20,"2,565",2382
105/05/09,"2,790,205","141,434,755",51.20,51.40,50.30,50.60,-0.40,"1,818",2382
105/05/10,"3,714,323","190,047,625",50.50,51.80,50.50,51.40,+0.80,"2,225",2382
105/05/11,"8,931,595","470,162,102",52.00,53.40,51.70,53.30,+1.90,"4,596",2382
105/05/12,"7,317,638","392,276,201",52.60,54.40,52.60,54.40,+1.10,"3,593",2382
105/05/13,"10,630,336","578,172,974",53.50,55.00,53.50,54.40, 0.00,"4,810",2382
105/05/16,"4,161,820","225,883,747",54.40,54.80,53.50,54.70,+0.30,"2,752",2382
105/05/17,"5,709,295","311,847,125",54.60,55.40,53.50,55.40,+0.70,"2,965",2382
105/05/18,"8,456,169","468,740,689",54.70,56.00,54.20,55.90,+0.50,"4,579",2382
105/05/19,"4,268,189","234,764,427",55.50,55.60,54.60,55.10,-0.80,"2,397",2382
105/05/20,"3,142,934","172,589,302",55.20,55.80,54.60,54.70,-0.40,"2,000",2382
105/05/23,"6,934,533","386,419,497",54.50,56.40,53.70,56.30,+1.60,"3,410",2382
105/05/24,"4,291,918","244,015,939",56.10,57.20,55.70,57.10,+0.80,"2,717",2382
105/05/25,"4,610,228","262,275,598",57.30,57.30,56.30,56.90,-0.20,"2,784",2382
105/05/26,"2,239,629","127,944,753",57.20,57.40,56.50,57.30,+0.40,"1,389",2382
105/05/27,"2,332,001","133,414,248",57.60,57.90,56.60,57.20,-0.10,"1,564",2382
105/05/30,"4,011,490","231,276,864",57.50,58.30,56.80,57.90,+0.70,"2,484",2382
105/05/31,"9,381,884","544,035,496",57.50,58.40,57.50,58.00,+0.10,"2,102",2382
105/06/01,"7,761,540","451,601,220",57.50,58.60,57.50,58.00, 0.00,"3,464",2382
105/06/02,"7,388,466","427,775,484",57.20,58.50,57.20,58.00, 0.00,"3,421",2382
105/06/03,"2,385,060","138,294,066",58.40,58.40,57.70,58.00, 0.00,"1,386",2382
105/06/04,"259,125","14,944,096",58.00,58.00,57.50,57.60,-0.40,210,2382
105/06/06,"3,313,643","191,452,176",58.20,58.40,57.00,57.50,-0.10,"1,473",2382
105/06/07,"5,164,320","299,389,158",58.00,58.30,57.60,58.00,+0.50,"2,731",2382
105/06/08,"7,148,724","414,901,342",58.00,58.40,57.90,58.00, 0.00,"3,513",2382
105/06/13,"7,112,531","412,038,534",58.00,58.10,57.70,58.00, 0.00,"3,697",2382
105/06/14,"4,354,897","252,313,829",57.90,58.00,57.60,58.00, 0.00,"2,028",2382
105/06/15,"6,303,970","366,080,666",58.00,58.60,57.80,58.00, 0.00,"3,985",2382
105/06/16,"7,092,935","415,922,516",58.70,59.40,58.00,58.50,+0.50,"2,874",2382
105/06/17,"7,900,253","464,500,240",59.00,59.30,58.20,58.90,+0.40,"2,429",2382
105/06/20,"9,659,204","570,903,558",59.80,59.80,58.80,59.10,+0.20,"3,294",2382
105/06/21,"7,525,636","444,638,490",59.30,59.40,58.90,59.10, 0.00,"3,396",2382
105/06/22,"10,916,059","644,815,789",59.00,59.40,58.80,59.40,+0.30,"3,275",2382
105/06/23,"9,591,530","570,976,530",59.50,60.20,59.30,60.20,+0.80,"2,944",2382
105/06/24,"10,152,167","600,018,480",60.30,60.30,58.00,59.20,-1.00,"4,260",2382
105/06/27,"4,065,345","240,063,713",59.00,59.40,58.50,59.10,-0.10,"1,767",2382
105/06/28,"5,185,358","306,246,723",58.50,59.30,58.40,59.30,+0.20,"2,162",2382
105/06/29,"6,354,622","381,163,192",60.10,60.20,59.60,60.10,+0.80,"2,416",2382
105/06/30,"11,808,400","711,971,534",60.50,61.00,59.40,61.00,+0.90,"4,137",2382
105/07/01,"7,551,826","465,001,712",61.10,62.10,60.80,62.10,+1.10,"4,059",2382
105/07/04,"5,859,701","364,989,187",62.00,62.80,61.20,62.20,+0.10,"3,470",2382
105/07/05,"3,991,839","246,938,010",62.00,62.20,61.40,61.50,-0.70,"2,712",2382
105/07/06,"6,396,296","384,005,536",61.00,61.40,59.50,59.50,-2.00,"4,120",2382
105/07/07,"7,234,655","445,427,709",60.30,62.00,60.30,61.60,+2.10,"4,047",2382
105/07/11,"7,484,635","469,842,751",62.80,63.50,62.20,62.80,+1.20,"3,724",2382
105/07/12,"6,958,639","431,781,044",60.50,62.80,60.50,62.30,-0.50,"3,677",2382
105/07/13,"12,536,687","808,444,855",63.50,65.40,62.90,65.40,+3.10,"6,271",2382
105/07/14,"8,408,463","535,795,180",65.00,65.00,63.10,63.80,-1.60,"4,822",2382
105/07/15,"6,984,756","449,876,699",64.00,64.80,63.90,64.40,+0.60,"3,560",2382
105/07/18,"11,495,333","762,964,878",65.30,67.00,65.30,66.50,+2.10,"5,471",2382
105/07/19,"8,326,419","553,353,950",66.50,66.90,65.80,66.70,+0.20,"5,668",2382
105/07/20,"10,294,042","680,553,772",65.70,66.70,65.50,66.40,-0.30,"4,777",2382
105/07/21,"11,298,447","767,019,396",66.80,69.00,66.60,68.00,+1.60,"5,085",2382
105/07/22,"9,440,416","625,877,562",67.40,67.60,65.70,65.80,-2.20,"6,688",2382
105/07/25,"8,681,734","562,643,678",66.20,66.90,63.70,65.00,-0.80,"4,646",2382
105/07/26,"11,126,020","716,276,084",64.70,65.00,63.90,64.70,-0.30,"5,215",2382
105/07/27,"5,618,963","364,158,596",65.00,65.50,64.50,64.80,+0.10,"2,331",2382
105/07/28,"6,916,471","447,590,215",64.50,65.10,64.10,65.00,+0.20,"3,671",2382
105/07/29,"11,260,306","731,995,790",65.10,65.60,64.60,64.90,-0.10,"3,577",2382
105/08/01,"14,273,492","863,832,905",60.80,61.10,60.10,60.40,X0.00,"4,911",2382
105/08/02,"5,673,980","343,298,881",60.10,60.80,60.10,60.50,+0.10,"2,849",2382
105/08/03,"7,272,251","430,944,309",60.00,60.00,58.80,58.80,-1.70,"3,802",2382
105/08/04,"6,501,404","381,796,742",59.00,59.20,58.50,58.80, 0.00,"3,438",2382
105/08/05,"6,376,223","375,661,106",58.90,59.20,58.60,58.80, 0.00,"2,718",2382
105/08/08,"8,069,224","476,391,027",59.10,59.20,58.80,59.10,+0.30,"2,740",2382
105/08/09,"5,549,694","329,684,018",59.20,59.60,59.20,59.40,+0.30,"2,641",2382
105/08/10,"11,759,431","694,607,534",59.60,59.70,58.70,59.00,-0.40,"3,679",2382
105/08/11,"6,122,187","360,653,610",59.50,59.60,58.10,59.00, 0.00,"2,514",2382
105/08/12,"6,462,938","381,529,530",59.00,59.20,58.70,59.00, 0.00,"3,274",2382
105/08/15,"12,128,582","729,677,585",59.50,60.80,59.30,60.60,+1.60,"5,366",2382
105/08/16,"13,102,418","807,586,399",60.90,61.90,60.80,61.70,+1.10,"4,501",2382
105/08/17,"7,266,250","450,404,095",61.80,62.30,61.70,62.00,+0.30,"3,746",2382
105/08/18,"3,386,976","209,418,023",62.30,62.30,61.40,61.90,-0.10,"1,887",2382
105/08/19,"3,191,344","195,594,839",62.20,62.20,60.80,61.30,-0.60,"1,586",2382
105/08/22,"5,158,165","310,410,735",60.60,61.20,59.80,60.00,-1.30,"2,355",2382
105/08/23,"7,814,891","471,192,823",60.00,61.30,59.80,60.70,+0.70,"3,372",2382
105/08/24,"3,815,785","229,939,952",60.20,60.80,59.90,60.50,-0.20,"2,609",2382
105/08/25,"5,939,983","367,331,246",60.70,62.40,60.60,62.30,+1.80,"2,921",2382
105/08/26,"2,467,219","151,864,160",61.60,62.10,61.20,61.50,-0.80,"1,374",2382
105/08/29,"4,166,040","252,206,520",61.10,61.40,59.60,60.80,-0.70,"2,155",2382
105/08/30,"4,136,063","250,658,100",61.30,61.30,60.10,60.30,-0.50,"2,009",2382
105/08/31,"11,957,702","705,505,366",60.00,60.10,58.70,58.70,-1.60,"4,755",2382
105/09/01,"8,704,421","506,191,206",58.70,59.10,57.50,58.80,+0.10,"4,175",2382
105/09/02,"5,222,539","311,174,980",59.00,60.00,59.00,60.00,+1.20,"2,805",2382
105/09/05,"3,123,942","189,501,607",60.90,61.50,60.30,60.30,+0.30,"1,703",2382
105/09/06,"9,948,375","612,992,064",60.80,62.00,60.80,62.00,+1.70,"4,627",2382
105/09/07,"6,111,754","378,733,390",62.00,62.30,61.60,62.00, 0.00,"2,792",2382
105/09/08,"10,650,666","666,404,092",62.50,63.20,62.40,62.50,+0.50,"4,193",2382
105/09/09,"5,844,878","362,002,696",61.60,62.20,61.60,62.00,-0.50,"1,547",2382
105/09/10,"2,602,180","156,785,332",60.50,61.10,59.70,59.90,-2.10,"1,403",2382
105/09/12,"4,902,473","292,273,825",59.40,60.10,59.30,59.60,-0.30,"2,419",2382
105/09/13,"7,137,754","430,004,253",60.00,60.90,59.70,59.90,+0.30,"3,112",2382
105/09/14,"6,733,961","402,040,480",59.70,60.40,59.30,59.30,-0.60,"2,555",2382
105/09/19,"19,087,278","1,210,407,236",61.50,64.60,61.10,62.70,+3.40,"7,822",2382
105/09/20,"15,884,169","1,018,886,583",63.20,65.10,63.00,64.30,+1.60,"6,171",2382
105/09/21,"20,749,222","1,380,828,067",65.30,68.30,65.30,66.40,+2.10,"9,196",2382
105/09/22,"11,938,726","794,374,029",67.30,68.00,65.40,66.00,-0.40,"6,926",2382
105/09/23,"7,348,398","487,939,559",66.50,66.90,65.80,66.80,+0.80,"4,650",2382
105/09/26,"3,973,614","262,896,724",66.80,66.80,66.00,66.00,-0.80,"2,379",2382
105/09/29,"12,744,781","857,112,871",67.00,68.00,66.50,67.40,+1.40,"7,581",2382
105/09/30,"8,820,445","578,581,190",66.60,67.00,64.50,65.40,-2.00,"4,513",2382
105/10/03,"3,871,944","257,115,304",66.20,66.70,65.90,66.10,+0.70,"2,777",2382
105/10/04,"6,995,394","460,180,602",66.00,66.50,65.50,65.80,-0.30,"4,026",2382
105/10/05,"5,856,375","387,502,750",65.80,66.50,65.80,66.40,+0.60,"3,895",2382
105/10/06,"5,020,572","332,313,257",66.20,66.70,65.80,66.30,-0.10,"2,992",2382
105/10/07,"8,909,271","596,299,067",66.70,67.20,66.50,66.80,+0.50,"5,837",2382
105/10/11,"7,031,080","467,668,403",67.50,67.60,65.80,66.40,-0.40,"3,809",2382
105/10/12,"3,748,294","247,568,683",66.00,66.40,65.50,66.10,-0.30,"2,480",2382
105/10/13,"7,224,362","471,499,156",66.20,66.50,64.60,65.10,-1.00,"3,988",2382
105/10/14,"4,987,013","321,003,832",65.00,65.00,63.90,64.30,-0.80,"2,188",2382
105/10/17,"5,797,413","380,534,758",64.10,66.80,64.00,66.50,+2.20,"3,183",2382
105/10/18,"3,527,954","232,363,164",66.80,66.80,65.40,66.00,-0.50,"2,044",2382
105/10/19,"5,342,039","352,166,765",66.10,66.50,65.50,66.00, 0.00,"3,169",2382
105/10/20,"2,744,700","179,212,900",65.70,66.00,65.00,65.00,-1.00,"1,931",2382
105/10/21,"5,148,019","337,867,349",65.00,66.00,64.60,65.90,+0.90,"2,146",2382
105/10/24,"3,332,380","217,779,855",65.90,66.10,65.10,65.30,-0.60,"2,092",2382
105/10/25,"5,567,008","367,427,919",65.70,66.30,65.40,66.20,+0.90,"2,559",2382
105/10/26,"5,139,505","340,899,532",66.50,66.50,65.80,66.50,+0.30,"2,448",2382
105/10/27,"5,638,282","365,912,030",66.40,66.40,64.50,64.50,-2.00,"3,605",2382
105/10/28,"2,949,416","190,642,230",64.70,65.10,64.20,64.90,+0.40,"1,536",2382
105/10/31,"4,312,643","276,271,677",64.00,64.90,63.40,64.00,-0.90,"2,364",2382
105/11/01,"2,840,433","183,904,981",63.70,65.10,63.70,64.80,+0.80,"1,657",2382
105/11/02,"2,528,968","161,650,451",64.10,64.40,63.70,63.80,-1.00,"1,496",2382
105/11/03,"3,443,477","218,515,651",63.80,64.30,62.90,62.90,-0.90,"2,090",2382
105/11/04,"3,791,179","236,298,429",62.90,63.00,61.50,62.20,-0.70,"2,218",2382
105/11/07,"2,623,380","167,036,673",63.20,64.20,62.50,63.90,+1.70,"1,834",2382
105/11/08,"3,720,962","239,639,656",65.20,65.40,63.90,64.00,+0.10,"2,482",2382
105/11/09,"7,717,358","482,607,654",65.00,65.40,61.30,61.60,-2.40,"4,400",2382
105/11/10,"4,259,752","267,863,940",62.80,63.30,62.40,62.70,+1.10,"2,153",2382
105/11/11,"10,355,937","609,026,896",60.10,60.50,57.80,58.00,-4.70,"6,108",2382
105/11/14,"9,448,790","546,463,953",58.00,58.30,57.50,57.70,-0.30,"4,641",2382
105/11/15,"6,633,764","384,170,881",57.50,58.20,57.50,58.00,+0.30,"3,375",2382
105/11/16,"7,454,470","435,729,833",58.20,59.00,58.00,58.30,+0.30,"4,370",2382
105/11/17,"5,152,570","298,934,369",58.20,58.30,57.70,58.00,-0.30,"3,005",2382
105/11/18,"5,891,100","345,115,300",58.10,59.00,58.00,58.70,+0.70,"3,544",2382
105/11/21,"5,976,430","346,082,373",58.70,58.80,57.40,58.00,-0.70,"3,227",2382
105/11/22,"8,900,868","526,783,772",58.20,59.80,58.20,58.80,+0.80,"4,538",2382
105/11/23,"4,848,891","287,698,652",59.10,59.60,58.80,59.30,+0.50,"2,611",2382
105/11/24,"1,799,583","105,695,230",59.30,59.40,58.40,58.50,-0.80,"1,281",2382
105/11/25,"1,696,531","99,650,349",58.50,59.00,58.50,58.60,+0.10,"1,065",2382
105/11/28,"4,991,264","295,168,440",58.60,59.40,58.60,59.10,+0.50,"3,063",2382
105/11/29,"6,852,149","404,310,338",59.10,59.30,58.70,58.70,-0.40,"3,398",2382
105/11/30,"11,197,328","662,977,775",58.60,59.40,58.60,59.40,+0.70,"2,690",2382
105/12/01,"8,488,959","500,726,381",59.00,59.30,58.80,59.00,-0.40,"2,433",2382
105/12/02,"4,481,505","264,424,095",59.30,59.30,58.60,59.00, 0.00,"2,538",2382
105/12/05,"2,507,185","147,600,554",58.90,59.10,58.60,58.80,-0.20,"1,368",2382
105/12/06,"2,785,981","164,465,575",59.40,59.40,58.60,58.70,-0.10,"1,480",2382
105/12/07,"2,688,449","158,997,376",59.00,59.30,58.90,59.20,+0.50,"1,691",2382
105/12/08,"4,646,804","274,887,791",59.50,59.50,59.00,59.20, 0.00,"2,930",2382
105/12/09,"4,969,031","296,792,534",59.20,60.20,59.20,59.50,+0.30,"2,346",2382
105/12/12,"6,503,533","393,105,197",60.10,61.00,59.80,60.80,+1.30,"2,635",2382
105/12/13,"6,986,084","421,061,649",60.20,60.60,59.80,60.50,-0.30,"2,459",2382
105/12/14,"7,356,155","449,523,116",61.50,61.50,60.90,61.00,+0.50,"3,764",2382
105/12/15,"4,635,853","282,596,271",60.70,61.20,60.60,61.00, 0.00,"1,725",2382
105/12/16,"13,514,825","816,459,929",61.00,61.00,59.30,59.50,-1.50,"2,787",2382
105/12/19,"2,588,084","154,092,696",60.00,60.00,59.30,59.70,+0.20,"1,272",2382
105/12/20,"4,120,146","244,068,768",59.60,60.10,58.80,59.40,-0.30,"2,469",2382
105/12/21,"3,024,585","179,127,515",59.30,59.70,59.00,59.00,-0.40,"1,712",2382
105/12/22,"5,002,386","294,665,931",58.90,59.50,58.50,58.90,-0.10,"2,893",2382
105/12/23,"4,267,035","249,417,844",58.50,58.90,58.30,58.40,-0.50,"2,518",2382
105/12/26,"1,443,691","84,861,669",58.50,59.00,58.50,59.00,+0.60,"1,087",2382
105/12/27,"1,158,478","68,185,546",59.00,59.20,58.60,59.10,+0.10,876,2382
105/12/28,"2,728,605","163,203,112",59.20,60.10,59.00,60.10,+1.00,"1,788",2382
105/12/29,"3,735,163","223,355,694",60.00,60.10,59.60,59.70,-0.40,"2,106",2382
105/12/30,"3,179,278","190,951,619",60.20,60.30,59.60,60.30,+0.60,"1,712",2382
106/01/03,"3,453,237","207,766,720",60.40,60.80,59.90,60.00,-0.30,"2,056",2382
106/01/04,"9,128,734","548,010,888",60.10,60.60,59.90,60.00, 0.00,"1,743",2382
106/01/05,"10,064,829","606,282,568",60.30,60.70,59.90,60.00, 0.00,"2,548",2382
106/01/06,"7,916,383","477,161,980",60.50,60.60,60.00,60.40,+0.40,"5,643",2382
106/01/09,"4,438,540","272,238,993",60.40,61.70,60.40,61.60,+1.20,"2,632",2382
106/01/10,"4,981,411","306,283,789",61.60,61.70,60.90,61.50,-0.10,"2,255",2382
106/01/11,"6,833,263","430,787,131",62.50,63.50,62.50,63.00,+1.50,"3,460",2382
106/01/12,"9,304,507","590,359,488",63.30,63.60,63.00,63.50,+0.50,"2,570",2382
106/01/13,"5,777,185","367,479,358",63.50,64.00,63.00,64.00,+0.50,"2,483",2382
106/01/16,"4,334,737","274,508,747",64.00,64.00,63.00,63.50,-0.50,"2,272",2382
106/01/17,"5,420,481","344,405,991",63.70,63.90,63.30,63.60,+0.10,"2,030",2382
106/01/18,"5,391,656","343,725,187",63.50,64.20,63.10,63.50,-0.10,"2,322",2382
106/01/19,"4,960,261","316,640,620",63.10,64.10,62.70,64.00,+0.50,"2,513",2382
106/01/20,"3,526,008","223,092,997",63.20,63.80,63.00,63.30,-0.70,"1,341",2382
106/01/23,"12,436,891","788,597,968",63.50,63.60,63.40,63.50,+0.20,"1,519",2382
106/01/24,"6,526,300","414,710,479",63.40,64.00,63.40,63.60,+0.10,"2,775",2382
106/02/02,"10,780,332","679,953,976",64.00,64.00,61.80,63.30,-0.30,"4,272",2382
106/02/03,"6,300,682","393,360,249",63.00,63.20,62.00,62.40,-0.90,"3,227",2382
106/02/06,"5,447,064","340,460,195",62.40,62.80,62.00,62.50,+0.10,"2,486",2382
106/02/07,"5,728,852","355,559,624",62.10,62.50,61.80,62.00,-0.50,"2,559",2382
106/02/08,"9,295,457","568,270,561",61.80,62.00,60.80,61.10,-0.90,"3,631",2382
106/02/09,"11,477,816","706,337,579",61.50,61.70,61.20,61.50,+0.40,"4,838",2382
106/02/10,"10,937,011","691,194,184",61.70,63.60,61.70,63.40,+1.90,"4,721",2382
106/02/13,"8,026,589","511,871,500",63.70,64.00,63.10,63.70,+0.30,"3,771",2382
106/02/14,"8,294,031","530,380,065",63.70,64.10,63.60,63.90,+0.20,"3,443",2382
106/02/15,"9,523,045","609,595,596",64.10,64.10,63.60,64.00,+0.10,"4,083",2382
106/02/16,"8,466,300","542,609,832",64.10,64.40,63.80,64.10,+0.10,"4,128",2382
106/02/17,"4,141,295","262,141,885",63.60,63.60,63.00,63.20,-0.90,"2,300",2382
106/02/18,"1,460,601","92,424,518",63.10,63.70,63.10,63.40,+0.20,812,2382
106/02/20,"5,432,127","342,860,020",63.20,63.60,62.90,62.90,-0.50,"2,641",2382
106/02/21,"3,943,268","244,759,816",62.80,62.90,61.70,62.00,-0.90,"2,591",2382
106/02/22,"6,242,830","387,425,632",62.80,62.80,61.80,61.90,-0.10,"2,298",2382
106/02/23,"8,986,673","567,381,509",61.90,63.80,61.90,63.80,+1.90,"3,697",2382
106/02/24,"7,191,166","458,576,998",63.30,64.20,62.40,63.70,-0.10,"3,470",2382
106/03/01,"5,894,073","370,554,463",62.70,63.60,62.50,62.50,-1.20,"3,490",2382
106/03/02,"10,639,997","678,588,427",62.80,64.50,62.80,64.10,+1.60,"5,208",2382
106/03/03,"6,215,606","396,422,757",63.60,64.10,62.90,64.00,-0.10,"2,989",2382
106/03/06,"1,887,279","120,649,421",63.40,64.10,63.40,64.00, 0.00,"1,091",2382
106/03/07,"4,821,467","312,439,317",64.00,65.00,64.00,64.90,+0.90,"2,657",2382
106/03/08,"3,285,325","210,302,118",64.90,64.90,63.70,63.90,-1.00,"1,898",2382
106/03/09,"4,696,263","297,991,072",63.60,64.10,62.70,63.80,-0.10,"2,953",2382
106/03/10,"3,354,184","214,907,388",63.60,64.50,63.20,64.30,+0.50,"1,866",2382
106/03/13,"3,141,830","203,265,994",64.60,64.90,64.30,64.90,+0.60,"1,687",2382
106/03/14,"5,614,807","368,921,813",64.90,66.00,64.70,66.00,+1.10,"3,134",2382
106/03/15,"3,870,688","254,333,301",66.00,66.00,65.00,66.00, 0.00,"1,926",2382
106/03/16,"5,527,407","365,665,202",65.90,66.80,65.70,66.20,+0.20,"2,942",2382
106/03/17,"4,750,317","314,151,074",66.20,66.70,65.80,66.20, 0.00,"1,700",2382
106/03/20,"2,957,215","194,035,254",65.50,65.80,65.40,65.70,-0.50,"1,223",2382
106/03/21,"8,275,656","549,309,279",66.00,66.70,65.70,66.60,+0.90,"3,484",2382
106/03/22,"6,842,484","444,922,748",66.00,66.10,64.70,64.90,-1.70,"3,533",2382
106/03/23,"2,643,208","172,027,635",64.50,65.40,64.50,65.40,+0.50,"1,508",2382
106/03/24,"2,802,001","183,313,062",65.40,65.70,65.00,65.40, 0.00,"1,333",2382
106/03/27,"3,605,869","236,919,516",64.60,66.20,64.60,66.00,+0.60,"2,089",2382
106/03/28,"5,338,158","351,267,223",66.40,66.40,65.00,66.00, 0.00,"2,667",2382
106/03/29,"15,365,606","967,297,528",64.60,64.80,62.50,62.50,-3.50,"7,352",2382
106/03/30,"8,725,064","541,549,868",62.90,62.90,61.80,61.90,-0.60,"4,306",2382
106/03/31,"7,673,478","475,325,838",62.00,62.40,61.70,61.70,-0.20,"3,257",2382
106/04/05,"8,302,221","517,395,523",61.80,63.00,61.80,63.00,+1.30,"4,280",2382
106/04/06,"7,931,123","495,159,721",62.70,62.90,62.20,62.50,-0.50,"2,962",2382
106/04/07,"10,546,658","650,495,324",62.00,62.50,61.00,62.50, 0.00,"4,028",2382
106/04/10,"5,885,498","372,575,515",62.80,63.80,62.70,63.60,+1.10,"2,823",2382
106/04/11,"7,179,051","453,426,229",63.20,63.50,62.60,63.10,-0.50,"3,520",2382
106/04/12,"6,320,100","398,773,574",62.90,63.40,62.80,63.10, 0.00,"2,026",2382
106/04/13,"4,316,497","274,329,055",63.10,63.70,63.10,63.50,+0.40,"2,368",2382
106/04/14,"2,200,543","138,988,409",63.00,63.40,62.80,63.20,-0.30,"1,016",2382
106/04/17,"1,935,767","122,514,746",62.90,63.60,62.40,63.60,+0.40,950,2382
106/04/18,"6,881,506","433,367,920",63.90,63.90,62.60,62.80,-0.80,"2,660",2382
106/04/19,"6,554,461","408,034,559",62.10,62.90,62.00,62.40,-0.40,"3,271",2382
106/04/20,"3,710,326","230,013,072",62.10,62.60,61.70,61.90,-0.50,"1,539",2382
106/04/21,"2,792,272","173,665,378",61.90,62.50,61.90,62.00,+0.10,"1,178",2382
106/04/24,"2,361,594","149,326,449",62.90,63.40,62.90,63.40,+1.40,"1,235",2382
106/04/25,"6,212,593","396,687,181",63.80,64.20,63.40,64.20,+0.80,"2,745",2382
106/04/26,"8,517,563","534,497,453",63.70,63.80,62.10,62.10,-2.10,"4,338",2382
106/04/27,"4,960,573","308,055,726",62.10,62.60,61.90,62.00,-0.10,"2,183",2382
106/04/28,"3,093,645","192,473,807",62.00,62.50,62.00,62.50,+0.50,"1,602",2382
106/05/02,"5,327,601","336,330,738",62.80,63.60,62.30,62.80,+0.30,"2,981",2382
106/05/03,"2,287,173","144,511,123",63.20,63.50,62.90,63.50,+0.70,"1,327",2382
106/05/04,"2,784,663","175,563,469",63.60,63.60,62.90,63.00,-0.50,"1,652",2382
106/05/05,"1,437,688","90,821,505",62.90,63.50,62.90,63.10,+0.10,922,2382
106/05/08,"2,761,011","174,539,285",63.60,63.60,63.00,63.20,+0.10,"1,188",2382
106/05/09,"4,605,679","290,118,059",63.30,63.50,62.80,62.80,-0.40,"1,748",2382
106/05/10,"3,353,903","212,971,541",63.30,63.70,63.20,63.70,+0.90,"1,763",2382
106/05/11,"3,894,291","246,443,253",63.50,63.50,63.00,63.10,-0.60,"1,835",2382
106/05/12,"5,224,823","328,880,225",63.10,63.40,62.70,63.10, 0.00,"2,996",2382
106/05/15,"5,645,162","361,331,932",63.00,64.80,63.00,64.80,+1.70,"3,239",2382
106/05/16,"7,617,457","492,029,222",64.80,64.80,64.40,64.70,-0.10,"4,148",2382
106/05/17,"5,313,310","341,048,758",65.00,65.00,63.80,64.10,-0.60,"2,411",2382
106/05/18,"6,475,542","412,066,915",64.00,64.00,63.50,63.60,-0.50,"1,951",2382
106/05/19,"3,375,364","214,218,612",63.60,63.90,63.30,63.50,-0.10,"1,283",2382
106/05/22,"6,778,710","438,059,399",64.80,64.90,64.20,64.60,+1.10,"2,919",2382
106/05/23,"4,724,390","303,426,131",64.20,64.50,63.90,64.20,-0.40,"2,460",2382
106/05/24,"9,154,007","600,705,752",64.60,66.50,64.20,65.80,+1.60,"4,559",2382
106/05/25,"9,758,452","650,852,188",66.00,67.30,66.00,66.90,+1.10,"4,299",2382
106/05/26,"18,379,640","1,262,440,427",68.20,70.00,67.50,68.00,+1.10,"7,596",2382
106/05/31,"17,570,716","1,212,733,721",70.00,70.20,68.00,68.80,+0.80,"6,991",2382
106/06/01,"7,772,721","537,908,650",68.60,70.00,68.20,68.20,-0.60,"3,634",2382
106/06/02,"10,914,579","741,786,687",68.50,69.00,67.20,68.00,-0.20,"4,992",2382
106/06/03,"1,264,158","86,198,404",68.00,68.70,67.90,67.90,-0.10,536,2382
106/06/05,"6,908,795","467,646,332",68.00,68.50,67.50,67.60,-0.30,"3,580",2382
106/06/06,"10,245,476","684,740,493",67.50,67.70,66.50,66.60,-1.00,"5,612",2382
106/06/07,"18,480,662","1,257,822,156",67.20,68.60,67.20,68.20,+1.60,"7,252",2382
106/06/08,"7,308,204","500,899,072",68.50,69.00,68.00,68.20, 0.00,"3,969",2382
106/06/09,"12,674,734","886,910,420",68.50,70.50,68.50,70.20,+2.00,"5,851",2382
106/06/12,"7,326,190","513,081,045",69.90,70.30,69.20,70.10,-0.10,"3,643",2382
106/06/13,"7,504,472","525,155,687",70.00,70.10,69.40,69.80,-0.30,"3,164",2382
106/06/14,"3,921,717","273,648,913",70.00,70.30,69.40,69.60,-0.20,"2,677",2382
106/06/15,"4,902,924","339,264,467",69.60,69.80,68.60,68.90,-0.70,"1,877",2382
106/06/16,"7,516,577","525,750,244",68.10,70.50,68.10,69.90,+1.00,"2,667",2382
106/06/19,"10,905,592","795,490,408",69.90,74.60,69.70,73.30,+3.40,"5,673",2382
106/06/20,"5,937,059","432,785,743",73.60,74.00,72.20,73.00,-0.30,"2,717",2382
106/06/21,"8,602,274","623,347,682",72.60,72.90,71.70,72.80,-0.20,"3,254",2382
106/06/22,"4,389,974","316,401,816",72.70,73.40,71.70,71.80,-1.00,"2,413",2382
106/06/23,"2,916,793","209,872,639",72.10,72.20,71.50,72.00,+0.20,"1,161",2382
106/06/26,"4,898,836","357,049,458",72.30,73.30,72.30,73.10,+1.10,"2,439",2382
106/06/27,"6,518,263","472,249,829",73.30,73.40,72.10,72.50,-0.60,"3,072",2382
106/06/28,"7,721,156","554,595,011",72.00,72.30,71.50,72.20,-0.30,"3,731",2382
106/06/29,"5,387,653","390,594,321",72.90,72.90,72.20,72.60,+0.40,"1,975",2382
106/06/30,"5,254,550","378,330,299",72.10,72.40,71.60,72.00,-0.60,"2,109",2382
106/07/03,"4,441,158","316,354,055",71.60,71.80,70.40,71.80,-0.20,"2,646",2382
106/07/04,"9,100,918","645,159,989",71.50,71.70,70.60,70.70,-1.10,"4,366",2382
106/07/05,"5,302,412","378,682,104",70.70,71.90,70.70,71.80,+1.10,"2,529",2382
106/07/06,"5,255,561","376,551,938",71.80,72.00,70.90,71.60,-0.20,"3,038",2382
106/07/07,"9,336,068","671,254,640",71.90,72.10,71.00,71.80,+0.20,"2,695",2382
106/07/10,"3,849,597","277,207,596",71.50,72.20,71.50,72.00,+0.20,"1,873",2382
106/07/11,"10,566,659","766,370,628",72.00,72.80,72.00,72.80,+0.80,"2,851",2382
106/07/12,"6,295,041","459,175,860",73.10,73.50,72.30,72.50,-0.30,"2,562",2382
106/07/13,"5,874,423","432,965,755",73.00,74.00,73.00,73.90,+1.40,"2,675",2382
106/07/14,"4,101,069","302,832,368",74.00,74.20,73.40,73.80,-0.10,"1,608",2382
106/07/17,"4,279,244","317,125,792",73.80,74.60,73.80,74.00,+0.20,"2,256",2382
106/07/18,"2,974,656","219,982,070",74.10,74.20,73.80,74.20,+0.20,"1,187",2382
106/07/19,"3,608,923","269,204,361",74.30,74.80,74.30,74.70,+0.50,"1,937",2382
106/07/20,"7,397,855","551,666,433",75.00,75.00,74.40,74.40,-0.30,"2,343",2382
106/07/21,"6,962,975","530,760,586",74.40,77.30,74.30,76.20,+1.80,"3,689",2382
106/07/24,"9,298,459","718,869,278",76.40,78.00,76.40,77.50,+1.30,"3,846",2382
106/07/25,"11,201,607","883,371,253",78.00,79.40,78.00,79.20,+1.70,"4,510",2382
106/07/26,"16,529,260","1,295,086,782",79.90,80.00,77.00,77.10,-2.10,"4,617",2382
106/07/27,"7,797,288","604,561,174",77.40,78.50,77.00,77.40,+0.30,"3,502",2382
106/07/28,"11,814,762","913,669,804",77.40,77.90,77.00,77.30,-0.10,"4,224",2382
106/07/31,"16,082,639","1,159,905,871",74.00,74.10,71.60,71.60,X0.00,"4,981",2382
106/08/01,"11,584,587","846,566,726",72.00,74.30,72.00,72.90,+1.30,"5,624",2382
106/08/02,"7,829,055","580,933,095",74.10,74.80,73.60,74.80,+1.90,"3,910",2382
106/08/03,"5,314,470","397,208,399",74.50,75.30,74.00,75.00,+0.20,"2,842",2382
106/08/04,"9,383,803","713,418,001",75.70,76.40,75.30,75.90,+0.90,"4,325",2382
106/08/07,"5,522,840","419,820,758",76.60,77.10,75.50,75.90, 0.00,"2,929",2382
106/08/08,"4,370,524","332,585,412",76.50,76.50,75.50,76.20,+0.30,"2,405",2382
106/08/09,"7,706,715","586,907,138",75.60,76.70,75.50,76.00,-0.20,"2,707",2382
106/08/10,"8,786,144","665,602,578",76.20,77.00,74.80,75.70,-0.30,"3,587",2382
106/08/11,"22,700,396","1,630,972,644",71.10,72.40,70.50,72.00,-3.70,"6,945",2382
106/08/14,"12,551,626","886,369,773",72.50,72.60,69.10,69.90,-2.10,"5,239",2382
106/08/15,"5,806,483","412,633,293",70.60,71.60,70.60,71.20,+1.30,"2,366",2382
106/08/16,"9,988,672","699,347,840",70.60,70.60,69.60,70.00,-1.20,"4,645",2382
106/08/17,"6,340,141","444,268,870",70.00,70.40,69.80,70.00, 0.00,"2,710",2382
106/08/18,"6,805,395","470,587,605",69.60,69.80,68.70,69.40,-0.60,"2,908",2382
106/08/21,"3,572,280","247,708,280",69.10,69.80,68.90,69.60,+0.20,"2,257",2382
106/08/22,"4,693,240","328,023,120",69.70,70.30,69.40,70.00,+0.40,"1,871",2382
106/08/23,"4,583,904","318,383,445",70.00,70.10,69.00,69.10,-0.90,"1,993",2382
106/08/24,"4,144,057","286,748,526",69.00,69.80,68.80,69.00,-0.10,"2,383",2382
106/08/25,"13,781,148","945,911,690",69.00,69.50,68.40,68.60,-0.40,"3,627",2382
106/08/28,"6,213,536","433,931,458",69.00,70.30,68.90,70.10,+1.50,"3,211",2382
106/08/29,"9,937,733","680,780,721",70.00,70.00,68.20,68.30,-1.80,"5,194",2382
106/08/30,"8,035,134","551,529,024",68.50,69.00,68.20,68.80,+0.50,"2,899",2382
106/08/31,"8,258,002","568,119,419",69.10,69.20,68.60,68.70,-0.10,"3,997",2382
106/09/01,"3,439,789","237,040,996",68.80,69.00,68.70,68.70, 0.00,"1,928",2382
106/09/04,"2,901,645","200,008,666",68.90,69.20,68.60,68.80,+0.10,"1,581",2382
106/09/05,"6,037,440","414,610,048",69.20,69.20,68.50,68.80, 0.00,"2,232",2382
106/09/06,"5,951,303","407,350,514",68.50,68.80,68.00,68.00,-0.80,"2,286",2382
106/09/07,"4,207,865","285,072,340",68.10,68.40,67.50,67.80,-0.20,"2,211",2382
106/09/08,"4,447,975","299,262,305",67.80,67.80,67.00,67.50,-0.30,"2,304",2382
106/09/11,"3,333,494","225,542,836",67.90,67.90,67.50,67.70,+0.20,"2,053",2382
106/09/12,"3,003,709","205,156,312",68.10,68.70,67.80,68.30,+0.60,"1,772",2382
106/09/13,"12,459,782","871,252,623",69.00,70.80,68.70,70.40,+2.10,"5,737",2382
106/09/14,"7,443,885","521,546,850",70.40,70.80,69.00,70.00,-0.40,"3,744",2382
106/09/15,"10,514,420","726,189,392",69.20,70.20,68.80,68.80,-1.20,"2,876",2382
106/09/18,"7,259,569","504,012,985",69.50,69.90,68.90,69.60,+0.80,"4,106",2382
106/09/19,"13,863,909","986,405,971",69.80,72.20,69.70,71.40,+1.80,"6,085",2382
106/09/20,"11,835,207","843,094,298",71.40,72.10,70.20,71.70,+0.30,"5,122",2382
106/09/21,"11,739,043","850,410,013",70.30,73.70,70.30,73.10,+1.40,"5,950",2382
106/09/22,"8,351,456","595,643,018",73.00,73.10,70.80,70.80,-2.30,"4,281",2382
106/09/25,"8,456,160","581,873,453",70.20,70.50,68.20,68.50,-2.30,"5,557",2382
106/09/26,"6,964,038","477,413,501",68.50,69.10,67.80,69.10,+0.60,"3,335",2382
106/09/27,"11,314,519","767,860,433",68.60,68.70,67.50,67.50,-1.60,"5,285",2382
106/09/28,"11,613,930","804,414,137",68.20,69.90,67.90,69.80,+2.30,"5,170",2382
106/09/29,"5,850,294","406,556,217",70.60,70.60,68.90,69.80, 0.00,"2,790",2382
106/09/30,"812,830","56,665,765",69.80,70.00,69.10,69.90,+0.10,462,2382
106/10/02,"3,556,877","249,439,590",69.50,70.80,69.50,70.20,+0.30,"1,715",2382
106/10/03,"3,544,912","247,676,893",70.00,70.30,69.30,70.20, 0.00,"1,617",2382
106/10/05,"2,370,581","165,833,128",69.50,70.30,69.50,69.80,-0.40,"1,270",2382
106/10/06,"5,483,152","379,061,237",69.20,69.60,68.60,69.30,-0.50,"2,462",2382
106/10/11,"8,909,504","614,103,385",68.40,69.40,68.30,69.00,-0.30,"3,512",2382
106/10/12,"4,652,133","323,091,996",69.50,69.80,69.00,69.60,+0.60,"2,689",2382
106/10/13,"1,992,244","137,743,146",69.60,69.70,68.90,69.10,-0.50,"1,283",2382
106/10/16,"17,482,550","1,270,611,056",70.50,74.00,70.50,74.00,+4.90,"8,034",2382
106/10/17,"7,396,325","544,004,553",74.40,74.40,72.80,72.90,-1.10,"3,902",2382
106/10/18,"6,764,071","487,153,912",73.80,73.80,71.50,72.30,-0.60,"4,099",2382
106/10/19,"5,485,909","402,838,153",72.90,74.60,72.40,73.20,+0.90,"2,976",2382
106/10/20,"6,575,047","473,322,251",72.20,72.70,71.70,71.70,-1.50,"2,575",2382
106/10/23,"1,930,274","139,254,838",71.70,72.50,71.70,72.10,+0.40,"1,128",2382
106/10/24,"3,771,462","269,941,010",72.80,72.80,71.00,71.30,-0.80,"1,858",2382
106/10/25,"3,340,018","238,666,251",71.70,71.80,71.10,71.30, 0.00,"1,455",2382
106/10/26,"1,851,885","131,838,835",71.30,71.40,71.10,71.20,-0.10,"1,185",2382
106/10/27,"3,127,558","221,605,389",71.30,71.30,70.30,70.90,-0.30,"1,574",2382
106/10/30,"3,336,387","236,402,677",71.30,71.60,70.50,70.50,-0.40,"1,783",2382
106/10/31,"3,990,492","283,508,375",70.40,71.80,70.10,71.00,+0.50,"1,969",2382
106/11/01,"3,759,937","266,292,233",71.00,71.00,70.60,70.80,-0.20,"2,198",2382
106/11/02,"8,536,907","611,912,826",70.80,72.70,70.80,72.10,+1.30,"2,316",2382
106/11/03,"5,764,256","418,342,394",71.90,73.10,71.70,73.10,+1.00,"2,829",2382
106/11/06,"4,406,841","318,803,315",72.80,72.90,71.70,72.30,-0.80,"1,714",2382
106/11/07,"5,078,436","365,793,214",72.20,72.90,71.80,72.00,-0.30,"1,975",2382
106/11/08,"4,822,905","346,041,601",72.00,72.20,71.60,71.60,-0.40,"2,045",2382
106/11/09,"3,752,629","270,405,818",71.60,72.30,71.50,72.30,+0.70,"1,732",2382
106/11/10,"2,471,693","177,311,013",72.40,72.40,71.30,71.90,-0.40,"1,344",2382
106/11/13,"2,897,254","208,584,629",72.40,72.80,71.40,71.40,-0.50,"1,420",2382
106/11/14,"5,527,924","397,051,278",71.20,72.40,70.90,72.30,+0.90,"1,753",2382
106/11/15,"41,936,359","2,762,590,285",68.60,68.70,65.10,65.30,-7.00,"16,318",2382
106/11/16,"13,600,997","892,411,797",65.10,66.30,64.00,66.20,+0.90,"6,167",2382
106/11/17,"10,333,784","681,243,544",66.50,66.50,65.50,65.90,-0.30,"4,282",2382
106/11/20,"8,099,111","534,586,676",66.50,66.60,65.30,66.10,+0.20,"4,527",2382
106/11/21,"8,671,871","575,848,727",66.10,66.90,66.00,66.20,+0.10,"3,963",2382
106/11/22,"10,574,645","708,068,515",66.40,67.60,66.30,66.80,+0.60,"4,881",2382
106/11/23,"9,802,692","645,869,100",66.80,66.80,65.30,65.40,-1.40,"4,950",2382
106/11/24,"11,220,229","736,591,693",65.40,66.30,65.20,65.20,-0.20,"4,071",2382
106/11/27,"5,849,596","380,170,265",65.20,65.70,64.70,64.70,-0.50,"3,214",2382
106/11/28,"3,002,375","194,945,075",65.00,65.40,64.70,64.70, 0.00,"1,496",2382
106/11/29,"8,719,803","557,833,645",64.80,64.90,63.60,63.60,-1.10,"3,642",2382
106/11/30,"25,874,600","1,597,300,740",62.20,62.60,61.00,61.50,-2.10,"7,440",2382
106/12/01,"20,653,404","1,273,615,179",61.70,62.10,61.10,62.10,+0.60,"6,627",2382
106/12/04,"10,428,491","643,652,633",62.10,62.10,61.30,61.40,-0.70,"3,909",2382
106/12/05,"9,366,204","571,893,641",61.40,61.50,60.80,60.80,-0.60,"4,958",2382
106/12/06,"14,852,998","891,404,165",60.80,61.40,59.20,59.30,-1.50,"5,430",2382
106/12/07,"7,253,381","435,397,760",59.90,60.20,59.60,59.70,+0.40,"3,120",2382
106/12/08,"12,770,480","762,500,838",59.70,60.10,59.50,59.80,+0.10,"3,351",2382
106/12/11,"6,692,426","403,558,070",59.90,60.60,59.90,60.10,+0.30,"2,496",2382
106/12/12,"7,734,510","471,168,252",60.50,61.50,60.30,61.10,+1.00,"3,384",2382
106/12/13,"6,913,797","424,073,827",61.40,61.80,60.70,61.40,+0.30,"3,038",2382
106/12/14,"8,934,465","557,833,807",61.80,63.00,61.40,62.20,+0.80,"3,953",2382
106/12/15,"7,738,578","475,218,859",62.20,62.20,61.20,61.30,-0.90,"2,607",2382
106/12/18,"3,473,218","212,213,654",61.50,61.50,60.80,61.00,-0.30,"1,832",2382
106/12/19,"3,928,033","239,360,596",61.10,61.60,60.70,60.70,-0.30,"1,900",2382
106/12/20,"2,780,391","170,945,642",61.00,62.00,61.00,62.00,+1.30,"1,617",2382
106/12/21,"3,482,277","213,431,402",62.10,62.10,61.00,61.00,-1.00,"1,710",2382
106/12/22,"2,887,362","177,431,760",61.40,61.60,61.20,61.50,+0.50,"1,391",2382
106/12/25,"964,343","59,344,390",61.70,61.70,61.30,61.40,-0.10,619,2382
106/12/26,"1,438,358","88,128,440",61.40,61.80,61.00,61.20,-0.20,689,2382
106/12/27,"1,354,622","83,158,081",61.30,61.60,61.20,61.30,+0.10,817,2382
106/12/28,"4,224,801","260,183,057",61.50,62.00,61.30,61.50,+0.20,"1,711",2382
106/12/29,"8,745,902","542,585,704",61.90,62.50,61.50,61.90,+0.40,"3,378",2382
107/01/02,"2,783,538","171,995,556",62.00,62.10,61.50,61.90, 0.00,"1,524",2382
107/01/03,"12,171,169","758,604,953",62.00,63.00,61.50,62.60,+0.70,"4,401",2382
107/01/04,"8,196,231","513,850,452",62.60,63.00,62.20,62.90,+0.30,"2,939",2382
107/01/05,"7,424,266","461,150,392",63.00,63.00,61.70,61.80,-1.10,"3,247",2382
107/01/08,"3,713,980","231,319,734",61.80,62.60,61.80,62.60,+0.80,"2,044",2382
107/01/09,"10,794,847","662,972,914",62.40,62.50,60.90,61.50,-1.10,"4,462",2382
107/01/10,"8,044,295","496,623,653",61.50,62.10,61.40,61.90,+0.40,"3,149",2382
107/01/11,"6,888,073","424,365,726",61.90,62.10,61.10,62.10,+0.20,"2,668",2382
107/01/12,"4,535,207","281,956,110",62.10,62.40,62.00,62.20,+0.10,"2,499",2382
107/01/15,"4,302,663","269,305,460",62.40,62.80,62.30,62.80,+0.60,"2,198",2382
107/01/16,"4,954,355","312,576,490",62.80,63.50,62.50,63.40,+0.60,"2,528",2382
107/01/17,"6,885,562","436,726,684",63.40,64.10,63.00,63.70,+0.30,"3,542",2382
107/01/18,"7,849,540","506,811,367",64.20,65.00,63.70,64.60,+0.90,"4,193",2382
107/01/19,"7,183,544","465,188,339",64.60,65.10,64.00,65.00,+0.40,"3,534",2382
107/01/22,"6,335,442","410,302,732",65.00,65.10,64.30,65.00, 0.00,"3,178",2382
107/01/23,"6,758,455","435,604,855",65.00,65.00,64.00,64.20,-0.80,"3,368",2382
107/01/24,"6,613,805","422,742,969",64.10,64.20,63.50,64.20, 0.00,"3,146",2382
107/01/25,"7,398,080","478,158,481",64.00,65.20,63.70,64.90,+0.70,"3,670",2382
107/01/26,"7,907,843","509,388,779",65.00,65.00,64.00,64.40,-0.50,"3,869",2382
107/01/29,"6,522,070","419,671,099",64.80,64.80,64.00,64.50,+0.10,"2,401",2382
107/01/30,"5,360,545","345,184,780",64.50,65.00,63.70,63.70,-0.80,"3,016",2382
107/01/31,"7,216,743","459,008,842",63.60,64.20,62.80,63.50,-0.20,"3,677",2382
107/02/01,"4,430,376","284,564,264",63.60,64.80,63.50,64.00,+0.50,"2,636",2382
107/02/02,"3,717,189","237,485,696",63.50,64.40,63.40,64.00, 0.00,"1,605",2382
107/02/05,"5,863,282","368,841,857",63.00,63.50,62.50,62.90,-1.10,"2,892",2382
107/02/06,"13,141,598","793,091,751",61.20,61.50,59.50,60.00,-2.90,"5,907",2382
107/02/07,"8,197,660","493,490,300",60.80,61.10,59.40,59.40,-0.60,"4,082",2382
107/02/08,"6,274,491","374,159,260",60.00,60.10,59.50,59.50,+0.10,"2,763",2382
107/02/09,"8,713,373","509,425,188",58.00,59.50,57.50,59.20,-0.30,"4,044",2382
107/02/12,"9,319,905","545,771,291",59.20,59.20,58.20,58.50,-0.70,"4,758",2382
107/02/21,"9,236,776","552,108,720",60.60,60.60,59.40,59.50,+1.00,"4,626",2382
107/02/22,"5,386,667","321,167,283",59.50,59.90,59.40,59.70,+0.20,"2,300",2382
107/02/23,"7,589,924","452,965,960",59.80,60.00,59.50,59.60,-0.10,"3,009",2382
107/02/26,"4,212,002","251,994,946",60.20,60.30,59.60,59.70,+0.10,"1,666",2382
107/02/27,"8,018,963","478,899,275",59.80,60.00,59.60,59.60,-0.10,"2,328",2382
107/03/01,"9,185,442","540,229,628",58.50,59.10,58.50,58.80,-0.80,"4,253",2382
107/03/02,"3,671,030","215,953,070",58.50,59.40,58.30,59.30,+0.50,"2,044",2382
107/03/05,"3,656,117","216,952,328",59.30,59.50,59.10,59.30, 0.00,"1,641",2382
107/03/06,"3,219,445","191,974,650",59.80,60.00,59.50,59.50,+0.20,"1,652",2382
107/03/07,"5,662,175","333,401,325",59.00,59.20,58.70,58.70,-0.80,"2,828",2382
107/03/08,"4,020,849","236,915,970",59.00,59.30,58.70,58.90,+0.20,"1,677",2382
107/03/09,"2,944,270","174,727,315",59.00,59.60,59.00,59.30,+0.40,"1,554",2382
107/03/12,"4,337,432","259,236,556",59.50,60.00,59.40,60.00,+0.70,"2,361",2382
107/03/13,"4,050,331","242,824,286",60.00,60.20,59.80,60.20,+0.20,"2,002",2382
107/03/14,"3,559,513","214,933,584",60.00,60.80,60.00,60.50,+0.30,"1,988",2382
107/03/15,"2,492,255","150,297,793",60.00,60.50,60.00,60.40,-0.10,"1,104",2382
107/03/16,"7,850,616","473,604,333",60.40,60.80,60.00,60.30,-0.10,"2,671",2382
107/03/19,"2,965,401","180,383,261",60.40,61.00,60.30,61.00,+0.70,"1,657",2382
107/03/20,"2,396,727","145,683,894",60.60,61.00,60.60,60.80,-0.20,"1,560",2382
107/03/21,"3,354,456","204,432,016",60.90,61.20,60.80,61.00,+0.20,"1,980",2382
107/03/22,"3,424,884","209,823,306",61.20,61.60,60.90,61.10,+0.10,"1,844",2382
107/03/23,"4,365,774","261,853,840",59.60,60.30,59.60,60.00,-1.10,"2,334",2382
107/03/26,"2,426,889","145,491,801",59.60,60.30,59.50,60.20,+0.20,"1,473",2382
107/03/27,"10,110,334","604,160,340",60.10,60.10,59.50,59.80,-0.40,"5,020",2382
107/03/28,"7,975,236","472,573,927",59.40,59.60,59.00,59.20,-0.60,"3,633",2382
107/03/29,"6,820,448","401,158,170",59.00,59.10,58.50,58.80,-0.40,"3,427",2382
107/03/30,"3,571,191","210,632,803",59.00,59.20,58.80,58.80, 0.00,"2,001",2382
107/03/31,"996,069","59,002,816",59.00,59.40,58.80,59.10,+0.30,737,2382
107/04/02,"2,509,689","148,131,183",59.10,59.30,58.90,59.00,-0.10,"1,311",2382
107/04/03,"6,079,271","355,164,900",58.50,58.70,58.30,58.30,-0.70,"3,165",2382
107/04/09,"6,047,812","350,406,011",58.00,58.40,57.50,58.00,-0.30,"3,167",2382
107/04/10,"5,668,601","327,392,258",57.60,58.00,57.60,57.70,-0.30,"2,929",2382
107/04/11,"5,553,371","321,651,266",58.00,58.40,57.50,57.50,-0.20,"2,871",2382
107/04/12,"9,200,144","524,565,936",57.60,57.70,56.60,56.80,-0.70,"5,087",2382
107/04/13,"10,894,249","613,535,478",56.80,56.80,56.10,56.10,-0.70,"4,572",2382
107/04/16,"11,097,799","613,164,408",56.00,56.10,55.00,55.10,-1.00,"6,779",2382
107/04/17,"13,820,134","747,006,036",55.00,55.00,53.80,53.80,-1.30,"7,640",2382
107/04/18,"12,443,134","665,304,265",53.70,54.40,53.00,53.20,-0.60,"6,574",2382
107/04/19,"8,146,567","444,912,470",53.50,54.90,53.50,54.90,+1.70,"4,024",2382
107/04/20,"9,086,170","492,745,635",54.90,54.90,54.00,54.00,-0.90,"3,484",2382
107/04/23,"6,113,329","330,832,806",54.10,54.60,53.90,54.10,+0.10,"2,463",2382
107/04/24,"5,863,563","318,980,386",54.20,54.80,53.60,54.30,+0.20,"3,224",2382
107/04/25,"3,276,823","177,792,548",54.00,54.40,53.90,54.20,-0.10,"1,646",2382
107/04/26,"3,542,319","192,391,182",54.30,54.70,54.10,54.10,-0.10,"2,183",2382
107/04/27,"4,905,619","266,082,799",54.40,54.80,54.00,54.00,-0.10,"2,510",2382
107/04/30,"7,477,744","404,442,169",54.50,54.50,53.80,54.10,+0.10,"2,518",2382
107/05/02,"7,304,571","394,203,334",54.10,54.50,53.60,53.60,-0.50,"3,508",2382
107/05/03,"10,122,134","535,983,702",53.50,53.50,52.60,52.70,-0.90,"5,659",2382
107/05/04,"9,035,040","476,012,520",52.50,53.10,52.30,52.80,+0.10,"3,101",2382
107/05/07,"3,353,534","178,196,998",53.10,53.50,52.80,53.10,+0.30,"1,966",2382
107/05/08,"6,892,100","364,498,596",53.10,53.10,52.70,52.80,-0.30,"2,806",2382
107/05/09,"11,352,813","594,906,048",52.60,52.70,52.20,52.40,-0.40,"3,993",2382
107/05/10,"5,849,061","309,193,731",52.50,53.10,52.40,52.90,+0.50,"2,716",2382
107/05/11,"6,297,627","334,792,771",53.00,53.40,53.00,53.10,+0.20,"2,674",2382
107/05/14,"17,435,546","904,535,290",53.10,53.10,51.10,52.10,-1.00,"6,977",2382
107/05/15,"9,557,515","497,729,383",52.00,52.90,51.50,52.50,+0.40,"4,207",2382
107/05/16,"6,713,081","351,583,771",52.60,52.60,52.10,52.60,+0.10,"2,696",2382
107/05/17,"7,758,055","411,669,913",52.80,53.30,52.70,52.90,+0.30,"3,245",2382
107/05/18,"6,113,523","322,069,753",53.00,53.10,52.50,52.60,-0.30,"3,269",2382
107/05/21,"6,268,907","332,048,771",52.60,53.20,52.60,52.90,+0.30,"2,249",2382
107/05/22,"14,228,448","778,943,911",53.50,55.40,53.50,55.00,+2.10,"6,805",2382
107/05/23,"12,458,222","667,877,664",54.80,54.80,53.00,53.00,-2.00,"6,341",2382
107/05/24,"4,233,233","226,372,127",53.50,53.80,53.20,53.50,+0.50,"1,796",2382
107/05/25,"7,286,722","388,697,135",53.40,53.50,53.10,53.40,-0.10,"2,179",2382
107/05/28,"8,191,701","440,352,167",53.80,54.50,53.40,53.60,+0.20,"3,693",2382
107/05/29,"3,804,761","204,979,794",53.90,54.10,53.60,53.90,+0.30,"2,046",2382
107/05/30,"7,937,270","424,477,160",53.60,53.80,53.20,53.40,-0.50,"3,262",2382
107/05/31,"13,893,910","738,937,985",53.70,53.70,53.00,53.00,-0.40,"3,740",2382
107/06/01,"16,769,129","918,958,185",53.70,55.30,53.50,55.10,+2.10,"7,275",2382
107/06/04,"23,243,287","1,315,020,342",55.90,57.50,55.90,57.50,+2.40,"9,465",2382
107/06/05,"10,394,541","592,950,237",57.80,57.80,56.50,57.00,-0.50,"5,787",2382
107/06/06,"8,806,635","502,219,404",57.10,57.40,56.50,57.20,+0.20,"3,735",2382
107/06/07,"6,046,805","344,289,285",57.20,57.40,56.60,57.00,-0.20,"3,015",2382
107/06/08,"9,368,640","526,076,016",57.00,57.00,55.80,56.20,-0.80,"4,912",2382
107/06/11,"11,459,918","636,695,428",56.40,56.40,55.10,55.30,-0.90,"4,924",2382
107/06/12,"9,292,997","512,236,525",55.90,55.90,54.90,54.90,-0.40,"4,512",2382
107/06/13,"6,428,759","354,687,756",55.00,55.50,54.90,55.20,+0.30,"3,483",2382
107/06/14,"7,708,928","421,575,646",55.00,55.00,54.50,54.50,-0.70,"3,863",2382
107/06/15,"17,278,637","933,309,414",54.50,54.80,53.80,53.90,-0.60,"5,310",2382
107/06/19,"8,472,699","455,134,993",53.90,54.30,53.50,53.50,-0.40,"4,791",2382
107/06/20,"5,720,927","307,385,724",53.60,54.30,53.10,54.00,+0.50,"2,978",2382
107/06/21,"4,156,448","225,318,618",54.40,54.50,54.00,54.00, 0.00,"2,326",2382
107/06/22,"5,975,291","324,190,605",53.90,54.70,53.50,54.50,+0.50,"2,652",2382
107/06/25,"5,780,783","311,738,687",54.20,54.50,53.60,53.70,-0.80,"3,085",2382
107/06/26,"5,379,098","286,773,122",53.50,53.70,53.20,53.20,-0.50,"2,810",2382
107/06/27,"6,934,058","368,359,967",53.60,53.70,52.90,53.00,-0.20,"3,348",2382
107/06/28,"8,092,496","426,356,488",52.70,52.90,52.40,52.80,-0.20,"3,434",2382
107/06/29,"6,245,813","331,497,969",53.00,53.60,52.60,53.50,+0.70,"2,846",2382
107/07/02,"5,320,798","282,465,645",53.50,53.60,52.90,53.00,-0.50,"2,568",2382
107/07/03,"7,281,688","382,757,374",53.00,53.10,52.40,52.40,-0.60,"3,757",2382
107/07/04,"8,652,119","450,862,624",52.40,52.50,51.90,51.90,-0.50,"4,114",2382
107/07/05,"7,031,034","366,180,970",52.50,52.50,51.80,52.10,+0.20,"2,948",2382
107/07/06,"8,342,489","418,316,265",52.10,52.30,51.50,51.70,-0.40,"3,604",2382
107/07/09,"3,611,452","188,402,424",52.20,52.30,52.00,52.20,+0.50,"1,732",2382
107/07/10,"6,590,612","344,553,277",52.50,52.60,52.00,52.60,+0.40,"2,140",2382
107/07/11,"9,029,186","468,019,363",51.40,52.20,51.30,52.20,-0.40,"3,653",2382
107/07/12,"4,103,207","213,314,268",52.00,52.20,51.70,51.90,-0.30,"2,503",2382
107/07/13,"4,050,033","211,781,234",52.30,52.50,52.10,52.40,+0.50,"2,225",2382
107/07/16,"3,304,492","173,289,917",52.60,52.70,52.20,52.60,+0.20,"1,695",2382
107/07/17,"4,680,949","247,691,669",52.60,53.30,52.50,53.20,+0.60,"2,956",2382
107/07/18,"6,629,127","356,070,156",53.70,54.00,53.40,54.00,+0.80,"3,731",2382
107/07/19,"6,254,627","339,924,317",54.00,54.60,54.00,54.60,+0.60,"3,094",2382
107/07/20,"7,538,463","409,096,128",54.60,54.70,54.00,54.20,-0.40,"3,114",2382
107/07/23,"5,084,087","275,034,129",54.20,54.50,53.70,54.50,+0.30,"2,651",2382
107/07/24,"6,702,981","365,189,955",54.50,54.60,54.30,54.60,+0.10,"2,710",2382
107/07/25,"8,123,398","446,712,359",54.60,55.20,54.50,55.20,+0.60,"3,932",2382
107/07/26,"12,011,555","667,717,192",56.00,56.00,55.20,55.50,+0.30,"4,121",2382
107/07/27,"16,548,409","920,543,612",55.70,55.90,55.30,55.60,+0.10,"6,918",2382
107/07/30,"15,733,655","824,407,174",52.70,52.70,52.10,52.50,X0.00,"5,921",2382
107/07/31,"5,570,688","293,002,864",52.50,52.90,52.20,52.90,+0.40,"2,575",2382
107/08/01,"5,243,428","278,288,799",52.90,53.30,52.70,53.30,+0.40,"2,282",2382
107/08/02,"6,392,027","336,003,319",53.30,53.40,52.20,52.30,-1.00,"2,822",2382
107/08/03,"5,481,081","287,726,268",52.50,52.80,52.30,52.60,+0.30,"2,472",2382
107/08/06,"4,351,255","229,177,357",52.70,52.90,52.40,52.60, 0.00,"2,113",2382
107/08/07,"5,687,099","300,365,005",52.90,53.10,52.50,52.60, 0.00,"2,974",2382
107/08/08,"5,729,384","303,345,622",52.90,53.20,52.80,53.10,+0.50,"3,417",2382
107/08/09,"5,959,703","315,247,219",53.20,53.40,52.60,52.60,-0.50,"3,197",2382
107/08/10,"5,656,855","297,508,519",52.60,52.80,52.50,52.60, 0.00,"3,259",2382
107/08/13,"9,730,522","506,095,100",52.60,52.60,51.60,51.80,-0.80,"4,823",2382
107/08/14,"4,435,480","229,723,860",52.00,52.20,51.60,51.70,-0.10,"2,488",2382
107/08/15,"4,885,153","252,853,356",51.80,52.00,51.60,51.80,+0.10,"2,803",2382
107/08/16,"4,748,701","244,488,752",51.60,51.80,51.20,51.40,-0.40,"2,350",2382
107/08/17,"5,703,659","297,699,453",52.00,52.40,51.80,52.20,+0.80,"3,142",2382
107/08/20,"3,890,197","203,628,539",52.60,52.60,52.10,52.20, 0.00,"2,264",2382
107/08/21,"3,430,268","179,316,462",52.20,52.50,52.00,52.50,+0.30,"1,737",2382
107/08/22,"3,368,799","175,775,141",52.30,52.40,52.00,52.30,-0.20,"2,318",2382
107/08/23,"2,940,277","153,576,775",52.30,52.50,52.10,52.20,-0.10,"2,104",2382
107/08/24,"3,943,526","205,043,992",52.20,52.20,51.80,51.90,-0.30,"1,952",2382
107/08/27,"5,842,595","303,022,540",52.10,52.20,51.70,51.70,-0.20,"2,732",2382
107/08/28,"9,607,556","505,902,968",52.00,53.00,52.00,53.00,+1.30,"3,611",2382
107/08/29,"6,627,484","354,137,585",53.50,53.80,53.20,53.50,+0.50,"3,164",2382
107/08/30,"3,687,242","196,279,540",53.50,53.70,52.90,53.20,-0.30,"2,482",2382
107/08/31,"6,530,923","344,779,913",53.20,53.30,52.50,52.80,-0.40,"1,914",2382
107/09/03,"5,590,044","292,627,401",53.10,53.10,52.10,52.20,-0.60,"2,860",2382
107/09/04,"14,115,036","732,304,584",52.30,52.30,51.30,52.00,-0.20,"4,654",2382
107/09/05,"9,118,028","471,792,756",52.00,52.00,51.60,51.60,-0.40,"3,183",2382
107/09/06,"13,692,450","695,134,150",51.50,51.60,50.20,50.70,-0.90,"6,380",2382
107/09/07,"9,879,477","497,677,870",50.50,50.80,50.10,50.10,-0.60,"4,586",2382
107/09/10,"11,285,010","558,156,874",50.00,50.10,49.15,49.60,-0.50,"5,553",2382
107/09/11,"9,068,258","451,104,750",50.00,50.00,49.60,49.70,+0.10,"3,775",2382
107/09/12,"6,377,627","319,597,605",49.80,50.30,49.80,50.30,+0.60,"3,055",2382
107/09/13,"12,904,924","664,636,078",50.80,52.00,50.70,51.70,+1.40,"4,252",2382
107/09/14,"12,770,640","666,021,245",52.00,52.50,52.00,52.00,+0.30,"5,590",2382
107/09/17,"5,057,989","262,731,011",52.00,52.30,51.50,52.30,+0.30,"2,206",2382
107/09/18,"14,219,096","751,722,733",52.20,53.30,51.90,52.80,+0.50,"5,857",2382
107/09/19,"4,976,126","263,504,852",53.20,53.30,52.80,53.00,+0.20,"2,903",2382
107/09/20,"4,650,788","244,126,101",53.10,53.20,52.00,52.20,-0.80,"2,458",2382
107/09/21,"8,838,131","459,710,238",52.20,52.70,51.60,52.20, 0.00,"3,322",2382
107/09/25,"4,535,209","239,524,077",52.20,53.00,52.20,53.00,+0.80,"2,478",2382
107/09/26,"3,110,438","164,368,014",52.90,53.00,52.60,52.90,-0.10,"1,667",2382
107/09/27,"5,904,097","311,330,371",52.80,53.00,52.40,53.00,+0.10,"2,072",2382
107/09/28,"6,101,626","323,515,392",52.80,53.20,52.80,53.20,+0.20,"2,596",2382
107/10/01,"5,571,195","298,181,002",53.30,53.90,53.20,53.30,+0.10,"3,422",2382
107/10/02,"4,748,517","250,903,301",53.30,53.40,52.50,52.80,-0.50,"2,756",2382
107/10/03,"2,429,510","127,721,223",52.80,52.90,52.40,52.50,-0.30,"1,292",2382
107/10/04,"7,281,181","378,303,267",52.50,52.50,51.50,51.50,-1.00,"3,337",2382
107/10/05,"6,804,915","346,789,962",51.50,51.70,50.50,50.50,-1.00,"3,348",2382
107/10/08,"5,598,274","283,744,336",50.50,51.00,50.10,50.70,+0.20,"3,004",2382
107/10/09,"6,965,549","354,618,875",51.20,51.20,50.60,50.60,-0.10,"3,191",2382
107/10/11,"20,335,531","997,698,217",49.30,49.60,48.75,48.80,-1.80,"10,040",2382
107/10/12,"9,042,814","439,737,581",48.60,49.30,48.00,49.15,+0.35,"4,876",2382
107/10/15,"7,395,051","358,707,109",48.70,48.90,48.40,48.45,-0.70,"3,452",2382
107/10/16,"7,884,846","382,039,739",48.35,48.60,48.35,48.40,-0.05,"3,366",2382
107/10/17,"5,852,559","287,015,199",48.90,49.30,48.80,49.00,+0.60,"2,982",2382
107/10/18,"3,726,564","181,543,815",49.00,49.00,48.60,48.65,-0.35,"1,979",2382
107/10/19,"11,065,231","529,080,845",48.50,48.50,47.55,47.90,-0.75,"4,184",2382
107/10/22,"7,701,824","367,519,352",47.90,47.95,47.55,47.75,-0.15,"2,990",2382
107/10/23,"5,976,492","287,320,598",47.80,48.40,47.80,48.00,+0.25,"2,803",2382
107/10/24,"5,991,800","287,912,092",48.20,48.50,47.60,48.40,+0.40,"3,071",2382
107/10/25,"10,073,079","478,382,300",47.75,47.95,47.00,47.50,-0.90,"4,516",2382
107/10/26,"6,513,161","310,061,023",47.70,48.00,47.50,47.50, 0.00,"2,206",2382
107/10/29,"4,373,794","208,528,687",47.50,47.95,47.35,47.80,+0.30,"1,536",2382
107/10/30,"4,087,059","195,126,769",47.95,48.05,47.40,47.75,-0.05,"1,484",2382
107/10/31,"7,819,024","378,137,823",48.65,48.85,48.00,48.85,+1.10,"2,809",2382
107/11/01,"4,062,094","198,567,970",48.40,49.20,48.30,49.20,+0.35,"1,903",2382
107/11/02,"7,173,551","355,103,844",49.25,49.70,49.00,49.60,+0.40,"2,835",2382
107/11/05,"5,015,317","245,467,317",49.20,49.40,48.35,49.40,-0.20,"1,818",2382
107/11/06,"2,636,456","129,283,476",49.40,49.40,48.75,49.20,-0.20,"1,168",2382
107/11/07,"6,806,055","337,509,681",49.20,49.90,49.10,49.90,+0.70,"2,542",2382
107/11/08,"4,474,488","223,629,550",50.30,50.30,49.75,50.00,+0.10,"2,453",2382
107/11/09,"3,321,584","163,235,855",50.00,50.00,48.70,49.40,-0.60,"1,877",2382
107/11/12,"2,066,042","102,241,520",49.35,49.70,49.20,49.50,+0.10,"1,170",2382
107/11/13,"3,497,150","170,554,650",48.35,49.40,48.35,48.70,-0.80,"1,929",2382
107/11/14,"6,156,180","302,547,454",48.70,49.50,48.65,49.50,+0.80,"2,690",2382
107/11/15,"5,850,900","285,086,250",49.30,49.30,48.55,48.85,-0.65,"3,080",2382
107/11/16,"4,185,933","206,486,322",49.30,49.50,49.00,49.45,+0.60,"2,155",2382
107/11/19,"4,752,120","235,609,471",49.60,49.80,49.20,49.65,+0.20,"1,962",2382
107/11/20,"2,647,360","130,451,380",49.45,49.60,49.00,49.30,-0.35,"1,713",2382
107/11/21,"4,054,588","198,247,482",49.00,49.20,48.45,49.05,-0.25,"2,121",2382
107/11/22,"4,348,140","211,763,226",49.05,49.05,48.50,48.55,-0.50,"2,200",2382
107/11/23,"3,160,326","154,671,924",48.55,49.20,48.55,48.90,+0.35,"1,721",2382
107/11/26,"4,522,010","222,350,182",49.15,49.70,48.80,49.00,+0.10,"2,698",2382
107/11/27,"4,977,854","245,066,319",49.20,49.50,48.75,49.45,+0.45,"2,681",2382
107/11/28,"10,133,644","497,786,120",49.45,49.45,48.80,49.40,-0.05,"4,326",2382
107/11/29,"5,771,782","284,995,906",49.65,49.70,49.15,49.15,-0.25,"2,847",2382
107/11/30,"11,257,518","560,673,810",49.50,49.95,49.25,49.95,+0.80,"2,074",2382
107/12/03,"12,611,714","634,179,199",50.30,50.60,50.00,50.30,+0.35,"4,785",2382
107/12/04,"9,414,739","474,624,185",50.30,50.80,50.00,50.30, 0.00,"2,949",2382
107/12/05,"4,270,109","212,356,777",49.75,49.95,49.40,49.75,-0.55,"2,776",2382
107/12/06,"6,866,078","336,273,853",49.75,49.75,48.70,48.80,-0.95,"3,943",2382
107/12/07,"2,520,505","123,884,564",49.05,49.30,49.00,49.05,+0.25,"1,259",2382
107/12/10,"2,456,717","119,757,563",48.70,48.95,48.50,48.85,-0.20,"1,411",2382
107/12/11,"4,861,318","242,152,065",49.35,50.10,49.35,50.10,+1.25,"2,585",2382
107/12/12,"4,459,360","224,878,073",50.50,50.50,50.10,50.50,+0.40,"2,119",2382
107/12/13,"5,151,083","262,390,131",50.60,51.10,50.40,51.10,+0.60,"2,753",2382
107/12/14,"3,113,131","157,779,145",51.10,51.20,50.20,50.80,-0.30,"1,952",2382
107/12/17,"3,203,100","163,518,977",51.20,51.30,50.80,50.90,+0.10,"1,446",2382
107/12/18,"3,847,551","194,124,561",50.40,50.80,50.20,50.50,-0.40,"1,871",2382
107/12/19,"4,698,875","238,291,325",50.80,51.20,50.50,51.20,+0.70,"2,349",2382
107/12/20,"8,096,112","419,127,450",51.20,52.30,51.20,51.70,+0.50,"3,959",2382
107/12/21,"7,328,947","375,338,601",51.90,52.00,50.80,50.90,-0.80,"2,123",2382
107/12/22,"1,122,886","57,603,733",50.90,51.50,50.90,51.40,+0.50,696,2382
107/12/24,"3,558,309","184,648,593",51.30,52.20,51.30,51.80,+0.40,"1,876",2382
107/12/25,"2,578,787","132,179,387",51.60,51.60,50.90,51.10,-0.70,"1,095",2382
107/12/26,"2,217,757","114,410,324",51.30,51.80,51.20,51.60,+0.50,"1,129",2382
107/12/27,"4,679,843","243,001,911",52.00,52.40,51.60,51.70,+0.10,"2,016",2382
107/12/28,"6,739,681","352,927,841",51.80,52.70,51.80,52.70,+1.00,"2,690",2382
108/01/02,"4,213,011","221,707,772",53.00,53.00,52.10,52.10,-0.60,"2,612",2382
108/01/03,"4,913,571","257,378,671",52.30,52.70,51.80,52.50,+0.40,"2,581",2382
108/01/04,"6,337,211","329,068,472",51.80,52.50,51.20,52.00,-0.50,"3,550",2382
108/01/07,"10,231,318","538,635,787",52.80,53.00,52.00,52.50,+0.50,"5,337",2382
108/01/08,"7,578,712","400,258,112",52.60,53.00,52.50,52.80,+0.30,"2,694",2382
108/01/09,"10,510,000","557,889,200",53.00,53.30,52.80,53.10,+0.30,"4,123",2382
108/01/10,"10,494,090","557,603,101",53.00,53.30,52.80,53.30,+0.20,"3,250",2382
108/01/11,"7,091,748","377,067,108",53.30,53.40,52.90,53.20,-0.10,"3,027",2382
108/01/14,"4,529,183","240,294,999",53.20,53.30,52.90,53.10,-0.10,"2,153",2382
108/01/15,"13,614,854","728,982,886",53.10,53.80,53.10,53.80,+0.70,"3,296",2382
108/01/16,"23,987,961","1,314,969,153",54.40,55.20,54.30,54.80,+1.00,"8,997",2382
108/01/17,"14,666,891","808,320,405",55.00,55.50,54.90,55.20,+0.40,"6,401",2382
108/01/18,"9,399,984","520,556,704",55.50,55.50,55.20,55.50,+0.30,"4,387",2382
108/01/21,"13,495,296","747,610,906",55.60,55.90,54.90,55.20,-0.30,"4,704",2382
108/01/22,"7,580,786","416,334,338",55.20,55.20,54.50,55.00,-0.20,"3,343",2382
108/01/23,"7,040,160","387,334,100",54.50,55.20,54.30,55.20,+0.20,"3,147",2382
108/01/24,"6,268,720","347,406,113",55.40,55.60,55.20,55.50,+0.30,"2,186",2382
108/01/25,"12,190,416","680,421,896",55.50,56.00,55.20,55.90,+0.40,"5,491",2382
108/01/28,"5,649,961","315,421,909",56.00,56.10,55.50,55.90, 0.00,"2,876",2382
108/01/29,"7,712,797","428,212,351",55.90,55.90,55.20,55.80,-0.10,"3,161",2382
108/01/30,"8,607,778","481,311,077",56.10,56.10,55.70,55.90,+0.10,"3,462",2382
108/02/11,"9,876,938","558,432,186",56.90,56.90,55.90,56.50,+0.60,"4,400",2382
108/02/12,"8,350,725","472,416,587",56.50,56.80,56.30,56.80,+0.30,"3,471",2382
108/02/13,"7,590,224","426,782,895",56.90,57.00,55.60,56.20,-0.60,"3,697",2382
108/02/14,"7,519,150","425,653,350",55.80,57.00,55.80,57.00,+0.80,"4,181",2382
108/02/15,"5,174,894","292,378,493",57.00,57.00,56.20,56.60,-0.40,"2,921",2382
108/02/18,"4,807,014","270,517,273",56.60,56.80,56.00,56.00,-0.60,"2,721",2382
108/02/19,"2,335,649","131,216,297",56.10,56.50,56.00,56.10,+0.10,"1,307",2382
108/02/20,"10,987,513","625,649,041",56.10,57.40,56.10,57.10,+1.00,"5,039",2382
108/02/21,"7,281,085","410,387,495",57.00,57.10,56.10,56.20,-0.90,"3,945",2382
108/02/22,"5,691,761","317,666,361",56.10,56.30,55.60,56.00,-0.20,"2,889",2382
108/02/25,"7,519,682","427,945,755",56.50,57.30,56.30,57.30,+1.30,"3,679",2382
108/02/26,"6,984,610","399,075,270",57.50,57.60,56.90,56.90,-0.40,"4,001",2382
108/02/27,"6,530,339","372,589,975",57.10,57.20,56.70,57.20,+0.30,"2,690",2382
108/03/04,"8,219,703","465,422,884",57.20,57.50,56.20,56.60,-0.60,"4,139",2382
108/03/05,"5,247,673","296,203,979",56.20,57.00,56.00,56.60, 0.00,"3,212",2382
108/03/06,"6,377,982","359,067,876",56.20,56.70,56.00,56.30,-0.30,"3,261",2382
108/03/07,"6,447,112","363,063,623",56.10,56.80,56.00,56.80,+0.50,"3,301",2382
108/03/08,"5,201,052","292,221,370",56.50,56.60,55.70,56.00,-0.80,"2,774",2382
108/03/11,"5,069,240","283,658,580",56.00,56.60,55.70,55.80,-0.20,"3,063",2382
108/03/12,"2,834,878","159,825,706",56.30,56.60,56.00,56.50,+0.70,"1,938",2382
108/03/13,"2,458,241","138,979,032",56.20,56.70,56.20,56.70,+0.20,"1,416",2382
108/03/14,"2,963,053","167,136,782",56.30,56.60,56.20,56.30,-0.40,"1,675",2382
108/03/15,"7,332,709","416,990,692",56.30,57.00,56.30,57.00,+0.70,"2,758",2382
108/03/18,"4,582,487","261,593,838",57.00,57.20,56.80,57.20,+0.20,"3,244",2382
108/03/19,"3,873,635","220,976,424",57.40,57.40,56.70,56.90,-0.30,"2,140",2382
108/03/20,"4,902,291","277,013,558",56.90,56.90,56.30,56.60,-0.30,"3,044",2382
108/03/21,"5,077,725","285,991,435",56.70,56.70,55.90,56.20,-0.40,"3,679",2382
108/03/22,"3,944,247","222,065,371",56.20,56.70,56.10,56.50,+0.30,"1,887",2382
108/03/25,"4,549,512","254,477,204",55.20,56.50,55.20,56.10,-0.40,"2,936",2382
108/03/26,"5,235,142","297,554,641",56.50,57.00,56.30,57.00,+0.90,"3,066",2382
108/03/27,"3,431,879","194,952,306",57.00,57.00,56.50,57.00, 0.00,"2,450",2382
108/03/28,"3,430,559","195,010,463",57.00,57.00,56.60,57.00, 0.00,"1,968",2382
108/03/29,"9,638,423","554,909,782",57.40,57.80,57.10,57.80,+0.80,"4,800",2382
108/04/01,"9,676,842","565,096,898",58.60,58.80,58.10,58.40,+0.60,"4,990",2382
108/04/02,"9,114,223","528,483,334",58.50,58.50,57.70,58.00,-0.40,"5,091",2382
108/04/03,"4,630,573","267,816,449",58.00,58.10,57.60,57.80,-0.20,"2,287",2382
108/04/08,"6,540,252","381,267,816",58.70,58.70,58.00,58.30,+0.50,"3,769",2382
108/04/09,"6,067,155","355,955,576",58.40,59.00,58.00,59.00,+0.70,"3,514",2382
108/04/10,"4,430,452","260,349,764",58.70,59.00,58.50,59.00, 0.00,"2,289",2382
108/04/11,"5,258,163","307,483,678",59.00,59.00,58.20,58.20,-0.80,"2,855",2382
108/04/12,"5,389,019","314,736,706",58.80,58.90,58.00,58.80,+0.60,"2,345",2382
108/04/15,"7,979,868","470,537,025",59.10,59.30,58.60,58.80, 0.00,"3,082",2382
108/04/16,"5,864,611","345,280,594",58.80,59.20,58.70,59.10,+0.30,"2,715",2382
108/04/17,"19,391,883","1,178,927,855",59.40,61.50,59.30,60.70,+1.60,"8,949",2382
108/04/18,"8,017,791","485,934,474",60.70,61.00,60.20,60.80,+0.10,"3,679",2382
108/04/19,"5,964,167","359,390,242",60.70,60.80,59.90,60.30,-0.50,"3,051",2382
108/04/22,"4,141,125","248,336,364",60.50,60.50,59.60,59.80,-0.50,"2,210",2382
108/04/23,"5,149,793","308,719,487",59.70,60.60,59.20,60.60,+0.80,"2,384",2382
108/04/24,"3,620,578","219,092,969",60.80,60.90,60.20,60.80,+0.20,"1,794",2382
108/04/25,"7,626,675","457,061,614",60.50,60.50,59.60,59.80,-1.00,"3,845",2382
108/04/26,"7,382,558","435,006,620",59.60,59.60,58.30,59.00,-0.80,"3,678",2382
108/04/29,"8,983,495","535,443,931",59.30,59.90,59.20,59.70,+0.70,"4,739",2382
108/04/30,"9,916,051","584,615,570",59.50,59.50,58.30,59.20,-0.50,"4,249",2382
108/05/02,"8,504,569","506,409,160",59.20,59.80,59.20,59.60,+0.40,"3,576",2382
108/05/03,"8,233,653","491,428,040",59.60,59.80,59.30,59.70,+0.10,"3,663",2382
108/05/06,"8,649,829","506,014,347",58.70,58.80,58.10,58.40,-1.30,"4,779",2382
108/05/07,"7,614,472","452,130,413",58.90,60.20,58.50,60.20,+1.80,"2,629",2382
108/05/08,"5,359,735","318,007,368",59.10,59.60,58.80,59.60,-0.60,"2,833",2382
108/05/09,"6,551,923","385,708,840",59.10,59.20,58.60,58.80,-0.80,"2,901",2382
108/05/10,"4,988,203","293,404,945",58.80,59.10,58.60,58.80, 0.00,"1,881",2382
108/05/13,"8,234,778","479,505,324",58.80,58.80,57.70,58.00,-0.80,"4,106",2382
108/05/14,"7,570,833","434,492,941",57.00,57.80,56.50,57.40,-0.60,"4,016",2382
108/05/15,"11,988,396","688,293,060",57.40,58.10,56.70,57.50,+0.10,"4,778",2382
108/05/16,"7,230,863","415,810,631",57.50,57.70,57.30,57.30,-0.20,"3,090",2382
108/05/17,"6,627,683","377,303,107",57.30,57.90,56.20,56.40,-0.90,"3,403",2382
108/05/20,"6,816,423","382,310,195",56.40,56.60,55.50,56.30,-0.10,"3,347",2382
108/05/21,"4,602,820","261,080,770",56.20,57.10,55.80,56.70,+0.40,"2,528",2382
108/05/22,"3,821,952","216,089,675",56.60,56.90,56.20,56.50,-0.20,"1,932",2382
108/05/23,"3,435,767","192,148,852",56.30,56.40,55.70,55.90,-0.60,"2,002",2382
108/05/24,"2,529,337","141,237,972",55.90,56.10,55.70,55.70,-0.20,"1,639",2382
108/05/27,"3,541,319","197,751,699",55.90,56.30,55.60,55.60,-0.10,"1,546",2382
108/05/28,"14,225,406","806,710,463",56.30,57.40,56.30,56.70,+1.10,"3,381",2382
108/05/29,"4,655,421","262,718,379",56.50,56.80,56.20,56.40,-0.30,"2,478",2382
108/05/30,"5,048,621","285,116,300",56.10,56.90,56.10,56.70,+0.30,"2,195",2382
108/05/31,"11,873,943","694,042,338",56.70,59.30,56.60,58.90,+2.20,"7,206",2382
108/06/03,"5,251,722","306,976,747",58.20,59.00,57.60,58.50,-0.40,"3,063",2382
108/06/04,"3,954,885","229,355,324",58.00,58.60,57.70,57.90,-0.60,"1,947",2382
108/06/05,"3,577,205","209,121,990",58.50,58.80,58.10,58.30,+0.40,"2,142",2382
108/06/06,"3,504,157","204,299,448",58.20,58.50,57.90,58.20,-0.10,"2,161",2382
108/06/10,"5,437,881","318,508,715",58.50,58.90,57.80,58.90,+0.70,"2,415",2382
108/06/11,"6,568,399","392,069,527",59.20,60.00,59.10,59.60,+0.70,"3,938",2382
108/06/12,"4,766,348","285,391,429",59.60,60.00,59.50,60.00,+0.40,"2,867",2382
108/06/13,"4,538,412","271,886,220",60.00,60.50,59.50,60.00, 0.00,"2,513",2382
108/06/14,"3,834,275","227,670,133",59.70,60.00,59.00,59.00,-1.00,"2,558",2382
108/06/17,"3,544,246","210,385,528",58.80,59.90,58.70,59.10,+0.10,"1,891",2382
108/06/18,"3,010,207","179,013,511",59.10,59.60,59.10,59.50,+0.40,"1,830",2382
108/06/19,"7,549,922","454,470,405",60.00,60.30,59.80,60.30,+0.80,"4,264",2382
108/06/20,"8,277,201","503,581,805",60.50,61.00,60.30,60.80,+0.50,"3,970",2382
108/06/21,"9,659,033","591,001,113",60.80,61.30,60.80,61.30,+0.50,"4,053",2382
108/06/24,"5,948,009","362,826,719",61.10,61.30,60.50,60.70,-0.60,"2,734",2382
108/06/25,"6,549,152","398,239,092",60.60,61.20,60.30,60.30,-0.40,"2,796",2382
108/06/26,"5,635,427","340,721,436",60.30,60.90,60.10,60.10,-0.20,"2,880",2382
108/06/27,"7,613,658","464,179,738",60.20,61.20,60.20,61.20,+1.10,"3,109",2382
108/06/28,"4,784,767","289,136,915",60.80,61.10,60.30,60.40,-0.80,"2,703",2382
108/07/01,"6,927,711","421,808,206",61.30,61.40,60.50,60.80,+0.40,"3,277",2382
108/07/02,"7,393,843","452,482,377",60.80,61.40,60.70,61.40,+0.60,"4,031",2382
108/07/03,"5,507,396","335,411,364",61.10,61.30,60.60,60.70,-0.70,"2,099",2382
108/07/04,"3,804,119","232,155,563",60.70,61.40,60.70,61.00,+0.30,"1,526",2382
108/07/05,"5,290,070","319,485,130",60.80,61.00,60.20,60.60,-0.40,"2,634",2382
108/07/08,"2,689,095","163,161,156",60.60,60.90,60.50,60.60, 0.00,"1,259",2382
108/07/09,"3,269,793","196,781,591",60.60,60.60,60.00,60.10,-0.50,"1,722",2382
108/07/10,"4,634,199","281,531,887",60.30,61.00,60.20,60.90,+0.80,"2,155",2382
108/07/11,"4,620,849","280,782,008",61.10,61.20,60.60,60.70,-0.20,"2,026",2382
108/07/12,"3,045,195","185,101,723",60.50,61.00,60.50,60.70, 0.00,"1,796",2382
108/07/15,"4,648,723","284,342,005",60.80,61.50,60.70,61.50,+0.80,"2,467",2382
108/07/16,"6,791,977","420,459,164",61.70,62.20,61.70,61.90,+0.40,"3,533",2382
108/07/17,"4,842,040","299,381,553",61.90,62.10,61.60,61.70,-0.20,"2,817",2382
108/07/18,"3,512,019","216,395,757",61.80,61.80,61.30,61.60,-0.10,"2,334",2382
108/07/19,"8,466,970","520,005,170",61.70,62.00,60.80,60.90,-0.70,"4,106",2382
108/07/22,"3,444,225","211,277,268",60.90,61.70,60.90,61.50,+0.60,"2,281",2382
108/07/23,"7,620,822","465,628,002",61.40,61.60,60.90,61.10,-0.40,"3,791",2382
108/07/24,"10,110,558","619,219,686",61.80,61.80,61.00,61.00,-0.10,"4,848",2382
108/07/25,"11,168,785","684,936,570",61.00,61.60,61.00,61.50,+0.50,"3,948",2382
108/07/26,"13,128,506","806,618,507",61.10,61.70,61.10,61.50, 0.00,"5,063",2382
108/07/29,"17,763,893","1,033,240,194",57.60,58.20,57.40,57.90,X0.00,"5,372",2382
108/07/30,"8,222,399","477,565,612",58.20,58.40,57.90,57.90, 0.00,"3,895",2382
108/07/31,"8,239,553","473,850,838",58.00,58.20,57.10,57.50,-0.40,"4,316",2382
108/08/01,"10,912,496","615,366,114",56.60,56.90,56.00,56.00,-1.50,"6,010",2382
108/08/02,"11,400,205","626,663,003",55.10,55.40,54.80,54.90,-1.10,"6,483",2382
108/08/05,"8,835,757","477,181,012",54.60,54.80,53.70,53.90,-1.00,"4,595",2382
108/08/06,"8,834,402","469,698,351",52.80,53.60,52.70,53.50,-0.40,"5,026",2382
108/08/07,"7,307,638","392,606,452",53.50,53.90,53.50,53.80,+0.30,"3,458",2382
108/08/08,"7,036,823","382,797,443",53.90,54.70,53.80,54.50,+0.70,"2,843",2382
108/08/12,"5,228,431","285,547,460",54.50,54.90,54.20,54.50, 0.00,"2,846",2382
108/08/13,"5,164,536","278,290,038",54.10,54.20,53.50,54.00,-0.50,"2,452",2382
108/08/14,"15,084,160","846,249,991",55.40,56.60,55.20,56.30,+2.30,"6,694",2382
108/08/15,"6,091,281","340,908,407",55.90,56.40,55.20,56.20,-0.10,"3,139",2382
108/08/16,"7,454,083","417,116,045",56.20,56.40,55.40,56.10,-0.10,"3,982",2382
108/08/19,"3,796,986","213,764,806",56.80,56.80,56.00,56.10, 0.00,"1,988",2382
108/08/20,"6,508,912","363,997,653",56.10,56.40,55.30,56.00,-0.10,"3,129",2382
108/08/21,"4,003,692","224,975,219",56.10,56.40,55.80,56.30,+0.30,"2,343",2382
108/08/22,"5,591,740","311,414,179",56.30,56.40,55.30,55.60,-0.70,"2,856",2382
108/08/23,"2,998,542","166,776,905",55.70,56.00,55.40,56.00,+0.40,"1,730",2382
108/08/26,"4,200,014","230,647,965",55.30,55.30,54.60,55.00,-1.00,"2,341",2382
108/08/27,"8,459,439","464,660,245",55.20,55.50,54.70,54.90,-0.10,"3,007",2382
108/08/28,"2,870,796","157,934,848",55.00,55.30,54.80,55.00,+0.10,"1,781",2382
108/08/29,"4,841,751","268,131,175",55.00,55.80,54.80,55.50,+0.50,"1,983",2382
108/08/30,"6,298,091","353,449,729",55.90,56.50,55.70,56.50,+1.00,"2,854",2382
108/09/02,"2,329,603","130,867,179",56.50,56.60,55.90,55.90,-0.60,"1,171",2382
108/09/03,"2,035,285","113,845,460",56.10,56.40,55.70,55.70,-0.20,"1,119",2382
108/09/04,"5,537,764","308,878,450",55.70,56.10,55.50,56.10,+0.40,"3,321",2382
108/09/05,"2,877,645","161,797,898",56.30,56.40,56.00,56.30,+0.20,"1,518",2382
108/09/06,"2,801,332","157,540,276",56.50,56.50,56.00,56.40,+0.10,"1,801",2382
108/09/09,"1,968,456","110,551,214",56.50,56.60,56.00,56.10,-0.30,"1,106",2382
108/09/10,"3,736,206","209,436,212",56.40,56.40,55.80,56.20,+0.10,"1,895",2382
108/09/11,"3,445,467","194,150,577",56.50,56.50,56.10,56.50,+0.30,"1,714",2382
108/09/12,"2,866,602","162,187,761",56.80,56.90,56.30,56.50, 0.00,"1,512",2382
108/09/16,"2,363,769","133,663,368",56.80,56.80,56.40,56.70,+0.20,"1,178",2382
108/09/17,"3,081,811","173,372,722",56.70,56.70,56.00,56.40,-0.30,"1,767",2382
108/09/18,"4,655,571","262,705,010",56.50,56.80,56.10,56.60,+0.20,"2,352",2382
108/09/19,"3,128,693","176,507,007",56.60,56.80,56.10,56.20,-0.40,"1,641",2382
108/09/20,"5,963,802","338,093,160",56.30,56.80,56.20,56.80,+0.60,"1,431",2382
108/09/23,"12,025,557","695,573,571",57.50,58.40,57.30,57.80,+1.00,"5,829",2382
108/09/24,"10,781,235","620,849,803",58.20,58.40,56.80,57.50,-0.30,"4,190",2382
108/09/25,"4,943,373","282,037,324",57.50,57.60,56.70,57.20,-0.30,"2,393",2382
108/09/26,"7,786,049","445,299,501",57.50,57.60,56.80,57.40,+0.20,"2,825",2382
108/09/27,"4,857,795","276,020,290",57.40,57.50,56.60,56.60,-0.80,"2,159",2382
108/10/01,"8,035,093","453,293,047",57.70,57.70,55.90,56.40,-0.20,"4,836",2382
108/10/02,"9,168,605","508,377,667",56.20,56.30,55.10,55.20,-1.20,"5,024",2382
108/10/03,"11,694,960","635,171,993",54.80,54.80,54.00,54.40,-0.80,"5,941",2382
108/10/04,"4,560,705","249,826,350",54.60,55.10,54.60,54.60,+0.20,"1,934",2382
108/10/07,"6,817,763","373,065,905",55.10,55.30,54.30,54.40,-0.20,"3,180",2382
108/10/08,"6,464,857","355,518,635",54.60,55.40,54.60,55.00,+0.60,"2,909",2382
108/10/09,"5,289,295","288,858,484",55.10,55.10,54.40,54.40,-0.60,"2,773",2382
108/10/14,"12,181,139","662,603,312",54.80,55.10,53.90,53.90,-0.50,"5,408",2382
108/10/15,"11,092,864","599,343,969",54.10,54.50,53.70,54.00,+0.10,"3,593",2382
108/10/16,"11,126,153","603,588,408",54.60,54.60,53.90,54.30,+0.30,"3,597",2382
108/10/17,"16,488,807","894,585,385",54.80,55.00,54.00,54.20,-0.10,"5,339",2382
108/10/18,"25,954,536","1,421,051,960",54.80,55.50,54.20,54.40,+0.20,"7,777",2382
108/10/21,"18,745,077","1,045,458,679",55.00,56.40,54.90,56.40,+2.00,"7,052",2382
108/10/22,"25,005,946","1,435,676,468",56.90,58.30,56.60,58.00,+1.60,"9,286",2382
108/10/23,"20,184,810","1,168,091,127",57.80,58.50,57.20,58.20,+0.20,"7,148",2382
108/10/24,"16,063,304","925,753,332",57.80,58.00,57.30,58.00,-0.20,"4,607",2382
108/10/25,"14,390,990","831,999,501",58.00,58.30,57.50,58.10,+0.10,"4,802",2382
108/10/28,"10,022,539","582,291,406",58.30,58.30,57.90,58.30,+0.20,"3,521",2382
108/10/29,"14,441,723","839,828,691",58.50,59.00,57.80,58.10,-0.20,"4,674",2382
108/10/30,"6,996,430","407,647,756",58.30,58.40,58.00,58.40,+0.30,"3,218",2382
108/10/31,"8,621,557","504,984,476",58.60,58.80,58.30,58.50,+0.10,"2,922",2382
108/11/01,"14,040,034","832,517,723",58.70,59.90,58.40,59.90,+1.40,"6,950",2382
108/11/04,"21,349,262","1,300,184,928",61.00,61.40,60.40,61.20,+1.30,"8,413",2382
108/11/05,"22,584,800","1,405,753,313",62.00,63.10,61.50,62.40,+1.20,"10,389",2382
108/11/06,"12,227,142","754,767,834",62.60,62.60,61.00,62.00,-0.40,"6,562",2382
108/11/07,"10,723,752","654,143,965",61.90,61.90,60.60,60.90,-1.10,"5,428",2382
108/11/08,"8,257,520","509,119,069",61.40,62.00,61.30,61.80,+0.90,"4,932",2382
108/11/11,"9,456,066","576,564,677",62.00,62.00,60.70,60.70,-1.10,"4,402",2382
108/11/12,"8,301,378","506,178,897",61.50,61.50,60.70,61.00,+0.30,"4,465",2382
108/11/13,"7,287,763","443,933,174",61.00,61.10,60.40,60.90,-0.10,"3,920",2382
108/11/14,"34,091,791","2,142,120,719",62.10,63.50,62.10,63.10,+2.20,"13,510",2382
108/11/15,"13,991,863","883,819,681",63.50,63.80,62.70,62.80,-0.30,"7,425",2382
108/11/18,"12,449,794","785,425,422",62.70,63.30,62.70,63.20,+0.40,"6,227",2382
108/11/19,"14,283,365","909,281,177",63.20,64.20,63.00,63.50,+0.30,"5,541",2382
108/11/20,"12,685,403","807,772,526",63.70,64.50,63.30,63.50, 0.00,"5,346",2382
108/11/21,"9,284,334","581,593,183",62.80,63.20,62.40,62.60,-0.90,"4,474",2382
108/11/22,"12,858,578","815,072,612",63.00,63.60,62.90,63.20,+0.60,"5,521",2382
108/11/25,"6,803,005","427,837,596",63.40,63.50,62.60,62.70,-0.50,"3,260",2382
108/11/26,"23,660,122","1,471,094,974",63.00,63.00,61.80,62.20,-0.50,"6,641",2382
108/11/27,"10,545,056","649,602,533",62.00,62.00,61.30,61.50,-0.70,"4,613",2382
108/11/28,"12,380,010","755,252,890",61.40,61.40,60.80,61.10,-0.40,"5,695",2382
108/11/29,"9,090,053","549,488,291",61.00,61.00,60.00,60.30,-0.80,"4,238",2382
108/12/02,"7,636,218","460,018,921",60.30,60.90,59.50,60.70,+0.40,"3,606",2382
108/12/03,"6,336,268","388,211,889",60.80,61.60,60.50,61.60,+0.90,"3,012",2382
108/12/04,"5,335,009","326,133,648",61.50,61.50,60.60,61.40,-0.20,"2,723",2382
108/12/05,"6,802,585","416,978,306",61.70,61.80,61.00,61.20,-0.20,"3,637",2382
108/12/06,"3,277,606","200,908,638",61.40,61.60,61.10,61.20, 0.00,"1,901",2382
108/12/09,"3,937,265","241,080,389",61.20,61.50,60.90,61.50,+0.30,"2,367",2382
108/12/10,"3,434,197","210,317,485",61.50,61.50,60.80,61.50, 0.00,"2,094",2382
108/12/11,"3,499,432","215,009,658",61.60,61.70,61.30,61.50, 0.00,"1,976",2382
108/12/12,"8,461,881","525,021,930",61.50,62.40,61.30,62.00,+0.50,"4,481",2382
108/12/13,"7,824,948","486,790,356",62.60,62.60,61.80,62.20,+0.20,"3,670",2382
108/12/16,"10,542,500","652,923,976",62.30,62.30,61.40,62.30,+0.10,"4,036",2382
108/12/17,"7,079,242","439,867,611",61.80,62.30,61.80,62.10,-0.20,"3,586",2382
108/12/18,"9,089,449","568,468,734",62.10,62.90,62.00,62.90,+0.80,"4,077",2382
108/12/19,"18,108,008","1,155,343,474",63.00,64.30,63.00,64.20,+1.30,"7,403",2382
108/12/20,"15,087,616","967,642,534",64.20,64.80,63.70,64.00,-0.20,"4,865",2382
108/12/23,"8,238,558","527,570,697",64.20,64.30,63.40,64.20,+0.20,"3,628",2382
108/12/24,"6,465,313","415,940,632",64.40,64.60,63.90,64.20, 0.00,"2,804",2382
108/12/25,"4,336,644","278,934,424",64.20,64.60,64.00,64.20, 0.00,"1,955",2382
108/12/26,"3,172,355","203,652,620",64.20,64.30,64.00,64.20, 0.00,"1,127",2382
108/12/27,"5,418,394","349,297,527",64.50,64.60,64.20,64.60,+0.40,"2,816",2382
108/12/30,"4,703,271","303,504,343",64.80,64.90,64.30,64.50,-0.10,"1,950",2382
108/12/31,"4,422,115","284,308,671",64.40,64.50,64.10,64.30,-0.20,"1,610",2382
109/01/02,"8,212,565","524,953,530",64.30,64.30,63.50,64.00,-0.30,"4,818",2382
109/01/03,"7,229,367","462,658,609",64.00,64.20,63.50,64.20,+0.20,"3,753",2382
109/01/06,"14,527,954","908,791,002",62.40,63.30,61.50,63.00,-1.20,"5,388",2382
109/01/07,"13,139,415","819,100,237",62.50,62.70,61.70,62.60,-0.40,"4,066",2382
109/01/08,"6,632,136","413,549,450",61.80,62.60,61.80,62.40,-0.20,"2,355",2382
109/01/09,"4,931,541","310,887,011",62.50,63.50,62.40,63.10,+0.70,"2,171",2382
109/01/10,"7,789,946","496,953,846",63.10,64.10,63.10,64.00,+0.90,"3,252",2382
109/01/13,"5,858,080","373,447,320",64.00,64.10,63.00,64.10,+0.10,"2,974",2382
109/01/14,"7,456,035","480,425,233",64.30,64.60,63.90,64.60,+0.50,"3,758",2382
109/01/15,"8,788,837","568,909,250",64.60,65.00,64.40,64.60, 0.00,"3,939",2382
109/01/16,"7,655,506","496,429,026",64.80,65.00,64.40,65.00,+0.40,"3,999",2382
109/01/17,"6,270,195","407,251,114",65.00,65.20,64.70,65.00, 0.00,"3,665",2382
109/01/20,"3,718,133","241,444,606",65.00,65.10,64.80,65.00, 0.00,"1,575",2382
109/01/30,"22,651,696","1,412,886,605",63.50,63.50,61.30,61.60,-3.40,"8,104",2382
109/01/31,"12,648,920","787,447,440",61.60,62.80,61.60,62.00,+0.40,"3,446",2382
109/02/03,"12,538,606","761,101,305",60.00,61.90,59.70,61.10,-0.90,"5,721",2382
109/02/04,"7,625,538","471,909,564",61.00,62.30,60.80,61.80,+0.70,"2,687",2382
109/02/05,"10,940,429","680,943,875",61.90,62.80,61.50,62.20,+0.40,"4,357",2382
109/02/06,"7,356,149","465,425,754",62.80,63.70,62.40,63.50,+1.30,"3,023",2382
109/02/07,"6,313,054","400,248,523",63.40,63.70,62.80,63.70,+0.20,"2,910",2382
109/02/10,"5,635,808","356,461,098",62.80,63.60,62.20,63.50,-0.20,"2,660",2382
109/02/11,"6,193,506","395,741,467",63.50,64.40,63.30,63.80,+0.30,"2,808",2382
109/02/12,"5,625,421","362,030,844",63.60,64.50,63.60,64.30,+0.50,"3,230",2382
109/02/13,"6,336,760","409,953,561",64.20,65.00,64.20,64.80,+0.50,"3,256",2382
109/02/14,"8,473,400","544,736,900",64.00,64.90,63.90,64.00,-0.80,"3,297",2382
109/02/17,"6,061,111","383,838,339",63.00,63.80,62.70,63.60,-0.40,"2,490",2382
109/02/18,"8,384,820","526,703,021",63.00,63.40,62.10,63.10,-0.50,"3,239",2382
109/02/19,"4,328,961","273,480,019",63.00,63.50,62.50,63.30,+0.20,"2,047",2382
109/02/20,"4,264,077","269,423,466",63.50,63.50,63.00,63.20,-0.10,"1,806",2382
109/02/21,"5,153,796","324,637,848",63.00,63.30,62.70,63.00,-0.20,"1,945",2382
109/02/24,"7,615,282","476,234,366",62.00,63.00,62.00,63.00, 0.00,"3,058",2382
109/02/25,"5,280,276","331,634,348",62.20,63.10,62.20,62.80,-0.20,"2,343",2382
109/02/26,"8,620,941","539,073,259",62.10,62.90,62.10,62.60,-0.20,"2,245",2382
109/02/27,"7,586,203","472,057,317",62.30,62.70,62.00,62.00,-0.60,"2,550",2382
109/03/02,"14,853,195","912,642,795",60.20,62.00,60.20,61.60,-0.40,"6,058",2382
109/03/03,"8,387,190","517,508,190",61.60,62.00,61.30,61.60, 0.00,"3,266",2382
109/03/04,"4,778,934","295,202,186",61.30,62.10,61.30,62.10,+0.50,"1,954",2382
109/03/05,"8,314,156","517,099,408",62.10,62.70,61.80,62.30,+0.20,"3,134",2382
109/03/06,"7,209,058","445,920,070",62.00,62.10,61.60,61.80,-0.50,"3,090",2382
109/03/09,"9,009,696","547,808,471",60.70,61.60,60.20,60.50,-1.30,"3,983",2382
109/03/10,"8,958,447","540,445,969",60.00,61.40,59.80,60.50, 0.00,"4,117",2382
109/03/11,"5,650,159","343,875,932",60.40,61.40,60.30,60.70,+0.20,"2,806",2382
109/03/12,"12,769,619","749,840,921",60.20,60.20,57.80,58.80,-1.90,"6,605",2382
109/03/13,"23,301,672","1,334,878,642",56.20,61.20,54.50,60.60,+1.80,"9,611",2382
109/03/16,"16,417,272","971,519,009",60.00,60.30,57.30,57.30,-3.30,"7,484",2382
109/03/17,"15,429,722","869,672,901",54.70,57.30,54.70,56.20,-1.10,"5,628",2382
109/03/18,"12,345,681","686,311,678",55.40,56.30,55.00,55.00,-1.20,"6,079",2382
109/03/19,"16,602,828","871,325,956",53.30,54.10,50.70,51.70,-3.30,"8,665",2382
109/03/20,"17,879,218","970,698,928",52.40,56.00,52.40,54.80,+3.10,"7,591",2382
109/03/23,"7,673,021","409,989,519",52.00,54.90,52.00,52.60,-2.20,"3,726",2382
109/03/24,"11,018,118","625,219,517",54.90,57.40,54.80,57.30,+4.70,"5,251",2382
109/03/25,"10,533,388","631,554,304",60.50,60.60,58.60,59.60,+2.30,"6,290",2382
109/03/26,"8,167,624","490,700,440",60.30,60.60,58.90,60.10,+0.50,"3,683",2382
109/03/27,"7,426,101","449,302,160",61.20,61.50,59.30,60.20,+0.10,"4,241",2382
109/03/30,"7,054,744","419,115,307",59.10,60.00,58.60,59.60,-0.60,"3,023",2382
109/03/31,"10,606,723","645,957,721",61.00,62.00,59.80,60.20,+0.60,"4,997",2382
109/04/01,"6,061,251","362,965,260",60.20,60.50,59.60,59.70,-0.50,"2,749",2382
109/04/06,"15,563,075","975,558,286",63.90,64.00,61.90,62.80,+3.10,"6,840",2382
109/04/07,"11,580,295","728,628,007",63.40,63.70,62.30,62.80, 0.00,"6,072",2382
109/04/08,"7,034,523","440,225,673",62.60,63.00,62.30,62.50,-0.30,"2,441",2382
109/04/09,"12,000,739","750,143,533",64.50,64.50,61.50,61.80,-0.70,"6,556",2382
109/04/10,"3,689,074","228,263,588",62.10,62.40,61.70,61.80, 0.00,"1,813",2382
109/04/13,"3,715,114","230,105,839",62.00,62.40,61.70,61.90,+0.10,"2,054",2382
109/04/14,"11,259,024","711,982,904",62.60,63.80,62.40,63.70,+1.80,"5,335",2382
109/04/15,"14,624,256","928,305,014",63.70,63.90,63.10,63.40,-0.30,"5,385",2382
109/04/16,"11,116,449","703,132,421",62.80,63.70,62.60,63.10,-0.30,"4,357",2382
109/04/17,"11,505,227","727,197,044",63.60,64.00,62.20,62.80,-0.30,"5,182",2382
109/04/20,"8,380,004","528,111,330",62.70,63.30,62.60,63.10,+0.30,"3,925",2382
109/04/21,"7,052,376","440,182,912",62.60,63.20,61.70,62.20,-0.90,"4,554",2382
109/04/22,"5,995,944","371,318,610",62.00,62.40,61.70,62.00,-0.20,"4,032",2382
109/04/23,"5,613,054","351,572,582",62.30,63.30,61.90,62.90,+0.90,"3,206",2382
109/04/24,"5,987,810","374,181,193",63.00,63.10,62.20,62.40,-0.50,"3,250",2382
109/04/27,"8,624,648","540,299,152",63.20,63.20,62.00,62.50,+0.10,"2,910",2382
109/04/28,"10,079,757","633,925,404",63.00,63.20,62.70,62.80,+0.30,"3,742",2382
109/04/29,"12,204,298","776,606,255",63.50,64.20,63.10,63.20,+0.40,"5,078",2382
109/04/30,"14,997,987","964,049,528",63.60,64.90,63.40,64.90,+1.70,"7,061",2382
109/05/04,"10,448,965","665,564,860",64.00,64.30,63.00,64.00,-0.90,"4,965",2382
109/05/05,"10,354,755","664,327,780",63.90,64.70,63.80,64.00, 0.00,"4,820",2382
109/05/06,"8,366,864","538,689,816",64.00,64.70,63.30,64.50,+0.50,"3,882",2382
109/05/07,"6,470,523","417,834,426",64.50,64.80,64.30,64.50, 0.00,"2,661",2382
109/05/08,"10,388,422","678,378,772",65.00,66.20,64.80,64.90,+0.40,"5,110",2382
109/05/11,"12,186,129","804,205,572",65.80,66.40,65.10,65.90,+1.00,"5,707",2382
109/05/12,"11,313,889","740,015,802",65.00,66.00,64.80,65.60,-0.30,"5,447",2382
109/05/13,"6,963,950","455,190,100",65.30,65.60,65.10,65.50,-0.10,"3,807",2382
109/05/14,"8,347,048","543,358,120",65.50,66.20,64.50,65.00,-0.50,"4,887",2382
109/05/15,"13,727,025","896,227,617",65.50,65.90,64.40,65.20,+0.20,"6,982",2382
109/05/18,"13,618,500","902,871,670",65.20,67.00,65.20,66.50,+1.30,"7,591",2382
109/05/19,"21,077,776","1,442,012,512",68.00,69.30,67.50,68.30,+1.80,"10,475",2382
109/05/20,"10,612,733","727,264,558",69.00,69.20,67.70,68.30, 0.00,"6,109",2382
109/05/21,"16,351,331","1,137,733,660",69.00,69.90,68.90,69.80,+1.50,"8,515",2382
109/05/22,"9,504,649","657,515,995",70.00,70.00,68.60,68.70,-1.10,"5,613",2382
109/05/25,"5,751,434","396,165,985",69.50,69.70,67.60,69.00,+0.30,"3,512",2382
109/05/26,"8,795,859","612,135,403",69.30,69.90,69.30,69.50,+0.50,"4,765",2382
109/05/27,"10,711,000","743,181,200",70.00,70.10,68.80,69.00,-0.50,"4,173",2382
109/05/28,"13,483,389","932,745,143",69.60,69.80,68.90,69.50,+0.50,"5,045",2382
109/05/29,"24,360,965","1,696,564,450",69.50,70.00,68.90,70.00,+0.50,"4,057",2382
109/06/01,"9,483,498","664,303,691",70.10,70.50,69.50,69.90,-0.10,"5,404",2382
109/06/02,"7,537,887","527,287,901",70.00,70.30,69.50,69.90, 0.00,"3,808",2382
109/06/03,"10,202,967","715,216,290",70.30,70.50,69.80,70.10,+0.20,"4,544",2382
109/06/04,"19,806,807","1,412,121,333",70.60,72.00,70.50,71.50,+1.40,"8,050",2382
109/06/05,"7,904,958","567,853,954",71.90,72.00,71.50,72.00,+0.50,"3,963",2382
109/06/08,"20,925,364","1,461,219,765",70.00,70.80,69.00,70.80,-1.20,"9,676",2382
109/06/09,"12,637,883","890,253,836",70.40,70.90,69.50,70.80, 0.00,"6,980",2382
109/06/10,"14,046,152","990,575,966",71.00,71.40,69.80,69.80,-1.00,"7,148",2382
109/06/11,"10,164,157","710,431,370",70.20,70.50,69.50,69.70,-0.10,"4,773",2382
109/06/12,"14,664,068","996,826,597",68.90,69.00,67.50,67.80,-1.90,"6,670",2382
109/06/15,"8,911,957","599,040,019",67.20,67.80,66.70,67.00,-0.80,"4,762",2382
109/06/16,"7,856,143","533,232,524",68.00,68.10,67.60,68.00,+1.00,"4,148",2382
109/06/17,"6,996,531","475,673,498",68.50,68.90,67.60,68.10,+0.10,"4,427",2382
109/06/18,"7,833,057","536,465,606",68.50,68.80,68.20,68.80,+0.70,"5,049",2382
109/06/19,"19,301,217","1,353,174,083",70.60,71.60,69.60,69.60,+0.80,"8,364",2382
109/06/22,"7,559,976","528,927,120",70.10,70.20,69.70,70.00,+0.40,"3,665",2382
109/06/23,"7,105,249","498,036,895",70.10,70.50,69.70,70.00, 0.00,"2,882",2382
109/06/24,"6,660,955","471,631,513",70.50,71.40,70.40,70.90,+0.90,"3,346",2382
109/06/29,"7,515,570","531,288,314",70.10,71.50,69.90,70.90, 0.00,"4,095",2382
109/06/30,"8,072,316","572,275,189",71.40,71.40,70.70,71.00,+0.10,"3,456",2382
109/07/01,"7,218,199","515,933,576",71.00,71.70,70.90,71.60,+0.60,"2,911",2382
109/07/02,"11,648,718","846,395,585",71.90,73.10,71.80,72.60,+1.00,"4,484",2382
109/07/03,"11,031,971","815,748,854",73.00,74.20,73.00,74.00,+1.40,"5,677",2382
109/07/06,"9,586,314","717,711,950",74.30,75.40,74.20,75.40,+1.40,"4,151",2382
109/07/07,"16,760,003","1,266,865,800",75.50,76.20,74.90,75.80,+0.40,"5,828",2382
109/07/08,"19,448,784","1,491,531,310",75.80,77.10,75.50,76.70,+0.90,"6,259",2382
109/07/09,"15,644,715","1,212,609,009",77.30,78.70,76.50,76.70, 0.00,"6,468",2382
109/07/10,"10,192,024","779,722,723",77.00,77.30,75.00,77.00,+0.30,"5,075",2382
109/07/13,"6,935,986","538,173,794",77.30,78.10,77.20,77.80,+0.80,"2,739",2382
109/07/14,"6,472,204","500,980,248",77.60,77.90,76.60,77.50,-0.30,"2,686",2382
109/07/15,"10,257,813","806,167,321",78.30,79.30,78.10,78.70,+1.20,"5,018",2382
109/07/16,"6,483,667","509,336,826",79.30,79.30,78.00,78.00,-0.70,"2,932",2382
109/07/17,"6,826,458","536,549,024",79.50,79.80,77.70,78.00, 0.00,"3,598",2382
109/07/20,"8,673,119","684,970,744",78.60,79.60,78.30,79.00,+1.00,"5,472",2382
109/07/21,"14,055,707","1,124,091,084",79.40,80.20,79.40,79.90,+0.90,"5,163",2382
109/07/22,"14,392,163","1,170,880,302",79.70,82.00,79.70,82.00,+2.10,"7,254",2382
109/07/23,"9,547,855","783,490,185",82.00,82.80,80.70,82.00, 0.00,"4,429",2382
109/07/24,"13,993,761","1,127,083,014",81.20,82.00,79.20,79.90,-2.10,"6,734",2382
109/07/27,"13,449,732","1,082,790,341",79.80,81.80,79.70,79.80,-0.10,"6,506",2382
109/07/28,"15,522,929","1,238,626,738",78.90,80.90,78.90,79.70,-0.10,"6,619",2382
109/07/29,"13,760,755","1,108,939,961",80.00,81.30,79.90,80.60,+0.90,"8,168",2382
109/07/30,"20,279,862","1,663,365,384",82.00,82.50,81.00,82.10,+1.50,"8,707",2382
109/07/31,"21,467,875","1,768,703,648",82.70,82.80,81.80,81.80,-0.30,"7,191",2382
109/08/03,"36,948,928","2,762,518,815",74.70,76.20,73.50,73.60,X0.00,"14,312",2382
109/08/04,"16,174,435","1,204,281,571",74.50,75.30,73.30,75.30,+1.70,"8,047",2382
109/08/05,"16,250,900","1,246,999,815",75.70,77.90,75.30,77.40,+2.10,"8,777",2382
109/08/06,"11,131,499","852,375,757",77.50,77.80,75.90,76.20,-1.20,"6,433",2382
109/08/07,"9,316,727","712,939,202",76.20,77.30,76.00,76.00,-0.20,"5,592",2382
109/08/10,"10,840,768","831,464,342",76.30,77.60,76.30,76.30,+0.30,"5,560",2382
109/08/11,"7,943,289","602,029,729",76.50,76.50,75.30,75.30,-1.00,"3,952",2382
109/08/12,"5,835,317","434,307,467",75.80,75.80,73.80,74.20,-1.10,"3,536",2382
109/08/13,"5,731,191","428,769,388",75.20,75.40,74.20,75.00,+0.80,"3,441",2382
109/08/14,"44,662,142","3,580,953,412",77.00,82.00,76.80,81.00,+6.00,"20,073",2382
109/08/17,"26,052,630","2,175,717,578",82.20,84.60,82.00,84.30,+3.30,"15,524",2382
109/08/18,"16,306,372","1,347,883,893",84.60,85.00,81.90,82.20,-2.10,"8,841",2382
109/08/19,"10,396,615","858,613,011",83.00,84.30,81.50,81.50,-0.70,"6,046",2382
109/08/20,"15,395,597","1,212,648,446",81.50,81.50,76.10,78.90,-2.60,"8,317",2382
109/08/21,"21,554,895","1,691,490,624",80.00,80.20,77.00,77.90,-1.00,"12,980",2382
109/08/24,"9,335,394","726,251,964",78.30,78.60,77.40,77.60,-0.30,"5,278",2382
109/08/25,"13,014,794","1,025,797,576",78.80,79.30,78.40,78.90,+1.30,"5,943",2382
109/08/26,"13,695,958","1,082,048,354",79.90,80.00,78.40,79.10,+0.20,"6,402",2382
109/08/27,"12,578,055","983,559,616",79.10,79.20,77.50,78.50,-0.60,"5,742",2382
109/08/28,"16,321,210","1,261,610,965",78.80,78.80,76.30,77.20,-1.30,"10,015",2382
109/08/31,"15,953,639","1,234,012,216",78.10,78.60,76.80,77.00,-0.20,"7,701",2382
109/09/01,"16,370,592","1,271,034,576",77.70,78.80,77.00,77.90,+0.90,"9,033",2382
109/09/02,"12,238,780","951,561,840",78.30,78.60,77.20,77.80,-0.10,"7,086",2382
109/09/03,"13,719,137","1,072,106,969",78.30,78.70,77.50,77.80, 0.00,"6,741",2382
109/09/04,"17,930,539","1,365,213,401",76.20,77.20,75.10,76.80,-1.00,"7,839",2382
109/09/07,"9,884,373","749,848,766",76.80,76.80,75.50,75.60,-1.20,"5,481",2382
109/09/08,"11,086,323","830,538,601",76.50,76.50,74.40,74.90,-0.70,"6,098",2382
109/09/09,"13,942,749","1,026,314,006",74.10,74.40,72.70,74.40,-0.50,"7,203",2382
109/09/10,"11,524,031","872,445,147",75.70,76.40,75.10,75.90,+1.50,"6,009",2382
109/09/11,"7,365,656","559,338,975",75.90,76.40,75.20,76.40,+0.50,"3,213",2382
109/09/14,"8,796,455","678,304,963",76.80,78.10,76.20,78.10,+1.70,"4,159",2382
109/09/15,"8,749,597","682,833,817",78.20,78.50,77.60,78.30,+0.20,"5,401",2382
109/09/16,"10,763,554","846,313,637",78.60,79.30,78.00,78.80,+0.50,"5,204",2382
109/09/17,"7,201,912","568,563,268",78.80,79.50,78.50,78.60,-0.20,"4,049",2382
109/09/18,"10,013,346","781,793,204",78.30,78.70,77.70,78.10,-0.50,"3,507",2382
109/09/21,"6,363,307","489,897,675",78.00,78.10,76.30,76.30,-1.80,"3,617",2382
109/09/22,"7,007,505","530,862,512",75.50,76.20,75.20,75.60,-0.70,"3,985",2382
109/09/23,"5,435,354","410,405,716",75.60,76.20,75.00,75.40,-0.20,"3,433",2382
109/09/24,"13,664,963","1,004,355,070",74.50,74.90,72.70,73.00,-2.40,"7,331",2382
109/09/25,"7,114,338","520,381,967",74.00,74.10,72.40,73.40,+0.40,"4,455",2382
109/09/28,"8,221,454","606,782,660",73.70,74.40,73.40,74.20,+0.80,"4,787",2382
109/09/29,"7,153,188","533,122,795",75.00,75.30,74.10,74.50,+0.30,"3,368",2382
109/09/30,"7,021,849","527,834,676",74.90,75.60,74.50,75.60,+1.10,"3,311",2382
109/10/05,"9,349,746","694,786,894",75.60,75.80,73.70,74.00,-1.60,"4,478",2382
109/10/06,"8,615,949","642,392,757",74.70,75.10,74.00,74.90,+0.90,"5,295",2382
109/10/07,"8,629,674","640,305,108",74.90,75.00,73.80,74.20,-0.70,"5,408",2382
109/10/08,"7,270,324","541,100,846",74.50,74.90,74.10,74.90,+0.70,"4,537",2382
109/10/12,"12,446,272","915,616,506",74.80,75.00,73.10,73.30,-1.60,"6,326",2382
109/10/13,"6,437,497","473,472,978",73.20,73.90,72.80,73.90,+0.60,"3,143",2382
109/10/14,"5,799,510","428,225,340",73.90,74.20,73.50,73.90, 0.00,"2,416",2382
109/10/15,"6,439,276","474,827,137",73.60,74.20,73.20,74.10,+0.20,"2,704",2382
109/10/16,"5,874,286","431,077,483",73.80,74.00,73.20,73.20,-0.90,"2,899",2382
109/10/19,"3,650,878","267,617,027",73.40,73.50,73.00,73.20, 0.00,"1,843",2382
109/10/20,"3,610,012","265,157,476",73.90,73.90,73.10,73.20, 0.00,"1,934",2382
109/10/21,"15,597,770","1,123,411,049",73.70,73.70,71.20,71.20,-2.00,"8,867",2382
109/10/22,"10,713,441","768,133,824",70.90,72.20,70.80,72.10,+0.90,"5,220",2382
109/10/23,"5,340,975","382,784,500",72.10,72.20,71.40,71.70,-0.40,"2,849",2382
109/10/26,"4,142,928","299,330,801",72.10,72.40,72.00,72.20,+0.50,"2,321",2382
109/10/27,"6,821,980","491,876,467",71.90,72.50,71.30,72.30,+0.10,"2,516",2382
109/10/28,"6,793,493","495,266,948",72.30,73.20,72.30,73.10,+0.80,"3,266",2382
109/10/29,"7,248,648","521,875,226",71.80,72.60,71.20,72.00,-1.10,"3,820",2382
109/10/30,"7,806,738","561,520,926",71.50,72.40,71.30,72.00, 0.00,"3,874",2382
109/11/02,"4,399,273","318,476,564",72.00,72.80,71.60,72.80,+0.80,"2,122",2382
109/11/03,"5,495,176","401,417,624",72.80,73.40,72.40,73.30,+0.50,"2,908",2382
109/11/04,"6,602,507","481,175,500",73.00,73.30,72.30,72.70,-0.60,"3,889",2382
109/11/05,"7,422,466","542,841,441",72.80,73.90,72.70,72.70, 0.00,"3,581",2382
109/11/06,"7,522,344","552,944,999",72.90,73.80,72.80,73.80,+1.10,"3,331",2382
109/11/09,"6,824,948","504,784,271",74.30,74.40,73.50,74.00,+0.20,"4,006",2382
109/11/10,"11,671,463","848,543,600",73.00,73.30,72.00,72.10,-1.90,"6,088",2382
109/11/11,"14,146,843","1,015,796,264",71.80,72.50,71.30,71.60,-0.50,"7,700",2382
109/11/12,"11,220,394","803,751,156",72.20,72.30,71.10,71.10,-0.50,"5,569",2382
109/11/13,"9,467,522","674,784,323",70.80,71.80,70.80,71.50,+0.40,"4,967",2382
109/11/16,"23,047,292","1,729,901,621",73.30,76.30,73.20,76.10,+4.60,"12,333",2382
109/11/17,"21,292,393","1,607,355,010",76.60,77.00,74.90,75.60,-0.50,"8,436",2382
109/11/18,"13,741,403","1,045,081,842",75.50,76.50,75.20,76.30,+0.70,"7,373",2382
109/11/19,"9,145,884","699,409,732",76.20,76.80,75.60,76.50,+0.20,"4,216",2382
109/11/20,"5,415,399","413,150,498",76.80,76.90,76.00,76.50, 0.00,"2,687",2382
109/11/23,"9,962,430","769,504,739",77.40,77.50,76.50,77.50,+1.00,"5,079",2382
109/11/24,"8,475,548","656,268,339",77.60,77.90,77.00,77.40,-0.10,"4,438",2382
109/11/25,"6,889,417","533,320,503",77.50,77.70,77.10,77.50,+0.10,"3,442",2382
109/11/26,"6,624,674","514,496,458",77.80,78.30,77.30,77.70,+0.20,"4,050",2382
109/11/27,"8,149,042","630,183,428",77.40,77.70,77.00,77.70, 0.00,"3,639",2382
109/11/30,"19,139,610","1,470,803,739",77.80,77.90,76.00,77.00,-0.70,"5,544",2382
109/12/01,"6,088,410","468,121,010",76.50,77.50,76.00,77.50,+0.50,"3,580",2382
109/12/02,"10,090,786","783,743,458",77.40,78.10,77.10,77.80,+0.30,"4,670",2382
109/12/03,"7,797,247","606,806,542",78.00,78.30,77.30,77.40,-0.40,"3,930",2382
109/12/04,"9,510,631","746,930,791",77.80,79.00,77.60,79.00,+1.60,"4,751",2382
109/12/07,"16,949,268","1,372,599,319",80.00,81.50,79.80,81.40,+2.40,"7,955",2382
109/12/08,"13,941,288","1,140,679,907",82.00,83.40,80.90,81.90,+0.50,"6,815",2382
109/12/09,"7,167,349","586,032,057",82.00,82.00,81.20,81.90, 0.00,"3,900",2382
109/12/10,"11,336,322","912,623,969",81.00,81.20,79.90,80.60,-1.30,"4,868",2382
109/12/11,"8,760,837","708,415,387",80.70,81.90,79.90,81.10,+0.50,"4,225",2382
109/12/14,"8,501,194","681,782,537",81.00,81.00,79.90,79.90,-1.20,"4,410",2382
109/12/15,"11,954,883","934,890,579",79.80,80.00,77.30,77.60,-2.30,"6,278",2382
109/12/16,"11,133,142","871,575,130",78.00,79.40,77.60,78.90,+1.30,"5,827",2382
109/12/17,"6,399,802","499,263,396",78.90,78.90,77.70,77.70,-1.20,"2,891",2382
109/12/18,"10,477,549","828,253,146",78.20,79.80,78.00,78.90,+1.20,"4,217",2382
109/12/21,"6,387,076","505,088,330",78.90,79.50,78.00,79.50,+0.60,"3,728",2382
109/12/22,"6,908,485","542,293,134",79.50,79.50,77.90,78.30,-1.20,"3,435",2382
109/12/23,"6,481,704","508,148,657",78.00,79.00,77.00,79.00,+0.70,"3,198",2382
109/12/24,"3,662,009","288,132,009",79.10,79.10,78.30,78.80,-0.20,"1,879",2382
109/12/25,"4,628,739","368,515,288",79.20,80.00,78.90,79.80,+1.00,"2,566",2382
109/12/28,"6,729,287","541,732,411",80.50,81.00,80.00,80.90,+1.10,"4,010",2382
109/12/29,"3,972,175","318,810,925",80.80,80.90,80.00,80.40,-0.50,"2,480",2382
109/12/30,"4,209,798","339,779,904",80.70,81.00,80.00,81.00,+0.60,"2,644",2382
109/12/31,"4,113,407","332,507,704",80.70,81.20,80.40,80.90,-0.10,"1,729",2382
110/01/04,"9,164,248","742,458,321",80.40,81.50,80.20,81.10,+0.20,"4,971",2382
110/01/05,"17,034,217","1,423,013,007",81.30,84.80,81.20,84.70,+3.60,"9,167",2382
110/01/06,"14,793,018","1,249,111,185",84.00,85.80,83.10,83.90,-0.80,"8,015",2382
110/01/07,"8,899,811","749,583,199",83.80,84.90,83.80,83.90, 0.00,"5,208",2382
110/01/08,"9,496,651","800,499,780",85.00,85.00,83.70,84.60,+0.70,"5,419",2382
110/01/11,"7,992,515","673,655,120",84.60,85.00,83.60,84.90,+0.30,"5,147",2382
110/01/12,"8,368,077","706,271,175",84.90,85.00,83.80,84.90, 0.00,"4,770",2382
110/01/13,"14,484,656","1,246,281,355",85.00,86.90,84.90,86.10,+1.20,"7,500",2382
110/01/14,"10,914,911","937,824,409",86.00,86.90,85.00,85.60,-0.50,"5,794",2382
110/01/15,"10,879,035","932,317,196",86.20,86.70,85.00,85.00,-0.60,"6,396",2382
110/01/18,"10,239,064","849,553,513",84.20,84.20,81.80,83.20,-1.80,"5,604",2382
110/01/19,"7,981,616","662,575,828",83.50,83.90,82.60,82.60,-0.60,"4,466",2382
110/01/20,"12,708,997","1,032,913,190",82.60,83.00,80.20,81.20,-1.40,"6,615",2382
110/01/21,"7,772,804","633,556,559",82.00,82.50,81.00,81.40,+0.20,"4,819",2382
110/01/22,"7,952,261","653,179,443",81.50,82.90,81.30,82.40,+1.00,"4,614",2382
110/01/25,"9,672,896","810,641,040",82.60,84.50,82.60,84.30,+1.90,"5,513",2382
110/01/26,"7,038,219","586,707,295",84.30,84.30,83.00,83.00,-1.30,"4,469",2382
110/01/27,"8,460,254","710,726,612",83.20,84.90,83.20,84.10,+1.10,"4,869",2382
110/01/28,"10,868,856","902,237,142",83.10,85.00,82.10,82.80,-1.30,"6,505",2382
110/01/29,"10,521,892","859,952,641",82.30,83.10,80.70,80.70,-2.10,"5,278",2382
110/02/01,"8,213,090","675,437,279",80.90,82.90,80.90,82.50,+1.80,"5,412",2382
110/02/02,"14,744,356","1,246,681,324",82.80,85.10,82.80,84.60,+2.10,"8,120",2382
110/02/03,"11,066,314","946,863,902",85.60,86.10,84.30,85.50,+0.90,"6,486",2382
110/02/04,"5,613,781","477,071,972",85.50,85.70,84.50,84.50,-1.00,"3,537",2382
110/02/05,"7,622,177","647,594,723",84.50,85.80,84.00,85.10,+0.60,"4,272",2382
110/02/17,"20,498,811","1,802,466,381",87.00,88.90,86.10,88.70,+3.60,"10,114",2382
110/02/18,"12,100,517","1,073,546,728",88.20,89.30,87.80,88.90,+0.20,"6,297",2382
110/02/19,"9,312,710","815,410,675",88.20,88.40,86.80,88.20,-0.70,"5,592",2382
110/02/22,"10,562,617","927,917,666",88.30,89.60,87.30,87.30,-0.90,"6,401",2382
110/02/23,"8,224,180","710,709,998",87.10,87.10,86.10,86.70,-0.60,"5,034",2382
110/02/24,"10,133,155","870,868,210",86.60,87.30,85.20,85.50,-1.20,"5,807",2382
110/02/25,"9,479,690","819,399,016",86.30,87.00,85.80,87.00,+1.50,"4,880",2382
110/02/26,"15,174,234","1,291,097,739",86.00,86.10,84.80,85.00,-2.00,"5,801",2382
110/03/02,"7,971,211","686,365,844",85.80,86.50,85.70,86.00,+1.00,"4,821",2382
110/03/03,"10,840,540","928,462,283",86.50,86.80,85.30,85.60,-0.40,"5,327",2382
110/03/04,"12,142,698","1,036,259,911",85.60,85.90,85.00,85.20,-0.40,"6,393",2382
110/03/05,"10,411,271","885,580,710",84.80,85.50,84.50,85.50,+0.30,"4,695",2382
110/03/08,"9,537,788","815,663,373",86.60,86.60,84.60,85.00,-0.50,"4,762",2382
110/03/09,"11,337,222","960,990,556",85.80,85.80,83.80,85.50,+0.50,"6,795",2382
110/03/10,"8,565,621","735,128,997",86.50,86.50,85.50,85.70,+0.20,"5,258",2382
110/03/11,"6,787,293","587,134,337",85.80,86.90,85.80,86.80,+1.10,"4,104",2382
110/03/12,"10,532,083","925,837,126",86.80,88.70,86.80,88.50,+1.70,"6,895",2382
110/03/15,"8,239,033","731,615,355",88.00,89.20,87.80,88.90,+0.40,"4,258",2382
110/03/16,"8,394,078","749,909,223",89.10,89.70,88.60,89.50,+0.60,"4,446",2382
110/03/17,"8,274,823","734,648,799",88.90,89.30,88.30,88.60,-0.90,"5,266",2382
110/03/18,"15,978,734","1,464,630,784",88.60,93.70,88.60,91.50,+2.90,"9,158",2382
110/03/19,"13,318,088","1,197,722,083",91.00,91.40,89.40,89.40,-2.10,"5,036",2382
110/03/22,"5,538,561","500,589,098",89.60,91.00,89.30,90.80,+1.40,"3,720",2382
110/03/23,"14,293,688","1,336,735,968",90.70,94.90,90.70,93.40,+2.60,"8,512",2382
110/03/24,"7,464,333","693,189,619",93.50,94.50,93.30,93.70,+0.30,"3,765",2382
110/03/25,"7,336,495","683,283,589",92.80,94.30,92.50,93.00,-0.70,"3,878",2382
110/03/26,"5,528,698","519,136,960",93.20,94.30,93.20,94.00,+1.00,"3,334",2382
110/03/29,"13,944,622","1,359,863,987",94.90,98.40,94.90,98.00,+4.00,"7,190",2382
110/03/30,"14,419,124","1,416,169,148",98.00,99.40,96.60,99.00,+1.00,"7,338",2382
110/03/31,"22,848,397","2,275,752,240",100.00,102.00,98.00,98.00,-1.00,"10,737",2382
110/04/01,"8,830,130","876,899,781",100.00,100.50,98.90,99.00,+1.00,"4,880",2382
110/04/06,"5,555,522","554,299,401",100.00,100.50,99.20,99.30,+0.30,"3,489",2382
110/04/07,"7,849,363","777,116,567",100.00,100.50,98.50,99.00,-0.30,"4,610",2382
110/04/08,"6,926,191","685,490,415",98.90,99.50,98.80,98.80,-0.20,"3,714",2382
110/04/09,"9,469,680","927,413,813",98.80,99.00,97.60,97.90,-0.90,"5,366",2382
110/04/12,"5,578,597","545,805,280",98.00,99.00,97.40,97.40,-0.50,"3,614",2382
110/04/13,"12,167,213","1,168,251,278",97.00,97.40,95.20,95.90,-1.50,"7,995",2382
110/04/14,"12,176,617","1,167,776,476",96.90,97.30,95.00,96.00,+0.10,"7,288",2382
110/04/15,"8,881,682","850,973,532",95.90,96.00,95.20,95.90,-0.10,"4,293",2382
110/04/16,"9,335,558","905,995,321",96.20,97.90,96.00,97.90,+2.00,"4,759",2382
110/04/19,"6,502,782","631,928,879",97.30,97.80,96.80,97.30,-0.60,"3,728",2382
110/04/20,"7,745,333","757,435,671",97.50,98.50,97.40,98.00,+0.70,"4,414",2382
110/04/21,"8,079,002","789,781,853",97.50,98.50,97.50,97.80,-0.20,"4,503",2382
110/04/22,"12,605,560","1,226,576,624",98.20,98.40,96.80,97.20,-0.60,"6,274",2382
110/04/23,"9,901,846","966,388,488",98.00,98.70,97.00,97.60,+0.40,"5,589",2382
110/04/26,"6,132,075","603,381,576",97.60,98.80,97.50,98.80,+1.20,"3,534",2382
110/04/27,"11,003,092","1,075,961,200",99.40,99.40,97.00,97.40,-1.40,"6,628",2382
110/04/28,"7,973,552","776,403,251",98.00,98.40,96.90,97.60,+0.20,"3,583",2382
110/04/29,"7,763,796","762,512,788",97.90,98.50,97.70,98.40,+0.80,"3,431",2382
110/05/03,"11,342,742","1,097,789,826",97.10,98.00,96.20,96.20,-2.20,"4,055",2382
110/05/04,"12,358,292","1,169,852,079",96.20,96.20,93.40,94.30,-1.90,"6,489",2382
110/05/05,"7,757,239","731,279,841",93.80,94.90,93.70,94.10,-0.20,"4,390",2382
110/05/06,"13,935,757","1,295,561,764",93.70,94.20,92.30,93.00,-1.10,"7,382",2382
110/05/07,"10,552,187","1,000,208,790",93.00,95.40,93.00,95.40,+2.40,"5,107",2382
110/05/10,"6,954,805","660,207,919",95.40,96.00,94.30,94.50,-0.90,"3,732",2382
110/05/11,"12,120,406","1,113,501,556",93.00,93.40,90.60,91.50,-3.00,"6,480",2382
110/05/12,"23,909,836","2,102,393,416",90.10,91.30,84.00,87.90,-3.60,"11,788",2382
110/05/13,"15,607,414","1,374,081,134",87.00,89.80,85.20,88.10,+0.20,"8,235",2382
110/05/14,"14,976,538","1,368,311,330",90.00,93.00,89.40,90.30,+2.20,"9,088",2382
110/05/17,"16,275,691","1,434,631,727",88.40,89.50,87.00,88.30,-2.00,"10,540",2382
110/05/18,"15,650,771","1,391,931,696",87.60,90.30,86.50,90.00,+1.70,"7,282",2382
110/05/19,"9,828,634","883,361,717",89.60,90.90,88.90,89.50,-0.50,"4,941",2382
110/05/20,"11,987,595","1,066,945,985",89.40,90.50,88.30,88.40,-1.10,"6,938",2382
110/05/21,"10,779,059","960,122,353",88.70,90.80,88.40,88.80,+0.40,"5,823",2382
110/05/24,"7,664,809","674,568,498",88.30,88.60,87.50,87.90,-0.90,"4,550",2382
110/05/25,"11,984,689","1,056,199,556",87.90,88.60,87.80,87.90, 0.00,"5,880",2382
110/05/26,"14,479,032","1,262,412,139",87.80,88.10,86.50,87.20,-0.70,"7,901",2382
110/05/27,"37,550,450","3,276,443,469",86.60,87.90,86.10,87.40,+0.20,"7,339",2382
110/05/28,"12,941,525","1,136,305,165",86.80,88.80,86.80,87.90,+0.50,"6,517",2382
110/05/31,"10,804,715","962,328,662",88.10,89.80,88.00,89.70,+1.80,"6,277",2382
110/06/01,"9,083,486","818,428,395",90.40,90.70,89.80,89.90,+0.20,"6,110",2382
110/06/02,"14,666,308","1,304,104,979",89.90,90.30,88.20,88.40,-1.50,"8,980",2382
110/06/03,"12,673,182","1,112,196,741",88.20,88.60,87.40,87.80,-0.60,"8,667",2382
110/06/04,"8,901,069","775,300,307",87.30,87.50,86.80,87.10,-0.70,"5,823",2382
110/06/07,"8,730,017","756,766,694",87.10,87.20,86.00,87.00,-0.10,"4,597",2382
110/06/08,"7,695,881","668,988,169",87.20,87.70,86.60,86.70,-0.30,"4,459",2382
110/06/09,"15,149,999","1,296,374,347",86.50,86.70,85.10,85.10,-1.60,"9,875",2382
110/06/10,"11,685,068","996,827,839",85.10,86.20,85.00,85.10, 0.00,"6,255",2382
110/06/11,"7,623,619","655,584,766",85.30,86.40,85.20,86.00,+0.90,"3,812",2382
110/06/15,"11,879,535","1,035,352,687",86.70,87.80,86.30,87.10,+1.10,"6,005",2382
110/06/16,"12,962,370","1,140,032,549",87.10,88.30,87.00,88.30,+1.20,"7,571",2382
110/06/17,"13,638,623","1,191,086,950",87.50,87.80,86.70,87.60,-0.70,"7,751",2382
110/06/18,"13,643,334","1,189,338,187",87.70,87.80,87.00,87.00,-0.60,"4,984",2382
110/06/21,"9,566,797","833,857,636",87.00,87.60,86.50,87.10,+0.10,"4,755",2382
110/06/22,"16,602,957","1,432,908,390",87.00,87.20,85.70,86.20,-0.90,"8,284",2382
110/06/23,"10,363,576","900,967,354",86.20,87.40,86.20,87.00,+0.80,"5,863",2382
110/06/24,"13,207,462","1,145,291,497",87.00,87.30,86.30,86.80,-0.20,"6,432",2382
110/06/25,"9,910,494","865,092,818",86.60,87.80,86.50,87.30,+0.50,"5,341",2382
110/06/28,"7,124,430","623,642,256",87.50,87.80,87.00,87.70,+0.40,"4,709",2382
110/06/29,"8,384,419","729,956,560",87.90,88.00,86.60,86.90,-0.80,"4,790",2382
110/06/30,"7,895,005","691,077,339",87.20,87.80,87.10,87.50,+0.60,"3,913",2382
110/07/01,"10,942,463","965,635,541",87.40,88.80,87.10,88.20,+0.70,"6,198",2382
110/07/02,"9,686,283","860,999,257",88.00,89.40,87.80,88.90,+0.70,"4,758",2382
110/07/05,"9,811,694","885,763,324",89.30,90.60,89.20,90.20,+1.30,"6,902",2382
110/07/06,"10,355,258","935,012,485",90.20,90.90,89.50,89.50,-0.70,"6,750",2382
110/07/07,"5,906,141","529,289,702",89.40,89.90,89.40,89.50, 0.00,"4,091",2382
110/07/08,"8,000,741","726,678,593",90.10,91.40,90.10,90.60,+1.10,"4,948",2382
110/07/09,"9,957,646","901,252,330",90.60,91.00,90.00,90.50,-0.10,"6,106",2382
110/07/12,"10,439,226","949,955,973",91.00,91.50,90.50,91.30,+0.80,"5,070",2382
110/07/13,"8,580,315","785,563,169",91.40,91.80,91.00,91.80,+0.50,"3,914",2382
110/07/14,"10,899,815","986,467,947",91.60,91.80,89.70,89.90,-1.90,"5,554",2382
110/07/15,"10,340,217","926,458,510",90.00,90.50,89.00,89.40,-0.50,"5,960",2382
110/07/16,"8,541,420","772,003,633",89.50,91.40,89.10,91.40,+2.00,"4,465",2382
110/07/19,"8,372,195","756,717,848",90.30,91.00,89.80,90.70,-0.70,"5,204",2382
110/07/20,"10,299,591","936,130,980",91.20,91.20,90.00,91.00,+0.30,"4,553",2382
110/07/21,"16,521,769","1,495,384,634",91.80,92.00,89.80,90.30,-0.70,"5,229",2382
110/07/22,"12,946,842","1,164,989,498",89.90,90.80,89.70,90.00,-0.30,"5,191",2382
110/07/23,"19,302,957","1,729,657,303",90.30,90.70,89.10,89.40,-0.60,"10,608",2382
110/07/26,"37,911,465","3,116,062,988",82.50,82.50,80.60,80.90,X0.00,"18,631",2382
110/07/27,"16,566,243","1,324,946,039",81.00,81.00,79.60,80.40,-0.50,"8,733",2382
110/07/28,"12,198,455","960,991,176",79.20,79.50,78.30,79.00,-1.40,"7,292",2382
110/07/29,"8,971,733","703,874,374",79.00,79.10,78.20,78.40,-0.60,"5,500",2382
110/07/30,"13,206,850","1,023,647,518",78.40,78.40,77.10,77.30,-1.10,"7,509",2382
110/08/02,"8,740,583","679,177,667",77.30,78.40,77.30,78.00,+0.70,"4,863",2382
110/08/03,"10,969,679","845,811,960",78.00,78.10,76.50,77.40,-0.60,"6,832",2382
110/08/04,"15,819,238","1,209,501,135",77.40,77.40,76.10,76.20,-1.20,"10,186",2382
110/08/05,"7,314,423","558,714,527",76.10,76.90,76.10,76.40,+0.20,"5,254",2382
110/08/06,"5,748,237","441,589,670",76.90,77.50,76.20,77.10,+0.70,"3,779",2382
110/08/09,"8,235,083","634,715,028",77.20,77.50,76.20,77.50,+0.40,"4,433",2382
110/08/10,"5,757,466","443,311,265",77.80,77.80,76.80,77.10,-0.40,"3,115",2382
110/08/11,"7,846,094","599,861,625",77.00,77.00,76.20,76.40,-0.70,"5,156",2382
110/08/12,"6,542,450","496,735,239",76.50,76.60,75.60,76.00,-0.40,"3,945",2382
110/08/13,"14,009,399","1,037,001,644",75.90,75.90,73.30,73.70,-2.30,"8,928",2382
110/08/16,"12,243,945","894,721,126",73.60,73.70,72.50,73.20,-0.50,"6,315",2382
110/08/17,"9,699,155","713,370,949",73.90,74.60,73.20,73.70,+0.50,"4,605",2382
110/08/18,"12,292,183","918,630,004",73.80,75.50,73.50,75.20,+1.50,"6,462",2382
110/08/19,"6,795,159","506,654,187",75.00,75.30,74.10,74.90,-0.30,"3,768",2382
110/08/20,"6,821,731","516,383,698",75.90,76.50,74.80,75.60,+0.70,"4,082",2382
110/08/23,"5,707,842","434,606,771",76.40,76.60,75.50,75.90,+0.30,"3,208",2382
110/08/24,"5,987,629","458,869,057",76.30,77.00,76.20,76.70,+0.80,"3,247",2382
110/08/25,"5,528,017","425,833,626",76.80,77.20,76.80,77.00,+0.30,"3,265",2382
110/08/26,"4,700,085","358,721,231",77.00,77.20,76.00,76.30,-0.70,"2,797",2382
110/08/27,"4,123,327","316,034,001",76.10,76.90,76.00,76.80,+0.50,"1,949",2382
110/08/30,"4,785,918","369,361,218",76.90,77.50,76.70,77.50,+0.70,"2,781",2382
110/08/31,"9,530,056","744,013,870",77.50,78.40,77.20,78.40,+0.90,"3,360",2382
110/09/01,"4,495,398","350,853,780",78.20,78.30,77.80,78.00,-0.40,"2,922",2382
110/09/02,"2,629,349","203,699,256",77.80,78.00,77.00,77.10,-0.90,"1,973",2382
110/09/03,"3,470,331","268,158,370",77.30,77.80,77.00,77.40,+0.30,"1,979",2382
110/09/06,"2,925,553","226,155,959",77.90,77.90,76.80,76.80,-0.60,"1,948",2382
110/09/07,"2,782,830","214,498,976",76.60,77.50,76.50,76.90,+0.10,"1,350",2382
110/09/08,"4,655,196","355,655,572",76.90,77.20,76.00,76.20,-0.70,"2,744",2382
110/09/09,"3,630,957","275,467,873",75.70,76.50,75.20,76.00,-0.20,"2,108",2382
110/09/10,"7,942,232","591,529,625",75.40,75.50,73.80,74.90,-1.10,"5,161",2382
110/09/13,"4,536,907","340,063,204",74.90,75.50,74.50,75.20,+0.30,"2,639",2382
110/09/14,"3,821,256","288,689,677",75.00,76.10,74.90,75.70,+0.50,"2,180",2382
110/09/15,"5,171,837","393,519,078",76.00,76.60,75.70,75.90,+0.20,"2,737",2382
110/09/16,"2,901,516","220,102,943",76.20,76.40,75.50,76.00,+0.10,"1,746",2382
110/09/17,"13,285,894","1,027,430,838",76.00,77.90,75.90,77.90,+1.90,"4,057",2382
110/09/22,"12,902,109","993,619,146",76.90,78.40,75.80,78.40,+0.50,"7,007",2382
110/09/23,"13,208,307","1,041,847,982",78.00,79.50,77.90,79.50,+1.10,"7,697",2382
110/09/24,"10,158,016","799,949,520",79.80,79.90,78.10,78.40,-1.10,"6,095",2382
110/09/27,"6,004,804","470,140,537",78.40,78.70,77.80,78.20,-0.20,"2,132",2382
110/09/28,"5,107,750","396,313,445",77.70,78.20,77.20,77.50,-0.70,"2,318",2382
110/09/29,"5,980,481","457,932,843",76.80,77.10,76.30,76.70,-0.80,"3,755",2382
110/09/30,"5,821,330","449,600,213",76.20,77.80,76.10,77.50,+0.80,"2,992",2382
110/10/01,"6,102,575","469,640,613",77.00,78.00,76.50,77.00,-0.50,"3,283",2382
110/10/04,"4,440,404","344,114,943",77.50,78.40,77.20,77.30,+0.30,"2,940",2382
110/10/05,"4,685,734","361,033,377",77.40,77.40,76.60,77.10,-0.20,"2,595",2382
110/10/06,"4,490,763","347,071,235",77.10,77.70,76.80,77.50,+0.40,"2,223",2382
110/10/07,"6,555,869","514,982,631",78.00,79.10,77.90,78.10,+0.60,"3,569",2382
110/10/08,"3,461,939","272,085,685",78.20,79.10,78.10,78.50,+0.40,"2,080",2382
110/10/12,"5,919,223","455,674,622",77.60,77.60,76.30,76.90,-1.60,"3,354",2382
110/10/13,"4,649,788","360,187,323",77.80,78.10,76.80,77.40,+0.50,"2,453",2382
110/10/14,"5,922,053","465,161,720",78.10,78.90,77.80,78.90,+1.50,"3,205",2382
110/10/15,"7,568,897","594,787,310",79.30,79.60,78.20,78.40,-0.50,"3,993",2382
110/10/18,"6,332,664","500,712,599",78.90,79.40,78.50,78.90,+0.50,"3,049",2382
110/10/19,"4,340,666","343,405,320",79.20,79.40,78.60,79.40,+0.50,"3,141",2382
110/10/20,"6,537,175","515,115,351",79.70,79.70,78.20,78.40,-1.00,"4,233",2382
110/10/21,"6,005,775","467,645,564",78.70,78.70,77.60,77.90,-0.50,"3,123",2382
110/10/22,"5,969,690","467,089,440",78.50,78.80,77.90,78.30,+0.40,"2,431",2382
110/10/25,"3,929,551","307,361,732",78.30,78.70,77.80,77.90,-0.40,"2,096",2382
110/10/26,"6,535,074","516,950,084",78.30,79.30,78.20,79.20,+1.30,"2,972",2382
110/10/27,"3,040,364","239,278,848",78.70,79.20,78.40,78.60,-0.60,"1,688",2382
110/10/28,"1,951,836","153,723,776",79.10,79.10,78.50,78.90,+0.30,"1,238",2382
110/10/29,"3,824,054","298,922,437",78.90,78.90,77.80,78.00,-0.90,"1,958",2382
110/11/01,"3,940,805","309,602,198",78.10,78.90,78.10,78.50,+0.50,"2,257",2382
110/11/02,"5,517,012","436,906,553",79.10,79.40,78.90,79.20,+0.70,"2,859",2382
110/11/03,"2,882,424","227,885,901",79.50,79.50,78.70,79.10,-0.10,"2,243",2382
110/11/04,"5,646,943","448,858,618",79.00,79.80,79.00,79.70,+0.60,"3,059",2382
110/11/05,"6,535,540","520,660,524",79.70,80.20,78.70,80.00,+0.30,"4,401",2382
110/11/08,"8,317,335","672,282,036",80.10,81.50,79.80,81.50,+1.50,"4,732",2382
110/11/09,"6,319,798","511,349,128",81.50,81.50,80.40,81.10,-0.40,"4,726",2382
110/11/10,"13,028,699","1,079,259,753",82.00,83.90,81.90,82.80,+1.70,"7,968",2382
110/11/11,"3,917,807","323,417,954",82.80,83.00,82.20,82.50,-0.30,"2,642",2382
110/11/12,"7,161,193","593,796,665",82.90,83.50,82.30,83.00,+0.50,"3,671",2382
110/11/15,"19,612,964","1,680,904,464",85.00,86.30,83.90,86.00,+3.00,"10,781",2382
110/11/16,"17,167,420","1,511,708,886",87.00,88.60,87.00,88.60,+2.60,"10,150",2382
110/11/17,"8,452,216","745,247,013",89.10,89.20,87.30,88.50,-0.10,"7,078",2382
110/11/18,"5,862,445","516,291,125",88.50,88.60,87.50,88.30,-0.20,"4,546",2382
110/11/19,"9,752,345","848,335,288",87.80,88.10,86.30,86.90,-1.40,"9,742",2382
110/11/22,"6,334,256","547,620,498",86.90,87.20,85.80,86.50,-0.40,"5,279",2382
110/11/23,"7,326,300","637,751,824",86.50,87.60,85.80,87.60,+1.10,"4,655",2382
110/11/24,"3,043,424","265,022,188",87.90,88.00,86.60,87.00,-0.60,"2,677",2382
110/11/25,"3,214,098","281,884,842",87.60,88.00,87.20,88.00,+1.00,"2,464",2382
110/11/26,"4,805,424","418,432,490",87.50,87.80,86.50,86.60,-1.40,"5,195",2382
110/11/29,"5,242,250","452,475,015",85.20,87.20,85.10,86.60, 0.00,"5,200",2382
110/11/30,"13,579,221","1,176,084,997",86.50,87.80,85.90,85.90,-0.70,"6,655",2382
110/12/01,"6,686,246","585,237,208",86.30,87.90,86.30,87.90,+2.00,"4,921",2382
110/12/02,"6,898,020","601,781,617",87.20,88.00,86.70,87.90, 0.00,"7,060",2382
110/12/03,"5,822,781","513,121,021",88.20,88.50,87.70,87.80,-0.10,"5,032",2382
110/12/06,"4,424,313","387,564,074",87.40,88.10,86.90,87.30,-0.50,"3,119",2382
110/12/07,"6,850,128","599,705,335",87.10,88.00,87.00,87.90,+0.60,"3,688",2382
110/12/08,"8,206,285","727,048,205",88.40,89.20,88.00,88.40,+0.50,"5,642",2382
110/12/09,"6,043,454","535,954,799",89.10,89.10,88.20,89.00,+0.60,"4,067",2382
110/12/10,"7,185,694","642,426,513",89.20,89.80,88.70,89.30,+0.30,"6,463",2382
110/12/13,"6,635,793","591,563,126",89.70,89.90,88.70,88.70,-0.60,"11,544",2382
110/12/14,"7,204,980","641,869,789",88.40,89.50,87.90,89.30,+0.60,"5,220",2382
110/12/15,"5,745,438","509,652,900",89.30,89.30,88.30,88.80,-0.50,"8,817",2382
110/12/16,"9,453,764","850,315,044",89.70,90.30,89.30,90.10,+1.30,"6,205",2382
110/12/17,"9,375,036","835,883,830",89.20,90.00,88.90,88.90,-1.20,"11,935",2382
110/12/20,"9,656,032","852,866,634",88.40,89.30,87.80,87.80,-1.10,"14,438",2382
110/12/21,"7,937,373","705,561,617",87.80,89.50,87.80,89.30,+1.50,"6,531",2382
110/12/22,"5,963,243","535,638,503",90.10,90.30,89.30,90.00,+0.70,"4,331",2382
110/12/23,"4,120,807","371,343,677",90.10,90.40,89.70,90.30,+0.30,"4,494",2382
110/12/24,"4,100,041","370,682,570",90.50,90.50,90.10,90.50,+0.20,"3,092",2382
110/12/27,"5,373,306","490,065,322",90.80,91.80,90.70,91.40,+0.90,"7,129",2382
110/12/28,"20,828,467","1,954,851,526",92.50,94.80,92.50,94.70,+3.30,"15,090",2382
110/12/29,"12,772,320","1,208,856,297",95.00,96.00,93.50,94.60,-0.10,"13,298",2382
110/12/30,"8,717,995","828,425,601",94.60,95.50,94.30,94.70,+0.10,"4,912",2382
111/01/03,"7,772,801","731,562,040",95.30,95.80,93.30,93.70,-1.00,"8,743",2382
111/01/04,"8,594,808","801,610,755",93.70,94.50,92.80,93.50,-0.20,"7,110",2382
111/01/05,"5,700,952","531,021,036",92.90,93.70,92.70,93.50, 0.00,"4,002",2382
111/01/06,"7,515,833","697,285,679",93.20,93.50,92.10,93.30,-0.20,"5,639",2382
111/01/07,"9,386,095","874,117,642",93.60,94.60,92.20,93.00,-0.30,"6,335",2382
111/01/10,"8,232,529","761,097,070",93.50,93.60,91.90,92.50,-0.50,"5,359",2382
111/01/11,"10,866,116","997,170,588",92.10,92.30,91.10,92.10,-0.40,"5,998",2382
111/01/12,"5,162,013","474,448,887",92.50,92.80,91.50,91.90,-0.20,"3,208",2382
111/01/13,"9,380,844","862,494,702",92.40,93.10,91.40,92.20,+0.30,"6,524",2382
111/01/14,"8,309,532","763,358,746",92.20,92.50,91.10,92.50,+0.30,"4,102",2382
111/01/17,"5,053,441","464,232,465",92.10,92.60,91.60,91.90,-0.60,"7,876",2382
111/01/18,"9,448,384","882,922,586",92.20,93.90,92.20,93.40,+1.50,"7,606",2382
111/01/19,"7,374,152","687,202,143",92.90,93.90,92.60,93.40, 0.00,"6,999",2382
111/01/20,"8,833,365","820,919,962",93.10,93.60,92.50,92.80,-0.60,"4,400",2382
111/01/21,"9,359,986","863,993,166",92.50,92.90,91.80,92.90,+0.10,"4,744",2382
111/01/24,"7,267,867","677,084,552",92.20,94.00,91.90,94.00,+1.10,"3,834",2382
111/01/25,"9,069,851","839,586,989",92.40,93.40,91.90,93.00,-1.00,"8,027",2382
111/01/26,"4,941,814","458,810,996",93.00,93.50,92.40,92.90,-0.10,"4,104",2382
111/02/07,"6,432,136","599,839,279",92.90,93.80,92.50,93.70,+0.80,"5,157",2382
111/02/08,"6,246,837","586,976,416",94.10,94.20,93.60,94.20,+0.50,"4,773",2382
111/02/09,"12,112,190","1,156,030,972",94.60,96.00,94.30,95.70,+1.50,"6,934",2382
111/02/10,"7,411,579","702,779,403",95.80,95.80,94.20,95.00,-0.70,"7,853",2382
111/02/11,"5,199,338","487,243,521",93.90,94.10,93.40,93.80,-1.20,"9,801",2382
111/02/14,"5,539,179","510,844,994",92.90,92.90,91.70,92.60,-1.20,"7,006",2382
111/02/15,"3,450,078","318,533,065",92.30,92.80,91.60,92.40,-0.20,"2,652",2382
111/02/16,"6,020,863","560,192,486",92.70,93.60,92.40,93.40,+1.00,"7,391",2382
111/02/17,"5,420,759","505,453,308",93.80,93.90,92.90,93.20,-0.20,"4,642",2382
111/02/18,"4,577,361","430,033,842",92.80,94.30,92.80,94.30,+1.10,"2,851",2382
111/02/21,"4,795,516","452,615,591",93.40,95.00,93.20,94.70,+0.40,"3,061",2382
111/02/22,"8,072,066","756,739,281",94.40,94.80,92.80,94.80,+0.10,"8,280",2382
111/02/23,"4,110,587","387,718,555",94.80,94.80,94.00,94.30,-0.50,"2,919",2382
111/02/24,"14,375,963","1,324,148,712",93.50,93.60,91.30,91.90,-2.40,"9,202",2382
111/02/25,"10,923,524","1,008,421,147",92.60,93.30,91.50,92.90,+1.00,"6,947",2382
111/03/01,"5,994,747","562,261,081",94.00,94.90,93.10,93.80,+0.90,"4,006",2382
111/03/02,"5,611,028","522,328,959",93.40,93.50,92.40,93.20,-0.60,"3,706",2382
111/03/03,"2,921,013","273,375,763",93.70,93.90,93.40,93.60,+0.40,"1,897",2382
111/03/04,"5,243,041","486,687,808",92.60,93.30,92.20,92.90,-0.70,"5,326",2382
111/03/07,"11,743,611","1,064,313,029",91.60,91.90,90.00,90.90,-2.00,"10,404",2382
111/03/08,"13,820,712","1,239,072,681",89.30,90.80,88.80,89.60,-1.30,"12,276",2382
111/03/09,"10,601,491","946,771,164",89.90,90.40,88.70,89.10,-0.50,"12,189",2382
111/03/10,"10,425,878","963,516,811",91.10,93.30,90.90,92.60,+3.50,"6,551",2382
111/03/11,"3,695,314","340,954,897",92.70,92.80,91.90,92.00,-0.60,"3,416",2382
111/03/14,"5,189,816","476,415,359",92.00,92.50,91.40,92.00, 0.00,"3,383",2382
111/03/15,"5,714,508","519,785,229",92.00,92.00,90.70,91.00,-1.00,"3,861",2382
111/03/16,"8,939,761","816,651,036",91.00,92.40,90.60,92.00,+1.00,"4,788",2382
111/03/17,"11,975,189","1,106,875,612",93.40,93.60,91.40,92.40,+0.40,"7,387",2382
111/03/18,"10,271,938","949,189,049",92.40,92.70,92.00,92.50,+0.10,"3,137",2382
111/03/21,"5,617,141","517,791,343",92.50,92.70,91.90,92.00,-0.50,"4,031",2382
111/03/22,"7,350,747","670,487,858",92.00,92.10,90.80,91.40,-0.60,"8,769",2382
111/03/23,"4,812,851","442,629,309",91.40,92.70,91.20,92.70,+1.30,"3,969",2382
111/03/24,"4,503,994","412,937,010",91.90,91.90,91.30,91.80,-0.90,"3,376",2382
111/03/25,"5,049,429","460,625,928",91.10,91.50,91.00,91.50,-0.30,"5,913",2382
111/03/28,"5,157,892","469,383,384",90.60,91.80,90.40,91.80,+0.30,"7,832",2382
111/03/29,"6,325,705","575,635,116",91.00,91.50,90.80,91.30,-0.50,"6,096",2382
111/03/30,"14,113,717","1,266,866,125",90.00,90.30,89.20,89.60,-1.70,"9,404",2382
111/03/31,"15,003,621","1,329,327,784",89.30,89.70,88.10,88.30,-1.30,"10,039",2382
111/04/01,"17,886,288","1,547,111,669",87.20,87.30,86.20,86.50,-1.80,"11,894",2382
111/04/06,"11,968,308","1,036,489,076",86.10,87.10,85.80,87.00,+0.50,"7,840",2382
111/04/07,"10,463,241","901,937,416",86.20,86.70,85.70,86.00,-1.00,"7,318",2382
111/04/08,"10,042,688","859,909,497",86.00,86.30,85.30,85.90,-0.10,"6,238",2382
111/04/11,"8,175,208","702,615,553",85.90,87.80,85.30,85.60,-0.30,"5,182",2382
111/04/12,"6,397,989","548,695,983",85.50,86.30,85.20,85.70,+0.10,"4,059",2382
111/04/13,"5,446,692","474,201,482",86.80,87.70,86.30,87.70,+2.00,"3,150",2382
111/04/14,"8,686,027","748,446,819",86.80,86.90,85.60,85.60,-2.10,"5,768",2382
111/04/15,"5,771,005","493,532,262",85.30,85.90,85.10,85.90,+0.30,"3,798",2382
111/04/18,"8,063,347","685,254,693",85.30,85.60,84.40,85.20,-0.70,"4,828",2382
111/04/19,"5,229,569","445,959,102",85.00,85.70,85.00,85.00,-0.20,"2,652",2382
111/04/20,"13,808,449","1,173,512,572",85.00,85.80,84.30,85.80,+0.80,"6,969",2382
111/04/21,"8,799,100","747,769,744",85.70,85.70,84.60,84.60,-1.20,"5,172",2382
111/04/22,"12,042,870","1,015,073,125",84.10,84.90,83.60,84.50,-0.10,"6,324",2382
111/04/25,"9,274,794","773,252,806",83.60,84.00,83.00,83.20,-1.30,"6,909",2382
111/04/26,"10,971,401","916,022,536",83.30,84.00,82.20,83.90,+0.70,"4,998",2382
111/04/27,"5,452,921","452,994,577",83.20,83.80,82.70,83.00,-0.90,"3,068",2382
111/04/28,"4,729,806","391,078,013",82.80,83.10,82.10,82.90,-0.10,"3,828",2382
111/04/29,"3,520,202","294,467,995",82.90,84.20,82.90,83.80,+0.90,"2,839",2382
111/05/03,"5,113,073","425,532,601",83.70,84.00,82.30,83.60,-0.20,"2,501",2382
111/05/04,"4,371,014","369,628,039",83.30,85.30,83.20,85.20,+1.60,"2,528",2382
111/05/05,"4,217,785","361,499,872",85.90,86.10,85.40,85.50,+0.30,"3,578",2382
111/05/06,"4,985,408","424,607,261",84.50,85.80,84.50,85.60,+0.10,"3,193",2382
111/05/09,"4,100,933","347,525,014",84.00,85.60,83.70,84.90,-0.70,"2,370",2382
111/05/10,"6,623,025","553,397,365",83.90,84.40,82.50,83.60,-1.30,"4,105",2382
111/05/11,"6,085,644","505,519,434",82.60,83.50,82.50,83.00,-0.60,"3,321",2382
111/05/12,"7,082,744","581,753,437",82.50,83.20,81.50,82.10,-0.90,"5,984",2382
111/05/13,"7,371,494","602,084,547",82.40,82.50,81.10,82.10, 0.00,"6,013",2382
111/05/16,"21,604,775","1,666,870,715",80.50,80.60,76.00,76.40,-5.70,"16,183",2382
111/05/17,"16,279,793","1,229,002,893",76.30,76.40,75.10,75.40,-1.00,"9,151",2382
111/05/18,"15,277,593","1,151,590,059",75.10,76.00,74.90,75.70,+0.30,"8,780",2382
111/05/19,"11,082,298","825,942,469",74.80,75.20,74.10,75.10,-0.60,"7,422",2382
111/05/20,"9,452,407","707,002,199",75.20,75.60,74.50,74.50,-0.60,"6,110",2382
111/05/23,"8,734,070","660,084,087",75.40,76.20,75.00,75.50,+1.00,"4,581",2382
111/05/24,"8,842,931","664,697,630",75.60,76.40,74.90,75.00,-0.50,"4,158",2382
111/05/25,"5,343,612","404,370,093",75.60,76.20,75.00,75.70,+0.70,"2,827",2382
111/05/26,"6,281,393","480,859,171",76.30,76.80,76.10,76.70,+1.00,"3,995",2382
111/05/27,"6,036,216","465,867,079",77.00,77.50,76.20,77.20,+0.50,"3,348",2382
111/05/30,"8,577,828","675,924,138",78.00,79.30,77.70,79.10,+1.90,"5,248",2382
111/05/31,"11,052,594","878,040,845",79.10,80.00,78.50,79.60,+0.50,"4,180",2382
111/06/01,"4,590,536","367,251,485",79.40,80.50,79.20,79.90,+0.30,"2,903",2382
111/06/02,"6,673,503","530,303,579",79.40,80.20,78.90,79.10,-0.80,"4,445",2382
111/06/06,"5,790,980","461,285,471",80.00,80.20,79.30,79.60,+0.50,"3,647",2382
111/06/07,"5,697,497","454,456,398",79.50,80.20,78.80,80.00,+0.40,"3,054",2382
111/06/08,"4,248,224","342,362,260",80.10,81.30,80.10,80.20,+0.20,"2,831",2382
111/06/09,"3,914,407","315,074,673",80.10,80.70,80.10,80.60,+0.40,"2,172",2382
111/06/10,"3,808,540","305,624,625",79.60,80.90,79.10,80.40,-0.20,"2,638",2382
111/06/13,"6,720,377","531,395,461",79.30,79.90,78.70,79.30,-1.10,"3,384",2382
111/06/14,"5,337,995","425,299,424",79.30,80.30,79.10,79.90,+0.60,"3,422",2382
111/06/15,"5,238,865","419,612,221",79.50,80.80,79.30,80.00,+0.10,"3,500",2382
111/06/16,"4,913,706","395,684,976",81.00,81.40,79.80,79.80,-0.20,"3,464",2382
111/06/17,"10,475,203","841,577,356",78.50,81.00,78.50,81.00,+1.20,"3,591",2382
111/06/20,"5,829,329","461,185,407",80.00,80.20,78.50,78.90,-2.10,"3,487",2382
111/06/21,"6,966,376","559,859,720",80.80,80.80,79.10,80.60,+1.70,"2,998",2382
111/06/22,"5,380,335","428,498,394",80.40,80.80,79.00,79.40,-1.20,"3,041",2382
111/06/23,"6,760,677","538,950,024",80.20,80.70,78.80,80.00,+0.60,"3,255",2382
111/06/24,"3,852,531","309,377,798",80.70,80.70,79.80,80.40,+0.40,"2,332",2382
111/06/27,"4,311,357","348,878,690",80.90,81.20,80.40,80.80,+0.40,"2,411",2382
111/06/28,"3,372,385","273,665,542",81.30,81.80,80.60,80.90,+0.10,"2,417",2382
111/06/29,"8,156,330","650,181,035",80.20,80.60,78.50,80.10,-0.80,"3,845",2382
111/06/30,"9,191,620","733,225,907",79.40,80.60,78.60,79.80,-0.30,"5,148",2382
111/07/01,"6,833,476","544,164,506",79.20,80.40,79.10,79.30,-0.50,"4,302",2382
111/07/04,"6,761,595","538,907,026",79.50,80.40,79.10,79.20,-0.10,"3,855",2382
111/07/05,"5,945,681","475,069,772",80.50,81.20,79.20,79.50,+0.30,"3,327",2382
111/07/06,"10,783,820","826,570,219",79.90,80.10,75.00,75.00,-4.50,"7,114",2382
111/07/07,"8,552,299","659,167,810",75.30,78.20,75.00,77.50,+2.50,"4,642",2382
111/07/08,"10,633,960","816,712,770",76.80,78.20,75.80,76.20,-1.30,"6,195",2382
111/07/11,"4,941,384","383,804,628",77.40,78.50,76.80,78.00,+1.80,"3,060",2382
111/07/12,"7,534,219","579,361,790",77.00,77.40,76.20,76.80,-1.20,"4,937",2382
111/07/13,"7,898,450","625,252,870",79.40,79.90,78.50,79.20,+2.40,"4,238",2382
111/07/14,"6,079,396","487,150,840",79.30,80.70,79.10,80.30,+1.10,"3,770",2382
111/07/15,"5,386,866","431,571,576",80.10,80.70,79.70,79.70,-0.60,"3,477",2382
111/07/18,"7,850,811","629,724,256",79.60,80.90,78.80,80.70,+1.00,"3,301",2382
111/07/19,"8,415,288","685,638,614",80.70,82.10,80.20,81.10,+0.40,"4,755",2382
111/07/20,"8,728,693","710,992,596",81.50,82.00,80.80,81.10, 0.00,"4,567",2382
111/07/21,"11,261,634","935,615,785",81.90,83.90,81.70,83.70,+2.60,"5,904",2382
111/07/22,"8,025,295","665,099,271",83.30,83.60,82.40,83.00,-0.70,"4,138",2382
111/07/25,"4,717,371","389,155,976",82.90,83.00,81.40,83.00, 0.00,"2,287",2382
111/07/26,"3,817,906","314,797,711",82.80,83.20,82.00,82.50,-0.50,"2,450",2382
111/07/27,"6,959,785","578,657,011",82.50,83.60,82.20,83.40,+0.90,"2,654",2382
111/07/28,"8,329,288","699,336,010",84.00,84.40,83.30,84.40,+1.00,"3,764",2382
111/07/29,"12,547,087","1,060,733,365",84.60,84.90,84.10,84.60,+0.20,"5,117",2382
111/08/01,"18,807,054","1,470,261,779",78.80,78.90,77.00,78.40,X0.00,"8,403",2382
111/08/02,"8,200,695","641,817,717",78.10,78.70,77.70,78.70,+0.30,"5,284",2382
111/08/03,"7,873,306","615,923,290",78.90,78.90,77.80,78.50,-0.20,"4,427",2382
111/08/04,"6,134,676","481,586,493",78.70,79.30,78.00,78.30,-0.20,"4,289",2382
111/08/05,"6,011,115","474,826,193",79.20,79.30,78.60,79.10,+0.80,"3,313",2382
111/08/08,"5,400,404","426,640,963",78.90,79.70,78.40,79.70,+0.60,"3,112",2382
111/08/09,"4,253,137","340,795,631",79.60,80.60,79.00,80.50,+0.80,"3,310",2382
111/08/10,"5,643,952","458,210,042",79.90,81.60,79.90,81.50,+1.00,"3,219",2382
111/08/11,"6,219,426","506,364,386",82.00,82.00,80.90,81.30,-0.20,"4,350",2382
111/08/12,"5,036,039","408,463,200",81.60,82.00,80.80,80.90,-0.40,"3,039",2382
111/08/15,"18,091,675","1,413,889,832",80.80,80.80,77.70,77.80,-3.10,"11,551",2382
111/08/16,"14,420,786","1,121,885,862",77.20,78.50,76.00,78.40,+0.60,"8,841",2382
111/08/17,"9,343,208","727,653,168",78.20,78.30,77.70,77.80,-0.60,"4,947",2382
111/08/18,"5,814,292","455,665,641",78.00,79.00,77.60,79.00,+1.20,"3,261",2382
111/08/19,"5,660,083","446,995,511",78.50,79.80,78.30,79.80,+0.80,"2,986",2382
111/08/22,"5,386,416","426,732,641",78.80,79.60,78.50,79.50,-0.30,"3,204",2382
111/08/23,"4,378,156","344,042,778",79.20,79.20,78.20,78.30,-1.20,"2,353",2382
111/08/24,"3,706,460","290,427,623",78.40,78.80,78.10,78.40,+0.10,"2,026",2382
111/08/25,"3,216,363","253,101,614",78.70,79.00,78.10,79.00,+0.60,"1,659",2382
111/08/26,"6,155,425","486,109,584",79.00,79.20,78.70,79.00, 0.00,"3,018",2382
111/08/29,"5,700,489","445,649,664",77.70,78.70,77.50,78.30,-0.70,"2,977",2382
111/08/30,"4,788,737","375,364,331",78.00,79.10,77.70,78.60,+0.30,"2,912",2382
111/08/31,"7,206,876","568,980,564",78.40,79.30,78.20,79.30,+0.70,"2,526",2382
111/09/01,"6,050,600","472,003,957",78.20,78.80,77.50,78.10,-1.20,"3,715",2382
111/09/02,"3,274,918","255,590,781",78.30,78.50,77.70,77.90,-0.20,"1,829",2382
111/09/05,"7,508,380","594,286,004",78.30,79.80,78.20,79.20,+1.30,"4,307",2382
111/09/06,"6,248,078","496,780,550",79.70,80.00,79.10,79.50,+0.30,"3,437",2382
111/09/07,"5,772,890","456,654,912",79.00,79.60,78.20,79.30,-0.20,"4,008",2382
111/09/08,"4,121,508","327,687,197",79.70,79.80,78.80,79.80,+0.50,"2,558",2382
111/09/12,"6,667,875","536,596,663",81.00,81.40,79.40,80.80,+1.00,"4,007",2382
111/09/13,"7,129,341","575,759,492",81.10,81.30,80.30,80.70,-0.10,"3,424",2382
111/09/14,"7,743,621","615,554,300",79.50,80.00,79.10,79.20,-1.50,"4,837",2382
111/09/15,"7,980,042","633,678,891",79.20,80.10,78.30,79.60,+0.40,"3,543",2382
111/09/16,"12,999,036","1,032,880,908",79.00,79.90,78.60,79.50,-0.10,"4,125",2382
111/09/19,"7,073,208","564,918,927",79.60,80.30,79.60,79.70,+0.20,"3,885",2382
111/09/20,"8,051,458","639,907,602",79.80,80.10,79.20,79.30,-0.40,"3,357",2382
111/09/21,"9,914,853","781,052,615",79.30,79.80,78.10,78.60,-0.70,"4,622",2382
111/09/22,"10,970,994","852,150,092",78.00,79.00,76.60,79.00,+0.40,"6,664",2382
111/09/23,"4,579,413","354,744,122",78.30,78.40,77.10,77.30,-1.70,"3,071",2382
111/09/26,"6,421,782","492,328,609",76.30,77.20,76.10,76.50,-0.80,"3,325",2382
111/09/27,"6,308,996","483,892,242",76.30,77.60,75.90,77.00,+0.50,"3,170",2382
111/09/28,"7,276,124","561,380,833",77.00,77.70,76.30,77.70,+0.70,"3,341",2382
111/09/29,"8,138,613","629,675,275",78.00,78.30,76.70,78.20,+0.50,"4,155",2382
111/09/30,"7,387,932","568,937,176",78.20,78.20,76.40,77.00,-1.20,"2,811",2382
111/10/03,"6,585,205","493,599,286",76.20,76.30,74.10,74.20,-2.80,"4,203",2382
111/10/04,"7,456,546","565,046,387",75.20,76.60,74.90,76.20,+2.00,"3,525",2382
111/10/05,"7,128,108","546,424,018",77.40,77.40,76.20,76.20, 0.00,"4,081",2382
111/10/06,"8,804,563","673,590,799",77.00,77.90,75.90,76.00,-0.20,"3,939",2382
111/10/07,"6,417,320","482,307,540",76.40,76.40,74.70,74.80,-1.20,"3,980",2382
111/10/11,"10,950,620","801,602,142",74.50,74.60,72.60,73.00,-1.80,"6,961",2382
111/10/12,"6,588,049","483,214,841",73.00,73.90,72.50,73.80,+0.80,"3,095",2382
111/10/13,"6,834,417","497,035,960",73.80,73.90,72.20,72.50,-1.30,"4,454",2382
111/10/14,"6,071,318","441,855,201",73.50,73.70,72.40,72.50, 0.00,"3,754",2382
111/10/17,"11,638,237","830,733,878",71.40,72.60,69.50,71.30,-1.20,"5,425",2382
111/10/18,"12,864,186","906,375,670",71.60,72.30,69.70,70.70,-0.60,"8,288",2382
111/10/19,"8,402,703","596,114,104",70.60,71.50,70.10,70.60,-0.10,"3,788",2382
111/10/20,"11,107,761","772,800,154",69.60,70.30,68.70,70.00,-0.60,"4,553",2382
111/10/21,"5,636,405","391,565,919",70.10,70.20,68.80,68.80,-1.20,"3,461",2382
111/10/24,"4,603,601","319,402,906",69.50,69.80,69.00,69.30,+0.50,"2,779",2382
111/10/25,"7,199,917","494,063,401",69.80,69.80,67.80,68.80,-0.50,"3,655",2382
111/10/26,"5,854,699","399,374,134",69.20,69.20,68.00,68.30,-0.50,"3,882",2382
111/10/27,"6,179,947","422,652,911",68.70,69.30,68.00,68.10,-0.20,"3,289",2382
111/10/28,"4,542,266","308,652,285",68.50,68.60,67.50,67.70,-0.40,"3,007",2382
111/10/31,"4,897,543","332,836,980",68.00,68.40,66.80,68.40,+0.70,"2,472",2382
111/11/01,"10,158,750","682,115,183",67.80,68.00,66.70,67.00,-1.40,"7,915",2382
111/11/02,"7,886,709","528,637,477",67.10,67.50,66.30,67.30,+0.30,"4,982",2382
111/11/03,"6,090,812","406,781,930",66.80,67.10,66.60,66.80,-0.50,"3,575",2382
111/11/04,"5,910,638","392,761,242",66.50,66.80,66.20,66.70,-0.10,"4,027",2382
111/11/07,"7,374,108","497,806,694",67.30,67.90,66.90,67.90,+1.20,"4,237",2382
111/11/08,"9,783,653","670,171,882",68.20,69.20,67.90,68.10,+0.20,"5,785",2382
111/11/09,"6,259,813","431,694,685",68.70,69.20,68.60,69.10,+1.00,"4,414",2382
111/11/10,"6,711,300","458,419,133",69.10,69.10,67.80,68.10,-1.00,"4,131",2382
111/11/11,"11,502,960","807,073,421",69.40,70.70,69.40,70.50,+2.40,"6,887",2382
111/11/14,"20,385,015","1,483,800,519",71.50,73.80,70.80,73.00,+2.50,"11,877",2382
111/11/15,"10,825,098","782,835,419",73.00,73.00,71.70,72.40,-0.60,"7,055",2382
111/11/16,"9,364,622","670,463,017",72.10,72.20,71.30,71.30,-1.10,"5,526",2382
111/11/17,"10,391,365","732,031,011",71.00,71.10,69.70,70.90,-0.40,"5,897",2382
111/11/18,"7,940,854","566,578,968",71.10,72.10,70.80,71.50,+0.60,"4,534",2382
111/11/21,"4,660,302","329,449,805",71.60,71.60,70.30,70.50,-1.00,"3,630",2382
111/11/22,"5,309,787","372,565,294",70.60,70.70,69.60,70.60,+0.10,"3,480",2382
111/11/23,"4,796,290","340,044,179",70.90,71.20,70.60,70.70,+0.10,"3,071",2382
111/11/24,"7,414,391","533,502,725",71.40,72.30,71.30,72.10,+1.40,"4,779",2382
111/11/25,"7,441,387","530,684,351",72.30,72.30,71.00,71.00,-1.10,"4,342",2382
111/11/28,"6,094,169","430,201,498",70.30,71.00,70.30,70.50,-0.50,"3,563",2382
111/11/29,"3,951,175","281,636,068",71.00,71.60,70.50,71.50,+1.00,"2,858",2382
111/11/30,"8,518,130","609,845,072",71.50,71.90,71.10,71.60,+0.10,"3,208",2382
111/12/01,"6,534,912","471,565,480",72.30,72.50,71.80,72.20,+0.60,"3,990",2382
111/12/02,"6,231,962","447,296,651",71.50,72.20,71.40,72.10,-0.10,"3,468",2382
111/12/05,"8,719,389","635,532,076",71.90,73.60,71.70,73.60,+1.50,"6,041",2382
111/12/06,"7,221,486","523,924,246",73.00,73.00,72.20,72.50,-1.10,"4,426",2382
111/12/07,"6,673,430","478,005,789",71.90,72.10,71.30,71.50,-1.00,"4,498",2382
111/12/08,"6,554,530","468,648,794",71.30,72.30,70.70,71.90,+0.40,"4,212",2382
111/12/09,"5,348,306","387,915,465",72.40,72.70,72.00,72.50,+0.60,"3,483",2382
111/12/12,"5,342,810","385,007,030",72.30,72.60,71.30,72.50, 0.00,"3,592",2382
111/12/13,"5,671,665","408,756,619",72.50,72.60,71.70,72.10,-0.40,"3,265",2382
111/12/14,"4,633,268","336,403,219",72.60,72.90,71.80,72.80,+0.70,"3,018",2382
111/12/15,"6,080,670","441,638,685",72.50,73.10,72.20,72.60,-0.20,"3,453",2382
111/12/16,"30,258,948","2,165,806,983",71.60,72.10,70.70,72.00,-0.60,"13,423",2382
111/12/19,"22,658,217","1,635,379,962",71.40,72.50,71.20,72.40,+0.40,"8,979",2382
111/12/20,"26,746,532","1,887,651,423",71.80,72.00,70.00,70.20,-2.20,"11,428",2382
111/12/21,"28,422,001","1,995,099,347",69.80,70.50,69.30,70.50,+0.30,"12,114",2382
111/12/22,"21,467,841","1,539,524,601",70.90,71.90,70.70,71.90,+1.40,"7,286",2382
111/12/23,"4,353,641","309,296,671",70.80,71.50,70.70,71.20,-0.70,"2,722",2382
111/12/26,"3,186,286","227,810,037",71.10,71.90,70.80,71.70,+0.50,"2,181",2382
111/12/27,"3,226,126","231,315,682",71.90,71.90,71.30,71.70, 0.00,"1,930",2382
111/12/28,"5,406,896","386,712,561",71.10,71.90,70.60,71.80,+0.10,"3,454",2382
111/12/29,"5,894,461","421,613,158",71.10,72.00,71.00,71.70,-0.10,"3,341",2382
111/12/30,"6,803,399","492,928,686",71.60,72.90,71.50,72.30,+0.60,"3,721",2382
112/01/03,"8,341,456","601,942,254",71.90,72.80,71.60,72.10,-0.20,"4,866",2382
112/01/04,"5,772,933","418,743,908",72.40,73.20,72.10,72.10, 0.00,"3,213",2382
112/01/05,"6,374,794","456,258,050",72.30,72.60,71.10,71.20,-0.90,"4,900",2382
112/01/06,"3,755,689","269,425,077",71.60,72.00,71.20,71.80,+0.60,"1,799",2382
112/01/09,"9,534,616","698,165,323",72.60,73.60,72.30,73.60,+1.80,"5,689",2382
112/01/10,"5,276,864","389,180,445",73.80,74.00,73.20,74.00,+0.40,"3,507",2382
112/01/11,"5,051,414","372,272,847",74.30,74.40,73.30,73.60,-0.40,"4,284",2382
112/01/12,"4,124,872","303,761,033",74.00,74.00,73.30,73.50,-0.10,"2,181",2382
112/01/13,"3,632,774","268,793,672",74.00,74.30,73.60,73.90,+0.40,"2,467",2382
112/01/16,"4,836,321","358,747,669",74.10,74.50,73.80,74.10,+0.20,"2,777",2382
112/01/17,"6,016,035","449,851,310",74.40,75.10,74.10,75.00,+0.90,"3,650",2382
112/01/30,"11,733,302","893,503,414",76.70,76.90,75.40,76.30,+1.30,"6,675",2382
112/01/31,"9,043,483","682,383,049",76.30,76.40,74.70,74.70,-1.60,"6,337",2382
112/02/01,"4,128,655","312,867,304",76.00,76.10,75.20,75.90,+1.20,"2,226",2382
112/02/02,"5,435,590","414,746,317",76.40,76.60,75.70,76.50,+0.60,"3,272",2382
112/02/03,"3,729,219","283,889,178",76.50,76.80,75.50,76.10,-0.40,"2,745",2382
112/02/06,"5,381,480","412,029,088",75.90,77.00,75.80,76.40,+0.30,"3,125",2382
112/02/07,"6,063,931","470,368,272",76.70,77.90,76.70,77.80,+1.40,"3,919",2382
112/02/08,"5,842,947","455,096,124",77.80,78.20,77.40,77.50,-0.30,"4,871",2382
112/02/09,"2,871,704","222,899,866",77.70,78.00,77.50,77.50, 0.00,"2,024",2382
112/02/10,"6,176,751","479,360,450",77.10,78.20,76.80,77.60,+0.10,"4,148",2382
112/02/13,"4,968,348","386,954,377",77.50,78.30,77.10,77.70,+0.10,"3,146",2382
112/02/14,"4,142,858","326,448,794",78.50,79.10,78.30,78.80,+1.10,"3,138",2382
112/02/15,"5,043,447","396,362,564",79.00,79.10,78.00,78.50,-0.30,"3,391",2382
112/02/16,"4,613,091","364,618,918",78.50,79.30,78.50,78.90,+0.40,"2,682",2382
112/02/17,"1,962,642","154,673,840",78.50,79.00,78.30,78.90, 0.00,"1,395",2382
112/02/20,"3,322,823","264,200,879",78.70,79.90,78.60,79.60,+0.70,"2,555",2382
112/02/21,"4,515,973","361,510,395",79.90,80.50,79.90,79.90,+0.30,"2,806",2382
112/02/22,"5,937,867","468,627,904",79.30,79.60,78.20,79.20,-0.70,"7,343",2382
112/02/23,"5,336,997","426,430,831",79.50,80.40,78.50,80.10,+0.90,"3,037",2382
112/02/24,"10,583,827","851,183,313",80.20,81.00,79.90,80.10, 0.00,"4,560",2382
112/03/01,"6,528,781","520,094,966",78.50,80.30,78.50,79.80,-0.30,"4,180",2382
112/03/02,"4,931,194","395,515,729",80.00,80.80,79.20,80.50,+0.70,"3,114",2382
112/03/03,"3,645,181","294,316,852",81.00,81.20,80.40,80.60,+0.10,"2,131",2382
112/03/06,"6,338,746","517,342,937",81.00,82.00,80.90,81.70,+1.10,"3,979",2382
112/03/07,"4,399,134","359,998,379",81.80,82.00,81.50,82.00,+0.30,"2,901",2382
112/03/08,"3,721,481","304,645,287",81.80,82.20,81.50,81.90,-0.10,"2,574",2382
112/03/09,"4,812,728","395,053,275",82.20,82.40,81.60,82.20,+0.30,"3,066",2382
112/03/10,"7,749,238","630,991,707",81.50,82.00,80.90,81.50,-0.70,"4,112",2382
112/03/13,"8,197,109","667,242,700",80.50,82.20,80.00,81.60,+0.10,"4,249",2382
112/03/14,"8,635,138","704,086,057",80.60,82.00,80.60,81.20,-0.40,"3,830",2382
112/03/15,"4,277,753","348,356,471",81.10,81.80,81.10,81.30,+0.10,"3,401",2382
112/03/16,"12,952,243","1,071,498,308",81.80,83.50,81.70,82.80,+1.50,"7,592",2382
112/03/17,"11,751,518","978,701,961",83.20,84.00,82.20,83.20,+0.40,"6,611",2382
112/03/20,"5,477,156","456,185,611",83.40,83.80,83.00,83.20, 0.00,"5,707",2382
112/03/21,"6,018,567","505,377,757",83.60,84.40,83.20,83.80,+0.60,"4,284",2382
112/03/22,"9,880,302","839,372,591",84.20,85.40,84.10,85.00,+1.20,"7,127",2382
112/03/23,"9,999,963","852,501,119",85.00,85.80,84.20,85.30,+0.30,"7,181",2382
112/03/24,"16,907,868","1,471,862,965",85.80,87.50,85.80,87.50,+2.20,"8,457",2382
112/03/27,"9,480,480","829,235,964",87.50,87.80,86.90,87.50, 0.00,"8,531",2382
112/03/28,"9,370,534","819,620,378",87.50,87.60,87.20,87.30,-0.20,"7,421",2382
112/03/29,"7,700,398","676,455,300",87.30,88.20,87.20,88.00,+0.70,"6,543",2382
112/03/30,"10,703,444","947,922,443",88.10,89.00,87.60,89.00,+1.00,"10,085",2382
112/03/31,"11,113,202","993,282,551",89.00,89.90,88.80,89.10,+0.10,"7,414",2382
112/04/06,"11,603,045","1,039,445,326",89.10,90.30,88.90,89.90,+0.80,"7,068",2382
112/04/07,"11,167,940","1,002,059,298",89.30,90.00,89.30,89.80,-0.10,"4,776",2382
112/04/10,"9,854,873","883,218,392",89.40,90.00,89.30,89.90,+0.10,"4,785",2382
112/04/11,"12,388,788","1,117,935,071",90.00,90.70,89.60,90.60,+0.70,"5,612",2382
112/04/12,"19,874,146","1,791,271,366",90.60,91.10,89.70,90.90,+0.30,"8,009",2382
112/04/13,"25,297,357","2,262,422,601",89.60,90.40,89.00,89.30,-1.60,"14,460",2382
112/04/14,"40,229,249","3,291,836,211",81.90,83.20,81.10,81.80,X0.00,"19,583",2382
112/04/17,"15,940,357","1,289,881,129",82.10,82.30,80.40,81.30,-0.50,"11,491",2382
112/04/18,"12,185,341","998,431,370",81.50,82.80,81.20,82.60,+1.30,"7,890",2382
112/04/19,"28,969,102","2,492,634,731",83.20,88.00,82.90,86.00,+3.40,"16,539",2382
112/04/20,"12,175,369","1,042,086,605",86.10,86.80,84.70,85.50,-0.50,"14,026",2382
112/04/21,"10,742,018","905,841,590",86.40,86.40,83.50,84.30,-1.20,"6,824",2382
112/04/24,"10,288,104","870,292,507",84.30,85.00,83.50,85.00,+0.70,"6,716",2382
112/04/25,"11,196,420","934,426,280",85.00,85.00,82.50,83.70,-1.30,"6,589",2382
112/04/26,"11,007,790","911,178,589",82.50,83.40,82.30,83.10,-0.60,"5,915",2382
112/04/27,"11,281,153","959,670,252",83.60,85.70,83.50,85.30,+2.20,"6,569",2382
112/04/28,"8,866,342","760,281,490",85.30,86.30,85.00,85.90,+0.60,"6,410",2382
112/05/02,"36,958,582","3,295,423,897",86.80,90.00,86.70,89.60,+3.70,"20,339",2382
112/05/03,"19,424,076","1,723,798,825",89.10,89.40,87.90,89.30,-0.30,"12,561",2382
112/05/04,"15,931,160","1,419,263,302",89.50,90.20,88.50,89.00,-0.30,"9,459",2382
112/05/05,"16,081,896","1,441,942,695",89.00,90.10,88.60,89.60,+0.60,"8,353",2382
112/05/08,"13,264,682","1,198,918,584",90.00,91.20,89.00,90.40,+0.80,"9,753",2382
112/05/09,"18,038,114","1,663,742,972",92.50,93.50,91.20,91.80,+1.40,"10,804",2382
112/05/10,"11,910,655","1,090,942,325",92.80,92.80,90.30,91.70,-0.10,"10,311",2382
112/05/11,"16,676,346","1,546,537,563",92.50,93.30,91.90,92.30,+0.60,"11,206",2382
112/05/12,"72,350,266","7,207,513,016",96.30,101.50,95.60,101.50,+9.20,"48,254",2382
112/05/15,"54,095,424","5,346,485,579",102.00,102.00,96.60,97.60,-3.90,"44,555",2382
112/05/16,"57,179,328","5,749,911,209",99.90,102.00,98.10,101.00,+3.40,"27,029",2382
112/05/17,"36,197,978","3,634,670,140",100.50,101.50,98.80,100.50,-0.50,"22,454",2382
112/05/18,"34,859,571","3,560,520,499",101.00,103.00,99.90,102.50,+2.00,"19,300",2382
112/05/19,"53,026,418","5,714,443,403",104.50,110.00,103.50,109.00,+6.50,"23,523",2382
112/05/22,"32,874,400","3,493,797,554",109.00,109.50,104.50,106.00,-3.00,"16,987",2382
112/05/23,"31,882,776","3,369,366,562",105.50,107.50,104.00,107.00,+1.00,"14,993",2382
112/05/24,"22,603,251","2,396,564,433",108.00,108.00,105.00,105.50,-1.50,"10,717",2382
112/05/25,"51,496,780","5,793,250,366",111.50,115.00,109.50,113.50,+8.00,"24,127",2382
112/05/26,"51,451,056","6,001,068,004",119.00,119.50,114.50,115.50,+2.00,"33,494",2382
112/05/29,"43,921,241","5,027,988,228",116.50,117.00,113.00,114.00,-1.50,"19,286",2382
112/05/30,"75,068,045","8,782,983,163",122.00,123.50,113.00,115.00,+1.00,"39,390",2382
112/05/31,"63,098,915","7,322,180,531",117.50,119.50,113.50,116.50,+1.50,"28,806",2382
112/06/01,"30,831,661","3,532,254,870",114.50,115.50,113.00,115.00,-1.50,"14,972",2382
112/06/02,"75,414,254","8,955,016,209",116.50,121.50,115.50,118.00,+3.00,"33,629",2382
112/06/05,"32,334,300","3,777,142,756",118.00,118.50,115.00,117.00,-1.00,"17,772",2382
112/06/06,"28,768,221","3,385,003,078",116.00,119.50,115.50,118.50,+1.50,"13,993",2382
112/06/07,"67,800,683","8,352,597,959",120.00,126.00,119.00,125.00,+6.50,"34,415",2382
112/06/08,"40,891,602","4,957,542,474",122.50,122.50,120.00,120.00,-5.00,"22,846",2382
112/06/09,"76,978,597","9,951,386,213",123.50,132.00,123.00,131.50,+11.50,"33,682",2382
112/06/12,"84,886,163","11,190,479,440",132.00,137.00,128.00,129.00,-2.50,"38,931",2382
112/06/13,"68,934,626","9,405,435,386",133.50,139.50,133.00,138.00,+9.00,"38,615",2382
112/06/14,"42,443,049","5,903,852,975",140.00,141.00,137.50,140.00,+2.00,"22,991",2382
112/06/15,"59,224,837","8,641,293,332",144.50,148.50,141.50,147.00,+7.00,"30,066",2382
112/06/16,"59,407,738","8,744,336,756",147.00,149.00,143.00,149.00,+2.00,"27,799",2382
112/06/19,"35,797,309","5,335,222,265",148.00,151.50,146.00,150.00,+1.00,"18,606",2382
112/06/20,"60,198,841","8,748,627,493",148.50,149.00,142.50,145.00,-5.00,"33,199",2382
112/06/21,"62,385,008","9,386,004,851",146.00,153.00,146.00,151.50,+6.50,"31,829",2382
112/06/26,"52,414,780","7,652,867,702",148.00,148.00,143.00,146.50,-5.00,"29,576",2382
112/06/27,"48,036,511","6,779,651,400",141.00,143.50,138.00,141.50,-5.00,"26,898",2382
112/06/28,"37,926,736","5,512,152,454",144.50,148.00,143.00,144.00,+2.50,"20,660",2382
112/06/29,"28,092,643","4,089,268,500",145.50,147.00,144.00,146.50,+2.50,"14,285",2382
112/06/30,"58,848,823","8,838,097,312",146.50,152.00,145.00,152.00,+5.50,"26,700",2382
112/07/03,"70,996,109","11,389,437,672",155.00,164.50,155.00,160.50,+8.50,"35,861",2382
112/07/04,"101,935,439","17,103,477,940",161.50,175.50,160.50,170.50,+10.00,"60,015",2382
112/07/05,"54,130,811","9,060,099,015",168.50,171.50,162.00,169.50,-1.00,"33,069",2382
112/07/06,"58,575,090","9,815,657,616",166.50,172.50,163.50,165.00,-4.50,"38,330",2382
112/07/07,"51,609,806","8,385,275,455",162.00,166.50,160.00,160.50,-4.50,"33,957",2382
112/07/10,"35,811,122","5,792,204,704",158.50,165.00,157.50,162.50,+2.00,"20,068",2382
112/07/11,"71,422,489","12,218,621,476",167.00,174.00,166.00,173.00,+10.50,"39,095",2382
112/07/12,"97,876,207","17,903,612,943",176.00,189.50,174.50,187.50,+14.50,"75,866",2382
112/07/13,"113,871,044","22,859,227,526",196.50,206.00,189.50,195.00,+7.50,"67,018",2382
112/07/14,"153,028,998","30,310,040,948",203.50,205.50,189.50,198.00,+3.00,"89,867",2382
112/07/17,"62,439,680","12,305,938,289",193.50,202.00,192.00,196.00,-2.00,"43,901",2382
112/07/18,"110,282,449","22,273,662,944",202.50,208.50,193.00,201.50,+5.50,"66,364",2382
112/07/19,"76,797,727","15,584,985,899",208.00,210.00,196.50,198.00,-3.50,"50,942",2382
112/07/20,"92,852,527","19,056,553,138",200.00,211.00,196.50,211.00,+13.00,"58,298",2382
112/07/21,"136,948,872","29,408,063,812",204.00,227.00,202.50,226.00,+15.00,"93,992",2382
112/07/24,"123,367,316","29,519,260,653",231.00,248.50,230.50,248.50,+22.50,"80,465",2382
112/07/25,"160,270,155","41,345,174,785",255.00,266.50,246.50,248.50, 0.00,"107,701",2382
112/07/26,"129,313,937","32,759,353,102",250.00,258.50,244.00,258.50,+10.00,"83,832",2382
112/07/27,"103,274,520","26,859,633,507",265.50,266.50,251.00,252.50,-6.00,"67,258",2382
112/07/28,"93,328,483","23,930,196,895",252.50,264.50,246.50,264.50,+12.00,"62,532",2382
112/07/31,"128,680,484","32,558,935,514",269.50,271.00,238.50,238.50,-26.00,"96,478",2382
112/08/01,"130,080,293","30,177,083,017",230.00,240.50,222.00,237.00,-1.50,"90,419",2382
112/08/02,"166,914,370","37,297,195,646",238.00,242.00,213.50,213.50,-23.50,"111,496",2382
112/08/04,"140,707,799","30,574,044,876",209.00,227.50,206.00,220.00,+6.50,"99,556",2382
112/08/07,"129,125,869","30,207,077,855",226.00,242.00,221.00,242.00,+22.00,"81,996",2382
112/08/08,"129,644,815","31,280,681,082",241.00,249.00,233.50,240.00,-2.00,"80,018",2382
112/08/09,"108,629,287","25,600,646,641",227.00,243.50,226.00,233.50,-6.50,"74,272",2382
112/08/10,"116,106,925","24,954,659,777",220.50,225.00,210.50,210.50,-23.00,"81,640",2382
112/08/11,"111,247,922","24,660,603,322",216.00,228.00,214.00,223.50,+13.00,"64,706",2382
112/08/14,"155,869,025","36,650,084,628",228.00,242.50,223.50,239.00,+15.50,"106,882",2382
112/08/15,"108,044,284","27,038,171,303",250.00,255.50,246.00,246.50,+7.50,"101,573",2382
112/08/16,"133,299,459","34,215,427,122",245.00,270.00,244.00,270.00,+23.50,"116,829",2382
112/08/17,"148,236,127","40,175,987,307",264.00,280.50,263.00,272.50,+2.50,"99,891",2382
112/08/18,"157,529,129","41,123,180,819",271.00,275.00,247.00,256.00,-16.50,"122,090",2382
112/08/21,"88,998,651","22,749,550,072",261.50,263.50,250.50,250.50,-5.50,"65,718",2382
112/08/22,"114,576,691","30,014,984,197",261.00,267.00,256.50,258.50,+8.00,"74,651",2382
112/08/23,"66,285,272","17,091,386,458",260.00,262.00,253.00,262.00,+3.50,"59,494",2382
112/08/24,"160,444,175","43,475,430,937",282.00,282.00,257.50,262.50,+0.50,"104,000",2382
112/08/25,"123,129,883","30,467,255,387",249.50,253.00,241.00,244.00,-18.50,"94,998",2382
112/08/28,"96,951,962","22,982,769,691",245.00,245.50,229.50,238.00,-6.00,"62,107",2382
112/08/29,"54,567,756","13,295,369,989",242.00,247.00,240.00,244.50,+6.50,"39,971",2382
112/08/30,"54,186,461","13,614,292,310",252.00,254.00,248.00,248.50,+4.00,"36,970",2382
112/08/31,"71,738,211","17,878,319,652",246.00,253.50,240.00,253.50,+5.00,"49,415",2382
112/09/01,"57,414,537","14,185,686,807",255.00,255.00,240.50,240.50,-13.00,"52,098",2382
112/09/04,"44,225,644","10,692,711,143",240.50,246.00,238.00,246.00,+5.50,"36,951",2382
112/09/05,"27,072,676","6,588,572,068",243.00,246.00,241.00,245.00,-1.00,"20,597",2382
112/09/06,"47,917,232","12,056,783,548",246.00,254.00,246.00,254.00,+9.00,"33,402",2382
112/09/07,"33,303,597","8,356,669,809",250.00,253.00,248.50,252.00,-2.00,"29,087",2382
112/09/08,"48,197,771","11,881,922,048",249.00,252.50,241.50,242.00,-10.00,"36,190",2382
112/09/11,"98,692,923","22,516,015,020",241.00,242.50,219.00,228.00,-14.00,"68,985",2382
112/09/12,"56,578,685","12,709,972,837",228.00,228.00,221.50,224.00,-4.00,"34,788",2382
112/09/13,"36,463,042","8,236,781,102",225.00,229.00,221.50,228.50,+4.50,"23,512",2382
112/09/14,"48,231,676","11,286,591,324",232.00,237.00,230.50,235.00,+6.50,"30,045",2382
112/09/15,"42,678,099","10,019,163,628",236.00,237.50,232.00,233.00,-2.00,"21,649",2382
112/09/18,"46,055,003","10,295,390,935",227.00,227.50,220.50,222.50,-10.50,"35,882",2382
112/09/19,"40,486,226","8,965,132,793",224.00,227.00,217.00,219.00,-3.50,"28,138",2382
112/09/20,"55,454,721","12,302,396,841",217.00,229.50,215.00,218.50,-0.50,"37,985",2382
112/09/21,"52,610,458","11,384,198,894",213.50,222.00,211.00,219.00,+0.50,"34,370",2382
112/09/22,"49,929,815","11,081,228,278",216.50,227.50,214.50,227.50,+8.50,"33,022",2382
112/09/25,"39,076,310","8,832,349,891",227.50,228.00,222.50,226.00,-1.50,"28,693",2382
112/09/26,"46,419,427","10,484,099,720",227.00,231.50,221.50,221.50,-4.50,"32,412",2382
112/09/27,"37,580,439","8,510,836,891",223.00,230.00,221.50,230.00,+8.50,"26,948",2382
112/09/28,"87,510,142","20,947,446,178",235.00,244.00,235.00,239.50,+9.50,"67,173",2382
112/10/02,"97,943,823","24,753,091,520",245.00,259.00,244.50,254.50,+15.00,"70,758",2382
112/10/03,"48,415,023","12,197,966,270",257.00,257.50,248.00,248.50,-6.00,"49,635",2382
112/10/04,"49,285,046","12,134,003,896",240.00,251.50,239.50,250.50,+2.00,"42,029",2382
112/10/05,"40,064,025","10,024,676,016",252.00,252.50,248.00,249.50,-1.00,"27,813",2382
112/10/06,"58,042,777","14,766,338,630",252.00,258.00,251.00,254.50,+5.00,"35,291",2382
112/10/11,"79,041,637","19,665,071,061",262.00,262.00,238.00,238.00,-16.50,"60,139",2382
112/10/12,"65,964,588","15,774,826,929",235.00,244.00,234.50,238.00, 0.00,"45,460",2382
112/10/13,"81,323,569","18,515,409,412",238.00,240.00,222.00,226.00,-12.00,"64,126",2382
112/10/16,"41,180,087","9,196,959,731",221.50,227.00,221.00,221.50,-4.50,"27,637",2382
112/10/17,"44,852,365","9,973,199,069",224.50,226.50,218.00,221.50, 0.00,"31,292",2382
112/10/18,"91,161,788","19,315,774,041",217.00,218.00,208.00,209.50,-12.00,"59,957",2382
112/10/19,"49,450,199","10,273,963,630",207.00,211.00,203.50,208.50,-1.00,"32,023",2382
112/10/20,"87,100,779","17,654,079,304",206.00,207.50,199.00,204.50,-4.00,"49,163",2382
112/10/23,"43,526,151","8,829,034,969",201.50,207.50,200.00,200.50,-4.00,"25,878",2382
112/10/24,"54,659,258","11,208,513,474",204.00,209.00,200.50,209.00,+8.50,"31,841",2382
112/10/25,"42,224,803","8,875,792,872",210.00,214.00,207.00,210.50,+1.50,"26,381",2382
112/10/26,"43,216,214","8,785,109,515",202.00,206.00,201.00,202.50,-8.00,"24,565",2382
112/10/27,"36,587,320","7,455,797,459",206.00,206.50,201.50,203.00,+0.50,"22,143",2382
112/10/30,"24,975,381","5,139,034,957",204.00,208.00,203.50,206.00,+3.00,"13,706",2382
112/10/31,"71,459,209","14,056,251,660",207.00,208.00,189.00,189.00,-17.00,"50,057",2382
112/11/01,"45,440,918","8,647,495,028",193.00,194.00,188.00,191.00,+2.00,"26,338",2382
112/11/02,"49,455,245","9,946,775,080",199.50,204.00,198.00,201.00,+10.00,"29,353",2382
112/11/03,"38,674,087","7,784,282,419",202.50,205.00,199.00,200.00,-1.00,"27,120",2382
112/11/06,"30,607,371","6,246,138,145",204.00,206.00,202.00,205.50,+5.50,"17,988",2382
112/11/07,"23,261,912","4,753,625,957",205.00,207.00,203.00,204.00,-1.50,"16,339",2382
112/11/08,"71,750,857","15,372,561,637",205.50,220.50,205.00,215.00,+11.00,"45,431",2382
112/11/09,"45,389,523","9,837,826,420",215.50,219.50,213.50,219.00,+4.00,"31,306",2382
112/11/10,"33,264,099","7,115,783,520",217.00,217.50,211.50,213.50,-5.50,"30,376",2382
112/11/13,"69,834,972","14,542,986,308",211.00,214.00,206.00,206.00,-7.50,"43,410",2382
112/11/14,"33,500,655","6,956,211,621",207.50,211.00,205.00,208.50,+2.50,"20,544",2382
112/11/15,"46,599,500","9,937,548,214",214.50,218.00,209.00,209.00,+0.50,"28,289",2382
112/11/16,"38,076,599","7,983,682,649",211.00,215.00,206.50,208.50,-0.50,"22,879",2382
112/11/17,"26,961,117","5,641,784,327",210.00,211.00,207.50,208.50, 0.00,"14,942",2382
112/11/20,"27,079,923","5,709,261,177",210.00,213.00,208.00,212.00,+3.50,"15,040",2382
112/11/21,"48,468,409","10,521,018,768",216.00,219.00,215.00,217.50,+5.50,"30,100",2382
112/11/22,"44,694,393","9,388,437,420",212.00,213.50,208.00,208.50,-9.00,"41,997",2382
112/11/23,"35,278,323","7,252,369,606",208.00,209.50,203.00,203.50,-5.00,"28,059",2382
112/11/24,"31,770,731","6,411,485,980",204.00,205.00,200.00,203.50, 0.00,"24,622",2382
112/11/27,"51,001,377","10,023,419,234",203.00,203.00,193.00,196.50,-7.00,"43,921",2382
112/11/28,"34,567,985","6,779,673,318",196.00,198.00,194.00,197.00,+0.50,"21,869",2382
112/11/29,"37,752,103","7,550,236,059",198.50,202.00,196.00,201.00,+4.00,"21,605",2382
112/11/30,"55,734,198","11,215,917,208",199.00,203.00,197.00,203.00,+2.00,"22,698",2382
112/12/01,"30,376,425","6,069,459,408",201.00,202.00,198.00,200.00,-3.00,"19,381",2382
112/12/04,"27,451,006","5,477,126,150",202.00,202.50,197.50,197.50,-2.50,"16,841",2382
112/12/05,"29,376,076","5,707,775,494",195.50,196.50,192.50,195.00,-2.50,"18,015",2382
112/12/06,"22,116,889","4,421,993,528",199.00,202.00,198.00,199.50,+4.50,"14,590",2382
112/12/07,"27,499,966","5,511,511,109",199.50,203.50,196.00,201.00,+1.50,"20,650",2382
112/12/08,"29,825,312","6,081,501,516",205.00,206.50,202.00,203.00,+2.00,"18,873",2382
112/12/11,"20,920,534","4,282,381,233",208.00,208.00,202.00,204.00,+1.00,"15,045",2382
112/12/12,"21,583,173","4,384,055,734",205.00,206.00,201.00,201.00,-3.00,"17,270",2382
112/12/13,"24,049,992","4,866,178,863",203.00,205.00,200.50,201.00, 0.00,"15,776",2382
112/12/14,"30,157,759","6,168,826,407",204.00,206.00,202.00,205.50,+4.50,"18,219",2382
112/12/15,"31,923,048","6,495,797,695",206.50,207.00,202.50,202.50,-3.00,"15,293",2382
112/12/18,"26,818,335","5,455,787,221",202.50,205.50,199.00,203.00,+0.50,"12,923",2382
112/12/19,"52,909,098","10,898,691,309",205.00,210.00,203.50,203.50,+0.50,"27,143",2382
112/12/20,"70,764,561","14,839,333,996",206.50,212.50,204.00,210.00,+6.50,"46,306",2382
112/12/21,"66,534,354","14,140,008,914",207.00,217.50,204.00,215.50,+5.50,"58,075",2382
112/12/22,"38,583,431","8,360,094,300",217.50,219.00,214.00,215.00,-0.50,"46,051",2382
112/12/25,"23,823,565","5,159,860,097",216.00,219.00,214.50,215.50,+0.50,"29,483",2382
112/12/26,"17,113,936","3,686,182,909",217.00,217.00,213.50,216.00,+0.50,"16,069",2382
112/12/27,"17,098,655","3,686,115,070",216.50,217.00,214.00,215.50,-0.50,"12,775",2382
112/12/28,"19,760,672","4,294,054,449",217.00,219.00,215.50,217.00,+1.50,"13,497",2382
112/12/29,"55,866,475","12,503,920,216",218.00,226.50,217.50,224.50,+7.50,"37,169",2382
113/01/02,"42,474,060","9,242,593,841",224.50,225.00,213.50,214.00,-10.50,"36,813",2382
113/01/03,"23,219,794","4,950,587,958",209.50,216.00,209.00,214.00, 0.00,"16,072",2382
113/01/04,"27,444,184","5,968,942,580",214.00,220.00,212.50,219.00,+5.00,"18,919",2382
113/01/05,"29,553,759","6,460,207,453",219.50,221.50,215.50,215.50,-3.50,"18,641",2382
113/01/08,"18,315,187","3,944,803,383",217.00,218.00,214.00,214.00,-1.50,"20,699",2382
113/01/09,"40,282,596","8,866,028,252",220.50,225.00,216.00,216.00,+2.00,"23,615",2382
113/01/10,"22,952,122","4,992,840,769",215.00,219.50,214.00,218.00,+2.00,"20,893",2382
113/01/11,"35,815,527","7,966,091,982",220.00,225.00,217.00,224.00,+6.00,"29,284",2382
113/01/12,"53,306,227","12,225,190,448",222.50,234.50,220.50,231.00,+7.00,"43,061",2382
113/01/15,"43,734,567","10,066,707,058",234.50,235.50,226.00,226.50,-4.50,"45,543",2382
113/01/16,"23,296,792","5,295,788,563",225.50,230.00,224.50,228.00,+1.50,"20,185",2382
113/01/17,"44,081,331","10,149,057,117",230.00,233.00,227.50,228.50,+0.50,"26,971",2382
113/01/18,"34,790,817","7,776,275,604",228.00,229.00,220.50,221.50,-7.00,"38,409",2382
113/01/19,"86,067,526","20,250,030,951",226.00,241.00,225.50,240.00,+18.50,"55,153",2382
113/01/22,"100,042,561","25,518,196,155",252.50,260.00,249.50,253.50,+13.50,"78,107",2382
113/01/23,"41,967,856","10,591,972,438",255.00,255.00,249.00,252.50,-1.00,"44,734",2382
113/01/24,"23,746,258","5,979,704,004",253.50,254.50,249.50,250.00,-2.50,"26,094",2382
113/01/25,"31,551,751","7,941,730,769",254.00,255.50,249.00,249.00,-1.00,"20,823",2382
113/01/26,"29,597,484","7,206,891,723",248.00,248.00,241.00,242.00,-7.00,"31,067",2382
113/01/29,"22,949,669","5,610,270,915",242.00,247.50,241.00,245.50,+3.50,"18,564",2382
113/01/30,"41,247,412","10,385,542,364",250.00,254.00,248.00,253.00,+7.50,"28,111",2382
113/01/31,"32,460,795","8,043,765,848",250.00,250.50,245.00,247.00,-6.00,"35,125",2382
113/02/01,"35,452,237","8,661,977,366",246.50,249.50,241.50,243.00,-4.00,"21,893",2382
113/02/02,"41,010,456","10,315,561,608",249.50,254.00,247.50,253.00,+10.00,"26,496",2382
113/02/05,"38,108,714","9,688,101,284",253.50,256.50,251.50,255.00,+2.00,"33,498",2382
113/02/15,"66,714,823","17,848,134,269",271.00,273.00,262.50,266.50,+11.50,"53,746",2382
113/02/16,"84,887,432","21,476,350,554",258.50,258.50,248.50,248.50,-18.00,"78,852",2382
113/02/19,"43,875,949","10,712,551,685",248.50,250.00,241.00,241.50,-7.00,"39,507",2382
113/02/20,"32,962,251","7,992,473,296",241.50,245.50,240.00,242.50,+1.00,"24,278",2382
113/02/21,"34,556,687","8,215,835,765",239.50,240.50,235.50,236.00,-6.50,"30,772",2382
113/02/22,"39,981,279","9,731,618,053",245.50,247.50,240.50,243.50,+7.50,"25,915",2382
113/02/23,"34,421,914","8,434,107,632",248.50,249.00,241.00,241.00,-2.50,"31,434",2382
113/02/26,"18,612,705","4,473,998,451",240.00,243.00,238.00,241.00, 0.00,"16,440",2382
113/02/27,"31,686,288","7,442,611,710",241.00,242.00,230.50,232.50,-8.50,"32,174",2382
113/02/29,"29,736,438","6,887,349,823",230.50,234.00,228.00,232.00,-0.50,"19,955",2382
113/03/01,"26,223,882","6,193,009,490",234.00,238.50,232.00,237.00,+5.00,"17,081",2382
113/03/04,"25,714,237","6,163,688,526",241.00,243.00,236.50,239.00,+2.00,"18,460",2382
113/03/05,"27,710,895","6,750,919,174",240.50,246.50,239.00,245.00,+6.00,"25,428",2382
113/03/06,"19,775,820","4,855,358,341",243.00,247.00,242.50,246.50,+1.50,"29,653",2382
113/03/07,"23,644,951","5,752,002,861",248.00,248.50,240.50,240.50,-6.00,"32,296",2382
113/03/08,"26,550,790","6,438,453,359",241.00,246.50,239.50,241.50,+1.00,"17,059",2382
113/03/11,"47,860,377","11,879,268,082",243.50,254.50,243.00,249.50,+8.00,"39,343",2382
113/03/12,"44,712,502","11,313,207,794",253.00,256.00,247.00,254.50,+5.00,"51,842",2382
113/03/13,"35,589,567","8,952,053,745",256.00,257.00,248.00,250.50,-4.00,"49,581",2382
113/03/14,"24,852,254","6,074,263,980",250.50,251.50,241.00,243.50,-7.00,"29,810",2382
113/03/15,"69,508,683","17,566,885,985",240.50,258.50,239.50,257.50,+14.00,"43,320",2382
113/03/18,"57,548,118","14,906,838,948",265.00,267.50,253.00,255.00,-2.50,"55,128",2382
113/03/19,"33,360,934","8,557,940,132",256.00,260.50,253.00,257.00,+2.00,"30,756",2382
113/03/20,"55,810,767","14,105,311,148",257.50,261.00,248.00,249.00,-8.00,"35,797",2382
113/03/21,"33,794,333","8,626,101,445",254.50,257.50,253.00,254.50,+5.50,"25,542",2382
113/03/22,"42,860,311","11,081,803,573",256.50,262.50,254.50,257.50,+3.00,"38,743",2382
113/03/25,"18,242,235","4,691,278,501",258.00,259.50,255.00,255.00,-2.50,"29,641",2382
113/03/26,"38,992,957","10,022,778,494",258.00,262.00,252.00,254.00,-1.00,"25,611",2382
113/03/27,"20,191,342","5,142,647,359",254.00,258.50,251.00,257.50,+3.50,"22,071",2382
113/03/28,"97,361,040","26,132,012,141",259.50,280.00,259.00,280.00,+22.50,"68,900",2382
113/03/29,"135,928,954","39,327,453,727",279.00,298.00,276.50,293.50,+13.50,"113,820",2382
113/04/01,"66,759,245","19,212,764,899",294.50,296.50,281.50,282.50,-11.00,"77,738",2382
113/04/02,"87,462,983","25,759,711,026",286.50,299.00,286.50,298.00,+15.50,"60,512",2382
113/04/03,"54,178,226","15,865,052,312",294.50,295.50,289.50,293.50,-4.50,"54,825",2382
113/04/08,"44,690,685","13,086,884,942",294.50,296.50,290.00,291.50,-2.00,"30,103",2382
113/04/09,"41,330,777","11,879,426,508",294.00,294.00,283.00,287.00,-4.50,"33,712",2382
113/04/10,"34,153,216","9,723,781,385",290.00,291.00,282.00,282.00,-5.00,"39,319",2382
113/04/11,"33,129,231","9,422,407,548",282.00,288.00,281.00,284.50,+2.50,"27,869",2382
113/04/12,"49,700,099","13,667,909,315",276.50,280.50,271.00,271.00,X0.00,"45,010",2382
113/04/15,"39,186,632","10,334,378,260",268.50,273.00,259.00,261.00,-10.00,"35,248",2382
113/04/16,"47,520,159","11,991,975,116",258.50,261.50,248.00,249.50,-11.50,"42,354",2382
113/04/17,"41,068,840","10,330,360,334",254.00,256.00,247.50,254.50,+5.00,"28,726",2382
113/04/18,"25,587,743","6,418,946,035",250.00,254.00,248.50,250.50,-4.00,"19,605",2382
113/04/19,"37,114,969","9,060,801,065",250.00,251.50,237.00,241.50,-9.00,"29,772",2382
113/04/22,"32,704,452","7,639,950,059",238.00,241.00,230.00,230.00,-11.50,"31,060",2382
113/04/23,"21,894,681","5,163,077,477",236.00,239.00,233.00,237.00,+7.00,"14,774",2382
113/04/24,"44,632,468","11,422,695,838",250.00,260.50,249.00,260.50,+23.50,"32,203",2382
113/04/25,"42,964,267","10,997,611,755",257.50,261.00,250.00,255.50,-5.00,"36,024",2382
113/04/26,"40,911,363","10,701,633,788",266.00,269.00,257.00,257.50,+2.00,"30,112",2382
113/04/29,"15,610,050","4,078,592,693",260.50,263.50,258.50,261.50,+4.00,"21,632",2382
113/04/30,"14,843,386","3,879,572,934",262.00,264.00,260.00,260.00,-1.50,"13,996",2382
113/05/02,"22,185,686","5,744,710,805",254.00,263.00,251.00,261.00,+1.00,"18,661",2382
113/05/03,"23,079,872","6,020,658,244",264.00,266.00,256.50,256.50,-4.50,"27,449",2382
113/05/06,"43,592,042","11,633,781,868",262.00,273.00,262.00,262.00,+5.50,"39,134",2382
113/05/07,"22,586,603","5,974,327,575",265.00,267.00,260.50,267.00,+5.00,"31,229",2382
113/05/08,"44,764,504","12,229,468,348",267.00,277.50,266.50,273.50,+6.50,"32,729",2382
113/05/09,"27,492,939","7,552,299,993",274.00,278.00,272.00,274.50,+1.00,"32,015",2382
113/05/10,"32,696,944","8,845,001,901",275.00,275.00,267.00,270.50,-4.00,"38,687",2382
113/05/13,"20,104,613","5,504,666,209",272.00,276.00,269.50,274.50,+4.00,"16,668",2382
113/05/14,"47,211,747","13,353,452,185",275.00,290.50,272.00,288.50,+14.00,"47,140",2382
113/05/15,"63,321,591","18,399,837,019",288.00,295.00,285.50,287.00,-1.50,"75,085",2382
113/05/16,"82,967,358","23,598,719,768",290.50,292.00,276.50,277.00,-10.00,"97,076",2382
113/05/17,"47,095,741","13,414,799,568",279.50,289.00,279.50,286.00,+9.00,"33,703",2382
113/05/20,"24,611,697","6,973,905,276",287.50,287.50,279.50,282.00,-4.00,"34,531",2382
113/05/21,"18,882,778","5,338,352,065",282.50,286.50,280.50,282.00, 0.00,"14,518",2382
113/05/22,"22,072,151","6,271,227,255",282.50,286.00,280.00,285.50,+3.50,"16,498",2382
113/05/23,"30,110,434","8,612,068,797",287.00,293.00,282.50,284.00,-1.50,"22,558",2382
113/05/24,"22,866,514","6,547,282,082",283.00,289.00,282.50,286.50,+2.50,"17,405",2382
113/05/27,"40,649,265","11,863,165,074",290.00,295.00,288.00,293.50,+7.00,"44,290",2382
113/05/28,"28,482,624","8,274,446,979",293.50,294.00,288.00,289.50,-4.00,"39,519",2382
113/05/29,"30,632,167","8,927,339,068",290.50,297.00,287.00,287.00,-2.50,"25,182",2382
113/05/30,"18,805,873","5,326,290,022",286.00,287.00,281.00,281.50,-5.50,"34,580",2382
113/05/31,"37,645,592","10,433,217,346",281.50,282.50,274.00,274.00,-7.50,"33,906",2382
113/06/03,"28,549,413","8,071,175,648",279.00,288.50,278.00,282.50,+8.50,"21,097",2382
113/06/04,"27,723,883","7,697,754,217",283.00,284.50,273.00,275.00,-7.50,"31,076",2382
113/06/05,"14,829,732","4,123,152,161",278.00,281.00,274.50,276.50,+1.50,"12,538",2382
113/06/06,"19,060,891","5,356,602,068",284.00,285.00,278.00,279.50,+3.00,"15,655",2382
113/06/07,"26,576,693","7,281,602,043",278.00,280.00,271.00,273.00,-6.50,"30,265",2382
113/06/11,"18,578,391","5,137,487,994",276.50,279.50,274.00,274.50,+1.50,"14,528",2382
113/06/12,"16,850,597","4,627,119,212",277.00,277.00,273.00,274.50, 0.00,"18,298",2382
113/06/13,"28,316,917","7,951,525,965",277.00,284.00,277.00,284.00,+9.50,"22,565",2382
113/06/14,"34,560,601","9,931,997,016",285.00,292.00,282.00,290.50,+6.50,"36,484",2382
113/06/17,"17,439,497","5,015,070,612",290.50,290.50,284.50,288.50,-2.00,"43,320",2382
113/06/18,"20,750,060","6,030,325,838",290.00,293.00,287.00,291.00,+2.50,"19,567",2382
113/06/19,"111,394,537","34,554,644,814",292.50,320.00,291.50,316.00,+25.00,"100,363",2382
113/06/20,"73,255,020","23,833,512,611",319.00,331.50,318.00,330.00,+14.00,"74,752",2382
113/06/21,"52,479,029","16,644,768,690",320.50,322.00,311.00,319.50,-10.50,"72,926",2382
113/06/24,"43,240,893","13,321,616,155",313.00,317.00,304.00,304.00,-15.50,"42,512",2382
113/06/25,"41,318,995","12,373,446,752",301.00,306.00,293.50,305.00,+1.00,"38,936",2382
113/06/26,"26,589,631","8,252,876,738",308.00,313.50,307.00,309.50,+4.50,"26,177",2382
113/06/27,"19,821,403","6,029,986,938",304.00,308.50,299.00,305.00,-4.50,"37,115",2382
113/06/28,"19,813,400","6,161,423,740",306.00,314.00,306.00,312.00,+7.00,"17,234",2382
113/07/01,"16,182,302","5,011,646,115",313.00,313.00,307.50,308.50,-3.50,"23,294",2382
113/07/02,"18,881,962","5,821,560,060",310.50,312.50,304.50,306.50,-2.00,"15,211",2382
113/07/03,"13,478,412","4,150,738,038",311.00,311.00,306.00,308.00,+1.50,"14,157",2382
113/07/04,"16,557,163","5,156,115,043",314.00,315.50,309.00,309.00,+1.00,"17,718",2382
113/07/05,"14,386,413","4,491,114,970",312.00,316.00,309.00,312.00,+3.00,"15,779",2382
113/07/08,"28,788,552","9,201,493,109",312.00,326.50,309.50,319.50,+7.50,"29,115",2382
113/07/09,"68,464,418","22,922,840,430",329.00,342.50,326.00,336.00,+16.50,"65,795",2382
113/07/10,"36,436,406","12,377,600,584",344.00,345.00,331.00,341.00,+5.00,"31,101",2382
113/07/11,"24,228,767","8,112,061,018",343.00,343.00,332.50,332.50,-8.50,"27,942",2382
113/07/12,"18,864,689","6,161,893,381",324.00,332.00,320.00,326.00,-6.50,"20,637",2382
113/07/15,"17,944,703","5,857,756,616",330.00,332.50,322.50,323.00,-3.00,"20,205",2382
113/07/16,"17,383,510","5,591,682,357",324.00,327.00,318.00,322.50,-0.50,"19,596",2382
113/07/17,"20,119,944","6,374,837,150",321.00,321.00,313.50,314.00,-8.50,"27,444",2382
113/07/18,"44,677,420","13,405,714,840",302.50,307.00,296.50,298.00,-16.00,"49,812",2382
113/07/19,"21,895,809","6,541,471,378",298.00,302.50,295.50,297.00,-1.00,"22,920",2382
113/07/22,"24,908,600","7,208,276,097",296.00,298.50,283.00,288.00,-9.00,"30,098",2382
113/07/23,"17,720,158","5,219,919,510",294.50,297.00,292.00,297.00,+9.00,"23,558",2382
113/07/26,"37,235,663","10,348,705,362",275.00,282.00,272.00,275.00,-22.00,"42,577",2382
113/07/29,"24,890,545","6,806,580,115",278.00,279.50,270.00,270.00,-5.00,"23,796",2382
113/07/30,"32,003,495","8,516,773,673",266.00,271.50,261.50,270.50,+0.50,"25,309",2382
113/07/31,"39,982,749","10,896,137,462",262.50,279.50,262.50,272.50,+2.00,"28,551",2382
113/08/01,"40,157,568","11,475,489,644",286.00,291.00,281.00,289.00,+16.50,"29,117",2382
113/08/02,"41,983,211","11,398,533,446",274.50,277.00,265.50,266.00,-23.00,"55,369",2382
113/08/05,"54,328,916","13,252,921,756",245.00,250.50,239.50,239.50,-26.50,"51,287",2382
113/08/06,"44,804,865","10,986,375,393",249.50,251.00,233.00,247.00,+7.50,"37,017",2382
113/08/07,"54,337,367","13,663,688,986",245.00,260.50,242.50,250.00,+3.00,"45,223",2382
113/08/08,"57,582,750","13,828,271,846",240.00,244.00,236.00,240.00,-10.00,"46,103",2382
113/08/09,"50,045,087","12,520,422,532",249.00,255.00,247.00,250.00,+10.00,"30,828",2382
113/08/12,"49,294,166","13,122,688,875",260.00,272.00,256.50,267.00,+17.00,"39,713",2382
113/08/13,"27,017,620","7,232,680,056",272.00,272.50,265.00,266.50,-0.50,"24,018",2382
113/08/14,"29,175,604","7,924,505,758",271.00,275.50,269.00,271.00,+4.50,"31,998",2382
113/08/15,"16,717,194","4,553,468,151",273.50,275.00,270.50,271.50,+0.50,"17,608",2382
113/08/16,"29,204,948","8,152,307,167",278.00,281.50,276.00,278.50,+7.00,"35,654",2382
113/08/19,"14,917,063","4,155,101,033",280.50,280.50,276.50,278.00,-0.50,"47,045",2382
113/08/20,"27,195,528","7,786,076,524",283.00,289.00,282.50,284.00,+6.00,"22,673",2382
113/08/21,"20,206,903","5,715,512,870",282.00,286.00,280.50,282.00,-2.00,"35,874",2382
113/08/22,"16,177,018","4,504,423,220",283.00,284.00,276.00,276.00,-6.00,"17,499",2382
113/08/23,"19,610,793","5,370,954,709",272.00,277.50,271.00,276.00, 0.00,"14,383",2382
113/08/26,"15,059,996","4,196,304,666",278.50,283.00,275.00,275.00,-1.00,"18,727",2382
113/08/27,"17,159,154","4,674,915,309",273.50,276.00,270.00,275.50,+0.50,"17,447",2382
113/08/28,"19,139,358","5,277,903,686",275.50,280.00,272.00,278.50,+3.00,"13,671",2382
113/08/29,"23,133,126","6,263,411,040",268.50,273.50,266.50,272.00,-6.50,"21,142",2382
113/08/30,"21,576,411","5,822,219,696",272.00,272.50,268.00,268.00,-4.00,"15,346",2382
113/09/02,"12,071,008","3,249,134,832",270.50,273.00,267.00,267.00,-1.00,"11,337",2382
113/09/03,"19,227,832","5,200,812,262",268.00,273.00,265.50,272.00,+5.00,"14,018",2382
113/09/04,"44,435,920","11,174,784,808",255.00,255.00,248.00,250.00,-22.00,"64,792",2382
113/09/05,"20,589,711","5,143,128,238",251.50,253.00,247.00,247.00,-3.00,"21,253",2382
113/09/06,"28,110,182","7,172,538,712",250.00,260.00,249.00,256.50,+9.50,"21,429",2382
113/09/09,"32,446,229","8,089,020,130",250.00,251.50,247.50,250.00,-6.50,"34,763",2382
113/09/10,"55,884,105","13,572,739,942",247.00,247.00,238.00,239.50,-10.50,"52,347",2382
113/09/11,"16,807,290","4,085,374,481",241.00,245.50,241.00,242.00,+2.50,"13,566",2382
113/09/12,"39,344,947","9,975,464,720",250.00,257.50,250.00,253.00,+11.00,"27,924",2382
113/09/13,"18,404,172","4,664,863,548",254.50,256.00,250.50,254.50,+1.50,"17,297",2382
113/09/16,"13,299,760","3,374,987,226",255.00,256.00,252.00,254.00,-0.50,"9,662",2382
113/09/18,"13,594,247","3,414,161,501",252.50,254.00,249.00,250.00,-4.00,"13,886",2382
113/09/19,"15,193,651","3,830,129,330",251.00,254.00,248.00,253.00,+3.00,"10,983",2382
113/09/20,"24,306,991","6,199,081,061",257.50,259.50,252.50,252.50,-0.50,"14,200",2382
113/09/23,"10,801,017","2,765,535,652",255.00,257.00,253.50,257.00,+4.50,"8,873",2382
113/09/24,"20,056,734","5,143,379,497",256.00,258.50,253.50,256.50,-0.50,"12,941",2382
113/09/25,"49,823,265","13,536,508,121",263.00,275.00,262.50,272.50,+16.00,"37,800",2382
113/09/26,"27,630,050","7,608,625,477",277.50,278.00,272.50,275.50,+3.00,"37,994",2382
113/09/27,"32,046,559","8,927,931,218",278.00,283.00,275.50,277.00,+1.50,"46,076",2382
113/09/30,"33,524,424","9,001,990,188",272.00,273.00,264.00,264.00,-13.00,"46,141",2382
113/10/01,"13,637,619","3,658,603,508",268.50,271.50,266.00,268.00,+4.00,"13,618",2382
113/10/04,"29,276,096","7,777,162,332",265.50,272.50,261.50,262.00,-6.00,"27,466",2382
113/10/07,"19,612,183","5,248,341,681",267.50,271.00,265.00,267.50,+5.50,"15,456",2382
113/10/08,"15,399,298","4,069,243,858",264.50,265.50,262.50,265.50,-2.00,"11,280",2382
113/10/09,"34,116,165","9,380,568,979",272.50,279.00,271.50,273.50,+8.00,"26,388",2382
113/10/11,"38,882,938","10,943,539,590",277.00,284.00,276.00,282.00,+8.50,"46,843",2382
113/10/14,"17,240,099","4,871,910,613",282.50,285.00,278.50,283.50,+1.50,"35,572",2382
113/10/15,"49,926,934","14,682,457,378",289.00,297.50,287.00,295.50,+12.00,"52,772",2382
113/10/16,"30,224,204","8,876,612,493",290.00,298.00,288.00,295.00,-0.50,"55,515",2382
113/10/17,"26,622,191","7,970,880,368",300.00,303.00,295.00,300.50,+5.50,"27,163",2382
113/10/18,"57,479,547","17,829,337,666",310.50,316.00,302.50,307.00,+6.50,"70,432",2382
113/10/21,"21,136,809","6,565,010,092",311.00,313.00,309.00,309.00,+2.00,"24,344",2382
113/10/22,"44,547,126","14,143,656,095",312.00,322.50,310.00,319.00,+10.00,"35,167",2382
113/10/23,"21,766,947","6,902,704,884",318.50,319.00,315.00,317.00,-2.00,"40,435",2382
113/10/24,"39,743,164","12,223,841,750",315.00,315.00,303.50,305.00,-12.00,"92,688",2382
113/10/25,"16,081,544","4,971,419,199",306.50,312.50,306.00,310.00,+5.00,"17,386",2382
113/10/28,"19,096,682","5,931,376,264",313.00,314.00,306.00,310.00, 0.00,"18,399",2382
113/10/29,"23,545,009","7,125,320,197",308.00,308.00,299.50,303.00,-7.00,"38,631",2382
113/10/30,"16,585,308","5,058,173,850",304.00,308.50,303.00,303.50,+0.50,"15,851",2382
113/11/01,"22,156,956","6,640,664,747",290.00,307.50,289.50,305.00,+1.50,"32,671",2382
113/11/04,"24,296,494","7,549,674,905",306.50,314.50,306.00,313.50,+8.50,"35,826",2382
113/11/05,"26,320,120","8,341,870,090",310.50,320.00,309.50,318.00,+4.50,"29,655",2382
113/11/06,"31,233,581","10,043,663,763",319.00,324.50,318.00,320.50,+2.50,"29,495",2382
113/11/07,"28,946,990","9,432,170,639",323.00,329.00,320.00,325.50,+5.00,"42,080",2382
113/11/08,"32,335,688","10,670,191,342",328.00,333.00,326.50,328.00,+2.50,"41,765",2382
113/11/11,"24,134,803","7,836,391,237",328.00,328.00,322.00,325.00,-3.00,"63,918",2382
113/11/12,"30,705,857","9,704,467,805",319.50,321.00,313.00,313.00,-12.00,"45,275",2382
113/11/13,"30,693,873","9,769,939,420",311.00,322.50,311.00,322.00,+9.00,"22,715",2382
113/11/14,"27,530,632","8,668,073,711",319.00,320.50,310.00,314.50,-7.50,"44,423",2382
113/11/15,"78,419,034","23,582,775,568",308.00,308.00,295.00,297.00,-17.50,"79,975",2382
113/11/18,"30,185,974","8,815,713,742",295.00,298.00,288.50,290.50,-6.50,"28,952",2382
113/11/19,"32,889,679","9,551,200,534",293.50,293.50,288.00,290.00,-0.50,"26,466",2382
113/11/20,"24,526,181","7,252,595,657",295.50,298.50,293.50,295.50,+5.50,"20,040",2382
113/11/21,"19,230,894","5,640,550,596",290.50,297.00,289.00,294.00,-1.50,"13,833",2382
113/11/22,"20,164,260","6,014,718,632",298.00,301.00,296.50,297.00,+3.00,"15,230",2382
113/11/25,"23,184,220","6,963,098,718",301.50,304.00,299.00,299.00,+2.00,"21,898",2382
113/11/26,"14,965,935","4,446,066,334",297.00,300.50,293.00,297.00,-2.00,"15,332",2382
113/11/27,"23,484,003","6,804,984,615",294.50,294.50,286.50,286.50,-10.50,"31,859",2382
113/11/28,"17,034,725","4,896,555,551",288.00,290.00,284.00,288.00,+1.50,"14,467",2382
113/11/29,"14,671,668","4,260,881,573",286.00,293.50,285.00,291.00,+3.00,"10,818",2382
113/12/02,"11,646,143","3,423,684,871",295.00,296.00,292.50,293.00,+2.00,"9,692",2382
113/12/03,"15,989,623","4,730,851,873",297.50,300.50,293.00,293.00, 0.00,"13,344",2382
113/12/04,"13,880,979","4,077,223,589",294.50,295.50,292.00,294.00,+1.00,"11,615",2382
113/12/05,"11,067,437","3,270,017,535",297.50,298.00,294.00,294.00, 0.00,"9,592",2382
113/12/06,"13,994,987","4,165,999,666",297.00,300.50,295.50,297.00,+3.00,"12,052",2382
113/12/09,"12,720,716","3,780,612,023",299.50,300.50,295.00,296.00,-1.00,"16,965",2382
113/12/10,"14,789,558","4,341,567,170",297.00,298.50,291.00,293.00,-3.00,"15,967",2382
113/12/11,"22,380,583","6,462,533,617",290.50,292.00,286.00,287.00,-6.00,"31,470",2382
113/12/12,"15,763,011","4,540,467,429",291.00,292.00,286.00,286.00,-1.00,"15,914",2382
113/12/13,"12,643,893","3,612,589,939",285.00,287.50,285.00,285.50,-0.50,"15,423",2382
113/12/16,"30,402,631","8,472,953,608",287.00,287.50,274.00,275.00,-10.50,"41,273",2382
113/12/17,"19,110,286","5,263,811,482",273.00,277.50,273.00,275.00, 0.00,"17,874",2382
113/12/18,"17,073,091","4,692,432,444",272.00,277.00,272.00,276.00,+1.00,"17,407",2382
113/12/19,"24,653,565","6,702,035,431",272.50,275.50,269.00,274.50,-1.50,"24,598",2382
113/12/20,"17,114,989","4,730,416,432",274.00,279.00,273.00,277.50,+3.00,"14,503",2382
113/12/23,"29,302,160","8,457,091,964",285.00,290.50,284.50,289.00,+11.50,"25,559",2382
113/12/24,"18,860,850","5,500,174,146",292.00,293.00,289.50,291.00,+2.00,"35,190",2382
113/12/25,"13,874,708","4,070,756,817",293.00,296.00,291.00,292.00,+1.00,"21,641",2382
113/12/26,"11,103,068","3,238,021,736",294.50,295.00,290.50,291.00,-1.00,"27,303",2382
113/12/27,"6,966,967","2,021,171,056",290.50,292.00,288.50,291.00, 0.00,"8,986",2382
113/12/30,"9,528,057","2,757,823,475",290.00,291.00,288.00,288.00,-3.00,"8,987",2382
113/12/31,"9,842,402","2,814,144,164",286.50,287.50,284.00,287.00,-1.00,"9,080",2382
