日期,成交股數,成交金額,開盤價,最高價,最低價,收盤價,漲跌價差,成交筆數,股票代號
 99/01/04,"14,947,670","885,880,317",59.50,59.60,59.10,59.30,-0.20,"5,186",2412
 99/01/05,"16,020,545","950,201,764",59.30,59.50,59.20,59.40,+0.10,"4,787",2412
 99/01/06,"21,835,678","1,297,482,332",59.30,59.70,59.20,59.60,+0.20,"6,301",2412
 99/01/07,"58,817,538","3,449,001,637",59.20,59.30,58.20,58.40,-1.20,"19,530",2412
 99/01/08,"44,405,291","2,586,840,886",58.20,58.80,57.90,58.10,-0.30,"10,103",2412
 99/01/11,"19,588,290","1,142,577,161",58.10,58.60,58.00,58.50,+0.40,"8,219",2412
 99/01/12,"21,405,024","1,255,069,502",58.70,58.90,58.40,58.70,+0.20,"7,096",2412
 99/01/13,"10,232,193","598,657,194",58.60,58.60,58.40,58.60,-0.10,"4,172",2412
 99/01/14,"18,645,670","1,088,386,957",58.50,58.50,58.20,58.40,-0.20,"5,885",2412
 99/01/15,"16,805,734","979,422,298",58.30,58.40,58.20,58.40, 0.00,"5,554",2412
 99/01/18,"10,519,918","612,813,461",58.20,58.40,58.10,58.40, 0.00,"3,972",2412
 99/01/19,"17,813,284","1,037,862,985",58.40,58.50,58.10,58.30,-0.10,"5,394",2412
 99/01/20,"28,360,976","1,649,806,370",58.30,58.40,58.10,58.10,-0.20,"7,037",2412
 99/02/08,"79,665,728","4,740,146,314",58.60,60.10,58.60,59.70,X0.00,"20,163",2412
 99/02/09,"29,610,266","1,768,247,960",59.30,60.00,59.30,59.80,+0.10,"8,391",2412
 99/02/10,"28,701,627","1,708,632,059",59.90,59.90,59.30,59.30,-0.50,"7,871",2412
 99/02/22,"24,610,735","1,474,100,375",59.50,60.20,59.50,59.60,+0.30,"6,386",2412
 99/02/23,"21,144,976","1,267,188,360",59.80,60.10,59.60,60.00,+0.40,"5,530",2412
 99/02/24,"20,612,912","1,227,657,820",59.80,59.80,59.40,59.40,-0.60,"5,107",2412
 99/02/25,"18,792,412","1,118,115,330",59.50,59.70,59.30,59.30,-0.10,"5,129",2412
 99/02/26,"14,650,367","876,874,583",59.60,60.00,59.50,59.80,+0.50,"5,327",2412
 99/03/01,"32,634,577","2,017,731,934",60.30,62.90,60.20,62.00,+2.20,"9,881",2412
 99/03/02,"13,199,057","811,257,788",62.00,62.00,61.20,61.50,-0.50,"5,637",2412
 99/03/03,"13,918,127","849,555,783",61.10,61.40,60.90,61.00,-0.50,"4,833",2412
 99/03/04,"13,003,015","789,317,906",60.90,61.10,60.50,60.60,-0.40,"4,637",2412
 99/03/05,"9,877,895","602,608,523",61.00,61.50,60.50,60.70,+0.10,"2,999",2412
 99/03/08,"10,101,201","615,050,338",60.80,61.20,60.70,60.70, 0.00,"4,236",2412
 99/03/09,"6,980,319","423,003,017",60.70,60.90,60.50,60.50,-0.20,"3,154",2412
 99/03/10,"9,636,923","584,275,713",60.60,60.80,60.50,60.60,+0.10,"2,093",2412
 99/03/11,"7,504,587","455,705,693",60.80,60.80,60.60,60.80,+0.20,"2,103",2412
 99/03/12,"4,226,623","258,370,103",61.10,61.30,60.90,61.20,+0.40,"2,302",2412
 99/03/15,"6,868,986","418,905,601",61.20,61.40,60.60,60.80,-0.40,"2,727",2412
 99/03/16,"5,313,543","324,506,523",61.80,61.80,60.80,60.80, 0.00,"2,189",2412
 99/03/17,"8,683,596","532,116,095",61.50,61.60,61.00,61.30,+0.50,"3,509",2412
 99/03/18,"9,932,927","607,129,137",61.30,61.40,60.90,61.20,-0.10,"3,937",2412
 99/03/19,"12,161,319","748,103,916",61.20,61.80,61.20,61.50,+0.30,"3,374",2412
 99/03/22,"10,454,755","637,361,555",61.50,61.50,60.80,60.80,-0.70,"3,721",2412
 99/03/23,"5,486,115","334,679,515",61.10,61.30,60.80,60.90,+0.10,"1,805",2412
 99/03/24,"7,766,586","473,887,846",61.10,61.30,60.80,60.90, 0.00,"2,989",2412
 99/03/25,"8,801,840","535,415,340",60.90,61.20,60.60,61.00,+0.10,"3,666",2412
 99/03/26,"9,182,482","559,681,443",60.80,61.40,60.60,61.10,+0.10,"3,424",2412
 99/03/29,"10,056,250","616,626,150",61.20,61.50,61.10,61.30,+0.20,"3,400",2412
 99/03/30,"20,801,607","1,289,117,270",61.60,62.20,61.60,62.10,+0.80,"6,877",2412
 99/03/31,"29,340,157","1,805,505,531",61.70,62.10,61.00,62.10, 0.00,"8,610",2412
 99/04/01,"19,019,720","1,179,330,521",62.00,62.30,61.70,61.90,-0.20,"6,229",2412
 99/04/02,"6,170,905","381,309,400",62.10,62.10,61.70,61.80,-0.10,"2,940",2412
 99/04/06,"12,401,432","767,080,701",61.90,62.00,61.60,61.70,-0.10,"4,210",2412
 99/04/07,"15,851,226","978,487,822",61.70,61.90,61.60,61.80,+0.10,"4,958",2412
 99/04/08,"17,997,944","1,108,727,520",61.90,62.00,61.30,61.60,-0.20,"4,991",2412
 99/04/09,"7,740,359","476,934,364",61.60,61.80,61.50,61.70,+0.10,"3,472",2412
 99/04/12,"8,818,887","543,316,785",61.80,61.90,61.50,61.50,-0.20,"3,066",2412
 99/04/13,"11,383,407","702,813,831",61.50,62.00,61.50,61.70,+0.20,"3,173",2412
 99/04/14,"9,062,474","558,937,459",61.70,61.90,61.50,61.70, 0.00,"3,338",2412
 99/04/15,"10,586,429","653,833,160",61.90,61.90,61.60,61.90,+0.20,"3,247",2412
 99/04/16,"11,036,966","680,630,342",61.70,61.90,61.50,61.90, 0.00,"2,827",2412
 99/04/19,"19,518,102","1,200,754,756",61.40,61.70,61.40,61.50,-0.40,"5,894",2412
 99/04/20,"20,376,224","1,248,626,807",61.60,61.60,61.10,61.30,-0.20,"5,905",2412
 99/04/21,"17,486,166","1,071,005,235",61.50,61.50,61.10,61.20,-0.10,"5,665",2412
 99/04/22,"10,606,528","649,767,124",61.20,61.60,61.00,61.50,+0.30,"3,833",2412
 99/04/23,"6,784,426","417,484,218",61.70,61.70,61.40,61.50, 0.00,"2,764",2412
 99/04/26,"16,562,711","1,025,761,830",61.80,62.00,61.70,61.90,+0.40,"5,031",2412
 99/04/27,"8,014,299","495,035,921",61.80,61.90,61.70,61.70,-0.20,"1,439",2412
 99/04/28,"19,657,337","1,211,729,296",61.20,61.90,61.20,61.60,-0.10,"4,228",2412
 99/04/29,"10,997,918","677,030,862",61.50,61.70,61.50,61.50,-0.10,"3,158",2412
 99/04/30,"12,210,802","752,695,712",61.50,61.90,61.50,61.50, 0.00,"3,684",2412
 99/05/03,"11,811,920","727,666,907",61.50,61.80,61.30,61.80,+0.30,"3,582",2412
 99/05/04,"11,947,222","735,425,073",61.80,61.80,61.40,61.50,-0.30,"3,589",2412
 99/05/05,"44,529,835","2,713,590,335",61.00,61.30,60.50,60.50,-1.00,"11,347",2412
 99/05/06,"37,657,267","2,280,015,836",60.30,61.20,60.00,61.00,+0.50,"7,750",2412
 99/05/07,"29,412,503","1,775,186,851",60.00,61.00,60.00,60.80,-0.20,"6,021",2412
 99/05/10,"22,128,310","1,361,479,776",61.00,61.90,61.00,61.50,+0.70,"6,625",2412
 99/05/11,"13,704,216","840,568,011",61.90,61.90,61.10,61.10,-0.40,"3,696",2412
 99/05/12,"11,969,774","736,690,932",61.20,61.80,61.10,61.70,+0.60,"3,971",2412
 99/05/13,"15,377,887","952,381,012",61.90,62.20,61.60,61.90,+0.20,"4,118",2412
 99/05/14,"10,535,186","649,574,370",61.70,61.90,61.50,61.60,-0.30,"2,838",2412
 99/05/17,"8,601,228","529,184,166",61.40,61.80,61.30,61.80,+0.20,"3,724",2412
 99/05/18,"14,260,714","881,118,682",61.80,62.00,61.40,61.80, 0.00,"3,892",2412
 99/05/19,"15,145,982","932,352,620",61.50,61.90,61.30,61.80, 0.00,"4,038",2412
 99/05/20,"20,027,821","1,237,262,099",61.60,61.90,61.40,61.80, 0.00,"4,438",2412
 99/05/21,"37,700,969","2,327,390,101",61.40,62.00,61.10,61.80, 0.00,"7,144",2412
 99/05/24,"13,433,484","829,963,200",61.80,62.00,61.40,61.60,-0.20,"3,618",2412
 99/05/25,"25,179,200","1,547,722,900",61.60,61.60,61.20,61.20,-0.40,"6,393",2412
 99/05/26,"27,419,261","1,695,983,646",61.20,62.10,61.20,62.10,+0.90,"6,281",2412
 99/05/27,"25,829,623","1,587,672,122",61.90,61.90,61.30,61.40,-0.70,"8,635",2412
 99/05/28,"36,948,232","2,260,303,418",61.50,61.60,61.00,61.30,-0.10,"9,294",2412
 99/05/31,"11,086,231","684,766,647",61.60,62.00,61.30,61.90,+0.60,"3,446",2412
 99/06/01,"8,549,537","526,922,984",61.50,61.90,61.50,61.70,-0.20,"2,250",2412
 99/06/02,"15,055,715","927,554,819",61.70,61.90,61.40,61.50,-0.20,"3,549",2412
 99/06/03,"13,579,540","839,415,951",61.90,62.00,61.60,61.70,+0.20,"4,197",2412
 99/06/04,"9,626,536","594,898,066",61.90,61.90,61.60,61.80,+0.10,"2,067",2412
 99/06/07,"13,518,182","833,510,329",61.50,62.00,61.40,61.80, 0.00,"4,067",2412
 99/06/08,"13,278,018","819,940,457",61.60,61.90,61.50,61.60,-0.20,"3,575",2412
 99/06/09,"9,499,756","587,443,696",61.80,62.00,61.60,61.80,+0.20,"2,891",2412
 99/06/10,"15,487,613","963,331,006",62.00,62.50,61.80,62.40,+0.60,"5,325",2412
 99/06/11,"18,032,411","1,131,120,505",62.60,63.00,62.40,62.80,+0.40,"4,470",2412
 99/06/14,"10,211,316","643,233,468",63.00,63.20,62.80,63.00,+0.20,"3,396",2412
 99/06/15,"23,481,065","1,491,616,045",63.00,63.90,62.80,63.70,+0.70,"6,534",2412
 99/06/17,"22,351,393","1,412,109,459",63.40,63.50,63.00,63.30,-0.40,"5,357",2412
 99/06/18,"9,911,116","630,152,541",63.60,63.90,63.10,63.90,+0.60,"3,601",2412
 99/06/21,"16,992,696","1,083,820,196",63.90,64.30,63.40,63.70,-0.20,"5,245",2412
 99/06/22,"13,455,311","859,842,155",63.90,64.20,63.50,63.50,-0.20,"3,773",2412
 99/06/23,"6,640,871","422,534,239",63.80,63.80,63.30,63.80,+0.30,"2,131",2412
 99/06/24,"5,521,446","351,569,653",63.80,63.90,63.50,63.80, 0.00,"2,322",2412
 99/06/25,"6,034,005","382,765,932",63.50,63.70,63.30,63.30,-0.50,"2,666",2412
 99/06/28,"7,780,134","495,133,852",63.20,63.90,63.20,63.80,+0.50,"3,008",2412
 99/06/29,"12,636,736","808,290,576",64.00,64.20,63.70,63.70,-0.10,"3,804",2412
 99/06/30,"17,758,212","1,133,482,477",63.30,64.10,63.30,63.90,+0.20,"5,252",2412
 99/07/01,"17,630,069","1,129,681,877",64.00,64.30,63.80,64.20,+0.30,"4,085",2412
 99/07/02,"38,254,791","2,489,165,548",64.40,65.40,64.40,65.00,+0.80,"9,148",2412
 99/07/05,"17,472,250","1,137,615,850",65.00,65.40,64.50,65.40,+0.40,"5,446",2412
 99/07/06,"21,965,800","1,441,747,508",65.10,66.00,65.10,66.00,+0.60,"5,615",2412
 99/07/07,"7,906,376","519,199,821",65.80,66.00,65.50,65.70,-0.30,"3,115",2412
 99/07/08,"12,252,920","806,438,024",65.80,66.00,65.70,66.00,+0.30,"3,690",2412
 99/07/09,"14,522,523","957,896,104",66.00,66.00,65.80,66.00, 0.00,"5,674",2412
 99/07/12,"12,574,390","830,148,626",66.00,66.40,65.70,66.00, 0.00,"3,549",2412
 99/07/13,"8,016,407","529,521,641",66.00,66.20,65.90,66.00, 0.00,"3,452",2412
 99/07/14,"13,782,484","913,501,844",66.20,66.40,66.10,66.40,+0.40,"4,769",2412
 99/07/15,"10,501,406","693,502,069",66.20,66.30,65.80,65.80,-0.60,"3,168",2412
 99/07/16,"10,146,441","669,818,022",65.80,66.30,65.70,65.90,+0.10,"3,021",2412
 99/07/19,"8,472,095","559,797,915",65.80,66.30,65.70,66.10,+0.20,"2,629",2412
 99/07/20,"9,224,354","611,224,464",66.00,66.50,66.00,66.30,+0.20,"3,423",2412
 99/07/21,"14,140,016","940,192,002",66.30,66.70,66.20,66.70,+0.40,"4,662",2412
 99/07/22,"7,963,300","530,057,034",66.50,66.70,66.40,66.60,-0.10,"2,839",2412
 99/07/23,"26,474,946","1,779,758,611",66.80,67.70,66.70,67.40,+0.80,"6,870",2412
 99/07/26,"16,497,446","1,109,704,245",67.50,67.50,67.00,67.20,-0.20,"3,683",2412
 99/07/27,"16,535,463","1,106,235,160",67.20,67.30,66.50,66.90,-0.30,"3,648",2412
 99/07/28,"12,228,824","817,005,375",67.00,67.00,66.60,66.90, 0.00,"4,278",2412
 99/07/29,"36,230,130","2,447,561,384",66.80,67.80,66.70,67.50,+0.60,"5,222",2412
 99/07/30,"28,984,889","1,968,259,136",67.40,68.20,67.20,67.90,+0.40,"5,463",2412
 99/08/02,"29,291,252","2,004,669,393",67.90,68.80,67.90,68.50,+0.60,"6,748",2412
 99/08/03,"30,727,495","2,112,053,598",68.50,69.00,68.40,68.80,+0.30,"5,780",2412
 99/08/04,"21,818,815","1,502,162,106",68.80,69.00,68.70,69.00,+0.20,"4,171",2412
 99/08/05,"20,708,570","1,426,691,408",68.90,69.00,68.80,68.90,-0.10,"5,507",2412
 99/08/06,"34,135,256","2,349,215,272",68.90,69.00,68.60,69.00,+0.10,"7,121",2412
 99/08/09,"34,586,295","2,371,199,749",68.90,68.90,68.30,68.40,-0.60,"8,804",2412
 99/08/10,"35,166,718","2,382,704,113",68.30,68.30,67.10,67.60,-0.80,"9,818",2412
 99/08/11,"44,983,410","3,044,819,439",67.60,68.00,67.30,67.70,+0.10,"10,821",2412
 99/08/12,"33,241,838","2,121,397,863",63.60,64.10,63.60,63.80,X0.00,"10,746",2412
 99/08/13,"16,023,142","1,022,892,088",64.00,64.00,63.70,64.00,+0.20,"5,695",2412
 99/08/16,"15,475,987","990,225,315",64.00,64.20,63.70,64.20,+0.20,"4,077",2412
 99/08/17,"13,767,854","890,668,674",64.30,64.90,64.20,64.90,+0.70,"3,714",2412
 99/08/18,"16,193,147","1,055,654,055",65.00,65.50,64.80,65.30,+0.40,"4,965",2412
 99/08/19,"9,900,276","642,293,940",65.00,65.10,64.60,65.00,-0.30,"3,925",2412
 99/08/20,"8,834,661","572,650,520",65.00,65.00,64.70,64.90,-0.10,"3,114",2412
 99/08/23,"13,222,373","859,454,246",65.00,65.30,64.80,64.90, 0.00,"3,697",2412
 99/08/24,"15,803,029","1,020,227,946",65.00,65.00,64.40,64.40,-0.50,"5,303",2412
 99/08/25,"24,391,314","1,562,815,863",64.10,64.40,63.80,64.10,-0.30,"6,507",2412
 99/08/26,"15,317,509","984,060,701",64.00,64.90,63.90,64.60,+0.50,"3,950",2412
 99/08/27,"16,159,103","1,045,349,661",64.90,65.10,64.40,64.70,+0.10,"5,257",2412
 99/08/30,"12,390,974","807,438,877",65.20,65.50,64.80,65.00,+0.30,"4,076",2412
 99/08/31,"16,530,939","1,076,696,935",65.00,65.50,64.60,65.50,+0.50,"4,810",2412
 99/09/01,"30,167,809","2,003,237,665",65.40,67.00,65.30,66.70,+1.20,"7,745",2412
 99/09/02,"24,591,466","1,644,284,791",66.80,67.30,66.40,66.70, 0.00,"5,568",2412
 99/09/03,"13,220,061","884,002,485",66.70,67.00,66.60,67.00,+0.30,"4,798",2412
 99/09/06,"20,725,414","1,392,588,238",67.00,67.40,66.90,67.30,+0.30,"4,469",2412
 99/09/07,"18,461,389","1,234,820,847",67.20,67.20,66.70,67.00,-0.30,"3,528",2412
 99/09/08,"16,216,597","1,090,061,994",66.90,67.50,66.80,67.40,+0.40,"3,779",2412
 99/09/09,"16,481,908","1,117,652,992",67.90,68.00,67.50,67.90,+0.50,"4,914",2412
 99/09/10,"14,381,874","976,912,973",68.00,68.10,67.80,67.80,-0.10,"4,608",2412
 99/09/13,"29,788,651","2,038,219,927",67.90,68.80,67.90,68.80,+1.00,"8,541",2412
 99/09/14,"20,939,091","1,441,287,133",68.80,69.00,68.60,69.00,+0.20,"4,802",2412
 99/09/15,"25,273,073","1,744,699,004",69.00,69.20,68.90,69.10,+0.10,"5,344",2412
 99/09/16,"16,925,443","1,161,606,535",69.00,69.00,68.40,68.50,-0.60,"3,879",2412
 99/09/17,"19,446,429","1,334,332,165",68.50,68.90,68.30,68.80,+0.30,"5,045",2412
 99/09/20,"11,235,426","772,120,393",68.80,69.00,68.40,68.90,+0.10,"3,060",2412
 99/09/21,"13,861,588","954,412,116",69.00,69.00,68.70,68.90, 0.00,"3,374",2412
 99/09/23,"19,412,154","1,336,261,451",68.70,69.00,68.60,68.90, 0.00,"4,178",2412
 99/09/24,"18,280,970","1,262,879,430",68.90,69.30,68.60,69.30,+0.40,"4,624",2412
 99/09/27,"25,720,316","1,798,498,438",69.30,70.50,69.20,70.00,+0.70,"6,045",2412
 99/09/28,"22,950,740","1,606,094,847",70.00,70.10,69.80,70.00, 0.00,"3,704",2412
 99/09/29,"16,131,625","1,128,959,156",70.00,70.10,69.90,70.00, 0.00,"4,267",2412
 99/09/30,"16,003,274","1,118,256,143",69.90,70.00,69.80,70.00, 0.00,"3,162",2412
 99/10/01,"13,430,484","938,352,549",69.80,70.00,69.70,70.00, 0.00,"3,341",2412
 99/10/04,"18,777,997","1,311,817,911",69.80,70.00,69.70,69.70,-0.30,"3,275",2412
 99/10/05,"17,611,576","1,229,240,681",69.60,70.00,69.50,69.80,+0.10,"2,950",2412
 99/10/06,"19,627,079","1,371,310,664",70.00,70.00,69.70,69.90,+0.10,"3,810",2412
 99/10/07,"18,467,171","1,294,788,470",70.00,70.40,69.90,70.40,+0.50,"4,217",2412
 99/10/08,"16,611,953","1,184,415,082",70.40,72.00,70.30,71.80,+1.40,"7,294",2412
 99/10/11,"19,236,733","1,376,085,355",71.90,72.10,70.90,71.00,-0.80,"4,800",2412
 99/10/12,"11,795,848","832,087,358",71.00,71.10,70.20,70.50,-0.50,"4,583",2412
 99/10/13,"13,029,272","916,557,546",70.50,70.50,70.20,70.30,-0.20,"3,756",2412
 99/10/14,"14,272,907","1,008,265,222",70.60,70.90,70.30,70.50,+0.20,"3,822",2412
 99/10/15,"15,366,656","1,093,521,709",70.50,72.00,70.50,71.00,+0.50,"3,824",2412
 99/10/18,"13,495,643","959,243,753",71.10,71.70,70.60,71.40,+0.40,"3,231",2412
 99/10/19,"12,949,377","922,118,917",71.50,71.50,71.00,71.20,-0.20,"3,266",2412
 99/10/20,"9,889,109","703,800,839",71.10,71.40,71.00,71.20, 0.00,"3,716",2412
 99/10/21,"14,880,167","1,059,056,257",71.30,71.40,71.00,71.20, 0.00,"3,176",2412
 99/10/22,"10,396,213","738,816,123",71.30,71.30,70.90,71.20, 0.00,"4,235",2412
 99/10/25,"11,105,403","795,758,088",71.30,72.00,71.10,72.00,+0.80,"3,734",2412
 99/10/26,"6,971,260","498,815,830",72.00,72.00,71.20,71.70,-0.30,"2,666",2412
 99/10/27,"7,254,457","517,353,762",71.70,71.70,71.10,71.30,-0.40,"3,741",2412
 99/10/28,"13,237,058","947,513,519",71.30,72.00,71.00,71.70,+0.40,"3,942",2412
 99/10/29,"8,915,697","638,297,094",71.60,71.80,71.40,71.60,-0.10,"1,997",2412
 99/11/01,"13,729,078","988,010,322",71.60,72.40,71.50,72.00,+0.40,"5,423",2412
 99/11/02,"10,269,754","738,854,971",72.00,72.10,71.60,71.90,-0.10,"3,797",2412
 99/11/03,"19,679,445","1,428,392,735",72.00,73.00,71.90,72.60,+0.70,"4,805",2412
 99/11/04,"11,921,229","866,856,071",72.60,73.00,72.50,72.80,+0.20,"3,185",2412
 99/11/05,"19,185,797","1,411,595,150",73.30,73.80,73.30,73.70,+0.90,"5,515",2412
 99/11/08,"24,377,717","1,823,532,127",73.70,75.30,73.70,74.80,+1.10,"7,006",2412
 99/11/09,"34,543,367","2,661,673,134",74.70,79.00,74.70,76.70,+1.90,"12,816",2412
 99/11/10,"24,448,445","1,869,507,050",76.70,77.30,75.70,76.30,-0.40,"8,260",2412
 99/11/11,"21,836,698","1,645,585,050",75.70,76.00,74.80,75.20,-1.10,"8,349",2412
 99/11/12,"23,540,038","1,744,516,812",74.60,74.70,73.90,74.20,-1.00,"7,479",2412
 99/11/15,"12,774,145","943,436,817",74.00,74.40,73.20,74.40,+0.20,"4,558",2412
 99/11/16,"9,923,856","738,842,685",74.70,74.80,74.00,74.60,+0.20,"3,732",2412
 99/11/17,"10,707,589","797,495,800",74.60,74.80,74.30,74.40,-0.20,"3,822",2412
 99/11/18,"8,008,377","593,970,198",74.40,74.40,74.00,74.00,-0.40,"2,628",2412
 99/11/19,"14,594,594","1,095,604,850",74.20,75.50,74.20,75.20,+1.20,"6,037",2412
 99/11/22,"9,279,941","698,351,094",75.40,75.70,74.80,75.00,-0.20,"2,899",2412
 99/11/23,"18,635,219","1,400,762,793",75.50,76.10,74.80,74.90,-0.10,"5,063",2412
 99/11/24,"11,048,169","824,256,353",74.80,74.90,74.30,74.40,-0.50,"4,009",2412
 99/11/25,"11,892,810","881,963,197",74.50,74.60,74.00,74.10,-0.30,"4,349",2412
 99/11/26,"27,830,612","2,040,076,393",74.00,74.10,73.00,73.10,-1.00,"8,635",2412
 99/11/29,"9,944,508","730,241,982",73.60,73.80,73.10,73.60,+0.50,"3,694",2412
 99/11/30,"36,974,669","2,735,384,425",73.60,74.40,73.20,74.00,+0.40,"4,930",2412
 99/12/01,"20,259,889","1,498,443,086",74.00,74.70,73.70,74.20,+0.20,"5,716",2412
 99/12/02,"15,389,673","1,139,156,402",74.20,74.50,73.70,74.30,+0.10,"4,797",2412
 99/12/03,"9,456,205","699,368,762",74.40,74.40,73.80,73.80,-0.50,"3,718",2412
 99/12/06,"13,232,636","975,610,027",74.00,74.00,73.50,73.50,-0.30,"5,756",2412
 99/12/07,"12,515,638","918,785,310",73.50,73.60,73.30,73.50, 0.00,"5,269",2412
 99/12/08,"9,223,983","680,458,645",73.50,74.10,73.50,73.70,+0.20,"3,205",2412
 99/12/09,"9,213,975","680,294,036",73.60,74.00,73.50,73.90,+0.20,"3,696",2412
 99/12/10,"16,315,413","1,196,667,185",73.50,73.90,73.20,73.50,-0.40,"6,443",2412
 99/12/13,"39,948,240","2,920,562,978",73.30,73.30,73.00,73.10,-0.40,"6,741",2412
 99/12/14,"19,662,446","1,430,156,812",72.90,73.00,72.50,72.50,-0.60,"7,737",2412
 99/12/15,"35,949,698","2,584,450,656",72.30,72.30,71.60,72.00,-0.50,"11,442",2412
 99/12/16,"36,693,170","2,664,322,135",71.80,73.30,71.60,72.90,+0.90,"8,413",2412
 99/12/17,"32,900,179","2,449,150,205",73.50,75.90,73.30,74.50,+1.60,"12,264",2412
 99/12/20,"38,329,189","2,840,595,334",74.00,74.80,73.70,74.00,-0.50,"6,539",2412
 99/12/21,"27,088,821","2,016,022,954",74.00,74.90,73.90,74.20,+0.20,"4,754",2412
 99/12/22,"17,920,918","1,330,059,532",74.00,74.60,73.90,74.40,+0.20,"3,442",2412
 99/12/23,"17,951,525","1,339,023,587",74.90,74.90,74.10,74.60,+0.20,"3,958",2412
 99/12/24,"52,753,158","3,954,463,670",74.70,75.00,74.70,74.80,+0.20,"3,981",2412
 99/12/27,"68,180,719","5,112,645,545",74.90,75.20,74.60,75.00,+0.20,"5,238",2412
 99/12/28,"13,674,935","1,022,236,273",75.00,75.00,74.50,74.80,-0.20,"3,095",2412
 99/12/29,"26,716,842","1,980,991,008",74.50,74.60,73.80,74.40,-0.40,"4,197",2412
 99/12/30,"22,382,729","1,657,466,613",74.20,74.20,73.80,74.10,-0.30,"4,522",2412
 99/12/31,"36,450,292","2,695,617,007",74.10,74.50,73.60,74.10, 0.00,"6,235",2412
100/01/03,"16,528,591","1,217,325,851",74.10,74.10,73.50,73.60,-0.50,"7,825",2412
100/01/04,"23,840,185","1,748,083,103",73.50,73.70,73.20,73.30,-0.30,"9,651",2412
100/01/05,"37,030,762","2,699,812,982",73.20,73.30,72.70,73.00,-0.30,"11,834",2412
100/01/06,"40,142,048","2,936,162,804",73.00,73.40,72.90,73.10,+0.10,"10,457",2412
100/01/25,"35,916,602","3,223,472,389",90.40,91.00,89.00,89.20,X0.00,"15,744",2412
100/01/26,"16,425,843","1,459,263,627",89.40,89.40,88.60,88.70,-0.50,"8,092",2412
100/01/27,"19,556,395","1,733,643,966",88.70,88.80,88.50,88.70, 0.00,"7,266",2412
100/01/28,"17,849,487","1,587,674,390",88.70,89.50,88.60,89.20,+0.50,"4,722",2412
100/02/08,"30,975,313","2,730,432,357",89.00,89.00,87.80,87.90,-1.30,"12,264",2412
100/02/09,"14,422,189","1,274,171,282",87.90,88.80,87.80,88.30,+0.40,"5,286",2412
100/02/10,"23,190,047","2,030,943,322",88.00,88.10,87.30,87.30,-1.00,"7,848",2412
100/02/11,"30,374,862","2,631,001,453",87.00,87.00,86.10,86.70,-0.60,"11,143",2412
100/02/14,"14,851,100","1,289,087,142",87.00,87.60,86.10,87.50,+0.80,"5,119",2412
100/02/15,"7,855,117","684,503,444",87.40,87.50,86.60,86.80,-0.70,"3,465",2412
100/02/16,"11,493,454","1,006,341,139",86.80,87.90,86.50,87.40,+0.60,"4,429",2412
100/02/17,"6,555,392","571,595,478",87.60,87.60,86.80,87.00,-0.40,"3,346",2412
100/02/18,"11,834,996","1,040,106,253",87.00,88.50,87.00,87.70,+0.70,"5,459",2412
100/02/21,"8,260,337","726,562,685",87.70,88.30,87.40,87.70, 0.00,"3,157",2412
100/02/22,"11,698,613","1,023,182,814",87.20,88.00,87.00,87.50,-0.20,"4,141",2412
100/02/23,"10,380,462","910,081,220",87.50,88.00,87.20,87.70,+0.20,"4,152",2412
100/02/24,"21,183,935","1,866,655,940",87.70,88.50,87.60,87.90,+0.20,"7,122",2412
100/02/25,"22,602,753","2,000,576,524",88.80,89.00,88.10,88.10,+0.20,"6,647",2412
100/03/01,"9,858,477","874,916,802",88.10,89.10,88.10,88.60,+0.50,"4,007",2412
100/03/02,"12,598,592","1,109,804,299",88.50,88.50,87.80,87.80,-0.80,"4,571",2412
100/03/03,"11,985,895","1,064,906,694",88.00,89.20,88.00,88.70,+0.90,"5,148",2412
100/03/04,"9,552,988","846,396,683",89.00,89.00,88.40,89.00,+0.30,"3,545",2412
100/03/07,"10,508,956","932,929,593",89.00,89.00,88.50,88.50,-0.50,"3,056",2412
100/03/08,"9,112,275","809,505,675",88.50,89.00,88.50,89.00,+0.50,"3,332",2412
100/03/09,"11,700,536","1,035,148,781",88.80,88.90,88.20,88.30,-0.70,"3,954",2412
100/03/10,"8,476,989","747,413,866",88.50,88.50,88.00,88.10,-0.20,"4,316",2412
100/03/11,"11,725,055","1,031,981,487",88.00,88.30,87.80,88.30,+0.20,"4,332",2412
100/03/14,"7,508,424","660,649,251",88.00,88.40,87.50,88.40,+0.10,"3,369",2412
100/03/15,"15,940,999","1,402,581,822",88.50,88.90,87.50,88.10,-0.30,"6,627",2412
100/03/16,"11,484,754","1,013,984,869",88.50,88.80,87.90,88.20,+0.10,"4,153",2412
100/03/17,"12,701,262","1,113,920,028",88.00,88.20,87.50,87.60,-0.60,"4,750",2412
100/03/18,"15,189,734","1,329,337,920",87.60,87.70,87.30,87.40,-0.20,"5,639",2412
100/03/21,"6,996,769","613,578,872",87.70,88.00,87.40,87.70,+0.30,"3,244",2412
100/03/22,"8,406,131","743,228,643",87.90,88.70,87.90,88.40,+0.70,"3,641",2412
100/03/23,"10,358,306","919,213,976",88.80,89.00,88.40,89.00,+0.60,"3,385",2412
100/03/24,"11,086,496","989,372,844",89.00,89.50,89.00,89.20,+0.20,"4,991",2412
100/03/25,"18,502,568","1,646,423,112",89.40,89.40,88.50,89.00,-0.20,"4,181",2412
100/03/28,"16,882,340","1,512,705,059",89.00,89.90,89.00,89.60,+0.60,"4,435",2412
100/03/29,"16,968,450","1,522,486,325",89.50,89.90,89.30,89.90,+0.30,"3,689",2412
100/03/30,"29,178,197","2,651,271,557",90.50,91.30,90.40,91.10,+1.20,"8,094",2412
100/03/31,"24,776,793","2,247,899,967",91.40,91.60,90.30,91.60,+0.50,"5,554",2412
100/04/01,"10,798,693","982,851,163",91.30,91.40,90.80,91.40,-0.20,"4,397",2412
100/04/06,"15,956,874","1,462,706,619",91.90,92.00,91.40,91.80,+0.40,"4,471",2412
100/04/07,"10,504,354","960,424,643",91.80,91.80,91.20,91.60,-0.20,"3,783",2412
100/04/08,"10,222,261","934,694,719",91.80,91.80,91.00,91.60, 0.00,"3,518",2412
100/04/11,"7,764,668","709,173,536",91.70,92.20,91.00,91.50,-0.10,"3,195",2412
100/04/12,"10,598,249","963,239,965",91.30,91.30,90.70,91.10,-0.40,"3,712",2412
100/04/13,"14,740,314","1,333,042,823",90.60,90.80,90.20,90.40,-0.70,"4,648",2412
100/04/14,"8,873,959","804,256,345",90.30,91.30,90.20,90.90,+0.50,"3,564",2412
100/04/15,"8,695,826","792,636,968",91.50,91.50,90.80,90.90, 0.00,"3,239",2412
100/04/18,"9,042,183","824,892,253",91.40,91.50,90.80,91.40,+0.50,"3,230",2412
100/04/19,"9,646,208","882,970,296",91.20,91.90,91.00,91.70,+0.30,"4,075",2412
100/04/20,"10,970,032","1,007,961,862",92.00,92.00,91.70,91.90,+0.20,"4,264",2412
100/04/21,"13,435,004","1,239,698,318",92.50,92.50,91.80,92.00,+0.10,"4,705",2412
100/04/22,"9,305,049","855,785,181",92.10,92.10,91.80,92.00, 0.00,"2,726",2412
100/04/25,"12,018,077","1,101,802,183",92.10,92.20,91.30,91.30,-0.70,"3,046",2412
100/04/26,"18,243,557","1,660,817,074",91.00,91.80,90.50,91.80,+0.50,"4,945",2412
100/04/27,"16,457,197","1,502,599,123",91.80,91.80,91.10,91.60,-0.20,"4,696",2412
100/04/28,"19,818,393","1,806,027,953",91.60,91.60,90.90,91.20,-0.40,"4,889",2412
100/04/29,"14,757,730","1,339,164,190",91.00,91.10,90.50,91.10,-0.10,"5,166",2412
100/05/03,"11,227,118","1,020,544,472",91.10,91.40,90.60,91.30,+0.20,"4,201",2412
100/05/04,"9,546,720","870,005,677",91.30,91.50,90.80,91.10,-0.20,"2,755",2412
100/05/05,"9,434,410","862,033,007",91.00,91.80,90.80,91.30,+0.20,"3,299",2412
100/05/06,"17,811,648","1,625,458,254",91.80,91.90,90.80,91.30, 0.00,"5,756",2412
100/05/09,"10,712,131","981,183,230",91.80,92.10,91.20,91.90,+0.60,"3,816",2412
100/05/10,"9,310,297","856,684,286",92.00,92.20,91.80,92.10,+0.20,"3,316",2412
100/05/11,"12,942,696","1,198,794,691",92.40,92.90,92.10,92.80,+0.70,"4,477",2412
100/05/12,"14,862,640","1,388,470,619",92.80,94.00,92.70,93.80,+1.00,"5,595",2412
100/05/13,"14,155,520","1,317,608,828",93.90,94.10,92.50,92.50,-1.30,"6,506",2412
100/05/16,"11,681,909","1,082,547,712",92.80,93.10,92.50,92.60,+0.10,"3,192",2412
100/05/17,"11,613,677","1,074,218,878",92.80,92.80,92.30,92.30,-0.30,"3,568",2412
100/05/18,"16,332,960","1,516,966,380",92.30,93.40,92.20,93.20,+0.90,"3,708",2412
100/05/19,"12,178,416","1,135,220,836",93.20,93.60,92.90,93.10,-0.10,"2,696",2412
100/05/20,"12,948,792","1,201,978,717",93.20,93.20,92.20,92.70,-0.40,"3,576",2412
100/05/23,"9,817,052","910,380,138",92.20,93.00,92.20,92.80,+0.10,"3,041",2412
100/05/24,"11,760,861","1,091,391,674",92.70,93.00,92.50,92.80, 0.00,"2,286",2412
100/05/25,"14,090,937","1,309,181,141",92.80,93.30,92.70,93.30,+0.50,"3,366",2412
100/05/26,"5,764,463","537,035,492",93.50,93.50,93.00,93.20,-0.10,"2,650",2412
100/05/27,"10,963,779","1,022,353,047",93.10,93.50,93.10,93.20, 0.00,"2,946",2412
100/05/30,"11,273,698","1,050,517,460",93.20,93.50,93.00,93.10,-0.10,"2,468",2412
100/05/31,"11,445,875","1,070,044,235",93.40,94.00,93.20,93.60,+0.50,"3,570",2412
100/06/01,"17,044,887","1,611,478,990",93.50,95.00,93.50,94.60,+1.00,"5,548",2412
100/06/02,"19,286,716","1,833,193,120",94.50,95.40,94.40,95.20,+0.60,"5,041",2412
100/06/03,"15,887,704","1,523,122,969",95.60,96.10,95.40,96.10,+0.90,"4,712",2412
100/06/07,"50,672,223","4,971,228,889",96.50,100.00,96.50,97.80,+1.70,"13,145",2412
100/06/08,"19,416,882","1,899,918,177",97.80,98.20,97.60,97.80, 0.00,"6,302",2412
100/06/09,"19,030,008","1,853,629,476",97.80,97.90,97.00,97.00,-0.80,"6,036",2412
100/06/10,"18,559,373","1,803,105,156",97.00,97.80,96.80,96.80,-0.20,"6,142",2412
100/06/13,"13,977,506","1,365,884,415",96.50,98.30,96.50,97.80,+1.00,"4,299",2412
100/06/14,"16,198,483","1,597,433,724",98.50,99.00,98.00,98.60,+0.80,"5,394",2412
100/06/15,"24,876,692","2,469,026,208",99.00,99.80,98.50,99.40,+0.80,"6,642",2412
100/06/16,"19,805,163","1,967,811,406",99.00,99.80,98.70,99.00,-0.40,"6,362",2412
100/06/17,"13,924,049","1,381,008,296",99.00,99.70,98.70,99.00, 0.00,"4,343",2412
100/06/20,"19,797,551","1,944,846,320",99.10,99.20,97.50,97.70,-1.30,"6,169",2412
100/06/21,"14,727,749","1,446,129,741",97.70,98.80,97.60,98.80,+1.10,"5,203",2412
100/06/22,"15,256,343","1,499,986,487",99.40,99.40,98.00,98.30,-0.50,"4,954",2412
100/06/23,"16,889,698","1,658,486,628",98.00,98.50,97.90,98.50,+0.20,"4,072",2412
100/06/24,"14,558,035","1,429,815,736",98.80,98.80,98.00,98.20,-0.30,"3,738",2412
100/06/27,"25,345,559","2,471,526,742",97.90,98.00,97.30,97.40,-0.80,"5,262",2412
100/06/28,"20,524,373","1,996,348,506",97.90,98.30,96.90,97.10,-0.30,"5,159",2412
100/06/29,"17,685,366","1,728,587,728",98.00,98.30,97.20,98.30,+1.20,"5,423",2412
100/06/30,"14,514,243","1,431,289,700",98.30,98.90,98.00,98.80,+0.50,"4,445",2412
100/07/01,"30,457,891","3,052,140,570",99.00,101.00,98.80,101.00,+2.20,"10,303",2412
100/07/04,"13,045,715","1,319,756,766",101.00,102.00,100.50,101.00, 0.00,"5,171",2412
100/07/05,"14,189,928","1,443,941,885",101.00,102.50,100.50,102.00,+1.00,"6,074",2412
100/07/06,"13,243,410","1,365,561,730",102.50,104.00,101.50,103.50,+1.50,"5,542",2412
100/07/07,"18,678,447","1,923,338,754",103.50,103.50,102.00,103.00,-0.50,"5,714",2412
100/07/08,"14,389,971","1,487,347,513",103.00,104.00,102.50,103.50,+0.50,"5,270",2412
100/07/11,"21,820,119","2,220,071,408",103.00,103.50,100.50,102.00,-1.50,"6,310",2412
100/07/12,"15,292,665","1,561,368,578",101.00,103.00,100.50,103.00,+1.00,"5,343",2412
100/07/13,"14,833,658","1,546,751,631",103.00,105.00,102.00,105.00,+2.00,"6,441",2412
100/07/14,"13,034,489","1,361,896,856",105.00,105.00,104.00,104.50,-0.50,"4,197",2412
100/07/15,"14,105,315","1,479,357,575",104.50,105.50,104.00,105.50,+1.00,"5,599",2412
100/07/18,"19,457,752","2,094,648,169",105.50,109.00,105.00,108.00,+2.50,"8,473",2412
100/07/19,"20,390,172","2,216,652,248",108.00,110.00,106.50,109.50,+1.50,"7,992",2412
100/07/20,"41,745,929","4,571,861,484",110.00,111.00,108.00,110.00,+0.50,"13,996",2412
100/07/21,"38,700,807","4,049,528,428",105.50,106.00,103.00,104.00,X0.00,"14,895",2412
100/07/22,"46,992,768","4,729,309,600",104.00,104.00,99.40,99.60,-4.40,"20,115",2412
100/07/25,"29,836,734","2,940,029,113",99.40,99.80,97.60,98.10,-1.50,"10,496",2412
100/07/26,"18,208,449","1,795,566,800",98.10,99.80,98.00,99.80,+1.70,"7,919",2412
100/07/27,"17,057,102","1,694,637,898",100.00,100.00,98.80,99.40,-0.40,"6,957",2412
100/07/28,"14,274,687","1,424,040,100",99.40,100.00,98.90,100.00,+0.60,"4,869",2412
100/07/29,"12,541,705","1,252,894,700",100.00,100.00,99.60,100.00, 0.00,"4,652",2412
100/08/01,"18,725,229","1,872,777,600",100.00,100.50,99.80,100.00, 0.00,"6,347",2412
100/08/02,"15,409,536","1,541,578,450",100.00,100.50,99.80,99.80,-0.20,"5,298",2412
100/08/03,"12,945,427","1,287,456,878",99.60,99.80,98.90,99.70,-0.10,"4,872",2412
100/08/04,"12,358,595","1,232,812,127",99.80,100.00,99.30,100.00,+0.30,"5,012",2412
100/08/05,"34,910,330","3,443,081,402",99.00,99.30,97.60,98.10,-1.90,"11,683",2412
100/08/08,"42,049,999","4,010,251,505",97.50,97.80,92.00,94.70,-3.40,"17,069",2412
100/08/09,"48,574,149","4,505,478,307",91.10,95.70,90.00,94.70, 0.00,"17,529",2412
100/08/10,"26,427,866","2,530,446,936",95.60,96.20,95.20,95.80,+1.10,"9,042",2412
100/08/11,"15,601,103","1,491,229,488",95.20,96.50,94.00,95.80, 0.00,"5,854",2412
100/08/12,"17,613,947","1,691,317,818",96.90,97.00,95.10,95.90,+0.10,"6,438",2412
100/08/15,"10,877,366","1,061,793,593",96.80,98.50,96.70,98.50,+2.60,"4,579",2412
100/08/16,"11,452,904","1,126,335,403",99.50,99.50,97.60,98.00,-0.50,"3,932",2412
100/08/17,"9,898,073","969,463,133",98.00,98.30,97.60,98.00, 0.00,"4,385",2412
100/08/18,"11,731,119","1,142,085,925",99.00,99.00,96.50,98.10,+0.10,"4,861",2412
100/08/19,"22,295,444","2,186,156,712",97.00,98.70,96.60,98.00,-0.10,"7,938",2412
100/08/22,"20,278,609","2,010,459,813",98.00,99.80,97.70,99.10,+1.10,"7,738",2412
100/08/23,"43,530,176","4,392,618,476",101.00,102.00,99.90,101.50,+2.40,"10,442",2412
100/08/24,"20,544,194","2,082,630,594",102.50,102.50,100.00,101.50, 0.00,"6,262",2412
100/08/25,"13,168,157","1,328,968,857",101.50,102.00,100.00,101.50, 0.00,"4,238",2412
100/08/26,"10,270,798","1,039,224,098",101.50,101.50,100.50,101.00,-0.50,"4,070",2412
100/08/29,"20,201,136","2,048,321,236",101.50,103.00,100.00,101.00, 0.00,"6,838",2412
100/08/30,"20,353,344","2,036,265,825",101.50,101.50,99.50,100.00,-1.00,"7,669",2412
100/08/31,"17,370,023","1,729,516,075",100.00,100.00,99.30,99.90,-0.10,"4,896",2412
100/09/01,"20,042,463","2,003,884,800",100.50,101.00,99.40,100.00,+0.10,"6,410",2412
100/09/02,"11,007,460","1,095,121,700",100.50,100.50,99.10,99.50,-0.50,"4,408",2412
100/09/05,"10,797,347","1,067,334,477",99.00,99.30,98.50,98.80,-0.70,"4,729",2412
100/09/06,"12,023,199","1,186,756,901",98.90,99.60,98.10,98.20,-0.60,"5,826",2412
100/09/07,"8,869,025","882,234,857",98.20,100.50,98.20,100.50,+2.30,"3,982",2412
100/09/08,"7,508,124","748,514,190",100.00,100.50,99.30,99.60,-0.90,"3,493",2412
100/09/09,"7,931,240","793,996,400",99.50,101.00,99.50,100.00,+0.40,"3,968",2412
100/09/13,"11,968,053","1,194,299,313",100.00,100.50,99.20,99.60,-0.40,"3,696",2412
100/09/14,"14,052,437","1,404,637,415",100.00,100.50,99.60,99.80,+0.20,"5,621",2412
100/09/15,"12,869,740","1,289,780,700",100.00,101.00,99.80,100.50,+0.70,"4,773",2412
100/09/16,"11,342,254","1,144,701,473",101.50,101.50,100.50,100.50, 0.00,"4,203",2412
100/09/19,"7,556,840","755,168,900",100.50,101.00,99.60,100.00,-0.50,"2,894",2412
100/09/20,"11,896,613","1,186,230,900",100.50,100.50,99.30,99.80,-0.20,"4,711",2412
100/09/21,"17,269,611","1,715,360,334",100.50,100.50,99.00,99.00,-0.80,"5,803",2412
100/09/22,"18,373,669","1,807,139,531",98.50,99.30,97.50,98.50,-0.50,"7,107",2412
100/09/23,"27,352,576","2,673,825,168",98.00,98.40,96.80,97.70,-0.80,"9,698",2412
100/09/26,"15,282,195","1,502,355,632",97.70,98.90,97.00,98.50,+0.80,"6,176",2412
100/09/27,"15,931,493","1,583,851,369",98.70,99.80,98.50,99.80,+1.30,"6,315",2412
100/09/28,"15,983,513","1,595,369,100",99.80,100.50,99.20,100.50,+0.70,"6,747",2412
100/09/29,"13,138,187","1,319,846,945",100.00,101.00,99.80,101.00,+0.50,"4,987",2412
100/09/30,"19,978,342","2,012,743,542",101.00,101.50,100.00,101.50,+0.50,"6,330",2412
100/10/03,"15,625,236","1,573,919,390",100.50,101.50,100.00,101.50, 0.00,"5,373",2412
100/10/04,"14,756,088","1,500,748,872",101.50,102.00,100.50,102.00,+0.50,"6,194",2412
100/10/05,"8,629,656","873,594,380",102.00,102.00,100.50,100.50,-1.50,"3,491",2412
100/10/06,"11,887,724","1,207,686,433",101.50,102.00,101.00,102.00,+1.50,"4,391",2412
100/10/07,"12,505,469","1,256,251,095",102.00,102.00,100.00,100.00,-2.00,"5,160",2412
100/10/11,"27,578,135","2,744,148,200",101.50,101.50,99.00,99.10,-0.90,"10,905",2412
100/10/12,"15,121,124","1,498,460,017",99.10,99.40,98.90,99.00,-0.10,"6,043",2412
100/10/13,"19,336,542","1,907,894,476",99.00,99.20,98.40,98.90,-0.10,"8,485",2412
100/10/14,"11,434,107","1,126,270,693",98.90,99.00,98.20,98.50,-0.40,"5,730",2412
100/10/17,"9,370,263","926,523,422",99.00,99.30,98.50,99.30,+0.80,"3,714",2412
100/10/18,"6,775,231","669,227,570",98.80,99.00,98.50,99.00,-0.30,"3,181",2412
100/10/19,"4,838,243","480,541,041",99.70,99.70,99.00,99.50,+0.50,"2,379",2412
100/10/20,"6,033,126","598,586,969",99.90,99.90,99.00,99.40,-0.10,"3,072",2412
100/10/21,"6,016,140","598,580,993",99.80,99.80,99.20,99.70,+0.30,"2,555",2412
100/10/24,"13,277,759","1,334,105,245",100.00,101.00,100.00,101.00,+1.30,"5,149",2412
100/10/25,"9,361,347","940,321,834",101.00,101.00,100.00,100.50,-0.50,"3,313",2412
100/10/26,"12,404,947","1,242,627,083",100.00,101.00,99.70,100.50, 0.00,"3,581",2412
100/10/27,"15,654,388","1,562,942,808",100.50,101.00,99.50,99.50,-1.00,"4,420",2412
100/10/28,"23,948,948","2,380,899,651",100.00,100.50,99.10,99.60,+0.10,"7,403",2412
100/10/31,"16,772,777","1,676,225,900",99.20,100.50,99.20,100.50,+0.90,"4,349",2412
100/11/01,"9,158,308","919,560,000",100.50,101.00,99.90,100.00,-0.50,"3,956",2412
100/11/02,"9,497,938","952,031,232",99.80,101.00,99.50,100.50,+0.50,"3,093",2412
100/11/03,"11,330,564","1,131,503,100",100.00,100.50,99.70,100.00,-0.50,"3,788",2412
100/11/04,"19,386,382","1,942,484,200",100.00,101.00,99.80,99.80,-0.20,"4,604",2412
100/11/07,"7,802,961","779,568,100",100.00,100.50,99.80,99.90,+0.10,"2,653",2412
100/11/08,"12,868,406","1,291,169,262",100.50,101.00,100.00,100.50,+0.60,"4,592",2412
100/11/09,"7,287,438","732,549,982",100.50,101.00,100.00,100.50, 0.00,"2,563",2412
100/11/10,"16,144,436","1,623,634,157",100.00,101.00,100.00,100.50, 0.00,"5,843",2412
100/11/11,"11,930,229","1,202,803,969",101.00,101.00,100.50,100.50, 0.00,"4,324",2412
100/11/14,"8,759,420","885,056,420",101.00,101.50,100.50,101.00,+0.50,"3,020",2412
100/11/15,"9,825,782","995,008,482",101.00,101.50,101.00,101.50,+0.50,"3,100",2412
100/11/16,"16,058,173","1,634,427,521",101.50,102.00,101.50,102.00,+0.50,"7,140",2412
100/11/17,"29,173,132","3,012,705,596",102.00,104.50,101.50,103.50,+1.50,"9,963",2412
100/11/18,"17,506,359","1,801,988,018",104.00,104.00,102.00,102.00,-1.50,"5,906",2412
100/11/21,"13,432,311","1,351,524,100",101.50,101.50,100.00,100.00,-2.00,"4,448",2412
100/11/22,"11,729,303","1,180,444,993",100.00,101.50,99.80,100.50,+0.50,"3,621",2412
100/11/23,"14,309,437","1,428,633,451",100.50,100.50,99.80,100.00,-0.50,"5,574",2412
100/11/24,"11,778,462","1,181,114,500",100.00,101.00,99.90,100.50,+0.50,"4,057",2412
100/11/25,"18,591,027","1,855,640,500",100.00,101.00,99.30,99.50,-1.00,"6,492",2412
100/11/28,"15,745,319","1,584,194,900",100.00,101.00,100.00,100.00,+0.50,"4,924",2412
100/11/29,"17,769,338","1,777,288,100",101.00,101.00,99.60,99.60,-0.40,"4,968",2412
100/11/30,"22,764,814","2,264,241,239",99.70,100.00,99.00,99.60, 0.00,"6,974",2412
100/12/01,"13,630,582","1,375,856,782",100.50,101.50,100.00,101.50,+1.90,"5,225",2412
100/12/02,"7,684,668","773,146,110",100.50,101.50,100.00,101.00,-0.50,"2,455",2412
100/12/05,"9,515,361","952,222,426",100.00,100.50,99.70,100.50,-0.50,"3,376",2412
100/12/06,"5,973,218","597,538,900",100.00,100.50,99.90,100.00,-0.50,"2,569",2412
100/12/07,"13,283,165","1,338,076,665",100.50,101.50,100.00,101.50,+1.50,"4,591",2412
100/12/08,"8,570,275","866,223,775",101.00,101.50,100.50,101.50, 0.00,"3,516",2412
100/12/09,"8,448,713","854,901,013",101.50,101.50,100.50,101.00,-0.50,"3,512",2412
100/12/12,"6,872,655","695,997,655",101.00,102.00,100.50,101.50,+0.50,"2,832",2412
100/12/13,"7,393,877","748,221,077",101.00,101.50,101.00,101.00,-0.50,"3,202",2412
100/12/14,"7,095,337","717,823,037",101.50,101.50,101.00,101.00, 0.00,"3,348",2412
100/12/15,"12,814,709","1,282,986,600",100.50,101.00,99.80,100.00,-1.00,"4,665",2412
100/12/16,"10,074,066","1,011,422,596",100.00,101.00,100.00,100.50,+0.50,"3,130",2412
100/12/19,"10,115,976","1,013,036,900",101.00,101.00,99.90,100.50, 0.00,"4,030",2412
100/12/20,"9,713,527","974,469,631",100.50,101.00,99.90,101.00,+0.50,"2,754",2412
100/12/21,"10,747,855","1,086,044,855",101.00,101.50,100.50,101.50,+0.50,"3,394",2412
100/12/22,"3,793,362","381,959,562",100.50,101.00,100.50,101.00,-0.50,"1,767",2412
100/12/23,"13,134,392","1,315,005,367",100.50,101.00,99.90,100.50,-0.50,"5,117",2412
100/12/26,"16,470,925","1,641,875,400",100.00,100.50,99.40,99.70,-0.80,"5,666",2412
100/12/27,"9,731,803","969,845,571",99.70,100.50,99.40,100.50,+0.80,"3,245",2412
100/12/28,"6,831,635","683,590,400",100.00,100.50,99.80,100.00,-0.50,"1,967",2412
100/12/29,"12,896,848","1,291,089,400",99.90,100.50,99.50,100.50,+0.50,"3,743",2412
100/12/30,"13,116,407","1,314,735,500",100.50,100.50,99.80,100.00,-0.50,"4,357",2412
101/01/02,"3,894,598","388,837,800",100.00,100.00,99.60,99.70,-0.30,"1,549",2412
101/01/03,"24,229,083","2,438,279,300",100.50,101.00,100.00,100.00,+0.30,"5,334",2412
101/01/04,"11,281,451","1,127,676,600",100.50,100.50,99.80,100.00, 0.00,"4,230",2412
101/01/05,"17,000,106","1,694,394,200",100.00,100.00,99.50,100.00, 0.00,"5,328",2412
101/01/06,"19,703,467","1,966,597,100",100.00,100.00,99.50,99.90,-0.10,"4,744",2412
101/01/09,"22,878,415","2,262,554,717",99.50,99.50,98.60,99.00,-0.90,"8,827",2412
101/01/10,"19,757,720","1,949,432,780",99.00,99.00,98.40,98.50,-0.50,"7,738",2412
101/01/11,"23,863,700","2,353,917,882",98.60,99.00,98.40,99.00,+0.50,"7,964",2412
101/01/12,"19,446,087","1,923,172,713",98.80,99.20,98.70,99.00, 0.00,"4,805",2412
101/01/13,"21,351,802","2,113,326,098",99.10,99.40,98.80,99.00, 0.00,"5,083",2412
101/01/16,"8,739,138","864,482,313",99.20,99.20,98.60,98.90,-0.10,"2,755",2412
101/01/17,"51,502,104","5,026,794,592",98.60,98.80,96.90,97.00,-1.90,"20,236",2412
101/01/18,"59,113,429","5,659,729,900",96.60,96.60,95.50,95.90,-1.10,"23,033",2412
101/01/30,"61,182,895","5,800,972,328",95.10,95.30,94.50,94.90,-1.00,"21,613",2412
101/01/31,"36,050,280","3,447,141,630",94.80,96.40,94.80,96.20,+1.30,"13,373",2412
101/02/01,"16,346,407","1,572,493,279",96.20,96.50,95.70,96.50,+0.30,"7,175",2412
101/02/02,"23,391,675","2,247,245,137",96.80,96.80,95.90,96.10,-0.40,"9,187",2412
101/02/03,"27,032,901","2,581,103,696",95.90,95.90,95.30,95.50,-0.60,"10,360",2412
101/02/04,"13,166,742","1,258,800,632",95.70,96.10,95.20,95.70,+0.20,"5,779",2412
101/02/06,"20,435,597","1,952,238,180",96.00,96.00,95.30,95.70, 0.00,"7,109",2412
101/02/07,"18,078,766","1,726,235,246",95.50,95.70,95.30,95.30,-0.40,"6,192",2412
101/02/08,"19,578,581","1,873,507,539",95.30,96.20,95.30,95.80,+0.50,"8,070",2412
101/02/09,"24,561,811","2,342,970,033",95.60,95.60,95.20,95.30,-0.50,"11,598",2412
101/02/10,"29,148,516","2,764,240,420",95.20,95.20,94.60,94.60,-0.70,"13,350",2412
101/02/13,"30,025,841","2,813,323,285",94.10,94.10,93.30,93.60,-1.00,"14,150",2412
101/02/14,"19,162,054","1,797,972,448",93.60,94.00,93.40,93.90,+0.30,"9,722",2412
101/02/15,"21,040,336","1,971,813,493",93.80,94.00,93.50,93.90, 0.00,"9,555",2412
101/02/16,"18,171,411","1,709,892,402",93.90,95.00,93.60,94.50,+0.60,"7,904",2412
101/02/17,"19,709,000","1,869,647,800",94.50,95.40,94.50,94.60,+0.10,"7,486",2412
101/02/20,"14,929,411","1,407,435,032",94.60,94.80,93.90,94.60, 0.00,"6,420",2412
101/02/21,"16,221,714","1,528,896,984",94.60,94.60,94.00,94.60, 0.00,"6,817",2412
101/02/22,"42,448,097","3,946,546,604",93.50,93.50,92.30,92.80,-1.80,"19,128",2412
101/02/23,"48,017,163","4,406,301,196",92.00,92.10,91.50,91.50,-1.30,"23,671",2412
101/02/24,"73,400,132","6,616,601,026",90.60,90.60,90.00,90.10,-1.40,"29,448",2412
101/02/29,"57,774,525","5,232,487,875",90.00,91.10,90.00,90.40,+0.30,"22,299",2412
101/03/01,"32,050,836","2,925,297,258",90.40,92.00,90.40,91.80,+1.40,"14,358",2412
101/03/02,"15,619,856","1,438,513,499",92.50,92.50,91.80,92.20,+0.40,"7,623",2412
101/03/03,"11,172,314","1,031,803,202",92.20,92.80,91.70,92.70,+0.50,"5,825",2412
101/03/05,"18,202,883","1,680,703,044",92.50,92.70,92.00,92.10,-0.60,"7,327",2412
101/03/06,"18,941,020","1,739,493,441",92.00,92.70,91.40,92.50,+0.40,"7,580",2412
101/03/07,"16,446,978","1,520,102,857",92.00,92.80,91.90,92.00,-0.50,"5,586",2412
101/03/08,"10,073,633","924,339,836",92.00,92.10,91.50,91.60,-0.40,"5,464",2412
101/03/09,"12,529,850","1,144,447,832",91.50,91.50,91.10,91.30,-0.30,"5,224",2412
101/03/12,"11,074,096","1,009,117,518",91.30,91.40,91.00,91.00,-0.30,"5,565",2412
101/03/13,"9,595,789","872,825,019",90.70,91.40,90.60,91.40,+0.40,"5,078",2412
101/03/14,"7,628,580","700,802,055",92.00,92.00,91.70,91.80,+0.40,"4,219",2412
101/03/15,"12,832,389","1,169,323,451",91.50,91.50,91.00,91.00,-0.80,"5,386",2412
101/03/16,"18,259,852","1,654,930,232",91.00,91.00,90.50,90.50,-0.50,"8,934",2412
101/03/19,"6,883,723","624,723,493",91.30,91.30,90.50,90.90,+0.40,"3,774",2412
101/03/20,"17,985,326","1,623,657,124",90.90,90.90,90.10,90.20,-0.70,"8,862",2412
101/03/21,"12,682,728","1,144,601,076",90.00,90.50,90.00,90.20, 0.00,"5,734",2412
101/03/22,"14,965,141","1,354,735,479",90.10,91.20,90.10,91.20,+1.00,"6,059",2412
101/03/23,"8,504,777","775,535,048",91.40,91.40,91.00,91.30,+0.10,"3,658",2412
101/03/26,"15,509,434","1,403,455,394",91.00,91.00,90.20,90.50,-0.80,"7,544",2412
101/03/27,"12,102,904","1,100,434,997",90.50,91.10,90.50,91.10,+0.60,"3,982",2412
101/03/28,"15,162,911","1,385,829,770",91.20,91.60,91.00,91.40,+0.30,"5,701",2412
101/03/29,"20,930,509","1,903,764,245",91.10,91.20,90.60,90.80,-0.60,"7,265",2412
101/03/30,"21,942,719","1,987,399,329",90.40,90.90,90.20,90.90,+0.10,"6,822",2412
101/04/02,"10,468,826","950,974,966",90.70,91.10,90.50,90.90, 0.00,"3,846",2412
101/04/03,"11,253,871","1,023,348,361",91.40,91.40,90.70,90.80,-0.10,"5,824",2412
101/04/05,"11,691,876","1,058,792,614",90.20,90.80,90.20,90.50,-0.30,"5,832",2412
101/04/06,"8,128,295","737,422,045",90.80,91.00,90.50,90.70,+0.20,"3,392",2412
101/04/09,"7,906,117","718,355,280",90.30,91.10,90.20,90.80,+0.10,"3,525",2412
101/04/10,"12,281,088","1,114,621,571",91.10,91.10,90.50,90.50,-0.30,"6,556",2412
101/04/11,"12,389,262","1,120,844,714",90.30,90.60,90.30,90.40,-0.10,"6,088",2412
101/04/12,"12,560,176","1,135,690,013",90.40,90.60,90.20,90.40, 0.00,"4,631",2412
101/04/13,"5,242,316","475,676,544",90.90,90.90,90.50,90.60,+0.20,"3,264",2412
101/04/16,"10,052,295","909,264,245",90.40,90.60,90.30,90.30,-0.30,"5,661",2412
101/04/17,"19,636,259","1,769,263,801",90.20,90.30,90.00,90.00,-0.30,"8,753",2412
101/04/18,"34,051,974","3,048,155,342",90.10,90.10,89.10,89.50,-0.50,"14,392",2412
101/04/19,"28,547,069","2,528,942,124",89.10,89.20,88.30,88.30,-1.20,"14,609",2412
101/04/20,"24,713,294","2,170,706,672",88.10,88.10,87.50,87.60,-0.70,"10,454",2412
101/04/23,"12,941,692","1,145,751,585",87.60,89.40,87.50,88.30,+0.70,"5,651",2412
101/04/24,"18,923,233","1,697,500,470",88.30,90.30,88.20,89.70,+1.40,"6,948",2412
101/04/25,"9,322,639","844,299,884",90.50,90.70,90.00,90.50,+0.80,"4,606",2412
101/04/26,"7,750,954","701,648,080",90.70,90.90,90.10,90.60,+0.10,"3,610",2412
101/04/27,"9,784,820","889,210,236",90.60,91.30,90.20,91.30,+0.70,"4,818",2412
101/04/30,"11,656,176","1,066,240,531",91.20,92.00,91.00,91.40,+0.10,"4,375",2412
101/05/02,"17,059,162","1,553,928,242",91.20,91.50,90.80,90.80,-0.60,"5,727",2412
101/05/03,"7,805,053","713,075,659",90.90,91.80,90.80,91.10,+0.30,"3,593",2412
101/05/04,"8,233,525","753,297,595",90.90,91.70,90.90,91.50,+0.40,"2,966",2412
101/05/07,"11,822,299","1,070,299,486",90.90,90.90,90.00,90.50,-1.00,"4,607",2412
101/05/08,"6,017,275","546,339,772",90.50,91.30,90.30,91.10,+0.60,"3,115",2412
101/05/09,"9,863,300","891,737,410",90.50,90.90,90.20,90.20,-0.90,"3,751",2412
101/05/10,"15,542,567","1,394,307,330",90.00,90.20,89.40,89.40,-0.80,"6,610",2412
101/05/11,"13,786,777","1,235,434,730",89.40,90.10,89.30,90.00,+0.60,"4,638",2412
101/05/14,"8,032,467","722,862,113",89.50,90.40,89.50,90.00, 0.00,"2,951",2412
101/05/15,"13,972,181","1,271,208,674",90.00,91.60,89.80,91.40,+1.40,"5,495",2412
101/05/16,"12,265,943","1,117,842,470",91.50,91.70,90.30,90.30,-1.10,"4,209",2412
101/05/17,"9,167,275","833,790,425",91.00,91.30,90.30,91.00,+0.70,"3,333",2412
101/05/18,"9,235,616","834,960,303",90.10,90.90,90.00,90.30,-0.70,"3,879",2412
101/05/21,"6,368,515","577,564,497",90.10,91.00,90.10,90.80,+0.50,"2,207",2412
101/05/22,"6,260,818","571,229,908",91.30,91.50,90.80,91.40,+0.60,"2,709",2412
101/05/23,"8,618,628","786,899,871",91.30,91.50,90.80,91.30,-0.10,"3,504",2412
101/05/24,"6,055,804","552,661,333",91.20,91.40,91.00,91.40,+0.10,"2,348",2412
101/05/25,"6,969,693","636,393,642",90.90,91.60,90.90,91.20,-0.20,"2,856",2412
101/05/28,"6,866,386","625,333,726",90.90,91.20,90.90,90.90,-0.30,"2,824",2412
101/05/29,"8,640,541","786,193,031",91.10,91.20,90.80,90.90, 0.00,"3,184",2412
101/05/30,"18,281,466","1,653,740,219",90.80,90.90,90.00,90.00,-0.90,"5,805",2412
101/05/31,"14,916,151","1,343,044,051",90.00,90.60,89.50,90.20,+0.20,"4,512",2412
101/06/01,"7,533,834","678,759,436",89.60,90.60,89.50,90.00,-0.20,"3,158",2412
101/06/04,"10,269,284","922,122,660",89.50,90.00,89.50,89.70,-0.30,"3,743",2412
101/06/05,"5,734,845","516,074,973",90.00,90.30,89.80,90.00,+0.30,"2,159",2412
101/06/06,"5,105,328","461,870,786",90.10,90.80,89.90,90.70,+0.70,"2,139",2412
101/06/07,"6,705,349","605,840,803",90.80,90.90,90.00,90.80,+0.10,"2,454",2412
101/06/08,"9,613,288","865,365,933",90.10,90.50,89.80,90.20,-0.60,"3,436",2412
101/06/11,"6,345,732","576,177,523",90.00,91.10,90.00,91.00,+0.80,"2,925",2412
101/06/12,"4,192,000","379,920,400",90.80,91.00,90.40,90.50,-0.50,"1,532",2412
101/06/13,"4,412,841","399,031,650",90.70,90.70,90.20,90.40,-0.10,"1,935",2412
101/06/14,"6,076,425","550,593,313",91.00,91.00,90.30,90.30,-0.10,"2,206",2412
101/06/15,"11,253,210","1,016,033,133",90.30,90.80,90.10,90.10,-0.20,"3,185",2412
101/06/18,"8,240,858","746,124,765",90.60,90.90,90.20,90.70,+0.60,"3,117",2412
101/06/19,"5,665,108","514,012,461",90.80,90.90,90.50,90.90,+0.20,"2,702",2412
101/06/20,"7,701,817","701,720,534",91.00,91.50,90.80,91.50,+0.60,"3,505",2412
101/06/21,"6,963,711","637,402,128",91.00,91.70,91.00,91.70,+0.20,"2,408",2412
101/06/22,"5,516,734","503,875,737",91.50,91.70,91.00,91.30,-0.40,"2,807",2412
101/06/25,"5,511,292","500,768,101",91.30,91.30,90.30,91.20,-0.10,"2,259",2412
101/06/26,"8,508,011","780,422,657",91.20,92.00,91.00,92.00,+0.80,"3,881",2412
101/06/27,"11,447,412","1,062,082,493",92.00,93.10,92.00,93.00,+1.00,"5,320",2412
101/06/28,"8,534,621","794,996,854",93.30,93.70,92.80,92.80,-0.20,"3,537",2412
101/06/29,"9,924,629","929,100,096",93.00,94.00,92.80,94.00,+1.20,"4,319",2412
101/07/02,"6,011,357","563,309,058",94.00,94.00,93.50,93.90,-0.10,"3,148",2412
101/07/03,"8,300,354","782,807,521",93.90,94.70,93.60,94.70,+0.80,"4,212",2412
101/07/04,"9,734,168","924,569,260",95.00,95.10,94.80,95.00,+0.30,"4,362",2412
101/07/05,"7,831,896","744,138,020",95.00,95.10,94.80,95.10,+0.10,"3,224",2412
101/07/06,"8,100,049","769,698,455",95.20,95.20,94.70,95.20,+0.10,"3,630",2412
101/07/09,"7,581,759","721,586,247",95.00,95.40,94.90,95.40,+0.20,"3,427",2412
101/07/10,"12,779,000","1,220,447,434",95.50,95.80,95.20,95.60,+0.20,"4,904",2412
101/07/11,"10,219,872","973,350,227",95.20,95.40,95.00,95.40,-0.20,"4,123",2412
101/07/12,"16,422,253","1,543,105,293",95.20,95.20,93.40,93.60,-1.80,"5,760",2412
101/07/13,"10,672,848","997,621,174",93.50,94.00,93.00,93.80,+0.20,"4,160",2412
101/07/16,"24,849,711","2,331,146,446",94.00,94.20,93.60,93.80, 0.00,"7,736",2412
101/07/17,"20,702,042","1,847,470,680",88.50,89.60,88.50,89.50,X0.00,"9,203",2412
101/07/18,"11,490,509","1,030,793,910",89.90,90.10,89.40,89.40,-0.10,"5,299",2412
101/07/19,"7,112,028","637,902,420",89.80,89.80,89.50,89.60,+0.20,"2,986",2412
101/07/20,"5,143,778","460,288,720",89.60,89.60,89.30,89.60, 0.00,"2,088",2412
101/07/23,"7,555,592","673,065,797",89.50,89.50,88.80,89.30,-0.30,"3,596",2412
101/07/24,"9,086,795","808,671,238",89.40,89.40,88.80,88.80,-0.50,"3,570",2412
101/07/25,"8,193,059","728,078,896",88.50,89.20,88.50,89.10,+0.30,"2,982",2412
101/07/26,"17,278,594","1,523,166,856",89.00,89.10,87.80,88.30,-0.80,"6,982",2412
101/07/27,"11,888,184","1,049,184,327",88.90,89.00,87.90,88.10,-0.20,"5,671",2412
101/07/30,"7,345,452","647,724,802",88.00,88.60,88.00,88.40,+0.30,"3,733",2412
101/07/31,"11,377,550","1,014,616,500",88.10,90.00,88.10,90.00,+1.60,"4,663",2412
101/08/01,"5,903,296","525,514,106",89.10,89.40,88.80,88.90,-1.10,"3,217",2412
101/08/03,"5,248,168","467,278,694",88.50,89.50,88.50,89.50,+0.60,"2,601",2412
101/08/06,"7,606,399","681,321,772",89.90,90.00,89.30,89.50, 0.00,"2,722",2412
101/08/07,"7,195,649","641,542,743",89.50,89.60,88.90,89.00,-0.50,"3,135",2412
101/08/08,"8,628,463","766,810,307",89.30,89.40,88.60,88.60,-0.40,"3,336",2412
101/08/09,"11,852,539","1,060,994,540",88.70,89.80,88.70,89.80,+1.20,"4,330",2412
101/08/10,"8,256,259","740,079,817",89.90,90.00,89.20,89.90,+0.10,"4,351",2412
101/08/13,"5,672,682","509,139,480",90.00,90.00,89.40,90.00,+0.10,"2,299",2412
101/08/14,"6,269,984","564,656,189",90.00,90.40,89.70,90.20,+0.20,"3,068",2412
101/08/15,"6,701,733","605,755,897",90.20,90.60,90.00,90.60,+0.40,"3,400",2412
101/08/16,"4,527,114","409,617,146",90.40,90.70,90.20,90.40,-0.20,"2,597",2412
101/08/17,"4,641,611","418,254,798",90.30,90.40,89.90,90.00,-0.40,"2,631",2412
101/08/20,"2,928,646","263,196,854",90.00,90.00,89.70,89.70,-0.30,"1,902",2412
101/08/21,"6,431,739","581,154,060",90.50,90.70,90.00,90.30,+0.60,"3,273",2412
101/08/22,"3,221,628","290,644,192",90.60,90.60,90.00,90.50,+0.20,"2,197",2412
101/08/23,"5,432,161","491,570,151",90.00,90.60,90.00,90.60,+0.10,"3,017",2412
101/08/24,"5,175,765","467,799,416",90.60,90.70,90.10,90.10,-0.50,"1,928",2412
101/08/27,"4,945,253","446,456,347",90.10,90.50,90.10,90.10, 0.00,"2,121",2412
101/08/28,"4,183,189","376,989,975",90.10,90.30,90.00,90.00,-0.10,"2,175",2412
101/08/29,"3,843,624","347,158,827",90.30,90.50,90.20,90.20,+0.20,"2,028",2412
101/08/30,"8,969,184","808,688,610",90.20,90.50,89.90,90.50,+0.30,"2,739",2412
101/08/31,"5,009,137","452,449,676",90.20,90.50,90.00,90.50, 0.00,"1,792",2412
101/09/03,"4,201,100","379,537,001",90.30,90.50,90.00,90.10,-0.40,"2,151",2412
101/09/04,"6,287,122","566,703,756",90.10,90.30,90.00,90.00,-0.10,"2,770",2412
101/09/05,"8,850,810","796,454,070",90.00,90.50,89.70,90.00, 0.00,"3,125",2412
101/09/06,"5,383,431","484,945,548",90.00,90.40,89.90,90.40,+0.40,"2,446",2412
101/09/07,"5,464,636","494,246,718",90.50,90.60,90.30,90.50,+0.10,"2,256",2412
101/09/10,"8,185,544","740,674,906",90.40,90.60,90.10,90.60,+0.10,"4,130",2412
101/09/11,"5,474,660","495,556,197",90.60,90.60,90.30,90.60, 0.00,"2,187",2412
101/09/12,"6,948,318","631,232,638",90.60,91.00,90.60,90.90,+0.30,"3,444",2412
101/09/13,"6,132,653","557,381,223",90.90,91.00,90.70,90.90, 0.00,"2,801",2412
101/09/14,"16,716,676","1,529,519,883",90.90,92.00,90.60,92.00,+1.10,"7,096",2412
101/09/17,"10,836,135","997,552,190",92.00,92.50,91.30,92.50,+0.50,"4,434",2412
101/09/18,"9,903,265","915,252,572",92.00,92.60,91.80,92.50, 0.00,"3,978",2412
101/09/19,"11,179,071","1,036,056,603",92.40,93.20,92.00,93.20,+0.70,"4,214",2412
101/09/20,"8,593,012","796,584,352",93.00,93.10,92.30,92.50,-0.70,"2,853",2412
101/09/21,"9,773,965","908,169,503",92.90,93.00,92.50,93.00,+0.50,"3,244",2412
101/09/24,"6,101,864","566,790,900",93.00,93.10,92.20,92.90,-0.10,"2,365",2412
101/09/25,"7,572,328","704,727,104",92.80,93.30,92.80,93.20,+0.30,"2,809",2412
101/09/26,"7,370,512","686,071,116",93.00,93.20,92.80,93.20, 0.00,"2,472",2412
101/09/27,"9,467,724","884,807,223",93.00,93.70,92.90,93.70,+0.50,"3,949",2412
101/09/28,"8,853,059","829,486,859",93.60,93.90,93.20,93.90,+0.20,"3,258",2412
101/10/01,"5,892,325","550,171,625",93.50,93.70,93.10,93.30,-0.60,"1,954",2412
101/10/02,"6,892,465","642,740,018",93.00,93.50,92.80,93.50,+0.20,"3,469",2412
101/10/03,"4,515,392","420,304,656",93.50,93.50,92.80,92.80,-0.70,"2,274",2412
101/10/04,"5,537,305","513,911,165",92.80,93.00,92.50,93.00,+0.20,"2,437",2412
101/10/05,"4,691,779","436,019,347",93.20,93.20,92.70,93.00, 0.00,"2,104",2412
101/10/08,"5,403,015","500,100,328",93.00,93.00,92.40,92.70,-0.30,"2,256",2412
101/10/09,"12,187,135","1,139,498,427",92.80,93.80,92.80,93.60,+0.90,"5,107",2412
101/10/11,"9,782,424","912,936,813",93.20,93.60,93.00,93.40,-0.20,"4,467",2412
101/10/12,"7,704,606","713,917,058",93.40,93.40,92.20,92.80,-0.60,"3,170",2412
101/10/15,"7,108,554","656,250,307",92.20,92.60,92.10,92.10,-0.70,"3,160",2412
101/10/16,"6,105,648","563,651,116",92.00,92.50,92.00,92.30,+0.20,"2,191",2412
101/10/17,"11,579,749","1,063,499,508",92.20,92.30,91.70,91.80,-0.50,"3,797",2412
101/10/18,"8,096,401","745,036,986",91.80,92.50,91.70,92.40,+0.60,"2,648",2412
101/10/19,"7,009,324","645,383,635",92.40,92.40,91.90,92.00,-0.40,"2,803",2412
101/10/22,"4,441,098","408,195,667",91.50,92.20,91.30,92.10,+0.10,"2,326",2412
101/10/23,"5,849,806","538,139,290",92.00,92.30,91.80,92.20,+0.10,"2,537",2412
101/10/24,"6,881,910","633,186,424",91.50,92.20,91.40,92.20, 0.00,"3,034",2412
101/10/25,"5,309,794","489,150,948",92.20,92.30,91.80,92.00,-0.20,"2,054",2412
101/10/26,"6,517,324","596,526,349",92.00,92.00,91.20,91.50,-0.50,"3,010",2412
101/10/29,"8,472,715","770,343,254",91.20,91.20,90.60,91.00,-0.50,"3,266",2412
101/10/30,"7,958,832","729,384,231",91.00,92.00,91.00,91.80,+0.80,"4,034",2412
101/10/31,"5,382,285","492,023,088",91.40,91.60,91.00,91.60,-0.20,"2,501",2412
101/11/01,"7,530,859","686,136,531",91.00,91.50,90.60,91.40,-0.20,"3,393",2412
101/11/02,"6,448,319","590,905,650",92.00,92.00,91.00,91.70,+0.30,"3,233",2412
101/11/05,"6,612,365","608,766,969",92.00,92.40,91.60,92.40,+0.70,"2,925",2412
101/11/06,"8,674,184","805,461,031",92.60,93.30,92.10,93.30,+0.90,"3,650",2412
101/11/07,"5,196,592","481,321,691",93.30,93.30,91.90,92.50,-0.80,"2,430",2412
101/11/08,"6,497,263","599,772,159",92.00,93.00,91.60,93.00,+0.50,"2,814",2412
101/11/09,"7,290,346","673,600,724",92.30,92.80,91.80,92.50,-0.50,"3,314",2412
101/11/12,"4,530,975","418,156,761",92.20,92.60,92.00,92.20,-0.30,"1,980",2412
101/11/13,"5,931,323","545,253,938",92.00,92.10,91.60,92.10,-0.10,"2,524",2412
101/11/14,"4,566,842","421,124,586",92.10,92.40,91.90,92.20,+0.10,"2,150",2412
101/11/15,"5,538,206","511,005,728",92.00,92.70,91.40,92.60,+0.40,"2,322",2412
101/11/16,"4,822,027","446,210,953",91.90,92.70,91.90,92.60, 0.00,"2,186",2412
101/11/19,"3,649,778","337,631,237",91.90,92.70,91.90,92.60, 0.00,"1,786",2412
101/11/20,"4,312,726","399,430,680",92.60,92.80,92.40,92.70,+0.10,"2,135",2412
101/11/21,"4,922,656","455,657,213",92.70,92.70,92.30,92.60,-0.10,"2,016",2412
101/11/22,"3,172,800","294,155,246",92.50,92.80,92.50,92.70,+0.10,"1,778",2412
101/11/23,"8,640,162","803,033,665",92.70,93.10,92.60,92.90,+0.20,"3,661",2412
101/11/26,"6,177,431","574,348,292",93.00,93.10,92.80,93.00,+0.10,"3,361",2412
101/11/27,"8,122,396","757,909,529",92.80,93.50,92.80,93.50,+0.50,"3,466",2412
101/11/28,"5,576,938","520,374,477",93.50,93.50,92.90,93.50, 0.00,"2,256",2412
101/11/29,"12,825,944","1,203,893,839",93.50,94.00,93.30,93.80,+0.30,"4,686",2412
101/11/30,"12,651,038","1,185,415,221",93.30,93.90,93.00,93.90,+0.10,"4,152",2412
101/12/03,"6,347,811","595,986,126",93.80,94.00,93.60,93.90, 0.00,"2,800",2412
101/12/04,"5,857,740","548,318,007",93.90,93.90,93.40,93.70,-0.20,"3,178",2412
101/12/05,"6,512,561","610,481,198",93.10,94.00,93.10,94.00,+0.30,"3,371",2412
101/12/06,"7,645,910","717,799,472",93.90,94.00,93.60,94.00, 0.00,"4,402",2412
101/12/07,"6,165,472","579,728,867",94.00,94.20,93.90,94.20,+0.20,"2,983",2412
101/12/10,"6,951,436","655,852,313",94.20,94.50,94.10,94.50,+0.30,"3,237",2412
101/12/11,"12,771,774","1,211,408,205",94.50,95.00,94.40,95.00,+0.50,"4,816",2412
101/12/12,"7,724,783","733,612,111",95.00,95.30,94.80,94.80,-0.20,"3,899",2412
101/12/13,"8,242,053","777,599,028",95.00,95.00,94.00,94.40,-0.40,"4,446",2412
101/12/14,"7,246,583","679,449,702",94.00,94.30,93.50,93.70,-0.70,"4,043",2412
101/12/17,"9,660,153","904,603,660",93.40,93.90,93.40,93.70, 0.00,"4,183",2412
101/12/18,"8,228,933","770,344,058",93.50,93.70,93.40,93.70, 0.00,"3,459",2412
101/12/19,"8,892,972","832,681,418",93.70,93.80,93.50,93.70, 0.00,"3,194",2412
101/12/20,"6,326,799","591,580,052",93.70,93.70,93.40,93.60,-0.10,"2,684",2412
101/12/21,"12,744,979","1,183,706,714",93.50,93.50,92.30,93.30,-0.30,"4,241",2412
101/12/22,"3,855,225","358,585,159",93.00,93.10,92.90,93.00,-0.30,"1,648",2412
101/12/24,"6,465,542","599,692,506",93.00,93.00,92.60,92.80,-0.20,"2,602",2412
101/12/25,"4,790,208","445,732,828",92.80,93.70,92.50,93.70,+0.90,"2,066",2412
101/12/26,"5,874,072","546,486,196",93.40,93.70,92.50,92.50,-1.20,"2,438",2412
101/12/27,"14,607,197","1,353,441,722",92.50,93.50,92.20,93.50,+1.00,"4,595",2412
101/12/28,"12,802,464","1,199,326,816",93.50,94.50,92.90,94.50,+1.00,"3,096",2412
102/01/02,"6,179,439","579,659,166",94.30,94.30,93.60,94.00,-0.50,"2,651",2412
102/01/03,"6,615,343","617,209,736",93.90,93.90,93.00,93.00,-1.00,"3,502",2412
102/01/04,"5,704,323","532,448,964",93.50,93.90,93.00,93.90,+0.90,"2,548",2412
102/01/07,"6,537,550","612,805,855",93.90,94.00,93.30,93.90, 0.00,"3,037",2412
102/01/08,"6,936,878","650,922,932",93.90,94.20,93.20,94.20,+0.30,"2,394",2412
102/01/09,"5,696,156","535,704,264",94.00,94.20,93.50,94.10,-0.10,"2,454",2412
102/01/10,"8,661,060","815,646,505",94.10,94.50,93.60,94.50,+0.40,"3,291",2412
102/01/11,"4,915,516","462,167,465",94.40,94.50,93.70,94.20,-0.30,"1,853",2412
102/01/14,"4,916,538","461,538,833",93.50,94.40,93.20,94.40,+0.20,"2,058",2412
102/01/15,"9,208,308","870,500,626",94.40,94.70,93.80,94.70,+0.30,"3,234",2412
102/01/16,"6,433,983","604,623,702",94.70,94.70,93.70,93.80,-0.90,"2,769",2412
102/01/17,"7,606,774","714,004,846",94.20,94.30,93.60,93.90,+0.10,"3,546",2412
102/01/18,"7,642,382","721,426,341",94.00,94.70,93.90,94.70,+0.80,"3,679",2412
102/01/21,"6,200,927","586,373,084",94.70,94.80,94.00,94.60,-0.10,"2,313",2412
102/01/22,"5,159,960","488,126,594",94.80,94.90,94.10,94.90,+0.30,"2,515",2412
102/01/23,"5,789,569","549,530,950",94.90,95.00,94.60,95.00,+0.10,"2,487",2412
102/01/24,"7,074,342","668,504,301",94.80,94.80,94.00,94.50,-0.50,"2,651",2412
102/01/25,"7,779,859","732,912,245",94.50,94.70,94.00,94.40,-0.10,"2,810",2412
102/01/28,"4,725,161","446,367,652",94.50,94.80,94.30,94.50,+0.10,"2,176",2412
102/01/29,"4,692,336","443,057,220",94.70,94.70,94.20,94.50, 0.00,"2,189",2412
102/01/30,"8,746,063","821,322,142",94.00,94.10,93.80,93.80,-0.70,"3,823",2412
102/01/31,"9,502,011","892,576,634",93.80,94.00,93.70,94.00,+0.20,"2,590",2412
102/02/01,"4,962,433","465,457,502",93.70,94.00,93.70,93.80,-0.20,"2,378",2412
102/02/04,"7,135,329","670,292,526",93.90,94.10,93.80,93.90,+0.10,"2,467",2412
102/02/05,"5,045,215","473,689,910",93.90,94.00,93.80,93.90, 0.00,"2,173",2412
102/02/06,"5,473,912","513,661,228",94.00,94.00,93.70,93.90, 0.00,"2,367",2412
102/02/18,"25,271,063","2,344,561,611",93.80,93.90,92.40,92.50,-1.40,"9,713",2412
102/02/19,"11,704,095","1,081,919,410",92.60,92.70,92.30,92.30,-0.20,"4,923",2412
102/02/20,"12,678,169","1,171,946,517",92.70,93.00,92.20,92.50,+0.20,"4,955",2412
102/02/21,"8,759,564","812,197,695",92.90,93.20,92.40,92.90,+0.40,"4,149",2412
102/02/22,"5,505,908","511,506,963",92.80,93.20,92.50,93.00,+0.10,"3,031",2412
102/02/23,"2,423,135","225,200,431",93.00,93.10,92.70,93.00, 0.00,"1,378",2412
102/02/25,"6,651,247","617,994,969",93.00,93.00,92.60,93.00, 0.00,"2,261",2412
102/02/26,"7,916,436","732,110,948",92.80,92.80,92.30,92.60,-0.40,"3,114",2412
102/02/27,"10,354,207","956,754,248",92.60,92.80,92.20,92.20,-0.40,"3,196",2412
102/03/01,"10,696,879","986,007,702",92.20,92.50,92.00,92.40,+0.20,"4,343",2412
102/03/04,"13,538,079","1,243,288,779",92.10,92.10,91.70,91.70,-0.70,"5,540",2412
102/03/05,"6,622,646","608,539,185",92.00,92.00,91.70,91.70, 0.00,"3,238",2412
102/03/06,"4,969,713","456,728,477",91.70,92.10,91.70,91.80,+0.10,"1,915",2412
102/03/07,"5,604,681","514,742,881",91.80,92.00,91.70,92.00,+0.20,"2,572",2412
102/03/08,"8,064,807","742,182,798",91.80,92.30,91.80,92.30,+0.30,"2,871",2412
102/03/11,"8,908,388","820,012,731",92.10,92.20,91.90,92.00,-0.30,"2,368",2412
102/03/12,"4,459,575","411,949,586",92.10,92.70,92.10,92.60,+0.60,"2,085",2412
102/03/13,"4,512,318","418,289,857",92.90,93.00,92.50,92.70,+0.10,"2,366",2412
102/03/14,"4,082,800","377,394,314",92.50,92.80,92.10,92.40,-0.30,"1,877",2412
102/03/15,"7,786,799","722,810,707",92.50,93.00,92.40,93.00,+0.60,"2,709",2412
102/03/18,"5,683,837","524,747,893",92.30,92.60,92.20,92.30,-0.70,"2,495",2412
102/03/19,"6,811,399","628,742,784",92.30,92.70,92.20,92.30, 0.00,"2,586",2412
102/03/20,"8,003,545","736,671,487",92.30,92.30,92.00,92.00,-0.30,"2,883",2412
102/03/21,"5,789,701","532,929,318",92.00,92.20,92.00,92.00, 0.00,"2,337",2412
102/03/22,"5,428,490","499,932,083",92.00,92.30,92.00,92.00, 0.00,"1,748",2412
102/03/25,"6,602,368","608,577,208",92.20,92.50,92.00,92.10,+0.10,"2,219",2412
102/03/26,"7,834,626","721,346,615",92.40,92.40,91.90,92.20,+0.10,"2,431",2412
102/03/27,"4,681,994","430,962,404",92.00,92.10,92.00,92.10,-0.10,"1,400",2412
102/03/28,"5,603,524","517,232,186",92.50,92.50,92.00,92.20,+0.10,"1,977",2412
102/03/29,"3,424,063","317,517,580",92.60,92.90,92.40,92.80,+0.60,"1,652",2412
102/04/01,"2,796,870","259,543,310",92.80,93.00,92.60,93.00,+0.20,"1,568",2412
102/04/02,"3,902,971","362,964,256",93.00,93.10,92.70,93.10,+0.10,"1,655",2412
102/04/03,"4,429,687","412,196,593",93.10,93.20,92.80,93.10, 0.00,"1,725",2412
102/04/08,"6,671,767","616,565,631",92.50,92.60,92.30,92.30,-0.80,"3,057",2412
102/04/09,"5,801,941","535,387,690",92.30,92.50,92.10,92.30, 0.00,"2,000",2412
102/04/10,"6,591,122","609,003,554",92.80,92.80,92.10,92.30, 0.00,"2,578",2412
102/04/11,"5,935,824","549,512,395",92.30,92.90,92.20,92.90,+0.60,"2,124",2412
102/04/12,"6,217,967","578,347,176",93.00,93.20,92.90,93.20,+0.30,"2,773",2412
102/04/15,"3,801,040","354,229,694",93.20,93.30,93.00,93.30,+0.10,"2,002",2412
102/04/16,"6,107,907","569,690,781",92.50,93.60,92.50,93.60,+0.30,"2,634",2412
102/04/17,"6,417,104","600,286,901",93.60,93.70,93.30,93.60, 0.00,"2,723",2412
102/04/18,"4,465,885","416,952,662",93.50,93.60,93.10,93.20,-0.40,"1,916",2412
102/04/19,"3,505,048","327,827,758",93.60,93.70,93.20,93.60,+0.40,"1,712",2412
102/04/22,"3,906,699","366,068,148",93.60,93.80,93.50,93.80,+0.20,"1,828",2412
102/04/23,"3,942,072","369,514,611",93.80,93.90,93.60,93.90,+0.10,"2,115",2412
102/04/24,"5,741,922","538,603,338",93.90,94.00,93.60,93.80,-0.10,"2,191",2412
102/04/25,"4,381,791","411,040,251",94.00,94.00,93.70,93.80, 0.00,"1,952",2412
102/04/26,"6,321,836","594,249,286",93.90,94.10,93.90,94.10,+0.30,"2,679",2412
102/04/29,"4,661,852","438,991,518",94.10,94.50,93.80,94.50,+0.40,"2,019",2412
102/04/30,"8,530,911","805,649,586",94.50,94.80,93.80,93.80,-0.70,"3,501",2412
102/05/02,"11,208,769","1,065,028,755",94.50,95.30,94.50,95.00,+1.20,"4,992",2412
102/05/03,"9,598,055","912,888,840",95.00,95.30,95.00,95.20,+0.20,"3,799",2412
102/05/06,"7,339,617","698,351,286",95.20,95.30,95.00,95.10,-0.10,"3,009",2412
102/05/07,"7,838,841","745,789,001",95.10,95.20,95.10,95.10, 0.00,"2,741",2412
102/05/08,"8,828,254","844,150,412",95.10,95.90,95.10,95.70,+0.60,"3,611",2412
102/05/09,"12,956,456","1,243,514,876",96.00,96.10,95.80,96.00,+0.30,"3,749",2412
102/05/10,"8,353,626","801,515,273",96.00,96.00,95.70,96.00, 0.00,"2,773",2412
102/05/13,"5,174,255","495,750,022",96.00,96.20,95.40,95.90,-0.10,"2,015",2412
102/05/14,"6,400,231","613,521,601",95.80,96.00,95.60,96.00,+0.10,"2,407",2412
102/05/15,"14,029,851","1,359,097,447",96.00,97.20,96.00,97.20,+1.20,"5,487",2412
102/05/16,"8,349,335","814,603,495",97.50,97.80,97.40,97.50,+0.30,"3,956",2412
102/05/17,"6,964,819","679,599,669",97.50,97.80,97.20,97.50, 0.00,"3,039",2412
102/05/20,"6,328,128","617,521,310",97.50,97.70,97.40,97.50, 0.00,"2,655",2412
102/05/21,"9,419,988","924,146,924",97.50,98.50,97.40,98.10,+0.60,"3,938",2412
102/05/22,"6,855,161","673,378,578",98.10,98.50,98.00,98.20,+0.10,"2,841",2412
102/05/23,"10,741,184","1,048,689,663",98.20,98.20,97.20,97.60,-0.60,"3,722",2412
102/05/24,"10,652,847","1,032,288,191",97.60,97.80,96.50,96.50,-1.10,"3,293",2412
102/05/27,"4,700,398","455,609,690",96.20,97.30,96.10,97.00,+0.50,"1,857",2412
102/05/28,"5,745,324","558,158,054",97.00,97.50,96.70,97.00, 0.00,"2,408",2412
102/05/29,"4,736,151","459,588,147",97.00,97.20,96.90,97.10,+0.10,"1,775",2412
102/05/30,"15,458,125","1,483,286,862",96.60,96.60,95.60,95.60,-1.50,"5,551",2412
102/05/31,"10,054,141","963,332,636",96.20,96.50,95.50,95.50,-0.10,"2,929",2412
102/06/03,"9,660,690","918,141,366",95.20,95.40,94.60,95.00,-0.50,"4,851",2412
102/06/04,"7,103,889","674,194,276",95.00,95.30,94.80,94.90,-0.10,"3,183",2412
102/06/05,"7,891,636","747,060,920",94.90,94.90,94.50,94.50,-0.40,"4,021",2412
102/06/06,"7,509,085","709,225,175",94.40,94.80,94.10,94.50, 0.00,"3,799",2412
102/06/07,"8,417,325","794,501,633",94.50,95.00,94.10,95.00,+0.50,"4,179",2412
102/06/10,"7,261,121","691,344,252",95.50,95.50,95.00,95.20,+0.20,"3,223",2412
102/06/11,"8,457,351","807,029,728",95.50,95.90,95.20,95.20, 0.00,"4,248",2412
102/06/13,"12,075,936","1,144,433,374",94.60,95.50,94.50,94.50,-0.70,"4,084",2412
102/06/14,"8,799,931","835,440,299",94.60,95.30,94.50,94.60,+0.10,"2,843",2412
102/06/17,"4,682,034","445,797,309",94.50,96.40,94.50,95.20,+0.60,"2,435",2412
102/06/18,"5,796,308","553,294,168",95.20,96.00,94.70,96.00,+0.80,"2,539",2412
102/06/19,"4,732,060","453,329,307",96.10,96.20,95.40,95.70,-0.30,"2,328",2412
102/06/20,"6,397,346","611,201,670",95.60,96.00,95.20,95.30,-0.40,"2,725",2412
102/06/21,"12,579,716","1,193,478,724",95.00,95.00,94.60,95.00,-0.30,"3,699",2412
102/06/24,"9,178,162","874,323,000",94.80,96.00,94.60,95.10,+0.10,"3,363",2412
102/06/25,"8,985,697","858,643,426",95.00,95.90,94.80,95.50,+0.40,"3,395",2412
102/06/26,"13,156,071","1,253,824,054",96.00,96.00,95.00,95.30,-0.20,"6,316",2412
102/06/27,"11,832,548","1,127,586,808",95.80,95.90,95.00,95.90,+0.60,"5,685",2412
102/06/28,"21,082,845","2,078,280,032",95.90,102.00,95.40,102.00,+6.10,"7,571",2412
102/07/01,"15,019,855","1,465,803,490",97.10,98.50,96.80,98.00,-4.00,"6,655",2412
102/07/02,"7,312,373","715,402,645",97.90,98.00,97.40,97.90,-0.10,"3,904",2412
102/07/03,"13,973,273","1,366,777,147",97.90,98.00,97.70,97.80,-0.10,"5,558",2412
102/07/04,"11,441,159","1,120,001,882",97.70,98.10,97.70,98.10,+0.30,"5,316",2412
102/07/05,"15,356,492","1,517,545,448",98.00,99.30,98.00,99.20,+1.10,"7,324",2412
102/07/08,"10,676,206","1,056,466,468",99.20,99.30,98.10,98.70,-0.50,"5,193",2412
102/07/09,"13,202,054","1,310,870,695",98.50,99.50,98.50,99.40,+0.70,"6,434",2412
102/07/10,"12,725,924","1,265,122,117",99.00,99.50,99.00,99.40, 0.00,"4,220",2412
102/07/11,"18,891,376","1,880,422,868",99.40,99.90,99.20,99.80,+0.40,"5,443",2412
102/07/12,"14,592,000","1,456,692,400",99.80,100.00,99.60,100.00,+0.20,"5,016",2412
102/07/15,"18,943,573","1,892,672,452",100.00,100.00,99.80,99.90,-0.10,"6,990",2412
102/07/16,"23,214,407","2,315,295,490",99.90,99.90,99.60,99.80,-0.10,"7,843",2412
102/07/17,"24,405,010","2,328,315,973",94.90,96.10,94.80,95.40,X0.00,"8,900",2412
102/07/18,"8,399,569","803,661,624",95.60,95.80,95.50,95.70,+0.30,"3,668",2412
102/07/19,"12,480,383","1,193,835,067",95.70,96.10,95.20,95.50,-0.20,"4,734",2412
102/07/22,"13,271,827","1,275,063,363",95.80,96.50,95.60,96.50,+1.00,"4,328",2412
102/07/23,"11,125,051","1,075,291,858",96.80,96.80,96.30,96.70,+0.20,"3,931",2412
102/07/24,"7,070,332","678,587,172",96.70,96.70,95.70,95.80,-0.90,"2,986",2412
102/07/25,"4,812,850","460,252,600",95.60,95.80,95.40,95.60,-0.20,"2,054",2412
102/07/26,"4,362,379","416,999,783",95.60,96.00,95.40,95.60, 0.00,"1,714",2412
102/07/29,"4,193,696","400,892,247",96.00,96.00,95.20,95.70,+0.10,"2,221",2412
102/07/30,"4,937,830","471,518,676",95.50,95.70,95.20,95.50,-0.20,"2,176",2412
102/07/31,"9,996,245","952,986,942",95.40,95.90,94.90,95.90,+0.40,"3,326",2412
102/08/01,"5,371,483","510,554,763",95.20,95.80,94.90,94.90,-1.00,"2,617",2412
102/08/02,"4,918,924","467,490,106",95.10,95.80,94.80,95.00,+0.10,"2,083",2412
102/08/05,"4,151,191","394,578,153",95.60,95.70,94.80,95.20,+0.20,"1,837",2412
102/08/06,"6,824,728","645,073,060",95.00,95.00,94.30,94.40,-0.80,"3,315",2412
102/08/07,"7,705,495","724,014,735",94.50,94.50,93.80,93.80,-0.60,"3,324",2412
102/08/08,"6,733,883","630,516,036",93.80,93.80,93.50,93.60,-0.20,"3,277",2412
102/08/09,"6,593,784","617,446,496",93.80,94.10,93.50,93.50,-0.10,"3,334",2412
102/08/12,"4,059,361","380,992,182",93.60,94.20,93.60,94.00,+0.50,"2,003",2412
102/08/13,"5,771,743","541,957,704",94.00,94.30,93.60,94.00, 0.00,"2,212",2412
102/08/14,"5,134,712","481,229,975",94.00,94.00,93.50,93.80,-0.20,"2,022",2412
102/08/15,"5,210,535","486,501,790",93.60,93.60,93.20,93.40,-0.40,"2,639",2412
102/08/16,"4,159,692","389,001,239",93.40,94.30,93.00,94.00,+0.60,"2,149",2412
102/08/19,"4,004,484","374,549,981",94.20,94.30,93.30,93.40,-0.60,"2,507",2412
102/08/20,"4,049,693","378,024,318",93.40,93.80,93.20,93.40, 0.00,"2,188",2412
102/08/22,"9,066,177","844,112,060",93.20,93.60,92.80,93.10,-0.30,"4,156",2412
102/08/23,"3,928,587","366,454,107",93.70,93.70,93.00,93.20,+0.10,"2,193",2412
102/08/26,"3,850,219","359,864,671",93.20,94.10,93.00,93.70,+0.50,"2,210",2412
102/08/27,"4,168,910","390,570,750",93.50,94.10,93.20,94.00,+0.30,"1,992",2412
102/08/28,"4,166,229","389,257,326",93.00,94.00,93.00,93.50,-0.50,"2,153",2412
102/08/29,"3,865,612","363,229,928",93.50,94.30,93.50,93.80,+0.30,"1,692",2412
102/08/30,"6,881,461","650,247,610",94.30,94.60,93.90,94.60,+0.80,"2,197",2412
102/09/02,"4,276,963","403,754,453",94.10,94.60,94.10,94.30,-0.30,"1,505",2412
102/09/03,"6,493,763","611,702,781",94.30,94.60,94.00,94.10,-0.20,"2,292",2412
102/09/04,"4,510,565","425,276,105",94.00,94.60,94.00,94.60,+0.50,"1,854",2412
102/09/05,"6,036,808","570,435,160",94.60,94.80,94.10,94.80,+0.20,"2,352",2412
102/09/06,"5,198,258","491,651,094",94.80,95.00,94.30,94.40,-0.40,"2,419",2412
102/09/09,"5,721,128","540,011,817",94.50,94.80,94.10,94.60,+0.20,"2,062",2412
102/09/10,"6,619,171","625,970,845",94.70,94.90,94.20,94.90,+0.30,"2,241",2412
102/09/11,"10,510,007","994,019,577",94.90,95.10,94.30,94.40,-0.50,"2,473",2412
102/09/12,"10,793,073","1,015,990,227",94.40,94.50,93.80,94.00,-0.40,"3,933",2412
102/09/13,"3,611,228","340,273,819",94.00,94.40,93.90,94.30,+0.30,"1,354",2412
102/09/14,"1,692,168","159,967,862",94.30,94.70,94.10,94.40,+0.10,"1,029",2412
102/09/16,"6,007,846","569,340,407",94.40,94.90,94.40,94.90,+0.50,"2,426",2412
102/09/17,"4,692,705","443,436,495",94.60,94.80,94.30,94.80,-0.10,"1,870",2412
102/09/18,"4,555,786","432,091,554",94.80,94.90,94.50,94.90,+0.10,"1,566",2412
102/09/23,"8,294,539","783,933,878",94.90,94.90,94.10,94.70,-0.20,"3,332",2412
102/09/24,"6,828,072","642,711,566",94.40,94.60,94.00,94.00,-0.70,"2,710",2412
102/09/25,"10,652,953","999,889,717",94.00,94.30,93.50,94.30,+0.30,"4,178",2412
102/09/26,"6,156,800","576,941,000",94.30,94.30,93.60,93.60,-0.70,"2,513",2412
102/09/27,"5,822,829","547,064,168",93.60,94.20,93.60,93.90,+0.30,"2,166",2412
102/09/30,"9,224,830","869,864,446",93.70,94.70,93.50,94.70,+0.80,"2,448",2412
102/10/01,"5,923,415","557,182,663",94.60,94.60,93.70,94.00,-0.70,"3,094",2412
102/10/02,"5,978,897","559,958,818",94.00,94.00,93.50,93.50,-0.50,"3,842",2412
102/10/03,"10,530,821","987,041,074",93.60,94.30,93.50,93.80,+0.30,"4,795",2412
102/10/04,"13,170,788","1,233,668,162",93.60,94.00,93.50,94.00,+0.20,"4,688",2412
102/10/07,"8,469,775","792,114,650",93.90,93.90,93.40,93.70,-0.30,"3,682",2412
102/10/08,"13,404,066","1,250,815,775",93.70,93.70,93.00,93.20,-0.50,"5,579",2412
102/10/09,"6,524,577","608,214,112",93.20,93.50,93.10,93.10,-0.10,"3,617",2412
102/10/11,"13,219,933","1,229,917,762",93.10,93.50,92.80,92.80,-0.30,"5,933",2412
102/10/14,"8,037,954","746,251,151",92.80,93.20,92.60,93.20,+0.40,"3,399",2412
102/10/15,"9,905,088","920,747,133",93.20,93.50,92.80,93.00,-0.20,"4,544",2412
102/10/16,"7,605,122","709,569,893",93.30,93.50,93.00,93.50,+0.50,"3,309",2412
102/10/17,"6,305,954","590,101,571",93.80,94.00,93.20,93.50, 0.00,"3,167",2412
102/10/18,"5,047,312","471,459,643",93.90,94.00,93.10,93.40,-0.10,"2,715",2412
102/10/21,"23,327,894","2,151,933,862",93.20,93.20,91.80,92.40,-1.00,"11,331",2412
102/10/22,"26,946,044","2,444,636,107",91.80,91.80,90.00,90.60,-1.80,"12,703",2412
102/10/23,"14,976,739","1,368,457,824",90.30,92.30,90.30,92.30,+1.70,"7,770",2412
102/10/24,"9,928,642","913,625,335",92.00,92.70,91.50,92.70,+0.40,"4,450",2412
102/10/25,"5,122,729","472,547,600",92.00,92.70,91.60,92.30,-0.40,"2,662",2412
102/10/28,"6,798,965","631,557,301",92.80,93.20,92.20,93.20,+0.90,"3,198",2412
102/10/29,"6,444,491","598,951,504",93.20,93.20,92.60,93.20, 0.00,"2,501",2412
102/10/30,"12,266,575","1,151,248,895",93.00,94.50,92.80,94.40,+1.20,"5,421",2412
102/10/31,"14,434,173","1,362,758,470",94.40,94.60,94.00,94.60,+0.20,"5,655",2412
102/11/01,"8,626,221","805,147,728",94.60,94.60,92.80,93.30,-1.30,"4,510",2412
102/11/04,"6,651,289","616,055,764",93.10,93.10,92.40,92.50,-0.80,"3,618",2412
102/11/05,"5,826,449","542,133,934",92.60,93.30,92.60,93.00,+0.50,"2,867",2412
102/11/06,"5,046,567","470,465,041",93.20,93.40,92.90,93.30,+0.30,"2,353",2412
102/11/07,"5,344,431","495,872,927",93.20,93.20,92.40,93.00,-0.30,"2,602",2412
102/11/08,"5,699,984","529,445,312",92.80,93.10,92.50,93.00, 0.00,"2,319",2412
102/11/11,"4,576,431","423,740,742",92.90,92.90,92.40,92.40,-0.60,"2,352",2412
102/11/12,"7,043,015","653,854,095",92.70,93.00,92.50,93.00,+0.60,"2,539",2412
102/11/13,"4,491,126","415,495,418",93.00,93.00,92.30,92.40,-0.60,"2,180",2412
102/11/14,"6,513,923","599,636,336",92.40,92.50,91.90,91.90,-0.50,"3,696",2412
102/11/15,"4,000,340","368,306,322",92.00,92.40,91.90,91.90, 0.00,"1,945",2412
102/11/18,"4,056,867","373,269,760",92.10,92.40,91.90,91.90, 0.00,"2,011",2412
102/11/19,"4,325,709","399,428,960",92.70,92.70,92.10,92.30,+0.40,"1,414",2412
102/11/20,"8,611,718","791,775,801",92.20,92.30,91.80,91.80,-0.50,"3,189",2412
102/11/21,"6,728,502","615,547,284",91.80,91.80,91.30,91.40,-0.40,"4,106",2412
102/11/22,"3,506,436","321,589,412",92.40,92.40,91.40,91.50,+0.10,"1,724",2412
102/11/25,"3,929,017","360,578,110",92.30,92.30,91.50,91.50, 0.00,"2,558",2412
102/11/26,"10,284,705","950,033,276",91.50,92.80,91.50,92.80,+1.30,"2,866",2412
102/11/27,"2,830,392","261,460,668",92.80,92.80,92.00,92.50,-0.30,"1,713",2412
102/11/28,"5,039,758","466,470,855",92.50,92.80,92.40,92.50, 0.00,"2,151",2412
102/11/29,"5,676,446","526,673,378",92.50,93.00,92.40,92.80,+0.30,"1,744",2412
102/12/02,"3,257,848","302,002,923",92.80,92.90,92.40,92.70,-0.10,"1,610",2412
102/12/03,"3,694,860","341,092,193",92.50,92.50,92.20,92.30,-0.40,"1,671",2412
102/12/04,"7,598,816","698,690,457",92.00,92.10,91.80,91.90,-0.40,"3,489",2412
102/12/05,"6,544,271","600,776,832",91.90,92.00,91.70,91.80,-0.10,"3,007",2412
102/12/06,"5,575,958","512,700,878",91.80,92.10,91.70,91.90,+0.10,"2,540",2412
102/12/09,"6,212,409","575,149,650",92.40,92.80,92.20,92.70,+0.80,"2,653",2412
102/12/10,"4,288,169","396,693,627",92.70,92.70,92.40,92.50,-0.20,"2,150",2412
102/12/11,"3,845,414","356,987,810",92.50,93.10,92.50,92.90,+0.40,"2,044",2412
102/12/12,"4,241,901","392,973,882",93.00,93.00,92.40,92.50,-0.40,"1,536",2412
102/12/13,"3,244,101","299,417,521",92.20,92.50,92.10,92.30,-0.20,"1,650",2412
102/12/16,"3,748,480","345,038,107",92.20,92.30,91.90,91.90,-0.40,"2,009",2412
102/12/17,"4,660,113","429,092,602",92.00,92.40,92.00,92.00,+0.10,"1,840",2412
102/12/18,"5,139,081","472,755,050",92.10,92.10,91.80,92.00, 0.00,"2,060",2412
102/12/19,"3,623,343","334,614,657",92.20,92.90,92.00,92.30,+0.30,"1,556",2412
102/12/20,"3,917,778","361,905,198",92.30,92.60,92.10,92.60,+0.30,"1,684",2412
102/12/23,"4,508,286","417,339,237",92.60,92.90,92.40,92.40,-0.20,"1,931",2412
102/12/24,"5,673,405","526,257,348",92.70,93.40,92.40,92.40, 0.00,"2,198",2412
102/12/25,"3,674,894","340,496,637",92.80,93.00,92.50,92.60,+0.20,"1,585",2412
102/12/26,"3,234,697","300,701,721",92.60,93.10,92.60,93.00,+0.40,"1,359",2412
102/12/27,"4,328,811","403,444,990",93.00,93.40,92.90,93.40,+0.40,"2,081",2412
102/12/30,"5,862,346","546,860,327",93.40,93.60,93.00,93.20,-0.20,"2,323",2412
102/12/31,"5,240,462","487,972,216",93.20,93.30,92.90,93.10,-0.10,"1,942",2412
103/01/02,"3,994,894","370,729,242",93.10,93.20,92.60,92.80,-0.30,"1,856",2412
103/01/03,"5,145,200","476,647,224",92.80,92.90,92.50,92.80, 0.00,"2,443",2412
103/01/06,"5,981,830","552,998,083",92.60,92.60,92.30,92.30,-0.50,"2,646",2412
103/01/07,"6,677,301","616,204,112",92.30,92.50,92.10,92.10,-0.20,"2,912",2412
103/01/08,"8,031,090","740,438,600",92.10,92.50,92.10,92.10, 0.00,"3,168",2412
103/01/09,"10,821,967","995,864,622",92.10,92.20,91.90,92.10, 0.00,"4,080",2412
103/01/10,"10,387,555","955,096,223",92.10,92.10,91.80,91.90,-0.20,"4,402",2412
103/01/13,"6,133,755","565,013,903",92.00,92.50,91.90,92.00,+0.10,"2,653",2412
103/01/14,"7,684,447","706,919,661",92.00,92.10,91.80,92.00, 0.00,"2,470",2412
103/01/15,"9,220,741","848,020,626",92.00,92.10,91.90,92.00, 0.00,"3,992",2412
103/01/16,"6,761,352","622,654,227",92.00,92.30,92.00,92.00, 0.00,"2,686",2412
103/01/17,"7,090,310","652,388,369",92.00,92.10,91.90,92.00, 0.00,"2,402",2412
103/01/20,"7,650,050","702,951,463",92.00,92.00,91.80,91.80,-0.20,"3,913",2412
103/01/21,"7,521,465","691,431,430",91.80,92.00,91.80,91.90,+0.10,"3,061",2412
103/01/22,"9,180,242","843,113,924",91.90,92.00,91.80,91.90, 0.00,"4,795",2412
103/01/23,"6,294,506","577,867,921",91.90,92.00,91.70,91.80,-0.10,"2,831",2412
103/01/24,"10,639,451","975,408,093",91.70,91.90,91.50,91.70,-0.10,"4,215",2412
103/01/27,"13,833,326","1,265,890,168",91.50,91.90,91.30,91.90,+0.20,"6,024",2412
103/02/05,"33,421,581","3,024,770,362",90.40,90.90,89.80,90.30,-1.60,"16,816",2412
103/02/06,"18,056,460","1,633,193,660",90.30,90.70,90.30,90.30, 0.00,"10,214",2412
103/02/07,"12,124,518","1,096,308,738",90.50,90.60,90.30,90.40,+0.10,"7,327",2412
103/02/10,"10,987,685","992,991,335",90.40,90.50,90.30,90.30,-0.10,"6,356",2412
103/02/11,"10,256,420","924,775,923",90.30,90.40,90.10,90.10,-0.20,"5,636",2412
103/02/12,"7,454,556","673,330,796",90.30,90.70,90.20,90.70,+0.60,"3,655",2412
103/02/13,"3,703,166","335,956,006",90.70,91.00,90.40,90.70, 0.00,"2,395",2412
103/02/14,"6,597,934","601,311,039",90.70,91.50,90.70,91.20,+0.50,"3,542",2412
103/02/17,"4,719,063","430,465,431",91.30,91.40,91.00,91.20, 0.00,"2,581",2412
103/02/18,"2,728,895","249,190,554",91.20,91.50,91.10,91.30,+0.10,"1,580",2412
103/02/19,"4,596,571","421,243,423",91.30,91.80,91.30,91.80,+0.50,"2,393",2412
103/02/20,"6,130,896","560,215,698",91.80,91.80,91.20,91.30,-0.50,"3,311",2412
103/02/21,"7,029,853","642,389,466",91.30,91.80,91.10,91.70,+0.40,"3,577",2412
103/02/24,"3,976,350","363,972,574",91.60,91.80,91.30,91.80,+0.10,"1,846",2412
103/02/25,"5,239,043","479,798,903",91.40,91.80,91.40,91.40,-0.40,"2,363",2412
103/02/26,"4,680,858","428,378,151",91.40,91.80,91.00,91.40, 0.00,"2,441",2412
103/02/27,"6,192,669","567,704,948",91.40,92.00,91.30,92.00,+0.60,"2,491",2412
103/03/03,"8,144,410","743,116,831",91.90,91.90,91.00,91.70,-0.30,"3,563",2412
103/03/04,"3,383,224","309,406,286",91.40,91.60,91.20,91.30,-0.40,"1,884",2412
103/03/05,"5,292,705","486,063,018",91.40,92.00,91.40,91.90,+0.60,"2,605",2412
103/03/06,"6,424,065","592,217,974",92.00,92.40,91.70,92.30,+0.40,"2,959",2412
103/03/07,"5,772,490","533,501,022",92.50,92.50,92.30,92.40,+0.10,"2,743",2412
103/03/10,"3,902,788","360,452,653",92.30,92.50,92.00,92.40, 0.00,"1,905",2412
103/03/11,"9,733,560","903,775,680",92.40,93.20,92.10,93.00,+0.60,"3,650",2412
103/03/12,"5,036,823","466,847,439",92.80,93.00,92.40,93.00, 0.00,"2,318",2412
103/03/13,"8,218,706","763,574,758",92.80,93.20,92.50,93.20,+0.20,"3,042",2412
103/03/14,"6,798,544","629,536,039",92.60,92.90,92.20,92.20,-1.00,"2,569",2412
103/03/17,"4,001,955","369,178,810",92.20,92.50,92.00,92.50,+0.30,"1,529",2412
103/03/18,"8,713,894","812,004,742",92.80,93.50,92.70,93.00,+0.50,"3,357",2412
103/03/19,"8,229,493","767,843,754",93.20,93.50,92.90,93.30,+0.30,"2,958",2412
103/03/20,"9,631,416","893,616,188",93.00,93.40,92.50,92.90,-0.40,"3,490",2412
103/03/21,"9,486,285","882,471,947",93.00,93.30,92.50,93.00,+0.10,"2,270",2412
103/03/24,"3,803,053","353,422,229",93.00,93.30,92.60,92.90,-0.10,"1,524",2412
103/03/25,"6,920,815","646,858,580",92.90,93.70,92.90,93.70,+0.80,"2,644",2412
103/03/26,"6,724,584","624,248,512",93.00,93.30,92.50,92.80,-0.90,"2,864",2412
103/03/27,"10,899,505","1,016,012,070",92.80,93.60,92.70,93.30,+0.50,"2,316",2412
103/03/28,"3,274,515","305,569,307",93.30,93.50,93.00,93.40,+0.10,"1,457",2412
103/03/31,"6,086,474","569,005,660",93.70,93.80,93.10,93.70,+0.30,"2,055",2412
103/04/01,"3,403,404","318,198,095",93.70,93.70,93.20,93.70, 0.00,"1,355",2412
103/04/02,"2,949,577","275,950,705",93.80,93.80,93.30,93.70, 0.00,"1,555",2412
103/04/03,"3,290,408","307,196,256",93.60,93.60,93.20,93.40,-0.30,"1,570",2412
103/04/07,"5,799,593","541,692,918",93.30,93.70,93.20,93.50,+0.10,"2,212",2412
103/04/08,"2,683,282","250,438,534",93.40,93.50,93.20,93.20,-0.30,"1,352",2412
103/04/09,"2,904,257","271,209,010",93.50,93.50,93.20,93.40,+0.20,"1,446",2412
103/04/10,"3,197,991","298,780,332",93.40,93.70,93.20,93.70,+0.30,"1,637",2412
103/04/11,"3,529,985","330,441,646",93.70,93.70,93.40,93.70, 0.00,"1,492",2412
103/04/14,"4,199,100","393,161,012",93.60,93.80,93.40,93.70, 0.00,"1,710",2412
103/04/15,"5,770,237","541,262,684",93.70,94.00,93.50,94.00,+0.30,"1,891",2412
103/04/16,"9,169,111","862,823,634",94.00,94.40,93.60,94.00, 0.00,"3,593",2412
103/04/17,"3,942,537","371,110,045",94.00,94.30,93.80,94.30,+0.30,"1,863",2412
103/04/18,"3,064,781","289,215,912",94.30,94.50,94.10,94.50,+0.20,"1,482",2412
103/04/21,"2,039,782","192,604,172",94.50,94.50,94.30,94.40,-0.10,"1,355",2412
103/04/22,"2,344,559","221,375,022",94.40,94.50,94.30,94.40, 0.00,"1,762",2412
103/04/23,"3,913,826","369,783,243",94.40,94.60,94.30,94.50,+0.10,"1,847",2412
103/04/24,"2,992,950","282,862,754",94.50,94.60,94.40,94.50, 0.00,"1,380",2412
103/04/25,"7,557,029","710,376,626",94.50,94.60,93.60,93.70,-0.80,"2,917",2412
103/04/28,"5,392,208","505,911,147",93.20,94.20,93.10,94.00,+0.30,"2,374",2412
103/04/29,"3,559,669","334,792,686",94.00,94.20,93.90,94.10,+0.10,"1,546",2412
103/04/30,"15,775,770","1,492,700,414",94.10,95.10,94.00,94.20,+0.10,"4,475",2412
103/05/02,"3,163,086","298,561,076",94.40,94.60,94.20,94.40,+0.20,"1,773",2412
103/05/05,"4,501,656","423,884,288",94.40,94.60,93.90,94.00,-0.40,"1,864",2412
103/05/06,"3,906,269","367,390,771",94.00,94.20,93.90,94.00, 0.00,"1,819",2412
103/05/07,"4,781,178","447,988,632",94.00,94.10,93.50,94.00, 0.00,"2,717",2412
103/05/08,"2,952,262","277,652,215",94.00,94.20,93.80,94.10,+0.10,"1,424",2412
103/05/09,"4,631,046","437,217,307",94.10,94.80,94.10,94.80,+0.70,"2,339",2412
103/05/12,"3,037,645","286,102,525",94.80,94.80,94.00,94.00,-0.80,"1,574",2412
103/05/13,"3,551,747","335,243,975",94.10,94.60,94.10,94.40,+0.40,"2,289",2412
103/05/14,"5,069,072","479,504,173",94.80,94.80,94.20,94.80,+0.40,"2,558",2412
103/05/15,"3,385,426","320,551,605",94.50,94.80,94.50,94.60,-0.20,"1,675",2412
103/05/16,"4,479,248","424,569,670",94.80,94.90,94.60,94.90,+0.30,"2,180",2412
103/05/19,"2,495,542","236,505,644",94.90,95.00,94.60,95.00,+0.10,"1,346",2412
103/05/20,"6,370,895","605,351,325",95.00,95.20,94.70,95.10,+0.10,"2,660",2412
103/05/21,"4,818,478","458,442,071",95.10,95.40,94.90,95.40,+0.30,"2,848",2412
103/05/22,"7,679,307","735,720,568",95.40,96.00,95.30,96.00,+0.60,"3,985",2412
103/05/23,"6,350,496","611,239,416",96.00,96.50,96.00,96.50,+0.50,"3,406",2412
103/05/26,"6,350,950","614,426,734",96.60,96.90,96.60,96.80,+0.30,"3,046",2412
103/05/27,"4,002,535","385,262,510",96.80,96.80,96.00,96.20,-0.60,"1,894",2412
103/05/28,"5,937,843","572,670,231",96.20,96.70,95.90,96.70,+0.50,"3,125",2412
103/05/29,"5,730,348","552,524,483",96.50,96.70,96.00,96.50,-0.20,"3,126",2412
103/05/30,"11,833,689","1,137,672,344",96.60,96.70,96.00,96.00,-0.50,"2,977",2412
103/06/03,"6,206,010","596,823,312",96.00,96.50,95.90,96.50,+0.50,"3,326",2412
103/06/04,"7,536,345","720,991,324",96.00,96.00,95.50,95.50,-1.00,"4,550",2412
103/06/05,"8,119,236","771,302,285",95.40,95.40,94.80,95.00,-0.50,"3,475",2412
103/06/06,"4,179,339","397,122,791",94.80,95.40,94.80,95.40,+0.40,"2,019",2412
103/06/09,"4,718,261","451,963,857",95.40,96.00,95.30,96.00,+0.60,"1,764",2412
103/06/10,"7,388,916","710,582,606",95.90,96.60,95.60,96.60,+0.60,"2,788",2412
103/06/11,"5,018,178","483,704,897",96.50,96.60,96.20,96.50,-0.10,"1,824",2412
103/06/12,"5,528,748","532,114,745",96.50,96.50,96.00,96.10,-0.40,"2,164",2412
103/06/13,"4,600,731","442,113,776",96.10,96.30,96.00,96.20,+0.10,"2,215",2412
103/06/16,"4,801,646","462,431,505",96.10,96.50,96.10,96.40,+0.20,"1,850",2412
103/06/17,"4,801,006","462,261,929",96.40,96.40,96.10,96.20,-0.20,"1,850",2412
103/06/18,"9,327,368","898,798,267",96.20,96.80,96.10,96.50,+0.30,"3,710",2412
103/06/19,"6,527,819","630,318,713",96.50,96.90,96.30,96.90,+0.40,"3,063",2412
103/06/20,"6,441,012","621,159,217",96.90,96.90,96.20,96.40,-0.50,"2,737",2412
103/06/23,"5,264,882","505,856,628",96.40,96.50,95.80,96.40, 0.00,"2,702",2412
103/06/24,"4,836,657","465,685,466",96.40,96.50,96.00,96.40, 0.00,"2,295",2412
103/06/25,"6,041,872","581,786,912",96.40,96.50,96.10,96.10,-0.30,"3,077",2412
103/06/26,"7,737,035","742,765,200",96.10,96.30,95.90,96.00,-0.10,"3,116",2412
103/06/27,"7,163,089","688,333,144",96.00,96.50,96.00,96.50,+0.50,"2,778",2412
103/06/30,"6,124,088","588,637,817",96.50,96.50,96.00,96.20,-0.30,"2,269",2412
103/07/01,"7,006,668","672,992,034",96.20,96.40,96.00,96.10,-0.10,"3,639",2412
103/07/02,"8,308,968","797,106,828",96.10,96.20,95.60,96.00,-0.10,"3,827",2412
103/07/03,"5,999,455","574,549,322",95.80,96.00,95.60,95.80,-0.20,"2,466",2412
103/07/04,"8,161,759","779,701,209",95.80,95.90,95.20,95.60,-0.20,"2,993",2412
103/07/07,"6,439,408","615,425,454",95.60,95.70,95.40,95.60, 0.00,"2,314",2412
103/07/08,"9,154,229","878,698,384",95.70,96.10,95.60,96.10,+0.50,"3,009",2412
103/07/09,"7,162,706","688,306,576",96.20,96.30,96.00,96.10, 0.00,"2,026",2412
103/07/10,"9,063,291","870,948,736",96.10,96.20,96.00,96.00,-0.10,"3,625",2412
103/07/11,"8,141,896","781,478,867",96.00,96.20,95.80,95.80,-0.20,"3,703",2412
103/07/14,"11,401,050","1,093,772,970",96.00,96.10,95.80,95.80, 0.00,"3,795",2412
103/07/15,"15,925,246","1,526,303,198",96.00,96.00,95.70,95.90,+0.10,"4,792",2412
103/07/16,"23,757,275","2,272,001,211",95.90,95.90,95.50,95.60,-0.30,"7,765",2412
103/07/17,"19,255,493","1,768,099,536",91.50,92.10,91.40,92.00,X0.00,"9,835",2412
103/07/18,"11,029,479","1,015,335,468",92.00,92.20,91.90,92.00, 0.00,"4,904",2412
103/07/21,"6,702,501","615,544,680",92.00,92.10,91.60,91.60,-0.40,"4,000",2412
103/07/22,"6,543,147","599,599,724",91.60,91.90,91.50,91.90,+0.30,"3,129",2412
103/07/24,"8,151,558","747,978,609",91.90,92.00,91.50,92.00,+0.10,"3,332",2412
103/07/25,"5,215,596","477,931,132",92.00,92.00,91.50,91.60,-0.40,"2,870",2412
103/07/28,"8,929,570","816,738,160",91.60,91.80,91.30,91.30,-0.30,"4,513",2412
103/07/29,"7,124,810","653,476,382",91.50,91.90,91.50,91.60,+0.30,"4,133",2412
103/07/30,"6,124,051","562,498,592",91.90,92.00,91.60,91.60, 0.00,"2,817",2412
103/07/31,"7,392,012","677,898,504",92.00,92.10,91.50,91.50,-0.10,"3,098",2412
103/08/01,"4,462,971","409,521,032",91.30,92.00,91.30,92.00,+0.50,"2,366",2412
103/08/04,"5,059,865","463,435,780",92.00,92.00,91.50,91.50,-0.50,"2,550",2412
103/08/05,"9,638,052","879,488,229",92.00,92.00,91.10,91.10,-0.40,"4,664",2412
103/08/06,"6,143,135","560,214,737",91.10,91.40,91.10,91.10, 0.00,"2,535",2412
103/08/07,"5,787,452","528,710,684",91.30,91.80,91.10,91.80,+0.70,"2,500",2412
103/08/08,"4,705,932","430,558,516",91.80,91.80,91.30,91.50,-0.30,"1,889",2412
103/08/11,"3,936,610","361,636,320",91.90,91.90,91.70,91.80,+0.30,"1,981",2412
103/08/12,"5,075,771","464,385,708",91.90,91.90,91.30,91.80, 0.00,"2,431",2412
103/08/13,"5,956,604","547,338,144",91.90,92.20,91.60,92.20,+0.40,"2,834",2412
103/08/14,"6,124,196","563,569,632",92.20,92.20,91.90,92.00,-0.20,"2,063",2412
103/08/15,"3,429,834","315,274,828",92.20,92.20,91.80,92.00, 0.00,"1,625",2412
103/08/18,"2,679,074","246,192,008",91.90,92.00,91.80,91.90,-0.10,"1,615",2412
103/08/19,"6,375,551","590,367,143",92.10,93.00,92.10,93.00,+1.10,"3,637",2412
103/08/20,"6,480,651","603,717,431",93.20,93.30,92.90,93.30,+0.30,"2,946",2412
103/08/21,"4,406,284","409,873,733",93.30,93.50,92.80,93.20,-0.10,"1,971",2412
103/08/22,"9,522,907","891,108,853",93.20,93.70,93.20,93.60,+0.40,"3,659",2412
103/08/25,"4,323,089","403,889,596",93.60,93.60,93.30,93.50,-0.10,"1,977",2412
103/08/26,"4,167,341","388,963,059",93.50,93.50,93.00,93.50, 0.00,"2,024",2412
103/08/27,"7,395,098","691,422,812",93.50,93.60,93.40,93.50, 0.00,"3,435",2412
103/08/28,"4,938,993","461,937,971",93.50,93.70,93.30,93.70,+0.20,"1,855",2412
103/08/29,"8,097,251","755,716,268",93.70,93.70,92.90,92.90,-0.80,"2,479",2412
103/09/01,"8,814,262","813,311,599",92.80,92.90,91.80,92.20,-0.70,"4,070",2412
103/09/02,"10,681,994","979,347,577",92.10,92.20,91.50,91.90,-0.30,"4,876",2412
103/09/03,"7,205,268","665,924,224",91.90,92.90,91.80,92.90,+1.00,"2,616",2412
103/09/04,"6,708,670","617,958,227",93.10,93.10,91.90,92.50,-0.40,"3,109",2412
103/09/05,"5,240,637","481,993,489",92.50,92.50,91.80,92.00,-0.50,"2,465",2412
103/09/09,"4,627,653","426,035,161",92.10,92.30,91.70,92.30,+0.30,"1,711",2412
103/09/10,"5,623,549","516,671,282",91.90,92.00,91.70,91.90,-0.40,"3,184",2412
103/09/11,"5,257,406","483,640,596",92.00,92.30,91.80,91.80,-0.10,"2,086",2412
103/09/12,"5,554,888","510,150,106",91.80,92.10,91.70,92.10,+0.30,"2,562",2412
103/09/15,"4,463,665","409,286,080",92.00,92.00,91.60,91.60,-0.50,"2,578",2412
103/09/16,"5,515,295","504,618,440",91.60,91.60,91.40,91.40,-0.20,"2,814",2412
103/09/17,"6,510,279","595,616,568",91.40,91.90,91.20,91.70,+0.30,"3,453",2412
103/09/18,"2,231,382","204,937,048",91.70,92.00,91.60,92.00,+0.30,950,2412
103/09/19,"3,405,628","313,137,795",92.00,92.00,91.70,92.00, 0.00,"1,046",2412
103/09/22,"6,378,237","582,927,204",92.00,92.00,91.20,91.60,-0.40,"3,422",2412
103/09/23,"2,972,582","272,588,444",91.90,91.90,91.50,91.70,+0.10,"1,158",2412
103/09/24,"4,862,458","446,006,036",91.50,92.00,91.40,91.80,+0.10,"1,949",2412
103/09/25,"6,491,572","593,197,857",91.80,91.80,91.20,91.50,-0.30,"2,862",2412
103/09/26,"5,342,730","488,012,089",91.30,91.50,91.10,91.50, 0.00,"2,634",2412
103/09/29,"11,572,489","1,054,312,311",91.50,91.50,91.00,91.00,-0.50,"5,310",2412
103/09/30,"9,048,215","824,946,146",91.00,91.80,90.70,91.70,+0.70,"4,554",2412
103/10/01,"6,311,417","576,605,572",91.70,91.80,91.10,91.70, 0.00,"3,048",2412
103/10/02,"4,921,768","449,692,365",91.50,91.70,91.00,91.50,-0.20,"2,960",2412
103/10/03,"4,465,255","408,379,687",91.50,91.80,91.20,91.80,+0.30,"2,016",2412
103/10/06,"6,030,440","547,548,355",91.50,91.50,91.00,91.10,-0.70,"2,993",2412
103/10/07,"4,833,403","440,519,236",91.30,91.40,91.00,91.10, 0.00,"2,481",2412
103/10/08,"6,288,576","575,215,516",91.00,91.70,91.00,91.50,+0.40,"2,019",2412
103/10/09,"5,067,415","463,605,927",91.50,91.70,91.40,91.40,-0.10,"1,713",2412
103/10/13,"6,695,385","610,894,800",91.00,91.40,91.00,91.10,-0.30,"3,114",2412
103/10/14,"4,976,430","454,272,421",91.10,91.50,91.10,91.40,+0.30,"2,185",2412
103/10/15,"11,012,753","1,007,881,003",91.40,92.10,91.00,91.50,+0.10,"4,247",2412
103/10/16,"7,450,163","681,254,083",91.30,91.70,91.00,91.50, 0.00,"3,585",2412
103/10/17,"26,555,147","2,408,787,931",91.40,91.50,90.00,90.30,-1.20,"6,884",2412
103/10/20,"4,466,068","407,476,199",91.00,91.50,91.00,91.10,+0.80,"2,465",2412
103/10/21,"4,782,932","436,781,925",91.10,91.70,91.00,91.70,+0.60,"1,937",2412
103/10/22,"3,812,024","349,279,176",91.70,91.80,91.30,91.60,-0.10,"1,880",2412
103/10/23,"2,480,152","226,422,200",91.30,91.50,91.10,91.40,-0.20,"1,290",2412
103/10/24,"4,084,556","372,638,241",91.20,91.70,91.00,91.70,+0.30,"2,223",2412
103/10/27,"3,175,043","290,598,303",91.70,91.70,91.30,91.60,-0.10,"1,574",2412
103/10/28,"8,019,896","738,621,832",92.00,92.30,92.00,92.00,+0.40,"3,332",2412
103/10/29,"7,333,989","676,282,725",92.00,92.40,92.00,92.40,+0.40,"3,095",2412
103/10/30,"7,461,672","689,839,596",92.40,92.70,92.10,92.70,+0.30,"3,096",2412
103/10/31,"7,021,525","649,815,225",92.70,92.70,92.20,92.70, 0.00,"2,371",2412
103/11/03,"4,862,841","448,592,161",92.30,92.60,92.00,92.50,-0.20,"2,245",2412
103/11/04,"5,593,631","517,510,639",92.50,92.70,92.10,92.50, 0.00,"3,091",2412
103/11/05,"4,103,707","379,506,675",92.50,92.60,92.30,92.40,-0.10,"1,414",2412
103/11/06,"3,065,567","283,316,025",92.40,92.50,92.10,92.50,+0.10,"1,806",2412
103/11/07,"3,482,624","321,030,803",92.30,92.40,92.00,92.20,-0.30,"1,506",2412
103/11/10,"5,226,631","484,154,680",92.20,92.80,92.20,92.70,+0.50,"2,806",2412
103/11/11,"3,480,928","322,826,989",92.70,92.90,92.60,92.80,+0.10,"1,912",2412
103/11/12,"3,243,498","299,485,182",92.80,92.80,92.00,92.40,-0.40,"1,591",2412
103/11/13,"3,790,600","350,198,780",92.40,92.70,92.00,92.50,+0.10,"1,694",2412
103/11/14,"6,825,061","633,409,534",92.80,92.90,92.50,92.90,+0.40,"2,243",2412
103/11/17,"3,435,494","317,441,515",92.90,92.90,92.00,92.60,-0.30,"1,774",2412
103/11/18,"4,253,352","393,594,032",92.60,92.70,92.30,92.70,+0.10,"2,183",2412
103/11/19,"12,638,102","1,176,323,018",92.70,93.30,92.20,93.20,+0.50,"4,155",2412
103/11/20,"8,250,405","769,978,667",93.00,93.60,92.90,93.60,+0.40,"3,235",2412
103/11/21,"4,802,998","449,397,181",93.50,93.70,93.30,93.50,-0.10,"1,792",2412
103/11/24,"4,105,729","382,503,125",93.40,93.40,93.00,93.20,-0.30,"1,665",2412
103/11/25,"8,482,328","785,103,630",93.20,93.20,92.40,92.40,-0.80,"2,144",2412
103/11/26,"3,511,307","325,148,575",92.50,92.80,92.40,92.60,+0.20,"1,470",2412
103/11/27,"3,434,432","318,433,877",92.70,93.00,92.60,92.60, 0.00,"1,754",2412
103/11/28,"2,944,710","273,358,414",92.60,93.00,92.60,93.00,+0.40,"1,413",2412
103/12/01,"6,046,990","558,460,438",92.20,92.60,92.10,92.40,-0.60,"2,841",2412
103/12/02,"5,358,669","493,639,764",92.30,92.40,92.00,92.20,-0.20,"2,694",2412
103/12/03,"4,154,488","384,100,351",92.60,92.80,92.00,92.70,+0.50,"2,289",2412
103/12/04,"4,418,215","410,288,511",92.80,93.10,92.70,92.80,+0.10,"1,817",2412
103/12/05,"3,740,160","346,512,182",93.00,93.00,92.20,92.80, 0.00,"1,693",2412
103/12/08,"2,988,590","277,550,865",92.90,93.00,92.50,93.00,+0.20,"1,372",2412
103/12/09,"3,897,502","361,051,197",93.00,93.00,92.20,92.70,-0.30,"1,838",2412
103/12/10,"4,953,314","456,654,227",92.40,92.50,92.00,92.10,-0.60,"2,832",2412
103/12/11,"4,166,580","383,427,394",92.20,92.40,91.80,91.80,-0.30,"2,386",2412
103/12/12,"3,694,067","339,905,749",92.10,92.40,91.80,91.90,+0.10,"1,866",2412
103/12/15,"5,844,666","535,048,972",91.70,91.80,91.20,91.60,-0.30,"2,810",2412
103/12/16,"4,152,360","382,265,262",91.60,92.40,91.60,92.00,+0.40,"1,740",2412
103/12/17,"8,867,308","815,130,936",92.40,92.40,91.70,91.80,-0.20,"3,406",2412
103/12/18,"6,490,462","595,632,304",91.80,92.00,91.50,92.00,+0.20,"2,413",2412
103/12/19,"6,016,791","555,481,746",92.50,92.50,92.10,92.50,+0.50,"2,057",2412
103/12/22,"4,185,999","386,832,774",92.50,92.60,92.00,92.60,+0.10,"1,613",2412
103/12/23,"3,878,030","358,421,444",92.60,92.80,92.00,92.00,-0.60,"1,692",2412
103/12/24,"4,497,290","417,480,005",92.30,93.00,92.30,93.00,+1.00,"2,479",2412
103/12/25,"987,653","91,678,905",93.00,93.00,92.60,92.90,-0.10,783,2412
103/12/26,"1,560,942","144,876,274",93.00,93.00,92.40,93.00,+0.10,924,2412
103/12/27,"504,413","46,824,005",93.00,93.00,92.70,92.80,-0.20,361,2412
103/12/29,"5,218,214","486,054,702",93.00,93.30,92.60,93.20,+0.40,"2,731",2412
103/12/30,"5,656,594","528,071,702",93.20,93.50,93.20,93.20, 0.00,"2,243",2412
103/12/31,"5,606,841","525,330,608",93.30,94.00,93.20,94.00,+0.80,"2,582",2412
104/01/05,"4,939,075","459,617,744",93.30,93.30,92.60,93.00,-1.00,"2,238",2412
104/01/06,"6,719,188","620,881,884",92.70,92.90,92.10,92.50,-0.50,"3,657",2412
104/01/07,"6,017,070","557,150,644",92.50,92.90,92.30,92.50, 0.00,"2,694",2412
104/01/08,"6,128,385","570,166,229",93.20,93.30,92.70,92.80,+0.30,"2,053",2412
104/01/09,"4,150,462","386,160,596",93.50,93.50,92.80,93.00,+0.20,"1,446",2412
104/01/12,"4,492,842","419,540,904",93.00,93.70,92.80,93.70,+0.70,"2,617",2412
104/01/13,"9,892,841","930,924,254",93.70,94.30,93.40,94.10,+0.40,"4,128",2412
104/01/14,"5,492,288","515,997,786",94.10,94.20,93.60,93.90,-0.20,"2,746",2412
104/01/15,"4,078,870","381,972,321",93.90,94.00,93.50,93.50,-0.40,"1,942",2412
104/01/16,"5,526,926","515,633,796",93.90,94.00,92.80,93.80,+0.30,"2,690",2412
104/01/19,"4,729,292","444,390,765",93.90,94.30,93.80,93.90,+0.10,"2,093",2412
104/01/20,"8,447,329","796,345,726",94.00,94.40,93.90,94.40,+0.50,"2,764",2412
104/01/21,"8,925,817","846,621,142",94.60,95.00,94.40,95.00,+0.60,"3,929",2412
104/01/22,"8,296,754","788,717,030",95.00,95.30,94.80,95.30,+0.30,"4,009",2412
104/01/23,"6,676,216","636,662,920",95.30,95.80,95.00,95.50,+0.20,"3,890",2412
104/01/26,"4,867,100","462,868,645",95.30,95.30,94.90,95.30,-0.20,"2,958",2412
104/01/27,"4,437,350","422,616,250",95.30,95.50,95.00,95.50,+0.20,"2,316",2412
104/01/28,"6,191,965","590,113,175",95.10,95.50,95.00,95.50, 0.00,"3,492",2412
104/01/29,"5,144,417","489,125,615",95.00,95.40,95.00,95.00,-0.50,"2,848",2412
104/01/30,"6,588,135","626,987,025",95.40,95.50,94.80,95.50,+0.50,"3,310",2412
104/02/02,"3,128,408","297,924,060",95.50,95.50,95.00,95.40,-0.10,"2,033",2412
104/02/03,"5,503,993","524,238,794",95.40,95.50,95.00,95.50,+0.10,"3,255",2412
104/02/04,"8,231,851","787,273,245",94.90,95.80,94.90,95.80,+0.30,"4,106",2412
104/02/05,"7,261,178","695,889,981",95.90,96.00,95.50,96.00,+0.20,"2,567",2412
104/02/06,"4,436,671","425,301,489",96.00,96.00,95.60,96.00, 0.00,"2,412",2412
104/02/09,"4,863,418","464,931,421",96.00,96.00,95.10,95.60,-0.40,"2,369",2412
104/02/10,"5,321,712","510,047,494",95.40,96.00,95.40,96.00,+0.40,"2,814",2412
104/02/11,"6,999,588","671,607,167",96.00,96.00,95.70,96.00, 0.00,"3,906",2412
104/02/12,"11,208,069","1,079,420,624",96.00,96.50,95.90,96.50,+0.50,"3,959",2412
104/02/13,"11,848,867","1,147,201,836",96.30,97.00,96.30,96.90,+0.40,"4,696",2412
104/02/24,"24,499,904","2,405,475,883",97.00,98.80,97.00,98.60,+1.70,"11,589",2412
104/02/25,"19,397,894","1,913,295,377",98.60,98.90,98.30,98.90,+0.30,"8,265",2412
104/02/26,"11,698,674","1,149,892,896",98.80,98.80,98.10,98.20,-0.70,"6,187",2412
104/03/02,"10,133,435","992,810,430",98.30,98.40,97.60,98.00,-0.20,"4,749",2412
104/03/03,"8,140,667","797,283,032",98.30,98.40,97.50,98.00, 0.00,"3,628",2412
104/03/04,"6,123,870","599,370,060",98.00,98.00,97.50,98.00, 0.00,"2,795",2412
104/03/05,"5,979,541","586,093,518",98.00,98.20,97.70,98.00, 0.00,"3,387",2412
104/03/06,"7,361,990","721,049,620",98.00,98.10,97.70,98.00, 0.00,"2,751",2412
104/03/09,"5,705,412","556,477,133",98.00,98.10,97.20,97.20,-0.80,"2,558",2412
104/03/10,"6,747,490","657,128,420",98.00,98.00,97.10,97.30,+0.10,"2,530",2412
104/03/11,"6,646,400","647,250,516",97.20,97.70,97.10,97.30, 0.00,"3,125",2412
104/03/12,"8,444,506","825,317,896",97.70,98.00,97.40,97.50,+0.20,"3,227",2412
104/03/13,"9,176,355","902,083,124",97.80,98.50,97.70,98.50,+1.00,"4,058",2412
104/03/16,"5,700,509","559,526,979",98.50,98.50,98.00,98.00,-0.50,"3,062",2412
104/03/17,"5,967,705","586,877,289",98.10,98.50,98.10,98.40,+0.40,"3,109",2412
104/03/18,"9,399,100","926,000,489",98.30,98.70,98.20,98.60,+0.20,"4,429",2412
104/03/19,"12,358,961","1,223,419,397",98.80,99.20,98.80,99.00,+0.40,"5,527",2412
104/03/20,"8,726,382","863,866,395",99.00,99.10,98.70,99.10,+0.10,"3,157",2412
104/03/23,"4,442,561","438,659,301",99.00,99.00,98.50,98.80,-0.30,"2,226",2412
104/03/24,"8,285,841","821,622,066",99.00,99.70,98.60,99.70,+0.90,"3,975",2412
104/03/25,"5,145,264","510,939,830",99.70,99.70,99.00,99.50,-0.20,"2,999",2412
104/03/26,"6,415,076","638,027,020",99.00,99.80,98.90,99.80,+0.30,"2,864",2412
104/03/27,"5,833,171","580,035,754",99.80,99.80,99.10,99.50,-0.30,"2,491",2412
104/03/30,"6,520,633","648,079,814",99.50,99.70,99.00,99.50, 0.00,"3,118",2412
104/03/31,"5,721,536","568,717,344",99.50,99.50,99.10,99.50, 0.00,"2,664",2412
104/04/01,"4,260,421","421,940,279",99.70,99.70,98.70,98.70,-0.80,"2,406",2412
104/04/02,"5,368,447","533,405,392",99.00,99.50,99.00,99.30,+0.60,"3,193",2412
104/04/07,"4,196,163","415,738,237",99.30,99.50,98.80,98.80,-0.50,"2,733",2412
104/04/08,"4,431,359","437,833,625",99.30,99.40,98.50,98.80, 0.00,"2,558",2412
104/04/09,"3,772,671","373,963,529",99.20,99.40,98.80,99.10,+0.30,"2,160",2412
104/04/10,"5,238,799","519,998,337",99.40,99.50,99.00,99.50,+0.40,"2,943",2412
104/04/13,"3,965,601","394,127,800",99.40,99.60,99.20,99.60,+0.10,"2,232",2412
104/04/14,"9,625,512","955,985,888",99.60,99.60,98.80,99.00,-0.60,"2,613",2412
104/04/15,"16,888,407","1,650,938,886",98.50,99.10,96.80,97.50,-1.50,"6,948",2412
104/04/16,"6,691,509","655,068,368",97.60,98.30,97.30,98.10,+0.60,"3,309",2412
104/04/17,"4,938,128","483,345,844",97.40,98.10,97.40,97.60,-0.50,"2,745",2412
104/04/20,"3,315,744","324,262,312",97.50,98.00,97.40,97.80,+0.20,"1,846",2412
104/04/21,"13,787,194","1,349,628,642",97.50,98.10,97.50,98.00,+0.20,"2,395",2412
104/04/22,"10,841,202","1,064,279,696",98.00,98.50,97.90,98.00, 0.00,"2,892",2412
104/04/23,"8,170,656","807,566,194",98.20,99.20,98.20,98.80,+0.80,"3,819",2412
104/04/24,"8,988,861","892,876,514",99.00,99.70,98.60,99.40,+0.60,"5,185",2412
104/04/27,"4,886,028","485,120,272",99.40,99.40,98.90,99.30,-0.10,"2,816",2412
104/04/28,"4,840,580","479,823,662",99.30,99.40,98.70,99.30, 0.00,"2,507",2412
104/04/29,"8,238,567","817,979,933",99.20,99.60,98.70,99.40,+0.10,"3,421",2412
104/04/30,"11,185,991","1,110,529,088",99.40,99.50,99.00,99.00,-0.40,"3,930",2412
104/05/04,"3,627,669","359,006,047",99.00,99.20,98.70,99.00, 0.00,"1,938",2412
104/05/05,"6,494,423","643,228,277",99.00,99.30,98.80,99.30,+0.30,"3,658",2412
104/05/06,"5,236,114","519,565,965",99.20,99.40,98.80,99.40,+0.10,"3,068",2412
104/05/07,"3,660,874","361,995,209",99.30,99.30,98.70,98.70,-0.70,"1,744",2412
104/05/08,"5,381,955","531,794,621",98.90,99.10,98.50,98.90,+0.20,"1,971",2412
104/05/11,"4,003,810","396,889,266",99.20,99.30,98.90,99.10,+0.20,"2,322",2412
104/05/12,"6,904,730","685,549,570",99.30,99.40,99.10,99.10, 0.00,"3,453",2412
104/05/13,"1,981,125","195,898,413",99.10,99.20,98.70,98.70,-0.40,"1,370",2412
104/05/14,"5,911,248","582,007,599",99.00,99.00,98.20,98.40,-0.30,"3,080",2412
104/05/15,"4,795,395","471,205,423",98.80,98.80,98.00,98.40, 0.00,"2,582",2412
104/05/18,"4,513,119","443,892,374",98.40,98.50,98.00,98.40, 0.00,"2,377",2412
104/05/19,"4,775,523","471,002,179",98.40,99.00,98.10,99.00,+0.60,"2,851",2412
104/05/20,"5,717,320","562,986,303",99.00,99.00,98.20,98.50,-0.50,"3,417",2412
104/05/21,"7,841,052","765,764,713",98.00,98.10,97.50,97.60,-0.90,"4,465",2412
104/05/22,"3,631,176","355,723,447",98.10,98.20,97.70,98.20,+0.60,"2,547",2412
104/05/25,"2,805,206","274,656,688",98.30,98.30,97.60,98.00,-0.20,"1,952",2412
104/05/26,"3,965,603","387,855,694",98.60,98.60,97.60,97.80,-0.20,"2,425",2412
104/05/27,"4,948,299","483,235,840",97.60,97.80,97.50,97.80, 0.00,"2,802",2412
104/05/28,"8,083,310","787,622,618",97.60,97.80,97.10,97.30,-0.50,"4,452",2412
104/05/29,"12,600,787","1,224,113,606",97.70,97.70,97.00,97.00,-0.30,"4,309",2412
104/06/01,"4,706,507","457,004,794",97.00,97.50,97.00,97.10,+0.10,"2,772",2412
104/06/02,"5,761,477","559,017,442",97.30,97.30,96.90,96.90,-0.20,"3,693",2412
104/06/03,"6,318,875","610,183,375",96.90,97.20,96.20,96.60,-0.30,"3,968",2412
104/06/04,"8,940,940","858,189,788",96.50,96.60,95.50,95.80,-0.80,"4,756",2412
104/06/05,"8,868,929","851,082,320",95.70,96.60,95.50,96.00,+0.20,"4,276",2412
104/06/08,"8,329,878","806,242,720",95.90,97.70,95.60,97.70,+1.70,"5,191",2412
104/06/09,"6,047,827","587,044,419",97.00,97.50,96.90,97.00,-0.70,"2,643",2412
104/06/10,"5,120,438","496,771,484",97.50,97.50,96.70,97.00, 0.00,"3,099",2412
104/06/11,"4,983,973","484,560,346",97.50,97.50,96.80,97.50,+0.50,"3,479",2412
104/06/12,"4,007,041","388,868,286",97.50,97.50,96.80,97.00,-0.50,"1,699",2412
104/06/15,"2,778,847","268,762,659",97.00,97.10,96.50,96.60,-0.40,"1,683",2412
104/06/16,"4,519,872","434,818,712",96.80,96.80,96.00,96.00,-0.60,"2,587",2412
104/06/17,"7,880,244","756,652,671",96.10,96.50,95.70,95.70,-0.30,"3,973",2412
104/06/18,"5,897,334","566,646,576",96.10,96.40,95.90,95.90,+0.20,"2,291",2412
104/06/22,"5,536,061","536,335,117",96.20,97.20,96.20,96.70,+0.80,"2,370",2412
104/06/23,"3,649,602","353,584,194",97.00,97.10,96.50,97.00,+0.30,"1,807",2412
104/06/24,"4,920,228","477,558,175",97.00,97.20,96.80,97.20,+0.20,"2,441",2412
104/06/25,"6,859,583","667,461,822",96.70,97.50,96.60,97.50,+0.30,"3,230",2412
104/06/26,"4,069,564","396,078,377",97.60,97.70,96.90,97.50, 0.00,"2,254",2412
104/06/29,"6,982,091","679,345,147",97.40,97.50,97.10,97.50, 0.00,"3,431",2412
104/06/30,"10,132,022","991,043,534",97.50,98.40,97.10,98.40,+0.90,"4,090",2412
104/07/01,"6,062,097","594,908,900",98.10,98.40,97.50,98.00,-0.40,"2,544",2412
104/07/02,"5,901,642","578,707,041",98.30,98.30,97.80,98.10,+0.10,"2,682",2412
104/07/03,"4,441,634","435,015,959",98.10,98.30,97.50,98.30,+0.20,"1,961",2412
104/07/06,"5,141,977","505,420,699",98.30,98.50,98.10,98.30, 0.00,"1,922",2412
104/07/07,"6,601,550","650,537,443",98.40,98.70,98.30,98.70,+0.40,"3,149",2412
104/07/08,"8,897,525","872,771,165",98.50,98.70,97.70,98.00,-0.70,"3,341",2412
104/07/09,"7,964,589","777,311,099",97.50,98.00,97.20,97.70,-0.30,"3,209",2412
104/07/13,"7,969,498","781,674,772",98.00,98.30,97.90,98.20,+0.50,"4,420",2412
104/07/14,"8,683,352","853,769,205",98.20,98.60,98.20,98.20, 0.00,"4,057",2412
104/07/15,"15,029,024","1,476,432,023",98.40,98.50,98.00,98.20, 0.00,"5,737",2412
104/07/16,"15,179,558","1,433,724,158",94.20,94.90,94.10,94.90,X0.00,"7,193",2412
104/07/17,"6,846,755","650,932,907",95.00,95.20,95.00,95.10,+0.20,"3,628",2412
104/07/20,"6,210,273","589,792,568",95.40,95.40,94.70,95.00,-0.10,"3,351",2412
104/07/21,"7,474,091","710,594,909",95.00,95.30,94.80,95.10,+0.10,"3,723",2412
104/07/22,"7,521,923","715,962,219",95.30,95.40,95.00,95.30,+0.20,"3,786",2412
104/07/23,"6,422,932","611,046,676",95.30,95.40,94.90,95.40,+0.10,"3,609",2412
104/07/24,"6,336,117","604,500,856",95.20,95.50,95.10,95.50,+0.10,"3,211",2412
104/07/27,"11,675,164","1,117,626,878",95.40,96.00,95.20,96.00,+0.50,"5,097",2412
104/07/28,"10,509,448","1,007,191,070",96.00,96.10,95.50,95.50,-0.50,"5,229",2412
104/07/29,"7,691,669","737,350,551",95.50,96.00,95.50,96.00,+0.50,"3,353",2412
104/07/30,"7,580,396","730,141,602",96.00,96.50,96.00,96.50,+0.50,"3,521",2412
104/07/31,"14,453,419","1,407,518,192",96.80,98.00,96.70,98.00,+1.50,"6,334",2412
104/08/03,"9,067,615","882,744,032",97.90,97.90,97.00,97.80,-0.20,"5,307",2412
104/08/04,"21,146,573","2,083,267,345",98.00,98.90,97.80,98.90,+1.10,"9,706",2412
104/08/05,"22,901,563","2,273,870,462",99.10,99.50,99.00,99.30,+0.40,"11,255",2412
104/08/06,"16,516,066","1,635,113,135",99.50,99.70,98.30,98.60,-0.70,"7,725",2412
104/08/07,"7,335,880","718,649,240",98.30,98.50,97.60,98.00,-0.60,"3,863",2412
104/08/10,"6,894,743","678,573,848",98.50,99.00,98.00,98.20,+0.20,"4,717",2412
104/08/11,"12,013,990","1,183,594,296",99.50,99.60,97.50,98.70,+0.50,"6,523",2412
104/08/12,"12,146,092","1,200,448,036",99.00,99.00,98.60,99.00,+0.30,"6,200",2412
104/08/13,"8,574,331","843,774,204",99.00,99.00,98.20,98.40,-0.60,"4,528",2412
104/08/14,"8,205,276","801,955,712",98.40,98.50,97.40,97.50,-0.90,"4,640",2412
104/08/17,"9,665,318","941,372,976",98.40,98.40,97.00,97.40,-0.10,"5,678",2412
104/08/18,"14,355,160","1,413,460,480",98.40,98.80,97.80,98.40,+1.00,"6,485",2412
104/08/19,"13,394,759","1,316,515,282",98.80,98.80,97.80,98.40, 0.00,"7,588",2412
104/08/20,"11,123,635","1,088,507,203",98.40,98.50,97.40,97.90,-0.50,"4,983",2412
104/08/21,"15,865,739","1,546,186,666",97.90,98.00,96.90,97.50,-0.40,"8,034",2412
104/08/24,"38,761,474","3,664,628,165",96.90,96.90,93.10,95.10,-2.40,"14,716",2412
104/08/25,"19,331,356","1,834,017,219",93.80,95.50,93.80,95.30,+0.20,"9,029",2412
104/08/26,"22,041,215","2,090,060,340",95.00,95.30,94.40,95.10,-0.20,"7,139",2412
104/08/27,"19,033,173","1,811,836,568",95.30,96.10,94.90,96.10,+1.00,"8,814",2412
104/08/28,"14,975,904","1,437,249,517",96.10,96.40,95.60,96.10, 0.00,"7,802",2412
104/08/31,"17,544,187","1,708,871,310",96.10,98.80,96.00,98.80,+2.70,"6,493",2412
104/09/01,"11,714,543","1,141,149,321",98.30,98.30,96.90,97.40,-1.40,"4,638",2412
104/09/02,"10,421,837","1,012,606,203",96.90,97.70,96.50,97.00,-0.40,"4,920",2412
104/09/03,"11,023,832","1,076,310,001",98.00,98.00,97.00,97.30,+0.30,"4,357",2412
104/09/04,"7,582,254","737,631,631",97.30,97.90,96.80,97.50,+0.20,"3,548",2412
104/09/07,"5,972,135","581,072,829",97.50,97.80,96.50,97.50, 0.00,"2,458",2412
104/09/08,"9,904,548","955,021,856",97.50,97.50,96.00,96.50,-1.00,"5,770",2412
104/09/09,"15,302,576","1,487,257,622",97.60,97.80,96.80,97.50,+1.00,"5,995",2412
104/09/10,"11,773,083","1,145,035,272",97.50,97.60,97.00,97.50, 0.00,"5,989",2412
104/09/11,"12,318,285","1,202,347,173",97.80,98.00,97.30,98.00,+0.50,"6,629",2412
104/09/14,"10,679,307","1,041,901,786",98.10,98.10,96.90,98.00, 0.00,"5,800",2412
104/09/15,"12,082,960","1,184,458,735",98.40,98.40,97.70,98.40,+0.40,"6,517",2412
104/09/16,"10,812,841","1,062,881,258",98.50,98.50,98.00,98.40, 0.00,"5,489",2412
104/09/17,"12,176,774","1,196,301,381",98.40,98.50,98.00,98.50,+0.10,"6,830",2412
104/09/18,"13,893,695","1,367,590,358",98.50,98.60,98.00,98.50, 0.00,"5,084",2412
104/09/21,"7,137,129","695,236,954",98.30,98.30,97.00,97.50,-1.00,"4,506",2412
104/09/22,"7,878,476","769,141,661",98.20,98.30,97.00,98.30,+0.80,"4,682",2412
104/09/23,"8,226,466","801,235,380",97.80,97.90,97.10,97.70,-0.60,"3,552",2412
104/09/24,"7,365,013","720,180,544",97.90,98.10,97.50,98.10,+0.40,"3,369",2412
104/09/25,"9,586,364","937,904,572",98.10,98.10,97.40,98.00,-0.10,"3,926",2412
104/09/30,"23,789,453","2,348,770,386",98.50,99.00,98.00,98.80,+0.80,"7,822",2412
104/10/01,"8,036,829","792,938,628",98.80,98.80,98.40,98.70,-0.10,"3,674",2412
104/10/02,"7,649,393","756,281,922",99.00,99.00,98.70,99.00,+0.30,"3,890",2412
104/10/05,"11,158,209","1,095,486,054",99.00,99.00,97.70,98.60,-0.40,"3,897",2412
104/10/06,"7,423,855","731,448,057",98.60,98.80,98.30,98.60, 0.00,"3,518",2412
104/10/07,"7,710,621","758,649,356",98.60,98.70,98.20,98.50,-0.10,"3,103",2412
104/10/08,"10,264,307","1,008,966,448",98.50,98.60,97.90,98.50, 0.00,"3,411",2412
104/10/12,"10,890,417","1,075,647,356",98.10,99.00,98.10,99.00,+0.50,"5,589",2412
104/10/13,"10,120,245","1,001,125,745",98.90,99.00,98.70,98.90,-0.10,"4,840",2412
104/10/14,"7,298,258","722,178,113",98.90,99.20,98.70,98.90, 0.00,"3,878",2412
104/10/15,"11,846,726","1,176,811,774",99.20,99.50,99.10,99.30,+0.40,"6,896",2412
104/10/16,"17,272,211","1,713,876,611",99.30,99.80,98.70,98.70,-0.60,"5,693",2412
104/10/19,"11,878,643","1,182,117,296",99.30,99.90,98.90,99.80,+1.10,"5,809",2412
104/10/20,"13,087,019","1,306,712,464",99.90,100.00,99.70,100.00,+0.20,"5,391",2412
104/10/21,"11,756,072","1,171,682,934",100.00,100.50,99.10,99.80,-0.20,"6,173",2412
104/10/22,"8,087,875","807,700,642",100.00,100.00,99.30,99.90,+0.10,"3,973",2412
104/10/23,"11,462,260","1,146,284,238",100.00,100.50,99.80,100.00,+0.10,"5,167",2412
104/10/26,"13,045,455","1,310,321,000",100.50,101.00,100.00,100.50,+0.50,"6,194",2412
104/10/27,"11,202,464","1,122,361,400",100.00,101.00,99.80,100.50, 0.00,"4,157",2412
104/10/28,"6,767,960","680,179,000",100.50,101.00,100.00,100.50, 0.00,"3,200",2412
104/10/29,"6,872,906","689,318,600",100.50,101.00,100.00,100.50, 0.00,"3,384",2412
104/10/30,"9,365,708","936,750,936",100.50,100.50,99.70,99.70,-0.80,"3,509",2412
104/11/02,"5,592,257","559,369,000",99.60,100.50,99.50,100.50,+0.80,"2,967",2412
104/11/03,"5,788,883","579,787,800",100.50,100.50,100.00,100.00,-0.50,"3,109",2412
104/11/04,"11,412,751","1,143,155,887",100.00,101.00,99.70,100.00, 0.00,"4,390",2412
104/11/05,"4,685,198","467,820,631",99.80,100.00,99.50,100.00, 0.00,"2,637",2412
104/11/06,"9,629,914","954,580,128",100.00,100.00,98.80,99.00,-1.00,"4,945",2412
104/11/09,"4,978,169","493,828,026",98.60,99.70,98.60,99.20,+0.20,"3,353",2412
104/11/10,"6,039,564","594,956,636",98.60,98.90,98.10,98.50,-0.70,"3,401",2412
104/11/11,"6,997,301","687,966,141",98.50,98.70,97.80,98.50, 0.00,"4,193",2412
104/11/12,"7,255,767","716,022,833",98.00,99.10,98.00,99.00,+0.50,"3,887",2412
104/11/13,"7,624,475","750,958,708",99.00,99.00,98.10,98.10,-0.90,"3,740",2412
104/11/16,"8,398,695","819,703,510",98.10,98.10,97.30,97.30,-0.80,"4,782",2412
104/11/17,"10,559,091","1,049,442,819",98.50,100.00,98.20,99.50,+2.20,"6,196",2412
104/11/18,"8,621,260","857,354,559",99.50,100.00,98.70,98.80,-0.70,"4,653",2412
104/11/19,"7,870,693","784,249,638",99.30,100.00,98.90,100.00,+1.20,"3,986",2412
104/11/20,"5,288,905","526,255,240",99.20,99.80,99.10,99.30,-0.70,"3,572",2412
104/11/23,"4,294,097","427,266,616",99.30,99.70,99.30,99.40,+0.10,"2,256",2412
104/11/24,"5,463,506","542,126,994",99.20,99.50,99.00,99.00,-0.40,"3,307",2412
104/11/25,"4,903,900","485,844,600",99.00,99.50,98.70,99.00, 0.00,"3,229",2412
104/11/26,"6,587,586","657,299,440",99.50,100.00,99.10,99.30,+0.30,"3,972",2412
104/11/27,"3,729,731","370,496,569",99.40,99.80,99.00,99.00,-0.30,"2,274",2412
104/11/30,"22,360,505","2,217,059,226",98.50,99.80,98.20,99.80,+0.80,"4,674",2412
104/12/01,"9,531,592","948,611,188",99.70,100.00,98.60,99.90,+0.10,"4,764",2412
104/12/02,"4,566,704","454,601,530",99.50,99.90,99.10,99.10,-0.80,"2,997",2412
104/12/03,"6,534,927","647,103,149",98.60,99.40,98.60,98.70,-0.40,"3,177",2412
104/12/04,"6,874,476","679,793,724",98.80,99.10,98.50,99.00,+0.30,"3,794",2412
104/12/07,"7,041,366","698,484,934",99.00,99.90,98.90,99.00, 0.00,"3,335",2412
104/12/08,"10,315,161","1,016,736,184",99.00,99.00,98.30,98.60,-0.40,"3,566",2412
104/12/09,"7,403,495","728,186,783",98.50,98.70,98.10,98.40,-0.20,"3,806",2412
104/12/10,"10,051,100","986,049,734",98.10,98.50,97.80,98.50,+0.10,"4,680",2412
104/12/11,"8,660,385","851,033,805",98.00,98.70,98.00,98.00,-0.50,"3,994",2412
104/12/14,"7,782,415","761,205,823",97.80,98.00,97.60,97.80,-0.20,"3,528",2412
104/12/15,"6,224,175","610,130,131",98.50,98.50,97.90,98.00,+0.20,"2,467",2412
104/12/16,"4,257,773","417,846,625",99.00,99.00,98.00,98.00, 0.00,"2,292",2412
104/12/17,"4,050,532","398,148,385",98.30,98.80,98.00,98.40,+0.40,"1,979",2412
104/12/18,"7,400,608","729,049,430",98.60,98.80,98.40,98.50,+0.10,"2,329",2412
104/12/21,"5,990,288","589,516,256",98.40,98.90,98.20,98.20,-0.30,"2,468",2412
104/12/22,"9,426,230","933,376,483",98.80,99.40,98.50,99.40,+1.20,"4,689",2412
104/12/23,"6,443,531","640,427,556",99.40,99.50,99.10,99.40, 0.00,"2,945",2412
104/12/24,"4,177,053","415,387,334",99.50,99.50,99.10,99.40, 0.00,"1,692",2412
104/12/25,"2,036,742","202,558,703",99.40,99.50,99.30,99.50,+0.10,913,2412
104/12/28,"4,312,929","428,848,340",99.50,99.50,99.20,99.50, 0.00,"1,716",2412
104/12/29,"3,269,896","324,703,204",99.40,99.50,99.00,99.00,-0.50,"1,620",2412
104/12/30,"4,372,807","433,730,593",99.20,99.40,99.00,99.10,+0.10,"1,812",2412
104/12/31,"4,203,228","417,375,269",99.10,99.50,99.00,99.10, 0.00,"1,588",2412
105/01/04,"12,372,449","1,215,840,671",99.10,99.10,97.90,98.20,-0.90,"5,316",2412
105/01/05,"9,648,263","947,014,369",98.30,98.80,98.00,98.80,+0.60,"4,424",2412
105/01/06,"13,316,136","1,310,174,164",98.70,99.00,98.00,98.70,-0.10,"5,767",2412
105/01/07,"14,266,766","1,409,638,834",98.80,99.40,98.10,99.20,+0.50,"5,932",2412
105/01/08,"19,278,065","1,911,963,817",98.60,99.80,98.40,99.40,+0.20,"5,344",2412
105/01/11,"24,940,434","2,495,499,348",99.40,101.00,99.40,100.00,+0.60,"8,762",2412
105/01/12,"15,225,204","1,534,696,400",100.50,101.00,100.00,101.00,+1.00,"6,448",2412
105/01/13,"14,888,219","1,507,965,619",101.00,101.50,101.00,101.50,+0.50,"6,938",2412
105/01/14,"22,572,666","2,301,220,932",101.00,103.00,101.00,102.50,+1.00,"9,402",2412
105/01/15,"16,237,268","1,653,018,859",103.00,103.00,100.50,101.00,-1.50,"5,226",2412
105/01/18,"10,022,079","1,005,518,800",100.00,101.00,99.50,100.00,-1.00,"5,359",2412
105/01/19,"6,911,781","697,800,881",100.50,101.50,100.50,101.50,+1.50,"3,342",2412
105/01/20,"9,106,978","917,848,278",101.00,102.00,100.00,101.50, 0.00,"4,195",2412
105/01/21,"8,276,899","830,669,400",101.00,101.00,100.00,100.50,-1.00,"3,218",2412
105/01/22,"6,331,124","636,128,444",101.50,101.50,100.00,100.50, 0.00,"2,823",2412
105/01/25,"9,600,208","972,022,543",101.50,102.00,100.50,102.00,+1.50,"4,371",2412
105/01/26,"8,901,072","903,069,274",100.50,102.00,100.50,102.00, 0.00,"3,576",2412
105/01/27,"6,307,192","640,844,465",102.00,102.00,101.00,102.00, 0.00,"2,618",2412
105/01/28,"12,581,169","1,284,029,238",102.00,102.50,101.50,102.50,+0.50,"4,848",2412
105/01/29,"14,939,239","1,529,205,878",102.00,103.00,101.00,103.00,+0.50,"4,091",2412
105/01/30,"3,869,655","395,714,310",103.00,103.00,102.00,102.50,-0.50,"1,746",2412
105/02/01,"9,635,116","988,293,355",103.00,103.00,102.00,103.00,+0.50,"4,144",2412
105/02/02,"9,653,166","992,872,492",103.00,103.50,102.50,103.00, 0.00,"3,858",2412
105/02/03,"8,070,454","826,236,010",102.00,103.00,101.50,103.00, 0.00,"3,334",2412
105/02/15,"17,068,016","1,781,599,577",104.00,105.00,103.50,104.50,+1.50,"7,124",2412
105/02/16,"12,065,526","1,261,838,918",104.50,105.00,104.00,105.00,+0.50,"5,426",2412
105/02/17,"8,868,323","933,323,415",105.50,106.00,104.50,105.50,+0.50,"4,389",2412
105/02/18,"8,331,664","871,155,352",105.50,105.50,104.00,104.50,-1.00,"3,766",2412
105/02/19,"7,288,368","762,524,424",105.00,105.00,104.00,105.00,+0.50,"3,825",2412
105/02/22,"11,075,694","1,150,514,676",105.00,105.00,103.00,104.00,-1.00,"4,315",2412
105/02/23,"11,437,113","1,179,297,252",104.00,104.00,102.50,104.00, 0.00,"4,508",2412
105/02/24,"11,539,421","1,182,972,163",103.50,104.00,102.00,103.00,-1.00,"4,195",2412
105/02/25,"10,340,347","1,070,091,588",103.00,104.50,102.50,104.50,+1.50,"4,074",2412
105/02/26,"15,077,237","1,569,261,725",104.50,105.00,103.50,104.50, 0.00,"3,675",2412
105/03/01,"9,644,381","1,011,199,955",104.50,105.50,104.00,105.50,+1.00,"4,906",2412
105/03/02,"5,801,015","612,362,075",105.50,106.00,105.00,105.50, 0.00,"2,923",2412
105/03/03,"7,842,624","829,265,798",105.00,106.00,105.00,106.00,+0.50,"4,818",2412
105/03/04,"6,838,929","723,115,475",105.50,106.00,105.00,106.00, 0.00,"2,505",2412
105/03/07,"5,980,895","630,629,368",106.00,106.00,105.00,106.00, 0.00,"3,633",2412
105/03/08,"9,089,091","952,620,555",105.50,105.50,104.00,105.00,-1.00,"4,439",2412
105/03/09,"4,377,875","459,702,375",104.50,105.50,104.50,105.50,+0.50,"2,088",2412
105/03/10,"6,885,418","728,076,574",105.50,106.00,105.00,106.00,+0.50,"2,915",2412
105/03/11,"7,597,435","805,005,367",106.00,106.50,105.00,106.00, 0.00,"2,694",2412
105/03/14,"13,358,601","1,418,127,706",106.50,106.50,105.50,106.00, 0.00,"4,603",2412
105/03/15,"11,106,856","1,179,512,978",105.50,107.00,105.50,107.00,+1.00,"4,117",2412
105/03/16,"11,082,047","1,185,322,942",107.00,107.50,106.50,107.50,+0.50,"4,044",2412
105/03/17,"14,074,228","1,515,519,624",107.00,108.00,107.00,108.00,+0.50,"5,262",2412
105/03/18,"15,856,940","1,722,578,020",108.00,109.00,108.00,108.50,+0.50,"6,166",2412
105/03/21,"11,924,480","1,291,913,340",108.50,109.00,108.00,108.00,-0.50,"3,467",2412
105/03/22,"14,479,512","1,568,464,523",108.00,109.00,107.50,109.00,+1.00,"3,656",2412
105/03/23,"10,609,706","1,151,442,571",108.00,109.00,108.00,109.00, 0.00,"2,934",2412
105/03/24,"10,115,277","1,107,044,303",109.00,110.00,108.50,110.00,+1.00,"4,063",2412
105/03/25,"8,884,544","981,112,340",110.00,111.00,109.50,110.50,+0.50,"4,058",2412
105/03/28,"5,021,752","551,012,295",110.50,110.50,109.50,109.50,-1.00,"2,945",2412
105/03/29,"8,981,495","977,118,455",109.50,109.50,107.50,109.00,-0.50,"3,082",2412
105/03/30,"8,749,513","963,649,550",109.50,110.50,109.00,110.50,+1.50,"3,987",2412
105/03/31,"10,597,589","1,164,420,879",110.00,110.50,109.50,109.50,-1.00,"3,464",2412
105/04/01,"7,391,461","803,933,189",109.00,109.50,108.00,109.50, 0.00,"3,146",2412
105/04/06,"11,756,145","1,268,141,190",108.50,109.00,107.00,107.00,-2.50,"5,743",2412
105/04/07,"8,000,649","861,837,592",107.50,108.50,107.00,108.00,+1.00,"3,807",2412
105/04/08,"7,780,696","843,508,981",107.50,109.00,107.00,108.50,+0.50,"2,858",2412
105/04/11,"6,173,783","670,920,347",108.50,109.50,107.50,109.50,+1.00,"2,709",2412
105/04/12,"4,632,360","506,346,740",109.50,110.00,109.00,109.50, 0.00,"2,530",2412
105/04/13,"5,546,695","609,158,581",109.50,110.00,109.00,110.00,+0.50,"2,938",2412
105/04/14,"5,723,928","627,919,089",110.00,110.00,109.50,109.50,-0.50,"2,855",2412
105/04/15,"6,148,114","677,537,040",109.50,110.50,109.50,110.50,+1.00,"2,735",2412
105/04/18,"5,296,832","586,288,020",110.50,111.00,109.50,111.00,+0.50,"2,817",2412
105/04/19,"7,663,313","845,447,453",111.00,111.00,109.50,109.50,-1.50,"3,034",2412
105/04/20,"12,268,128","1,341,017,452",110.00,110.50,108.50,109.00,-0.50,"5,188",2412
105/04/21,"7,956,353","872,971,531",109.50,110.00,109.50,110.00,+1.00,"4,532",2412
105/04/22,"8,370,577","920,998,470",110.00,110.50,109.50,110.50,+0.50,"4,103",2412
105/04/25,"7,493,941","831,290,451",110.50,111.50,110.00,111.50,+1.00,"3,275",2412
105/04/26,"9,757,591","1,079,147,510",111.50,111.50,110.00,110.00,-1.50,"2,680",2412
105/04/27,"7,328,990","806,372,400",110.00,110.50,109.50,110.00, 0.00,"2,547",2412
105/04/28,"9,387,864","1,027,200,085",110.00,110.00,109.00,109.00,-1.00,"3,463",2412
105/04/29,"13,169,960","1,436,152,140",109.00,109.50,108.50,109.00, 0.00,"5,322",2412
105/05/03,"8,035,650","882,652,024",110.00,110.50,109.00,110.50,+1.50,"3,451",2412
105/05/04,"9,330,284","1,028,858,240",110.50,110.50,109.50,110.50, 0.00,"4,091",2412
105/05/05,"6,146,708","674,263,491",110.00,110.50,109.50,109.50,-1.00,"3,323",2412
105/05/06,"14,765,151","1,617,046,610",110.00,110.00,108.50,110.00,+0.50,"4,735",2412
105/05/09,"5,891,517","647,263,870",109.50,110.50,109.00,110.50,+0.50,"3,264",2412
105/05/10,"9,082,413","1,005,415,597",110.50,111.00,110.00,111.00,+0.50,"4,501",2412
105/05/11,"8,205,589","907,732,734",111.00,111.00,110.00,110.50,-0.50,"4,053",2412
105/05/12,"9,871,360","1,094,035,960",110.50,111.50,110.00,111.50,+1.00,"2,978",2412
105/05/13,"11,301,259","1,259,078,749",111.00,112.00,110.50,112.00,+0.50,"4,090",2412
105/05/16,"10,188,830","1,132,372,171",111.50,112.00,110.50,110.50,-1.50,"3,775",2412
105/05/17,"4,795,437","529,229,724",110.50,111.00,110.00,110.50, 0.00,"2,350",2412
105/05/18,"7,135,657","789,117,581",110.50,111.00,110.00,111.00,+0.50,"3,351",2412
105/05/19,"8,203,916","902,702,760",110.50,111.00,109.50,109.50,-1.50,"3,688",2412
105/05/20,"5,307,253","583,522,830",109.50,110.50,109.50,110.00,+0.50,"2,403",2412
105/05/23,"6,732,312","739,271,320",110.00,110.50,109.00,110.00, 0.00,"2,765",2412
105/05/24,"7,387,939","813,023,290",109.50,110.50,109.50,110.50,+0.50,"3,161",2412
105/05/25,"5,433,360","599,052,100",110.00,110.50,110.00,110.50, 0.00,"2,512",2412
105/05/26,"5,386,813","592,167,930",110.00,110.50,109.50,110.00,-0.50,"2,963",2412
105/05/27,"5,629,233","620,840,724",110.00,110.50,109.50,110.50,+0.50,"2,652",2412
105/05/30,"6,881,042","757,678,620",110.50,110.50,109.50,110.00,-0.50,"4,009",2412
105/05/31,"25,609,595","2,804,584,950",109.50,110.00,109.00,110.00, 0.00,"5,912",2412
105/06/01,"7,974,785","879,070,214",110.00,111.00,109.50,110.50,+0.50,"2,949",2412
105/06/02,"6,751,560","747,613,859",110.50,111.00,110.00,111.00,+0.50,"2,912",2412
105/06/03,"7,064,024","787,220,650",111.00,112.00,110.50,112.00,+1.00,"2,692",2412
105/06/04,"1,805,374","201,956,182",111.50,112.00,111.00,112.00, 0.00,912,2412
105/06/06,"6,400,953","715,760,736",112.00,112.00,111.50,112.00, 0.00,"3,918",2412
105/06/07,"7,201,601","808,765,089",112.00,113.00,111.50,112.50,+0.50,"3,398",2412
105/06/08,"9,479,999","1,070,349,887",112.50,113.50,112.00,113.00,+0.50,"4,598",2412
105/06/13,"6,746,490","757,769,593",113.00,113.00,111.50,112.00,-1.00,"3,114",2412
105/06/14,"6,129,478","687,368,749",112.00,113.00,111.50,112.00, 0.00,"3,081",2412
105/06/15,"7,150,482","803,544,177",112.00,113.00,111.50,112.50,+0.50,"3,420",2412
105/06/16,"5,234,528","587,438,376",112.50,112.50,112.00,112.00,-0.50,"2,664",2412
105/06/17,"7,406,194","832,917,292",112.00,113.00,111.50,112.50,+0.50,"3,316",2412
105/06/20,"6,282,133","708,115,029",112.50,113.00,112.00,113.00,+0.50,"2,988",2412
105/06/21,"5,161,804","583,182,352",113.00,113.50,112.50,113.00, 0.00,"2,651",2412
105/06/22,"5,042,591","569,832,783",113.00,113.50,112.50,113.50,+0.50,"2,763",2412
105/06/23,"3,831,549","433,798,537",113.50,113.50,113.00,113.00,-0.50,"1,773",2412
105/06/24,"14,165,270","1,586,216,510",113.00,113.00,110.50,112.50,-0.50,"4,180",2412
105/06/27,"7,030,734","790,441,054",112.50,113.00,112.00,112.00,-0.50,"2,831",2412
105/06/28,"10,160,010","1,143,965,630",112.50,113.00,112.00,112.50,+0.50,"3,807",2412
105/06/29,"8,230,800","932,518,700",113.00,114.00,112.50,114.00,+1.50,"3,925",2412
105/06/30,"14,523,003","1,672,941,348",114.00,116.50,113.50,116.50,+2.50,"4,807",2412
105/07/01,"15,736,452","1,852,441,559",116.50,119.00,116.00,118.00,+1.50,"7,358",2412
105/07/04,"5,071,440","600,053,588",118.00,119.00,117.50,119.00,+1.00,"2,646",2412
105/07/05,"8,526,499","1,006,344,882",118.50,118.50,117.50,118.00,-1.00,"4,068",2412
105/07/06,"10,425,424","1,222,085,432",117.50,118.00,116.50,117.50,-0.50,"5,144",2412
105/07/07,"6,766,670","799,081,560",117.50,118.50,117.00,118.00,+0.50,"3,148",2412
105/07/11,"23,232,831","2,817,179,491",119.00,123.00,118.50,122.50,+4.50,"8,182",2412
105/07/12,"22,629,246","2,806,937,258",122.50,125.50,122.50,123.50,+1.00,"9,950",2412
105/07/13,"18,563,831","2,268,654,099",123.50,124.00,121.50,121.50,-2.00,"8,186",2412
105/07/14,"15,730,069","1,895,698,780",121.00,121.50,119.50,120.00,-1.50,"8,003",2412
105/07/15,"10,934,363","1,338,336,905",120.00,123.00,120.00,123.00,+3.00,"6,634",2412
105/07/18,"16,296,640","2,013,355,481",123.00,124.00,122.50,124.00,+1.00,"6,546",2412
105/07/19,"13,289,721","1,640,647,478",124.00,124.00,123.00,123.50,-0.50,"7,501",2412
105/07/20,"21,813,405","2,677,123,315",123.00,124.00,122.00,123.00,-0.50,"10,555",2412
105/07/21,"20,991,895","2,499,548,400",119.00,119.50,118.50,118.50,X0.00,"10,977",2412
105/07/22,"16,547,165","1,936,009,305",119.00,119.00,116.00,116.00,-2.50,"8,360",2412
105/07/25,"15,955,498","1,841,369,768",116.50,117.00,114.50,116.00, 0.00,"7,104",2412
105/07/26,"12,705,856","1,469,186,796",116.00,116.00,115.00,116.00, 0.00,"4,666",2412
105/07/27,"9,868,661","1,144,612,981",116.00,116.50,115.50,116.50,+0.50,"5,027",2412
105/07/28,"12,436,025","1,440,498,702",116.50,116.50,115.00,116.50, 0.00,"5,036",2412
105/07/29,"14,183,948","1,623,427,497",115.00,115.50,113.50,113.50,-3.00,"6,548",2412
105/08/01,"7,082,440","816,454,785",114.00,116.00,114.00,115.00,+1.50,"3,957",2412
105/08/02,"6,505,820","747,897,300",115.50,116.00,114.50,115.00, 0.00,"3,451",2412
105/08/03,"5,366,089","617,446,249",114.00,116.00,114.00,115.50,+0.50,"2,998",2412
105/08/04,"2,838,096","327,116,071",115.50,115.50,115.00,115.50, 0.00,"1,712",2412
105/08/05,"5,430,687","625,934,322",115.50,116.00,115.00,115.00,-0.50,"3,272",2412
105/08/08,"7,395,956","856,765,340",116.00,116.50,115.50,116.50,+1.50,"3,160",2412
105/08/09,"8,525,584","991,661,828",116.00,117.00,115.50,116.50, 0.00,"4,044",2412
105/08/10,"5,837,861","680,316,237",116.50,117.00,116.00,116.50, 0.00,"2,645",2412
105/08/11,"9,667,520","1,121,663,045",115.50,116.50,115.50,116.50, 0.00,"3,554",2412
105/08/12,"14,812,750","1,712,723,500",115.50,116.50,114.50,115.00,-1.50,"5,168",2412
105/08/15,"6,024,663","695,372,538",115.50,116.00,115.00,115.50,+0.50,"3,525",2412
105/08/16,"11,016,869","1,271,910,348",115.50,116.00,115.00,115.00,-0.50,"3,880",2412
105/08/17,"19,997,271","2,282,221,499",115.00,115.50,113.50,113.50,-1.50,"9,752",2412
105/08/18,"10,123,164","1,153,981,696",114.00,114.50,113.50,113.50, 0.00,"5,331",2412
105/08/19,"15,132,919","1,718,964,966",113.50,114.50,113.00,113.50, 0.00,"6,109",2412
105/08/22,"7,163,237","817,817,603",113.50,115.00,113.00,114.50,+1.00,"3,972",2412
105/08/23,"7,104,850","820,207,250",115.00,116.00,114.50,115.00,+0.50,"4,348",2412
105/08/24,"5,138,054","592,598,702",115.00,116.00,114.50,115.50,+0.50,"3,253",2412
105/08/25,"8,432,036","977,477,676",115.50,116.50,115.50,116.00,+0.50,"5,160",2412
105/08/26,"4,268,993","497,072,681",116.00,117.00,116.00,116.50,+0.50,"2,888",2412
105/08/29,"5,953,416","688,476,941",116.50,116.50,115.00,115.50,-1.00,"3,450",2412
105/08/30,"5,742,339","662,528,324",115.00,116.00,115.00,115.00,-0.50,"3,157",2412
105/08/31,"11,425,954","1,307,627,810",115.00,115.50,114.00,114.00,-1.00,"5,179",2412
105/09/01,"16,983,520","1,925,558,780",114.00,114.50,113.00,113.00,-1.00,"6,642",2412
105/09/02,"14,487,921","1,640,087,628",113.00,114.00,112.50,113.50,+0.50,"5,191",2412
105/09/05,"5,852,072","669,031,780",113.50,115.00,113.50,114.00,+0.50,"2,948",2412
105/09/06,"9,088,468","1,040,943,820",114.00,115.00,114.00,114.50,+0.50,"3,721",2412
105/09/07,"6,737,205","774,511,575",114.50,115.50,114.50,114.50, 0.00,"3,249",2412
105/09/08,"8,217,126","939,777,402",114.50,115.00,114.00,114.00,-0.50,"4,000",2412
105/09/09,"10,278,862","1,168,888,268",113.50,114.00,113.50,113.50,-0.50,"5,483",2412
105/09/10,"4,667,322","528,643,208",113.00,114.00,112.50,113.50, 0.00,"2,055",2412
105/09/12,"13,331,413","1,503,309,348",113.00,113.00,112.50,112.50,-1.00,"7,638",2412
105/09/13,"15,583,241","1,750,418,333",112.50,113.00,111.50,112.50, 0.00,"8,059",2412
105/09/14,"14,745,685","1,646,571,905",112.00,112.00,111.00,112.00,-0.50,"7,314",2412
105/09/19,"18,526,580","2,064,767,896",111.00,112.00,111.00,111.50,-0.50,"7,538",2412
105/09/20,"17,106,949","1,910,271,788",111.50,112.00,111.00,111.50, 0.00,"7,822",2412
105/09/21,"7,636,690","852,969,102",111.50,112.00,111.50,112.00,+0.50,"3,613",2412
105/09/22,"15,061,025","1,683,187,790",112.50,112.50,111.50,112.00, 0.00,"9,098",2412
105/09/23,"12,784,939","1,427,492,668",112.00,112.00,111.00,112.00, 0.00,"5,668",2412
105/09/26,"9,189,655","1,027,401,860",111.50,112.00,111.50,112.00, 0.00,"3,571",2412
105/09/29,"17,053,801","1,905,309,712",111.50,112.00,111.50,112.00, 0.00,"8,142",2412
105/09/30,"20,645,713","2,294,243,350",111.50,112.00,110.00,110.50,-1.50,"8,568",2412
105/10/03,"7,871,091","873,341,119",110.50,111.50,110.00,111.00,+0.50,"2,635",2412
105/10/04,"15,632,965","1,740,943,750",111.00,112.00,110.50,112.00,+1.00,"5,242",2412
105/10/05,"11,669,229","1,306,494,738",111.50,112.50,111.50,112.00, 0.00,"5,293",2412
105/10/06,"12,474,787","1,396,410,519",111.50,112.50,111.50,112.50,+0.50,"6,335",2412
105/10/07,"10,443,037","1,171,413,631",112.00,112.50,112.00,112.00,-0.50,"5,561",2412
105/10/11,"15,535,505","1,738,157,777",111.50,112.50,111.50,112.00, 0.00,"7,767",2412
105/10/12,"12,052,122","1,348,848,201",111.50,112.50,111.50,112.00, 0.00,"5,849",2412
105/10/13,"13,819,965","1,548,409,138",111.50,112.50,111.50,112.00, 0.00,"6,400",2412
105/10/14,"15,307,005","1,708,125,060",111.50,112.00,111.50,111.50,-0.50,"6,591",2412
105/10/17,"6,934,881","777,387,565",111.50,112.50,111.50,112.50,+1.00,"3,393",2412
105/10/18,"8,808,366","990,392,256",112.00,112.50,112.00,112.50, 0.00,"2,712",2412
105/10/19,"11,038,021","1,234,864,852",112.00,112.50,111.50,111.50,-1.00,"4,466",2412
105/10/20,"10,230,686","1,142,335,332",111.50,112.00,111.50,111.50, 0.00,"4,534",2412
105/10/21,"10,416,929","1,163,594,048",111.50,112.00,111.50,112.00,+0.50,"3,092",2412
105/10/24,"8,025,390","899,070,334",111.50,112.50,111.50,112.50,+0.50,"3,380",2412
105/10/25,"9,401,518","1,052,564,216",112.50,112.50,111.50,111.50,-1.00,"2,693",2412
105/10/26,"11,703,476","1,305,744,812",111.50,112.00,111.50,111.50, 0.00,"4,886",2412
105/10/27,"18,451,404","2,054,061,516",111.50,112.00,111.00,111.00,-0.50,"6,321",2412
105/10/28,"19,093,133","2,104,041,665",110.00,110.50,110.00,110.50,-0.50,"8,462",2412
105/10/31,"34,678,024","3,775,224,116",110.00,110.50,108.00,108.00,-2.50,"11,022",2412
105/11/01,"19,853,813","2,147,032,482",108.00,109.50,107.00,109.00,+1.00,"7,591",2412
105/11/02,"16,465,821","1,780,679,530",108.00,108.50,107.50,108.00,-1.00,"7,541",2412
105/11/03,"15,768,380","1,713,607,420",108.00,109.50,107.50,108.50,+0.50,"7,011",2412
105/11/04,"11,411,905","1,235,521,656",108.00,108.50,108.00,108.00,-0.50,"8,507",2412
105/11/07,"13,617,748","1,482,762,532",108.50,109.50,108.00,108.50,+0.50,"8,422",2412
105/11/08,"13,690,959","1,498,479,490",108.50,110.50,108.00,110.00,+1.50,"6,743",2412
105/11/09,"16,742,004","1,833,840,413",110.00,111.00,109.00,109.00,-1.00,"7,660",2412
105/11/10,"14,808,425","1,623,329,250",109.50,110.00,109.00,109.00, 0.00,"7,092",2412
105/11/11,"24,320,332","2,610,887,856",108.00,108.50,107.00,107.00,-2.00,"13,469",2412
105/11/14,"24,653,935","2,607,776,110",106.50,106.50,105.00,105.00,-2.00,"11,679",2412
105/11/15,"26,982,129","2,813,859,000",104.50,105.00,104.00,104.00,-1.00,"14,161",2412
105/11/16,"18,572,651","1,969,308,006",104.00,107.00,104.00,106.00,+2.00,"10,985",2412
105/11/17,"11,580,061","1,222,591,966",105.00,106.00,105.00,105.50,-0.50,"4,771",2412
105/11/18,"7,170,905","757,397,930",105.50,106.00,105.50,105.50, 0.00,"3,351",2412
105/11/21,"6,872,376","723,533,632",105.50,106.00,105.00,105.00,-0.50,"2,695",2412
105/11/22,"12,019,702","1,274,705,740",105.00,107.00,105.00,106.00,+1.00,"4,172",2412
105/11/23,"11,373,813","1,223,880,373",106.00,108.50,106.00,107.50,+1.50,"3,974",2412
105/11/24,"7,471,856","804,093,002",107.50,108.00,107.00,107.50, 0.00,"4,074",2412
105/11/25,"5,563,294","598,068,752",107.50,108.00,107.00,107.50, 0.00,"3,724",2412
105/11/28,"6,221,790","669,644,320",107.50,108.00,107.50,107.50, 0.00,"2,864",2412
105/11/29,"9,222,957","994,566,356",107.50,108.50,107.50,107.50, 0.00,"3,853",2412
105/11/30,"21,233,520","2,284,584,245",107.50,108.00,107.50,107.50, 0.00,"6,508",2412
105/12/01,"14,459,352","1,549,637,164",107.50,108.00,106.50,106.50,-1.00,"5,827",2412
105/12/02,"12,750,445","1,354,104,358",106.00,106.50,105.50,106.00,-0.50,"7,153",2412
105/12/05,"12,930,485","1,372,130,118",106.50,107.00,105.50,106.00, 0.00,"4,555",2412
105/12/06,"7,496,816","796,804,880",106.50,107.00,106.00,106.00, 0.00,"3,080",2412
105/12/07,"11,263,345","1,193,953,220",106.00,106.50,105.50,106.00, 0.00,"5,973",2412
105/12/08,"17,608,930","1,865,390,080",107.00,107.00,105.50,106.00, 0.00,"6,922",2412
105/12/09,"25,391,938","2,671,000,412",105.50,106.00,104.50,105.00,-1.00,"9,951",2412
105/12/12,"7,548,996","793,666,532",105.00,106.00,104.50,105.00, 0.00,"3,569",2412
105/12/13,"11,202,359","1,172,905,695",105.00,105.50,104.50,104.50,-0.50,"4,317",2412
105/12/14,"13,255,494","1,385,401,870",105.00,105.50,104.00,104.50, 0.00,"5,899",2412
105/12/15,"17,591,111","1,826,322,544",104.50,104.50,103.00,104.00,-0.50,"6,789",2412
105/12/16,"25,069,447","2,578,271,700",104.00,104.00,102.00,103.00,-1.00,"10,416",2412
105/12/19,"19,143,339","1,942,824,078",102.50,103.00,101.00,101.50,-1.50,"8,918",2412
105/12/20,"20,148,800","2,040,831,100",101.00,101.50,100.50,101.50, 0.00,"8,441",2412
105/12/21,"13,012,088","1,316,392,855",101.50,102.00,101.00,101.00,-0.50,"5,339",2412
105/12/22,"12,035,398","1,213,280,698",101.00,101.50,100.50,101.00, 0.00,"4,833",2412
105/12/23,"7,583,333","764,004,133",101.00,101.00,100.50,101.00, 0.00,"4,914",2412
105/12/26,"6,809,363","686,288,663",101.00,101.50,100.50,101.00, 0.00,"2,962",2412
105/12/27,"5,709,578","577,002,632",101.50,101.50,100.50,101.00, 0.00,"3,200",2412
105/12/28,"7,944,627","803,778,118",101.00,101.50,100.50,101.50,+0.50,"3,684",2412
105/12/29,"14,053,563","1,427,493,033",101.50,102.50,101.00,101.50, 0.00,"5,022",2412
105/12/30,"9,542,057","972,579,314",101.50,102.50,101.50,101.50, 0.00,"4,321",2412
106/01/03,"4,218,805","431,226,915",102.00,102.50,101.50,102.50,+1.00,"3,251",2412
106/01/04,"9,305,713","963,455,152",102.50,104.00,102.50,103.50,+1.00,"5,254",2412
106/01/05,"8,346,661","868,696,544",104.00,104.50,103.00,104.50,+1.00,"4,288",2412
106/01/06,"14,559,468","1,503,360,879",104.50,104.50,102.50,103.00,-1.50,"6,990",2412
106/01/09,"9,338,495","954,178,702",102.50,102.50,102.00,102.00,-1.00,"5,180",2412
106/01/10,"9,041,362","921,989,369",101.50,102.50,101.50,102.00, 0.00,"4,458",2412
106/01/11,"8,857,183","903,537,166",102.50,102.50,101.50,101.50,-0.50,"5,095",2412
106/01/12,"11,519,714","1,180,202,661",101.50,103.50,101.50,102.00,+0.50,"4,863",2412
106/01/13,"8,818,708","901,254,030",102.50,103.00,102.00,102.00, 0.00,"4,469",2412
106/01/16,"4,236,966","432,604,469",102.00,102.50,102.00,102.00, 0.00,"2,652",2412
106/01/17,"3,738,948","383,617,644",102.00,103.00,102.00,102.50,+0.50,"1,712",2412
106/01/18,"19,398,173","1,975,159,646",102.50,103.00,101.50,101.50,-1.00,"7,940",2412
106/01/19,"12,931,316","1,310,847,049",101.50,102.00,101.00,101.00,-0.50,"5,568",2412
106/01/20,"10,604,454","1,073,552,308",101.00,101.50,101.00,101.50,+0.50,"5,849",2412
106/01/23,"8,353,907","849,903,764",102.00,102.00,101.50,101.50, 0.00,"4,266",2412
106/01/24,"12,184,953","1,250,789,648",101.50,104.00,101.50,102.00,+0.50,"5,646",2412
106/02/02,"43,850,060","4,387,490,260",100.00,100.50,99.50,100.00,-2.00,"20,076",2412
106/02/03,"17,747,486","1,775,930,974",100.00,100.50,99.90,100.00, 0.00,"9,743",2412
106/02/06,"7,691,619","773,931,019",100.50,101.00,100.00,100.50,+0.50,"4,088",2412
106/02/07,"6,705,841","676,294,319",100.50,101.00,100.50,101.00,+0.50,"3,417",2412
106/02/08,"10,738,768","1,080,147,568",101.00,101.00,100.50,100.50,-0.50,"5,025",2412
106/02/09,"10,904,798","1,093,886,129",100.50,101.00,100.00,100.00,-0.50,"5,556",2412
106/02/10,"14,588,599","1,470,563,242",100.50,101.50,100.00,101.00,+1.00,"6,161",2412
106/02/13,"7,749,016","781,734,616",101.50,101.50,100.50,101.00, 0.00,"4,197",2412
106/02/14,"10,017,863","1,012,396,546",101.00,101.50,100.50,101.00, 0.00,"4,716",2412
106/02/15,"12,063,353","1,220,879,266",101.00,101.50,101.00,101.00, 0.00,"5,829",2412
106/02/16,"10,760,363","1,091,265,584",101.50,102.00,101.00,101.00, 0.00,"4,429",2412
106/02/17,"8,941,137","905,479,352",101.50,102.00,101.00,101.00, 0.00,"4,189",2412
106/02/18,"2,846,809","288,550,088",101.50,101.50,101.00,101.50,+0.50,"1,875",2412
106/02/20,"9,411,152","956,617,504",102.00,102.00,101.00,101.50, 0.00,"4,968",2412
106/02/21,"12,989,475","1,314,989,975",101.50,102.00,101.00,101.00,-0.50,"4,273",2412
106/02/22,"16,068,935","1,626,591,929",101.50,101.50,101.00,101.00, 0.00,"4,840",2412
106/02/23,"7,433,994","754,430,388",101.00,102.00,101.00,102.00,+1.00,"2,551",2412
106/02/24,"15,305,918","1,560,429,136",101.50,102.50,101.50,102.00, 0.00,"4,291",2412
106/03/01,"12,430,965","1,265,456,930",101.50,102.00,101.50,101.50,-0.50,"4,676",2412
106/03/02,"12,755,501","1,301,558,305",101.50,102.50,101.50,102.00,+0.50,"4,546",2412
106/03/03,"13,000,421","1,332,876,363",102.00,103.00,101.50,102.50,+0.50,"4,712",2412
106/03/06,"6,488,153","665,550,759",102.50,103.00,102.00,102.50, 0.00,"2,490",2412
106/03/07,"6,810,628","700,377,184",102.50,103.00,102.50,102.50, 0.00,"2,768",2412
106/03/08,"5,920,448","610,766,325",103.00,103.50,103.00,103.00,+0.50,"3,054",2412
106/03/09,"11,243,478","1,162,428,922",103.50,104.00,103.00,103.50,+0.50,"5,539",2412
106/03/10,"5,757,768","594,050,942",103.50,103.50,103.00,103.00,-0.50,"2,878",2412
106/03/13,"5,619,827","579,765,043",103.50,103.50,103.00,103.50,+0.50,"3,611",2412
106/03/14,"6,198,088","642,383,068",103.50,104.00,103.00,103.50, 0.00,"3,043",2412
106/03/15,"8,011,767","828,517,398",103.50,104.00,103.00,103.00,-0.50,"3,748",2412
106/03/16,"5,969,476","620,160,504",103.50,104.00,103.50,104.00,+1.00,"3,422",2412
106/03/17,"9,342,130","977,152,650",104.00,105.00,104.00,105.00,+1.00,"3,704",2412
106/03/20,"10,891,952","1,149,955,912",105.00,106.00,104.50,106.00,+1.00,"5,069",2412
106/03/21,"11,487,399","1,215,488,294",106.00,106.50,105.50,106.00, 0.00,"7,063",2412
106/03/22,"11,351,170","1,192,218,350",105.50,105.50,104.50,104.50,-1.50,"4,430",2412
106/03/23,"7,261,639","760,167,241",104.50,105.00,104.50,104.50, 0.00,"3,768",2412
106/03/24,"9,392,556","978,824,078",104.50,105.00,103.50,104.50, 0.00,"3,564",2412
106/03/27,"5,655,754","591,861,170",104.50,105.00,104.00,105.00,+0.50,"2,495",2412
106/03/28,"8,603,704","903,171,420",105.50,105.50,104.50,105.00, 0.00,"3,657",2412
106/03/29,"10,545,681","1,100,652,630",105.00,105.50,104.00,104.00,-1.00,"3,289",2412
106/03/30,"10,817,897","1,126,179,788",104.50,104.50,104.00,104.00, 0.00,"5,030",2412
106/03/31,"27,476,085","2,837,706,048",104.50,104.50,102.00,103.00,-1.00,"6,157",2412
106/04/05,"13,573,598","1,400,927,692",103.00,103.50,103.00,103.50,+0.50,"5,625",2412
106/04/06,"3,976,916","412,610,264",103.50,104.00,103.00,104.00,+0.50,"2,204",2412
106/04/07,"5,163,541","537,087,507",103.50,104.50,103.50,104.50,+0.50,"2,534",2412
106/04/10,"2,764,774","287,861,837",104.00,104.50,104.00,104.00,-0.50,"1,078",2412
106/04/11,"8,793,086","911,629,944",104.00,104.50,103.50,103.50,-0.50,"4,914",2412
106/04/12,"5,836,581","604,449,924",103.50,104.00,103.00,103.50, 0.00,"2,653",2412
106/04/13,"5,193,596","538,313,484",103.50,104.00,103.50,103.50, 0.00,"1,986",2412
106/04/14,"3,698,585","383,266,524",103.50,104.00,103.50,103.50, 0.00,"1,320",2412
106/04/17,"6,311,161","655,941,258",103.50,104.50,103.50,104.50,+1.00,"3,677",2412
106/04/18,"6,506,132","676,273,228",104.50,104.50,103.50,104.00,-0.50,"3,335",2412
106/04/19,"13,575,634","1,399,812,802",103.50,104.00,102.50,103.00,-1.00,"4,684",2412
106/04/20,"9,785,829","1,004,141,387",103.00,103.00,102.50,102.50,-0.50,"5,789",2412
106/04/21,"7,398,521","759,812,163",103.00,103.00,102.50,103.00,+0.50,"4,915",2412
106/04/24,"5,664,935","582,510,305",103.00,103.50,102.50,103.00, 0.00,"3,671",2412
106/04/25,"5,585,239","576,676,179",103.00,103.50,102.50,103.50,+0.50,"2,997",2412
106/04/26,"10,065,057","1,038,057,364",103.50,103.50,103.00,103.00,-0.50,"5,429",2412
106/04/27,"3,925,945","404,081,335",103.00,103.50,102.50,103.00, 0.00,"1,666",2412
106/04/28,"15,503,352","1,585,418,034",103.00,103.00,102.00,102.00,-1.00,"9,727",2412
106/05/02,"9,558,663","982,923,789",102.50,103.00,102.00,103.00,+1.00,"3,831",2412
106/05/03,"3,149,658","325,176,052",103.00,103.50,103.00,103.50,+0.50,"1,977",2412
106/05/04,"8,354,216","864,807,464",103.50,104.00,103.00,104.00,+0.50,"4,129",2412
106/05/05,"4,095,641","425,244,164",104.00,104.00,103.50,103.50,-0.50,"1,696",2412
106/05/08,"13,841,976","1,443,485,431",104.00,105.00,103.50,104.50,+1.00,"4,385",2412
106/05/09,"11,484,882","1,206,175,610",105.00,105.50,104.50,105.00,+0.50,"4,061",2412
106/05/10,"7,070,905","742,482,525",105.00,105.50,104.50,104.50,-0.50,"3,503",2412
106/05/11,"6,213,295","651,029,782",105.00,105.00,104.50,104.50, 0.00,"2,476",2412
106/05/12,"7,092,137","746,084,885",104.50,105.50,104.50,105.50,+1.00,"3,626",2412
106/05/15,"9,764,579","1,032,674,874",105.50,106.00,105.00,106.00,+0.50,"4,704",2412
106/05/16,"10,464,328","1,106,881,268",106.00,106.50,105.50,106.00, 0.00,"3,936",2412
106/05/17,"10,761,773","1,134,108,525",106.00,106.00,104.50,106.00, 0.00,"3,391",2412
106/05/18,"10,427,626","1,099,938,856",105.50,106.00,105.00,106.00, 0.00,"2,848",2412
106/05/19,"7,335,148","775,037,593",106.00,106.00,105.50,105.50,-0.50,"2,049",2412
106/05/22,"7,453,207","787,691,442",105.50,106.00,105.50,106.00,+0.50,"2,234",2412
106/05/23,"10,829,971","1,146,691,926",106.00,106.00,105.50,106.00, 0.00,"5,287",2412
106/05/24,"7,815,842","827,890,310",106.00,106.50,105.50,106.00, 0.00,"4,213",2412
106/05/25,"10,715,518","1,140,334,124",106.00,107.00,106.00,107.00,+1.00,"5,030",2412
106/05/26,"8,753,667","936,627,869",107.00,107.50,106.50,107.00, 0.00,"3,137",2412
106/05/31,"15,772,396","1,696,516,372",107.50,108.00,107.00,107.50,+0.50,"5,618",2412
106/06/01,"10,351,461","1,116,612,288",108.00,108.50,107.50,108.00,+0.50,"4,914",2412
106/06/02,"7,341,511","791,589,688",108.00,108.50,107.00,108.00, 0.00,"3,165",2412
106/06/03,"3,247,882","349,275,284",108.00,108.00,107.00,107.50,-0.50,"1,422",2412
106/06/05,"6,841,012","736,736,251",107.50,108.00,107.50,108.00,+0.50,"3,959",2412
106/06/06,"7,977,036","859,764,888",108.00,108.00,107.50,108.00, 0.00,"4,382",2412
106/06/07,"8,852,240","953,833,272",108.00,108.50,107.50,107.50,-0.50,"4,382",2412
106/06/08,"6,526,518","706,459,944",108.00,108.50,108.00,108.50,+1.00,"3,485",2412
106/06/09,"7,300,754","792,000,275",108.50,109.00,108.00,108.00,-0.50,"2,883",2412
106/06/12,"8,626,959","933,870,072",108.50,109.00,108.00,108.00, 0.00,"3,315",2412
106/06/13,"5,944,854","642,296,732",108.00,108.50,107.50,108.00, 0.00,"1,672",2412
106/06/14,"9,633,816","1,040,738,128",108.00,108.50,107.50,108.00, 0.00,"2,605",2412
106/06/15,"8,574,718","927,274,344",108.00,108.50,107.50,108.50,+0.50,"2,942",2412
106/06/16,"5,632,230","606,541,340",107.50,108.00,107.50,107.50,-1.00,"2,085",2412
106/06/19,"5,948,931","640,829,548",107.50,108.00,107.50,108.00,+0.50,"4,064",2412
106/06/20,"6,534,784","704,950,672",108.00,108.00,107.50,107.50,-0.50,"3,949",2412
106/06/21,"12,751,774","1,373,895,592",107.50,108.50,107.00,107.50, 0.00,"5,102",2412
106/06/22,"8,742,630","944,837,317",108.00,108.50,107.50,108.50,+1.00,"4,476",2412
106/06/23,"5,949,343","643,668,191",108.50,108.50,108.00,108.50, 0.00,"2,290",2412
106/06/26,"10,425,012","1,130,208,238",108.50,109.00,108.00,109.00,+0.50,"4,229",2412
106/06/27,"9,659,873","1,050,839,657",109.00,109.00,108.00,109.00, 0.00,"3,544",2412
106/06/28,"7,582,079","822,673,947",108.50,109.00,108.00,108.50,-0.50,"2,998",2412
106/06/29,"6,535,579","706,047,032",108.50,109.00,107.50,108.00,-0.50,"2,476",2412
106/06/30,"12,331,674","1,326,414,582",107.50,108.50,106.50,108.00, 0.00,"3,768",2412
106/07/03,"6,848,253","742,941,577",108.00,109.00,107.50,109.00,+1.00,"3,108",2412
106/07/04,"8,105,678","877,607,033",108.50,109.00,108.00,108.00,-1.00,"3,563",2412
106/07/05,"8,310,644","903,551,696",108.00,109.00,108.00,109.00,+1.00,"3,042",2412
106/07/06,"7,766,867","845,109,003",109.00,109.00,108.50,108.50,-0.50,"2,947",2412
106/07/07,"7,382,076","800,967,218",108.50,109.00,108.00,108.50, 0.00,"3,321",2412
106/07/10,"8,231,127","891,942,215",108.50,109.00,108.00,108.50, 0.00,"3,534",2412
106/07/11,"18,393,797","1,997,432,873",108.50,109.00,108.00,109.00,+0.50,"7,147",2412
106/07/12,"17,037,639","1,856,586,651",109.00,109.50,108.50,109.00, 0.00,"7,124",2412
106/07/13,"17,450,275","1,906,566,084",109.00,109.50,109.00,109.50,+0.50,"5,487",2412
106/07/14,"10,959,852","1,200,666,265",109.50,110.00,109.00,109.50, 0.00,"5,720",2412
106/07/17,"20,894,371","2,296,436,810",109.50,110.50,109.50,110.00,+0.50,"6,339",2412
106/07/18,"13,850,446","1,528,432,060",110.00,111.00,109.50,110.50,+0.50,"5,120",2412
106/07/19,"15,455,935","1,703,036,850",110.50,111.00,109.50,110.00,-0.50,"5,628",2412
106/07/20,"20,666,366","2,260,847,515",110.00,110.00,109.00,109.50,-0.50,"8,394",2412
106/07/21,"16,775,520","1,746,388,770",104.50,105.00,103.50,103.50,X0.00,"9,159",2412
106/07/24,"13,881,181","1,433,849,824",103.50,104.00,103.00,103.50, 0.00,"6,600",2412
106/07/25,"6,349,481","656,326,224",103.50,104.00,103.00,103.50, 0.00,"2,837",2412
106/07/26,"7,504,401","774,497,704",103.50,104.00,103.00,103.50, 0.00,"3,530",2412
106/07/27,"7,574,377","783,007,985",103.50,104.00,103.00,103.50, 0.00,"3,159",2412
106/07/28,"16,031,533","1,653,355,824",103.50,103.50,102.50,103.00,-0.50,"4,261",2412
106/07/31,"12,859,723","1,316,463,050",103.00,103.00,102.00,102.00,-1.00,"5,227",2412
106/08/01,"11,944,581","1,219,421,489",102.50,102.50,102.00,102.00, 0.00,"7,554",2412
106/08/02,"12,362,645","1,261,175,563",102.50,102.50,101.50,102.00, 0.00,"5,375",2412
106/08/03,"8,007,146","814,733,921",101.50,102.00,101.50,102.00, 0.00,"3,362",2412
106/08/04,"4,501,023","459,916,819",102.00,102.50,102.00,102.50,+0.50,"2,555",2412
106/08/07,"5,801,783","592,769,174",102.50,102.50,102.00,102.00,-0.50,"3,175",2412
106/08/08,"4,441,266","454,015,232",102.00,102.50,102.00,102.50,+0.50,"2,366",2412
106/08/09,"4,539,258","463,975,400",102.50,102.50,102.00,102.00,-0.50,"2,489",2412
106/08/10,"6,532,903","667,129,106",102.00,102.50,102.00,102.00, 0.00,"3,085",2412
106/08/11,"5,302,847","540,428,288",102.00,102.50,101.50,102.00, 0.00,"2,556",2412
106/08/14,"4,407,294","450,509,587",102.50,102.50,102.00,102.00, 0.00,"2,024",2412
106/08/15,"3,395,646","347,653,169",102.00,102.50,102.00,102.50,+0.50,"1,945",2412
106/08/16,"5,796,389","593,318,567",102.50,102.50,102.00,102.50, 0.00,"2,852",2412
106/08/17,"2,775,664","284,283,892",102.50,102.50,102.00,102.50, 0.00,"1,601",2412
106/08/18,"4,935,232","507,310,896",103.00,103.00,102.50,102.50, 0.00,"2,131",2412
106/08/21,"2,557,463","262,715,189",103.00,103.00,102.50,102.50, 0.00,"1,290",2412
106/08/22,"4,132,346","425,011,838",103.00,103.00,102.50,103.00,+0.50,"1,497",2412
106/08/23,"6,840,636","703,112,828",103.00,103.00,102.50,103.00, 0.00,"3,211",2412
106/08/24,"6,042,088","621,494,190",103.00,103.00,102.50,103.00, 0.00,"2,108",2412
106/08/25,"5,131,409","529,779,236",103.00,103.50,102.50,103.50,+0.50,"1,833",2412
106/08/28,"7,491,586","777,706,930",103.50,104.00,103.50,104.00,+0.50,"3,723",2412
106/08/29,"5,878,780","610,220,162",104.00,104.00,103.50,104.00, 0.00,"3,497",2412
106/08/30,"6,455,890","672,693,440",104.00,104.50,104.00,104.50,+0.50,"3,200",2412
106/08/31,"10,963,402","1,145,202,540",104.50,105.00,104.00,105.00,+0.50,"4,128",2412
106/09/01,"8,094,347","847,906,435",104.50,105.00,104.50,104.50,-0.50,"3,156",2412
106/09/04,"5,130,747","537,741,585",104.50,105.00,104.50,105.00,+0.50,"2,314",2412
106/09/05,"11,143,350","1,165,717,170",105.00,105.00,104.00,104.50,-0.50,"3,469",2412
106/09/06,"9,773,144","1,019,240,297",104.50,105.00,104.00,104.00,-0.50,"2,945",2412
106/09/07,"6,217,988","648,706,852",104.00,104.50,104.00,104.50,+0.50,"2,543",2412
106/09/08,"8,875,624","930,451,020",104.50,105.00,104.00,105.00,+0.50,"3,546",2412
106/09/11,"4,819,124","505,312,020",104.50,105.00,104.50,104.50,-0.50,"2,862",2412
106/09/12,"5,463,326","572,131,230",105.00,105.00,104.50,104.50, 0.00,"1,872",2412
106/09/13,"4,413,875","461,030,389",104.50,105.00,104.00,104.00,-0.50,"2,872",2412
106/09/14,"3,699,240","385,647,044",104.00,104.50,104.00,104.00, 0.00,"2,144",2412
106/09/15,"6,608,850","690,101,792",104.00,104.50,104.00,104.50,+0.50,"1,410",2412
106/09/18,"3,946,682","411,103,709",104.00,104.50,104.00,104.00,-0.50,"2,463",2412
106/09/19,"4,847,388","503,231,852",104.00,104.00,103.50,104.00, 0.00,"2,435",2412
106/09/20,"6,619,402","686,276,308",103.50,104.00,103.50,104.00, 0.00,"3,859",2412
106/09/21,"3,653,473","378,504,192",103.50,104.00,103.50,103.50,-0.50,"2,007",2412
106/09/22,"3,434,160","355,287,533",103.50,104.00,103.00,103.50, 0.00,"2,215",2412
106/09/25,"6,036,855","622,305,440",103.50,103.50,102.50,103.00,-0.50,"2,943",2412
106/09/26,"4,925,839","507,011,417",103.00,103.50,102.50,103.00, 0.00,"2,484",2412
106/09/27,"5,689,574","587,045,886",103.00,103.50,102.50,103.00, 0.00,"2,170",2412
106/09/28,"7,805,724","807,558,906",103.50,104.00,103.00,103.00, 0.00,"2,645",2412
106/09/29,"5,650,930","588,227,635",103.50,104.50,103.00,104.50,+1.50,"2,895",2412
106/09/30,"2,711,696","284,197,580",104.50,105.00,104.50,104.50, 0.00,"1,946",2412
106/10/02,"7,326,477","760,982,608",104.50,104.50,103.00,103.50,-1.00,"3,334",2412
106/10/03,"7,922,513","817,529,559",103.50,103.50,103.00,103.00,-0.50,"3,178",2412
106/10/05,"7,780,807","803,365,480",103.00,103.50,103.00,103.00, 0.00,"3,057",2412
106/10/06,"6,934,426","715,031,045",103.00,103.50,103.00,103.00, 0.00,"4,906",2412
106/10/11,"14,554,823","1,500,592,716",103.00,103.50,102.50,103.00, 0.00,"6,104",2412
106/10/12,"8,574,303","884,297,301",103.00,103.50,103.00,103.00, 0.00,"5,305",2412
106/10/13,"6,605,198","681,953,949",103.00,103.50,103.00,103.50,+0.50,"3,467",2412
106/10/16,"9,368,569","967,211,829",103.50,103.50,103.00,103.00,-0.50,"3,809",2412
106/10/17,"9,365,520","966,424,248",103.50,103.50,103.00,103.50,+0.50,"4,508",2412
106/10/18,"10,460,934","1,079,387,636",103.50,103.50,103.00,103.00,-0.50,"4,679",2412
106/10/19,"8,910,637","917,467,111",103.00,103.50,102.50,102.50,-0.50,"4,664",2412
106/10/20,"9,295,968","954,651,704",102.50,103.00,102.50,102.50, 0.00,"2,435",2412
106/10/23,"4,602,581","473,795,843",103.00,103.00,102.50,103.00,+0.50,"2,204",2412
106/10/24,"8,522,816","874,731,548",103.00,103.00,102.50,102.50,-0.50,"3,892",2412
106/10/25,"4,438,788","456,011,223",103.00,103.00,102.50,102.50, 0.00,"2,820",2412
106/10/26,"6,674,308","684,573,532",102.50,103.00,102.50,102.50, 0.00,"3,548",2412
106/10/27,"6,804,415","698,508,245",102.50,103.00,102.50,103.00,+0.50,"3,731",2412
106/10/30,"5,802,497","597,537,191",103.00,103.50,102.50,102.50,-0.50,"2,743",2412
106/10/31,"4,201,968","432,623,204",102.50,103.00,102.50,103.00,+0.50,"2,167",2412
106/11/01,"8,149,343","838,348,329",103.00,103.50,102.50,102.50,-0.50,"3,843",2412
106/11/02,"10,331,987","1,057,640,174",102.50,103.00,102.00,102.00,-0.50,"5,298",2412
106/11/03,"5,779,825","591,000,518",102.50,103.00,102.00,102.00, 0.00,"3,280",2412
106/11/06,"5,088,077","520,681,336",102.50,102.50,102.00,102.00, 0.00,"2,875",2412
106/11/07,"6,444,340","660,926,020",102.50,103.00,102.00,102.50,+0.50,"2,577",2412
106/11/08,"4,591,930","471,560,290",102.50,103.00,102.00,103.00,+0.50,"2,836",2412
106/11/09,"8,677,211","891,061,733",102.50,103.00,102.50,103.00, 0.00,"4,268",2412
106/11/10,"9,505,271","976,888,511",102.50,103.50,102.00,103.50,+0.50,"4,663",2412
106/11/13,"11,160,951","1,147,424,953",103.00,103.50,102.50,102.50,-1.00,"5,371",2412
106/11/14,"7,423,386","762,652,758",102.50,103.00,102.50,103.00,+0.50,"3,306",2412
106/11/15,"18,958,664","1,944,187,392",102.50,103.00,102.00,102.50,-0.50,"5,880",2412
106/11/16,"7,155,897","734,184,391",102.50,103.00,102.50,102.50, 0.00,"3,032",2412
106/11/17,"6,850,726","703,652,278",102.50,103.00,102.50,103.00,+0.50,"3,715",2412
106/11/20,"6,359,220","652,989,160",103.00,103.00,102.50,102.50,-0.50,"3,605",2412
106/11/21,"6,940,143","713,587,229",102.50,103.00,102.50,103.00,+0.50,"3,290",2412
106/11/22,"9,498,167","980,274,250",103.00,103.50,102.50,103.50,+0.50,"4,494",2412
106/11/23,"4,635,807","479,483,501",103.50,103.50,103.00,103.50, 0.00,"3,039",2412
106/11/24,"6,164,882","639,968,228",103.50,104.00,103.00,104.00,+0.50,"3,525",2412
106/11/27,"6,655,589","691,447,756",104.00,104.00,103.50,104.00, 0.00,"3,948",2412
106/11/28,"10,062,605","1,047,185,420",104.00,104.50,103.50,104.50,+0.50,"3,175",2412
106/11/29,"6,365,591","662,240,238",104.00,104.50,103.50,104.50, 0.00,"2,345",2412
106/11/30,"16,869,711","1,751,359,944",104.00,104.50,103.50,103.50,-1.00,"3,612",2412
106/12/01,"10,298,399","1,071,713,996",104.00,104.50,103.50,104.00,+0.50,"4,998",2412
106/12/04,"7,216,086","750,005,944",104.00,104.00,103.50,104.00, 0.00,"3,906",2412
106/12/05,"10,646,535","1,104,959,640",103.50,104.00,103.50,104.00, 0.00,"5,451",2412
106/12/06,"12,348,019","1,283,306,476",103.50,104.00,103.50,104.00, 0.00,"3,328",2412
106/12/07,"14,712,576","1,534,621,904",104.00,104.50,103.50,104.50,+0.50,"5,317",2412
106/12/08,"10,005,179","1,045,375,662",104.50,104.50,104.00,104.50, 0.00,"3,724",2412
106/12/11,"5,298,815","554,109,115",104.50,105.00,104.00,104.50, 0.00,"2,301",2412
106/12/12,"6,411,675","671,281,375",104.50,105.00,104.50,104.50, 0.00,"3,062",2412
106/12/13,"8,100,040","848,460,700",104.50,105.00,104.50,104.50, 0.00,"4,030",2412
106/12/14,"10,639,323","1,115,872,415",104.50,105.00,104.50,105.00,+0.50,"3,912",2412
106/12/15,"12,933,285","1,361,646,014",105.00,105.50,105.00,105.50,+0.50,"3,073",2412
106/12/18,"8,051,099","846,625,395",105.00,105.50,105.00,105.00,-0.50,"3,822",2412
106/12/19,"11,777,765","1,238,083,825",105.00,105.50,105.00,105.00, 0.00,"3,950",2412
106/12/20,"6,108,758","643,426,090",105.00,105.50,105.00,105.50,+0.50,"4,064",2412
106/12/21,"6,658,200","701,065,000",105.50,105.50,105.00,105.00,-0.50,"3,364",2412
106/12/22,"4,061,508","428,097,063",105.50,105.50,105.00,105.50,+0.50,"1,942",2412
106/12/25,"3,648,502","385,373,417",105.50,106.00,105.00,106.00,+0.50,"1,908",2412
106/12/26,"2,440,405","258,149,186",105.50,106.00,105.50,105.50,-0.50,"1,319",2412
106/12/27,"6,270,905","664,785,930",106.00,106.50,105.50,106.00,+0.50,"2,434",2412
106/12/28,"10,589,773","1,119,841,525",106.00,106.50,105.00,105.50,-0.50,"3,494",2412
106/12/29,"6,823,040","721,673,400",105.50,106.00,105.50,106.00,+0.50,"3,545",2412
107/01/02,"11,863,896","1,268,753,872",106.00,108.00,105.50,107.50,+1.50,"5,267",2412
107/01/03,"12,032,898","1,294,010,488",107.50,108.00,107.00,108.00,+0.50,"4,209",2412
107/01/04,"11,011,635","1,186,683,719",108.00,108.00,107.50,108.00, 0.00,"4,722",2412
107/01/05,"16,499,196","1,785,013,668",108.00,108.50,107.50,108.50,+0.50,"4,745",2412
107/01/08,"9,758,897","1,059,531,246",108.50,109.00,108.00,108.50, 0.00,"5,508",2412
107/01/09,"11,523,481","1,252,108,632",108.50,109.00,108.00,109.00,+0.50,"6,599",2412
107/01/10,"17,393,911","1,895,381,788",109.00,109.50,108.50,108.50,-0.50,"6,100",2412
107/01/11,"7,685,458","833,637,150",108.50,109.00,108.00,108.50, 0.00,"2,951",2412
107/01/12,"8,159,899","886,437,503",108.50,109.00,108.00,108.50, 0.00,"3,939",2412
107/01/15,"5,295,048","576,290,232",108.50,109.00,108.50,109.00,+0.50,"2,763",2412
107/01/16,"9,900,470","1,077,891,730",109.00,109.00,108.50,109.00, 0.00,"5,969",2412
107/01/17,"7,829,236","852,106,072",108.50,109.00,108.50,109.00, 0.00,"4,494",2412
107/01/18,"9,007,098","974,723,992",109.00,109.00,107.50,107.50,-1.50,"4,517",2412
107/01/19,"6,157,838","667,003,883",108.00,109.00,107.50,109.00,+1.50,"3,155",2412
107/01/22,"6,607,332","718,231,952",108.50,109.00,108.00,108.50,-0.50,"3,095",2412
107/01/23,"12,165,163","1,325,306,648",108.50,109.50,108.50,109.00,+0.50,"4,909",2412
107/01/24,"6,745,093","734,229,559",109.50,109.50,108.50,108.50,-0.50,"2,906",2412
107/01/25,"7,078,291","769,397,017",108.50,109.00,108.50,108.50, 0.00,"4,047",2412
107/01/26,"8,301,697","902,868,584",108.50,109.00,108.50,108.50, 0.00,"3,371",2412
107/01/29,"7,228,639","789,062,651",109.00,109.50,108.50,109.50,+1.00,"4,085",2412
107/01/30,"13,582,016","1,475,797,195",109.00,109.50,108.00,108.00,-1.50,"5,352",2412
107/01/31,"6,960,099","756,549,694",108.00,109.00,108.00,108.50,+0.50,"3,854",2412
107/02/01,"10,449,828","1,142,837,252",109.00,110.00,109.00,109.00,+0.50,"6,151",2412
107/02/02,"10,658,600","1,164,544,900",109.50,109.50,109.00,109.00, 0.00,"4,992",2412
107/02/05,"11,528,365","1,251,398,055",108.00,109.00,108.00,108.00,-1.00,"7,071",2412
107/02/06,"18,681,084","1,986,637,988",107.00,107.50,105.00,106.50,-1.50,"9,384",2412
107/02/07,"10,803,469","1,162,376,652",107.00,108.00,107.00,107.50,+1.00,"6,262",2412
107/02/08,"6,896,491","743,630,528",107.50,108.00,107.50,108.00,+0.50,"4,352",2412
107/02/09,"12,728,774","1,358,289,680",106.00,107.50,106.00,107.50,-0.50,"6,420",2412
107/02/12,"11,006,699","1,179,076,793",107.00,107.50,106.50,106.50,-1.00,"6,537",2412
107/02/21,"10,213,387","1,106,719,683",108.00,109.00,107.50,109.00,+2.50,"5,728",2412
107/02/22,"8,626,836","937,136,124",108.50,109.00,108.00,108.50,-0.50,"5,048",2412
107/02/23,"10,321,511","1,127,152,329",108.50,109.50,108.50,109.50,+1.00,"4,646",2412
107/02/26,"7,916,363","869,858,930",109.50,110.00,109.50,110.00,+0.50,"5,177",2412
107/02/27,"10,031,572","1,100,891,095",110.00,110.00,109.50,109.50,-0.50,"3,983",2412
107/03/01,"9,165,967","998,447,153",108.50,109.50,108.50,108.50,-1.00,"4,655",2412
107/03/02,"6,727,034","728,054,148",108.00,108.50,108.00,108.00,-0.50,"3,699",2412
107/03/05,"6,713,403","726,394,678",108.00,108.50,108.00,108.00, 0.00,"3,154",2412
107/03/06,"7,726,312","842,043,068",109.00,109.50,108.50,109.50,+1.50,"5,191",2412
107/03/07,"7,485,046","820,520,486",109.00,110.00,109.00,109.50, 0.00,"3,599",2412
107/03/08,"4,364,846","477,570,509",109.50,109.50,109.00,109.50, 0.00,"2,513",2412
107/03/09,"5,798,031","633,194,864",109.50,109.50,108.50,109.50, 0.00,"2,826",2412
107/03/12,"8,034,683","875,213,240",109.00,109.50,108.50,109.00,-0.50,"3,647",2412
107/03/13,"9,633,999","1,048,007,891",109.00,109.00,108.50,109.00, 0.00,"4,021",2412
107/03/14,"5,494,781","599,367,129",109.00,109.50,108.50,109.00, 0.00,"3,713",2412
107/03/15,"7,393,162","806,279,158",109.00,109.50,108.50,109.00, 0.00,"2,304",2412
107/03/16,"16,766,570","1,837,123,700",109.00,110.00,108.50,110.00,+1.00,"4,662",2412
107/03/19,"8,102,673","889,746,030",109.50,110.00,109.00,110.00, 0.00,"4,111",2412
107/03/20,"8,287,366","909,467,260",109.50,110.00,109.00,109.50,-0.50,"3,088",2412
107/03/21,"13,595,519","1,496,426,840",109.50,110.50,109.50,110.50,+1.00,"4,366",2412
107/03/22,"12,039,380","1,335,409,680",110.50,111.50,110.50,111.50,+1.00,"6,698",2412
107/03/23,"8,283,274","914,138,749",110.50,111.00,110.00,110.00,-1.50,"4,852",2412
107/03/26,"5,376,812","593,098,132",110.00,111.00,109.50,111.00,+1.00,"2,989",2412
107/03/27,"8,885,548","993,250,376",111.00,112.00,111.00,112.00,+1.00,"4,586",2412
107/03/28,"9,073,181","1,018,894,772",112.00,112.50,111.50,112.50,+0.50,"4,716",2412
107/03/29,"7,288,039","817,400,368",112.50,112.50,111.50,111.50,-1.00,"4,461",2412
107/03/30,"11,511,978","1,298,274,498",112.50,113.00,112.00,113.00,+1.50,"4,972",2412
107/03/31,"3,738,404","421,524,652",113.00,113.00,112.50,113.00, 0.00,"2,506",2412
107/04/02,"9,427,823","1,063,387,033",112.50,113.50,112.00,112.50,-0.50,"3,657",2412
107/04/03,"9,326,331","1,045,191,072",112.00,112.50,111.50,112.00,-0.50,"5,404",2412
107/04/09,"10,724,224","1,208,624,836",112.50,114.00,112.00,114.00,+2.00,"5,980",2412
107/04/10,"9,955,722","1,132,894,808",113.50,114.50,113.50,114.50,+0.50,"6,751",2412
107/04/11,"10,727,997","1,225,040,158",114.50,115.00,113.50,114.00,-0.50,"5,449",2412
107/04/12,"8,704,790","992,927,060",114.00,115.00,113.00,114.00, 0.00,"4,618",2412
107/04/13,"6,502,240","736,499,707",113.50,114.00,112.50,113.50,-0.50,"3,174",2412
107/04/16,"4,645,198","524,718,874",113.00,113.50,112.50,113.00,-0.50,"2,750",2412
107/04/17,"6,203,423","701,359,955",113.00,113.50,112.50,113.50,+0.50,"3,198",2412
107/04/18,"4,714,981","537,857,834",113.50,114.50,113.50,114.50,+1.00,"3,241",2412
107/04/19,"6,097,516","695,840,324",114.00,114.50,113.50,114.00,-0.50,"3,146",2412
107/04/20,"4,520,810","514,718,402",114.00,114.50,113.50,113.50,-0.50,"2,688",2412
107/04/23,"7,554,015","852,150,695",113.00,113.50,112.50,112.50,-1.00,"3,052",2412
107/04/24,"10,693,712","1,192,221,356",112.50,112.50,111.00,111.00,-1.50,"3,968",2412
107/04/25,"14,312,485","1,577,683,835",111.00,111.00,110.00,110.50,-0.50,"4,559",2412
107/04/26,"9,068,999","1,010,720,860",110.50,112.00,110.50,111.50,+1.00,"3,506",2412
107/04/27,"4,527,149","510,571,735",112.50,113.00,112.00,113.00,+1.50,"2,758",2412
107/04/30,"5,608,229","632,713,877",113.00,113.00,112.50,113.00, 0.00,"2,316",2412
107/05/02,"7,936,955","891,205,915",112.50,113.00,112.00,112.00,-1.00,"3,323",2412
107/05/03,"6,330,420","707,255,040",112.00,112.00,111.50,111.50,-0.50,"3,102",2412
107/05/04,"4,109,722","459,137,864",111.00,112.00,111.00,111.50, 0.00,"2,316",2412
107/05/07,"4,919,754","549,783,448",112.00,112.50,111.50,112.00,+0.50,"2,847",2412
107/05/08,"7,608,487","849,182,544",111.50,112.00,111.00,112.00, 0.00,"2,100",2412
107/05/09,"9,308,608","1,033,404,134",111.50,111.50,110.00,110.00,-2.00,"3,673",2412
107/05/10,"16,739,475","1,823,981,775",109.50,110.00,108.50,108.50,-1.50,"5,651",2412
107/05/11,"8,114,287","884,510,783",109.00,109.50,108.50,109.00,+0.50,"4,696",2412
107/05/14,"8,209,397","895,726,926",109.00,109.50,109.00,109.00, 0.00,"4,660",2412
107/05/15,"7,054,609","767,923,881",109.00,109.50,108.50,108.50,-0.50,"3,770",2412
107/05/16,"9,030,237","977,458,341",108.50,109.00,108.00,108.00,-0.50,"4,696",2412
107/05/17,"6,720,547","728,809,123",108.50,109.00,108.00,108.50,+0.50,"3,689",2412
107/05/18,"9,096,185","996,124,850",109.00,110.00,108.50,110.00,+1.50,"4,426",2412
107/05/21,"7,241,243","797,598,230",110.00,110.50,109.50,110.00, 0.00,"4,382",2412
107/05/22,"5,652,617","620,378,012",109.50,110.00,109.50,109.50,-0.50,"3,243",2412
107/05/23,"4,679,266","513,261,588",109.50,110.00,109.00,109.50, 0.00,"2,997",2412
107/05/24,"5,629,699","618,493,390",110.00,110.50,109.00,109.50, 0.00,"2,754",2412
107/05/25,"5,779,504","637,021,940",110.00,110.50,109.50,110.00,+0.50,"3,111",2412
107/05/28,"18,359,892","2,044,843,012",110.50,112.50,110.00,111.00,+1.00,"4,511",2412
107/05/29,"6,864,336","753,110,345",111.00,111.50,109.50,109.50,-1.50,"3,275",2412
107/05/30,"10,275,250","1,120,902,750",109.00,109.50,108.50,108.50,-1.00,"4,715",2412
107/05/31,"24,651,768","2,692,765,749",109.00,110.00,109.00,109.00,+0.50,"4,474",2412
107/06/01,"4,738,186","520,687,960",109.00,110.00,109.00,110.00,+1.00,"2,406",2412
107/06/04,"6,069,700","666,941,000",110.00,110.50,109.50,110.00, 0.00,"2,937",2412
107/06/05,"4,622,474","509,130,140",110.00,110.50,110.00,110.00, 0.00,"2,099",2412
107/06/06,"6,016,754","661,412,000",109.50,110.50,109.50,110.50,+0.50,"3,464",2412
107/06/07,"8,250,860","906,090,996",110.00,110.50,109.50,110.00,-0.50,"3,512",2412
107/06/08,"6,800,947","746,540,670",109.50,110.00,109.00,110.00, 0.00,"2,997",2412
107/06/11,"6,304,406","692,877,660",110.00,110.50,109.50,109.50,-0.50,"3,355",2412
107/06/12,"6,809,011","747,259,210",109.50,110.50,109.50,109.50, 0.00,"3,185",2412
107/06/13,"4,688,362","515,059,680",109.50,110.00,109.50,110.00,+0.50,"2,593",2412
107/06/14,"6,090,915","666,099,168",109.50,110.00,109.00,109.00,-1.00,"3,226",2412
107/06/15,"12,730,122","1,394,953,420",109.00,110.00,109.00,109.50,+0.50,"3,407",2412
107/06/19,"20,096,242","2,198,140,949",109.00,110.00,109.00,109.00,-0.50,"4,893",2412
107/06/20,"11,181,995","1,231,435,450",109.50,110.50,109.00,110.00,+1.00,"5,535",2412
107/06/21,"6,177,927","678,134,970",109.50,110.50,109.50,109.50,-0.50,"3,655",2412
107/06/22,"9,278,751","1,015,522,610",109.50,110.00,109.00,110.00,+0.50,"3,609",2412
107/06/25,"4,900,271","537,371,810",109.50,110.00,109.50,109.50,-0.50,"1,954",2412
107/06/26,"6,452,314","707,841,540",109.50,110.00,109.50,109.50, 0.00,"2,746",2412
107/06/27,"7,336,800","805,575,070",109.50,110.50,109.50,109.50, 0.00,"2,409",2412
107/06/28,"5,421,663","594,970,930",109.50,110.00,109.50,110.00,+0.50,"2,568",2412
107/06/29,"4,869,558","534,706,380",110.00,110.00,109.50,110.00, 0.00,"1,990",2412
107/07/02,"4,601,367","504,615,370",110.00,110.00,109.50,109.50,-0.50,"2,273",2412
107/07/03,"17,939,577","1,990,199,208",110.00,112.50,109.50,111.00,+1.50,"4,313",2412
107/07/04,"2,873,415","319,899,739",111.00,111.50,111.00,111.50,+0.50,"1,637",2412
107/07/05,"5,203,155","581,989,249",111.50,112.00,111.50,112.00,+0.50,"1,859",2412
107/07/06,"6,347,535","709,554,920",111.50,112.00,111.50,112.00, 0.00,"3,224",2412
107/07/09,"3,985,303","446,087,436",112.00,112.50,111.50,112.00, 0.00,"2,136",2412
107/07/10,"5,509,389","618,544,568",112.00,112.50,112.00,112.50,+0.50,"2,338",2412
107/07/11,"5,909,458","660,818,296",112.00,112.50,111.50,112.00,-0.50,"2,742",2412
107/07/12,"6,085,003","678,500,315",111.50,112.00,111.00,111.50,-0.50,"1,822",2412
107/07/13,"5,586,401","621,773,181",111.50,111.50,111.00,111.50, 0.00,"1,816",2412
107/07/16,"4,520,715","503,622,181",111.50,111.50,111.00,111.50, 0.00,"1,995",2412
107/07/17,"6,684,032","745,920,584",111.50,112.00,111.00,112.00,+0.50,"2,438",2412
107/07/18,"6,866,966","768,020,192",112.00,112.00,111.50,112.00, 0.00,"3,407",2412
107/07/19,"8,935,171","997,715,038",112.00,112.00,111.50,111.50,-0.50,"4,089",2412
107/07/20,"12,410,467","1,383,878,024",111.50,112.00,111.00,111.50, 0.00,"4,341",2412
107/07/23,"15,925,245","1,689,763,215",106.00,106.50,105.50,106.50,X0.00,"6,974",2412
107/07/24,"22,985,320","2,435,264,536",107.00,107.50,105.00,105.50,-1.00,"6,996",2412
107/07/25,"11,196,224","1,178,051,536",105.50,106.00,104.50,105.00,-0.50,"5,502",2412
107/07/26,"7,129,072","749,997,132",105.50,105.50,105.00,105.50,+0.50,"3,199",2412
107/07/27,"6,376,868","670,937,008",105.50,105.50,105.00,105.50, 0.00,"3,924",2412
107/07/30,"5,626,196","595,359,776",105.50,106.00,105.50,106.00,+0.50,"3,007",2412
107/07/31,"14,562,493","1,547,044,471",106.00,107.00,105.50,106.00, 0.00,"4,450",2412
107/08/01,"6,479,573","687,185,989",106.00,106.50,105.50,106.00, 0.00,"3,775",2412
107/08/02,"8,191,116","866,221,296",106.00,106.50,105.50,105.50,-0.50,"4,635",2412
107/08/03,"6,937,965","733,306,249",105.50,106.00,105.00,106.00,+0.50,"4,083",2412
107/08/06,"5,492,955","584,393,685",106.00,106.50,106.00,106.50,+0.50,"3,755",2412
107/08/07,"8,904,812","947,554,384",106.50,106.50,106.00,106.50, 0.00,"3,929",2412
107/08/08,"8,865,877","945,997,339",106.50,107.00,106.50,107.00,+0.50,"4,201",2412
107/08/09,"9,040,183","965,283,081",107.00,107.50,106.50,107.00, 0.00,"4,090",2412
107/08/10,"7,349,998","785,209,742",107.00,107.50,106.50,107.50,+0.50,"2,795",2412
107/08/13,"7,482,698","798,317,686",107.00,107.50,106.50,106.50,-1.00,"2,977",2412
107/08/14,"9,073,485","968,521,895",107.00,107.00,106.50,107.00,+0.50,"3,408",2412
107/08/15,"10,726,372","1,146,539,804",106.50,107.50,106.50,107.00, 0.00,"3,391",2412
107/08/16,"11,468,542","1,224,501,994",106.50,107.50,106.00,106.50,-0.50,"4,862",2412
107/08/17,"5,373,954","574,219,078",106.50,107.00,106.50,107.00,+0.50,"3,561",2412
107/08/20,"9,966,077","1,068,796,237",107.00,107.50,107.00,107.00, 0.00,"4,129",2412
107/08/21,"14,856,294","1,605,388,325",107.00,108.50,107.00,108.50,+1.50,"7,246",2412
107/08/22,"7,404,037","800,332,995",107.50,108.50,107.50,108.00,-0.50,"3,954",2412
107/08/23,"5,417,334","585,205,710",108.00,108.50,107.50,108.50,+0.50,"2,601",2412
107/08/24,"5,155,780","555,189,557",108.00,108.00,107.50,107.50,-1.00,"2,748",2412
107/08/27,"6,630,316","717,597,744",108.00,108.50,107.50,108.00,+0.50,"3,161",2412
107/08/28,"3,887,054","421,037,886",108.50,108.50,108.00,108.50,+0.50,"2,210",2412
107/08/29,"2,401,013","260,090,917",108.50,108.50,108.00,108.50, 0.00,"1,546",2412
107/08/30,"7,594,142","818,977,836",108.00,108.50,107.50,107.50,-1.00,"4,932",2412
107/08/31,"7,486,005","809,672,515",107.50,108.50,107.50,108.50,+1.00,"3,414",2412
107/09/03,"4,656,278","503,833,125",108.00,108.50,108.00,108.00,-0.50,"3,491",2412
107/09/04,"4,456,394","482,311,720",108.00,108.50,108.00,108.50,+0.50,"3,660",2412
107/09/05,"7,152,841","773,961,691",108.00,108.50,108.00,108.00,-0.50,"4,367",2412
107/09/06,"5,696,327","613,736,603",107.50,108.00,107.50,107.50,-0.50,"3,531",2412
107/09/07,"11,354,235","1,229,252,975",107.50,108.50,107.50,108.00,+0.50,"6,426",2412
107/09/10,"11,367,017","1,233,941,267",108.00,109.00,108.00,108.50,+0.50,"5,761",2412
107/09/11,"15,396,852","1,684,662,720",108.50,110.00,108.50,110.00,+1.50,"5,960",2412
107/09/12,"12,095,889","1,333,602,790",110.00,110.50,109.50,110.00, 0.00,"5,729",2412
107/09/13,"7,442,732","813,837,124",109.50,110.00,109.00,109.50,-0.50,"3,465",2412
107/09/14,"7,837,764","852,340,776",109.00,109.50,108.50,108.50,-1.00,"3,975",2412
107/09/17,"7,346,777","798,703,693",109.00,109.50,108.50,108.50, 0.00,"2,874",2412
107/09/18,"11,931,140","1,309,030,300",108.50,110.50,108.50,110.00,+1.50,"4,571",2412
107/09/19,"7,356,238","809,412,180",110.00,110.50,109.50,110.50,+0.50,"3,872",2412
107/09/20,"6,076,696","668,142,970",110.00,110.50,109.50,110.00,-0.50,"2,817",2412
107/09/21,"10,978,388","1,206,198,680",110.00,110.50,109.50,109.50,-0.50,"3,222",2412
107/09/25,"4,508,340","494,116,900",109.50,110.00,109.00,109.50, 0.00,"1,393",2412
107/09/26,"4,356,022","477,970,367",110.00,110.00,109.50,109.50, 0.00,"1,723",2412
107/09/27,"6,493,210","713,452,600",109.00,110.50,109.00,110.00,+0.50,"2,553",2412
107/09/28,"5,173,386","570,021,960",110.00,110.50,109.50,110.00, 0.00,"2,589",2412
107/10/01,"2,971,568","327,924,692",110.00,110.50,110.00,110.50,+0.50,"1,656",2412
107/10/02,"6,630,230","727,445,800",110.00,110.50,109.50,109.50,-1.00,"3,037",2412
107/10/03,"5,166,464","562,863,286",109.50,109.50,108.50,109.00,-0.50,"2,071",2412
107/10/04,"6,808,862","737,785,483",109.00,109.00,108.00,108.00,-1.00,"3,564",2412
107/10/05,"13,360,060","1,447,523,540",108.00,109.50,107.50,109.00,+1.00,"4,527",2412
107/10/08,"6,160,646","669,635,914",109.00,109.00,108.00,108.50,-0.50,"3,005",2412
107/10/09,"8,693,012","949,486,264",108.50,110.00,108.50,109.50,+1.00,"3,460",2412
107/10/11,"25,740,666","2,796,399,686",108.00,109.50,108.00,108.50,-1.00,"10,079",2412
107/10/12,"15,456,470","1,662,045,949",108.00,108.00,107.00,108.00,-0.50,"5,584",2412
107/10/15,"12,580,518","1,343,739,635",107.50,107.50,106.50,106.50,-1.50,"5,394",2412
107/10/16,"8,396,946","898,366,649",106.50,107.50,106.00,107.00,+0.50,"3,458",2412
107/10/17,"8,091,642","866,502,490",107.50,108.00,106.50,107.00, 0.00,"4,610",2412
107/10/18,"11,823,121","1,270,778,982",106.50,108.50,106.50,107.50,+0.50,"3,796",2412
107/10/19,"6,938,337","741,756,059",107.50,107.50,106.50,106.50,-1.00,"2,868",2412
107/10/22,"3,662,494","392,090,540",106.50,107.50,106.50,107.50,+1.00,"2,199",2412
107/10/23,"6,804,496","727,627,072",106.50,107.50,106.50,106.50,-1.00,"3,000",2412
107/10/24,"9,982,856","1,070,157,592",107.00,107.50,106.50,107.00,+0.50,"4,292",2412
107/10/25,"15,176,952","1,626,802,290",106.50,108.00,106.50,108.00,+1.00,"4,891",2412
107/10/26,"23,919,196","2,589,675,730",107.50,109.00,107.00,109.00,+1.00,"8,460",2412
107/10/29,"11,435,905","1,245,305,645",108.50,110.00,108.00,109.50,+0.50,"3,248",2412
107/10/30,"7,889,337","855,473,028",109.50,109.50,108.00,108.50,-1.00,"2,694",2412
107/10/31,"9,326,798","1,017,660,982",108.50,109.50,108.50,109.50,+1.00,"2,964",2412
107/11/01,"16,931,776","1,818,940,891",108.50,108.50,107.00,107.00,-2.50,"5,393",2412
107/11/02,"31,311,728","3,302,388,469",107.00,107.00,104.50,106.00,-1.00,"13,290",2412
107/11/05,"10,322,127","1,086,386,495",105.50,106.00,105.00,105.50,-0.50,"5,912",2412
107/11/06,"6,923,852","732,542,206",105.50,106.50,105.00,106.00,+0.50,"3,404",2412
107/11/07,"7,328,952","782,808,864",106.00,107.00,106.00,107.00,+1.00,"3,184",2412
107/11/08,"7,037,932","754,489,163",107.00,107.50,107.00,107.00, 0.00,"3,122",2412
107/11/09,"3,425,196","367,157,972",107.00,107.50,106.50,107.00, 0.00,"2,184",2412
107/11/12,"6,529,612","698,636,984",107.00,107.50,106.50,106.50,-0.50,"2,159",2412
107/11/13,"7,318,324","776,894,668",106.00,107.00,105.50,107.00,+0.50,"2,940",2412
107/11/14,"5,348,291","571,123,637",107.00,107.00,106.50,107.00, 0.00,"2,599",2412
107/11/15,"10,448,823","1,114,624,438",107.50,108.00,106.00,107.00, 0.00,"3,643",2412
107/11/16,"8,161,044","866,801,141",107.00,107.00,106.00,106.00,-1.00,"3,379",2412
107/11/19,"8,596,639","914,398,513",106.50,107.00,106.00,106.50,+0.50,"3,934",2412
107/11/20,"3,583,586","382,160,702",106.50,107.00,106.00,107.00,+0.50,"1,602",2412
107/11/21,"9,920,679","1,060,672,653",106.50,107.50,106.00,107.00, 0.00,"2,931",2412
107/11/22,"3,891,043","417,604,101",107.00,107.50,106.50,107.50,+0.50,"1,935",2412
107/11/23,"6,703,959","720,406,073",107.50,108.00,107.00,108.00,+0.50,"3,281",2412
107/11/26,"7,563,459","813,728,300",107.50,108.00,107.00,107.50,-0.50,"2,896",2412
107/11/27,"4,942,661","530,252,528",107.50,108.00,107.00,107.50, 0.00,"1,774",2412
107/11/28,"9,827,267","1,053,127,180",107.50,108.00,106.50,107.50, 0.00,"4,393",2412
107/11/29,"7,897,401","845,706,407",108.00,108.00,106.50,106.50,-1.00,"3,983",2412
107/11/30,"14,284,384","1,529,080,088",107.00,107.50,106.50,107.00,+0.50,"3,529",2412
107/12/03,"14,646,163","1,557,190,941",107.50,107.50,106.00,106.00,-1.00,"6,168",2412
107/12/04,"8,034,070","853,617,914",106.00,107.00,106.00,106.00, 0.00,"2,982",2412
107/12/05,"3,298,152","350,809,764",106.50,107.00,106.00,106.50,+0.50,"1,259",2412
107/12/06,"6,655,787","707,856,275",106.50,107.00,106.00,106.50, 0.00,"2,293",2412
107/12/07,"4,124,962","440,057,934",106.50,107.00,106.50,107.00,+0.50,"2,535",2412
107/12/10,"4,948,858","528,241,306",106.50,107.00,106.50,107.00, 0.00,"3,397",2412
107/12/11,"4,849,141","519,261,594",107.00,107.50,106.50,107.50,+0.50,"2,751",2412
107/12/12,"6,625,820","711,274,127",107.50,107.50,107.00,107.50, 0.00,"2,562",2412
107/12/13,"5,805,098","622,491,006",107.50,107.50,107.00,107.50, 0.00,"2,416",2412
107/12/14,"7,021,979","750,766,222",107.00,107.50,106.50,107.50, 0.00,"3,084",2412
107/12/17,"3,820,305","410,208,218",107.50,107.50,107.00,107.50, 0.00,"1,942",2412
107/12/18,"5,275,321","564,538,482",107.50,107.50,106.50,106.50,-1.00,"2,166",2412
107/12/19,"4,881,155","523,953,142",107.00,107.50,106.50,107.50,+1.00,"2,441",2412
107/12/20,"4,204,769","450,886,631",107.00,107.50,107.00,107.50, 0.00,"2,051",2412
107/12/21,"5,731,435","615,475,235",107.00,107.50,107.00,107.50, 0.00,"1,716",2412
107/12/22,"6,484,126","697,250,539",107.50,108.00,107.00,108.00,+0.50,"1,220",2412
107/12/24,"7,191,182","769,013,042",107.50,108.00,106.50,107.00,-1.00,"1,872",2412
107/12/25,"7,194,040","767,176,780",106.50,107.50,106.00,106.50,-0.50,"2,764",2412
107/12/26,"11,874,355","1,261,435,270",106.50,107.00,106.00,106.00,-0.50,"2,546",2412
107/12/27,"7,382,343","784,061,002",106.50,107.00,106.00,106.50,+0.50,"2,461",2412
107/12/28,"23,472,272","2,628,853,148",107.00,113.00,106.50,113.00,+6.50,"4,394",2412
108/01/02,"10,664,118","1,148,738,637",108.00,108.50,107.00,107.00,-6.00,"3,534",2412
108/01/03,"5,508,818","590,296,911",107.50,107.50,107.00,107.00, 0.00,"2,818",2412
108/01/04,"5,947,097","637,920,390",107.00,107.50,106.50,107.50,+0.50,"3,460",2412
108/01/07,"5,665,348","611,100,084",108.00,108.00,107.50,108.00,+0.50,"3,805",2412
108/01/08,"7,607,006","815,195,609",108.00,108.00,107.00,107.00,-1.00,"3,029",2412
108/01/09,"8,300,702","889,923,439",107.50,107.50,107.00,107.50,+0.50,"3,609",2412
108/01/10,"6,220,751","664,013,857",106.50,107.00,106.50,107.00,-0.50,"2,700",2412
108/01/11,"6,847,797","730,781,279",107.00,107.00,106.50,107.00, 0.00,"2,654",2412
108/01/14,"6,641,129","706,521,803",107.00,107.00,106.00,106.50,-0.50,"2,866",2412
108/01/15,"5,968,885","637,080,099",106.50,107.00,106.50,107.00,+0.50,"3,082",2412
108/01/16,"5,727,210","611,358,970",106.50,107.00,106.50,107.00, 0.00,"2,457",2412
108/01/17,"4,311,517","460,333,999",106.50,107.00,106.50,107.00, 0.00,"2,159",2412
108/01/18,"6,127,169","654,161,583",107.00,107.00,106.50,107.00, 0.00,"2,908",2412
108/01/21,"7,168,975","763,317,825",107.00,107.00,106.00,106.50,-0.50,"3,877",2412
108/01/22,"10,011,495","1,071,307,159",106.50,107.50,106.50,107.50,+1.00,"3,804",2412
108/01/23,"5,558,447","595,783,829",107.00,108.00,106.50,107.00,-0.50,"1,828",2412
108/01/24,"7,790,106","831,011,342",107.00,107.50,106.50,107.00, 0.00,"4,694",2412
108/01/25,"7,838,333","836,770,131",107.00,107.00,106.50,107.00, 0.00,"4,508",2412
108/01/28,"7,458,995","795,199,465",106.50,107.00,106.50,106.50,-0.50,"4,468",2412
108/01/29,"7,233,532","772,549,924",107.00,107.00,106.50,107.00,+0.50,"3,864",2412
108/01/30,"9,310,055","994,421,385",107.00,107.00,106.50,107.00, 0.00,"3,882",2412
108/02/11,"15,270,358","1,638,942,306",107.50,108.00,106.50,106.50,-0.50,"6,128",2412
108/02/12,"12,912,519","1,377,527,533",107.00,107.50,106.50,107.00,+0.50,"6,399",2412
108/02/13,"11,838,394","1,260,604,393",107.00,107.00,106.00,106.00,-1.00,"5,612",2412
108/02/14,"7,964,309","845,836,364",106.50,107.00,106.00,106.00, 0.00,"3,326",2412
108/02/15,"8,260,742","878,355,894",106.50,107.00,106.00,106.50,+0.50,"3,268",2412
108/02/18,"8,435,027","897,409,889",106.50,107.00,106.00,106.50, 0.00,"3,191",2412
108/02/19,"5,957,214","632,083,227",106.50,107.00,106.00,106.00,-0.50,"3,187",2412
108/02/20,"9,254,102","983,080,821",106.00,106.50,106.00,106.50,+0.50,"4,686",2412
108/02/21,"7,410,452","788,238,097",106.00,106.50,106.00,106.50, 0.00,"3,560",2412
108/02/22,"7,165,562","765,461,634",106.50,107.00,106.00,107.00,+0.50,"3,196",2412
108/02/25,"7,456,253","796,705,071",107.00,107.00,106.50,107.00, 0.00,"4,104",2412
108/02/26,"9,632,887","1,027,626,609",107.00,107.00,106.50,106.50,-0.50,"3,879",2412
108/02/27,"8,008,331","856,279,917",106.50,107.50,106.50,107.00,+0.50,"4,034",2412
108/03/04,"9,591,844","1,021,357,757",106.50,107.50,106.50,107.00, 0.00,"4,342",2412
108/03/05,"7,242,651","776,074,940",107.00,107.50,106.50,107.00, 0.00,"3,677",2412
108/03/06,"6,699,834","719,243,608",107.00,107.50,107.00,107.50,+0.50,"3,827",2412
108/03/07,"5,129,977","550,555,496",107.00,107.50,107.00,107.00,-0.50,"3,580",2412
108/03/08,"6,251,360","670,646,668",107.00,107.50,107.00,107.50,+0.50,"3,432",2412
108/03/11,"5,730,356","614,838,227",107.50,107.50,107.00,107.00,-0.50,"3,000",2412
108/03/12,"4,257,075","458,970,014",107.50,108.00,107.50,108.00,+1.00,"2,537",2412
108/03/13,"5,047,766","544,745,728",108.00,108.00,107.50,108.00, 0.00,"2,572",2412
108/03/14,"4,913,545","529,630,860",108.00,108.00,107.50,107.50,-0.50,"1,800",2412
108/03/15,"16,943,571","1,827,720,668",108.00,108.50,107.50,108.00,+0.50,"5,373",2412
108/03/18,"5,290,682","570,412,156",108.00,108.00,107.50,108.00, 0.00,"3,322",2412
108/03/19,"7,158,092","771,467,436",107.50,108.00,107.50,108.00, 0.00,"3,831",2412
108/03/20,"6,858,833","739,951,464",108.00,108.50,107.50,108.00, 0.00,"3,871",2412
108/03/21,"6,886,811","744,243,588",108.00,108.50,108.00,108.00, 0.00,"3,607",2412
108/03/22,"5,782,954","624,576,476",108.00,108.50,107.50,108.50,+0.50,"3,072",2412
108/03/25,"5,201,894","561,752,552",108.00,108.50,107.50,107.50,-1.00,"3,173",2412
108/03/26,"2,743,405","296,873,740",108.00,108.50,108.00,108.50,+1.00,"1,896",2412
108/03/27,"6,364,055","690,810,922",108.50,109.00,108.00,108.50, 0.00,"2,672",2412
108/03/28,"4,995,425","544,118,585",108.50,109.00,108.50,109.00,+0.50,"2,302",2412
108/03/29,"5,386,867","588,919,503",109.00,109.50,108.50,109.50,+0.50,"2,056",2412
108/04/01,"16,714,913","1,838,923,930",109.50,110.50,109.00,110.50,+1.00,"5,380",2412
108/04/02,"11,111,665","1,220,298,761",110.00,110.50,109.50,109.50,-1.00,"2,609",2412
108/04/03,"5,752,629","627,549,561",110.00,110.00,108.50,108.50,-1.00,"2,313",2412
108/04/08,"8,115,608","881,413,772",108.50,109.00,108.50,108.50, 0.00,"3,072",2412
108/04/09,"5,192,820","565,942,880",108.50,109.50,108.50,109.50,+1.00,"3,140",2412
108/04/10,"6,204,390","677,779,144",109.00,109.50,108.50,109.50, 0.00,"3,430",2412
108/04/11,"8,660,871","942,251,939",109.00,109.50,108.50,109.00,-0.50,"3,991",2412
108/04/12,"7,322,669","799,416,421",108.50,109.50,108.50,109.50,+0.50,"3,217",2412
108/04/15,"5,801,469","634,838,272",109.00,110.00,109.00,109.50, 0.00,"2,792",2412
108/04/16,"4,773,086","523,474,882",109.00,110.00,109.00,110.00,+0.50,"2,740",2412
108/04/17,"4,907,393","538,492,004",110.00,110.00,109.50,109.50,-0.50,"2,580",2412
108/04/18,"7,418,175","814,874,229",109.50,110.00,109.00,110.00,+0.50,"2,861",2412
108/04/19,"3,916,816","429,617,818",110.00,110.00,109.50,109.50,-0.50,"1,872",2412
108/04/22,"3,223,439","354,491,790",110.00,110.50,109.50,110.00,+0.50,"2,380",2412
108/04/23,"3,791,782","418,058,520",110.00,110.50,109.50,110.50,+0.50,"1,353",2412
108/04/24,"7,418,638","818,590,965",110.00,110.50,110.00,110.50, 0.00,"3,333",2412
108/04/25,"3,964,400","437,705,657",110.50,111.00,110.00,110.50, 0.00,"1,961",2412
108/04/26,"6,580,800","727,665,361",110.50,111.00,110.00,110.50, 0.00,"1,870",2412
108/04/29,"4,857,669","537,919,390",110.50,111.00,110.00,111.00,+0.50,"2,040",2412
108/04/30,"10,679,394","1,184,336,154",111.00,111.50,110.50,111.00, 0.00,"5,062",2412
108/05/02,"6,338,875","704,450,625",111.00,111.50,111.00,111.00, 0.00,"3,142",2412
108/05/03,"5,941,965","659,974,615",111.00,111.50,110.50,111.00, 0.00,"2,203",2412
108/05/06,"6,726,957","743,254,700",111.00,111.00,110.00,110.50,-0.50,"2,668",2412
108/05/07,"3,540,974","392,105,090",110.50,111.00,110.50,110.50, 0.00,"1,929",2412
108/05/08,"7,319,926","811,737,286",110.50,111.50,110.50,111.50,+1.00,"2,735",2412
108/05/09,"7,889,213","871,957,930",111.00,111.00,110.00,110.00,-1.50,"2,619",2412
108/05/10,"6,963,743","767,482,730",110.00,110.50,109.50,110.00, 0.00,"2,284",2412
108/05/13,"6,719,157","740,766,270",110.00,110.50,110.00,110.00, 0.00,"2,506",2412
108/05/14,"11,527,887","1,277,293,457",110.00,111.50,109.50,111.50,+1.50,"3,427",2412
108/05/15,"5,633,496","624,793,056",111.00,111.50,110.50,110.50,-1.00,"2,251",2412
108/05/16,"3,549,763","392,670,254",110.50,111.00,110.50,110.50, 0.00,"1,904",2412
108/05/17,"4,813,837","534,516,407",110.50,111.50,110.50,111.00,+0.50,"2,037",2412
108/05/20,"10,262,621","1,145,221,931",111.00,112.00,111.00,111.50,+0.50,"3,766",2412
108/05/21,"10,047,289","1,127,526,368",112.00,112.50,111.50,112.50,+1.00,"3,374",2412
108/05/22,"5,313,147","594,645,964",112.50,112.50,111.50,112.00,-0.50,"2,629",2412
108/05/23,"4,238,560","474,190,220",112.00,112.00,111.50,112.00, 0.00,"2,102",2412
108/05/24,"6,107,383","685,469,685",112.00,112.50,111.50,112.00, 0.00,"3,309",2412
108/05/27,"3,700,946","415,467,452",112.00,112.50,112.00,112.00, 0.00,"2,216",2412
108/05/28,"16,337,051","1,822,556,159",112.00,112.50,111.50,111.50,-0.50,"2,240",2412
108/05/29,"4,990,889","558,054,604",111.50,112.00,111.50,112.00,+0.50,"2,663",2412
108/05/30,"5,650,669","634,434,428",112.00,112.50,111.50,112.50,+0.50,"2,766",2412
108/05/31,"10,693,361","1,200,990,595",112.00,112.50,111.50,112.50, 0.00,"3,913",2412
108/06/03,"6,954,093","784,682,009",112.00,113.00,112.00,113.00,+0.50,"3,354",2412
108/06/04,"6,933,784","783,334,592",113.00,113.50,112.50,113.00, 0.00,"2,604",2412
108/06/05,"7,217,826","817,830,338",113.00,113.50,112.50,113.50,+0.50,"3,770",2412
108/06/06,"2,569,079","291,097,427",113.00,113.50,113.00,113.50, 0.00,"1,452",2412
108/06/10,"4,822,206","548,735,814",113.50,114.00,113.50,114.00,+0.50,"2,201",2412
108/06/11,"4,660,805","529,604,296",114.00,114.00,113.00,113.50,-0.50,"2,297",2412
108/06/12,"7,439,944","841,509,672",113.00,113.50,112.50,113.00,-0.50,"2,899",2412
108/06/13,"5,660,261","638,250,493",113.00,113.00,112.50,113.00, 0.00,"3,085",2412
108/06/14,"6,654,255","747,342,668",112.50,113.00,112.00,112.50,-0.50,"2,731",2412
108/06/17,"8,327,344","933,432,169",112.50,112.50,112.00,112.00,-0.50,"3,912",2412
108/06/18,"6,036,636","675,054,526",112.00,112.00,111.50,112.00, 0.00,"3,637",2412
108/06/19,"9,456,197","1,068,077,761",112.50,113.50,112.00,113.50,+1.50,"4,815",2412
108/06/20,"7,749,682","872,181,066",112.50,113.00,112.00,112.50,-1.00,"2,518",2412
108/06/21,"9,775,303","1,106,679,739",112.50,113.50,112.00,113.50,+1.00,"3,365",2412
108/06/24,"5,209,377","591,684,478",113.50,114.00,113.00,114.00,+0.50,"2,658",2412
108/06/25,"5,052,751","574,263,197",113.50,114.00,113.00,114.00, 0.00,"2,418",2412
108/06/26,"4,936,698","562,126,072",114.00,114.00,113.50,114.00, 0.00,"2,366",2412
108/06/27,"8,818,627","1,001,073,141",114.00,114.00,113.00,113.50,-0.50,"3,783",2412
108/06/28,"6,405,433","726,410,124",113.50,114.00,113.00,113.00,-0.50,"1,596",2412
108/07/01,"5,850,552","662,884,117",113.50,114.00,113.00,113.00, 0.00,"2,554",2412
108/07/02,"5,475,494","620,282,535",113.00,113.50,113.00,113.50,+0.50,"3,002",2412
108/07/03,"2,981,840","337,836,309",113.00,113.50,113.00,113.50, 0.00,"1,599",2412
108/07/04,"6,974,638","787,554,960",113.50,113.50,112.50,113.00,-0.50,"2,008",2412
108/07/05,"2,970,660","336,425,871",113.00,113.50,113.00,113.50,+0.50,"1,556",2412
108/07/08,"7,372,113","837,234,501",113.50,114.00,113.00,114.00,+0.50,"1,891",2412
108/07/09,"6,015,794","682,262,717",114.00,114.00,113.00,113.50,-0.50,"2,162",2412
108/07/10,"6,186,386","701,501,262",113.50,113.50,113.00,113.50, 0.00,"1,878",2412
108/07/11,"6,343,721","717,878,473",113.50,113.50,113.00,113.50, 0.00,"1,920",2412
108/07/12,"6,232,979","705,320,827",113.00,113.50,113.00,113.00,-0.50,"2,650",2412
108/07/15,"3,762,182","423,820,566",113.00,113.00,112.50,112.50,-0.50,"1,763",2412
108/07/16,"8,689,351","973,317,812",112.50,113.00,111.50,111.50,-1.00,"4,325",2412
108/07/17,"9,700,483","1,080,823,596",111.50,112.00,111.00,112.00,+0.50,"3,990",2412
108/07/18,"3,840,243","429,546,315",112.00,112.00,111.50,112.00, 0.00,"2,346",2412
108/07/19,"4,725,362","530,497,703",112.00,112.50,112.00,112.00, 0.00,"2,568",2412
108/07/22,"5,177,045","581,513,527",112.00,112.50,112.00,112.50,+0.50,"2,832",2412
108/07/23,"11,407,880","1,282,312,472",112.50,113.00,112.00,112.00,-0.50,"5,816",2412
108/07/24,"13,013,886","1,460,128,636",112.00,112.50,112.00,112.00, 0.00,"7,935",2412
108/07/25,"23,214,124","2,486,927,753",107.00,107.50,107.00,107.00,X0.00,"13,138",2412
108/07/26,"8,720,612","938,531,096",107.50,108.00,107.00,107.50,+0.50,"6,899",2412
108/07/29,"7,031,843","757,215,544",107.50,108.00,107.50,107.50, 0.00,"5,091",2412
108/07/30,"5,728,610","616,295,380",108.00,108.00,107.50,107.50, 0.00,"3,264",2412
108/07/31,"6,542,598","705,487,860",108.00,108.00,107.50,108.00,+0.50,"2,998",2412
108/08/01,"7,028,127","755,427,112",107.50,108.00,107.00,107.00,-1.00,"3,545",2412
108/08/02,"9,608,197","1,029,594,131",107.00,107.50,107.00,107.00, 0.00,"4,397",2412
108/08/05,"7,058,310","757,065,232",107.00,107.50,107.00,107.50,+0.50,"3,650",2412
108/08/06,"9,676,116","1,033,708,412",107.00,107.00,106.50,106.50,-1.00,"4,433",2412
108/08/07,"9,636,935","1,029,484,045",107.00,107.50,106.50,106.50, 0.00,"4,337",2412
108/08/08,"4,160,707","446,012,952",106.50,107.50,106.50,107.50,+1.00,"2,026",2412
108/08/12,"4,357,228","468,585,124",107.50,108.00,107.00,107.50, 0.00,"2,581",2412
108/08/13,"4,461,194","477,848,818",107.50,107.50,107.00,107.00,-0.50,"2,443",2412
108/08/14,"4,174,497","447,525,401",107.50,108.00,107.00,107.00, 0.00,"2,340",2412
108/08/15,"4,864,937","519,021,259",107.00,107.00,106.50,106.50,-0.50,"2,723",2412
108/08/16,"8,278,776","888,862,308",107.00,108.00,106.50,108.00,+1.50,"3,884",2412
108/08/19,"5,376,652","578,087,557",107.50,108.00,107.00,107.50,-0.50,"2,420",2412
108/08/20,"4,505,636","483,109,330",107.50,107.50,107.00,107.00,-0.50,"2,504",2412
108/08/21,"3,984,328","427,357,200",107.50,107.50,107.00,107.50,+0.50,"2,261",2412
108/08/22,"4,961,578","532,484,606",107.50,108.00,107.00,107.00,-0.50,"2,383",2412
108/08/23,"5,589,689","599,620,044",107.50,107.50,107.00,107.50,+0.50,"2,697",2412
108/08/26,"3,059,051","327,712,443",107.00,107.50,107.00,107.00,-0.50,"1,650",2412
108/08/27,"8,419,782","904,537,512",107.50,107.50,107.00,107.50,+0.50,"2,048",2412
108/08/28,"4,480,994","482,312,352",107.50,108.00,107.00,108.00,+0.50,"2,080",2412
108/08/29,"6,682,899","721,730,493",108.00,108.50,107.50,108.50,+0.50,"3,760",2412
108/08/30,"11,132,534","1,211,287,956",108.50,109.00,108.00,109.00,+0.50,"5,485",2412
108/09/02,"7,737,376","848,575,360",109.00,110.00,108.50,110.00,+1.00,"3,868",2412
108/09/03,"7,597,235","834,976,350",110.00,110.50,109.50,109.50,-0.50,"3,772",2412
108/09/04,"5,983,062","655,804,820",109.50,110.00,109.00,110.00,+0.50,"3,371",2412
108/09/05,"6,513,974","715,337,140",109.50,110.00,109.50,110.00, 0.00,"3,868",2412
108/09/06,"5,376,829","590,287,690",109.50,110.00,109.00,110.00, 0.00,"3,115",2412
108/09/09,"6,685,051","736,616,574",110.00,110.50,109.50,110.50,+0.50,"3,990",2412
108/09/10,"9,780,716","1,084,298,976",110.50,111.00,110.00,111.00,+0.50,"4,871",2412
108/09/11,"8,394,489","932,622,477",111.00,111.50,110.50,111.00, 0.00,"3,760",2412
108/09/12,"6,693,386","743,968,346",111.00,111.50,110.50,111.00, 0.00,"3,520",2412
108/09/16,"6,327,127","704,614,100",111.00,111.50,111.00,111.50,+0.50,"2,621",2412
108/09/17,"5,254,659","585,198,436",111.50,111.50,111.00,111.50, 0.00,"2,682",2412
108/09/18,"7,983,806","892,200,838",111.50,112.00,111.00,111.50, 0.00,"3,658",2412
108/09/19,"3,240,454","362,079,096",111.50,112.00,111.50,112.00,+0.50,"1,630",2412
108/09/20,"11,268,115","1,264,195,380",112.00,112.50,111.00,112.50,+0.50,"2,935",2412
108/09/23,"4,234,757","474,860,034",112.50,112.50,112.00,112.00,-0.50,"2,415",2412
108/09/24,"6,464,111","721,626,353",112.00,112.00,111.50,111.50,-0.50,"2,841",2412
108/09/25,"6,198,959","686,435,949",111.50,111.50,110.50,110.50,-1.00,"3,508",2412
108/09/26,"4,812,477","530,684,177",111.00,111.00,110.00,110.00,-0.50,"2,925",2412
108/09/27,"6,040,330","669,149,630",110.50,111.00,110.00,111.00,+1.00,"3,431",2412
108/10/01,"7,597,841","848,806,724",112.00,112.00,111.00,112.00,+1.00,"3,460",2412
108/10/02,"7,390,141","829,240,792",112.00,112.50,112.00,112.00, 0.00,"4,287",2412
108/10/03,"3,990,286","445,310,365",111.00,112.00,111.00,111.50,-0.50,"2,701",2412
108/10/04,"4,565,497","510,894,164",111.50,112.00,111.50,112.00,+0.50,"2,841",2412
108/10/07,"3,800,146","426,502,878",112.00,112.50,112.00,112.50,+0.50,"2,378",2412
108/10/08,"4,867,484","546,477,208",112.00,112.50,112.00,112.50, 0.00,"3,435",2412
108/10/09,"4,920,025","551,417,756",112.00,112.50,111.50,111.50,-1.00,"2,849",2412
108/10/14,"6,737,206","755,625,072",112.00,112.50,112.00,112.00,+0.50,"3,807",2412
108/10/15,"5,464,050","612,089,600",112.00,112.50,111.50,112.00, 0.00,"3,567",2412
108/10/16,"7,273,388","816,289,956",112.00,112.50,111.50,112.50,+0.50,"4,033",2412
108/10/17,"4,755,532","534,233,334",112.00,112.50,112.00,112.50, 0.00,"2,536",2412
108/10/18,"13,323,441","1,497,343,587",112.50,112.50,112.00,112.50, 0.00,"2,938",2412
108/10/21,"7,635,526","858,677,132",112.00,113.00,112.00,112.50, 0.00,"3,390",2412
108/10/22,"4,009,969","452,501,491",112.50,113.00,112.50,113.00,+0.50,"2,311",2412
108/10/23,"6,084,151","684,021,964",112.50,113.00,112.00,112.50,-0.50,"3,429",2412
108/10/24,"6,668,208","749,360,383",112.50,113.00,112.00,113.00,+0.50,"3,804",2412
108/10/25,"4,915,193","551,995,170",112.50,113.00,112.00,112.50,-0.50,"3,156",2412
108/10/28,"3,182,666","358,928,258",112.50,113.00,112.00,113.00,+0.50,"2,064",2412
108/10/29,"5,399,485","608,813,533",113.00,113.00,112.50,112.50,-0.50,"3,221",2412
108/10/30,"5,061,208","571,126,875",112.50,113.00,112.50,113.00,+0.50,"3,232",2412
108/10/31,"8,684,944","975,944,668",113.00,113.00,112.00,112.00,-1.00,"3,614",2412
108/11/01,"5,105,204","575,291,418",112.50,113.00,112.00,113.00,+1.00,"2,364",2412
108/11/04,"4,406,142","497,340,046",112.50,113.00,112.50,113.00, 0.00,"3,104",2412
108/11/05,"5,906,147","666,638,111",112.50,113.00,112.50,113.00, 0.00,"3,502",2412
108/11/06,"16,499,226","1,869,404,038",113.00,114.00,112.50,113.50,+0.50,"5,069",2412
108/11/07,"5,199,914","589,332,682",113.50,113.50,113.00,113.00,-0.50,"3,005",2412
108/11/08,"6,870,755","780,264,406",113.50,114.00,113.00,113.50,+0.50,"2,921",2412
108/11/11,"3,747,853","426,150,246",113.50,114.00,113.00,114.00,+0.50,"2,388",2412
108/11/12,"4,472,078","508,350,791",114.00,114.00,113.50,113.50,-0.50,"2,962",2412
108/11/13,"8,513,845","962,572,985",113.00,113.50,112.50,112.50,-1.00,"3,693",2412
108/11/14,"4,420,666","499,124,758",113.00,113.50,112.50,113.00,+0.50,"2,924",2412
108/11/15,"5,054,317","573,013,434",113.50,113.50,113.00,113.50,+0.50,"2,674",2412
108/11/18,"5,104,544","580,218,201",113.50,114.00,113.00,113.50, 0.00,"2,865",2412
108/11/19,"6,200,346","701,785,098",113.00,114.00,112.50,113.00,-0.50,"3,781",2412
108/11/20,"8,223,154","933,288,902",113.00,114.00,113.00,114.00,+1.00,"3,666",2412
108/11/21,"5,692,117","644,677,221",113.50,114.00,113.00,113.00,-1.00,"2,274",2412
108/11/22,"7,014,981","797,141,309",113.50,114.00,113.00,114.00,+1.00,"2,517",2412
108/11/25,"5,226,486","594,097,105",113.50,114.00,113.00,113.50,-0.50,"3,510",2412
108/11/26,"22,552,577","2,545,156,701",114.00,114.00,112.50,112.50,-1.00,"4,741",2412
108/11/27,"5,160,618","584,111,334",113.50,113.50,113.00,113.00,+0.50,"2,567",2412
108/11/28,"6,086,728","686,108,264",113.00,113.50,112.50,112.50,-0.50,"3,748",2412
108/11/29,"3,847,421","433,929,335",112.50,113.00,112.50,113.00,+0.50,"1,819",2412
108/12/02,"3,760,787","424,258,431",113.00,113.00,112.50,113.00, 0.00,"2,031",2412
108/12/03,"7,069,645","799,618,885",113.00,113.50,112.50,113.00, 0.00,"3,029",2412
108/12/04,"4,162,445","469,391,535",113.00,113.00,112.50,113.00, 0.00,"1,705",2412
108/12/05,"10,652,808","1,203,543,304",113.00,113.50,112.50,113.00, 0.00,"2,717",2412
108/12/06,"4,447,826","501,267,338",113.00,113.00,112.50,112.50,-0.50,"2,847",2412
108/12/09,"8,666,163","972,074,303",112.50,112.50,112.00,112.00,-0.50,"3,333",2412
108/12/10,"8,069,073","901,667,676",112.00,112.50,111.50,111.50,-0.50,"3,679",2412
108/12/11,"8,085,711","900,588,196",111.50,112.00,111.00,111.00,-0.50,"3,337",2412
108/12/12,"9,262,829","1,033,431,848",111.50,112.00,111.00,111.50,+0.50,"3,268",2412
108/12/13,"9,705,220","1,086,614,640",112.00,112.50,111.50,112.00,+0.50,"3,505",2412
108/12/16,"21,694,088","2,413,664,768",111.50,112.00,110.50,110.50,-1.50,"5,435",2412
108/12/17,"14,318,414","1,583,292,954",111.00,111.00,110.00,110.50, 0.00,"5,097",2412
108/12/18,"10,571,450","1,171,032,950",110.50,111.00,110.50,110.50, 0.00,"3,667",2412
108/12/19,"9,438,590","1,042,037,167",110.50,111.00,110.00,110.00,-0.50,"2,229",2412
108/12/20,"8,780,053","973,307,883",110.50,111.00,110.00,111.00,+1.00,"2,017",2412
108/12/23,"2,548,931","283,250,754",111.00,111.50,110.50,111.50,+0.50,"1,549",2412
108/12/24,"5,797,409","642,751,399",111.00,111.50,110.50,110.50,-1.00,"2,655",2412
108/12/25,"4,816,640","534,312,540",110.50,111.50,110.50,110.50, 0.00,"1,421",2412
108/12/26,"2,423,940","269,176,840",111.00,111.50,110.50,111.00,+0.50,"1,048",2412
108/12/27,"3,249,879","361,567,978",111.50,111.50,110.50,111.50,+0.50,"1,477",2412
108/12/30,"6,051,645","672,593,595",111.50,111.50,110.50,111.00,-0.50,"2,265",2412
108/12/31,"6,503,200","717,292,046",111.00,111.50,110.00,110.00,-1.00,"2,800",2412
109/01/02,"8,125,141","893,625,010",110.50,110.50,109.50,109.50,-0.50,"4,381",2412
109/01/03,"7,416,848","815,942,140",110.00,110.50,109.50,110.50,+1.00,"3,749",2412
109/01/06,"5,303,895","584,685,334",110.50,110.50,110.00,110.00,-0.50,"3,455",2412
109/01/07,"14,171,476","1,548,507,360",110.00,110.00,108.50,109.50,-0.50,"4,984",2412
109/01/08,"9,437,253","1,033,219,156",109.50,110.00,109.00,109.00,-0.50,"4,282",2412
109/01/09,"7,520,338","824,788,180",109.50,110.00,109.00,109.50,+0.50,"3,306",2412
109/01/10,"5,737,892","628,623,120",109.50,110.00,109.00,109.50, 0.00,"2,447",2412
109/01/13,"14,512,141","1,586,617,010",109.50,110.00,108.50,110.00,+0.50,"5,056",2412
109/01/14,"11,104,620","1,214,396,700",109.50,110.00,108.50,109.50,-0.50,"3,394",2412
109/01/15,"12,586,074","1,371,458,056",109.00,109.50,108.50,109.00,-0.50,"3,990",2412
109/01/16,"9,307,953","1,015,946,788",109.00,109.50,108.50,109.50,+0.50,"3,843",2412
109/01/17,"8,286,953","905,833,314",109.50,110.00,109.00,109.50, 0.00,"4,534",2412
109/01/20,"7,200,798","788,526,780",109.50,110.00,109.00,109.50, 0.00,"3,640",2412
109/01/30,"17,655,824","1,911,198,316",108.50,109.00,108.00,108.50,-1.00,"8,598",2412
109/01/31,"15,411,293","1,665,544,879",107.50,109.00,107.50,108.00,-0.50,"4,871",2412
109/02/03,"12,973,281","1,397,347,629",107.50,108.00,107.00,108.00, 0.00,"4,187",2412
109/02/04,"13,601,163","1,468,086,658",107.50,108.50,107.00,108.00, 0.00,"3,820",2412
109/02/05,"7,127,971","770,713,796",108.00,108.50,108.00,108.00, 0.00,"3,972",2412
109/02/06,"5,967,464","648,023,076",108.50,109.00,108.50,108.50,+0.50,"3,177",2412
109/02/07,"7,526,636","818,778,824",109.00,109.00,108.50,109.00,+0.50,"3,456",2412
109/02/10,"6,295,322","683,774,098",109.00,109.00,108.00,109.00, 0.00,"1,938",2412
109/02/11,"3,888,202","423,045,518",109.00,109.50,108.50,108.50,-0.50,"2,328",2412
109/02/12,"6,959,768","756,506,712",109.00,109.00,108.50,108.50, 0.00,"3,995",2412
109/02/13,"5,627,386","613,788,715",109.00,109.50,108.50,109.50,+1.00,"2,219",2412
109/02/14,"3,179,443","347,651,480",109.50,109.50,109.00,109.00,-0.50,"1,629",2412
109/02/17,"4,673,114","511,748,540",109.00,110.00,109.00,110.00,+1.00,"2,587",2412
109/02/18,"2,812,057","308,516,270",109.50,110.00,109.50,109.50,-0.50,"1,511",2412
109/02/19,"4,873,771","535,965,810",110.00,110.50,109.50,110.00,+0.50,"2,980",2412
109/02/20,"6,727,345","738,687,950",110.00,110.50,109.50,109.50,-0.50,"2,391",2412
109/02/21,"4,980,603","546,017,984",109.50,110.00,109.50,109.50, 0.00,"2,503",2412
109/02/24,"7,465,889","813,186,401",109.50,109.50,108.50,108.50,-1.00,"3,528",2412
109/02/25,"5,278,040","572,515,860",108.50,109.00,108.00,108.50, 0.00,"2,789",2412
109/02/26,"6,856,707","742,485,172",108.00,109.00,108.00,108.00,-0.50,"2,980",2412
109/02/27,"8,037,695","869,523,873",108.00,108.50,108.00,108.00, 0.00,"3,419",2412
109/03/02,"11,114,123","1,198,189,784",107.50,108.00,107.00,108.00, 0.00,"5,404",2412
109/03/03,"7,103,100","768,666,801",108.00,109.00,108.00,108.00, 0.00,"3,841",2412
109/03/04,"4,698,670","510,727,030",108.50,109.00,108.00,109.00,+1.00,"2,270",2412
109/03/05,"6,645,546","729,312,060",109.50,110.00,109.00,110.00,+1.00,"3,373",2412
109/03/06,"7,553,751","822,981,359",109.50,110.00,108.50,108.50,-1.50,"3,564",2412
109/03/09,"9,024,036","972,349,388",108.00,108.00,107.50,107.50,-1.00,"5,297",2412
109/03/10,"10,880,267","1,171,306,836",107.00,108.50,107.00,107.50, 0.00,"5,150",2412
109/03/11,"9,091,040","980,907,272",108.00,108.50,107.50,108.50,+1.00,"4,928",2412
109/03/12,"16,766,527","1,803,569,093",108.00,108.50,107.00,107.50,-1.00,"8,050",2412
109/03/13,"34,147,652","3,571,200,112",106.50,107.00,103.00,106.00,-1.50,"15,490",2412
109/03/16,"16,463,671","1,734,459,698",106.50,107.00,105.00,105.00,-1.00,"7,028",2412
109/03/17,"22,133,575","2,333,180,950",104.00,107.00,103.50,107.00,+2.00,"9,644",2412
109/03/18,"17,985,225","1,907,565,380",107.00,107.00,105.00,106.50,-0.50,"6,317",2412
109/03/19,"24,486,593","2,551,305,384",104.00,106.00,103.50,105.50,-1.00,"9,548",2412
109/03/20,"24,679,658","2,611,256,248",106.00,106.50,104.50,106.50,+1.00,"7,872",2412
109/03/23,"14,916,932","1,574,636,251",105.00,106.00,104.50,105.50,-1.00,"4,646",2412
109/03/24,"16,253,605","1,741,902,630",106.50,108.00,106.00,107.00,+1.50,"7,409",2412
109/03/25,"9,847,227","1,060,759,834",107.00,108.50,107.00,108.00,+1.00,"4,160",2412
109/03/26,"6,411,652","691,459,040",108.00,109.00,107.50,107.50,-0.50,"2,796",2412
109/03/27,"7,273,843","781,080,588",108.00,108.00,107.00,107.50, 0.00,"3,410",2412
109/03/30,"6,517,201","694,513,507",106.50,107.00,106.00,106.50,-1.00,"2,435",2412
109/03/31,"8,431,751","903,221,857",107.00,107.50,106.50,107.50,+1.00,"2,352",2412
109/04/01,"11,966,862","1,286,213,122",107.50,108.00,107.00,107.00,-0.50,"3,597",2412
109/04/06,"7,513,316","809,690,978",108.00,108.00,107.00,108.00,+1.00,"3,018",2412
109/04/07,"8,796,428","945,382,724",108.00,108.00,107.00,107.50,-0.50,"3,269",2412
109/04/08,"5,668,113","610,659,204",107.50,108.00,107.00,108.00,+0.50,"2,174",2412
109/04/09,"5,748,576","616,490,394",107.50,107.50,107.00,107.00,-1.00,"2,348",2412
109/04/10,"9,457,688","1,018,995,804",107.50,108.00,107.00,108.00,+1.00,"3,195",2412
109/04/13,"6,173,698","666,532,884",108.00,108.50,107.50,108.00, 0.00,"2,047",2412
109/04/14,"8,416,559","912,759,104",108.50,108.50,108.00,108.50,+0.50,"3,483",2412
109/04/15,"11,627,585","1,261,873,765",109.00,109.00,108.00,109.00,+0.50,"4,074",2412
109/04/16,"8,541,891","923,756,127",108.50,109.00,108.00,108.00,-1.00,"3,973",2412
109/04/17,"6,409,933","695,968,182",108.50,109.00,108.00,108.50,+0.50,"3,363",2412
109/04/20,"7,909,536","861,764,924",108.50,109.50,108.50,109.00,+0.50,"3,415",2412
109/04/21,"9,206,783","998,301,905",109.00,109.50,108.00,108.50,-0.50,"3,840",2412
109/04/22,"6,687,437","724,222,895",108.00,109.00,107.50,109.00,+0.50,"2,147",2412
109/04/23,"6,629,422","718,806,998",108.50,109.00,108.00,109.00, 0.00,"2,145",2412
109/04/24,"4,632,768","502,790,312",109.00,109.00,108.00,108.50,-0.50,"1,818",2412
109/04/27,"5,408,436","591,179,024",109.00,109.50,109.00,109.50,+1.00,"2,270",2412
109/04/28,"5,086,238","556,214,029",109.50,109.50,109.00,109.50, 0.00,"2,772",2412
109/04/29,"6,578,610","722,236,766",109.50,110.00,109.00,110.00,+0.50,"3,923",2412
109/04/30,"8,916,427","978,232,213",110.00,110.00,109.50,109.50,-0.50,"4,742",2412
109/05/04,"8,679,779","940,528,757",108.00,109.00,108.00,109.00,-0.50,"3,870",2412
109/05/05,"4,527,838","494,758,218",109.00,109.50,109.00,109.00, 0.00,"2,936",2412
109/05/06,"6,254,989","684,008,222",109.50,109.50,109.00,109.50,+0.50,"3,145",2412
109/05/07,"5,621,611","614,503,374",109.50,110.00,109.00,109.00,-0.50,"3,004",2412
109/05/08,"21,851,610","2,410,267,100",110.00,111.50,109.50,110.00,+1.00,"3,843",2412
109/05/11,"5,093,599","561,392,390",110.50,111.00,110.00,110.00, 0.00,"2,786",2412
109/05/12,"4,715,049","518,373,890",110.00,110.50,109.50,110.00, 0.00,"2,415",2412
109/05/13,"4,542,908","499,393,380",110.00,110.50,109.50,110.00, 0.00,"1,821",2412
109/05/14,"3,616,369","397,045,090",110.00,110.00,109.50,110.00, 0.00,"1,758",2412
109/05/15,"5,178,243","568,691,730",110.00,110.50,109.50,109.50,-0.50,"2,056",2412
109/05/18,"8,188,535","902,769,045",109.50,111.00,109.50,110.50,+1.00,"3,255",2412
109/05/19,"7,118,181","789,793,091",111.50,111.50,110.50,111.00,+0.50,"2,603",2412
109/05/20,"5,522,356","614,697,016",111.00,111.50,111.00,111.50,+0.50,"2,883",2412
109/05/21,"5,396,999","600,133,389",111.50,111.50,110.50,111.50, 0.00,"2,675",2412
109/05/22,"11,160,959","1,243,492,449",111.00,112.00,110.50,111.00,-0.50,"2,452",2412
109/05/25,"4,554,250","504,404,250",111.50,111.50,110.50,110.50,-0.50,"1,666",2412
109/05/26,"4,452,308","493,889,688",111.00,111.50,110.50,111.00,+0.50,"1,821",2412
109/05/27,"7,453,560","822,519,600",111.00,111.00,110.00,110.00,-1.00,"2,833",2412
109/05/28,"6,454,371","712,001,471",110.00,111.00,110.00,110.50,+0.50,"2,822",2412
109/05/29,"18,409,288","2,034,098,794",110.50,111.50,110.00,110.50, 0.00,"3,522",2412
109/06/01,"6,093,580","678,359,880",111.50,111.50,111.00,111.50,+1.00,"2,514",2412
109/06/02,"3,669,244","409,886,655",111.50,112.00,111.00,112.00,+0.50,"1,917",2412
109/06/03,"9,939,657","1,116,541,084",112.00,113.00,111.50,112.50,+0.50,"4,972",2412
109/06/04,"6,799,376","767,425,045",113.00,113.50,112.50,113.00,+0.50,"2,798",2412
109/06/05,"3,318,639","374,043,841",113.00,113.00,112.50,112.50,-0.50,"1,698",2412
109/06/08,"8,791,319","991,205,841",112.50,113.00,112.00,113.00,+0.50,"2,856",2412
109/06/09,"8,683,700","976,933,214",112.50,113.00,112.00,113.00, 0.00,"3,675",2412
109/06/10,"9,580,081","1,080,405,070",113.00,113.00,112.50,113.00, 0.00,"4,277",2412
109/06/11,"9,720,519","1,095,741,847",112.50,113.00,112.50,112.50,-0.50,"4,362",2412
109/06/12,"7,951,392","893,460,565",112.00,113.00,111.50,113.00,+0.50,"3,431",2412
109/06/15,"11,366,240","1,275,994,880",112.50,113.00,111.50,111.50,-1.50,"3,895",2412
109/06/16,"7,734,585","871,240,751",112.00,113.00,112.00,112.50,+1.00,"2,830",2412
109/06/17,"6,040,576","681,394,771",113.00,113.00,112.50,113.00,+0.50,"3,849",2412
109/06/18,"7,360,447","829,683,011",113.00,113.00,112.50,112.50,-0.50,"2,798",2412
109/06/19,"13,986,807","1,582,151,691",113.00,113.50,112.50,113.00,+0.50,"3,010",2412
109/06/22,"5,903,305","668,902,465",113.00,113.50,113.00,113.50,+0.50,"1,870",2412
109/06/23,"12,015,584","1,367,155,741",113.50,114.00,113.00,114.00,+0.50,"3,685",2412
109/06/24,"12,762,507","1,459,016,298",114.00,114.50,114.00,114.50,+0.50,"4,844",2412
109/06/29,"11,362,138","1,302,710,710",114.50,115.00,114.00,115.00,+0.50,"5,027",2412
109/06/30,"21,528,572","2,500,617,352",115.00,117.00,115.00,117.00,+2.00,"7,524",2412
109/07/01,"18,156,651","2,118,102,516",116.50,117.00,116.00,116.50,-0.50,"6,873",2412
109/07/02,"29,091,278","3,248,470,692",111.50,114.00,110.50,114.00,X0.00,"11,791",2412
109/07/03,"8,767,500","988,841,000",114.00,114.00,112.00,112.00,-2.00,"4,527",2412
109/07/06,"11,953,494","1,337,179,996",112.00,112.50,111.50,112.00, 0.00,"5,570",2412
109/07/07,"14,418,708","1,607,600,296",112.00,112.00,111.00,111.50,-0.50,"5,305",2412
109/07/08,"15,765,820","1,757,383,980",111.50,112.00,111.00,112.00,+0.50,"4,387",2412
109/07/09,"13,087,494","1,452,954,519",112.00,112.00,110.50,110.50,-1.50,"6,066",2412
109/07/10,"7,696,315","853,464,965",111.00,111.50,110.50,111.00,+0.50,"2,742",2412
109/07/13,"10,185,501","1,126,901,111",111.00,111.50,110.50,110.50,-0.50,"3,574",2412
109/07/14,"11,484,818","1,266,529,840",111.00,111.00,110.00,110.00,-0.50,"3,441",2412
109/07/15,"34,285,902","3,763,125,220",110.00,110.50,109.00,109.50,-0.50,"5,663",2412
109/07/16,"13,943,215","1,529,744,150",110.50,110.50,109.00,109.50, 0.00,"4,069",2412
109/07/17,"7,189,110","789,861,100",110.00,110.50,109.50,109.50, 0.00,"2,143",2412
109/07/20,"5,143,854","566,546,820",110.00,110.50,109.50,110.00,+0.50,"1,593",2412
109/07/21,"6,993,417","768,668,870",110.00,110.50,109.50,110.00, 0.00,"2,453",2412
109/07/22,"7,991,257","877,242,270",110.00,110.00,109.50,110.00, 0.00,"2,397",2412
109/07/23,"7,332,642","801,178,120",109.50,110.00,109.00,109.00,-1.00,"2,992",2412
109/07/24,"5,930,117","647,988,274",109.00,109.50,109.00,109.00, 0.00,"3,308",2412
109/07/27,"12,172,684","1,321,185,649",108.50,109.00,108.00,108.00,-1.00,"4,507",2412
109/07/28,"9,263,451","1,002,840,659",108.00,109.00,107.50,108.50,+0.50,"3,495",2412
109/07/29,"7,047,757","768,226,013",109.00,109.50,108.50,108.50, 0.00,"3,406",2412
109/07/30,"4,250,156","462,106,504",108.50,109.50,108.50,108.50, 0.00,"1,646",2412
109/07/31,"7,544,055","825,055,491",109.50,109.50,108.50,109.50,+1.00,"2,057",2412
109/08/03,"8,471,919","919,957,667",109.00,109.50,108.00,108.00,-1.50,"4,041",2412
109/08/04,"4,972,486","539,801,474",108.50,109.00,108.00,108.50,+0.50,"2,347",2412
109/08/05,"4,954,888","537,813,792",109.00,109.50,108.00,108.00,-0.50,"2,660",2412
109/08/06,"3,325,191","361,624,857",108.50,109.00,108.00,109.00,+1.00,"1,903",2412
109/08/07,"5,560,968","604,768,512",108.50,109.00,108.00,109.00, 0.00,"2,654",2412
109/08/10,"3,510,154","382,072,786",109.00,109.50,108.50,108.50,-0.50,"2,461",2412
109/08/11,"5,792,982","629,949,038",109.00,109.00,108.50,108.50, 0.00,"3,551",2412
109/08/12,"4,547,838","494,498,842",109.00,109.00,108.00,109.00,+0.50,"3,001",2412
109/08/13,"3,972,010","434,290,050",109.50,109.50,109.00,109.50,+0.50,"2,286",2412
109/08/14,"4,148,947","451,587,223",109.00,109.50,108.50,109.00,-0.50,"2,105",2412
109/08/17,"4,250,202","463,272,518",109.00,109.50,108.50,108.50,-0.50,"2,544",2412
109/08/18,"4,215,336","458,893,624",109.00,109.00,108.50,109.00,+0.50,"2,722",2412
109/08/19,"5,607,802","612,554,286",109.50,109.50,109.00,109.00, 0.00,"3,190",2412
109/08/20,"6,434,005","700,825,545",108.50,109.50,108.50,109.00, 0.00,"3,114",2412
109/08/21,"5,463,458","597,148,073",109.00,109.50,108.50,109.50,+0.50,"3,494",2412
109/08/24,"2,043,464","223,317,769",109.50,109.50,109.00,109.00,-0.50,"1,613",2412
109/08/25,"4,642,834","507,001,906",109.00,109.50,109.00,109.00, 0.00,"3,397",2412
109/08/26,"6,699,286","730,566,674",109.00,109.50,108.50,109.00, 0.00,"3,245",2412
109/08/27,"3,651,955","399,034,533",109.00,109.50,109.00,109.50,+0.50,"2,524",2412
109/08/28,"4,132,089","449,890,201",109.00,109.50,108.50,109.00,-0.50,"2,637",2412
109/08/31,"6,885,457","747,808,813",109.00,109.00,108.50,108.50,-0.50,"2,351",2412
109/09/01,"5,746,939","625,370,351",109.00,109.00,108.50,109.00,+0.50,"2,219",2412
109/09/02,"6,262,564","679,622,976",109.00,109.00,108.00,108.50,-0.50,"3,638",2412
109/09/03,"4,612,112","501,088,708",108.50,109.00,108.00,109.00,+0.50,"2,486",2412
109/09/04,"5,948,698","643,979,082",108.00,108.50,108.00,108.50,-0.50,"3,046",2412
109/09/07,"4,558,400","493,292,344",108.50,108.50,108.00,108.50, 0.00,"2,318",2412
109/09/08,"4,867,390","528,153,510",108.50,109.00,108.00,109.00,+0.50,"2,689",2412
109/09/09,"5,289,879","574,153,811",108.50,109.00,108.00,108.50,-0.50,"2,994",2412
109/09/10,"3,603,750","391,703,750",108.50,109.00,108.00,109.00,+0.50,"1,885",2412
109/09/11,"3,675,532","399,649,988",108.50,109.00,108.50,109.00, 0.00,"2,234",2412
109/09/14,"4,317,927","469,317,543",108.50,109.00,108.00,109.00, 0.00,"2,525",2412
109/09/15,"3,480,148","378,240,632",108.50,109.00,108.00,109.00, 0.00,"2,146",2412
109/09/16,"3,813,649","415,024,741",109.00,109.00,108.50,109.00, 0.00,"2,504",2412
109/09/17,"4,295,875","466,797,875",108.50,109.00,108.50,109.00, 0.00,"2,349",2412
109/09/18,"7,516,240","817,985,160",108.50,109.00,108.00,109.00, 0.00,"2,391",2412
109/09/21,"4,172,523","452,645,190",108.50,109.00,108.00,108.50,-0.50,"2,080",2412
109/09/22,"4,209,865","455,447,307",108.50,108.50,108.00,108.00,-0.50,"2,468",2412
109/09/23,"6,487,439","700,255,412",108.00,108.50,107.50,107.50,-0.50,"3,716",2412
109/09/24,"10,510,656","1,127,329,378",107.50,108.00,107.00,107.00,-0.50,"6,591",2412
109/09/25,"9,077,801","973,344,059",107.50,107.50,106.50,107.50,+0.50,"3,293",2412
109/09/28,"5,595,350","602,853,800",107.50,108.00,107.00,108.00,+0.50,"2,698",2412
109/09/29,"6,309,564","683,658,164",108.00,108.50,107.50,108.50,+0.50,"2,566",2412
109/09/30,"9,443,488","1,014,054,428",108.50,108.50,106.50,107.00,-1.50,"4,064",2412
109/10/05,"6,115,661","655,120,974",107.00,107.50,106.50,107.00, 0.00,"2,883",2412
109/10/06,"5,009,845","539,804,260",107.50,108.00,107.00,108.00,+1.00,"2,679",2412
109/10/07,"11,761,225","1,259,015,645",107.50,108.00,106.50,106.50,-1.50,"4,795",2412
109/10/08,"7,531,643","806,861,556",107.00,107.50,106.50,107.50,+1.00,"3,535",2412
109/10/12,"4,209,966","451,313,273",107.50,107.50,107.00,107.00,-0.50,"2,739",2412
109/10/13,"4,427,353","474,561,885",107.00,107.50,106.50,107.50,+0.50,"2,765",2412
109/10/14,"4,742,230","508,955,691",107.50,107.50,107.00,107.50, 0.00,"2,443",2412
109/10/15,"9,339,786","995,919,102",107.00,107.50,106.50,106.50,-1.00,"5,774",2412
109/10/16,"5,127,011","546,583,177",106.50,107.00,106.50,106.50, 0.00,"3,519",2412
109/10/19,"4,889,755","521,647,285",106.50,107.00,106.50,107.00,+0.50,"3,418",2412
109/10/20,"3,209,597","342,338,879",107.00,107.00,106.50,106.50,-0.50,"2,375",2412
109/10/21,"5,517,630","589,740,910",107.00,107.50,106.50,107.00,+0.50,"3,176",2412
109/10/22,"3,413,554","365,695,278",107.00,107.50,106.50,107.00, 0.00,"2,034",2412
109/10/23,"3,455,241","370,669,872",107.00,107.50,107.00,107.50,+0.50,"2,186",2412
109/10/26,"5,423,582","586,221,180",107.50,108.50,107.50,108.50,+1.00,"3,624",2412
109/10/27,"7,943,352","864,016,791",108.00,109.50,108.00,109.00,+0.50,"2,994",2412
109/10/28,"5,025,995","545,472,385",108.50,109.00,108.00,108.50,-0.50,"3,352",2412
109/10/29,"5,115,718","551,224,394",108.00,108.00,107.50,107.50,-1.00,"3,384",2412
109/10/30,"7,628,637","819,321,400",107.50,108.00,107.00,107.00,-0.50,"4,724",2412
109/11/02,"8,131,379","882,690,062",108.00,109.50,107.50,109.50,+2.50,"5,274",2412
109/11/03,"7,580,978","828,526,610",109.50,109.50,109.00,109.50, 0.00,"5,165",2412
109/11/04,"3,504,811","382,976,013",109.00,109.50,109.00,109.50, 0.00,"3,223",2412
109/11/05,"6,541,354","716,291,991",109.50,110.00,109.00,110.00,+0.50,"3,212",2412
109/11/06,"5,093,971","557,628,583",109.50,110.00,109.00,109.50,-0.50,"3,059",2412
109/11/09,"5,411,829","593,093,749",109.50,110.00,109.00,110.00,+0.50,"2,737",2412
109/11/10,"6,433,358","704,828,684",110.00,110.00,109.00,110.00, 0.00,"2,937",2412
109/11/11,"7,194,019","789,544,925",110.00,110.00,109.50,110.00, 0.00,"4,969",2412
109/11/12,"4,426,471","486,681,555",110.00,110.50,109.50,110.00, 0.00,"2,059",2412
109/11/13,"5,774,856","632,865,548",109.50,110.00,109.00,110.00, 0.00,"3,068",2412
109/11/16,"6,870,576","751,991,239",109.50,110.00,109.00,109.50,-0.50,"4,365",2412
109/11/17,"8,249,369","902,878,214",109.00,110.00,108.50,110.00,+0.50,"4,452",2412
109/11/18,"5,449,294","598,224,350",110.00,110.00,109.50,110.00, 0.00,"3,188",2412
109/11/19,"6,210,131","681,303,968",110.00,110.00,109.50,110.00, 0.00,"2,994",2412
109/11/20,"7,353,752","804,992,416",110.00,110.00,109.00,109.50,-0.50,"3,321",2412
109/11/23,"8,676,191","955,625,649",110.00,110.50,109.50,110.50,+1.00,"4,277",2412
109/11/24,"4,932,117","540,779,262",110.00,110.00,109.50,109.50,-1.00,"3,121",2412
109/11/25,"6,899,982","753,830,333",110.00,110.00,108.50,109.00,-0.50,"4,851",2412
109/11/26,"8,611,752","939,587,521",109.00,110.00,108.50,109.50,+0.50,"5,155",2412
109/11/27,"5,181,020","567,562,410",109.50,110.00,109.00,109.50, 0.00,"3,100",2412
109/11/30,"20,710,752","2,250,287,590",109.50,110.00,108.50,108.50,-1.00,"3,578",2412
109/12/01,"6,246,343","680,041,849",108.50,109.50,108.50,109.00,+0.50,"4,101",2412
109/12/02,"8,279,221","900,953,150",108.50,109.50,108.50,109.00, 0.00,"3,907",2412
109/12/03,"6,799,695","739,082,003",109.00,109.00,108.50,108.50,-0.50,"4,451",2412
109/12/04,"6,774,426","739,906,266",109.50,109.50,109.00,109.50,+1.00,"3,833",2412
109/12/07,"9,323,251","1,014,566,625",109.50,109.50,108.50,108.50,-1.00,"5,090",2412
109/12/08,"6,133,358","667,826,495",108.50,109.50,108.50,109.50,+1.00,"4,347",2412
109/12/09,"9,418,308","1,022,571,631",109.00,109.00,108.00,108.50,-1.00,"4,492",2412
109/12/10,"5,029,951","545,808,373",108.00,109.00,108.00,108.50, 0.00,"2,249",2412
109/12/11,"6,596,981","714,299,794",108.50,108.50,108.00,108.50, 0.00,"4,497",2412
109/12/14,"5,650,460","613,565,086",108.50,109.00,108.00,108.50, 0.00,"2,635",2412
109/12/15,"5,936,047","645,241,678",108.50,109.00,108.00,109.00,+0.50,"3,999",2412
109/12/16,"8,048,519","877,537,348",108.50,109.50,108.50,109.50,+0.50,"5,665",2412
109/12/17,"6,088,506","665,241,088",109.00,109.50,109.00,109.50, 0.00,"3,532",2412
109/12/18,"8,552,514","934,909,809",109.50,109.50,109.00,109.50, 0.00,"3,742",2412
109/12/21,"6,770,582","740,899,774",109.50,110.00,109.00,109.50, 0.00,"4,421",2412
109/12/22,"5,640,757","615,857,751",109.50,109.50,109.00,109.00,-0.50,"4,112",2412
109/12/23,"9,592,260","1,043,465,263",109.00,109.50,108.00,108.50,-0.50,"3,208",2412
109/12/24,"7,604,760","822,977,120",108.50,109.00,108.00,108.00,-0.50,"3,850",2412
109/12/25,"8,715,662","945,414,602",108.50,109.00,108.00,108.50,+0.50,"4,220",2412
109/12/28,"7,444,198","813,677,314",108.50,109.50,108.50,109.50,+1.00,"3,972",2412
109/12/29,"4,735,442","515,432,217",109.50,109.50,108.50,109.00,-0.50,"2,469",2412
109/12/30,"7,229,132","791,745,385",109.00,110.00,109.00,110.00,+1.00,"3,914",2412
109/12/31,"7,149,092","781,733,469",110.00,110.00,109.00,109.00,-1.00,"2,685",2412
110/01/04,"8,022,757","876,444,280",109.00,109.50,109.00,109.00, 0.00,"3,676",2412
110/01/05,"6,176,722","674,179,757",109.00,109.50,108.50,109.50,+0.50,"2,977",2412
110/01/06,"9,003,411","981,592,305",109.00,109.50,108.50,109.50, 0.00,"4,931",2412
110/01/07,"5,445,667","594,480,394",109.00,109.50,109.00,109.00,-0.50,"3,787",2412
110/01/08,"11,533,683","1,262,573,837",109.00,110.00,109.00,110.00,+1.00,"6,194",2412
110/01/11,"14,095,893","1,556,172,671",110.00,111.00,109.50,111.00,+1.00,"7,029",2412
110/01/12,"9,262,639","1,028,189,975",111.00,111.50,110.50,111.00, 0.00,"4,352",2412
110/01/13,"10,047,070","1,118,733,173",111.00,111.50,111.00,111.50,+0.50,"6,251",2412
110/01/14,"6,254,032","698,809,455",111.50,112.00,111.50,112.00,+0.50,"3,483",2412
110/01/15,"7,883,392","879,882,359",112.00,112.50,111.00,111.00,-1.00,"4,346",2412
110/01/18,"5,316,014","591,133,245",111.00,111.50,111.00,111.00, 0.00,"3,207",2412
110/01/19,"5,330,628","592,670,262",111.00,111.50,111.00,111.00, 0.00,"3,289",2412
110/01/20,"16,123,429","1,766,767,279",110.50,111.00,109.00,109.00,-2.00,"8,591",2412
110/01/21,"10,792,150","1,178,412,533",109.00,110.00,108.50,108.50,-0.50,"4,463",2412
110/01/22,"8,747,144","950,075,254",109.00,109.00,108.50,108.50, 0.00,"5,304",2412
110/01/25,"8,309,911","906,974,150",108.50,109.50,108.50,109.00,+0.50,"3,838",2412
110/01/26,"7,493,306","814,218,478",109.00,109.50,108.50,108.50,-0.50,"4,751",2412
110/01/27,"8,272,693","902,313,095",109.00,109.50,108.50,109.00,+0.50,"3,842",2412
110/01/28,"10,511,343","1,142,809,502",109.00,109.50,108.00,109.00, 0.00,"4,825",2412
110/01/29,"12,488,478","1,351,883,452",108.50,109.00,108.00,108.00,-1.00,"5,532",2412
110/02/01,"10,320,192","1,124,171,553",108.50,109.50,108.00,109.00,+1.00,"4,642",2412
110/02/02,"5,436,724","591,152,602",108.50,109.00,108.50,109.00, 0.00,"3,063",2412
110/02/03,"7,957,893","865,353,326",108.50,109.00,108.00,109.00, 0.00,"3,070",2412
110/02/04,"8,634,837","935,219,268",108.50,109.00,108.00,108.00,-1.00,"4,044",2412
110/02/05,"6,938,077","751,747,826",108.50,109.00,108.00,108.50,+0.50,"3,867",2412
110/02/17,"12,888,297","1,400,238,066",109.00,109.00,108.00,108.50, 0.00,"7,238",2412
110/02/18,"9,196,100","998,839,485",108.50,109.00,108.00,108.50, 0.00,"5,369",2412
110/02/19,"8,841,583","961,836,174",108.50,109.00,108.50,109.00,+0.50,"4,007",2412
110/02/22,"9,460,286","1,028,451,456",109.00,109.00,108.50,108.50,-0.50,"5,717",2412
110/02/23,"11,844,545","1,290,281,198",108.50,109.50,108.50,109.50,+1.00,"6,371",2412
110/02/24,"9,063,460","994,046,614",109.50,110.00,109.50,109.50, 0.00,"3,413",2412
110/02/25,"13,557,827","1,490,954,562",110.00,110.50,109.50,110.50,+1.00,"7,203",2412
110/02/26,"17,815,908","1,958,535,032",110.50,111.00,109.00,109.50,-1.00,"5,738",2412
110/03/02,"8,483,179","931,651,687",110.00,110.50,109.50,109.50, 0.00,"3,346",2412
110/03/03,"13,720,148","1,509,816,528",110.00,110.50,109.50,109.50, 0.00,"5,524",2412
110/03/04,"11,399,517","1,248,945,254",110.00,110.50,109.00,109.50, 0.00,"4,456",2412
110/03/05,"7,447,337","816,976,263",109.50,110.00,109.00,110.00,+0.50,"3,930",2412
110/03/08,"11,185,758","1,232,086,725",110.50,111.00,109.50,110.00, 0.00,"4,607",2412
110/03/09,"6,252,786","689,886,778",110.50,111.00,110.00,110.50,+0.50,"3,377",2412
110/03/10,"5,164,962","569,808,297",110.50,111.00,110.00,110.50, 0.00,"3,223",2412
110/03/11,"7,771,663","858,830,080",110.50,111.00,110.00,111.00,+0.50,"3,483",2412
110/03/12,"3,476,424","384,973,054",111.00,111.00,110.50,111.00, 0.00,"2,896",2412
110/03/15,"4,972,386","549,328,463",110.50,111.00,110.00,110.50,-0.50,"3,163",2412
110/03/16,"5,479,795","606,528,303",110.50,111.00,110.50,110.50, 0.00,"3,514",2412
110/03/17,"10,073,880","1,113,816,255",110.50,111.00,110.00,110.50, 0.00,"4,948",2412
110/03/18,"6,058,762","671,192,966",110.50,111.00,110.50,111.00,+0.50,"3,779",2412
110/03/19,"18,081,756","1,990,759,019",110.50,111.00,110.00,110.00,-1.00,"5,419",2412
110/03/22,"6,105,179","673,329,859",110.50,110.50,110.00,110.50,+0.50,"3,668",2412
110/03/23,"5,515,105","610,649,498",110.50,111.00,110.50,111.00,+0.50,"3,325",2412
110/03/24,"5,244,085","581,029,326",111.00,111.00,110.50,111.00, 0.00,"3,291",2412
110/03/25,"7,969,652","886,812,236",111.00,111.50,110.50,111.50,+0.50,"4,191",2412
110/03/26,"6,403,678","712,127,478",111.50,111.50,111.00,111.50, 0.00,"4,283",2412
110/03/29,"6,261,309","699,443,107",111.50,112.00,111.00,112.00,+0.50,"4,045",2412
110/03/30,"9,244,606","1,031,846,539",112.00,112.00,111.00,111.50,-0.50,"4,724",2412
110/03/31,"14,972,033","1,671,193,839",111.50,112.00,111.00,111.50, 0.00,"6,056",2412
110/04/01,"6,740,101","751,802,681",111.50,112.00,111.00,111.50, 0.00,"2,557",2412
110/04/06,"9,341,521","1,043,771,539",111.50,112.00,111.00,112.00,+0.50,"3,805",2412
110/04/07,"10,886,200","1,221,506,719",112.00,112.50,112.00,112.00, 0.00,"4,254",2412
110/04/08,"10,448,194","1,165,555,240",112.00,112.50,111.00,111.00,-1.00,"4,689",2412
110/04/09,"13,032,865","1,453,850,770",111.50,112.00,111.00,112.00,+1.00,"3,250",2412
110/04/12,"8,757,741","974,713,870",111.50,112.00,111.00,111.00,-1.00,"3,985",2412
110/04/13,"6,059,380","676,842,982",111.50,112.00,111.00,112.00,+1.00,"2,994",2412
110/04/14,"33,443,011","3,780,256,408",111.50,114.00,111.50,113.00,+1.00,"12,522",2412
110/04/15,"14,842,620","1,685,137,432",113.00,114.00,113.00,114.00,+1.00,"5,137",2412
110/04/16,"11,145,692","1,270,593,189",114.00,114.50,113.50,114.00, 0.00,"4,672",2412
110/04/19,"8,096,199","924,826,547",114.00,114.50,113.50,114.50,+0.50,"4,366",2412
110/04/20,"8,448,533","969,846,836",114.50,115.00,114.00,115.00,+0.50,"4,286",2412
110/04/21,"8,731,707","998,561,986",115.00,115.00,114.00,114.50,-0.50,"4,412",2412
110/04/22,"10,113,479","1,155,744,543",114.00,115.00,114.00,114.50, 0.00,"4,523",2412
110/04/23,"6,008,121","685,420,144",114.50,114.50,113.50,114.00,-0.50,"3,041",2412
110/04/26,"7,984,617","908,708,383",114.00,114.00,113.50,114.00, 0.00,"4,295",2412
110/04/27,"9,052,808","1,027,280,477",114.00,114.00,113.00,114.00, 0.00,"4,917",2412
110/04/28,"8,236,811","934,603,322",114.00,114.00,113.00,114.00, 0.00,"3,880",2412
110/04/29,"4,395,048","500,211,693",113.50,114.00,113.00,114.00, 0.00,"1,848",2412
110/05/03,"8,922,642","1,009,923,266",113.50,114.00,113.00,113.00,-1.00,"4,774",2412
110/05/04,"16,564,013","1,875,496,023",113.50,114.00,112.00,112.50,-0.50,"7,324",2412
110/05/05,"8,427,612","919,659,993",112.50,113.00,112.00,112.00,-0.50,"2,812",2412
110/05/06,"6,075,496","684,808,368",112.50,113.00,112.50,113.00,+1.00,"2,089",2412
110/05/07,"3,789,759","429,326,621",113.00,113.50,113.00,113.50,+0.50,"1,923",2412
110/05/10,"5,860,314","666,016,189",114.00,114.00,113.00,114.00,+0.50,"2,099",2412
110/05/11,"11,134,649","1,268,648,051",113.50,114.50,113.00,114.50,+0.50,"5,524",2412
110/05/12,"28,105,749","3,164,511,238",114.00,114.50,108.50,112.50,-2.00,"9,312",2412
110/05/13,"14,032,730","1,565,570,874",112.00,112.50,111.00,111.00,-1.50,"6,919",2412
110/05/14,"11,044,619","1,244,396,946",111.50,113.50,111.00,113.50,+2.50,"3,618",2412
110/05/17,"10,119,521","1,137,432,673",112.00,113.50,111.50,112.50,-1.00,"4,597",2412
110/05/18,"12,191,840","1,375,373,980",112.00,113.50,112.00,113.50,+1.00,"2,738",2412
110/05/19,"4,735,767","534,379,005",113.00,113.50,112.50,112.50,-1.00,"2,415",2412
110/05/20,"8,454,222","955,386,269",112.50,113.50,112.00,113.50,+1.00,"3,107",2412
110/05/21,"12,701,109","1,447,252,095",113.50,114.50,113.50,114.50,+1.00,"3,844",2412
110/05/24,"7,474,259","825,076,289",113.50,113.50,112.50,113.00,-1.50,"2,892",2412
110/05/25,"5,988,587","680,435,601",113.00,114.00,113.00,114.00,+1.00,"2,379",2412
110/05/26,"4,988,672","565,645,430",113.50,114.00,113.00,113.00,-1.00,"1,976",2412
110/05/27,"25,269,697","2,835,812,459",113.50,113.50,112.00,112.00,-1.00,"5,093",2412
110/05/28,"6,806,221","770,411,816",113.00,113.50,112.50,113.00,+1.00,"2,813",2412
110/05/31,"5,823,926","660,860,480",113.50,114.00,113.00,113.50,+0.50,"3,220",2412
110/06/01,"2,107,933","239,414,178",113.50,114.00,113.00,113.50, 0.00,"1,317",2412
110/06/02,"3,814,802","434,155,727",113.50,114.00,113.50,114.00,+0.50,"2,831",2412
110/06/03,"3,620,647","411,892,811",114.00,114.50,113.00,114.00, 0.00,"1,942",2412
110/06/04,"4,233,014","481,804,915",113.50,114.00,113.50,114.00, 0.00,"2,218",2412
110/06/07,"3,625,182","412,386,593",114.00,114.00,113.00,114.00, 0.00,"2,194",2412
110/06/08,"3,876,905","442,711,013",114.50,114.50,113.50,114.50,+0.50,"2,200",2412
110/06/09,"3,313,703","378,329,093",114.00,114.50,114.00,114.00,-0.50,"1,871",2412
110/06/10,"3,276,473","374,185,944",114.00,114.50,113.50,114.50,+0.50,"1,505",2412
110/06/11,"5,394,857","618,165,756",114.50,115.00,114.00,114.50, 0.00,"2,414",2412
110/06/15,"4,556,068","521,730,193",114.50,115.00,114.00,114.50, 0.00,"2,822",2412
110/06/16,"6,114,741","700,353,301",114.00,115.00,114.00,115.00,+0.50,"3,461",2412
110/06/17,"3,789,193","432,619,381",114.00,114.50,114.00,114.50,-0.50,"2,061",2412
110/06/18,"11,998,910","1,365,396,977",114.00,114.50,113.50,113.50,-1.00,"2,802",2412
110/06/21,"3,949,200","448,702,298",113.50,114.00,113.00,113.50, 0.00,"2,024",2412
110/06/22,"5,105,460","583,325,697",114.00,114.50,113.50,114.00,+0.50,"2,611",2412
110/06/23,"6,331,204","723,755,942",114.00,115.00,113.50,114.50,+0.50,"3,715",2412
110/06/24,"3,201,956","365,751,331",114.50,115.00,114.00,114.00,-0.50,"1,905",2412
110/06/25,"3,595,766","410,915,430",114.00,114.50,114.00,114.50,+0.50,"1,983",2412
110/06/28,"3,212,081","367,361,830",114.50,115.00,114.00,114.00,-0.50,"1,941",2412
110/06/29,"3,868,951","441,780,061",114.00,114.50,114.00,114.00, 0.00,"2,440",2412
110/06/30,"6,548,859","747,506,712",114.00,114.50,113.50,114.00, 0.00,"3,783",2412
110/07/01,"6,066,475","690,325,248",114.00,114.50,113.50,113.50,-0.50,"2,191",2412
110/07/02,"5,726,782","651,745,439",113.50,114.00,113.50,114.00,+0.50,"2,884",2412
110/07/05,"3,890,349","444,651,533",114.50,114.50,114.00,114.50,+0.50,"2,459",2412
110/07/06,"5,095,903","581,640,199",114.00,114.50,113.50,114.00,-0.50,"2,978",2412
110/07/07,"2,982,174","339,593,981",114.00,114.50,113.50,114.00, 0.00,"1,977",2412
110/07/08,"3,532,627","403,046,395",114.00,114.50,113.50,114.00, 0.00,"1,925",2412
110/07/09,"3,365,023","383,606,099",113.50,114.50,113.50,114.50,+0.50,"1,811",2412
110/07/12,"4,022,706","458,433,129",114.50,114.50,113.50,113.50,-1.00,"2,767",2412
110/07/13,"6,646,422","760,116,696",114.00,114.50,113.50,114.50,+1.00,"3,125",2412
110/07/14,"4,986,890","569,569,846",114.50,114.50,114.00,114.50, 0.00,"3,048",2412
110/07/15,"4,547,053","519,454,210",114.00,114.50,114.00,114.50, 0.00,"3,344",2412
110/07/16,"6,736,131","771,707,946",114.00,115.00,113.50,115.00,+0.50,"2,829",2412
110/07/19,"4,194,678","480,657,559",114.00,115.00,114.00,115.00, 0.00,"1,954",2412
110/07/20,"3,558,570","408,712,114",114.50,115.00,114.50,115.00, 0.00,"2,214",2412
110/07/21,"5,743,208","659,842,883",114.50,115.00,114.50,115.00, 0.00,"3,732",2412
110/07/22,"7,339,414","847,476,465",115.00,116.00,115.00,116.00,+1.00,"3,831",2412
110/07/23,"5,456,431","630,102,694",115.50,116.00,115.00,115.00,-1.00,"2,434",2412
110/07/26,"3,644,788","419,048,241",115.00,115.50,114.50,115.00, 0.00,"2,571",2412
110/07/27,"4,573,562","527,261,559",115.00,115.50,114.50,115.50,+0.50,"2,611",2412
110/07/28,"7,657,293","884,278,751",115.50,116.00,114.50,116.00,+0.50,"3,437",2412
110/07/29,"6,801,833","789,887,234",115.50,116.50,115.50,116.50,+0.50,"2,954",2412
110/07/30,"6,739,120","777,713,019",116.50,116.50,115.00,115.00,-1.50,"1,862",2412
110/08/02,"10,788,602","1,253,341,171",115.50,116.50,115.50,116.50,+1.50,"4,552",2412
110/08/03,"9,736,099","1,136,802,183",116.50,117.00,116.50,117.00,+0.50,"3,384",2412
110/08/04,"10,806,763","1,263,893,603",117.00,117.50,116.50,117.50,+0.50,"6,676",2412
110/08/05,"14,648,251","1,722,754,886",117.50,118.00,117.00,118.00,+0.50,"7,197",2412
110/08/06,"10,410,916","1,226,357,629",118.00,118.00,117.50,117.50,-0.50,"5,258",2412
110/08/09,"5,314,393","623,545,974",117.50,118.00,117.00,117.50, 0.00,"2,759",2412
110/08/10,"8,366,657","983,743,630",118.00,118.00,117.00,118.00,+0.50,"2,560",2412
110/08/11,"9,196,210","1,083,831,366",118.00,118.00,117.50,118.00, 0.00,"4,644",2412
110/08/12,"9,635,724","1,136,249,279",118.00,118.50,117.50,118.00, 0.00,"3,731",2412
110/08/13,"7,504,024","880,602,565",118.00,118.00,116.50,117.50,-0.50,"3,128",2412
110/08/16,"8,928,653","1,047,098,143",117.50,117.50,117.00,117.50, 0.00,"2,870",2412
110/08/17,"10,532,333","1,235,706,067",117.50,117.50,117.00,117.50, 0.00,"4,151",2412
110/08/18,"6,759,004","792,885,624",117.50,117.50,117.00,117.50, 0.00,"3,253",2412
110/08/19,"9,364,648","1,093,023,300",117.50,117.50,116.00,116.50,-1.00,"4,417",2412
110/08/20,"11,439,355","1,330,555,386",116.50,117.00,115.50,116.00,-0.50,"3,883",2412
110/08/23,"8,672,807","1,004,847,182",116.00,116.50,115.50,115.50,-0.50,"4,419",2412
110/08/24,"15,045,116","1,737,291,136",115.50,116.00,115.00,115.50, 0.00,"6,289",2412
110/08/25,"38,067,644","4,195,279,189",110.50,111.00,109.00,110.00,X0.00,"19,357",2412
110/08/26,"12,577,816","1,384,395,820",110.00,110.50,109.50,110.00, 0.00,"7,805",2412
110/08/27,"8,184,230","901,416,590",110.00,110.50,109.50,110.00, 0.00,"4,400",2412
110/08/30,"11,303,719","1,252,822,858",110.50,111.50,110.00,111.00,+1.00,"4,599",2412
110/08/31,"21,352,143","2,388,412,192",111.50,112.50,111.00,112.00,+1.00,"5,552",2412
110/09/01,"12,457,265","1,384,759,581",112.00,112.50,110.50,110.50,-1.50,"6,119",2412
110/09/02,"4,436,113","491,492,842",110.50,111.50,110.50,111.00,+0.50,"3,462",2412
110/09/03,"6,338,398","704,374,257",111.00,111.50,111.00,111.00, 0.00,"3,005",2412
110/09/06,"7,988,155","886,942,924",111.00,111.50,110.50,111.00, 0.00,"3,377",2412
110/09/07,"7,017,259","780,043,630",111.00,111.50,111.00,111.00, 0.00,"2,994",2412
110/09/08,"11,028,642","1,223,320,461",111.50,111.50,110.50,111.00, 0.00,"5,809",2412
110/09/09,"4,151,613","459,394,910",111.00,111.50,110.50,110.50,-0.50,"3,082",2412
110/09/10,"4,127,802","456,913,024",110.50,111.00,110.50,110.50, 0.00,"2,901",2412
110/09/13,"6,019,221","666,557,780",111.00,111.00,110.50,111.00,+0.50,"3,826",2412
110/09/14,"6,762,838","751,288,286",111.00,111.50,110.50,111.00, 0.00,"3,860",2412
110/09/15,"7,423,667","825,068,264",111.00,112.00,111.00,111.00, 0.00,"4,219",2412
110/09/16,"6,648,849","739,588,372",111.00,111.50,111.00,111.50,+0.50,"3,586",2412
110/09/17,"10,931,739","1,214,221,514",111.50,111.50,111.00,111.00,-0.50,"4,207",2412
110/09/22,"11,797,083","1,304,670,176",110.50,111.50,110.00,111.00, 0.00,"5,485",2412
110/09/23,"5,812,313","645,487,988",111.00,111.50,111.00,111.00, 0.00,"2,867",2412
110/09/24,"3,364,442","374,417,298",111.50,111.50,111.00,111.50,+0.50,"2,288",2412
110/09/27,"3,690,011","410,271,237",111.50,111.50,111.00,111.00,-0.50,"2,633",2412
110/09/28,"5,455,630","606,033,689",111.00,111.50,111.00,111.00, 0.00,"3,471",2412
110/09/29,"10,155,312","1,126,996,953",111.00,111.50,110.50,111.50,+0.50,"6,218",2412
110/09/30,"11,464,460","1,269,565,700",111.00,111.50,110.50,110.50,-1.00,"4,617",2412
110/10/01,"10,252,552","1,133,015,805",110.50,111.00,110.00,110.50, 0.00,"6,209",2412
110/10/04,"6,200,228","687,155,625",111.00,111.00,110.50,111.00,+0.50,"4,491",2412
110/10/05,"7,094,734","785,245,140",111.00,111.00,110.50,110.50,-0.50,"4,945",2412
110/10/06,"9,501,790","1,053,082,527",110.50,111.00,110.50,111.00,+0.50,"5,188",2412
110/10/07,"6,669,287","742,335,941",111.50,111.50,111.00,111.50,+0.50,"4,120",2412
110/10/08,"11,788,953","1,315,862,115",111.00,112.00,111.00,111.50, 0.00,"5,337",2412
110/10/12,"17,617,765","1,955,653,538",111.00,111.50,110.50,111.50, 0.00,"5,446",2412
110/10/13,"8,630,453","958,876,712",111.50,111.50,110.50,111.50, 0.00,"4,038",2412
110/10/14,"7,693,695","851,652,419",111.50,111.50,110.50,110.50,-1.00,"4,310",2412
110/10/15,"9,402,789","1,040,901,277",110.50,111.00,110.50,111.00,+0.50,"5,639",2412
110/10/18,"6,135,622","680,676,627",111.00,111.50,110.50,111.00, 0.00,"2,798",2412
110/10/19,"5,076,302","565,023,261",111.00,111.50,111.00,111.50,+0.50,"3,112",2412
110/10/20,"7,605,974","843,282,382",111.00,111.50,110.50,111.00,-0.50,"4,456",2412
110/10/21,"7,803,462","863,610,836",111.00,111.50,110.50,110.50,-0.50,"3,660",2412
110/10/22,"7,113,481","789,685,509",110.50,111.50,110.50,111.50,+1.00,"3,047",2412
110/10/25,"11,124,619","1,235,432,530",111.00,111.50,110.50,111.00,-0.50,"4,000",2412
110/10/26,"12,529,042","1,387,192,285",111.00,111.00,110.50,110.50,-0.50,"4,756",2412
110/10/27,"5,329,947","589,615,940",110.50,111.00,110.50,110.50, 0.00,"2,562",2412
110/10/28,"9,383,021","1,036,542,912",111.00,111.00,110.00,110.00,-0.50,"4,885",2412
110/10/29,"7,601,467","839,734,403",110.50,111.00,110.00,110.50,+0.50,"2,924",2412
110/11/01,"6,706,689","743,029,031",111.00,111.00,110.50,111.00,+0.50,"4,542",2412
110/11/02,"7,517,574","831,303,731",111.00,111.00,110.00,110.50,-0.50,"3,767",2412
110/11/03,"8,510,462","939,341,816",110.50,111.00,110.00,110.50, 0.00,"3,619",2412
110/11/04,"5,701,579","630,781,509",110.50,111.00,110.50,111.00,+0.50,"2,477",2412
110/11/05,"6,743,383","747,402,674",111.00,111.00,110.50,111.00, 0.00,"3,892",2412
110/11/08,"8,772,390","974,953,243",111.00,111.50,110.50,111.50,+0.50,"3,427",2412
110/11/09,"6,241,780","694,477,421",111.00,111.50,110.50,111.50, 0.00,"2,651",2412
110/11/10,"8,634,462","964,460,421",111.50,112.00,111.00,112.00,+0.50,"3,676",2412
110/11/11,"10,837,310","1,213,588,513",112.00,112.50,111.00,112.50,+0.50,"2,705",2412
110/11/12,"7,550,072","848,292,076",112.00,112.50,112.00,112.50, 0.00,"2,957",2412
110/11/15,"11,246,753","1,268,227,745",112.50,113.00,112.00,113.00,+0.50,"4,006",2412
110/11/16,"10,373,910","1,177,476,391",113.00,114.00,112.50,114.00,+1.00,"4,348",2412
110/11/17,"8,005,862","914,690,841",114.00,114.50,113.50,114.50,+0.50,"3,771",2412
110/11/18,"4,900,612","561,967,781",114.50,115.00,114.00,115.00,+0.50,"2,760",2412
110/11/19,"9,844,580","1,114,630,387",114.50,115.00,112.50,113.00,-2.00,"6,745",2412
110/11/22,"5,631,423","634,573,595",113.00,113.50,112.50,112.50,-0.50,"2,273",2412
110/11/23,"5,483,892","619,975,177",113.00,114.00,112.50,113.50,+1.00,"2,911",2412
110/11/24,"2,802,664","318,264,074",113.50,114.00,113.00,113.50, 0.00,"1,720",2412
110/11/25,"4,392,112","497,666,527",113.50,114.00,113.00,113.50, 0.00,"2,428",2412
110/11/26,"8,042,354","908,405,675",113.00,114.00,112.50,113.00,-0.50,"3,638",2412
110/11/29,"5,044,668","568,124,951",112.50,113.00,112.00,112.50,-0.50,"2,962",2412
110/11/30,"24,404,354","2,737,791,969",112.50,113.00,112.00,112.00,-0.50,"5,112",2412
110/12/01,"8,357,457","942,502,269",112.00,113.00,112.00,113.00,+1.00,"4,539",2412
110/12/02,"6,135,520","696,156,355",113.00,114.00,112.50,114.00,+1.00,"3,930",2412
110/12/03,"4,955,844","563,012,079",113.50,114.00,113.00,113.50,-0.50,"2,726",2412
110/12/06,"3,216,170","365,891,701",113.50,114.00,113.00,114.00,+0.50,"3,046",2412
110/12/07,"4,561,393","519,340,873",114.00,114.00,113.50,114.00, 0.00,"2,563",2412
110/12/08,"5,398,432","616,548,616",114.00,114.50,113.50,114.00, 0.00,"2,454",2412
110/12/09,"2,821,373","322,185,884",114.50,114.50,113.50,114.50,+0.50,"1,827",2412
110/12/10,"2,891,891","329,958,535",114.00,114.50,113.50,114.00,-0.50,"2,006",2412
110/12/13,"4,187,236","475,988,782",114.00,114.50,113.50,113.50,-0.50,"2,007",2412
110/12/14,"4,497,555","511,439,476",114.00,114.00,113.50,114.00,+0.50,"1,871",2412
110/12/15,"7,621,234","870,898,565",114.00,114.50,113.50,114.00, 0.00,"3,509",2412
110/12/16,"6,265,184","717,989,989",114.50,115.00,114.00,114.50,+0.50,"3,202",2412
110/12/17,"7,288,045","837,589,964",115.00,115.00,114.00,115.00,+0.50,"3,432",2412
110/12/20,"6,016,925","689,696,328",114.00,115.00,114.00,115.00, 0.00,"2,535",2412
110/12/21,"8,291,340","956,754,338",115.00,116.00,114.50,115.50,+0.50,"4,429",2412
110/12/22,"2,966,422","342,893,794",115.50,116.00,115.00,115.50, 0.00,"1,854",2412
110/12/23,"11,384,646","1,313,828,402",116.00,116.00,114.50,115.50, 0.00,"4,397",2412
110/12/24,"7,853,663","907,665,919",115.50,116.00,115.00,115.50, 0.00,"3,363",2412
110/12/27,"4,560,268","528,763,131",115.50,116.50,115.50,116.00,+0.50,"2,561",2412
110/12/28,"6,137,878","712,477,207",116.00,116.50,115.50,116.00, 0.00,"2,998",2412
110/12/29,"9,054,971","1,054,407,587",116.50,117.00,116.00,116.50,+0.50,"3,042",2412
110/12/30,"4,167,113","484,876,427",116.50,116.50,116.00,116.50, 0.00,"2,518",2412
111/01/03,"6,900,842","797,618,088",116.50,116.50,114.50,115.50,-1.00,"3,151",2412
111/01/04,"11,435,555","1,317,507,259",115.50,116.00,114.50,115.50, 0.00,"4,494",2412
111/01/05,"4,299,714","496,088,426",115.00,115.50,115.00,115.50, 0.00,"2,216",2412
111/01/06,"4,038,682","465,955,166",116.00,116.00,115.00,115.50, 0.00,"2,087",2412
111/01/07,"4,419,073","511,058,035",115.50,116.00,115.00,115.50, 0.00,"2,197",2412
111/01/10,"5,523,279","641,013,628",115.50,116.50,115.00,116.50,+1.00,"2,756",2412
111/01/11,"7,542,028","878,869,579",116.50,117.00,116.00,116.50, 0.00,"4,155",2412
111/01/12,"6,200,007","724,296,510",116.50,117.00,116.00,117.00,+0.50,"2,966",2412
111/01/13,"5,399,203","633,094,872",117.00,117.50,116.50,117.50,+0.50,"2,907",2412
111/01/14,"5,514,209","647,785,723",117.50,118.00,117.00,117.50, 0.00,"2,266",2412
111/01/17,"4,269,447","499,567,385",117.50,117.50,116.50,117.00,-0.50,"2,211",2412
111/01/18,"3,687,733","432,336,351",117.00,117.50,116.50,117.50,+0.50,"2,206",2412
111/01/19,"9,923,785","1,154,071,136",117.00,117.50,115.50,117.00,-0.50,"8,122",2412
111/01/20,"7,936,492","924,092,534",117.00,117.50,116.00,116.50,-0.50,"3,565",2412
111/01/21,"5,788,011","674,220,709",116.50,117.00,116.00,117.00,+0.50,"2,636",2412
111/01/24,"6,985,813","817,226,989",116.50,117.50,116.00,117.00, 0.00,"2,544",2412
111/01/25,"8,658,607","1,010,110,905",116.00,117.00,116.00,117.00, 0.00,"3,532",2412
111/01/26,"6,591,163","772,686,559",117.00,117.50,116.50,117.50,+0.50,"3,195",2412
111/02/07,"11,096,988","1,310,204,277",118.00,118.50,117.50,118.50,+1.00,"6,345",2412
111/02/08,"7,055,695","834,915,157",118.50,119.00,118.00,118.00,-0.50,"2,671",2412
111/02/09,"9,533,932","1,128,595,741",118.50,119.00,118.00,118.50,+0.50,"3,877",2412
111/02/10,"6,645,924","790,745,748",119.00,119.50,118.50,119.50,+1.00,"3,677",2412
111/02/11,"5,308,950","633,348,278",119.00,120.00,118.50,119.50, 0.00,"2,571",2412
111/02/14,"6,018,505","717,602,142",119.00,120.00,118.50,120.00,+0.50,"3,912",2412
111/02/15,"5,265,758","631,010,908",120.00,120.00,119.50,120.00, 0.00,"2,967",2412
111/02/16,"7,266,163","875,560,485",120.00,121.00,120.00,121.00,+1.00,"4,775",2412
111/02/17,"9,972,466","1,211,092,354",121.50,122.00,121.00,121.50,+0.50,"6,168",2412
111/02/18,"10,386,896","1,267,446,891",121.50,123.00,121.00,122.00,+0.50,"4,928",2412
111/02/21,"7,751,020","951,678,473",122.00,123.50,121.50,123.50,+1.50,"5,164",2412
111/02/22,"11,692,660","1,436,978,085",123.00,123.50,122.50,123.50, 0.00,"5,576",2412
111/02/23,"16,311,578","2,033,455,085",123.50,126.00,123.50,125.50,+2.00,"8,265",2412
111/02/24,"17,141,004","2,134,237,625",125.00,125.50,124.00,124.50,-1.00,"8,514",2412
111/02/25,"16,707,368","2,082,195,230",124.00,125.00,124.00,124.50, 0.00,"6,643",2412
111/03/01,"12,845,752","1,598,770,244",125.00,125.50,124.00,124.50, 0.00,"6,584",2412
111/03/02,"14,720,427","1,817,921,070",125.00,125.00,122.50,123.50,-1.00,"7,377",2412
111/03/03,"11,058,997","1,354,817,748",123.50,124.00,122.00,122.50,-1.00,"7,471",2412
111/03/04,"8,028,327","983,219,687",122.50,123.00,122.00,123.00,+0.50,"4,144",2412
111/03/07,"18,175,988","2,201,855,733",122.00,122.50,120.50,121.00,-2.00,"14,084",2412
111/03/08,"11,857,541","1,437,535,437",120.00,122.50,120.00,122.00,+1.00,"5,479",2412
111/03/09,"4,846,163","591,189,077",122.00,122.50,121.50,122.50,+0.50,"5,177",2412
111/03/10,"5,892,819","723,045,904",122.50,123.00,122.50,123.00,+0.50,"3,035",2412
111/03/11,"7,858,459","960,553,244",122.50,122.50,122.00,122.50,-0.50,"5,756",2412
111/03/14,"5,981,535","734,605,168",122.50,123.00,122.50,123.00,+0.50,"3,267",2412
111/03/15,"14,584,229","1,805,436,431",123.00,125.00,122.00,125.00,+2.00,"5,483",2412
111/03/16,"10,113,332","1,265,725,260",124.00,126.00,124.00,126.00,+1.00,"5,361",2412
111/03/17,"16,568,719","2,087,205,135",126.00,127.50,125.00,125.50,-0.50,"8,700",2412
111/03/18,"14,222,899","1,793,315,823",126.00,126.50,125.00,126.50,+1.00,"3,974",2412
111/03/21,"9,854,091","1,244,514,121",125.50,127.00,125.00,126.50, 0.00,"3,583",2412
111/03/22,"6,987,974","879,656,447",126.50,126.50,125.00,126.50, 0.00,"4,058",2412
111/03/23,"6,711,069","844,300,959",126.00,126.50,125.00,126.50, 0.00,"3,855",2412
111/03/24,"8,353,453","1,057,025,586",125.50,127.00,125.50,127.00,+0.50,"5,345",2412
111/03/25,"9,481,803","1,206,001,853",126.00,128.00,126.00,128.00,+1.00,"4,539",2412
111/03/28,"8,068,685","1,027,222,206",127.00,128.00,126.50,128.00, 0.00,"3,612",2412
111/03/29,"6,107,134","775,983,435",127.50,128.00,126.50,127.00,-1.00,"2,773",2412
111/03/30,"9,627,825","1,221,797,807",127.50,127.50,126.50,127.00, 0.00,"5,201",2412
111/03/31,"5,734,826","728,234,428",127.00,127.50,126.50,127.00, 0.00,"1,929",2412
111/04/01,"8,187,331","1,035,194,315",126.50,127.00,126.00,127.00, 0.00,"2,894",2412
111/04/06,"10,164,223","1,284,828,145",127.00,127.00,126.00,127.00, 0.00,"5,763",2412
111/04/07,"13,580,537","1,723,545,509",127.00,127.50,126.50,127.00, 0.00,"5,552",2412
111/04/08,"10,377,720","1,322,255,376",127.50,128.00,126.50,128.00,+1.00,"4,781",2412
111/04/11,"12,486,786","1,610,549,089",128.00,130.00,128.00,130.00,+2.00,"6,657",2412
111/04/12,"7,169,928","922,519,627",129.00,129.50,128.00,128.50,-1.50,"2,995",2412
111/04/13,"5,636,769","723,132,282",129.00,129.00,128.00,128.50, 0.00,"3,479",2412
111/04/14,"7,556,797","980,187,865",128.50,130.00,128.50,130.00,+1.50,"4,317",2412
111/04/15,"3,946,144","510,959,675",129.50,130.00,129.00,129.50,-0.50,"2,849",2412
111/04/18,"5,302,627","685,973,744",128.50,130.00,128.50,130.00,+0.50,"3,205",2412
111/04/19,"6,415,796","834,051,232",130.00,130.50,129.50,129.50,-0.50,"5,758",2412
111/04/20,"7,058,429","917,976,453",129.00,131.00,129.00,131.00,+1.50,"4,345",2412
111/04/21,"4,362,904","571,549,088",131.00,131.50,130.50,131.00, 0.00,"2,467",2412
111/04/22,"4,627,462","605,677,024",130.50,131.50,130.50,131.50,+0.50,"3,664",2412
111/04/25,"7,300,701","955,834,956",131.00,131.50,130.50,131.50, 0.00,"4,230",2412
111/04/26,"5,457,218","719,131,019",131.00,132.00,131.00,132.00,+0.50,"3,040",2412
111/04/27,"7,377,217","974,625,455",131.50,132.50,131.50,132.00, 0.00,"4,652",2412
111/04/28,"15,385,289","2,017,820,304",132.00,132.50,130.00,131.50,-0.50,"6,049",2412
111/04/29,"11,922,605","1,555,266,634",131.00,131.50,129.50,131.00,-0.50,"3,864",2412
111/05/03,"18,966,881","2,435,628,100",130.00,130.50,127.00,127.50,-3.50,"9,484",2412
111/05/04,"18,093,845","2,248,833,749",126.50,126.50,123.50,124.00,-3.50,"14,024",2412
111/05/05,"13,508,135","1,691,571,251",125.00,126.00,124.50,125.00,+1.00,"5,181",2412
111/05/06,"15,952,952","2,014,950,561",124.00,127.50,123.50,126.50,+1.50,"11,198",2412
111/05/09,"10,443,415","1,306,257,515",126.00,126.50,124.00,125.00,-1.50,"4,630",2412
111/05/10,"12,340,425","1,542,294,145",125.00,125.50,124.00,124.50,-0.50,"4,613",2412
111/05/11,"8,456,698","1,056,448,713",124.50,126.00,124.00,125.00,+0.50,"3,391",2412
111/05/12,"8,405,603","1,044,669,031",125.00,125.50,124.00,124.00,-1.00,"4,580",2412
111/05/13,"7,893,307","982,254,080",124.50,125.50,123.50,124.00, 0.00,"3,244",2412
111/05/16,"7,793,767","969,312,428",125.00,125.50,124.00,124.00, 0.00,"4,365",2412
111/05/17,"7,473,130","927,133,628",124.50,124.50,123.50,123.50,-0.50,"3,591",2412
111/05/18,"13,561,397","1,684,846,148",124.00,125.50,123.50,125.00,+1.50,"6,678",2412
111/05/19,"9,032,928","1,123,855,317",125.00,125.00,123.50,124.50,-0.50,"3,961",2412
111/05/20,"6,157,447","765,534,635",124.50,124.50,124.00,124.50, 0.00,"3,317",2412
111/05/23,"8,794,677","1,092,165,911",125.00,125.00,123.50,123.50,-1.00,"3,510",2412
111/05/24,"8,922,711","1,108,084,593",124.00,124.50,123.50,124.00,+0.50,"3,159",2412
111/05/25,"11,832,771","1,475,028,767",124.00,125.50,124.00,125.00,+1.00,"5,135",2412
111/05/26,"15,258,715","1,931,060,307",125.00,128.00,124.50,127.50,+2.50,"5,685",2412
111/05/27,"12,691,797","1,596,023,172",127.50,128.00,124.50,125.50,-2.00,"6,414",2412
111/05/30,"11,933,527","1,501,444,734",126.00,127.00,125.00,127.00,+1.50,"5,997",2412
111/05/31,"23,958,885","3,024,714,171",126.50,127.00,125.00,127.00, 0.00,"5,431",2412
111/06/01,"10,600,003","1,330,528,073",126.50,126.50,125.00,125.00,-2.00,"5,202",2412
111/06/02,"11,967,957","1,498,814,225",125.50,126.50,124.50,125.00, 0.00,"5,239",2412
111/06/06,"12,889,116","1,616,827,482",126.00,126.50,124.50,126.00,+1.00,"6,012",2412
111/06/07,"10,556,869","1,328,623,688",126.00,126.50,125.00,125.50,-0.50,"3,960",2412
111/06/08,"7,896,502","999,551,755",126.00,127.00,126.00,126.50,+1.00,"4,226",2412
111/06/09,"6,071,439","766,411,387",126.50,127.00,126.00,126.00,-0.50,"3,318",2412
111/06/10,"8,902,909","1,117,850,819",126.00,126.50,125.00,125.00,-1.00,"4,621",2412
111/06/13,"8,828,952","1,099,971,196",125.50,125.50,124.00,125.00, 0.00,"4,634",2412
111/06/14,"6,600,190","822,743,317",125.00,125.00,124.00,124.50,-0.50,"3,386",2412
111/06/15,"8,864,124","1,107,040,538",124.50,126.00,124.00,125.00,+0.50,"5,286",2412
111/06/16,"8,345,695","1,039,403,624",126.00,126.00,124.00,124.00,-1.00,"4,657",2412
111/06/17,"13,989,190","1,746,516,470",124.00,125.50,124.00,125.00,+1.00,"4,702",2412
111/06/20,"7,680,835","959,786,287",125.00,126.00,124.00,125.00, 0.00,"4,141",2412
111/06/21,"12,353,042","1,558,046,799",125.50,126.50,125.00,126.50,+1.50,"5,263",2412
111/06/22,"8,600,555","1,084,651,060",126.50,126.50,125.50,125.50,-1.00,"5,689",2412
111/06/23,"16,658,038","2,109,457,817",126.50,127.00,126.00,127.00,+1.50,"4,826",2412
111/06/24,"19,150,549","2,455,846,519",126.50,130.00,126.00,129.00,+2.00,"7,290",2412
111/06/27,"9,749,678","1,260,062,831",129.50,130.00,128.50,128.50,-0.50,"5,507",2412
111/06/28,"6,975,789","899,134,867",128.50,129.50,128.50,129.00,+0.50,"2,461",2412
111/06/29,"20,943,249","2,719,419,583",129.00,130.50,128.50,130.50,+1.50,"9,042",2412
111/06/30,"33,698,034","4,121,246,795",124.00,124.50,121.00,122.00,X0.00,"14,502",2412
111/07/01,"20,105,503","2,477,834,660",122.00,125.00,120.00,124.00,+2.00,"10,486",2412
111/07/04,"17,388,184","2,204,272,603",125.00,128.00,124.50,126.50,+2.50,"7,951",2412
111/07/05,"15,884,241","2,017,531,075",127.50,128.00,125.50,127.00,+0.50,"6,313",2412
111/07/06,"15,540,463","1,985,650,713",128.00,128.50,127.00,128.00,+1.00,"6,322",2412
111/07/07,"24,861,941","3,185,819,534",128.00,129.50,126.50,127.50,-0.50,"7,979",2412
111/07/08,"15,579,477","1,951,516,912",127.00,127.00,124.50,124.50,-3.00,"6,867",2412
111/07/11,"9,882,350","1,220,909,405",125.00,125.50,123.00,124.00,-0.50,"6,893",2412
111/07/12,"15,213,048","1,868,625,485",123.50,124.50,122.00,122.50,-1.50,"7,492",2412
111/07/13,"22,621,422","2,797,689,689",122.50,125.00,122.50,124.00,+1.50,"5,833",2412
111/07/14,"17,810,379","2,191,969,318",125.00,125.00,122.00,123.00,-1.00,"6,061",2412
111/07/15,"8,507,617","1,042,483,635",122.50,123.00,122.00,123.00, 0.00,"5,523",2412
111/07/18,"18,399,457","2,260,313,831",124.00,124.00,122.00,123.00, 0.00,"5,832",2412
111/07/19,"17,236,434","2,096,910,069",123.00,123.50,120.50,121.50,-1.50,"8,220",2412
111/07/20,"12,246,032","1,472,978,105",121.50,122.00,120.00,120.00,-1.50,"9,811",2412
111/07/21,"6,963,743","831,155,925",119.50,120.00,119.00,119.50,-0.50,"5,361",2412
111/07/22,"9,338,499","1,105,402,059",119.00,119.50,117.50,118.50,-1.00,"7,355",2412
111/07/25,"5,918,709","708,513,896",118.50,120.50,118.50,120.00,+1.50,"3,307",2412
111/07/26,"6,596,930","788,922,452",120.00,120.00,119.00,120.00, 0.00,"3,055",2412
111/07/27,"10,031,369","1,215,251,595",119.50,122.50,119.50,121.50,+1.50,"3,845",2412
111/07/28,"4,016,417","487,859,707",121.50,122.00,121.00,121.50, 0.00,"2,256",2412
111/07/29,"5,844,447","709,642,465",122.00,122.50,121.00,121.50, 0.00,"2,461",2412
111/08/01,"6,700,795","816,095,385",122.50,122.50,121.00,122.00,+0.50,"2,618",2412
111/08/02,"12,966,774","1,586,105,305",122.00,123.00,121.50,122.50,+0.50,"3,825",2412
111/08/03,"8,325,671","1,011,964,974",121.50,122.50,121.00,121.50,-1.00,"3,371",2412
111/08/04,"6,295,185","761,202,751",121.50,122.00,120.00,120.50,-1.00,"2,904",2412
111/08/05,"6,376,233","775,705,445",121.00,122.00,121.00,122.00,+1.50,"2,389",2412
111/08/08,"5,830,105","712,188,673",122.00,122.50,121.00,122.50,+0.50,"4,344",2412
111/08/09,"5,118,595","625,634,278",122.00,122.50,121.50,122.50, 0.00,"2,975",2412
111/08/10,"6,524,614","800,104,002",122.50,123.00,122.00,122.50, 0.00,"3,493",2412
111/08/11,"15,504,946","1,931,528,532",123.50,126.00,123.50,125.00,+2.50,"5,497",2412
111/08/12,"6,396,575","797,355,818",125.00,125.50,124.00,125.00, 0.00,"3,645",2412
111/08/15,"6,656,130","831,138,807",125.00,125.50,124.50,124.50,-0.50,"2,629",2412
111/08/16,"7,528,320","932,701,843",125.00,125.00,123.00,123.50,-1.00,"5,142",2412
111/08/17,"9,326,142","1,146,900,280",124.00,124.50,122.00,123.00,-0.50,"5,220",2412
111/08/18,"6,836,983","836,873,681",123.00,123.00,122.00,122.50,-0.50,"2,937",2412
111/08/19,"8,303,885","1,008,386,382",122.00,122.50,121.00,121.50,-1.00,"5,390",2412
111/08/22,"5,861,822","715,351,633",121.00,123.00,121.00,123.00,+1.50,"2,975",2412
111/08/23,"4,454,970","546,637,469",123.00,123.00,122.00,122.50,-0.50,"2,274",2412
111/08/24,"6,035,328","737,700,502",122.50,122.50,122.00,122.00,-0.50,"2,903",2412
111/08/25,"5,116,044","623,772,727",122.00,122.50,121.50,122.00, 0.00,"2,443",2412
111/08/26,"5,517,045","674,283,767",122.00,122.50,121.50,122.00, 0.00,"3,382",2412
111/08/29,"8,052,542","984,899,557",122.00,123.50,121.00,123.00,+1.00,"3,728",2412
111/08/30,"7,005,118","858,662,352",122.50,123.50,122.00,122.50,-0.50,"3,742",2412
111/08/31,"12,414,868","1,507,446,730",122.00,122.50,121.00,121.00,-1.50,"5,407",2412
111/09/01,"8,633,263","1,042,661,411",121.00,121.50,120.50,121.00, 0.00,"4,782",2412
111/09/02,"8,049,749","976,490,450",121.00,122.00,120.50,121.00, 0.00,"3,584",2412
111/09/05,"6,482,718","788,603,227",121.00,122.00,121.00,122.00,+1.00,"3,116",2412
111/09/06,"5,731,873","696,947,212",122.00,122.00,121.00,121.50,-0.50,"3,392",2412
111/09/07,"6,664,880","804,078,220",121.00,121.50,120.00,120.50,-1.00,"4,744",2412
111/09/08,"5,582,159","673,888,765",120.50,121.00,120.00,121.00,+0.50,"2,794",2412
111/09/12,"9,008,537","1,092,384,730",122.00,122.00,120.00,121.00, 0.00,"3,653",2412
111/09/13,"6,287,805","760,267,952",121.00,121.50,120.50,121.00, 0.00,"3,084",2412
111/09/14,"6,928,400","830,265,014",120.00,120.50,119.50,119.50,-1.50,"5,359",2412
111/09/15,"8,519,368","1,017,359,280",119.50,120.00,119.00,119.00,-0.50,"6,475",2412
111/09/16,"16,323,152","1,928,240,634",118.50,119.00,117.50,118.00,-1.00,"8,756",2412
111/09/19,"5,487,371","648,512,987",118.00,119.00,118.00,118.00, 0.00,"3,651",2412
111/09/20,"5,068,034","599,434,589",118.50,119.00,118.00,118.00, 0.00,"3,430",2412
111/09/21,"6,307,599","741,294,581",118.00,118.00,117.00,117.50,-0.50,"5,594",2412
111/09/22,"7,369,824","857,181,767",116.50,117.00,116.00,116.00,-1.50,"6,238",2412
111/09/23,"11,304,397","1,301,385,697",116.50,116.50,114.50,115.00,-1.00,"9,489",2412
111/09/26,"8,585,255","991,925,761",114.50,117.00,113.50,116.50,+1.50,"5,245",2412
111/09/27,"3,740,177","435,118,171",117.00,117.50,116.00,116.00,-0.50,"2,949",2412
111/09/28,"11,905,525","1,380,433,840",117.00,117.00,114.00,116.50,+0.50,"6,056",2412
111/09/29,"13,419,823","1,554,374,294",117.00,117.50,115.00,116.00,-0.50,"6,352",2412
111/09/30,"9,562,893","1,094,989,512",115.00,115.50,114.00,114.00,-2.00,"5,520",2412
111/10/03,"16,983,673","1,901,382,771",113.00,113.50,111.00,111.50,-2.50,"12,290",2412
111/10/04,"11,550,567","1,290,405,748",112.50,113.00,111.00,112.00,+0.50,"6,820",2412
111/10/05,"9,587,839","1,070,913,177",112.00,112.50,111.50,111.50,-0.50,"6,473",2412
111/10/06,"9,803,106","1,086,807,302",111.50,111.50,110.50,110.50,-1.00,"7,007",2412
111/10/07,"9,329,537","1,029,849,913",110.00,111.00,109.50,110.50, 0.00,"4,669",2412
111/10/11,"11,699,511","1,279,003,947",109.50,110.00,109.00,109.00,-1.50,"7,720",2412
111/10/12,"8,380,445","918,174,229",109.00,110.00,108.50,110.00,+1.00,"4,631",2412
111/10/13,"8,770,607","959,713,611",109.50,110.00,109.00,109.00,-1.00,"5,068",2412
111/10/14,"11,170,051","1,217,003,072",109.50,110.00,108.00,109.00, 0.00,"6,212",2412
111/10/17,"6,716,236","731,356,306",108.50,109.50,108.00,109.00, 0.00,"3,424",2412
111/10/18,"8,746,488","951,226,947",109.50,109.50,108.00,108.50,-0.50,"4,955",2412
111/10/19,"10,398,480","1,121,882,741",108.50,109.00,107.00,107.50,-1.00,"9,358",2412
111/10/20,"17,993,735","1,917,827,097",107.00,107.50,105.50,107.00,-0.50,"7,052",2412
111/10/21,"4,840,566","521,253,414",107.50,108.00,107.00,108.00,+1.00,"2,734",2412
111/10/24,"8,837,506","951,200,012",108.00,108.50,107.00,107.50,-0.50,"4,272",2412
111/10/25,"19,617,999","2,139,603,177",108.00,110.50,107.00,110.50,+3.00,"7,807",2412
111/10/26,"12,225,617","1,335,247,803",110.00,110.50,108.50,108.50,-2.00,"4,714",2412
111/10/27,"12,604,183","1,380,471,174",109.00,110.50,108.50,109.50,+1.00,"5,280",2412
111/10/28,"6,799,632","743,527,890",109.50,110.00,109.00,109.00,-0.50,"3,251",2412
111/10/31,"9,274,900","1,028,689,498",110.00,111.50,109.50,111.00,+2.00,"5,118",2412
111/11/01,"5,272,581","579,328,366",110.50,110.50,109.50,109.50,-1.50,"4,039",2412
111/11/02,"8,446,297","916,976,034",109.00,109.00,108.00,108.50,-1.00,"4,183",2412
111/11/03,"5,181,876","561,797,853",108.50,109.00,108.00,108.50, 0.00,"2,578",2412
111/11/04,"11,310,355","1,218,833,184",107.50,108.50,107.00,108.50, 0.00,"5,902",2412
111/11/07,"6,285,270","678,671,324",108.50,109.00,107.50,108.00,-0.50,"4,603",2412
111/11/08,"4,464,896","483,154,961",108.00,108.50,108.00,108.50,+0.50,"3,710",2412
111/11/09,"11,374,417","1,237,176,140",108.00,109.50,108.00,109.00,+0.50,"5,237",2412
111/11/10,"6,601,952","717,022,338",108.50,109.50,108.00,108.50,-0.50,"3,988",2412
111/11/11,"13,541,837","1,479,619,335",109.50,110.00,108.50,109.50,+1.00,"5,513",2412
111/11/14,"20,744,675","2,268,604,292",109.50,110.50,108.50,109.50, 0.00,"7,251",2412
111/11/15,"12,134,584","1,323,894,461",109.50,110.00,108.50,109.00,-0.50,"5,633",2412
111/11/16,"13,565,041","1,472,132,554",108.50,109.00,108.00,108.50,-0.50,"6,813",2412
111/11/17,"11,295,474","1,220,319,942",108.50,109.00,107.50,108.00,-0.50,"5,611",2412
111/11/18,"6,707,063","727,180,846",108.00,109.00,108.00,109.00,+1.00,"4,152",2412
111/11/21,"5,224,639","568,428,459",109.00,109.50,108.50,109.00, 0.00,"3,911",2412
111/11/22,"6,114,127","663,048,960",109.00,109.00,108.00,108.50,-0.50,"3,814",2412
111/11/23,"5,494,580","599,782,550",109.00,109.50,108.50,109.00,+0.50,"3,747",2412
111/11/24,"6,435,724","707,470,935",109.50,110.50,109.00,110.00,+1.00,"3,386",2412
111/11/25,"20,032,864","2,244,946,967",110.00,114.00,110.00,112.50,+2.50,"7,890",2412
111/11/28,"10,951,451","1,218,125,312",111.50,112.00,110.50,110.50,-2.00,"3,989",2412
111/11/29,"9,200,148","1,031,333,609",110.50,113.00,110.50,112.00,+1.50,"4,869",2412
111/11/30,"14,536,167","1,644,644,325",112.00,113.50,111.50,113.50,+1.50,"3,907",2412
111/12/01,"10,281,440","1,154,373,750",114.00,114.00,111.50,111.50,-2.00,"5,543",2412
111/12/02,"7,157,112","798,094,309",111.50,112.00,111.00,112.00,+0.50,"3,649",2412
111/12/05,"4,440,051","498,542,172",112.00,113.00,111.50,112.50,+0.50,"2,838",2412
111/12/06,"6,982,186","780,503,331",112.00,112.00,111.50,112.00,-0.50,"4,003",2412
111/12/07,"10,680,253","1,200,630,503",112.00,113.00,111.50,112.50,+0.50,"3,974",2412
111/12/08,"5,805,091","646,566,624",112.00,112.50,111.00,111.00,-1.50,"3,629",2412
111/12/09,"6,241,097","697,812,661",111.50,112.50,111.00,112.00,+1.00,"2,740",2412
111/12/12,"6,999,530","784,198,547",111.50,112.50,111.50,112.50,+0.50,"2,858",2412
111/12/13,"8,203,870","913,808,027",112.00,112.50,111.00,111.00,-1.50,"4,376",2412
111/12/14,"8,039,184","900,198,327",112.00,113.00,111.50,111.50,+0.50,"3,711",2412
111/12/15,"7,361,483","823,549,881",112.50,112.50,111.50,112.00,+0.50,"3,019",2412
111/12/16,"16,355,920","1,814,203,809",111.00,112.00,110.50,110.50,-1.50,"5,902",2412
111/12/19,"7,730,248","859,547,339",110.50,112.00,110.50,111.50,+1.00,"3,956",2412
111/12/20,"7,048,100","786,697,708",111.00,112.00,111.00,111.50, 0.00,"4,095",2412
111/12/21,"5,992,737","671,764,254",111.50,112.50,111.50,111.50, 0.00,"3,640",2412
111/12/22,"6,451,669","726,181,945",112.00,113.00,111.50,113.00,+1.50,"3,550",2412
111/12/23,"6,520,688","732,730,215",112.00,113.00,111.50,112.50,-0.50,"3,566",2412
111/12/26,"4,849,376","548,370,618",113.00,113.50,112.50,113.00,+0.50,"2,781",2412
111/12/27,"1,885,813","213,445,621",113.50,113.50,113.00,113.00, 0.00,"1,641",2412
111/12/28,"8,480,502","961,399,352",112.50,114.00,112.00,114.00,+1.00,"3,203",2412
111/12/29,"3,794,863","429,412,757",113.00,113.50,112.50,113.00,-1.00,"2,218",2412
111/12/30,"2,574,896","291,154,427",113.50,113.50,112.50,113.00, 0.00,"1,542",2412
112/01/03,"7,432,689","835,471,675",113.00,113.50,111.50,113.00, 0.00,"3,505",2412
112/01/04,"5,612,226","637,626,525",113.50,114.00,113.00,113.50,+0.50,"2,782",2412
112/01/05,"7,316,532","830,057,754",113.50,114.00,113.00,114.00,+0.50,"3,820",2412
112/01/06,"5,075,751","577,151,741",114.00,114.00,113.50,114.00, 0.00,"3,168",2412
112/01/09,"8,261,894","945,596,599",114.50,115.00,113.50,115.00,+1.00,"5,230",2412
112/01/10,"9,052,980","1,037,407,553",115.00,115.00,114.00,115.00, 0.00,"3,839",2412
112/01/11,"8,652,903","987,790,015",115.00,115.00,113.50,114.00,-1.00,"5,150",2412
112/01/12,"7,646,730","868,898,492",114.00,114.50,113.00,113.50,-0.50,"4,552",2412
112/01/13,"4,911,658","559,861,935",114.00,114.50,113.50,114.00,+0.50,"2,644",2412
112/01/16,"10,014,296","1,144,935,013",114.00,115.00,113.50,115.00,+1.00,"3,771",2412
112/01/17,"7,705,727","879,778,540",114.50,115.00,114.00,114.00,-1.00,"3,482",2412
112/01/30,"31,597,638","3,611,583,252",115.50,115.50,113.00,114.50,+0.50,"10,657",2412
112/01/31,"17,598,197","1,990,385,328",114.50,114.50,112.50,112.50,-2.00,"7,937",2412
112/02/01,"16,944,328","1,900,148,047",112.50,113.00,111.50,112.50, 0.00,"9,822",2412
112/02/02,"12,804,247","1,437,569,401",112.00,113.00,111.50,112.00,-0.50,"5,667",2412
112/02/03,"9,424,549","1,061,020,767",112.00,113.50,112.00,113.00,+1.00,"4,844",2412
112/02/06,"6,529,642","736,131,005",112.50,113.50,112.00,112.50,-0.50,"3,860",2412
112/02/07,"9,053,359","1,021,404,422",113.00,113.50,112.50,112.50, 0.00,"4,353",2412
112/02/08,"11,680,678","1,315,995,762",112.50,113.00,112.50,112.50, 0.00,"5,207",2412
112/02/09,"11,603,895","1,305,114,551",112.50,113.00,112.00,112.50, 0.00,"4,273",2412
112/02/10,"7,562,109","851,948,645",112.00,113.00,112.00,113.00,+0.50,"3,088",2412
112/02/13,"7,011,727","794,107,192",113.00,113.50,112.50,113.50,+0.50,"3,747",2412
112/02/14,"9,828,413","1,116,880,773",114.00,114.50,113.00,114.00,+0.50,"3,941",2412
112/02/15,"8,842,450","1,003,067,987",114.00,114.00,113.00,113.50,-0.50,"4,253",2412
112/02/16,"7,314,449","833,478,144",113.50,114.50,113.50,114.00,+0.50,"4,458",2412
112/02/17,"7,814,533","888,038,299",114.00,114.00,113.50,113.50,-0.50,"3,939",2412
112/02/20,"5,065,190","580,130,868",114.00,115.00,113.50,115.00,+1.50,"3,404",2412
112/02/21,"2,348,363","268,879,986",114.50,115.00,114.00,114.50,-0.50,"1,997",2412
112/02/22,"7,347,486","844,048,069",114.50,115.50,114.00,115.00,+0.50,"3,721",2412
112/02/23,"7,556,467","871,908,086",115.00,116.00,114.50,115.50,+0.50,"3,890",2412
112/02/24,"11,225,604","1,296,005,855",115.50,116.00,115.00,115.50, 0.00,"3,562",2412
112/03/01,"12,267,308","1,412,750,161",115.50,115.50,114.50,115.00,-0.50,"6,256",2412
112/03/02,"9,393,511","1,091,848,574",115.00,117.00,115.00,116.50,+1.50,"5,297",2412
112/03/03,"5,505,918","647,004,082",117.00,118.00,116.50,117.50,+1.00,"4,052",2412
112/03/06,"6,778,657","802,861,322",118.00,119.00,117.50,118.00,+0.50,"4,976",2412
112/03/07,"7,441,643","880,616,240",118.00,119.00,117.50,118.50,+0.50,"4,399",2412
112/03/08,"9,876,887","1,171,332,349",118.00,119.00,118.00,119.00,+0.50,"4,929",2412
112/03/09,"7,700,813","914,201,911",119.00,119.50,118.00,118.50,-0.50,"3,885",2412
112/03/10,"7,282,463","856,121,613",118.50,118.50,117.00,117.50,-1.00,"5,414",2412
112/03/13,"12,245,759","1,449,327,049",117.00,119.50,116.50,119.00,+1.50,"5,246",2412
112/03/14,"8,326,688","982,574,631",118.00,118.50,117.50,117.50,-1.50,"4,077",2412
112/03/15,"7,339,595","871,937,564",118.00,119.50,118.00,119.00,+1.50,"4,667",2412
112/03/16,"5,982,473","711,872,831",118.50,119.50,118.50,119.00, 0.00,"2,958",2412
112/03/17,"12,591,555","1,491,340,227",119.00,119.50,118.00,118.00,-1.00,"5,415",2412
112/03/20,"4,159,865","494,750,271",118.50,119.50,118.00,119.00,+1.00,"2,654",2412
112/03/21,"3,974,614","472,941,324",119.00,119.50,118.50,118.50,-0.50,"2,614",2412
112/03/22,"4,248,428","506,844,869",119.00,119.50,118.50,119.50,+1.00,"3,181",2412
112/03/23,"6,471,204","776,455,178",119.50,120.50,119.50,120.00,+0.50,"3,901",2412
112/03/24,"5,456,328","653,754,048",120.00,120.50,119.50,119.50,-0.50,"3,396",2412
112/03/27,"5,465,258","655,520,342",120.00,120.50,119.50,120.00,+0.50,"2,829",2412
112/03/28,"7,007,110","837,027,567",120.00,120.00,119.00,119.50,-0.50,"3,074",2412
112/03/29,"6,271,576","751,136,625",120.00,120.00,119.00,120.00,+0.50,"2,767",2412
112/03/30,"5,251,566","629,514,829",120.00,120.00,119.50,120.00, 0.00,"3,200",2412
112/03/31,"4,787,286","573,408,412",120.00,120.50,119.50,119.50,-0.50,"2,597",2412
112/04/06,"9,138,013","1,097,898,974",120.00,120.50,119.50,120.50,+1.00,"5,592",2412
112/04/07,"5,158,962","623,545,055",120.50,121.00,120.00,121.00,+0.50,"3,455",2412
112/04/10,"5,894,121","719,452,154",121.00,122.50,121.00,122.50,+1.50,"4,392",2412
112/04/11,"9,210,198","1,127,483,307",122.50,123.00,121.50,123.00,+0.50,"4,567",2412
112/04/12,"12,492,309","1,538,124,650",123.00,124.00,122.50,123.00, 0.00,"5,523",2412
112/04/13,"12,607,601","1,558,104,915",123.00,124.00,122.50,124.00,+1.00,"6,874",2412
112/04/14,"11,173,534","1,388,092,101",124.00,125.00,123.50,124.50,+0.50,"6,579",2412
112/04/17,"9,056,401","1,129,734,011",124.50,125.50,123.50,125.50,+1.00,"5,405",2412
112/04/18,"9,350,920","1,174,365,374",125.00,126.00,125.00,126.00,+0.50,"5,181",2412
112/04/19,"7,576,493","949,817,645",126.00,126.00,124.50,124.50,-1.50,"5,299",2412
112/04/20,"8,924,387","1,111,855,616",124.50,125.00,124.00,125.00,+0.50,"4,432",2412
112/04/21,"11,409,564","1,433,566,763",124.50,126.00,124.50,126.00,+1.00,"6,236",2412
112/04/24,"6,734,040","849,009,217",125.50,126.50,125.50,126.00, 0.00,"3,289",2412
112/04/25,"10,247,563","1,291,752,942",126.00,126.50,125.50,126.00, 0.00,"4,782",2412
112/04/26,"14,081,467","1,781,398,819",126.00,127.00,125.50,127.00,+1.00,"8,106",2412
112/04/27,"9,193,135","1,162,239,184",126.50,127.00,126.00,126.50,-0.50,"6,003",2412
112/04/28,"6,766,985","857,721,205",126.50,127.00,126.00,127.00,+0.50,"3,270",2412
112/05/02,"7,919,515","995,206,255",126.50,127.00,125.00,125.50,-1.50,"5,238",2412
112/05/03,"4,105,963","514,246,576",125.00,125.50,124.50,125.50, 0.00,"3,074",2412
112/05/04,"5,747,001","723,886,538",125.00,126.50,125.00,126.50,+1.00,"3,236",2412
112/05/05,"2,810,613","354,745,105",126.50,126.50,125.50,126.50, 0.00,"2,516",2412
112/05/08,"4,126,558","521,112,241",126.50,126.50,126.00,126.50, 0.00,"2,866",2412
112/05/09,"5,167,665","652,264,304",126.00,126.50,126.00,126.50, 0.00,"3,499",2412
112/05/10,"4,941,058","622,340,998",126.50,127.00,125.50,126.00,-0.50,"3,097",2412
112/05/11,"4,874,868","613,357,100",126.00,126.00,125.50,126.00, 0.00,"3,263",2412
112/05/12,"11,563,089","1,444,066,321",125.50,125.50,124.50,125.00,-1.00,"5,646",2412
112/05/15,"6,128,217","766,230,106",124.50,125.50,124.50,125.50,+0.50,"3,396",2412
112/05/16,"6,378,220","801,437,395",125.00,126.00,125.00,126.00,+0.50,"4,002",2412
112/05/17,"9,922,613","1,255,106,336",125.50,127.00,125.50,127.00,+1.00,"6,104",2412
112/05/18,"9,120,815","1,156,527,216",126.50,127.50,126.50,126.50,-0.50,"4,366",2412
112/05/19,"7,485,118","950,669,674",127.00,127.50,126.50,127.50,+1.00,"3,843",2412
112/05/22,"11,770,945","1,478,815,566",127.00,127.00,125.00,125.50,-2.00,"6,301",2412
112/05/23,"9,055,148","1,137,946,240",125.50,126.50,125.00,126.50,+1.00,"4,901",2412
112/05/24,"9,303,946","1,168,437,922",125.50,126.50,125.00,126.50, 0.00,"5,720",2412
112/05/25,"16,178,254","2,043,864,097",125.50,128.00,125.00,128.00,+1.50,"7,257",2412
112/05/26,"19,932,434","2,511,374,952",126.50,127.00,125.00,127.00,-1.00,"8,620",2412
112/05/29,"17,449,177","2,188,326,387",126.00,126.50,125.00,126.00,-1.00,"7,280",2412
112/05/30,"18,412,850","2,301,585,791",125.50,126.00,124.50,125.50,-0.50,"7,575",2412
112/05/31,"30,805,993","3,867,703,847",125.00,126.00,124.50,126.00,+0.50,"5,934",2412
112/06/01,"9,489,375","1,185,918,649",125.50,126.00,124.50,125.00,-1.00,"4,346",2412
112/06/02,"11,674,521","1,460,537,897",125.00,126.00,124.50,125.50,+0.50,"4,860",2412
112/06/05,"5,577,131","698,057,401",125.50,125.50,125.00,125.00,-0.50,"4,016",2412
112/06/06,"9,414,424","1,180,712,396",125.50,126.00,125.00,125.50,+0.50,"4,997",2412
112/06/07,"6,803,177","851,706,421",126.00,126.00,125.00,125.00,-0.50,"3,730",2412
112/06/08,"6,330,386","792,287,838",125.50,125.50,125.00,125.00, 0.00,"3,195",2412
112/06/09,"6,727,622","845,340,890",125.50,126.00,125.00,125.50,+0.50,"3,426",2412
112/06/12,"4,206,879","527,803,124",126.00,126.00,125.00,125.00,-0.50,"2,848",2412
112/06/13,"7,512,052","942,051,020",125.00,126.00,125.00,125.50,+0.50,"3,437",2412
112/06/14,"6,119,906","767,907,681",125.50,126.00,125.00,125.50, 0.00,"2,920",2412
112/06/15,"3,977,969","498,547,042",125.50,126.00,125.00,125.50, 0.00,"2,883",2412
112/06/16,"10,539,400","1,323,862,096",125.50,126.00,125.00,125.50, 0.00,"3,613",2412
112/06/19,"6,150,164","773,154,230",125.50,126.00,125.00,125.50, 0.00,"3,647",2412
112/06/20,"8,229,120","1,033,070,947",125.50,126.00,125.00,126.00,+0.50,"4,804",2412
112/06/21,"8,030,994","1,009,024,244",125.50,126.00,125.00,126.00, 0.00,"4,541",2412
112/06/26,"8,770,165","1,092,269,708",126.00,126.00,124.00,124.00,-2.00,"5,811",2412
112/06/27,"11,025,948","1,351,914,643",124.00,124.00,122.00,122.00,-2.00,"7,995",2412
112/06/28,"12,201,006","1,483,721,251",122.00,122.50,121.00,121.50,-0.50,"7,651",2412
112/06/29,"15,713,740","1,847,345,112",117.00,118.00,117.00,117.50,X0.00,"10,391",2412
112/06/30,"11,472,794","1,340,052,351",117.50,117.50,116.00,116.50,-1.00,"8,905",2412
112/07/03,"11,503,869","1,330,214,063",116.50,117.00,115.00,115.00,-1.50,"10,561",2412
112/07/04,"8,987,681","1,033,103,053",114.00,116.00,114.00,115.50,+0.50,"6,292",2412
112/07/05,"8,417,914","971,963,047",115.50,116.50,115.00,115.00,-0.50,"7,228",2412
112/07/06,"8,588,326","987,525,781",115.50,115.50,114.50,115.00, 0.00,"8,162",2412
112/07/07,"7,644,556","874,670,270",115.00,115.00,114.00,114.50,-0.50,"6,268",2412
112/07/10,"5,796,580","662,942,726",114.50,115.00,114.00,114.00,-0.50,"5,274",2412
112/07/11,"6,306,725","725,982,016",114.50,115.50,114.50,115.00,+1.00,"3,294",2412
112/07/12,"4,965,800","570,460,350",115.00,115.50,114.50,115.00, 0.00,"3,836",2412
112/07/13,"6,585,802","758,516,617",115.50,115.50,115.00,115.00, 0.00,"3,703",2412
112/07/14,"7,552,412","876,558,886",115.50,116.50,115.00,116.50,+1.50,"4,323",2412
112/07/17,"4,631,243","538,814,385",117.00,117.00,116.00,116.50, 0.00,"4,106",2412
112/07/18,"9,694,951","1,117,901,181",116.00,116.50,115.00,115.00,-1.50,"7,797",2412
112/07/19,"9,365,756","1,082,741,397",116.00,116.50,115.00,115.00, 0.00,"5,679",2412
112/07/20,"4,966,049","574,251,042",115.50,116.00,115.50,115.50,+0.50,"3,168",2412
112/07/21,"8,109,506","938,939,743",116.00,116.50,115.50,115.50, 0.00,"4,051",2412
112/07/24,"7,483,319","866,608,884",116.00,116.00,115.50,116.00,+0.50,"4,026",2412
112/07/25,"5,956,152","691,805,793",116.00,116.50,115.50,116.50,+0.50,"3,436",2412
112/07/26,"4,934,023","575,107,607",116.50,117.00,116.00,117.00,+0.50,"3,360",2412
112/07/27,"4,688,851","547,108,764",117.00,117.00,116.50,116.50,-0.50,"3,671",2412
112/07/28,"5,209,567","607,714,941",116.50,117.00,116.00,116.50, 0.00,"3,157",2412
112/07/31,"8,059,795","937,171,060",117.00,117.00,116.00,116.00,-0.50,"4,917",2412
112/08/01,"3,638,953","423,176,117",116.00,116.50,116.00,116.50,+0.50,"2,877",2412
112/08/02,"6,336,605","735,838,036",116.00,116.50,116.00,116.00,-0.50,"4,204",2412
112/08/04,"4,936,765","574,139,452",116.00,116.50,116.00,116.50,+0.50,"3,846",2412
112/08/07,"5,870,973","682,532,679",116.00,116.50,116.00,116.00,-0.50,"4,159",2412
112/08/08,"8,079,978","941,332,757",116.50,117.00,116.00,116.50,+0.50,"4,354",2412
112/08/09,"6,128,841","716,581,807",116.50,117.00,116.50,117.00,+0.50,"4,159",2412
112/08/10,"9,890,646","1,162,181,462",117.00,118.00,117.00,118.00,+1.00,"5,439",2412
112/08/11,"5,018,393","593,174,356",118.00,118.50,118.00,118.00, 0.00,"3,544",2412
112/08/14,"7,274,259","853,089,734",118.00,118.50,117.00,117.00,-1.00,"4,598",2412
112/08/15,"3,887,559","455,662,000",118.00,118.00,117.00,117.00, 0.00,"2,855",2412
112/08/16,"8,370,425","984,596,259",117.00,118.00,117.00,118.00,+1.00,"5,729",2412
112/08/17,"8,468,820","991,421,615",117.50,117.50,116.50,116.50,-1.50,"5,755",2412
112/08/18,"9,023,828","1,059,521,010",117.00,118.00,116.50,117.50,+1.00,"3,898",2412
112/08/21,"5,181,959","608,073,789",117.50,118.00,117.00,117.00,-0.50,"3,448",2412
112/08/22,"5,706,064","668,015,716",117.00,117.50,116.50,116.50,-0.50,"3,556",2412
112/08/23,"3,276,400","382,797,407",117.00,117.50,116.50,116.50, 0.00,"2,530",2412
112/08/24,"6,308,978","740,207,639",116.50,118.00,116.50,117.50,+1.00,"3,237",2412
112/08/25,"4,990,856","584,192,343",117.50,118.00,116.50,116.50,-1.00,"3,483",2412
112/08/28,"2,340,880","274,291,470",117.00,117.50,116.50,117.00,+0.50,"1,937",2412
112/08/29,"3,105,154","365,135,626",117.00,118.00,117.00,117.50,+0.50,"2,255",2412
112/08/30,"6,053,467","710,384,117",117.50,118.00,117.00,117.00,-0.50,"3,339",2412
112/08/31,"17,081,756","1,988,003,614",117.50,117.50,116.00,116.00,-1.00,"5,967",2412
112/09/01,"3,829,691","446,847,596",116.00,117.00,116.00,116.50,+0.50,"3,183",2412
112/09/04,"3,895,767","456,667,812",116.50,117.50,116.00,117.50,+1.00,"2,920",2412
112/09/05,"3,548,659","415,786,932",117.50,117.50,117.00,117.00,-0.50,"2,641",2412
112/09/06,"4,222,287","494,836,859",117.50,117.50,117.00,117.00, 0.00,"2,987",2412
112/09/07,"5,786,818","677,621,925",117.00,117.50,116.50,117.00, 0.00,"3,831",2412
112/09/08,"3,645,276","425,689,247",117.00,117.00,116.50,116.50,-0.50,"3,064",2412
112/09/11,"3,652,072","426,604,695",116.50,117.00,116.50,117.00,+0.50,"2,767",2412
112/09/12,"4,477,926","523,404,493",117.00,117.50,116.50,117.00, 0.00,"3,117",2412
112/09/13,"6,110,112","713,039,307",117.00,117.50,116.50,116.50,-0.50,"4,144",2412
112/09/14,"5,474,249","639,871,478",117.00,117.00,116.50,117.00,+0.50,"3,359",2412
112/09/15,"10,395,037","1,219,634,538",117.00,117.50,116.50,117.50,+0.50,"3,305",2412
112/09/18,"2,077,036","243,526,921",117.00,117.50,117.00,117.00,-0.50,"2,121",2412
112/09/19,"4,579,776","536,519,666",117.00,118.00,117.00,117.00, 0.00,"3,065",2412
112/09/20,"5,393,485","631,315,913",117.00,117.50,116.50,117.00, 0.00,"3,592",2412
112/09/21,"4,394,526","512,692,672",117.00,117.50,116.50,116.50,-0.50,"3,124",2412
112/09/22,"5,597,824","652,959,379",116.50,117.00,116.50,117.00,+0.50,"3,231",2412
112/09/25,"2,566,800","299,660,433",117.00,117.00,116.50,116.50,-0.50,"2,461",2412
112/09/26,"6,647,980","773,186,163",116.50,117.00,116.00,116.00,-0.50,"5,185",2412
112/09/27,"6,179,964","718,877,523",116.00,116.50,116.00,116.50,+0.50,"3,688",2412
112/09/28,"4,642,771","539,909,887",116.50,117.00,116.00,116.00,-0.50,"2,936",2412
112/10/02,"5,201,489","606,125,367",116.50,117.00,116.00,116.50,+0.50,"3,654",2412
112/10/03,"4,217,338","490,162,762",116.50,116.50,116.00,116.00,-0.50,"3,643",2412
112/10/04,"9,114,400","1,053,174,778",116.00,116.00,115.00,115.00,-1.00,"6,921",2412
112/10/05,"8,673,229","999,731,252",115.00,116.00,115.00,115.00, 0.00,"5,866",2412
112/10/06,"4,870,533","563,050,414",115.50,116.00,115.50,115.50,+0.50,"4,119",2412
112/10/11,"11,058,754","1,284,826,972",116.50,116.50,115.50,116.50,+1.00,"6,268",2412
112/10/12,"6,193,227","720,317,785",117.00,117.00,116.00,116.50, 0.00,"3,769",2412
112/10/13,"7,305,443","847,567,273",116.00,116.50,115.50,116.00,-0.50,"5,113",2412
112/10/16,"4,918,143","572,002,196",116.00,116.50,116.00,116.50,+0.50,"3,613",2412
112/10/17,"6,185,616","719,124,199",116.50,117.00,116.00,116.50, 0.00,"4,140",2412
112/10/18,"4,967,667","577,067,646",116.50,116.50,116.00,116.00,-0.50,"3,280",2412
112/10/19,"6,960,347","807,518,038",116.00,116.50,115.50,116.00, 0.00,"5,394",2412
112/10/20,"9,764,168","1,129,127,538",115.50,116.00,115.50,115.50,-0.50,"4,919",2412
112/10/23,"4,662,210","539,001,700",115.50,116.00,115.50,115.50, 0.00,"3,871",2412
112/10/24,"5,461,432","631,085,415",115.50,116.00,115.50,115.50, 0.00,"4,234",2412
112/10/25,"5,091,328","588,340,165",115.50,116.00,115.50,115.50, 0.00,"3,996",2412
112/10/26,"7,427,115","855,386,264",115.50,116.00,115.00,115.00,-0.50,"5,090",2412
112/10/27,"8,965,338","1,035,596,733",115.50,116.00,115.00,115.50,+0.50,"3,791",2412
112/10/30,"7,451,912","860,989,016",116.00,116.00,115.50,115.50, 0.00,"3,865",2412
112/10/31,"8,161,602","944,405,251",116.00,116.00,115.50,116.00,+0.50,"4,662",2412
112/11/01,"8,244,406","961,994,156",116.00,117.50,115.50,117.00,+1.00,"4,502",2412
112/11/02,"10,342,739","1,214,481,969",117.00,118.00,116.50,118.00,+1.00,"4,653",2412
112/11/03,"7,870,355","926,160,901",118.00,118.50,117.00,117.50,-0.50,"3,919",2412
112/11/06,"7,351,367","865,937,287",118.00,118.50,117.50,117.50, 0.00,"3,508",2412
112/11/07,"6,026,907","709,629,316",117.50,118.00,117.50,118.00,+0.50,"3,697",2412
112/11/08,"6,041,143","714,088,679",118.00,118.50,118.00,118.50,+0.50,"3,686",2412
112/11/09,"6,451,474","760,296,544",118.50,118.50,117.50,117.50,-1.00,"3,150",2412
112/11/10,"5,481,990","643,993,421",117.50,118.00,117.00,117.00,-0.50,"3,788",2412
112/11/13,"7,934,123","928,207,728",117.50,118.00,116.50,116.50,-0.50,"4,106",2412
112/11/14,"6,332,374","739,230,717",117.00,117.50,116.50,116.50, 0.00,"3,089",2412
112/11/15,"13,275,551","1,559,742,792",117.00,118.00,117.00,118.00,+1.50,"6,114",2412
112/11/16,"13,096,981","1,541,175,670",118.00,118.50,117.00,117.00,-1.00,"5,226",2412
112/11/17,"8,168,798","959,222,964",117.50,118.00,117.00,117.00, 0.00,"4,933",2412
112/11/20,"7,939,194","932,597,382",117.00,118.00,117.00,118.00,+1.00,"3,934",2412
112/11/21,"8,164,988","963,967,016",117.50,118.50,117.50,118.00, 0.00,"4,898",2412
112/11/22,"4,070,620","481,139,835",118.00,118.50,117.50,118.00, 0.00,"2,626",2412
112/11/23,"3,955,589","468,280,104",118.00,118.50,118.00,118.50,+0.50,"2,938",2412
112/11/24,"6,149,571","730,920,797",118.50,119.00,118.00,119.00,+0.50,"3,517",2412
112/11/27,"7,084,959","849,683,560",119.00,120.50,119.00,120.00,+1.00,"4,882",2412
112/11/28,"11,668,176","1,402,267,395",120.00,121.00,119.50,119.50,-0.50,"5,533",2412
112/11/29,"7,701,920","925,541,955",119.50,121.00,119.50,120.00,+0.50,"4,339",2412
112/11/30,"15,453,522","1,848,713,623",120.00,120.50,119.50,119.50,-0.50,"3,554",2412
112/12/01,"4,521,081","542,033,531",119.00,120.50,119.00,120.00,+0.50,"3,222",2412
112/12/04,"5,478,033","661,627,488",120.00,121.00,120.00,121.00,+1.00,"3,937",2412
112/12/05,"5,823,318","705,485,097",121.00,121.50,120.00,121.50,+0.50,"3,647",2412
112/12/06,"6,473,310","790,723,107",122.00,122.50,121.50,122.00,+0.50,"4,263",2412
112/12/07,"3,814,968","462,813,862",122.00,122.00,121.00,121.00,-1.00,"2,579",2412
112/12/08,"4,345,607","525,018,486",121.00,121.50,120.50,120.50,-0.50,"2,231",2412
112/12/11,"6,031,339","723,422,121",120.50,120.50,119.50,120.00,-0.50,"3,219",2412
112/12/12,"3,691,572","442,451,850",120.00,120.00,119.50,120.00, 0.00,"2,006",2412
112/12/13,"3,211,264","384,379,680",120.00,120.50,119.50,119.50,-0.50,"2,260",2412
112/12/14,"9,860,120","1,180,935,939",120.00,120.50,119.00,119.50, 0.00,"6,498",2412
112/12/15,"19,912,050","2,361,875,566",119.50,120.00,118.00,118.50,-1.00,"10,644",2412
112/12/18,"6,557,181","775,459,887",118.50,119.00,118.00,118.50, 0.00,"5,684",2412
112/12/19,"4,401,963","520,376,040",118.00,118.50,118.00,118.50, 0.00,"3,656",2412
112/12/20,"6,116,669","725,853,747",118.50,119.00,118.00,118.50, 0.00,"4,024",2412
112/12/21,"7,105,917","838,653,109",118.50,118.50,117.50,118.00,-0.50,"6,240",2412
112/12/22,"4,923,320","580,325,187",118.50,118.50,117.50,117.50,-0.50,"4,557",2412
112/12/25,"6,201,656","729,780,799",118.00,118.50,117.50,118.00,+0.50,"4,719",2412
112/12/26,"5,254,762","622,856,927",118.00,119.00,118.00,119.00,+1.00,"3,339",2412
112/12/27,"5,636,661","671,703,372",118.50,119.50,118.50,119.50,+0.50,"3,323",2412
112/12/28,"6,064,416","725,515,455",119.00,120.00,119.00,120.00,+0.50,"3,781",2412
112/12/29,"4,859,555","583,361,997",120.00,120.50,119.50,120.00, 0.00,"2,582",2412
113/01/02,"3,974,997","477,660,560",120.00,120.50,119.50,120.50,+0.50,"2,548",2412
113/01/03,"6,672,628","798,470,452",120.00,120.50,119.00,120.00,-0.50,"3,229",2412
113/01/04,"5,970,464","712,931,993",119.50,120.00,119.00,119.00,-1.00,"3,412",2412
113/01/05,"2,828,126","337,512,529",119.50,119.50,119.00,119.50,+0.50,"2,022",2412
113/01/08,"7,409,768","889,672,868",119.50,120.50,119.00,120.50,+1.00,"3,707",2412
113/01/09,"4,239,464","509,498,959",120.50,120.50,120.00,120.00,-0.50,"2,582",2412
113/01/10,"3,566,057","428,086,721",120.00,120.50,120.00,120.00, 0.00,"2,094",2412
113/01/11,"4,348,319","522,999,680",120.00,120.50,120.00,120.50,+0.50,"2,082",2412
113/01/12,"2,500,737","300,288,744",120.50,120.50,120.00,120.00,-0.50,"1,777",2412
113/01/15,"5,644,137","680,007,071",120.00,121.00,120.00,120.50,+0.50,"2,364",2412
113/01/16,"9,787,101","1,170,751,287",120.00,120.50,119.00,119.00,-1.50,"4,532",2412
113/01/17,"11,855,193","1,409,128,084",119.00,119.50,118.50,118.50,-0.50,"6,488",2412
113/01/18,"5,233,817","621,412,609",118.50,119.00,118.50,118.50, 0.00,"2,459",2412
113/01/19,"6,808,929","810,620,600",118.50,120.00,118.50,119.00,+0.50,"2,975",2412
113/01/22,"4,120,826","492,312,677",119.50,120.00,119.00,119.00, 0.00,"2,707",2412
113/01/23,"5,072,226","605,032,103",119.50,120.00,119.00,119.50,+0.50,"2,499",2412
113/01/24,"3,804,057","455,746,340",119.50,120.00,119.50,120.00,+0.50,"2,757",2412
113/01/25,"4,258,240","510,560,174",120.00,120.50,119.50,120.00, 0.00,"2,322",2412
113/01/26,"3,456,662","413,898,434",120.00,120.00,119.50,119.50,-0.50,"2,345",2412
113/01/29,"5,194,149","623,696,847",119.50,120.50,119.50,120.00,+0.50,"3,342",2412
113/01/30,"6,154,870","736,530,964",120.00,120.00,119.50,119.50,-0.50,"3,465",2412
113/01/31,"6,179,887","736,328,911",119.00,119.50,119.00,119.00,-0.50,"2,885",2412
113/02/01,"9,377,955","1,121,239,266",119.00,120.00,119.00,120.00,+1.00,"3,469",2412
113/02/02,"6,901,707","829,413,975",120.00,120.50,119.50,120.50,+0.50,"2,862",2412
113/02/05,"10,407,366","1,258,259,444",120.00,121.50,120.00,121.50,+1.00,"5,146",2412
113/02/15,"12,581,480","1,527,211,311",121.50,122.00,121.00,121.00,-0.50,"7,159",2412
113/02/16,"5,706,846","692,726,113",121.50,122.00,121.00,122.00,+1.00,"3,854",2412
113/02/19,"7,084,595","865,478,014",121.50,122.50,121.50,122.00, 0.00,"4,358",2412
113/02/20,"4,999,913","610,996,745",122.00,122.50,122.00,122.50,+0.50,"3,535",2412
113/02/21,"6,347,557","778,269,021",122.50,123.00,122.50,122.50, 0.00,"3,367",2412
113/02/22,"7,161,559","875,810,091",122.50,123.00,122.00,122.00,-0.50,"3,420",2412
113/02/23,"3,705,825","452,713,595",122.00,122.50,122.00,122.00, 0.00,"2,648",2412
113/02/26,"4,406,922","538,458,131",122.00,122.50,122.00,122.00, 0.00,"3,047",2412
113/02/27,"19,735,403","2,392,073,805",122.00,122.50,120.50,121.00,-1.00,"7,917",2412
113/02/29,"19,972,112","2,408,824,974",120.00,121.00,120.00,120.50,-0.50,"5,156",2412
113/03/01,"3,856,042","466,682,322",120.50,121.50,120.50,121.00,+0.50,"2,509",2412
113/03/04,"5,769,848","701,229,337",121.00,122.00,121.00,121.50,+0.50,"3,381",2412
113/03/05,"6,445,335","781,496,466",121.50,122.00,121.00,121.00,-0.50,"3,827",2412
113/03/06,"7,048,460","855,804,910",121.00,122.00,121.00,121.50,+0.50,"3,112",2412
113/03/07,"4,604,992","557,718,688",121.00,121.50,121.00,121.00,-0.50,"4,011",2412
113/03/08,"5,873,450","708,837,862",120.50,121.00,120.50,120.50,-0.50,"4,110",2412
113/03/11,"6,754,314","816,405,422",120.50,121.50,120.50,121.50,+1.00,"3,563",2412
113/03/12,"6,169,623","750,627,831",122.00,122.00,121.50,121.50, 0.00,"3,512",2412
113/03/13,"7,364,358","892,746,858",121.00,121.50,121.00,121.00,-0.50,"4,322",2412
113/03/14,"6,182,112","752,808,764",121.00,122.00,121.00,122.00,+1.00,"3,675",2412
113/03/15,"14,426,940","1,764,743,684",122.00,122.50,121.50,122.50,+0.50,"4,639",2412
113/03/18,"6,184,682","759,259,761",122.50,123.00,122.00,123.00,+0.50,"4,250",2412
113/03/19,"12,397,203","1,522,657,343",122.50,123.50,122.00,123.00, 0.00,"4,724",2412
113/03/20,"10,885,532","1,341,062,760",122.50,124.00,122.50,123.00, 0.00,"5,136",2412
113/03/21,"8,713,847","1,075,901,991",123.00,124.00,122.50,123.50,+0.50,"4,649",2412
113/03/22,"7,703,787","952,373,649",123.00,124.00,123.00,124.00,+0.50,"4,203",2412
113/03/25,"5,178,290","642,668,370",123.50,124.50,123.50,124.50,+0.50,"3,360",2412
113/03/26,"9,121,397","1,141,210,173",124.50,125.50,124.00,125.50,+1.00,"5,171",2412
113/03/27,"15,793,465","1,996,197,027",125.50,127.00,125.50,127.00,+1.50,"7,906",2412
113/03/28,"15,209,746","1,916,592,764",126.50,127.00,125.00,125.50,-1.50,"7,010",2412
113/03/29,"9,841,682","1,243,757,216",125.50,127.00,125.00,126.00,+0.50,"4,306",2412
113/04/01,"5,398,730","682,088,930",126.00,127.00,125.50,126.50,+0.50,"3,357",2412
113/04/02,"9,063,575","1,148,734,894",126.50,127.00,126.00,126.50, 0.00,"4,852",2412
113/04/03,"11,572,754","1,453,828,146",126.50,126.50,125.00,125.00,-1.50,"5,760",2412
113/04/08,"8,615,029","1,086,423,181",125.00,126.50,125.00,126.50,+1.50,"4,963",2412
113/04/09,"4,329,268","544,664,186",126.00,126.50,125.50,125.50,-1.00,"2,684",2412
113/04/10,"5,385,898","677,596,932",125.50,126.00,125.50,126.00,+0.50,"2,861",2412
113/04/11,"8,750,782","1,102,233,226",125.50,126.50,125.00,126.50,+0.50,"4,718",2412
113/04/12,"7,038,841","885,293,482",125.50,126.50,125.50,125.50,-1.00,"3,825",2412
113/04/15,"8,618,090","1,086,315,615",125.50,126.50,125.50,126.00,+0.50,"4,472",2412
113/04/16,"15,012,320","1,875,782,643",125.50,126.00,124.00,124.50,-1.50,"7,469",2412
113/04/17,"14,243,095","1,766,212,280",125.00,125.00,123.50,123.50,-1.00,"7,418",2412
113/04/18,"11,558,960","1,434,644,127",123.50,124.50,123.00,124.00,+0.50,"4,279",2412
113/04/19,"17,936,520","2,206,893,907",123.50,124.00,122.50,123.00,-1.00,"9,141",2412
113/04/22,"15,744,405","1,967,155,032",123.50,125.50,123.00,125.50,+2.50,"6,504",2412
113/04/23,"11,701,907","1,468,354,770",125.50,126.00,125.00,125.00,-0.50,"5,072",2412
113/04/24,"13,693,974","1,709,757,617",125.50,126.00,124.00,124.50,-0.50,"5,941",2412
113/04/25,"11,325,897","1,402,684,792",125.00,125.00,123.50,123.50,-1.00,"5,047",2412
113/04/26,"4,395,913","544,460,168",123.50,124.50,123.50,123.50, 0.00,"2,842",2412
113/04/29,"7,472,825","931,865,654",124.00,125.50,124.00,124.50,+1.00,"3,868",2412
113/04/30,"7,351,741","912,616,787",124.50,125.00,124.00,124.00,-0.50,"3,545",2412
113/05/02,"10,580,058","1,310,826,255",124.00,125.00,123.50,124.00, 0.00,"5,178",2412
113/05/03,"7,149,708","889,068,445",124.00,125.00,124.00,124.00, 0.00,"4,143",2412
113/05/06,"5,110,920","636,449,555",124.50,125.00,124.00,124.50,+0.50,"3,225",2412
113/05/07,"7,203,035","901,361,058",124.50,125.50,124.50,125.50,+1.00,"3,881",2412
113/05/08,"19,511,854","2,461,672,165",125.50,127.00,125.00,126.50,+1.00,"6,303",2412
113/05/09,"7,048,870","888,293,131",126.00,126.50,125.50,126.00,-0.50,"2,762",2412
113/05/10,"6,008,036","754,017,564",125.50,126.00,125.00,125.50,-0.50,"2,859",2412
113/05/13,"7,730,339","973,433,990",125.50,126.50,125.00,126.50,+1.00,"3,808",2412
113/05/14,"5,888,188","739,211,234",126.50,126.50,125.00,125.50,-1.00,"3,333",2412
113/05/15,"6,529,092","820,530,604",125.50,126.00,125.00,125.50, 0.00,"3,198",2412
113/05/16,"9,866,122","1,242,026,989",126.00,126.50,125.50,125.50, 0.00,"4,668",2412
113/05/17,"5,417,390","682,250,377",125.50,126.50,125.50,126.00,+0.50,"2,590",2412
113/05/20,"9,182,133","1,158,445,097",126.00,126.50,125.50,126.50,+0.50,"4,230",2412
113/05/21,"6,414,638","809,452,918",126.00,126.50,125.50,126.50, 0.00,"3,151",2412
113/05/22,"13,748,752","1,743,297,986",126.50,127.00,126.00,127.00,+0.50,"8,512",2412
113/05/23,"17,596,938","2,239,907,469",126.50,128.00,126.00,127.00, 0.00,"7,680",2412
113/05/24,"18,186,831","2,317,198,089",127.00,128.00,126.00,127.00, 0.00,"7,755",2412
113/05/27,"30,602,883","3,877,412,756",127.00,128.00,125.00,125.00,-2.00,"10,011",2412
113/05/28,"22,698,464","2,868,604,219",126.00,127.50,125.50,126.00,+1.00,"9,929",2412
113/05/29,"25,103,470","3,152,480,354",126.00,127.00,125.00,125.00,-1.00,"9,402",2412
113/05/30,"22,337,083","2,809,010,846",125.00,126.50,125.00,126.00,+1.00,"7,226",2412
113/05/31,"48,588,763","6,183,477,206",125.50,128.00,125.50,128.00,+2.00,"17,272",2412
113/06/03,"26,519,927","3,357,862,224",127.50,128.00,125.50,127.00,-1.00,"12,029",2412
113/06/04,"19,131,824","2,433,598,926",126.00,128.00,126.00,127.00, 0.00,"7,699",2412
113/06/05,"17,426,285","2,224,590,357",127.50,128.00,126.50,127.00, 0.00,"8,507",2412
113/06/06,"8,944,591","1,139,707,067",127.00,128.00,126.50,127.50,+0.50,"5,157",2412
113/06/07,"8,268,776","1,048,898,108",127.00,127.50,126.50,126.50,-1.00,"4,589",2412
113/06/11,"9,963,706","1,261,064,300",126.00,127.00,126.00,126.50, 0.00,"5,374",2412
113/06/12,"8,466,844","1,072,879,336",126.50,127.00,126.00,126.50, 0.00,"3,710",2412
113/06/13,"10,009,190","1,268,756,255",126.50,127.00,126.50,126.50, 0.00,"5,320",2412
113/06/14,"8,974,902","1,144,043,935",127.00,128.00,126.50,128.00,+1.50,"5,208",2412
113/06/17,"6,007,961","766,566,911",127.50,128.00,127.00,127.50,-0.50,"2,785",2412
113/06/18,"5,801,601","741,840,751",128.00,128.00,127.00,128.00,+0.50,"3,606",2412
113/06/19,"10,309,673","1,313,962,081",128.00,128.00,127.00,127.50,-0.50,"5,221",2412
113/06/20,"10,403,078","1,318,004,930",127.00,127.50,126.00,126.50,-1.00,"5,021",2412
113/06/21,"15,011,402","1,890,052,889",127.00,127.00,125.50,125.50,-1.00,"6,884",2412
113/06/24,"7,680,500","967,193,340",125.50,126.50,125.50,126.50,+1.00,"4,512",2412
113/06/25,"9,456,378","1,191,990,778",126.50,127.00,125.50,126.00,-0.50,"5,996",2412
113/06/26,"11,236,294","1,413,000,419",126.00,126.50,125.00,125.50,-0.50,"5,650",2412
113/06/27,"10,551,718","1,326,308,405",125.00,126.00,125.00,126.00,+0.50,"5,304",2412
113/06/28,"12,073,236","1,520,983,301",126.00,126.50,125.50,125.50,-0.50,"4,416",2412
113/07/01,"14,758,694","1,865,307,260",126.00,127.00,126.00,126.50,+1.00,"5,953",2412
113/07/02,"17,509,999","2,200,801,747",126.00,126.50,125.00,125.50,-1.00,"8,275",2412
113/07/03,"16,145,545","2,024,248,102",125.50,126.00,125.00,125.50, 0.00,"7,910",2412
113/07/04,"66,210,609","7,854,555,602",119.00,119.50,118.00,118.50,X0.00,"41,323",2412
113/07/05,"17,209,232","2,056,545,670",119.00,120.00,119.00,120.00,+1.50,"11,488",2412
113/07/08,"21,968,788","2,613,203,815",120.00,120.00,118.50,119.00,-1.00,"12,534",2412
113/07/09,"11,250,953","1,335,740,072",119.00,119.50,118.50,119.00, 0.00,"7,798",2412
113/07/10,"13,055,600","1,545,864,459",119.00,119.00,118.00,118.50,-0.50,"10,256",2412
113/07/11,"9,233,618","1,095,154,664",118.50,119.00,118.00,118.50, 0.00,"6,393",2412
113/07/12,"9,178,224","1,088,710,659",118.50,119.00,118.00,118.50, 0.00,"5,196",2412
113/07/15,"13,865,055","1,655,192,457",119.00,120.00,118.50,119.50,+1.00,"5,616",2412
113/07/16,"18,293,962","2,194,553,392",119.50,120.50,119.50,119.50, 0.00,"6,214",2412
113/07/17,"12,377,481","1,484,324,948",120.00,120.50,119.50,119.50, 0.00,"5,452",2412
113/07/18,"22,203,116","2,675,972,923",120.00,121.00,119.50,120.50,+1.00,"6,483",2412
113/07/19,"11,396,263","1,372,813,881",120.00,121.00,119.50,121.00,+0.50,"5,613",2412
113/07/22,"12,741,276","1,533,541,916",120.00,121.00,119.50,120.50,-0.50,"6,239",2412
113/07/23,"17,170,990","2,090,973,648",120.50,122.50,120.50,121.50,+1.00,"6,571",2412
113/07/26,"16,001,625","1,955,664,501",121.50,123.00,121.50,122.50,+1.00,"6,683",2412
113/07/29,"12,138,224","1,478,304,330",122.50,123.00,121.00,121.50,-1.00,"4,716",2412
113/07/30,"10,455,973","1,267,923,904",121.50,122.50,121.00,121.00,-0.50,"5,357",2412
113/07/31,"9,135,672","1,109,118,319",121.50,122.00,121.00,121.50,+0.50,"2,626",2412
113/08/01,"9,327,982","1,131,525,015",122.00,122.00,121.00,121.50, 0.00,"4,225",2412
113/08/02,"21,792,139","2,658,433,730",121.00,123.00,121.00,123.00,+1.50,"7,139",2412
113/08/05,"28,478,078","3,450,125,337",121.50,122.50,119.50,121.50,-1.50,"13,342",2412
113/08/06,"16,386,453","1,988,484,678",121.50,122.00,120.50,122.00,+0.50,"6,382",2412
113/08/07,"20,302,167","2,475,826,659",121.50,123.50,120.50,121.50,-0.50,"8,439",2412
113/08/08,"11,110,264","1,349,335,599",121.00,122.00,121.00,121.50, 0.00,"5,808",2412
113/08/09,"14,353,372","1,749,804,318",121.00,122.50,121.00,122.00,+0.50,"7,742",2412
113/08/12,"7,157,808","872,246,329",122.00,122.50,121.50,121.50,-0.50,"5,249",2412
113/08/13,"7,963,042","967,544,079",122.00,122.00,121.00,122.00,+0.50,"4,419",2412
113/08/14,"10,480,002","1,280,412,261",122.00,122.50,121.50,122.50,+0.50,"4,776",2412
113/08/15,"10,641,152","1,306,806,355",123.00,123.00,122.50,123.00,+0.50,"5,370",2412
113/08/16,"12,972,047","1,606,116,823",123.50,124.00,123.50,124.00,+1.00,"6,715",2412
113/08/19,"5,726,885","707,078,288",124.00,124.00,123.00,123.50,-0.50,"4,396",2412
113/08/20,"6,609,846","815,878,408",124.00,124.00,123.00,123.50, 0.00,"4,828",2412
113/08/21,"8,708,102","1,073,876,510",123.50,124.00,123.00,123.50, 0.00,"5,561",2412
113/08/22,"7,873,647","974,320,918",123.50,124.00,123.00,124.00,+0.50,"4,827",2412
113/08/23,"8,912,692","1,105,668,498",124.00,125.00,123.50,124.00, 0.00,"4,619",2412
113/08/26,"6,977,624","865,366,447",124.50,125.00,123.50,124.00, 0.00,"4,041",2412
113/08/27,"7,697,085","952,307,107",123.50,124.50,123.00,124.50,+0.50,"3,838",2412
113/08/28,"8,483,082","1,052,913,670",124.50,124.50,123.50,124.00,-0.50,"4,214",2412
113/08/29,"6,475,821","801,107,553",124.00,124.50,123.50,123.50,-0.50,"3,567",2412
113/08/30,"10,595,756","1,314,443,194",124.00,124.50,123.50,124.00,+0.50,"3,445",2412
113/09/02,"3,524,502","437,796,316",124.00,124.50,124.00,124.00, 0.00,"2,778",2412
113/09/03,"6,267,207","779,425,132",124.50,125.00,124.00,124.00, 0.00,"3,268",2412
113/09/04,"13,943,161","1,711,426,715",123.00,123.50,122.00,122.00,-2.00,"9,024",2412
113/09/05,"5,108,015","630,641,485",123.50,124.00,123.00,123.00,+1.00,"3,151",2412
113/09/06,"5,815,479","719,436,239",123.50,124.00,123.00,124.00,+1.00,"3,415",2412
113/09/09,"5,845,112","721,213,146",123.00,124.00,123.00,123.50,-0.50,"3,672",2412
113/09/10,"5,031,195","623,476,956",123.50,124.00,123.50,124.00,+0.50,"2,475",2412
113/09/11,"5,881,138","729,562,176",124.00,124.50,123.50,123.50,-0.50,"3,638",2412
113/09/12,"5,031,239","625,925,860",124.50,124.50,124.00,124.50,+1.00,"2,571",2412
113/09/13,"2,105,818","262,036,313",124.50,124.50,124.00,124.50, 0.00,"1,520",2412
113/09/16,"5,179,127","646,363,309",125.00,125.00,124.50,125.00,+0.50,"3,686",2412
113/09/18,"5,401,935","674,631,851",125.00,125.00,124.50,125.00, 0.00,"3,899",2412
113/09/19,"5,368,583","671,506,339",125.00,125.50,124.50,125.00, 0.00,"3,354",2412
113/09/20,"16,895,211","2,123,518,576",125.50,126.00,125.00,126.00,+1.00,"6,569",2412
113/09/23,"7,091,936","895,994,613",126.00,126.50,125.50,126.50,+0.50,"3,877",2412
113/09/24,"6,932,665","876,104,460",127.00,127.00,126.00,126.50, 0.00,"3,599",2412
113/09/25,"9,385,710","1,189,414,873",127.00,127.00,126.50,126.50, 0.00,"4,451",2412
113/09/26,"7,343,559","931,855,467",127.00,127.00,126.50,127.00,+0.50,"4,387",2412
113/09/27,"5,577,045","708,000,886",127.50,127.50,126.50,126.50,-0.50,"2,989",2412
113/09/30,"7,992,842","1,008,613,522",126.50,127.00,125.50,125.50,-1.00,"4,633",2412
113/10/01,"6,988,884","878,157,724",125.50,126.00,125.00,126.00,+0.50,"2,606",2412
113/10/04,"10,034,176","1,248,816,103",124.00,125.00,124.00,124.50,-1.50,"5,805",2412
113/10/07,"9,586,915","1,188,906,166",124.50,125.00,123.50,124.00,-0.50,"6,383",2412
113/10/08,"16,636,045","2,044,349,397",123.50,124.00,122.50,122.50,-1.50,"7,161",2412
113/10/09,"6,085,742","748,687,706",123.00,124.00,122.50,122.50, 0.00,"4,226",2412
113/10/11,"5,652,364","694,969,385",122.50,123.50,122.50,122.50, 0.00,"3,408",2412
113/10/14,"6,302,323","773,495,490",123.00,123.50,122.50,122.50, 0.00,"3,153",2412
113/10/15,"9,939,406","1,227,551,409",123.00,124.00,122.50,123.50,+1.00,"5,241",2412
113/10/16,"9,968,077","1,224,376,014",123.00,123.50,122.50,122.50,-1.00,"6,384",2412
113/10/17,"10,623,791","1,302,367,569",122.50,123.50,122.00,122.50, 0.00,"5,061",2412
113/10/18,"8,827,539","1,088,825,297",123.00,124.00,122.50,124.00,+1.50,"3,929",2412
113/10/21,"8,194,198","1,007,149,520",124.00,124.00,122.50,122.50,-1.50,"4,874",2412
113/10/22,"7,732,145","948,563,282",122.50,123.00,122.00,123.00,+0.50,"4,070",2412
113/10/23,"11,479,917","1,402,996,679",123.00,123.00,122.00,122.00,-1.00,"6,542",2412
113/10/24,"8,111,685","989,903,865",122.00,122.50,121.50,122.00, 0.00,"4,299",2412
113/10/25,"5,247,378","640,522,806",122.50,122.50,121.50,122.00, 0.00,"3,461",2412
113/10/28,"5,109,269","624,913,428",122.00,123.00,121.50,122.50,+0.50,"3,237",2412
113/10/29,"7,609,458","929,050,166",122.50,122.50,121.50,122.50, 0.00,"3,983",2412
113/10/30,"7,757,863","946,649,557",122.00,122.50,121.50,122.00,-0.50,"3,146",2412
113/11/01,"9,181,686","1,119,334,459",122.00,122.50,121.50,122.00, 0.00,"5,718",2412
113/11/04,"4,108,775","502,115,777",122.00,122.50,122.00,122.50,+0.50,"2,743",2412
113/11/05,"4,830,643","593,069,045",122.50,123.00,122.00,123.00,+0.50,"3,207",2412
113/11/06,"5,466,204","671,694,227",123.00,123.50,122.50,122.50,-0.50,"3,612",2412
113/11/07,"4,409,350","540,528,358",122.50,123.00,122.00,123.00,+0.50,"2,480",2412
113/11/08,"7,933,564","976,144,540",123.00,123.50,122.50,123.00, 0.00,"3,571",2412
113/11/11,"3,666,009","451,318,192",123.00,123.50,122.50,123.00, 0.00,"2,559",2412
113/11/12,"10,257,508","1,258,867,076",123.00,123.00,122.50,122.50,-0.50,"3,788",2412
113/11/13,"9,114,398","1,121,270,585",122.50,123.50,122.00,123.50,+1.00,"3,673",2412
113/11/14,"6,013,364","738,764,749",123.00,123.50,122.50,122.50,-1.00,"2,748",2412
113/11/15,"5,220,229","641,510,577",123.00,123.50,122.50,122.50, 0.00,"2,880",2412
113/11/18,"4,508,766","553,172,812",123.00,123.00,122.50,122.50, 0.00,"2,977",2412
113/11/19,"5,205,555","641,209,971",123.00,123.50,122.50,123.50,+1.00,"3,006",2412
113/11/20,"5,782,061","711,113,310",123.00,123.50,122.50,122.50,-1.00,"3,290",2412
113/11/21,"4,900,024","602,305,019",122.50,123.50,122.50,123.00,+0.50,"2,746",2412
113/11/22,"4,001,852","492,888,217",123.00,123.50,123.00,123.00, 0.00,"2,751",2412
113/11/25,"15,567,279","1,925,172,630",124.00,124.50,123.50,123.50,+0.50,"4,120",2412
113/11/26,"4,823,592","597,620,521",123.50,124.50,123.50,124.00,+0.50,"2,688",2412
113/11/27,"6,554,585","811,288,842",123.50,124.50,123.50,123.50,-0.50,"3,679",2412
113/11/28,"4,890,093","604,915,802",124.00,124.00,123.50,123.50, 0.00,"3,195",2412
113/11/29,"6,329,007","779,249,858",123.00,124.00,123.00,123.00,-0.50,"2,132",2412
113/12/02,"6,248,451","770,858,306",123.50,124.00,123.00,123.00, 0.00,"3,263",2412
113/12/03,"7,478,029","925,481,814",123.50,124.00,123.50,123.50,+0.50,"4,106",2412
113/12/04,"4,993,361","620,306,496",124.00,124.50,123.50,124.50,+1.00,"2,949",2412
113/12/05,"3,376,295","419,612,798",124.50,124.50,124.00,124.00,-0.50,"2,904",2412
113/12/06,"4,172,969","518,961,718",124.50,124.50,124.00,124.50,+0.50,"2,765",2412
113/12/09,"4,469,420","556,649,802",124.00,125.00,124.00,124.50, 0.00,"3,261",2412
113/12/10,"4,416,369","550,329,774",124.00,125.00,124.00,124.50, 0.00,"3,198",2412
113/12/11,"9,521,439","1,177,896,226",124.50,124.50,123.50,123.50,-1.00,"3,721",2412
113/12/12,"4,221,005","522,596,502",123.50,124.00,123.50,123.50, 0.00,"2,251",2412
113/12/13,"6,415,236","792,873,908",123.50,124.00,123.00,123.50, 0.00,"3,340",2412
113/12/16,"6,437,909","794,757,978",123.50,124.00,123.00,123.00,-0.50,"3,461",2412
113/12/17,"10,222,760","1,266,142,807",123.50,124.50,123.50,123.50,+0.50,"3,229",2412
113/12/18,"5,666,177","702,950,640",123.50,124.50,123.50,124.00,+0.50,"3,572",2412
113/12/19,"6,244,250","772,812,898",123.50,124.00,123.50,123.50,-0.50,"3,866",2412
113/12/20,"9,231,753","1,137,877,859",123.50,124.00,123.00,123.00,-0.50,"4,475",2412
113/12/23,"6,092,927","756,092,415",123.50,124.50,123.00,124.50,+1.50,"3,537",2412
113/12/24,"7,045,496","873,165,487",124.50,124.50,123.50,123.50,-1.00,"3,166",2412
113/12/25,"2,197,077","272,341,007",124.00,124.50,123.50,124.00,+0.50,"1,685",2412
113/12/26,"2,090,195","259,692,512",124.00,124.50,124.00,124.00, 0.00,"1,528",2412
113/12/27,"3,286,421","408,359,961",124.00,124.50,124.00,124.50,+0.50,"1,569",2412
113/12/30,"3,454,358","428,699,454",124.00,124.50,124.00,124.00,-0.50,"2,152",2412
113/12/31,"8,648,857","1,068,783,896",124.00,124.50,123.00,123.50,-0.50,"3,216",2412
