日期,成交股數,成交金額,開盤價,最高價,最低價,收盤價,漲跌價差,成交筆數,股票代號
 99/01/04,"12,837,131","762,291,108",59.70,59.80,58.80,59.50,-0.20,"4,552",2882
 99/01/05,"23,570,448","1,406,309,268",59.80,60.30,59.30,59.40,-0.10,"7,669",2882
 99/01/06,"43,536,259","2,624,460,080",59.60,60.70,59.20,60.40,+1.00,"12,909",2882
 99/01/07,"26,256,235","1,585,430,637",60.50,61.00,59.60,59.80,-0.60,"7,799",2882
 99/01/08,"19,634,419","1,182,950,672",59.80,60.60,59.40,60.40,+0.60,"6,411",2882
 99/01/11,"20,534,215","1,243,440,812",60.40,61.20,59.90,59.90,-0.50,"5,945",2882
 99/01/12,"21,526,313","1,296,136,771",60.10,61.00,59.50,59.90, 0.00,"6,360",2882
 99/01/13,"23,415,587","1,379,604,589",59.00,59.30,58.60,58.70,-1.20,"7,129",2882
 99/01/14,"14,720,395","868,791,875",58.70,59.30,58.70,59.00,+0.30,"4,248",2882
 99/01/15,"21,557,878","1,278,820,602",59.50,59.80,59.00,59.00, 0.00,"6,791",2882
 99/01/18,"10,274,707","604,221,331",58.60,59.30,58.50,59.00, 0.00,"3,576",2882
 99/01/19,"37,076,821","2,234,796,982",60.80,61.00,59.30,59.80,+0.80,"11,378",2882
 99/01/20,"26,197,841","1,543,980,123",60.00,60.10,58.30,58.60,-1.20,"9,240",2882
 99/01/21,"19,498,376","1,140,790,346",58.50,59.00,58.00,58.40,-0.20,"6,183",2882
 99/01/22,"27,047,790","1,543,333,934",57.20,57.80,56.70,56.80,-1.60,"9,029",2882
 99/01/25,"24,213,430","1,362,067,178",56.20,57.00,55.80,56.10,-0.70,"7,203",2882
 99/01/26,"35,921,859","1,978,780,581",56.60,56.60,54.00,54.00,-2.10,"10,994",2882
 99/01/27,"23,899,529","1,301,664,909",54.00,55.20,53.70,54.10,+0.10,"7,380",2882
 99/01/28,"19,421,143","1,069,443,065",54.60,55.70,54.50,55.00,+0.90,"5,597",2882
 99/01/29,"21,283,700","1,149,313,132",54.30,54.50,53.50,54.20,-0.80,"6,597",2882
 99/02/01,"26,616,006","1,424,308,389",55.00,55.00,52.70,53.00,-1.20,"7,288",2882
 99/02/02,"27,653,486","1,464,090,258",54.00,54.00,52.00,53.00, 0.00,"7,587",2882
 99/02/03,"15,013,043","798,797,875",53.50,53.70,52.50,53.30,+0.30,"4,856",2882
 99/02/04,"10,974,463","583,510,360",53.40,53.50,52.80,53.20,-0.10,"3,981",2882
 99/02/05,"43,696,160","2,200,060,871",51.90,51.90,49.60,49.80,-3.40,"13,527",2882
 99/02/06,"14,411,215","707,296,350",49.80,50.00,48.30,49.55,-0.25,"5,182",2882
 99/02/08,"13,501,212","676,577,162",49.55,50.50,49.55,50.50,+0.95,"4,466",2882
 99/02/09,"19,454,018","986,940,761",50.00,51.30,49.80,51.00,+0.50,"6,322",2882
 99/02/10,"18,745,591","961,647,369",51.50,51.70,51.00,51.00, 0.00,"5,706",2882
 99/02/22,"27,033,420","1,420,921,060",52.00,53.20,51.90,53.20,+2.20,"8,557",2882
 99/02/23,"12,318,172","650,510,136",53.20,53.30,52.20,53.30,+0.10,"4,598",2882
 99/02/24,"16,431,548","867,471,857",52.50,53.60,52.30,52.40,-0.90,"6,257",2882
 99/02/25,"20,128,201","1,043,072,532",52.80,52.80,51.10,51.40,-1.00,"6,609",2882
 99/02/26,"15,133,596","783,613,909",51.50,52.30,51.30,51.70,+0.30,"5,270",2882
 99/03/01,"20,840,462","1,102,620,037",52.60,53.50,51.80,52.50,+0.80,"5,482",2882
 99/03/02,"18,788,644","992,410,718",53.40,53.40,52.40,52.40,-0.10,"5,818",2882
 99/03/03,"33,410,824","1,792,066,870",52.70,54.40,52.70,53.40,+1.00,"8,745",2882
 99/03/04,"20,185,496","1,073,057,462",54.20,54.20,52.50,52.60,-0.80,"5,603",2882
 99/03/05,"18,146,641","971,516,063",53.20,54.00,53.00,53.50,+0.90,"5,384",2882
 99/03/08,"10,054,521","542,152,143",54.10,54.10,53.70,53.90,+0.40,"3,541",2882
 99/03/09,"12,679,642","683,838,668",53.90,54.10,53.60,54.00,+0.10,"2,963",2882
 99/03/10,"8,003,038","433,812,332",54.40,54.50,53.70,54.40,+0.40,"3,073",2882
 99/03/11,"14,224,357","759,071,801",53.80,54.00,53.00,53.10,-1.30,"4,845",2882
 99/03/12,"7,030,451","375,865,915",53.20,53.80,52.90,53.50,+0.40,"2,737",2882
 99/03/15,"13,262,018","695,302,198",53.00,53.20,52.10,52.10,-1.40,"4,610",2882
 99/03/16,"8,833,480","463,816,033",53.20,53.20,52.30,52.30,+0.20,"2,962",2882
 99/03/17,"19,741,848","1,057,527,792",53.00,54.20,52.80,54.20,+1.90,"6,689",2882
 99/03/18,"21,345,435","1,163,094,170",54.30,55.00,54.00,54.20, 0.00,"6,703",2882
 99/03/19,"10,151,784","547,170,236",54.00,54.30,53.60,54.20, 0.00,"3,714",2882
 99/03/22,"8,490,259","454,517,499",54.10,54.10,53.30,53.60,-0.60,"3,245",2882
 99/03/23,"16,066,099","852,744,799",53.60,53.80,52.70,52.80,-0.80,"6,304",2882
 99/03/24,"19,556,683","1,041,496,284",53.00,53.90,52.90,53.00,+0.20,"5,552",2882
 99/03/25,"12,665,250","669,801,460",53.30,53.60,52.50,53.00, 0.00,"4,269",2882
 99/03/26,"15,263,118","807,076,403",52.70,53.50,52.10,53.10,+0.10,"5,402",2882
 99/03/29,"20,811,333","1,120,989,309",53.20,54.10,53.20,54.10,+1.00,"6,726",2882
 99/03/30,"15,072,767","817,041,918",54.60,54.70,53.80,54.20,+0.10,"4,186",2882
 99/03/31,"14,913,651","795,301,399",53.70,53.90,53.00,53.00,-1.20,"5,110",2882
 99/04/01,"19,073,208","1,019,248,724",53.00,53.90,53.00,53.40,+0.40,"7,935",2882
 99/04/02,"7,426,661","397,766,792",53.80,53.90,53.30,53.50,+0.10,"2,689",2882
 99/04/06,"12,589,883","678,294,392",53.90,54.10,53.60,53.80,+0.30,"4,208",2882
 99/04/07,"10,361,154","557,891,127",54.00,54.10,53.60,53.90,+0.10,"3,221",2882
 99/04/08,"38,729,988","2,120,950,106",53.80,55.60,53.50,54.60,+0.70,"11,786",2882
 99/04/09,"20,082,746","1,100,888,630",54.80,55.20,54.40,55.00,+0.40,"5,797",2882
 99/04/12,"18,156,178","993,011,607",55.00,55.20,54.30,54.40,-0.60,"4,408",2882
 99/04/13,"11,377,567","613,082,162",54.20,54.40,53.60,53.60,-0.80,"2,837",2882
 99/04/14,"9,676,514","521,553,220",54.00,54.50,53.50,54.40,+0.80,"3,832",2882
 99/04/15,"17,851,001","971,751,806",54.60,54.80,53.90,54.70,+0.30,"3,852",2882
 99/04/16,"14,998,475","809,307,428",54.50,54.70,53.60,53.80,-0.90,"4,132",2882
 99/04/19,"31,241,900","1,630,895,737",52.80,53.00,51.30,51.40,-2.40,"11,153",2882
 99/04/20,"19,099,179","988,601,020",51.80,52.00,51.50,51.70,+0.30,"5,105",2882
 99/04/21,"12,487,847","651,133,323",52.00,52.50,51.90,52.10,+0.40,"4,842",2882
 99/04/22,"27,915,677","1,424,865,220",51.90,51.90,50.60,51.10,-1.00,"10,168",2882
 99/04/23,"26,124,430","1,331,970,930",51.10,51.30,50.60,50.80,-0.30,"9,177",2882
 99/04/26,"31,231,416","1,628,499,145",51.50,52.60,51.30,52.60,+1.80,"14,624",2882
 99/04/27,"14,114,878","734,923,456",52.60,52.60,51.80,52.00,-0.60,"4,538",2882
 99/04/28,"24,704,090","1,261,588,765",50.70,51.60,50.60,51.00,-1.00,"9,275",2882
 99/04/29,"31,922,090","1,618,990,111",51.00,51.30,50.50,50.60,-0.40,"12,264",2882
 99/04/30,"36,715,266","1,875,733,424",51.00,51.90,50.30,50.50,-0.10,"11,961",2882
 99/05/03,"28,954,787","1,446,712,200",50.20,50.80,49.60,49.90,-0.60,"11,248",2882
 99/05/04,"28,291,481","1,431,525,905",50.90,51.10,50.10,50.20,+0.30,"9,507",2882
 99/05/05,"30,760,043","1,522,923,659",49.20,49.80,49.20,49.50,-0.70,"8,415",2882
 99/05/06,"38,186,451","1,921,095,320",49.80,50.80,49.60,50.10,+0.60,"10,705",2882
 99/05/07,"34,792,536","1,726,285,859",49.50,50.30,49.00,49.65,-0.45,"10,422",2882
 99/05/10,"17,375,301","862,901,942",49.85,50.20,49.20,49.55,-0.10,"6,261",2882
 99/05/11,"28,887,876","1,433,662,160",50.00,50.50,48.50,48.75,-0.80,"9,425",2882
 99/05/12,"15,562,334","765,826,512",49.00,49.60,48.95,49.25,+0.50,"4,951",2882
 99/05/13,"35,562,062","1,800,145,036",50.10,51.30,50.00,51.10,+1.85,"10,476",2882
 99/05/14,"11,263,302","572,923,412",51.00,51.10,50.60,51.00,-0.10,"3,571",2882
 99/05/17,"20,760,036","1,031,090,964",50.30,50.50,49.10,49.35,-1.65,"6,228",2882
 99/05/18,"12,536,569","623,794,437",49.70,50.20,49.35,49.85,+0.50,"4,255",2882
 99/05/19,"12,462,940","618,697,146",49.55,50.00,49.25,49.55,-0.30,"4,586",2882
 99/05/20,"15,667,971","768,447,050",49.70,49.75,48.50,48.55,-1.00,"5,326",2882
 99/05/21,"23,414,333","1,092,716,501",47.10,47.35,45.95,46.60,-1.95,"7,432",2882
 99/05/24,"12,651,783","594,281,406",47.25,47.25,46.65,46.80,+0.20,"4,977",2882
 99/05/25,"27,438,750","1,242,698,200",46.20,46.30,44.55,45.15,-1.65,"8,232",2882
 99/05/26,"57,780,995","2,639,057,365",45.70,46.75,44.35,46.75,+1.60,"11,377",2882
 99/05/27,"19,368,356","896,887,887",46.35,46.90,45.60,46.65,-0.10,"6,942",2882
 99/05/28,"16,776,248","785,555,995",47.00,47.25,46.30,46.95,+0.30,"5,197",2882
 99/05/31,"10,755,580","507,000,795",47.00,47.45,46.65,47.45,+0.50,"3,615",2882
 99/06/01,"17,230,446","800,457,078",47.00,47.00,46.10,46.15,-1.30,"5,377",2882
 99/06/02,"13,129,369","601,042,110",46.00,46.50,45.20,45.55,-0.60,"4,685",2882
 99/06/03,"18,113,058","844,776,987",46.40,46.85,46.30,46.85,+1.30,"4,830",2882
 99/06/04,"17,512,935","807,472,588",46.70,46.75,45.90,45.95,-0.90,"4,948",2882
 99/06/07,"34,049,248","1,495,754,693",44.30,44.85,43.65,44.00,-1.95,"9,506",2882
 99/06/08,"25,329,228","1,108,932,655",43.00,44.40,43.00,44.00, 0.00,"6,802",2882
 99/06/09,"22,387,801","969,525,978",44.00,44.15,42.75,43.10,-0.90,"7,009",2882
 99/06/10,"15,462,636","670,587,755",43.80,43.85,42.90,43.85,+0.75,"5,565",2882
 99/06/11,"32,127,513","1,458,451,319",44.80,45.95,44.60,45.50,+1.65,"10,261",2882
 99/06/14,"24,861,318","1,158,333,453",46.50,46.85,46.10,46.65,+1.15,"6,755",2882
 99/06/15,"31,772,519","1,510,024,993",46.65,48.30,46.35,48.05,+1.40,"9,919",2882
 99/06/17,"28,727,413","1,380,241,195",48.20,48.60,47.70,47.70,-0.35,"7,524",2882
 99/06/18,"9,015,458","429,705,214",47.70,48.00,47.30,47.70, 0.00,"3,310",2882
 99/06/21,"25,729,989","1,261,032,761",48.60,49.40,48.50,49.15,+1.45,"6,655",2882
 99/06/22,"16,634,473","816,029,003",48.90,49.45,48.60,49.35,+0.20,"4,930",2882
 99/06/23,"7,135,256","348,919,374",49.00,49.30,48.65,49.00,-0.35,"2,732",2882
 99/06/24,"12,815,102","625,879,547",49.10,49.20,48.30,48.90,-0.10,"3,400",2882
 99/06/25,"30,445,959","1,490,265,159",48.10,49.70,48.10,49.05,+0.15,"8,172",2882
 99/06/28,"32,272,790","1,613,267,650",49.55,50.40,49.05,50.10,+1.05,"8,725",2882
 99/06/29,"22,435,288","1,120,919,412",50.20,50.80,49.00,49.00,-1.10,"5,940",2882
 99/06/30,"17,561,581","843,763,578",48.00,48.45,47.65,48.05,-0.95,"4,954",2882
 99/07/01,"17,507,547","827,034,809",48.00,48.10,46.60,46.60,-1.45,"5,596",2882
 99/07/02,"22,126,586","1,064,174,828",46.60,49.20,46.60,48.00,+1.40,"6,539",2882
 99/07/05,"24,299,664","1,165,448,672",47.75,48.30,47.50,48.00, 0.00,"7,026",2882
 99/07/06,"24,289,275","1,165,892,425",47.70,48.75,47.40,48.75,X0.00,"6,145",2882
 99/07/07,"10,866,862","526,346,257",48.75,48.90,48.05,48.90,+0.15,"3,545",2882
 99/07/08,"22,172,019","1,091,447,082",49.50,49.80,48.60,49.35,+0.45,"5,383",2882
 99/07/09,"24,720,737","1,234,831,466",50.00,50.40,49.40,50.30,+0.95,"7,061",2882
 99/07/12,"19,922,322","993,113,980",50.00,50.30,49.20,49.30,-1.00,"5,436",2882
 99/07/13,"8,245,959","405,593,891",49.60,49.70,48.90,49.20,-0.10,"2,966",2882
 99/07/14,"37,844,994","1,906,528,913",49.55,50.80,49.55,50.80,+1.60,"10,648",2882
 99/07/15,"19,541,108","990,892,134",50.50,51.00,50.30,50.80, 0.00,"5,168",2882
 99/07/16,"49,914,568","2,584,997,933",51.10,52.30,50.60,52.30,+1.50,"11,666",2882
 99/07/19,"21,455,766","1,098,533,348",52.00,52.10,50.70,50.90,-1.40,"6,847",2882
 99/07/20,"31,244,666","1,582,306,219",50.90,51.50,49.80,51.50,+0.60,"6,395",2882
 99/07/21,"20,290,178","1,037,615,212",51.60,51.70,50.40,51.00,-0.50,"4,723",2882
 99/07/22,"13,906,006","708,610,988",51.10,51.70,50.50,50.50,-0.50,"3,778",2882
 99/07/23,"19,266,744","982,241,098",51.30,51.50,50.60,50.60,+0.10,"5,433",2882
 99/07/26,"16,299,997","824,681,413",51.10,51.20,50.20,50.60, 0.00,"4,481",2882
 99/07/27,"11,493,491","574,819,717",50.60,50.80,49.80,49.80,-0.80,"4,888",2882
 99/07/28,"14,283,287","716,737,401",49.90,50.70,49.90,50.40,+0.60,"5,014",2882
 99/07/29,"12,046,971","610,063,403",50.50,51.00,50.10,51.00,+0.60,"3,982",2882
 99/07/30,"8,492,931","428,704,696",50.70,50.90,50.10,50.40,-0.60,"2,403",2882
 99/08/02,"38,990,960","2,027,950,827",50.60,52.50,50.60,52.50,+2.10,"10,871",2882
 99/08/03,"23,671,235","1,235,512,970",52.50,52.70,51.80,52.50, 0.00,"5,865",2882
 99/08/04,"28,621,053","1,457,204,854",50.60,51.30,50.60,51.10,X0.00,"7,666",2882
 99/08/05,"18,892,820","962,766,017",51.10,51.40,50.50,50.70,-0.40,"5,003",2882
 99/08/06,"15,894,671","802,034,816",50.40,50.80,50.10,50.60,-0.10,"3,790",2882
 99/08/09,"14,633,359","750,662,059",50.30,51.60,50.30,51.40,+0.80,"4,806",2882
 99/08/10,"10,344,965","527,955,174",51.50,51.50,50.70,50.70,-0.70,"3,124",2882
 99/08/11,"15,752,006","789,727,350",50.50,50.80,49.85,49.95,-0.75,"4,625",2882
 99/08/12,"14,174,980","701,026,824",49.45,49.80,49.25,49.40,-0.55,"4,643",2882
 99/08/13,"13,250,694","653,621,488",49.70,49.80,49.00,49.60,+0.20,"4,525",2882
 99/08/16,"11,991,380","591,637,731",49.50,49.55,49.20,49.55,-0.05,"3,555",2882
 99/08/17,"8,825,831","437,351,255",49.65,49.75,49.35,49.50,-0.05,"2,800",2882
 99/08/18,"17,421,921","858,640,919",49.50,49.70,49.00,49.25,-0.25,"4,368",2882
 99/08/19,"27,109,765","1,313,032,600",49.10,49.10,48.00,48.25,-1.00,"7,935",2882
 99/08/20,"11,681,874","569,695,647",48.60,49.00,48.50,48.90,+0.65,"4,004",2882
 99/08/23,"14,313,755","707,530,098",48.90,49.75,48.50,49.60,+0.70,"5,781",2882
 99/08/24,"15,699,618","776,550,546",49.90,49.90,49.10,49.35,-0.25,"6,237",2882
 99/08/25,"38,191,999","1,825,623,166",49.00,49.00,47.30,47.30,-2.05,"12,182",2882
 99/08/26,"19,444,066","911,640,499",47.30,47.50,46.55,46.70,-0.60,"7,360",2882
 99/08/27,"16,701,255","778,607,673",46.75,46.95,46.45,46.60,-0.10,"4,881",2882
 99/08/30,"20,886,322","979,989,344",46.80,47.40,46.45,46.50,-0.10,"5,515",2882
 99/08/31,"19,941,933","920,236,701",46.55,46.55,46.00,46.10,-0.40,"4,066",2882
 99/09/01,"14,631,236","681,561,773",46.35,46.90,46.20,46.70,+0.60,"3,535",2882
 99/09/02,"9,684,061","454,281,453",47.25,47.30,46.50,46.55,-0.15,"3,271",2882
 99/09/03,"15,349,619","718,149,193",46.75,47.20,46.55,46.65,+0.10,"4,768",2882
 99/09/06,"17,226,055","817,142,950",47.00,47.70,46.95,47.35,+0.70,"4,429",2882
 99/09/07,"8,196,920","386,436,238",47.50,47.50,47.00,47.00,-0.35,"3,047",2882
 99/09/08,"12,792,038","597,751,840",47.00,47.55,46.25,46.50,-0.50,"4,845",2882
 99/09/09,"13,328,655","617,403,982",46.90,46.90,46.05,46.15,-0.35,"3,767",2882
 99/09/10,"22,201,285","1,035,976,936",46.50,47.00,46.40,47.00,+0.85,"5,764",2882
 99/09/13,"51,360,088","2,469,644,582",47.50,48.65,47.25,48.50,+1.50,"11,192",2882
 99/09/14,"20,307,593","981,959,327",48.70,48.70,48.10,48.60,+0.10,"5,333",2882
 99/09/15,"28,272,452","1,382,714,748",48.60,49.15,48.50,49.00,+0.40,"7,217",2882
 99/09/16,"16,441,320","804,656,975",49.20,49.25,48.70,48.70,-0.30,"4,551",2882
 99/09/17,"20,034,980","980,910,864",49.20,49.20,48.70,48.70, 0.00,"4,813",2882
 99/09/20,"10,895,981","533,160,269",48.80,49.10,48.70,49.00,+0.30,"2,993",2882
 99/09/21,"14,101,056","687,806,437",49.20,49.20,48.40,48.90,-0.10,"4,497",2882
 99/09/23,"21,486,322","1,045,183,712",48.90,49.00,48.40,48.45,-0.45,"5,931",2882
 99/09/24,"19,854,747","966,196,173",48.20,49.00,48.20,48.75,+0.30,"5,276",2882
 99/09/27,"18,133,826","881,763,947",49.00,49.05,48.25,48.25,-0.50,"5,396",2882
 99/09/28,"16,248,706","779,559,688",48.25,48.50,47.85,47.90,-0.35,"4,985",2882
 99/09/29,"23,119,356","1,113,998,538",48.00,48.60,48.00,48.00,+0.10,"5,977",2882
 99/09/30,"20,516,756","980,033,938",48.00,48.05,47.50,47.75,-0.25,"6,040",2882
 99/10/01,"13,744,246","658,372,858",48.00,48.15,47.75,47.75, 0.00,"4,265",2882
 99/10/04,"54,740,965","2,683,168,976",47.75,49.50,47.70,48.90,+1.15,"14,596",2882
 99/10/05,"19,956,591","969,638,799",48.65,49.05,48.20,48.55,-0.35,"5,918",2882
 99/10/06,"25,141,660","1,238,421,668",49.35,49.70,48.95,49.00,+0.45,"7,312",2882
 99/10/07,"32,903,860","1,629,164,373",49.30,49.85,49.20,49.25,+0.25,"8,586",2882
 99/10/08,"17,069,336","833,817,437",49.50,49.55,48.50,48.55,-0.70,"4,858",2882
 99/10/11,"19,433,053","937,610,794",48.60,48.90,47.85,47.85,-0.70,"5,360",2882
 99/10/12,"34,599,381","1,634,430,794",48.00,48.00,46.85,46.95,-0.90,"10,602",2882
 99/10/13,"30,097,677","1,407,722,219",46.95,47.20,46.50,46.70,-0.25,"7,739",2882
 99/10/14,"18,838,400","893,303,239",47.40,47.70,47.10,47.15,+0.45,"6,485",2882
 99/10/15,"12,179,614","575,206,368",47.30,47.45,47.05,47.25,+0.10,"3,116",2882
 99/10/18,"15,589,984","727,575,948",47.25,47.25,46.50,46.60,-0.65,"4,764",2882
 99/10/19,"14,113,413","657,722,958",46.60,46.80,46.40,46.65,+0.05,"4,473",2882
 99/10/20,"12,175,724","568,594,678",46.50,46.95,46.35,46.85,+0.20,"3,411",2882
 99/10/21,"19,413,384","904,154,142",47.00,47.25,46.30,46.30,-0.55,"6,024",2882
 99/10/22,"11,998,702","558,404,981",47.00,47.00,46.40,46.50,+0.20,"3,301",2882
 99/10/25,"15,912,830","748,091,013",46.50,47.20,46.50,47.15,+0.65,"4,766",2882
 99/10/26,"12,102,089","572,611,530",47.45,47.65,47.00,47.40,+0.25,"4,072",2882
 99/10/27,"12,576,583","596,268,591",47.70,47.90,47.00,47.00,-0.40,"4,131",2882
 99/10/28,"27,133,376","1,276,491,782",47.10,47.50,46.60,47.10,+0.10,"7,263",2882
 99/10/29,"10,317,569","484,521,895",47.30,47.30,46.80,46.85,-0.25,"3,408",2882
 99/11/01,"21,249,609","1,010,754,379",47.20,47.70,47.20,47.65,+0.80,"6,926",2882
 99/11/02,"22,842,399","1,100,433,302",47.90,48.40,47.90,48.00,+0.35,"7,769",2882
 99/11/03,"15,635,477","751,772,727",48.40,48.45,47.70,47.80,-0.20,"5,789",2882
 99/11/04,"12,030,267","579,203,961",48.00,48.50,47.80,47.90,+0.10,"4,045",2882
 99/11/05,"24,282,899","1,180,689,993",48.50,48.90,48.30,48.65,+0.75,"8,063",2882
 99/11/08,"18,436,089","902,861,194",49.10,49.15,48.75,48.80,+0.15,"5,758",2882
 99/11/09,"14,291,866","692,169,192",48.80,48.90,48.25,48.35,-0.45,"4,200",2882
 99/11/10,"10,672,070","515,026,168",48.25,48.50,48.05,48.30,-0.05,"2,823",2882
 99/11/11,"9,519,341","461,664,444",48.20,48.70,48.20,48.65,+0.35,"3,199",2882
 99/11/12,"20,143,668","963,165,799",48.55,48.55,47.50,47.55,-1.10,"6,004",2882
 99/11/15,"10,873,369","512,394,989",47.50,47.50,47.00,47.05,-0.50,"3,394",2882
 99/11/16,"9,705,962","456,727,783",46.90,47.35,46.70,47.35,+0.30,"3,022",2882
 99/11/17,"18,440,991","864,312,097",47.10,47.10,46.75,46.80,-0.55,"4,759",2882
 99/11/18,"18,335,007","857,848,469",47.00,47.10,46.55,46.80, 0.00,"4,906",2882
 99/11/19,"22,016,482","1,026,964,068",47.00,47.20,46.40,46.45,-0.35,"5,998",2882
 99/11/22,"12,635,762","589,236,615",46.90,46.95,46.45,46.70,+0.25,"3,573",2882
 99/11/23,"13,041,547","606,718,295",46.80,46.90,46.35,46.40,-0.30,"4,259",2882
 99/11/24,"30,432,357","1,403,599,093",46.20,46.60,45.95,46.05,-0.35,"7,816",2882
 99/11/25,"13,530,954","625,013,690",46.45,46.45,46.10,46.15,+0.10,"4,378",2882
 99/11/26,"16,653,579","768,891,768",46.45,46.45,46.10,46.10,-0.05,"4,698",2882
 99/11/29,"17,565,381","810,810,212",46.50,46.55,46.00,46.05,-0.05,"5,090",2882
 99/11/30,"17,286,641","798,130,319",46.20,46.40,46.05,46.05, 0.00,"4,210",2882
 99/12/01,"49,020,299","2,310,213,982",46.50,47.45,46.10,47.45,+1.40,"13,755",2882
 99/12/02,"35,623,173","1,694,749,921",47.85,48.20,47.20,47.30,-0.15,"10,522",2882
 99/12/03,"14,954,135","706,937,945",47.45,47.55,47.05,47.05,-0.25,"4,473",2882
 99/12/06,"26,627,235","1,273,881,845",47.45,48.15,47.30,47.70,+0.65,"8,044",2882
 99/12/07,"14,353,130","686,864,987",48.00,48.00,47.60,47.90,+0.20,"4,873",2882
 99/12/08,"23,953,808","1,136,123,215",47.90,48.00,47.20,47.20,-0.70,"6,911",2882
 99/12/09,"21,925,049","1,038,191,723",47.90,47.95,47.00,47.10,-0.10,"6,697",2882
 99/12/10,"14,331,534","673,424,498",47.10,47.20,46.85,46.95,-0.15,"4,029",2882
 99/12/13,"16,276,771","765,395,330",47.00,47.20,46.90,46.90,-0.05,"4,133",2882
 99/12/14,"36,348,322","1,693,690,486",47.05,47.05,46.35,46.50,-0.40,"9,528",2882
 99/12/15,"22,858,886","1,062,282,366",46.50,46.90,46.10,46.50, 0.00,"6,385",2882
 99/12/16,"34,770,957","1,611,128,830",46.50,46.85,46.15,46.20,-0.30,"9,697",2882
 99/12/17,"25,326,731","1,178,298,479",46.30,46.85,46.15,46.40,+0.20,"8,005",2882
 99/12/20,"25,246,508","1,182,211,132",47.00,47.15,46.55,46.60,+0.20,"6,659",2882
 99/12/21,"48,585,904","2,281,407,690",46.90,47.20,46.40,47.20,+0.60,"12,975",2882
 99/12/22,"21,395,522","1,008,940,658",47.20,47.40,47.00,47.10,-0.10,"7,601",2882
 99/12/23,"33,275,117","1,586,352,475",47.45,47.95,47.25,47.60,+0.50,"11,087",2882
 99/12/24,"36,455,992","1,751,371,267",47.80,48.35,47.65,47.85,+0.25,"10,847",2882
 99/12/27,"51,780,706","2,518,559,145",48.35,48.95,48.20,48.80,+0.95,"15,509",2882
 99/12/28,"33,236,373","1,611,614,231",48.90,48.90,48.10,48.40,-0.40,"8,244",2882
 99/12/29,"60,672,885","2,969,720,604",48.50,49.40,48.35,49.05,+0.65,"16,768",2882
 99/12/30,"50,248,069","2,477,616,381",49.80,49.80,48.90,49.00,-0.05,"13,477",2882
 99/12/31,"137,435,644","7,034,079,174",49.50,52.30,49.30,51.70,+2.70,"38,437",2882
100/01/03,"108,421,376","5,709,749,528",52.40,53.30,51.90,53.10,+1.40,"29,268",2882
100/01/04,"62,032,279","3,256,106,400",53.10,53.10,51.80,51.90,-1.20,"18,876",2882
100/01/05,"138,340,930","7,344,720,546",52.70,54.50,52.10,52.60,+0.70,"35,668",2882
100/01/06,"67,528,443","3,532,135,720",53.00,53.10,51.60,52.70,+0.10,"18,872",2882
100/01/07,"58,541,103","3,030,392,557",52.30,52.40,51.20,51.80,-0.90,"15,244",2882
100/01/10,"34,045,298","1,769,875,996",52.20,52.40,51.60,52.00,+0.20,"9,593",2882
100/01/11,"43,410,097","2,282,485,324",52.00,53.00,51.60,52.90,+0.90,"12,500",2882
100/01/12,"71,598,399","3,842,893,800",53.50,54.30,53.20,53.90,+1.00,"19,595",2882
100/01/13,"109,634,517","6,026,407,026",54.80,55.40,54.50,55.00,+1.10,"34,086",2882
100/01/14,"40,137,101","2,193,470,399",54.90,55.00,54.20,54.90,-0.10,"13,476",2882
100/01/17,"35,422,851","1,916,143,586",54.90,55.00,53.50,53.50,-1.40,"12,252",2882
100/01/18,"31,890,405","1,729,599,994",53.50,54.70,53.50,54.30,+0.80,"10,925",2882
100/01/19,"28,523,153","1,549,749,396",54.60,54.80,53.80,54.50,+0.20,"9,323",2882
100/01/20,"21,001,779","1,134,543,921",54.10,54.60,53.80,53.80,-0.70,"7,505",2882
100/01/21,"32,977,353","1,750,274,609",53.20,53.50,52.60,53.00,-0.80,"10,818",2882
100/01/24,"15,611,826","831,363,038",52.70,53.50,52.70,53.40,+0.40,"5,453",2882
100/01/25,"22,815,396","1,225,968,343",53.80,53.90,53.40,53.60,+0.20,"7,691",2882
100/01/26,"17,826,032","958,519,940",53.80,54.20,53.50,53.60, 0.00,"5,683",2882
100/01/27,"24,145,923","1,299,016,372",53.60,54.10,53.40,53.60, 0.00,"8,031",2882
100/01/28,"30,175,481","1,626,963,174",53.60,54.30,53.60,54.00,+0.40,"8,663",2882
100/02/08,"28,628,869","1,528,780,307",54.40,54.40,52.90,53.00,-1.00,"10,347",2882
100/02/09,"22,542,051","1,199,915,003",53.10,53.70,52.90,53.00, 0.00,"8,537",2882
100/02/10,"52,932,218","2,735,673,152",52.40,52.50,51.00,51.00,-2.00,"16,751",2882
100/02/11,"78,899,635","3,867,808,159",50.50,50.50,47.70,48.25,-2.75,"26,077",2882
100/02/14,"32,106,010","1,556,123,455",48.50,49.00,48.25,48.25, 0.00,"10,467",2882
100/02/15,"27,248,777","1,310,563,825",48.20,48.65,47.30,48.40,+0.15,"8,741",2882
100/02/16,"21,679,348","1,055,319,092",48.40,49.15,48.35,48.50,+0.10,"6,851",2882
100/02/17,"20,995,486","1,009,322,298",48.55,48.55,47.90,47.90,-0.60,"6,898",2882
100/02/18,"37,138,412","1,831,909,160",48.80,49.70,48.50,49.20,+1.30,"10,621",2882
100/02/21,"16,296,709","794,904,982",49.20,49.20,48.55,48.65,-0.55,"5,691",2882
100/02/22,"33,464,551","1,595,927,904",48.00,48.10,47.50,47.80,-0.85,"11,071",2882
100/02/23,"20,080,510","956,569,296",47.50,48.10,47.30,47.30,-0.50,"7,458",2882
100/02/24,"14,739,018","703,202,674",47.60,48.10,47.30,47.30, 0.00,"5,651",2882
100/02/25,"28,445,337","1,345,105,448",47.50,47.85,46.80,47.40,+0.10,"9,291",2882
100/03/01,"13,398,901","642,897,471",47.50,48.15,47.50,48.10,+0.70,"4,440",2882
100/03/02,"14,044,045","668,618,951",47.90,48.00,47.30,47.30,-0.80,"5,249",2882
100/03/03,"19,261,313","925,561,240",47.40,48.45,47.40,48.20,+0.90,"6,271",2882
100/03/04,"19,186,630","932,087,876",48.80,48.80,48.30,48.55,+0.35,"6,027",2882
100/03/07,"9,911,737","480,146,417",48.50,48.80,48.05,48.50,-0.05,"4,018",2882
100/03/08,"9,508,127","458,746,995",48.30,48.70,48.05,48.15,-0.35,"3,510",2882
100/03/09,"14,706,441","714,444,102",48.80,48.85,48.40,48.65,+0.50,"5,256",2882
100/03/10,"14,269,075","686,574,950",48.50,48.85,47.80,47.90,-0.75,"5,175",2882
100/03/11,"19,588,005","930,988,652",47.30,47.80,47.30,47.75,-0.15,"5,111",2882
100/03/14,"34,661,952","1,588,879,789",46.80,46.90,44.60,46.05,-1.70,"11,512",2882
100/03/15,"62,958,225","2,773,899,785",46.00,46.00,42.85,44.00,-2.05,"17,016",2882
100/03/16,"40,670,624","1,792,442,306",44.60,45.20,43.30,43.70,-0.30,"11,296",2882
100/03/17,"25,009,884","1,070,098,471",42.85,43.20,42.30,43.05,-0.65,"8,521",2882
100/03/18,"25,109,698","1,103,224,472",44.00,44.20,43.60,43.90,+0.85,"7,866",2882
100/03/21,"20,137,231","893,949,571",44.10,44.70,43.80,44.70,+0.80,"6,085",2882
100/03/22,"27,171,593","1,241,215,745",45.00,46.10,44.95,45.55,+0.85,"9,334",2882
100/03/23,"14,814,585","672,480,699",45.60,45.65,45.05,45.55, 0.00,"4,431",2882
100/03/24,"8,940,030","406,562,544",45.75,45.85,45.30,45.40,-0.15,"3,075",2882
100/03/25,"14,981,748","682,814,087",45.90,46.00,45.20,45.45,+0.05,"4,514",2882
100/03/28,"25,247,234","1,160,479,814",45.45,46.20,45.45,46.00,+0.55,"5,846",2882
100/03/29,"20,697,227","962,075,107",45.95,46.75,45.75,46.75,+0.75,"6,370",2882
100/03/30,"30,005,599","1,429,526,818",46.90,48.10,46.90,47.90,+1.15,"10,024",2882
100/03/31,"32,605,510","1,567,939,437",48.15,48.70,47.55,48.55,+0.65,"7,014",2882
100/04/01,"10,597,148","508,148,147",48.55,48.55,47.60,48.20,-0.35,"3,138",2882
100/04/06,"29,239,395","1,410,216,935",48.50,48.50,47.80,48.00,-0.20,"6,744",2882
100/04/07,"20,085,135","952,224,223",48.00,48.10,47.00,47.45,-0.55,"6,759",2882
100/04/08,"21,486,570","1,018,547,235",47.00,47.95,46.90,47.55,+0.10,"7,590",2882
100/04/11,"22,488,454","1,048,269,930",47.30,47.35,46.45,46.45,-1.10,"7,413",2882
100/04/12,"11,511,613","532,396,597",46.20,46.45,46.10,46.40,-0.05,"3,855",2882
100/04/13,"7,159,122","332,375,925",46.40,46.65,46.20,46.65,+0.25,"2,621",2882
100/04/14,"7,067,730","329,957,091",46.90,46.95,46.45,46.50,-0.15,"3,324",2882
100/04/15,"12,370,353","571,523,069",46.75,46.80,45.70,45.80,-0.70,"5,131",2882
100/04/18,"12,722,039","581,667,015",45.80,46.10,45.50,45.55,-0.25,"4,177",2882
100/04/19,"25,321,163","1,132,717,208",45.05,45.20,44.35,44.65,-0.90,"9,283",2882
100/04/20,"20,440,213","925,160,959",45.15,45.50,44.90,45.50,+0.85,"6,504",2882
100/04/21,"37,113,656","1,736,409,942",46.00,47.60,45.95,46.90,+1.40,"10,716",2882
100/04/22,"16,548,754","782,979,093",47.30,47.60,47.05,47.30,+0.40,"5,491",2882
100/04/25,"34,872,609","1,692,381,733",48.20,49.10,48.05,48.05,+0.75,"11,101",2882
100/04/26,"25,889,504","1,214,308,249",47.05,47.25,46.55,46.80,-1.25,"7,969",2882
100/04/27,"20,506,108","975,204,483",47.20,47.80,47.15,47.60,+0.80,"6,706",2882
100/04/28,"15,233,796","726,284,788",47.95,48.10,47.15,47.50,-0.10,"4,936",2882
100/04/29,"24,100,256","1,156,149,267",48.00,48.40,47.40,47.80,+0.30,"7,458",2882
100/05/03,"24,363,116","1,161,100,735",47.80,48.10,47.10,47.50,-0.30,"4,796",2882
100/05/04,"17,236,491","808,137,540",47.80,47.80,46.60,46.85,-0.65,"6,174",2882
100/05/05,"22,656,747","1,066,901,309",47.00,47.45,46.65,47.00,+0.15,"7,497",2882
100/05/06,"22,509,487","1,048,228,869",47.00,47.00,46.30,46.40,-0.60,"7,817",2882
100/05/09,"22,114,512","1,046,056,149",46.40,47.65,46.40,47.05,+0.65,"6,371",2882
100/05/10,"10,822,251","509,418,340",47.15,47.25,46.85,47.10,+0.05,"3,556",2882
100/05/11,"13,292,619","624,187,672",47.50,47.50,46.65,46.80,-0.30,"3,415",2882
100/05/12,"23,491,996","1,088,096,247",46.65,46.65,46.20,46.20,-0.60,"7,210",2882
100/05/13,"11,567,012","538,076,530",46.30,46.80,46.30,46.70,+0.50,"3,272",2882
100/05/16,"13,416,992","626,407,148",47.00,47.00,46.30,46.55,-0.15,"2,881",2882
100/05/17,"18,530,973","860,307,502",47.00,47.00,46.15,46.20,-0.35,"4,733",2882
100/05/18,"18,694,275","858,745,100",46.20,46.40,45.70,45.90,-0.30,"5,777",2882
100/05/19,"27,524,592","1,268,157,613",46.00,46.65,45.35,45.45,-0.45,"8,163",2882
100/05/20,"12,183,716","557,241,677",45.95,46.00,45.35,45.45, 0.00,"4,375",2882
100/05/23,"20,813,248","935,948,981",45.35,45.35,44.80,44.90,-0.55,"5,847",2882
100/05/24,"12,048,891","543,489,162",45.20,45.40,44.90,45.40,+0.50,"3,686",2882
100/05/25,"13,186,924","597,994,925",45.40,45.65,45.05,45.25,-0.15,"3,761",2882
100/05/26,"10,216,946","465,503,458",46.00,46.00,45.30,45.45,+0.20,"3,309",2882
100/05/27,"24,379,202","1,100,283,555",45.45,45.75,44.85,44.90,-0.55,"6,717",2882
100/05/30,"9,708,652","439,076,509",44.90,45.35,44.85,45.25,+0.35,"2,475",2882
100/05/31,"25,211,828","1,160,860,963",45.40,46.70,45.35,46.65,+1.40,"6,899",2882
100/06/01,"16,837,199","786,742,423",46.65,46.90,46.55,46.75,+0.10,"5,031",2882
100/06/02,"14,201,706","662,164,504",46.30,46.85,46.20,46.80,+0.05,"4,151",2882
100/06/03,"11,024,799","515,715,617",47.00,47.10,46.55,46.80, 0.00,"2,879",2882
100/06/07,"9,353,491","434,682,601",46.30,46.80,46.10,46.70,-0.10,"3,232",2882
100/06/08,"5,428,631","252,512,738",46.80,46.80,46.25,46.55,-0.15,"2,275",2882
100/06/09,"9,279,290","430,349,836",46.30,46.60,46.20,46.50,-0.05,"2,620",2882
100/06/10,"20,131,392","928,255,006",46.80,47.00,45.30,45.30,-1.20,"6,166",2882
100/06/13,"18,556,064","833,338,475",45.10,45.30,44.70,44.70,-0.60,"5,724",2882
100/06/14,"10,831,245","487,526,025",44.80,45.25,44.80,45.05,+0.35,"3,198",2882
100/06/15,"22,854,645","1,024,257,825",45.00,45.20,44.50,45.20,+0.15,"4,972",2882
100/06/16,"12,362,944","551,660,521",44.50,44.85,44.50,44.60,-0.60,"3,680",2882
100/06/17,"29,176,317","1,284,557,062",44.60,44.90,43.80,43.80,-0.80,"9,781",2882
100/06/20,"13,762,457","601,564,803",44.50,44.50,43.30,43.30,-0.50,"5,557",2882
100/06/21,"13,860,857","606,035,830",43.40,44.15,43.35,43.75,+0.45,"4,816",2882
100/06/22,"19,531,719","861,963,038",43.90,44.60,43.80,43.85,+0.10,"7,066",2882
100/06/23,"21,926,049","946,434,407",43.75,43.75,43.00,43.00,-0.85,"7,197",2882
100/06/24,"20,608,864","883,067,282",42.90,43.15,42.60,42.60,-0.40,"6,679",2882
100/06/27,"32,474,012","1,367,745,754",42.40,42.40,42.00,42.05,-0.55,"9,612",2882
100/06/28,"14,495,078","607,407,497",41.95,42.15,41.75,41.85,X0.00,"5,016",2882
100/06/29,"32,141,002","1,394,300,018",42.50,43.95,42.25,43.80,+1.95,"10,932",2882
100/06/30,"25,506,063","1,126,115,294",43.80,44.45,43.80,44.45,+0.65,"8,277",2882
100/07/01,"19,941,545","889,369,047",44.60,44.80,44.25,44.45, 0.00,"5,908",2882
100/07/04,"11,765,663","521,639,622",44.70,44.70,44.05,44.20,-0.25,"3,663",2882
100/07/05,"12,657,634","560,804,282",44.20,44.55,44.00,44.10,-0.10,"3,483",2882
100/07/06,"8,530,707","378,418,884",44.30,44.65,44.15,44.65,+0.55,"2,787",2882
100/07/07,"12,613,207","565,637,271",44.65,45.20,44.30,45.00,+0.35,"3,940",2882
100/07/08,"12,888,251","576,203,095",45.00,45.20,44.10,44.20,-0.80,"3,982",2882
100/07/11,"15,695,737","702,932,225",44.95,45.10,44.45,44.60,+0.40,"5,134",2882
100/07/12,"15,366,434","672,675,784",44.10,44.25,43.50,43.60,-1.00,"4,744",2882
100/07/13,"12,818,881","557,749,247",43.60,43.95,43.30,43.50,-0.10,"3,913",2882
100/07/14,"12,192,226","526,847,833",43.50,43.85,42.80,43.35,-0.15,"4,028",2882
100/07/15,"24,658,411","1,092,403,573",43.40,44.75,43.30,44.50,+1.15,"6,712",2882
100/07/18,"21,443,140","959,363,184",44.30,45.20,44.05,44.95,+0.45,"6,579",2882
100/07/19,"13,016,717","583,290,774",45.00,45.00,44.30,45.00,+0.05,"3,417",2882
100/07/20,"28,724,885","1,309,102,380",45.30,46.00,45.20,46.00,+1.00,"8,872",2882
100/07/21,"9,428,741","430,331,858",46.00,46.00,45.40,45.75,-0.25,"3,579",2882
100/07/22,"13,475,107","618,564,247",46.00,46.20,45.65,45.80,+0.05,"4,518",2882
100/07/25,"9,495,080","432,268,723",45.95,46.10,45.20,45.25,-0.55,"3,049",2882
100/07/26,"13,083,419","592,649,069",45.80,45.80,45.05,45.55,+0.30,"3,219",2882
100/07/27,"11,865,189","537,277,128",45.20,45.40,45.20,45.30,-0.25,"3,827",2882
100/07/28,"19,980,687","879,419,209",44.40,44.40,43.85,43.85,X0.00,"5,597",2882
100/07/29,"30,519,401","1,321,065,400",43.75,44.10,42.90,43.20,-0.65,"8,802",2882
100/08/01,"23,436,754","1,029,679,154",43.60,44.20,43.55,43.80,+0.60,"5,543",2882
100/08/02,"15,550,985","675,631,728",43.50,43.90,43.10,43.20,-0.60,"4,357",2882
100/08/03,"33,079,866","1,396,166,179",42.60,42.65,42.00,42.20,-1.00,"9,460",2882
100/08/04,"32,165,282","1,360,038,176",42.20,42.90,42.00,42.00,-0.20,"9,716",2882
100/08/05,"52,056,602","2,044,984,080",39.10,39.85,39.10,39.10,-2.90,"14,734",2882
100/08/08,"56,717,651","2,098,704,874",38.55,38.55,36.40,36.40,-2.70,"14,477",2882
100/08/09,"93,607,654","3,199,368,640",33.90,35.20,33.90,34.80,-1.60,"22,397",2882
100/08/10,"64,025,437","2,376,643,042",37.20,37.20,36.50,37.20,+2.40,"10,867",2882
100/08/11,"91,668,244","3,512,922,218",37.15,39.45,37.10,39.40,+2.20,"25,946",2882
100/08/12,"82,336,273","3,217,147,078",39.80,40.05,38.30,38.75,-0.65,"18,419",2882
100/08/15,"27,121,980","1,056,548,939",39.50,39.50,38.70,38.85,+0.10,"6,376",2882
100/08/16,"18,454,908","718,212,712",39.20,39.20,38.80,38.80,-0.05,"5,302",2882
100/08/17,"24,083,018","935,624,069",39.30,39.30,38.50,38.60,-0.20,"7,409",2882
100/08/18,"47,756,685","1,789,587,330",38.30,38.30,36.70,37.00,-1.60,"13,524",2882
100/08/19,"49,380,041","1,747,027,738",35.30,35.90,35.00,35.35,-1.65,"12,667",2882
100/08/22,"31,008,294","1,120,891,877",36.50,36.80,35.45,36.10,+0.75,"9,160",2882
100/08/23,"26,103,847","954,522,445",36.20,37.25,35.85,37.10,+1.00,"7,171",2882
100/08/24,"30,177,586","1,098,198,918",37.10,37.10,35.95,36.65,-0.45,"8,428",2882
100/08/25,"31,072,935","1,123,756,184",37.00,37.00,35.65,35.70,-0.95,"7,496",2882
100/08/26,"15,605,949","560,313,601",36.00,36.25,35.60,36.00,+0.30,"5,033",2882
100/08/29,"12,479,417","457,699,024",36.30,36.95,36.10,36.40,+0.40,"3,981",2882
100/08/30,"12,577,251","461,180,277",36.95,36.95,36.50,36.65,+0.25,"3,731",2882
100/08/31,"11,283,559","416,254,766",36.75,37.05,36.60,37.00,+0.35,"3,649",2882
100/09/01,"54,450,839","2,108,571,229",37.45,39.50,37.35,38.45,+1.45,"15,892",2882
100/09/02,"28,771,549","1,115,248,662",39.00,39.30,38.35,38.35,-0.10,"9,794",2882
100/09/05,"33,924,471","1,247,769,748",37.45,37.45,36.50,36.60,-1.75,"10,360",2882
100/09/06,"31,751,567","1,137,968,749",36.40,36.40,35.50,36.10,-0.50,"8,645",2882
100/09/07,"16,523,856","605,758,154",36.80,37.00,36.30,36.80,+0.70,"4,954",2882
100/09/08,"19,463,954","716,936,983",37.00,37.50,36.30,36.65,-0.15,"5,462",2882
100/09/09,"14,731,441","543,916,240",36.80,37.15,36.65,37.00,+0.35,"4,413",2882
100/09/13,"27,864,388","993,436,501",36.25,36.30,35.25,35.60,-1.40,"7,554",2882
100/09/14,"35,791,063","1,252,515,197",36.00,36.00,34.30,34.75,-0.85,"8,316",2882
100/09/15,"17,421,910","620,310,581",35.95,35.95,35.35,35.50,+0.75,"5,243",2882
100/09/16,"27,860,766","1,021,964,023",36.70,37.00,36.20,36.20,+0.70,"8,021",2882
100/09/19,"30,992,726","1,091,856,565",35.70,35.90,34.75,35.65,-0.55,"9,174",2882
100/09/20,"24,463,077","862,651,538",35.25,35.70,34.90,35.60,-0.05,"6,086",2882
100/09/21,"28,537,871","1,010,429,412",35.05,35.80,35.05,35.45,-0.15,"8,614",2882
100/09/22,"29,983,414","1,035,994,740",34.70,35.00,34.30,34.75,-0.70,"9,500",2882
100/09/23,"33,971,084","1,155,364,545",34.00,34.55,33.70,33.95,-0.80,"9,587",2882
100/09/26,"26,418,524","899,549,419",33.95,34.50,33.50,34.20,+0.25,"7,237",2882
100/09/27,"31,475,351","1,093,785,644",34.95,35.15,34.30,35.10,+0.90,"9,125",2882
100/09/28,"27,153,747","945,231,855",35.10,35.20,34.40,35.20,+0.10,"7,529",2882
100/09/29,"18,236,371","637,064,209",34.50,35.25,34.45,35.10,-0.10,"5,134",2882
100/09/30,"26,677,953","939,647,689",35.30,35.65,34.90,35.20,+0.10,"7,472",2882
100/10/03,"47,155,433","1,578,943,156",34.30,34.30,33.00,33.30,-1.90,"13,071",2882
100/10/04,"23,794,400","778,359,169",32.50,33.20,32.20,33.00,-0.30,"7,178",2882
100/10/05,"33,695,033","1,083,572,680",33.00,33.00,31.85,32.20,-0.80,"9,597",2882
100/10/06,"29,593,534","990,359,320",32.65,33.80,32.65,33.70,+1.50,"8,604",2882
100/10/07,"28,979,650","992,659,491",34.30,34.50,33.75,34.50,+0.80,"7,692",2882
100/10/11,"25,076,966","879,712,903",35.00,35.40,34.80,34.80,+0.30,"8,151",2882
100/10/12,"12,535,710","430,296,383",34.25,34.50,34.10,34.45,-0.35,"4,096",2882
100/10/13,"12,635,094","435,596,254",34.70,34.75,34.15,34.50,+0.05,"4,494",2882
100/10/14,"9,055,461","308,317,714",34.50,34.50,33.95,33.95,-0.55,"3,171",2882
100/10/17,"12,202,681","416,153,599",34.50,34.50,34.05,34.45,+0.50,"2,990",2882
100/10/18,"9,798,123","328,615,094",33.60,33.90,33.35,33.45,-1.00,"3,843",2882
100/10/19,"5,980,781","201,479,098",33.90,33.90,33.50,33.70,+0.25,"2,116",2882
100/10/20,"12,023,710","398,372,810",33.90,33.90,32.80,32.95,-0.75,"4,808",2882
100/10/21,"5,317,627","176,397,028",33.00,33.35,32.90,33.25,+0.30,"2,357",2882
100/10/24,"21,387,203","738,824,355",33.90,35.00,33.90,35.00,+1.75,"8,013",2882
100/10/25,"16,743,877","580,669,328",35.00,35.10,34.45,34.65,-0.35,"4,944",2882
100/10/26,"10,050,249","346,268,457",34.25,34.90,34.15,34.80,+0.15,"4,051",2882
100/10/27,"15,945,647","558,727,032",34.95,35.30,34.65,34.95,+0.15,"5,085",2882
100/10/28,"46,920,485","1,704,048,860",36.20,36.90,35.80,36.00,+1.05,"13,611",2882
100/10/31,"22,984,679","833,928,832",36.20,36.70,35.80,36.15,+0.15,"6,525",2882
100/11/01,"24,402,018","867,987,605",35.60,36.30,35.25,35.40,-0.75,"7,579",2882
100/11/02,"23,022,263","786,578,505",33.90,34.65,33.70,34.60,-0.80,"8,084",2882
100/11/03,"29,800,683","1,004,471,756",34.60,34.60,33.25,33.25,-1.35,"11,261",2882
100/11/04,"22,800,111","779,997,187",34.50,34.55,33.85,33.90,+0.65,"7,238",2882
100/11/07,"9,082,192","307,624,628",34.00,34.10,33.65,33.90, 0.00,"3,241",2882
100/11/08,"11,337,585","388,898,451",34.65,34.65,34.00,34.05,+0.15,"5,118",2882
100/11/09,"9,524,668","326,302,329",34.50,34.60,34.05,34.05, 0.00,"3,299",2882
100/11/10,"28,398,689","927,137,737",33.00,33.30,32.20,32.25,-1.80,"9,808",2882
100/11/11,"10,093,214","329,305,424",32.80,32.90,32.35,32.80,+0.55,"3,870",2882
100/11/14,"9,014,103","301,644,580",33.40,33.65,33.20,33.45,+0.65,"3,158",2882
100/11/15,"7,704,056","256,943,478",33.35,33.60,33.10,33.30,-0.15,"2,746",2882
100/11/16,"16,441,462","538,475,164",33.40,33.65,32.40,32.40,-0.90,"5,939",2882
100/11/17,"18,756,221","596,608,472",32.00,32.20,31.50,31.90,-0.50,"6,850",2882
100/11/18,"27,346,146","861,095,195",31.10,31.85,31.10,31.40,-0.50,"7,468",2882
100/11/21,"24,269,213","752,854,138",31.20,31.60,30.50,30.50,-0.90,"7,598",2882
100/11/22,"13,615,270","418,619,967",30.60,31.15,30.40,30.70,+0.20,"4,791",2882
100/11/23,"29,699,330","891,086,450",30.50,30.60,29.80,29.80,-0.90,"9,040",2882
100/11/24,"30,237,986","926,335,202",29.90,31.30,29.90,31.15,+1.35,"8,338",2882
100/11/25,"27,695,596","862,232,578",31.20,31.80,30.35,30.60,-0.55,"7,548",2882
100/11/28,"12,676,989","397,101,217",31.00,31.60,31.00,31.40,+0.80,"4,279",2882
100/11/29,"19,686,907","625,068,820",31.75,32.05,31.50,31.50,+0.10,"5,502",2882
100/11/30,"28,634,175","877,530,630",31.05,31.15,30.25,30.50,-1.00,"8,093",2882
100/12/01,"52,384,639","1,699,355,775",32.60,32.60,32.15,32.60,+2.10,"12,288",2882
100/12/02,"21,472,043","689,518,672",32.60,32.60,31.65,32.10,-0.50,"7,041",2882
100/12/05,"15,678,064","501,323,449",32.30,32.40,31.65,31.90,-0.20,"5,035",2882
100/12/06,"12,631,234","397,145,879",31.50,31.70,31.25,31.30,-0.60,"4,264",2882
100/12/07,"12,231,052","388,138,564",31.80,31.90,31.50,31.85,+0.55,"4,024",2882
100/12/08,"18,261,271","569,320,795",31.40,31.60,30.90,31.30,-0.55,"5,218",2882
100/12/09,"16,394,109","509,281,090",30.50,31.45,30.20,31.25,-0.05,"5,984",2882
100/12/12,"6,283,776","196,516,034",31.60,31.70,31.05,31.20,-0.05,"2,525",2882
100/12/13,"8,932,556","274,131,879",31.00,31.00,30.45,30.60,-0.60,"3,136",2882
100/12/14,"9,914,761","303,871,818",30.60,30.85,30.40,30.60, 0.00,"3,031",2882
100/12/15,"22,501,423","672,045,699",30.15,30.15,29.70,29.80,-0.80,"7,501",2882
100/12/16,"17,332,004","514,742,930",29.70,30.10,29.40,29.80, 0.00,"5,774",2882
100/12/19,"24,881,114","713,846,533",29.50,29.50,28.30,28.30,-1.50,"8,423",2882
100/12/20,"23,682,243","669,413,632",28.55,28.65,28.00,28.00,-0.30,"7,450",2882
100/12/21,"12,843,508","384,663,016",29.95,29.95,29.95,29.95,+1.95,"2,986",2882
100/12/22,"57,023,008","1,785,624,892",30.50,31.95,30.45,31.15,+1.20,"14,952",2882
100/12/23,"34,918,266","1,155,967,789",33.00,33.30,32.25,33.30,+2.15,"9,307",2882
100/12/26,"54,488,891","1,825,186,408",33.50,33.80,33.25,33.30, 0.00,"13,334",2882
100/12/27,"22,585,331","743,496,390",33.05,33.20,32.70,33.05,-0.25,"6,709",2882
100/12/28,"15,555,845","513,241,433",33.10,33.25,32.75,32.85,-0.20,"4,781",2882
100/12/29,"22,540,652","735,550,426",32.75,32.95,32.40,32.75,-0.10,"5,554",2882
100/12/30,"26,605,381","879,597,763",33.35,33.60,32.70,32.70,-0.05,"7,147",2882
101/01/02,"26,062,921","831,207,920",32.85,32.85,31.30,31.70,-1.00,"7,595",2882
101/01/03,"31,003,123","1,011,467,918",32.00,33.00,32.00,32.65,+0.95,"8,210",2882
101/01/04,"20,983,583","687,157,784",32.80,33.10,32.35,32.55,-0.10,"6,297",2882
101/01/05,"14,161,732","462,985,515",32.60,32.90,32.40,32.90,+0.35,"4,010",2882
101/01/06,"18,861,533","613,188,971",32.90,32.90,32.25,32.30,-0.60,"4,579",2882
101/01/09,"13,527,951","430,828,304",32.20,32.30,31.60,31.70,-0.60,"4,210",2882
101/01/10,"13,833,973","445,625,739",31.95,32.35,31.95,32.25,+0.55,"4,297",2882
101/01/11,"13,888,715","446,696,558",32.40,32.50,31.90,32.20,-0.05,"3,802",2882
101/01/12,"16,318,023","523,126,836",32.30,32.30,31.80,32.10,-0.10,"4,333",2882
101/01/13,"43,501,887","1,415,498,098",32.50,32.70,32.35,32.50,+0.40,"9,525",2882
101/01/16,"28,475,309","924,188,278",33.10,33.15,32.00,32.30,-0.20,"6,549",2882
101/01/17,"15,146,864","492,949,339",32.70,32.90,32.15,32.90,+0.60,"4,775",2882
101/01/18,"21,574,699","695,402,319",32.90,32.90,31.90,32.15,-0.75,"6,796",2882
101/01/30,"27,478,879","905,567,977",33.00,33.30,32.50,32.60,+0.45,"7,936",2882
101/01/31,"33,185,838","1,111,975,797",32.90,33.85,32.85,33.75,+1.15,"9,548",2882
101/02/01,"31,934,112","1,085,393,305",33.75,34.35,33.50,33.70,-0.05,"10,081",2882
101/02/02,"28,300,858","964,251,355",34.20,34.30,33.75,34.20,+0.50,"8,109",2882
101/02/03,"19,281,849","657,610,014",34.25,34.40,33.90,33.90,-0.30,"5,798",2882
101/02/04,"53,344,600","1,872,160,721",34.60,35.70,34.45,34.95,+1.05,"13,856",2882
101/02/06,"21,093,607","727,419,310",34.75,34.85,34.15,34.30,-0.65,"6,447",2882
101/02/07,"17,737,038","610,527,542",34.30,34.80,34.15,34.20,-0.10,"5,479",2882
101/02/08,"25,339,858","883,329,860",34.50,35.20,34.50,35.15,+0.95,"6,892",2882
101/02/09,"45,536,158","1,618,974,955",35.10,35.95,34.95,35.80,+0.65,"10,526",2882
101/02/10,"41,726,645","1,517,448,498",36.00,37.00,35.90,35.95,+0.15,"11,216",2882
101/02/13,"33,828,677","1,192,424,862",35.35,35.60,35.05,35.15,-0.80,"8,861",2882
101/02/14,"22,352,556","777,919,458",35.15,35.20,34.60,34.95,-0.20,"6,426",2882
101/02/15,"20,601,544","722,736,014",35.00,35.45,34.60,35.40,+0.45,"6,731",2882
101/02/16,"19,375,967","675,633,850",35.00,35.15,34.55,34.70,-0.70,"5,390",2882
101/02/17,"18,602,119","649,575,365",35.10,35.35,34.60,34.60,-0.10,"5,031",2882
101/02/20,"14,459,564","501,665,478",35.20,35.20,34.45,34.50,-0.10,"4,506",2882
101/02/21,"18,108,720","618,084,918",34.50,34.50,33.80,34.30,-0.20,"5,733",2882
101/02/22,"16,115,284","555,673,041",34.00,34.85,33.90,34.40,+0.10,"5,155",2882
101/02/23,"12,201,954","415,894,615",34.35,34.35,33.95,33.95,-0.45,"3,513",2882
101/02/24,"13,117,226","447,963,621",34.25,34.40,33.95,34.00,+0.05,"3,339",2882
101/02/29,"22,271,302","768,950,818",34.35,34.75,34.20,34.60,+0.60,"5,427",2882
101/03/01,"12,924,694","443,636,547",34.60,34.60,34.10,34.10,-0.50,"3,907",2882
101/03/02,"14,402,642","494,844,568",34.55,34.75,34.10,34.10, 0.00,"4,052",2882
101/03/03,"7,297,560","248,059,244",34.00,34.10,33.90,33.90,-0.20,"2,303",2882
101/03/05,"20,241,939","674,222,232",33.90,33.90,33.10,33.10,-0.80,"6,505",2882
101/03/06,"17,486,451","576,591,933",33.00,33.40,32.60,32.95,-0.15,"5,477",2882
101/03/07,"12,259,334","399,963,420",32.50,32.85,32.50,32.60,-0.35,"4,039",2882
101/03/08,"20,787,330","685,879,539",32.85,33.45,32.55,33.05,+0.45,"5,780",2882
101/03/09,"15,999,362","527,384,296",33.05,33.25,32.70,33.00,-0.05,"4,532",2882
101/03/12,"10,883,157","358,536,479",33.10,33.20,32.65,32.65,-0.35,"3,348",2882
101/03/13,"53,989,153","1,860,162,897",33.50,34.90,33.50,34.90,+2.25,"13,418",2882
101/03/14,"54,171,170","1,887,499,791",35.20,35.40,34.25,34.25,-0.65,"14,411",2882
101/03/15,"24,545,002","849,907,892",34.55,35.00,34.30,34.35,+0.10,"6,720",2882
101/03/16,"14,747,840","510,547,451",34.70,34.85,34.40,34.55,+0.20,"4,596",2882
101/03/19,"29,853,775","1,045,412,988",35.10,35.30,34.60,35.20,+0.65,"8,322",2882
101/03/20,"28,836,636","998,435,562",35.15,35.15,34.10,34.20,-1.00,"7,768",2882
101/03/21,"25,287,498","860,224,834",34.20,34.45,33.80,33.80,-0.40,"6,012",2882
101/03/22,"19,227,929","663,415,715",34.10,34.85,34.00,34.30,+0.50,"6,198",2882
101/03/23,"11,563,205","400,057,286",34.80,34.85,34.40,34.60,+0.30,"3,589",2882
101/03/26,"25,980,533","878,430,289",34.70,34.70,33.60,33.60,-1.00,"8,446",2882
101/03/27,"9,480,802","320,948,044",33.90,34.00,33.65,34.00,+0.40,"2,998",2882
101/03/28,"17,438,247","596,948,540",34.50,34.60,33.85,33.85,-0.15,"5,391",2882
101/03/29,"21,204,192","709,397,597",34.00,34.15,33.10,33.30,-0.55,"5,857",2882
101/03/30,"13,982,789","467,020,672",33.15,33.60,32.95,33.60,+0.30,"3,834",2882
101/04/02,"11,019,187","366,850,361",33.15,33.70,33.05,33.10,-0.50,"3,121",2882
101/04/03,"18,557,030","609,426,777",33.50,33.50,32.60,32.65,-0.45,"5,544",2882
101/04/05,"17,423,018","556,139,632",32.05,32.10,31.70,32.00,-0.65,"5,327",2882
101/04/06,"14,250,743","455,476,726",32.05,32.10,31.70,32.00, 0.00,"4,808",2882
101/04/09,"13,675,088","429,995,776",31.50,31.75,31.25,31.30,-0.70,"3,946",2882
101/04/10,"9,134,603","289,562,520",31.50,32.00,31.50,31.50,+0.20,"3,206",2882
101/04/11,"13,465,067","419,701,207",31.30,31.35,31.10,31.15,-0.35,"5,037",2882
101/04/12,"11,217,784","350,359,281",31.45,31.45,31.10,31.35,+0.20,"3,630",2882
101/04/13,"16,589,301","529,005,180",31.60,32.15,31.60,31.95,+0.60,"4,642",2882
101/04/16,"9,156,283","288,196,593",31.60,31.60,31.40,31.55,-0.40,"2,891",2882
101/04/17,"15,903,091","496,733,199",31.60,31.70,31.10,31.10,-0.45,"4,835",2882
101/04/18,"12,556,287","391,694,597",31.50,31.50,31.00,31.00,-0.10,"3,653",2882
101/04/19,"11,342,066","353,004,131",31.00,31.45,30.90,31.20,+0.20,"3,212",2882
101/04/20,"12,199,138","377,130,718",31.20,31.20,30.60,30.95,-0.25,"3,897",2882
101/04/23,"9,549,108","293,397,714",30.75,30.90,30.60,30.75,-0.20,"2,823",2882
101/04/24,"8,813,095","270,471,077",30.75,30.95,30.55,30.70,-0.05,"2,419",2882
101/04/25,"10,156,414","316,894,498",30.95,31.45,30.80,31.15,+0.45,"2,999",2882
101/04/26,"10,685,259","330,005,050",31.20,31.25,30.60,30.80,-0.35,"2,950",2882
101/04/27,"12,731,183","390,733,430",30.85,30.95,30.45,30.95,+0.15,"4,045",2882
101/04/30,"6,177,699","190,260,021",30.75,30.95,30.55,30.90,-0.05,"2,008",2882
101/05/02,"14,613,260","461,116,060",31.15,31.90,31.15,31.70,+0.80,"5,075",2882
101/05/03,"7,205,506","228,268,053",31.80,31.90,31.55,31.80,+0.10,"2,497",2882
101/05/04,"13,416,876","426,548,585",31.80,32.15,31.40,31.65,-0.15,"3,510",2882
101/05/07,"16,950,326","522,644,983",31.10,31.30,30.60,30.80,-0.85,"5,201",2882
101/05/08,"11,325,363","353,763,857",31.50,31.50,31.00,31.10,+0.30,"3,965",2882
101/05/09,"15,690,823","478,952,574",30.60,30.80,30.40,30.40,-0.70,"5,526",2882
101/05/10,"13,849,477","420,762,344",30.40,30.65,30.20,30.20,-0.20,"4,351",2882
101/05/11,"21,160,828","632,683,640",30.20,30.40,29.75,29.90,-0.30,"7,083",2882
101/05/14,"8,884,700","265,532,387",30.00,30.05,29.75,29.85,-0.05,"2,896",2882
101/05/15,"12,531,579","370,461,970",29.60,29.70,29.40,29.60,-0.25,"4,214",2882
101/05/16,"20,606,208","600,924,032",29.60,29.75,28.80,28.85,-0.75,"6,398",2882
101/05/17,"23,136,995","674,153,976",29.20,29.30,29.00,29.15,+0.30,"5,810",2882
101/05/18,"16,466,764","473,005,269",28.80,28.95,28.50,28.75,-0.40,"5,697",2882
101/05/21,"6,231,296","181,447,681",29.10,29.30,28.90,29.00,+0.25,"2,687",2882
101/05/22,"9,394,926","273,793,256",29.40,29.40,29.00,29.20,+0.20,"3,704",2882
101/05/23,"13,719,353","392,549,718",28.85,28.90,28.50,28.50,-0.70,"4,630",2882
101/05/24,"11,610,480","332,530,180",28.55,28.95,28.40,28.65,+0.15,"4,063",2882
101/05/25,"5,658,314","162,619,057",28.70,28.90,28.60,28.70,+0.05,"2,336",2882
101/05/28,"6,037,898","175,225,907",28.80,29.20,28.70,29.00,+0.30,"2,344",2882
101/05/29,"15,275,647","452,439,943",29.05,30.00,29.05,30.00,+1.00,"4,858",2882
101/05/30,"22,368,444","656,115,829",29.85,29.85,29.10,29.15,-0.85,"5,485",2882
101/05/31,"15,580,698","452,680,467",28.80,29.35,28.70,29.25,+0.10,"4,260",2882
101/06/01,"9,218,464","265,944,682",28.85,29.15,28.70,28.70,-0.55,"3,264",2882
101/06/04,"13,944,134","391,145,818",27.80,28.35,27.80,28.00,-0.70,"3,930",2882
101/06/05,"8,302,769","236,421,117",28.40,28.75,28.30,28.40,+0.40,"2,825",2882
101/06/06,"5,212,545","148,878,969",28.60,28.75,28.35,28.50,+0.10,"2,002",2882
101/06/07,"7,903,465","227,938,511",29.00,29.00,28.65,28.85,+0.35,"2,589",2882
101/06/08,"4,996,927","143,064,730",28.70,28.80,28.35,28.60,-0.25,"2,237",2882
101/06/11,"8,490,896","247,539,946",29.10,29.30,28.95,29.20,+0.60,"3,262",2882
101/06/12,"13,177,000","378,928,100",28.75,28.90,28.65,28.75,-0.45,"2,342",2882
101/06/13,"8,029,202","231,151,154",28.80,28.95,28.60,28.85,+0.10,"2,650",2882
101/06/14,"8,812,922","255,008,088",28.85,29.10,28.70,28.95,+0.10,"2,877",2882
101/06/15,"15,801,938","462,633,082",29.20,29.40,28.95,29.40,+0.45,"6,106",2882
101/06/18,"11,994,244","357,727,651",29.90,30.20,29.65,29.80,+0.40,"4,844",2882
101/06/19,"10,112,190","297,446,527",29.50,29.60,29.25,29.30,-0.50,"3,775",2882
101/06/20,"10,509,044","310,549,429",29.50,29.75,29.45,29.75,+0.45,"3,462",2882
101/06/21,"8,140,318","239,462,226",29.50,29.50,29.20,29.40,-0.35,"2,769",2882
101/06/22,"9,141,153","264,992,015",29.20,29.20,28.90,29.00,-0.40,"3,372",2882
101/06/25,"10,520,920","302,483,860",28.80,28.95,28.60,28.85,-0.15,"4,470",2882
101/06/26,"6,221,927","178,376,367",28.60,28.80,28.60,28.70,-0.15,"2,525",2882
101/06/27,"13,818,460","397,134,033",28.65,29.00,28.55,28.75,+0.05,"3,893",2882
101/06/28,"12,182,609","351,006,584",29.00,29.05,28.65,28.65,-0.10,"4,100",2882
101/06/29,"18,467,746","535,431,987",28.65,29.25,28.65,29.25,+0.60,"5,327",2882
101/07/02,"42,462,617","1,271,153,133",29.70,30.20,29.55,29.95,+0.70,"11,571",2882
101/07/03,"26,381,882","776,206,305",29.50,29.55,29.20,29.40,X0.00,"7,687",2882
101/07/04,"25,089,794","747,086,227",29.50,30.00,29.50,29.55,+0.15,"7,253",2882
101/07/05,"10,558,144","311,893,434",29.55,29.75,29.40,29.45,-0.10,"3,766",2882
101/07/06,"13,362,543","391,267,594",29.55,29.55,29.10,29.40,-0.05,"4,210",2882
101/07/09,"7,910,003","226,208,164",29.15,29.40,29.10,29.15,-0.25,"2,217",2882
101/07/10,"13,563,316","393,483,010",29.20,29.35,28.80,29.00,-0.15,"3,667",2882
101/07/11,"8,942,842","259,942,374",28.80,29.25,28.75,29.15,+0.15,"5,157",2882
101/07/12,"12,651,323","363,834,891",29.15,29.15,28.60,28.60,-0.55,"4,853",2882
101/07/13,"9,166,789","263,749,076",28.70,29.00,28.65,28.65,+0.05,"3,881",2882
101/07/16,"9,875,161","284,214,064",28.80,28.95,28.60,28.90,+0.25,"3,228",2882
101/07/17,"16,928,820","494,096,836",28.85,29.40,28.85,29.20,+0.30,"4,062",2882
101/07/18,"11,219,676","323,923,303",29.20,29.20,28.70,28.70,-0.50,"3,176",2882
101/07/19,"10,647,776","308,736,611",28.90,29.10,28.80,28.95,+0.25,"2,578",2882
101/07/20,"5,083,632","147,717,379",28.80,29.15,28.80,29.15,+0.20,"1,395",2882
101/07/23,"9,639,660","277,346,494",29.00,29.05,28.60,28.80,-0.35,"2,605",2882
101/07/24,"7,695,642","221,763,792",28.70,28.90,28.65,28.85,+0.05,"1,649",2882
101/07/25,"11,661,132","334,192,666",28.60,28.85,28.50,28.55,-0.30,"4,103",2882
101/07/26,"9,730,799","280,179,442",28.60,29.00,28.55,28.80,+0.25,"3,605",2882
101/07/27,"16,980,583","495,101,945",29.10,29.30,28.95,29.30,+0.50,"5,395",2882
101/07/30,"25,851,355","760,281,754",29.30,29.75,29.10,29.10,-0.20,"7,073",2882
101/07/31,"23,410,412","688,800,744",29.15,29.70,29.10,29.70,+0.60,"7,250",2882
101/08/01,"10,655,588","315,399,747",29.50,29.75,29.40,29.65,-0.05,"3,866",2882
101/08/03,"10,953,407","321,778,594",29.70,29.70,29.20,29.30,-0.35,"3,324",2882
101/08/06,"21,574,058","638,479,161",29.70,29.85,29.45,29.55,+0.25,"5,341",2882
101/08/07,"40,849,166","1,223,537,512",29.90,30.15,29.75,30.00,+0.45,"11,846",2882
101/08/08,"41,356,260","1,197,890,471",28.80,29.20,28.80,29.00,X0.00,"9,171",2882
101/08/09,"26,967,263","793,056,543",29.40,29.60,29.25,29.60,+0.60,"7,066",2882
101/08/10,"13,472,853","395,689,788",29.60,29.60,29.20,29.55,-0.05,"4,830",2882
101/08/13,"9,235,076","272,672,672",29.95,29.95,29.35,29.45,-0.10,"2,750",2882
101/08/14,"17,702,565","523,803,192",29.50,29.75,29.45,29.60,+0.15,"5,094",2882
101/08/15,"16,481,345","488,679,380",29.70,29.75,29.55,29.60, 0.00,"4,626",2882
101/08/16,"13,527,403","403,740,004",29.65,30.00,29.55,29.95,+0.35,"4,224",2882
101/08/17,"10,808,029","320,621,687",29.95,29.95,29.55,29.55,-0.40,"2,987",2882
101/08/20,"6,889,179","202,311,667",29.60,29.60,29.25,29.25,-0.30,"2,926",2882
101/08/21,"12,962,180","383,623,185",29.35,29.70,29.35,29.70,+0.45,"4,014",2882
101/08/22,"8,391,102","249,152,005",29.70,29.75,29.55,29.75,+0.05,"2,531",2882
101/08/23,"8,340,411","248,735,830",29.75,29.95,29.65,29.85,+0.10,"2,301",2882
101/08/24,"6,399,850","190,025,165",29.80,29.80,29.60,29.65,-0.20,"2,003",2882
101/08/27,"10,839,996","321,508,893",29.65,29.85,29.55,29.60,-0.05,"2,495",2882
101/08/28,"13,950,543","407,279,518",29.40,29.45,29.00,29.05,-0.55,"4,019",2882
101/08/29,"14,944,989","433,629,131",29.15,29.20,28.95,28.95,-0.10,"3,535",2882
101/08/30,"23,867,473","684,535,188",28.75,28.95,28.55,28.55,-0.40,"5,414",2882
101/08/31,"11,155,408","318,795,127",28.55,28.75,28.50,28.60,+0.05,"3,567",2882
101/09/03,"6,382,562","183,420,747",28.85,28.85,28.60,28.70,+0.10,"2,367",2882
101/09/04,"6,425,342","183,541,200",28.70,28.70,28.45,28.65,-0.05,"2,169",2882
101/09/05,"18,802,566","531,427,945",28.50,28.50,28.10,28.20,-0.45,"5,216",2882
101/09/06,"8,935,678","252,589,397",28.20,28.45,28.15,28.25,+0.05,"3,242",2882
101/09/07,"17,257,532","477,683,372",28.70,28.80,28.60,28.65,+0.40,"3,028",2882
101/09/10,"10,426,722","301,510,473",28.75,29.10,28.70,28.80,+0.15,"3,561",2882
101/09/11,"5,478,301","157,478,955",28.90,28.90,28.65,28.70,-0.10,"2,055",2882
101/09/12,"15,822,817","461,106,263",28.90,29.35,28.80,29.05,+0.35,"4,771",2882
101/09/13,"9,553,593","277,023,897",29.10,29.20,28.80,28.90,-0.15,"2,800",2882
101/09/14,"60,570,381","1,822,406,927",29.30,30.90,29.20,30.85,+1.95,"16,883",2882
101/09/17,"77,094,750","2,464,191,600",31.20,32.60,31.20,32.00,+1.15,"20,691",2882
101/09/18,"33,753,949","1,071,352,348",31.85,31.95,31.50,31.90,-0.10,"9,531",2882
101/09/19,"46,727,518","1,522,693,698",32.20,32.90,32.10,32.60,+0.70,"12,476",2882
101/09/20,"34,962,400","1,138,021,704",32.70,33.10,32.05,32.25,-0.35,"10,304",2882
101/09/21,"22,728,192","729,123,476",32.25,32.40,31.80,31.95,-0.30,"6,145",2882
101/09/24,"23,092,998","739,528,286",31.90,32.60,31.45,32.45,+0.50,"7,014",2882
101/09/25,"16,044,399","516,585,952",32.60,32.60,31.95,32.20,-0.25,"4,850",2882
101/09/26,"22,076,435","708,592,607",32.20,32.55,31.70,31.80,-0.40,"6,378",2882
101/09/27,"19,129,608","609,119,460",31.80,32.15,31.60,31.70,-0.10,"4,980",2882
101/09/28,"22,070,842","697,158,917",31.70,31.95,31.35,31.50,-0.20,"6,682",2882
101/10/01,"9,048,687","284,791,645",31.70,31.75,31.30,31.50, 0.00,"3,622",2882
101/10/02,"11,400,052","362,448,604",31.80,32.00,31.55,31.80,+0.30,"4,480",2882
101/10/03,"9,173,463","290,578,095",32.00,32.00,31.50,31.50,-0.30,"3,325",2882
101/10/04,"25,081,781","802,806,513",31.70,32.40,31.40,32.30,+0.80,"8,449",2882
101/10/05,"61,448,486","2,021,835,855",32.40,33.30,32.30,32.80,+0.50,"16,266",2882
101/10/08,"27,921,842","911,076,628",33.15,33.20,32.35,32.35,-0.45,"8,149",2882
101/10/09,"36,714,370","1,207,150,705",32.50,33.20,32.50,32.50,+0.15,"10,313",2882
101/10/11,"19,524,119","627,631,362",32.10,32.40,31.95,32.05,-0.45,"6,289",2882
101/10/12,"18,403,390","586,923,509",32.30,32.30,31.55,31.75,-0.30,"5,586",2882
101/10/15,"11,165,874","352,743,425",31.75,31.85,31.40,31.60,-0.15,"3,192",2882
101/10/16,"8,191,877","260,096,484",31.80,31.90,31.55,31.85,+0.25,"2,687",2882
101/10/17,"16,136,932","513,759,286",32.00,32.10,31.50,31.70,-0.15,"4,952",2882
101/10/18,"11,228,829","355,842,529",31.95,31.95,31.50,31.70, 0.00,"3,481",2882
101/10/19,"15,799,147","495,966,184",31.60,31.70,31.20,31.20,-0.50,"4,792",2882
101/10/22,"17,287,593","529,967,857",30.70,30.85,30.40,30.85,-0.35,"4,895",2882
101/10/23,"6,469,376","198,381,593",30.90,30.90,30.50,30.55,-0.30,"2,672",2882
101/10/24,"11,691,642","358,950,499",30.40,31.05,30.30,30.75,+0.20,"4,235",2882
101/10/25,"10,024,184","306,711,110",31.10,31.10,30.30,30.35,-0.40,"3,201",2882
101/10/26,"24,378,940","724,406,284",30.50,30.50,29.40,29.45,-0.90,"7,267",2882
101/10/29,"10,648,048","313,466,663",29.45,29.75,29.20,29.30,-0.15,"3,848",2882
101/10/30,"11,618,080","344,992,753",29.70,29.90,29.50,29.80,+0.50,"3,591",2882
101/10/31,"11,281,705","332,494,259",29.80,29.80,29.30,29.35,-0.45,"3,131",2882
101/11/01,"14,331,833","417,271,999",29.20,29.60,28.80,29.35, 0.00,"4,179",2882
101/11/02,"11,223,490","332,929,367",29.70,29.90,29.45,29.90,+0.55,"3,686",2882
101/11/05,"12,324,570","363,268,980",29.85,29.85,29.30,29.35,-0.55,"3,603",2882
101/11/06,"10,281,000","303,608,490",29.80,29.80,29.40,29.60,+0.25,"3,493",2882
101/11/07,"19,768,817","593,705,431",29.75,30.30,29.65,30.25,+0.65,"6,189",2882
101/11/08,"19,118,364","567,147,990",29.75,29.80,29.50,29.80,-0.45,"5,092",2882
101/11/09,"13,415,415","398,899,089",29.60,30.00,29.40,29.85,+0.05,"4,265",2882
101/11/12,"10,055,784","298,152,498",29.85,29.95,29.50,29.55,-0.30,"3,498",2882
101/11/13,"17,982,506","525,084,430",29.65,29.65,29.00,29.05,-0.50,"5,460",2882
101/11/14,"10,711,950","311,418,739",29.00,29.25,28.90,29.15,+0.10,"3,877",2882
101/11/15,"17,792,233","512,579,457",28.90,28.95,28.60,28.80,-0.35,"5,263",2882
101/11/16,"12,771,956","368,429,774",28.75,29.10,28.70,28.75,-0.05,"4,140",2882
101/11/19,"8,417,871","243,826,054",28.80,29.10,28.80,28.90,+0.15,"2,747",2882
101/11/20,"8,826,259","256,280,211",29.00,29.20,28.90,28.95,+0.05,"2,957",2882
101/11/21,"11,677,778","335,982,260",29.00,29.10,28.55,28.70,-0.25,"3,464",2882
101/11/22,"19,631,265","573,816,693",28.90,29.50,28.90,29.15,+0.45,"5,432",2882
101/11/23,"24,815,793","737,569,254",29.50,29.95,29.40,29.90,+0.75,"7,613",2882
101/11/26,"33,705,294","1,022,897,813",30.20,30.55,30.10,30.50,+0.60,"7,600",2882
101/11/27,"14,425,879","438,064,008",30.50,30.55,30.20,30.45,-0.05,"4,937",2882
101/11/28,"13,999,528","424,571,658",30.60,30.60,30.15,30.55,+0.10,"4,177",2882
101/11/29,"23,633,478","725,937,849",30.70,30.95,30.55,30.55, 0.00,"5,954",2882
101/11/30,"25,747,847","792,625,791",30.70,30.95,30.60,30.95,+0.40,"5,826",2882
101/12/03,"17,418,212","538,645,859",31.00,31.25,30.60,30.75,-0.20,"5,405",2882
101/12/04,"17,575,751","543,907,168",30.60,31.25,30.55,31.00,+0.25,"5,467",2882
101/12/05,"24,219,978","760,180,487",31.30,31.70,30.90,31.40,+0.40,"6,958",2882
101/12/06,"13,062,236","409,378,981",31.65,31.65,31.15,31.40, 0.00,"4,089",2882
101/12/07,"10,068,464","316,593,065",31.55,31.60,31.30,31.35,-0.05,"3,241",2882
101/12/10,"9,962,494","311,715,503",31.40,31.60,31.10,31.20,-0.15,"3,302",2882
101/12/11,"17,395,020","538,289,335",31.15,31.35,30.75,30.95,-0.25,"4,112",2882
101/12/12,"25,351,945","797,529,820",31.35,31.60,31.25,31.40,+0.45,"6,677",2882
101/12/13,"20,594,636","646,972,076",31.60,31.60,31.25,31.55,+0.15,"5,811",2882
101/12/14,"14,114,444","441,364,533",31.50,31.50,31.10,31.20,-0.35,"3,748",2882
101/12/17,"15,590,286","482,604,976",31.10,31.30,30.80,30.80,-0.40,"4,421",2882
101/12/18,"12,621,250","391,283,648",31.10,31.10,30.85,31.10,+0.30,"3,555",2882
101/12/19,"72,669,296","2,325,577,619",31.30,32.50,31.30,32.05,+0.95,"14,294",2882
101/12/20,"33,690,817","1,059,772,310",31.70,31.90,31.15,31.15,-0.90,"8,068",2882
101/12/21,"27,962,991","864,151,621",31.25,31.30,30.75,31.00,-0.15,"6,528",2882
101/12/22,"10,707,590","331,001,840",31.10,31.25,30.80,30.90,-0.10,"2,949",2882
101/12/24,"10,970,790","338,261,520",30.95,31.00,30.70,30.80,-0.10,"2,477",2882
101/12/25,"18,039,452","562,325,291",30.85,31.50,30.75,31.45,+0.65,"4,903",2882
101/12/26,"19,018,782","598,215,023",31.45,31.65,31.25,31.35,-0.10,"4,801",2882
101/12/27,"12,326,835","385,396,686",31.30,31.40,31.15,31.25,-0.10,"2,893",2882
101/12/28,"20,657,416","651,042,008",31.50,31.70,31.30,31.50,+0.25,"4,664",2882
102/01/02,"20,445,219","647,322,663",31.60,31.90,31.45,31.70,+0.20,"6,084",2882
102/01/03,"22,615,381","719,648,746",31.90,32.00,31.60,31.80,+0.10,"4,839",2882
102/01/04,"14,681,309","462,073,929",31.80,31.80,31.30,31.50,-0.30,"4,105",2882
102/01/07,"11,149,590","351,487,515",31.60,31.70,31.30,31.60,+0.10,"3,147",2882
102/01/08,"9,478,115","298,166,744",31.60,31.75,31.35,31.40,-0.20,"2,981",2882
102/01/09,"17,594,505","551,357,442",31.30,31.55,31.15,31.30,-0.10,"4,688",2882
102/01/10,"46,520,102","1,482,386,408",31.55,32.20,31.50,31.95,+0.65,"11,025",2882
102/01/11,"23,554,858","754,109,518",32.30,32.30,31.80,31.85,-0.10,"5,163",2882
102/01/14,"13,790,660","437,249,358",31.80,31.95,31.50,31.95,+0.10,"3,670",2882
102/01/15,"17,397,654","556,313,537",32.00,32.25,31.70,31.85,-0.10,"5,504",2882
102/01/16,"15,635,849","498,505,004",32.00,32.00,31.75,31.80,-0.05,"4,560",2882
102/01/17,"41,834,300","1,339,028,945",32.10,32.40,31.35,31.40,-0.40,"9,498",2882
102/01/18,"12,127,867","386,310,946",31.85,31.95,31.75,31.90,+0.50,"4,336",2882
102/01/21,"14,987,143","480,214,676",32.00,32.25,31.80,32.00,+0.10,"4,585",2882
102/01/22,"18,613,514","600,113,264",32.30,32.35,32.05,32.25,+0.25,"5,106",2882
102/01/23,"14,257,973","458,819,836",32.40,32.40,32.00,32.05,-0.20,"3,782",2882
102/01/24,"14,687,276","469,201,372",31.90,32.15,31.70,32.00,-0.05,"3,907",2882
102/01/25,"11,517,302","367,120,285",32.00,32.10,31.70,32.00, 0.00,"3,173",2882
102/01/28,"26,955,457","873,302,084",32.10,32.55,32.10,32.50,+0.50,"7,201",2882
102/01/29,"19,581,360","636,592,961",32.60,32.65,32.40,32.50, 0.00,"4,766",2882
102/01/30,"27,052,000","886,014,500",32.70,32.95,32.50,32.50, 0.00,"7,780",2882
102/01/31,"24,400,861","794,590,417",32.65,32.90,32.50,32.90,+0.40,"5,049",2882
102/02/01,"14,145,626","465,166,157",32.90,33.00,32.70,32.95,+0.05,"4,537",2882
102/02/04,"54,858,663","1,854,735,384",33.10,34.15,33.10,33.85,+0.90,"15,113",2882
102/02/05,"30,672,676","1,035,750,277",33.70,34.10,33.50,33.80,-0.05,"8,920",2882
102/02/06,"86,042,879","3,054,363,349",34.85,35.95,34.85,35.30,+1.50,"21,225",2882
102/02/18,"133,116,137","4,855,908,864",35.80,37.50,35.80,37.10,+1.80,"25,802",2882
102/02/19,"79,412,336","2,946,520,578",37.10,37.45,36.60,37.20,+0.10,"19,449",2882
102/02/20,"40,493,870","1,511,801,090",37.60,37.80,37.05,37.10,-0.10,"11,614",2882
102/02/21,"43,979,308","1,615,241,970",37.00,37.25,36.35,36.45,-0.65,"11,394",2882
102/02/22,"50,695,176","1,872,888,327",36.45,37.45,36.20,37.40,+0.95,"13,543",2882
102/02/23,"29,170,659","1,101,599,364",37.55,38.05,37.55,37.60,+0.20,"8,303",2882
102/02/25,"57,647,025","2,187,246,016",37.60,38.35,37.40,38.05,+0.45,"12,275",2882
102/02/26,"33,966,281","1,274,652,920",37.45,37.85,37.10,37.35,-0.70,"8,725",2882
102/02/27,"30,901,584","1,159,621,882",37.50,37.80,37.35,37.60,+0.25,"6,760",2882
102/03/01,"25,128,695","954,147,908",38.00,38.10,37.80,38.05,+0.45,"7,789",2882
102/03/04,"27,451,589","1,035,969,022",38.05,38.05,37.50,37.80,-0.25,"6,951",2882
102/03/05,"63,985,234","2,485,951,726",38.30,39.35,38.00,39.20,+1.40,"16,922",2882
102/03/06,"38,555,851","1,515,880,674",39.50,39.65,38.95,39.00,-0.20,"10,834",2882
102/03/07,"80,389,219","3,234,558,328",39.50,40.95,39.30,40.95,+1.95,"21,793",2882
102/03/08,"96,676,730","4,020,541,096",41.00,42.00,40.80,41.85,+0.90,"23,988",2882
102/03/11,"56,500,551","2,385,369,989",42.15,42.60,41.80,41.95,+0.10,"15,814",2882
102/03/12,"46,057,232","1,903,328,695",41.90,41.90,40.55,40.55,-1.40,"14,652",2882
102/03/13,"39,385,550","1,606,877,370",41.15,41.50,40.25,40.95,+0.40,"12,341",2882
102/03/14,"27,608,006","1,126,477,625",41.15,41.25,40.50,40.65,-0.30,"8,265",2882
102/03/15,"43,675,341","1,755,618,859",40.85,41.05,39.80,39.90,-0.75,"11,093",2882
102/03/18,"49,368,551","1,930,391,133",39.55,39.55,38.85,38.85,-1.05,"12,853",2882
102/03/19,"40,597,690","1,609,754,450",39.15,40.10,39.15,40.00,+1.15,"11,243",2882
102/03/20,"69,299,120","2,850,865,450",40.00,41.80,39.80,41.05,+1.05,"19,838",2882
102/03/21,"31,852,616","1,300,825,978",41.20,41.40,40.50,40.50,-0.55,"9,622",2882
102/03/22,"24,699,057","999,399,599",40.15,40.75,40.15,40.35,-0.15,"7,177",2882
102/03/25,"20,963,948","859,133,418",41.00,41.25,40.75,41.10,+0.75,"6,243",2882
102/03/26,"17,131,074","704,069,918",41.25,41.40,40.80,41.10, 0.00,"5,645",2882
102/03/27,"21,165,269","877,549,332",41.30,41.60,41.20,41.60,+0.50,"7,051",2882
102/03/28,"23,158,043","948,648,013",41.60,41.65,40.65,41.05,-0.55,"6,539",2882
102/03/29,"17,817,780","730,218,248",41.50,41.50,40.65,40.95,-0.10,"5,185",2882
102/04/01,"21,248,820","860,724,264",41.20,41.50,40.05,40.15,-0.80,"7,479",2882
102/04/02,"36,518,127","1,458,173,572",40.00,40.40,39.50,39.80,-0.35,"9,799",2882
102/04/03,"20,209,792","816,333,970",40.60,40.80,40.05,40.15,+0.35,"6,762",2882
102/04/08,"38,640,079","1,508,922,739",39.50,39.85,38.80,38.95,-1.20,"10,508",2882
102/04/09,"17,426,323","678,349,166",39.00,39.20,38.65,38.80,-0.15,"5,001",2882
102/04/10,"21,382,360","835,504,369",39.20,39.40,38.80,39.10,+0.30,"4,577",2882
102/04/11,"17,577,727","685,175,912",39.15,39.20,38.80,38.90,-0.20,"4,705",2882
102/04/12,"20,562,840","801,480,055",38.95,39.50,38.55,38.60,-0.30,"6,240",2882
102/04/15,"17,505,715","671,332,546",38.80,38.90,38.05,38.05,-0.55,"4,612",2882
102/04/16,"17,698,461","670,655,200",37.70,38.30,37.55,38.15,+0.10,"5,412",2882
102/04/17,"24,236,968","915,685,748",38.15,38.20,37.50,37.50,-0.65,"7,005",2882
102/04/18,"19,087,529","713,541,735",37.20,37.75,37.10,37.25,-0.25,"5,641",2882
102/04/19,"25,121,767","959,662,824",37.40,38.50,37.40,38.50,+1.25,"8,278",2882
102/04/22,"20,101,679","782,580,785",38.85,39.15,38.70,38.85,+0.35,"5,481",2882
102/04/23,"13,324,991","512,161,029",38.85,38.85,38.15,38.55,-0.30,"3,928",2882
102/04/24,"16,808,255","654,914,498",38.85,39.15,38.75,38.75,+0.20,"5,081",2882
102/04/25,"11,145,657","428,701,691",38.55,38.60,38.35,38.55,-0.20,"2,989",2882
102/04/26,"17,746,884","689,832,046",38.70,39.15,38.60,38.60,+0.05,"5,493",2882
102/04/29,"11,827,492","460,572,331",39.00,39.10,38.75,38.90,+0.30,"4,046",2882
102/04/30,"36,858,934","1,461,456,484",39.20,39.95,39.20,39.70,+0.80,"10,295",2882
102/05/02,"30,822,542","1,240,222,099",40.00,40.40,40.00,40.40,+0.70,"9,777",2882
102/05/03,"28,355,932","1,150,770,121",40.70,41.00,40.50,40.55,+0.15,"7,913",2882
102/05/06,"39,167,331","1,572,685,653",41.00,41.00,39.55,39.65,-0.90,"12,062",2882
102/05/07,"18,149,289","716,744,722",39.65,39.85,39.30,39.50,-0.15,"6,417",2882
102/05/08,"24,740,525","985,774,591",39.60,40.15,39.50,39.75,+0.25,"7,369",2882
102/05/09,"17,147,552","683,918,878",39.80,40.30,39.70,39.75, 0.00,"4,671",2882
102/05/10,"20,876,578","836,596,381",39.85,40.25,39.85,40.10,+0.35,"6,772",2882
102/05/13,"11,996,784","478,468,437",40.10,40.10,39.65,40.10, 0.00,"3,199",2882
102/05/14,"10,757,237","430,386,952",40.10,40.15,39.85,39.85,-0.25,"3,612",2882
102/05/15,"29,449,052","1,190,741,197",40.20,40.90,40.10,40.90,+1.05,"7,608",2882
102/05/16,"35,652,771","1,475,387,575",41.40,41.60,41.10,41.30,+0.40,"10,277",2882
102/05/17,"16,762,875","686,421,278",41.20,41.35,40.60,40.60,-0.70,"5,163",2882
102/05/20,"34,919,650","1,438,235,423",40.70,41.90,40.30,41.90,+1.30,"10,283",2882
102/05/21,"25,390,217","1,044,124,009",41.30,41.45,40.75,40.90,-1.00,"7,699",2882
102/05/22,"12,872,292","527,010,536",41.20,41.25,40.80,40.90, 0.00,"4,075",2882
102/05/23,"32,684,174","1,310,778,284",40.60,40.70,39.75,39.75,-1.15,"9,908",2882
102/05/24,"18,303,109","729,092,729",39.85,40.15,39.55,39.90,+0.15,"5,625",2882
102/05/27,"12,078,621","479,385,835",39.60,39.90,39.60,39.65,-0.25,"4,116",2882
102/05/28,"12,375,044","492,582,975",39.65,40.20,39.50,39.60,-0.05,"4,722",2882
102/05/29,"14,175,246","565,971,296",39.75,40.15,39.70,39.85,+0.25,"3,733",2882
102/05/30,"20,859,826","822,338,610",39.70,39.75,39.20,39.30,-0.55,"5,990",2882
102/05/31,"23,130,476","909,961,614",39.95,40.00,39.00,39.00,-0.30,"7,017",2882
102/06/03,"17,247,104","667,305,229",38.70,39.05,38.50,38.55,-0.45,"6,396",2882
102/06/04,"18,569,684","713,651,899",38.60,38.70,38.25,38.25,-0.30,"6,163",2882
102/06/05,"31,463,098","1,229,892,623",38.35,39.50,38.30,39.30,+1.05,"9,556",2882
102/06/06,"23,098,947","895,914,047",38.90,39.05,38.60,38.75,-0.55,"6,466",2882
102/06/07,"13,773,941","535,322,966",38.75,39.20,38.60,38.75, 0.00,"5,064",2882
102/06/10,"18,994,703","748,740,428",39.20,39.55,39.20,39.50,+0.75,"5,951",2882
102/06/11,"41,337,327","1,657,553,747",39.60,40.35,39.50,40.20,+0.70,"11,816",2882
102/06/13,"36,227,343","1,440,484,581",39.90,40.00,39.60,39.65,-0.55,"7,302",2882
102/06/14,"25,902,235","1,026,563,624",40.00,40.00,39.30,39.55,-0.10,"6,173",2882
102/06/17,"22,748,631","912,702,005",39.90,40.30,39.85,40.20,+0.65,"6,183",2882
102/06/18,"21,409,241","853,186,106",40.40,40.40,39.40,39.70,-0.50,"5,866",2882
102/06/19,"30,169,980","1,207,789,700",40.30,40.40,39.70,40.05,+0.35,"8,162",2882
102/06/20,"25,337,338","1,014,799,049",40.00,40.35,39.60,40.35,+0.30,"7,069",2882
102/06/21,"49,921,342","2,017,113,544",39.90,40.80,39.65,40.65,+0.30,"11,632",2882
102/06/24,"44,463,091","1,820,451,425",40.80,41.45,40.25,41.20,+0.55,"12,994",2882
102/06/25,"41,064,191","1,664,566,190",41.20,41.25,39.85,40.00,-1.20,"9,959",2882
102/06/26,"33,249,816","1,334,467,060",40.60,40.90,39.70,40.10,+0.10,"7,803",2882
102/06/27,"22,937,319","919,228,246",40.35,40.50,40.05,40.40,+0.30,"5,100",2882
102/06/28,"25,885,880","1,054,316,611",40.70,40.90,40.45,40.90,+0.50,"6,333",2882
102/07/01,"12,442,716","508,319,078",41.00,41.05,40.65,40.65,-0.25,"3,373",2882
102/07/02,"12,637,710","513,999,133",40.85,40.90,40.35,40.40,-0.25,"3,367",2882
102/07/03,"45,757,030","1,798,989,527",40.40,40.40,38.95,39.20,-1.20,"10,563",2882
102/07/04,"22,241,694","882,294,061",39.20,40.00,39.15,39.80,+0.60,"5,959",2882
102/07/05,"21,570,070","867,586,376",40.20,40.50,39.95,40.20,+0.40,"5,477",2882
102/07/08,"25,809,752","1,029,997,093",40.10,40.20,39.55,40.00,-0.20,"4,821",2882
102/07/09,"65,153,058","2,694,438,334",40.25,41.90,40.25,41.60,+1.60,"15,093",2882
102/07/10,"34,983,948","1,460,797,744",41.90,41.90,41.50,41.75,+0.15,"9,090",2882
102/07/11,"58,969,524","2,510,023,381",42.00,43.20,42.00,42.90,+1.15,"15,198",2882
102/07/12,"39,367,000","1,705,794,100",43.00,43.60,43.00,43.45,+0.55,"11,138",2882
102/07/15,"43,695,497","1,874,435,574",43.00,43.30,42.20,43.10,-0.35,"10,756",2882
102/07/16,"33,726,145","1,451,124,828",42.95,43.50,42.50,43.50,+0.40,"7,322",2882
102/07/17,"41,740,198","1,832,231,010",43.50,44.60,43.15,44.45,+0.95,"10,852",2882
102/07/18,"43,826,165","1,949,796,659",44.35,44.85,44.05,44.45, 0.00,"11,550",2882
102/07/19,"33,005,402","1,427,719,333",43.60,43.80,42.70,42.75,X0.00,"9,681",2882
102/07/22,"22,034,681","959,017,133",43.20,44.00,43.10,44.00,+1.25,"6,277",2882
102/07/23,"41,899,256","1,838,935,974",44.10,44.60,43.10,43.75,-0.25,"9,871",2882
102/07/24,"19,215,401","829,114,254",43.30,43.70,42.80,43.30,-0.45,"5,443",2882
102/07/25,"18,367,949","785,554,054",43.00,43.25,42.50,42.60,-0.70,"5,500",2882
102/07/26,"15,280,936","655,115,764",42.60,43.30,42.55,42.65,+0.05,"5,869",2882
102/07/29,"9,221,959","395,523,264",42.95,43.15,42.65,43.00,+0.35,"2,811",2882
102/07/30,"31,198,487","1,370,176,269",43.30,44.20,43.30,43.90,+0.90,"9,214",2882
102/07/31,"17,698,298","775,936,417",44.35,44.40,43.55,43.60,-0.30,"5,479",2882
102/08/01,"21,571,946","933,661,785",43.90,44.00,42.75,42.75,-0.85,"5,994",2882
102/08/02,"19,510,001","846,627,277",43.15,43.75,43.05,43.75,+1.00,"5,940",2882
102/08/05,"9,281,398","404,841,600",43.60,43.80,43.30,43.80,+0.05,"3,111",2882
102/08/06,"21,469,942","922,451,629",43.80,43.80,42.55,42.80,-1.00,"5,670",2882
102/08/07,"22,057,836","931,576,912",42.50,42.55,42.00,42.00,-0.80,"6,173",2882
102/08/08,"14,048,221","593,459,182",42.50,42.50,42.00,42.00, 0.00,"5,035",2882
102/08/09,"21,876,641","906,769,029",42.00,42.00,41.10,41.25,-0.75,"6,793",2882
102/08/12,"14,355,135","594,243,869",41.25,41.80,40.75,41.75,+0.50,"4,624",2882
102/08/13,"15,380,120","642,320,781",41.90,42.00,41.55,41.70,-0.05,"4,193",2882
102/08/14,"17,871,963","743,017,565",41.70,41.90,41.25,41.90,+0.20,"4,132",2882
102/08/15,"11,728,545","486,496,971",41.70,41.70,41.30,41.45,-0.45,"4,023",2882
102/08/16,"14,077,599","583,180,317",41.00,41.85,41.00,41.60,+0.15,"4,078",2882
102/08/19,"10,686,094","441,829,730",41.55,41.55,41.15,41.30,-0.30,"3,173",2882
102/08/20,"13,721,119","568,237,800",41.45,41.70,41.20,41.25,-0.05,"3,842",2882
102/08/22,"24,295,272","985,734,866",41.00,41.00,40.35,40.50,-0.75,"7,317",2882
102/08/23,"13,128,720","537,748,419",41.00,41.15,40.75,40.75,+0.25,"4,100",2882
102/08/26,"7,308,251","298,201,174",40.85,41.00,40.60,40.60,-0.15,"2,254",2882
102/08/27,"12,034,008","488,371,995",40.50,40.85,40.35,40.35,-0.25,"3,461",2882
102/08/28,"18,007,722","725,824,201",40.10,41.05,39.85,41.00,+0.65,"4,960",2882
102/08/29,"21,275,475","880,595,409",41.00,41.70,40.95,41.70,+0.70,"5,975",2882
102/08/30,"20,314,768","852,905,457",41.90,42.40,41.50,42.40,+0.70,"5,902",2882
102/09/02,"10,027,413","423,589,813",42.20,42.45,42.00,42.10,-0.30,"3,736",2882
102/09/03,"15,642,834","667,083,101",42.70,42.90,42.50,42.50,+0.40,"5,512",2882
102/09/04,"14,195,380","599,986,726",42.50,42.50,42.00,42.45,-0.05,"6,520",2882
102/09/05,"14,669,912","625,389,216",42.45,42.90,42.30,42.80,+0.35,"4,904",2882
102/09/06,"22,313,968","958,478,498",42.80,43.10,42.65,42.90,+0.10,"6,337",2882
102/09/09,"19,550,728","836,161,954",42.80,43.00,42.35,43.00,+0.10,"6,445",2882
102/09/10,"14,782,877","633,478,564",43.00,43.20,42.55,42.85,-0.15,"5,180",2882
102/09/11,"15,243,540","650,546,944",42.50,42.90,42.40,42.90,+0.05,"4,703",2882
102/09/12,"36,350,684","1,557,952,062",42.65,43.25,42.45,43.25,+0.35,"24,078",2882
102/09/13,"11,924,120","510,900,611",43.00,43.00,42.70,42.80,-0.45,"4,942",2882
102/09/14,"8,984,541","381,155,922",42.70,42.80,42.00,42.20,-0.60,"4,267",2882
102/09/16,"16,197,264","691,928,207",42.50,42.85,42.40,42.80,+0.60,"5,795",2882
102/09/17,"10,494,973","447,812,741",42.45,42.85,42.45,42.70,-0.10,"3,548",2882
102/09/18,"18,055,109","764,674,345",42.50,42.70,42.15,42.15,-0.55,"5,092",2882
102/09/23,"20,450,531","867,772,490",42.10,42.70,41.90,42.70,+0.55,"7,223",2882
102/09/24,"12,687,997","539,581,174",42.50,42.75,42.35,42.70, 0.00,"3,588",2882
102/09/25,"11,650,758","496,871,345",42.40,42.80,42.35,42.80,+0.10,"2,753",2882
102/09/26,"13,666,446","577,821,531",42.80,42.80,42.05,42.10,-0.70,"3,921",2882
102/09/27,"12,374,889","526,049,775",42.30,42.70,42.20,42.60,+0.50,"4,578",2882
102/09/30,"15,715,433","664,214,446",42.50,42.50,42.10,42.10,-0.50,"3,803",2882
102/10/01,"8,146,602","344,620,277",42.05,42.40,42.05,42.40,+0.30,"3,345",2882
102/10/02,"9,362,898","396,515,987",42.30,42.45,42.30,42.30,-0.10,"3,311",2882
102/10/03,"38,421,971","1,666,220,447",42.30,43.85,42.30,43.75,+1.45,"12,701",2882
102/10/04,"20,840,086","906,718,147",43.60,43.80,43.25,43.50,-0.25,"5,599",2882
102/10/07,"30,027,965","1,323,170,264",43.50,44.40,43.35,44.20,+0.70,"9,813",2882
102/10/08,"42,602,142","1,910,181,597",44.20,45.20,44.05,45.05,+0.85,"12,689",2882
102/10/09,"73,914,295","3,403,491,013",45.05,47.00,44.95,46.15,+1.10,"24,702",2882
102/10/11,"48,274,992","2,233,383,485",47.00,47.00,45.65,45.65,-0.50,"13,453",2882
102/10/14,"24,988,962","1,146,736,561",45.50,46.35,45.20,45.90,+0.25,"8,563",2882
102/10/15,"19,935,144","916,154,215",46.30,46.30,45.70,46.00,+0.10,"6,163",2882
102/10/16,"23,819,972","1,103,330,712",46.20,46.70,46.15,46.15,+0.15,"7,999",2882
102/10/17,"22,702,108","1,043,594,699",46.50,46.55,45.50,45.65,-0.50,"7,950",2882
102/10/18,"18,199,452","829,442,842",45.70,45.95,45.15,45.90,+0.25,"6,262",2882
102/10/21,"11,266,906","519,423,376",45.90,46.35,45.75,46.10,+0.20,"4,125",2882
102/10/22,"14,770,944","683,533,874",46.20,46.55,45.80,46.20,+0.10,"5,168",2882
102/10/23,"22,541,371","1,033,195,016",46.40,46.50,45.30,45.60,-0.60,"6,846",2882
102/10/24,"14,609,111","667,024,483",45.75,46.15,45.30,45.85,+0.25,"5,479",2882
102/10/25,"24,419,655","1,102,079,109",45.55,45.65,44.55,45.55,-0.30,"7,407",2882
102/10/28,"23,348,524","1,073,092,755",45.55,46.35,45.10,46.35,+0.80,"7,162",2882
102/10/29,"13,496,774","625,445,348",46.40,46.55,46.15,46.45,+0.10,"4,497",2882
102/10/30,"24,991,995","1,156,715,855",46.30,46.50,46.05,46.45, 0.00,"6,443",2882
102/10/31,"35,279,173","1,550,141,382",43.80,44.30,43.55,44.30,X0.00,"8,896",2882
102/11/01,"22,481,275","988,073,191",44.30,44.40,43.70,43.85,-0.45,"5,995",2882
102/11/04,"18,879,683","818,674,651",43.55,43.65,43.10,43.60,-0.25,"5,975",2882
102/11/05,"17,886,608","770,685,889",43.60,43.60,42.85,42.85,-0.75,"6,372",2882
102/11/06,"19,992,490","864,340,206",42.85,43.65,42.60,43.50,+0.65,"5,067",2882
102/11/07,"15,489,484","667,781,266",43.50,43.50,42.95,43.30,-0.20,"4,268",2882
102/11/08,"17,309,539","746,115,777",43.00,43.35,42.80,43.00,-0.30,"4,380",2882
102/11/11,"11,972,985","515,255,205",43.10,43.25,42.90,43.15,+0.15,"3,498",2882
102/11/12,"17,210,562","742,311,813",43.30,43.35,42.95,43.30,+0.15,"5,432",2882
102/11/13,"15,113,703","650,614,229",43.30,43.35,42.95,43.00,-0.30,"3,568",2882
102/11/14,"16,924,208","727,578,094",43.10,43.10,42.90,43.05,+0.05,"3,971",2882
102/11/15,"15,698,929","683,326,608",43.25,43.70,43.05,43.55,+0.50,"4,939",2882
102/11/18,"23,341,711","1,037,611,458",43.70,44.90,43.60,44.70,+1.15,"7,418",2882
102/11/19,"18,970,169","839,046,095",44.75,45.00,44.35,44.85,+0.15,"5,084",2882
102/11/20,"22,512,146","1,010,202,630",44.85,45.50,44.55,44.85, 0.00,"6,056",2882
102/11/21,"28,223,543","1,259,030,571",44.70,44.95,44.50,44.55,-0.30,"6,176",2882
102/11/22,"29,355,047","1,329,845,423",44.95,45.75,44.75,45.40,+0.85,"8,426",2882
102/11/25,"33,754,930","1,560,428,895",45.95,46.65,45.90,46.40,+1.00,"11,262",2882
102/11/26,"25,625,509","1,186,339,891",46.50,46.60,46.10,46.15,-0.25,"6,618",2882
102/11/27,"15,209,694","704,001,849",46.55,46.55,46.10,46.40,+0.25,"5,373",2882
102/11/28,"24,506,363","1,144,652,656",46.70,47.20,46.25,46.60,+0.20,"7,671",2882
102/11/29,"15,628,386","721,006,440",46.60,46.60,46.25,46.50,-0.10,"4,802",2882
102/12/02,"10,011,340","462,722,398",46.30,46.40,46.00,46.35,-0.15,"4,121",2882
102/12/03,"9,070,413","418,634,998",46.35,46.35,46.00,46.00,-0.35,"3,499",2882
102/12/04,"19,760,723","923,592,317",46.30,47.05,46.20,46.70,+0.70,"7,506",2882
102/12/05,"14,378,624","666,433,596",46.70,46.70,46.00,46.50,-0.20,"6,023",2882
102/12/06,"14,607,197","675,900,812",46.45,46.65,46.00,46.00,-0.50,"5,166",2882
102/12/09,"13,736,967","637,670,110",46.20,46.80,46.10,46.40,+0.40,"5,237",2882
102/12/10,"10,743,051","497,374,667",46.60,46.60,46.10,46.20,-0.20,"3,741",2882
102/12/11,"22,704,001","1,064,792,921",46.50,47.40,46.50,46.60,+0.40,"8,108",2882
102/12/12,"14,228,935","655,191,223",46.40,46.40,45.80,45.85,-0.75,"5,276",2882
102/12/13,"11,434,582","526,327,966",45.80,46.30,45.65,46.30,+0.45,"3,720",2882
102/12/16,"10,595,246","486,277,607",46.20,46.20,45.70,45.70,-0.60,"3,921",2882
102/12/17,"8,742,183","402,168,369",45.80,46.20,45.80,46.00,+0.30,"2,914",2882
102/12/18,"12,006,719","550,309,015",46.25,46.25,45.65,45.85,-0.15,"3,483",2882
102/12/19,"17,949,492","834,108,452",46.35,46.70,46.35,46.55,+0.70,"5,257",2882
102/12/20,"14,706,737","686,028,160",46.70,46.80,46.30,46.50,-0.05,"4,374",2882
102/12/23,"23,796,791","1,119,323,978",46.65,47.20,46.60,47.00,+0.50,"6,337",2882
102/12/24,"9,764,514","459,727,451",47.10,47.15,46.95,47.00, 0.00,"3,376",2882
102/12/25,"6,394,115","301,261,555",47.10,47.25,47.00,47.15,+0.15,"2,442",2882
102/12/26,"8,510,252","401,023,520",47.15,47.25,46.95,47.00,-0.15,"2,887",2882
102/12/27,"9,671,483","456,405,351",47.00,47.30,47.00,47.20,+0.20,"3,691",2882
102/12/30,"30,655,893","1,474,835,849",47.30,48.50,47.30,48.45,+1.25,"10,230",2882
102/12/31,"15,111,743","730,385,482",48.70,48.85,47.95,48.25,-0.20,"5,305",2882
103/01/02,"24,051,393","1,179,069,298",48.10,49.30,48.10,49.10,+0.85,"7,407",2882
103/01/03,"17,169,216","834,089,759",49.00,49.00,48.30,48.70,-0.40,"5,472",2882
103/01/06,"17,537,159","840,480,091",48.50,48.65,47.50,47.95,-0.75,"6,019",2882
103/01/07,"19,994,056","960,292,814",48.00,48.85,47.95,48.55,+0.60,"5,976",2882
103/01/08,"12,476,365","606,540,276",48.80,48.95,48.30,48.30,-0.25,"4,869",2882
103/01/09,"18,282,731","878,247,188",48.15,48.50,47.80,48.05,-0.25,"5,741",2882
103/01/10,"17,741,339","847,007,733",48.20,48.20,47.40,47.50,-0.55,"6,187",2882
103/01/13,"12,303,350","585,684,632",47.90,48.00,47.35,47.40,-0.10,"5,016",2882
103/01/14,"19,905,161","930,528,362",47.00,47.10,46.50,46.60,-0.80,"6,981",2882
103/01/15,"35,450,026","1,663,779,178",46.70,47.30,46.60,46.60, 0.00,"9,331",2882
103/01/16,"12,557,732","591,381,878",47.00,47.20,46.95,47.20,+0.60,"4,418",2882
103/01/17,"9,677,505","455,044,909",47.30,47.30,46.85,46.95,-0.25,"3,870",2882
103/01/20,"13,586,999","639,214,903",47.05,47.20,46.90,47.00,+0.05,"4,445",2882
103/01/21,"25,880,131","1,235,331,169",47.30,48.30,47.30,47.70,+0.70,"7,530",2882
103/01/22,"18,945,526","904,701,042",47.70,48.05,47.50,47.60,-0.10,"4,506",2882
103/01/23,"13,041,313","616,050,611",47.60,47.60,47.05,47.10,-0.50,"4,371",2882
103/01/24,"20,103,316","945,226,361",47.00,47.35,46.85,46.90,-0.20,"5,501",2882
103/01/27,"34,644,756","1,593,181,901",46.50,46.50,45.60,45.65,-1.25,"11,301",2882
103/02/05,"55,326,202","2,444,367,890",44.60,44.75,43.80,44.10,-1.55,"16,794",2882
103/02/06,"26,076,741","1,156,368,426",44.10,44.65,44.05,44.20,+0.10,"8,975",2882
103/02/07,"17,771,967","795,670,015",44.75,45.00,44.45,45.00,+0.80,"7,079",2882
103/02/10,"14,761,171","665,196,476",45.20,45.30,44.85,44.90,-0.10,"5,515",2882
103/02/11,"10,716,958","484,305,147",45.20,45.40,45.05,45.05,+0.15,"3,825",2882
103/02/12,"11,364,245","516,656,438",45.50,45.60,45.20,45.60,+0.55,"3,762",2882
103/02/13,"12,286,395","554,527,546",45.55,45.55,45.00,45.20,-0.40,"4,452",2882
103/02/14,"19,837,262","906,370,159",45.50,45.95,45.30,45.80,+0.60,"6,871",2882
103/02/17,"11,217,650","511,355,634",45.90,46.00,45.30,45.30,-0.50,"4,002",2882
103/02/18,"10,750,886","490,944,995",45.60,46.00,45.25,46.00,+0.70,"3,822",2882
103/02/19,"10,470,245","479,959,808",45.85,46.00,45.60,46.00, 0.00,"3,617",2882
103/02/20,"8,569,284","391,314,978",45.90,45.90,45.40,45.50,-0.50,"2,797",2882
103/02/21,"11,088,177","510,286,520",45.80,46.15,45.80,46.10,+0.60,"3,817",2882
103/02/24,"31,852,307","1,429,038,367",45.65,45.65,44.50,44.70,-1.40,"10,404",2882
103/02/25,"28,762,725","1,276,934,126",44.65,44.70,44.15,44.45,-0.25,"9,815",2882
103/02/26,"16,718,286","744,850,103",44.20,44.70,44.20,44.50,+0.05,"5,506",2882
103/02/27,"13,183,809","587,792,941",44.75,44.75,44.45,44.70,+0.20,"3,863",2882
103/03/03,"22,262,684","982,407,595",44.50,44.70,43.95,44.20,-0.50,"7,058",2882
103/03/04,"19,701,364","861,081,839",44.00,44.10,43.55,43.55,-0.65,"6,727",2882
103/03/05,"15,075,661","659,923,964",44.10,44.15,43.55,43.60,+0.05,"5,408",2882
103/03/06,"17,925,337","790,192,772",44.10,44.50,43.70,44.50,+0.90,"6,270",2882
103/03/07,"22,881,681","1,020,768,600",44.65,44.85,44.35,44.65,+0.15,"5,841",2882
103/03/10,"14,513,177","640,053,938",44.65,44.65,43.95,44.00,-0.65,"4,658",2882
103/03/11,"15,094,258","666,510,852",44.35,44.55,44.00,44.00, 0.00,"5,136",2882
103/03/12,"19,657,024","867,572,222",43.80,44.45,43.80,44.40,+0.40,"5,180",2882
103/03/13,"26,904,939","1,210,542,205",44.40,45.60,44.20,45.00,+0.60,"8,261",2882
103/03/14,"17,524,440","781,245,370",44.50,44.95,44.35,44.35,-0.65,"6,258",2882
103/03/17,"19,706,130","868,700,342",44.80,44.80,43.80,43.95,-0.40,"5,981",2882
103/03/18,"15,969,439","710,255,057",44.40,44.70,44.25,44.35,+0.40,"5,179",2882
103/03/19,"16,654,066","733,984,458",44.40,44.40,43.80,43.85,-0.50,"4,759",2882
103/03/20,"19,468,421","843,075,853",43.55,43.55,43.05,43.30,-0.55,"6,126",2882
103/03/21,"18,713,721","813,209,376",43.30,43.80,43.10,43.40,+0.10,"4,717",2882
103/03/24,"12,516,234","543,213,528",43.20,43.65,43.20,43.65,+0.25,"4,451",2882
103/03/25,"13,733,091","604,458,343",43.65,44.30,43.60,44.30,+0.65,"4,578",2882
103/03/26,"13,721,088","608,344,168",44.40,44.75,44.10,44.10,-0.20,"4,539",2882
103/03/27,"13,516,266","599,800,895",44.10,44.50,44.10,44.30,+0.20,"3,431",2882
103/03/28,"11,449,822","507,394,465",44.20,44.45,44.20,44.45,+0.15,"3,147",2882
103/03/31,"14,282,613","630,431,736",44.55,44.55,43.85,44.40,-0.05,"3,519",2882
103/04/01,"17,742,855","785,177,551",44.55,44.60,44.00,44.15,-0.25,"5,443",2882
103/04/02,"20,405,324","900,519,156",44.15,44.50,43.95,44.00,-0.15,"5,290",2882
103/04/03,"18,522,081","823,550,997",44.05,44.75,44.00,44.20,+0.20,"5,789",2882
103/04/07,"13,259,374","584,748,647",43.90,44.35,43.80,44.35,+0.15,"3,798",2882
103/04/08,"12,387,281","549,540,359",44.35,44.50,44.30,44.45,+0.10,"2,919",2882
103/04/09,"11,100,131","492,358,238",44.60,44.60,44.25,44.45, 0.00,"3,133",2882
103/04/10,"25,573,190","1,147,470,395",44.75,45.25,44.55,45.25,+0.80,"7,745",2882
103/04/11,"13,553,094","608,552,630",45.05,45.15,44.65,45.00,-0.25,"4,256",2882
103/04/14,"10,937,312","487,447,199",45.00,45.00,44.35,44.55,-0.45,"3,924",2882
103/04/15,"12,541,518","555,699,519",44.55,44.70,44.10,44.10,-0.45,"4,592",2882
103/04/16,"19,214,416","843,840,279",44.10,44.15,43.85,43.85,-0.25,"5,750",2882
103/04/17,"11,816,129","519,202,559",43.85,44.05,43.85,44.05,+0.20,"4,373",2882
103/04/18,"8,963,872","394,534,355",44.15,44.15,43.90,44.00,-0.05,"2,623",2882
103/04/21,"9,240,778","407,362,842",43.95,44.35,43.95,44.00, 0.00,"2,668",2882
103/04/22,"14,127,203","628,965,278",44.25,44.70,44.20,44.55,+0.55,"4,129",2882
103/04/23,"16,537,690","737,560,911",44.75,44.85,44.40,44.40,-0.15,"4,923",2882
103/04/24,"16,397,956","721,694,014",44.25,44.30,43.85,44.05,-0.35,"4,063",2882
103/04/25,"30,698,393","1,330,527,859",43.90,44.05,43.00,43.25,-0.80,"8,505",2882
103/04/28,"20,785,670","889,485,389",42.45,43.05,42.45,42.85,-0.40,"5,799",2882
103/04/29,"14,535,592","625,557,856",43.00,43.30,42.80,43.10,+0.25,"4,605",2882
103/04/30,"14,198,302","608,238,709",43.20,43.30,42.60,42.60,-0.50,"3,952",2882
103/05/02,"14,990,393","640,554,567",42.75,43.10,42.50,42.60, 0.00,"5,692",2882
103/05/05,"15,824,836","672,236,584",43.00,43.00,42.25,42.30,-0.30,"5,447",2882
103/05/06,"34,134,581","1,487,084,913",42.30,44.50,42.10,44.35,+2.05,"11,275",2882
103/05/07,"18,651,917","819,270,803",44.30,44.30,43.65,43.80,-0.55,"6,362",2882
103/05/08,"39,981,934","1,795,207,739",43.80,45.20,43.80,45.00,+1.20,"11,450",2882
103/05/09,"18,348,096","825,085,325",45.20,45.60,44.65,44.65,-0.35,"5,847",2882
103/05/12,"11,444,677","509,453,140",44.70,44.80,44.30,44.40,-0.25,"3,117",2882
103/05/13,"12,116,932","541,478,470",44.80,45.00,44.45,44.50,+0.10,"3,984",2882
103/05/14,"13,281,161","595,648,598",44.80,44.95,44.60,44.95,+0.45,"4,191",2882
103/05/15,"8,645,593","387,116,244",44.90,44.90,44.60,44.80,-0.15,"2,672",2882
103/05/16,"22,266,278","998,869,092",44.70,45.30,44.40,45.25,+0.45,"7,367",2882
103/05/19,"14,649,373","662,136,085",45.40,45.45,45.00,45.20,-0.05,"3,821",2882
103/05/20,"10,879,819","490,731,396",45.40,45.40,44.90,44.90,-0.30,"2,995",2882
103/05/21,"12,173,797","545,760,611",44.85,45.10,44.60,44.90, 0.00,"2,946",2882
103/05/22,"15,956,476","717,838,368",45.05,45.15,44.75,45.00,+0.10,"4,535",2882
103/05/23,"19,625,949","885,121,855",44.80,45.30,44.80,45.15,+0.15,"4,963",2882
103/05/26,"9,435,232","426,801,590",45.25,45.30,45.10,45.20,+0.05,"2,870",2882
103/05/27,"8,640,339","391,320,953",45.20,45.35,45.20,45.30,+0.10,"2,480",2882
103/05/28,"34,931,981","1,600,823,039",45.30,46.25,45.20,45.90,+0.60,"9,834",2882
103/05/29,"15,400,401","709,324,193",46.20,46.40,45.75,46.00,+0.10,"5,371",2882
103/05/30,"17,508,556","804,146,106",46.00,46.10,45.80,45.90,-0.10,"4,063",2882
103/06/03,"14,084,531","647,798,090",46.05,46.20,45.65,46.15,+0.25,"4,532",2882
103/06/04,"11,676,878","534,196,006",46.15,46.20,45.60,45.70,-0.45,"4,614",2882
103/06/05,"12,400,695","568,561,921",45.75,46.00,45.60,46.00,+0.30,"4,394",2882
103/06/06,"9,955,892","458,461,304",46.00,46.20,45.90,46.05,+0.05,"2,996",2882
103/06/09,"7,830,782","360,687,854",46.20,46.20,45.95,46.05, 0.00,"2,409",2882
103/06/10,"20,914,966","974,344,049",46.25,46.75,46.20,46.75,+0.70,"6,964",2882
103/06/11,"13,108,111","612,376,542",46.80,46.85,46.50,46.70,-0.05,"3,446",2882
103/06/12,"9,729,423","452,543,166",46.70,46.70,46.40,46.50,-0.20,"2,528",2882
103/06/13,"10,612,423","491,291,678",46.30,46.45,46.20,46.35,-0.15,"2,724",2882
103/06/16,"10,334,687","480,198,044",46.35,46.60,46.15,46.55,+0.20,"2,839",2882
103/06/17,"16,844,361","788,541,417",46.75,47.00,46.55,46.85,+0.30,"5,608",2882
103/06/18,"22,541,081","1,056,783,379",46.85,47.00,46.65,46.95,+0.10,"5,996",2882
103/06/19,"21,318,431","1,001,464,233",47.00,47.10,46.80,47.00,+0.05,"4,306",2882
103/06/20,"20,034,621","940,492,308",47.00,47.05,46.85,46.90,-0.10,"3,367",2882
103/06/23,"36,427,837","1,716,392,449",46.90,47.00,46.70,46.90, 0.00,"6,017",2882
103/06/24,"19,010,513","870,924,382",45.60,46.00,45.60,45.80,X0.00,"5,215",2882
103/06/25,"15,499,066","707,136,456",45.90,45.90,45.45,45.70,-0.10,"3,900",2882
103/06/26,"10,361,304","476,646,628",45.90,46.10,45.75,46.10,+0.40,"3,124",2882
103/06/27,"9,894,084","456,025,414",46.10,46.20,45.90,46.20,+0.10,"2,641",2882
103/06/30,"17,087,347","794,037,297",46.20,46.65,46.05,46.65,+0.45,"4,280",2882
103/07/01,"8,900,338","414,721,453",46.65,46.80,46.40,46.50,-0.15,"2,893",2882
103/07/02,"15,547,776","721,459,196",46.75,46.80,45.55,46.25,-0.25,"4,078",2882
103/07/03,"9,181,075","423,448,206",46.25,46.30,45.95,46.15,-0.10,"2,970",2882
103/07/04,"10,352,573","479,079,683",46.15,46.60,46.10,46.25,+0.10,"3,506",2882
103/07/07,"10,100,279","464,507,465",46.15,46.15,45.90,46.00,-0.25,"2,360",2882
103/07/08,"17,508,260","814,099,129",46.00,47.15,45.90,46.90,+0.90,"4,850",2882
103/07/09,"14,517,771","681,058,893",46.90,47.10,46.70,46.95,+0.05,"4,646",2882
103/07/10,"34,824,236","1,673,922,187",47.60,48.45,47.60,48.30,+1.35,"11,021",2882
103/07/11,"20,611,723","989,578,610",48.10,48.30,47.70,47.85,-0.45,"6,038",2882
103/07/14,"45,224,255","2,238,206,463",48.25,50.40,48.05,50.00,+2.15,"14,022",2882
103/07/15,"40,530,616","2,067,871,525",50.50,51.90,50.20,51.00,+1.00,"12,713",2882
103/07/16,"24,474,534","1,242,975,184",51.50,51.60,50.40,50.80,-0.20,"7,207",2882
103/07/17,"36,575,758","1,870,723,258",50.80,51.70,50.60,51.20,+0.40,"9,419",2882
103/07/18,"19,771,296","1,012,317,235",50.80,51.50,50.70,51.50,+0.30,"5,801",2882
103/07/21,"30,238,327","1,566,364,729",52.00,52.50,51.40,51.60,+0.10,"7,081",2882
103/07/22,"21,925,552","1,129,141,445",51.60,51.90,51.00,51.60, 0.00,"6,015",2882
103/07/24,"36,655,212","1,920,398,250",51.60,53.10,51.40,53.10,+1.50,"10,402",2882
103/07/25,"36,955,877","1,963,792,270",53.20,53.60,52.80,53.00,-0.10,"9,096",2882
103/07/28,"34,466,012","1,846,420,159",53.10,54.10,52.80,53.90,+0.90,"9,623",2882
103/07/29,"51,721,081","2,638,649,412",51.80,52.00,49.90,50.10,X0.00,"14,510",2882
103/07/30,"32,074,102","1,615,880,329",50.20,51.30,50.00,50.90,+0.80,"7,647",2882
103/07/31,"23,828,309","1,200,804,497",50.90,50.90,50.10,50.40,-0.50,"5,994",2882
103/08/01,"27,984,139","1,384,303,389",49.30,50.10,49.10,49.40,-1.00,"9,016",2882
103/08/04,"21,331,665","1,043,321,635",49.00,49.20,48.60,49.00,-0.40,"6,184",2882
103/08/05,"45,636,938","2,183,638,177",48.75,48.75,47.30,47.55,-1.45,"12,484",2882
103/08/06,"25,814,227","1,235,440,844",47.50,48.60,47.25,48.60,+1.05,"7,914",2882
103/08/07,"20,332,700","990,186,062",48.60,49.15,48.40,48.70,+0.10,"5,164",2882
103/08/08,"18,075,287","868,452,357",48.55,48.55,47.75,48.30,-0.40,"4,977",2882
103/08/11,"15,742,738","769,146,964",49.00,49.05,48.60,48.90,+0.60,"4,534",2882
103/08/12,"14,225,655","692,863,026",48.90,49.25,48.30,48.55,-0.35,"5,072",2882
103/08/13,"16,836,918","824,865,720",48.65,49.30,48.65,49.30,+0.75,"5,302",2882
103/08/14,"20,107,940","996,469,680",49.55,49.80,49.35,49.80,+0.50,"4,662",2882
103/08/15,"10,032,209","495,124,910",50.00,50.00,49.10,49.40,-0.40,"3,239",2882
103/08/18,"10,159,562","498,524,238",49.50,49.50,48.80,49.00,-0.40,"3,604",2882
103/08/19,"13,116,376","647,617,652",49.50,49.50,49.20,49.40,+0.40,"4,509",2882
103/08/20,"26,522,493","1,334,348,313",50.00,50.70,49.70,50.50,+1.10,"8,123",2882
103/08/21,"19,658,946","998,913,656",50.50,51.10,50.40,50.90,+0.40,"6,485",2882
103/08/22,"35,570,403","1,838,582,501",51.10,52.10,51.00,51.90,+1.00,"10,350",2882
103/08/25,"13,006,642","674,813,038",52.10,52.30,51.60,51.80,-0.10,"4,921",2882
103/08/26,"14,479,508","747,151,114",51.80,52.00,51.10,51.80, 0.00,"4,854",2882
103/08/27,"21,957,971","1,140,801,161",52.00,52.30,51.60,52.10,+0.30,"8,682",2882
103/08/28,"18,175,921","945,000,527",52.30,52.50,51.60,51.80,-0.30,"6,711",2882
103/08/29,"17,684,251","905,111,351",51.30,51.60,51.00,51.00,-0.80,"6,140",2882
103/09/01,"14,315,889","738,552,590",51.20,51.90,51.10,51.50,+0.50,"5,153",2882
103/09/02,"15,323,151","782,786,451",51.30,51.60,50.60,50.70,-0.80,"5,146",2882
103/09/03,"17,449,808","893,763,545",50.70,51.60,50.70,51.50,+0.80,"5,956",2882
103/09/04,"7,204,924","370,850,298",51.60,51.80,51.10,51.80,+0.30,"2,590",2882
103/09/05,"12,977,423","672,243,847",51.90,52.00,51.60,52.00,+0.20,"3,588",2882
103/09/09,"17,214,489","899,572,259",52.30,52.40,52.00,52.40,+0.40,"4,868",2882
103/09/10,"19,277,596","999,048,282",52.40,52.40,51.40,52.00,-0.40,"5,285",2882
103/09/11,"8,592,096","445,217,767",52.00,52.00,51.60,51.70,-0.30,"3,102",2882
103/09/12,"14,824,328","757,641,821",51.50,51.80,50.80,50.90,-0.80,"4,824",2882
103/09/15,"14,425,575","724,974,796",50.80,50.80,50.00,50.00,-0.90,"5,171",2882
103/09/16,"11,105,308","555,419,779",50.10,50.30,49.75,49.75,-0.25,"3,640",2882
103/09/17,"15,910,405","802,962,728",50.40,50.90,50.00,50.20,+0.45,"5,441",2882
103/09/18,"6,783,573","342,599,925",50.70,50.70,50.00,50.70,+0.50,"2,972",2882
103/09/19,"11,083,387","564,071,543",50.90,51.30,50.60,50.80,+0.10,"2,982",2882
103/09/22,"17,476,475","877,847,903",50.70,50.80,49.75,50.80, 0.00,"5,550",2882
103/09/23,"13,676,639","685,288,700",50.30,50.50,49.95,49.95,-0.85,"4,213",2882
103/09/24,"13,226,885","662,559,933",49.80,50.60,49.80,50.10,+0.15,"4,704",2882
103/09/25,"17,753,679","888,738,000",50.40,50.50,49.80,50.00,-0.10,"4,245",2882
103/09/26,"22,492,809","1,122,017,537",49.30,50.50,49.15,50.10,+0.10,"5,834",2882
103/09/29,"19,273,847","965,563,251",50.20,50.40,49.70,50.10, 0.00,"5,483",2882
103/09/30,"26,854,588","1,337,897,708",50.00,50.30,49.55,49.55,-0.55,"6,885",2882
103/10/01,"17,122,408","843,111,548",49.40,49.60,49.00,49.10,-0.45,"6,366",2882
103/10/02,"19,881,523","966,537,861",48.60,48.95,48.40,48.60,-0.50,"7,032",2882
103/10/03,"14,897,565","738,452,600",48.80,50.10,48.75,50.00,+1.40,"5,430",2882
103/10/06,"15,686,582","783,723,400",50.00,50.30,49.65,50.00, 0.00,"5,452",2882
103/10/07,"16,526,409","820,885,700",49.80,50.00,49.10,50.00, 0.00,"6,014",2882
103/10/08,"20,594,333","1,022,296,744",49.70,49.95,49.50,49.50,-0.50,"3,657",2882
103/10/09,"22,809,198","1,138,540,500",50.00,50.30,49.65,50.00,+0.50,"5,803",2882
103/10/13,"25,594,916","1,245,997,639",49.00,49.30,47.95,48.15,-1.85,"8,340",2882
103/10/14,"19,719,586","951,734,424",48.00,48.95,47.80,48.95,+0.80,"6,379",2882
103/10/15,"25,994,688","1,254,700,675",48.70,48.70,47.85,47.95,-1.00,"6,817",2882
103/10/16,"26,277,440","1,232,993,568",46.30,47.40,46.30,46.80,-1.15,"7,529",2882
103/10/17,"30,951,214","1,429,410,123",47.00,47.30,45.50,45.50,-1.30,"9,524",2882
103/10/20,"15,340,099","710,837,543",46.40,46.65,46.00,46.60,+1.10,"5,918",2882
103/10/21,"10,024,444","470,315,068",47.00,47.10,46.60,46.90,+0.30,"4,547",2882
103/10/22,"12,841,266","607,367,858",47.30,47.50,47.15,47.25,+0.35,"3,936",2882
103/10/23,"7,076,762","333,639,091",47.20,47.35,47.00,47.00,-0.25,"2,770",2882
103/10/24,"10,388,684","483,064,328",47.10,47.20,46.30,46.30,-0.70,"3,749",2882
103/10/27,"16,608,614","779,450,655",46.75,47.20,46.70,47.00,+0.70,"5,320",2882
103/10/28,"34,926,370","1,697,024,330",47.50,49.30,47.50,49.15,+2.15,"11,852",2882
103/10/29,"28,138,080","1,394,648,277",49.70,49.90,49.05,49.90,+0.75,"7,706",2882
103/10/30,"14,021,838","693,095,062",49.90,49.90,49.30,49.45,-0.45,"4,418",2882
103/10/31,"15,810,793","787,538,250",49.90,50.20,49.45,50.00,+0.55,"4,858",2882
103/11/03,"14,468,078","722,867,862",50.30,50.30,49.60,49.95,-0.05,"4,399",2882
103/11/04,"14,460,932","719,795,482",49.95,50.30,49.50,49.50,-0.45,"4,373",2882
103/11/05,"16,946,841","832,076,671",49.50,49.70,48.80,49.05,-0.45,"4,876",2882
103/11/06,"9,598,116","470,065,184",49.00,49.15,48.85,49.00,-0.05,"3,756",2882
103/11/07,"6,814,508","333,675,998",49.00,49.20,48.70,49.05,+0.05,"2,473",2882
103/11/10,"18,738,692","934,585,216",48.80,50.10,48.80,50.00,+0.95,"6,635",2882
103/11/11,"8,192,827","408,673,422",50.00,50.10,49.70,49.80,-0.20,"2,865",2882
103/11/12,"11,554,048","567,924,236",49.75,49.75,48.80,48.95,-0.85,"3,958",2882
103/11/13,"7,543,321","371,813,363",49.25,49.40,49.15,49.30,+0.35,"2,728",2882
103/11/14,"15,376,751","763,689,259",49.45,49.95,49.30,49.80,+0.50,"5,713",2882
103/11/17,"12,720,992","629,473,952",49.90,50.20,49.25,49.65,-0.15,"3,354",2882
103/11/18,"14,729,828","726,621,370",49.70,49.85,48.90,49.35,-0.30,"4,434",2882
103/11/19,"18,366,140","912,433,068",49.50,49.80,49.25,49.70,+0.35,"4,384",2882
103/11/20,"21,969,833","1,098,447,964",49.80,50.20,49.75,50.00,+0.30,"5,850",2882
103/11/21,"12,905,590","645,081,814",50.10,50.30,49.80,49.80,-0.20,"3,780",2882
103/11/24,"14,143,660","707,190,054",50.00,50.20,49.75,50.00,+0.20,"3,332",2882
103/11/25,"12,020,034","599,137,410",50.00,50.00,49.65,49.85,-0.15,"2,705",2882
103/11/26,"11,585,581","575,091,373",50.00,50.00,49.40,49.45,-0.40,"3,364",2882
103/11/27,"12,037,917","600,413,454",49.50,50.20,49.50,49.80,+0.35,"3,380",2882
103/11/28,"11,268,254","561,865,519",49.80,50.00,49.70,49.90,+0.10,"2,907",2882
103/12/01,"42,535,293","2,058,622,356",48.50,48.95,48.00,48.00,-1.90,"14,292",2882
103/12/02,"58,884,548","2,755,318,559",48.05,48.05,46.30,46.55,-1.45,"19,730",2882
103/12/03,"31,130,406","1,472,401,958",46.75,47.55,46.70,47.50,+0.95,"9,979",2882
103/12/04,"19,435,888","925,734,925",47.55,47.90,47.40,47.60,+0.10,"6,576",2882
103/12/05,"20,045,067","954,417,621",47.80,47.80,47.25,47.50,-0.10,"6,714",2882
103/12/08,"13,198,538","629,171,322",47.60,47.85,47.40,47.70,+0.20,"5,324",2882
103/12/09,"12,396,074","586,849,704",47.50,47.60,47.20,47.35,-0.35,"4,208",2882
103/12/10,"35,333,510","1,649,468,321",47.05,47.15,46.50,46.50,-0.85,"10,584",2882
103/12/11,"19,328,460","892,502,698",46.30,46.50,45.95,46.30,-0.20,"5,982",2882
103/12/12,"15,236,097","706,320,124",46.50,46.65,46.10,46.50,+0.20,"4,951",2882
103/12/15,"17,941,362","821,057,445",46.00,46.00,45.60,45.75,-0.75,"5,841",2882
103/12/16,"15,755,642","723,736,382",45.75,46.20,45.65,45.80,+0.05,"5,866",2882
103/12/17,"28,556,093","1,300,926,760",45.80,46.15,45.00,45.05,-0.75,"9,521",2882
103/12/18,"42,342,447","1,893,893,608",45.10,45.30,44.15,44.30,-0.75,"12,948",2882
103/12/19,"31,266,487","1,413,767,494",45.00,45.65,44.60,45.35,+1.05,"8,669",2882
103/12/22,"10,603,351","488,568,676",45.80,46.25,45.70,46.15,+0.80,"4,550",2882
103/12/23,"10,526,867","487,654,853",46.40,46.55,46.15,46.15, 0.00,"3,802",2882
103/12/24,"9,018,854","418,121,313",46.20,46.50,46.15,46.50,+0.35,"3,799",2882
103/12/25,"5,048,078","234,039,858",46.50,46.60,46.20,46.30,-0.20,"2,280",2882
103/12/26,"6,268,538","291,248,332",46.50,46.70,46.30,46.50,+0.20,"2,496",2882
103/12/27,"5,297,290","247,106,462",46.65,46.75,46.50,46.75,+0.25,"1,965",2882
103/12/29,"13,120,783","614,828,525",46.20,47.10,46.20,46.85,+0.10,"4,979",2882
103/12/30,"10,284,557","481,860,363",47.00,47.05,46.70,46.85, 0.00,"3,284",2882
103/12/31,"10,314,028","482,506,811",46.80,46.95,46.65,46.95,+0.10,"2,526",2882
104/01/05,"15,539,091","720,762,769",46.75,46.75,46.20,46.40,-0.55,"4,862",2882
104/01/06,"39,412,587","1,782,956,936",45.95,45.95,44.80,44.95,-1.45,"12,899",2882
104/01/07,"16,224,340","731,530,769",44.95,45.30,44.85,45.00,+0.05,"6,795",2882
104/01/08,"15,922,400","727,046,195",45.70,45.90,45.35,45.55,+0.55,"5,050",2882
104/01/09,"10,050,586","460,780,998",46.10,46.10,45.70,45.75,+0.20,"3,166",2882
104/01/12,"11,127,482","504,611,714",45.70,45.70,45.25,45.25,-0.50,"4,100",2882
104/01/13,"21,561,073","983,569,030",45.05,45.85,45.05,45.80,+0.55,"5,920",2882
104/01/14,"14,408,786","654,178,821",45.80,45.80,45.25,45.25,-0.55,"4,648",2882
104/01/15,"12,063,155","544,316,373",45.25,45.50,45.00,45.00,-0.25,"4,391",2882
104/01/16,"28,369,793","1,261,040,310",44.95,45.30,44.20,44.35,-0.65,"10,275",2882
104/01/19,"19,395,316","864,006,073",44.80,44.95,44.20,44.50,+0.15,"5,659",2882
104/01/20,"13,801,439","619,258,305",44.70,45.00,44.50,45.00,+0.50,"4,415",2882
104/01/21,"14,154,861","640,096,833",45.20,45.40,45.00,45.40,+0.40,"5,760",2882
104/01/22,"33,213,128","1,526,464,938",45.60,46.20,45.50,46.05,+0.65,"11,268",2882
104/01/23,"31,132,298","1,446,263,860",46.65,46.80,46.15,46.40,+0.35,"9,301",2882
104/01/26,"12,440,570","574,377,574",46.50,46.50,46.00,46.20,-0.20,"4,640",2882
104/01/27,"11,946,743","553,195,818",46.50,46.55,46.05,46.45,+0.25,"3,905",2882
104/01/28,"18,540,397","851,165,666",46.05,46.10,45.75,45.80,-0.65,"7,250",2882
104/01/29,"15,717,074","715,991,084",45.60,45.75,45.50,45.50,-0.30,"5,297",2882
104/01/30,"10,906,071","498,124,240",45.90,46.00,45.50,45.50, 0.00,"3,583",2882
104/02/02,"7,063,696","322,971,976",45.50,45.95,45.50,45.80,+0.30,"2,452",2882
104/02/03,"11,542,348","530,353,107",46.00,46.10,45.80,45.90,+0.10,"5,227",2882
104/02/04,"29,663,832","1,376,423,858",46.10,46.70,46.00,46.40,+0.50,"9,434",2882
104/02/05,"13,102,234","608,583,785",46.40,46.55,46.30,46.50,+0.10,"4,455",2882
104/02/06,"9,557,638","443,349,832",46.60,46.65,46.25,46.25,-0.25,"3,652",2882
104/02/09,"12,570,077","580,160,503",46.40,46.45,45.80,46.25, 0.00,"5,269",2882
104/02/10,"44,029,018","2,070,258,296",46.55,47.45,46.45,47.00,+0.75,"13,628",2882
104/02/11,"24,578,478","1,163,326,448",47.30,47.45,47.05,47.35,+0.35,"8,565",2882
104/02/12,"18,912,030","898,029,519",47.50,47.65,47.30,47.60,+0.25,"6,739",2882
104/02/13,"16,154,042","766,816,369",47.65,47.70,47.35,47.40,-0.20,"5,951",2882
104/02/24,"32,225,692","1,544,990,849",47.90,48.15,47.65,48.00,+0.60,"10,395",2882
104/02/25,"20,511,504","985,240,844",48.10,48.20,47.85,48.20,+0.20,"6,741",2882
104/02/26,"25,596,940","1,223,744,253",48.20,48.20,47.40,47.80,-0.40,"8,217",2882
104/03/02,"16,620,051","790,019,878",48.00,48.10,47.20,47.50,-0.30,"5,795",2882
104/03/03,"20,058,982","949,281,807",47.50,47.60,47.05,47.60,+0.10,"6,250",2882
104/03/04,"10,044,791","476,835,654",47.50,47.65,47.25,47.45,-0.15,"4,047",2882
104/03/05,"10,023,775","474,183,255",47.50,47.60,47.10,47.15,-0.30,"4,399",2882
104/03/06,"9,612,070","455,883,119",47.20,47.60,47.15,47.50,+0.35,"3,474",2882
104/03/09,"12,422,289","589,184,888",47.25,47.70,47.10,47.50, 0.00,"4,669",2882
104/03/10,"19,227,889","916,781,928",47.70,48.00,47.40,47.80,+0.30,"5,788",2882
104/03/11,"37,956,123","1,828,065,068",47.40,48.70,47.35,48.50,+0.70,"11,123",2882
104/03/12,"26,629,839","1,298,596,275",48.60,49.00,48.20,48.75,+0.25,"8,676",2882
104/03/13,"17,261,703","834,404,844",48.90,48.95,48.00,48.00,-0.75,"5,600",2882
104/03/16,"10,176,909","490,013,548",48.00,48.30,48.00,48.10,+0.10,"3,711",2882
104/03/17,"12,367,272","597,583,856",48.55,48.65,48.05,48.05,-0.05,"3,842",2882
104/03/18,"17,186,048","831,381,091",48.10,48.60,48.10,48.20,+0.15,"5,685",2882
104/03/19,"41,726,094","2,048,765,054",48.35,49.70,48.35,49.55,+1.35,"15,307",2882
104/03/20,"36,455,299","1,812,314,868",49.55,50.00,49.10,49.50,-0.05,"9,650",2882
104/03/23,"32,610,842","1,638,103,800",49.85,50.60,49.40,50.20,+0.70,"10,601",2882
104/03/24,"21,784,245","1,083,271,862",50.20,50.40,49.35,49.50,-0.70,"7,673",2882
104/03/25,"17,057,960","836,573,996",49.50,49.55,48.80,49.05,-0.45,"6,068",2882
104/03/26,"20,829,390","1,031,100,977",48.50,50.00,48.45,50.00,+0.95,"6,624",2882
104/03/27,"16,676,772","825,156,015",50.00,50.00,49.25,49.25,-0.75,"5,915",2882
104/03/30,"10,547,747","523,703,536",49.70,49.80,49.50,49.50,+0.25,"4,485",2882
104/03/31,"19,540,967","973,595,856",49.95,50.00,49.60,50.00,+0.50,"6,348",2882
104/04/01,"12,052,293","595,473,830",49.80,49.80,49.25,49.25,-0.75,"4,739",2882
104/04/02,"14,583,270","727,359,813",49.55,50.20,49.55,49.60,+0.35,"5,663",2882
104/04/07,"11,473,021","570,851,801",50.00,50.00,49.60,49.60, 0.00,"5,378",2882
104/04/08,"8,855,314","440,593,192",49.60,49.95,49.55,49.95,+0.35,"3,631",2882
104/04/09,"23,308,725","1,174,858,600",49.95,50.90,49.80,50.20,+0.25,"7,839",2882
104/04/10,"17,108,003","866,971,630",50.90,51.00,50.40,50.60,+0.40,"6,302",2882
104/04/13,"13,583,820","687,856,460",50.80,50.80,50.40,50.50,-0.10,"4,055",2882
104/04/14,"17,773,376","902,742,926",50.50,51.00,50.40,50.60,+0.10,"4,913",2882
104/04/15,"22,357,817","1,124,931,029",50.70,50.80,49.95,50.40,-0.20,"6,222",2882
104/04/16,"12,781,360","647,016,019",50.40,50.80,50.10,50.80,+0.40,"4,206",2882
104/04/17,"11,125,500","563,238,307",50.80,50.90,50.40,50.60,-0.20,"4,007",2882
104/04/20,"8,933,553","449,985,315",50.20,50.60,50.10,50.30,-0.30,"3,014",2882
104/04/21,"15,079,856","763,563,629",50.40,50.80,50.40,50.80,+0.50,"4,957",2882
104/04/22,"21,724,536","1,108,240,907",50.80,51.40,50.50,51.40,+0.60,"6,535",2882
104/04/23,"110,085,901","5,890,149,614",51.70,54.50,51.60,53.80,+2.40,"29,883",2882
104/04/24,"71,163,002","3,824,767,250",54.20,54.50,52.90,53.70,-0.10,"23,090",2882
104/04/27,"88,777,740","4,889,433,610",54.20,56.00,54.20,55.00,+1.30,"21,787",2882
104/04/28,"74,929,271","4,154,751,368",55.00,56.50,54.80,55.50,+0.50,"23,222",2882
104/04/29,"60,098,837","3,333,309,226",56.00,56.50,54.60,54.60,-0.90,"15,706",2882
104/04/30,"48,463,030","2,619,956,553",54.50,55.00,53.70,53.70,-0.90,"14,221",2882
104/05/04,"51,479,717","2,841,110,100",54.20,56.00,54.00,55.80,+2.10,"15,542",2882
104/05/05,"44,975,521","2,507,567,415",55.80,56.50,54.90,55.70,-0.10,"15,760",2882
104/05/06,"32,991,322","1,818,569,749",55.10,55.60,54.30,55.50,-0.20,"10,598",2882
104/05/07,"31,498,747","1,721,406,617",55.40,55.40,54.00,54.30,-1.20,"9,383",2882
104/05/08,"31,565,857","1,736,842,401",55.00,55.50,54.50,54.50,+0.20,"8,845",2882
104/05/11,"25,755,896","1,415,169,864",55.30,55.70,54.30,54.50, 0.00,"9,211",2882
104/05/12,"20,609,925","1,133,498,328",54.00,55.40,54.00,55.10,+0.60,"7,069",2882
104/05/13,"16,445,538","905,472,496",55.50,55.50,54.50,55.30,+0.20,"5,776",2882
104/05/14,"35,412,329","1,913,396,552",55.20,55.20,53.40,53.60,-1.70,"12,306",2882
104/05/15,"22,191,509","1,192,992,323",54.00,54.50,52.90,54.40,+0.80,"7,858",2882
104/05/18,"12,209,694","657,810,091",54.50,54.50,53.50,53.90,-0.50,"4,507",2882
104/05/19,"28,788,513","1,591,262,464",54.70,55.50,54.30,55.30,+1.40,"9,098",2882
104/05/20,"21,549,937","1,193,001,155",55.60,55.90,54.90,55.30, 0.00,"6,859",2882
104/05/21,"29,282,633","1,574,271,330",54.60,54.60,53.50,53.50,-1.80,"10,523",2882
104/05/22,"10,989,927","590,699,023",53.50,54.00,53.50,53.80,+0.30,"4,379",2882
104/05/25,"12,296,389","665,205,518",53.90,54.40,53.50,54.40,+0.60,"4,981",2882
104/05/26,"18,406,011","1,013,213,169",55.00,55.30,54.70,55.30,+0.90,"6,489",2882
104/05/27,"26,730,706","1,484,766,991",55.50,55.80,55.20,55.50,+0.20,"7,873",2882
104/05/28,"33,530,616","1,870,905,021",55.90,56.20,55.50,55.50, 0.00,"8,726",2882
104/05/29,"22,781,872","1,258,103,551",55.50,55.90,54.90,54.90,-0.60,"4,826",2882
104/06/01,"11,454,555","626,503,300",54.90,55.40,54.20,54.90, 0.00,"4,556",2882
104/06/02,"14,439,767","786,687,164",54.70,54.90,54.30,54.40,-0.50,"5,891",2882
104/06/03,"11,524,875","626,143,973",55.00,55.00,54.00,54.10,-0.30,"5,027",2882
104/06/04,"28,489,450","1,518,025,267",53.80,54.30,51.80,52.30,-1.80,"8,875",2882
104/06/05,"19,353,573","1,014,257,064",52.00,53.20,51.90,52.40,+0.10,"7,353",2882
104/06/08,"19,806,122","1,032,243,170",52.00,52.90,51.30,52.50,+0.10,"7,454",2882
104/06/09,"13,107,434","680,539,235",52.00,52.30,51.60,51.80,-0.70,"6,013",2882
104/06/10,"16,041,240","848,118,484",52.60,53.20,52.40,52.70,+0.90,"6,115",2882
104/06/11,"18,244,935","964,715,232",52.80,53.10,52.50,52.80,+0.10,"6,702",2882
104/06/12,"13,622,304","723,814,746",52.80,53.50,52.20,53.30,+0.50,"4,755",2882
104/06/15,"14,422,386","771,450,485",53.30,53.90,53.00,53.20,-0.10,"4,567",2882
104/06/16,"13,386,152","709,567,456",53.50,53.50,52.70,53.10,-0.10,"4,808",2882
104/06/17,"22,716,984","1,201,505,932",53.20,53.20,52.50,52.50,-0.60,"7,438",2882
104/06/18,"18,330,446","958,686,590",52.30,52.70,52.00,52.10,-0.40,"5,564",2882
104/06/22,"17,579,216","934,922,549",52.10,53.60,52.10,53.00,+0.90,"5,289",2882
104/06/23,"30,479,901","1,654,145,140",53.60,54.70,53.60,54.40,+1.40,"8,855",2882
104/06/24,"16,102,164","874,866,729",54.40,54.70,54.00,54.30,-0.10,"4,927",2882
104/06/25,"21,674,148","1,183,238,033",54.70,55.00,54.10,54.40,+0.10,"6,432",2882
104/06/26,"26,727,659","1,463,145,946",54.90,55.00,54.50,54.90,+0.50,"5,689",2882
104/06/29,"25,542,849","1,372,212,718",54.10,54.30,53.10,53.20,-1.70,"6,864",2882
104/06/30,"39,852,951","2,130,043,398",52.80,53.90,52.80,53.90,+0.70,"8,941",2882
104/07/01,"21,681,242","1,138,256,160",52.50,52.90,52.20,52.50,X0.00,"6,202",2882
104/07/02,"17,483,174","917,520,723",52.70,52.80,52.20,52.20,-0.30,"5,578",2882
104/07/03,"17,174,256","893,525,573",52.20,52.50,51.70,52.40,+0.20,"4,841",2882
104/07/06,"20,362,311","1,052,355,688",51.80,52.30,51.30,51.50,-0.90,"5,450",2882
104/07/07,"8,337,183","434,047,159",52.00,52.30,51.80,52.00,+0.50,"3,289",2882
104/07/08,"38,972,249","1,971,904,272",51.80,52.00,49.95,50.00,-2.00,"9,734",2882
104/07/09,"29,129,286","1,449,953,650",49.90,50.50,48.20,49.95,-0.05,"10,206",2882
104/07/13,"28,674,719","1,482,828,488",51.40,52.20,51.00,52.00,+2.05,"8,477",2882
104/07/14,"25,951,965","1,361,191,080",52.50,53.10,52.00,52.00, 0.00,"8,563",2882
104/07/15,"17,962,587","944,734,574",52.90,52.90,52.20,52.70,+0.70,"5,712",2882
104/07/16,"16,615,421","880,207,414",53.00,53.20,52.70,53.00,+0.30,"5,738",2882
104/07/17,"15,660,912","828,032,951",53.40,53.40,52.40,52.80,-0.20,"4,478",2882
104/07/20,"11,562,197","609,933,317",53.20,53.30,52.40,52.60,-0.20,"5,032",2882
104/07/21,"10,757,984","567,602,304",52.80,53.10,52.40,53.10,+0.50,"3,847",2882
104/07/22,"11,990,202","632,129,018",52.70,53.00,52.50,52.60,-0.50,"4,303",2882
104/07/23,"24,514,790","1,273,863,815",52.50,52.60,51.50,51.70,-0.90,"7,041",2882
104/07/24,"11,691,090","606,729,321",52.00,52.20,51.70,52.00,+0.30,"4,213",2882
104/07/27,"22,697,416","1,155,337,515",51.90,51.90,50.20,50.40,-1.60,"5,569",2882
104/07/28,"25,693,438","1,286,535,599",51.00,51.10,49.60,49.60,-0.80,"10,088",2882
104/07/29,"19,869,427","985,774,970",49.85,50.10,49.25,49.70,+0.10,"6,709",2882
104/07/30,"15,161,844","767,338,148",50.00,51.40,49.95,50.50,+0.80,"5,820",2882
104/07/31,"16,178,111","816,677,161",50.10,51.00,50.00,51.00,+0.50,"4,903",2882
104/08/03,"9,836,664","492,703,005",50.90,50.90,49.60,50.30,-0.70,"4,321",2882
104/08/04,"13,622,552","688,783,585",50.40,51.00,50.20,50.80,+0.50,"5,983",2882
104/08/05,"12,560,984","638,230,857",50.80,51.20,50.60,50.60,-0.20,"5,768",2882
104/08/06,"12,480,897","626,494,044",51.10,51.20,49.75,50.10,-0.50,"5,945",2882
104/08/07,"15,127,341","758,249,400",49.85,50.70,49.85,50.00,-0.10,"5,967",2882
104/08/10,"10,218,375","513,887,462",49.90,50.50,49.80,50.40,+0.40,"4,719",2882
104/08/11,"19,553,433","984,989,756",51.00,51.10,49.95,50.10,-0.30,"6,439",2882
104/08/12,"64,901,098","3,050,870,927",49.00,49.20,45.50,46.55,-3.55,"23,516",2882
104/08/13,"31,033,676","1,452,057,804",46.55,47.60,46.50,46.50,-0.05,"11,983",2882
104/08/14,"14,326,241","674,744,042",46.70,47.45,46.70,47.00,+0.50,"6,031",2882
104/08/17,"20,555,114","958,014,961",47.00,47.15,46.25,46.60,-0.40,"5,943",2882
104/08/18,"32,674,476","1,483,816,620",46.30,46.60,44.70,44.80,-1.80,"11,312",2882
104/08/19,"38,306,323","1,670,389,921",44.80,44.80,42.95,43.65,-1.15,"13,155",2882
104/08/20,"33,462,075","1,481,864,769",43.65,44.95,43.30,44.00,+0.35,"11,500",2882
104/08/21,"33,470,735","1,432,151,762",43.10,43.40,42.50,42.50,-1.50,"11,356",2882
104/08/24,"67,567,187","2,770,532,322",41.70,42.80,38.60,41.00,-1.50,"20,591",2882
104/08/25,"51,367,980","2,176,512,951",41.20,43.70,41.00,43.20,+2.20,"17,214",2882
104/08/26,"57,976,468","2,542,020,571",43.00,45.20,42.20,44.60,+1.40,"16,361",2882
104/08/27,"36,284,926","1,616,141,807",44.70,44.80,43.85,44.60, 0.00,"13,959",2882
104/08/28,"41,803,472","1,918,668,662",45.20,46.45,44.90,46.00,+1.40,"14,424",2882
104/08/31,"33,489,736","1,548,838,770",45.60,46.90,45.20,46.90,+0.90,"9,851",2882
104/09/01,"24,210,210","1,112,295,191",46.50,46.75,45.20,45.20,-1.70,"8,143",2882
104/09/02,"25,530,130","1,151,609,652",44.50,46.05,44.05,45.25,+0.05,"9,386",2882
104/09/03,"25,339,446","1,150,742,038",45.85,45.85,44.50,45.25, 0.00,"8,070",2882
104/09/04,"17,485,065","789,130,967",44.95,45.40,44.70,44.95,-0.30,"6,541",2882
104/09/07,"20,654,715","923,243,429",44.80,45.50,44.25,44.70,-0.25,"8,622",2882
104/09/08,"19,071,122","842,006,383",44.70,44.75,43.85,44.30,-0.40,"9,451",2882
104/09/09,"34,892,863","1,577,144,998",44.95,45.65,44.90,45.25,+0.95,"12,800",2882
104/09/10,"20,814,740","934,881,700",45.00,45.35,44.75,44.85,-0.40,"10,214",2882
104/09/11,"16,177,951","726,799,101",44.90,45.15,44.75,45.10,+0.25,"6,716",2882
104/09/14,"17,348,257","778,662,857",45.40,45.50,44.55,44.80,-0.30,"6,923",2882
104/09/15,"26,385,383","1,190,921,635",45.25,45.55,44.95,45.00,+0.20,"7,314",2882
104/09/16,"39,404,110","1,819,454,342",45.50,46.90,45.25,46.45,+1.45,"14,378",2882
104/09/17,"37,452,737","1,785,576,184",47.00,48.00,47.00,48.00,+1.55,"13,109",2882
104/09/18,"25,920,408","1,235,868,018",47.60,48.05,47.00,47.60,-0.40,"8,856",2882
104/09/21,"24,158,793","1,122,655,718",46.80,46.85,46.10,46.35,-1.25,"8,686",2882
104/09/22,"12,272,932","575,760,154",46.75,47.30,46.30,47.05,+0.70,"5,309",2882
104/09/23,"20,594,035","954,944,560",46.50,46.70,46.05,46.45,-0.60,"8,534",2882
104/09/24,"17,840,656","828,280,564",46.45,46.75,46.10,46.10,-0.35,"6,834",2882
104/09/25,"28,901,303","1,301,759,035",45.80,45.80,44.70,44.85,-1.25,"9,874",2882
104/09/30,"50,024,805","2,205,501,915",44.00,44.95,43.40,44.95,+0.10,"14,172",2882
104/10/01,"29,682,640","1,341,496,754",44.65,45.80,44.05,45.25,+0.30,"11,502",2882
104/10/02,"20,115,355","902,842,554",45.25,45.30,44.65,44.70,-0.55,"8,712",2882
104/10/05,"20,475,217","930,354,494",45.40,45.65,44.80,45.65,+0.95,"8,209",2882
104/10/06,"19,214,683","886,870,456",46.00,46.65,45.90,45.90,+0.25,"8,445",2882
104/10/07,"17,868,745","828,658,334",45.90,46.75,45.65,46.75,+0.85,"6,747",2882
104/10/08,"16,346,894","755,330,414",46.95,46.95,46.00,46.15,-0.60,"5,667",2882
104/10/12,"19,855,568","919,888,584",46.50,46.75,46.00,46.20,+0.05,"6,901",2882
104/10/13,"24,734,625","1,140,795,033",46.20,46.45,45.85,46.20, 0.00,"7,510",2882
104/10/14,"10,900,275","501,292,350",46.20,46.20,45.90,45.90,-0.30,"4,145",2882
104/10/15,"15,791,491","727,191,988",46.20,46.35,45.90,45.90, 0.00,"6,451",2882
104/10/16,"26,100,038","1,205,219,350",46.30,46.60,45.90,46.10,+0.20,"7,736",2882
104/10/19,"19,258,813","893,681,721",46.50,46.55,46.20,46.50,+0.40,"6,443",2882
104/10/20,"15,312,600","713,469,626",46.65,46.75,46.45,46.70,+0.20,"5,082",2882
104/10/21,"14,164,274","660,306,074",46.70,46.75,46.50,46.50,-0.20,"5,901",2882
104/10/22,"10,853,180","502,759,910",46.45,46.50,46.15,46.25,-0.25,"2,460",2882
104/10/23,"17,640,614","827,779,958",46.85,47.20,46.65,47.00,+0.75,"6,441",2882
104/10/26,"20,198,166","948,481,371",47.30,47.50,46.70,46.90,-0.10,"7,248",2882
104/10/27,"15,253,001","713,710,862",47.25,47.25,46.55,46.75,-0.15,"5,289",2882
104/10/28,"9,848,743","462,060,244",46.80,47.20,46.65,46.95,+0.20,"3,896",2882
104/10/29,"12,788,345","591,934,558",46.95,46.95,46.10,46.10,-0.85,"5,303",2882
104/10/30,"21,154,465","983,657,218",46.15,46.85,45.80,46.40,+0.30,"6,625",2882
104/11/02,"13,126,581","610,491,348",46.10,46.70,46.00,46.70,+0.30,"5,968",2882
104/11/03,"25,940,928","1,225,938,223",46.75,47.50,46.70,47.45,+0.75,"11,039",2882
104/11/04,"35,445,470","1,695,116,106",47.70,48.10,47.10,48.05,+0.60,"12,468",2882
104/11/05,"35,824,778","1,755,938,354",48.35,49.50,48.00,49.50,+1.45,"15,362",2882
104/11/06,"23,860,267","1,154,789,267",49.40,49.40,48.00,48.05,-1.45,"8,536",2882
104/11/09,"17,953,678","870,188,416",48.90,48.95,47.95,48.10,+0.05,"6,476",2882
104/11/10,"18,651,918","877,698,362",47.50,47.50,46.65,46.75,-1.35,"7,298",2882
104/11/11,"13,384,066","622,335,181",46.75,47.15,46.20,46.40,-0.35,"5,291",2882
104/11/12,"17,869,877","820,572,892",46.45,46.60,45.50,45.80,-0.60,"7,297",2882
104/11/13,"18,137,630","840,831,278",45.80,46.80,45.80,46.20,+0.40,"7,704",2882
104/11/16,"25,817,509","1,196,372,180",45.65,47.00,45.35,46.80,+0.60,"12,724",2882
104/11/17,"15,943,845","749,734,012",47.00,47.40,46.70,46.80, 0.00,"6,207",2882
104/11/18,"14,678,353","678,566,974",46.30,46.85,45.80,45.80,-1.00,"6,611",2882
104/11/19,"18,568,754","862,564,706",46.30,47.00,45.80,47.00,+1.20,"6,956",2882
104/11/20,"8,879,081","411,813,605",46.85,46.85,46.20,46.30,-0.70,"3,640",2882
104/11/23,"6,976,992","323,515,630",46.70,46.70,46.15,46.30, 0.00,"3,044",2882
104/11/24,"8,513,186","395,994,035",46.30,46.90,46.25,46.50,+0.20,"3,361",2882
104/11/25,"8,725,395","405,577,366",47.15,47.15,46.25,46.50, 0.00,"3,178",2882
104/11/26,"10,409,166","488,675,065",46.95,47.25,46.60,46.60,+0.10,"4,375",2882
104/11/27,"10,707,045","499,662,233",46.60,47.00,46.45,46.50,-0.10,"2,705",2882
104/11/30,"49,929,815","2,270,692,601",45.60,46.00,45.00,45.65,-0.85,"14,844",2882
104/12/01,"22,182,250","1,021,438,090",45.85,46.30,45.55,46.30,+0.65,"9,390",2882
104/12/02,"10,611,678","492,725,355",46.20,46.70,46.20,46.25,-0.05,"5,174",2882
104/12/03,"10,757,205","492,731,155",45.60,46.35,45.55,45.75,-0.50,"4,030",2882
104/12/04,"19,239,754","870,064,296",45.35,45.45,45.00,45.10,-0.65,"10,457",2882
104/12/07,"9,836,081","448,494,124",45.60,46.10,45.30,45.30,+0.20,"4,120",2882
104/12/08,"24,383,508","1,082,661,006",45.10,45.25,44.00,44.00,-1.30,"10,824",2882
104/12/09,"29,142,108","1,256,234,394",43.80,43.80,42.85,42.85,-1.15,"11,253",2882
104/12/10,"33,627,865","1,427,699,849",42.20,43.35,41.60,43.30,+0.45,"14,160",2882
104/12/11,"23,729,957","1,010,080,446",43.00,43.10,42.05,42.25,-1.05,"8,393",2882
104/12/14,"12,009,070","501,506,395",41.75,42.25,41.10,41.75,-0.50,"4,468",2882
104/12/15,"12,598,056","528,103,052",42.00,42.40,41.70,42.00,+0.25,"4,799",2882
104/12/16,"13,142,103","554,003,324",42.80,42.80,42.00,42.00, 0.00,"4,860",2882
104/12/17,"17,365,079","749,368,795",42.45,43.55,42.45,43.55,+1.55,"7,036",2882
104/12/18,"18,264,450","779,996,331",42.80,42.95,42.40,42.75,-0.80,"5,142",2882
104/12/21,"11,687,336","499,202,998",42.00,43.10,42.00,43.10,+0.35,"4,046",2882
104/12/22,"7,018,559","303,393,342",43.25,43.40,43.00,43.35,+0.25,"3,252",2882
104/12/23,"8,967,148","391,758,845",43.50,44.00,43.25,43.45,+0.10,"4,022",2882
104/12/24,"5,180,239","227,262,900",43.90,44.20,43.65,43.70,+0.25,"2,200",2882
104/12/25,"3,301,468","144,258,407",44.00,44.00,43.50,43.80,+0.10,"1,483",2882
104/12/28,"6,379,508","280,374,518",43.95,44.05,43.75,44.00,+0.20,"2,822",2882
104/12/29,"2,813,020","122,914,996",44.00,44.00,43.55,43.65,-0.35,"1,616",2882
104/12/30,"11,216,646","483,601,864",43.95,43.95,42.70,43.30,-0.35,"3,773",2882
104/12/31,"15,526,046","698,520,606",43.00,46.30,42.65,46.30,+3.00,"3,598",2882
105/01/04,"31,305,430","1,341,449,908",44.20,44.45,42.00,42.00,-4.30,"12,782",2882
105/01/05,"26,487,288","1,102,283,433",42.00,42.40,41.05,41.10,-0.90,"11,386",2882
105/01/06,"25,912,891","1,055,671,224",41.45,41.50,40.30,40.35,-0.75,"10,270",2882
105/01/07,"47,015,637","1,852,031,986",40.15,40.60,38.80,39.65,-0.70,"18,709",2882
105/01/08,"27,897,001","1,118,070,553",39.60,40.90,39.40,39.95,+0.30,"10,064",2882
105/01/11,"26,628,531","1,039,278,331",39.50,39.50,38.85,39.00,-0.95,"10,931",2882
105/01/12,"28,483,073","1,111,426,315",39.50,39.70,38.55,38.90,-0.10,"10,493",2882
105/01/13,"37,226,189","1,438,177,838",39.35,39.45,38.05,38.40,-0.50,"13,055",2882
105/01/14,"42,613,040","1,582,898,331",37.95,37.95,36.80,37.00,-1.40,"16,166",2882
105/01/15,"67,446,456","2,421,993,666",37.05,37.40,35.00,35.50,-1.50,"20,652",2882
105/01/18,"81,693,118","2,832,717,313",34.30,35.40,34.10,35.00,-0.50,"27,083",2882
105/01/19,"33,331,884","1,168,496,951",34.85,35.45,34.65,35.30,+0.30,"11,116",2882
105/01/20,"41,823,918","1,435,000,664",34.90,35.05,33.85,33.90,-1.40,"14,581",2882
105/01/21,"35,603,985","1,209,431,992",34.30,34.50,33.60,33.60,-0.30,"11,176",2882
105/01/22,"22,904,224","779,699,502",34.20,34.30,33.80,34.10,+0.50,"8,101",2882
105/01/25,"33,827,696","1,185,809,778",34.50,35.45,34.40,35.25,+1.15,"11,548",2882
105/01/26,"27,270,574","940,142,043",34.70,34.90,34.10,34.10,-1.15,"9,051",2882
105/01/27,"23,073,795","787,493,613",34.35,34.60,33.85,34.10, 0.00,"7,464",2882
105/01/28,"24,082,464","827,695,555",34.15,34.50,34.10,34.15,+0.05,"6,592",2882
105/01/29,"58,803,722","2,092,206,789",34.35,36.45,34.30,36.10,+1.95,"17,251",2882
105/01/30,"39,185,760","1,458,943,394",37.15,37.60,36.70,37.60,+1.50,"13,416",2882
105/02/01,"44,735,007","1,651,706,835",37.50,37.50,36.55,37.00,-0.60,"14,153",2882
105/02/02,"33,207,941","1,230,582,862",36.75,37.45,36.60,37.00, 0.00,"11,649",2882
105/02/03,"45,580,047","1,639,955,046",36.50,36.50,35.65,35.80,-1.20,"15,095",2882
105/02/15,"37,148,103","1,291,280,660",34.05,35.40,34.00,35.00,-0.80,"13,665",2882
105/02/16,"37,681,021","1,376,482,413",35.40,36.95,35.35,36.65,+1.65,"13,111",2882
105/02/17,"22,512,991","817,476,596",37.00,37.05,36.00,36.00,-0.65,"8,619",2882
105/02/18,"27,584,958","1,017,511,343",36.80,37.05,36.65,36.90,+0.90,"8,757",2882
105/02/19,"15,674,213","575,500,253",36.50,37.00,36.40,37.00,+0.10,"5,610",2882
105/02/22,"20,218,389","750,231,743",37.20,37.50,36.65,36.90,-0.10,"6,678",2882
105/02/23,"12,836,154","476,133,995",37.20,37.30,36.90,37.10,+0.20,"5,142",2882
105/02/24,"13,480,106","496,185,029",36.95,37.20,36.60,36.60,-0.50,"4,846",2882
105/02/25,"19,143,558","708,392,986",36.75,37.30,36.70,36.90,+0.30,"6,878",2882
105/02/26,"17,767,099","660,951,454",37.15,37.50,36.95,37.30,+0.40,"5,162",2882
105/03/01,"19,712,054","728,931,399",36.40,37.40,36.40,37.05,-0.25,"6,877",2882
105/03/02,"39,875,789","1,513,110,979",37.60,38.25,37.40,38.20,+1.15,"13,192",2882
105/03/03,"43,466,630","1,697,935,391",38.25,39.50,38.20,39.45,+1.25,"14,247",2882
105/03/04,"31,769,744","1,254,679,738",39.50,39.80,39.00,39.35,-0.10,"10,962",2882
105/03/07,"28,439,291","1,131,794,817",39.85,40.30,39.40,39.60,+0.25,"11,652",2882
105/03/08,"24,054,523","950,694,729",40.00,40.00,39.05,39.65,+0.05,"7,813",2882
105/03/09,"17,306,332","679,231,293",39.30,39.60,38.95,39.50,-0.15,"5,769",2882
105/03/10,"17,677,766","694,866,924",39.25,39.90,39.05,39.25,-0.25,"6,362",2882
105/03/11,"22,239,969","869,375,234",39.30,39.40,38.75,39.40,+0.15,"8,381",2882
105/03/14,"25,081,591","996,990,315",40.00,40.10,39.45,39.55,+0.15,"9,644",2882
105/03/15,"23,502,332","915,972,611",39.75,39.75,38.60,38.60,-0.95,"8,191",2882
105/03/16,"13,393,575","521,906,025",38.95,39.20,38.75,39.00,+0.40,"5,139",2882
105/03/17,"31,447,007","1,243,204,732",39.35,40.00,39.00,39.15,+0.15,"10,670",2882
105/03/18,"21,632,398","852,173,879",39.35,39.55,39.25,39.40,+0.25,"5,323",2882
105/03/21,"23,963,619","934,360,543",39.55,39.65,38.80,39.10,-0.30,"8,175",2882
105/03/22,"17,271,050","667,633,521",38.90,38.90,38.50,38.75,-0.35,"6,180",2882
105/03/23,"22,127,170","860,026,841",38.90,39.40,38.55,38.65,-0.10,"7,696",2882
105/03/24,"35,613,608","1,350,877,454",38.30,38.35,37.65,37.90,-0.75,"12,057",2882
105/03/25,"12,161,755","461,388,840",38.15,38.20,37.70,37.90, 0.00,"5,029",2882
105/03/28,"8,960,301","339,458,373",37.75,38.05,37.70,37.90, 0.00,"3,099",2882
105/03/29,"17,771,121","666,467,871",37.90,38.05,37.25,37.30,-0.60,"6,360",2882
105/03/30,"15,844,839","598,327,139",37.30,38.00,37.30,37.95,+0.65,"5,805",2882
105/03/31,"38,444,081","1,479,525,870",38.10,38.90,38.05,38.55,+0.60,"10,805",2882
105/04/01,"19,776,666","748,628,355",38.10,38.30,37.60,37.75,-0.80,"6,542",2882
105/04/06,"34,646,145","1,275,493,815",37.10,37.20,36.65,36.80,-0.95,"11,806",2882
105/04/07,"26,776,131","978,032,650",36.75,36.80,36.40,36.40,-0.40,"8,993",2882
105/04/08,"17,410,519","631,313,883",36.10,36.55,36.05,36.30,-0.10,"6,463",2882
105/04/11,"22,164,793","796,416,482",36.05,36.10,35.80,35.90,-0.40,"7,002",2882
105/04/12,"25,578,737","919,874,442",35.85,36.30,35.70,35.80,-0.10,"7,890",2882
105/04/13,"27,029,989","976,462,138",35.95,36.35,35.85,36.35,+0.55,"7,938",2882
105/04/14,"25,230,249","923,869,277",36.60,37.10,36.30,36.30,-0.05,"8,218",2882
105/04/15,"21,765,675","794,390,343",36.55,36.65,36.15,36.60,+0.30,"6,835",2882
105/04/18,"12,158,478","443,932,070",36.55,36.65,36.30,36.65,+0.05,"3,414",2882
105/04/19,"24,805,919","899,803,218",36.70,36.80,36.05,36.05,-0.60,"7,750",2882
105/04/20,"25,385,190","915,001,710",36.30,36.45,35.80,35.85,-0.20,"8,211",2882
105/04/21,"14,693,666","528,466,035",36.10,36.20,35.85,36.20,+0.35,"6,275",2882
105/04/22,"13,986,280","505,263,461",36.15,36.40,35.90,36.15,-0.05,"4,897",2882
105/04/25,"7,127,480","258,600,931",36.15,36.40,36.10,36.30,+0.15,"2,619",2882
105/04/26,"12,770,070","467,199,218",36.40,36.75,36.30,36.65,+0.35,"4,145",2882
105/04/27,"12,297,510","450,168,149",36.65,36.75,36.30,36.60,-0.05,"3,803",2882
105/04/28,"20,553,622","744,098,657",36.70,36.75,35.90,36.25,-0.35,"6,100",2882
105/04/29,"23,015,176","836,196,965",36.25,36.50,36.10,36.25, 0.00,"6,049",2882
105/05/03,"12,052,573","437,059,522",36.50,36.50,36.00,36.25, 0.00,"3,720",2882
105/05/04,"26,491,173","956,142,270",36.30,36.50,35.85,35.90,-0.35,"8,019",2882
105/05/05,"22,625,879","814,580,903",35.85,36.35,35.80,35.90, 0.00,"6,914",2882
105/05/06,"27,598,644","984,143,994",35.90,36.00,35.40,35.70,-0.20,"7,702",2882
105/05/09,"11,746,283","417,247,068",35.55,35.80,35.35,35.50,-0.20,"4,162",2882
105/05/10,"18,628,183","657,656,491",35.25,35.60,35.10,35.30,-0.20,"6,777",2882
105/05/11,"21,164,636","744,608,843",35.55,35.60,35.05,35.15,-0.15,"6,954",2882
105/05/12,"11,435,574","401,261,635",35.15,35.40,35.00,35.00,-0.15,"4,050",2882
105/05/13,"26,481,543","918,340,516",34.90,34.95,34.55,34.60,-0.40,"8,485",2882
105/05/16,"10,307,158","357,220,314",34.50,34.95,34.40,34.60, 0.00,"4,110",2882
105/05/17,"19,265,988","669,336,930",34.60,35.15,34.50,34.85,+0.25,"6,619",2882
105/05/18,"18,154,013","631,307,055",34.70,34.90,34.55,34.80,-0.05,"5,871",2882
105/05/19,"21,918,692","768,265,477",35.15,35.20,34.75,35.15,+0.35,"7,046",2882
105/05/20,"12,631,593","443,848,657",35.10,35.35,34.85,35.10,-0.05,"4,270",2882
105/05/23,"27,812,688","1,009,071,557",35.10,36.75,35.00,36.70,+1.60,"9,325",2882
105/05/24,"19,035,979","698,807,202",36.65,37.00,36.40,36.40,-0.30,"6,192",2882
105/05/25,"25,046,719","928,436,330",36.85,37.35,36.70,37.20,+0.80,"9,187",2882
105/05/26,"15,977,377","592,702,999",37.30,37.30,36.90,37.00,-0.20,"5,281",2882
105/05/27,"20,894,627","780,723,587",37.15,37.60,37.10,37.60,+0.60,"6,719",2882
105/05/30,"24,107,063","916,434,144",37.80,38.15,37.70,38.05,+0.45,"8,098",2882
105/05/31,"40,054,712","1,511,320,832",38.15,38.15,37.55,37.70,-0.35,"7,701",2882
105/06/01,"16,683,434","633,292,625",37.70,38.15,37.50,38.00,+0.30,"5,158",2882
105/06/02,"19,426,406","740,312,406",38.00,38.40,37.85,38.00, 0.00,"7,359",2882
105/06/03,"14,391,649","547,099,515",38.00,38.30,37.80,37.95,-0.05,"4,904",2882
105/06/04,"4,327,661","163,376,693",38.00,38.00,37.70,37.70,-0.25,"1,865",2882
105/06/06,"11,570,608","436,781,282",37.80,38.15,37.40,37.60,-0.10,"3,737",2882
105/06/07,"19,433,202","737,316,602",37.85,38.10,37.65,37.95,+0.35,"5,917",2882
105/06/08,"27,788,110","1,053,804,204",37.95,38.20,37.55,37.70,-0.25,"9,641",2882
105/06/13,"21,381,734","803,179,463",37.60,38.00,37.30,37.60,-0.10,"6,705",2882
105/06/14,"14,946,817","565,538,666",37.60,38.00,37.50,37.85,+0.25,"6,054",2882
105/06/15,"15,725,690","596,450,948",37.90,38.05,37.60,38.00,+0.15,"5,451",2882
105/06/16,"31,226,392","1,158,271,054",37.80,37.90,36.60,36.80,-1.20,"9,436",2882
105/06/17,"22,540,280","838,364,148",37.15,37.50,36.90,37.30,+0.50,"6,662",2882
105/06/20,"16,341,176","613,072,927",37.50,37.65,37.35,37.60,+0.30,"4,348",2882
105/06/21,"21,311,969","806,150,188",37.65,37.95,37.60,37.90,+0.30,"5,362",2882
105/06/22,"16,064,515","606,414,117",37.90,37.90,37.55,37.90, 0.00,"4,525",2882
105/06/23,"18,266,437","688,521,787",37.90,37.90,37.60,37.65,-0.25,"5,467",2882
105/06/24,"55,145,383","2,025,158,830",37.85,37.85,36.00,36.40,-1.25,"13,751",2882
105/06/27,"39,501,557","1,361,590,290",33.90,34.85,33.90,34.55,X0.00,"11,541",2882
105/06/28,"37,473,354","1,283,216,638",34.25,34.35,34.05,34.30,-0.25,"9,767",2882
105/06/29,"30,291,728","1,044,991,728",34.30,34.75,34.30,34.40,+0.10,"8,316",2882
105/06/30,"27,302,954","951,280,040",34.75,35.05,34.50,35.00,+0.60,"6,917",2882
105/07/01,"20,942,174","738,715,577",35.15,35.50,34.90,35.05,+0.05,"6,596",2882
105/07/04,"8,809,855","310,464,364",35.05,35.50,35.00,35.15,+0.10,"3,366",2882
105/07/05,"9,944,924","348,039,540",35.10,35.15,34.85,35.00,-0.15,"3,623",2882
105/07/06,"33,267,061","1,141,829,674",34.70,34.75,34.10,34.10,-0.90,"11,940",2882
105/07/07,"17,527,747","599,411,876",34.35,34.50,34.10,34.10, 0.00,"5,826",2882
105/07/11,"32,673,985","1,122,189,640",34.35,34.60,34.15,34.15,+0.05,"7,319",2882
105/07/12,"24,402,907","838,963,795",34.30,34.50,34.20,34.40,+0.25,"5,633",2882
105/07/13,"35,906,565","1,253,510,977",34.60,35.25,34.55,35.10,+0.70,"9,495",2882
105/07/14,"29,378,057","1,042,702,329",35.25,35.65,35.00,35.65,+0.55,"9,285",2882
105/07/15,"39,572,153","1,434,096,695",35.80,36.50,35.80,36.50,+0.85,"14,258",2882
105/07/18,"28,277,574","1,043,809,713",36.60,37.10,36.55,36.95,+0.45,"10,165",2882
105/07/19,"29,619,829","1,096,267,512",36.95,37.40,36.50,37.30,+0.35,"9,944",2882
105/07/20,"29,719,813","1,094,501,733",36.90,37.25,36.55,36.85,-0.45,"9,048",2882
105/07/21,"26,016,414","964,774,801",37.00,37.25,36.90,37.00,+0.15,"8,173",2882
105/07/22,"15,162,681","556,466,384",36.90,36.95,36.55,36.70,-0.30,"5,188",2882
105/07/25,"26,774,530","970,581,647",37.00,37.20,35.90,36.40,-0.30,"7,486",2882
105/07/26,"18,414,418","666,789,080",36.30,36.40,36.05,36.35,-0.05,"5,352",2882
105/07/27,"19,316,874","697,875,499",36.50,36.50,35.95,36.15,-0.20,"5,516",2882
105/07/28,"25,959,889","941,464,589",36.10,36.50,36.00,36.35,+0.20,"6,591",2882
105/07/29,"17,965,037","646,367,215",36.30,36.35,35.85,35.85,-0.50,"4,674",2882
105/08/01,"15,414,515","554,770,991",36.00,36.20,35.85,36.10,+0.25,"5,991",2882
105/08/02,"11,048,643","397,685,425",36.15,36.20,35.90,35.90,-0.20,"3,986",2882
105/08/03,"9,516,023","340,541,825",35.70,36.00,35.60,35.80,-0.10,"4,175",2882
105/08/04,"9,374,594","336,598,072",35.95,36.15,35.70,36.10,+0.30,"2,826",2882
105/08/05,"22,639,905","823,324,202",36.10,36.50,35.95,36.50,+0.40,"6,341",2882
105/08/08,"37,179,183","1,378,056,374",36.85,37.25,36.80,37.25,+0.75,"10,202",2882
105/08/09,"42,894,073","1,624,362,440",37.80,38.30,37.65,37.80,+0.55,"13,181",2882
105/08/10,"26,430,686","1,003,349,257",38.00,38.05,37.80,38.00,+0.20,"7,599",2882
105/08/11,"20,411,236","766,624,613",37.90,37.95,37.20,37.60,-0.40,"6,174",2882
105/08/12,"28,343,159","1,073,784,556",37.65,38.00,37.55,37.95,+0.35,"7,574",2882
105/08/15,"9,222,148","348,720,884",37.95,37.95,37.65,37.85,-0.10,"3,371",2882
105/08/16,"12,826,261","484,680,239",38.00,38.00,37.50,37.80,-0.05,"4,148",2882
105/08/17,"21,933,615","833,646,170",37.75,38.25,37.70,38.15,+0.35,"9,078",2882
105/08/18,"24,480,900","932,262,900",38.05,38.15,37.90,38.05,-0.10,"5,306",2882
105/08/19,"19,860,086","750,272,542",38.00,38.15,37.50,37.50,-0.55,"4,364",2882
105/08/22,"14,901,351","551,067,137",37.20,37.30,36.80,37.00,-0.50,"5,614",2882
105/08/23,"19,544,211","731,946,799",37.00,37.90,36.95,37.80,+0.80,"5,761",2882
105/08/24,"21,675,939","825,019,043",38.10,38.35,37.80,37.80, 0.00,"8,598",2882
105/08/25,"47,450,295","1,828,608,629",38.05,38.85,38.05,38.75,+0.95,"15,552",2882
105/08/26,"55,557,431","2,178,244,627",38.85,39.55,38.80,39.40,+0.65,"15,011",2882
105/08/29,"28,396,553","1,118,076,843",39.60,39.80,39.00,39.60,+0.20,"9,345",2882
105/08/30,"46,923,722","1,895,775,240",39.70,40.80,39.60,40.65,+1.05,"15,886",2882
105/08/31,"38,811,579","1,570,186,643",40.75,41.40,39.95,40.10,-0.55,"10,258",2882
105/09/01,"22,879,499","904,349,965",39.90,39.95,39.30,39.35,-0.75,"7,987",2882
105/09/02,"16,416,663","646,053,984",39.35,39.55,39.00,39.45,+0.10,"4,979",2882
105/09/05,"14,818,733","592,299,293",39.85,40.20,39.80,40.00,+0.55,"4,068",2882
105/09/06,"19,449,671","781,858,719",40.00,40.45,39.90,40.45,+0.45,"5,569",2882
105/09/07,"23,697,797","966,486,459",40.85,40.90,40.55,40.80,+0.35,"7,196",2882
105/09/08,"27,011,402","1,107,364,727",40.60,41.30,40.55,41.25,+0.45,"9,154",2882
105/09/09,"20,445,035","830,422,644",41.15,41.15,40.30,40.45,-0.80,"7,037",2882
105/09/10,"13,837,030","548,367,555",39.55,39.80,39.50,39.75,-0.70,"4,753",2882
105/09/12,"16,919,344","668,364,923",39.50,39.90,39.25,39.70,-0.05,"5,679",2882
105/09/13,"25,051,936","982,808,335",39.90,39.90,38.80,39.15,-0.55,"8,323",2882
105/09/14,"23,131,649","908,994,409",38.80,39.50,38.80,39.30,+0.15,"6,816",2882
105/09/19,"13,247,637","529,060,195",39.40,40.20,39.40,40.20,+0.90,"5,655",2882
105/09/20,"12,938,138","518,291,920",39.90,40.20,39.90,40.00,-0.20,"3,333",2882
105/09/21,"16,040,768","643,906,347",39.80,40.50,39.80,40.50,+0.50,"4,233",2882
105/09/22,"16,262,421","658,563,873",40.80,40.85,40.20,40.60,+0.10,"4,577",2882
105/09/23,"16,010,618","649,463,891",40.60,40.80,40.25,40.65,+0.05,"5,235",2882
105/09/26,"16,228,657","656,333,185",40.50,40.60,40.25,40.35,-0.30,"3,728",2882
105/09/29,"21,678,952","881,367,974",40.85,40.90,40.20,40.70,+0.35,"6,835",2882
105/09/30,"20,297,552","811,295,580",40.45,40.45,39.70,40.10,-0.60,"5,372",2882
105/10/03,"9,309,316","373,531,240",40.30,40.40,40.00,40.05,-0.05,"3,086",2882
105/10/04,"13,840,267","556,125,994",40.10,40.45,39.90,40.45,+0.40,"5,646",2882
105/10/05,"9,480,821","382,181,061",40.20,40.45,40.10,40.10,-0.35,"2,738",2882
105/10/06,"7,826,575","314,495,863",40.20,40.30,40.10,40.25,+0.15,"2,768",2882
105/10/07,"12,881,736","515,457,560",40.25,40.25,39.90,40.15,-0.10,"3,060",2882
105/10/11,"13,361,592","533,665,225",40.30,40.40,39.70,40.00,-0.15,"4,195",2882
105/10/12,"17,127,027","690,351,220",39.85,40.65,39.75,40.65,+0.65,"5,548",2882
105/10/13,"17,705,633","711,164,733",40.65,40.65,39.95,39.95,-0.70,"6,051",2882
105/10/14,"11,657,028","463,904,965",39.95,40.20,39.65,39.70,-0.25,"3,771",2882
105/10/17,"14,213,190","561,340,538",39.70,39.95,39.15,39.95,+0.25,"4,582",2882
105/10/18,"19,715,954","794,072,947",39.90,40.50,39.75,40.50,+0.55,"6,521",2882
105/10/19,"14,099,247","571,614,589",40.50,40.65,40.35,40.60,+0.10,"5,399",2882
105/10/20,"6,806,000","275,027,204",40.60,40.60,40.15,40.45,-0.15,"2,877",2882
105/10/21,"6,050,938","243,492,776",40.30,40.45,40.05,40.30,-0.15,"2,185",2882
105/10/24,"5,898,545","237,922,012",40.30,40.40,40.20,40.25,-0.05,"2,016",2882
105/10/25,"5,857,588","236,253,589",40.15,40.50,40.15,40.40,+0.15,"2,532",2882
105/10/26,"7,386,318","298,117,321",40.40,40.50,40.20,40.50,+0.10,"2,153",2882
105/10/27,"16,937,919","687,539,124",40.50,40.80,40.40,40.65,+0.15,"4,408",2882
105/10/28,"13,838,983","563,521,762",40.65,40.80,40.50,40.80,+0.15,"3,780",2882
105/10/31,"14,670,059","596,456,261",40.50,40.95,40.15,40.95,+0.15,"4,412",2882
105/11/01,"10,104,168","411,436,641",40.80,40.80,40.50,40.80,-0.15,"2,847",2882
105/11/02,"10,298,125","415,764,332",40.45,40.55,40.25,40.25,-0.55,"3,505",2882
105/11/03,"12,593,227","503,354,238",40.10,40.25,39.80,39.80,-0.45,"3,588",2882
105/11/04,"12,561,080","504,469,886",39.85,40.40,39.65,40.40,+0.60,"4,920",2882
105/11/07,"10,887,028","441,679,257",40.45,40.70,40.20,40.70,+0.30,"3,600",2882
105/11/08,"7,422,919","301,757,369",40.80,40.80,40.50,40.75,+0.05,"2,935",2882
105/11/09,"30,609,763","1,212,410,594",41.00,41.25,39.10,39.10,-1.65,"9,430",2882
105/11/10,"48,108,520","1,972,471,395",40.50,41.45,40.45,41.45,+2.35,"13,860",2882
105/11/11,"117,457,271","5,085,933,842",44.00,44.00,41.80,43.75,+2.30,"34,026",2882
105/11/14,"85,338,330","3,855,070,865",43.80,46.30,43.15,45.95,+2.20,"27,246",2882
105/11/15,"58,317,203","2,644,587,294",46.05,46.50,44.75,44.90,-1.05,"18,229",2882
105/11/16,"42,618,620","1,936,045,941",45.10,45.85,45.00,45.45,+0.55,"13,041",2882
105/11/17,"20,912,235","942,663,170",45.45,45.50,44.85,44.85,-0.60,"7,332",2882
105/11/18,"25,201,353","1,130,010,318",45.05,45.35,44.15,45.00,+0.15,"8,465",2882
105/11/21,"28,224,339","1,290,881,438",45.40,46.00,45.10,45.65,+0.65,"8,656",2882
105/11/22,"17,231,907","785,148,884",45.80,45.80,45.25,45.45,-0.20,"5,614",2882
105/11/23,"39,152,875","1,805,323,237",45.85,46.75,45.50,46.05,+0.60,"12,606",2882
105/11/24,"34,669,813","1,614,044,161",46.40,46.80,46.25,46.55,+0.50,"9,970",2882
105/11/25,"60,048,165","2,890,256,834",46.75,48.70,46.60,48.45,+1.90,"19,876",2882
105/11/28,"52,121,442","2,546,075,485",48.90,49.55,48.30,48.45, 0.00,"15,953",2882
105/11/29,"53,351,521","2,532,534,258",47.90,47.95,47.30,47.30,-1.15,"18,641",2882
105/11/30,"62,780,778","2,946,000,880",47.25,47.80,46.30,46.90,-0.40,"17,339",2882
105/12/01,"41,278,771","1,978,831,982",47.25,48.30,47.20,48.30,+1.40,"14,506",2882
105/12/02,"34,531,904","1,658,411,740",48.30,48.35,47.65,48.00,-0.30,"10,977",2882
105/12/05,"32,359,514","1,565,800,749",48.75,48.90,47.85,48.30,+0.30,"8,796",2882
105/12/06,"40,750,702","2,000,053,019",49.00,49.40,48.75,49.00,+0.70,"12,800",2882
105/12/07,"30,664,173","1,507,637,161",49.50,49.75,48.70,48.90,-0.10,"9,924",2882
105/12/08,"29,315,784","1,443,191,699",49.30,49.45,48.95,49.05,+0.15,"8,245",2882
105/12/09,"23,623,360","1,163,693,534",49.20,49.40,49.10,49.40,+0.35,"6,985",2882
105/12/12,"20,637,635","1,018,742,886",49.70,49.70,49.05,49.40, 0.00,"7,846",2882
105/12/13,"21,064,452","1,044,058,213",49.35,49.75,49.30,49.65,+0.25,"7,812",2882
105/12/14,"28,336,280","1,389,737,689",49.75,49.90,48.55,48.65,-1.00,"11,771",2882
105/12/15,"38,042,694","1,880,059,891",48.55,49.80,48.45,49.80,+1.15,"14,774",2882
105/12/16,"37,695,770","1,886,348,933",50.20,50.50,49.80,50.00,+0.20,"11,215",2882
105/12/19,"20,692,078","1,016,840,639",49.95,49.95,48.85,49.00,-1.00,"10,249",2882
105/12/20,"19,690,595","961,498,039",48.80,49.20,48.60,49.00, 0.00,"8,652",2882
105/12/21,"21,658,671","1,054,348,102",49.20,49.20,48.50,48.55,-0.45,"8,910",2882
105/12/22,"38,596,698","1,824,110,607",48.40,48.50,46.75,46.80,-1.75,"15,556",2882
105/12/23,"18,338,994","860,910,068",46.75,47.45,46.30,47.00,+0.20,"7,269",2882
105/12/26,"7,694,160","366,308,830",47.20,48.05,47.10,48.05,+1.05,"3,502",2882
105/12/27,"7,576,870","361,312,813",48.05,48.05,47.50,47.60,-0.45,"3,174",2882
105/12/28,"13,889,435","672,513,662",47.90,48.80,47.65,48.65,+1.05,"6,281",2882
105/12/29,"18,883,499","910,926,010",48.45,48.80,47.65,47.90,-0.75,"7,476",2882
105/12/30,"9,465,537","456,993,989",48.15,48.55,48.05,48.20,+0.30,"3,828",2882
106/01/03,"6,117,152","293,195,638",48.10,48.20,47.70,48.00,-0.20,"2,501",2882
106/01/04,"9,609,199","461,387,886",48.35,48.35,47.75,47.90,-0.10,"3,992",2882
106/01/05,"14,714,115","708,032,541",47.90,48.40,47.90,48.40,+0.50,"5,587",2882
106/01/06,"17,503,245","850,127,989",48.80,48.80,48.15,48.75,+0.35,"7,223",2882
106/01/09,"15,085,105","738,486,028",48.75,49.20,48.75,49.00,+0.25,"6,268",2882
106/01/10,"15,278,549","745,353,401",48.95,49.20,48.25,49.20,+0.20,"6,147",2882
106/01/11,"16,524,075","809,822,117",49.40,49.40,48.80,49.00,-0.20,"6,862",2882
106/01/12,"18,467,105","903,931,136",49.10,49.30,48.65,48.70,-0.30,"6,999",2882
106/01/13,"16,491,565","795,839,476",48.70,48.70,48.10,48.40,-0.30,"7,043",2882
106/01/16,"21,864,840","1,037,611,587",48.00,48.05,47.20,47.30,-1.10,"9,442",2882
106/01/17,"17,752,857","841,648,233",46.80,47.65,46.80,47.50,+0.20,"6,867",2882
106/01/18,"21,839,589","1,025,112,933",47.05,47.45,46.75,46.95,-0.55,"7,707",2882
106/01/19,"20,730,279","968,473,260",46.90,46.95,46.60,46.85,-0.10,"6,467",2882
106/01/20,"16,984,495","798,003,815",47.00,47.30,46.70,47.15,+0.30,"6,217",2882
106/01/23,"21,572,869","1,017,727,230",47.40,47.55,46.95,47.40,+0.25,"8,852",2882
106/01/24,"18,521,164","876,004,116",47.40,47.50,46.95,47.50,+0.10,"5,863",2882
106/02/02,"28,415,310","1,340,273,423",47.50,47.55,46.90,46.90,-0.60,"9,495",2882
106/02/03,"18,372,922","858,273,836",46.90,47.15,46.55,46.65,-0.25,"6,590",2882
106/02/06,"38,676,967","1,845,963,016",46.70,48.40,46.65,48.20,+1.55,"12,529",2882
106/02/07,"18,639,395","894,501,506",48.20,48.25,47.75,48.00,-0.20,"5,314",2882
106/02/08,"20,607,630","987,885,219",48.20,48.30,47.70,47.85,-0.15,"5,539",2882
106/02/09,"13,244,465","633,945,619",47.85,48.00,47.70,47.70,-0.15,"4,641",2882
106/02/10,"43,186,582","2,103,862,743",48.20,49.40,48.05,48.30,+0.60,"12,495",2882
106/02/13,"13,241,862","641,311,337",49.10,49.10,48.15,48.25,-0.05,"5,225",2882
106/02/14,"27,449,905","1,333,931,301",48.25,49.00,48.25,48.60,+0.35,"6,631",2882
106/02/15,"20,206,312","986,926,839",48.90,49.00,48.65,48.90,+0.30,"6,874",2882
106/02/16,"30,440,167","1,497,222,964",49.45,49.60,49.00,49.05,+0.15,"9,977",2882
106/02/17,"17,598,344","864,757,185",49.20,49.40,48.75,49.25,+0.20,"7,868",2882
106/02/18,"3,711,500","182,051,078",49.25,49.25,48.95,49.00,-0.25,"1,567",2882
106/02/20,"9,178,877","450,517,680",49.00,49.25,48.95,49.00, 0.00,"3,801",2882
106/02/21,"12,456,918","611,175,332",49.00,49.20,48.95,49.20,+0.20,"4,969",2882
106/02/22,"15,830,029","776,283,899",49.40,49.50,48.65,48.80,-0.40,"6,377",2882
106/02/23,"13,550,774","658,969,431",48.80,48.90,48.50,48.60,-0.20,"5,853",2882
106/02/24,"15,574,508","753,559,389",48.50,48.55,48.25,48.25,-0.35,"5,547",2882
106/03/01,"14,599,200","700,998,390",48.20,48.30,47.85,47.85,-0.40,"5,799",2882
106/03/02,"40,788,964","1,990,868,474",48.85,49.50,48.10,48.75,+0.90,"12,599",2882
106/03/03,"19,290,865","936,685,816",48.50,48.90,48.40,48.40,-0.35,"7,697",2882
106/03/06,"14,273,376","696,887,842",48.35,49.00,48.35,49.00,+0.60,"5,142",2882
106/03/07,"14,143,919","693,018,595",49.00,49.20,48.80,49.00, 0.00,"4,482",2882
106/03/08,"31,223,931","1,548,632,312",49.00,49.95,49.00,49.85,+0.85,"11,066",2882
106/03/09,"19,552,315","972,909,629",50.00,50.10,49.55,49.75,-0.10,"7,074",2882
106/03/10,"29,586,362","1,478,213,652",49.95,50.40,49.35,50.00,+0.25,"8,940",2882
106/03/13,"31,207,303","1,581,680,317",50.40,51.00,50.20,50.80,+0.80,"10,032",2882
106/03/14,"27,367,535","1,395,619,175",51.00,51.20,50.50,51.00,+0.20,"10,634",2882
106/03/15,"18,364,044","936,977,940",51.10,51.20,50.60,51.20,+0.20,"7,304",2882
106/03/16,"21,830,692","1,109,187,042",50.80,51.10,50.50,51.00,-0.20,"6,893",2882
106/03/17,"23,288,117","1,185,452,248",50.90,51.10,50.60,51.00, 0.00,"7,501",2882
106/03/20,"10,219,834","519,462,390",50.60,51.10,50.40,51.10,+0.10,"3,494",2882
106/03/21,"20,058,919","1,015,658,345",50.80,50.90,50.40,50.60,-0.50,"7,005",2882
106/03/22,"26,800,017","1,336,250,638",49.50,50.10,49.35,50.10,-0.50,"8,981",2882
106/03/23,"11,270,148","568,180,457",50.30,50.60,50.10,50.60,+0.50,"4,304",2882
106/03/24,"11,493,663","578,144,250",50.40,50.80,50.10,50.20,-0.40,"3,952",2882
106/03/27,"11,198,716","559,499,114",49.85,50.10,49.60,50.00,-0.20,"3,621",2882
106/03/28,"15,339,101","762,741,518",50.00,50.10,49.45,49.70,-0.30,"5,826",2882
106/03/29,"15,356,834","761,864,598",49.75,50.10,49.35,49.60,-0.10,"6,091",2882
106/03/30,"21,070,608","1,036,689,242",49.50,49.60,49.00,49.00,-0.60,"8,302",2882
106/03/31,"21,767,263","1,064,779,230",49.10,49.30,48.70,48.70,-0.30,"6,397",2882
106/04/05,"18,418,492","900,821,139",49.10,49.20,48.65,49.00,+0.30,"6,166",2882
106/04/06,"17,399,633","856,403,689",49.00,49.40,48.95,49.05,+0.05,"7,090",2882
106/04/07,"22,525,525","1,089,537,628",48.80,49.00,48.10,48.20,-0.85,"9,279",2882
106/04/10,"13,230,405","643,941,453",48.80,49.00,48.45,48.75,+0.55,"5,726",2882
106/04/11,"17,366,730","836,736,740",48.50,48.55,48.00,48.00,-0.75,"8,040",2882
106/04/12,"12,814,023","614,527,174",48.00,48.15,47.80,47.95,-0.05,"4,429",2882
106/04/13,"13,128,719","629,690,603",47.95,48.00,47.85,47.95, 0.00,"3,998",2882
106/04/14,"7,722,425","367,579,405",47.80,47.90,47.30,47.50,-0.45,"3,488",2882
106/04/17,"10,132,977","478,426,317",47.45,47.70,47.00,47.25,-0.25,"3,126",2882
106/04/18,"21,792,219","1,022,298,079",47.40,47.55,46.50,46.90,-0.35,"6,968",2882
106/04/19,"26,299,603","1,222,984,375",46.60,47.05,46.05,46.20,-0.70,"10,428",2882
106/04/20,"17,606,656","818,562,379",46.10,46.80,46.05,46.75,+0.55,"7,151",2882
106/04/21,"8,977,511","424,193,888",47.30,47.40,47.15,47.20,+0.45,"4,065",2882
106/04/24,"8,856,630","419,029,014",47.60,47.65,47.20,47.30,+0.10,"3,065",2882
106/04/25,"20,945,145","1,009,169,850",47.75,48.50,47.55,48.50,+1.20,"8,646",2882
106/04/26,"14,476,349","702,265,248",48.65,48.65,48.25,48.60,+0.10,"5,631",2882
106/04/27,"7,535,044","365,583,652",48.20,48.65,48.20,48.55,-0.05,"2,843",2882
106/04/28,"12,678,512","612,700,801",48.50,48.55,48.10,48.40,-0.15,"4,183",2882
106/05/02,"20,770,507","1,018,392,619",48.60,49.30,48.60,49.00,+0.60,"6,379",2882
106/05/03,"10,965,955","538,595,023",49.00,49.30,48.85,49.25,+0.25,"5,260",2882
106/05/04,"12,734,486","627,673,621",49.25,49.45,49.00,49.30,+0.05,"4,667",2882
106/05/05,"8,194,342","401,258,915",49.15,49.25,48.75,48.75,-0.55,"4,043",2882
106/05/08,"9,038,242","442,546,662",49.10,49.10,48.65,49.00,+0.25,"3,768",2882
106/05/09,"13,056,656","640,499,205",48.65,49.55,48.65,48.95,-0.05,"4,643",2882
106/05/10,"10,672,991","522,850,384",49.10,49.30,48.90,48.95, 0.00,"3,131",2882
106/05/11,"14,238,797","699,002,963",49.00,49.20,48.90,49.20,+0.25,"3,195",2882
106/05/12,"8,742,574","428,590,816",49.00,49.15,48.90,49.15,-0.05,"2,329",2882
106/05/15,"13,210,735","653,335,958",49.30,49.80,49.15,49.80,+0.65,"5,099",2882
106/05/16,"25,030,808","1,258,724,800",50.10,50.70,50.00,50.20,+0.40,"8,500",2882
106/05/17,"19,665,445","988,946,205",50.60,50.70,50.00,50.30,+0.10,"6,994",2882
106/05/18,"18,792,434","931,262,351",49.70,49.75,49.40,49.50,-0.80,"6,152",2882
106/05/19,"10,146,735","498,873,982",49.50,49.50,49.00,49.10,-0.40,"4,067",2882
106/05/22,"13,840,670","676,260,697",49.10,49.15,48.75,48.80,-0.30,"5,217",2882
106/05/23,"18,981,698","920,887,012",48.70,48.70,48.40,48.50,-0.30,"8,403",2882
106/05/24,"12,153,370","589,085,359",48.50,48.75,48.40,48.40,-0.10,"4,715",2882
106/05/25,"18,031,989","873,581,066",48.20,48.95,48.15,48.60,+0.20,"6,108",2882
106/05/26,"19,222,846","926,050,051",48.80,48.80,47.95,48.00,-0.60,"5,515",2882
106/05/31,"29,854,262","1,410,380,319",47.70,47.75,46.95,47.10,-0.90,"8,984",2882
106/06/01,"12,984,104","612,797,219",47.00,47.45,47.00,47.30,+0.20,"4,589",2882
106/06/02,"14,034,215","666,715,466",47.55,47.70,47.30,47.55,+0.25,"4,340",2882
106/06/03,"4,958,671","235,664,051",47.60,47.65,47.40,47.55, 0.00,"1,625",2882
106/06/05,"15,771,530","749,604,531",47.50,47.70,47.25,47.70,+0.15,"5,401",2882
106/06/06,"17,286,059","815,702,928",47.25,47.40,47.10,47.15,-0.55,"6,477",2882
106/06/07,"12,618,740","595,424,984",47.10,47.30,47.10,47.25,+0.10,"4,959",2882
106/06/08,"21,370,121","1,006,850,943",47.20,47.45,46.90,47.05,-0.20,"7,053",2882
106/06/09,"14,710,001","690,407,037",47.05,47.20,46.80,46.80,-0.25,"4,921",2882
106/06/12,"20,391,676","974,726,506",47.45,48.00,47.40,47.70,+0.90,"6,320",2882
106/06/13,"15,833,725","759,993,266",47.90,48.10,47.85,48.00,+0.30,"5,691",2882
106/06/14,"15,311,936","728,720,229",48.00,48.00,47.30,47.40,-0.60,"3,940",2882
106/06/15,"16,160,519","766,759,523",47.40,47.75,47.10,47.75,+0.35,"4,137",2882
106/06/16,"11,516,717","548,743,104",47.75,47.80,47.45,47.70,-0.05,"2,868",2882
106/06/19,"16,863,864","814,065,690",48.00,48.50,47.80,48.40,+0.70,"5,514",2882
106/06/20,"18,013,204","879,279,128",48.60,49.00,48.60,49.00,+0.60,"6,112",2882
106/06/21,"22,617,215","1,108,357,362",48.85,49.30,48.60,48.95,-0.05,"9,508",2882
106/06/22,"13,320,774","654,674,707",48.95,49.30,48.80,49.30,+0.35,"5,740",2882
106/06/23,"12,419,495","608,287,014",49.05,49.15,48.80,49.00,-0.30,"3,848",2882
106/06/26,"39,805,121","1,993,344,268",49.20,50.50,49.10,50.40,+1.40,"12,661",2882
106/06/27,"22,501,065","1,133,503,951",50.50,50.70,49.95,50.40, 0.00,"8,120",2882
106/06/28,"19,399,779","973,823,051",50.10,50.40,50.00,50.20,-0.20,"5,589",2882
106/06/29,"23,140,026","1,174,346,707",50.70,51.20,50.40,50.60,+0.40,"6,661",2882
106/06/30,"30,671,250","1,542,688,596",50.50,50.60,50.00,50.10,-0.50,"7,934",2882
106/07/03,"20,379,249","988,075,608",48.60,48.65,48.35,48.60,X0.00,"7,447",2882
106/07/04,"26,317,576","1,297,727,859",48.60,49.60,48.60,49.30,+0.70,"9,160",2882
106/07/05,"14,967,608","732,744,587",49.40,49.50,48.70,49.00,-0.30,"4,970",2882
106/07/06,"17,913,592","872,355,689",48.80,48.85,48.55,48.75,-0.25,"4,273",2882
106/07/07,"9,504,195","461,439,282",48.75,48.80,48.40,48.55,-0.20,"2,753",2882
106/07/10,"8,629,464","420,967,592",48.65,48.90,48.60,48.90,+0.35,"3,653",2882
106/07/11,"18,402,540","910,791,216",49.10,49.70,49.10,49.70,+0.80,"6,242",2882
106/07/12,"23,506,842","1,174,831,325",49.70,50.20,49.70,50.00,+0.30,"6,356",2882
106/07/13,"11,936,571","596,709,959",50.20,50.30,49.85,50.00, 0.00,"4,064",2882
106/07/14,"6,947,255","346,295,940",50.00,50.00,49.75,49.85,-0.15,"2,239",2882
106/07/17,"11,372,087","564,150,955",49.75,49.90,49.40,49.45,-0.40,"3,724",2882
106/07/18,"13,291,650","654,142,800",49.30,49.45,49.05,49.10,-0.35,"4,152",2882
106/07/19,"12,785,779","631,551,860",49.25,49.60,49.20,49.45,+0.35,"3,724",2882
106/07/20,"6,355,938","313,647,157",49.55,49.55,49.25,49.30,-0.15,"2,121",2882
106/07/21,"5,806,007","285,387,298",49.25,49.30,49.05,49.20,-0.10,"2,370",2882
106/07/24,"9,075,233","444,906,717",49.00,49.20,48.85,49.20, 0.00,"3,064",2882
106/07/25,"6,117,861","300,815,089",49.20,49.35,49.05,49.10,-0.10,"3,237",2882
106/07/26,"6,212,798","304,761,473",49.10,49.20,48.95,49.05,-0.05,"2,287",2882
106/07/27,"12,729,895","631,211,822",49.25,49.80,49.05,49.80,+0.75,"4,372",2882
106/07/28,"8,560,422","423,024,252",49.70,49.70,49.30,49.35,-0.45,"2,797",2882
106/07/31,"10,117,056","497,211,100",49.35,49.35,49.00,49.20,-0.15,"2,600",2882
106/08/01,"9,058,823","444,448,596",49.10,49.20,48.90,49.00,-0.20,"4,244",2882
106/08/02,"8,817,988","432,673,062",49.10,49.20,48.95,49.15,+0.15,"2,889",2882
106/08/03,"11,560,964","564,950,194",48.90,49.00,48.70,48.90,-0.25,"2,985",2882
106/08/04,"8,075,992","394,591,961",48.90,48.95,48.75,48.90, 0.00,"2,735",2882
106/08/07,"11,704,215","575,804,835",49.15,49.40,49.10,49.15,+0.25,"4,959",2882
106/08/08,"13,338,135","658,332,433",49.20,49.55,49.10,49.55,+0.40,"4,745",2882
106/08/09,"14,718,065","721,294,368",49.10,49.30,48.80,48.95,-0.60,"5,506",2882
106/08/10,"15,717,931","759,278,050",48.85,48.85,48.15,48.15,-0.80,"5,682",2882
106/08/11,"14,334,948","690,019,818",47.60,48.45,47.60,48.15, 0.00,"3,390",2882
106/08/14,"7,546,119","363,293,512",48.30,48.40,47.95,48.05,-0.10,"2,946",2882
106/08/15,"6,921,794","333,567,419",48.30,48.40,48.05,48.20,+0.15,"3,068",2882
106/08/16,"12,032,340","578,816,273",48.00,48.45,47.90,48.30,+0.10,"4,884",2882
106/08/17,"7,069,624","344,296,236",48.50,48.85,48.35,48.80,+0.50,"3,120",2882
106/08/18,"9,232,428","444,358,992",48.30,48.30,48.05,48.05,-0.75,"4,316",2882
106/08/21,"5,331,809","255,916,532",48.00,48.15,47.85,48.05, 0.00,"2,580",2882
106/08/22,"6,985,797","335,685,282",47.90,48.20,47.90,48.05, 0.00,"3,363",2882
106/08/23,"6,304,271","303,918,275",48.30,48.45,47.90,48.15,+0.10,"3,056",2882
106/08/24,"7,856,002","378,024,246",48.00,48.40,47.90,48.10,-0.05,"3,605",2882
106/08/25,"6,385,474","307,770,452",48.10,48.30,48.10,48.20,+0.10,"2,542",2882
106/08/28,"12,926,837","629,004,334",48.25,48.85,48.25,48.70,+0.50,"3,882",2882
106/08/29,"5,353,868","259,743,053",48.60,48.60,48.45,48.50,-0.20,"2,030",2882
106/08/30,"22,211,205","1,095,525,826",48.90,49.55,48.90,49.45,+0.95,"7,348",2882
106/08/31,"13,548,865","668,163,636",49.70,49.75,49.10,49.25,-0.20,"4,456",2882
106/09/01,"7,562,166","371,598,197",49.40,49.40,48.95,48.95,-0.30,"2,811",2882
106/09/04,"7,009,170","341,382,916",48.90,48.90,48.60,48.65,-0.30,"3,137",2882
106/09/05,"10,403,924","506,385,649",48.80,48.90,48.55,48.85,+0.20,"2,592",2882
106/09/06,"20,831,599","1,006,807,856",48.55,48.60,48.10,48.30,-0.55,"5,614",2882
106/09/07,"15,951,173","768,602,554",48.40,48.60,47.80,48.15,-0.15,"5,854",2882
106/09/08,"18,490,878","893,690,425",47.85,48.70,47.80,48.65,+0.50,"7,004",2882
106/09/11,"16,276,660","784,768,687",48.65,48.65,48.00,48.05,-0.60,"6,055",2882
106/09/12,"6,202,032","299,543,098",48.35,48.45,48.00,48.45,+0.40,"2,440",2882
106/09/13,"15,359,491","744,052,468",48.45,48.60,48.15,48.45, 0.00,"5,043",2882
106/09/14,"9,602,054","463,214,710",48.20,48.40,48.15,48.20,-0.25,"3,709",2882
106/09/15,"29,327,513","1,413,284,984",48.45,48.45,48.00,48.15,-0.05,"4,193",2882
106/09/18,"11,061,132","537,249,602",48.45,48.70,48.35,48.70,+0.55,"5,543",2882
106/09/19,"8,194,830","395,781,177",48.70,48.75,48.10,48.10,-0.60,"3,350",2882
106/09/20,"7,952,179","383,515,359",48.20,48.40,48.10,48.25,+0.15,"3,059",2882
106/09/21,"22,961,144","1,125,372,106",48.25,49.20,48.10,49.20,+0.95,"7,687",2882
106/09/22,"16,925,258","819,756,682",49.00,49.00,48.20,48.30,-0.90,"4,867",2882
106/09/25,"8,890,846","428,817,244",48.60,48.60,48.05,48.25,-0.05,"4,938",2882
106/09/26,"9,856,346","475,649,940",48.15,48.45,48.15,48.25, 0.00,"2,960",2882
106/09/27,"7,921,571","384,180,167",48.30,48.80,48.25,48.55,+0.30,"3,975",2882
106/09/28,"17,276,752","833,987,392",48.40,48.80,47.80,47.80,-0.75,"6,378",2882
106/09/29,"9,695,036","467,265,528",48.10,48.45,48.00,48.20,+0.40,"4,088",2882
106/09/30,"2,590,573","125,062,593",48.40,48.50,48.15,48.20, 0.00,"1,150",2882
106/10/02,"6,208,659","299,901,083",48.20,48.50,48.20,48.30,+0.10,"2,517",2882
106/10/03,"12,997,894","628,932,897",48.25,48.60,48.05,48.35,+0.05,"5,033",2882
106/10/05,"6,053,882","293,614,602",48.30,48.60,48.20,48.55,+0.20,"2,294",2882
106/10/06,"7,734,661","376,584,072",48.55,48.80,48.50,48.70,+0.15,"3,208",2882
106/10/11,"20,822,823","1,024,017,137",49.15,49.30,49.10,49.20,+0.50,"7,184",2882
106/10/12,"9,693,223","475,681,037",49.20,49.25,48.90,49.00,-0.20,"3,674",2882
106/10/13,"7,616,571","373,752,879",49.00,49.15,49.00,49.15,+0.15,"2,402",2882
106/10/16,"15,331,197","754,288,198",49.20,49.40,48.90,49.40,+0.25,"4,632",2882
106/10/17,"15,773,194","781,536,908",49.40,49.75,49.35,49.70,+0.30,"5,009",2882
106/10/18,"21,214,741","1,042,175,486",49.65,49.70,48.95,49.15,-0.55,"7,739",2882
106/10/19,"7,123,083","351,081,414",49.25,49.45,49.10,49.35,+0.20,"2,611",2882
106/10/20,"10,434,353","511,245,954",49.25,49.25,48.80,48.90,-0.45,"3,821",2882
106/10/23,"8,125,818","400,874,856",49.10,49.50,49.10,49.50,+0.60,"2,931",2882
106/10/24,"9,442,885","463,837,604",49.50,49.50,48.90,49.15,-0.35,"2,898",2882
106/10/25,"16,459,711","815,582,621",49.40,49.70,49.30,49.60,+0.45,"3,505",2882
106/10/26,"5,796,819","285,997,975",49.60,49.60,49.20,49.20,-0.40,"2,478",2882
106/10/27,"35,609,558","1,779,074,155",49.50,50.20,49.40,49.80,+0.60,"9,058",2882
106/10/30,"21,277,925","1,067,727,995",50.10,50.50,50.00,50.00,+0.20,"5,666",2882
106/10/31,"15,759,728","788,021,278",49.80,50.20,49.70,49.80,-0.20,"4,156",2882
106/11/01,"12,006,361","602,658,250",50.00,50.40,50.00,50.20,+0.40,"5,214",2882
106/11/02,"9,867,139","494,356,241",50.10,50.30,49.95,50.10,-0.10,"4,061",2882
106/11/03,"7,297,914","365,802,100",50.10,50.20,50.00,50.20,+0.10,"2,305",2882
106/11/06,"8,502,343","425,073,421",49.95,50.20,49.80,50.00,-0.20,"3,670",2882
106/11/07,"8,456,992","420,815,042",50.00,50.10,49.65,49.80,-0.20,"3,679",2882
106/11/08,"6,835,275","339,067,188",49.65,49.80,49.50,49.50,-0.30,"2,834",2882
106/11/09,"14,669,182","723,152,200",49.45,49.65,48.90,49.20,-0.30,"4,275",2882
106/11/10,"5,366,446","264,566,048",49.25,49.40,49.15,49.30,+0.10,"1,834",2882
106/11/13,"13,670,008","680,726,900",49.35,50.10,49.30,49.80,+0.50,"3,648",2882
106/11/14,"18,795,023","936,899,366",50.20,50.30,49.50,49.55,-0.25,"5,903",2882
106/11/15,"22,573,774","1,129,708,351",50.40,50.40,49.80,49.80,+0.25,"9,046",2882
106/11/16,"10,302,047","513,770,438",49.85,50.00,49.70,49.70,-0.10,"4,193",2882
106/11/17,"14,266,165","711,209,776",50.00,50.00,49.60,49.70, 0.00,"4,334",2882
106/11/20,"28,816,515","1,453,877,293",49.95,50.70,49.90,50.50,+0.80,"7,313",2882
106/11/21,"94,989,375","5,002,502,244",50.60,54.10,50.60,53.80,+3.30,"24,582",2882
106/11/22,"67,294,494","3,686,499,583",54.70,56.00,53.80,54.00,+0.20,"22,400",2882
106/11/23,"30,930,034","1,681,302,036",54.60,55.00,53.70,54.30,+0.30,"10,558",2882
106/11/24,"17,568,570","941,204,156",54.00,54.00,53.30,53.60,-0.70,"6,026",2882
106/11/27,"18,029,114","949,160,288",53.60,53.60,52.20,52.40,-1.20,"6,953",2882
106/11/28,"22,165,075","1,155,086,157",52.30,52.90,51.60,52.20,-0.20,"7,681",2882
106/11/29,"19,131,695","1,010,596,743",53.00,53.30,52.40,52.60,+0.40,"6,130",2882
106/11/30,"31,827,886","1,656,108,534",52.90,53.00,51.70,51.70,-0.90,"7,332",2882
106/12/01,"62,658,943","3,360,701,522",52.00,54.80,51.90,54.30,+2.60,"21,231",2882
106/12/04,"38,777,113","2,113,304,256",54.70,55.20,53.00,55.00,+0.70,"12,821",2882
106/12/05,"58,505,152","3,245,968,815",54.60,56.20,54.40,54.50,-0.50,"18,575",2882
106/12/06,"29,210,118","1,574,398,270",54.30,54.40,53.50,53.70,-0.80,"9,291",2882
106/12/07,"20,059,703","1,062,617,851",53.40,53.60,52.60,52.80,-0.90,"7,170",2882
106/12/08,"15,493,610","827,776,408",53.20,53.90,52.90,53.50,+0.70,"5,214",2882
106/12/11,"13,765,187","741,062,366",53.80,54.40,53.50,53.50, 0.00,"4,970",2882
106/12/12,"18,107,213","958,090,189",53.10,53.40,52.70,53.00,-0.50,"5,882",2882
106/12/13,"15,732,397","842,197,977",53.10,54.10,53.10,53.30,+0.30,"5,479",2882
106/12/14,"23,328,226","1,261,648,528",53.90,54.40,53.60,54.30,+1.00,"6,790",2882
106/12/15,"21,752,957","1,167,475,939",53.80,54.10,53.40,53.70,-0.60,"4,629",2882
106/12/18,"8,131,998","435,559,740",53.90,53.90,53.30,53.40,-0.30,"3,658",2882
106/12/19,"24,258,091","1,311,010,614",53.40,54.40,53.30,54.40,+1.00,"7,239",2882
106/12/20,"16,910,540","918,579,254",54.40,54.90,53.80,54.00,-0.40,"5,922",2882
106/12/21,"8,358,907","451,326,060",54.40,54.50,53.80,53.80,-0.20,"3,665",2882
106/12/22,"11,922,952","642,176,478",54.40,54.50,53.50,53.90,+0.10,"4,828",2882
106/12/25,"8,392,149","449,568,517",54.00,54.10,53.30,53.50,-0.40,"3,892",2882
106/12/26,"9,393,793","500,747,789",53.50,53.90,52.80,52.90,-0.60,"3,392",2882
106/12/27,"8,343,850","445,641,602",52.90,53.90,52.90,53.80,+0.90,"2,960",2882
106/12/28,"11,357,843","611,209,244",53.80,54.20,53.50,53.80, 0.00,"3,765",2882
106/12/29,"16,025,180","860,102,647",53.80,54.40,53.00,53.50,-0.30,"4,907",2882
107/01/02,"15,815,336","854,169,244",53.40,54.40,53.30,54.20,+0.70,"6,568",2882
107/01/03,"32,123,721","1,767,027,945",54.80,55.40,54.30,55.20,+1.00,"11,946",2882
107/01/04,"17,321,761","955,005,609",55.30,55.40,54.50,55.40,+0.20,"7,718",2882
107/01/05,"22,221,913","1,232,707,178",55.30,55.80,55.00,55.70,+0.30,"7,550",2882
107/01/08,"22,253,987","1,236,187,693",55.80,55.80,55.00,55.70, 0.00,"9,726",2882
107/01/09,"12,742,940","707,716,620",55.70,55.80,55.20,55.80,+0.10,"5,157",2882
107/01/10,"32,365,670","1,817,048,526",56.50,56.70,55.60,55.60,-0.20,"10,669",2882
107/01/11,"16,238,278","897,478,653",55.80,55.90,55.00,55.40,-0.20,"6,250",2882
107/01/12,"11,994,485","667,971,883",55.50,55.90,55.30,55.60,+0.20,"5,454",2882
107/01/15,"24,899,376","1,403,239,503",56.00,56.60,55.90,56.50,+0.90,"8,525",2882
107/01/16,"17,469,879","988,455,688",56.50,56.80,56.20,56.60,+0.10,"5,294",2882
107/01/17,"17,042,147","955,808,832",56.30,56.40,55.80,56.30,-0.30,"5,431",2882
107/01/18,"14,582,079","818,172,743",56.50,56.50,55.80,55.90,-0.40,"4,139",2882
107/01/19,"10,183,237","569,829,413",55.70,56.20,55.60,56.00,+0.10,"3,549",2882
107/01/22,"18,754,752","1,043,341,910",55.80,56.10,55.20,55.60,-0.40,"6,079",2882
107/01/23,"15,109,737","844,080,059",55.80,56.50,55.30,56.00,+0.40,"5,141",2882
107/01/24,"18,590,391","1,029,797,095",55.80,55.90,55.00,55.70,-0.30,"7,136",2882
107/01/25,"17,934,417","998,621,502",55.70,56.10,55.20,55.60,-0.10,"5,885",2882
107/01/26,"23,104,756","1,265,566,867",55.30,55.30,54.50,54.70,-0.90,"8,699",2882
107/01/29,"16,010,037","879,799,668",55.00,55.20,54.60,55.20,+0.50,"5,561",2882
107/01/30,"13,049,295","714,272,688",55.00,55.10,54.40,54.40,-0.80,"4,721",2882
107/01/31,"17,696,736","964,780,493",54.00,55.00,53.80,54.60,+0.20,"4,477",2882
107/02/01,"10,666,353","586,057,716",54.70,55.20,54.60,54.80,+0.20,"3,334",2882
107/02/02,"9,381,541","512,792,463",54.50,55.00,54.40,54.70,-0.10,"3,325",2882
107/02/05,"14,671,051","789,818,301",53.50,54.10,53.50,54.10,-0.60,"5,281",2882
107/02/06,"38,452,497","1,972,706,147",52.10,52.50,50.50,50.80,-3.30,"12,768",2882
107/02/07,"27,633,771","1,455,338,535",52.40,53.50,52.00,52.70,+1.90,"9,190",2882
107/02/08,"14,356,310","764,486,653",53.30,53.50,52.80,53.30,+0.60,"5,567",2882
107/02/09,"22,072,666","1,163,314,182",52.10,53.30,52.00,52.80,-0.50,"8,082",2882
107/02/12,"17,578,655","940,077,715",53.80,53.80,53.00,53.00,+0.20,"6,275",2882
107/02/21,"22,747,623","1,228,779,401",54.20,54.30,53.60,54.00,+1.00,"8,521",2882
107/02/22,"16,171,778","872,872,312",53.50,54.40,53.20,54.20,+0.20,"5,743",2882
107/02/23,"13,651,216","744,764,231",54.40,54.80,54.20,54.70,+0.50,"5,242",2882
107/02/26,"9,892,736","540,334,232",54.80,54.90,54.30,54.30,-0.40,"4,828",2882
107/02/27,"16,468,148","898,197,302",54.60,54.80,54.40,54.50,+0.20,"4,945",2882
107/03/01,"16,612,906","895,716,678",53.50,54.30,53.50,53.90,-0.60,"7,598",2882
107/03/02,"16,723,410","890,514,715",53.30,53.70,53.00,53.30,-0.60,"6,436",2882
107/03/05,"14,380,799","760,377,984",53.40,53.50,52.50,52.60,-0.70,"5,345",2882
107/03/06,"9,482,809","501,203,671",53.30,53.30,52.60,52.80,+0.20,"5,253",2882
107/03/07,"9,232,266","486,562,853",52.50,53.00,52.50,52.50,-0.30,"4,037",2882
107/03/08,"11,179,645","588,178,866",52.80,52.90,52.40,52.40,-0.10,"4,229",2882
107/03/09,"13,849,900","723,322,143",52.50,52.70,52.00,52.00,-0.40,"5,921",2882
107/03/12,"26,830,200","1,453,781,874",52.80,54.70,52.60,54.50,+2.50,"8,777",2882
107/03/13,"19,328,996","1,045,532,021",54.30,54.50,53.80,53.90,-0.60,"5,601",2882
107/03/14,"12,153,162","654,740,191",53.60,54.00,53.50,53.90, 0.00,"4,425",2882
107/03/15,"9,247,457","496,644,462",53.60,54.00,53.40,53.40,-0.50,"3,390",2882
107/03/16,"22,625,978","1,207,712,375",53.10,54.00,53.10,53.40, 0.00,"4,946",2882
107/03/19,"8,386,307","448,165,262",53.40,53.70,53.20,53.60,+0.20,"3,749",2882
107/03/20,"12,034,093","641,994,110",53.30,53.60,53.20,53.20,-0.40,"5,506",2882
107/03/21,"9,749,804","521,154,793",53.50,53.70,53.30,53.40,+0.20,"4,829",2882
107/03/22,"17,172,406","920,775,260",53.50,54.20,53.10,53.40, 0.00,"5,743",2882
107/03/23,"22,780,073","1,196,855,415",52.60,53.00,52.10,52.20,-1.20,"7,723",2882
107/03/26,"8,504,389","446,088,088",52.20,52.80,52.10,52.80,+0.60,"3,519",2882
107/03/27,"7,149,945","380,403,237",53.10,53.30,53.10,53.30,+0.50,"3,367",2882
107/03/28,"6,631,090","348,800,001",53.00,53.00,52.30,52.50,-0.80,"3,031",2882
107/03/29,"13,176,802","685,724,584",52.40,52.50,51.80,51.80,-0.70,"5,027",2882
107/03/30,"10,380,526","541,227,452",52.30,52.40,51.90,51.90,+0.10,"4,112",2882
107/03/31,"4,060,454","212,922,062",52.20,52.70,52.00,52.50,+0.60,"1,388",2882
107/04/02,"5,603,404","294,066,788",52.70,52.70,52.20,52.50, 0.00,"2,229",2882
107/04/03,"9,613,464","499,939,128",52.10,52.20,51.80,52.00,-0.50,"4,134",2882
107/04/09,"11,049,132","581,274,706",52.60,53.00,52.10,53.00,+1.00,"4,265",2882
107/04/10,"31,053,319","1,654,301,507",53.00,53.90,52.60,53.00, 0.00,"6,758",2882
107/04/11,"12,376,873","660,972,617",53.60,53.80,53.10,53.30,+0.30,"5,254",2882
107/04/12,"10,189,630","542,173,819",53.60,53.70,53.00,53.30, 0.00,"3,503",2882
107/04/13,"9,730,057","514,866,266",53.50,53.50,52.70,52.80,-0.50,"3,414",2882
107/04/16,"8,319,654","438,450,910",52.80,53.00,52.50,52.50,-0.30,"3,535",2882
107/04/17,"16,888,371","875,797,022",52.50,52.70,51.60,51.60,-0.90,"6,383",2882
107/04/18,"14,882,875","771,627,600",52.00,52.40,51.50,52.00,+0.40,"5,566",2882
107/04/19,"19,063,331","1,001,807,250",52.00,52.90,52.00,52.90,+0.90,"5,934",2882
107/04/20,"10,233,680","537,317,982",52.80,52.80,52.20,52.50,-0.40,"3,044",2882
107/04/23,"10,406,015","546,549,253",52.20,52.80,52.20,52.50, 0.00,"2,985",2882
107/04/24,"10,370,094","546,418,599",52.80,52.90,52.40,52.50, 0.00,"3,533",2882
107/04/25,"26,654,687","1,384,791,446",52.30,52.50,51.70,52.20,-0.30,"8,040",2882
107/04/26,"21,040,927","1,100,733,344",52.60,52.80,52.00,52.80,+0.60,"4,513",2882
107/04/27,"20,190,914","1,077,577,030",53.20,53.70,53.10,53.50,+0.70,"7,134",2882
107/04/30,"10,100,426","542,891,817",53.80,54.00,53.40,53.50, 0.00,"3,624",2882
107/05/02,"12,811,907","684,391,203",53.20,53.80,53.10,53.50, 0.00,"5,355",2882
107/05/03,"11,531,521","611,967,421",53.30,53.80,52.80,52.90,-0.60,"5,404",2882
107/05/04,"10,548,223","557,616,862",52.70,53.00,52.70,52.80,-0.10,"2,656",2882
107/05/07,"14,149,062","750,901,036",53.40,53.40,52.80,53.00,+0.20,"3,944",2882
107/05/08,"18,350,667","978,154,547",53.00,53.50,52.90,53.50,+0.50,"4,840",2882
107/05/09,"13,431,774","720,385,882",53.50,53.80,53.50,53.60,+0.10,"6,060",2882
107/05/10,"17,457,918","931,902,660",53.60,53.80,53.10,53.30,-0.30,"7,627",2882
107/05/11,"27,810,084","1,510,286,698",53.60,54.70,53.60,54.60,+1.30,"10,670",2882
107/05/14,"14,683,155","805,862,515",54.80,55.00,54.60,55.00,+0.40,"6,340",2882
107/05/15,"18,238,343","992,832,422",55.00,55.10,54.00,54.00,-1.00,"6,388",2882
107/05/16,"18,765,990","1,027,693,205",54.60,55.00,54.40,54.90,+0.90,"4,867",2882
107/05/17,"14,650,081","804,980,487",55.00,55.40,54.50,54.90, 0.00,"5,502",2882
107/05/18,"15,288,612","834,650,148",54.90,54.90,54.40,54.40,-0.50,"5,245",2882
107/05/21,"11,385,495","623,887,118",54.60,55.00,54.50,55.00,+0.60,"4,995",2882
107/05/22,"9,028,106","495,075,745",54.90,55.00,54.70,54.70,-0.30,"3,779",2882
107/05/23,"12,280,601","667,249,554",55.00,55.10,53.90,54.00,-0.70,"5,142",2882
107/05/24,"10,885,640","590,340,080",54.40,54.50,54.00,54.20,+0.20,"5,427",2882
107/05/25,"10,112,938","546,713,396",54.30,54.40,53.90,53.90,-0.30,"4,096",2882
107/05/28,"10,468,660","564,742,224",53.90,54.20,53.80,54.10,+0.20,"5,715",2882
107/05/29,"8,982,523","485,917,242",54.10,54.40,53.80,54.10, 0.00,"3,992",2882
107/05/30,"26,424,947","1,400,379,491",53.50,53.50,52.70,52.90,-1.20,"8,967",2882
107/05/31,"34,218,025","1,833,160,193",53.50,53.80,53.30,53.60,+0.70,"4,749",2882
107/06/01,"10,980,132","585,077,509",53.60,53.70,53.10,53.50,-0.10,"5,167",2882
107/06/04,"10,037,419","540,426,490",53.70,54.00,53.50,54.00,+0.50,"3,797",2882
107/06/05,"11,240,021","609,708,134",54.10,54.50,53.80,54.30,+0.30,"3,922",2882
107/06/06,"15,382,863","841,296,197",54.50,54.90,54.40,54.90,+0.60,"4,115",2882
107/06/07,"18,082,515","995,184,166",55.20,55.20,54.70,55.00,+0.10,"6,158",2882
107/06/08,"13,910,923","765,375,745",55.20,55.30,54.50,55.00, 0.00,"4,335",2882
107/06/11,"11,763,813","649,464,725",55.10,55.50,54.70,55.40,+0.40,"3,852",2882
107/06/12,"17,668,412","977,429,765",55.30,55.80,55.00,55.10,-0.30,"4,321",2882
107/06/13,"17,541,767","973,605,076",55.10,56.00,55.00,55.50,+0.40,"7,324",2882
107/06/14,"23,352,215","1,288,484,227",55.40,55.70,54.50,54.50,-1.00,"6,351",2882
107/06/15,"29,775,957","1,634,207,135",54.40,55.30,54.30,55.30,+0.80,"6,661",2882
107/06/19,"32,850,372","1,801,658,373",54.30,55.50,54.20,55.00,-0.30,"9,233",2882
107/06/20,"25,190,698","1,395,420,518",55.00,55.90,54.50,55.50,+0.50,"9,195",2882
107/06/21,"24,137,191","1,350,721,757",56.00,56.30,55.60,55.90,+0.40,"7,826",2882
107/06/22,"21,650,101","1,211,078,527",55.80,56.20,55.60,56.00,+0.10,"8,427",2882
107/06/25,"24,740,619","1,380,926,790",56.00,56.10,55.60,55.60,-0.40,"5,888",2882
107/06/26,"20,163,127","1,073,378,123",53.20,53.60,53.00,53.00,X0.00,"6,514",2882
107/06/27,"20,241,958","1,069,989,527",53.20,53.30,52.60,52.80,-0.20,"7,155",2882
107/06/28,"14,365,225","759,486,501",52.50,53.20,52.50,53.00,+0.20,"3,174",2882
107/06/29,"16,849,162","901,975,852",53.00,54.00,53.00,53.80,+0.80,"4,758",2882
107/07/02,"13,759,919","734,373,779",53.40,53.80,53.10,53.20,-0.60,"4,242",2882
107/07/03,"23,991,496","1,257,202,932",53.20,53.30,51.80,52.10,-1.10,"7,112",2882
107/07/04,"15,829,189","817,866,783",52.00,52.10,51.40,51.90,-0.20,"6,159",2882
107/07/05,"18,633,662","954,717,256",51.70,51.80,50.90,51.40,-0.50,"7,601",2882
107/07/06,"17,445,871","887,791,581",51.10,51.20,50.60,51.00,-0.40,"6,166",2882
107/07/09,"13,921,766","714,946,738",51.50,51.70,51.00,51.70,+0.70,"6,324",2882
107/07/10,"10,773,224","556,925,569",52.00,52.10,51.20,51.80,+0.10,"5,573",2882
107/07/11,"16,636,351","849,602,522",51.40,51.50,50.80,51.20,-0.60,"6,591",2882
107/07/12,"15,994,261","826,314,872",51.30,52.10,51.00,52.10,+0.90,"5,990",2882
107/07/13,"11,747,984","610,876,330",52.30,52.30,51.80,52.20,+0.10,"5,739",2882
107/07/16,"7,404,124","385,233,048",52.30,52.30,51.80,52.00,-0.20,"3,570",2882
107/07/17,"6,677,047","348,938,924",52.20,52.40,52.00,52.20,+0.20,"3,260",2882
107/07/18,"9,914,284","522,079,648",52.50,52.80,52.30,52.70,+0.50,"3,755",2882
107/07/19,"8,157,880","427,158,430",52.70,52.70,52.10,52.40,-0.30,"2,514",2882
107/07/20,"8,328,981","436,808,269",52.70,52.80,52.20,52.30,-0.10,"3,474",2882
107/07/23,"8,111,569","424,963,062",52.50,52.60,52.30,52.30, 0.00,"2,466",2882
107/07/24,"10,858,748","564,754,015",52.30,52.40,51.70,52.10,-0.20,"3,414",2882
107/07/25,"11,634,475","605,691,991",51.90,52.40,51.80,52.10, 0.00,"3,894",2882
107/07/26,"13,224,311","686,047,355",52.20,52.20,51.60,52.10, 0.00,"5,307",2882
107/07/27,"7,150,130","373,127,960",51.90,52.40,51.80,52.40,+0.30,"2,397",2882
107/07/30,"8,417,515","439,358,143",52.40,52.50,52.00,52.20,-0.20,"2,859",2882
107/07/31,"13,424,201","705,458,447",51.90,52.70,51.90,52.70,+0.50,"5,252",2882
107/08/01,"8,109,779","425,667,579",52.60,52.80,52.30,52.50,-0.20,"2,982",2882
107/08/02,"7,831,577","408,412,433",52.20,52.50,52.00,52.00,-0.50,"3,103",2882
107/08/03,"10,754,170","566,067,602",52.40,52.80,52.20,52.80,+0.80,"3,734",2882
107/08/06,"5,511,014","291,386,391",52.80,53.00,52.50,53.00,+0.20,"1,702",2882
107/08/07,"5,006,672","263,723,349",52.80,53.00,52.50,52.50,-0.50,"2,075",2882
107/08/08,"7,084,809","375,557,893",52.90,53.20,52.80,53.00,+0.50,"2,922",2882
107/08/09,"8,478,486","447,900,281",53.10,53.20,52.50,52.70,-0.30,"3,859",2882
107/08/10,"7,441,906","393,549,672",52.60,53.20,52.60,53.00,+0.30,"3,103",2882
107/08/13,"11,428,995","597,259,340",52.80,52.80,51.90,52.00,-1.00,"5,097",2882
107/08/14,"10,455,632","544,121,364",52.00,52.30,51.90,52.20,+0.20,"5,207",2882
107/08/15,"5,146,796","267,394,061",52.20,52.30,51.80,51.90,-0.30,"2,705",2882
107/08/16,"12,382,514","636,755,950",51.70,51.70,51.20,51.50,-0.40,"4,764",2882
107/08/17,"8,999,071","466,063,043",51.80,52.00,51.60,51.80,+0.30,"2,875",2882
107/08/20,"15,087,465","777,717,232",51.60,51.90,51.30,51.30,-0.50,"7,548",2882
107/08/21,"12,313,134","635,758,217",51.70,51.90,51.40,51.90,+0.60,"5,665",2882
107/08/22,"9,571,378","496,045,681",51.80,52.10,51.50,52.10,+0.20,"3,441",2882
107/08/23,"7,672,252","399,567,848",52.10,52.50,51.80,52.50,+0.40,"2,980",2882
107/08/24,"10,624,412","559,310,645",52.40,52.80,52.30,52.80,+0.30,"3,997",2882
107/08/27,"8,762,832","463,444,319",53.00,53.00,52.70,52.80, 0.00,"3,012",2882
107/08/28,"8,550,766","451,647,194",53.00,53.00,52.60,52.70,-0.10,"2,484",2882
107/08/29,"8,672,747","455,034,711",52.50,52.60,52.20,52.60,-0.10,"3,970",2882
107/08/30,"8,533,389","446,598,371",52.60,52.70,52.20,52.20,-0.40,"3,805",2882
107/08/31,"12,872,519","673,698,657",52.00,52.60,51.90,52.60,+0.40,"3,304",2882
107/09/03,"6,788,053","353,326,356",52.20,52.30,51.90,52.00,-0.60,"2,905",2882
107/09/04,"8,059,153","421,497,422",52.00,52.50,52.00,52.20,+0.20,"2,659",2882
107/09/05,"9,401,602","487,407,143",52.00,52.10,51.70,51.80,-0.40,"3,907",2882
107/09/06,"11,624,673","599,985,237",51.50,51.90,51.30,51.50,-0.30,"3,930",2882
107/09/07,"11,634,262","595,037,913",51.20,51.40,51.00,51.20,-0.30,"4,781",2882
107/09/10,"11,926,385","607,300,035",51.30,51.40,50.60,50.90,-0.30,"5,080",2882
107/09/11,"22,014,611","1,111,945,035",50.90,50.90,50.30,50.50,-0.40,"8,189",2882
107/09/12,"12,016,173","607,309,225",50.50,50.70,50.40,50.50, 0.00,"4,654",2882
107/09/13,"11,222,866","568,373,580",50.70,50.90,50.50,50.50, 0.00,"3,275",2882
107/09/14,"11,279,223","575,616,176",51.00,51.30,50.70,51.20,+0.70,"3,632",2882
107/09/17,"9,511,116","485,431,101",50.90,51.20,50.80,51.20, 0.00,"2,771",2882
107/09/18,"12,977,591","661,426,566",50.80,51.20,50.70,50.90,-0.30,"3,237",2882
107/09/19,"12,578,013","646,027,035",51.10,51.60,51.10,51.40,+0.50,"3,641",2882
107/09/20,"18,781,998","977,289,196",51.60,52.40,51.50,52.20,+0.80,"6,216",2882
107/09/21,"23,956,673","1,263,168,819",52.30,53.00,51.90,52.90,+0.70,"6,294",2882
107/09/25,"11,521,078","609,969,979",53.20,53.20,52.70,52.80,-0.10,"3,137",2882
107/09/26,"8,748,777","461,099,275",52.60,53.00,52.30,53.00,+0.20,"2,652",2882
107/09/27,"12,413,277","654,770,071",52.70,53.10,52.30,52.80,-0.20,"4,501",2882
107/09/28,"13,531,500","712,631,122",52.70,53.20,52.40,52.50,-0.30,"4,154",2882
107/10/01,"6,771,536","358,021,270",52.90,53.00,52.70,52.90,+0.40,"3,192",2882
107/10/02,"10,351,470","543,349,108",52.60,52.80,52.20,52.30,-0.60,"4,268",2882
107/10/03,"12,180,926","635,997,112",52.20,52.50,52.10,52.20,-0.10,"4,033",2882
107/10/04,"17,417,057","903,206,918",52.10,52.30,51.60,51.70,-0.50,"5,495",2882
107/10/05,"24,040,964","1,232,993,693",51.50,51.60,50.90,51.20,-0.50,"7,584",2882
107/10/08,"11,500,861","595,082,994",51.20,52.00,51.10,51.90,+0.70,"3,402",2882
107/10/09,"16,598,142","871,337,087",51.70,52.80,51.60,52.40,+0.50,"4,457",2882
107/10/11,"39,217,217","1,977,750,958",50.50,51.30,50.10,50.10,-2.30,"13,377",2882
107/10/12,"25,622,818","1,284,845,976",49.80,50.80,49.35,50.60,+0.50,"6,548",2882
107/10/15,"20,919,485","1,045,653,466",50.00,50.40,49.75,50.00,-0.60,"5,429",2882
107/10/16,"18,056,605","904,395,224",50.00,50.40,49.85,50.40,+0.40,"4,097",2882
107/10/17,"12,842,302","643,199,800",50.50,50.80,49.95,50.00,-0.40,"4,882",2882
107/10/18,"14,659,981","731,603,095",50.00,50.10,49.75,50.00, 0.00,"3,809",2882
107/10/19,"18,442,876","921,521,386",49.65,50.40,49.30,50.30,+0.30,"4,725",2882
107/10/22,"5,670,299","283,890,165",50.00,50.30,49.70,50.30, 0.00,"1,854",2882
107/10/23,"18,971,370","939,498,862",49.80,50.00,49.30,49.30,-1.00,"4,846",2882
107/10/24,"12,377,780","610,192,132",49.35,49.75,49.00,49.75,+0.45,"5,213",2882
107/10/25,"17,917,448","873,243,624",48.60,48.95,48.50,48.70,-1.05,"6,406",2882
107/10/26,"32,982,202","1,571,711,425",48.70,48.70,47.00,47.40,-1.30,"14,562",2882
107/10/29,"16,671,988","788,314,510",47.50,48.00,47.00,47.50,+0.10,"6,418",2882
107/10/30,"12,010,207","578,177,572",48.05,48.40,47.80,48.35,+0.85,"4,377",2882
107/10/31,"15,625,039","760,794,961",48.45,49.00,48.35,49.00,+0.65,"5,307",2882
107/11/01,"11,470,497","557,930,516",48.50,48.80,48.40,48.75,-0.25,"3,805",2882
107/11/02,"11,028,341","540,436,515",48.90,49.50,48.45,49.50,+0.75,"3,270",2882
107/11/05,"6,874,202","338,610,946",48.90,49.60,48.80,49.60,+0.10,"2,489",2882
107/11/06,"9,757,784","482,746,945",49.70,49.70,49.25,49.40,-0.20,"3,239",2882
107/11/07,"13,197,058","659,732,811",49.70,50.40,49.60,50.10,+0.70,"3,929",2882
107/11/08,"19,312,978","979,384,650",50.40,51.00,50.10,50.90,+0.80,"5,823",2882
107/11/09,"15,149,288","768,188,679",50.60,51.10,50.10,51.00,+0.10,"3,874",2882
107/11/12,"5,669,264","288,305,455",50.80,51.10,50.50,50.80,-0.20,"1,898",2882
107/11/13,"9,329,337","466,880,635",49.40,50.50,49.35,50.20,-0.60,"3,414",2882
107/11/14,"5,392,225","271,609,113",50.40,50.50,50.20,50.40,+0.20,"2,125",2882
107/11/15,"10,306,165","521,299,385",50.70,50.90,50.30,50.80,+0.40,"3,516",2882
107/11/16,"8,629,242","437,155,417",50.80,50.80,50.50,50.70,-0.10,"2,815",2882
107/11/19,"8,667,522","440,234,031",50.80,51.00,50.40,51.00,+0.30,"3,154",2882
107/11/20,"7,554,409","381,090,300",50.70,50.80,50.20,50.20,-0.80,"3,278",2882
107/11/21,"11,791,992","591,146,564",50.10,50.50,49.75,50.20, 0.00,"4,354",2882
107/11/22,"5,655,778","283,961,752",50.40,50.50,50.00,50.40,+0.20,"2,475",2882
107/11/23,"9,147,842","457,650,572",50.00,50.30,49.90,49.95,-0.45,"3,531",2882
107/11/26,"24,339,207","1,210,130,836",49.75,50.50,49.40,49.55,-0.40,"8,171",2882
107/11/27,"16,595,639","815,042,928",49.40,49.50,49.00,49.05,-0.50,"5,423",2882
107/11/28,"25,347,386","1,236,210,692",49.05,49.30,48.60,48.80,-0.25,"10,254",2882
107/11/29,"19,767,015","964,566,302",49.35,49.35,48.55,48.55,-0.25,"7,608",2882
107/11/30,"27,846,842","1,354,058,040",48.55,48.95,48.50,48.55, 0.00,"6,963",2882
107/12/03,"12,083,787","593,354,389",49.00,49.20,49.00,49.10,+0.55,"4,342",2882
107/12/04,"18,805,984","914,478,412",48.10,48.95,48.10,48.95,-0.15,"5,927",2882
107/12/05,"13,838,673","669,255,987",48.45,48.80,48.15,48.40,-0.55,"5,414",2882
107/12/06,"16,154,988","777,487,036",48.40,48.45,47.95,48.25,-0.15,"5,526",2882
107/12/07,"8,832,132","425,291,187",48.45,48.45,48.00,48.15,-0.10,"3,306",2882
107/12/10,"11,678,578","555,834,554",47.60,47.80,47.50,47.60,-0.55,"3,885",2882
107/12/11,"11,154,995","530,685,052",47.55,47.75,47.45,47.60, 0.00,"3,539",2882
107/12/12,"31,628,358","1,499,409,184",47.95,48.00,47.20,47.50,-0.10,"8,763",2882
107/12/13,"14,023,699","673,110,992",47.65,48.25,47.60,48.25,+0.75,"5,721",2882
107/12/14,"18,828,400","896,842,312",47.90,47.90,47.55,47.55,-0.70,"6,419",2882
107/12/17,"7,698,528","367,266,906",47.85,47.95,47.55,47.70,+0.15,"3,132",2882
107/12/18,"15,003,190","709,413,674",47.50,47.60,47.10,47.20,-0.50,"5,566",2882
107/12/19,"13,871,924","652,854,805",47.45,47.45,46.80,47.25,+0.05,"5,793",2882
107/12/20,"14,649,780","691,236,439",47.25,47.70,46.90,47.00,-0.25,"5,047",2882
107/12/21,"15,258,272","715,736,084",46.90,47.00,46.80,46.95,-0.05,"4,154",2882
107/12/22,"1,930,561","90,548,941",47.00,47.00,46.85,46.85,-0.10,946,2882
107/12/24,"11,810,225","547,804,027",46.70,46.80,46.20,46.50,-0.35,"5,277",2882
107/12/25,"8,945,382","411,515,523",46.00,46.10,45.90,46.00,-0.50,"3,984",2882
107/12/26,"4,538,742","209,217,126",46.05,46.40,46.00,46.00, 0.00,"2,221",2882
107/12/27,"7,739,469","360,107,208",46.50,46.70,46.30,46.70,+0.70,"3,917",2882
107/12/28,"7,632,725","357,493,425",46.75,47.00,46.40,47.00,+0.30,"2,859",2882
108/01/02,"12,388,695","573,849,589",47.20,47.25,45.90,45.90,-1.10,"5,389",2882
108/01/03,"17,509,748","794,866,519",45.80,45.85,45.15,45.15,-0.75,"8,154",2882
108/01/04,"16,109,879","719,409,113",44.70,44.95,44.30,44.55,-0.60,"6,021",2882
108/01/07,"18,144,219","821,952,417",45.10,45.55,44.95,45.20,+0.65,"5,002",2882
108/01/08,"7,596,516","344,219,218",45.55,45.60,45.10,45.15,-0.05,"3,403",2882
108/01/09,"25,489,207","1,169,091,882",45.60,46.10,45.35,45.95,+0.80,"7,924",2882
108/01/10,"12,154,327","557,729,039",45.95,46.00,45.80,45.85,-0.10,"5,079",2882
108/01/11,"14,953,513","683,873,121",45.80,46.00,45.50,45.55,-0.30,"5,885",2882
108/01/14,"23,814,687","1,063,206,318",45.15,45.15,44.40,44.40,-1.15,"9,597",2882
108/01/15,"39,391,266","1,734,652,829",44.40,44.40,43.70,43.75,-0.65,"14,715",2882
108/01/16,"33,047,249","1,438,413,758",43.75,43.85,43.35,43.60,-0.15,"11,181",2882
108/01/17,"24,781,401","1,085,024,844",43.55,43.95,43.50,43.80,+0.20,"7,685",2882
108/01/18,"24,994,401","1,088,632,886",43.90,43.90,43.35,43.50,-0.30,"8,963",2882
108/01/21,"16,859,113","738,985,072",43.65,44.00,43.60,43.80,+0.30,"6,313",2882
108/01/22,"18,078,066","797,115,085",43.90,44.30,43.90,44.20,+0.40,"5,982",2882
108/01/23,"16,316,761","715,281,024",43.80,44.05,43.75,43.75,-0.45,"6,631",2882
108/01/24,"16,917,410","737,891,998",43.80,43.90,43.50,43.55,-0.20,"6,611",2882
108/01/25,"21,646,449","943,770,821",43.55,43.80,43.50,43.50,-0.05,"7,696",2882
108/01/28,"26,722,390","1,163,930,731",43.60,43.80,43.35,43.80,+0.30,"7,568",2882
108/01/29,"17,247,552","754,782,838",43.70,43.90,43.55,43.90,+0.10,"5,311",2882
108/01/30,"28,615,674","1,249,834,259",43.85,43.90,43.60,43.60,-0.30,"9,348",2882
108/02/11,"22,238,946","971,205,234",43.85,44.00,43.55,43.55,-0.05,"7,248",2882
108/02/12,"22,562,216","990,313,154",43.60,44.20,43.55,43.90,+0.35,"8,419",2882
108/02/13,"19,855,269","875,894,647",43.95,44.40,43.90,44.30,+0.40,"7,849",2882
108/02/14,"20,918,025","931,880,828",44.30,44.70,44.25,44.55,+0.25,"7,455",2882
108/02/15,"14,033,534","623,578,094",44.55,44.65,44.20,44.20,-0.35,"5,503",2882
108/02/18,"18,514,026","823,445,126",44.30,44.65,44.30,44.40,+0.20,"5,355",2882
108/02/19,"10,329,499","460,855,471",44.65,44.70,44.50,44.60,+0.20,"4,103",2882
108/02/20,"17,460,123","785,508,814",44.75,45.20,44.70,45.15,+0.55,"6,642",2882
108/02/21,"14,780,572","667,771,543",45.15,45.40,45.00,45.40,+0.25,"5,414",2882
108/02/22,"12,877,583","582,598,056",45.30,45.40,45.10,45.40, 0.00,"4,411",2882
108/02/25,"11,333,842","515,607,755",45.45,45.60,45.40,45.55,+0.15,"4,614",2882
108/02/26,"15,737,860","716,681,009",45.60,45.65,45.50,45.50,-0.05,"4,465",2882
108/02/27,"21,594,374","977,628,751",45.50,45.55,45.05,45.30,-0.20,"6,991",2882
108/03/04,"33,691,438","1,497,981,658",43.95,45.00,43.95,44.90,-0.40,"10,185",2882
108/03/05,"14,515,878","650,865,441",44.70,45.05,44.60,44.60,-0.30,"4,450",2882
108/03/06,"9,682,921","435,180,245",44.90,45.00,44.75,44.95,+0.35,"3,978",2882
108/03/07,"16,035,535","716,664,494",44.90,44.90,44.55,44.65,-0.30,"5,808",2882
108/03/08,"11,344,406","504,862,675",44.60,44.65,44.40,44.45,-0.20,"4,841",2882
108/03/11,"12,941,851","575,840,339",44.45,44.70,44.30,44.40,-0.05,"4,334",2882
108/03/12,"15,567,977","700,832,915",44.80,45.20,44.75,45.00,+0.60,"6,155",2882
108/03/13,"8,231,893","371,160,220",45.00,45.20,45.00,45.15,+0.15,"3,816",2882
108/03/14,"9,454,680","427,150,910",45.20,45.30,45.05,45.10,-0.05,"3,644",2882
108/03/15,"24,243,727","1,099,713,423",45.20,45.50,45.05,45.45,+0.35,"5,726",2882
108/03/18,"14,239,599","650,079,786",45.50,45.80,45.50,45.80,+0.35,"4,966",2882
108/03/19,"31,948,973","1,487,667,841",46.00,46.80,46.00,46.65,+0.85,"10,243",2882
108/03/20,"21,676,582","1,016,141,289",46.90,47.00,46.70,46.95,+0.30,"7,136",2882
108/03/21,"14,281,859","667,034,812",47.00,47.00,46.50,46.75,-0.20,"5,320",2882
108/03/22,"26,050,354","1,204,590,378",46.75,46.75,45.90,46.20,-0.55,"8,027",2882
108/03/25,"18,160,564","824,497,889",45.45,45.50,45.30,45.40,-0.80,"6,354",2882
108/03/26,"17,470,215","791,742,422",45.40,45.55,45.15,45.25,-0.15,"6,644",2882
108/03/27,"29,356,132","1,309,774,410",45.00,45.00,44.50,44.50,-0.75,"13,280",2882
108/03/28,"36,170,131","1,594,103,372",44.30,44.30,44.00,44.00,-0.50,"13,443",2882
108/03/29,"25,229,028","1,125,302,264",44.15,44.95,44.10,44.95,+0.95,"6,856",2882
108/04/01,"14,878,783","665,692,472",44.95,45.10,44.50,44.50,-0.45,"7,901",2882
108/04/02,"10,855,057","487,327,660",44.90,45.10,44.75,44.80,+0.30,"3,541",2882
108/04/03,"12,602,318","565,424,454",45.00,45.00,44.75,44.80, 0.00,"4,538",2882
108/04/08,"35,684,345","1,583,331,254",44.70,44.70,44.30,44.30,-0.50,"11,564",2882
108/04/09,"27,032,342","1,196,583,341",44.20,44.45,44.15,44.30, 0.00,"7,198",2882
108/04/10,"21,825,753","965,363,604",44.20,44.40,44.10,44.20,-0.10,"7,354",2882
108/04/11,"23,939,926","1,061,551,586",44.35,44.70,44.15,44.15,-0.05,"7,368",2882
108/04/12,"14,977,391","661,647,777",44.15,44.30,44.10,44.10,-0.05,"5,471",2882
108/04/15,"15,799,568","699,097,965",44.35,44.35,44.15,44.15,+0.05,"5,578",2882
108/04/16,"20,052,620","883,662,799",44.10,44.15,44.00,44.10,-0.05,"6,739",2882
108/04/17,"18,296,315","807,304,014",44.10,44.25,44.00,44.10, 0.00,"6,920",2882
108/04/18,"18,186,595","802,311,903",44.15,44.20,44.00,44.20,+0.10,"5,556",2882
108/04/19,"7,945,035","352,655,254",44.40,44.50,44.30,44.35,+0.15,"3,974",2882
108/04/22,"5,204,883","231,281,212",44.55,44.55,44.35,44.35, 0.00,"2,374",2882
108/04/23,"9,736,682","431,456,234",44.40,44.40,44.20,44.35, 0.00,"3,568",2882
108/04/24,"12,277,584","544,797,836",44.50,44.50,44.30,44.30,-0.05,"3,464",2882
108/04/25,"13,503,597","600,535,917",44.45,44.60,44.35,44.35,+0.05,"4,297",2882
108/04/26,"9,418,893","418,372,306",44.35,44.50,44.30,44.50,+0.15,"3,192",2882
108/04/29,"14,404,363","642,801,852",44.40,44.80,44.40,44.60,+0.10,"4,328",2882
108/04/30,"14,689,336","656,003,237",44.70,44.80,44.50,44.70,+0.10,"4,352",2882
108/05/02,"32,223,863","1,460,815,784",44.70,45.65,44.70,45.65,+0.95,"12,531",2882
108/05/03,"23,874,628","1,085,024,251",45.65,45.70,45.15,45.45,-0.20,"7,866",2882
108/05/06,"23,944,990","1,064,784,861",44.65,44.70,44.30,44.50,-0.95,"8,668",2882
108/05/07,"14,273,291","634,167,472",44.60,44.60,44.35,44.35,-0.15,"5,414",2882
108/05/08,"16,241,382","715,637,388",44.15,44.20,44.00,44.05,-0.30,"6,966",2882
108/05/09,"31,969,669","1,395,709,584",44.00,44.00,43.50,43.50,-0.55,"12,971",2882
108/05/10,"22,938,637","995,983,285",43.60,43.75,43.20,43.20,-0.30,"9,418",2882
108/05/13,"40,808,722","1,722,181,770",43.10,43.15,41.95,41.95,-1.25,"16,981",2882
108/05/14,"75,913,459","3,068,791,270",40.10,40.65,40.10,40.45,-1.50,"24,710",2882
108/05/15,"26,407,317","1,083,571,332",40.55,41.40,40.55,40.95,+0.50,"10,462",2882
108/05/16,"35,216,986","1,420,217,259",40.90,40.95,40.00,40.00,-0.95,"14,280",2882
108/05/17,"29,450,349","1,179,787,797",40.20,40.45,39.90,40.00, 0.00,"10,890",2882
108/05/20,"15,683,872","631,309,666",40.25,40.45,40.10,40.20,+0.20,"5,628",2882
108/05/21,"29,091,331","1,194,642,965",40.50,41.50,40.10,41.50,+1.30,"12,211",2882
108/05/22,"17,579,285","722,115,897",41.25,41.25,40.90,41.15,-0.35,"6,487",2882
108/05/23,"12,965,650","530,538,365",41.00,41.15,40.80,41.00,-0.15,"5,521",2882
108/05/24,"18,894,722","770,684,021",41.00,41.20,40.60,40.60,-0.40,"8,160",2882
108/05/27,"9,377,954","382,201,410",40.65,41.00,40.50,40.75,+0.15,"3,864",2882
108/05/28,"87,709,120","3,542,658,992",40.75,40.90,40.35,40.35,-0.40,"6,088",2882
108/05/29,"13,430,157","541,902,880",40.35,40.50,40.30,40.30,-0.05,"5,035",2882
108/05/30,"13,702,149","554,515,478",40.30,40.60,40.30,40.50,+0.20,"4,331",2882
108/05/31,"21,239,999","867,393,209",40.55,41.10,40.50,40.80,+0.30,"6,713",2882
108/06/03,"9,168,320","374,761,014",40.85,41.20,40.50,41.05,+0.25,"3,644",2882
108/06/04,"15,870,958","658,016,289",41.65,41.65,41.25,41.45,+0.40,"5,164",2882
108/06/05,"12,700,018","524,385,162",41.55,41.60,41.10,41.10,-0.35,"4,752",2882
108/06/06,"11,864,080","483,974,929",41.00,41.00,40.65,40.75,-0.35,"4,242",2882
108/06/10,"17,046,063","703,520,954",41.30,41.45,41.00,41.35,+0.60,"5,135",2882
108/06/11,"24,054,699","1,006,377,567",41.40,42.10,41.40,42.10,+0.75,"9,490",2882
108/06/12,"11,539,520","483,387,890",42.05,42.10,41.75,41.90,-0.20,"3,979",2882
108/06/13,"14,464,736","600,492,561",41.85,41.85,41.35,41.65,-0.25,"4,369",2882
108/06/14,"9,787,650","405,230,600",41.55,41.55,41.30,41.30,-0.35,"3,745",2882
108/06/17,"9,791,042","408,120,625",41.30,41.90,41.25,41.65,+0.35,"3,644",2882
108/06/18,"12,680,731","532,948,693",41.80,42.20,41.75,42.20,+0.55,"5,100",2882
108/06/19,"20,430,500","866,592,364",42.25,42.60,42.20,42.55,+0.35,"7,185",2882
108/06/20,"14,848,302","631,073,301",42.70,42.70,42.30,42.55, 0.00,"4,467",2882
108/06/21,"15,049,222","637,519,551",42.55,42.55,42.30,42.30,-0.25,"3,617",2882
108/06/24,"10,500,287","444,522,163",42.30,42.55,42.05,42.55,+0.25,"3,068",2882
108/06/25,"9,548,993","406,617,699",42.55,42.70,42.45,42.60,+0.05,"2,855",2882
108/06/26,"11,793,038","504,256,338",42.70,42.90,42.60,42.75,+0.15,"4,054",2882
108/06/27,"28,106,576","1,212,244,873",42.75,43.35,42.75,43.20,+0.45,"7,511",2882
108/06/28,"32,106,317","1,386,600,381",43.20,43.40,43.00,43.00,-0.20,"7,514",2882
108/07/01,"29,094,054","1,231,505,725",42.00,42.70,42.00,42.70,X0.00,"8,262",2882
108/07/02,"14,906,409","634,334,924",42.60,42.80,42.30,42.65,-0.05,"4,280",2882
108/07/03,"15,257,639","645,637,585",42.55,42.55,42.20,42.25,-0.40,"4,642",2882
108/07/04,"10,826,004","460,319,201",42.45,42.80,42.30,42.50,+0.25,"3,989",2882
108/07/05,"9,154,823","387,856,066",42.55,42.60,42.20,42.35,-0.15,"4,040",2882
108/07/08,"13,818,722","580,216,874",42.20,42.30,41.80,41.95,-0.40,"5,217",2882
108/07/09,"8,909,473","372,995,978",42.00,42.05,41.70,41.85,-0.10,"3,999",2882
108/07/10,"13,608,056","572,364,574",42.10,42.25,41.90,42.20,+0.35,"5,047",2882
108/07/11,"10,335,768","434,012,996",42.20,42.25,41.90,41.95,-0.25,"3,537",2882
108/07/12,"14,136,813","590,021,588",41.90,41.95,41.60,41.60,-0.35,"5,532",2882
108/07/15,"13,063,572","544,280,918",41.65,41.90,41.50,41.65,+0.05,"3,395",2882
108/07/16,"15,324,463","637,212,959",41.65,41.70,41.50,41.55,-0.10,"4,863",2882
108/07/17,"19,757,195","817,438,461",41.45,41.50,41.30,41.30,-0.25,"6,886",2882
108/07/18,"15,568,019","640,778,799",41.40,41.40,41.05,41.10,-0.20,"5,279",2882
108/07/19,"11,955,143","492,815,756",41.35,41.40,41.05,41.05,-0.05,"4,257",2882
108/07/22,"13,213,736","544,416,435",41.10,41.40,41.05,41.40,+0.35,"4,255",2882
108/07/23,"9,902,498","408,648,972",41.30,41.35,41.20,41.20,-0.20,"2,913",2882
108/07/24,"11,270,040","464,501,169",41.20,41.40,41.10,41.15,-0.05,"3,506",2882
108/07/25,"8,133,285","335,173,866",41.15,41.30,41.10,41.20,+0.05,"2,944",2882
108/07/26,"7,162,592","294,730,355",41.20,41.25,41.10,41.15,-0.05,"3,007",2882
108/07/29,"7,393,479","304,625,748",41.10,41.35,41.10,41.20,+0.05,"2,242",2882
108/07/30,"7,615,496","313,439,598",41.20,41.30,41.10,41.10,-0.10,"2,522",2882
108/07/31,"15,724,343","643,178,063",41.05,41.10,40.80,40.80,-0.30,"5,711",2882
108/08/01,"15,173,227","614,955,459",40.55,40.70,40.45,40.50,-0.30,"6,198",2882
108/08/02,"22,896,038","917,606,247",40.15,40.20,40.00,40.10,-0.40,"8,681",2882
108/08/05,"19,242,360","769,563,202",40.00,40.05,39.95,39.95,-0.15,"9,228",2882
108/08/06,"19,446,083","770,249,817",39.50,40.10,39.10,39.90,-0.05,"7,620",2882
108/08/07,"22,323,704","887,534,560",39.90,39.90,39.60,39.80,-0.10,"9,518",2882
108/08/08,"8,640,374","345,435,963",39.85,40.15,39.85,39.95,+0.15,"3,068",2882
108/08/12,"15,566,634","624,943,574",39.95,40.40,39.85,40.00,+0.05,"5,333",2882
108/08/13,"17,816,173","710,700,170",39.95,40.00,39.80,39.80,-0.20,"7,467",2882
108/08/14,"10,332,734","412,131,310",40.00,40.05,39.75,39.75,-0.05,"4,574",2882
108/08/15,"18,767,886","739,384,437",39.50,39.50,39.30,39.35,-0.40,"7,466",2882
108/08/16,"50,531,064","1,982,759,955",39.10,40.00,38.85,39.55,+0.20,"17,707",2882
108/08/19,"14,574,796","582,143,019",39.80,40.05,39.60,40.00,+0.45,"5,840",2882
108/08/20,"14,145,626","562,880,390",39.95,39.95,39.70,39.70,-0.30,"4,934",2882
108/08/21,"9,576,327","379,576,385",39.70,39.75,39.50,39.50,-0.20,"4,137",2882
108/08/22,"9,174,997","362,468,138",39.50,39.70,39.40,39.45,-0.05,"3,759",2882
108/08/23,"8,397,074","334,090,860",39.50,39.90,39.50,39.85,+0.40,"3,588",2882
108/08/26,"10,849,903","427,653,995",39.50,39.60,39.30,39.50,-0.35,"5,019",2882
108/08/27,"17,845,451","709,290,659",39.70,39.80,39.65,39.75,+0.25,"3,216",2882
108/08/28,"9,003,605","359,462,950",39.80,40.00,39.75,39.95,+0.20,"2,941",2882
108/08/29,"10,433,823","412,798,333",39.90,39.90,39.45,39.50,-0.45,"4,205",2882
108/08/30,"18,238,086","727,554,987",39.70,40.15,39.55,40.15,+0.65,"5,515",2882
108/09/02,"6,445,306","257,932,590",40.10,40.15,39.95,39.95,-0.20,"2,919",2882
108/09/03,"8,928,103","356,812,970",39.90,40.15,39.80,39.80,-0.15,"3,369",2882
108/09/04,"9,403,233","375,920,570",39.70,40.10,39.70,39.95,+0.15,"3,109",2882
108/09/05,"18,930,179","763,896,455",40.00,40.50,40.00,40.50,+0.55,"6,332",2882
108/09/06,"17,066,979","693,907,693",40.50,40.90,40.35,40.80,+0.30,"5,933",2882
108/09/09,"11,918,088","487,818,131",40.60,41.10,40.60,40.95,+0.15,"4,763",2882
108/09/10,"15,585,909","644,356,980",41.20,41.50,41.15,41.40,+0.45,"6,147",2882
108/09/11,"16,562,778","685,057,512",41.60,41.60,41.20,41.40, 0.00,"7,295",2882
108/09/12,"15,207,650","631,526,903",41.50,41.60,41.40,41.50,+0.10,"5,952",2882
108/09/16,"10,352,440","429,976,212",41.50,41.65,41.50,41.55,+0.05,"3,610",2882
108/09/17,"13,788,834","573,108,928",41.60,41.70,41.40,41.65,+0.10,"4,254",2882
108/09/18,"10,525,982","438,754,149",41.70,41.75,41.60,41.75,+0.10,"4,210",2882
108/09/19,"11,511,882","481,047,816",41.80,41.85,41.70,41.85,+0.10,"4,076",2882
108/09/20,"20,211,380","841,284,338",41.85,41.95,41.40,41.55,-0.30,"5,114",2882
108/09/23,"7,367,005","303,942,317",41.45,41.50,41.15,41.15,-0.40,"3,945",2882
108/09/24,"11,634,070","482,483,288",41.15,41.60,41.05,41.60,+0.45,"5,057",2882
108/09/25,"9,977,385","412,775,555",41.55,41.65,41.15,41.45,-0.15,"5,159",2882
108/09/26,"11,833,633","490,255,522",41.30,41.75,41.20,41.20,-0.25,"4,357",2882
108/09/27,"11,825,451","485,385,441",41.20,41.25,40.90,40.90,-0.30,"5,587",2882
108/10/01,"13,331,815","550,433,182",41.25,41.50,41.05,41.25,+0.35,"5,089",2882
108/10/02,"9,121,264","373,980,502",40.90,41.10,40.90,40.90,-0.35,"4,969",2882
108/10/03,"12,697,913","512,695,332",40.50,40.50,40.30,40.30,-0.60,"5,768",2882
108/10/04,"11,329,405","458,211,630",40.30,40.60,40.25,40.60,+0.30,"3,275",2882
108/10/07,"6,274,416","254,023,267",40.60,40.65,40.30,40.40,-0.20,"2,703",2882
108/10/08,"12,603,298","512,824,117",40.40,40.90,40.35,40.50,+0.10,"4,575",2882
108/10/09,"8,143,111","330,238,847",40.50,40.70,40.45,40.55,+0.05,"2,841",2882
108/10/14,"14,224,045","579,020,156",40.70,40.80,40.65,40.65,X0.00,"5,535",2882
108/10/15,"12,627,037","512,918,018",40.70,40.80,40.55,40.55,-0.10,"3,781",2882
108/10/16,"20,969,890","858,981,590",40.60,41.20,40.60,41.10,+0.55,"6,673",2882
108/10/17,"15,706,907","645,181,559",41.10,41.30,40.85,41.30,+0.20,"5,684",2882
108/10/18,"20,466,972","843,331,417",41.30,41.30,40.95,41.30, 0.00,"5,213",2882
108/10/21,"9,420,706","388,620,590",41.20,41.30,41.10,41.30, 0.00,"3,663",2882
108/10/22,"16,452,876","681,219,263",41.40,41.60,41.25,41.50,+0.20,"5,027",2882
108/10/23,"14,755,853","605,980,023",41.15,41.20,40.95,40.95,-0.55,"5,524",2882
108/10/24,"12,112,462","496,904,705",40.95,41.15,40.95,41.15,+0.20,"3,962",2882
108/10/25,"11,772,072","483,984,448",41.20,41.30,41.00,41.00,-0.15,"3,338",2882
108/10/28,"12,650,557","519,473,337",41.10,41.20,41.00,41.00, 0.00,"3,419",2882
108/10/29,"13,168,213","541,356,594",41.10,41.20,41.00,41.15,+0.15,"3,977",2882
108/10/30,"20,506,768","838,956,453",41.15,41.20,40.80,40.85,-0.30,"7,254",2882
108/10/31,"27,811,075","1,129,211,181",40.95,40.95,40.30,40.30,-0.55,"7,553",2882
108/11/01,"20,930,464","842,683,544",40.30,40.45,40.10,40.10,-0.20,"6,736",2882
108/11/04,"18,179,062","738,382,942",40.30,40.95,40.20,40.95,+0.85,"6,612",2882
108/11/05,"26,898,846","1,111,124,943",41.10,41.45,41.10,41.45,+0.50,"9,042",2882
108/11/06,"80,517,127","3,426,804,134",41.55,43.00,41.50,43.00,+1.55,"26,362",2882
108/11/07,"47,172,115","2,038,788,237",43.20,43.75,42.85,42.90,-0.10,"14,939",2882
108/11/08,"23,896,264","1,020,960,944",43.20,43.25,42.50,42.70,-0.20,"7,509",2882
108/11/11,"23,329,481","990,248,559",42.70,42.80,42.05,42.25,-0.45,"7,691",2882
108/11/12,"22,591,949","968,062,697",42.60,43.15,42.60,42.80,+0.55,"7,500",2882
108/11/13,"12,282,667","521,292,246",42.60,42.75,42.30,42.35,-0.45,"4,672",2882
108/11/14,"10,692,102","450,938,758",42.35,42.35,42.05,42.15,-0.20,"4,041",2882
108/11/15,"12,497,975","531,123,211",42.50,42.65,42.30,42.55,+0.40,"4,242",2882
108/11/18,"14,582,421","623,101,884",42.60,42.80,42.60,42.75,+0.20,"4,792",2882
108/11/19,"12,847,598","547,368,204",42.60,42.75,42.30,42.70,-0.05,"4,838",2882
108/11/20,"12,098,506","511,832,603",42.40,42.45,42.20,42.30,-0.40,"4,054",2882
108/11/21,"12,021,077","505,031,724",42.10,42.15,41.90,42.05,-0.25,"3,806",2882
108/11/22,"8,424,311","355,169,375",42.10,42.40,41.95,42.40,+0.35,"2,766",2882
108/11/25,"14,041,803","596,710,085",42.50,42.55,42.40,42.50,+0.10,"5,325",2882
108/11/26,"43,567,491","1,835,518,837",42.55,42.60,42.00,42.00,-0.50,"8,660",2882
108/11/27,"9,207,551","388,666,923",42.15,42.30,42.05,42.30,+0.30,"3,619",2882
108/11/28,"10,529,184","446,368,485",42.35,42.50,42.20,42.35,+0.05,"3,985",2882
108/11/29,"18,248,292","764,855,051",42.25,42.30,41.70,41.70,-0.65,"6,697",2882
108/12/02,"10,118,743","421,308,418",41.70,41.80,41.50,41.65,-0.05,"3,969",2882
108/12/03,"7,518,506","314,052,277",41.55,41.95,41.55,41.75,+0.10,"2,859",2882
108/12/04,"40,323,762","1,664,126,049",41.40,41.40,41.15,41.30,-0.45,"24,483",2882
108/12/05,"22,037,778","914,043,812",41.35,41.70,41.35,41.50,+0.20,"11,136",2882
108/12/06,"16,999,168","701,283,956",41.45,41.50,41.15,41.25,-0.25,"8,616",2882
108/12/09,"10,975,336","452,980,388",41.25,41.35,41.25,41.30,+0.05,"5,413",2882
108/12/10,"14,438,395","600,075,435",41.35,41.70,41.35,41.70,+0.40,"7,164",2882
108/12/11,"31,015,628","1,309,126,235",41.75,42.40,41.70,42.40,+0.70,"13,294",2882
108/12/12,"22,945,710","975,560,049",42.55,42.70,42.40,42.45,+0.05,"9,274",2882
108/12/13,"38,246,619","1,638,377,930",42.70,43.00,42.55,42.90,+0.45,"14,373",2882
108/12/16,"21,311,720","914,739,183",43.00,43.05,42.75,42.90, 0.00,"7,480",2882
108/12/17,"16,415,347","702,362,148",42.90,42.95,42.65,42.95,+0.05,"6,683",2882
108/12/18,"19,178,746","822,713,039",42.95,43.00,42.75,43.00,+0.05,"6,604",2882
108/12/19,"13,477,118","576,385,750",43.00,43.00,42.60,42.70,-0.30,"4,801",2882
108/12/20,"16,100,634","688,051,248",42.70,42.80,42.50,42.80,+0.10,"3,984",2882
108/12/23,"8,687,006","371,054,308",42.65,42.80,42.65,42.80, 0.00,"3,593",2882
108/12/24,"5,531,027","236,178,288",42.80,42.80,42.60,42.65,-0.15,"2,959",2882
108/12/25,"5,495,445","234,245,718",42.65,42.75,42.55,42.60,-0.05,"2,824",2882
108/12/26,"5,796,338","247,009,312",42.60,42.75,42.50,42.65,+0.05,"2,322",2882
108/12/27,"8,861,928","378,111,284",42.80,42.80,42.55,42.70,+0.05,"3,326",2882
108/12/30,"9,777,236","416,952,091",42.70,42.70,42.50,42.70, 0.00,"4,048",2882
108/12/31,"6,878,267","292,914,409",42.60,42.65,42.55,42.55,-0.15,"2,785",2882
109/01/02,"7,278,644","310,131,372",42.60,42.70,42.50,42.55, 0.00,"2,915",2882
109/01/03,"13,218,013","564,770,451",42.65,42.85,42.55,42.80,+0.25,"5,294",2882
109/01/06,"15,638,272","662,334,809",42.60,42.60,42.25,42.25,-0.55,"5,825",2882
109/01/07,"9,665,368","407,993,676",42.25,42.40,42.10,42.20,-0.05,"4,076",2882
109/01/08,"16,128,074","675,308,511",42.00,42.00,41.80,41.80,-0.40,"6,100",2882
109/01/09,"11,479,072","481,716,474",42.00,42.05,41.85,42.00,+0.20,"4,899",2882
109/01/10,"16,788,228","705,599,736",42.00,42.10,41.95,42.05,+0.05,"5,610",2882
109/01/13,"24,958,859","1,065,850,628",42.40,42.90,42.40,42.85,+0.80,"8,979",2882
109/01/14,"20,215,614","867,674,161",43.05,43.05,42.65,42.85, 0.00,"6,650",2882
109/01/15,"11,983,617","513,156,892",43.00,43.00,42.70,42.90,+0.05,"4,504",2882
109/01/16,"11,374,198","487,648,910",42.80,42.95,42.70,42.95,+0.05,"4,429",2882
109/01/17,"14,646,572","629,664,696",43.00,43.10,42.90,43.10,+0.15,"5,523",2882
109/01/20,"14,093,702","607,266,715",43.10,43.15,43.00,43.10, 0.00,"5,599",2882
109/01/30,"60,719,128","2,496,397,398",41.95,41.95,40.55,40.60,-2.50,"21,033",2882
109/01/31,"24,590,700","1,003,628,503",40.65,41.15,40.55,40.65,+0.05,"9,259",2882
109/02/03,"27,390,891","1,095,389,623",40.00,40.25,39.65,40.20,-0.45,"10,547",2882
109/02/04,"16,293,668","660,574,189",40.20,40.85,40.05,40.70,+0.50,"5,750",2882
109/02/05,"14,600,793","596,192,063",40.80,41.00,40.50,40.95,+0.25,"5,507",2882
109/02/06,"14,920,902","616,439,231",41.10,41.50,41.10,41.50,+0.55,"5,185",2882
109/02/07,"13,451,984","552,151,001",41.15,41.20,40.90,41.05,-0.45,"4,404",2882
109/02/10,"10,902,984","445,154,444",40.70,40.95,40.55,40.90,-0.15,"3,715",2882
109/02/11,"18,278,678","760,542,413",41.35,41.80,41.35,41.65,+0.75,"6,328",2882
109/02/12,"16,604,326","695,464,907",41.90,42.05,41.65,41.80,+0.15,"6,218",2882
109/02/13,"9,296,205","387,480,810",41.90,41.95,41.55,41.60,-0.20,"3,879",2882
109/02/14,"6,511,628","270,913,081",41.50,41.70,41.45,41.65,+0.05,"2,437",2882
109/02/17,"8,534,426","353,074,344",41.50,41.50,41.30,41.40,-0.25,"3,249",2882
109/02/18,"8,379,100","345,979,858",41.35,41.50,41.15,41.50,+0.10,"3,190",2882
109/02/19,"9,651,480","401,849,429",41.55,41.80,41.35,41.75,+0.25,"3,991",2882
109/02/20,"10,083,940","420,399,471",41.80,41.90,41.55,41.60,-0.15,"4,056",2882
109/02/21,"9,757,302","403,598,454",41.40,41.50,41.30,41.30,-0.30,"3,596",2882
109/02/24,"19,099,477","781,008,157",41.00,41.10,40.75,40.85,-0.45,"6,770",2882
109/02/25,"12,097,487","492,178,667",40.50,40.85,40.45,40.70,-0.15,"5,377",2882
109/02/26,"16,561,684","671,293,278",40.40,40.75,40.30,40.65,-0.05,"5,689",2882
109/02/27,"38,869,901","1,562,575,512",40.70,40.75,40.00,40.05,-0.60,"14,664",2882
109/03/02,"46,167,731","1,822,885,454",39.00,40.00,39.00,39.50,-0.55,"18,415",2882
109/03/03,"22,652,833","903,130,520",39.80,40.00,39.80,39.80,+0.30,"7,906",2882
109/03/04,"17,659,638","702,251,620",39.65,39.90,39.60,39.75,-0.05,"5,431",2882
109/03/05,"10,482,185","420,503,943",40.10,40.20,40.00,40.15,+0.40,"3,510",2882
109/03/06,"31,591,049","1,250,187,210",39.85,39.95,39.50,39.50,-0.65,"12,233",2882
109/03/09,"49,790,636","1,925,522,173",39.00,39.00,38.30,38.55,-0.95,"20,451",2882
109/03/10,"30,264,086","1,177,337,088",38.30,39.30,38.30,39.00,+0.45,"10,631",2882
109/03/11,"27,116,731","1,054,699,459",39.00,39.15,38.55,38.60,-0.40,"9,549",2882
109/03/12,"51,516,707","1,946,835,395",38.50,38.50,37.50,37.50,-1.10,"19,225",2882
109/03/13,"56,222,628","2,012,960,153",35.70,37.00,35.00,37.00,-0.50,"19,497",2882
109/03/16,"36,139,465","1,302,986,990",36.70,36.70,35.70,35.80,-1.20,"14,036",2882
109/03/17,"47,110,829","1,648,759,300",35.00,35.40,34.80,35.00,-0.80,"15,797",2882
109/03/18,"36,276,918","1,263,780,681",35.05,35.15,34.55,34.65,-0.35,"13,239",2882
109/03/19,"51,152,800","1,737,992,623",34.05,34.25,33.80,34.00,-0.65,"17,289",2882
109/03/20,"46,218,860","1,625,277,293",34.35,35.80,34.35,35.10,+1.10,"14,225",2882
109/03/23,"20,202,138","692,974,742",34.15,34.70,33.95,34.15,-0.95,"7,969",2882
109/03/24,"23,633,810","827,466,244",34.80,35.30,34.65,34.65,+0.50,"7,530",2882
109/03/25,"24,031,348","852,042,049",35.35,35.80,35.10,35.30,+0.65,"8,241",2882
109/03/26,"15,037,487","531,317,425",35.55,35.55,35.05,35.25,-0.05,"4,993",2882
109/03/27,"24,014,782","860,853,792",35.80,36.05,35.60,35.80,+0.55,"7,749",2882
109/03/30,"14,437,669","512,018,409",35.20,35.80,35.00,35.80, 0.00,"4,879",2882
109/03/31,"22,078,895","784,154,800",36.00,36.10,35.20,35.30,-0.50,"6,674",2882
109/04/01,"11,102,464","392,858,424",35.35,35.60,35.15,35.25,-0.05,"3,529",2882
109/04/06,"27,794,930","980,693,872",35.85,35.90,35.00,35.05,-0.20,"8,182",2882
109/04/07,"21,590,889","760,984,334",35.50,35.60,34.90,35.35,+0.30,"7,850",2882
109/04/08,"19,165,464","684,517,406",35.35,35.95,35.30,35.75,+0.40,"6,185",2882
109/04/09,"14,218,695","514,181,027",36.10,36.30,36.05,36.20,+0.45,"5,550",2882
109/04/10,"30,765,179","1,153,325,973",36.60,38.00,36.60,37.80,+1.60,"12,601",2882
109/04/13,"14,516,466","544,108,827",37.90,37.95,37.25,37.40,-0.40,"6,112",2882
109/04/14,"20,900,183","790,785,354",37.50,38.10,37.40,38.00,+0.60,"6,773",2882
109/04/15,"17,651,239","674,075,109",38.25,38.35,38.05,38.30,+0.30,"8,002",2882
109/04/16,"18,844,965","711,053,110",37.80,37.85,37.60,37.80,-0.50,"6,204",2882
109/04/17,"22,486,374","862,889,066",38.10,38.75,38.10,38.20,+0.40,"7,386",2882
109/04/20,"14,203,510","540,738,427",38.20,38.30,37.95,38.00,-0.20,"3,623",2882
109/04/21,"20,046,565","746,713,872",37.90,37.95,36.90,37.00,-1.00,"7,798",2882
109/04/22,"13,152,910","484,964,203",36.70,37.20,36.55,37.20,+0.20,"4,742",2882
109/04/23,"10,311,126","384,563,929",37.05,37.60,37.00,37.25,+0.05,"3,364",2882
109/04/24,"6,609,832","245,477,111",37.30,37.35,37.00,37.05,-0.20,"2,426",2882
109/04/27,"14,557,482","550,226,716",37.50,38.00,37.35,38.00,+0.95,"5,206",2882
109/04/28,"11,350,825","431,772,491",38.20,38.20,37.90,38.00, 0.00,"4,348",2882
109/04/29,"21,978,870","848,548,611",38.15,38.90,38.15,38.45,+0.45,"7,396",2882
109/04/30,"42,317,052","1,678,356,401",39.25,39.90,39.20,39.90,+1.45,"14,031",2882
109/05/04,"30,259,299","1,175,655,247",39.00,39.15,38.50,38.80,-1.10,"11,560",2882
109/05/05,"11,253,899","438,964,061",39.00,39.20,38.80,38.90,+0.10,"4,204",2882
109/05/06,"13,235,900","513,620,715",38.90,39.05,38.50,38.80,-0.10,"4,999",2882
109/05/07,"11,748,984","458,152,976",38.80,39.25,38.80,38.85,+0.05,"4,281",2882
109/05/08,"11,447,894","449,449,532",39.25,39.50,39.05,39.25,+0.40,"4,095",2882
109/05/11,"14,051,677","558,452,097",39.50,39.90,39.50,39.60,+0.35,"5,738",2882
109/05/12,"12,594,120","497,497,710",39.40,39.70,39.30,39.60, 0.00,"4,602",2882
109/05/13,"9,596,661","378,452,144",39.40,39.55,39.35,39.55,-0.05,"4,915",2882
109/05/14,"10,877,325","426,895,133",39.35,39.50,39.10,39.15,-0.40,"4,577",2882
109/05/15,"11,104,791","434,499,453",39.35,39.50,38.85,39.05,-0.10,"4,350",2882
109/05/18,"8,126,279","317,117,653",39.00,39.15,38.90,39.00,-0.05,"2,924",2882
109/05/19,"14,529,508","573,395,244",39.65,39.65,39.30,39.45,+0.45,"4,549",2882
109/05/20,"13,574,646","538,378,777",39.60,39.80,39.50,39.65,+0.20,"5,082",2882
109/05/21,"12,838,986","511,666,814",39.65,39.95,39.60,39.95,+0.30,"5,076",2882
109/05/22,"14,139,844","557,123,406",39.80,39.85,39.20,39.25,-0.70,"5,476",2882
109/05/25,"7,601,824","297,221,986",39.30,39.50,38.85,39.15,-0.10,"3,148",2882
109/05/26,"26,640,104","1,062,458,204",39.25,40.10,39.15,39.90,+0.75,"8,914",2882
109/05/27,"12,223,147","490,338,018",40.10,40.30,40.00,40.15,+0.25,"4,475",2882
109/05/28,"19,969,835","794,724,954",40.30,40.30,39.45,39.50,-0.65,"6,706",2882
109/05/29,"31,856,948","1,270,504,850",39.30,40.05,39.20,40.05,+0.55,"8,542",2882
109/06/01,"18,374,393","740,326,411",40.20,40.45,40.10,40.25,+0.20,"6,230",2882
109/06/02,"23,533,305","950,025,369",40.25,40.45,40.25,40.35,+0.10,"5,085",2882
109/06/03,"40,552,473","1,664,767,795",40.70,41.40,40.60,41.40,+1.05,"15,251",2882
109/06/04,"28,123,409","1,167,218,338",41.55,41.70,41.35,41.55,+0.15,"11,755",2882
109/06/05,"16,779,526","697,343,662",41.55,41.75,41.25,41.60,+0.05,"6,187",2882
109/06/08,"23,156,097","970,023,953",41.75,42.00,41.65,41.90,+0.30,"7,129",2882
109/06/09,"19,566,964","821,220,639",41.95,42.10,41.80,42.00,+0.10,"5,947",2882
109/06/10,"19,836,836","838,760,296",42.00,42.50,41.90,42.35,+0.35,"7,276",2882
109/06/11,"38,334,793","1,593,523,663",42.35,42.55,41.00,41.00,-1.35,"11,668",2882
109/06/12,"21,956,831","890,768,082",40.35,40.80,40.25,40.70,-0.30,"6,520",2882
109/06/15,"22,083,939","908,416,034",40.80,41.70,40.70,40.90,+0.20,"8,473",2882
109/06/16,"23,294,089","973,425,247",41.40,42.00,41.35,41.90,+1.00,"7,231",2882
109/06/17,"23,150,952","974,490,484",42.00,42.25,41.75,42.20,+0.30,"9,676",2882
109/06/18,"19,442,390","817,487,601",42.25,42.30,41.75,42.15,-0.05,"6,187",2882
109/06/19,"20,629,825","868,088,750",42.20,42.20,41.95,42.10,-0.05,"3,905",2882
109/06/22,"13,901,563","584,637,246",42.10,42.15,41.95,42.10, 0.00,"3,756",2882
109/06/23,"19,544,653","825,499,860",42.35,42.40,42.00,42.30,+0.20,"4,931",2882
109/06/24,"16,643,644","703,547,280",42.35,42.40,42.20,42.20,-0.10,"4,098",2882
109/06/29,"21,349,808","894,808,518",41.95,42.00,41.80,41.90,-0.30,"7,721",2882
109/06/30,"41,696,078","1,748,008,200",42.00,42.10,41.85,41.85,-0.05,"9,707",2882
109/07/01,"23,127,719","931,657,893",40.10,40.50,40.00,40.35,X0.00,"7,334",2882
109/07/02,"11,970,005","483,430,550",40.40,40.50,40.30,40.30,-0.05,"4,078",2882
109/07/03,"12,642,918","513,471,095",40.60,40.75,40.40,40.75,+0.45,"4,778",2882
109/07/06,"21,223,068","872,177,538",40.75,41.30,40.75,41.25,+0.50,"6,548",2882
109/07/07,"18,321,838","751,651,683",41.35,41.40,40.90,40.95,-0.30,"5,355",2882
109/07/08,"13,173,684","538,677,216",40.90,41.10,40.75,40.95, 0.00,"4,704",2882
109/07/09,"16,594,936","678,130,964",40.90,41.25,40.60,40.60,-0.35,"5,868",2882
109/07/10,"12,511,297","505,382,187",40.70,40.70,40.25,40.25,-0.35,"4,937",2882
109/07/13,"13,731,172","559,684,459",40.80,40.95,40.50,40.95,+0.70,"4,674",2882
109/07/14,"10,702,996","435,497,455",40.60,40.85,40.60,40.70,-0.25,"3,929",2882
109/07/15,"13,422,821","547,030,526",40.95,40.95,40.60,40.65,-0.05,"5,128",2882
109/07/16,"12,857,760","522,973,526",40.75,40.85,40.55,40.55,-0.10,"3,703",2882
109/07/17,"10,933,596","444,088,433",40.85,40.90,40.50,40.50,-0.05,"3,181",2882
109/07/20,"9,322,408","377,055,071",40.50,40.70,40.35,40.40,-0.10,"3,193",2882
109/07/21,"20,419,476","827,349,780",40.65,40.80,40.40,40.40, 0.00,"5,339",2882
109/07/22,"12,689,352","515,308,981",40.45,40.75,40.45,40.65,+0.25,"3,463",2882
109/07/23,"11,304,404","456,927,256",40.60,40.60,40.30,40.35,-0.30,"3,589",2882
109/07/24,"13,453,021","540,695,137",40.20,40.35,40.10,40.10,-0.25,"4,284",2882
109/07/27,"17,805,344","712,195,048",40.05,40.40,39.75,39.75,-0.35,"5,389",2882
109/07/28,"19,905,789","791,005,668",39.60,40.00,39.60,39.65,-0.10,"6,023",2882
109/07/29,"15,583,394","625,001,449",39.90,40.40,39.80,40.10,+0.45,"6,225",2882
109/07/30,"17,496,543","699,286,898",40.45,40.45,39.80,40.10, 0.00,"6,621",2882
109/07/31,"23,331,592","926,305,247",39.95,39.95,39.60,39.60,-0.50,"6,184",2882
109/08/03,"22,080,484","869,281,273",39.60,39.65,39.20,39.25,-0.35,"7,943",2882
109/08/04,"8,703,393","345,269,923",39.35,39.80,39.30,39.80,+0.55,"2,776",2882
109/08/05,"9,249,278","368,471,600",39.85,39.95,39.60,39.85,+0.05,"3,621",2882
109/08/06,"11,907,804","477,956,559",39.95,40.30,39.90,40.20,+0.35,"4,104",2882
109/08/07,"10,247,502","409,424,980",40.20,40.20,39.85,39.85,-0.35,"3,309",2882
109/08/10,"14,248,291","574,665,430",39.85,40.50,39.85,40.45,+0.60,"4,793",2882
109/08/11,"18,766,412","750,756,030",40.00,40.15,39.90,39.95,-0.50,"5,745",2882
109/08/12,"19,316,728","778,149,645",39.95,40.45,39.95,40.45,+0.50,"6,252",2882
109/08/13,"15,652,407","634,803,325",40.50,40.70,40.40,40.70,+0.25,"5,304",2882
109/08/14,"7,782,293","313,871,930",40.45,40.50,40.10,40.30,-0.40,"2,531",2882
109/08/17,"11,414,110","463,332,387",40.35,40.80,40.20,40.70,+0.40,"3,864",2882
109/08/18,"7,268,544","294,535,752",40.60,40.60,40.40,40.60,-0.10,"2,601",2882
109/08/19,"18,160,932","740,528,206",40.75,41.00,40.55,40.55,-0.05,"6,551",2882
109/08/20,"23,997,672","957,809,530",40.45,40.50,39.60,39.80,-0.75,"7,570",2882
109/08/21,"10,106,668","403,128,570",39.90,40.05,39.75,39.85,+0.05,"3,871",2882
109/08/24,"6,437,891","256,880,081",39.90,40.00,39.80,39.90,+0.05,"2,061",2882
109/08/25,"15,519,774","625,656,846",39.90,40.55,39.85,40.50,+0.60,"4,934",2882
109/08/26,"13,350,739","538,181,784",40.25,40.55,40.10,40.55,+0.05,"4,235",2882
109/08/27,"11,141,671","447,675,555",40.55,40.55,40.00,40.00,-0.55,"4,344",2882
109/08/28,"14,023,456","560,845,340",40.00,40.15,39.90,39.95,-0.05,"5,147",2882
109/08/31,"20,661,160","824,185,486",40.05,40.20,39.75,39.85,-0.10,"4,989",2882
109/09/01,"17,984,102","715,448,108",39.90,39.95,39.65,39.85, 0.00,"3,761",2882
109/09/02,"17,177,109","680,677,194",39.95,39.95,39.50,39.55,-0.30,"6,018",2882
109/09/03,"14,504,491","576,752,876",39.70,40.00,39.60,39.85,+0.30,"5,123",2882
109/09/04,"15,495,770","611,855,813",39.50,39.65,39.30,39.45,-0.40,"5,855",2882
109/09/07,"11,318,990","446,163,257",39.45,39.65,39.35,39.35,-0.10,"3,786",2882
109/09/08,"9,241,492","364,238,386",39.40,39.60,39.35,39.55,+0.20,"3,834",2882
109/09/09,"12,814,934","503,103,445",39.35,39.50,39.10,39.45,-0.10,"5,523",2882
109/09/10,"11,172,822","442,102,498",39.55,39.80,39.35,39.75,+0.30,"4,002",2882
109/09/11,"12,904,673","513,910,231",39.80,40.00,39.65,39.90,+0.15,"4,882",2882
109/09/14,"11,675,886","466,251,679",39.90,40.10,39.75,40.10,+0.20,"3,900",2882
109/09/15,"10,974,435","438,979,297",40.05,40.10,39.90,40.10, 0.00,"3,854",2882
109/09/16,"13,987,776","560,326,409",40.10,40.20,39.95,40.20,+0.10,"3,934",2882
109/09/17,"18,240,987","726,265,542",40.00,40.10,39.65,39.65,-0.55,"6,919",2882
109/09/18,"19,888,694","786,461,246",39.70,39.80,39.50,39.50,-0.15,"4,729",2882
109/09/21,"21,107,805","828,529,321",39.45,39.50,39.10,39.10,-0.40,"10,029",2882
109/09/22,"14,943,820","581,788,299",39.10,39.15,38.80,39.00,-0.10,"5,131",2882
109/09/23,"16,774,019","650,998,988",39.00,39.00,38.70,39.00, 0.00,"5,753",2882
109/09/24,"26,794,853","1,023,064,358",38.80,38.80,38.00,38.00,-1.00,"10,984",2882
109/09/25,"12,900,119","491,726,962",38.05,38.35,38.00,38.10,+0.10,"5,743",2882
109/09/28,"8,827,394","338,983,661",38.20,38.55,38.20,38.55,+0.45,"2,604",2882
109/09/29,"10,949,480","423,741,641",38.65,38.80,38.60,38.70,+0.15,"2,612",2882
109/09/30,"9,070,874","351,263,382",38.85,38.90,38.60,38.60,-0.10,"2,757",2882
109/10/05,"8,935,109","344,609,580",38.70,38.80,38.40,38.45,-0.15,"3,661",2882
109/10/06,"7,932,694","306,979,227",38.60,38.80,38.50,38.65,+0.20,"2,663",2882
109/10/07,"7,605,459","294,035,229",38.60,38.75,38.60,38.60,-0.05,"2,433",2882
109/10/08,"13,472,473","518,205,104",38.60,38.65,38.40,38.45,-0.15,"4,558",2882
109/10/12,"11,367,217","437,405,455",38.60,38.70,38.30,38.60,+0.15,"4,447",2882
109/10/13,"10,367,013","398,760,456",38.65,38.70,38.35,38.45,-0.15,"3,636",2882
109/10/14,"15,818,078","611,071,001",38.45,38.90,38.45,38.60,+0.15,"3,892",2882
109/10/15,"15,332,209","587,165,032",38.45,38.60,38.20,38.20,-0.40,"6,061",2882
109/10/16,"10,972,262","419,299,833",38.25,38.35,38.15,38.15,-0.05,"4,414",2882
109/10/19,"7,433,457","285,450,906",38.25,38.55,38.25,38.40,+0.25,"2,561",2882
109/10/20,"8,832,790","338,399,603",38.40,38.45,38.20,38.45,+0.05,"2,996",2882
109/10/21,"9,068,727","348,498,403",38.45,38.55,38.30,38.40,-0.05,"4,327",2882
109/10/22,"17,598,249","677,616,675",38.35,38.60,38.30,38.50,+0.10,"3,320",2882
109/10/23,"8,323,406","320,542,997",38.50,38.60,38.40,38.60,+0.10,"2,382",2882
109/10/26,"10,873,867","421,997,434",38.60,39.00,38.60,38.95,+0.35,"3,814",2882
109/10/27,"9,209,097","355,869,154",38.70,38.80,38.55,38.60,-0.35,"2,956",2882
109/10/28,"10,303,156","396,556,351",38.60,38.70,38.40,38.60, 0.00,"4,161",2882
109/10/29,"15,436,379","589,688,155",38.25,38.30,38.15,38.15,-0.45,"6,167",2882
109/10/30,"18,130,477","695,171,115",38.15,38.55,38.15,38.40,+0.25,"3,518",2882
109/11/02,"8,454,721","325,438,171",38.40,38.65,38.30,38.65,+0.25,"2,964",2882
109/11/03,"10,482,329","407,318,492",38.75,38.95,38.75,38.90,+0.25,"3,827",2882
109/11/04,"16,815,803","655,983,519",38.55,39.15,38.55,39.15,+0.25,"4,535",2882
109/11/05,"9,357,512","366,017,765",39.20,39.25,38.90,39.20,+0.05,"2,924",2882
109/11/06,"8,107,374","317,825,057",39.20,39.30,39.00,39.30,+0.10,"3,177",2882
109/11/09,"15,544,022","614,973,131",39.50,39.70,39.35,39.60,+0.30,"4,999",2882
109/11/10,"48,704,377","1,959,964,762",39.80,40.40,39.80,40.40,+0.80,"15,987",2882
109/11/11,"48,143,104","1,972,301,869",40.60,41.25,40.55,41.25,+0.85,"17,359",2882
109/11/12,"26,710,586","1,083,862,310",41.15,41.15,40.20,40.55,-0.70,"8,269",2882
109/11/13,"11,727,454","474,721,012",40.50,40.60,40.40,40.55, 0.00,"3,596",2882
109/11/16,"17,820,445","728,387,966",40.95,41.00,40.70,40.95,+0.40,"5,780",2882
109/11/17,"41,461,513","1,714,539,590",41.30,41.50,41.05,41.50,+0.55,"14,069",2882
109/11/18,"32,171,772","1,342,731,760",41.80,41.85,41.55,41.80,+0.30,"10,114",2882
109/11/19,"17,811,586","739,972,691",41.80,41.80,41.40,41.50,-0.30,"5,692",2882
109/11/20,"20,391,909","839,137,610",41.50,41.50,41.00,41.30,-0.20,"7,029",2882
109/11/23,"16,994,711","708,008,074",41.45,41.80,41.40,41.70,+0.40,"6,723",2882
109/11/24,"11,002,363","457,666,715",41.75,41.80,41.50,41.50,-0.20,"4,208",2882
109/11/25,"15,449,102","643,443,702",41.75,41.80,41.45,41.45,-0.05,"4,840",2882
109/11/26,"13,835,357","573,193,727",41.55,41.70,41.30,41.50,+0.05,"6,718",2882
109/11/27,"14,066,243","581,841,191",41.40,41.60,41.25,41.35,-0.15,"5,028",2882
109/11/30,"54,804,801","2,231,152,432",41.45,41.50,40.40,40.40,-0.95,"12,543",2882
109/12/01,"17,427,379","706,742,457",40.60,40.75,40.35,40.70,+0.30,"6,603",2882
109/12/02,"23,943,477","969,905,926",40.50,40.65,40.45,40.50,-0.20,"7,887",2882
109/12/03,"25,160,988","1,016,305,303",40.45,40.60,40.30,40.30,-0.20,"8,822",2882
109/12/04,"28,365,964","1,147,016,152",40.25,40.75,40.20,40.75,+0.45,"7,702",2882
109/12/07,"26,327,926","1,073,575,483",40.85,40.95,40.50,40.95,+0.20,"6,685",2882
109/12/08,"21,706,886","881,129,189",40.55,40.95,40.35,40.95, 0.00,"5,924",2882
109/12/09,"19,971,248","815,733,914",40.85,41.00,40.60,41.00,+0.05,"6,061",2882
109/12/10,"31,762,795","1,310,645,528",41.00,41.45,40.80,41.45,+0.45,"9,086",2882
109/12/11,"48,361,156","2,027,671,490",41.70,42.15,41.60,41.95,+0.50,"14,830",2882
109/12/14,"24,736,173","1,034,472,559",42.00,42.10,41.65,41.80,-0.15,"7,170",2882
109/12/15,"21,519,665","885,872,135",41.70,41.80,40.90,41.10,-0.70,"6,312",2882
109/12/16,"15,535,763","642,909,382",41.25,41.55,41.20,41.55,+0.45,"6,552",2882
109/12/17,"12,265,452","506,155,413",41.50,41.55,41.15,41.35,-0.20,"3,999",2882
109/12/18,"16,340,597","673,058,350",41.35,41.50,41.05,41.20,-0.15,"4,996",2882
109/12/21,"12,544,477","517,777,789",41.35,41.55,41.05,41.55,+0.35,"4,264",2882
109/12/22,"10,285,843","424,609,251",41.45,41.45,41.05,41.05,-0.50,"3,402",2882
109/12/23,"8,022,743","328,758,300",40.95,41.10,40.85,40.95,-0.10,"2,570",2882
109/12/24,"8,760,297","359,846,995",41.05,41.25,40.95,41.00,+0.05,"3,093",2882
109/12/25,"5,613,417","230,729,967",41.20,41.20,41.00,41.15,+0.15,"2,130",2882
109/12/28,"7,950,487","327,641,003",41.20,41.35,41.10,41.30,+0.15,"3,122",2882
109/12/29,"9,799,386","405,505,388",41.40,41.50,41.30,41.35,+0.05,"3,277",2882
109/12/30,"44,167,665","1,852,672,506",41.40,42.25,41.40,42.20,+0.85,"14,410",2882
109/12/31,"26,813,984","1,135,341,973",42.45,42.60,42.15,42.25,+0.05,"7,764",2882
110/01/04,"18,799,048","789,874,115",42.20,42.25,41.65,42.05,-0.20,"6,298",2882
110/01/05,"16,688,555","702,014,598",41.85,42.20,41.80,42.10,+0.05,"5,318",2882
110/01/06,"24,468,024","1,022,566,381",42.00,42.20,41.50,41.55,-0.55,"9,283",2882
110/01/07,"28,188,564","1,179,491,742",41.90,42.05,41.60,41.90,+0.35,"8,896",2882
110/01/08,"50,760,852","2,155,569,995",42.05,43.00,41.80,42.85,+0.95,"16,112",2882
110/01/11,"39,899,072","1,702,601,855",42.80,43.30,42.15,42.60,-0.25,"13,023",2882
110/01/12,"33,145,524","1,408,419,084",42.65,42.95,42.05,42.30,-0.30,"10,633",2882
110/01/13,"25,663,778","1,087,653,652",42.30,42.50,42.20,42.40,+0.10,"6,616",2882
110/01/14,"19,135,544","809,831,771",42.45,42.50,42.20,42.50,+0.10,"5,452",2882
110/01/15,"29,865,044","1,256,186,930",42.55,42.55,41.80,41.80,-0.70,"8,053",2882
110/01/18,"24,765,657","1,022,350,637",41.70,41.70,41.15,41.20,-0.60,"7,017",2882
110/01/19,"13,141,992","543,965,376",41.25,41.50,41.25,41.35,+0.15,"4,019",2882
110/01/20,"40,111,350","1,641,197,961",41.20,41.20,40.65,40.65,-0.70,"11,001",2882
110/01/21,"18,670,335","761,333,928",40.75,40.95,40.65,40.65, 0.00,"6,037",2882
110/01/22,"22,400,759","909,900,964",40.80,40.85,40.55,40.55,-0.10,"6,220",2882
110/01/25,"19,132,991","782,309,541",40.60,41.10,40.55,41.00,+0.45,"5,454",2882
110/01/26,"29,753,199","1,209,832,582",41.05,41.10,40.50,40.50,-0.50,"9,335",2882
110/01/27,"21,294,196","864,035,841",40.65,40.80,40.50,40.50, 0.00,"5,053",2882
110/01/28,"35,357,261","1,419,764,550",40.20,40.40,40.00,40.10,-0.40,"10,582",2882
110/01/29,"33,534,212","1,341,023,976",40.15,40.25,39.90,39.90,-0.20,"8,622",2882
110/02/01,"18,019,434","720,431,113",39.90,40.15,39.90,39.90, 0.00,"5,689",2882
110/02/02,"26,272,744","1,058,217,403",40.00,40.50,40.00,40.30,+0.40,"8,729",2882
110/02/03,"19,747,768","795,951,845",40.35,40.45,40.10,40.30, 0.00,"3,385",2882
110/02/04,"14,637,595","593,467,281",40.30,40.75,40.25,40.70,+0.40,"4,635",2882
110/02/05,"16,243,915","660,110,234",40.75,41.00,40.40,40.60,-0.10,"4,724",2882
110/02/17,"53,033,119","2,209,942,961",41.30,42.25,41.20,41.95,+1.35,"16,945",2882
110/02/18,"33,070,308","1,397,772,870",41.95,42.50,41.90,42.20,+0.25,"10,719",2882
110/02/19,"23,553,191","985,385,826",42.15,42.15,41.60,41.85,-0.35,"6,780",2882
110/02/22,"21,980,341","923,582,346",41.90,42.35,41.85,42.05,+0.20,"6,944",2882
110/02/23,"39,862,344","1,693,227,182",42.10,42.80,42.05,42.70,+0.65,"11,598",2882
110/02/24,"39,884,773","1,708,091,871",42.85,43.10,42.50,42.65,-0.05,"10,808",2882
110/02/25,"65,022,752","2,816,589,813",43.05,43.70,42.80,43.60,+0.95,"19,744",2882
110/02/26,"76,715,547","3,258,427,670",43.00,43.45,41.95,41.95,-1.65,"16,354",2882
110/03/02,"31,878,404","1,348,002,141",42.55,42.75,41.90,41.90,-0.05,"8,356",2882
110/03/03,"34,014,213","1,446,373,269",42.15,42.80,42.10,42.55,+0.65,"7,946",2882
110/03/04,"25,415,828","1,073,228,254",42.55,42.65,42.00,42.35,-0.20,"7,341",2882
110/03/05,"16,617,994","703,334,567",41.90,42.60,41.85,42.55,+0.20,"4,964",2882
110/03/08,"37,788,537","1,625,703,412",42.75,43.40,42.65,42.90,+0.35,"11,104",2882
110/03/09,"85,485,167","3,755,332,073",43.20,44.35,43.20,44.30,+1.40,"27,662",2882
110/03/10,"56,789,711","2,526,806,882",44.35,44.75,44.15,44.55,+0.25,"17,293",2882
110/03/11,"132,532,772","6,109,908,888",45.30,47.10,45.30,45.75,+1.20,"40,755",2882
110/03/12,"48,956,881","2,241,185,362",46.05,46.10,45.45,45.90,+0.15,"13,270",2882
110/03/15,"65,678,980","3,068,843,945",46.10,47.00,46.10,46.70,+0.80,"19,351",2882
110/03/16,"30,495,656","1,415,663,681",46.70,46.75,46.20,46.45,-0.25,"11,725",2882
110/03/17,"39,861,219","1,828,038,003",46.30,46.40,45.50,45.80,-0.65,"15,559",2882
110/03/18,"30,693,355","1,403,384,646",46.25,46.30,45.40,45.45,-0.35,"10,353",2882
110/03/19,"67,877,476","3,039,254,429",45.45,45.50,44.50,44.60,-0.85,"15,113",2882
110/03/22,"30,250,510","1,365,254,922",44.70,45.60,44.65,45.60,+1.00,"10,642",2882
110/03/23,"72,312,847","3,375,831,028",46.50,47.00,46.40,46.80,+1.20,"19,527",2882
110/03/24,"38,359,498","1,780,955,015",46.75,46.95,46.15,46.50,-0.30,"9,976",2882
110/03/25,"28,497,061","1,333,815,401",46.80,47.10,46.50,46.85,+0.35,"8,909",2882
110/03/26,"49,753,892","2,360,667,128",47.10,47.90,47.05,47.60,+0.75,"18,070",2882
110/03/29,"38,634,084","1,853,110,990",47.95,48.30,47.65,48.00,+0.40,"11,402",2882
110/03/30,"31,855,509","1,521,608,472",48.10,48.15,47.50,48.00, 0.00,"10,500",2882
110/03/31,"30,638,192","1,471,945,840",48.00,48.50,47.70,47.95,-0.05,"9,099",2882
110/04/01,"21,824,797","1,048,785,575",48.30,48.45,47.80,47.95, 0.00,"7,042",2882
110/04/06,"22,036,806","1,058,438,357",48.25,48.35,47.85,48.00,+0.05,"7,142",2882
110/04/07,"17,894,742","855,593,273",48.00,48.15,47.55,48.00, 0.00,"6,539",2882
110/04/08,"17,216,293","820,105,399",47.80,47.85,47.50,47.65,-0.35,"6,098",2882
110/04/09,"23,913,015","1,131,590,442",47.60,47.80,47.10,47.25,-0.40,"8,603",2882
110/04/12,"52,956,544","2,578,912,571",48.35,49.20,48.30,48.80,+1.55,"18,197",2882
110/04/13,"36,122,797","1,781,331,780",49.60,49.80,48.90,49.00,+0.20,"14,188",2882
110/04/14,"25,919,254","1,257,850,812",49.05,49.20,48.10,48.55,-0.45,"9,938",2882
110/04/15,"44,763,258","2,215,276,391",48.95,49.80,48.85,49.80,+1.25,"16,670",2882
110/04/16,"27,757,204","1,374,424,642",49.65,49.85,49.15,49.85,+0.05,"12,015",2882
110/04/19,"73,092,063","3,685,939,525",49.95,51.90,49.95,51.60,+1.75,"23,416",2882
110/04/20,"51,614,572","2,644,024,215",51.70,52.30,50.60,51.40,-0.20,"19,794",2882
110/04/21,"40,608,905","2,057,856,621",50.70,51.10,50.30,50.90,-0.50,"14,662",2882
110/04/22,"46,158,951","2,360,491,994",51.20,51.80,50.30,50.70,-0.20,"16,203",2882
110/04/23,"20,249,476","1,027,546,514",50.80,51.00,50.30,50.90,+0.20,"8,122",2882
110/04/26,"43,173,157","2,243,592,735",51.00,52.40,51.00,52.10,+1.20,"14,641",2882
110/04/27,"44,541,375","2,342,796,580",52.10,53.00,51.90,52.90,+0.80,"13,736",2882
110/04/28,"40,420,179","2,145,125,744",53.40,53.90,52.40,53.00,+0.10,"12,729",2882
110/04/29,"32,227,588","1,692,028,070",53.00,53.10,52.10,52.30,-0.70,"10,541",2882
110/05/03,"72,269,966","3,859,563,877",53.00,54.10,52.60,52.60,+0.30,"24,371",2882
110/05/04,"59,032,701","3,056,686,478",53.10,53.50,50.50,51.70,-0.90,"17,461",2882
110/05/05,"116,232,641","6,052,871,731",52.10,54.80,51.70,53.60,+1.90,"27,063",2882
110/05/06,"74,932,129","4,062,569,323",54.50,56.00,53.70,54.40,+0.80,"19,345",2882
110/05/07,"44,351,458","2,442,328,270",55.00,55.40,54.60,55.10,+0.70,"13,705",2882
110/05/10,"104,052,638","5,962,839,848",55.60,58.70,55.50,58.20,+3.10,"36,161",2882
110/05/11,"142,884,229","8,193,508,468",58.20,59.50,55.10,56.60,-1.60,"46,528",2882
110/05/12,"140,026,387","7,446,466,420",56.60,56.60,51.00,52.30,-4.30,"47,240",2882
110/05/13,"84,599,042","4,340,671,654",50.30,52.50,50.00,51.10,-1.20,"28,854",2882
110/05/14,"50,274,936","2,596,951,822",52.20,52.90,50.80,51.50,+0.40,"17,923",2882
110/05/17,"76,059,928","3,741,473,745",49.10,50.20,48.15,48.65,-2.85,"29,065",2882
110/05/18,"90,882,687","4,814,340,674",50.30,53.50,50.30,53.50,+4.85,"25,820",2882
110/05/19,"78,932,148","4,271,284,365",54.00,54.90,53.00,54.30,+0.80,"24,531",2882
110/05/20,"45,362,721","2,435,988,695",54.80,54.80,53.20,53.30,-1.00,"16,043",2882
110/05/21,"83,602,109","4,568,069,301",54.80,56.00,53.20,54.20,+0.90,"24,327",2882
110/05/24,"36,669,608","1,966,956,728",53.70,54.00,53.20,53.90,-0.30,"14,150",2882
110/05/25,"37,077,601","2,015,132,559",54.10,54.90,53.80,54.30,+0.40,"11,649",2882
110/05/26,"21,525,383","1,165,765,162",54.60,54.80,53.80,54.40,+0.10,"7,185",2882
110/05/27,"76,325,673","4,120,523,527",53.60,54.40,53.00,54.40, 0.00,"15,284",2882
110/05/28,"53,531,291","2,956,664,111",54.70,55.70,54.10,55.50,+1.10,"16,745",2882
110/05/31,"32,880,064","1,838,967,753",55.50,56.40,55.30,55.90,+0.40,"12,598",2882
110/06/01,"16,266,892","908,332,412",56.00,56.40,55.50,55.80,-0.10,"7,595",2882
110/06/02,"26,324,535","1,472,803,912",55.80,56.30,55.60,56.30,+0.50,"10,082",2882
110/06/03,"20,051,611","1,125,317,686",56.70,56.80,55.70,55.80,-0.50,"8,001",2882
110/06/04,"26,136,137","1,438,115,875",55.20,55.60,54.80,55.00,-0.80,"9,948",2882
110/06/07,"24,681,530","1,343,142,138",55.10,55.20,53.20,54.70,-0.30,"8,494",2882
110/06/08,"18,198,849","998,980,582",55.10,55.40,54.60,54.80,+0.10,"6,897",2882
110/06/09,"27,460,179","1,485,974,388",54.70,54.80,53.80,54.30,-0.50,"9,269",2882
110/06/10,"20,049,746","1,092,112,488",54.60,54.80,54.00,54.70,+0.40,"6,192",2882
110/06/11,"26,770,059","1,467,447,964",54.70,55.50,54.40,54.50,-0.20,"8,940",2882
110/06/15,"18,636,566","1,013,579,126",54.60,54.70,54.20,54.30,-0.20,"6,547",2882
110/06/16,"28,459,572","1,540,523,059",54.10,54.60,53.70,54.30, 0.00,"10,030",2882
110/06/17,"18,137,843","976,222,795",53.60,54.20,53.50,54.00,-0.30,"5,963",2882
110/06/18,"31,636,318","1,694,482,671",53.80,54.00,53.40,53.60,-0.40,"8,903",2882
110/06/21,"60,737,704","3,165,993,374",52.90,52.90,51.50,52.00,-1.60,"21,291",2882
110/06/22,"22,767,020","1,198,502,602",52.50,53.00,52.30,52.60,+0.60,"8,195",2882
110/06/23,"37,496,029","2,013,585,102",52.70,54.20,52.60,54.10,+1.50,"12,949",2882
110/06/24,"18,604,408","999,924,025",53.80,54.10,53.50,53.80,-0.30,"5,607",2882
110/06/25,"22,728,338","1,235,625,040",54.30,54.60,54.00,54.30,+0.50,"6,893",2882
110/06/28,"13,806,297","749,892,844",54.50,54.50,54.10,54.30, 0.00,"4,084",2882
110/06/29,"27,124,845","1,455,799,031",54.20,54.20,53.30,53.70,-0.60,"7,899",2882
110/06/30,"19,773,876","1,066,875,746",53.70,54.20,53.60,53.90,+0.20,"5,172",2882
110/07/01,"16,255,689","878,024,065",53.80,54.40,53.70,53.90, 0.00,"5,109",2882
110/07/02,"13,291,034","717,997,241",53.90,54.30,53.80,53.90, 0.00,"3,622",2882
110/07/05,"15,417,686","835,615,763",54.30,54.40,54.10,54.20,+0.30,"5,475",2882
110/07/06,"16,195,579","878,685,040",54.40,54.40,54.10,54.10,-0.10,"4,575",2882
110/07/07,"17,361,883","934,748,815",53.90,54.00,53.60,54.00,-0.10,"5,492",2882
110/07/08,"30,765,656","1,675,942,701",54.10,54.90,54.10,54.40,+0.40,"9,644",2882
110/07/09,"34,898,807","1,878,700,188",54.20,54.30,53.60,53.80,-0.60,"8,439",2882
110/07/12,"86,411,156","4,872,900,224",55.30,57.60,55.30,55.70,+1.90,"29,293",2882
110/07/13,"56,176,921","3,175,315,271",56.50,57.00,56.00,56.10,+0.40,"17,513",2882
110/07/14,"52,106,953","2,968,446,105",56.60,57.50,56.40,57.00,+0.90,"17,613",2882
110/07/15,"55,396,975","3,213,267,177",57.20,58.70,57.10,58.10,+1.10,"18,070",2882
110/07/16,"68,725,330","4,068,312,381",58.20,59.90,57.70,59.80,+1.70,"24,565",2882
110/07/19,"59,101,441","3,542,035,158",60.40,61.00,59.10,59.70,-0.10,"19,059",2882
110/07/20,"77,564,654","4,516,077,437",58.50,59.10,57.60,57.90,-1.80,"24,233",2882
110/07/21,"48,914,018","2,849,430,884",58.50,58.80,57.70,58.30,+0.40,"15,609",2882
110/07/22,"83,848,156","5,005,827,109",58.80,60.50,58.60,60.10,+1.80,"23,284",2882
110/07/23,"68,367,196","4,110,038,791",60.50,60.60,59.50,60.30,+0.20,"18,120",2882
110/07/26,"83,691,025","4,792,373,848",58.30,58.70,56.10,56.20,X0.00,"28,305",2882
110/07/27,"41,796,057","2,309,785,394",56.20,56.20,55.00,55.00,-1.20,"17,035",2882
110/07/28,"70,710,721","3,798,815,914",54.40,54.50,53.10,53.80,-1.20,"22,678",2882
110/07/29,"34,000,570","1,847,177,528",54.40,54.80,53.60,54.80,+1.00,"9,322",2882
110/07/30,"24,435,333","1,326,284,534",54.50,54.70,54.00,54.30,-0.50,"7,577",2882
110/08/02,"32,339,862","1,780,425,750",54.50,55.80,54.10,55.80,+1.50,"8,074",2882
110/08/03,"16,218,040","894,780,421",55.20,55.50,54.90,55.40,-0.40,"6,462",2882
110/08/04,"18,460,106","1,022,529,161",55.50,55.90,55.10,55.20,-0.20,"5,080",2882
110/08/05,"14,125,192","781,196,770",55.50,55.70,55.10,55.20, 0.00,"4,665",2882
110/08/06,"19,744,070","1,088,112,118",55.50,55.50,54.80,55.10,-0.10,"5,490",2882
110/08/09,"28,753,950","1,578,864,891",55.20,55.40,54.30,55.20,+0.10,"6,656",2882
110/08/10,"19,121,159","1,054,680,374",55.30,55.60,54.90,54.90,-0.30,"5,376",2882
110/08/11,"51,432,143","2,877,660,272",55.60,56.60,55.40,56.00,+1.10,"17,422",2882
110/08/12,"26,297,404","1,474,176,946",56.50,56.60,55.70,56.00, 0.00,"6,834",2882
110/08/13,"29,234,138","1,612,274,860",55.80,55.90,54.90,55.00,-1.00,"9,813",2882
110/08/16,"41,107,888","2,228,960,050",54.80,55.30,53.50,54.30,-0.70,"13,050",2882
110/08/17,"25,303,072","1,380,890,222",54.30,54.90,54.20,54.70,+0.40,"6,710",2882
110/08/18,"31,085,775","1,684,637,271",54.10,54.40,53.90,54.40,-0.30,"10,535",2882
110/08/19,"35,254,164","1,904,216,754",54.50,54.70,53.70,53.80,-0.60,"9,773",2882
110/08/20,"26,864,345","1,440,919,045",54.10,54.30,53.20,53.70,-0.10,"9,649",2882
110/08/23,"38,517,106","2,118,276,253",54.40,55.40,54.30,55.10,+1.40,"10,547",2882
110/08/24,"26,959,048","1,495,093,386",55.40,55.80,55.00,55.80,+0.70,"8,506",2882
110/08/25,"17,343,400","967,586,126",55.80,56.00,55.40,56.00,+0.20,"6,022",2882
110/08/26,"26,266,326","1,468,954,060",56.20,56.30,55.50,56.00, 0.00,"6,906",2882
110/08/27,"54,867,528","3,138,344,264",56.20,57.90,56.00,57.70,+1.70,"19,252",2882
110/08/30,"73,199,672","4,312,327,620",58.20,59.50,58.10,59.50,+1.80,"24,243",2882
110/08/31,"48,348,805","2,867,465,366",59.30,59.90,58.80,59.60,+0.10,"14,123",2882
110/09/01,"26,926,731","1,598,593,101",59.70,59.90,59.10,59.20,-0.40,"9,518",2882
110/09/02,"35,489,691","2,079,319,880",59.30,59.30,58.00,58.70,-0.50,"12,783",2882
110/09/03,"35,016,881","2,083,177,941",59.20,60.00,58.90,59.60,+0.90,"12,516",2882
110/09/06,"22,655,092","1,344,402,755",59.50,59.80,58.80,59.20,-0.40,"8,119",2882
110/09/07,"17,258,133","1,021,241,453",59.40,59.50,58.90,59.20, 0.00,"6,012",2882
110/09/08,"32,324,552","1,890,347,880",59.20,59.30,57.90,58.50,-0.70,"11,303",2882
110/09/09,"15,246,559","888,673,567",58.30,58.70,57.80,58.70,+0.20,"5,703",2882
110/09/10,"17,642,110","1,042,630,336",58.80,59.40,58.40,59.20,+0.50,"6,175",2882
110/09/13,"46,011,124","2,757,258,385",59.20,60.50,59.10,59.90,+0.70,"15,881",2882
110/09/14,"29,770,053","1,788,130,959",60.30,60.60,59.60,59.80,-0.10,"9,805",2882
110/09/15,"18,072,445","1,075,740,675",59.40,59.90,59.10,59.50,-0.30,"6,990",2882
110/09/16,"20,375,954","1,219,086,934",59.70,60.30,59.40,59.70,+0.20,"7,223",2882
110/09/17,"32,525,660","1,925,463,267",59.90,60.00,58.90,58.90,-0.80,"8,401",2882
110/09/22,"70,918,454","4,017,099,977",57.20,57.30,55.90,56.80,-2.10,"28,382",2882
110/09/23,"18,930,420","1,085,510,582",57.30,57.60,57.10,57.50,+0.70,"7,408",2882
110/09/24,"14,990,984","867,840,137",58.00,58.30,57.60,57.80,+0.30,"5,541",2882
110/09/27,"27,938,970","1,632,272,799",58.00,58.90,57.80,58.70,+0.90,"7,442",2882
110/09/28,"27,932,935","1,641,431,364",58.70,59.20,58.10,59.00,+0.30,"7,406",2882
110/09/29,"34,081,578","1,969,041,073",58.00,58.40,57.20,58.00,-1.00,"13,816",2882
110/09/30,"16,879,546","976,110,040",58.00,58.00,57.50,57.90,-0.10,"5,313",2882
110/10/01,"27,075,894","1,541,141,225",57.40,57.40,56.60,56.90,-1.00,"11,315",2882
110/10/04,"18,916,784","1,072,381,296",57.10,57.30,56.30,56.60,-0.30,"7,305",2882
110/10/05,"31,451,158","1,760,197,631",56.10,56.50,55.40,56.40,-0.20,"10,568",2882
110/10/06,"30,892,773","1,754,074,152",57.00,57.50,56.20,57.10,+0.70,"9,798",2882
110/10/07,"22,193,710","1,273,334,089",57.40,57.70,57.10,57.10, 0.00,"8,602",2882
110/10/08,"12,313,467","703,429,883",57.50,57.50,56.90,57.10, 0.00,"4,973",2882
110/10/12,"31,696,603","1,777,015,235",56.30,56.50,55.70,56.40,-0.70,"9,217",2882
110/10/13,"22,150,104","1,246,714,213",56.70,57.10,55.80,56.20,-0.20,"7,683",2882
110/10/14,"18,355,193","1,037,613,336",56.50,56.90,56.10,56.60,+0.40,"6,429",2882
110/10/15,"45,639,270","2,645,363,471",57.20,58.50,57.10,58.30,+1.70,"15,738",2882
110/10/18,"31,650,790","1,861,740,511",58.50,59.20,58.40,58.70,+0.40,"9,419",2882
110/10/19,"22,802,184","1,341,807,771",59.00,59.20,58.30,58.40,-0.30,"9,385",2882
110/10/20,"19,402,616","1,133,824,144",58.80,59.00,58.10,58.30,-0.10,"7,643",2882
110/10/21,"21,296,946","1,251,058,158",58.30,59.10,58.20,58.70,+0.40,"5,057",2882
110/10/22,"9,995,009","582,710,976",58.70,58.70,58.10,58.30,-0.40,"3,675",2882
110/10/25,"8,631,701","503,800,176",58.20,58.70,57.90,58.40,+0.10,"3,681",2882
110/10/26,"21,268,934","1,254,707,859",58.80,59.20,58.40,59.10,+0.70,"6,634",2882
110/10/27,"10,533,810","617,205,303",59.00,59.00,58.30,58.70,-0.40,"5,981",2882
110/10/28,"12,728,231","740,095,210",58.40,58.50,57.90,58.10,-0.60,"4,813",2882
110/10/29,"18,174,853","1,052,466,652",57.90,58.30,57.50,58.10, 0.00,"5,100",2882
110/11/01,"14,023,450","810,537,558",58.10,58.50,57.60,57.60,-0.50,"5,228",2882
110/11/02,"13,301,001","766,482,408",57.80,58.10,57.40,57.40,-0.20,"4,811",2882
110/11/03,"10,219,417","587,961,668",57.50,57.80,57.30,57.60,+0.20,"3,872",2882
110/11/04,"15,719,987","914,214,712",58.00,58.40,57.80,57.90,+0.30,"5,285",2882
110/11/05,"12,766,482","741,797,406",57.90,58.50,57.60,58.50,+0.60,"4,917",2882
110/11/08,"12,925,443","755,940,910",58.30,58.70,58.20,58.70,+0.20,"5,191",2882
110/11/09,"12,543,540","733,661,486",58.70,58.70,58.30,58.50,-0.20,"4,146",2882
110/11/10,"8,200,259","480,000,073",58.50,58.70,58.40,58.60,+0.10,"3,407",2882
110/11/11,"15,342,712","896,839,619",58.70,58.70,58.20,58.60, 0.00,"4,823",2882
110/11/12,"20,973,799","1,234,843,772",58.70,59.10,58.50,58.90,+0.30,"6,913",2882
110/11/15,"30,607,549","1,830,183,133",59.20,60.30,59.20,59.70,+0.80,"10,266",2882
110/11/16,"18,780,286","1,122,462,010",59.90,60.00,59.50,60.00,+0.30,"7,102",2882
110/11/17,"76,913,753","4,712,104,948",60.30,62.20,60.20,62.20,+2.20,"30,480",2882
110/11/18,"61,650,948","3,865,267,492",62.10,63.50,61.70,63.00,+0.80,"25,910",2882
110/11/19,"35,357,523","2,195,394,360",63.00,63.00,61.60,61.80,-1.20,"16,261",2882
110/11/22,"26,725,185","1,636,272,957",61.50,61.60,60.90,61.10,-0.70,"10,450",2882
110/11/23,"18,248,961","1,113,499,438",60.80,61.50,60.70,60.80,-0.30,"7,291",2882
110/11/24,"14,792,634","907,256,275",61.10,61.80,61.00,61.10,+0.30,"6,098",2882
110/11/25,"20,058,980","1,229,124,517",61.80,61.80,61.00,61.60,+0.50,"5,954",2882
110/11/26,"45,247,610","2,732,347,949",61.10,61.30,60.00,60.20,-1.40,"18,010",2882
110/11/29,"28,559,820","1,696,888,976",59.50,59.90,59.00,59.30,-0.90,"13,155",2882
110/11/30,"46,144,943","2,759,295,718",59.50,60.00,59.10,60.00,+0.70,"8,853",2882
110/12/01,"22,545,939","1,344,270,991",59.50,60.00,59.10,59.90,-0.10,"8,494",2882
110/12/02,"20,086,724","1,193,302,044",59.40,59.60,59.20,59.50,-0.40,"6,998",2882
110/12/03,"14,778,899","886,629,336",59.90,60.40,59.80,59.90,+0.40,"5,824",2882
110/12/06,"15,253,688","912,138,262",59.80,60.00,59.40,60.00,+0.10,"5,992",2882
110/12/07,"20,153,727","1,211,458,983",60.10,60.70,59.60,60.70,+0.70,"6,868",2882
110/12/08,"19,547,300","1,189,589,743",61.00,61.20,60.60,60.70, 0.00,"7,140",2882
110/12/09,"13,682,890","829,257,961",60.70,61.10,60.40,60.70, 0.00,"6,840",2882
110/12/10,"13,677,547","828,628,933",60.80,60.80,60.30,60.50,-0.20,"4,875",2882
110/12/13,"18,742,959","1,144,736,941",61.00,61.50,60.70,60.70,+0.20,"6,964",2882
110/12/14,"16,115,272","971,000,773",60.60,60.60,60.10,60.20,-0.50,"6,929",2882
110/12/15,"16,017,010","960,216,167",59.90,60.20,59.80,59.80,-0.40,"8,092",2882
110/12/16,"12,840,393","772,743,372",60.10,60.40,60.00,60.30,+0.50,"5,663",2882
110/12/17,"15,747,498","952,220,948",60.30,60.70,60.20,60.50,+0.20,"4,464",2882
110/12/20,"16,361,467","982,108,872",60.10,60.50,59.90,59.90,-0.60,"6,023",2882
110/12/21,"12,754,761","768,396,337",59.90,60.50,59.90,60.30,+0.40,"5,885",2882
110/12/22,"8,993,977","541,936,325",60.30,60.50,60.10,60.30, 0.00,"3,512",2882
110/12/23,"11,338,401","684,359,612",60.30,60.60,60.20,60.50,+0.20,"4,405",2882
110/12/24,"21,548,806","1,315,840,854",60.60,61.40,60.50,61.10,+0.60,"7,339",2882
110/12/27,"12,190,043","747,360,317",61.40,61.50,61.10,61.30,+0.20,"6,070",2882
110/12/28,"33,848,176","2,101,652,549",61.70,62.40,61.50,62.30,+1.00,"12,200",2882
110/12/29,"49,051,060","3,091,022,208",62.80,63.30,62.50,63.00,+0.70,"18,495",2882
110/12/30,"15,904,707","996,187,595",63.00,63.00,62.50,62.50,-0.50,"10,438",2882
111/01/03,"18,337,829","1,138,694,444",62.80,62.90,61.60,61.60,-0.90,"10,704",2882
111/01/04,"15,594,316","962,635,526",61.60,62.00,61.50,62.00,+0.40,"11,228",2882
111/01/05,"15,353,088","947,155,503",61.60,62.00,61.30,61.90,-0.10,"5,755",2882
111/01/06,"16,290,258","1,007,777,653",61.90,62.30,61.40,62.00,+0.10,"5,325",2882
111/01/07,"20,786,629","1,290,525,701",62.00,62.50,61.80,62.00, 0.00,"6,651",2882
111/01/10,"12,133,800","752,539,601",62.00,62.30,61.70,62.10,+0.10,"4,580",2882
111/01/11,"98,029,871","6,243,160,374",62.50,64.90,62.10,64.50,+2.40,"32,000",2882
111/01/12,"49,410,447","3,188,401,671",64.40,65.00,63.80,64.70,+0.20,"20,624",2882
111/01/13,"101,478,268","6,727,057,603",64.70,67.80,64.50,67.40,+2.70,"41,542",2882
111/01/14,"78,064,274","5,269,150,372",67.00,68.40,66.50,67.70,+0.30,"32,964",2882
111/01/17,"37,990,521","2,543,392,735",67.30,68.00,66.50,66.50,-1.20,"26,460",2882
111/01/18,"32,541,808","2,170,435,726",66.60,67.20,66.20,66.90,+0.40,"12,206",2882
111/01/19,"39,311,537","2,597,639,413",66.40,66.50,65.60,66.10,-0.80,"17,831",2882
111/01/20,"34,505,107","2,262,014,732",65.60,66.10,65.00,65.80,-0.30,"12,598",2882
111/01/21,"43,180,251","2,792,496,746",65.20,65.30,64.20,64.40,-1.40,"18,837",2882
111/01/24,"31,284,378","2,006,270,485",64.00,64.60,63.40,64.30,-0.10,"9,961",2882
111/01/25,"59,105,302","3,719,471,648",63.60,63.70,62.40,63.00,-1.30,"22,333",2882
111/01/26,"22,242,796","1,409,128,051",63.00,63.70,62.80,63.30,+0.30,"11,100",2882
111/02/07,"46,345,940","3,012,011,294",63.80,65.80,63.80,65.70,+2.40,"19,158",2882
111/02/08,"32,178,792","2,124,003,944",65.50,66.50,65.10,66.00,+0.30,"12,436",2882
111/02/09,"20,488,760","1,351,947,878",66.40,66.40,65.60,66.00, 0.00,"9,874",2882
111/02/10,"19,192,094","1,255,733,344",65.90,65.90,65.10,65.80,-0.20,"13,048",2882
111/02/11,"13,423,086","878,035,703",65.40,65.70,65.20,65.60,-0.20,"8,606",2882
111/02/14,"34,773,916","2,225,675,695",64.50,64.50,63.60,64.20,-1.40,"16,614",2882
111/02/15,"20,361,629","1,313,635,535",64.60,64.90,64.20,64.30,+0.10,"13,124",2882
111/02/16,"19,651,434","1,269,144,193",64.80,64.80,64.20,64.80,+0.50,"9,843",2882
111/02/17,"22,349,109","1,445,481,337",64.70,65.00,64.30,64.70,-0.10,"8,061",2882
111/02/18,"17,951,412","1,155,482,355",64.10,64.60,64.10,64.60,-0.10,"7,547",2882
111/02/21,"14,322,671","921,283,177",64.30,64.70,64.00,64.60, 0.00,"5,520",2882
111/02/22,"27,224,056","1,731,768,267",64.00,64.20,63.20,63.70,-0.90,"12,924",2882
111/02/23,"15,428,674","983,090,046",63.50,64.00,63.40,63.70, 0.00,"6,145",2882
111/02/24,"39,918,582","2,514,673,064",63.20,63.50,62.50,63.00,-0.70,"16,170",2882
111/02/25,"57,731,651","3,591,396,744",62.70,63.00,61.60,62.30,-0.70,"21,301",2882
111/03/01,"25,902,917","1,611,595,335",61.70,62.70,61.50,62.60,+0.30,"9,804",2882
111/03/02,"18,856,628","1,168,490,086",62.10,62.20,61.80,62.00,-0.60,"8,885",2882
111/03/03,"13,494,434","838,092,454",62.30,62.50,62.00,62.10,+0.10,"6,206",2882
111/03/04,"22,375,501","1,373,740,843",61.80,61.80,61.20,61.20,-0.90,"11,534",2882
111/03/07,"52,085,088","3,088,045,680",60.40,60.50,58.80,59.40,-1.80,"25,960",2882
111/03/08,"51,970,716","3,033,149,591",58.20,58.80,58.00,58.50,-0.90,"22,906",2882
111/03/09,"18,361,063","1,083,953,551",59.00,59.40,58.60,59.00,+0.50,"11,459",2882
111/03/10,"22,169,794","1,332,459,912",59.50,60.50,59.50,60.30,+1.30,"11,285",2882
111/03/11,"12,249,752","738,733,829",60.20,60.60,59.90,60.30, 0.00,"6,775",2882
111/03/14,"14,539,303","888,375,356",60.70,61.50,60.60,61.20,+0.90,"5,717",2882
111/03/15,"16,334,901","999,369,129",61.30,61.50,60.90,61.30,+0.10,"5,993",2882
111/03/16,"22,127,986","1,365,710,975",61.70,62.00,61.40,62.00,+0.70,"8,076",2882
111/03/17,"35,516,192","2,233,886,318",62.50,63.20,62.40,63.10,+1.10,"12,616",2882
111/03/18,"28,333,290","1,794,971,070",63.40,63.80,63.10,63.30,+0.20,"6,489",2882
111/03/21,"16,831,198","1,068,048,371",63.30,63.80,63.20,63.60,+0.30,"5,822",2882
111/03/22,"11,624,036","737,187,377",63.60,63.60,63.10,63.60, 0.00,"4,490",2882
111/03/23,"28,231,947","1,826,321,793",64.10,65.00,64.00,64.80,+1.20,"11,093",2882
111/03/24,"17,577,999","1,123,722,245",64.30,64.40,63.60,64.30,-0.50,"8,076",2882
111/03/25,"11,197,434","710,908,063",63.80,64.00,63.50,63.50,-0.80,"5,693",2882
111/03/28,"9,825,309","620,165,942",62.80,63.70,62.60,63.30,-0.20,"6,266",2882
111/03/29,"8,987,469","572,482,635",63.50,63.90,63.30,63.80,+0.50,"3,999",2882
111/03/30,"81,539,261","5,249,585,766",64.10,64.50,64.00,64.40,+0.60,"6,266",2882
111/03/31,"15,100,025","974,339,447",64.50,64.70,64.20,64.50,+0.10,"4,915",2882
111/04/01,"16,332,402","1,057,273,144",64.00,65.00,63.80,65.00,+0.50,"6,221",2882
111/04/06,"24,653,539","1,603,929,558",65.10,65.50,64.50,65.50,+0.50,"10,699",2882
111/04/07,"26,644,279","1,733,799,781",65.30,65.70,64.50,64.80,-0.70,"9,131",2882
111/04/08,"13,904,404","900,640,659",65.00,65.10,64.50,65.00,+0.20,"5,679",2882
111/04/11,"15,030,684","975,313,398",65.30,65.70,64.10,64.80,-0.20,"6,354",2882
111/04/12,"13,691,057","885,877,196",64.80,65.00,64.30,64.90,+0.10,"4,939",2882
111/04/13,"16,481,852","1,076,534,947",65.30,65.50,65.00,65.40,+0.50,"5,517",2882
111/04/14,"10,803,178","701,479,322",65.40,65.50,64.70,64.70,-0.70,"4,081",2882
111/04/15,"12,805,902","820,823,995",64.40,64.50,63.80,64.00,-0.70,"8,040",2882
111/04/18,"13,739,061","866,215,188",63.70,63.80,62.50,62.80,-1.20,"7,314",2882
111/04/19,"13,759,764","868,861,564",63.20,63.90,62.70,62.70,-0.10,"5,920",2882
111/04/20,"17,460,595","1,108,139,088",63.20,63.90,62.80,63.90,+1.20,"4,833",2882
111/04/21,"15,635,775","994,020,025",63.70,63.90,63.10,63.90, 0.00,"3,721",2882
111/04/22,"18,905,312","1,203,441,949",63.20,64.20,63.10,64.20,+0.30,"6,857",2882
111/04/25,"21,769,353","1,378,389,920",63.50,63.80,62.90,63.80,-0.40,"7,504",2882
111/04/26,"13,993,477","893,068,317",63.40,64.00,63.40,64.00,+0.20,"6,018",2882
111/04/27,"21,399,844","1,336,063,828",63.00,63.20,62.00,62.00,-2.00,"11,336",2882
111/04/28,"23,956,496","1,478,815,353",62.00,62.50,61.30,62.10,+0.10,"9,582",2882
111/04/29,"10,356,772","647,297,902",62.30,62.70,62.30,62.50,+0.40,"3,239",2882
111/05/03,"8,121,607","505,041,965",62.50,62.50,61.80,62.30,-0.20,"4,116",2882
111/05/04,"8,839,044","554,232,238",62.40,63.10,62.40,62.90,+0.60,"3,629",2882
111/05/05,"30,419,813","1,904,261,503",63.20,63.30,62.20,62.30,-0.60,"15,664",2882
111/05/06,"26,166,472","1,601,808,776",61.10,61.60,60.80,61.20,-1.10,"9,428",2882
111/05/09,"36,773,934","2,172,421,916",60.30,60.40,58.50,58.70,-2.50,"19,502",2882
111/05/10,"42,390,344","2,454,031,664",57.60,58.30,57.30,58.00,-0.70,"14,913",2882
111/05/11,"38,485,023","2,176,717,376",57.60,57.70,56.00,56.20,-1.80,"20,798",2882
111/05/12,"47,234,544","2,594,625,352",55.30,55.80,54.10,54.10,-2.10,"17,969",2882
111/05/13,"40,406,362","2,192,794,097",54.70,55.10,53.60,54.30,+0.20,"15,160",2882
111/05/16,"29,001,742","1,546,186,042",54.60,54.60,52.70,53.20,-1.10,"13,696",2882
111/05/17,"32,272,144","1,702,486,872",53.40,53.50,52.50,52.60,-0.60,"12,608",2882
111/05/18,"36,578,838","1,968,474,771",52.60,54.60,52.50,54.10,+1.50,"13,921",2882
111/05/19,"25,151,385","1,328,711,629",53.00,53.20,52.60,52.70,-1.40,"8,915",2882
111/05/20,"16,616,260","882,350,359",53.40,53.50,52.80,52.90,+0.20,"6,119",2882
111/05/23,"21,637,125","1,134,276,250",53.40,53.40,52.00,52.30,-0.60,"9,219",2882
111/05/24,"27,915,216","1,458,532,238",52.60,53.00,52.00,52.00,-0.30,"10,784",2882
111/05/25,"43,304,061","2,218,895,360",52.00,52.10,50.70,51.40,-0.60,"19,381",2882
111/05/26,"34,287,334","1,775,925,786",51.70,52.50,51.30,51.50,+0.10,"11,460",2882
111/05/27,"30,244,269","1,586,958,625",52.00,53.00,51.90,52.60,+1.10,"9,453",2882
111/05/30,"33,648,819","1,810,461,028",53.20,54.20,53.10,54.00,+1.40,"10,387",2882
111/05/31,"43,460,209","2,393,325,476",54.20,55.70,53.50,55.70,+1.70,"9,031",2882
111/06/01,"27,258,002","1,494,474,134",54.90,55.20,54.30,54.70,-1.00,"10,917",2882
111/06/02,"18,013,804","979,643,785",54.30,54.70,53.80,54.50,-0.20,"6,372",2882
111/06/06,"13,805,651","752,934,258",54.30,55.00,54.00,54.80,+0.30,"5,638",2882
111/06/07,"16,983,026","929,630,867",54.70,55.20,54.30,54.80, 0.00,"6,288",2882
111/06/08,"14,730,607","808,299,710",55.20,55.20,54.70,54.80, 0.00,"5,775",2882
111/06/09,"15,241,646","834,936,361",54.60,55.00,54.40,54.80, 0.00,"4,251",2882
111/06/10,"11,053,601","604,165,699",54.40,54.90,54.10,54.80, 0.00,"4,095",2882
111/06/13,"22,350,617","1,195,985,335",53.60,54.00,53.10,53.80,-1.00,"8,135",2882
111/06/14,"17,186,182","919,737,505",53.60,53.90,53.20,53.40,-0.40,"7,089",2882
111/06/15,"16,502,122","884,952,855",53.40,54.00,53.30,53.60,+0.20,"6,967",2882
111/06/16,"17,485,097","943,779,377",54.20,54.60,53.60,53.70,+0.10,"5,136",2882
111/06/17,"29,931,786","1,587,705,025",52.80,53.50,52.70,53.00,-0.70,"8,929",2882
111/06/20,"28,996,858","1,519,111,817",53.00,54.00,51.40,51.80,-1.20,"9,744",2882
111/06/21,"38,502,889","2,075,786,927",52.70,54.80,52.40,54.20,+2.40,"10,347",2882
111/06/22,"20,355,584","1,087,765,108",54.00,54.50,53.00,53.00,-1.20,"11,854",2882
111/06/23,"23,604,636","1,247,394,412",53.00,53.40,52.40,53.00, 0.00,"6,511",2882
111/06/24,"14,341,096","768,717,865",53.90,53.90,53.20,53.40,+0.40,"6,248",2882
111/06/27,"14,992,400","806,222,816",53.80,54.20,53.50,53.50,+0.10,"7,813",2882
111/06/28,"16,819,918","902,655,432",53.40,53.90,53.30,53.80,+0.30,"4,116",2882
111/06/29,"32,579,622","1,715,139,321",52.50,53.10,52.40,52.80,-1.00,"8,499",2882
111/06/30,"38,729,931","2,000,675,860",52.60,52.70,50.90,50.90,-1.90,"13,664",2882
111/07/01,"54,081,274","2,710,916,007",51.00,51.20,49.70,49.70,-1.20,"16,847",2882
111/07/04,"75,808,829","3,465,078,628",45.50,46.20,45.00,45.50,X0.00,"19,838",2882
111/07/05,"33,413,255","1,555,549,895",46.65,47.40,45.85,46.75,+1.25,"10,419",2882
111/07/06,"33,304,407","1,510,182,092",46.75,46.75,44.80,44.95,-1.80,"16,913",2882
111/07/07,"40,009,811","1,794,746,724",45.15,45.45,44.20,45.05,+0.10,"13,663",2882
111/07/08,"25,971,498","1,168,776,140",45.40,45.80,44.55,44.80,-0.25,"10,394",2882
111/07/11,"11,637,835","524,269,721",45.05,45.25,44.80,45.05,+0.25,"5,010",2882
111/07/12,"21,404,159","942,494,818",44.60,44.70,43.80,43.80,-1.25,"10,196",2882
111/07/13,"21,785,524","989,328,889",45.05,45.80,45.05,45.50,+1.70,"8,864",2882
111/07/14,"16,108,353","727,306,895",45.10,45.50,44.80,45.00,-0.50,"9,544",2882
111/07/15,"23,433,552","1,038,213,874",44.70,44.70,44.10,44.15,-0.85,"10,496",2882
111/07/18,"21,050,108","948,131,118",44.50,45.35,44.40,45.20,+1.05,"7,348",2882
111/07/19,"15,606,169","701,376,416",44.85,45.10,44.70,44.95,-0.25,"6,601",2882
111/07/20,"21,445,837","971,480,827",45.60,45.95,44.85,44.90,-0.05,"10,744",2882
111/07/21,"23,519,344","1,050,337,403",44.80,45.10,44.20,45.05,+0.15,"10,143",2882
111/07/22,"27,328,484","1,229,906,056",45.70,45.70,44.70,45.00,-0.05,"10,886",2882
111/07/25,"13,368,904","606,953,603",44.90,45.60,44.75,45.55,+0.55,"6,819",2882
111/07/26,"11,435,877","520,824,638",45.50,45.80,45.20,45.60,+0.05,"6,738",2882
111/07/27,"13,315,924","601,293,092",45.60,45.60,45.00,45.25,-0.35,"4,905",2882
111/07/28,"15,318,787","698,857,520",45.55,45.80,45.40,45.80,+0.55,"7,024",2882
111/07/29,"17,581,426","803,327,913",46.00,46.10,45.50,45.50,-0.30,"7,674",2882
111/08/01,"16,105,660","730,393,409",45.50,45.55,45.20,45.45,-0.05,"6,359",2882
111/08/02,"34,618,855","1,550,291,378",44.90,45.30,44.55,44.85,-0.60,"12,182",2882
111/08/03,"12,168,256","544,682,924",44.70,44.95,44.50,44.95,+0.10,"6,155",2882
111/08/04,"12,557,089","563,170,411",44.95,45.05,44.65,44.85,-0.10,"6,000",2882
111/08/05,"20,223,360","922,852,110",45.40,45.80,45.30,45.75,+0.90,"6,412",2882
111/08/08,"15,657,726","719,071,792",45.40,46.25,45.25,46.15,+0.40,"6,592",2882
111/08/09,"13,918,378","642,594,285",46.20,46.45,45.90,46.10,-0.05,"6,926",2882
111/08/10,"14,739,395","680,856,888",45.90,46.40,45.75,46.40,+0.30,"6,633",2882
111/08/11,"22,701,234","1,066,476,703",46.50,47.30,46.50,47.20,+0.80,"8,480",2882
111/08/12,"11,499,536","542,795,751",47.20,47.40,47.00,47.25,+0.05,"6,621",2882
111/08/15,"10,242,133","484,614,067",47.50,47.55,47.15,47.30,+0.05,"5,504",2882
111/08/16,"12,321,302","581,262,781",47.35,47.40,47.10,47.10,-0.20,"6,027",2882
111/08/17,"18,349,084","866,911,713",47.15,47.45,47.05,47.45,+0.35,"7,659",2882
111/08/18,"10,887,315","513,295,365",47.30,47.35,47.05,47.25,-0.20,"4,499",2882
111/08/19,"10,091,828","477,582,791",47.10,47.50,47.10,47.50,+0.25,"3,130",2882
111/08/22,"14,848,414","697,425,071",47.10,47.20,46.85,46.85,-0.65,"6,922",2882
111/08/23,"13,588,823","630,281,976",46.55,46.60,46.30,46.35,-0.50,"6,579",2882
111/08/24,"11,091,220","514,063,062",46.45,46.70,46.20,46.35, 0.00,"4,691",2882
111/08/25,"11,406,200","531,437,861",46.35,46.85,46.35,46.55,+0.20,"4,663",2882
111/08/26,"10,512,600","492,174,360",46.85,47.00,46.65,46.75,+0.20,"4,390",2882
111/08/29,"24,548,064","1,118,259,162",45.40,45.75,45.20,45.60,-1.15,"11,215",2882
111/08/30,"60,891,216","2,717,389,638",45.10,45.25,44.35,44.45,-1.15,"32,593",2882
111/08/31,"25,589,315","1,139,601,202",44.25,44.80,44.10,44.55,+0.10,"7,560",2882
111/09/01,"28,340,215","1,254,588,449",44.10,44.65,44.00,44.55, 0.00,"10,237",2882
111/09/02,"25,940,795","1,144,583,601",44.35,44.40,44.05,44.05,-0.50,"9,755",2882
111/09/05,"18,819,262","829,168,673",44.05,44.35,43.90,44.05, 0.00,"8,081",2882
111/09/06,"14,669,693","649,683,439",44.20,44.60,44.10,44.25,+0.20,"6,238",2882
111/09/07,"39,081,162","1,694,430,736",44.00,44.00,43.10,43.15,-1.10,"20,149",2882
111/09/08,"27,268,507","1,176,717,892",43.35,43.45,43.05,43.15, 0.00,"11,559",2882
111/09/12,"30,799,019","1,351,063,512",43.85,44.10,43.60,44.05,+0.90,"9,375",2882
111/09/13,"32,277,515","1,417,014,818",44.10,44.20,43.65,43.65,-0.40,"13,815",2882
111/09/14,"39,001,825","1,668,311,091",42.65,43.00,42.55,42.85,-0.80,"16,499",2882
111/09/15,"23,798,782","1,024,987,142",42.90,43.45,42.65,43.10,+0.25,"7,831",2882
111/09/16,"29,383,628","1,257,326,618",42.70,43.05,42.60,42.80,-0.30,"7,992",2882
111/09/19,"14,722,754","630,485,937",42.95,43.00,42.65,42.75,-0.05,"6,713",2882
111/09/20,"12,949,947","557,863,866",43.05,43.25,42.95,43.05,+0.30,"4,895",2882
111/09/21,"16,398,660","700,058,881",43.05,43.05,42.50,42.55,-0.50,"10,018",2882
111/09/22,"38,703,849","1,610,022,887",42.05,42.05,41.30,41.65,-0.90,"15,399",2882
111/09/23,"15,179,853","636,914,963",41.55,42.20,41.55,42.10,+0.45,"6,177",2882
111/09/26,"25,995,041","1,077,934,698",41.80,42.10,41.15,41.50,-0.60,"11,847",2882
111/09/27,"24,781,038","1,018,731,465",41.60,41.80,40.95,40.95,-0.55,"10,862",2882
111/09/28,"44,126,817","1,767,305,138",41.10,41.15,39.80,39.80,-1.15,"25,086",2882
111/09/29,"32,934,928","1,317,090,787",40.20,40.30,39.75,40.15,+0.35,"11,126",2882
111/09/30,"39,710,129","1,574,339,317",39.50,39.95,39.20,39.95,-0.20,"16,664",2882
111/10/03,"26,806,861","1,048,703,661",39.40,39.45,39.00,39.00,-0.95,"14,746",2882
111/10/04,"29,191,845","1,146,991,583",39.45,39.65,38.90,39.55,+0.55,"10,981",2882
111/10/05,"37,319,116","1,520,907,705",40.25,41.35,40.20,40.75,+1.20,"14,840",2882
111/10/06,"15,653,114","638,218,771",41.20,41.20,40.55,40.80,+0.05,"6,778",2882
111/10/07,"18,248,293","734,189,368",40.75,40.90,40.35,40.50,-0.30,"5,429",2882
111/10/11,"58,570,988","2,290,430,798",39.70,39.95,39.35,39.60,-0.90,"11,583",2882
111/10/12,"22,257,007","879,692,723",39.60,39.90,39.10,39.55,-0.05,"9,377",2882
111/10/13,"79,987,118","3,038,130,264",39.15,39.35,37.40,37.45,-2.10,"44,904",2882
111/10/14,"37,687,710","1,430,800,318",38.15,38.50,37.65,37.65,+0.20,"14,178",2882
111/10/17,"32,929,430","1,230,317,412",37.50,38.00,36.85,37.65, 0.00,"17,610",2882
111/10/18,"26,375,458","1,001,244,540",37.95,38.30,37.50,38.15,+0.50,"10,388",2882
111/10/19,"25,732,909","983,494,761",38.15,38.50,37.95,38.30,+0.15,"9,643",2882
111/10/20,"31,535,251","1,186,786,978",37.40,38.10,37.10,37.85,-0.45,"15,390",2882
111/10/21,"52,217,362","1,918,188,454",37.30,37.30,36.25,36.55,-1.30,"26,224",2882
111/10/24,"22,657,459","839,278,013",37.00,37.40,36.85,37.00,+0.45,"8,183",2882
111/10/25,"23,025,372","858,770,057",37.30,37.65,37.00,37.50,+0.50,"8,509",2882
111/10/26,"30,897,488","1,183,468,876",37.90,38.75,37.65,38.50,+1.00,"12,696",2882
111/10/27,"26,311,821","1,018,280,676",38.70,39.10,38.50,38.50, 0.00,"9,788",2882
111/10/28,"25,642,258","981,110,387",38.55,38.60,38.00,38.25,-0.25,"8,644",2882
111/10/31,"20,693,016","787,113,810",38.45,38.50,37.80,37.80,-0.45,"8,241",2882
111/11/01,"14,063,537","534,254,959",37.80,38.15,37.60,38.10,+0.30,"5,787",2882
111/11/02,"16,770,583","641,438,559",37.80,38.50,37.70,38.50,+0.40,"5,937",2882
111/11/03,"19,755,599","762,149,183",38.00,38.85,37.95,38.85,+0.35,"6,552",2882
111/11/04,"14,524,024","562,448,782",38.55,38.95,38.40,38.95,+0.10,"6,035",2882
111/11/07,"16,157,126","635,682,502",39.25,39.55,39.05,39.55,+0.60,"7,336",2882
111/11/08,"17,752,785","704,343,622",39.75,39.90,39.40,39.70,+0.15,"8,192",2882
111/11/09,"22,078,082","883,091,058",39.80,40.15,39.55,40.15,+0.45,"9,157",2882
111/11/10,"20,702,930","822,113,301",39.95,40.00,39.55,39.65,-0.50,"8,158",2882
111/11/11,"59,745,642","2,482,569,514",40.80,42.00,40.70,41.90,+2.25,"22,071",2882
111/11/14,"40,426,021","1,692,788,950",42.00,42.10,41.60,41.75,-0.15,"16,730",2882
111/11/15,"27,600,630","1,162,880,680",41.75,42.45,41.55,42.40,+0.65,"11,582",2882
111/11/16,"23,746,918","996,555,741",42.30,42.40,41.60,41.70,-0.70,"11,510",2882
111/11/17,"15,584,860","644,874,315",41.70,41.70,41.10,41.55,-0.15,"6,329",2882
111/11/18,"14,146,780","592,305,388",41.50,42.25,41.40,41.90,+0.35,"6,462",2882
111/11/21,"18,971,408","796,788,025",41.90,42.20,41.55,42.10,+0.20,"8,120",2882
111/11/22,"23,297,047","976,328,539",41.85,42.20,41.30,42.20,+0.10,"9,025",2882
111/11/23,"21,220,819","904,273,153",42.35,42.80,42.10,42.75,+0.55,"9,196",2882
111/11/24,"21,398,739","914,105,468",42.90,42.95,42.55,42.55,-0.20,"7,872",2882
111/11/25,"23,692,538","1,011,572,240",42.55,43.00,42.45,42.55, 0.00,"7,457",2882
111/11/28,"24,315,526","1,023,068,492",42.20,42.45,41.70,42.00,-0.55,"8,932",2882
111/11/29,"49,106,844","2,095,083,776",41.75,43.45,41.35,43.45,+1.45,"16,189",2882
111/11/30,"67,335,069","2,937,853,428",43.40,43.95,43.10,43.55,+0.10,"15,228",2882
111/12/01,"49,865,769","2,196,403,679",44.05,44.50,43.75,44.15,+0.60,"14,114",2882
111/12/02,"33,156,714","1,457,370,801",43.90,44.30,43.75,44.00,-0.15,"12,655",2882
111/12/05,"49,252,970","2,113,699,578",43.25,43.25,42.75,42.85,X0.00,"19,572",2882
111/12/06,"39,675,523","1,658,544,699",42.60,42.65,41.40,41.40,-1.45,"23,336",2882
111/12/07,"32,120,950","1,335,607,722",41.40,42.10,41.25,41.40, 0.00,"11,363",2882
111/12/08,"29,765,268","1,218,776,443",41.20,41.45,40.70,40.75,-0.65,"13,765",2882
111/12/09,"26,745,816","1,097,705,904",41.10,41.40,40.80,41.10,+0.35,"9,071",2882
111/12/12,"33,949,558","1,380,193,071",40.90,41.15,40.15,41.00,-0.10,"11,971",2882
111/12/13,"21,769,329","891,978,493",41.00,41.35,40.80,40.95,-0.05,"5,999",2882
111/12/14,"18,207,326","745,709,293",40.95,41.20,40.80,40.90,-0.05,"6,106",2882
111/12/15,"20,002,544","811,337,740",40.80,40.80,40.35,40.60,-0.30,"10,036",2882
111/12/16,"35,454,139","1,426,436,500",40.10,40.50,40.05,40.20,-0.40,"10,933",2882
111/12/19,"22,037,150","884,250,251",40.10,40.60,40.05,40.15,-0.05,"7,791",2882
111/12/20,"32,549,548","1,305,095,139",40.10,40.25,39.90,40.15, 0.00,"11,973",2882
111/12/21,"18,449,393","738,129,608",39.95,40.15,39.85,40.00,-0.15,"8,163",2882
111/12/22,"19,181,690","771,036,762",40.05,40.40,39.95,40.40,+0.40,"8,078",2882
111/12/23,"33,981,856","1,394,661,319",40.35,41.50,40.30,41.15,+0.75,"11,977",2882
111/12/26,"9,586,592","393,247,390",41.15,41.20,40.90,41.00,-0.15,"6,587",2882
111/12/27,"8,308,875","342,093,701",41.00,41.30,41.00,41.15,+0.15,"3,643",2882
111/12/28,"16,443,155","671,402,908",40.85,41.10,40.60,40.65,-0.50,"7,086",2882
111/12/29,"17,280,672","695,331,374",40.50,40.60,40.05,40.10,-0.55,"8,090",2882
111/12/30,"102,514,909","4,101,477,175",39.75,40.25,39.60,40.00,-0.10,"48,274",2882
112/01/03,"39,554,220","1,579,910,566",40.00,40.10,39.75,39.95,-0.05,"16,006",2882
112/01/04,"22,272,766","890,699,082",39.95,40.10,39.95,39.95, 0.00,"9,256",2882
112/01/05,"36,853,762","1,479,340,600",40.10,40.35,40.00,40.25,+0.30,"11,908",2882
112/01/06,"23,615,484","955,342,620",40.20,40.80,40.15,40.75,+0.50,"10,822",2882
112/01/09,"53,179,748","2,213,823,608",41.15,42.00,41.15,42.00,+1.25,"24,724",2882
112/01/10,"21,435,050","892,343,157",41.95,41.95,41.40,41.70,-0.30,"11,149",2882
112/01/11,"16,048,346","666,260,553",41.60,41.70,41.40,41.40,-0.30,"8,738",2882
112/01/12,"17,927,376","748,341,314",41.70,41.90,41.60,41.70,+0.30,"8,423",2882
112/01/13,"25,246,308","1,059,619,739",41.85,42.30,41.75,41.80,+0.10,"12,867",2882
112/01/16,"24,240,014","1,015,296,654",42.00,42.10,41.70,41.75,-0.05,"10,085",2882
112/01/17,"30,131,381","1,263,238,935",41.80,42.10,41.60,42.00,+0.25,"11,120",2882
112/01/30,"47,216,810","2,015,616,104",42.95,43.15,42.20,42.70,+0.70,"21,575",2882
112/01/31,"34,054,874","1,451,537,207",42.70,42.80,42.45,42.55,-0.15,"10,145",2882
112/02/01,"30,294,161","1,298,823,649",42.80,43.00,42.65,43.00,+0.45,"10,312",2882
112/02/02,"46,455,741","2,040,623,443",43.45,44.30,43.40,44.05,+1.05,"19,439",2882
112/02/03,"26,131,633","1,137,081,537",44.20,44.20,43.25,43.30,-0.75,"16,207",2882
112/02/06,"23,945,724","1,024,656,147",43.15,43.20,42.60,42.65,-0.65,"12,357",2882
112/02/07,"14,924,425","640,525,904",42.90,43.20,42.70,42.80,+0.15,"7,157",2882
112/02/08,"12,667,108","542,767,576",42.90,43.00,42.70,42.85,+0.05,"5,962",2882
112/02/09,"11,215,474","478,341,720",42.55,42.80,42.50,42.60,-0.25,"6,466",2882
112/02/10,"13,913,641","592,655,598",42.50,42.80,42.35,42.65,+0.05,"6,097",2882
112/02/13,"11,654,400","497,640,383",42.55,42.95,42.25,42.90,+0.25,"6,029",2882
112/02/14,"21,608,876","938,541,725",43.20,43.75,42.95,43.60,+0.70,"8,966",2882
112/02/15,"23,924,878","1,031,929,762",43.55,43.70,42.80,42.95,-0.65,"12,004",2882
112/02/16,"13,275,864","571,510,182",43.10,43.25,42.85,43.05,+0.10,"5,799",2882
112/02/17,"33,063,140","1,449,721,506",43.40,44.05,43.35,44.00,+0.95,"12,704",2882
112/02/20,"30,019,929","1,330,436,906",44.00,44.50,44.00,44.45,+0.45,"14,669",2882
112/02/21,"19,076,559","835,450,863",44.25,44.25,43.55,43.85,-0.60,"11,847",2882
112/02/22,"18,259,098","791,221,402",43.45,43.50,43.15,43.35,-0.50,"10,404",2882
112/02/23,"18,234,647","790,149,404",43.25,43.55,43.20,43.30,-0.05,"7,416",2882
112/02/24,"22,159,119","961,910,919",43.30,43.60,43.20,43.45,+0.15,"7,465",2882
112/03/01,"34,074,730","1,462,475,350",43.35,43.55,42.60,42.75,-0.70,"15,349",2882
112/03/02,"11,596,903","497,961,065",43.20,43.20,42.60,43.00,+0.25,"5,646",2882
112/03/03,"10,372,259","445,670,596",43.00,43.20,42.90,42.90,-0.10,"5,485",2882
112/03/06,"18,350,391","799,236,133",43.30,43.75,43.20,43.60,+0.70,"7,361",2882
112/03/07,"13,733,996","599,796,482",43.70,43.85,43.50,43.75,+0.15,"6,502",2882
112/03/08,"14,093,070","613,293,322",43.40,43.75,43.30,43.75, 0.00,"6,913",2882
112/03/09,"17,599,268","767,756,774",43.70,43.75,43.55,43.65,-0.10,"5,720",2882
112/03/10,"39,620,072","1,698,898,256",43.15,43.15,42.60,42.70,-0.95,"19,814",2882
112/03/13,"24,572,149","1,037,242,476",42.30,42.40,42.00,42.30,-0.40,"12,499",2882
112/03/14,"32,983,873","1,374,232,367",41.85,41.85,41.50,41.55,-0.75,"17,020",2882
112/03/15,"20,843,337","875,723,130",41.70,42.00,41.50,41.50,-0.05,"9,785",2882
112/03/16,"38,507,934","1,565,925,666",40.95,41.00,40.50,40.50,-1.00,"23,775",2882
112/03/17,"31,492,495","1,291,652,169",40.75,41.20,40.75,41.00,+0.50,"9,050",2882
112/03/20,"38,104,365","1,533,823,402",40.80,40.80,40.00,40.20,-0.80,"21,904",2882
112/03/21,"19,966,155","814,213,517",40.50,41.15,40.40,40.75,+0.55,"9,944",2882
112/03/22,"29,224,719","1,204,722,651",41.05,41.45,41.00,41.35,+0.60,"10,664",2882
112/03/23,"20,348,699","841,767,256",41.20,41.55,40.90,41.55,+0.20,"8,362",2882
112/03/24,"16,487,475","681,417,668",41.60,41.60,41.20,41.30,-0.25,"7,793",2882
112/03/27,"13,698,291","565,151,340",41.25,41.50,41.05,41.35,+0.05,"6,608",2882
112/03/28,"9,485,788","394,635,948",41.55,41.80,41.50,41.55,+0.20,"4,881",2882
112/03/29,"11,941,771","498,056,595",41.55,41.85,41.40,41.85,+0.30,"6,232",2882
112/03/30,"13,483,264","561,079,853",41.85,41.90,41.50,41.60,-0.25,"7,203",2882
112/03/31,"19,102,367","797,880,300",41.75,41.95,41.60,41.80,+0.20,"6,715",2882
112/04/06,"16,419,030","686,468,130",42.00,42.00,41.50,42.00,+0.20,"8,098",2882
112/04/07,"17,366,544","733,062,083",42.10,42.40,42.00,42.25,+0.25,"8,156",2882
112/04/10,"10,819,162","459,837,568",42.40,42.65,42.40,42.55,+0.30,"5,259",2882
112/04/11,"13,885,428","590,734,751",42.60,42.65,42.35,42.65,+0.10,"8,036",2882
112/04/12,"13,043,577","559,402,957",42.75,42.95,42.70,42.95,+0.30,"6,931",2882
112/04/13,"16,526,680","704,502,038",42.85,42.85,42.50,42.60,-0.35,"9,770",2882
112/04/14,"17,415,813","747,819,832",42.65,43.20,42.55,43.15,+0.55,"9,203",2882
112/04/17,"9,907,175","426,862,527",43.20,43.20,43.00,43.20,+0.05,"6,400",2882
112/04/18,"10,598,683","456,262,977",43.15,43.30,42.75,43.10,-0.10,"5,617",2882
112/04/19,"11,569,177","495,791,774",43.10,43.20,42.65,42.75,-0.35,"7,390",2882
112/04/20,"10,012,819","428,510,412",42.65,42.95,42.55,42.95,+0.20,"5,766",2882
112/04/21,"12,406,713","529,251,434",43.00,43.00,42.35,42.70,-0.25,"6,250",2882
112/04/24,"6,194,869","263,607,887",42.70,42.70,42.40,42.65,-0.05,"3,829",2882
112/04/25,"13,162,078","561,364,811",42.70,43.00,42.50,42.60,-0.05,"5,839",2882
112/04/26,"15,996,466","675,915,939",42.60,42.75,42.00,42.35,-0.25,"8,932",2882
112/04/27,"12,836,271","541,958,531",42.15,42.45,42.00,42.25,-0.10,"5,486",2882
112/04/28,"20,010,965","848,333,617",42.05,42.75,42.00,42.45,+0.20,"6,476",2882
112/05/02,"16,532,518","697,742,264",42.45,42.50,41.90,42.50,+0.05,"8,810",2882
112/05/03,"10,666,601","450,650,979",42.40,42.45,42.10,42.40,-0.10,"6,017",2882
112/05/04,"9,535,381","403,684,626",42.35,42.50,42.10,42.50,+0.10,"4,781",2882
112/05/05,"7,165,753","304,488,416",42.50,42.65,42.35,42.65,+0.15,"3,874",2882
112/05/08,"15,295,810","656,099,339",42.80,43.05,42.65,43.05,+0.40,"7,142",2882
112/05/09,"18,494,084","800,639,881",43.10,43.50,43.00,43.50,+0.45,"8,909",2882
112/05/10,"14,666,571","630,807,389",43.50,43.50,42.80,43.05,-0.45,"9,939",2882
112/05/11,"28,157,576","1,226,003,032",43.35,43.70,43.25,43.70,+0.65,"12,105",2882
112/05/12,"29,601,386","1,270,943,383",43.55,43.55,42.65,42.65,-1.05,"16,207",2882
112/05/15,"18,642,848","803,401,440",42.70,43.45,42.40,43.35,+0.70,"7,541",2882
112/05/16,"18,888,476","822,959,693",43.50,43.75,43.25,43.60,+0.25,"8,987",2882
112/05/17,"25,712,701","1,125,930,039",43.60,44.00,43.40,43.95,+0.35,"13,370",2882
112/05/18,"29,759,827","1,318,439,904",44.00,44.45,43.95,44.40,+0.45,"12,963",2882
112/05/19,"41,994,095","1,888,879,742",44.60,45.20,44.55,45.15,+0.75,"18,094",2882
112/05/22,"17,922,195","810,538,653",45.15,45.50,45.10,45.15, 0.00,"10,498",2882
112/05/23,"20,125,010","905,539,282",45.15,45.40,44.70,44.80,-0.35,"13,333",2882
112/05/24,"17,586,428","783,734,573",44.35,44.85,44.35,44.80, 0.00,"15,025",2882
112/05/25,"20,496,919","906,005,383",44.45,44.70,44.00,44.05,-0.75,"11,212",2882
112/05/26,"20,794,987","915,157,940",43.90,44.25,43.75,43.90,-0.15,"8,876",2882
112/05/29,"37,338,653","1,683,686,262",44.40,45.50,44.40,44.75,+0.85,"12,653",2882
112/05/30,"23,359,695","1,043,183,385",45.00,45.10,44.45,44.50,-0.25,"11,284",2882
112/05/31,"88,146,361","3,909,163,357",44.55,44.95,44.30,44.30,-0.20,"8,389",2882
112/06/01,"21,060,013","928,392,943",44.50,44.70,43.80,44.00,-0.30,"10,372",2882
112/06/02,"17,140,513","758,645,145",44.15,44.45,44.05,44.45,+0.45,"7,169",2882
112/06/05,"33,114,433","1,502,034,347",44.60,45.70,44.55,45.25,+0.80,"12,619",2882
112/06/06,"13,815,589","625,063,651",45.25,45.45,45.05,45.25, 0.00,"9,023",2882
112/06/07,"23,392,105","1,057,085,270",45.40,45.50,45.00,45.40,+0.15,"9,432",2882
112/06/08,"34,342,346","1,532,989,195",45.45,45.45,44.20,44.60,-0.80,"15,772",2882
112/06/09,"21,841,319","972,307,792",44.85,44.85,44.40,44.60, 0.00,"9,111",2882
112/06/12,"22,092,908","977,772,923",44.70,44.85,44.00,44.05,-0.55,"12,135",2882
112/06/13,"23,737,443","1,046,891,162",44.20,44.40,43.95,44.10,+0.05,"8,979",2882
112/06/14,"17,618,683","784,582,961",44.15,44.80,44.15,44.60,+0.50,"6,632",2882
112/06/15,"12,255,520","543,527,649",44.60,44.65,44.20,44.35,-0.25,"6,420",2882
112/06/16,"24,858,540","1,094,647,979",44.30,44.35,43.90,43.90,-0.45,"9,435",2882
112/06/19,"16,844,352","737,799,639",44.00,44.10,43.65,43.90, 0.00,"8,811",2882
112/06/20,"10,322,216","456,537,973",44.00,44.35,43.90,44.35,+0.45,"4,329",2882
112/06/21,"11,655,399","517,060,703",44.25,44.50,44.10,44.40,+0.05,"5,439",2882
112/06/26,"17,296,717","762,406,888",44.25,44.30,44.00,44.05,-0.35,"6,963",2882
112/06/27,"17,015,472","750,263,860",44.05,44.30,43.90,44.15,+0.10,"6,357",2882
112/06/28,"15,222,318","663,099,066",43.50,43.75,43.40,43.65,X0.00,"7,545",2882
112/06/29,"15,905,458","692,698,135",43.75,43.80,43.40,43.40,-0.25,"8,249",2882
112/06/30,"16,005,959","692,483,056",43.40,43.60,43.15,43.15,-0.25,"7,200",2882
112/07/03,"8,225,427","355,805,848",43.20,43.40,43.15,43.30,+0.15,"4,810",2882
112/07/04,"11,661,933","502,924,831",43.30,43.35,43.05,43.05,-0.25,"6,041",2882
112/07/05,"9,804,039","424,658,146",43.10,43.45,43.10,43.20,+0.15,"4,962",2882
112/07/06,"27,320,179","1,166,833,585",43.20,43.20,42.30,42.50,-0.70,"16,262",2882
112/07/07,"16,833,888","709,819,897",42.25,42.35,42.05,42.25,-0.25,"9,668",2882
112/07/10,"14,198,477","606,748,234",42.25,43.00,42.25,42.65,+0.40,"6,404",2882
112/07/11,"23,478,719","1,023,176,628",43.20,43.80,43.20,43.60,+0.95,"7,430",2882
112/07/12,"20,315,714","891,184,679",43.30,44.00,43.30,44.00,+0.40,"8,428",2882
112/07/13,"16,845,389","739,057,126",44.20,44.35,43.60,43.60,-0.40,"7,456",2882
112/07/14,"12,093,741","531,837,857",43.85,44.10,43.70,44.10,+0.50,"5,516",2882
112/07/17,"30,039,992","1,344,041,377",44.15,45.00,44.05,45.00,+0.90,"11,983",2882
112/07/18,"26,899,975","1,211,750,576",45.00,45.35,44.75,45.05,+0.05,"11,357",2882
112/07/19,"18,910,491","844,233,547",45.20,45.25,44.25,44.50,-0.55,"8,512",2882
112/07/20,"12,824,256","573,851,854",44.70,44.95,44.55,44.75,+0.25,"4,491",2882
112/07/21,"14,100,968","627,007,768",44.60,44.75,44.35,44.40,-0.35,"4,669",2882
112/07/24,"11,050,420","487,751,263",44.40,44.40,44.00,44.20,-0.20,"4,333",2882
112/07/25,"11,253,362","500,302,499",44.30,44.60,44.20,44.55,+0.35,"4,465",2882
112/07/26,"32,416,509","1,466,919,240",44.75,45.50,44.70,45.35,+0.80,"13,670",2882
112/07/27,"35,599,006","1,633,726,832",45.55,46.00,45.50,46.00,+0.65,"14,909",2882
112/07/28,"12,743,462","581,998,949",45.80,45.85,45.50,45.75,-0.25,"9,991",2882
112/07/31,"29,739,092","1,367,153,458",46.00,46.40,45.65,45.75, 0.00,"14,735",2882
112/08/01,"40,495,482","1,891,432,966",46.15,47.25,46.00,47.25,+1.50,"18,604",2882
112/08/02,"37,163,556","1,721,837,045",46.90,46.95,45.90,46.20,-1.05,"24,821",2882
112/08/04,"22,846,397","1,060,464,280",46.70,46.75,46.20,46.30,+0.10,"8,358",2882
112/08/07,"13,567,360","630,993,975",46.30,46.70,46.25,46.45,+0.15,"6,189",2882
112/08/08,"25,222,272","1,184,424,735",46.70,47.20,46.60,47.05,+0.60,"9,511",2882
112/08/09,"16,761,668","780,491,104",46.95,46.95,46.40,46.45,-0.60,"8,068",2882
112/08/10,"13,603,487","633,568,259",46.50,46.85,46.40,46.60,+0.15,"5,617",2882
112/08/11,"16,345,476","762,222,921",47.00,47.10,46.35,46.45,-0.15,"6,969",2882
112/08/14,"22,773,930","1,031,744,619",46.15,46.15,44.90,45.40,-1.05,"12,455",2882
112/08/15,"11,723,382","532,304,352",45.40,45.60,45.30,45.40, 0.00,"5,778",2882
112/08/16,"17,716,609","797,541,497",45.05,45.35,44.65,45.10,-0.30,"9,861",2882
112/08/17,"15,422,670","695,869,365",44.75,45.55,44.50,45.30,+0.20,"8,170",2882
112/08/18,"13,116,357","592,094,850",45.05,45.45,44.80,45.20,-0.10,"5,542",2882
112/08/21,"7,952,578","360,603,713",45.25,45.45,45.15,45.40,+0.20,"3,430",2882
112/08/22,"10,487,488","471,624,728",45.45,45.50,44.80,45.00,-0.40,"5,846",2882
112/08/23,"14,544,261","650,542,789",44.85,45.00,44.50,44.70,-0.30,"6,712",2882
112/08/24,"19,448,663","864,895,795",44.70,44.85,44.20,44.65,-0.05,"10,365",2882
112/08/25,"9,234,195","410,994,959",44.40,44.70,44.20,44.50,-0.15,"4,140",2882
112/08/28,"13,253,627","598,936,252",44.50,45.40,44.50,45.40,+0.90,"6,279",2882
112/08/29,"13,757,242","630,379,584",45.60,46.05,45.45,46.05,+0.65,"6,424",2882
112/08/30,"11,006,049","506,425,370",46.10,46.15,45.75,46.10,+0.05,"6,407",2882
112/08/31,"26,328,152","1,201,674,859",46.05,46.05,45.60,45.60,-0.50,"6,058",2882
112/09/01,"19,310,294","897,551,894",45.85,46.80,45.75,46.60,+1.00,"8,741",2882
112/09/04,"7,378,965","343,099,618",46.60,46.70,46.25,46.65,+0.05,"4,851",2882
112/09/05,"7,911,802","367,611,487",46.65,46.80,46.30,46.45,-0.20,"6,017",2882
112/09/06,"15,291,923","702,373,331",46.50,46.55,45.75,45.80,-0.65,"10,305",2882
112/09/07,"7,137,043","325,840,794",45.70,45.80,45.45,45.70,-0.10,"4,082",2882
112/09/08,"8,284,898","381,731,825",45.60,46.30,45.60,46.30,+0.60,"4,197",2882
112/09/11,"9,392,022","435,537,763",46.30,46.55,46.00,46.55,+0.25,"4,782",2882
112/09/12,"12,339,573","573,812,477",46.55,46.65,46.10,46.65,+0.10,"6,423",2882
112/09/13,"7,972,600","371,894,662",46.50,46.75,46.50,46.75,+0.10,"4,537",2882
112/09/14,"13,423,245","628,095,536",46.85,47.00,46.60,46.90,+0.15,"5,824",2882
112/09/15,"18,533,783","865,101,109",46.90,46.90,46.60,46.65,-0.25,"4,424",2882
112/09/18,"9,978,403","463,250,103",46.60,46.60,46.30,46.40,-0.25,"3,570",2882
112/09/19,"12,194,676","566,023,189",46.45,46.60,46.30,46.35,-0.05,"3,932",2882
112/09/20,"19,313,673","886,321,213",46.30,46.35,45.65,45.70,-0.65,"8,450",2882
112/09/21,"26,136,256","1,174,773,398",45.50,45.55,44.70,44.90,-0.80,"14,512",2882
112/09/22,"14,934,980","668,771,681",44.85,45.00,44.55,44.70,-0.20,"6,643",2882
112/09/25,"12,662,976","566,861,787",44.75,45.00,44.60,44.85,+0.15,"6,046",2882
112/09/26,"13,781,253","613,479,158",44.70,44.85,44.40,44.45,-0.40,"9,559",2882
112/09/27,"13,017,554","579,004,916",44.30,44.70,44.20,44.60,+0.15,"7,080",2882
112/09/28,"12,239,161","547,099,027",44.60,44.95,44.55,44.55,-0.05,"5,056",2882
112/10/02,"9,861,924","439,459,592",44.65,44.75,44.45,44.50,-0.05,"4,753",2882
112/10/03,"16,768,544","739,329,415",44.20,44.30,44.00,44.00,-0.50,"11,026",2882
112/10/04,"24,705,132","1,078,804,643",43.85,43.95,43.50,43.55,-0.45,"13,569",2882
112/10/05,"13,399,011","588,748,592",43.55,44.15,43.40,44.05,+0.50,"6,081",2882
112/10/06,"8,512,918","377,751,784",44.25,44.60,44.15,44.55,+0.50,"4,330",2882
112/10/11,"33,272,017","1,516,969,875",45.05,45.95,44.95,45.95,+1.40,"14,716",2882
112/10/12,"18,037,437","828,681,161",45.95,46.15,45.50,46.15,+0.20,"7,694",2882
112/10/13,"16,127,657","733,186,344",45.85,45.85,45.30,45.30,-0.85,"10,163",2882
112/10/16,"7,462,931","338,470,105",45.05,45.50,45.00,45.50,+0.20,"3,691",2882
112/10/17,"8,374,805","379,480,881",45.55,45.60,45.15,45.25,-0.25,"4,422",2882
112/10/18,"22,669,935","1,031,724,428",45.50,45.60,45.20,45.60,+0.35,"5,578",2882
112/10/19,"13,198,531","595,717,954",45.20,45.35,44.85,45.10,-0.50,"7,297",2882
112/10/20,"27,341,168","1,213,738,367",44.60,44.95,43.75,44.70,-0.40,"11,396",2882
112/10/23,"15,112,308","667,985,373",44.45,44.80,44.00,44.10,-0.60,"7,549",2882
112/10/24,"9,611,137","423,983,364",44.10,44.35,43.85,44.15,+0.05,"5,633",2882
112/10/25,"6,377,441","281,954,687",44.20,44.35,44.10,44.15, 0.00,"3,500",2882
112/10/26,"11,483,505","503,641,748",43.75,44.20,43.55,43.85,-0.30,"5,887",2882
112/10/27,"5,950,103","262,831,565",43.95,44.40,43.90,44.20,+0.35,"3,069",2882
112/10/30,"13,512,424","593,376,506",44.20,44.40,43.75,43.95,-0.25,"7,234",2882
112/10/31,"9,197,492","404,260,091",44.25,44.25,43.85,43.90,-0.05,"3,205",2882
112/11/01,"9,371,161","414,902,877",44.20,44.50,44.00,44.30,+0.40,"4,329",2882
112/11/02,"14,466,512","648,702,420",44.70,44.95,44.55,44.85,+0.55,"6,542",2882
112/11/03,"11,230,733","507,423,733",45.00,45.35,44.80,45.35,+0.50,"5,517",2882
112/11/06,"11,916,054","541,290,280",45.65,45.70,45.25,45.35, 0.00,"4,954",2882
112/11/07,"15,997,126","723,862,515",45.20,45.25,44.95,45.20,-0.15,"4,052",2882
112/11/08,"5,470,521","246,948,773",45.40,45.40,45.00,45.05,-0.15,"2,796",2882
112/11/09,"5,313,103","239,610,453",45.15,45.20,44.95,45.15,+0.10,"2,605",2882
112/11/10,"5,201,717","233,862,184",44.80,45.10,44.80,44.95,-0.20,"2,724",2882
112/11/13,"13,882,473","630,056,381",45.45,45.80,45.20,45.25,+0.30,"4,891",2882
112/11/14,"17,538,964","798,276,443",45.55,45.75,45.35,45.45,+0.20,"5,423",2882
112/11/15,"23,089,892","1,055,060,764",45.90,46.00,45.45,45.75,+0.30,"9,162",2882
112/11/16,"18,179,106","829,768,365",45.80,45.85,45.50,45.65,-0.10,"6,567",2882
112/11/17,"17,409,277","796,813,244",45.55,45.95,45.55,45.80,+0.15,"7,374",2882
112/11/20,"10,634,921","485,629,528",46.00,46.00,45.45,45.70,-0.10,"4,515",2882
112/11/21,"27,444,955","1,266,573,712",45.75,46.45,45.75,46.15,+0.45,"9,452",2882
112/11/22,"10,447,606","482,232,883",46.10,46.30,46.05,46.30,+0.15,"4,896",2882
112/11/23,"12,805,401","592,854,638",46.40,46.50,46.15,46.30, 0.00,"5,132",2882
112/11/24,"7,229,481","334,358,349",46.40,46.50,46.10,46.30, 0.00,"3,024",2882
112/11/27,"16,164,440","744,683,039",46.10,46.65,45.65,45.75,-0.55,"9,672",2882
112/11/28,"18,136,527","831,624,376",45.70,46.05,45.55,46.00,+0.25,"8,448",2882
112/11/29,"12,034,349","552,334,303",45.85,46.10,45.75,45.75,-0.25,"5,162",2882
112/11/30,"33,639,723","1,560,450,593",45.85,46.50,45.75,46.50,+0.75,"5,022",2882
112/12/01,"13,881,163","639,525,841",46.25,46.25,45.90,46.05,-0.45,"5,433",2882
112/12/04,"12,910,776","596,417,994",46.35,46.40,46.00,46.25,+0.20,"4,832",2882
112/12/05,"22,302,325","1,016,445,982",45.90,45.95,45.40,45.55,-0.70,"9,497",2882
112/12/06,"14,826,413","675,205,351",45.55,45.80,45.40,45.45,-0.10,"5,732",2882
112/12/07,"22,694,721","1,021,664,322",45.30,45.40,44.80,45.00,-0.45,"10,848",2882
112/12/08,"20,523,156","921,563,571",45.00,45.20,44.80,44.85,-0.15,"9,358",2882
112/12/11,"13,899,772","623,382,361",44.85,44.95,44.75,44.85, 0.00,"6,657",2882
112/12/12,"17,098,056","764,531,793",44.75,44.85,44.60,44.75,-0.10,"9,799",2882
112/12/13,"16,545,774","739,708,091",44.75,44.90,44.60,44.70,-0.05,"8,790",2882
112/12/14,"37,884,348","1,731,210,343",45.35,45.95,45.15,45.90,+1.20,"13,290",2882
112/12/15,"29,966,044","1,373,154,317",46.05,46.10,45.60,45.85,-0.05,"13,154",2882
112/12/18,"10,783,488","490,384,107",45.60,45.65,45.25,45.50,-0.35,"5,502",2882
112/12/19,"19,312,604","868,566,381",45.35,45.40,44.85,44.90,-0.60,"10,542",2882
112/12/20,"17,026,272","764,329,731",45.05,45.10,44.80,44.85,-0.05,"7,880",2882
112/12/21,"11,173,222","499,405,244",44.60,44.80,44.60,44.70,-0.15,"6,091",2882
112/12/22,"12,841,128","573,874,961",44.70,44.85,44.60,44.65,-0.05,"5,859",2882
112/12/25,"9,432,798","423,564,361",44.80,45.10,44.70,44.85,+0.20,"4,006",2882
112/12/26,"9,349,563","422,164,059",45.00,45.30,44.95,45.20,+0.35,"3,558",2882
112/12/27,"12,618,129","573,079,242",45.25,45.50,45.15,45.45,+0.25,"5,136",2882
112/12/28,"15,877,374","723,712,251",45.45,45.80,45.35,45.80,+0.35,"5,858",2882
112/12/29,"14,784,912","675,465,633",45.75,45.80,45.50,45.75,-0.05,"5,670",2882
113/01/02,"8,675,803","394,061,189",45.60,45.60,45.25,45.50,-0.25,"4,464",2882
113/01/03,"16,907,245","759,129,064",45.05,45.25,44.80,44.95,-0.55,"9,279",2882
113/01/04,"13,653,296","611,779,098",44.85,44.95,44.70,44.70,-0.25,"6,821",2882
113/01/05,"9,515,465","426,911,063",44.70,44.95,44.70,44.85,+0.15,"3,995",2882
113/01/08,"14,815,614","669,976,708",44.90,45.50,44.85,45.10,+0.25,"4,983",2882
113/01/09,"12,289,579","552,027,551",45.10,45.25,44.75,44.75,-0.35,"4,946",2882
113/01/10,"7,533,412","337,312,710",45.00,45.10,44.70,44.70,-0.05,"3,629",2882
113/01/11,"14,935,732","666,216,061",44.60,44.75,44.40,44.60,-0.10,"5,589",2882
113/01/12,"12,101,836","539,201,669",44.50,44.65,44.50,44.50,-0.10,"5,169",2882
113/01/15,"17,742,769","790,960,775",44.65,44.90,44.45,44.45,-0.05,"5,406",2882
113/01/16,"29,568,999","1,299,663,534",44.30,44.35,43.70,44.00,-0.45,"15,334",2882
113/01/17,"37,617,913","1,636,840,058",43.80,43.90,43.30,43.30,-0.70,"22,864",2882
113/01/18,"16,977,248","734,914,518",43.25,43.55,43.10,43.30, 0.00,"7,727",2882
113/01/19,"18,678,092","812,261,745",43.15,43.80,43.15,43.80,+0.50,"6,623",2882
113/01/22,"9,264,774","406,791,609",43.90,44.00,43.85,43.85,+0.05,"4,246",2882
113/01/23,"10,859,847","478,377,371",44.20,44.20,43.85,44.20,+0.35,"4,147",2882
113/01/24,"12,467,532","550,753,730",44.15,44.40,44.00,44.20, 0.00,"5,559",2882
113/01/25,"11,834,546","523,948,417",44.20,44.35,44.15,44.35,+0.15,"4,290",2882
113/01/26,"12,873,549","572,052,716",44.30,44.55,44.25,44.50,+0.15,"4,221",2882
113/01/29,"10,282,934","456,264,172",44.30,44.50,44.25,44.40,-0.10,"4,466",2882
113/01/30,"16,120,732","710,133,166",44.40,44.40,43.90,43.90,-0.50,"8,302",2882
113/01/31,"15,919,111","701,010,822",43.90,44.15,43.80,44.15,+0.25,"4,108",2882
113/02/01,"11,353,252","503,788,331",44.40,44.50,44.20,44.45,+0.30,"4,684",2882
113/02/02,"10,102,556","446,048,683",44.40,44.45,44.05,44.10,-0.35,"5,451",2882
113/02/05,"17,411,745","764,358,167",43.90,44.05,43.70,43.90,-0.20,"6,163",2882
113/02/15,"19,265,805","849,771,074",44.00,44.50,43.95,44.05,+0.15,"7,358",2882
113/02/16,"10,327,892","458,657,288",44.30,44.55,44.20,44.55,+0.50,"4,622",2882
113/02/19,"21,702,989","974,858,434",44.60,45.05,44.55,45.00,+0.45,"8,344",2882
113/02/20,"13,555,978","609,955,886",45.00,45.10,44.80,45.10,+0.10,"5,853",2882
113/02/21,"14,966,205","670,850,596",45.05,45.05,44.70,44.75,-0.35,"6,669",2882
113/02/22,"14,789,132","662,782,299",44.75,44.90,44.70,44.90,+0.15,"4,204",2882
113/02/23,"19,067,448","851,239,061",44.80,44.85,44.45,44.45,-0.45,"7,529",2882
113/02/26,"17,129,417","760,174,142",44.35,44.50,44.30,44.30,-0.15,"7,294",2882
113/02/27,"17,680,518","784,716,095",44.30,44.75,44.20,44.30, 0.00,"7,184",2882
113/02/29,"28,256,854","1,267,620,722",44.30,45.05,44.25,45.05,+0.75,"7,266",2882
113/03/01,"12,258,287","548,367,043",45.05,45.05,44.65,44.65,-0.40,"6,015",2882
113/03/04,"16,622,053","743,218,717",44.65,44.85,44.60,44.65, 0.00,"6,189",2882
113/03/05,"12,804,696","572,996,754",44.65,44.95,44.65,44.65, 0.00,"5,714",2882
113/03/06,"17,817,385","795,746,074",44.65,44.95,44.55,44.55,-0.10,"8,344",2882
113/03/07,"19,312,889","864,171,515",44.60,45.00,44.55,44.85,+0.30,"7,329",2882
113/03/08,"41,438,610","1,870,993,325",44.80,45.30,44.75,45.30,+0.45,"12,935",2882
113/03/11,"55,378,787","2,553,959,548",45.90,46.50,45.70,46.05,+0.75,"21,175",2882
113/03/12,"39,965,441","1,849,332,513",46.10,46.50,46.00,46.50,+0.45,"12,577",2882
113/03/13,"36,491,277","1,703,231,993",46.55,46.85,46.45,46.80,+0.30,"12,776",2882
113/03/14,"80,357,923","3,862,937,595",46.90,48.40,46.90,48.30,+1.50,"30,401",2882
113/03/15,"67,436,774","3,220,170,545",48.50,48.50,47.30,47.65,-0.65,"29,916",2882
113/03/18,"25,936,059","1,234,567,284",47.70,48.15,47.25,47.55,-0.10,"9,549",2882
113/03/19,"20,733,353","986,243,214",47.35,48.00,47.15,47.75,+0.20,"9,043",2882
113/03/20,"19,753,472","941,421,971",47.75,47.95,47.45,47.50,-0.25,"9,453",2882
113/03/21,"44,855,254","2,167,884,498",47.70,48.65,47.70,48.55,+1.05,"14,550",2882
113/03/22,"36,455,937","1,774,891,532",48.90,49.30,48.20,48.55, 0.00,"19,851",2882
113/03/25,"23,309,147","1,120,049,645",48.60,48.60,47.80,48.10,-0.45,"12,713",2882
113/03/26,"15,741,364","758,521,372",47.90,48.45,47.85,48.35,+0.25,"6,009",2882
113/03/27,"10,683,838","514,563,788",48.10,48.35,48.05,48.20,-0.15,"6,672",2882
113/03/28,"14,576,559","702,202,831",48.40,48.45,48.00,48.25,+0.05,"4,621",2882
113/03/29,"16,899,061","818,986,020",48.25,48.70,48.15,48.65,+0.40,"6,172",2882
113/04/01,"19,216,587","941,065,968",48.90,49.20,48.70,48.95,+0.30,"9,696",2882
113/04/02,"10,672,949","521,257,845",48.75,49.05,48.70,48.95, 0.00,"6,495",2882
113/04/03,"20,746,811","1,000,828,677",48.75,48.75,48.05,48.05,-0.90,"15,459",2882
113/04/08,"14,907,830","719,210,106",48.00,48.50,47.75,48.35,+0.30,"5,926",2882
113/04/09,"38,778,189","1,907,542,912",48.55,49.45,48.45,49.45,+1.10,"13,630",2882
113/04/10,"29,017,495","1,421,190,069",49.50,49.50,48.75,48.75,-0.70,"16,575",2882
113/04/11,"44,219,208","2,198,866,473",49.70,50.50,49.40,49.70,+0.95,"17,180",2882
113/04/12,"28,633,375","1,408,395,201",49.65,49.65,48.95,49.05,-0.65,"11,194",2882
113/04/15,"24,249,907","1,182,270,352",48.75,49.30,48.40,48.95,-0.10,"7,029",2882
113/04/16,"34,577,764","1,660,771,593",48.55,48.80,47.55,47.85,-1.10,"15,827",2882
113/04/17,"17,432,133","834,785,023",47.80,48.15,47.60,47.90,+0.05,"8,265",2882
113/04/18,"20,429,565","984,579,638",47.90,48.65,47.50,48.45,+0.55,"8,216",2882
113/04/19,"31,191,916","1,483,782,664",47.80,48.20,47.05,47.45,-1.00,"14,624",2882
113/04/22,"22,267,213","1,075,657,823",47.90,48.60,47.75,48.40,+0.95,"7,989",2882
113/04/23,"16,134,609","786,896,980",48.55,48.95,48.50,48.75,+0.35,"6,897",2882
113/04/24,"24,133,672","1,189,608,645",49.05,49.50,49.00,49.25,+0.50,"9,364",2882
113/04/25,"19,479,919","945,139,470",48.70,48.80,48.35,48.55,-0.70,"15,925",2882
113/04/26,"13,709,809","671,815,805",48.60,49.20,48.60,48.90,+0.35,"5,610",2882
113/04/29,"55,744,908","2,807,487,609",49.30,50.90,49.25,50.80,+1.90,"22,871",2882
113/04/30,"36,086,847","1,832,332,829",50.80,51.20,50.50,50.50,-0.30,"10,766",2882
113/05/02,"23,605,178","1,188,081,007",50.20,50.70,50.00,50.30,-0.20,"9,922",2882
113/05/03,"14,985,818","754,951,681",50.40,50.70,50.10,50.20,-0.10,"5,906",2882
113/05/06,"29,589,866","1,507,758,212",50.60,51.30,50.50,50.90,+0.70,"9,897",2882
113/05/07,"18,001,522","916,724,573",51.50,51.50,50.60,50.90, 0.00,"6,606",2882
113/05/08,"14,781,951","751,770,764",50.90,51.10,50.70,50.90, 0.00,"5,880",2882
113/05/09,"38,314,087","1,983,978,952",51.20,52.40,51.00,51.70,+0.80,"14,838",2882
113/05/10,"111,619,090","6,097,014,739",53.00,55.50,53.00,55.50,+3.80,"44,768",2882
113/05/13,"56,416,310","3,126,096,001",56.30,56.40,54.70,55.10,-0.40,"23,571",2882
113/05/14,"34,476,395","1,882,994,694",55.20,55.70,54.20,54.30,-0.80,"23,499",2882
113/05/15,"78,383,886","4,417,440,314",55.00,57.00,54.70,56.60,+2.30,"30,796",2882
113/05/16,"59,956,387","3,407,122,383",57.00,57.40,56.30,56.40,-0.20,"31,203",2882
113/05/17,"31,268,925","1,764,168,396",56.40,56.80,56.10,56.40, 0.00,"18,360",2882
113/05/20,"22,464,335","1,259,462,343",56.80,56.90,55.70,56.00,-0.40,"18,205",2882
113/05/21,"35,694,793","1,967,203,217",55.80,55.90,54.60,55.40,-0.60,"27,352",2882
113/05/22,"18,618,711","1,038,319,535",55.50,56.00,55.30,56.00,+0.60,"7,554",2882
113/05/23,"30,093,057","1,650,760,145",55.20,55.40,54.60,54.80,-1.20,"28,971",2882
113/05/24,"15,772,557","865,684,673",54.40,55.30,54.40,54.90,+0.10,"5,999",2882
113/05/27,"21,848,780","1,216,066,189",55.70,56.00,55.20,55.60,+0.70,"8,096",2882
113/05/28,"43,059,526","2,443,409,856",55.60,57.30,55.60,56.80,+1.20,"17,073",2882
113/05/29,"37,818,650","2,114,632,060",56.80,56.80,55.40,55.60,-1.20,"29,240",2882
113/05/30,"32,908,216","1,841,098,802",55.50,56.70,55.40,55.60, 0.00,"9,630",2882
113/05/31,"47,563,484","2,669,981,835",56.00,56.70,55.60,56.20,+0.60,"10,374",2882
113/06/03,"18,544,350","1,048,692,389",56.60,56.80,56.10,56.70,+0.50,"7,513",2882
113/06/04,"17,581,467","988,217,155",56.30,56.50,55.80,56.40,-0.30,"9,675",2882
113/06/05,"15,925,587","901,279,394",56.50,57.00,56.10,56.50,+0.10,"7,158",2882
113/06/06,"44,205,563","2,536,012,641",56.60,57.60,56.60,57.50,+1.00,"16,058",2882
113/06/07,"28,187,928","1,637,836,996",57.50,58.40,57.50,58.20,+0.70,"11,260",2882
113/06/11,"50,727,729","2,990,002,887",58.80,59.70,58.30,58.70,+0.50,"22,243",2882
113/06/12,"30,848,732","1,789,384,545",58.10,58.40,57.60,57.90,-0.80,"18,468",2882
113/06/13,"33,013,918","1,926,501,593",58.40,58.80,57.80,58.10,+0.20,"18,304",2882
113/06/14,"22,714,376","1,316,341,667",58.60,58.60,57.50,58.20,+0.10,"15,015",2882
113/06/17,"19,827,038","1,142,360,511",58.20,58.20,57.40,57.50,-0.70,"9,412",2882
113/06/18,"28,883,921","1,687,775,769",58.00,58.90,58.00,58.90,+1.40,"11,009",2882
113/06/19,"35,962,849","2,120,110,664",59.10,59.30,58.20,59.00,+0.10,"14,425",2882
113/06/20,"43,516,742","2,596,577,840",59.00,60.20,58.80,60.10,+1.10,"16,192",2882
113/06/21,"44,740,995","2,689,619,860",60.10,60.40,59.70,60.10, 0.00,"9,931",2882
113/06/24,"26,544,279","1,597,522,573",60.30,60.50,59.60,60.30,+0.20,"9,645",2882
113/06/25,"30,726,941","1,854,587,084",60.80,61.20,60.10,60.50,+0.20,"12,110",2882
113/06/26,"39,079,713","2,327,747,037",60.30,60.50,59.00,59.50,-1.00,"14,501",2882
113/06/27,"47,347,458","2,781,059,495",58.90,59.10,58.30,59.10,-0.40,"13,314",2882
113/06/28,"49,458,003","2,920,209,015",59.10,59.60,58.60,59.00,-0.10,"11,860",2882
113/07/01,"68,688,064","3,949,609,791",57.90,58.10,56.70,58.10,X0.00,"15,689",2882
113/07/02,"25,212,352","1,464,562,334",57.80,58.50,57.40,58.20,+0.10,"8,989",2882
113/07/03,"86,599,623","5,240,541,819",58.70,61.60,58.60,61.50,+3.30,"32,122",2882
113/07/04,"54,669,389","3,343,524,893",61.80,62.20,60.40,60.70,-0.80,"36,450",2882
113/07/05,"38,281,598","2,334,538,219",61.30,61.50,60.50,61.30,+0.60,"11,377",2882
113/07/08,"41,516,180","2,570,559,110",61.50,62.40,61.00,62.30,+1.00,"14,774",2882
113/07/09,"45,189,869","2,800,009,912",62.50,63.20,61.00,62.10,-0.20,"18,647",2882
113/07/10,"46,535,131","2,941,569,507",62.60,63.70,62.40,63.60,+1.50,"19,272",2882
113/07/11,"75,471,430","4,928,070,724",64.40,66.10,63.80,65.50,+1.90,"36,342",2882
113/07/12,"38,386,727","2,514,615,974",65.20,66.10,64.60,65.70,+0.20,"20,435",2882
113/07/15,"34,079,783","2,205,034,812",66.00,66.00,64.10,65.00,-0.70,"15,036",2882
113/07/16,"33,499,531","2,186,602,719",65.70,65.80,64.60,65.40,+0.40,"10,794",2882
113/07/17,"39,252,903","2,569,103,985",65.70,66.20,64.80,65.30,-0.10,"16,545",2882
113/07/18,"49,159,369","3,155,182,252",64.70,65.60,63.10,64.20,-1.10,"23,409",2882
113/07/19,"52,923,548","3,305,218,755",64.70,64.70,61.70,62.60,-1.60,"22,617",2882
113/07/22,"48,052,149","2,895,799,112",62.10,62.20,59.50,60.00,-2.60,"21,837",2882
113/07/23,"21,808,278","1,335,027,124",61.10,61.50,60.70,61.50,+1.50,"12,935",2882
113/07/26,"37,553,858","2,290,868,335",59.70,61.70,59.50,61.50, 0.00,"14,738",2882
113/07/29,"30,583,559","1,910,922,333",62.40,63.20,61.80,62.70,+1.20,"11,499",2882
113/07/30,"21,852,926","1,340,958,984",62.50,62.50,60.70,61.70,-1.00,"12,717",2882
113/07/31,"18,718,477","1,164,349,012",60.80,62.80,60.80,62.40,+0.70,"6,833",2882
113/08/01,"24,185,979","1,517,135,529",62.90,63.10,62.40,62.80,+0.40,"11,171",2882
113/08/02,"28,779,043","1,761,221,737",61.50,61.70,60.60,61.30,-1.50,"12,231",2882
113/08/05,"68,481,504","3,882,762,378",59.00,59.20,55.30,55.60,-5.70,"29,636",2882
113/08/06,"48,063,416","2,694,938,488",57.00,57.70,54.00,56.10,+0.50,"19,506",2882
113/08/07,"41,329,382","2,389,451,960",56.10,58.70,56.10,58.60,+2.50,"15,336",2882
113/08/08,"22,209,483","1,287,562,886",57.50,58.80,57.20,57.80,-0.80,"12,231",2882
113/08/09,"48,841,703","2,974,480,542",61.30,61.50,60.10,60.50,+2.70,"18,576",2882
113/08/12,"28,288,755","1,722,199,061",61.20,61.60,60.40,61.00,+0.50,"14,214",2882
113/08/13,"20,338,641","1,242,453,734",61.10,61.50,60.60,61.30,+0.30,"9,041",2882
113/08/14,"28,061,020","1,741,915,979",61.80,62.50,61.40,61.90,+0.60,"11,461",2882
113/08/15,"19,662,595","1,218,607,755",62.60,62.80,61.50,61.60,-0.30,"11,693",2882
113/08/16,"41,015,973","2,578,081,271",62.60,63.30,62.10,63.00,+1.40,"16,518",2882
113/08/19,"19,136,700","1,198,577,390",63.20,63.20,62.20,62.30,-0.70,"14,846",2882
113/08/20,"24,008,958","1,476,371,641",62.50,62.50,61.10,61.70,-0.60,"12,636",2882
113/08/21,"17,882,476","1,104,552,054",61.40,62.20,61.30,61.90,+0.20,"7,004",2882
113/08/22,"15,142,956","928,097,628",61.70,61.80,61.00,61.40,-0.50,"6,928",2882
113/08/23,"10,746,054","658,679,380",60.70,61.70,60.50,61.50,+0.10,"5,278",2882
113/08/26,"46,267,636","2,945,605,343",62.30,64.20,62.20,63.90,+2.40,"20,825",2882
113/08/27,"24,250,289","1,530,153,167",63.50,63.70,62.80,63.10,-0.80,"16,642",2882
113/08/28,"13,341,197","842,389,225",63.40,63.50,62.60,63.50,+0.40,"8,749",2882
113/08/29,"14,180,331","894,288,496",63.10,63.40,62.70,63.10,-0.40,"7,835",2882
113/08/30,"30,201,474","1,914,565,694",63.40,63.70,63.00,63.50,+0.40,"7,496",2882
113/09/02,"31,916,994","2,060,560,922",63.80,65.20,63.70,64.70,+1.20,"14,571",2882
113/09/03,"16,497,485","1,053,600,794",64.80,64.80,63.50,63.70,-1.00,"15,960",2882
113/09/04,"36,678,349","2,256,095,048",61.00,62.20,60.60,61.60,-2.10,"16,351",2882
113/09/05,"31,284,906","1,959,936,893",62.00,63.60,61.70,62.40,+0.80,"11,288",2882
113/09/06,"24,960,690","1,574,451,678",62.20,63.70,61.80,63.50,+1.10,"10,325",2882
113/09/09,"30,046,060","1,862,809,495",62.00,62.60,61.30,62.50,-1.00,"20,392",2882
113/09/10,"18,809,590","1,177,826,872",62.50,63.40,62.00,62.60,+0.10,"10,896",2882
113/09/11,"18,824,720","1,179,101,838",62.30,62.90,62.30,62.50,-0.10,"7,690",2882
113/09/12,"20,046,125","1,260,960,413",63.20,63.30,62.50,62.90,+0.40,"6,798",2882
113/09/13,"15,509,463","978,437,018",63.10,63.70,62.50,63.20,+0.30,"7,344",2882
113/09/16,"9,282,691","584,288,369",63.30,63.40,62.70,63.10,-0.10,"6,929",2882
113/09/18,"13,028,934","822,703,850",63.00,63.40,62.80,63.20,+0.10,"6,787",2882
113/09/19,"34,592,090","2,227,543,667",63.40,64.80,63.30,64.80,+1.60,"15,098",2882
113/09/20,"40,639,674","2,633,106,343",65.00,65.40,64.50,64.70,-0.10,"11,128",2882
113/09/23,"21,701,952","1,411,755,974",64.90,65.40,64.50,65.40,+0.70,"9,844",2882
113/09/24,"43,614,305","2,880,977,309",65.50,66.50,65.30,66.30,+0.90,"16,435",2882
113/09/25,"32,687,745","2,185,391,226",67.00,67.10,66.40,67.10,+0.80,"14,902",2882
113/09/26,"45,671,365","3,112,815,508",67.60,68.60,67.40,68.30,+1.20,"17,234",2882
113/09/27,"38,019,887","2,584,000,386",69.00,69.00,66.90,67.50,-0.80,"21,975",2882
113/09/30,"30,098,333","2,012,183,324",67.40,67.70,66.50,66.50,-1.00,"15,417",2882
113/10/01,"18,103,416","1,206,414,525",66.90,67.10,66.20,66.70,+0.20,"10,523",2882
113/10/04,"25,697,379","1,701,643,133",66.00,66.90,65.80,66.00,-0.70,"13,944",2882
113/10/07,"30,130,959","2,034,263,849",66.60,68.00,66.50,68.00,+2.00,"13,976",2882
113/10/08,"26,653,495","1,802,139,371",67.50,68.20,67.00,67.70,-0.30,"12,920",2882
113/10/09,"17,399,929","1,183,006,119",68.30,68.50,67.60,67.80,+0.10,"6,919",2882
113/10/11,"21,771,274","1,481,958,020",68.60,68.60,67.60,68.00,+0.20,"9,961",2882
113/10/14,"11,550,257","779,794,274",68.00,68.10,67.10,67.70,-0.30,"14,916",2882
113/10/15,"29,461,171","2,017,896,195",67.80,68.80,67.50,68.80,+1.10,"11,353",2882
113/10/16,"23,890,063","1,623,754,938",68.00,68.60,67.40,67.80,-1.00,"23,094",2882
113/10/17,"15,838,073","1,083,688,972",67.90,68.70,67.90,68.60,+0.80,"6,106",2882
113/10/18,"42,902,080","2,984,565,489",68.80,69.90,68.50,69.80,+1.20,"16,264",2882
113/10/21,"41,993,562","2,875,089,985",69.80,69.80,68.00,68.30,-1.50,"64,973",2882
113/10/22,"26,718,551","1,841,820,096",68.20,69.30,67.80,69.30,+1.00,"10,705",2882
113/10/23,"17,525,085","1,210,473,456",69.00,69.40,68.70,69.20,-0.10,"8,326",2882
113/10/24,"16,248,315","1,112,858,185",68.80,69.00,68.20,68.20,-1.00,"17,826",2882
113/10/25,"12,682,246","869,943,825",68.50,69.00,68.10,69.00,+0.80,"5,696",2882
113/10/28,"23,577,614","1,635,281,928",68.90,69.80,68.50,69.30,+0.30,"9,263",2882
113/10/29,"23,409,004","1,598,587,672",69.20,69.20,68.00,68.50,-0.80,"14,687",2882
113/10/30,"17,327,551","1,191,375,441",68.80,69.00,68.50,68.90,+0.40,"5,101",2882
113/11/01,"26,071,006","1,774,444,495",68.10,68.80,67.40,68.60,-0.30,"13,004",2882
113/11/04,"27,897,055","1,935,203,475",68.60,69.60,68.50,69.60,+1.00,"8,865",2882
113/11/05,"13,772,440","955,921,269",69.10,69.80,68.60,69.80,+0.20,"9,082",2882
113/11/06,"12,124,161","840,077,552",69.60,69.70,69.00,69.10,-0.70,"8,174",2882
113/11/07,"25,159,175","1,755,661,261",69.00,70.40,69.00,69.80,+0.70,"10,436",2882
113/11/08,"15,220,490","1,061,708,483",70.00,70.20,69.40,69.50,-0.30,"9,418",2882
113/11/11,"21,040,577","1,443,639,630",69.70,69.80,68.10,68.70,-0.80,"21,819",2882
113/11/12,"40,848,712","2,763,955,811",67.80,68.20,67.20,67.50,-1.20,"17,886",2882
113/11/13,"37,532,795","2,504,956,315",67.10,67.50,66.20,66.80,-0.70,"17,232",2882
113/11/14,"26,753,611","1,778,216,787",66.50,67.10,66.10,66.20,-0.60,"9,514",2882
113/11/15,"29,136,418","1,964,119,371",67.00,68.30,66.60,66.90,+0.70,"11,638",2882
113/11/18,"19,756,553","1,323,388,391",67.30,67.50,66.60,67.00,+0.10,"8,001",2882
113/11/19,"34,439,114","2,315,239,741",67.30,67.70,66.50,67.70,+0.70,"10,955",2882
113/11/20,"25,128,583","1,689,043,009",67.50,67.70,66.90,67.40,-0.30,"9,860",2882
113/11/21,"29,283,021","1,946,774,325",66.90,67.00,66.20,66.60,-0.80,"13,173",2882
113/11/22,"20,596,865","1,375,009,542",67.00,67.30,66.50,66.80,+0.20,"7,363",2882
113/11/25,"46,068,650","3,104,725,989",67.40,68.00,67.10,67.30,+0.50,"8,095",2882
113/11/26,"15,036,331","1,008,554,040",67.10,67.50,66.30,67.40,+0.10,"7,611",2882
113/11/27,"12,472,306","832,426,751",67.10,67.30,66.50,66.50,-0.90,"6,702",2882
113/11/28,"12,457,291","826,879,650",66.80,66.80,66.10,66.30,-0.20,"5,686",2882
113/11/29,"23,283,661","1,527,088,861",65.80,66.10,65.00,65.70,-0.60,"9,580",2882
113/12/02,"20,410,692","1,371,249,308",66.10,67.70,66.00,67.60,+1.90,"8,403",2882
113/12/03,"30,110,719","2,061,660,303",67.90,68.90,67.80,68.90,+1.30,"12,626",2882
113/12/04,"15,956,182","1,097,975,451",69.00,69.00,68.40,69.00,+0.10,"8,136",2882
113/12/05,"12,823,836","885,736,760",69.20,69.30,68.80,69.20,+0.20,"5,793",2882
113/12/06,"10,319,069","709,300,498",69.10,69.20,68.40,68.70,-0.50,"9,782",2882
113/12/09,"18,245,451","1,261,514,715",68.70,69.40,68.60,69.20,+0.50,"7,816",2882
113/12/10,"12,511,424","859,076,215",68.80,69.20,68.40,68.60,-0.60,"8,771",2882
113/12/11,"20,075,560","1,376,855,923",68.30,69.20,68.00,68.40,-0.20,"9,302",2882
113/12/12,"37,569,554","2,606,597,382",69.00,69.80,68.60,69.60,+1.20,"13,086",2882
113/12/13,"13,758,968","954,578,304",69.30,69.80,69.00,69.50,-0.10,"8,850",2882
113/12/16,"35,190,392","2,471,756,004",69.50,70.70,69.40,70.10,+0.60,"15,362",2882
113/12/17,"25,985,379","1,790,037,644",69.60,70.00,68.60,68.60,-1.50,"28,402",2882
113/12/18,"16,633,966","1,141,875,999",68.50,69.40,68.20,68.80,+0.20,"10,108",2882
113/12/19,"26,621,581","1,795,207,638",67.50,67.70,67.10,67.70,-1.10,"20,771",2882
113/12/20,"28,529,531","1,918,986,904",67.20,67.70,66.90,67.30,-0.40,"10,240",2882
113/12/23,"17,245,009","1,184,907,888",68.00,69.00,68.00,69.00,+1.70,"12,507",2882
113/12/24,"6,206,490","427,551,245",69.00,69.10,68.60,68.90,-0.10,"5,787",2882
113/12/25,"6,033,170","414,507,291",69.00,69.10,68.40,68.70,-0.20,"4,644",2882
113/12/26,"3,565,847","244,628,761",68.90,69.00,68.40,68.70, 0.00,"2,028",2882
113/12/27,"10,613,409","732,902,177",68.60,69.30,68.50,69.30,+0.60,"4,332",2882
113/12/30,"17,584,920","1,221,544,743",69.20,69.80,69.00,69.20,-0.10,"7,685",2882
113/12/31,"14,134,436","966,637,304",68.60,68.70,68.10,68.30,-0.90,"8,744",2882
