日期,成交股數,成交金額,開盤價,最高價,最低價,收盤價,漲跌價差,成交筆數,股票代號
 99/01/04,"28,355,803","569,328,560",20.00,20.25,19.90,20.00,+0.05,"4,547",2891
 99/01/05,"23,866,490","479,646,200",20.20,20.30,19.95,20.00, 0.00,"5,136",2891
 99/01/06,"54,862,988","1,120,129,809",20.10,20.60,20.00,20.60,+0.60,"10,436",2891
 99/01/07,"53,592,486","1,104,647,821",20.70,20.90,20.35,20.40,-0.20,"7,952",2891
 99/01/08,"28,060,315","576,812,166",20.50,20.70,20.35,20.50,+0.10,"5,769",2891
 99/01/11,"23,885,946","489,213,228",20.50,20.60,20.40,20.40,-0.10,"4,085",2891
 99/01/12,"29,808,986","606,347,619",20.50,20.55,20.20,20.25,-0.15,"5,689",2891
 99/01/13,"23,285,274","465,946,330",20.10,20.20,19.90,19.95,-0.30,"3,973",2891
 99/01/14,"30,010,213","595,993,521",19.80,20.05,19.75,19.80,-0.15,"5,929",2891
 99/01/15,"29,700,304","590,349,597",19.90,20.05,19.75,19.80, 0.00,"5,395",2891
 99/01/18,"21,589,489","425,878,707",19.65,19.85,19.65,19.70,-0.10,"3,042",2891
 99/01/19,"23,798,008","467,056,621",19.80,19.95,19.50,19.50,-0.20,"4,721",2891
 99/01/20,"51,082,160","983,458,190",19.55,19.65,19.00,19.00,-0.50,"9,090",2891
 99/01/21,"26,771,952","510,985,730",19.00,19.25,18.95,19.05,+0.05,"5,084",2891
 99/01/22,"40,664,012","760,115,422",18.80,18.85,18.60,18.65,-0.40,"6,592",2891
 99/01/25,"29,966,649","553,121,021",18.45,18.65,18.30,18.45,-0.20,"5,569",2891
 99/01/26,"50,132,609","904,755,988",18.45,18.55,17.50,17.65,-0.80,"8,056",2891
 99/01/27,"35,112,755","619,536,922",17.80,17.85,17.50,17.55,-0.10,"6,786",2891
 99/01/28,"19,011,730","340,145,840",17.80,18.10,17.60,17.90,+0.35,"3,598",2891
 99/01/29,"48,640,374","846,116,808",17.85,17.85,17.10,17.50,-0.40,"6,766",2891
 99/02/01,"35,164,305","606,866,041",17.85,17.85,17.05,17.10,-0.40,"5,987",2891
 99/02/02,"52,023,189","878,703,563",17.25,17.35,16.55,16.80,-0.30,"8,182",2891
 99/02/03,"33,945,405","573,500,103",17.20,17.20,16.65,16.90,+0.10,"5,844",2891
 99/02/04,"24,422,461","413,670,161",16.95,17.10,16.85,16.85,-0.05,"3,376",2891
 99/02/05,"72,219,194","1,156,760,033",16.40,16.40,15.70,16.00,-0.85,"9,238",2891
 99/02/06,"23,611,060","369,037,915",15.80,16.00,15.40,15.75,-0.25,"4,318",2891
 99/02/08,"26,433,453","426,881,229",15.90,16.35,15.80,16.20,+0.45,"5,051",2891
 99/02/09,"82,249,444","1,330,178,576",16.05,16.45,15.85,16.25,+0.05,"9,491",2891
 99/02/10,"51,367,410","860,952,889",16.55,17.00,16.50,16.80,+0.55,"7,438",2891
 99/02/22,"51,112,832","902,932,183",17.40,17.95,17.20,17.95,+1.15,"7,122",2891
 99/02/23,"47,845,808","859,076,393",18.10,18.15,17.80,17.90,-0.05,"7,748",2891
 99/02/24,"41,623,473","749,960,164",17.75,18.30,17.60,18.00,+0.10,"7,056",2891
 99/02/25,"54,146,774","965,383,970",18.20,18.25,17.50,17.50,-0.50,"7,527",2891
 99/02/26,"32,260,920","566,787,528",17.65,17.90,17.35,17.40,-0.10,"5,170",2891
 99/03/01,"70,682,933","1,264,491,294",17.70,18.30,17.50,18.00,+0.60,"8,158",2891
 99/03/02,"30,415,274","550,591,532",18.15,18.20,18.00,18.00, 0.00,"4,647",2891
 99/03/03,"36,447,586","673,447,396",18.30,18.65,18.30,18.40,+0.40,"7,006",2891
 99/03/04,"41,782,696","761,361,278",18.70,18.70,18.00,18.00,-0.40,"6,437",2891
 99/03/05,"45,530,711","843,371,005",18.40,18.70,18.30,18.45,+0.45,"5,597",2891
 99/03/08,"30,897,640","576,824,368",18.60,18.80,18.55,18.65,+0.20,"6,918",2891
 99/03/09,"15,752,850","292,493,583",18.65,18.75,18.45,18.45,-0.20,"3,086",2891
 99/03/10,"17,309,371","322,884,883",18.60,18.75,18.50,18.75,+0.30,"3,610",2891
 99/03/11,"30,153,019","554,938,911",18.45,18.75,18.30,18.35,-0.40,"5,525",2891
 99/03/12,"20,098,225","365,425,596",18.25,18.35,18.10,18.20,-0.15,"4,639",2891
 99/03/15,"23,835,346","428,492,533",18.00,18.25,17.80,17.80,-0.40,"4,615",2891
 99/03/16,"22,988,860","411,691,694",17.80,18.00,17.80,17.90,+0.10,"4,188",2891
 99/03/17,"39,149,368","715,465,560",18.10,18.35,18.10,18.35,+0.45,"5,772",2891
 99/03/18,"37,580,107","693,671,999",18.40,18.65,18.30,18.35, 0.00,"6,375",2891
 99/03/19,"31,527,335","574,664,011",18.45,18.45,18.15,18.25,-0.10,"4,562",2891
 99/03/22,"27,330,892","493,273,456",18.20,18.25,17.90,18.10,-0.15,"5,754",2891
 99/03/23,"41,085,136","738,072,925",18.00,18.10,17.85,17.85,-0.25,"5,692",2891
 99/03/24,"60,895,591","1,088,283,543",17.90,18.05,17.55,17.55,-0.30,"7,222",2891
 99/03/25,"44,313,596","785,877,297",17.60,18.05,17.60,17.60,+0.05,"6,498",2891
 99/03/26,"36,296,759","648,333,662",17.60,18.05,17.50,18.00,+0.40,"7,070",2891
 99/03/29,"30,148,892","544,888,939",18.10,18.20,17.95,18.05,+0.05,"4,685",2891
 99/03/30,"27,668,663","503,737,901",18.20,18.25,18.10,18.20,+0.15,"5,418",2891
 99/03/31,"20,576,402","371,328,586",18.20,18.20,17.95,18.00,-0.20,"3,550",2891
 99/04/01,"35,081,702","638,607,545",18.00,18.35,18.00,18.15,+0.15,"8,097",2891
 99/04/02,"22,608,407","412,137,821",18.30,18.30,18.15,18.25,+0.10,"4,259",2891
 99/04/06,"23,852,116","435,538,927",18.30,18.35,18.15,18.25, 0.00,"5,061",2891
 99/04/07,"24,436,382","444,715,215",18.30,18.30,18.15,18.15,-0.10,"4,205",2891
 99/04/08,"53,565,471","983,131,421",18.10,18.65,18.00,18.20,+0.05,"9,252",2891
 99/04/09,"29,930,628","548,537,183",18.30,18.45,18.20,18.45,+0.25,"7,090",2891
 99/04/12,"36,046,039","668,600,589",18.65,18.65,18.45,18.55,+0.10,"5,341",2891
 99/04/13,"30,743,688","562,607,913",18.50,18.50,18.10,18.15,-0.40,"5,208",2891
 99/04/14,"34,888,193","631,735,660",18.25,18.30,18.00,18.10,-0.05,"4,921",2891
 99/04/15,"29,942,315","547,831,523",18.15,18.40,18.15,18.35,+0.25,"3,951",2891
 99/04/16,"16,664,234","302,967,527",18.45,18.45,18.05,18.15,-0.20,"3,755",2891
 99/04/19,"51,165,604","903,596,092",17.85,17.85,17.40,17.45,-0.70,"10,613",2891
 99/04/20,"24,999,913","441,188,023",17.60,17.75,17.55,17.60,+0.15,"4,100",2891
 99/04/21,"19,603,612","346,978,427",17.75,17.80,17.65,17.70,+0.10,"4,457",2891
 99/04/22,"23,974,434","421,558,791",17.70,17.85,17.45,17.60,-0.10,"4,498",2891
 99/04/23,"16,574,403","293,125,564",17.70,17.80,17.60,17.80,+0.20,"2,855",2891
 99/04/26,"26,835,092","485,558,266",18.00,18.20,17.90,18.20,+0.40,"5,536",2891
 99/04/27,"18,849,537","338,930,520",18.00,18.10,17.90,17.95,-0.25,"3,368",2891
 99/04/28,"28,168,550","495,016,586",17.50,17.70,17.40,17.60,-0.35,"5,581",2891
 99/04/29,"18,914,313","333,546,248",17.75,17.75,17.55,17.60, 0.00,"3,353",2891
 99/04/30,"42,779,967","769,054,350",17.85,18.15,17.80,17.80,+0.20,"7,434",2891
 99/05/03,"26,199,919","466,814,609",17.75,17.95,17.70,17.85,+0.05,"4,242",2891
 99/05/04,"25,066,105","449,549,890",18.10,18.10,17.75,17.90,+0.05,"3,686",2891
 99/05/05,"39,050,278","674,206,018",17.50,17.55,17.40,17.40,-0.50,"5,047",2891
 99/05/06,"29,914,494","517,494,683",17.50,17.50,17.05,17.10,-0.30,"5,197",2891
 99/05/07,"52,277,882","877,891,353",16.70,17.30,16.40,16.85,-0.25,"8,336",2891
 99/05/10,"46,006,154","771,713,608",16.85,16.95,16.65,16.75,-0.10,"6,539",2891
 99/05/11,"61,912,572","1,052,538,475",17.00,17.20,16.75,16.75, 0.00,"8,574",2891
 99/05/12,"22,276,812","376,803,583",16.85,17.05,16.80,16.90,+0.15,"3,699",2891
 99/05/13,"65,938,560","1,148,623,521",17.20,17.70,17.10,17.55,+0.65,"8,589",2891
 99/05/14,"26,625,528","465,035,629",17.50,17.60,17.35,17.50,-0.05,"3,422",2891
 99/05/17,"34,761,297","590,690,403",17.20,17.30,16.80,16.95,-0.55,"5,415",2891
 99/05/18,"15,339,527","261,923,993",17.00,17.20,16.95,17.10,+0.15,"3,128",2891
 99/05/19,"28,363,298","482,037,366",17.00,17.15,16.90,16.95,-0.15,"4,066",2891
 99/05/20,"18,186,225","306,478,734",17.00,17.00,16.75,16.75,-0.20,"3,520",2891
 99/05/21,"36,757,054","592,063,454",16.10,16.25,15.85,16.15,-0.60,"5,886",2891
 99/05/24,"17,694,067","288,539,609",16.40,16.40,16.20,16.25,+0.10,"3,135",2891
 99/05/25,"55,243,326","862,210,683",16.00,16.05,15.15,15.50,-0.75,"8,340",2891
 99/05/26,"22,980,373","358,910,149",15.55,15.75,15.40,15.70,+0.20,"3,832",2891
 99/05/27,"21,955,084","344,859,432",15.60,15.90,15.40,15.90,+0.20,"3,477",2891
 99/05/28,"37,979,063","617,652,197",16.15,16.40,16.15,16.35,+0.45,"4,768",2891
 99/05/31,"29,321,300","483,019,605",16.25,16.65,16.20,16.65,+0.30,"4,522",2891
 99/06/01,"39,027,989","633,786,855",16.50,16.55,16.10,16.15,-0.50,"4,564",2891
 99/06/02,"22,036,543","353,788,534",16.00,16.30,15.85,16.00,-0.15,"4,671",2891
 99/06/03,"20,561,771","336,634,659",16.25,16.45,16.25,16.35,+0.35,"3,968",2891
 99/06/04,"11,392,025","185,929,576",16.50,16.50,16.20,16.25,-0.10,"1,589",2891
 99/06/07,"27,487,999","432,930,561",15.70,16.00,15.55,15.90,-0.35,"4,489",2891
 99/06/08,"13,756,289","220,440,974",15.90,16.15,15.90,16.05,+0.15,"3,034",2891
 99/06/09,"20,289,795","327,374,769",16.20,16.30,16.00,16.05, 0.00,"3,849",2891
 99/06/10,"35,701,155","590,700,711",16.40,16.80,16.25,16.75,+0.70,"6,516",2891
 99/06/11,"51,368,655","877,827,378",17.10,17.20,16.90,17.10,+0.35,"8,815",2891
 99/06/14,"30,583,175","533,064,879",17.40,17.55,17.35,17.35,+0.25,"6,243",2891
 99/06/15,"31,475,051","545,776,034",17.40,17.50,17.15,17.40,+0.05,"6,642",2891
 99/06/17,"50,470,430","881,742,391",17.50,17.55,17.30,17.50,+0.10,"6,502",2891
 99/06/18,"15,627,556","272,384,861",17.50,17.50,17.35,17.50, 0.00,"2,530",2891
 99/06/21,"60,125,971","1,078,411,628",17.70,18.15,17.65,18.05,+0.55,"9,323",2891
 99/06/22,"22,780,886","408,655,765",18.10,18.10,17.85,17.85,-0.20,"4,154",2891
 99/06/23,"20,235,143","357,456,327",17.70,17.80,17.55,17.60,-0.25,"4,009",2891
 99/06/24,"39,168,156","703,785,850",17.75,18.15,17.60,17.95,+0.35,"5,601",2891
 99/06/25,"102,957,559","1,878,382,012",17.90,18.50,17.75,18.05,+0.10,"13,843",2891
 99/06/28,"97,485,361","1,788,410,963",18.40,18.45,18.20,18.25,+0.20,"11,379",2891
 99/06/29,"64,109,806","1,164,617,456",18.35,18.40,18.00,18.05,-0.20,"6,691",2891
 99/06/30,"50,649,309","900,448,399",17.70,17.90,17.55,17.75,-0.30,"8,188",2891
 99/07/01,"38,162,084","671,145,916",17.80,18.05,17.35,17.35,-0.40,"6,784",2891
 99/07/02,"134,586,594","2,474,390,249",17.45,18.55,17.45,18.45,+1.10,"16,765",2891
 99/07/05,"112,102,844","2,102,601,972",18.60,18.95,18.60,18.90,+0.45,"16,296",2891
 99/07/06,"72,200,378","1,350,703,103",18.65,18.90,18.45,18.90, 0.00,"10,179",2891
 99/07/07,"37,831,209","707,374,298",18.85,18.85,18.60,18.70,-0.20,"6,953",2891
 99/07/08,"60,030,362","1,117,015,197",18.90,18.95,18.35,18.45,-0.25,"7,843",2891
 99/07/09,"48,850,776","911,787,042",18.65,18.80,18.50,18.70,+0.25,"6,502",2891
 99/07/12,"67,413,291","1,277,601,777",18.80,19.15,18.55,18.90,+0.20,"9,075",2891
 99/07/13,"58,476,441","1,106,322,205",19.05,19.15,18.75,18.80,-0.10,"11,626",2891
 99/07/14,"52,284,150","998,923,732",19.00,19.20,19.00,19.20,+0.40,"7,385",2891
 99/07/15,"71,229,760","1,386,236,316",19.20,19.70,19.10,19.65,+0.45,"11,002",2891
 99/07/16,"107,926,980","2,155,873,132",19.65,20.30,19.50,19.90,+0.25,"14,336",2891
 99/07/19,"73,954,774","1,467,797,271",19.85,20.10,19.55,19.70,-0.20,"11,299",2891
 99/07/20,"43,194,860","850,322,633",19.80,19.85,19.50,19.75,+0.05,"7,093",2891
 99/07/21,"50,158,716","989,082,334",19.85,20.00,19.45,19.60,-0.15,"6,647",2891
 99/07/22,"46,347,287","903,415,508",19.60,19.80,19.35,19.35,-0.25,"6,285",2891
 99/07/23,"44,544,295","868,993,016",19.50,19.60,19.40,19.50,+0.15,"6,482",2891
 99/07/26,"39,469,779","773,816,972",19.60,19.75,19.45,19.75,+0.25,"5,148",2891
 99/07/27,"32,235,718","629,929,361",19.80,19.80,19.40,19.40,-0.35,"5,165",2891
 99/07/28,"65,949,555","1,278,913,264",19.30,19.55,19.25,19.40, 0.00,"8,141",2891
 99/07/29,"44,077,443","833,701,811",18.90,19.00,18.80,18.95,X0.00,"6,131",2891
 99/07/30,"41,322,089","791,628,574",18.90,19.35,18.80,19.20,+0.25,"6,949",2891
 99/08/02,"88,765,184","1,769,620,171",19.45,20.30,19.40,19.95,+0.75,"13,319",2891
 99/08/03,"45,839,553","914,317,455",20.10,20.10,19.80,19.80,-0.15,"7,362",2891
 99/08/04,"22,501,079","446,477,303",20.10,20.10,19.60,19.80, 0.00,"3,903",2891
 99/08/05,"43,543,040","862,112,114",19.80,20.05,19.60,19.65,-0.15,"6,597",2891
 99/08/06,"21,405,328","422,216,933",19.60,19.85,19.55,19.70,+0.05,"3,639",2891
 99/08/09,"80,591,513","1,632,574,495",19.85,20.45,19.80,20.30,+0.60,"11,355",2891
 99/08/10,"46,511,323","935,658,169",20.35,20.35,19.95,20.00,-0.30,"8,028",2891
 99/08/11,"32,454,230","641,639,448",19.85,20.00,19.60,19.60,-0.40,"4,798",2891
 99/08/12,"47,047,797","927,876,759",19.50,20.05,19.35,20.05,+0.45,"8,274",2891
 99/08/13,"54,280,313","1,084,984,818",19.95,20.25,19.70,20.20,+0.15,"7,347",2891
 99/08/16,"32,173,170","646,175,218",20.10,20.25,19.90,20.25,+0.05,"4,572",2891
 99/08/17,"33,774,360","683,380,400",20.25,20.40,20.05,20.05,-0.20,"4,882",2891
 99/08/18,"70,845,921","1,398,513,434",20.15,20.15,19.40,19.55,-0.50,"10,948",2891
 99/08/19,"76,514,800","1,461,015,283",19.35,19.45,18.90,19.15,-0.40,"10,746",2891
 99/08/20,"25,691,104","494,799,103",19.20,19.35,19.15,19.20,+0.05,"4,307",2891
 99/08/23,"31,904,062","626,074,687",19.30,19.85,19.20,19.60,+0.40,"5,842",2891
 99/08/24,"31,131,748","615,693,136",19.80,19.90,19.60,19.80,+0.20,"7,224",2891
 99/08/25,"50,609,896","971,775,656",19.65,19.65,19.00,19.25,-0.55,"9,505",2891
 99/08/26,"37,565,113","707,975,290",19.20,19.20,18.60,18.75,-0.50,"7,077",2891
 99/08/27,"33,075,495","624,253,793",18.75,19.05,18.65,18.90,+0.15,"4,798",2891
 99/08/30,"43,062,889","817,675,676",19.10,19.10,18.85,19.05,+0.15,"6,584",2891
 99/08/31,"64,024,434","1,145,689,187",17.80,18.00,17.75,17.95,X0.00,"10,317",2891
 99/09/01,"37,401,210","678,538,834",18.10,18.25,18.05,18.15,+0.20,"6,683",2891
 99/09/02,"47,075,548","872,846,841",18.35,18.85,18.25,18.75,+0.60,"9,294",2891
 99/09/03,"44,868,265","845,377,651",18.95,19.00,18.70,18.95,+0.20,"6,794",2891
 99/09/06,"38,078,643","720,297,461",19.00,19.05,18.75,18.90,-0.05,"7,082",2891
 99/09/07,"15,536,002","293,553,988",19.00,19.00,18.80,18.80,-0.10,"2,952",2891
 99/09/08,"29,285,921","549,306,632",18.90,19.10,18.60,18.60,-0.20,"4,589",2891
 99/09/09,"25,363,329","477,311,038",19.00,19.00,18.65,18.80,+0.20,"3,993",2891
 99/09/10,"24,961,591","470,332,636",18.90,18.95,18.75,18.85,+0.05,"3,742",2891
 99/09/13,"64,467,401","1,241,246,540",19.10,19.45,19.00,19.40,+0.55,"9,492",2891
 99/09/14,"34,074,747","663,277,777",19.50,19.55,19.35,19.50,+0.10,"5,551",2891
 99/09/15,"46,867,714","917,832,022",19.60,19.70,19.40,19.60,+0.10,"6,967",2891
 99/09/16,"36,511,763","713,719,805",19.60,19.70,19.45,19.45,-0.15,"4,521",2891
 99/09/17,"52,727,208","1,043,026,919",19.70,19.95,19.60,19.60,+0.15,"7,721",2891
 99/09/20,"20,373,738","401,699,988",19.70,19.85,19.60,19.65,+0.05,"3,447",2891
 99/09/21,"29,075,844","574,812,033",19.80,19.85,19.60,19.85,+0.20,"6,181",2891
 99/09/23,"48,745,673","981,389,110",19.90,20.35,19.90,20.10,+0.25,"8,619",2891
 99/09/24,"41,787,220","835,654,882",20.00,20.20,19.85,20.00,-0.10,"5,927",2891
 99/09/27,"32,962,392","658,521,405",20.10,20.15,19.85,19.90,-0.10,"5,634",2891
 99/09/28,"25,217,078","498,210,672",19.90,19.90,19.65,19.70,-0.20,"4,093",2891
 99/09/29,"27,157,961","539,191,444",19.85,20.00,19.70,19.75,+0.05,"4,341",2891
 99/09/30,"27,604,226","542,275,814",19.70,19.80,19.55,19.70,-0.05,"5,246",2891
 99/10/01,"23,044,562","455,450,133",19.80,19.85,19.65,19.75,+0.05,"3,194",2891
 99/10/04,"34,929,719","698,556,380",19.85,20.10,19.80,20.00,+0.25,"6,603",2891
 99/10/05,"24,102,871","479,138,270",19.90,20.00,19.75,20.00, 0.00,"3,971",2891
 99/10/06,"36,389,161","728,565,220",20.10,20.20,19.90,19.95,-0.05,"5,767",2891
 99/10/07,"28,308,923","567,192,907",20.00,20.15,19.90,19.95, 0.00,"4,442",2891
 99/10/08,"29,640,725","591,725,256",19.90,20.05,19.85,19.95, 0.00,"6,218",2891
 99/10/11,"34,553,430","690,289,824",20.00,20.10,19.80,19.85,-0.10,"5,876",2891
 99/10/12,"34,775,764","691,254,773",20.00,20.00,19.80,19.90,+0.05,"5,710",2891
 99/10/13,"27,476,597","547,592,584",20.00,20.05,19.80,19.90, 0.00,"3,849",2891
 99/10/14,"46,804,418","946,509,973",20.10,20.35,20.00,20.30,+0.40,"10,459",2891
 99/10/15,"34,634,966","703,480,670",20.30,20.40,20.20,20.35,+0.05,"6,099",2891
 99/10/18,"66,822,774","1,350,707,200",20.40,20.40,19.80,20.25,-0.10,"8,472",2891
 99/10/19,"35,918,452","726,175,257",20.35,20.40,20.10,20.30,+0.05,"5,236",2891
 99/10/20,"33,410,087","674,534,860",20.20,20.35,20.05,20.05,-0.25,"5,377",2891
 99/10/21,"38,466,277","773,353,590",20.20,20.25,20.00,20.10,+0.05,"5,560",2891
 99/10/22,"28,105,355","562,981,500",20.10,20.15,19.90,20.00,-0.10,"3,279",2891
 99/10/25,"30,920,462","620,656,475",20.15,20.25,19.95,19.95,-0.05,"4,978",2891
 99/10/26,"51,836,388","1,026,326,550",20.00,20.00,19.65,19.90,-0.05,"7,913",2891
 99/10/27,"35,593,010","697,737,827",19.70,19.90,19.40,19.45,-0.45,"6,714",2891
 99/10/28,"64,111,300","1,243,552,246",19.45,19.60,19.25,19.40,-0.05,"10,754",2891
 99/10/29,"57,644,382","1,100,948,876",19.30,19.30,18.95,19.10,-0.30,"9,088",2891
 99/11/01,"42,868,907","826,798,036",19.15,19.40,19.10,19.30,+0.20,"7,500",2891
 99/11/02,"24,516,700","474,936,065",19.30,19.45,19.30,19.35,+0.05,"4,359",2891
 99/11/03,"17,377,447","337,262,436",19.50,19.55,19.30,19.30,-0.05,"4,171",2891
 99/11/04,"25,437,760","498,697,529",19.45,19.70,19.40,19.70,+0.40,"5,324",2891
 99/11/05,"35,318,692","700,139,190",19.95,19.95,19.70,19.85,+0.15,"5,212",2891
 99/11/08,"19,649,414","389,503,390",19.95,19.95,19.70,19.85, 0.00,"3,871",2891
 99/11/09,"26,607,555","526,181,185",19.90,19.95,19.70,19.70,-0.15,"3,122",2891
 99/11/10,"29,726,564","585,446,341",19.70,19.85,19.60,19.60,-0.10,"3,836",2891
 99/11/11,"14,281,475","281,542,660",19.55,19.80,19.55,19.70,+0.10,"3,322",2891
 99/11/12,"37,664,890","736,570,984",19.70,19.75,19.40,19.45,-0.25,"6,191",2891
 99/11/15,"26,310,630","505,993,278",19.45,19.45,19.10,19.20,-0.25,"4,020",2891
 99/11/16,"30,845,419","590,048,047",19.10,19.25,19.05,19.15,-0.05,"4,854",2891
 99/11/17,"29,113,320","553,531,280",19.10,19.10,18.90,18.90,-0.25,"5,364",2891
 99/11/18,"17,315,600","330,606,850",19.00,19.20,18.95,19.00,+0.10,"3,321",2891
 99/11/19,"21,640,416","412,584,004",19.10,19.20,19.00,19.00, 0.00,"4,465",2891
 99/11/22,"22,435,339","430,902,433",19.20,19.30,19.05,19.05,+0.05,"4,020",2891
 99/11/23,"46,668,093","880,532,475",19.05,19.20,18.70,18.75,-0.30,"8,264",2891
 99/11/24,"22,912,030","430,968,040",18.70,18.95,18.65,18.75, 0.00,"3,843",2891
 99/11/25,"21,348,783","404,415,019",18.95,19.05,18.85,19.05,+0.30,"3,783",2891
 99/11/26,"59,052,657","1,113,092,890",19.05,19.20,18.60,18.65,-0.40,"8,485",2891
 99/11/29,"52,421,294","980,111,004",19.00,19.05,18.55,18.55,-0.10,"8,269",2891
 99/11/30,"66,022,130","1,223,631,956",18.55,18.70,18.35,18.35,-0.20,"8,760",2891
 99/12/01,"94,934,223","1,800,571,087",18.55,19.10,18.50,19.05,+0.70,"13,249",2891
 99/12/02,"75,803,180","1,457,009,896",19.25,19.50,19.05,19.10,+0.05,"12,378",2891
 99/12/03,"60,006,551","1,159,935,584",19.30,19.50,19.20,19.40,+0.30,"8,689",2891
 99/12/06,"66,757,013","1,317,238,217",19.60,19.90,19.50,19.70,+0.30,"10,787",2891
 99/12/07,"43,081,287","842,731,435",19.75,19.75,19.45,19.50,-0.20,"6,362",2891
 99/12/08,"34,037,739","665,704,422",19.50,19.70,19.45,19.60,+0.10,"7,237",2891
 99/12/09,"45,085,176","888,961,748",19.80,19.85,19.60,19.75,+0.15,"8,289",2891
 99/12/10,"31,995,676","628,686,481",19.65,19.75,19.50,19.70,-0.05,"4,233",2891
 99/12/13,"16,086,205","315,356,850",19.80,19.80,19.50,19.50,-0.20,"3,289",2891
 99/12/14,"24,892,705","487,958,454",19.65,19.75,19.50,19.55,+0.05,"4,968",2891
 99/12/15,"26,166,386","510,623,018",19.50,19.70,19.40,19.50,-0.05,"5,087",2891
 99/12/16,"40,254,689","791,660,320",19.60,19.75,19.55,19.70,+0.20,"5,739",2891
 99/12/17,"107,606,003","2,175,223,592",19.80,20.50,19.70,20.35,+0.65,"18,664",2891
 99/12/20,"86,004,570","1,777,946,739",20.70,20.85,20.50,20.60,+0.25,"11,898",2891
 99/12/21,"52,520,325","1,078,624,342",20.70,20.75,20.25,20.70,+0.10,"8,214",2891
 99/12/22,"24,470,130","503,377,123",20.60,20.75,20.50,20.55,-0.15,"5,184",2891
 99/12/23,"31,966,249","659,672,432",20.60,20.80,20.50,20.55, 0.00,"6,148",2891
 99/12/24,"30,411,692","617,260,549",20.40,20.50,20.15,20.20,-0.35,"5,649",2891
 99/12/27,"31,074,949","641,366,578",20.45,20.85,20.35,20.75,+0.55,"7,250",2891
 99/12/28,"27,546,878","572,117,533",20.90,20.90,20.60,20.75, 0.00,"4,950",2891
 99/12/29,"81,229,445","1,726,138,585",20.80,21.45,20.75,21.45,+0.70,"15,808",2891
 99/12/30,"57,991,407","1,225,056,678",21.50,21.60,20.95,21.20,-0.25,"11,163",2891
 99/12/31,"60,283,943","1,297,735,651",21.40,21.80,21.20,21.40,+0.20,"11,126",2891
100/01/03,"55,813,016","1,212,560,556",21.60,21.90,21.50,21.85,+0.45,"12,257",2891
100/01/04,"49,437,034","1,063,167,910",21.80,21.80,21.15,21.15,-0.70,"9,661",2891
100/01/05,"68,187,347","1,428,800,463",21.25,21.50,20.50,20.60,-0.55,"10,849",2891
100/01/06,"79,360,612","1,680,305,559",20.65,21.65,20.55,21.55,+0.95,"12,512",2891
100/01/07,"66,089,444","1,393,608,524",21.50,21.50,20.80,21.00,-0.55,"9,559",2891
100/01/10,"41,252,035","868,981,391",21.20,21.30,20.90,21.15,+0.15,"5,398",2891
100/01/11,"41,750,892","886,253,836",21.20,21.45,20.95,21.45,+0.30,"7,069",2891
100/01/12,"87,552,903","1,895,649,420",21.50,22.00,21.30,21.80,+0.35,"14,188",2891
100/01/13,"237,105,088","5,401,494,395",22.40,23.30,22.20,23.30,+1.50,"37,457",2891
100/01/14,"119,722,507","2,783,296,810",23.25,23.65,22.85,23.40,+0.10,"22,439",2891
100/01/17,"44,549,162","1,031,813,426",23.55,23.65,22.90,23.00,-0.40,"8,135",2891
100/01/18,"68,203,783","1,596,856,196",22.70,23.60,22.70,23.50,+0.50,"12,985",2891
100/01/19,"46,046,546","1,080,889,363",23.65,23.65,23.25,23.50, 0.00,"8,851",2891
100/01/20,"82,172,601","1,964,440,216",23.70,24.15,23.60,23.85,+0.35,"11,098",2891
100/01/21,"70,411,059","1,657,678,888",23.80,23.90,23.30,23.55,-0.30,"10,200",2891
100/01/24,"54,956,759","1,308,687,742",24.10,24.10,23.55,23.80,+0.25,"8,891",2891
100/01/25,"82,497,257","2,004,898,193",24.00,24.50,23.95,24.35,+0.55,"12,374",2891
100/01/26,"64,512,261","1,559,331,064",24.40,24.50,24.00,24.00,-0.35,"7,906",2891
100/01/27,"60,106,364","1,457,018,429",24.00,24.50,23.95,24.15,+0.15,"7,388",2891
100/01/28,"73,332,382","1,796,323,798",24.25,24.80,24.25,24.80,+0.65,"10,035",2891
100/02/08,"70,981,656","1,720,858,969",25.00,25.00,23.95,24.20,-0.60,"11,318",2891
100/02/09,"66,863,334","1,585,431,135",24.20,24.25,23.50,23.60,-0.60,"10,168",2891
100/02/10,"75,916,451","1,752,323,960",23.50,23.50,22.80,22.85,-0.75,"13,720",2891
100/02/11,"110,581,497","2,464,165,234",22.85,22.85,21.55,21.75,-1.10,"18,513",2891
100/02/14,"72,188,149","1,631,538,490",21.90,23.00,21.85,22.85,+1.10,"13,175",2891
100/02/15,"55,384,361","1,256,152,953",22.80,23.05,22.05,23.00,+0.15,"8,982",2891
100/02/16,"40,963,146","942,472,858",22.80,23.20,22.75,23.00, 0.00,"6,757",2891
100/02/17,"32,786,339","741,412,262",23.00,23.00,22.35,22.35,-0.65,"6,535",2891
100/02/18,"64,536,309","1,519,630,479",23.00,23.90,22.80,23.90,+1.55,"11,729",2891
100/02/21,"48,066,249","1,144,721,287",24.00,24.10,23.40,23.65,-0.25,"7,881",2891
100/02/22,"44,740,992","1,040,023,557",23.05,23.60,22.95,23.25,-0.40,"9,079",2891
100/02/23,"53,360,063","1,244,630,356",23.20,23.60,22.90,23.25, 0.00,"8,150",2891
100/02/24,"53,098,943","1,257,577,467",23.80,24.00,23.45,23.55,+0.30,"9,579",2891
100/02/25,"50,355,559","1,172,828,810",23.90,23.95,22.85,23.20,-0.35,"8,911",2891
100/03/01,"23,990,097","566,574,503",23.60,23.85,23.40,23.65,+0.45,"5,393",2891
100/03/02,"33,838,718","801,941,523",23.60,23.85,23.45,23.80,+0.15,"7,366",2891
100/03/03,"51,075,735","1,224,937,730",23.95,24.20,23.75,23.75,-0.05,"9,753",2891
100/03/04,"42,427,858","1,017,017,469",24.05,24.15,23.85,24.00,+0.25,"8,675",2891
100/03/07,"23,967,898","574,723,708",23.90,24.10,23.80,24.00, 0.00,"4,268",2891
100/03/08,"37,712,481","909,740,694",24.20,24.30,24.00,24.10,+0.10,"5,764",2891
100/03/09,"48,257,485","1,182,204,094",24.35,24.70,24.30,24.55,+0.45,"8,204",2891
100/03/10,"49,837,023","1,220,893,900",24.75,24.80,24.10,24.35,-0.20,"7,500",2891
100/03/11,"52,276,231","1,257,943,918",24.20,24.45,23.70,24.45,+0.10,"7,922",2891
100/03/14,"48,007,771","1,144,209,854",23.80,24.45,22.85,24.05,-0.40,"9,624",2891
100/03/15,"61,429,338","1,396,209,543",23.75,24.00,22.40,22.80,-1.25,"9,585",2891
100/03/16,"50,305,134","1,163,208,091",22.90,23.45,22.80,23.25,+0.45,"8,369",2891
100/03/17,"47,621,542","1,124,101,296",22.90,23.90,22.90,23.90,+0.65,"7,942",2891
100/03/18,"46,155,350","1,113,951,858",23.95,24.40,23.65,23.65,-0.25,"8,868",2891
100/03/21,"25,186,464","600,546,941",23.55,24.10,23.30,23.85,+0.20,"5,757",2891
100/03/22,"29,679,967","721,113,558",24.00,24.60,23.85,24.10,+0.25,"5,822",2891
100/03/23,"25,649,560","622,553,106",24.40,24.50,23.95,24.50,+0.40,"5,837",2891
100/03/24,"52,499,273","1,293,740,061",24.50,24.90,24.35,24.50, 0.00,"7,934",2891
100/03/25,"39,700,570","983,742,299",24.70,24.90,24.55,24.80,+0.30,"7,966",2891
100/03/28,"45,127,840","1,120,473,331",24.90,25.05,24.60,24.60,-0.20,"7,162",2891
100/03/29,"32,391,072","803,011,202",24.80,25.00,24.60,24.65,+0.05,"5,122",2891
100/03/30,"37,365,308","934,470,501",24.95,25.15,24.90,25.00,+0.35,"7,766",2891
100/03/31,"30,698,511","763,990,433",25.00,25.05,24.70,25.00, 0.00,"5,479",2891
100/04/01,"29,849,464","736,171,293",25.00,25.00,24.40,24.70,-0.30,"5,110",2891
100/04/06,"68,627,998","1,698,688,178",24.70,24.95,24.55,24.85,+0.15,"6,506",2891
100/04/07,"34,756,106","864,687,736",24.95,25.00,24.80,24.90,+0.05,"3,210",2891
100/04/08,"22,140,768","551,573,721",24.90,25.00,24.75,24.80,-0.10,"3,345",2891
100/04/11,"44,868,801","1,121,240,854",25.00,25.05,24.80,25.00,+0.20,"3,954",2891
100/04/12,"15,990,784","393,411,871",25.00,25.00,24.45,24.70,-0.30,"2,958",2891
100/04/13,"36,512,426","877,274,024",24.35,24.60,23.80,24.00,-0.70,"6,046",2891
100/04/14,"50,907,774","1,239,221,348",24.25,24.70,24.05,24.20,+0.20,"5,125",2891
100/04/15,"22,764,088","544,991,137",24.00,24.25,23.80,23.85,-0.35,"3,376",2891
100/04/18,"44,282,421","1,063,761,703",24.50,24.50,23.75,23.75,-0.10,"6,278",2891
100/04/19,"42,222,831","984,717,210",23.50,23.70,23.15,23.30,-0.45,"4,329",2891
100/04/20,"32,289,894","761,920,790",23.50,23.75,23.40,23.60,+0.30,"6,599",2891
100/04/21,"94,125,371","2,316,218,546",24.00,24.95,23.90,24.65,+1.05,"9,836",2891
100/04/22,"29,223,518","722,073,543",24.70,24.85,24.55,24.55,-0.10,"4,221",2891
100/04/25,"50,808,499","1,269,961,625",24.90,25.10,24.80,25.10,+0.55,"8,723",2891
100/04/26,"30,308,416","741,881,840",24.55,24.70,24.20,24.70,-0.40,"6,222",2891
100/04/27,"100,533,498","2,590,158,251",25.00,26.20,24.90,25.80,+1.10,"15,826",2891
100/04/28,"64,598,186","1,685,645,828",25.95,26.45,25.65,25.90,+0.10,"9,959",2891
100/04/29,"62,666,940","1,635,464,744",26.00,26.30,25.65,26.25,+0.35,"9,232",2891
100/05/03,"72,129,604","1,899,306,826",26.15,26.85,26.05,26.25, 0.00,"8,650",2891
100/05/04,"29,279,191","757,886,516",26.25,26.25,25.65,26.00,-0.25,"5,080",2891
100/05/05,"25,554,205","666,215,221",26.00,26.45,25.55,26.45,+0.45,"4,890",2891
100/05/06,"23,276,506","612,446,124",26.10,26.45,26.05,26.30,-0.15,"4,364",2891
100/05/09,"40,249,568","1,075,180,125",26.10,27.00,26.10,26.70,+0.40,"7,007",2891
100/05/10,"23,364,032","623,108,455",26.80,26.90,26.40,26.50,-0.20,"4,384",2891
100/05/11,"21,398,612","567,357,297",26.70,26.75,26.40,26.55,+0.05,"4,587",2891
100/05/12,"95,264,971","2,436,418,315",26.25,26.25,25.30,25.45,-1.10,"14,353",2891
100/05/13,"75,592,570","1,893,261,750",25.10,25.20,24.90,25.00,-0.45,"12,904",2891
100/05/16,"43,197,113","1,067,917,542",25.00,25.15,24.55,24.65,-0.35,"9,703",2891
100/05/17,"41,743,801","1,041,530,875",24.80,25.20,24.65,25.00,+0.35,"6,720",2891
100/05/18,"33,253,422","827,705,185",25.00,25.05,24.70,24.90,-0.10,"3,948",2891
100/05/19,"44,257,682","1,112,532,450",24.90,25.35,24.80,25.00,+0.10,"6,328",2891
100/05/20,"38,349,116","951,851,006",25.15,25.20,24.55,24.70,-0.30,"5,336",2891
100/05/23,"24,960,421","611,403,745",24.60,24.70,24.40,24.45,-0.25,"4,887",2891
100/05/24,"30,067,995","728,061,742",24.30,24.45,23.95,24.25,-0.20,"5,578",2891
100/05/25,"38,158,797","917,837,320",24.05,24.15,23.90,24.05,-0.20,"4,359",2891
100/05/26,"24,059,309","582,927,827",24.10,24.30,24.10,24.20,+0.15,"3,579",2891
100/05/27,"36,228,824","897,724,761",24.30,25.00,24.25,24.60,+0.40,"7,110",2891
100/05/30,"15,003,503","371,585,060",24.60,24.90,24.50,24.80,+0.20,"2,615",2891
100/05/31,"41,147,250","1,043,016,152",25.00,25.70,24.95,25.50,+0.70,"6,801",2891
100/06/01,"23,051,200","588,861,207",25.30,25.70,25.30,25.70,+0.20,"4,253",2891
100/06/02,"16,085,328","411,534,145",25.45,25.75,25.40,25.70, 0.00,"3,420",2891
100/06/03,"14,157,040","365,124,896",25.85,25.90,25.60,25.80,+0.10,"3,133",2891
100/06/07,"23,474,801","599,758,784",25.80,25.90,25.25,25.80, 0.00,"5,132",2891
100/06/08,"16,288,818","414,859,653",25.50,25.65,25.25,25.25,-0.55,"4,036",2891
100/06/09,"17,693,727","448,745,284",25.30,25.55,25.20,25.45,+0.20,"3,254",2891
100/06/10,"27,360,946","689,039,150",25.65,25.75,24.85,25.00,-0.45,"5,478",2891
100/06/13,"16,570,871","408,988,079",24.80,25.00,24.50,24.55,-0.45,"4,768",2891
100/06/14,"68,270,234","1,705,728,100",25.10,25.15,24.65,25.00,+0.45,"3,322",2891
100/06/15,"29,883,845","748,745,242",24.95,25.40,24.55,25.30,+0.30,"4,693",2891
100/06/16,"19,110,719","475,784,906",24.90,25.00,24.70,25.00,-0.30,"4,433",2891
100/06/17,"15,967,936","396,052,379",25.00,25.05,24.55,24.55,-0.45,"3,209",2891
100/06/20,"18,451,408","450,771,472",24.80,24.80,24.15,24.30,-0.25,"3,368",2891
100/06/21,"20,162,066","493,597,119",24.30,24.80,24.25,24.40,+0.10,"4,887",2891
100/06/22,"24,025,697","591,733,793",24.60,24.90,24.45,24.50,+0.10,"6,109",2891
100/06/23,"35,856,726","865,968,365",24.40,24.45,24.00,24.05,-0.45,"6,127",2891
100/06/24,"23,259,586","556,360,933",24.00,24.25,23.80,23.85,-0.20,"4,400",2891
100/06/27,"45,508,067","1,070,739,644",23.50,23.75,23.45,23.70,-0.15,"8,560",2891
100/06/28,"69,471,876","1,629,862,446",23.75,23.80,23.30,23.45,-0.25,"7,652",2891
100/06/29,"30,398,222","730,800,738",23.60,24.35,23.45,24.30,+0.85,"6,573",2891
100/06/30,"28,255,588","696,165,249",24.30,25.00,24.25,25.00,+0.70,"6,831",2891
100/07/01,"51,807,364","1,320,175,700",25.15,25.75,24.95,25.70,+0.70,"9,770",2891
100/07/04,"24,574,040","632,096,910",25.85,25.85,25.45,25.80,+0.10,"4,960",2891
100/07/05,"21,574,992","554,776,986",25.80,25.85,25.60,25.65,-0.15,"3,122",2891
100/07/06,"40,544,935","1,055,729,394",25.85,26.15,25.75,26.05,+0.40,"5,242",2891
100/07/07,"20,476,761","534,192,227",26.05,26.20,25.85,26.15,+0.10,"4,487",2891
100/07/08,"25,752,372","672,741,473",26.20,26.40,25.80,26.05,-0.10,"4,046",2891
100/07/11,"30,857,857","810,132,931",26.35,26.35,26.10,26.25,+0.20,"4,931",2891
100/07/12,"34,773,034","905,728,278",26.00,26.25,25.85,25.85,-0.40,"5,989",2891
100/07/13,"16,691,419","433,489,040",25.85,26.15,25.80,26.00,+0.15,"2,893",2891
100/07/14,"23,923,137","623,159,062",26.10,26.20,25.95,26.10,+0.10,"3,842",2891
100/07/15,"34,111,155","893,696,574",26.10,26.30,26.00,26.30,+0.20,"5,542",2891
100/07/18,"54,525,309","1,452,621,245",26.25,26.95,26.10,26.90,+0.60,"8,916",2891
100/07/19,"39,721,408","1,041,601,312",26.25,26.35,26.10,26.25,X0.00,"5,335",2891
100/07/20,"25,459,566","666,928,692",26.45,26.45,26.00,26.30,+0.05,"4,840",2891
100/07/21,"17,734,712","463,666,958",26.30,26.45,26.00,26.00,-0.30,"3,720",2891
100/07/22,"16,998,318","446,817,189",26.35,26.45,26.05,26.25,+0.25,"4,166",2891
100/07/25,"13,106,423","341,405,320",26.35,26.40,25.85,26.00,-0.25,"2,628",2891
100/07/26,"25,572,240","672,718,038",25.90,26.70,25.85,26.65,+0.65,"5,041",2891
100/07/27,"36,820,039","989,450,900",26.65,27.10,26.50,27.00,+0.35,"5,972",2891
100/07/28,"25,342,546","673,126,645",26.40,26.85,26.40,26.45,-0.55,"4,557",2891
100/07/29,"22,428,095","585,550,869",26.50,26.50,25.80,26.00,-0.45,"5,708",2891
100/08/01,"25,293,958","669,528,506",26.20,26.85,26.20,26.60,+0.60,"5,092",2891
100/08/02,"21,618,934","572,672,084",26.50,26.85,26.15,26.30,-0.30,"2,902",2891
100/08/03,"41,180,743","1,049,175,931",25.55,25.80,25.35,25.50,-0.80,"6,748",2891
100/08/04,"42,571,551","1,081,685,629",25.50,26.00,25.10,25.25,-0.25,"7,141",2891
100/08/05,"57,672,083","1,381,322,172",23.75,24.50,23.55,23.90,-1.35,"8,855",2891
100/08/08,"67,851,852","1,561,704,191",23.05,23.80,22.25,23.60,-0.30,"9,813",2891
100/08/09,"136,076,566","3,109,977,265",22.10,23.55,22.10,22.95,-0.65,"10,718",2891
100/08/10,"56,061,567","1,336,640,537",24.00,24.30,23.45,24.30,+1.35,"9,402",2891
100/08/11,"45,433,315","1,081,002,918",23.30,24.40,23.20,23.80,-0.50,"7,165",2891
100/08/12,"44,750,113","1,054,598,849",24.00,24.10,23.20,23.20,-0.60,"6,857",2891
100/08/15,"17,439,396","410,082,629",23.50,23.75,23.35,23.60,+0.40,"4,436",2891
100/08/16,"14,772,890","348,000,722",23.75,23.85,23.40,23.55,-0.05,"3,757",2891
100/08/17,"28,424,815","668,249,062",23.50,23.75,23.35,23.40,-0.15,"3,974",2891
100/08/18,"28,009,960","644,746,290",23.05,23.20,22.80,23.20,-0.20,"4,760",2891
100/08/19,"29,177,075","654,640,012",22.35,22.65,22.20,22.50,-0.70,"4,914",2891
100/08/22,"22,018,669","497,345,129",22.90,23.25,22.10,22.40,-0.10,"5,438",2891
100/08/23,"15,177,674","348,379,993",22.55,23.15,22.50,23.05,+0.65,"4,075",2891
100/08/24,"24,473,047","558,161,074",23.35,23.35,22.50,22.85,-0.20,"4,985",2891
100/08/25,"17,207,035","393,702,555",23.05,23.20,22.50,22.55,-0.30,"3,910",2891
100/08/26,"14,612,623","333,872,809",22.55,23.05,22.55,22.85,+0.30,"3,124",2891
100/08/29,"16,744,843","390,504,828",23.30,23.55,22.95,23.45,+0.60,"3,479",2891
100/08/30,"19,898,801","470,151,050",23.60,23.80,23.20,23.75,+0.30,"4,171",2891
100/08/31,"15,691,077","369,966,885",23.55,23.75,23.40,23.70,-0.05,"2,592",2891
100/09/01,"40,932,014","980,059,544",23.85,24.25,23.70,23.75,+0.05,"5,834",2891
100/09/02,"15,671,821","372,840,108",24.20,24.20,23.55,23.80,+0.05,"4,020",2891
100/09/05,"23,266,178","537,324,722",23.15,23.45,22.80,23.30,-0.50,"4,864",2891
100/09/06,"45,945,602","1,021,805,254",22.90,22.90,21.75,21.90,-1.40,"8,651",2891
100/09/07,"105,467,497","2,272,477,102",22.10,22.40,20.90,21.65,-0.25,"8,665",2891
100/09/08,"26,250,670","578,707,841",21.80,22.55,21.75,22.15,+0.50,"4,913",2891
100/09/09,"25,257,561","565,207,358",22.45,22.60,22.15,22.30,+0.15,"5,493",2891
100/09/13,"76,799,066","1,513,497,808",20.65,20.65,19.35,19.35,X0.00,"13,217",2891
100/09/14,"94,237,357","1,759,987,254",19.50,19.55,18.05,18.35,-1.00,"14,910",2891
100/09/15,"73,070,774","1,352,080,895",18.55,18.85,18.05,18.25,-0.10,"11,992",2891
100/09/16,"70,796,876","1,343,484,310",18.90,19.20,18.80,18.90,+0.65,"11,476",2891
100/09/19,"36,063,266","671,199,307",18.95,19.00,18.35,18.45,-0.45,"6,834",2891
100/09/20,"41,102,873","748,101,411",18.50,18.70,17.90,18.30,-0.15,"7,295",2891
100/09/21,"65,455,049","1,192,084,582",18.00,18.60,17.85,18.35,+0.05,"11,028",2891
100/09/22,"56,776,686","997,561,924",17.80,17.80,17.40,17.45,-0.90,"10,986",2891
100/09/23,"71,451,137","1,179,584,144",16.55,16.70,16.25,16.60,-0.85,"12,908",2891
100/09/26,"28,829,490","473,549,037",16.50,16.70,16.20,16.25,-0.35,"6,944",2891
100/09/27,"36,269,234","609,928,357",16.60,16.95,16.60,16.85,+0.60,"6,707",2891
100/09/28,"40,395,521","683,506,599",16.85,17.15,16.75,17.05,+0.20,"7,773",2891
100/09/29,"31,819,186","549,663,136",16.90,17.70,16.75,17.45,+0.40,"7,039",2891
100/09/30,"55,618,647","1,004,114,636",17.65,18.45,17.65,18.20,+0.75,"9,857",2891
100/10/03,"43,036,038","745,870,949",17.90,17.90,17.00,17.00,-1.20,"9,520",2891
100/10/04,"37,227,521","635,427,806",16.30,17.55,16.30,17.45,+0.45,"8,068",2891
100/10/05,"22,770,809","396,906,718",17.50,17.65,17.10,17.55,+0.10,"5,317",2891
100/10/06,"37,589,545","679,949,386",17.95,18.25,17.95,18.10,+0.55,"7,345",2891
100/10/07,"69,700,032","1,301,345,162",18.30,19.10,18.20,18.90,+0.80,"11,055",2891
100/10/11,"56,394,099","1,110,507,792",19.70,19.85,19.50,19.70,+0.80,"9,328",2891
100/10/12,"23,989,078","466,196,490",19.70,19.70,19.30,19.40,-0.30,"5,162",2891
100/10/13,"26,002,009","507,005,339",19.55,19.75,19.30,19.45,+0.05,"4,442",2891
100/10/14,"22,451,074","424,710,079",18.95,19.05,18.70,18.80,-0.65,"4,229",2891
100/10/17,"22,580,694","424,860,456",19.05,19.20,18.90,19.10,+0.30,"3,270",2891
100/10/18,"25,853,660","480,306,670",18.80,18.80,18.40,18.65,-0.45,"5,056",2891
100/10/19,"21,170,267","400,223,700",18.95,19.00,18.80,18.95,+0.30,"3,524",2891
100/10/20,"25,865,433","478,100,511",18.80,18.90,18.25,18.45,-0.50,"5,717",2891
100/10/21,"28,052,925","513,547,584",18.40,18.40,18.15,18.40,-0.05,"4,506",2891
100/10/24,"42,584,788","814,952,106",18.90,19.45,18.80,19.45,+1.05,"9,270",2891
100/10/25,"28,021,387","545,707,809",19.50,19.65,19.30,19.65,+0.20,"5,056",2891
100/10/26,"35,991,865","694,846,543",19.25,19.50,19.15,19.35,-0.30,"6,004",2891
100/10/27,"44,517,543","859,240,455",19.35,19.50,19.00,19.35, 0.00,"6,920",2891
100/10/28,"59,202,831","1,178,674,058",20.00,20.20,19.60,19.70,+0.35,"11,069",2891
100/10/31,"31,104,630","615,568,633",19.70,20.00,19.55,19.95,+0.25,"5,936",2891
100/11/01,"22,063,972","436,746,903",19.70,20.00,19.50,19.85,-0.10,"5,680",2891
100/11/02,"42,852,452","821,938,714",19.20,19.30,19.00,19.20,-0.65,"6,942",2891
100/11/03,"65,253,135","1,206,560,637",19.10,19.10,18.20,18.25,-0.95,"13,083",2891
100/11/04,"46,581,174","888,581,868",19.20,19.30,18.95,19.05,+0.80,"9,600",2891
100/11/07,"14,710,701","277,771,722",19.05,19.10,18.80,18.80,-0.25,"3,978",2891
100/11/08,"18,369,764","348,987,256",19.20,19.20,18.80,18.85,+0.05,"4,209",2891
100/11/09,"20,325,976","383,746,233",19.00,19.15,18.65,18.65,-0.20,"4,044",2891
100/11/10,"66,184,367","1,171,202,696",18.00,18.10,17.35,17.65,-1.00,"13,360",2891
100/11/11,"35,690,537","636,317,216",17.75,18.00,17.65,17.85,+0.20,"6,594",2891
100/11/14,"33,365,187","604,393,669",18.15,18.50,17.85,18.05,+0.20,"6,368",2891
100/11/15,"43,622,120","772,505,336",17.90,18.00,17.60,17.65,-0.40,"6,744",2891
100/11/16,"77,794,800","1,338,972,424",17.45,17.70,17.00,17.00,-0.65,"12,970",2891
100/11/17,"37,697,097","637,791,596",16.80,17.15,16.60,16.90,-0.10,"6,217",2891
100/11/18,"36,645,104","625,914,158",16.80,17.25,16.70,17.05,+0.15,"7,453",2891
100/11/21,"41,980,893","703,769,043",16.95,17.10,16.55,16.60,-0.45,"7,798",2891
100/11/22,"30,781,808","513,516,678",16.70,16.90,16.40,16.55,-0.05,"5,629",2891
100/11/23,"30,785,122","500,822,371",16.50,16.50,16.10,16.15,-0.40,"6,966",2891
100/11/24,"33,374,125","547,901,721",16.15,16.65,16.15,16.60,+0.45,"6,326",2891
100/11/25,"53,152,768","871,504,070",16.65,16.75,16.20,16.30,-0.30,"7,655",2891
100/11/28,"30,909,401","509,226,234",16.30,16.60,16.30,16.50,+0.20,"5,340",2891
100/11/29,"43,481,151","729,349,192",16.70,16.95,16.60,16.80,+0.30,"5,818",2891
100/11/30,"37,163,000","616,780,513",16.75,16.75,16.40,16.55,-0.25,"5,333",2891
100/12/01,"45,785,260","807,661,466",17.70,17.70,17.35,17.70,+1.15,"6,551",2891
100/12/02,"77,214,423","1,382,008,614",17.75,18.10,17.70,18.10,+0.40,"12,211",2891
100/12/05,"64,528,310","1,123,050,868",18.20,18.25,17.50,17.50,-0.60,"8,407",2891
100/12/06,"30,463,292","525,016,744",17.20,17.40,17.10,17.10,-0.40,"5,830",2891
100/12/07,"27,028,833","470,820,846",17.40,17.55,17.25,17.50,+0.40,"5,434",2891
100/12/08,"60,503,915","1,074,428,562",17.50,17.95,17.50,17.95,+0.45,"9,777",2891
100/12/09,"71,247,002","1,283,377,233",17.80,18.40,17.50,18.20,+0.25,"10,852",2891
100/12/12,"67,797,196","1,267,095,140",18.85,18.85,18.55,18.75,+0.55,"9,132",2891
100/12/13,"71,109,569","1,282,113,301",18.30,18.45,17.60,18.00,-0.75,"10,191",2891
100/12/14,"44,379,053","789,730,714",17.90,17.95,17.55,17.90,-0.10,"5,367",2891
100/12/15,"36,486,023","635,965,906",17.60,17.65,17.25,17.25,-0.65,"7,373",2891
100/12/16,"37,139,706","649,992,132",17.25,17.75,17.25,17.55,+0.30,"6,241",2891
100/12/19,"38,198,055","648,258,215",17.55,17.55,16.65,16.70,-0.85,"7,763",2891
100/12/20,"40,666,066","673,761,714",16.75,16.90,16.40,16.40,-0.30,"7,603",2891
100/12/21,"18,723,252","327,656,882",17.50,17.50,17.50,17.50,+1.10,"2,661",2891
100/12/22,"92,568,491","1,695,709,208",18.05,18.50,17.90,18.35,+0.85,"14,926",2891
100/12/23,"79,951,969","1,529,796,509",18.80,19.45,18.75,19.15,+0.80,"14,824",2891
100/12/26,"24,519,630","465,471,170",19.20,19.20,18.80,19.00,-0.15,"6,172",2891
100/12/27,"29,755,672","564,729,383",18.90,19.15,18.75,19.10,+0.10,"5,206",2891
100/12/28,"25,517,401","488,533,678",19.30,19.30,19.05,19.05,-0.05,"4,525",2891
100/12/29,"40,058,947","753,759,513",18.75,18.95,18.65,18.85,-0.20,"6,265",2891
100/12/30,"29,563,918","561,760,375",19.00,19.20,18.85,18.90,+0.05,"5,594",2891
101/01/02,"22,650,829","422,452,966",19.00,19.00,18.45,18.45,-0.45,"4,122",2891
101/01/03,"50,241,538","962,179,568",18.65,19.35,18.65,19.30,+0.85,"9,910",2891
101/01/04,"49,129,209","953,469,330",19.50,19.55,19.25,19.40,+0.10,"9,396",2891
101/01/05,"44,859,344","875,576,012",19.50,19.60,19.30,19.60,+0.20,"8,918",2891
101/01/06,"51,790,707","990,442,337",19.60,19.70,18.90,18.95,-0.65,"8,051",2891
101/01/09,"29,522,647","549,629,643",18.75,18.75,18.50,18.65,-0.30,"6,295",2891
101/01/10,"43,832,248","839,899,143",18.95,19.35,18.85,19.10,+0.45,"9,413",2891
101/01/11,"28,794,261","548,062,044",19.10,19.20,18.90,18.90,-0.20,"5,661",2891
101/01/12,"28,542,430","544,594,370",19.05,19.20,18.95,19.10,+0.20,"6,086",2891
101/01/13,"37,429,879","718,539,370",19.35,19.50,18.95,19.05,-0.05,"7,499",2891
101/01/16,"49,037,561","915,498,282",19.45,19.45,18.20,18.25,-0.80,"9,138",2891
101/01/17,"43,645,629","800,378,416",18.50,18.50,18.20,18.40,+0.15,"8,430",2891
101/01/18,"73,528,234","1,311,202,559",18.35,18.35,17.60,17.75,-0.65,"14,676",2891
101/01/30,"70,803,710","1,302,489,005",18.20,18.60,18.00,18.55,+0.80,"11,263",2891
101/01/31,"88,408,778","1,686,771,064",18.75,19.40,18.60,19.10,+0.55,"15,001",2891
101/02/01,"71,662,776","1,396,281,015",19.15,19.70,19.10,19.40,+0.30,"11,510",2891
101/02/02,"72,196,911","1,424,423,543",19.70,19.95,19.40,19.70,+0.30,"11,276",2891
101/02/03,"41,541,665","812,745,518",19.90,19.90,19.40,19.50,-0.20,"7,949",2891
101/02/04,"77,206,935","1,567,067,459",19.60,20.85,19.45,20.85,+1.35,"15,538",2891
101/02/06,"50,720,489","1,034,360,451",20.75,20.75,20.20,20.40,-0.45,"10,511",2891
101/02/07,"55,297,284","1,108,167,730",20.20,20.50,19.70,20.00,-0.40,"11,140",2891
101/02/08,"50,123,400","1,020,791,492",20.20,20.55,20.15,20.50,+0.50,"7,920",2891
101/02/09,"34,963,150","713,569,647",20.45,20.50,20.25,20.50, 0.00,"6,155",2891
101/02/10,"33,951,822","695,425,647",20.50,20.80,20.25,20.30,X0.00,"6,529",2891
101/02/13,"37,732,613","773,767,357",20.35,20.70,20.25,20.60,+0.30,"8,185",2891
101/02/14,"62,225,433","1,244,400,540",20.60,20.60,19.85,19.85,-0.75,"10,398",2891
101/02/15,"61,358,844","1,223,491,789",20.20,20.20,19.75,20.05,+0.20,"11,627",2891
101/02/16,"43,080,350","857,944,573",19.90,20.10,19.70,19.70,-0.35,"5,910",2891
101/02/17,"35,464,312","702,406,411",20.10,20.25,19.50,19.65,-0.05,"6,433",2891
101/02/20,"23,232,646","458,180,199",19.75,19.90,19.60,19.60,-0.05,"3,928",2891
101/02/21,"32,491,543","628,022,421",19.60,19.60,19.15,19.30,-0.30,"5,455",2891
101/02/22,"65,931,360","1,266,301,119",19.20,19.45,18.85,19.15,-0.15,"10,579",2891
101/02/23,"23,120,907","443,900,960",19.00,19.35,18.95,19.25,+0.10,"4,593",2891
101/02/24,"40,660,998","796,851,537",19.55,19.80,19.30,19.75,+0.50,"9,422",2891
101/02/29,"45,483,291","902,799,204",19.75,20.00,19.45,20.00,+0.25,"8,784",2891
101/03/01,"24,716,340","490,082,660",20.00,20.00,19.70,19.70,-0.30,"4,677",2891
101/03/02,"20,378,527","402,073,190",19.90,20.00,19.60,19.70, 0.00,"4,621",2891
101/03/03,"11,773,942","230,282,864",19.50,19.75,19.45,19.65,-0.05,"3,371",2891
101/03/05,"24,603,420","473,045,412",19.40,19.45,19.05,19.15,-0.50,"5,149",2891
101/03/06,"34,601,387","658,656,813",19.10,19.30,18.90,19.05,-0.10,"5,607",2891
101/03/07,"18,787,008","355,165,352",18.90,19.00,18.70,19.00,-0.05,"3,739",2891
101/03/08,"49,525,249","968,764,470",19.10,19.95,19.00,19.45,+0.45,"8,504",2891
101/03/09,"23,815,385","460,892,450",19.40,19.65,19.20,19.25,-0.20,"5,286",2891
101/03/12,"16,877,611","321,900,859",19.20,19.25,19.00,19.00,-0.25,"3,366",2891
101/03/13,"70,674,028","1,366,698,065",19.20,19.60,19.20,19.25,+0.25,"8,803",2891
101/03/14,"32,463,844","630,044,645",19.60,19.65,19.15,19.30,+0.05,"5,712",2891
101/03/15,"20,946,627","407,767,504",19.40,19.60,19.35,19.45,+0.15,"3,425",2891
101/03/16,"41,422,864","792,536,839",19.20,19.35,19.00,19.05,-0.40,"5,923",2891
101/03/19,"21,974,435","420,964,782",19.30,19.30,19.00,19.30,+0.25,"3,939",2891
101/03/20,"15,781,933","301,462,660",19.20,19.25,19.00,19.05,-0.25,"4,026",2891
101/03/21,"23,571,154","451,997,457",19.15,19.35,19.05,19.10,+0.05,"3,621",2891
101/03/22,"29,115,578","568,221,716",19.20,19.70,19.15,19.50,+0.40,"6,537",2891
101/03/23,"22,921,124","448,983,158",19.70,19.70,19.50,19.60,+0.10,"4,101",2891
101/03/26,"24,022,021","463,883,612",19.60,19.60,19.20,19.35,-0.25,"4,426",2891
101/03/27,"15,696,523","303,065,679",19.35,19.45,19.20,19.35, 0.00,"3,967",2891
101/03/28,"11,146,892","214,581,049",19.45,19.45,19.15,19.35, 0.00,"2,933",2891
101/03/29,"44,716,306","838,304,117",19.20,19.25,18.35,18.60,-0.75,"7,789",2891
101/03/30,"28,697,663","532,044,026",18.50,18.70,18.40,18.55,-0.05,"5,598",2891
101/04/02,"16,558,485","307,686,339",18.55,18.70,18.45,18.55, 0.00,"3,210",2891
101/04/03,"40,393,904","742,803,998",18.65,18.75,18.15,18.35,-0.20,"10,818",2891
101/04/05,"30,155,209","539,271,942",18.00,18.10,17.65,17.90,-0.45,"6,437",2891
101/04/06,"20,284,262","363,493,916",17.90,18.00,17.80,18.00,+0.10,"4,916",2891
101/04/09,"24,575,904","435,435,925",17.60,17.90,17.50,17.80,-0.20,"4,912",2891
101/04/10,"23,546,779","427,111,461",18.05,18.25,18.00,18.05,+0.25,"5,477",2891
101/04/11,"22,038,453","395,392,604",17.80,18.15,17.80,17.90,-0.15,"6,133",2891
101/04/12,"70,427,538","1,267,079,994",17.80,18.25,17.80,18.20,+0.30,"19,926",2891
101/04/13,"29,730,051","543,503,104",18.40,18.45,18.15,18.20, 0.00,"8,422",2891
101/04/16,"14,790,422","266,680,896",18.05,18.15,17.95,18.00,-0.20,"4,099",2891
101/04/17,"31,830,971","571,885,305",18.00,18.10,17.80,17.80,-0.20,"6,266",2891
101/04/18,"21,602,284","389,183,558",18.10,18.15,17.85,17.90,+0.10,"4,837",2891
101/04/19,"30,197,324","544,520,061",17.90,18.20,17.80,18.20,+0.30,"4,145",2891
101/04/20,"24,435,595","442,186,360",18.20,18.20,17.95,18.00,-0.20,"4,930",2891
101/04/23,"22,937,036","411,368,408",18.00,18.05,17.80,18.00, 0.00,"3,481",2891
101/04/24,"18,410,428","329,114,094",17.85,18.00,17.80,17.85,-0.15,"3,449",2891
101/04/25,"27,104,543","483,538,884",17.95,18.00,17.70,17.85, 0.00,"5,371",2891
101/04/26,"20,000,097","358,843,764",17.95,18.10,17.80,17.95,+0.10,"3,428",2891
101/04/27,"20,903,968","375,841,203",18.05,18.10,17.85,18.05,+0.10,"3,724",2891
101/04/30,"27,145,953","495,035,995",18.15,18.65,18.00,18.65,+0.60,"6,328",2891
101/05/02,"24,683,995","464,430,837",18.80,18.95,18.65,18.85,+0.20,"6,196",2891
101/05/03,"12,920,431","242,408,680",18.85,18.90,18.65,18.85, 0.00,"2,886",2891
101/05/04,"18,483,204","349,085,928",18.80,19.00,18.60,18.95,+0.10,"4,088",2891
101/05/07,"35,826,520","661,353,649",18.70,18.70,18.30,18.45,-0.50,"4,847",2891
101/05/08,"12,908,394","239,298,191",18.65,18.65,18.40,18.65,+0.20,"2,928",2891
101/05/09,"19,086,528","351,488,951",18.35,18.55,18.25,18.35,-0.30,"3,717",2891
101/05/10,"19,057,730","354,490,077",18.55,18.70,18.45,18.65,+0.30,"3,672",2891
101/05/11,"17,100,449","314,241,847",18.65,18.65,18.20,18.45,-0.20,"3,801",2891
101/05/14,"21,007,680","386,380,181",18.45,18.50,18.25,18.40,-0.05,"1,859",2891
101/05/15,"23,262,739","420,464,788",18.20,18.25,17.90,18.05,-0.35,"4,120",2891
101/05/16,"47,269,013","830,626,500",18.00,18.10,17.00,17.30,-0.75,"8,436",2891
101/05/17,"60,012,093","1,034,075,405",17.20,17.40,17.10,17.25,-0.05,"9,142",2891
101/05/18,"41,835,103","704,509,676",17.00,17.00,16.75,16.80,-0.45,"8,588",2891
101/05/21,"11,017,862","187,082,305",16.85,17.10,16.80,17.05,+0.25,"2,771",2891
101/05/22,"21,487,337","367,203,878",17.10,17.25,16.95,17.25,+0.20,"3,818",2891
101/05/23,"33,235,102","558,240,039",17.00,17.00,16.55,16.85,-0.40,"5,302",2891
101/05/24,"78,006,271","1,275,986,696",16.80,16.95,16.10,16.25,-0.60,"11,117",2891
101/05/25,"40,369,633","651,616,883",16.25,16.25,16.05,16.10,-0.15,"7,182",2891
101/05/28,"31,855,136","515,023,191",16.10,16.30,15.95,16.30,+0.20,"5,726",2891
101/05/29,"37,435,428","629,963,398",16.35,17.15,16.35,17.15,+0.85,"7,749",2891
101/05/30,"45,546,491","761,387,470",17.10,17.10,16.60,16.70,-0.45,"6,860",2891
101/05/31,"47,624,223","780,637,341",16.35,16.65,16.20,16.65,-0.05,"7,699",2891
101/06/01,"28,092,259","458,133,395",16.35,16.45,16.15,16.20,-0.45,"5,953",2891
101/06/04,"45,364,199","708,053,990",15.70,15.80,15.45,15.50,-0.70,"9,062",2891
101/06/05,"26,816,072","424,831,552",15.75,16.00,15.60,16.00,+0.50,"5,685",2891
101/06/06,"15,430,313","248,220,745",16.10,16.20,15.95,16.10,+0.10,"3,167",2891
101/06/07,"25,608,078","422,023,461",16.40,16.60,16.35,16.50,+0.40,"6,685",2891
101/06/08,"27,917,404","463,934,746",16.45,16.80,16.35,16.65,+0.15,"6,788",2891
101/06/11,"20,097,207","339,309,400",16.80,17.10,16.70,16.90,+0.25,"4,951",2891
101/06/12,"13,802,000","229,382,000",16.60,16.75,16.50,16.65,-0.25,"3,684",2891
101/06/13,"24,025,247","397,643,131",16.70,16.70,16.40,16.50,-0.15,"5,668",2891
101/06/14,"39,141,423","648,168,818",16.50,16.70,16.35,16.50, 0.00,"6,790",2891
101/06/15,"43,641,104","733,912,097",16.50,17.00,16.50,17.00,+0.50,"8,766",2891
101/06/18,"37,899,051","658,138,235",17.30,17.50,17.25,17.25,+0.25,"8,676",2891
101/06/19,"27,033,590","468,887,769",17.30,17.45,17.15,17.40,+0.15,"6,554",2891
101/06/20,"37,618,036","659,529,189",17.45,17.70,17.35,17.70,+0.30,"7,730",2891
101/06/21,"19,782,052","344,433,970",17.45,17.50,17.30,17.40,-0.30,"5,249",2891
101/06/22,"25,656,874","436,784,922",17.00,17.10,16.90,17.05,-0.35,"6,309",2891
101/06/25,"22,735,380","382,462,292",17.00,17.00,16.75,16.80,-0.25,"6,011",2891
101/06/26,"19,478,603","324,643,503",16.55,16.80,16.55,16.65,-0.15,"4,789",2891
101/06/27,"18,509,681","310,078,909",16.55,16.90,16.55,16.75,+0.10,"5,074",2891
101/06/28,"23,919,578","398,893,494",16.90,16.90,16.60,16.60,-0.15,"5,096",2891
101/06/29,"26,162,558","441,784,776",16.70,17.00,16.60,17.00,+0.40,"6,965",2891
101/07/02,"53,102,981","925,223,569",17.25,17.60,17.20,17.45,+0.45,"11,305",2891
101/07/03,"78,416,840","1,374,171,945",17.50,17.55,17.35,17.55,+0.10,"8,440",2891
101/07/04,"33,162,433","586,143,024",17.60,17.75,17.55,17.70,+0.15,"7,763",2891
101/07/05,"42,791,810","748,444,831",17.60,17.70,17.40,17.50,-0.20,"6,403",2891
101/07/06,"21,940,717","380,206,656",17.50,17.50,17.20,17.45,-0.05,"5,563",2891
101/07/09,"14,007,404","242,164,421",17.15,17.40,17.10,17.40,-0.05,"3,806",2891
101/07/10,"21,104,702","365,051,498",17.30,17.50,17.15,17.30,-0.10,"6,347",2891
101/07/11,"35,687,612","626,952,187",17.15,17.75,17.15,17.70,+0.40,"9,745",2891
101/07/12,"56,546,376","991,521,838",17.70,17.75,17.45,17.60,-0.10,"7,543",2891
101/07/13,"39,783,509","699,506,375",17.70,17.75,17.60,17.60, 0.00,"5,412",2891
101/07/16,"52,378,707","912,768,567",17.70,17.70,17.30,17.30,-0.30,"7,759",2891
101/07/17,"35,360,700","610,828,058",17.00,17.45,17.00,17.45,X0.00,"8,962",2891
101/07/18,"30,336,370","529,533,970",17.60,17.70,17.25,17.35,-0.10,"8,362",2891
101/07/19,"27,948,553","493,322,698",17.65,17.75,17.50,17.70,+0.35,"4,844",2891
101/07/20,"18,571,141","328,096,403",17.55,17.80,17.55,17.70, 0.00,"3,328",2891
101/07/23,"15,825,234","274,497,672",17.50,17.50,17.25,17.35,-0.35,"3,418",2891
101/07/24,"9,787,339","169,333,442",17.30,17.35,17.20,17.35, 0.00,"2,026",2891
101/07/25,"26,138,992","449,669,989",17.20,17.40,17.00,17.05,-0.30,"5,635",2891
101/07/26,"22,520,432","387,821,187",17.10,17.35,17.10,17.10,+0.05,"7,212",2891
101/07/27,"18,866,964","328,125,535",17.40,17.50,17.25,17.50,+0.40,"4,670",2891
101/07/30,"44,147,012","789,453,824",17.70,18.00,17.60,17.85,+0.35,"10,471",2891
101/07/31,"35,662,377","640,607,159",17.85,18.10,17.85,18.00,+0.15,"7,914",2891
101/08/01,"34,147,774","611,172,863",17.95,18.00,17.80,17.85,-0.15,"7,360",2891
101/08/03,"23,229,345","410,084,715",17.70,17.80,17.55,17.70,-0.15,"5,464",2891
101/08/06,"42,771,794","777,588,416",17.90,18.35,17.90,18.20,+0.50,"9,550",2891
101/08/07,"27,017,485","493,445,629",18.25,18.40,18.05,18.30,+0.10,"6,107",2891
101/08/08,"22,917,966","418,671,605",18.40,18.50,18.10,18.15,-0.15,"6,005",2891
101/08/09,"39,909,225","735,339,335",18.30,18.60,18.20,18.55,+0.40,"8,228",2891
101/08/10,"35,700,919","650,410,484",18.50,18.50,18.05,18.15,-0.40,"7,529",2891
101/08/13,"19,822,054","358,973,322",18.30,18.30,18.00,18.00,-0.15,"5,229",2891
101/08/14,"36,200,152","647,371,573",17.85,18.10,17.70,17.75,-0.25,"8,072",2891
101/08/15,"32,468,974","572,291,600",17.70,17.80,17.50,17.65,-0.10,"8,578",2891
101/08/16,"33,825,077","597,912,964",17.60,17.80,17.55,17.70,+0.05,"8,965",2891
101/08/17,"23,716,105","418,626,945",17.70,17.80,17.55,17.55,-0.15,"5,502",2891
101/08/20,"13,241,419","232,889,122",17.55,17.65,17.50,17.55, 0.00,"2,521",2891
101/08/21,"32,013,283","573,519,141",17.60,18.05,17.55,17.90,+0.35,"5,758",2891
101/08/22,"23,187,701","419,414,934",18.00,18.20,17.95,18.20,+0.30,"3,908",2891
101/08/23,"18,635,773","338,985,293",18.20,18.25,18.05,18.25,+0.05,"3,384",2891
101/08/24,"12,312,544","221,855,542",18.05,18.10,17.95,18.00,-0.25,"4,001",2891
101/08/27,"20,752,586","372,784,948",18.00,18.10,17.90,17.95,-0.05,"2,851",2891
101/08/28,"15,280,219","271,348,988",17.85,17.90,17.70,17.70,-0.25,"2,907",2891
101/08/29,"7,394,398","131,253,460",17.80,17.85,17.70,17.70, 0.00,"1,857",2891
101/08/30,"25,336,650","451,089,609",17.60,17.95,17.60,17.80,+0.10,"3,672",2891
101/08/31,"17,336,574","309,909,424",17.85,18.00,17.75,17.90,+0.10,"3,210",2891
101/09/03,"18,302,841","329,191,364",17.90,18.10,17.80,18.00,+0.10,"2,873",2891
101/09/04,"21,031,034","376,553,357",18.10,18.10,17.80,17.90,-0.10,"3,028",2891
101/09/05,"22,091,708","390,563,653",17.80,17.80,17.60,17.60,-0.30,"5,268",2891
101/09/06,"14,997,120","265,814,673",17.60,17.90,17.60,17.70,+0.10,"2,917",2891
101/09/07,"26,540,984","476,283,364",18.05,18.10,17.75,17.75,+0.05,"4,315",2891
101/09/10,"24,662,802","438,177,634",17.75,17.85,17.70,17.75, 0.00,"4,663",2891
101/09/11,"8,864,319","158,055,445",17.75,17.95,17.70,17.95,+0.20,"1,906",2891
101/09/12,"74,465,742","1,340,274,206",18.05,18.10,17.90,18.00,+0.05,"4,888",2891
101/09/13,"28,020,210","503,169,995",18.00,18.05,17.85,17.90,-0.10,"3,275",2891
101/09/14,"72,022,872","1,325,937,289",18.15,18.70,18.10,18.60,+0.70,"10,596",2891
101/09/17,"73,068,130","1,382,483,520",18.80,19.05,18.75,19.00,+0.40,"9,880",2891
101/09/18,"89,430,511","1,581,715,432",17.50,17.90,17.45,17.85,X0.00,"8,970",2891
101/09/19,"66,567,756","1,184,464,128",17.90,18.00,17.70,18.00,+0.15,"6,731",2891
101/09/20,"35,800,452","638,530,734",18.05,18.20,17.70,17.75,-0.25,"5,318",2891
101/09/21,"31,666,050","561,760,135",17.85,17.85,17.65,17.80,+0.05,"4,703",2891
101/09/24,"15,444,179","273,208,690",17.80,17.80,17.60,17.80, 0.00,"3,135",2891
101/09/25,"21,216,432","374,370,155",17.80,17.80,17.55,17.60,-0.20,"4,006",2891
101/09/26,"20,066,875","351,537,306",17.50,17.60,17.45,17.55,-0.05,"4,252",2891
101/09/27,"20,590,716","362,286,778",17.55,17.70,17.50,17.70,+0.15,"4,663",2891
101/09/28,"22,677,479","399,800,144",17.65,17.70,17.55,17.70, 0.00,"2,740",2891
101/10/01,"18,882,237","329,962,367",17.65,17.65,17.40,17.50,-0.20,"3,559",2891
101/10/02,"14,479,074","254,022,566",17.55,17.60,17.45,17.55,+0.05,"3,146",2891
101/10/03,"11,915,183","208,461,668",17.55,17.60,17.40,17.50,-0.05,"2,910",2891
101/10/04,"17,145,883","301,373,701",17.50,17.70,17.45,17.70,+0.20,"3,986",2891
101/10/05,"21,609,047","382,417,567",17.75,17.85,17.55,17.65,-0.05,"4,897",2891
101/10/08,"19,323,944","337,692,996",17.65,17.70,17.35,17.45,-0.20,"4,322",2891
101/10/09,"34,550,261","599,392,067",17.45,17.55,17.20,17.30,-0.15,"5,798",2891
101/10/11,"37,596,962","640,051,954",17.10,17.25,16.85,16.85,-0.45,"6,647",2891
101/10/12,"25,387,693","427,593,864",16.90,17.00,16.65,16.80,-0.05,"4,482",2891
101/10/15,"16,429,035","277,058,645",16.75,17.00,16.70,17.00,+0.20,"2,606",2891
101/10/16,"20,430,284","348,369,552",17.05,17.20,16.90,17.20,+0.20,"2,748",2891
101/10/17,"25,903,343","441,869,932",17.20,17.30,16.85,17.00,-0.20,"5,592",2891
101/10/18,"12,499,107","212,733,069",17.00,17.10,16.95,17.00, 0.00,"2,524",2891
101/10/19,"17,818,814","300,426,555",17.00,17.00,16.80,16.80,-0.20,"3,215",2891
101/10/22,"12,218,943","203,865,480",16.65,16.75,16.60,16.75,-0.05,"2,570",2891
101/10/23,"13,447,395","223,985,323",16.75,16.75,16.60,16.60,-0.15,"3,665",2891
101/10/24,"19,100,264","315,136,911",16.40,16.65,16.40,16.55,-0.05,"4,759",2891
101/10/25,"31,573,412","519,345,183",16.50,16.60,16.40,16.40,-0.15,"5,283",2891
101/10/26,"47,120,778","757,306,198",16.45,16.50,15.90,15.90,-0.50,"9,514",2891
101/10/29,"23,165,928","368,592,134",16.00,16.05,15.80,15.80,-0.10,"5,180",2891
101/10/30,"18,602,690","298,953,318",15.85,16.20,15.85,16.10,+0.30,"3,923",2891
101/10/31,"20,537,275","330,329,873",16.20,16.20,16.00,16.10, 0.00,"2,887",2891
101/11/01,"28,028,597","445,224,795",15.95,16.10,15.70,16.00,-0.10,"5,133",2891
101/11/02,"23,817,741","383,429,911",16.10,16.30,15.90,16.30,+0.30,"4,851",2891
101/11/05,"25,082,152","402,568,081",16.10,16.25,15.95,16.05,-0.25,"3,786",2891
101/11/06,"25,828,419","412,878,753",16.10,16.10,15.90,15.95,-0.10,"4,298",2891
101/11/07,"37,530,671","601,203,382",16.05,16.10,15.95,16.00,+0.05,"5,699",2891
101/11/08,"34,940,996","552,318,686",15.90,15.90,15.75,15.85,-0.15,"6,128",2891
101/11/09,"40,765,094","645,201,404",15.85,15.95,15.65,15.90,+0.05,"7,085",2891
101/11/12,"23,698,542","378,517,822",15.95,16.05,15.85,15.95,+0.05,"4,181",2891
101/11/13,"27,273,439","428,943,373",15.95,15.95,15.60,15.70,-0.25,"6,348",2891
101/11/14,"21,211,206","333,162,404",15.75,15.80,15.65,15.70, 0.00,"4,057",2891
101/11/15,"27,433,194","427,734,226",15.65,15.70,15.50,15.55,-0.15,"5,477",2891
101/11/16,"33,627,292","522,601,140",15.55,15.70,15.45,15.50,-0.05,"5,796",2891
101/11/19,"78,714,239","1,218,381,316",15.50,15.65,15.45,15.45,-0.05,"5,811",2891
101/11/20,"17,202,406","267,822,278",15.60,15.65,15.50,15.55,+0.10,"2,970",2891
101/11/21,"26,237,269","409,039,488",15.55,15.70,15.50,15.60,+0.05,"3,513",2891
101/11/22,"24,594,191","389,727,021",15.65,15.95,15.65,15.90,+0.30,"5,447",2891
101/11/23,"49,782,179","806,533,262",16.05,16.30,16.05,16.30,+0.40,"8,747",2891
101/11/26,"37,955,100","620,909,399",16.40,16.60,16.20,16.30, 0.00,"6,578",2891
101/11/27,"39,960,929","658,972,594",16.40,16.55,16.30,16.55,+0.25,"7,084",2891
101/11/28,"33,624,614","557,988,489",16.55,16.70,16.50,16.70,+0.15,"5,689",2891
101/11/29,"45,512,559","761,234,238",16.80,16.90,16.55,16.55,-0.15,"7,636",2891
101/11/30,"47,415,252","794,702,184",16.65,16.85,16.50,16.85,+0.30,"7,018",2891
101/12/03,"30,270,821","510,021,420",16.85,16.95,16.65,16.95,+0.10,"5,517",2891
101/12/04,"32,786,629","554,619,443",16.80,17.10,16.70,17.10,+0.15,"5,217",2891
101/12/05,"34,496,060","592,825,070",17.15,17.30,17.05,17.25,+0.15,"6,351",2891
101/12/06,"30,770,252","531,010,245",17.30,17.40,17.10,17.30,+0.05,"5,335",2891
101/12/07,"35,559,632","617,410,891",17.30,17.45,17.20,17.35,+0.05,"5,582",2891
101/12/10,"36,419,275","633,788,505",17.40,17.50,17.30,17.45,+0.10,"4,601",2891
101/12/11,"40,210,113","698,386,175",17.40,17.45,17.25,17.40,-0.05,"5,061",2891
101/12/12,"41,083,975","721,141,399",17.50,17.65,17.45,17.60,+0.20,"7,264",2891
101/12/13,"33,977,125","599,269,209",17.65,17.75,17.50,17.75,+0.15,"5,907",2891
101/12/14,"24,922,522","441,287,366",17.70,17.80,17.60,17.70,-0.05,"4,328",2891
101/12/17,"28,364,508","500,626,796",17.70,17.80,17.50,17.55,-0.15,"4,057",2891
101/12/18,"25,230,842","445,008,220",17.55,17.75,17.50,17.65,+0.10,"4,468",2891
101/12/19,"42,653,759","757,247,385",17.70,17.80,17.65,17.80,+0.15,"5,682",2891
101/12/20,"32,946,610","562,788,373",17.80,17.80,17.50,17.50,-0.30,"3,345",2891
101/12/21,"21,049,589","363,392,981",17.50,17.55,17.10,17.30,-0.20,"4,659",2891
101/12/22,"6,862,396","118,280,124",17.15,17.35,17.10,17.30, 0.00,"1,197",2891
101/12/24,"12,826,143","220,748,968",17.30,17.30,17.15,17.30, 0.00,"1,917",2891
101/12/25,"16,454,442","288,711,436",17.30,17.70,17.25,17.70,+0.40,"3,489",2891
101/12/26,"16,891,782","299,304,029",17.70,17.80,17.65,17.70, 0.00,"2,640",2891
101/12/27,"51,133,120","887,952,590",17.60,17.60,17.10,17.35,-0.35,"8,101",2891
101/12/28,"61,111,102","1,041,965,655",17.30,17.35,16.90,17.15,-0.20,"10,547",2891
102/01/02,"35,774,643","617,550,386",17.15,17.40,17.10,17.30,+0.15,"8,828",2891
102/01/03,"89,726,576","1,530,335,154",17.30,17.35,16.90,16.95,-0.35,"12,501",2891
102/01/04,"72,744,358","1,215,340,644",16.90,16.95,16.60,16.70,-0.25,"11,927",2891
102/01/07,"35,171,795","586,886,157",16.70,16.75,16.60,16.70, 0.00,"5,785",2891
102/01/08,"36,668,989","609,302,657",16.65,16.70,16.55,16.65,-0.05,"4,638",2891
102/01/09,"128,053,176","2,138,488,148",16.65,16.90,16.55,16.60,-0.05,"15,463",2891
102/01/10,"110,945,831","1,853,309,439",16.65,16.85,16.60,16.75,+0.15,"14,312",2891
102/01/11,"101,025,635","1,685,154,580",16.80,16.90,16.50,16.55,-0.20,"12,901",2891
102/01/14,"47,474,238","792,179,686",16.55,16.80,16.55,16.80,+0.25,"7,086",2891
102/01/15,"61,327,468","1,037,469,440",16.80,17.05,16.75,16.90,+0.10,"10,249",2891
102/01/16,"43,964,014","742,179,980",16.90,17.00,16.80,16.80,-0.10,"8,235",2891
102/01/17,"73,025,857","1,216,947,066",16.85,16.95,16.45,16.45,-0.35,"9,497",2891
102/01/18,"24,554,445","408,592,389",16.65,16.70,16.60,16.65,+0.20,"4,909",2891
102/01/21,"24,383,162","408,187,120",16.65,16.85,16.55,16.80,+0.15,"4,579",2891
102/01/22,"27,588,118","463,163,533",16.85,16.85,16.70,16.80, 0.00,"3,752",2891
102/01/23,"23,800,219","398,629,642",16.85,16.85,16.70,16.70,-0.10,"4,368",2891
102/01/24,"28,486,350","474,510,764",16.70,16.75,16.55,16.60,-0.10,"4,018",2891
102/01/25,"30,078,740","500,281,684",16.60,16.75,16.55,16.60, 0.00,"4,233",2891
102/01/28,"39,735,132","665,248,033",16.70,16.85,16.65,16.70,+0.10,"5,469",2891
102/01/29,"43,645,105","732,586,191",16.70,16.85,16.70,16.75,+0.05,"5,548",2891
102/01/30,"55,436,197","934,336,236",16.85,16.95,16.75,16.80,+0.05,"8,650",2891
102/01/31,"41,112,396","692,483,359",16.80,16.90,16.75,16.90,+0.10,"4,913",2891
102/02/01,"53,649,435","911,166,124",16.90,17.10,16.85,17.10,+0.20,"8,072",2891
102/02/04,"108,653,097","1,904,324,765",17.30,17.75,17.25,17.70,+0.60,"17,927",2891
102/02/05,"71,129,951","1,252,964,918",17.60,17.70,17.45,17.70, 0.00,"10,363",2891
102/02/06,"119,787,659","2,185,491,809",18.05,18.50,18.00,18.05,+0.35,"20,641",2891
102/02/18,"72,697,299","1,318,500,122",18.35,18.35,17.95,18.10,+0.05,"12,446",2891
102/02/19,"73,995,541","1,306,427,969",17.80,17.80,17.50,17.75,X0.00,"11,549",2891
102/02/20,"52,241,962","932,452,342",17.75,17.95,17.70,17.85,+0.10,"9,093",2891
102/02/21,"47,418,371","836,257,698",17.80,17.80,17.55,17.55,-0.30,"6,914",2891
102/02/22,"36,481,331","641,699,403",17.55,17.70,17.40,17.60,+0.05,"5,203",2891
102/02/23,"23,956,553","423,505,588",17.65,17.80,17.60,17.70,+0.10,"3,827",2891
102/02/25,"35,040,542","618,635,080",17.80,17.80,17.55,17.60,-0.10,"5,006",2891
102/02/26,"33,575,704","585,994,437",17.50,17.55,17.35,17.40,-0.20,"5,344",2891
102/02/27,"20,349,939","355,775,723",17.50,17.55,17.40,17.55,+0.15,"3,387",2891
102/03/01,"32,890,147","578,270,052",17.60,17.65,17.50,17.65,+0.10,"4,928",2891
102/03/04,"33,183,734","579,393,874",17.60,17.60,17.35,17.40,-0.25,"5,841",2891
102/03/05,"36,473,048","639,617,323",17.45,17.65,17.40,17.50,+0.10,"5,040",2891
102/03/06,"29,145,583","512,899,310",17.60,17.65,17.50,17.55,+0.05,"4,577",2891
102/03/07,"118,628,492","2,132,457,567",17.65,18.15,17.60,18.10,+0.55,"19,650",2891
102/03/08,"112,122,778","2,051,094,697",18.25,18.45,18.15,18.20,+0.10,"16,301",2891
102/03/11,"56,169,630","1,028,664,211",18.40,18.40,18.20,18.20, 0.00,"10,115",2891
102/03/12,"74,461,690","1,361,335,196",18.30,18.45,18.00,18.10,-0.10,"10,677",2891
102/03/13,"31,878,355","578,860,515",18.10,18.30,18.05,18.15,+0.05,"6,410",2891
102/03/14,"30,639,359","554,628,762",18.20,18.25,18.00,18.00,-0.15,"5,294",2891
102/03/15,"45,656,341","817,782,078",18.15,18.15,17.75,17.75,-0.25,"6,812",2891
102/03/18,"37,677,130","662,819,498",17.60,17.70,17.45,17.70,-0.05,"5,647",2891
102/03/19,"34,648,093","613,851,867",17.70,17.85,17.60,17.60,-0.10,"5,258",2891
102/03/20,"48,791,168","869,700,569",17.65,17.95,17.55,17.70,+0.10,"7,020",2891
102/03/21,"19,316,648","343,054,982",17.80,17.85,17.70,17.70, 0.00,"3,215",2891
102/03/22,"24,070,654","425,629,638",17.65,17.80,17.60,17.60,-0.10,"3,406",2891
102/03/25,"18,747,284","334,191,217",17.75,17.85,17.75,17.80,+0.20,"4,676",2891
102/03/26,"14,215,702","252,565,603",17.80,17.85,17.70,17.70,-0.10,"2,583",2891
102/03/27,"20,858,482","372,195,963",17.80,17.90,17.70,17.90,+0.20,"4,990",2891
102/03/28,"33,052,835","587,911,525",17.90,17.95,17.65,17.80,-0.10,"5,782",2891
102/03/29,"19,718,419","350,106,696",17.80,17.80,17.70,17.75,-0.05,"2,749",2891
102/04/01,"18,050,065","321,270,434",17.80,17.85,17.75,17.75, 0.00,"3,473",2891
102/04/02,"30,408,866","542,143,981",17.80,17.90,17.75,17.80,+0.05,"6,452",2891
102/04/03,"93,505,585","1,699,470,239",18.00,18.35,18.00,18.35,+0.55,"15,888",2891
102/04/08,"83,751,626","1,519,321,341",18.20,18.30,17.95,18.20,-0.15,"13,145",2891
102/04/09,"45,175,651","813,394,518",18.20,18.25,17.90,18.05,-0.15,"9,428",2891
102/04/10,"34,066,338","615,443,696",18.10,18.15,18.00,18.10,+0.05,"5,905",2891
102/04/11,"40,363,157","735,532,373",18.25,18.30,18.10,18.25,+0.15,"6,843",2891
102/04/12,"39,498,068","716,439,939",18.30,18.30,18.05,18.15,-0.10,"5,382",2891
102/04/15,"33,493,083","599,987,234",18.15,18.15,17.80,17.85,-0.30,"7,006",2891
102/04/16,"49,609,377","883,013,322",17.65,17.95,17.65,17.95,+0.10,"5,598",2891
102/04/17,"167,232,296","2,917,413,397",17.40,17.65,17.25,17.50,-0.45,"30,839",2891
102/04/18,"61,476,166","1,073,141,706",17.45,17.55,17.40,17.45,-0.05,"10,386",2891
102/04/19,"52,956,765","933,217,529",17.50,17.75,17.45,17.65,+0.20,"9,649",2891
102/04/22,"37,867,343","669,436,413",17.65,17.75,17.60,17.70,+0.05,"6,329",2891
102/04/23,"25,134,756","445,634,667",17.65,17.80,17.65,17.75,+0.05,"5,894",2891
102/04/24,"34,075,385","607,290,337",17.80,17.90,17.75,17.85,+0.10,"8,316",2891
102/04/25,"34,881,813","619,567,788",17.85,17.85,17.70,17.70,-0.15,"5,993",2891
102/04/26,"37,003,046","656,794,334",17.70,17.85,17.70,17.70, 0.00,"4,867",2891
102/04/29,"27,250,230","485,111,060",17.80,17.85,17.75,17.80,+0.10,"4,765",2891
102/04/30,"55,104,561","991,096,869",17.85,18.15,17.85,17.90,+0.10,"10,559",2891
102/05/02,"31,807,699","574,673,782",18.00,18.15,17.95,18.10,+0.20,"7,438",2891
102/05/03,"36,637,580","665,121,288",18.20,18.25,18.10,18.15,+0.05,"5,574",2891
102/05/06,"23,561,688","427,280,939",18.25,18.25,18.05,18.20,+0.05,"4,771",2891
102/05/07,"23,433,232","425,237,713",18.20,18.20,18.05,18.15,-0.05,"5,433",2891
102/05/08,"33,218,354","605,012,570",18.20,18.25,18.15,18.25,+0.10,"6,645",2891
102/05/09,"35,727,267","651,542,212",18.30,18.30,18.15,18.15,-0.10,"5,104",2891
102/05/10,"28,598,708","518,813,120",18.15,18.20,18.05,18.20,+0.05,"5,152",2891
102/05/13,"28,340,456","516,336,508",18.20,18.30,18.15,18.25,+0.05,"4,263",2891
102/05/14,"36,624,588","666,456,973",18.30,18.30,18.10,18.10,-0.15,"4,883",2891
102/05/15,"40,370,133","733,928,625",18.20,18.30,18.10,18.20,+0.10,"5,215",2891
102/05/16,"61,055,599","1,125,401,416",18.30,18.60,18.25,18.50,+0.30,"10,187",2891
102/05/17,"30,362,327","563,120,469",18.50,18.65,18.45,18.55,+0.05,"5,934",2891
102/05/20,"32,964,580","613,390,627",18.55,18.70,18.45,18.70,+0.15,"6,127",2891
102/05/21,"35,346,195","662,960,264",18.70,18.85,18.55,18.75,+0.05,"5,675",2891
102/05/22,"25,798,648","485,787,338",18.80,18.90,18.80,18.80,+0.05,"6,033",2891
102/05/23,"66,901,177","1,249,351,953",18.80,18.90,18.50,18.50,-0.30,"8,591",2891
102/05/24,"41,147,166","761,915,698",18.50,18.65,18.35,18.45,-0.05,"5,200",2891
102/05/27,"14,228,936","264,249,259",18.45,18.65,18.45,18.65,+0.20,"2,907",2891
102/05/28,"22,831,495","424,325,479",18.70,18.70,18.50,18.50,-0.15,"3,023",2891
102/05/29,"38,289,735","720,549,655",18.60,18.95,18.55,18.95,+0.45,"8,063",2891
102/05/30,"38,615,749","727,060,046",18.90,18.95,18.70,18.85,-0.10,"8,028",2891
102/05/31,"54,352,299","1,033,061,605",19.00,19.15,18.75,19.15,+0.30,"7,505",2891
102/06/03,"31,864,991","601,234,548",18.75,18.95,18.65,18.85,-0.30,"6,252",2891
102/06/04,"22,218,405","417,704,872",18.85,18.90,18.75,18.75,-0.10,"4,134",2891
102/06/05,"33,014,372","615,493,285",18.75,18.80,18.50,18.60,-0.15,"5,557",2891
102/06/06,"35,094,940","643,194,323",18.45,18.50,18.20,18.25,-0.35,"6,396",2891
102/06/07,"17,323,164","317,454,123",18.25,18.45,18.25,18.25, 0.00,"3,823",2891
102/06/10,"19,195,299","357,376,372",18.45,18.70,18.40,18.70,+0.45,"3,547",2891
102/06/11,"31,731,866","596,671,646",18.70,18.90,18.65,18.85,+0.15,"6,237",2891
102/06/13,"49,217,004","912,916,027",18.60,18.70,18.45,18.50,-0.35,"5,630",2891
102/06/14,"30,503,464","568,295,890",18.60,18.80,18.50,18.80,+0.30,"3,974",2891
102/06/17,"22,393,495","421,298,476",18.80,18.90,18.75,18.80, 0.00,"4,611",2891
102/06/18,"23,855,892","447,887,435",18.85,18.85,18.65,18.85,+0.05,"5,019",2891
102/06/19,"23,586,639","443,269,066",18.90,18.90,18.70,18.75,-0.10,"4,386",2891
102/06/20,"58,702,253","1,088,314,132",18.70,18.85,18.40,18.40,-0.35,"10,381",2891
102/06/21,"60,231,397","1,096,185,458",18.20,18.35,18.10,18.25,-0.15,"8,449",2891
102/06/24,"41,069,965","743,832,877",18.20,18.25,18.05,18.05,-0.20,"8,228",2891
102/06/25,"41,653,983","747,238,424",18.05,18.10,17.80,17.80,-0.25,"8,061",2891
102/06/26,"54,227,326","970,872,515",18.00,18.05,17.70,17.90,+0.10,"7,436",2891
102/06/27,"25,460,063","459,970,473",18.00,18.15,17.95,18.15,+0.25,"3,678",2891
102/06/28,"47,305,888","870,082,891",18.30,18.55,18.15,18.55,+0.40,"6,051",2891
102/07/01,"25,192,494","465,781,749",18.50,18.60,18.30,18.60,+0.05,"3,453",2891
102/07/02,"28,459,017","527,561,183",18.60,18.65,18.40,18.50,-0.10,"4,153",2891
102/07/03,"50,839,661","926,778,560",18.50,18.55,18.05,18.10,-0.40,"6,973",2891
102/07/04,"40,847,994","733,228,292",18.10,18.20,17.85,17.90,-0.20,"7,554",2891
102/07/05,"56,950,836","1,026,270,412",18.00,18.15,17.95,18.10,+0.20,"4,246",2891
102/07/08,"61,762,244","1,112,744,191",18.15,18.20,17.95,18.05,-0.05,"4,972",2891
102/07/09,"68,390,412","1,261,759,672",18.10,18.65,18.10,18.60,+0.55,"9,648",2891
102/07/10,"93,418,869","1,766,602,992",18.75,19.00,18.75,18.95,+0.35,"17,145",2891
102/07/11,"116,501,438","2,228,654,222",19.00,19.30,18.95,19.30,+0.35,"13,036",2891
102/07/12,"48,877,000","935,165,450",19.30,19.30,19.05,19.15,-0.15,"6,320",2891
102/07/15,"106,222,969","2,034,871,740",19.15,19.30,19.10,19.25,+0.10,"8,253",2891
102/07/16,"119,712,551","2,301,755,209",19.25,19.35,19.20,19.25, 0.00,"9,354",2891
102/07/17,"89,656,635","1,684,313,265",18.70,19.00,18.70,19.00,X0.00,"8,699",2891
102/07/18,"60,670,629","1,153,355,701",19.00,19.10,18.90,19.00, 0.00,"7,404",2891
102/07/19,"49,806,398","947,275,662",19.00,19.20,18.85,19.10,+0.10,"5,663",2891
102/07/22,"34,874,003","671,957,904",19.10,19.35,19.10,19.35,+0.25,"5,783",2891
102/07/23,"66,534,937","1,307,730,273",19.45,19.80,19.35,19.80,+0.45,"11,359",2891
102/07/24,"59,389,733","1,180,220,185",19.80,20.05,19.70,19.85,+0.05,"9,367",2891
102/07/25,"41,804,636","818,471,606",19.90,19.90,19.35,19.45,-0.40,"6,964",2891
102/07/26,"36,147,899","712,635,843",19.60,19.80,19.60,19.75,+0.30,"9,676",2891
102/07/29,"22,612,605","446,517,133",19.80,19.90,19.60,19.70,-0.05,"4,213",2891
102/07/30,"30,516,360","605,146,894",19.70,19.90,19.70,19.85,+0.15,"5,096",2891
102/07/31,"34,274,506","681,162,763",19.90,19.95,19.80,19.80,-0.05,"5,404",2891
102/08/01,"19,848,622","393,276,370",19.80,19.95,19.70,19.80, 0.00,"3,178",2891
102/08/02,"27,904,837","550,044,953",19.60,19.90,19.55,19.85,+0.05,"5,870",2891
102/08/05,"19,237,647","379,304,580",19.70,19.80,19.60,19.70,-0.15,"4,158",2891
102/08/06,"31,627,950","614,501,114",19.60,19.65,19.25,19.30,-0.40,"6,157",2891
102/08/07,"39,467,424","755,762,014",19.25,19.25,19.05,19.05,-0.25,"5,575",2891
102/08/08,"25,173,322","483,017,202",19.10,19.25,19.10,19.15,+0.10,"4,219",2891
102/08/09,"29,688,337","564,996,819",19.15,19.20,18.90,18.95,-0.20,"5,203",2891
102/08/12,"16,746,137","319,967,686",18.90,19.30,18.90,19.30,+0.35,"3,155",2891
102/08/13,"16,638,345","322,587,971",19.30,19.45,19.30,19.45,+0.15,"2,976",2891
102/08/14,"31,768,866","625,553,100",19.65,19.80,19.55,19.75,+0.30,"5,031",2891
102/08/15,"54,139,270","1,061,372,745",19.70,19.80,19.40,19.60,-0.15,"4,660",2891
102/08/16,"49,336,373","973,450,493",19.40,19.90,19.40,19.90,+0.30,"5,525",2891
102/08/19,"110,717,274","2,067,275,766",18.75,18.80,18.60,18.60,X0.00,"7,865",2891
102/08/20,"85,121,638","1,609,370,543",18.60,19.10,18.60,18.85,+0.25,"8,757",2891
102/08/22,"77,851,181","1,444,251,782",18.65,18.70,18.50,18.65,-0.20,"8,782",2891
102/08/23,"26,541,753","493,051,244",18.75,18.75,18.50,18.55,-0.10,"5,291",2891
102/08/26,"18,109,363","336,065,922",18.60,18.65,18.45,18.55, 0.00,"3,819",2891
102/08/27,"17,380,167","324,220,863",18.70,18.70,18.55,18.65,+0.10,"3,222",2891
102/08/28,"21,243,084","391,845,185",18.35,18.55,18.30,18.40,-0.25,"4,211",2891
102/08/29,"19,552,468","362,322,023",18.50,18.60,18.45,18.50,+0.10,"3,070",2891
102/08/30,"28,609,122","534,412,605",18.55,18.85,18.50,18.85,+0.35,"3,951",2891
102/09/02,"17,782,316","334,747,693",18.80,18.85,18.60,18.85, 0.00,"2,791",2891
102/09/03,"59,004,617","1,127,925,260",19.00,19.30,18.95,19.30,+0.45,"8,148",2891
102/09/04,"31,433,242","606,921,094",19.30,19.50,19.10,19.40,+0.10,"5,770",2891
102/09/05,"30,617,229","593,757,745",19.40,19.50,19.25,19.40, 0.00,"4,130",2891
102/09/06,"26,549,681","513,365,126",19.40,19.40,19.25,19.40, 0.00,"3,418",2891
102/09/09,"28,520,999","547,583,331",19.40,19.40,19.00,19.30,-0.10,"4,218",2891
102/09/10,"30,589,094","590,162,263",19.30,19.35,19.20,19.30, 0.00,"4,997",2891
102/09/11,"30,603,588","591,238,504",19.30,19.50,19.15,19.50,+0.20,"4,472",2891
102/09/12,"39,287,190","768,259,587",19.40,19.70,19.35,19.70,+0.20,"7,078",2891
102/09/13,"18,171,628","356,591,151",19.70,19.70,19.50,19.70, 0.00,"3,370",2891
102/09/14,"8,383,684","163,590,463",19.55,19.60,19.45,19.50,-0.20,"2,222",2891
102/09/16,"29,038,509","571,121,950",19.55,19.75,19.50,19.70,+0.20,"5,599",2891
102/09/17,"15,282,446","300,226,331",19.50,19.70,19.50,19.70, 0.00,"3,426",2891
102/09/18,"25,177,042","494,489,342",19.70,19.75,19.55,19.55,-0.15,"4,643",2891
102/09/23,"33,610,533","662,618,399",19.60,19.80,19.45,19.80,+0.25,"6,422",2891
102/09/24,"39,480,192","783,429,513",19.85,19.90,19.75,19.90,+0.10,"5,420",2891
102/09/25,"42,411,000","836,970,336",19.70,19.85,19.55,19.85,-0.05,"5,849",2891
102/09/26,"28,761,870","559,551,909",19.80,19.80,19.35,19.40,-0.45,"5,342",2891
102/09/27,"45,163,371","889,564,789",19.55,19.80,19.55,19.70,+0.30,"6,133",2891
102/09/30,"31,307,920","606,400,709",19.40,19.50,19.30,19.30,-0.40,"5,416",2891
102/10/01,"21,561,081","418,333,193",19.30,19.50,19.30,19.40,+0.10,"3,850",2891
102/10/02,"18,216,769","354,821,760",19.50,19.55,19.40,19.55,+0.15,"6,051",2891
102/10/03,"39,035,982","771,686,952",19.50,19.90,19.50,19.85,+0.30,"8,955",2891
102/10/04,"30,790,827","611,422,151",19.85,20.00,19.70,19.85, 0.00,"6,010",2891
102/10/07,"19,044,626","377,482,447",19.80,19.90,19.70,19.90,+0.05,"5,300",2891
102/10/08,"33,686,945","668,556,977",19.90,19.95,19.70,19.95,+0.05,"8,188",2891
102/10/09,"24,144,424","481,605,678",19.85,20.00,19.85,19.95, 0.00,"4,631",2891
102/10/11,"40,362,062","810,780,740",20.00,20.20,20.00,20.10,+0.15,"7,375",2891
102/10/14,"17,081,949","341,659,830",20.00,20.10,19.85,20.05,-0.05,"3,871",2891
102/10/15,"20,824,514","417,814,030",20.10,20.15,20.00,20.10,+0.05,"4,502",2891
102/10/16,"25,520,248","509,086,377",20.10,20.10,19.85,19.95,-0.15,"5,160",2891
102/10/17,"30,379,080","603,483,260",20.00,20.05,19.75,19.90,-0.05,"5,131",2891
102/10/18,"34,594,291","681,372,107",19.80,19.85,19.60,19.70,-0.20,"5,866",2891
102/10/21,"29,442,436","576,008,106",19.65,19.70,19.50,19.65,-0.05,"5,535",2891
102/10/22,"14,247,229","280,433,222",19.50,19.80,19.50,19.80,+0.15,"3,361",2891
102/10/23,"20,522,063","404,917,321",19.85,19.85,19.60,19.75,-0.05,"3,290",2891
102/10/24,"30,297,815","577,118,663",19.75,19.85,19.55,19.75, 0.00,"4,053",2891
102/10/25,"24,778,096","485,371,826",19.75,19.75,19.40,19.70,-0.05,"4,053",2891
102/10/28,"13,006,223","255,659,386",19.65,19.75,19.50,19.70, 0.00,"2,583",2891
102/10/29,"17,659,075","348,404,431",19.70,19.85,19.60,19.85,+0.15,"3,603",2891
102/10/30,"13,840,778","274,809,976",19.85,19.95,19.75,19.95,+0.10,"3,306",2891
102/10/31,"19,271,129","383,283,268",19.90,19.95,19.80,19.90,-0.05,"6,270",2891
102/11/01,"80,102,708","1,558,645,145",19.90,20.00,19.25,19.25,-0.65,"13,302",2891
102/11/04,"55,285,645","1,050,408,505",19.15,19.15,18.90,19.00,-0.25,"9,239",2891
102/11/05,"56,258,566","1,056,037,012",18.90,19.10,18.65,18.65,-0.35,"12,377",2891
102/11/06,"24,113,467","452,979,924",18.60,18.95,18.60,18.95,+0.30,"6,932",2891
102/11/07,"18,667,376","353,109,143",18.90,19.05,18.75,19.05,+0.10,"4,504",2891
102/11/08,"13,478,955","255,955,277",18.75,19.10,18.75,18.90,-0.15,"3,917",2891
102/11/11,"23,032,979","439,685,951",19.00,19.20,18.95,19.00,+0.10,"4,932",2891
102/11/12,"18,927,083","361,707,777",19.10,19.20,19.00,19.00, 0.00,"5,591",2891
102/11/13,"21,591,361","408,999,300",19.00,19.05,18.85,18.95,-0.05,"3,953",2891
102/11/14,"26,122,488","490,470,903",18.90,18.95,18.70,18.70,-0.25,"5,563",2891
102/11/15,"20,603,262","390,625,192",18.80,19.05,18.75,18.90,+0.20,"6,488",2891
102/11/18,"18,524,754","353,443,726",19.00,19.15,18.90,19.00,+0.10,"4,790",2891
102/11/19,"23,970,685","456,440,955",19.05,19.15,18.95,19.10,+0.10,"4,767",2891
102/11/20,"18,153,384","346,478,246",19.00,19.15,18.95,19.00,-0.10,"4,725",2891
102/11/21,"43,787,076","818,419,865",18.90,18.95,18.60,18.60,-0.40,"9,282",2891
102/11/22,"20,178,856","381,266,014",18.65,19.00,18.65,19.00,+0.40,"5,373",2891
102/11/25,"34,720,839","664,018,891",19.10,19.20,19.00,19.00, 0.00,"6,440",2891
102/11/26,"30,908,435","588,446,415",19.00,19.20,18.95,19.00, 0.00,"3,857",2891
102/11/27,"22,799,758","435,598,219",19.10,19.15,19.00,19.15,+0.15,"4,664",2891
102/11/28,"24,118,826","464,824,223",19.15,19.35,19.15,19.35,+0.20,"5,363",2891
102/11/29,"32,918,609","636,392,468",19.30,19.40,19.25,19.35, 0.00,"4,378",2891
102/12/02,"18,637,272","361,561,171",19.35,19.45,19.30,19.45,+0.10,"4,652",2891
102/12/03,"22,313,103","433,760,596",19.45,19.50,19.35,19.35,-0.10,"4,424",2891
102/12/04,"19,172,788","372,382,367",19.40,19.50,19.40,19.40,+0.05,"3,789",2891
102/12/05,"16,425,643","318,932,942",19.45,19.45,19.35,19.40, 0.00,"4,187",2891
102/12/06,"27,584,971","535,336,780",19.40,19.55,19.30,19.30,-0.10,"4,808",2891
102/12/09,"20,814,549","405,462,403",19.50,19.55,19.40,19.45,+0.15,"4,537",2891
102/12/10,"25,708,832","500,133,847",19.45,19.50,19.40,19.45, 0.00,"4,660",2891
102/12/11,"25,897,198","506,921,100",19.50,19.65,19.45,19.60,+0.15,"5,648",2891
102/12/12,"23,125,591","450,400,895",19.60,19.60,19.40,19.40,-0.20,"3,899",2891
102/12/13,"24,220,410","470,841,125",19.40,19.50,19.35,19.45,+0.05,"3,394",2891
102/12/16,"34,101,905","666,474,779",19.45,19.65,19.45,19.45, 0.00,"5,506",2891
102/12/17,"20,597,125","402,794,442",19.55,19.60,19.45,19.55,+0.10,"4,720",2891
102/12/18,"18,419,015","360,344,905",19.50,19.60,19.45,19.60,+0.05,"3,597",2891
102/12/19,"24,737,461","486,377,302",19.60,19.70,19.60,19.70,+0.10,"4,548",2891
102/12/20,"23,328,478","460,138,471",19.70,19.80,19.60,19.70, 0.00,"4,402",2891
102/12/23,"31,478,473","624,689,983",19.70,19.95,19.70,19.85,+0.15,"4,710",2891
102/12/24,"22,998,012","457,248,836",19.90,19.95,19.80,19.90,+0.05,"3,488",2891
102/12/25,"24,894,753","497,758,948",19.90,20.05,19.90,20.05,+0.15,"5,053",2891
102/12/26,"11,165,455","223,443,468",20.05,20.05,19.95,20.05, 0.00,"2,763",2891
102/12/27,"19,535,087","390,178,669",20.00,20.05,19.90,20.00,-0.05,"4,553",2891
102/12/30,"34,646,174","698,565,346",20.00,20.30,20.00,20.30,+0.30,"7,275",2891
102/12/31,"19,539,923","396,349,682",20.30,20.35,20.15,20.35,+0.05,"4,789",2891
103/01/02,"29,538,622","604,267,741",20.35,20.55,20.30,20.50,+0.15,"5,875",2891
103/01/03,"35,578,092","721,457,096",20.50,20.50,20.10,20.10,-0.40,"7,005",2891
103/01/06,"34,760,806","691,677,010",20.05,20.10,19.80,19.85,-0.25,"7,168",2891
103/01/07,"28,146,328","565,718,110",19.90,20.25,19.90,20.05,+0.20,"5,433",2891
103/01/08,"24,601,312","494,246,290",20.05,20.20,20.00,20.05, 0.00,"4,929",2891
103/01/09,"32,451,293","648,827,895",20.05,20.05,19.90,19.95,-0.10,"6,053",2891
103/01/10,"23,034,115","459,843,044",20.00,20.05,19.85,19.85,-0.10,"4,413",2891
103/01/13,"18,129,780","364,111,750",20.05,20.20,20.05,20.05,+0.20,"4,838",2891
103/01/14,"20,732,934","413,477,229",20.05,20.05,19.85,19.95,-0.10,"4,024",2891
103/01/15,"35,342,902","710,490,876",20.00,20.20,19.95,20.00,+0.05,"5,343",2891
103/01/16,"18,951,753","381,640,910",20.20,20.20,20.00,20.00, 0.00,"3,333",2891
103/01/17,"16,801,656","336,726,386",20.00,20.15,20.00,20.05,+0.05,"3,766",2891
103/01/20,"26,092,409","528,599,648",20.10,20.35,20.05,20.30,+0.25,"5,064",2891
103/01/21,"34,482,764","700,213,406",20.30,20.45,20.20,20.20,-0.10,"6,025",2891
103/01/22,"21,804,181","442,070,666",20.20,20.35,20.20,20.30,+0.10,"4,897",2891
103/01/23,"19,278,827","390,654,931",20.30,20.35,20.20,20.20,-0.10,"3,974",2891
103/01/24,"29,012,765","587,488,509",20.20,20.30,20.20,20.30,+0.10,"5,752",2891
103/01/27,"64,943,506","1,302,856,530",20.20,20.20,20.00,20.00,-0.30,"9,124",2891
103/02/05,"113,958,836","2,200,429,949",19.60,19.70,19.05,19.10,-0.90,"19,268",2891
103/02/06,"39,864,061","774,530,901",19.30,19.65,19.20,19.40,+0.30,"8,840",2891
103/02/07,"26,108,762","510,331,262",19.55,19.65,19.40,19.55,+0.15,"5,757",2891
103/02/10,"26,179,517","512,995,243",19.55,19.80,19.50,19.50,-0.05,"5,045",2891
103/02/11,"21,833,875","427,215,251",19.50,19.65,19.50,19.55,+0.05,"3,577",2891
103/02/12,"26,852,996","528,753,707",19.60,19.80,19.55,19.65,+0.10,"5,177",2891
103/02/13,"27,162,392","530,752,620",19.65,19.65,19.45,19.50,-0.15,"4,895",2891
103/02/14,"22,889,999","450,532,357",19.60,19.75,19.55,19.75,+0.25,"4,957",2891
103/02/17,"15,119,566","299,226,984",19.80,19.85,19.75,19.75, 0.00,"3,859",2891
103/02/18,"14,576,235","288,722,525",19.75,19.90,19.70,19.90,+0.15,"2,445",2891
103/02/19,"23,238,855","463,372,860",19.85,20.05,19.85,20.00,+0.10,"4,442",2891
103/02/20,"18,853,328","373,442,808",19.85,19.95,19.70,19.70,-0.30,"3,118",2891
103/02/21,"30,111,733","598,270,424",19.80,20.00,19.75,19.95,+0.25,"3,898",2891
103/02/24,"56,475,536","1,098,720,147",19.70,19.70,19.35,19.40,-0.55,"12,525",2891
103/02/25,"34,048,466","662,096,766",19.40,19.60,19.30,19.55,+0.15,"5,687",2891
103/02/26,"27,809,698","544,908,535",19.50,19.70,19.50,19.55, 0.00,"5,256",2891
103/02/27,"25,660,420","501,251,128",19.55,19.60,19.50,19.55, 0.00,"5,109",2891
103/03/03,"48,405,745","931,978,389",19.40,19.40,19.10,19.25,-0.30,"8,661",2891
103/03/04,"45,611,500","875,391,543",19.20,19.35,19.10,19.20,-0.05,"9,201",2891
103/03/05,"26,566,910","513,874,856",19.35,19.45,19.25,19.30,+0.10,"6,111",2891
103/03/06,"39,444,393","774,487,972",19.30,19.80,19.30,19.70,+0.40,"7,661",2891
103/03/07,"31,785,111","628,344,508",19.75,19.85,19.70,19.75,+0.05,"5,275",2891
103/03/10,"15,745,093","309,777,603",19.75,19.75,19.60,19.60,-0.15,"5,741",2891
103/03/11,"26,735,432","520,734,215",19.60,19.65,19.40,19.45,-0.15,"6,131",2891
103/03/12,"24,522,639","474,306,628",19.25,19.45,19.20,19.45, 0.00,"3,328",2891
103/03/13,"33,418,266","645,329,424",19.35,19.50,19.25,19.25,-0.20,"5,954",2891
103/03/14,"32,320,172","620,622,836",19.15,19.30,19.10,19.15,-0.10,"5,610",2891
103/03/17,"15,315,920","293,626,155",19.15,19.25,19.10,19.25,+0.10,"3,449",2891
103/03/18,"20,645,716","399,635,562",19.25,19.45,19.25,19.35,+0.10,"4,286",2891
103/03/19,"15,805,978","305,778,832",19.30,19.45,19.25,19.25,-0.10,"4,121",2891
103/03/20,"36,082,499","687,264,679",19.10,19.15,19.00,19.00,-0.25,"6,743",2891
103/03/21,"35,857,217","679,934,775",19.10,19.10,18.90,18.90,-0.10,"5,980",2891
103/03/24,"30,926,745","583,442,605",18.90,19.10,18.80,19.00,+0.10,"5,659",2891
103/03/25,"20,599,378","391,612,502",19.00,19.10,18.95,19.00, 0.00,"3,724",2891
103/03/26,"25,168,346","481,160,839",19.00,19.25,19.00,19.10,+0.10,"4,544",2891
103/03/27,"22,109,278","423,357,797",19.15,19.25,19.10,19.10, 0.00,"3,649",2891
103/03/28,"22,335,898","426,812,141",19.10,19.20,19.05,19.20,+0.10,"5,778",2891
103/03/31,"32,809,821","622,130,357",19.10,19.10,18.90,19.05,-0.15,"5,755",2891
103/04/01,"21,092,038","402,343,197",19.05,19.15,19.00,19.15,+0.10,"3,674",2891
103/04/02,"23,493,192","450,982,079",19.20,19.25,19.10,19.25,+0.10,"3,781",2891
103/04/03,"36,220,456","689,238,414",19.15,19.25,18.95,18.95,-0.30,"8,122",2891
103/04/07,"28,893,679","546,121,596",18.80,19.05,18.80,19.00,+0.05,"7,100",2891
103/04/08,"11,761,086","223,303,055",19.05,19.05,18.90,18.95,-0.05,"3,296",2891
103/04/09,"19,083,606","361,284,160",18.90,19.00,18.85,18.95, 0.00,"5,689",2891
103/04/10,"21,573,016","410,015,692",19.05,19.10,18.90,19.10,+0.15,"5,798",2891
103/04/11,"16,554,158","316,229,091",19.00,19.20,19.00,19.20,+0.10,"6,081",2891
103/04/14,"24,210,811","467,760,720",19.30,19.40,19.25,19.35,+0.15,"15,206",2891
103/04/15,"16,570,841","320,353,274",19.35,19.40,19.30,19.30,-0.05,"11,002",2891
103/04/16,"17,536,337","339,011,803",19.30,19.35,19.30,19.30, 0.00,"13,594",2891
103/04/17,"23,457,897","454,885,816",19.30,19.50,19.25,19.45,+0.15,"18,244",2891
103/04/18,"8,759,814","169,592,642",19.45,19.45,19.25,19.35,-0.10,"4,612",2891
103/04/21,"13,064,251","250,146,615",19.35,19.35,19.10,19.10,-0.25,"3,544",2891
103/04/22,"13,076,800","249,371,148",19.10,19.15,19.00,19.05,-0.05,"3,101",2891
103/04/23,"30,206,794","572,409,302",19.00,19.05,18.85,18.95,-0.10,"6,143",2891
103/04/24,"28,960,917","544,623,238",18.80,18.95,18.70,18.75,-0.20,"7,161",2891
103/04/25,"35,317,871","655,580,819",18.70,18.75,18.40,18.50,-0.25,"7,746",2891
103/04/28,"45,236,558","821,627,884",18.30,18.40,18.00,18.30,-0.20,"9,465",2891
103/04/29,"26,693,221","485,064,218",18.30,18.35,18.10,18.15,-0.15,"7,881",2891
103/04/30,"47,841,461","862,597,348",18.10,18.20,17.95,17.95,-0.20,"8,898",2891
103/05/02,"38,862,832","701,058,241",18.00,18.20,17.95,18.10,+0.15,"9,034",2891
103/05/05,"13,223,580","240,341,979",18.20,18.25,18.10,18.10, 0.00,"4,719",2891
103/05/06,"23,788,474","433,800,725",18.15,18.40,18.05,18.40,+0.30,"6,947",2891
103/05/07,"23,744,603","432,888,386",18.40,18.45,18.15,18.20,-0.20,"5,830",2891
103/05/08,"36,850,711","678,607,058",18.30,18.55,18.25,18.50,+0.30,"7,817",2891
103/05/09,"23,167,617","426,270,754",18.50,18.50,18.35,18.40,-0.10,"4,925",2891
103/05/12,"12,972,327","237,969,701",18.40,18.50,18.25,18.30,-0.10,"2,382",2891
103/05/13,"14,507,997","267,084,404",18.45,18.50,18.30,18.35,+0.05,"3,231",2891
103/05/14,"24,559,196","450,946,623",18.30,18.50,18.30,18.50,+0.15,"4,919",2891
103/05/15,"11,838,785","218,036,656",18.35,18.50,18.35,18.50, 0.00,"2,884",2891
103/05/16,"14,787,512","273,926,147",18.50,18.65,18.35,18.65,+0.15,"2,957",2891
103/05/19,"27,159,137","507,907,635",18.70,18.85,18.55,18.80,+0.15,"4,320",2891
103/05/20,"12,823,070","240,409,168",18.85,18.85,18.65,18.70,-0.10,"2,843",2891
103/05/21,"16,182,043","301,440,927",18.70,18.75,18.45,18.60,-0.10,"3,921",2891
103/05/22,"21,542,376","404,557,377",18.75,18.85,18.65,18.85,+0.25,"4,347",2891
103/05/23,"27,117,759","515,155,992",18.70,19.10,18.70,19.05,+0.20,"6,668",2891
103/05/26,"11,115,027","211,276,345",19.05,19.10,18.90,18.90,-0.15,"3,700",2891
103/05/27,"9,287,720","176,796,780",18.90,19.10,18.90,19.00,+0.10,"2,917",2891
103/05/28,"26,084,951","501,385,074",19.10,19.30,19.00,19.30,+0.30,"7,059",2891
103/05/29,"27,796,945","538,665,209",19.30,19.50,19.30,19.30, 0.00,"7,968",2891
103/05/30,"27,427,526","526,095,126",19.30,19.40,19.10,19.10,-0.20,"4,788",2891
103/06/03,"21,536,626","414,887,239",19.10,19.40,19.10,19.40,+0.30,"4,450",2891
103/06/04,"13,740,829","263,630,227",19.40,19.40,19.10,19.15,-0.25,"3,959",2891
103/06/05,"16,539,694","317,309,513",19.20,19.30,19.00,19.20,+0.05,"3,940",2891
103/06/06,"10,119,131","194,148,253",19.20,19.35,19.10,19.25,+0.05,"2,633",2891
103/06/09,"8,512,416","163,234,009",19.25,19.25,19.10,19.25, 0.00,"2,094",2891
103/06/10,"18,846,873","364,790,035",19.30,19.45,19.20,19.45,+0.20,"4,606",2891
103/06/11,"15,530,223","301,210,767",19.45,19.50,19.30,19.45, 0.00,"3,558",2891
103/06/12,"11,506,035","222,768,687",19.35,19.45,19.30,19.45, 0.00,"3,282",2891
103/06/13,"10,668,019","206,517,136",19.40,19.45,19.25,19.40,-0.05,"2,381",2891
103/06/16,"16,850,915","326,665,139",19.30,19.50,19.25,19.40, 0.00,"4,276",2891
103/06/17,"20,490,354","399,136,884",19.50,19.55,19.35,19.55,+0.15,"6,143",2891
103/06/18,"31,566,488","617,737,751",19.55,19.60,19.50,19.55, 0.00,"7,053",2891
103/06/19,"39,333,663","773,323,048",19.55,19.75,19.55,19.70,+0.15,"7,996",2891
103/06/20,"58,989,436","1,156,160,044",19.70,19.70,19.55,19.55,-0.15,"5,558",2891
103/06/23,"20,953,350","411,288,376",19.65,19.70,19.55,19.55, 0.00,"4,691",2891
103/06/24,"12,307,329","242,144,227",19.55,19.70,19.55,19.70,+0.15,"3,891",2891
103/06/25,"22,115,727","435,310,125",19.70,19.75,19.60,19.65,-0.05,"5,048",2891
103/06/26,"19,963,652","393,782,981",19.70,19.75,19.65,19.75,+0.10,"5,426",2891
103/06/27,"20,155,966","399,133,253",19.75,19.85,19.70,19.80,+0.05,"3,549",2891
103/06/30,"18,631,569","369,917,872",19.80,19.90,19.75,19.90,+0.10,"3,374",2891
103/07/01,"29,169,716","579,329,496",19.90,19.95,19.80,19.90, 0.00,"3,559",2891
103/07/02,"36,395,796","725,311,196",19.90,20.00,19.80,20.00,+0.10,"5,824",2891
103/07/03,"23,986,474","479,301,824",20.00,20.05,19.90,19.95,-0.05,"4,113",2891
103/07/04,"50,625,846","1,008,408,530",19.95,20.00,19.85,19.95, 0.00,"4,064",2891
103/07/07,"65,871,350","1,307,583,404",19.95,19.95,19.70,19.85,-0.10,"4,661",2891
103/07/08,"73,831,419","1,485,433,436",20.00,20.45,20.00,20.05,+0.20,"9,917",2891
103/07/09,"42,175,640","841,878,000",19.85,20.10,19.80,20.10,X0.00,"6,903",2891
103/07/10,"57,096,814","1,163,461,838",20.15,20.65,20.10,20.60,+0.50,"11,185",2891
103/07/11,"33,992,557","693,301,986",20.60,20.65,20.15,20.35,-0.25,"7,119",2891
103/07/14,"62,043,617","1,285,516,778",20.45,21.00,20.40,20.60,+0.25,"10,028",2891
103/07/15,"108,091,335","2,321,777,706",20.95,21.95,20.95,21.60,+1.00,"18,037",2891
103/07/16,"90,328,414","1,952,922,473",21.90,22.05,21.40,21.60, 0.00,"13,391",2891
103/07/17,"54,933,838","1,182,136,684",21.60,21.90,21.25,21.55,-0.05,"9,648",2891
103/07/18,"34,205,855","732,729,375",21.45,21.55,21.30,21.50,-0.05,"6,877",2891
103/07/21,"30,148,080","647,325,274",21.50,21.65,21.30,21.40,-0.10,"6,154",2891
103/07/22,"31,844,621","675,585,399",21.40,21.45,21.10,21.25,-0.15,"6,368",2891
103/07/24,"33,108,838","709,934,650",21.40,21.55,21.30,21.55,+0.30,"6,314",2891
103/07/25,"65,868,535","1,436,192,398",21.60,22.05,21.50,21.70,+0.15,"12,334",2891
103/07/28,"30,381,023","657,285,471",21.70,21.75,21.45,21.65,-0.05,"6,770",2891
103/07/29,"53,297,589","1,141,060,681",21.70,21.80,21.05,21.25,-0.40,"10,382",2891
103/07/30,"32,494,256","693,849,143",21.30,21.50,21.15,21.50,+0.25,"5,925",2891
103/07/31,"34,479,417","730,112,326",21.50,21.50,21.05,21.10,-0.40,"6,853",2891
103/08/01,"41,163,244","852,753,550",20.90,20.95,20.60,20.70,-0.40,"9,914",2891
103/08/04,"33,501,473","692,477,983",20.70,20.85,20.40,20.85,+0.15,"5,302",2891
103/08/05,"54,708,730","1,115,068,319",20.75,20.75,20.20,20.25,-0.60,"9,360",2891
103/08/06,"29,524,406","603,246,038",20.40,20.60,20.20,20.40,+0.15,"5,338",2891
103/08/07,"39,328,487","818,165,815",20.60,20.95,20.60,20.95,+0.55,"7,089",2891
103/08/08,"40,830,874","856,330,892",21.00,21.40,20.70,20.70,-0.25,"6,971",2891
103/08/11,"27,037,541","569,866,253",21.10,21.20,20.90,21.10,+0.40,"4,459",2891
103/08/12,"26,425,671","553,621,177",21.10,21.10,20.85,21.00,-0.10,"4,622",2891
103/08/13,"24,264,221","515,232,778",21.30,21.30,21.00,21.30,+0.30,"5,895",2891
103/08/14,"20,908,588","442,313,080",21.40,21.40,20.95,21.15,-0.15,"4,174",2891
103/08/15,"20,416,073","428,442,483",21.05,21.10,20.90,21.00,-0.15,"2,752",2891
103/08/18,"14,965,711","309,912,162",20.90,20.95,20.55,20.70,-0.30,"2,752",2891
103/08/19,"21,902,673","456,760,157",20.90,20.95,20.75,20.85,+0.15,"4,659",2891
103/08/20,"64,669,061","1,382,503,429",21.05,21.60,20.95,21.45,+0.60,"12,316",2891
103/08/21,"41,882,714","902,083,006",21.45,21.70,21.35,21.65,+0.20,"8,242",2891
103/08/22,"49,834,518","1,083,466,305",21.65,21.90,21.55,21.80,+0.15,"9,383",2891
103/08/25,"28,301,436","620,778,440",21.95,22.15,21.80,21.90,+0.10,"5,734",2891
103/08/26,"28,527,720","619,934,701",21.85,21.90,21.60,21.70,-0.20,"5,637",2891
103/08/27,"44,614,112","979,975,133",21.90,22.10,21.85,22.00,+0.30,"9,153",2891
103/08/28,"40,738,206","897,124,168",22.05,22.15,21.90,22.00, 0.00,"5,586",2891
103/08/29,"27,268,405","595,880,054",22.00,22.00,21.75,21.75,-0.25,"4,494",2891
103/09/01,"31,267,917","689,460,731",21.95,22.15,21.85,22.00,+0.25,"6,124",2891
103/09/02,"31,624,207","691,937,130",22.00,22.10,21.70,21.70,-0.30,"5,985",2891
103/09/03,"22,165,573","484,069,303",21.70,21.95,21.70,21.90,+0.20,"4,428",2891
103/09/04,"17,074,521","372,397,820",21.90,21.95,21.70,21.75,-0.15,"3,888",2891
103/09/05,"17,347,148","379,192,360",21.95,22.00,21.75,21.90,+0.15,"3,866",2891
103/09/09,"28,613,078","629,579,373",22.00,22.10,21.90,22.10,+0.20,"5,266",2891
103/09/10,"23,860,477","522,814,586",22.00,22.05,21.80,21.90,-0.20,"5,417",2891
103/09/11,"17,513,551","383,936,452",21.90,22.00,21.80,21.90, 0.00,"3,053",2891
103/09/12,"16,574,103","362,655,279",21.95,21.95,21.80,21.90, 0.00,"3,074",2891
103/09/15,"21,135,330","459,152,797",21.85,21.90,21.65,21.70,-0.20,"4,470",2891
103/09/16,"28,911,660","622,620,749",21.65,21.70,21.40,21.45,-0.25,"6,418",2891
103/09/17,"36,458,644","790,256,195",21.60,21.75,21.55,21.70,+0.25,"6,329",2891
103/09/18,"55,767,813","1,172,498,529",21.05,21.10,20.90,21.10,X0.00,"7,085",2891
103/09/19,"68,216,039","1,436,788,369",21.20,21.25,20.90,20.95,-0.15,"4,883",2891
103/09/22,"60,836,021","1,253,942,143",20.90,20.90,20.50,20.75,-0.20,"7,909",2891
103/09/23,"25,094,540","516,480,386",20.75,20.75,20.50,20.55,-0.20,"4,967",2891
103/09/24,"19,726,351","406,811,213",20.55,20.70,20.50,20.70,+0.15,"3,530",2891
103/09/25,"26,714,347","549,802,880",20.75,20.80,20.45,20.55,-0.15,"4,289",2891
103/09/26,"33,486,483","686,888,298",20.40,20.70,20.30,20.70,+0.15,"5,131",2891
103/09/29,"35,066,209","720,222,488",20.55,20.65,20.40,20.55,-0.15,"6,142",2891
103/09/30,"48,067,427","979,439,431",20.55,20.60,20.15,20.45,-0.10,"6,048",2891
103/10/01,"24,141,109","488,414,723",20.30,20.30,20.15,20.15,-0.30,"4,651",2891
103/10/02,"29,017,796","586,988,568",20.15,20.50,20.00,20.30,+0.15,"5,245",2891
103/10/03,"22,983,061","477,078,616",20.50,20.95,20.30,20.95,+0.65,"4,619",2891
103/10/06,"26,989,581","564,369,216",20.95,21.00,20.75,20.95, 0.00,"4,834",2891
103/10/07,"22,899,997","473,295,755",20.80,20.80,20.60,20.60,-0.35,"4,727",2891
103/10/08,"23,195,450","480,552,096",20.60,20.90,20.55,20.65,+0.05,"4,331",2891
103/10/09,"40,766,188","847,595,276",20.80,20.95,20.65,20.85,+0.20,"5,756",2891
103/10/13,"30,182,765","616,803,550",20.50,20.65,20.30,20.30,-0.55,"5,969",2891
103/10/14,"21,651,199","441,746,850",20.25,20.50,20.20,20.50,+0.20,"3,531",2891
103/10/15,"41,027,905","831,979,175",20.50,20.50,20.20,20.20,-0.30,"5,329",2891
103/10/16,"30,347,084","609,374,249",20.10,20.30,19.95,20.05,-0.15,"5,163",2891
103/10/17,"39,527,396","791,852,819",20.25,20.25,19.80,19.80,-0.25,"6,625",2891
103/10/20,"38,491,687","790,429,651",20.20,20.80,20.20,20.70,+0.90,"7,720",2891
103/10/21,"21,759,242","449,739,870",20.80,20.80,20.50,20.70, 0.00,"4,889",2891
103/10/22,"24,078,903","499,686,594",20.85,20.85,20.65,20.70, 0.00,"4,227",2891
103/10/23,"7,384,141","152,484,715",20.75,20.75,20.55,20.60,-0.10,"2,448",2891
103/10/24,"17,770,947","362,398,088",20.60,20.65,20.20,20.25,-0.35,"3,918",2891
103/10/27,"23,438,226","480,229,922",20.40,20.60,20.35,20.45,+0.20,"4,244",2891
103/10/28,"46,725,240","975,833,855",20.55,21.10,20.55,20.95,+0.50,"9,791",2891
103/10/29,"71,366,292","1,521,592,057",21.10,21.50,21.10,21.50,+0.55,"10,609",2891
103/10/30,"27,437,545","585,622,867",21.50,21.50,21.20,21.40,-0.10,"4,956",2891
103/10/31,"40,581,994","863,512,264",21.60,21.60,21.10,21.30,-0.10,"6,249",2891
103/11/03,"27,072,755","577,400,363",21.30,21.45,21.10,21.40,+0.10,"5,513",2891
103/11/04,"27,405,977","586,671,559",21.50,21.55,21.25,21.45,+0.05,"5,746",2891
103/11/05,"18,208,327","387,723,172",21.50,21.50,21.20,21.30,-0.15,"4,456",2891
103/11/06,"20,540,844","435,245,978",21.30,21.40,21.05,21.05,-0.25,"4,984",2891
103/11/07,"14,391,643","301,649,203",20.90,21.10,20.85,20.95,-0.10,"3,654",2891
103/11/10,"28,501,108","607,155,800",20.90,21.40,20.90,21.30,+0.35,"6,228",2891
103/11/11,"14,146,646","301,155,947",21.35,21.40,21.20,21.20,-0.10,"4,994",2891
103/11/12,"26,677,437","557,296,650",21.10,21.10,20.70,20.70,-0.50,"7,103",2891
103/11/13,"18,194,720","378,461,120",20.70,21.00,20.65,21.00,+0.30,"4,287",2891
103/11/14,"23,409,520","489,663,920",21.00,21.10,20.80,20.90,-0.10,"4,283",2891
103/11/17,"35,103,563","721,459,786",20.80,20.95,20.40,20.50,-0.40,"6,616",2891
103/11/18,"24,757,899","509,909,598",20.50,20.70,20.45,20.70,+0.20,"4,579",2891
103/11/19,"33,723,659","706,450,255",20.80,21.10,20.70,21.00,+0.30,"5,676",2891
103/11/20,"32,534,631","688,834,419",21.00,21.30,21.00,21.20,+0.20,"6,250",2891
103/11/21,"20,112,853","425,816,522",21.20,21.25,21.05,21.05,-0.15,"5,861",2891
103/11/24,"14,679,929","310,787,702",21.20,21.25,21.10,21.20,+0.15,"3,407",2891
103/11/25,"23,205,059","490,280,389",21.20,21.20,21.05,21.10,-0.10,"2,776",2891
103/11/26,"23,683,454","497,027,484",21.05,21.10,20.90,21.00,-0.10,"5,866",2891
103/11/27,"21,198,598","447,082,158",21.00,21.20,20.90,21.05,+0.05,"4,140",2891
103/11/28,"18,148,891","381,739,161",21.00,21.10,20.90,21.05, 0.00,"3,722",2891
103/12/01,"60,450,324","1,249,406,919",20.50,20.80,20.50,20.55,-0.50,"10,666",2891
103/12/02,"56,046,754","1,132,877,791",20.55,20.60,20.00,20.20,-0.35,"12,330",2891
103/12/03,"54,148,036","1,098,390,627",20.20,20.40,20.15,20.35,+0.15,"9,310",2891
103/12/04,"38,944,608","799,433,520",20.45,20.70,20.35,20.70,+0.35,"7,378",2891
103/12/05,"19,496,188","405,432,306",20.80,20.85,20.65,20.85,+0.15,"5,554",2891
103/12/08,"22,750,008","470,141,296",20.90,20.95,20.55,20.75,-0.10,"7,322",2891
103/12/09,"19,654,026","402,655,827",20.60,20.65,20.40,20.45,-0.30,"6,014",2891
103/12/10,"34,614,088","698,630,358",20.40,20.45,20.10,20.10,-0.35,"9,220",2891
103/12/11,"33,000,858","663,381,776",20.10,20.25,20.00,20.00,-0.10,"7,255",2891
103/12/12,"22,921,526","462,892,245",20.10,20.30,20.05,20.25,+0.25,"4,249",2891
103/12/15,"21,999,272","442,753,799",20.10,20.20,20.05,20.20,-0.05,"3,753",2891
103/12/16,"29,582,444","593,362,264",20.10,20.15,20.00,20.00,-0.20,"6,113",2891
103/12/17,"36,390,753","724,347,260",20.00,20.15,19.80,19.80,-0.20,"9,499",2891
103/12/18,"25,066,115","498,502,499",20.00,20.05,19.80,19.80, 0.00,"6,022",2891
103/12/19,"31,376,724","631,249,699",20.15,20.20,19.95,20.20,+0.40,"6,358",2891
103/12/22,"21,001,811","428,042,563",20.30,20.50,20.20,20.40,+0.20,"4,979",2891
103/12/23,"18,559,096","379,447,042",20.50,20.55,20.30,20.40, 0.00,"3,354",2891
103/12/24,"17,088,603","349,480,903",20.35,20.55,20.35,20.55,+0.15,"4,294",2891
103/12/25,"15,691,328","319,832,973",20.55,20.55,20.30,20.40,-0.15,"3,374",2891
103/12/26,"8,303,670","169,454,614",20.40,20.50,20.30,20.45,+0.05,"2,232",2891
103/12/27,"5,677,921","116,234,949",20.50,20.55,20.40,20.50,+0.05,"1,255",2891
103/12/29,"15,895,951","327,080,104",20.45,20.65,20.45,20.60,+0.10,"4,543",2891
103/12/30,"12,524,600","257,015,356",20.60,20.70,20.40,20.50,-0.10,"4,613",2891
103/12/31,"10,200,603","208,695,111",20.50,20.55,20.40,20.55,+0.05,"2,953",2891
104/01/05,"26,102,385","529,709,410",20.45,20.50,20.20,20.35,-0.20,"6,061",2891
104/01/06,"57,897,972","1,157,490,725",20.15,20.15,19.90,19.95,-0.40,"12,964",2891
104/01/07,"32,036,660","639,883,771",20.05,20.05,19.90,19.95, 0.00,"6,886",2891
104/01/08,"28,903,261","583,692,869",20.15,20.25,20.00,20.25,+0.30,"4,491",2891
104/01/09,"27,861,600","565,607,938",20.40,20.40,20.10,20.35,+0.10,"5,175",2891
104/01/12,"13,317,075","270,064,247",20.25,20.40,20.20,20.30,-0.05,"2,635",2891
104/01/13,"36,021,353","733,236,556",20.35,20.45,20.20,20.45,+0.15,"5,860",2891
104/01/14,"26,441,325","536,507,770",20.45,20.50,20.20,20.20,-0.25,"4,946",2891
104/01/15,"16,116,823","327,379,288",20.25,20.40,20.25,20.30,+0.10,"2,897",2891
104/01/16,"44,222,450","885,509,306",20.30,20.30,19.90,20.05,-0.25,"7,048",2891
104/01/19,"27,800,110","562,217,207",20.20,20.30,20.15,20.25,+0.20,"5,340",2891
104/01/20,"36,933,124","747,971,259",20.25,20.35,20.15,20.20,-0.05,"5,851",2891
104/01/21,"34,371,933","697,531,868",20.35,20.35,20.20,20.35,+0.15,"5,290",2891
104/01/22,"27,645,740","564,604,886",20.40,20.50,20.30,20.45,+0.10,"6,052",2891
104/01/23,"31,986,172","659,426,485",20.60,20.75,20.50,20.60,+0.15,"7,616",2891
104/01/26,"21,448,284","437,075,370",20.60,20.60,20.25,20.50,-0.10,"5,010",2891
104/01/27,"21,837,460","446,575,083",20.55,20.60,20.30,20.60,+0.10,"5,049",2891
104/01/28,"20,398,488","412,548,551",20.50,20.50,20.35,20.35,-0.25,"3,895",2891
104/01/29,"31,378,178","634,196,599",20.30,20.40,20.15,20.25,-0.10,"6,337",2891
104/01/30,"21,468,948","433,256,253",20.30,20.35,20.10,20.10,-0.15,"4,582",2891
104/02/02,"24,358,650","491,710,628",20.10,20.30,20.10,20.30,+0.20,"3,250",2891
104/02/03,"18,430,994","372,959,720",20.30,20.35,20.15,20.20,-0.10,"4,589",2891
104/02/04,"28,611,001","585,115,083",20.35,20.50,20.30,20.50,+0.30,"6,345",2891
104/02/05,"58,357,571","1,205,995,921",20.60,20.80,20.50,20.70,+0.20,"11,555",2891
104/02/06,"35,035,478","723,792,643",20.80,20.85,20.55,20.75,+0.05,"6,553",2891
104/02/09,"34,093,489","700,566,919",20.75,20.80,20.45,20.55,-0.20,"7,504",2891
104/02/10,"33,324,077","685,896,406",20.60,20.70,20.50,20.50,-0.05,"6,579",2891
104/02/11,"27,033,766","555,114,659",20.50,20.60,20.45,20.55,+0.05,"6,128",2891
104/02/12,"25,745,609","526,081,346",20.50,20.55,20.35,20.50,-0.05,"5,768",2891
104/02/13,"24,600,382","504,053,871",20.45,20.55,20.40,20.50, 0.00,"4,588",2891
104/02/24,"82,315,844","1,707,772,439",20.65,20.80,20.65,20.80,+0.30,"13,255",2891
104/02/25,"52,674,309","1,098,229,063",20.90,20.95,20.70,20.90,+0.10,"8,655",2891
104/02/26,"37,844,526","787,526,888",20.90,20.90,20.70,20.90, 0.00,"5,385",2891
104/03/02,"36,433,573","753,132,765",20.90,20.90,20.55,20.65,-0.25,"6,746",2891
104/03/03,"28,019,207","576,181,394",20.75,20.75,20.45,20.65, 0.00,"5,317",2891
104/03/04,"24,064,095","495,046,859",20.60,20.65,20.50,20.65, 0.00,"4,786",2891
104/03/05,"27,960,334","572,908,984",20.65,20.65,20.45,20.45,-0.20,"6,628",2891
104/03/06,"26,651,212","546,963,335",20.45,20.60,20.45,20.60,+0.15,"4,706",2891
104/03/09,"15,055,086","308,755,253",20.50,20.60,20.45,20.50,-0.10,"2,954",2891
104/03/10,"23,980,201","490,880,230",20.50,20.60,20.40,20.45,-0.05,"5,381",2891
104/03/11,"29,719,795","605,583,052",20.40,20.45,20.30,20.40,-0.05,"6,377",2891
104/03/12,"62,513,241","1,297,068,445",20.55,20.85,20.45,20.85,+0.45,"10,773",2891
104/03/13,"29,906,513","621,678,117",20.85,20.90,20.70,20.70,-0.15,"5,733",2891
104/03/16,"27,482,714","565,651,081",20.65,20.80,20.50,20.50,-0.20,"6,317",2891
104/03/17,"22,020,341","454,578,828",20.55,20.75,20.50,20.65,+0.15,"3,721",2891
104/03/18,"30,677,311","636,527,709",20.70,20.80,20.60,20.80,+0.15,"5,998",2891
104/03/19,"35,673,758","743,615,929",20.85,20.90,20.75,20.85,+0.05,"7,164",2891
104/03/20,"24,438,593","507,972,634",20.80,20.85,20.70,20.85, 0.00,"3,531",2891
104/03/23,"16,777,106","349,827,266",20.85,20.90,20.75,20.90,+0.05,"4,646",2891
104/03/24,"19,165,157","397,197,012",20.80,20.85,20.65,20.70,-0.20,"4,214",2891
104/03/25,"9,959,213","205,778,979",20.65,20.70,20.60,20.70, 0.00,"2,532",2891
104/03/26,"24,692,112","509,438,325",20.55,20.70,20.55,20.65,-0.05,"3,670",2891
104/03/27,"21,915,345","449,777,440",20.60,20.65,20.45,20.45,-0.20,"4,924",2891
104/03/30,"19,761,585","407,632,595",20.65,20.70,20.50,20.65,+0.20,"4,808",2891
104/03/31,"25,873,967","537,132,141",20.80,20.80,20.65,20.80,+0.15,"4,155",2891
104/04/01,"18,294,113","378,677,416",20.80,20.80,20.65,20.65,-0.15,"4,950",2891
104/04/02,"31,556,577","656,529,091",20.65,20.85,20.65,20.80,+0.15,"6,814",2891
104/04/07,"23,958,601","500,846,788",20.90,21.00,20.85,20.85,+0.05,"5,011",2891
104/04/08,"14,772,778","307,111,016",20.85,20.90,20.70,20.75,-0.10,"3,799",2891
104/04/09,"43,355,326","910,262,596",20.85,21.10,20.80,21.00,+0.25,"8,047",2891
104/04/10,"32,782,816","693,221,526",21.10,21.20,21.05,21.15,+0.15,"7,707",2891
104/04/13,"42,637,137","911,805,169",21.30,21.50,21.20,21.45,+0.30,"7,926",2891
104/04/14,"87,011,361","1,899,945,754",21.50,22.10,21.40,21.80,+0.35,"14,569",2891
104/04/15,"106,205,224","2,342,494,934",21.95,22.60,21.50,22.05,+0.25,"17,050",2891
104/04/16,"76,887,314","1,716,522,863",22.05,22.50,22.05,22.50,+0.45,"11,801",2891
104/04/17,"51,687,481","1,156,746,870",22.50,22.60,22.20,22.35,-0.15,"9,268",2891
104/04/20,"45,026,110","1,005,325,194",22.15,22.45,22.15,22.45,+0.10,"8,159",2891
104/04/21,"40,189,046","903,395,303",22.50,22.60,22.35,22.50,+0.05,"7,290",2891
104/04/22,"43,682,463","982,274,390",22.50,22.60,22.25,22.55,+0.05,"7,486",2891
104/04/23,"154,951,118","3,663,053,834",22.60,24.10,22.60,24.00,+1.45,"28,357",2891
104/04/24,"128,472,740","3,058,615,725",24.15,24.20,23.20,24.20,+0.20,"25,026",2891
104/04/27,"78,640,587","1,933,232,564",24.30,24.75,24.30,24.50,+0.30,"17,081",2891
104/04/28,"55,639,359","1,358,476,822",24.50,24.80,24.15,24.65,+0.15,"11,779",2891
104/04/29,"48,991,260","1,189,534,255",24.60,24.70,23.75,24.15,-0.50,"11,525",2891
104/04/30,"46,603,786","1,120,369,975",24.00,24.30,23.85,23.90,-0.25,"7,203",2891
104/05/04,"52,495,151","1,261,818,624",24.00,24.30,23.90,24.00,+0.10,"9,004",2891
104/05/05,"41,352,947","990,579,233",24.15,24.15,23.80,23.95,-0.05,"9,384",2891
104/05/06,"46,558,309","1,100,281,810",23.80,23.85,23.40,23.70,-0.25,"9,730",2891
104/05/07,"76,793,996","1,771,688,417",23.60,23.60,22.85,22.85,-0.85,"14,728",2891
104/05/08,"39,326,389","899,964,968",22.90,23.05,22.75,22.85, 0.00,"7,323",2891
104/05/11,"39,070,110","894,957,103",23.15,23.25,22.70,22.70,-0.15,"7,692",2891
104/05/12,"41,455,746","948,803,273",22.80,23.20,22.65,23.20,+0.50,"7,333",2891
104/05/13,"74,913,770","1,719,027,186",23.25,23.30,22.75,22.90,-0.30,"11,026",2891
104/05/14,"70,838,889","1,584,918,598",22.70,22.80,22.20,22.30,-0.60,"14,180",2891
104/05/15,"55,530,085","1,238,958,601",22.40,22.50,22.20,22.30, 0.00,"9,106",2891
104/05/18,"51,647,433","1,160,080,221",22.45,22.65,22.35,22.40,+0.10,"8,123",2891
104/05/19,"44,711,570","1,021,150,295",22.75,22.95,22.55,22.95,+0.55,"8,383",2891
104/05/20,"43,740,365","1,003,710,190",22.95,23.10,22.80,23.05,+0.10,"7,976",2891
104/05/21,"41,176,162","927,709,783",22.85,22.85,22.35,22.50,-0.55,"8,998",2891
104/05/22,"34,677,718","792,039,622",22.65,22.95,22.55,22.90,+0.40,"9,372",2891
104/05/25,"31,063,856","705,265,968",22.80,22.90,22.50,22.90, 0.00,"7,216",2891
104/05/26,"36,483,901","833,012,059",23.05,23.05,22.70,22.90, 0.00,"5,466",2891
104/05/27,"107,229,777","2,559,779,074",23.50,24.20,23.50,23.95,+1.05,"17,858",2891
104/05/28,"55,404,304","1,309,829,291",24.00,24.00,23.50,23.55,-0.40,"10,839",2891
104/05/29,"62,156,994","1,457,377,281",23.50,23.75,23.25,23.30,-0.25,"9,541",2891
104/06/01,"26,343,204","614,777,746",23.20,23.60,23.10,23.25,-0.05,"7,284",2891
104/06/02,"27,966,695","650,921,700",23.20,23.40,23.05,23.20,-0.05,"8,219",2891
104/06/03,"40,420,956","948,176,611",23.20,23.60,23.15,23.55,+0.35,"10,158",2891
104/06/04,"70,030,033","1,651,339,250",23.65,23.90,23.15,23.15,-0.40,"14,099",2891
104/06/05,"35,915,081","841,921,822",23.50,23.60,23.25,23.45,+0.30,"9,990",2891
104/06/08,"32,072,436","757,188,858",23.60,23.80,23.40,23.65,+0.20,"9,076",2891
104/06/09,"33,809,775","795,794,869",23.65,23.80,23.35,23.35,-0.30,"7,620",2891
104/06/10,"62,250,159","1,486,065,214",23.60,24.05,23.55,24.00,+0.65,"12,790",2891
104/06/11,"48,658,996","1,168,001,044",24.20,24.30,23.70,23.70,-0.30,"11,311",2891
104/06/12,"44,389,299","1,065,382,940",23.90,24.30,23.75,23.80,+0.10,"8,800",2891
104/06/15,"35,264,896","844,107,987",24.00,24.10,23.80,23.95,+0.15,"6,774",2891
104/06/16,"41,753,962","994,655,318",24.10,24.10,23.70,23.85,-0.10,"7,062",2891
104/06/17,"43,219,054","1,033,214,463",24.00,24.05,23.80,23.90,+0.05,"7,097",2891
104/06/18,"43,846,112","1,055,323,697",24.00,24.20,23.95,24.05,+0.15,"7,570",2891
104/06/22,"37,499,411","911,003,419",24.20,24.35,24.15,24.30,+0.25,"7,734",2891
104/06/23,"30,780,906","750,836,796",24.45,24.50,24.30,24.30, 0.00,"7,107",2891
104/06/24,"17,423,856","418,207,344",24.15,24.20,23.90,24.00,-0.30,"5,318",2891
104/06/25,"26,381,652","636,723,128",24.15,24.30,24.00,24.25,+0.25,"5,058",2891
104/06/26,"23,495,896","570,009,291",24.30,24.35,24.15,24.35,+0.10,"4,992",2891
104/06/29,"23,673,339","566,887,936",24.05,24.20,23.80,23.95,-0.40,"5,671",2891
104/06/30,"35,517,908","853,943,997",23.95,24.30,23.85,24.30,+0.35,"6,768",2891
104/07/01,"22,571,509","547,695,670",24.30,24.35,24.05,24.15,-0.15,"6,239",2891
104/07/02,"24,488,349","592,782,466",24.15,24.35,24.00,24.35,+0.20,"6,739",2891
104/07/03,"20,082,277","484,224,200",24.30,24.30,23.90,24.25,-0.10,"4,661",2891
104/07/06,"20,873,852","500,940,748",24.00,24.20,23.85,23.85,-0.40,"6,227",2891
104/07/07,"30,343,665","732,137,723",23.90,24.25,23.90,24.20,+0.35,"5,837",2891
104/07/08,"52,671,964","1,254,155,085",24.15,24.20,23.50,23.70,-0.50,"10,000",2891
104/07/09,"50,212,903","1,180,505,894",23.45,23.85,22.90,23.50,-0.20,"10,802",2891
104/07/13,"37,001,250","877,125,558",23.50,23.85,23.50,23.80,+0.30,"7,348",2891
104/07/14,"33,928,169","810,767,675",23.85,24.00,23.70,23.85,+0.05,"7,795",2891
104/07/15,"30,990,944","742,136,850",23.90,24.05,23.85,23.85, 0.00,"4,825",2891
104/07/16,"16,044,310","384,934,955",24.00,24.10,23.85,24.10,+0.25,"4,114",2891
104/07/17,"14,543,064","350,154,393",24.10,24.20,24.00,24.15,+0.05,"4,405",2891
104/07/20,"21,414,328","515,741,372",24.25,24.30,23.90,23.95,-0.20,"5,154",2891
104/07/21,"15,432,366","370,649,457",24.00,24.10,23.90,24.00,+0.05,"4,582",2891
104/07/22,"20,897,267","502,034,398",24.10,24.15,23.90,24.00, 0.00,"4,543",2891
104/07/23,"27,401,114","652,501,364",23.90,24.00,23.65,23.65,-0.35,"5,757",2891
104/07/24,"23,341,898","550,891,768",23.65,23.80,23.50,23.70,+0.05,"5,586",2891
104/07/27,"43,585,822","1,007,485,156",23.60,23.60,22.80,22.85,-0.85,"9,463",2891
104/07/28,"32,895,947","750,933,223",22.90,22.95,22.70,22.75,-0.10,"9,227",2891
104/07/29,"31,669,753","716,849,149",22.85,22.85,22.50,22.60,-0.15,"6,633",2891
104/07/30,"37,581,873","864,564,829",22.90,23.15,22.80,22.95,+0.35,"9,441",2891
104/07/31,"29,289,688","669,232,624",23.00,23.05,22.70,22.90,-0.05,"6,150",2891
104/08/03,"33,143,776","758,040,523",22.85,23.00,22.70,23.00,+0.10,"9,341",2891
104/08/04,"45,396,274","1,059,834,672",23.00,23.60,23.00,23.45,+0.45,"8,781",2891
104/08/05,"71,457,203","1,702,006,653",23.50,24.00,23.45,23.95,+0.50,"11,503",2891
104/08/06,"78,103,908","1,671,532,205",21.60,21.75,21.15,21.30,X0.00,"14,074",2891
104/08/07,"33,680,055","716,872,731",21.30,21.45,21.15,21.35,+0.05,"6,252",2891
104/08/10,"24,352,693","518,196,343",21.15,21.40,21.10,21.30,-0.05,"4,232",2891
104/08/11,"40,100,430","855,010,594",21.45,21.60,21.15,21.20,-0.10,"6,473",2891
104/08/12,"112,991,974","2,242,888,987",20.90,20.90,19.35,19.50,-1.70,"22,515",2891
104/08/13,"53,597,195","1,056,067,938",19.55,20.10,19.55,19.60,+0.10,"10,471",2891
104/08/14,"29,229,424","581,126,680",19.75,20.00,19.70,19.85,+0.25,"6,787",2891
104/08/17,"27,411,801","537,819,547",19.95,20.00,19.50,19.50,-0.35,"5,612",2891
104/08/18,"51,455,681","983,849,685",19.50,19.60,18.80,18.95,-0.55,"11,609",2891
104/08/19,"52,778,773","985,019,779",18.85,18.85,18.50,18.65,-0.30,"10,573",2891
104/08/20,"50,279,701","929,731,582",18.50,18.65,18.25,18.45,-0.20,"11,011",2891
104/08/21,"54,016,003","978,408,645",18.30,18.30,18.00,18.00,-0.45,"11,371",2891
104/08/24,"75,129,053","1,311,766,608",17.90,17.90,16.75,17.60,-0.40,"16,784",2891
104/08/25,"63,899,977","1,163,024,168",17.60,18.50,17.60,18.30,+0.70,"13,480",2891
104/08/26,"69,274,544","1,313,248,685",18.50,19.65,18.15,19.40,+1.10,"15,454",2891
104/08/27,"78,675,579","1,531,811,915",19.50,19.65,19.15,19.20,-0.20,"16,199",2891
104/08/28,"66,826,639","1,315,750,035",19.75,19.80,19.55,19.60,+0.40,"10,238",2891
104/08/31,"68,853,730","1,322,396,544",19.50,19.60,18.95,19.60, 0.00,"12,173",2891
104/09/01,"37,453,685","714,729,325",19.30,19.35,19.00,19.00,-0.60,"9,735",2891
104/09/02,"46,887,095","873,891,205",18.65,18.95,18.30,18.75,-0.25,"9,489",2891
104/09/03,"26,430,762","493,573,237",18.85,18.90,18.50,18.75, 0.00,"6,045",2891
104/09/04,"26,210,491","484,789,232",18.60,18.70,18.35,18.35,-0.40,"6,969",2891
104/09/07,"29,808,216","545,781,963",18.30,18.45,18.15,18.25,-0.10,"5,879",2891
104/09/08,"18,904,436","346,213,398",18.25,18.40,18.20,18.30,+0.05,"4,481",2891
104/09/09,"44,965,759","848,606,393",18.55,19.15,18.50,19.05,+0.75,"9,426",2891
104/09/10,"25,377,847","479,184,643",18.80,18.95,18.70,18.75,-0.30,"5,249",2891
104/09/11,"14,983,990","282,992,910",18.75,19.00,18.70,18.90,+0.15,"3,661",2891
104/09/14,"21,609,103","411,719,075",19.10,19.15,19.00,19.00,+0.10,"5,079",2891
104/09/15,"22,851,589","432,497,391",19.00,19.05,18.80,18.90,-0.10,"5,278",2891
104/09/16,"36,063,101","677,997,419",18.85,18.90,18.65,18.85,-0.05,"5,857",2891
104/09/17,"50,526,399","971,099,190",18.95,19.40,18.95,19.30,+0.45,"9,320",2891
104/09/18,"25,572,258","489,386,579",19.25,19.25,19.05,19.10,-0.20,"6,067",2891
104/09/21,"41,137,486","765,201,915",18.90,18.90,18.50,18.50,-0.60,"11,535",2891
104/09/22,"28,619,689","529,910,991",18.50,18.60,18.45,18.55,+0.05,"6,941",2891
104/09/23,"54,897,812","999,145,362",18.40,18.40,18.10,18.10,-0.45,"12,708",2891
104/09/24,"53,868,135","969,224,784",18.10,18.15,17.90,17.95,-0.15,"10,158",2891
104/09/25,"105,141,082","1,841,250,598",17.80,17.85,17.35,17.40,-0.55,"21,339",2891
104/09/30,"153,636,170","2,612,038,395",17.00,17.25,16.90,16.95,-0.45,"28,132",2891
104/10/01,"190,747,732","3,248,235,206",17.00,17.15,16.90,17.10,+0.15,"23,070",2891
104/10/02,"72,498,969","1,244,707,343",17.10,17.30,17.00,17.10, 0.00,"13,257",2891
104/10/05,"66,349,303","1,142,065,947",17.30,17.30,17.15,17.15,+0.05,"12,111",2891
104/10/06,"76,716,771","1,329,353,207",17.30,17.60,17.15,17.20,+0.05,"16,001",2891
104/10/07,"59,188,665","1,018,496,814",17.25,17.30,17.10,17.25,+0.05,"10,781",2891
104/10/08,"59,069,139","1,025,462,795",17.30,17.45,17.25,17.30,+0.05,"10,967",2891
104/10/12,"103,554,795","1,838,534,268",17.50,17.95,17.45,17.85,+0.55,"19,748",2891
104/10/13,"75,552,051","1,365,312,476",18.00,18.30,17.85,18.25,+0.40,"16,703",2891
104/10/14,"47,459,591","866,208,597",18.15,18.40,18.00,18.30,+0.05,"11,016",2891
104/10/15,"47,778,757","879,544,409",18.25,18.70,18.20,18.20,-0.10,"10,234",2891
104/10/16,"63,263,982","1,176,801,258",18.45,18.70,18.45,18.65,+0.45,"11,694",2891
104/10/19,"55,635,645","1,051,650,355",18.80,19.00,18.75,19.00,+0.35,"11,993",2891
104/10/20,"52,489,813","984,581,344",19.00,19.05,18.65,18.65,-0.35,"10,356",2891
104/10/21,"82,098,336","1,497,649,394",18.65,18.70,18.10,18.10,-0.55,"19,067",2891
104/10/22,"51,438,439","931,082,861",18.10,18.25,18.00,18.25,+0.15,"10,037",2891
104/10/23,"45,190,790","826,837,313",18.40,18.50,18.15,18.25, 0.00,"8,411",2891
104/10/26,"51,433,544","940,449,745",18.30,18.50,18.15,18.15,-0.10,"9,453",2891
104/10/27,"57,370,845","1,036,392,511",18.15,18.20,18.00,18.00,-0.15,"12,570",2891
104/10/28,"51,806,084","933,163,862",18.00,18.20,17.90,17.90,-0.10,"9,557",2891
104/10/29,"42,089,413","753,890,284",18.00,18.05,17.85,17.90, 0.00,"8,893",2891
104/10/30,"49,066,080","880,310,306",17.90,18.15,17.80,17.85,-0.05,"8,557",2891
104/11/02,"26,454,267","475,790,493",18.00,18.05,17.90,18.05,+0.20,"5,836",2891
104/11/03,"35,209,722","639,140,607",18.10,18.20,18.00,18.15,+0.10,"9,095",2891
104/11/04,"83,865,853","1,527,817,091",18.30,18.35,18.10,18.15, 0.00,"11,831",2891
104/11/05,"59,150,329","1,078,008,012",18.15,18.35,18.10,18.20,+0.05,"10,691",2891
104/11/06,"60,720,784","1,093,666,362",18.20,18.25,17.90,17.90,-0.30,"12,338",2891
104/11/09,"34,602,646","622,786,468",17.90,18.15,17.90,18.05,+0.15,"8,203",2891
104/11/10,"39,745,712","711,005,204",17.95,17.95,17.80,17.80,-0.25,"11,771",2891
104/11/11,"40,603,821","719,647,185",17.85,17.90,17.60,17.65,-0.15,"9,946",2891
104/11/12,"33,361,955","586,086,535",17.65,17.70,17.50,17.55,-0.10,"8,558",2891
104/11/13,"36,985,232","645,977,468",17.45,17.65,17.40,17.40,-0.15,"9,065",2891
104/11/16,"42,880,528","743,841,082",17.20,17.55,17.20,17.40, 0.00,"7,703",2891
104/11/17,"39,015,312","689,176,520",17.65,17.90,17.50,17.50,+0.10,"6,921",2891
104/11/18,"36,427,998","639,505,732",17.70,17.70,17.40,17.55,+0.05,"7,626",2891
104/11/19,"36,754,104","645,909,574",17.65,17.75,17.50,17.65,+0.10,"7,438",2891
104/11/20,"22,797,012","401,029,903",17.65,17.70,17.50,17.60,-0.05,"5,063",2891
104/11/23,"22,726,117","400,057,795",17.70,17.75,17.55,17.55,-0.05,"5,043",2891
104/11/24,"21,334,199","374,528,692",17.55,17.65,17.50,17.55, 0.00,"7,026",2891
104/11/25,"23,008,288","400,147,776",17.60,17.65,17.30,17.40,-0.15,"6,975",2891
104/11/26,"20,816,651","365,241,438",17.50,17.70,17.40,17.45,+0.05,"5,784",2891
104/11/27,"15,202,301","264,695,533",17.45,17.55,17.30,17.30,-0.15,"4,839",2891
104/11/30,"77,306,743","1,319,468,636",17.10,17.15,17.00,17.10,-0.20,"12,745",2891
104/12/01,"42,652,425","744,395,687",17.15,17.60,17.15,17.60,+0.50,"8,191",2891
104/12/02,"40,009,283","707,046,376",17.65,17.75,17.50,17.70,+0.10,"7,346",2891
104/12/03,"23,032,400","406,126,075",17.55,17.75,17.45,17.65,-0.05,"5,425",2891
104/12/04,"29,020,808","505,220,208",17.50,17.55,17.35,17.35,-0.30,"7,224",2891
104/12/07,"43,960,624","760,343,744",17.40,17.60,17.20,17.20,-0.15,"9,673",2891
104/12/08,"67,574,259","1,151,004,232",17.20,17.20,17.00,17.00,-0.20,"16,585",2891
104/12/09,"76,862,519","1,289,328,023",16.85,16.95,16.70,16.70,-0.30,"16,710",2891
104/12/10,"64,564,977","1,068,200,292",16.65,16.80,16.40,16.70, 0.00,"12,955",2891
104/12/11,"100,699,264","1,644,749,065",16.70,16.70,16.20,16.25,-0.45,"21,329",2891
104/12/14,"49,838,467","809,084,441",16.15,16.45,16.05,16.30,+0.05,"10,720",2891
104/12/15,"32,080,192","522,651,743",16.40,16.45,16.15,16.30, 0.00,"8,279",2891
104/12/16,"32,305,250","533,066,554",16.55,16.60,16.35,16.50,+0.20,"5,222",2891
104/12/17,"39,882,989","668,763,127",16.65,16.90,16.55,16.90,+0.40,"8,626",2891
104/12/18,"38,976,903","647,556,571",16.60,16.80,16.50,16.55,-0.35,"6,045",2891
104/12/21,"23,348,834","383,141,562",16.35,16.50,16.25,16.45,-0.10,"4,950",2891
104/12/22,"21,711,617","358,675,949",16.45,16.65,16.45,16.65,+0.20,"4,530",2891
104/12/23,"24,322,948","409,354,305",16.70,16.90,16.65,16.90,+0.25,"5,854",2891
104/12/24,"18,573,573","315,933,941",17.05,17.10,16.95,16.95,+0.05,"4,864",2891
104/12/25,"10,642,705","179,936,235",16.95,17.00,16.80,16.95, 0.00,"2,568",2891
104/12/28,"20,102,616","336,528,098",16.80,16.85,16.55,16.80,-0.15,"4,862",2891
104/12/29,"11,674,576","196,326,674",16.80,16.90,16.75,16.85,+0.05,"3,616",2891
104/12/30,"21,302,872","355,870,206",16.90,16.95,16.60,16.65,-0.20,"4,733",2891
104/12/31,"13,165,304","221,216,962",16.65,16.90,16.65,16.90,+0.25,"2,774",2891
105/01/04,"35,051,436","579,139,079",16.85,16.90,16.35,16.40,-0.50,"9,415",2891
105/01/05,"33,548,509","547,060,044",16.30,16.40,16.25,16.35,-0.05,"10,647",2891
105/01/06,"41,455,570","671,338,448",16.35,16.35,16.10,16.15,-0.20,"9,829",2891
105/01/07,"51,851,899","825,822,134",16.20,16.25,15.80,15.90,-0.25,"14,063",2891
105/01/08,"31,716,926","505,331,248",15.90,16.05,15.75,16.00,+0.10,"8,171",2891
105/01/11,"37,248,246","584,461,363",15.85,15.95,15.55,15.60,-0.40,"10,735",2891
105/01/12,"57,722,673","902,367,665",15.65,15.80,15.50,15.50,-0.10,"12,973",2891
105/01/13,"28,959,504","454,264,603",15.70,15.80,15.60,15.80,+0.30,"6,365",2891
105/01/14,"41,332,391","643,675,695",15.60,15.70,15.50,15.65,-0.15,"9,808",2891
105/01/15,"62,001,028","951,853,994",15.60,15.65,15.15,15.15,-0.50,"15,437",2891
105/01/18,"56,929,819","855,862,508",14.95,15.30,14.85,15.20,+0.05,"12,947",2891
105/01/19,"25,204,565","381,547,143",15.20,15.25,15.00,15.25,+0.05,"6,005",2891
105/01/20,"42,261,694","631,786,288",15.10,15.15,14.85,14.85,-0.40,"12,202",2891
105/01/21,"65,096,368","952,361,033",14.85,14.95,14.50,14.50,-0.35,"13,360",2891
105/01/22,"50,512,709","736,191,009",14.65,14.75,14.50,14.60,+0.10,"9,874",2891
105/01/25,"62,354,492","924,502,320",14.75,14.95,14.70,14.85,+0.25,"11,067",2891
105/01/26,"46,037,497","671,749,965",14.70,14.70,14.50,14.55,-0.30,"9,273",2891
105/01/27,"37,295,046","543,014,352",14.60,14.70,14.50,14.55, 0.00,"8,089",2891
105/01/28,"39,264,810","576,858,599",14.55,14.80,14.55,14.60,+0.05,"7,293",2891
105/01/29,"92,795,241","1,421,951,512",14.70,15.75,14.65,15.55,+0.95,"16,762",2891
105/01/30,"58,948,485","942,031,603",15.85,16.15,15.80,16.10,+0.55,"13,513",2891
105/02/01,"43,150,348","683,576,364",16.00,16.00,15.70,15.85,-0.25,"10,136",2891
105/02/02,"72,472,823","1,130,001,394",15.70,15.80,15.40,15.55,-0.30,"13,306",2891
105/02/03,"51,856,026","791,151,475",15.35,15.40,15.10,15.30,-0.25,"11,384",2891
105/02/15,"78,338,949","1,172,641,233",15.00,15.10,14.85,14.95,-0.35,"14,826",2891
105/02/16,"75,418,754","1,165,143,088",15.10,15.70,15.05,15.50,+0.55,"13,625",2891
105/02/17,"42,794,349","658,112,512",15.50,15.50,15.30,15.35,-0.15,"7,930",2891
105/02/18,"62,280,973","968,268,740",15.50,15.65,15.45,15.60,+0.25,"10,098",2891
105/02/19,"38,280,730","593,317,917",15.55,15.60,15.35,15.60, 0.00,"6,315",2891
105/02/22,"28,008,469","439,405,287",15.65,15.85,15.55,15.65,+0.05,"5,826",2891
105/02/23,"24,378,040","382,841,414",15.75,15.80,15.65,15.75,+0.10,"5,374",2891
105/02/24,"42,703,135","666,148,452",15.65,15.75,15.50,15.60,-0.15,"6,956",2891
105/02/25,"44,394,248","701,121,738",15.60,15.90,15.55,15.90,+0.30,"8,287",2891
105/02/26,"44,958,027","722,527,164",16.00,16.20,15.90,16.20,+0.30,"9,114",2891
105/03/01,"33,025,642","531,905,171",16.00,16.20,16.00,16.15,-0.05,"8,353",2891
105/03/02,"43,512,572","712,202,677",16.30,16.50,16.25,16.30,+0.15,"9,964",2891
105/03/03,"52,908,321","877,899,976",16.40,16.70,16.35,16.65,+0.35,"12,429",2891
105/03/04,"35,812,479","597,891,869",16.70,16.80,16.50,16.75,+0.10,"9,054",2891
105/03/07,"39,663,125","667,817,237",16.85,16.95,16.75,16.85,+0.10,"10,252",2891
105/03/08,"35,750,297","593,870,380",16.75,16.80,16.45,16.70,-0.15,"8,566",2891
105/03/09,"37,512,926","625,690,618",16.65,16.90,16.50,16.70, 0.00,"6,883",2891
105/03/10,"28,639,890","477,809,763",16.75,16.80,16.55,16.60,-0.10,"7,411",2891
105/03/11,"33,415,628","559,689,715",16.65,16.90,16.60,16.90,+0.30,"7,784",2891
105/03/14,"31,806,399","541,063,883",17.05,17.10,16.95,17.00,+0.10,"8,448",2891
105/03/15,"36,623,559","612,264,564",17.00,17.05,16.55,16.60,-0.40,"9,072",2891
105/03/16,"32,496,922","542,349,715",16.60,16.85,16.55,16.65,+0.05,"6,965",2891
105/03/17,"38,851,915","656,960,548",16.85,17.05,16.75,16.90,+0.25,"8,692",2891
105/03/18,"44,269,480","749,273,873",16.95,17.00,16.85,16.95,+0.05,"6,568",2891
105/03/21,"26,990,982","456,880,444",17.00,17.05,16.80,17.00,+0.05,"5,847",2891
105/03/22,"27,293,537","459,340,409",16.95,16.95,16.75,16.85,-0.15,"6,246",2891
105/03/23,"20,843,265","349,921,523",16.85,16.95,16.65,16.85, 0.00,"4,657",2891
105/03/24,"26,490,225","444,306,466",16.75,16.90,16.60,16.90,+0.05,"5,517",2891
105/03/25,"9,213,614","155,190,431",16.95,16.95,16.75,16.80,-0.10,"2,418",2891
105/03/28,"13,299,466","222,808,911",16.80,16.85,16.70,16.70,-0.10,"3,074",2891
105/03/29,"28,196,544","468,921,678",16.75,16.80,16.50,16.60,-0.10,"6,817",2891
105/03/30,"50,788,549","858,441,499",16.60,17.00,16.55,16.95,+0.35,"9,598",2891
105/03/31,"49,259,753","836,761,701",17.05,17.20,16.85,17.00,+0.05,"8,903",2891
105/04/01,"33,883,556","567,507,669",16.85,16.90,16.65,16.75,-0.25,"6,452",2891
105/04/06,"55,606,139","911,950,903",16.60,16.65,16.30,16.30,-0.45,"13,817",2891
105/04/07,"49,101,907","790,720,738",16.30,16.35,16.00,16.05,-0.25,"11,330",2891
105/04/08,"33,892,651","548,580,300",16.00,16.35,16.00,16.30,+0.25,"6,790",2891
105/04/11,"26,330,307","438,865,617",16.25,16.25,16.05,16.20,-0.10,"6,016",2891
105/04/12,"18,353,296","298,916,746",16.20,16.40,16.15,16.25,+0.05,"4,897",2891
105/04/13,"36,769,153","599,531,695",16.30,16.40,16.15,16.30,+0.05,"6,872",2891
105/04/14,"38,624,464","631,817,709",16.40,16.45,16.30,16.30, 0.00,"7,536",2891
105/04/15,"33,764,024","553,074,528",16.35,16.45,16.30,16.40,+0.10,"7,538",2891
105/04/18,"30,058,690","494,221,954",16.40,16.50,16.35,16.45,+0.05,"5,353",2891
105/04/19,"24,568,207","404,062,060",16.55,16.55,16.35,16.45, 0.00,"5,075",2891
105/04/20,"38,489,283","630,429,078",16.55,16.55,16.20,16.30,-0.15,"6,646",2891
105/04/21,"19,485,261","317,213,597",16.30,16.35,16.25,16.30, 0.00,"4,189",2891
105/04/22,"19,519,896","319,355,004",16.30,16.50,16.25,16.35,+0.05,"4,180",2891
105/04/25,"16,290,255","267,685,365",16.35,16.50,16.30,16.50,+0.15,"4,505",2891
105/04/26,"22,775,802","376,073,551",16.50,16.60,16.40,16.55,+0.05,"3,307",2891
105/04/27,"20,748,944","342,468,590",16.55,16.60,16.45,16.45,-0.10,"4,263",2891
105/04/28,"27,322,257","449,203,235",16.60,16.60,16.35,16.45, 0.00,"4,496",2891
105/04/29,"41,633,494","664,572,652",16.35,16.40,16.20,16.40,-0.05,"9,987",2891
105/05/03,"68,018,027","1,125,881,785",16.55,16.75,16.45,16.50,+0.10,"12,878",2891
105/05/04,"41,620,876","685,598,467",16.60,16.60,16.35,16.40,-0.10,"8,703",2891
105/05/05,"27,730,988","453,829,436",16.40,16.50,16.30,16.35,-0.05,"6,981",2891
105/05/06,"32,881,455","534,226,122",16.35,16.40,16.20,16.20,-0.15,"7,912",2891
105/05/09,"30,432,289","491,983,804",16.25,16.30,16.10,16.10,-0.10,"7,569",2891
105/05/10,"19,275,982","312,699,654",16.10,16.30,16.10,16.25,+0.15,"4,941",2891
105/05/11,"36,990,947","595,175,349",16.30,16.35,16.00,16.05,-0.20,"10,241",2891
105/05/12,"18,553,481","297,925,516",16.00,16.15,16.00,16.10,+0.05,"4,832",2891
105/05/13,"36,431,683","587,456,026",16.10,16.20,16.05,16.15,+0.05,"9,414",2891
105/05/16,"22,591,854","366,856,450",16.15,16.30,16.15,16.30,+0.15,"5,300",2891
105/05/17,"29,832,876","485,643,270",16.30,16.50,16.25,16.50,+0.20,"6,237",2891
105/05/18,"23,696,318","389,298,522",16.40,16.50,16.30,16.45,-0.05,"5,917",2891
105/05/19,"28,370,416","462,254,997",16.35,16.40,16.20,16.30,-0.15,"7,592",2891
105/05/20,"22,618,374","370,891,660",16.35,16.50,16.30,16.35,+0.05,"4,045",2891
105/05/23,"39,087,715","645,858,064",16.30,16.60,16.20,16.50,+0.15,"7,412",2891
105/05/24,"27,841,997","460,010,134",16.60,16.60,16.45,16.50, 0.00,"4,677",2891
105/05/25,"36,358,110","604,301,662",16.50,16.70,16.45,16.65,+0.15,"7,231",2891
105/05/26,"18,003,908","299,317,451",16.65,16.70,16.55,16.65, 0.00,"4,866",2891
105/05/27,"45,796,962","772,231,704",16.70,17.00,16.65,17.00,+0.35,"9,815",2891
105/05/30,"48,135,712","823,588,721",17.05,17.25,16.95,17.15,+0.15,"12,089",2891
105/05/31,"74,099,167","1,268,994,690",17.15,17.20,17.10,17.10,-0.05,"8,517",2891
105/06/01,"41,036,698","703,387,127",17.10,17.20,17.05,17.20,+0.10,"8,392",2891
105/06/02,"38,233,314","655,701,168",17.20,17.20,17.10,17.10,-0.10,"7,161",2891
105/06/03,"37,440,084","640,465,586",17.10,17.20,17.05,17.10, 0.00,"8,542",2891
105/06/04,"11,252,986","192,150,576",17.10,17.10,17.00,17.05,-0.05,"2,004",2891
105/06/06,"31,531,370","539,073,684",17.10,17.20,17.00,17.10,+0.05,"6,643",2891
105/06/07,"47,278,451","809,305,751",17.15,17.20,17.05,17.10, 0.00,"9,743",2891
105/06/08,"59,955,007","1,032,306,542",17.10,17.30,17.10,17.20,+0.10,"13,124",2891
105/06/13,"175,770,558","2,888,799,670",16.30,16.65,16.30,16.35,-0.85,"32,008",2891
105/06/14,"65,157,030","1,070,763,838",16.40,16.50,16.35,16.50,+0.15,"12,365",2891
105/06/15,"45,061,243","741,924,704",16.45,16.55,16.35,16.50, 0.00,"7,982",2891
105/06/16,"40,192,548","659,469,298",16.45,16.50,16.35,16.40,-0.10,"8,154",2891
105/06/17,"28,719,434","473,110,119",16.50,16.50,16.40,16.50,+0.10,"6,630",2891
105/06/20,"33,723,129","558,647,317",16.55,16.60,16.50,16.60,+0.10,"6,543",2891
105/06/21,"43,630,288","724,330,610",16.60,16.65,16.55,16.65,+0.05,"8,105",2891
105/06/22,"36,025,044","598,111,814",16.65,16.65,16.55,16.60,-0.05,"5,954",2891
105/06/23,"30,233,705","501,402,757",16.60,16.65,16.55,16.60, 0.00,"7,479",2891
105/06/24,"69,811,296","1,142,329,350",16.60,16.60,16.15,16.35,-0.25,"14,025",2891
105/06/27,"31,810,095","520,111,197",16.25,16.45,16.20,16.45,+0.10,"6,670",2891
105/06/28,"51,422,444","853,546,445",16.35,16.80,16.30,16.70,+0.25,"8,997",2891
105/06/29,"39,920,472","670,848,431",16.80,16.85,16.75,16.80,+0.10,"6,488",2891
105/06/30,"37,033,256","623,731,084",16.90,16.90,16.80,16.85,+0.05,"6,961",2891
105/07/01,"33,819,111","571,650,756",16.85,16.95,16.80,16.90,+0.05,"6,299",2891
105/07/04,"28,074,091","475,334,317",16.90,17.00,16.85,16.95,+0.05,"5,787",2891
105/07/05,"43,334,298","736,302,916",17.00,17.10,16.90,17.00,+0.05,"8,014",2891
105/07/06,"47,050,284","797,262,878",17.00,17.00,16.90,16.95,-0.05,"8,048",2891
105/07/07,"30,778,176","520,882,962",16.95,17.00,16.90,16.90,-0.05,"6,181",2891
105/07/11,"72,319,198","1,245,314,213",17.00,17.30,16.95,17.25,+0.35,"10,200",2891
105/07/12,"68,379,160","1,191,231,985",17.30,17.55,17.25,17.55,+0.30,"12,682",2891
105/07/13,"65,196,386","1,149,392,506",17.60,17.70,17.55,17.65,+0.10,"11,667",2891
105/07/14,"68,410,857","1,206,200,691",17.60,17.70,17.55,17.65, 0.00,"9,214",2891
105/07/15,"65,075,928","1,154,387,665",17.65,17.90,17.60,17.90,+0.25,"14,564",2891
105/07/18,"60,020,748","1,085,224,977",17.95,18.15,17.95,18.10,+0.20,"13,010",2891
105/07/19,"57,490,467","1,043,696,475",18.15,18.25,18.00,18.25,+0.15,"10,243",2891
105/07/20,"52,642,129","955,215,186",18.20,18.25,18.05,18.15,-0.10,"9,716",2891
105/07/21,"58,216,583","1,058,730,216",18.20,18.25,18.10,18.20,+0.05,"11,685",2891
105/07/22,"53,842,776","973,234,455",18.20,18.20,18.00,18.10,-0.10,"9,685",2891
105/07/25,"60,114,382","1,088,561,525",18.15,18.25,18.00,18.15,+0.05,"13,006",2891
105/07/26,"51,828,346","941,734,446",18.10,18.20,18.10,18.20,+0.05,"10,842",2891
105/07/27,"81,785,268","1,493,641,151",18.20,18.30,18.20,18.30,+0.10,"11,265",2891
105/07/28,"130,012,590","2,387,904,670",18.30,18.45,18.25,18.40,+0.10,"17,564",2891
105/07/29,"95,314,318","1,685,532,843",17.75,17.80,17.60,17.60,X0.00,"12,656",2891
105/08/01,"43,542,564","769,069,456",17.65,17.75,17.55,17.65,+0.05,"8,838",2891
105/08/02,"31,060,856","546,063,148",17.60,17.70,17.45,17.65, 0.00,"6,177",2891
105/08/03,"24,953,095","437,752,912",17.50,17.60,17.45,17.60,-0.05,"5,070",2891
105/08/04,"43,165,448","755,253,874",17.60,17.60,17.40,17.60, 0.00,"7,056",2891
105/08/05,"39,055,550","689,130,921",17.60,17.75,17.55,17.65,+0.05,"6,919",2891
105/08/08,"39,121,805","690,797,049",17.65,17.75,17.60,17.70,+0.05,"4,747",2891
105/08/09,"45,395,063","802,351,498",17.65,17.75,17.60,17.75,+0.05,"5,602",2891
105/08/10,"56,367,549","1,007,507,682",17.75,18.00,17.70,18.00,+0.25,"8,836",2891
105/08/11,"58,931,323","1,056,351,590",18.10,18.10,17.80,17.90,-0.10,"5,884",2891
105/08/12,"45,985,288","823,624,328",17.85,18.00,17.85,17.95,+0.05,"6,802",2891
105/08/15,"39,134,857","707,666,552",18.00,18.20,17.90,18.20,+0.25,"7,863",2891
105/08/16,"52,113,389","951,420,499",18.25,18.30,18.20,18.30,+0.10,"10,392",2891
105/08/17,"49,417,507","904,995,806",18.30,18.40,18.25,18.35,+0.05,"7,888",2891
105/08/18,"216,487,858","4,131,729,626",18.45,19.70,18.45,19.25,+0.90,"38,282",2891
105/08/19,"183,697,533","3,542,863,966",19.40,19.70,18.90,18.90,-0.35,"37,063",2891
105/08/22,"68,083,422","1,262,457,611",18.80,18.80,18.40,18.60,-0.30,"13,590",2891
105/08/23,"41,906,805","778,523,253",18.60,18.70,18.45,18.45,-0.15,"8,584",2891
105/08/24,"43,837,595","799,493,745",18.45,18.55,18.05,18.10,-0.35,"10,821",2891
105/08/25,"72,437,614","1,361,251,944",18.30,19.20,18.25,18.80,+0.70,"13,746",2891
105/08/26,"34,485,607","648,260,405",18.80,18.90,18.70,18.70,-0.10,"7,023",2891
105/08/29,"29,004,664","543,407,478",18.70,18.85,18.55,18.80,+0.10,"5,762",2891
105/08/30,"25,963,078","487,753,385",18.85,18.95,18.65,18.70,-0.10,"6,461",2891
105/08/31,"55,132,185","1,017,141,052",18.70,18.75,18.35,18.35,-0.35,"8,897",2891
105/09/01,"36,922,170","671,251,579",18.35,18.40,18.05,18.25,-0.10,"8,098",2891
105/09/02,"23,091,881","424,259,315",18.25,18.55,18.20,18.45,+0.20,"6,623",2891
105/09/05,"17,054,601","316,578,869",18.50,18.65,18.40,18.65,+0.20,"4,195",2891
105/09/06,"27,403,425","513,167,291",18.65,18.80,18.60,18.75,+0.10,"5,556",2891
105/09/07,"35,254,332","663,074,995",18.70,18.90,18.65,18.85,+0.10,"7,770",2891
105/09/08,"16,149,715","302,966,325",18.80,18.85,18.70,18.75,-0.10,"4,195",2891
105/09/09,"21,790,671","405,465,486",18.60,18.70,18.50,18.70,-0.05,"5,622",2891
105/09/10,"12,936,650","238,701,999",18.35,18.55,18.35,18.45,-0.25,"3,821",2891
105/09/12,"26,473,946","483,390,431",18.30,18.35,18.15,18.25,-0.20,"6,061",2891
105/09/13,"27,729,858","505,390,008",18.35,18.35,18.10,18.15,-0.10,"6,794",2891
105/09/14,"57,850,623","1,037,761,564",18.00,18.15,17.80,17.80,-0.35,"12,547",2891
105/09/19,"31,031,951","567,967,758",18.10,18.45,18.05,18.25,+0.45,"6,677",2891
105/09/20,"19,729,440","362,576,135",18.25,18.45,18.25,18.40,+0.15,"4,327",2891
105/09/21,"25,757,878","473,835,949",18.40,18.45,18.30,18.45,+0.05,"3,456",2891
105/09/22,"12,456,808","229,601,739",18.50,18.55,18.35,18.45, 0.00,"2,738",2891
105/09/23,"16,454,157","303,617,273",18.45,18.50,18.35,18.50,+0.05,"3,769",2891
105/09/26,"18,218,576","334,338,830",18.35,18.50,18.20,18.40,-0.10,"3,516",2891
105/09/29,"44,998,912","832,276,356",18.50,18.60,18.40,18.45,+0.05,"8,911",2891
105/09/30,"29,920,290","545,644,427",18.35,18.35,18.20,18.20,-0.25,"6,518",2891
105/10/03,"18,132,460","331,222,808",18.30,18.35,18.20,18.35,+0.15,"4,009",2891
105/10/04,"21,178,046","389,561,695",18.35,18.45,18.30,18.45,+0.10,"5,483",2891
105/10/05,"22,338,666","410,146,209",18.30,18.45,18.30,18.40,-0.05,"4,892",2891
105/10/06,"34,293,061","627,699,133",18.30,18.40,18.25,18.40, 0.00,"6,765",2891
105/10/07,"33,709,152","615,274,432",18.30,18.35,18.20,18.30,-0.10,"8,557",2891
105/10/11,"59,319,192","1,080,445,704",18.30,18.30,18.15,18.15,-0.15,"9,097",2891
105/10/12,"54,602,565","938,854,800",16.95,17.40,16.95,17.35,X0.00,"13,035",2891
105/10/13,"43,935,876","758,919,826",17.40,17.50,17.20,17.20,-0.15,"11,333",2891
105/10/14,"28,243,629","482,176,853",17.15,17.20,17.00,17.05,-0.15,"7,377",2891
105/10/17,"38,398,400","651,428,393",17.05,17.05,16.85,17.00,-0.05,"7,988",2891
105/10/18,"31,860,485","541,060,426",17.00,17.10,16.90,17.00, 0.00,"7,518",2891
105/10/19,"21,847,401","373,695,140",17.05,17.15,17.00,17.10,+0.10,"5,745",2891
105/10/20,"17,590,465","302,234,975",17.15,17.25,17.10,17.20,+0.10,"4,619",2891
105/10/21,"41,941,051","726,662,728",17.30,17.45,17.20,17.35,+0.15,"7,095",2891
105/10/24,"23,381,063","401,737,627",17.35,17.40,17.10,17.15,-0.20,"5,825",2891
105/10/25,"21,719,250","373,283,872",17.10,17.30,17.05,17.15, 0.00,"3,864",2891
105/10/26,"30,766,395","527,456,779",17.15,17.25,17.05,17.10,-0.05,"7,636",2891
105/10/27,"26,010,951","444,095,008",17.10,17.20,17.00,17.05,-0.05,"5,961",2891
105/10/28,"23,173,975","395,723,601",17.00,17.15,17.00,17.15,+0.10,"4,728",2891
105/10/31,"38,181,238","648,634,616",17.05,17.10,16.95,17.00,-0.15,"6,653",2891
105/11/01,"26,845,748","456,945,059",17.00,17.10,16.95,17.10,+0.10,"4,711",2891
105/11/02,"30,960,918","526,916,937",17.00,17.10,16.95,17.05,-0.05,"7,756",2891
105/11/03,"23,714,565","402,079,655",17.00,17.10,16.90,16.90,-0.15,"8,693",2891
105/11/04,"22,245,107","376,448,846",16.95,17.00,16.90,16.90, 0.00,"10,578",2891
105/11/07,"16,392,877","277,784,909",17.00,17.00,16.90,16.90, 0.00,"4,015",2891
105/11/08,"19,944,131","339,733,667",17.00,17.10,16.95,17.10,+0.20,"4,797",2891
105/11/09,"48,798,938","822,151,378",17.15,17.20,16.70,16.70,-0.40,"12,710",2891
105/11/10,"30,626,762","521,397,028",17.00,17.15,16.90,17.05,+0.35,"5,712",2891
105/11/11,"37,066,656","625,408,212",16.90,17.00,16.80,16.80,-0.25,"9,031",2891
105/11/14,"38,837,673","658,233,841",16.80,17.15,16.70,16.90,+0.10,"7,852",2891
105/11/15,"88,042,109","1,521,489,242",17.15,17.55,17.10,17.10,+0.20,"13,929",2891
105/11/16,"30,505,946","522,958,480",17.25,17.35,17.00,17.05,-0.05,"7,967",2891
105/11/17,"43,385,711","747,486,943",17.10,17.30,17.05,17.30,+0.25,"10,466",2891
105/11/18,"36,578,242","626,225,260",17.30,17.30,17.05,17.10,-0.20,"9,527",2891
105/11/21,"16,899,839","289,345,955",17.10,17.15,17.05,17.15,+0.05,"5,132",2891
105/11/22,"34,380,523","594,809,516",17.15,17.45,17.15,17.20,+0.05,"8,322",2891
105/11/23,"23,326,624","403,291,569",17.30,17.40,17.20,17.25,+0.05,"6,928",2891
105/11/24,"27,052,311","468,976,934",17.30,17.40,17.25,17.35,+0.10,"5,550",2891
105/11/25,"25,590,197","444,869,438",17.40,17.45,17.30,17.35, 0.00,"6,868",2891
105/11/28,"59,408,224","1,044,175,082",17.45,17.75,17.40,17.50,+0.15,"11,801",2891
105/11/29,"31,815,101","552,431,618",17.50,17.50,17.25,17.25,-0.25,"8,033",2891
105/11/30,"41,784,160","728,257,448",17.40,17.50,17.30,17.50,+0.25,"6,339",2891
105/12/01,"28,828,870","504,012,778",17.50,17.55,17.40,17.55,+0.05,"6,631",2891
105/12/02,"31,007,308","544,502,512",17.50,17.70,17.45,17.60,+0.05,"6,840",2891
105/12/05,"31,784,749","559,375,053",17.60,17.70,17.50,17.55,-0.05,"7,331",2891
105/12/06,"34,527,719","607,412,915",17.70,17.70,17.50,17.60,+0.05,"7,568",2891
105/12/07,"21,857,123","385,418,284",17.70,17.70,17.55,17.65,+0.05,"5,578",2891
105/12/08,"63,631,624","1,131,396,970",17.70,17.90,17.60,17.90,+0.25,"13,628",2891
105/12/09,"59,556,167","1,066,265,065",17.90,18.00,17.80,18.00,+0.10,"13,109",2891
105/12/12,"48,964,428","884,548,289",18.05,18.25,17.85,17.90,-0.10,"11,037",2891
105/12/13,"38,406,859","688,432,351",17.90,18.00,17.85,18.00,+0.10,"10,888",2891
105/12/14,"36,982,048","661,809,646",18.05,18.10,17.80,17.85,-0.15,"8,063",2891
105/12/15,"64,961,097","1,165,119,213",17.80,18.05,17.75,18.00,+0.15,"7,990",2891
105/12/16,"43,341,432","779,663,940",18.10,18.10,17.90,18.00, 0.00,"6,025",2891
105/12/19,"36,373,046","651,595,718",18.00,18.00,17.80,17.85,-0.15,"5,701",2891
105/12/20,"32,278,691","574,070,590",17.85,17.90,17.70,17.80,-0.05,"7,757",2891
105/12/21,"21,701,847","385,315,335",17.80,17.85,17.70,17.70,-0.10,"6,091",2891
105/12/22,"30,564,010","537,248,418",17.70,17.75,17.50,17.55,-0.15,"6,775",2891
105/12/23,"24,581,721","429,131,960",17.50,17.55,17.35,17.45,-0.10,"6,791",2891
105/12/26,"22,617,741","395,944,203",17.45,17.60,17.45,17.55,+0.10,"4,015",2891
105/12/27,"32,855,992","576,762,927",17.60,17.65,17.50,17.50,-0.05,"4,679",2891
105/12/28,"41,501,614","731,133,382",17.55,17.70,17.55,17.60,+0.10,"6,862",2891
105/12/29,"44,872,956","789,985,641",17.65,17.70,17.50,17.55,-0.05,"7,294",2891
105/12/30,"27,020,132","476,973,239",17.65,17.75,17.60,17.65,+0.10,"5,351",2891
106/01/03,"13,746,575","242,909,170",17.70,17.75,17.60,17.70,+0.05,"3,354",2891
106/01/04,"16,214,788","287,733,968",17.70,17.80,17.65,17.80,+0.10,"3,567",2891
106/01/05,"31,299,028","561,122,235",17.80,18.00,17.80,18.00,+0.20,"6,940",2891
106/01/06,"18,886,337","338,712,336",18.00,18.00,17.85,18.00, 0.00,"5,198",2891
106/01/09,"17,261,152","309,504,905",18.00,18.00,17.85,18.00, 0.00,"3,373",2891
106/01/10,"21,721,208","389,928,387",18.00,18.00,17.85,18.00, 0.00,"4,731",2891
106/01/11,"23,409,225","420,175,652",18.00,18.00,17.90,18.00, 0.00,"6,197",2891
106/01/12,"24,585,671","441,838,311",18.00,18.00,17.95,18.00, 0.00,"6,589",2891
106/01/13,"21,625,790","387,375,364",18.00,18.00,17.85,17.95,-0.05,"5,781",2891
106/01/16,"27,183,546","480,994,461",17.90,17.90,17.60,17.70,-0.25,"6,916",2891
106/01/17,"18,804,212","333,573,672",17.65,17.85,17.60,17.75,+0.05,"4,192",2891
106/01/18,"18,700,930","331,018,222",17.80,17.80,17.65,17.70,-0.05,"5,169",2891
106/01/19,"46,379,175","814,580,911",17.65,17.65,17.50,17.55,-0.15,"8,840",2891
106/01/20,"18,338,459","322,251,089",17.55,17.65,17.50,17.55, 0.00,"4,223",2891
106/01/23,"30,559,883","540,043,530",17.65,17.75,17.60,17.70,+0.15,"6,011",2891
106/01/24,"37,915,956","673,385,312",17.90,17.95,17.70,17.80,+0.10,"7,083",2891
106/02/02,"97,148,543","1,738,502,961",18.10,18.15,17.75,17.85,+0.05,"12,942",2891
106/02/03,"45,098,254","803,516,692",17.85,17.90,17.75,17.85, 0.00,"9,574",2891
106/02/06,"52,156,489","934,684,802",17.85,18.00,17.80,18.00,+0.15,"12,574",2891
106/02/07,"116,795,005","2,114,612,976",18.05,18.20,18.05,18.15,+0.15,"16,859",2891
106/02/08,"63,388,414","1,142,306,902",18.15,18.15,17.95,18.00,-0.15,"12,282",2891
106/02/09,"112,469,284","2,051,297,588",18.15,18.40,18.10,18.30,+0.30,"14,826",2891
106/02/10,"123,408,239","2,284,741,300",18.50,18.60,18.40,18.45,+0.15,"18,841",2891
106/02/13,"87,188,339","1,620,822,922",18.60,18.65,18.50,18.65,+0.20,"11,950",2891
106/02/14,"122,954,588","2,291,273,484",18.70,18.80,18.45,18.60,-0.05,"16,258",2891
106/02/15,"65,925,485","1,226,555,393",18.70,18.70,18.50,18.60, 0.00,"11,534",2891
106/02/16,"67,808,268","1,267,441,048",18.75,18.85,18.60,18.70,+0.10,"10,774",2891
106/02/17,"42,951,528","802,367,338",18.65,18.75,18.60,18.70, 0.00,"10,027",2891
106/02/18,"21,582,730","403,645,961",18.70,18.75,18.65,18.70, 0.00,"4,568",2891
106/02/20,"43,964,497","817,869,221",18.65,18.70,18.55,18.60,-0.10,"7,475",2891
106/02/21,"57,382,901","1,059,185,894",18.60,18.65,18.35,18.45,-0.15,"10,114",2891
106/02/22,"49,739,866","919,905,523",18.45,18.60,18.40,18.45, 0.00,"7,647",2891
106/02/23,"72,726,457","1,340,049,426",18.45,18.55,18.30,18.45, 0.00,"9,444",2891
106/02/24,"53,934,937","991,159,140",18.45,18.45,18.30,18.35,-0.10,"9,730",2891
106/03/01,"55,946,923","1,028,103,471",18.40,18.45,18.30,18.40,+0.05,"9,126",2891
106/03/02,"53,714,532","995,596,515",18.55,18.65,18.45,18.55,+0.15,"9,661",2891
106/03/03,"62,127,561","1,149,635,097",18.55,18.60,18.40,18.50,-0.05,"11,832",2891
106/03/06,"24,419,527","452,763,466",18.50,18.60,18.50,18.55,+0.05,"5,397",2891
106/03/07,"37,368,651","692,214,750",18.55,18.60,18.45,18.55, 0.00,"5,792",2891
106/03/08,"36,053,270","670,041,514",18.55,18.65,18.50,18.60,+0.05,"7,738",2891
106/03/09,"52,156,361","971,136,692",18.70,18.70,18.55,18.60, 0.00,"14,802",2891
106/03/10,"47,225,490","881,343,064",18.60,18.75,18.55,18.70,+0.10,"10,468",2891
106/03/13,"46,413,038","872,883,653",18.80,18.85,18.75,18.80,+0.10,"14,339",2891
106/03/14,"94,640,702","1,761,235,377",18.70,18.75,18.40,18.65,-0.15,"14,885",2891
106/03/15,"72,588,599","1,365,483,347",18.65,18.95,18.65,18.90,+0.25,"13,373",2891
106/03/16,"38,036,277","719,043,206",18.95,18.95,18.80,18.95,+0.05,"8,126",2891
106/03/17,"69,193,377","1,318,099,313",19.00,19.10,18.90,19.10,+0.15,"13,966",2891
106/03/20,"46,845,279","892,918,951",19.15,19.25,18.95,19.05,-0.05,"8,968",2891
106/03/21,"50,659,685","961,861,486",19.05,19.05,18.90,19.05, 0.00,"10,829",2891
106/03/22,"46,897,815","883,747,927",18.90,18.90,18.75,18.90,-0.15,"12,216",2891
106/03/23,"28,239,762","535,006,231",18.90,19.00,18.85,19.00,+0.10,"7,682",2891
106/03/24,"35,966,088","682,569,212",19.00,19.05,18.90,19.00, 0.00,"8,374",2891
106/03/27,"40,563,344","764,102,464",18.90,18.95,18.75,18.85,-0.15,"8,482",2891
106/03/28,"50,036,582","936,742,924",18.90,18.90,18.65,18.65,-0.20,"11,101",2891
106/03/29,"38,750,785","726,250,460",18.80,18.80,18.70,18.75,+0.10,"6,999",2891
106/03/30,"35,098,259","658,157,285",18.80,18.85,18.70,18.75, 0.00,"6,642",2891
106/03/31,"39,156,181","737,248,547",18.90,18.95,18.75,18.75, 0.00,"6,170",2891
106/04/05,"56,813,871","1,064,853,716",18.80,18.85,18.65,18.85,+0.10,"10,316",2891
106/04/06,"35,456,025","663,505,841",18.80,18.80,18.65,18.75,-0.10,"8,199",2891
106/04/07,"35,824,162","668,165,628",18.75,18.75,18.60,18.60,-0.15,"7,048",2891
106/04/10,"25,696,764","478,120,282",18.60,18.65,18.55,18.60, 0.00,"7,323",2891
106/04/11,"27,867,987","520,096,215",18.60,18.75,18.60,18.65,+0.05,"6,176",2891
106/04/12,"25,525,626","476,523,038",18.65,18.70,18.60,18.70,+0.05,"6,710",2891
106/04/13,"22,773,281","425,656,318",18.70,18.75,18.65,18.70, 0.00,"5,050",2891
106/04/14,"36,831,076","682,684,294",18.65,18.65,18.40,18.45,-0.25,"6,429",2891
106/04/17,"18,509,780","341,741,576",18.45,18.55,18.40,18.45, 0.00,"4,849",2891
106/04/18,"21,881,411","406,892,089",18.50,18.65,18.45,18.65,+0.20,"5,567",2891
106/04/19,"54,185,407","999,526,180",18.60,18.60,18.35,18.35,-0.30,"11,527",2891
106/04/20,"86,502,909","1,584,797,756",18.35,18.45,18.25,18.30,-0.05,"7,752",2891
106/04/21,"24,894,349","458,942,396",18.45,18.50,18.40,18.40,+0.10,"5,274",2891
106/04/24,"16,502,992","303,807,694",18.50,18.50,18.35,18.40, 0.00,"4,349",2891
106/04/25,"46,845,014","869,386,265",18.50,18.65,18.40,18.65,+0.25,"9,416",2891
106/04/26,"50,932,223","954,519,721",18.65,18.80,18.60,18.80,+0.15,"9,619",2891
106/04/27,"21,256,997","398,832,479",18.70,18.80,18.70,18.80, 0.00,"4,659",2891
106/04/28,"43,691,684","822,240,555",18.75,18.85,18.75,18.85,+0.05,"9,241",2891
106/05/02,"40,189,098","759,502,100",18.85,18.95,18.80,18.90,+0.05,"9,013",2891
106/05/03,"34,471,999","653,729,166",18.90,19.00,18.90,19.00,+0.10,"8,261",2891
106/05/04,"25,906,276","491,219,272",19.00,19.00,18.90,19.00, 0.00,"4,714",2891
106/05/05,"22,069,972","417,795,632",19.00,19.00,18.90,18.90,-0.10,"4,431",2891
106/05/08,"32,309,319","612,878,961",18.95,19.00,18.90,19.00,+0.10,"5,221",2891
106/05/09,"60,951,849","1,160,028,659",19.00,19.10,18.95,19.00, 0.00,"7,441",2891
106/05/10,"44,758,210","852,902,340",19.00,19.10,18.95,19.05,+0.05,"8,557",2891
106/05/11,"35,552,834","678,378,021",19.05,19.15,19.00,19.15,+0.10,"7,419",2891
106/05/12,"46,465,623","892,761,479",19.10,19.30,19.10,19.30,+0.15,"9,168",2891
106/05/15,"55,688,639","1,080,882,688",19.30,19.50,19.25,19.50,+0.20,"9,393",2891
106/05/16,"70,052,787","1,375,652,971",19.60,19.70,19.50,19.70,+0.20,"12,907",2891
106/05/17,"37,951,150","743,747,440",19.70,19.70,19.50,19.65,-0.05,"10,166",2891
106/05/18,"47,425,129","920,455,005",19.40,19.50,19.30,19.50,-0.15,"11,863",2891
106/05/19,"37,694,079","726,528,382",19.40,19.45,19.15,19.25,-0.25,"7,803",2891
106/05/22,"39,672,255","768,227,608",19.30,19.45,19.25,19.40,+0.15,"10,100",2891
106/05/23,"50,326,555","965,641,462",19.50,19.50,19.05,19.10,-0.30,"8,994",2891
106/05/24,"41,955,432","804,777,188",19.20,19.25,19.10,19.10, 0.00,"5,976",2891
106/05/25,"50,440,261","973,213,366",19.10,19.45,19.05,19.45,+0.35,"9,378",2891
106/05/26,"37,263,751","722,409,603",19.45,19.45,19.30,19.45, 0.00,"7,658",2891
106/05/31,"43,542,745","837,253,265",19.45,19.50,19.15,19.15,-0.30,"8,168",2891
106/06/01,"31,507,934","604,557,758",19.15,19.25,19.10,19.15, 0.00,"7,471",2891
106/06/02,"23,787,936","458,135,296",19.30,19.35,19.15,19.30,+0.15,"8,168",2891
106/06/03,"11,453,614","221,447,971",19.30,19.40,19.25,19.40,+0.10,"4,736",2891
106/06/05,"36,763,201","711,278,693",19.40,19.40,19.30,19.35,-0.05,"9,838",2891
106/06/06,"25,455,793","492,485,196",19.35,19.40,19.30,19.35, 0.00,"6,734",2891
106/06/07,"35,444,031","684,179,690",19.30,19.35,19.25,19.30,-0.05,"5,356",2891
106/06/08,"37,405,196","722,669,683",19.30,19.40,19.20,19.40,+0.10,"10,430",2891
106/06/09,"28,972,194","562,039,234",19.40,19.50,19.30,19.40, 0.00,"7,098",2891
106/06/12,"31,481,662","610,615,063",19.40,19.45,19.35,19.40, 0.00,"5,629",2891
106/06/13,"22,605,753","439,449,540",19.40,19.50,19.35,19.45,+0.05,"7,007",2891
106/06/14,"26,920,540","521,038,347",19.40,19.45,19.25,19.40,-0.05,"5,542",2891
106/06/15,"19,817,502","383,561,688",19.30,19.40,19.25,19.40, 0.00,"4,351",2891
106/06/16,"21,043,907","407,177,404",19.25,19.40,19.25,19.35,-0.05,"4,637",2891
106/06/19,"26,469,677","514,469,064",19.35,19.50,19.30,19.50,+0.15,"5,873",2891
106/06/20,"22,948,393","447,370,816",19.50,19.55,19.40,19.55,+0.05,"4,232",2891
106/06/21,"25,404,807","494,326,593",19.45,19.55,19.40,19.40,-0.15,"6,105",2891
106/06/22,"19,344,069","376,033,780",19.40,19.50,19.35,19.50,+0.10,"4,850",2891
106/06/23,"17,474,709","339,018,867",19.45,19.50,19.35,19.40,-0.10,"3,704",2891
106/06/26,"55,355,917","1,089,105,676",19.45,19.80,19.40,19.80,+0.40,"9,803",2891
106/06/27,"30,827,954","609,866,190",19.80,19.90,19.70,19.80, 0.00,"5,845",2891
106/06/28,"19,595,288","384,941,800",19.75,19.75,19.55,19.70,-0.10,"5,393",2891
106/06/29,"30,846,539","614,053,396",19.85,20.00,19.80,19.90,+0.20,"7,147",2891
106/06/30,"31,389,226","625,175,597",19.90,20.00,19.80,19.95,+0.05,"5,448",2891
106/07/03,"24,465,222","488,383,479",20.00,20.00,19.90,20.00,+0.05,"5,127",2891
106/07/04,"49,968,678","1,005,042,710",20.00,20.20,19.95,20.10,+0.10,"11,185",2891
106/07/05,"33,372,405","670,951,428",20.15,20.20,20.00,20.20,+0.10,"6,506",2891
106/07/06,"41,648,748","835,337,210",20.20,20.20,19.95,20.15,-0.05,"4,735",2891
106/07/07,"44,278,691","886,825,810",20.05,20.10,19.95,19.95,-0.20,"5,593",2891
106/07/10,"36,732,306","734,078,838",20.00,20.05,19.90,19.95, 0.00,"8,895",2891
106/07/11,"41,155,725","827,950,926",19.95,20.20,19.95,20.20,+0.25,"11,985",2891
106/07/12,"41,057,852","832,466,237",20.20,20.35,20.15,20.30,+0.10,"8,975",2891
106/07/13,"65,987,395","1,359,493,136",20.35,20.70,20.35,20.65,+0.35,"10,777",2891
106/07/14,"79,547,640","1,643,198,468",20.70,20.75,20.60,20.70,+0.05,"13,426",2891
106/07/17,"59,040,302","1,176,825,855",20.00,20.05,19.80,19.90,X0.00,"11,689",2891
106/07/18,"45,479,928","897,645,115",19.95,19.95,19.60,19.60,-0.30,"10,600",2891
106/07/19,"29,929,017","590,488,783",19.65,19.85,19.60,19.80,+0.20,"9,209",2891
106/07/20,"17,095,992","336,363,835",19.80,19.80,19.60,19.65,-0.15,"4,418",2891
106/07/21,"26,793,062","523,729,788",19.65,19.65,19.45,19.50,-0.15,"8,283",2891
106/07/24,"38,296,285","739,933,586",19.45,19.45,19.25,19.40,-0.10,"9,736",2891
106/07/25,"32,302,010","622,614,139",19.35,19.40,19.20,19.25,-0.15,"10,570",2891
106/07/26,"24,751,954","478,546,678",19.30,19.40,19.30,19.30,+0.05,"8,083",2891
106/07/27,"30,114,484","585,996,014",19.30,19.55,19.30,19.50,+0.20,"8,207",2891
106/07/28,"15,608,360","303,842,329",19.50,19.50,19.40,19.50, 0.00,"4,670",2891
106/07/31,"25,652,511","496,215,561",19.50,19.50,19.25,19.40,-0.10,"5,143",2891
106/08/01,"38,882,587","746,611,401",19.40,19.40,19.10,19.10,-0.30,"10,626",2891
106/08/02,"25,557,774","491,083,346",19.10,19.30,19.10,19.30,+0.20,"5,948",2891
106/08/03,"26,373,020","503,858,391",19.10,19.15,19.05,19.10,-0.20,"6,785",2891
106/08/04,"23,196,134","445,974,087",19.10,19.30,19.10,19.30,+0.20,"5,793",2891
106/08/07,"22,020,365","427,516,505",19.30,19.50,19.30,19.45,+0.15,"5,086",2891
106/08/08,"14,850,318","288,461,873",19.40,19.50,19.35,19.45, 0.00,"3,470",2891
106/08/09,"16,981,049","328,682,634",19.40,19.50,19.25,19.30,-0.15,"4,872",2891
106/08/10,"38,817,698","738,467,762",19.25,19.30,18.90,19.00,-0.30,"9,936",2891
106/08/11,"41,287,590","788,227,069",18.85,19.20,18.80,19.20,+0.20,"8,998",2891
106/08/14,"25,210,538","484,305,154",19.20,19.30,19.10,19.20, 0.00,"5,247",2891
106/08/15,"20,693,718","400,186,969",19.20,19.40,19.20,19.40,+0.20,"5,416",2891
106/08/16,"30,377,721","591,202,998",19.40,19.50,19.35,19.50,+0.10,"6,370",2891
106/08/17,"19,661,753","383,877,981",19.45,19.60,19.45,19.60,+0.10,"4,240",2891
106/08/18,"12,759,617","247,610,848",19.40,19.50,19.30,19.45,-0.15,"2,721",2891
106/08/21,"9,379,228","182,557,503",19.50,19.55,19.35,19.45, 0.00,"2,497",2891
106/08/22,"10,057,468","196,095,321",19.45,19.55,19.45,19.50,+0.05,"2,726",2891
106/08/23,"14,055,232","274,276,565",19.50,19.60,19.45,19.55,+0.05,"3,654",2891
106/08/24,"27,463,432","536,486,105",19.55,19.60,19.40,19.50,-0.05,"6,537",2891
106/08/25,"15,781,277","308,796,889",19.55,19.60,19.50,19.60,+0.10,"4,129",2891
106/08/28,"19,612,522","383,653,415",19.55,19.60,19.50,19.60, 0.00,"5,935",2891
106/08/29,"15,936,554","310,286,539",19.55,19.60,19.40,19.50,-0.10,"5,879",2891
106/08/30,"24,012,940","469,245,579",19.50,19.60,19.45,19.55,+0.05,"5,191",2891
106/08/31,"34,995,929","683,558,841",19.55,19.60,19.45,19.55, 0.00,"7,458",2891
106/09/01,"23,610,355","460,992,766",19.55,19.60,19.45,19.45,-0.10,"7,619",2891
106/09/04,"14,954,096","290,850,977",19.45,19.50,19.40,19.40,-0.05,"5,419",2891
106/09/05,"28,637,487","556,040,770",19.45,19.50,19.35,19.50,+0.10,"5,319",2891
106/09/06,"30,271,050","586,776,372",19.40,19.45,19.30,19.35,-0.15,"7,523",2891
106/09/07,"32,730,158","629,507,187",19.35,19.40,19.10,19.15,-0.20,"8,243",2891
106/09/08,"29,039,356","562,177,024",19.20,19.45,19.20,19.45,+0.30,"6,482",2891
106/09/11,"17,600,336","341,575,144",19.50,19.50,19.35,19.40,-0.05,"6,152",2891
106/09/12,"19,464,773","379,479,842",19.50,19.55,19.40,19.55,+0.15,"5,592",2891
106/09/13,"16,736,137","326,857,952",19.60,19.65,19.45,19.45,-0.10,"4,310",2891
106/09/14,"18,874,649","367,126,882",19.45,19.50,19.40,19.40,-0.05,"3,999",2891
106/09/15,"41,939,650","817,137,896",19.40,19.55,19.30,19.55,+0.15,"4,758",2891
106/09/18,"26,597,945","518,046,966",19.55,19.60,19.40,19.50,-0.05,"7,507",2891
106/09/19,"17,719,498","343,980,861",19.50,19.50,19.35,19.40,-0.10,"4,202",2891
106/09/20,"19,447,284","374,677,731",19.35,19.40,19.15,19.20,-0.20,"5,479",2891
106/09/21,"24,571,021","473,474,265",19.20,19.40,19.20,19.25,+0.05,"6,072",2891
106/09/22,"25,655,504","491,510,992",19.25,19.25,19.10,19.15,-0.10,"7,128",2891
106/09/25,"30,776,104","585,232,126",19.15,19.15,18.95,18.95,-0.20,"10,871",2891
106/09/26,"32,292,177","614,794,273",18.95,19.15,18.90,19.00,+0.05,"9,757",2891
106/09/27,"37,323,558","713,505,993",19.10,19.20,19.00,19.10,+0.10,"10,881",2891
106/09/28,"34,726,412","664,443,663",19.15,19.25,19.05,19.10, 0.00,"7,244",2891
106/09/29,"30,890,051","587,907,369",19.15,19.15,19.00,19.00,-0.10,"7,200",2891
106/09/30,"2,861,519","54,603,802",19.10,19.10,19.00,19.10,+0.10,937,2891
106/10/02,"14,362,143","273,775,652",19.15,19.15,19.00,19.05,-0.05,"5,578",2891
106/10/03,"18,833,195","360,375,969",19.15,19.20,19.05,19.20,+0.15,"5,902",2891
106/10/05,"15,857,460","304,147,688",19.20,19.25,19.05,19.15,-0.05,"3,827",2891
106/10/06,"35,943,826","695,373,364",19.20,19.40,19.20,19.40,+0.25,"7,943",2891
106/10/11,"34,484,571","669,133,490",19.40,19.50,19.35,19.35,-0.05,"6,177",2891
106/10/12,"31,997,724","618,686,249",19.40,19.45,19.25,19.35, 0.00,"8,370",2891
106/10/13,"17,955,710","347,262,746",19.35,19.40,19.25,19.40,+0.05,"5,090",2891
106/10/16,"17,967,963","348,153,603",19.40,19.45,19.30,19.45,+0.05,"5,012",2891
106/10/17,"16,552,969","321,936,462",19.45,19.50,19.40,19.50,+0.05,"4,966",2891
106/10/18,"30,668,980","593,485,782",19.50,19.50,19.30,19.35,-0.15,"8,040",2891
106/10/19,"11,511,748","223,083,172",19.40,19.45,19.30,19.40,+0.05,"2,823",2891
106/10/20,"18,735,050","363,455,285",19.40,19.45,19.30,19.40, 0.00,"4,863",2891
106/10/23,"15,720,935","305,287,393",19.45,19.45,19.40,19.40, 0.00,"4,119",2891
106/10/24,"18,005,932","348,284,056",19.40,19.40,19.30,19.40, 0.00,"4,776",2891
106/10/25,"11,826,017","229,206,026",19.40,19.45,19.30,19.45,+0.05,"3,416",2891
106/10/26,"22,108,048","428,014,475",19.50,19.50,19.30,19.30,-0.15,"5,950",2891
106/10/27,"29,239,411","569,885,670",19.35,19.60,19.35,19.45,+0.15,"5,521",2891
106/10/30,"22,637,743","439,859,768",19.45,19.55,19.35,19.35,-0.10,"4,225",2891
106/10/31,"21,111,916","408,450,949",19.30,19.45,19.30,19.30,-0.05,"3,619",2891
106/11/01,"26,880,960","519,686,037",19.40,19.45,19.25,19.30, 0.00,"5,972",2891
106/11/02,"15,694,591","305,039,049",19.30,19.50,19.30,19.45,+0.15,"4,126",2891
106/11/03,"10,254,928","199,301,175",19.45,19.50,19.40,19.45, 0.00,"2,428",2891
106/11/06,"10,909,277","211,642,624",19.35,19.45,19.35,19.45, 0.00,"2,820",2891
106/11/07,"18,264,528","353,227,987",19.45,19.45,19.30,19.35,-0.10,"4,196",2891
106/11/08,"10,353,236","200,500,376",19.30,19.40,19.30,19.40,+0.05,"4,245",2891
106/11/09,"18,738,581","363,448,454",19.45,19.45,19.30,19.40, 0.00,"5,122",2891
106/11/10,"15,952,863","308,870,362",19.35,19.45,19.30,19.40, 0.00,"3,242",2891
106/11/13,"17,457,250","338,575,087",19.40,19.45,19.35,19.35,-0.05,"4,075",2891
106/11/14,"18,392,299","356,683,589",19.35,19.45,19.35,19.40,+0.05,"5,414",2891
106/11/15,"22,931,988","444,827,404",19.40,19.45,19.35,19.45,+0.05,"7,452",2891
106/11/16,"17,635,135","341,389,535",19.40,19.45,19.30,19.35,-0.10,"4,226",2891
106/11/17,"30,065,247","584,963,706",19.35,19.55,19.35,19.55,+0.20,"4,822",2891
106/11/20,"20,889,439","407,196,584",19.55,19.55,19.45,19.50,-0.05,"4,967",2891
106/11/21,"70,656,218","1,393,159,783",19.50,19.90,19.45,19.75,+0.25,"13,898",2891
106/11/22,"118,519,620","2,394,313,356",20.00,20.40,20.00,20.30,+0.55,"23,799",2891
106/11/23,"40,787,609","830,641,637",20.35,20.45,20.25,20.40,+0.10,"9,389",2891
106/11/24,"23,964,181","484,516,155",20.35,20.35,20.15,20.20,-0.20,"5,465",2891
106/11/27,"27,266,415","546,969,847",20.20,20.30,19.90,19.95,-0.25,"6,973",2891
106/11/28,"33,497,792","672,708,690",19.90,20.25,19.90,20.10,+0.15,"8,885",2891
106/11/29,"20,547,535","412,936,398",20.25,20.25,20.00,20.10, 0.00,"5,038",2891
106/11/30,"58,713,929","1,176,422,730",20.05,20.20,19.95,20.00,-0.10,"7,307",2891
106/12/01,"52,029,700","1,051,786,109",20.10,20.40,20.00,20.35,+0.35,"10,042",2891
106/12/04,"48,967,366","1,003,002,166",20.40,20.65,20.25,20.55,+0.20,"11,858",2891
106/12/05,"42,917,425","883,573,999",20.50,20.65,20.45,20.65,+0.10,"10,944",2891
106/12/06,"44,718,537","907,343,854",20.50,20.55,20.10,20.30,-0.35,"10,006",2891
106/12/07,"24,483,674","492,995,966",20.20,20.25,20.00,20.15,-0.15,"5,454",2891
106/12/08,"14,820,759","298,750,414",20.15,20.20,20.05,20.20,+0.05,"3,587",2891
106/12/11,"20,067,721","406,682,406",20.35,20.40,20.20,20.20, 0.00,"5,745",2891
106/12/12,"21,115,964","425,825,197",20.15,20.25,20.05,20.25,+0.05,"5,888",2891
106/12/13,"19,993,656","405,497,561",20.30,20.35,20.20,20.35,+0.10,"6,441",2891
106/12/14,"50,566,630","1,038,847,695",20.40,20.65,20.35,20.65,+0.30,"10,292",2891
106/12/15,"53,539,193","1,097,698,894",20.60,20.60,20.30,20.55,-0.10,"9,565",2891
106/12/18,"20,514,246","421,366,037",20.55,20.60,20.40,20.60,+0.05,"10,176",2891
106/12/19,"27,114,498","553,423,070",20.60,20.60,20.35,20.35,-0.25,"8,104",2891
106/12/20,"23,872,588","486,294,549",20.45,20.50,20.25,20.30,-0.05,"7,073",2891
106/12/21,"24,918,979","502,685,402",20.30,20.35,20.10,20.10,-0.20,"7,049",2891
106/12/22,"29,112,296","586,785,978",20.15,20.25,20.10,20.25,+0.15,"6,264",2891
106/12/25,"20,266,340","407,746,136",20.20,20.25,20.05,20.10,-0.15,"5,131",2891
106/12/26,"24,767,551","496,558,184",20.10,20.15,20.00,20.00,-0.10,"6,492",2891
106/12/27,"25,314,163","511,043,611",20.05,20.30,20.00,20.30,+0.30,"7,945",2891
106/12/28,"24,910,117","505,708,437",20.35,20.35,20.25,20.25,-0.05,"5,761",2891
106/12/29,"40,240,639","821,403,745",20.35,20.50,20.30,20.50,+0.25,"10,283",2891
107/01/02,"18,651,937","381,128,267",20.50,20.50,20.35,20.45,-0.05,"4,635",2891
107/01/03,"36,552,996","752,347,750",20.50,20.65,20.45,20.65,+0.20,"10,514",2891
107/01/04,"40,321,865","832,472,544",20.70,20.75,20.55,20.65, 0.00,"7,625",2891
107/01/05,"45,624,166","948,439,658",20.70,20.90,20.65,20.90,+0.25,"8,097",2891
107/01/08,"81,930,842","1,742,304,528",20.95,21.50,20.90,21.50,+0.60,"16,731",2891
107/01/09,"43,496,589","926,579,744",21.50,21.50,21.15,21.40,-0.10,"9,151",2891
107/01/10,"55,478,957","1,198,987,717",21.45,21.80,21.30,21.70,+0.30,"12,978",2891
107/01/11,"31,957,518","690,428,568",21.80,21.80,21.45,21.70, 0.00,"8,123",2891
107/01/12,"27,218,747","590,591,543",21.75,21.75,21.55,21.75,+0.05,"6,231",2891
107/01/15,"54,123,982","1,193,767,041",21.85,22.20,21.85,22.15,+0.40,"11,797",2891
107/01/16,"40,224,854","887,723,401",22.15,22.25,21.90,22.00,-0.15,"12,181",2891
107/01/17,"28,143,737","617,706,008",21.95,22.00,21.80,22.00, 0.00,"6,756",2891
107/01/18,"35,139,242","772,056,216",22.00,22.15,21.90,21.90,-0.10,"6,826",2891
107/01/19,"30,539,568","661,904,780",21.85,21.90,21.55,21.70,-0.20,"9,244",2891
107/01/22,"39,079,561","852,776,615",21.80,21.90,21.70,21.85,+0.15,"11,040",2891
107/01/23,"377,410,851","7,914,829,619",21.45,21.50,21.20,21.30,-0.55,"20,794",2891
107/01/24,"83,240,828","1,746,271,740",21.15,21.15,20.85,21.05,-0.25,"20,200",2891
107/01/25,"103,605,671","2,174,260,481",21.25,21.30,21.00,21.30,+0.25,"14,573",2891
107/01/26,"61,104,245","1,293,282,992",21.35,21.35,21.10,21.15,-0.15,"12,144",2891
107/01/29,"51,856,235","1,097,983,716",21.30,21.50,21.15,21.20,+0.05,"13,284",2891
107/01/30,"39,117,997","828,231,457",21.25,21.30,21.10,21.10,-0.10,"7,510",2891
107/01/31,"48,175,255","1,016,536,141",21.00,21.30,20.90,21.30,+0.20,"8,462",2891
107/02/01,"31,419,266","669,460,565",21.30,21.40,21.15,21.30, 0.00,"6,670",2891
107/02/02,"31,391,061","664,556,941",21.15,21.30,21.05,21.30, 0.00,"8,122",2891
107/02/05,"49,438,174","1,031,272,757",20.85,20.95,20.80,20.85,-0.45,"11,440",2891
107/02/06,"105,548,314","2,099,477,056",20.30,20.30,19.60,19.70,-1.15,"25,584",2891
107/02/07,"83,557,675","1,699,590,258",20.25,20.45,20.20,20.35,+0.65,"16,237",2891
107/02/08,"42,297,329","871,786,531",20.60,20.75,20.45,20.60,+0.25,"8,119",2891
107/02/09,"52,748,501","1,075,281,832",20.10,20.65,20.10,20.35,-0.25,"10,388",2891
107/02/12,"36,005,001","741,870,956",20.70,20.70,20.50,20.60,+0.25,"8,452",2891
107/02/21,"49,358,079","1,037,020,507",21.00,21.10,20.85,21.10,+0.50,"12,773",2891
107/02/22,"36,806,497","775,106,156",20.90,21.25,20.90,21.20,+0.10,"7,450",2891
107/02/23,"26,335,158","558,970,886",21.25,21.30,21.10,21.25,+0.05,"8,474",2891
107/02/26,"46,854,998","1,003,686,932",21.30,21.55,21.25,21.40,+0.15,"11,108",2891
107/02/27,"56,635,720","1,214,665,557",21.50,21.55,21.35,21.35,-0.05,"13,968",2891
107/03/01,"60,029,729","1,290,667,698",21.40,21.70,21.30,21.50,+0.15,"16,034",2891
107/03/02,"48,549,215","1,044,668,851",21.40,21.65,21.35,21.65,+0.15,"15,853",2891
107/03/05,"47,636,201","1,030,506,376",21.65,21.75,21.50,21.50,-0.15,"8,119",2891
107/03/06,"40,180,299","868,828,771",21.65,21.70,21.50,21.70,+0.20,"9,054",2891
107/03/07,"33,913,178","729,847,728",21.55,21.70,21.40,21.40,-0.30,"9,218",2891
107/03/08,"26,659,474","575,311,117",21.50,21.65,21.45,21.60,+0.20,"5,741",2891
107/03/09,"28,565,431","620,396,597",21.60,21.80,21.60,21.65,+0.05,"5,739",2891
107/03/12,"35,369,121","772,257,190",21.75,21.95,21.65,21.90,+0.25,"8,682",2891
107/03/13,"31,980,668","700,384,023",21.80,22.00,21.75,21.90, 0.00,"10,332",2891
107/03/14,"31,168,487","680,858,918",21.90,21.95,21.70,21.80,-0.10,"7,224",2891
107/03/15,"25,346,201","549,371,459",21.70,21.80,21.60,21.60,-0.20,"6,331",2891
107/03/16,"80,119,815","1,709,937,839",21.45,21.50,21.25,21.30,-0.30,"13,876",2891
107/03/19,"26,668,587","572,696,110",21.40,21.60,21.30,21.60,+0.30,"6,548",2891
107/03/20,"21,820,322","469,372,452",21.50,21.60,21.45,21.55,-0.05,"6,651",2891
107/03/21,"32,852,445","705,933,508",21.50,21.60,21.40,21.50,-0.05,"6,766",2891
107/03/22,"25,469,997","548,209,772",21.55,21.65,21.40,21.55,+0.05,"5,630",2891
107/03/23,"67,769,653","1,425,425,437",21.05,21.20,20.95,20.95,-0.60,"18,792",2891
107/03/26,"25,106,504","527,261,610",20.85,21.10,20.85,21.05,+0.10,"5,949",2891
107/03/27,"33,825,955","714,607,141",21.20,21.25,21.05,21.15,+0.10,"12,354",2891
107/03/28,"38,874,098","816,558,021",21.00,21.05,20.95,21.00,-0.15,"12,010",2891
107/03/29,"30,623,817","642,531,107",21.00,21.05,20.90,20.90,-0.10,"8,473",2891
107/03/30,"14,518,345","307,031,993",21.00,21.25,21.00,21.20,+0.30,"3,970",2891
107/03/31,"5,872,174","124,435,931",21.20,21.25,21.10,21.20, 0.00,"2,824",2891
107/04/02,"14,808,453","312,629,517",21.15,21.20,21.05,21.05,-0.15,"5,698",2891
107/04/03,"44,706,820","933,510,220",21.00,21.05,20.80,20.90,-0.15,"14,606",2891
107/04/09,"43,268,467","908,171,228",21.25,21.25,20.90,21.00,+0.10,"8,145",2891
107/04/10,"34,833,250","734,047,959",21.00,21.15,20.95,21.05,+0.05,"5,038",2891
107/04/11,"28,458,650","605,887,482",21.10,21.50,21.10,21.50,+0.45,"9,779",2891
107/04/12,"25,199,307","541,317,318",21.50,21.55,21.40,21.40,-0.10,"7,212",2891
107/04/13,"29,725,161","640,619,870",21.55,21.65,21.45,21.60,+0.20,"6,951",2891
107/04/16,"21,401,488","458,060,579",21.45,21.55,21.25,21.55,-0.05,"6,561",2891
107/04/17,"34,802,859","737,285,041",21.35,21.45,21.10,21.10,-0.45,"10,269",2891
107/04/18,"27,710,243","592,263,772",21.20,21.50,21.20,21.50,+0.40,"7,900",2891
107/04/19,"41,850,385","905,379,149",21.50,21.70,21.45,21.70,+0.20,"8,289",2891
107/04/20,"38,183,419","822,952,382",21.55,21.70,21.45,21.55,-0.15,"8,067",2891
107/04/23,"20,165,863","431,110,988",21.50,21.50,21.35,21.35,-0.20,"4,278",2891
107/04/24,"21,050,219","447,806,705",21.35,21.40,21.20,21.30,-0.05,"4,404",2891
107/04/25,"24,647,719","523,152,339",21.20,21.40,21.15,21.40,+0.10,"4,611",2891
107/04/26,"26,582,510","565,423,039",21.40,21.40,21.20,21.25,-0.15,"8,162",2891
107/04/27,"22,565,205","479,350,911",21.30,21.35,21.15,21.35,+0.10,"4,323",2891
107/04/30,"31,422,315","669,315,019",21.30,21.40,21.25,21.25,-0.10,"8,719",2891
107/05/02,"44,168,413","935,954,579",21.25,21.30,21.10,21.15,-0.10,"10,312",2891
107/05/03,"36,006,991","759,327,787",21.10,21.20,21.00,21.10,-0.05,"5,905",2891
107/05/04,"37,194,295","782,564,738",21.10,21.20,21.00,21.05,-0.05,"7,312",2891
107/05/07,"18,714,016","394,931,098",21.15,21.15,21.05,21.10,+0.05,"6,815",2891
107/05/08,"33,676,182","716,303,618",21.05,21.35,21.05,21.35,+0.25,"7,218",2891
107/05/09,"32,401,043","694,863,600",21.40,21.50,21.35,21.45,+0.10,"10,972",2891
107/05/10,"36,043,388","773,638,825",21.50,21.55,21.40,21.45, 0.00,"9,217",2891
107/05/11,"77,668,644","1,695,018,428",21.55,21.95,21.45,21.95,+0.50,"17,252",2891
107/05/14,"33,868,241","747,707,702",22.05,22.15,22.00,22.10,+0.15,"8,945",2891
107/05/15,"38,481,692","844,055,462",22.10,22.15,21.85,21.90,-0.20,"9,817",2891
107/05/16,"26,494,124","582,575,356",21.90,22.05,21.90,22.05,+0.15,"7,021",2891
107/05/17,"36,341,509","801,875,957",22.05,22.15,21.95,22.05, 0.00,"8,343",2891
107/05/18,"31,734,079","700,243,888",22.05,22.10,22.00,22.10,+0.05,"8,531",2891
107/05/21,"30,817,178","682,580,203",22.10,22.20,22.10,22.15,+0.05,"8,445",2891
107/05/22,"27,830,600","617,539,088",22.15,22.25,22.15,22.15, 0.00,"6,821",2891
107/05/23,"31,520,508","697,893,078",22.15,22.25,22.05,22.15, 0.00,"7,704",2891
107/05/24,"26,988,081","598,400,252",22.25,22.30,22.10,22.15, 0.00,"8,160",2891
107/05/25,"27,430,579","609,753,934",22.20,22.30,22.15,22.20,+0.05,"6,635",2891
107/05/28,"20,939,861","465,070,098",22.20,22.25,22.15,22.20, 0.00,"5,731",2891
107/05/29,"31,036,874","684,816,136",22.15,22.20,22.00,22.15,-0.05,"7,777",2891
107/05/30,"67,925,331","1,475,840,659",21.90,21.95,21.60,21.60,-0.55,"12,997",2891
107/05/31,"72,185,971","1,561,428,873",21.65,21.75,21.60,21.60, 0.00,"8,011",2891
107/06/01,"16,883,904","366,600,617",21.60,21.80,21.60,21.70,+0.10,"5,461",2891
107/06/04,"22,865,428","497,082,528",21.80,21.95,21.65,21.95,+0.25,"9,195",2891
107/06/05,"24,995,730","551,890,665",21.90,22.20,21.85,22.20,+0.25,"8,948",2891
107/06/06,"33,290,487","744,306,271",22.20,22.45,22.15,22.45,+0.25,"9,921",2891
107/06/07,"23,128,309","518,201,910",22.45,22.50,22.30,22.50,+0.05,"7,626",2891
107/06/08,"23,736,927","529,635,354",22.40,22.40,22.20,22.35,-0.15,"5,056",2891
107/06/11,"18,890,446","421,098,137",22.35,22.40,22.20,22.35, 0.00,"4,466",2891
107/06/12,"25,148,165","557,080,443",22.15,22.30,22.10,22.10,-0.25,"5,188",2891
107/06/13,"21,340,828","475,881,065",22.10,22.40,22.10,22.35,+0.25,"4,575",2891
107/06/14,"45,712,339","1,005,933,572",22.15,22.20,21.90,21.90,-0.45,"7,717",2891
107/06/15,"44,723,945","986,023,199",21.90,22.15,21.80,22.15,+0.25,"4,764",2891
107/06/19,"54,714,528","1,187,220,293",21.80,21.80,21.60,21.60,-0.55,"10,662",2891
107/06/20,"28,665,016","626,212,661",21.65,22.05,21.60,21.85,+0.25,"6,085",2891
107/06/21,"26,764,151","585,983,971",22.00,22.05,21.70,21.70,-0.15,"5,944",2891
107/06/22,"24,863,084","541,104,187",21.65,21.90,21.65,21.85,+0.15,"5,364",2891
107/06/25,"23,509,759","513,298,638",21.85,21.95,21.75,21.75,-0.10,"6,293",2891
107/06/26,"36,590,250","799,157,008",21.80,21.90,21.75,21.75, 0.00,"9,429",2891
107/06/27,"42,968,428","941,537,863",21.90,22.00,21.80,21.90,+0.15,"11,122",2891
107/06/28,"49,462,902","1,077,144,254",21.75,21.90,21.70,21.75,-0.15,"8,313",2891
107/06/29,"61,797,191","1,354,676,620",21.75,22.05,21.70,21.95,+0.20,"10,318",2891
107/07/02,"47,014,356","1,025,553,554",21.80,21.95,21.70,21.70,-0.25,"9,086",2891
107/07/03,"66,937,495","1,456,617,641",21.95,21.95,21.65,21.65,-0.05,"14,939",2891
107/07/04,"36,032,412","780,371,990",21.65,21.80,21.55,21.80,+0.15,"10,740",2891
107/07/05,"40,072,634","868,564,302",21.75,21.80,21.65,21.70,-0.10,"12,715",2891
107/07/06,"72,681,717","1,566,783,299",21.65,21.65,21.50,21.50,-0.20,"13,891",2891
107/07/09,"58,288,913","1,194,908,342",20.60,20.65,20.35,20.50,X0.00,"15,518",2891
107/07/10,"37,557,025","768,883,903",20.65,20.70,20.35,20.40,-0.10,"14,305",2891
107/07/11,"30,132,777","614,706,235",20.45,20.50,20.35,20.45,+0.05,"10,875",2891
107/07/12,"31,196,212","639,978,146",20.40,20.60,20.40,20.55,+0.10,"7,257",2891
107/07/13,"18,034,556","372,324,755",20.70,20.70,20.55,20.70,+0.15,"5,515",2891
107/07/16,"18,747,049","387,642,388",20.75,20.80,20.60,20.65,-0.05,"7,104",2891
107/07/17,"32,933,798","676,435,595",20.60,20.65,20.50,20.50,-0.15,"9,808",2891
107/07/18,"28,955,897","595,767,705",20.65,20.70,20.50,20.60,+0.10,"9,228",2891
107/07/19,"37,254,189","762,298,188",20.60,20.65,20.40,20.40,-0.20,"10,998",2891
107/07/20,"21,785,096","446,729,778",20.50,20.60,20.45,20.50,+0.10,"9,497",2891
107/07/23,"31,475,042","643,142,563",20.50,20.55,20.35,20.45,-0.05,"9,628",2891
107/07/24,"22,483,899","460,539,542",20.50,20.50,20.45,20.50,+0.05,"6,344",2891
107/07/25,"29,635,582","608,550,955",20.55,20.60,20.45,20.50, 0.00,"5,308",2891
107/07/26,"44,745,598","914,523,720",20.50,20.55,20.35,20.55,+0.05,"10,955",2891
107/07/27,"23,828,511","490,145,659",20.50,20.65,20.50,20.65,+0.10,"5,891",2891
107/07/30,"27,776,754","571,451,175",20.65,20.70,20.50,20.50,-0.15,"9,558",2891
107/07/31,"63,655,207","1,320,463,524",20.50,20.95,20.50,20.75,+0.25,"11,710",2891
107/08/01,"45,980,392","961,539,471",20.90,21.10,20.70,21.10,+0.35,"12,888",2891
107/08/02,"41,448,457","867,485,197",21.10,21.15,20.75,20.75,-0.35,"9,134",2891
107/08/03,"44,215,560","931,949,426",20.90,21.20,20.90,21.20,+0.45,"8,159",2891
107/08/06,"32,280,870","690,465,637",21.30,21.50,21.20,21.45,+0.25,"11,452",2891
107/08/07,"50,199,523","1,077,318,650",21.40,21.55,21.30,21.45, 0.00,"12,522",2891
107/08/08,"33,175,301","712,742,076",21.55,21.60,21.40,21.40,-0.05,"6,473",2891
107/08/09,"34,058,295","725,410,265",21.40,21.45,21.15,21.15,-0.25,"7,833",2891
107/08/10,"26,301,889","558,986,063",21.15,21.35,21.10,21.30,+0.15,"4,106",2891
107/08/13,"56,628,954","1,184,910,734",21.30,21.30,20.70,20.80,-0.50,"12,702",2891
107/08/14,"21,169,419","445,830,748",21.00,21.20,20.85,21.20,+0.40,"6,050",2891
107/08/15,"26,252,943","556,427,240",21.25,21.30,21.05,21.30,+0.10,"7,240",2891
107/08/16,"36,056,528","763,105,291",21.05,21.40,20.95,20.95,-0.35,"8,945",2891
107/08/17,"32,970,337","697,816,108",21.10,21.25,21.00,21.15,+0.20,"7,033",2891
107/08/20,"22,867,326","485,442,346",21.15,21.30,21.10,21.30,+0.15,"7,058",2891
107/08/21,"15,958,487","340,731,822",21.20,21.45,21.20,21.40,+0.10,"6,124",2891
107/08/22,"20,392,658","437,413,942",21.40,21.50,21.35,21.50,+0.10,"4,840",2891
107/08/23,"19,190,304","412,585,349",21.50,21.60,21.40,21.55,+0.05,"4,477",2891
107/08/24,"16,073,290","344,075,220",21.50,21.55,21.30,21.45,-0.10,"3,712",2891
107/08/27,"12,521,882","269,043,714",21.50,21.55,21.40,21.50,+0.05,"3,425",2891
107/08/28,"21,296,537","458,678,008",21.50,21.60,21.40,21.60,+0.10,"5,401",2891
107/08/29,"18,023,916","387,210,460",21.55,21.55,21.40,21.55,-0.05,"4,856",2891
107/08/30,"16,012,314","341,884,767",21.55,21.55,21.30,21.35,-0.20,"5,034",2891
107/08/31,"28,548,850","611,646,267",21.35,21.60,21.20,21.60,+0.25,"5,617",2891
107/09/03,"18,058,866","384,442,411",21.45,21.50,21.20,21.35,-0.25,"4,919",2891
107/09/04,"19,140,776","410,966,827",21.35,21.55,21.30,21.55,+0.20,"4,712",2891
107/09/05,"23,487,438","499,841,073",21.40,21.45,21.20,21.20,-0.35,"6,583",2891
107/09/06,"14,416,454","304,890,619",21.20,21.20,21.05,21.15,-0.05,"4,791",2891
107/09/07,"22,257,511","469,368,285",21.10,21.15,21.00,21.15, 0.00,"5,775",2891
107/09/10,"20,980,168","445,716,854",21.40,21.40,21.15,21.30,+0.15,"5,082",2891
107/09/11,"23,396,048","500,242,282",21.35,21.45,21.25,21.45,+0.15,"4,640",2891
107/09/12,"19,728,742","418,328,277",21.40,21.45,21.10,21.20,-0.25,"4,217",2891
107/09/13,"16,642,790","351,950,203",21.25,21.25,21.10,21.20, 0.00,"5,121",2891
107/09/14,"20,525,062","437,022,357",21.20,21.40,21.15,21.40,+0.20,"7,141",2891
107/09/17,"12,056,704","257,723,258",21.35,21.45,21.30,21.45,+0.05,"5,325",2891
107/09/18,"25,011,037","538,267,864",21.40,21.55,21.35,21.55,+0.10,"7,809",2891
107/09/19,"32,130,926","697,263,412",21.60,21.80,21.50,21.80,+0.25,"8,865",2891
107/09/20,"49,870,688","1,097,947,154",21.85,22.20,21.75,22.15,+0.35,"12,120",2891
107/09/21,"74,265,389","1,660,011,582",22.20,22.45,22.15,22.45,+0.30,"16,219",2891
107/09/25,"32,359,985","728,291,329",22.40,22.60,22.35,22.60,+0.15,"9,635",2891
107/09/26,"21,860,689","492,172,374",22.60,22.60,22.40,22.40,-0.20,"5,324",2891
107/09/27,"46,042,149","1,046,613,408",22.45,23.00,22.45,23.00,+0.60,"12,339",2891
107/09/28,"38,930,314","891,286,711",22.90,23.00,22.75,23.00, 0.00,"10,068",2891
107/10/01,"24,108,744","551,691,828",22.85,23.00,22.80,22.95,-0.05,"5,475",2891
107/10/02,"28,895,928","652,003,230",22.90,22.95,22.40,22.60,-0.35,"8,357",2891
107/10/03,"21,985,784","493,095,708",22.45,22.50,22.30,22.50,-0.10,"5,519",2891
107/10/04,"50,120,794","1,133,516,303",22.50,22.95,22.30,22.95,+0.45,"12,485",2891
107/10/05,"38,014,627","860,150,951",22.70,22.85,22.50,22.70,-0.25,"7,581",2891
107/10/08,"25,349,359","570,953,043",22.50,22.70,22.40,22.55,-0.15,"7,648",2891
107/10/09,"38,334,636","871,074,461",22.50,22.95,22.45,22.75,+0.20,"7,760",2891
107/10/11,"104,578,699","2,244,038,839",22.25,22.25,21.10,21.15,-1.60,"24,728",2891
107/10/12,"83,118,114","1,768,158,625",21.00,21.80,20.75,21.70,+0.55,"12,600",2891
107/10/15,"49,609,311","1,055,204,908",21.45,21.45,21.15,21.20,-0.50,"7,686",2891
107/10/16,"34,089,678","722,896,574",21.20,21.45,21.05,21.15,-0.05,"8,415",2891
107/10/17,"20,342,951","430,722,547",21.30,21.35,21.05,21.05,-0.10,"6,527",2891
107/10/18,"18,764,588","396,513,760",21.05,21.20,21.05,21.15,+0.10,"5,244",2891
107/10/19,"37,284,880","783,771,327",20.95,21.15,20.80,21.15, 0.00,"4,876",2891
107/10/22,"16,541,094","349,022,984",20.95,21.25,20.90,21.10,-0.05,"3,740",2891
107/10/23,"33,539,553","701,734,273",21.00,21.05,20.85,20.95,-0.15,"5,670",2891
107/10/24,"72,145,079","1,480,059,144",20.80,20.85,20.40,20.40,-0.55,"15,556",2891
107/10/25,"71,649,027","1,429,933,090",20.00,20.05,19.85,19.90,-0.50,"14,971",2891
107/10/26,"41,618,058","830,376,110",20.15,20.15,19.80,19.90, 0.00,"11,591",2891
107/10/29,"28,905,419","574,898,187",20.00,20.10,19.80,19.80,-0.10,"6,227",2891
107/10/30,"19,328,485","385,317,150",19.95,20.00,19.85,19.95,+0.15,"4,541",2891
107/10/31,"45,096,377","919,299,417",20.15,20.65,20.00,20.65,+0.70,"7,968",2891
107/11/01,"26,008,970","530,978,005",20.40,20.55,20.25,20.35,-0.30,"7,554",2891
107/11/02,"24,681,986","508,243,595",20.55,20.80,20.35,20.80,+0.45,"5,944",2891
107/11/05,"26,066,292","536,472,159",20.50,20.75,20.45,20.75,-0.05,"5,169",2891
107/11/06,"16,286,912","337,436,213",20.80,20.80,20.60,20.75, 0.00,"3,965",2891
107/11/07,"24,532,911","513,974,481",20.80,21.00,20.75,21.00,+0.25,"5,096",2891
107/11/08,"22,490,556","474,958,836",21.20,21.20,20.95,21.20,+0.20,"6,020",2891
107/11/09,"16,878,590","355,572,476",21.10,21.20,20.95,21.15,-0.05,"4,180",2891
107/11/12,"16,903,526","356,995,167",21.05,21.20,21.00,21.10,-0.05,"4,340",2891
107/11/13,"55,518,027","1,156,699,497",20.80,21.00,20.50,20.90,-0.20,"10,235",2891
107/11/14,"45,351,799","940,875,588",20.85,20.85,20.70,20.70,-0.20,"10,704",2891
107/11/15,"24,893,258","513,979,560",20.80,20.80,20.50,20.70, 0.00,"9,120",2891
107/11/16,"49,373,730","1,032,942,713",20.80,21.10,20.75,21.10,+0.40,"12,462",2891
107/11/19,"35,196,883","744,179,777",21.10,21.35,20.95,21.35,+0.25,"10,505",2891
107/11/20,"19,045,657","401,919,125",21.20,21.25,21.00,21.00,-0.35,"6,354",2891
107/11/21,"17,885,756","372,406,261",20.80,20.90,20.75,20.85,-0.15,"7,223",2891
107/11/22,"19,599,978","405,790,004",20.85,20.90,20.60,20.70,-0.15,"6,102",2891
107/11/23,"21,510,375","442,148,187",20.70,20.75,20.50,20.50,-0.20,"7,294",2891
107/11/26,"23,448,992","487,303,341",20.65,21.00,20.60,20.65,+0.15,"5,249",2891
107/11/27,"23,270,672","478,310,777",20.65,20.70,20.50,20.60,-0.05,"6,805",2891
107/11/28,"24,076,769","495,079,482",20.70,20.70,20.50,20.60, 0.00,"6,872",2891
107/11/29,"29,951,978","613,543,023",20.70,20.75,20.35,20.40,-0.20,"10,786",2891
107/11/30,"45,875,212","938,839,390",20.55,20.60,20.40,20.45,+0.05,"6,860",2891
107/12/03,"26,607,660","551,463,689",20.65,20.80,20.60,20.70,+0.25,"6,785",2891
107/12/04,"25,004,604","516,404,908",20.70,20.70,20.60,20.65,-0.05,"5,331",2891
107/12/05,"16,780,611","343,841,898",20.55,20.55,20.45,20.45,-0.20,"6,490",2891
107/12/06,"25,543,690","518,668,702",20.55,20.55,20.20,20.35,-0.10,"7,251",2891
107/12/07,"22,602,995","457,403,150",20.30,20.30,20.20,20.20,-0.15,"7,661",2891
107/12/10,"32,246,791","645,644,072",20.10,20.10,19.95,20.00,-0.20,"9,098",2891
107/12/11,"31,186,440","623,122,137",19.90,20.05,19.90,20.00, 0.00,"7,208",2891
107/12/12,"63,749,476","1,269,144,811",20.00,20.00,19.85,19.90,-0.10,"15,952",2891
107/12/13,"29,273,635","587,946,129",19.95,20.15,19.95,20.10,+0.20,"6,220",2891
107/12/14,"39,347,943","798,038,940",20.20,20.45,20.10,20.45,+0.35,"7,126",2891
107/12/17,"21,350,425","433,016,360",20.40,20.40,20.20,20.20,-0.25,"5,603",2891
107/12/18,"25,474,006","511,423,069",20.20,20.20,20.00,20.00,-0.20,"7,447",2891
107/12/19,"18,886,177","379,029,205",20.10,20.15,20.00,20.15,+0.15,"6,224",2891
107/12/20,"25,695,216","513,365,520",19.95,20.05,19.95,19.95,-0.20,"7,336",2891
107/12/21,"31,066,965","618,729,900",19.90,20.00,19.90,19.90,-0.05,"6,831",2891
107/12/22,"6,037,641","120,407,570",19.90,20.00,19.90,19.95,+0.05,"2,408",2891
107/12/24,"20,669,871","410,589,820",19.95,19.95,19.85,19.85,-0.10,"7,486",2891
107/12/25,"16,935,882","334,418,535",19.70,19.80,19.70,19.75,-0.10,"6,105",2891
107/12/26,"8,562,569","170,032,125",19.80,19.90,19.80,19.80,+0.05,"3,105",2891
107/12/27,"20,319,009","405,331,911",20.00,20.00,19.85,19.95,+0.15,"4,779",2891
107/12/28,"29,866,692","600,607,642",20.00,20.20,20.00,20.20,+0.25,"4,343",2891
108/01/02,"20,133,127","401,389,157",20.20,20.20,19.85,19.90,-0.30,"6,364",2891
108/01/03,"19,330,631","386,495,087",20.00,20.05,19.90,20.00,+0.10,"5,209",2891
108/01/04,"44,045,060","872,414,095",19.90,19.95,19.70,19.80,-0.20,"13,617",2891
108/01/07,"35,280,972","707,489,234",20.00,20.10,19.95,20.10,+0.30,"6,026",2891
108/01/08,"23,563,704","470,057,925",20.10,20.10,19.90,19.95,-0.15,"5,973",2891
108/01/09,"35,505,170","717,464,853",20.05,20.30,20.05,20.25,+0.30,"7,584",2891
108/01/10,"25,596,072","515,423,496",20.25,20.25,20.05,20.20,-0.05,"5,764",2891
108/01/11,"30,759,986","620,257,231",20.25,20.25,20.05,20.10,-0.10,"6,340",2891
108/01/14,"21,917,476","440,347,473",20.20,20.25,19.95,20.10, 0.00,"5,665",2891
108/01/15,"26,918,196","542,062,047",20.15,20.20,20.10,20.15,+0.05,"6,893",2891
108/01/16,"31,177,562","625,150,099",20.15,20.20,19.95,20.05,-0.10,"8,259",2891
108/01/17,"28,446,127","569,427,730",20.00,20.05,19.95,20.00,-0.05,"6,414",2891
108/01/18,"48,691,070","973,927,500",20.00,20.10,19.90,19.95,-0.05,"8,517",2891
108/01/21,"38,433,253","775,017,412",20.05,20.25,20.05,20.25,+0.30,"7,386",2891
108/01/22,"39,978,968","814,069,990",20.20,20.50,20.15,20.50,+0.25,"8,332",2891
108/01/23,"22,429,601","457,738,542",20.45,20.45,20.35,20.35,-0.15,"5,509",2891
108/01/24,"27,117,098","553,086,530",20.35,20.45,20.30,20.40,+0.05,"6,536",2891
108/01/25,"45,783,227","942,447,185",20.55,20.65,20.45,20.60,+0.20,"8,493",2891
108/01/28,"39,729,655","820,146,916",20.70,20.70,20.55,20.70,+0.10,"6,530",2891
108/01/29,"30,098,873","616,808,567",20.60,20.60,20.40,20.55,-0.15,"6,443",2891
108/01/30,"28,767,553","593,433,850",20.60,20.70,20.50,20.70,+0.15,"5,913",2891
108/02/11,"56,044,833","1,150,744,346",20.65,20.70,20.40,20.45,-0.25,"9,778",2891
108/02/12,"52,275,727","1,068,820,017",20.25,20.65,20.25,20.55,+0.10,"11,539",2891
108/02/13,"25,359,635","522,616,510",20.60,20.70,20.50,20.60,+0.05,"6,280",2891
108/02/14,"13,491,046","278,255,556",20.60,20.70,20.55,20.60, 0.00,"4,352",2891
108/02/15,"20,670,331","423,344,753",20.50,20.60,20.45,20.45,-0.15,"5,853",2891
108/02/18,"15,826,231","324,446,155",20.50,20.60,20.45,20.45, 0.00,"4,936",2891
108/02/19,"13,493,344","276,128,199",20.50,20.50,20.45,20.45, 0.00,"3,957",2891
108/02/20,"26,750,190","548,576,445",20.50,20.55,20.45,20.55,+0.10,"6,456",2891
108/02/21,"21,951,525","453,421,665",20.55,20.75,20.55,20.75,+0.20,"6,801",2891
108/02/22,"21,448,172","444,119,018",20.70,20.75,20.60,20.75, 0.00,"6,245",2891
108/02/25,"28,587,480","592,127,774",20.80,20.80,20.60,20.75, 0.00,"7,931",2891
108/02/26,"30,332,994","630,093,571",20.70,20.90,20.65,20.80,+0.05,"6,515",2891
108/02/27,"29,592,752","616,268,095",20.80,20.85,20.75,20.85,+0.05,"5,987",2891
108/03/04,"40,760,720","844,188,532",20.75,20.85,20.55,20.75,-0.10,"7,219",2891
108/03/05,"31,033,924","641,338,276",20.70,20.75,20.60,20.65,-0.10,"8,803",2891
108/03/06,"26,453,204","545,129,492",20.65,20.70,20.55,20.55,-0.10,"6,725",2891
108/03/07,"26,352,196","543,406,730",20.55,20.65,20.55,20.60,+0.05,"5,910",2891
108/03/08,"31,556,870","645,119,170",20.55,20.55,20.35,20.35,-0.25,"10,027",2891
108/03/11,"22,699,445","465,155,997",20.50,20.55,20.45,20.45,+0.10,"4,867",2891
108/03/12,"21,416,138","440,864,466",20.55,20.65,20.50,20.60,+0.15,"5,493",2891
108/03/13,"18,861,435","386,911,590",20.55,20.60,20.45,20.45,-0.15,"6,115",2891
108/03/14,"18,786,250","385,940,824",20.45,20.60,20.45,20.55,+0.10,"5,389",2891
108/03/15,"50,486,114","1,044,622,160",20.55,20.90,20.55,20.65,+0.10,"8,931",2891
108/03/18,"18,386,798","382,198,401",20.70,20.85,20.70,20.85,+0.20,"5,180",2891
108/03/19,"27,049,209","566,432,786",20.85,21.00,20.85,20.90,+0.05,"6,738",2891
108/03/20,"28,813,989","602,145,260",20.90,21.05,20.80,20.90, 0.00,"6,768",2891
108/03/21,"11,148,357","233,683,847",21.00,21.00,20.85,21.00,+0.10,"3,480",2891
108/03/22,"21,462,318","448,396,732",21.00,21.00,20.80,20.90,-0.10,"5,132",2891
108/03/25,"20,393,664","420,645,801",20.70,20.75,20.60,20.60,-0.30,"6,070",2891
108/03/26,"38,380,037","790,917,179",20.60,20.65,20.60,20.65,+0.05,"3,802",2891
108/03/27,"26,573,081","544,373,698",20.60,20.60,20.40,20.40,-0.25,"8,899",2891
108/03/28,"55,874,000","1,141,894,712",20.40,20.60,20.40,20.40, 0.00,"4,547",2891
108/03/29,"36,352,191","742,639,549",20.40,20.50,20.35,20.45,+0.05,"8,920",2891
108/04/01,"43,230,188","880,592,725",20.45,20.50,20.30,20.30,-0.15,"11,058",2891
108/04/02,"19,960,323","406,954,996",20.35,20.45,20.35,20.40,+0.10,"4,511",2891
108/04/03,"18,089,034","368,786,085",20.40,20.45,20.35,20.35,-0.05,"4,979",2891
108/04/08,"20,887,485","427,549,296",20.40,20.55,20.35,20.55,+0.20,"5,573",2891
108/04/09,"26,521,238","548,475,183",20.50,20.75,20.50,20.75,+0.20,"5,498",2891
108/04/10,"26,114,437","538,607,211",20.70,20.75,20.55,20.55,-0.20,"6,024",2891
108/04/11,"15,961,028","329,789,491",20.60,20.70,20.55,20.70,+0.15,"4,670",2891
108/04/12,"12,568,361","259,037,055",20.75,20.75,20.55,20.55,-0.15,"4,192",2891
108/04/15,"24,956,076","511,811,759",20.60,20.65,20.40,20.40,-0.15,"6,506",2891
108/04/16,"23,499,618","481,351,947",20.45,20.60,20.45,20.45,+0.05,"7,228",2891
108/04/17,"34,471,696","702,452,213",20.50,20.50,20.30,20.35,-0.10,"10,324",2891
108/04/18,"51,548,918","1,044,381,803",20.35,20.40,20.20,20.20,-0.15,"15,210",2891
108/04/19,"16,003,615","325,841,943",20.25,20.45,20.25,20.40,+0.20,"3,652",2891
108/04/22,"17,453,657","357,152,921",20.40,20.55,20.40,20.45,+0.05,"4,983",2891
108/04/23,"20,096,997","410,190,882",20.45,20.50,20.35,20.45, 0.00,"7,233",2891
108/04/24,"38,369,186","786,235,615",20.50,20.55,20.40,20.50,+0.05,"6,783",2891
108/04/25,"24,664,671","507,651,270",20.50,20.65,20.50,20.60,+0.10,"6,069",2891
108/04/26,"24,955,623","511,681,808",20.55,20.60,20.45,20.45,-0.15,"4,560",2891
108/04/29,"54,446,351","1,133,565,704",20.60,20.95,20.60,20.90,+0.45,"11,092",2891
108/04/30,"44,681,285","939,348,151",20.90,21.15,20.90,21.15,+0.25,"10,873",2891
108/05/02,"71,045,849","1,525,047,884",21.30,21.55,21.25,21.50,+0.35,"19,276",2891
108/05/03,"73,332,680","1,595,955,913",21.60,21.90,21.55,21.85,+0.35,"13,945",2891
108/05/06,"44,860,935","960,109,090",21.60,21.60,21.30,21.45,-0.40,"12,130",2891
108/05/07,"39,708,078","854,804,463",21.65,21.70,21.40,21.45, 0.00,"8,987",2891
108/05/08,"51,369,232","1,087,042,136",21.25,21.25,21.05,21.10,-0.35,"11,916",2891
108/05/09,"55,395,152","1,159,428,028",21.00,21.10,20.80,20.85,-0.25,"10,984",2891
108/05/10,"42,325,127","896,222,034",21.10,21.35,21.05,21.20,+0.35,"7,863",2891
108/05/13,"43,147,872","908,111,826",21.10,21.15,21.00,21.05,-0.15,"6,026",2891
108/05/14,"51,804,780","1,085,994,309",20.80,21.10,20.80,21.05, 0.00,"7,715",2891
108/05/15,"45,817,888","954,588,895",20.90,20.95,20.70,20.80,-0.25,"8,927",2891
108/05/16,"32,506,112","675,948,125",20.80,20.95,20.65,20.70,-0.10,"6,925",2891
108/05/17,"28,976,485","601,769,532",20.75,20.90,20.65,20.70, 0.00,"5,423",2891
108/05/20,"29,777,947","622,281,882",20.85,21.05,20.80,20.90,+0.20,"4,938",2891
108/05/21,"43,644,113","915,091,003",21.00,21.05,20.80,20.95,+0.05,"5,607",2891
108/05/22,"25,584,668","534,953,212",20.90,21.00,20.85,20.90,-0.05,"4,469",2891
108/05/23,"32,013,033","668,596,637",20.90,20.95,20.85,20.85,-0.05,"8,102",2891
108/05/24,"25,062,887","522,597,913",20.85,20.90,20.80,20.90,+0.05,"4,887",2891
108/05/27,"21,899,230","458,605,369",20.90,21.05,20.85,20.95,+0.05,"4,678",2891
108/05/28,"66,276,701","1,392,344,128",21.00,21.05,20.85,21.05,+0.10,"4,750",2891
108/05/29,"21,625,745","451,516,876",21.00,21.00,20.80,20.85,-0.20,"6,425",2891
108/05/30,"29,890,801","624,092,910",20.85,20.95,20.85,20.90,+0.05,"6,043",2891
108/05/31,"40,562,157","849,429,816",20.85,21.00,20.80,20.95,+0.05,"6,805",2891
108/06/03,"19,255,158","401,808,193",20.85,20.95,20.80,20.90,-0.05,"4,587",2891
108/06/04,"33,280,839","693,613,725",20.90,20.95,20.75,20.80,-0.10,"6,590",2891
108/06/05,"28,026,405","585,908,422",20.85,20.95,20.85,20.95,+0.15,"4,701",2891
108/06/06,"32,297,186","678,069,535",20.95,21.05,20.90,21.05,+0.10,"5,643",2891
108/06/10,"41,887,190","890,416,555",21.25,21.40,21.15,21.30,+0.25,"9,626",2891
108/06/11,"29,042,273","615,672,686",21.35,21.40,21.05,21.10,-0.20,"8,878",2891
108/06/12,"35,840,783","754,910,744",21.25,21.30,20.90,21.10, 0.00,"7,061",2891
108/06/13,"22,910,619","481,971,077",21.05,21.15,20.95,21.05,-0.05,"5,687",2891
108/06/14,"41,938,507","893,084,091",21.15,21.35,21.15,21.35,+0.30,"8,819",2891
108/06/17,"25,489,989","544,307,859",21.40,21.45,21.25,21.30,-0.05,"7,633",2891
108/06/18,"26,642,731","567,838,450",21.35,21.35,21.25,21.30, 0.00,"7,266",2891
108/06/19,"48,805,810","1,045,908,066",21.35,21.50,21.30,21.50,+0.20,"10,028",2891
108/06/20,"42,434,358","910,213,809",21.55,21.60,21.30,21.40,-0.10,"12,352",2891
108/06/21,"65,422,335","1,384,248,296",21.30,21.35,21.10,21.10,-0.30,"12,249",2891
108/06/24,"38,028,533","804,710,018",21.05,21.35,21.00,21.05,-0.05,"6,795",2891
108/06/25,"32,718,495","691,155,410",21.10,21.20,21.05,21.10,+0.05,"4,515",2891
108/06/26,"18,154,472","384,121,783",21.10,21.25,21.10,21.20,+0.10,"5,046",2891
108/06/27,"37,722,546","806,350,748",21.30,21.50,21.25,21.45,+0.25,"9,323",2891
108/06/28,"30,916,458","662,395,721",21.50,21.50,21.35,21.35,-0.10,"7,929",2891
108/07/01,"28,544,952","613,409,755",21.45,21.55,21.40,21.45,+0.10,"7,011",2891
108/07/02,"38,254,337","822,329,294",21.45,21.55,21.40,21.50,+0.05,"11,417",2891
108/07/03,"28,943,111","621,445,373",21.45,21.55,21.35,21.50, 0.00,"5,701",2891
108/07/04,"27,278,051","588,443,161",21.50,21.65,21.50,21.55,+0.05,"6,852",2891
108/07/05,"30,232,460","654,832,552",21.60,21.70,21.55,21.70,+0.15,"6,288",2891
108/07/08,"26,739,890","580,532,846",21.70,21.75,21.65,21.70, 0.00,"7,273",2891
108/07/09,"36,392,247","791,786,160",21.70,21.80,21.65,21.70, 0.00,"8,737",2891
108/07/10,"26,179,436","569,384,538",21.75,21.80,21.70,21.75,+0.05,"7,767",2891
108/07/11,"42,944,049","934,068,287",21.70,21.80,21.65,21.75, 0.00,"8,762",2891
108/07/12,"70,034,217","1,517,014,140",21.70,21.75,21.60,21.60,-0.15,"14,230",2891
108/07/15,"61,017,195","1,262,381,324",20.80,20.80,20.60,20.65,X0.00,"11,924",2891
108/07/16,"38,203,873","783,606,945",20.60,20.60,20.45,20.55,-0.10,"12,632",2891
108/07/17,"22,297,033","457,687,767",20.50,20.60,20.45,20.60,+0.05,"7,695",2891
108/07/18,"13,275,070","272,978,969",20.60,20.60,20.50,20.60, 0.00,"3,839",2891
108/07/19,"26,197,606","538,887,727",20.60,20.65,20.50,20.50,-0.10,"7,596",2891
108/07/22,"18,974,972","389,593,580",20.50,20.60,20.45,20.55,+0.05,"5,753",2891
108/07/23,"13,854,910","284,367,411",20.55,20.60,20.50,20.50,-0.05,"4,554",2891
108/07/24,"19,493,621","399,238,898",20.50,20.55,20.40,20.45,-0.05,"5,556",2891
108/07/25,"20,717,949","425,951,969",20.50,20.65,20.40,20.65,+0.20,"5,131",2891
108/07/26,"13,565,693","278,455,671",20.50,20.55,20.50,20.55,-0.10,"3,994",2891
108/07/29,"20,736,353","425,659,015",20.50,20.60,20.45,20.50,-0.05,"3,330",2891
108/07/30,"15,131,750","310,425,557",20.50,20.60,20.50,20.50, 0.00,"3,522",2891
108/07/31,"53,660,434","1,094,876,436",20.50,20.60,20.30,20.30,-0.20,"9,177",2891
108/08/01,"25,986,287","526,006,120",20.25,20.30,20.20,20.30, 0.00,"6,657",2891
108/08/02,"37,455,494","751,940,026",20.15,20.20,20.00,20.05,-0.25,"10,945",2891
108/08/05,"24,248,302","485,922,259",20.00,20.10,20.00,20.10,+0.05,"7,150",2891
108/08/06,"52,812,748","1,049,835,434",19.85,20.00,19.80,19.95,-0.15,"12,211",2891
108/08/07,"31,950,983","639,634,594",19.95,20.10,19.95,20.05,+0.10,"6,608",2891
108/08/08,"26,733,795","539,687,186",20.10,20.30,20.10,20.15,+0.10,"5,664",2891
108/08/12,"39,274,292","797,493,271",20.15,20.50,20.15,20.20,+0.05,"7,443",2891
108/08/13,"43,263,087","867,514,743",20.05,20.10,20.00,20.00,-0.20,"7,363",2891
108/08/14,"23,706,595","479,257,786",20.15,20.30,20.15,20.20,+0.20,"4,362",2891
108/08/15,"25,565,921","512,776,452",20.00,20.15,19.95,20.05,-0.15,"5,641",2891
108/08/16,"37,083,577","755,653,410",20.05,20.55,20.05,20.50,+0.45,"10,545",2891
108/08/19,"27,765,724","570,122,181",20.50,20.60,20.45,20.45,-0.05,"12,343",2891
108/08/20,"23,905,885","490,085,160",20.40,20.60,20.40,20.60,+0.15,"9,778",2891
108/08/21,"23,906,935","489,135,053",20.55,20.60,20.30,20.30,-0.30,"10,457",2891
108/08/22,"20,129,524","409,235,887",20.30,20.50,20.25,20.25,-0.05,"6,847",2891
108/08/23,"13,136,782","267,519,571",20.30,20.50,20.30,20.50,+0.25,"3,953",2891
108/08/26,"14,584,713","294,257,618",20.25,20.30,20.15,20.15,-0.35,"4,501",2891
108/08/27,"45,877,543","921,407,128",20.20,20.30,20.05,20.05,-0.10,"5,274",2891
108/08/28,"8,405,085","169,544,911",20.10,20.25,20.10,20.15,+0.10,"1,956",2891
108/08/29,"15,888,880","319,711,115",20.15,20.20,20.10,20.10,-0.05,"3,658",2891
108/08/30,"20,859,215","423,427,270",20.25,20.35,20.20,20.35,+0.25,"4,242",2891
108/09/02,"9,793,092","198,582,992",20.30,20.30,20.20,20.30,-0.05,"3,058",2891
108/09/03,"17,710,275","358,846,922",20.35,20.40,20.20,20.20,-0.10,"4,944",2891
108/09/04,"16,943,276","344,893,143",20.30,20.40,20.25,20.35,+0.15,"3,826",2891
108/09/05,"24,305,661","497,900,832",20.50,20.60,20.35,20.45,+0.10,"5,109",2891
108/09/06,"18,498,805","379,835,646",20.55,20.60,20.45,20.55,+0.10,"6,779",2891
108/09/09,"23,501,508","483,807,580",20.55,20.65,20.55,20.65,+0.10,"10,317",2891
108/09/10,"31,629,111","660,052,229",20.75,20.95,20.75,20.95,+0.30,"7,679",2891
108/09/11,"25,538,146","533,973,416",20.95,21.00,20.75,21.00,+0.05,"5,452",2891
108/09/12,"25,160,014","528,611,394",21.05,21.10,20.95,21.00, 0.00,"5,392",2891
108/09/16,"27,852,537","585,673,839",21.05,21.10,21.00,21.05,+0.05,"5,625",2891
108/09/17,"37,994,208","797,242,718",21.00,21.05,20.85,21.00,-0.05,"4,397",2891
108/09/18,"37,597,229","795,923,868",21.00,21.30,21.00,21.30,+0.30,"9,635",2891
108/09/19,"20,126,106","427,499,096",21.30,21.30,21.15,21.25,-0.05,"6,245",2891
108/09/20,"45,042,530","958,755,242",21.25,21.30,21.20,21.30,+0.05,"8,152",2891
108/09/23,"29,451,246","619,104,916",21.25,21.30,20.85,20.90,-0.40,"8,181",2891
108/09/24,"35,826,986","742,993,983",20.85,20.90,20.60,20.75,-0.15,"11,923",2891
108/09/25,"39,615,299","815,127,349",20.75,20.75,20.50,20.65,-0.10,"9,372",2891
108/09/26,"19,186,726","396,983,451",20.70,20.75,20.65,20.70,+0.05,"6,112",2891
108/09/27,"16,325,838","337,743,733",20.70,20.85,20.60,20.60,-0.10,"5,014",2891
108/10/01,"29,349,073","609,315,114",20.60,20.85,20.60,20.85,+0.25,"8,213",2891
108/10/02,"12,451,963","258,504,987",20.65,20.85,20.65,20.80,-0.05,"3,897",2891
108/10/03,"14,371,789","295,602,908",20.55,20.65,20.55,20.55,-0.25,"3,890",2891
108/10/04,"12,347,614","253,929,981",20.55,20.65,20.50,20.60,+0.05,"3,109",2891
108/10/07,"11,854,295","244,054,344",20.60,20.65,20.55,20.55,-0.05,"3,085",2891
108/10/08,"21,576,628","449,017,310",20.65,20.95,20.65,20.75,+0.20,"4,175",2891
108/10/09,"14,219,103","293,591,835",20.70,20.75,20.60,20.60,-0.15,"5,113",2891
108/10/14,"30,731,280","639,617,956",20.80,20.90,20.70,20.90,+0.30,"6,600",2891
108/10/15,"22,846,728","476,987,462",20.90,20.90,20.85,20.90, 0.00,"4,536",2891
108/10/16,"26,380,051","552,871,585",20.95,21.00,20.90,20.95,+0.05,"7,144",2891
108/10/17,"32,570,111","686,929,809",20.95,21.15,20.90,21.15,+0.20,"10,650",2891
108/10/18,"36,476,970","765,274,228",21.10,21.15,20.90,20.90,-0.25,"7,185",2891
108/10/21,"16,236,733","340,491,443",20.90,21.05,20.85,21.00,+0.10,"4,997",2891
108/10/22,"28,619,980","601,345,680",21.05,21.10,20.90,21.10,+0.10,"6,291",2891
108/10/23,"21,955,294","459,824,224",21.05,21.10,20.85,21.00,-0.10,"6,106",2891
108/10/24,"28,670,051","603,060,910",21.05,21.15,20.95,21.15,+0.15,"5,260",2891
108/10/25,"18,939,647","397,700,743",21.15,21.20,20.90,21.05,-0.10,"6,436",2891
108/10/28,"23,491,617","494,138,653",21.10,21.10,20.95,21.10,+0.05,"4,691",2891
108/10/29,"28,392,372","600,574,690",21.15,21.25,21.05,21.15,+0.05,"7,063",2891
108/10/30,"34,203,293","719,508,752",21.15,21.15,20.95,21.10,-0.05,"9,018",2891
108/10/31,"38,009,558","806,003,941",21.15,21.25,21.10,21.20,+0.10,"7,262",2891
108/11/01,"12,319,833","261,334,490",21.20,21.25,21.15,21.25,+0.05,"4,485",2891
108/11/04,"38,431,486","821,794,621",21.30,21.45,21.25,21.45,+0.20,"7,834",2891
108/11/05,"25,032,412","537,609,445",21.45,21.50,21.40,21.50,+0.05,"6,058",2891
108/11/06,"58,744,224","1,273,936,873",21.55,21.80,21.50,21.75,+0.25,"11,242",2891
108/11/07,"23,946,970","519,357,040",21.75,21.80,21.60,21.70,-0.05,"5,279",2891
108/11/08,"27,773,119","605,217,941",21.80,21.85,21.70,21.85,+0.15,"9,748",2891
108/11/11,"40,907,467","885,084,361",21.80,21.80,21.50,21.60,-0.25,"9,220",2891
108/11/12,"56,552,235","1,237,443,480",21.70,22.00,21.70,21.90,+0.30,"10,424",2891
108/11/13,"67,558,955","1,496,886,271",21.90,22.25,21.85,22.25,+0.35,"15,301",2891
108/11/14,"31,664,594","701,920,883",22.25,22.25,22.05,22.15,-0.10,"7,885",2891
108/11/15,"33,601,275","744,980,760",22.30,22.35,22.10,22.15, 0.00,"8,925",2891
108/11/18,"29,098,742","645,289,768",22.15,22.30,22.10,22.25,+0.10,"9,647",2891
108/11/19,"23,555,255","521,928,600",22.15,22.25,22.10,22.25, 0.00,"8,174",2891
108/11/20,"35,862,194","795,169,738",22.20,22.30,22.05,22.15,-0.10,"8,841",2891
108/11/21,"40,885,991","899,609,502",22.05,22.10,21.95,22.00,-0.15,"8,680",2891
108/11/22,"24,432,223","536,936,606",22.05,22.05,21.90,22.00, 0.00,"6,364",2891
108/11/25,"26,204,183","575,189,756",22.00,22.10,21.85,21.90,-0.10,"8,555",2891
108/11/26,"72,755,420","1,610,453,420",21.95,22.30,21.95,22.10,+0.20,"9,776",2891
108/11/27,"17,843,539","395,572,465",22.15,22.25,22.05,22.25,+0.15,"4,334",2891
108/11/28,"21,687,713","477,889,711",22.20,22.25,21.95,21.95,-0.30,"6,613",2891
108/11/29,"27,820,650","608,286,958",21.95,22.00,21.80,21.85,-0.10,"7,398",2891
108/12/02,"22,502,845","489,765,154",21.85,21.85,21.70,21.85, 0.00,"7,434",2891
108/12/03,"25,379,945","551,751,070",21.80,21.80,21.70,21.75,-0.10,"7,136",2891
108/12/04,"27,311,651","592,624,747",21.80,21.85,21.60,21.85,+0.10,"5,715",2891
108/12/05,"27,388,597","597,523,297",21.90,22.00,21.70,21.70,-0.15,"7,299",2891
108/12/06,"23,019,379","501,439,639",21.80,21.90,21.65,21.90,+0.20,"5,489",2891
108/12/09,"15,746,390","343,122,721",21.85,21.85,21.70,21.85,-0.05,"3,748",2891
108/12/10,"25,400,822","556,642,998",21.90,22.00,21.80,21.95,+0.10,"4,765",2891
108/12/11,"30,151,681","664,368,862",21.95,22.10,21.90,22.10,+0.15,"6,197",2891
108/12/12,"36,157,617","802,272,362",22.20,22.25,22.10,22.15,+0.05,"9,998",2891
108/12/13,"58,658,915","1,315,319,363",22.25,22.50,22.20,22.50,+0.35,"14,984",2891
108/12/16,"34,027,505","762,290,624",22.50,22.50,22.25,22.30,-0.20,"9,766",2891
108/12/17,"35,557,265","794,162,876",22.30,22.40,22.25,22.40,+0.10,"8,175",2891
108/12/18,"37,058,350","829,455,699",22.40,22.50,22.20,22.50,+0.10,"7,399",2891
108/12/19,"27,986,685","627,258,268",22.40,22.50,22.35,22.40,-0.10,"6,975",2891
108/12/20,"54,985,263","1,233,832,727",22.50,22.50,22.40,22.40, 0.00,"7,353",2891
108/12/23,"23,075,574","517,909,074",22.40,22.50,22.35,22.50,+0.10,"5,984",2891
108/12/24,"18,894,562","424,283,141",22.45,22.50,22.40,22.45,-0.05,"4,229",2891
108/12/25,"9,826,768","220,572,116",22.50,22.50,22.40,22.45, 0.00,"2,986",2891
108/12/26,"11,430,526","256,186,830",22.45,22.45,22.35,22.45, 0.00,"1,915",2891
108/12/27,"13,153,673","295,557,213",22.50,22.50,22.40,22.50,+0.05,"3,655",2891
108/12/30,"18,568,725","416,944,691",22.45,22.50,22.40,22.50, 0.00,"6,357",2891
108/12/31,"19,073,737","426,407,383",22.40,22.45,22.30,22.40,-0.10,"6,195",2891
109/01/02,"13,304,479","296,950,177",22.40,22.40,22.25,22.35,-0.05,"4,964",2891
109/01/03,"17,305,776","387,256,043",22.35,22.45,22.30,22.45,+0.10,"5,833",2891
109/01/06,"25,122,532","559,229,520",22.45,22.45,22.15,22.25,-0.20,"8,233",2891
109/01/07,"23,433,012","522,613,880",22.25,22.40,22.20,22.35,+0.10,"6,612",2891
109/01/08,"34,392,341","763,803,608",22.25,22.25,22.10,22.25,-0.10,"7,369",2891
109/01/09,"23,072,240","513,647,010",22.25,22.35,22.20,22.30,+0.05,"4,550",2891
109/01/10,"24,460,745","544,608,418",22.30,22.40,22.15,22.25,-0.05,"6,723",2891
109/01/13,"26,002,400","580,500,038",22.35,22.50,22.20,22.50,+0.25,"8,504",2891
109/01/14,"35,947,690","809,737,262",22.50,22.60,22.45,22.60,+0.10,"7,699",2891
109/01/15,"33,337,659","754,642,221",22.70,22.75,22.50,22.70,+0.10,"7,825",2891
109/01/16,"22,443,307","506,345,733",22.65,22.70,22.50,22.60,-0.10,"8,114",2891
109/01/17,"17,771,153","400,835,616",22.65,22.65,22.45,22.60, 0.00,"7,052",2891
109/01/20,"32,131,541","729,828,427",22.60,22.90,22.60,22.90,+0.30,"9,630",2891
109/01/30,"105,917,554","2,355,337,413",22.55,22.55,22.00,22.00,-0.90,"22,206",2891
109/01/31,"56,609,172","1,248,493,002",22.00,22.25,21.95,22.05,+0.05,"10,244",2891
109/02/03,"41,522,634","905,434,348",21.60,21.95,21.50,21.95,-0.10,"8,325",2891
109/02/04,"43,992,077","972,976,845",21.90,22.30,21.90,22.30,+0.35,"6,800",2891
109/02/05,"27,399,395","610,707,345",22.20,22.40,22.10,22.40,+0.10,"4,920",2891
109/02/06,"23,983,939","537,894,606",22.40,22.50,22.35,22.50,+0.10,"6,081",2891
109/02/07,"31,906,792","715,899,419",22.40,22.50,22.35,22.50, 0.00,"5,068",2891
109/02/10,"29,232,982","656,230,646",22.40,22.50,22.35,22.50, 0.00,"5,832",2891
109/02/11,"19,638,667","442,308,552",22.50,22.55,22.40,22.55,+0.05,"5,681",2891
109/02/12,"36,229,145","819,456,762",22.50,22.75,22.50,22.65,+0.10,"7,558",2891
109/02/13,"24,941,107","567,308,523",22.65,22.80,22.60,22.80,+0.15,"6,124",2891
109/02/14,"14,428,746","328,832,463",22.75,22.85,22.75,22.80, 0.00,"4,295",2891
109/02/17,"45,878,889","1,048,123,784",22.80,22.95,22.70,22.95,+0.15,"7,264",2891
109/02/18,"44,621,770","1,027,716,474",22.95,23.10,22.85,23.10,+0.15,"7,062",2891
109/02/19,"37,229,590","863,626,718",23.20,23.30,23.00,23.30,+0.20,"9,085",2891
109/02/20,"44,025,624","1,029,962,295",23.30,23.45,23.25,23.45,+0.15,"7,439",2891
109/02/21,"28,376,526","659,403,792",23.35,23.45,23.10,23.20,-0.25,"7,567",2891
109/02/24,"35,463,325","811,536,353",23.00,23.00,22.70,22.85,-0.35,"8,635",2891
109/02/25,"30,031,348","682,484,847",22.65,22.80,22.60,22.80,-0.05,"7,876",2891
109/02/26,"42,043,614","952,625,421",22.55,22.80,22.55,22.80, 0.00,"7,100",2891
109/02/27,"46,866,541","1,062,476,705",22.70,22.80,22.55,22.70,-0.10,"7,266",2891
109/03/02,"61,067,923","1,358,463,487",22.10,22.45,22.00,22.25,-0.45,"13,026",2891
109/03/03,"48,984,294","1,103,219,899",22.35,22.65,22.35,22.55,+0.30,"11,882",2891
109/03/04,"37,172,030","837,090,269",22.45,22.60,22.40,22.55, 0.00,"5,495",2891
109/03/05,"38,086,159","864,905,715",22.70,22.85,22.55,22.85,+0.30,"7,880",2891
109/03/06,"48,583,007","1,091,043,528",22.75,22.80,22.30,22.40,-0.45,"11,834",2891
109/03/09,"85,760,208","1,879,259,732",22.00,22.10,21.75,21.80,-0.60,"23,375",2891
109/03/10,"84,712,457","1,826,219,008",21.50,21.70,21.40,21.55,-0.25,"18,966",2891
109/03/11,"87,372,906","1,871,531,560",21.50,21.60,21.30,21.35,-0.20,"18,865",2891
109/03/12,"88,864,211","1,832,673,326",21.05,21.05,20.40,20.50,-0.85,"23,327",2891
109/03/13,"169,063,828","3,229,931,344",19.00,19.80,18.60,19.65,-0.85,"44,167",2891
109/03/16,"104,731,939","2,011,321,104",19.50,19.50,19.00,19.05,-0.60,"26,681",2891
109/03/17,"113,863,406","2,098,766,234",18.45,18.75,18.30,18.35,-0.70,"30,625",2891
109/03/18,"90,387,788","1,632,454,892",18.25,18.30,17.90,17.95,-0.40,"27,274",2891
109/03/19,"120,667,927","2,025,213,284",17.50,17.55,16.30,16.30,-1.65,"38,022",2891
109/03/20,"133,394,613","2,276,621,951",16.55,17.40,16.55,17.10,+0.80,"25,013",2891
109/03/23,"108,187,738","1,757,930,062",16.35,16.45,16.05,16.15,-0.95,"35,164",2891
109/03/24,"82,306,075","1,380,785,936",16.75,17.05,16.60,16.60,+0.45,"17,570",2891
109/03/25,"81,773,053","1,433,672,294",17.30,17.80,17.30,17.50,+0.90,"20,070",2891
109/03/26,"59,751,163","1,034,926,555",17.55,17.70,17.05,17.30,-0.20,"13,341",2891
109/03/27,"74,791,081","1,332,974,232",17.80,17.95,17.65,17.90,+0.60,"16,835",2891
109/03/30,"54,418,539","966,721,710",17.50,18.15,17.35,17.90, 0.00,"10,880",2891
109/03/31,"55,664,105","999,135,840",18.15,18.30,17.70,17.90, 0.00,"11,613",2891
109/04/01,"34,452,934","612,164,844",17.75,17.90,17.70,17.75,-0.15,"10,450",2891
109/04/06,"52,673,702","934,215,036",18.15,18.15,17.40,17.85,+0.10,"17,695",2891
109/04/07,"36,503,651","654,736,768",18.05,18.10,17.85,17.90,+0.05,"8,596",2891
109/04/08,"43,704,887","784,814,909",17.75,18.10,17.70,17.95,+0.05,"13,203",2891
109/04/09,"48,224,212","869,875,846",17.95,18.10,17.95,18.05,+0.10,"10,112",2891
109/04/10,"54,236,425","1,004,970,612",18.15,18.75,18.10,18.65,+0.60,"14,787",2891
109/04/13,"54,476,531","1,026,202,357",18.70,19.05,18.65,18.80,+0.15,"18,754",2891
109/04/14,"69,661,201","1,358,641,411",19.00,19.75,18.90,19.65,+0.85,"17,412",2891
109/04/15,"75,824,740","1,514,452,900",19.95,20.15,19.80,19.90,+0.25,"20,885",2891
109/04/16,"54,383,445","1,062,623,329",19.80,19.80,19.40,19.50,-0.40,"16,436",2891
109/04/17,"43,389,376","855,500,313",19.75,19.90,19.55,19.60,+0.10,"10,689",2891
109/04/20,"33,183,531","644,398,865",19.60,19.60,19.30,19.30,-0.30,"10,652",2891
109/04/21,"77,668,150","1,461,721,469",19.10,19.15,18.65,18.70,-0.60,"23,810",2891
109/04/22,"59,156,590","1,088,579,270",18.25,18.55,18.15,18.50,-0.20,"17,083",2891
109/04/23,"44,084,029","819,356,003",18.55,18.85,18.40,18.55,+0.05,"14,184",2891
109/04/24,"38,033,501","707,908,041",18.55,18.75,18.50,18.60,+0.05,"10,908",2891
109/04/27,"50,844,530","964,884,106",18.90,19.20,18.75,19.05,+0.45,"11,911",2891
109/04/28,"41,065,464","794,288,634",19.15,19.50,19.10,19.50,+0.45,"12,380",2891
109/04/29,"54,043,299","1,068,231,826",19.55,19.90,19.50,19.70,+0.20,"15,520",2891
109/04/30,"69,091,028","1,387,289,160",19.90,20.25,19.85,20.00,+0.30,"15,471",2891
109/05/04,"49,015,584","955,092,090",19.45,19.65,19.25,19.50,-0.50,"14,927",2891
109/05/05,"23,527,196","462,541,467",19.65,19.75,19.60,19.65,+0.15,"6,917",2891
109/05/06,"32,635,119","638,000,873",19.55,19.65,19.40,19.55,-0.10,"9,093",2891
109/05/07,"26,461,880","521,705,160",19.60,19.85,19.55,19.70,+0.15,"5,618",2891
109/05/08,"19,783,385","392,967,542",19.95,20.00,19.75,19.80,+0.10,"5,179",2891
109/05/11,"30,048,861","602,851,359",19.95,20.15,19.90,20.00,+0.20,"8,248",2891
109/05/12,"52,780,238","1,036,503,519",19.75,19.75,19.50,19.65,-0.35,"13,352",2891
109/05/13,"30,479,650","598,526,193",19.55,19.80,19.50,19.80,+0.15,"7,677",2891
109/05/14,"34,590,172","676,589,916",19.60,19.65,19.50,19.55,-0.25,"10,370",2891
109/05/15,"29,798,480","584,882,289",19.70,19.80,19.50,19.60,+0.05,"7,068",2891
109/05/18,"29,876,029","584,232,390",19.50,19.65,19.50,19.50,-0.10,"7,548",2891
109/05/19,"35,769,020","708,997,262",19.90,19.90,19.70,19.85,+0.35,"8,297",2891
109/05/20,"32,978,059","653,521,933",19.85,19.90,19.70,19.85, 0.00,"7,036",2891
109/05/21,"37,824,897","749,218,904",19.80,19.90,19.70,19.80,-0.05,"6,614",2891
109/05/22,"34,460,349","675,669,990",19.75,19.80,19.55,19.55,-0.25,"9,512",2891
109/05/25,"15,164,205","297,804,604",19.55,19.75,19.50,19.75,+0.20,"5,172",2891
109/05/26,"31,638,254","630,059,810",19.85,20.00,19.75,19.95,+0.20,"7,909",2891
109/05/27,"27,032,956","541,602,193",20.00,20.10,19.95,20.10,+0.15,"7,126",2891
109/05/28,"45,782,017","911,539,602",20.15,20.15,19.80,19.85,-0.25,"8,726",2891
109/05/29,"143,225,996","2,848,732,670",19.75,19.95,19.65,19.95,+0.10,"9,097",2891
109/06/01,"33,203,696","666,731,609",19.95,20.20,19.90,20.05,+0.10,"8,502",2891
109/06/02,"37,425,367","755,186,682",20.10,20.30,20.05,20.30,+0.25,"7,505",2891
109/06/03,"40,834,562","844,288,978",20.50,20.80,20.45,20.75,+0.45,"11,541",2891
109/06/04,"30,903,914","641,233,688",20.90,20.95,20.65,20.65,-0.10,"8,014",2891
109/06/05,"24,815,772","515,440,104",20.65,20.85,20.55,20.80,+0.15,"8,418",2891
109/06/08,"26,535,911","555,410,513",20.95,21.00,20.80,21.00,+0.20,"7,592",2891
109/06/09,"27,015,212","566,493,602",21.00,21.05,20.85,21.05,+0.05,"6,081",2891
109/06/10,"22,133,140","465,878,253",21.00,21.10,20.90,21.10,+0.05,"5,552",2891
109/06/11,"45,259,415","941,817,395",21.00,21.05,20.60,20.65,-0.45,"11,251",2891
109/06/12,"46,574,184","940,469,407",20.10,20.35,20.00,20.20,-0.45,"11,861",2891
109/06/15,"41,924,977","845,990,920",20.20,20.30,20.10,20.10,-0.10,"9,916",2891
109/06/16,"36,454,952","740,700,336",20.25,20.40,20.20,20.35,+0.25,"8,361",2891
109/06/17,"33,141,295","675,386,575",20.35,20.55,20.25,20.55,+0.20,"10,068",2891
109/06/18,"26,035,721","529,600,934",20.55,20.55,20.25,20.30,-0.25,"7,671",2891
109/06/19,"69,956,567","1,411,508,759",20.35,20.40,20.10,20.10,-0.20,"11,874",2891
109/06/22,"18,717,771","378,500,844",20.10,20.30,20.10,20.30,+0.20,"5,886",2891
109/06/23,"21,684,740","439,601,461",20.30,20.40,20.10,20.40,+0.10,"3,989",2891
109/06/24,"30,149,239","611,776,632",20.30,20.45,20.20,20.25,-0.15,"5,927",2891
109/06/29,"28,769,370","581,191,218",20.20,20.30,20.10,20.25, 0.00,"6,075",2891
109/06/30,"22,296,241","453,953,733",20.30,20.45,20.30,20.35,+0.10,"4,228",2891
109/07/01,"25,520,693","523,840,448",20.40,20.60,20.40,20.50,+0.15,"6,287",2891
109/07/02,"48,242,936","990,704,147",20.50,20.65,20.40,20.50, 0.00,"5,943",2891
109/07/03,"38,019,228","786,947,233",20.70,20.80,20.60,20.80,+0.30,"12,075",2891
109/07/06,"52,034,431","1,090,446,201",20.90,21.05,20.85,21.05,+0.25,"11,917",2891
109/07/07,"52,148,470","1,100,629,180",21.15,21.25,20.95,21.20,+0.15,"11,061",2891
109/07/08,"53,560,798","1,130,682,227",21.10,21.20,21.00,21.15,-0.05,"10,009",2891
109/07/09,"63,425,149","1,341,170,435",21.20,21.20,21.10,21.15, 0.00,"11,465",2891
109/07/10,"89,915,745","1,884,129,008",21.10,21.15,20.80,20.90,-0.25,"18,344",2891
109/07/13,"78,250,952","1,567,957,724",20.00,20.15,20.00,20.10,X0.00,"12,571",2891
109/07/14,"43,348,624","866,365,430",20.10,20.15,19.95,19.95,-0.15,"14,149",2891
109/07/15,"53,009,880","1,055,014,330",20.00,20.05,19.85,19.90,-0.05,"14,991",2891
109/07/16,"49,710,853","986,715,103",19.95,19.95,19.80,19.85,-0.05,"14,203",2891
109/07/17,"36,563,612","725,841,627",19.90,19.95,19.80,19.90,+0.05,"11,529",2891
109/07/20,"21,363,090","424,387,900",19.90,19.95,19.80,19.85,-0.05,"6,489",2891
109/07/21,"42,213,621","837,359,577",19.95,19.95,19.80,19.80,-0.05,"10,993",2891
109/07/22,"54,468,215","1,075,560,853",19.80,19.90,19.65,19.80, 0.00,"16,041",2891
109/07/23,"21,828,195","429,886,985",19.70,19.75,19.65,19.75,-0.05,"6,372",2891
109/07/24,"33,632,411","658,716,993",19.65,19.70,19.50,19.50,-0.25,"13,309",2891
109/07/27,"47,639,933","927,599,225",19.50,19.70,19.35,19.35,-0.15,"15,121",2891
109/07/28,"38,252,650","739,115,508",19.25,19.40,19.25,19.35, 0.00,"11,530",2891
109/07/29,"20,796,939","406,481,365",19.35,19.70,19.35,19.50,+0.15,"7,736",2891
109/07/30,"27,438,141","536,159,287",19.65,19.70,19.45,19.65,+0.15,"5,239",2891
109/07/31,"34,529,476","672,497,534",19.70,19.70,19.40,19.40,-0.25,"7,096",2891
109/08/03,"28,424,824","549,942,610",19.40,19.50,19.30,19.30,-0.10,"8,182",2891
109/08/04,"17,593,102","341,048,373",19.40,19.50,19.35,19.35,+0.05,"4,149",2891
109/08/05,"20,418,537","394,935,769",19.35,19.40,19.30,19.30,-0.05,"6,921",2891
109/08/06,"20,375,760","394,960,144",19.35,19.45,19.35,19.40,+0.10,"7,764",2891
109/08/07,"24,893,886","482,241,731",19.40,19.45,19.30,19.35,-0.05,"9,349",2891
109/08/10,"29,893,614","580,670,818",19.35,19.50,19.35,19.40,+0.05,"6,417",2891
109/08/11,"25,583,850","497,463,771",19.45,19.55,19.40,19.40, 0.00,"8,128",2891
109/08/12,"22,428,265","435,700,470",19.45,19.50,19.40,19.40, 0.00,"6,108",2891
109/08/13,"19,697,233","383,307,817",19.50,19.50,19.40,19.50,+0.10,"5,615",2891
109/08/14,"21,702,997","420,792,403",19.40,19.45,19.35,19.35,-0.15,"6,278",2891
109/08/17,"25,818,720","502,747,592",19.40,19.60,19.35,19.50,+0.15,"10,488",2891
109/08/18,"30,838,651","599,253,287",19.50,19.50,19.40,19.40,-0.10,"11,300",2891
109/08/19,"31,795,097","618,839,659",19.45,19.55,19.40,19.40, 0.00,"14,268",2891
109/08/20,"65,518,106","1,251,618,843",19.35,19.40,19.00,19.00,-0.40,"27,613",2891
109/08/21,"32,880,374","628,602,670",19.10,19.20,19.05,19.20,+0.20,"13,259",2891
109/08/24,"21,457,504","408,894,998",19.20,19.20,19.00,19.05,-0.15,"9,790",2891
109/08/25,"31,308,924","597,981,788",19.05,19.15,19.00,19.10,+0.05,"7,910",2891
109/08/26,"23,169,658","442,709,242",19.10,19.20,19.05,19.20,+0.10,"4,919",2891
109/08/27,"36,175,730","688,502,279",19.15,19.15,19.00,19.00,-0.20,"13,910",2891
109/08/28,"19,712,292","375,232,104",19.00,19.10,18.95,19.00, 0.00,"6,670",2891
109/08/31,"39,370,467","747,736,269",19.05,19.10,18.95,18.95,-0.05,"7,844",2891
109/09/01,"49,368,686","932,966,434",18.95,19.00,18.85,18.90,-0.05,"13,790",2891
109/09/02,"56,688,508","1,063,276,256",18.85,18.90,18.70,18.70,-0.20,"24,377",2891
109/09/03,"37,512,389","706,018,656",18.70,19.00,18.70,18.85,+0.15,"10,664",2891
109/09/04,"33,911,138","636,235,675",18.65,18.85,18.65,18.80,-0.05,"8,865",2891
109/09/07,"29,148,335","548,871,934",18.80,19.00,18.75,18.85,+0.05,"9,982",2891
109/09/08,"24,615,170","464,269,248",18.95,19.00,18.80,18.90,+0.05,"8,902",2891
109/09/09,"26,947,078","506,455,915",18.85,18.90,18.70,18.80,-0.10,"8,125",2891
109/09/10,"21,532,275","404,978,925",18.85,18.90,18.75,18.90,+0.10,"8,831",2891
109/09/11,"25,122,894","471,817,402",18.90,18.90,18.70,18.85,-0.05,"10,634",2891
109/09/14,"16,481,832","309,584,816",18.80,18.85,18.75,18.80,-0.05,"5,524",2891
109/09/15,"17,160,399","322,568,493",18.80,18.90,18.75,18.90,+0.10,"6,376",2891
109/09/16,"18,504,827","348,926,700",18.90,18.90,18.80,18.85,-0.05,"5,066",2891
109/09/17,"26,405,125","495,055,618",18.80,18.90,18.70,18.70,-0.15,"11,609",2891
109/09/18,"46,877,374","874,211,317",18.75,18.80,18.60,18.60,-0.10,"12,771",2891
109/09/21,"34,326,629","637,068,269",18.60,18.65,18.50,18.50,-0.10,"12,954",2891
109/09/22,"52,993,055","969,496,040",18.45,18.50,18.20,18.20,-0.30,"23,086",2891
109/09/23,"53,183,905","959,935,870",18.20,18.20,18.00,18.00,-0.20,"23,097",2891
109/09/24,"76,180,573","1,350,815,849",17.90,17.90,17.60,17.60,-0.40,"32,260",2891
109/09/25,"81,235,445","1,434,112,297",17.70,17.85,17.50,17.60, 0.00,"23,246",2891
109/09/28,"35,622,645","638,456,187",17.70,18.10,17.70,18.05,+0.45,"12,556",2891
109/09/29,"40,124,504","732,530,100",18.20,18.35,18.15,18.30,+0.25,"9,102",2891
109/09/30,"33,184,677","608,497,070",18.40,18.40,18.25,18.40,+0.10,"8,604",2891
109/10/05,"27,658,754","504,575,186",18.50,18.60,18.10,18.15,-0.25,"10,350",2891
109/10/06,"18,660,287","342,519,311",18.25,18.45,18.25,18.45,+0.30,"7,801",2891
109/10/07,"23,024,543","421,174,652",18.30,18.40,18.25,18.25,-0.20,"8,556",2891
109/10/08,"12,367,136","226,228,029",18.35,18.35,18.20,18.35,+0.10,"3,885",2891
109/10/12,"30,316,210","550,773,655",18.40,18.40,18.05,18.15,-0.20,"11,162",2891
109/10/13,"36,139,127","651,915,364",18.10,18.15,17.95,18.05,-0.10,"11,658",2891
109/10/14,"37,704,533","681,254,845",18.00,18.20,18.00,18.10,+0.05,"6,994",2891
109/10/15,"35,321,603","635,320,645",18.00,18.10,17.95,17.95,-0.15,"8,946",2891
109/10/16,"25,088,485","451,266,930",18.00,18.15,17.90,17.90,-0.05,"7,899",2891
109/10/19,"19,191,392","345,890,381",18.00,18.10,18.00,18.00,+0.10,"5,432",2891
109/10/20,"24,505,142","441,431,638",18.00,18.10,17.95,18.00, 0.00,"6,771",2891
109/10/21,"21,937,753","395,876,971",18.10,18.15,18.00,18.00, 0.00,"8,273",2891
109/10/22,"32,278,282","587,227,826",18.05,18.25,18.00,18.25,+0.25,"6,542",2891
109/10/23,"13,979,161","254,509,486",18.20,18.25,18.15,18.25, 0.00,"3,657",2891
109/10/26,"14,846,344","271,677,567",18.25,18.35,18.20,18.35,+0.10,"4,691",2891
109/10/27,"33,547,963","611,461,080",18.35,18.35,18.15,18.15,-0.20,"5,829",2891
109/10/28,"23,632,005","427,616,213",18.15,18.20,18.05,18.15, 0.00,"7,564",2891
109/10/29,"25,876,658","465,812,943",18.05,18.05,17.95,17.95,-0.20,"8,769",2891
109/10/30,"35,075,247","631,482,721",17.95,18.05,17.90,18.05,+0.10,"6,727",2891
109/11/02,"20,054,703","363,213,746",18.05,18.20,18.00,18.15,+0.10,"5,093",2891
109/11/03,"14,882,363","271,038,474",18.20,18.25,18.15,18.25,+0.10,"3,582",2891
109/11/04,"15,247,297","278,229,245",18.25,18.30,18.20,18.20,-0.05,"3,217",2891
109/11/05,"16,749,022","306,388,840",18.30,18.35,18.25,18.30,+0.10,"3,630",2891
109/11/06,"30,129,321","556,691,237",18.30,18.65,18.25,18.65,+0.35,"7,966",2891
109/11/09,"46,464,701","871,524,758",18.80,18.90,18.60,18.65, 0.00,"10,477",2891
109/11/10,"88,058,928","1,677,439,778",18.85,19.20,18.75,19.10,+0.45,"19,877",2891
109/11/11,"104,423,806","2,043,622,558",19.25,19.80,19.25,19.80,+0.70,"26,326",2891
109/11/12,"57,873,051","1,134,683,436",19.75,19.75,19.50,19.60,-0.20,"14,561",2891
109/11/13,"35,952,276","702,730,722",19.55,19.65,19.45,19.60, 0.00,"10,683",2891
109/11/16,"62,328,456","1,232,662,261",19.70,19.85,19.65,19.85,+0.25,"14,062",2891
109/11/17,"50,247,626","997,363,920",19.95,19.95,19.75,19.90,+0.05,"12,200",2891
109/11/18,"48,870,199","975,427,052",19.95,20.00,19.85,20.00,+0.10,"11,873",2891
109/11/19,"34,713,305","685,571,539",20.00,20.00,19.60,19.60,-0.40,"10,036",2891
109/11/20,"27,423,502","535,425,055",19.65,19.70,19.45,19.55,-0.05,"7,492",2891
109/11/23,"24,959,080","489,844,332",19.60,19.70,19.55,19.65,+0.10,"5,619",2891
109/11/24,"27,532,330","538,673,524",19.65,19.70,19.50,19.55,-0.10,"6,834",2891
109/11/25,"18,652,035","367,072,909",19.65,19.75,19.60,19.70,+0.15,"4,668",2891
109/11/26,"16,834,210","330,611,926",19.70,19.75,19.55,19.70, 0.00,"5,661",2891
109/11/27,"27,995,947","550,384,611",19.65,19.75,19.55,19.75,+0.05,"7,809",2891
109/11/30,"106,107,437","2,047,130,752",19.75,19.80,19.15,19.15,-0.60,"13,453",2891
109/12/01,"32,638,469","630,890,248",19.25,19.45,19.25,19.40,+0.25,"9,890",2891
109/12/02,"32,746,905","635,738,637",19.30,19.50,19.30,19.50,+0.10,"7,056",2891
109/12/03,"20,438,229","397,644,671",19.40,19.50,19.35,19.50, 0.00,"6,309",2891
109/12/04,"28,161,446","549,785,264",19.50,19.60,19.45,19.60,+0.10,"6,063",2891
109/12/07,"26,499,015","517,464,884",19.65,19.65,19.45,19.55,-0.05,"7,778",2891
109/12/08,"40,386,125","776,783,930",19.25,19.35,19.10,19.35,-0.20,"11,098",2891
109/12/09,"25,976,181","499,090,934",19.25,19.30,19.15,19.20,-0.15,"7,406",2891
109/12/10,"21,550,651","414,895,873",19.20,19.35,19.10,19.30,+0.10,"5,112",2891
109/12/11,"35,272,200","686,994,416",19.35,19.55,19.30,19.55,+0.25,"7,565",2891
109/12/14,"21,414,714","416,074,478",19.50,19.55,19.35,19.40,-0.15,"5,907",2891
109/12/15,"25,769,376","496,646,461",19.35,19.40,19.20,19.30,-0.10,"6,778",2891
109/12/16,"22,643,021","440,828,858",19.30,19.55,19.30,19.55,+0.25,"9,278",2891
109/12/17,"24,459,117","475,140,159",19.55,19.55,19.35,19.35,-0.20,"5,842",2891
109/12/18,"26,737,091","516,638,730",19.35,19.40,19.25,19.30,-0.05,"7,841",2891
109/12/21,"14,610,070","282,636,001",19.30,19.40,19.25,19.40,+0.10,"4,904",2891
109/12/22,"13,021,303","252,164,178",19.35,19.40,19.30,19.30,-0.10,"4,002",2891
109/12/23,"10,873,407","208,957,073",19.25,19.25,19.15,19.20,-0.10,"3,852",2891
109/12/24,"18,173,476","349,474,228",19.25,19.30,19.15,19.25,+0.05,"5,899",2891
109/12/25,"12,837,945","247,063,732",19.25,19.30,19.20,19.30,+0.05,"4,725",2891
109/12/28,"23,118,523","444,315,880",19.30,19.30,19.15,19.20,-0.10,"6,490",2891
109/12/29,"25,936,559","499,808,537",19.25,19.35,19.20,19.25,+0.05,"4,926",2891
109/12/30,"50,925,101","997,529,320",19.25,19.75,19.25,19.75,+0.50,"13,532",2891
109/12/31,"27,161,674","534,466,657",19.75,19.80,19.55,19.70,-0.05,"6,298",2891
110/01/04,"25,983,998","509,401,472",19.60,19.70,19.55,19.55,-0.15,"6,643",2891
110/01/05,"25,736,876","504,629,808",19.55,19.70,19.45,19.60,+0.05,"6,657",2891
110/01/06,"29,616,026","579,854,540",19.55,19.70,19.50,19.55,-0.05,"8,448",2891
110/01/07,"39,492,678","780,059,131",19.65,19.80,19.60,19.80,+0.25,"9,594",2891
110/01/08,"59,881,800","1,190,953,264",19.85,20.00,19.75,20.00,+0.20,"12,750",2891
110/01/11,"35,804,760","713,479,045",20.00,20.00,19.85,19.95,-0.05,"9,413",2891
110/01/12,"21,726,910","429,753,820",19.95,19.95,19.70,19.70,-0.25,"6,206",2891
110/01/13,"26,818,941","531,412,878",19.85,19.85,19.75,19.85,+0.15,"5,762",2891
110/01/14,"30,496,254","605,073,892",19.85,19.90,19.70,19.85, 0.00,"7,357",2891
110/01/15,"29,730,070","588,557,375",19.85,19.90,19.70,19.70,-0.15,"7,344",2891
110/01/18,"29,441,316","577,447,485",19.70,19.75,19.50,19.70, 0.00,"6,981",2891
110/01/19,"23,432,275","460,603,953",19.65,19.70,19.60,19.65,-0.05,"5,165",2891
110/01/20,"52,545,656","1,016,363,684",19.60,19.60,19.10,19.20,-0.45,"17,530",2891
110/01/21,"23,496,317","453,712,883",19.20,19.45,19.20,19.25,+0.05,"6,113",2891
110/01/22,"26,896,032","516,772,440",19.30,19.35,19.20,19.20,-0.05,"8,374",2891
110/01/25,"43,132,972","841,794,820",19.20,19.65,19.20,19.60,+0.40,"9,148",2891
110/01/26,"28,996,908","561,634,126",19.45,19.50,19.30,19.30,-0.30,"6,749",2891
110/01/27,"30,486,404","588,730,475",19.35,19.50,19.30,19.40,+0.10,"4,739",2891
110/01/28,"40,144,783","771,447,113",19.30,19.40,19.10,19.20,-0.20,"10,952",2891
110/01/29,"56,546,185","1,077,705,159",19.15,19.20,19.00,19.00,-0.20,"13,086",2891
110/02/01,"16,443,635","314,662,300",19.00,19.20,19.00,19.15,+0.15,"4,442",2891
110/02/02,"23,268,023","448,118,349",19.10,19.35,19.05,19.25,+0.10,"5,418",2891
110/02/03,"32,976,854","634,891,276",19.25,19.35,19.20,19.25, 0.00,"4,006",2891
110/02/04,"14,226,120","273,460,877",19.20,19.30,19.20,19.20,-0.05,"3,427",2891
110/02/05,"26,423,071","511,317,089",19.25,19.45,19.20,19.40,+0.20,"5,601",2891
110/02/17,"84,216,368","1,668,533,712",19.75,19.90,19.70,19.90,+0.50,"18,648",2891
110/02/18,"73,960,907","1,480,797,477",19.95,20.20,19.85,20.00,+0.10,"16,916",2891
110/02/19,"50,118,427","1,007,644,196",20.05,20.20,20.00,20.20,+0.20,"11,220",2891
110/02/22,"38,153,625","775,726,262",20.25,20.40,20.20,20.40,+0.20,"10,904",2891
110/02/23,"59,609,312","1,224,562,743",20.40,20.70,20.35,20.70,+0.30,"15,543",2891
110/02/24,"61,608,110","1,281,421,375",20.95,20.95,20.70,20.75,+0.05,"11,295",2891
110/02/25,"50,328,214","1,047,264,252",20.80,20.90,20.65,20.90,+0.15,"12,382",2891
110/02/26,"108,408,456","2,191,499,369",20.75,20.80,20.00,20.00,-0.90,"16,266",2891
110/03/02,"37,186,926","755,330,029",20.35,20.40,20.20,20.20,+0.20,"7,672",2891
110/03/03,"41,944,860","856,533,130",20.35,20.50,20.25,20.40,+0.20,"8,127",2891
110/03/04,"37,019,106","750,611,407",20.50,20.50,20.10,20.35,-0.05,"6,793",2891
110/03/05,"33,556,881","680,466,227",20.10,20.45,20.05,20.30,-0.05,"6,181",2891
110/03/08,"48,027,935","989,235,472",20.45,20.80,20.35,20.60,+0.30,"9,143",2891
110/03/09,"108,308,815","2,275,500,056",20.75,21.10,20.75,21.10,+0.50,"22,879",2891
110/03/10,"53,403,957","1,129,091,708",21.10,21.30,21.00,21.20,+0.10,"14,178",2891
110/03/11,"67,666,217","1,443,487,301",21.30,21.50,21.10,21.10,-0.10,"18,674",2891
110/03/12,"51,397,792","1,091,061,015",21.15,21.35,21.00,21.35,+0.25,"12,174",2891
110/03/15,"74,387,631","1,611,373,197",21.35,21.80,21.35,21.75,+0.40,"19,120",2891
110/03/16,"56,927,346","1,237,460,801",21.85,21.85,21.60,21.80,+0.05,"12,751",2891
110/03/17,"47,969,315","1,040,156,358",21.80,21.85,21.55,21.60,-0.20,"12,176",2891
110/03/18,"33,823,597","729,333,476",21.60,21.70,21.45,21.55,-0.05,"10,182",2891
110/03/19,"61,927,673","1,319,948,007",21.45,21.50,21.20,21.30,-0.25,"10,480",2891
110/03/22,"23,282,595","496,312,655",21.20,21.45,21.10,21.35,+0.05,"7,341",2891
110/03/23,"32,800,929","702,568,639",21.30,21.50,21.25,21.40,+0.05,"7,909",2891
110/03/24,"31,519,560","668,935,395",21.40,21.60,21.30,21.50,+0.10,"7,022",2891
110/03/25,"56,116,366","1,220,282,311",21.55,21.85,21.55,21.80,+0.30,"12,784",2891
110/03/26,"43,233,005","944,404,951",21.80,21.95,21.70,21.90,+0.10,"12,142",2891
110/03/29,"32,439,823","711,617,562",22.00,22.00,21.85,22.00,+0.10,"11,273",2891
110/03/30,"43,722,617","960,192,656",22.00,22.00,21.90,22.00, 0.00,"10,040",2891
110/03/31,"37,910,712","835,616,433",22.00,22.10,21.90,22.10,+0.10,"9,099",2891
110/04/01,"26,493,965","579,668,803",22.05,22.10,21.80,21.85,-0.25,"7,608",2891
110/04/06,"22,921,805","501,527,084",21.95,21.95,21.80,21.95,+0.10,"8,470",2891
110/04/07,"26,429,315","580,557,290",22.00,22.00,21.90,22.00,+0.05,"8,335",2891
110/04/08,"21,321,849","465,332,337",21.90,21.95,21.75,21.80,-0.20,"7,153",2891
110/04/09,"27,440,454","592,880,527",21.80,21.80,21.50,21.60,-0.20,"8,310",2891
110/04/12,"24,450,346","533,495,767",21.65,21.90,21.60,21.90,+0.30,"7,699",2891
110/04/13,"41,651,149","919,411,236",22.00,22.15,22.00,22.10,+0.20,"12,442",2891
110/04/14,"32,901,511","725,508,205",22.10,22.15,21.90,22.10, 0.00,"7,766",2891
110/04/15,"35,867,533","795,553,825",22.15,22.25,22.10,22.25,+0.15,"10,224",2891
110/04/16,"24,785,860","550,830,555",22.25,22.30,22.15,22.25, 0.00,"7,496",2891
110/04/19,"64,180,690","1,449,625,090",22.25,22.80,22.25,22.80,+0.55,"18,021",2891
110/04/20,"46,536,582","1,064,288,959",23.00,23.00,22.65,22.90,+0.10,"12,233",2891
110/04/21,"33,348,288","760,850,642",22.75,22.95,22.70,22.90, 0.00,"9,934",2891
110/04/22,"49,541,109","1,135,321,553",22.95,23.00,22.80,22.90, 0.00,"13,736",2891
110/04/23,"30,723,797","700,900,119",23.00,23.00,22.70,22.80,-0.10,"9,330",2891
110/04/26,"54,165,241","1,246,362,411",22.90,23.10,22.85,23.10,+0.30,"14,376",2891
110/04/27,"39,113,901","903,793,533",23.10,23.20,23.00,23.15,+0.05,"9,396",2891
110/04/28,"36,912,121","856,060,421",23.15,23.30,23.10,23.25,+0.10,"9,886",2891
110/04/29,"39,199,218","900,278,408",23.25,23.25,22.80,22.80,-0.45,"9,620",2891
110/05/03,"50,881,840","1,152,349,381",22.70,22.80,22.50,22.75,-0.05,"11,098",2891
110/05/04,"61,855,968","1,388,202,186",22.80,22.85,22.10,22.35,-0.40,"14,291",2891
110/05/05,"39,757,697","893,531,910",22.35,22.70,22.25,22.50,+0.15,"7,345",2891
110/05/06,"55,480,843","1,264,948,797",22.60,23.05,22.50,23.00,+0.50,"10,874",2891
110/05/07,"35,312,903","813,728,700",23.05,23.15,22.95,23.10,+0.10,"9,965",2891
110/05/10,"98,965,337","2,334,439,098",23.15,24.00,23.10,23.95,+0.85,"26,222",2891
110/05/11,"109,916,201","2,607,700,517",23.90,24.05,23.25,23.65,-0.30,"26,870",2891
110/05/12,"168,690,949","3,804,171,671",23.65,23.85,21.35,22.35,-1.30,"35,797",2891
110/05/13,"76,268,345","1,688,267,479",21.95,22.65,21.60,22.05,-0.30,"17,738",2891
110/05/14,"49,081,484","1,081,940,918",22.05,22.35,21.90,22.00,-0.05,"10,883",2891
110/05/17,"66,172,291","1,414,831,651",21.15,21.85,21.10,21.55,-0.45,"17,838",2891
110/05/18,"49,177,105","1,094,944,337",21.65,22.50,21.60,22.50,+0.95,"12,792",2891
110/05/19,"38,307,509","856,199,194",22.35,22.65,22.10,22.25,-0.25,"9,635",2891
110/05/20,"51,003,593","1,135,167,959",22.30,22.40,22.05,22.30,+0.05,"9,693",2891
110/05/21,"70,783,943","1,610,811,900",22.65,23.30,22.40,22.60,+0.30,"13,191",2891
110/05/24,"31,643,309","707,754,877",22.25,22.60,22.20,22.50,-0.10,"6,903",2891
110/05/25,"66,633,514","1,531,592,351",22.55,23.20,22.50,22.85,+0.35,"13,660",2891
110/05/26,"22,033,638","505,458,595",23.00,23.10,22.85,23.00,+0.15,"6,500",2891
110/05/27,"112,442,107","2,523,903,147",22.80,22.85,22.40,22.40,-0.60,"13,249",2891
110/05/28,"56,113,211","1,284,813,314",22.65,23.05,22.50,23.00,+0.60,"11,923",2891
110/05/31,"32,533,979","750,676,195",22.95,23.20,22.90,23.05,+0.05,"9,487",2891
110/06/01,"17,403,304","399,414,953",23.00,23.05,22.85,23.00,-0.05,"4,930",2891
110/06/02,"36,684,304","838,406,754",22.90,23.10,22.70,22.95,-0.05,"9,246",2891
110/06/03,"18,208,856","416,484,686",23.00,23.05,22.75,22.90,-0.05,"5,274",2891
110/06/04,"36,407,477","822,097,483",22.55,22.75,22.50,22.75,-0.15,"9,768",2891
110/06/07,"21,411,576","481,095,963",22.70,22.70,22.20,22.55,-0.20,"5,692",2891
110/06/08,"14,418,470","324,911,251",22.70,22.70,22.45,22.55, 0.00,"3,964",2891
110/06/09,"23,519,875","526,691,062",22.50,22.55,22.30,22.45,-0.10,"6,514",2891
110/06/10,"18,192,934","407,801,791",22.45,22.50,22.30,22.50,+0.05,"4,190",2891
110/06/11,"11,676,943","262,094,922",22.50,22.50,22.40,22.50, 0.00,"3,974",2891
110/06/15,"17,655,266","395,280,895",22.50,22.50,22.30,22.40,-0.10,"5,751",2891
110/06/16,"27,899,900","621,264,165",22.25,22.40,22.20,22.40, 0.00,"11,657",2891
110/06/17,"31,067,227","690,523,956",22.20,22.30,22.15,22.30,-0.10,"8,183",2891
110/06/18,"48,217,318","1,068,672,481",22.20,22.25,22.15,22.15,-0.15,"8,129",2891
110/06/21,"39,372,396","870,655,319",22.10,22.25,22.00,22.25,+0.10,"12,591",2891
110/06/22,"26,895,978","600,262,898",22.30,22.40,22.20,22.30,+0.05,"8,066",2891
110/06/23,"22,890,494","513,640,415",22.30,22.60,22.25,22.55,+0.25,"6,893",2891
110/06/24,"19,470,216","438,451,831",22.55,22.60,22.45,22.55, 0.00,"4,146",2891
110/06/25,"34,593,077","784,990,104",22.60,22.80,22.55,22.75,+0.20,"6,761",2891
110/06/28,"16,011,093","363,030,422",22.80,22.80,22.60,22.65,-0.10,"4,443",2891
110/06/29,"25,770,796","580,346,577",22.65,22.70,22.40,22.60,-0.05,"8,504",2891
110/06/30,"30,644,357","695,454,508",22.60,22.85,22.50,22.70,+0.10,"6,794",2891
110/07/01,"24,157,658","544,878,374",22.60,22.65,22.50,22.55,-0.15,"7,966",2891
110/07/02,"16,935,858","380,110,616",22.60,22.60,22.35,22.40,-0.15,"5,275",2891
110/07/05,"21,004,605","472,143,227",22.55,22.60,22.40,22.50,+0.10,"4,853",2891
110/07/06,"32,240,712","727,822,184",22.50,22.65,22.50,22.60,+0.10,"5,087",2891
110/07/07,"29,211,035","659,960,994",22.60,22.70,22.45,22.65,+0.05,"6,742",2891
110/07/08,"36,430,571","832,026,624",22.80,22.95,22.75,22.85,+0.20,"7,715",2891
110/07/09,"40,744,803","923,444,474",22.75,22.80,22.55,22.70,-0.15,"8,431",2891
110/07/12,"36,011,984","820,439,430",22.90,22.95,22.65,22.65,-0.05,"9,011",2891
110/07/13,"35,784,849","812,696,420",22.75,22.80,22.60,22.70,+0.05,"8,679",2891
110/07/14,"27,357,159","620,054,804",22.65,22.80,22.60,22.70, 0.00,"7,001",2891
110/07/15,"27,494,160","624,309,081",22.70,22.75,22.65,22.75,+0.05,"6,791",2891
110/07/16,"65,599,786","1,504,116,607",22.70,23.05,22.70,23.05,+0.30,"15,906",2891
110/07/19,"33,536,731","770,417,854",23.10,23.15,22.85,23.00,-0.05,"8,069",2891
110/07/20,"34,811,135","789,730,788",22.70,22.85,22.60,22.65,-0.35,"10,905",2891
110/07/21,"22,888,144","518,472,129",22.70,22.75,22.55,22.70,+0.05,"10,207",2891
110/07/22,"18,936,529","432,044,787",22.75,22.85,22.70,22.85,+0.15,"5,139",2891
110/07/23,"20,700,072","474,670,401",22.95,23.00,22.85,23.00,+0.15,"4,287",2891
110/07/26,"24,014,390","550,970,324",23.00,23.05,22.80,22.90,-0.10,"5,656",2891
110/07/27,"15,619,439","356,843,922",22.90,22.95,22.75,22.85,-0.05,"3,587",2891
110/07/28,"28,984,086","657,812,290",22.85,22.90,22.55,22.75,-0.10,"7,652",2891
110/07/29,"18,992,003","432,654,428",22.80,22.85,22.65,22.80,+0.05,"4,120",2891
110/07/30,"30,696,473","701,216,362",22.85,22.90,22.75,22.85,+0.05,"4,413",2891
110/08/02,"27,267,510","626,469,150",22.95,23.10,22.85,23.10,+0.25,"6,160",2891
110/08/03,"22,054,836","507,634,377",23.10,23.15,22.95,23.05,-0.05,"5,415",2891
110/08/04,"21,464,384","494,280,025",23.10,23.10,22.95,23.00,-0.05,"4,590",2891
110/08/05,"37,227,592","858,284,816",23.10,23.15,23.00,23.10,+0.10,"7,958",2891
110/08/06,"35,113,564","811,056,204",23.10,23.15,23.00,23.10, 0.00,"6,269",2891
110/08/09,"32,622,181","751,079,597",23.10,23.10,22.85,23.10, 0.00,"5,773",2891
110/08/10,"27,184,921","625,842,495",23.10,23.10,22.95,23.00,-0.10,"6,008",2891
110/08/11,"34,165,317","785,846,774",23.00,23.05,22.95,23.00, 0.00,"7,007",2891
110/08/12,"56,232,547","1,290,219,616",23.05,23.05,22.85,22.90,-0.10,"7,720",2891
110/08/13,"76,236,206","1,741,574,597",22.90,22.95,22.75,22.80,-0.10,"10,119",2891
110/08/16,"99,966,568","2,166,210,712",21.60,21.70,21.20,21.40,X0.00,"20,895",2891
110/08/17,"36,059,798","775,116,644",21.40,21.60,21.40,21.60,+0.20,"8,714",2891
110/08/18,"22,885,925","493,708,231",21.55,21.60,21.50,21.60, 0.00,"6,256",2891
110/08/19,"38,533,691","823,495,181",21.60,21.60,21.20,21.35,-0.25,"9,863",2891
110/08/20,"33,524,414","709,878,954",21.40,21.40,21.05,21.15,-0.20,"9,473",2891
110/08/23,"40,570,386","871,797,539",21.40,21.65,21.35,21.45,+0.30,"5,363",2891
110/08/24,"34,571,978","754,156,756",21.60,22.00,21.50,22.00,+0.55,"7,692",2891
110/08/25,"34,442,156","763,586,113",22.00,22.40,22.00,22.30,+0.30,"7,448",2891
110/08/26,"34,981,344","777,970,154",22.35,22.40,22.10,22.40,+0.10,"5,126",2891
110/08/27,"37,803,260","855,213,216",22.35,22.75,22.25,22.75,+0.35,"9,125",2891
110/08/30,"35,598,212","811,680,243",22.75,22.90,22.65,22.90,+0.15,"9,165",2891
110/08/31,"50,096,734","1,148,417,166",22.95,23.00,22.75,23.00,+0.10,"7,981",2891
110/09/01,"25,572,740","586,409,177",22.90,23.00,22.85,23.00, 0.00,"7,473",2891
110/09/02,"23,225,770","525,806,077",22.90,22.95,22.50,22.70,-0.30,"8,345",2891
110/09/03,"17,104,256","389,807,704",22.70,22.85,22.70,22.85,+0.15,"5,496",2891
110/09/06,"11,818,941","269,581,772",22.90,22.90,22.65,22.85, 0.00,"4,446",2891
110/09/07,"9,165,285","208,934,700",22.90,22.90,22.70,22.85, 0.00,"3,356",2891
110/09/08,"28,076,404","642,106,220",22.95,23.00,22.70,22.90,+0.05,"6,698",2891
110/09/09,"20,445,878","465,868,440",22.80,22.85,22.55,22.85,-0.05,"5,397",2891
110/09/10,"20,724,813","474,801,754",22.80,23.00,22.75,22.95,+0.10,"5,430",2891
110/09/13,"23,533,675","540,226,880",22.85,23.00,22.75,23.00,+0.05,"8,129",2891
110/09/14,"35,213,613","809,316,871",22.90,23.00,22.85,23.00, 0.00,"10,146",2891
110/09/15,"31,327,886","719,799,684",22.85,23.00,22.85,23.00, 0.00,"11,387",2891
110/09/16,"74,155,034","1,728,775,856",23.00,23.65,22.95,23.40,+0.40,"17,324",2891
110/09/17,"67,838,635","1,572,247,111",23.30,23.40,23.00,23.00,-0.40,"13,826",2891
110/09/22,"52,798,744","1,191,716,853",22.60,22.75,22.40,22.60,-0.40,"16,121",2891
110/09/23,"38,204,257","871,854,524",22.70,22.95,22.70,22.95,+0.35,"11,284",2891
110/09/24,"36,963,945","845,735,632",23.05,23.05,22.70,22.80,-0.15,"9,345",2891
110/09/27,"22,351,368","509,261,993",22.80,22.95,22.65,22.75,-0.05,"4,710",2891
110/09/28,"29,863,586","680,563,743",22.65,22.95,22.55,22.90,+0.15,"5,687",2891
110/09/29,"29,595,186","671,456,584",22.75,22.80,22.50,22.75,-0.15,"8,609",2891
110/09/30,"36,681,757","837,262,016",22.65,22.90,22.60,22.90,+0.15,"5,111",2891
110/10/01,"45,047,897","1,013,288,885",22.65,22.80,22.35,22.50,-0.40,"13,265",2891
110/10/04,"21,165,745","473,383,943",22.55,22.60,22.25,22.40,-0.10,"6,053",2891
110/10/05,"40,602,598","908,188,051",22.30,22.50,22.20,22.45,+0.05,"8,609",2891
110/10/06,"42,804,394","965,980,780",22.50,22.70,22.40,22.70,+0.25,"7,643",2891
110/10/07,"50,267,796","1,152,941,911",22.85,23.05,22.75,22.85,+0.15,"14,542",2891
110/10/08,"19,474,957","445,750,207",22.95,23.00,22.80,22.90,+0.05,"4,793",2891
110/10/12,"31,607,655","718,575,179",22.70,22.90,22.50,22.90, 0.00,"5,741",2891
110/10/13,"13,593,274","309,646,284",22.85,22.90,22.65,22.85,-0.05,"3,959",2891
110/10/14,"18,578,016","425,734,304",22.95,23.00,22.85,22.95,+0.10,"5,094",2891
110/10/15,"30,047,831","690,082,092",23.00,23.00,22.85,23.00,+0.05,"10,279",2891
110/10/18,"41,145,287","949,198,951",23.00,23.15,22.90,23.05,+0.05,"6,980",2891
110/10/19,"27,073,965","624,179,976",23.05,23.15,22.95,23.00,-0.05,"6,040",2891
110/10/20,"34,362,651","792,146,742",23.00,23.15,22.95,23.00, 0.00,"8,639",2891
110/10/21,"63,056,653","1,468,691,884",23.05,23.40,23.00,23.40,+0.40,"10,988",2891
110/10/22,"39,321,004","921,409,239",23.40,23.55,23.15,23.55,+0.15,"9,982",2891
110/10/25,"25,845,394","608,591,119",23.55,23.60,23.45,23.55, 0.00,"6,751",2891
110/10/26,"29,440,030","693,992,019",23.55,23.65,23.45,23.55, 0.00,"6,871",2891
110/10/27,"25,720,451","601,360,228",23.50,23.55,23.30,23.40,-0.15,"7,978",2891
110/10/28,"19,446,750","454,031,523",23.40,23.45,23.25,23.40, 0.00,"4,085",2891
110/10/29,"23,208,226","538,414,609",23.30,23.40,23.15,23.20,-0.20,"4,627",2891
110/11/01,"23,306,369","537,905,078",23.25,23.40,22.95,23.05,-0.15,"6,083",2891
110/11/02,"24,725,265","572,091,853",23.10,23.30,23.05,23.10,+0.05,"3,818",2891
110/11/03,"19,816,431","461,107,727",23.10,23.35,23.05,23.35,+0.25,"3,883",2891
110/11/04,"32,780,573","767,170,099",23.40,23.50,23.25,23.25,-0.10,"4,812",2891
110/11/05,"25,529,433","591,844,727",23.30,23.35,23.10,23.20,-0.05,"7,228",2891
110/11/08,"21,174,878","493,910,478",23.30,23.40,23.20,23.40,+0.20,"3,884",2891
110/11/09,"31,347,323","737,117,747",23.50,23.60,23.45,23.55,+0.15,"9,204",2891
110/11/10,"14,827,468","348,391,395",23.50,23.55,23.40,23.55, 0.00,"5,456",2891
110/11/11,"24,381,124","573,142,383",23.50,23.60,23.45,23.60,+0.05,"5,650",2891
110/11/12,"23,701,107","560,301,936",23.60,23.70,23.45,23.70,+0.10,"5,303",2891
110/11/15,"32,827,348","785,017,239",23.75,24.00,23.70,24.00,+0.30,"8,079",2891
110/11/16,"27,811,844","667,418,129",24.00,24.05,23.90,24.05,+0.05,"8,232",2891
110/11/17,"45,739,588","1,112,486,183",24.05,24.50,23.95,24.45,+0.40,"13,732",2891
110/11/18,"43,959,318","1,084,153,495",24.50,24.90,24.45,24.75,+0.30,"11,714",2891
110/11/19,"39,556,045","964,112,598",24.65,24.65,24.20,24.25,-0.50,"12,875",2891
110/11/22,"26,630,930","649,347,600",24.25,24.50,24.20,24.40,+0.15,"5,248",2891
110/11/23,"28,363,422","693,067,261",24.50,24.55,24.25,24.50,+0.10,"5,318",2891
110/11/24,"40,350,829","1,000,857,826",24.50,24.90,24.45,24.80,+0.30,"11,234",2891
110/11/25,"40,866,054","1,014,873,470",24.80,24.95,24.70,24.95,+0.15,"11,443",2891
110/11/26,"33,390,228","823,892,471",24.85,24.90,24.55,24.70,-0.25,"12,730",2891
110/11/29,"30,747,311","747,316,908",24.25,24.40,24.20,24.30,-0.40,"9,279",2891
110/11/30,"77,217,749","1,884,489,189",24.25,24.50,24.20,24.40,+0.10,"6,999",2891
110/12/01,"28,585,312","703,773,449",24.25,24.85,24.20,24.85,+0.45,"8,515",2891
110/12/02,"45,000,056","1,116,643,138",24.80,25.00,24.45,25.00,+0.15,"12,996",2891
110/12/03,"48,836,349","1,224,443,068",25.00,25.20,24.85,25.20,+0.20,"12,783",2891
110/12/06,"40,222,238","1,016,889,631",25.00,25.45,24.90,25.45,+0.25,"14,201",2891
110/12/07,"56,262,968","1,448,363,326",25.45,26.00,25.25,26.00,+0.55,"16,082",2891
110/12/08,"57,223,418","1,480,736,618",26.00,26.00,25.70,25.95,-0.05,"16,815",2891
110/12/09,"20,321,303","525,243,572",25.90,26.05,25.70,25.90,-0.05,"9,997",2891
110/12/10,"26,377,444","684,306,170",25.80,26.00,25.75,25.95,+0.05,"27,317",2891
110/12/13,"30,041,541","775,875,089",25.95,25.95,25.70,25.85,-0.10,"11,242",2891
110/12/14,"29,244,862","743,928,082",25.50,25.55,25.25,25.55,-0.30,"10,146",2891
110/12/15,"21,503,177","547,277,958",25.40,25.55,25.35,25.35,-0.20,"7,129",2891
110/12/16,"25,608,405","651,353,132",25.35,25.60,25.30,25.50,+0.15,"7,251",2891
110/12/17,"47,885,174","1,228,390,529",25.65,25.85,25.50,25.60,+0.10,"7,695",2891
110/12/20,"22,235,007","563,805,795",25.45,25.60,25.25,25.35,-0.25,"7,375",2891
110/12/21,"26,843,864","686,587,403",25.35,25.75,25.25,25.65,+0.30,"6,202",2891
110/12/22,"29,062,641","750,962,991",25.80,25.95,25.70,25.80,+0.15,"8,116",2891
110/12/23,"25,264,782","652,565,902",25.90,25.90,25.70,25.90,+0.10,"6,277",2891
110/12/24,"11,730,849","303,668,149",25.95,25.95,25.80,25.85,-0.05,"3,819",2891
110/12/27,"12,556,709","324,288,511",25.85,25.90,25.75,25.80,-0.05,"3,503",2891
110/12/28,"20,572,259","532,525,341",25.80,25.95,25.80,25.95,+0.15,"5,588",2891
110/12/29,"28,502,003","741,203,888",26.00,26.10,25.90,26.10,+0.15,"7,834",2891
110/12/30,"16,583,325","431,225,987",26.10,26.10,25.95,25.95,-0.15,"5,720",2891
111/01/03,"18,077,873","467,874,201",26.10,26.10,25.70,25.75,-0.20,"8,087",2891
111/01/04,"19,795,784","510,905,541",25.80,25.95,25.70,25.95,+0.20,"12,638",2891
111/01/05,"22,221,672","576,721,461",25.80,26.05,25.80,26.05,+0.10,"7,194",2891
111/01/06,"41,174,068","1,074,138,333",25.95,26.30,25.90,26.20,+0.15,"12,767",2891
111/01/07,"39,755,391","1,044,467,577",26.20,26.50,26.00,26.30,+0.10,"12,009",2891
111/01/10,"30,774,776","807,807,621",26.35,26.40,26.05,26.40,+0.10,"9,172",2891
111/01/11,"87,909,585","2,369,476,441",26.25,27.40,26.25,27.40,+1.00,"21,512",2891
111/01/12,"65,537,576","1,795,685,097",27.10,27.75,27.05,27.40, 0.00,"21,562",2891
111/01/13,"122,858,679","3,455,177,924",27.65,28.50,27.55,28.45,+1.05,"30,648",2891
111/01/14,"78,081,273","2,189,565,168",28.40,28.65,27.70,27.90,-0.55,"29,157",2891
111/01/17,"42,223,134","1,173,530,289",27.75,28.00,27.60,27.80,-0.10,"17,308",2891
111/01/18,"42,466,624","1,186,772,979",27.90,28.05,27.80,27.90,+0.10,"12,135",2891
111/01/19,"65,727,954","1,832,791,194",27.80,28.15,27.60,27.80,-0.10,"18,158",2891
111/01/20,"43,840,933","1,212,031,918",27.60,27.80,27.30,27.70,-0.10,"16,363",2891
111/01/21,"50,003,427","1,364,059,862",27.40,27.50,27.10,27.40,-0.30,"15,733",2891
111/01/24,"44,515,632","1,212,667,361",27.15,27.65,26.85,27.50,+0.10,"14,338",2891
111/01/25,"43,439,252","1,176,106,508",27.05,27.25,26.90,27.25,-0.25,"12,019",2891
111/01/26,"35,656,156","982,111,874",27.25,27.85,27.25,27.60,+0.35,"10,043",2891
111/02/07,"95,047,673","2,689,570,971",27.90,28.55,27.80,28.50,+0.90,"24,346",2891
111/02/08,"73,392,509","2,098,685,889",28.60,28.95,28.15,28.70,+0.20,"24,472",2891
111/02/09,"53,061,496","1,529,151,028",28.70,29.10,28.60,28.90,+0.20,"16,764",2891
111/02/10,"55,787,016","1,597,974,843",28.90,28.95,28.45,28.85,-0.05,"17,255",2891
111/02/11,"42,382,526","1,215,334,432",28.60,28.85,28.50,28.85, 0.00,"12,600",2891
111/02/14,"39,689,438","1,129,834,942",28.35,28.70,28.25,28.65,-0.20,"12,966",2891
111/02/15,"42,178,039","1,194,822,523",28.60,28.65,28.10,28.15,-0.50,"16,591",2891
111/02/16,"56,263,183","1,592,571,793",28.35,28.50,28.20,28.20,+0.05,"18,380",2891
111/02/17,"52,923,897","1,507,854,560",28.60,28.80,28.30,28.45,+0.25,"13,509",2891
111/02/18,"30,716,916","870,104,816",28.20,28.45,28.15,28.35,-0.10,"11,491",2891
111/02/21,"27,871,580","785,824,826",28.10,28.35,28.05,28.35, 0.00,"9,833",2891
111/02/22,"57,608,324","1,599,256,767",28.10,28.15,27.50,27.85,-0.50,"24,579",2891
111/02/23,"33,172,367","919,415,322",27.75,27.95,27.55,27.80,-0.05,"20,646",2891
111/02/24,"108,455,292","2,925,539,445",27.50,27.55,26.70,26.90,-0.90,"41,346",2891
111/02/25,"83,489,399","2,242,690,129",26.90,27.15,26.50,27.15,+0.25,"22,399",2891
111/03/01,"91,747,334","2,519,763,275",27.00,27.80,26.95,27.75,+0.60,"17,824",2891
111/03/02,"42,611,975","1,184,830,264",27.55,27.95,27.50,27.95,+0.20,"12,155",2891
111/03/03,"41,880,993","1,170,909,743",28.00,28.10,27.80,27.95, 0.00,"7,981",2891
111/03/04,"56,960,709","1,560,558,841",27.60,27.70,27.25,27.35,-0.60,"15,699",2891
111/03/07,"103,281,342","2,705,312,602",26.90,26.90,25.90,26.25,-1.10,"34,131",2891
111/03/08,"74,694,575","1,923,145,190",25.85,26.05,25.60,25.60,-0.65,"26,895",2891
111/03/09,"52,928,940","1,370,884,446",25.70,26.20,25.70,25.75,+0.15,"19,065",2891
111/03/10,"42,540,524","1,134,177,655",26.35,26.90,26.25,26.80,+1.05,"11,655",2891
111/03/11,"24,513,782","650,939,019",26.55,26.75,26.40,26.50,-0.30,"8,915",2891
111/03/14,"27,309,626","731,084,601",26.65,26.95,26.50,26.80,+0.30,"8,374",2891
111/03/15,"34,763,568","925,956,661",26.65,26.90,26.50,26.60,-0.20,"8,521",2891
111/03/16,"35,953,055","966,010,937",26.90,27.15,26.70,26.95,+0.35,"9,446",2891
111/03/17,"62,511,421","1,727,844,674",27.90,28.15,27.25,27.60,+0.65,"15,793",2891
111/03/18,"100,552,292","2,842,679,576",28.35,28.60,28.00,28.15,+0.55,"21,477",2891
111/03/21,"49,516,986","1,403,804,948",28.45,28.50,28.10,28.30,+0.15,"12,861",2891
111/03/22,"39,078,070","1,110,200,046",28.35,28.55,28.15,28.55,+0.25,"10,528",2891
111/03/23,"64,389,856","1,866,121,316",28.60,29.20,28.55,29.20,+0.65,"19,215",2891
111/03/24,"35,323,200","1,028,779,692",29.10,29.25,28.90,29.15,-0.05,"8,772",2891
111/03/25,"27,806,516","804,840,775",28.95,29.10,28.80,29.00,-0.15,"9,277",2891
111/03/28,"28,454,325","816,610,712",28.75,29.00,28.40,29.00, 0.00,"8,772",2891
111/03/29,"14,518,021","418,190,116",28.95,28.95,28.70,28.80,-0.20,"6,459",2891
111/03/30,"53,877,960","1,563,676,278",28.85,29.15,28.75,29.00,+0.20,"16,013",2891
111/03/31,"52,283,566","1,531,802,382",29.10,29.40,29.10,29.40,+0.40,"11,463",2891
111/04/01,"58,811,421","1,746,224,722",29.40,29.85,29.10,29.85,+0.45,"16,118",2891
111/04/06,"107,318,527","3,222,378,330",29.80,30.15,29.70,30.15,+0.30,"24,031",2891
111/04/07,"124,954,414","3,815,118,007",30.15,30.95,30.00,30.35,+0.20,"33,838",2891
111/04/08,"51,058,572","1,551,399,404",30.45,30.60,30.10,30.50,+0.15,"17,125",2891
111/04/11,"49,998,923","1,529,212,885",30.60,30.85,30.30,30.45,-0.05,"14,340",2891
111/04/12,"54,279,211","1,660,919,379",30.50,30.75,30.35,30.70,+0.25,"14,392",2891
111/04/13,"45,132,455","1,371,580,370",30.70,30.80,30.20,30.35,-0.35,"15,642",2891
111/04/14,"55,672,215","1,652,673,242",30.35,30.35,29.45,29.45,-0.90,"22,529",2891
111/04/15,"37,526,000","1,099,427,974",29.10,29.60,28.85,29.35,-0.10,"11,602",2891
111/04/18,"46,533,339","1,336,736,698",29.10,29.15,28.35,28.75,-0.60,"22,652",2891
111/04/19,"41,114,435","1,189,998,038",28.90,29.20,28.70,28.95,+0.20,"14,393",2891
111/04/20,"42,417,282","1,229,073,608",28.95,29.20,28.80,29.20,+0.25,"12,572",2891
111/04/21,"33,321,632","959,623,402",29.00,29.10,28.65,28.75,-0.45,"14,169",2891
111/04/22,"59,730,172","1,739,768,419",28.70,29.45,28.50,29.45,+0.70,"18,141",2891
111/04/25,"53,996,980","1,566,909,034",28.85,29.30,28.70,29.10,-0.35,"17,869",2891
111/04/26,"56,100,981","1,656,738,919",29.10,29.70,29.05,29.70,+0.60,"14,498",2891
111/04/27,"57,295,163","1,664,364,353",29.15,29.40,28.90,28.90,-0.80,"24,380",2891
111/04/28,"45,694,877","1,315,842,118",28.70,29.00,28.50,29.00,+0.10,"12,583",2891
111/04/29,"34,381,946","1,001,881,750",29.05,29.30,28.90,29.25,+0.25,"7,544",2891
111/05/03,"25,226,134","727,915,008",29.10,29.20,28.75,28.75,-0.50,"13,198",2891
111/05/04,"16,777,571","484,727,565",29.00,29.10,28.75,28.90,+0.15,"5,955",2891
111/05/05,"57,284,435","1,621,684,476",29.00,29.10,28.00,28.05,-0.85,"21,756",2891
111/05/06,"61,766,387","1,708,261,894",27.40,28.00,27.25,28.00,-0.05,"21,361",2891
111/05/09,"55,358,178","1,516,517,908",27.45,27.75,27.15,27.30,-0.70,"17,116",2891
111/05/10,"58,810,745","1,609,685,927",26.90,27.80,26.80,27.55,+0.25,"17,961",2891
111/05/11,"40,401,876","1,094,890,288",27.30,27.40,26.90,27.10,-0.45,"15,006",2891
111/05/12,"63,235,160","1,660,797,767",26.55,26.70,25.95,26.05,-1.05,"23,742",2891
111/05/13,"73,984,492","1,910,359,860",26.05,26.30,25.55,25.80,-0.25,"23,100",2891
111/05/16,"48,920,315","1,257,231,151",25.90,26.30,25.45,25.70,-0.10,"14,577",2891
111/05/17,"49,732,907","1,270,850,877",25.70,25.80,25.40,25.50,-0.20,"15,164",2891
111/05/18,"50,412,582","1,305,977,576",25.50,26.20,25.45,26.10,+0.60,"14,416",2891
111/05/19,"60,798,784","1,540,198,699",25.60,25.60,25.15,25.30,-0.80,"15,695",2891
111/05/20,"46,093,149","1,171,273,650",25.30,25.55,25.20,25.45,+0.15,"11,200",2891
111/05/23,"44,467,966","1,131,951,125",25.55,25.70,25.20,25.45, 0.00,"11,088",2891
111/05/24,"45,339,884","1,160,939,599",25.45,25.90,25.40,25.55,+0.10,"10,880",2891
111/05/25,"49,196,589","1,248,422,337",25.75,25.75,25.15,25.35,-0.20,"12,500",2891
111/05/26,"37,092,830","940,782,482",25.45,25.60,25.15,25.30,-0.05,"10,328",2891
111/05/27,"86,096,091","2,266,651,683",25.80,26.65,25.65,26.60,+1.30,"18,908",2891
111/05/30,"88,093,550","2,366,474,292",26.85,27.10,26.40,27.10,+0.50,"19,230",2891
111/05/31,"236,161,970","6,361,128,375",26.80,27.15,26.30,27.15,+0.05,"20,428",2891
111/06/01,"38,482,726","1,027,332,186",26.90,26.90,26.55,26.55,-0.60,"13,380",2891
111/06/02,"36,635,226","972,747,486",26.40,26.75,26.25,26.60,+0.05,"8,754",2891
111/06/06,"29,194,751","781,385,223",26.55,27.00,26.45,26.85,+0.25,"8,645",2891
111/06/07,"21,304,529","566,483,337",26.60,26.80,26.50,26.55,-0.30,"8,037",2891
111/06/08,"22,628,493","605,478,662",26.70,26.85,26.65,26.75,+0.20,"7,164",2891
111/06/09,"73,588,446","1,919,257,398",26.50,26.55,25.85,25.85,-0.90,"23,610",2891
111/06/10,"44,983,133","1,161,489,064",25.40,26.10,25.35,26.00,+0.15,"11,117",2891
111/06/13,"51,662,170","1,315,486,176",25.45,25.70,25.30,25.55,-0.45,"14,760",2891
111/06/14,"49,293,307","1,278,410,216",25.60,26.15,25.50,26.00,+0.45,"9,901",2891
111/06/15,"48,883,434","1,279,350,912",25.70,26.40,25.70,26.30,+0.30,"13,757",2891
111/06/16,"71,511,488","1,913,095,111",26.65,27.00,26.40,26.60,+0.30,"16,010",2891
111/06/17,"59,251,539","1,546,347,740",26.15,26.40,25.95,26.00,-0.60,"15,094",2891
111/06/20,"48,854,374","1,252,458,110",26.05,26.40,25.15,25.50,-0.50,"13,125",2891
111/06/21,"48,373,601","1,273,649,766",26.00,26.50,25.85,26.45,+0.95,"11,962",2891
111/06/22,"39,278,930","1,023,804,214",26.10,26.45,25.85,26.05,-0.40,"10,014",2891
111/06/23,"37,335,007","971,719,410",26.35,26.40,25.65,26.05, 0.00,"9,176",2891
111/06/24,"26,686,444","701,151,849",26.40,26.40,26.05,26.30,+0.25,"7,275",2891
111/06/27,"25,497,222","671,827,372",26.50,26.50,26.15,26.20,-0.10,"9,044",2891
111/06/28,"26,342,151","679,463,991",26.00,26.15,25.60,25.80,-0.40,"10,165",2891
111/06/29,"40,651,919","1,044,946,158",25.55,25.90,25.55,25.80, 0.00,"9,504",2891
111/06/30,"42,383,136","1,070,370,570",25.60,25.80,25.10,25.10,-0.70,"12,021",2891
111/07/01,"77,389,173","1,904,291,939",25.00,25.10,24.30,24.60,-0.50,"17,330",2891
111/07/04,"50,339,039","1,222,856,551",24.60,24.80,24.00,24.30,-0.30,"10,647",2891
111/07/05,"40,888,823","993,637,847",24.65,24.85,24.00,24.30, 0.00,"9,804",2891
111/07/06,"72,787,634","1,725,048,013",24.15,24.30,23.40,23.50,-0.80,"18,815",2891
111/07/07,"40,624,465","964,494,531",23.55,24.00,23.40,23.70,+0.20,"8,259",2891
111/07/08,"39,782,606","953,671,028",23.95,24.20,23.80,23.85,+0.15,"9,049",2891
111/07/11,"25,209,024","599,331,660",24.00,24.00,23.65,23.65,-0.20,"7,239",2891
111/07/12,"44,271,403","1,019,648,595",23.40,23.45,22.95,22.95,-0.70,"12,233",2891
111/07/13,"84,764,403","1,991,438,178",23.15,23.80,23.15,23.45,+0.50,"13,541",2891
111/07/14,"92,196,145","2,065,727,432",22.35,22.65,22.20,22.25,X0.00,"15,489",2891
111/07/15,"55,732,544","1,220,725,239",22.20,22.20,21.75,21.80,-0.45,"18,156",2891
111/07/18,"58,773,460","1,303,390,140",22.10,22.45,21.90,22.30,+0.50,"11,692",2891
111/07/19,"42,296,444","938,666,137",22.30,22.30,22.05,22.20,-0.10,"11,383",2891
111/07/20,"60,496,655","1,355,142,393",22.55,22.80,22.15,22.25,+0.05,"16,683",2891
111/07/21,"45,275,510","1,019,124,935",22.35,22.75,22.15,22.65,+0.40,"8,605",2891
111/07/22,"36,804,698","833,843,929",22.50,22.80,22.30,22.75,+0.10,"8,489",2891
111/07/25,"31,285,394","712,245,952",22.75,22.90,22.55,22.70,-0.05,"7,943",2891
111/07/26,"32,709,973","749,053,817",22.70,23.05,22.70,22.95,+0.25,"6,345",2891
111/07/27,"24,970,172","572,417,430",23.05,23.05,22.75,22.95, 0.00,"6,441",2891
111/07/28,"25,266,720","584,358,363",23.00,23.25,22.95,23.20,+0.25,"8,420",2891
111/07/29,"42,051,575","967,366,148",23.45,23.50,22.75,22.95,-0.25,"9,970",2891
111/08/01,"22,584,585","516,337,677",22.90,22.95,22.60,22.95, 0.00,"5,680",2891
111/08/02,"41,529,018","933,173,698",22.50,22.60,22.30,22.45,-0.50,"13,783",2891
111/08/03,"33,265,322","742,457,332",22.35,22.55,22.25,22.30,-0.15,"9,918",2891
111/08/04,"24,631,235","548,127,747",22.20,22.35,22.10,22.25,-0.05,"6,787",2891
111/08/05,"37,350,285","851,573,375",22.50,23.05,22.45,23.00,+0.75,"8,166",2891
111/08/08,"22,328,112","515,115,012",23.00,23.20,22.80,23.10,+0.10,"8,592",2891
111/08/09,"34,205,959","797,456,112",23.20,23.50,23.05,23.30,+0.20,"13,068",2891
111/08/10,"36,251,533","854,632,552",23.30,23.80,23.20,23.55,+0.25,"11,152",2891
111/08/11,"37,939,340","909,874,176",23.85,24.10,23.70,24.05,+0.50,"10,541",2891
111/08/12,"24,305,183","584,749,184",24.10,24.15,23.85,24.10,+0.05,"9,424",2891
111/08/15,"25,105,676","608,536,786",24.10,24.40,23.95,24.25,+0.15,"7,492",2891
111/08/16,"34,854,821","854,041,545",24.30,24.65,24.15,24.55,+0.30,"9,413",2891
111/08/17,"38,630,691","959,151,665",24.70,24.95,24.55,24.90,+0.35,"15,061",2891
111/08/18,"33,748,546","829,603,640",24.80,24.85,24.45,24.45,-0.45,"15,341",2891
111/08/19,"30,839,483","756,237,138",24.40,24.70,24.15,24.60,+0.15,"9,933",2891
111/08/22,"25,362,591","618,037,923",24.30,24.55,24.25,24.35,-0.25,"9,226",2891
111/08/23,"34,792,109","833,531,841",24.20,24.30,23.80,23.80,-0.55,"13,777",2891
111/08/24,"39,853,422","938,834,668",23.80,23.90,23.35,23.45,-0.35,"14,161",2891
111/08/25,"30,853,961","733,562,579",23.65,23.90,23.55,23.75,+0.30,"7,235",2891
111/08/26,"26,922,462","643,072,836",23.80,24.00,23.70,23.85,+0.10,"8,530",2891
111/08/29,"32,048,450","752,497,694",23.25,23.60,23.20,23.50,-0.35,"9,249",2891
111/08/30,"38,972,088","908,774,419",23.40,23.60,23.20,23.25,-0.25,"11,360",2891
111/08/31,"43,027,333","1,010,204,792",23.20,23.70,23.20,23.50,+0.25,"6,035",2891
111/09/01,"47,669,887","1,096,961,247",23.10,23.25,22.85,23.05,-0.45,"14,280",2891
111/09/02,"23,891,193","548,925,069",23.00,23.10,22.90,22.90,-0.15,"7,168",2891
111/09/05,"23,758,732","550,521,100",23.10,23.35,22.95,23.25,+0.35,"6,226",2891
111/09/06,"20,050,547","469,213,354",23.35,23.50,23.25,23.40,+0.15,"6,665",2891
111/09/07,"45,737,203","1,048,182,160",23.10,23.20,22.80,22.80,-0.60,"18,504",2891
111/09/08,"27,078,509","618,676,594",22.95,22.95,22.70,22.90,+0.10,"7,783",2891
111/09/12,"32,500,402","747,439,745",23.20,23.25,22.90,22.90, 0.00,"7,224",2891
111/09/13,"38,731,157","885,597,007",23.10,23.15,22.70,22.75,-0.15,"11,386",2891
111/09/14,"48,771,034","1,091,516,244",22.45,22.55,22.30,22.30,-0.45,"19,490",2891
111/09/15,"25,037,605","558,804,820",22.30,22.45,22.20,22.30, 0.00,"9,687",2891
111/09/16,"71,792,293","1,591,652,343",22.20,22.35,22.10,22.10,-0.20,"12,214",2891
111/09/19,"29,847,062","662,295,937",22.10,22.40,22.10,22.15,+0.05,"10,044",2891
111/09/20,"27,011,484","599,069,873",22.25,22.30,22.05,22.20,+0.05,"9,140",2891
111/09/21,"32,899,022","725,992,999",22.10,22.15,22.00,22.05,-0.15,"11,269",2891
111/09/22,"51,921,590","1,122,810,047",21.90,21.90,21.50,21.60,-0.45,"19,829",2891
111/09/23,"29,564,833","640,227,868",21.60,21.85,21.40,21.65,+0.05,"8,548",2891
111/09/26,"32,604,848","695,604,299",21.55,21.55,21.25,21.25,-0.40,"12,097",2891
111/09/27,"65,770,290","1,372,970,023",21.15,21.35,20.70,20.75,-0.50,"22,935",2891
111/09/28,"81,166,323","1,646,657,194",20.75,20.90,20.10,20.10,-0.65,"24,900",2891
111/09/29,"73,995,626","1,488,248,737",20.15,20.45,20.00,20.05,-0.05,"17,546",2891
111/09/30,"76,896,075","1,527,160,742",19.85,20.00,19.75,19.85,-0.20,"19,543",2891
111/10/03,"48,766,484","964,785,292",19.80,19.95,19.60,19.70,-0.15,"13,826",2891
111/10/04,"37,840,619","764,450,290",20.10,20.30,20.10,20.15,+0.45,"7,998",2891
111/10/05,"50,759,340","1,045,394,495",20.40,20.80,20.35,20.50,+0.35,"12,380",2891
111/10/06,"30,614,812","630,665,733",20.60,20.75,20.40,20.60,+0.10,"7,341",2891
111/10/07,"21,755,301","445,326,357",20.40,20.60,20.40,20.45,-0.15,"7,297",2891
111/10/11,"42,173,402","849,010,025",20.20,20.30,20.00,20.10,-0.35,"10,185",2891
111/10/12,"25,269,595","511,175,307",20.10,20.40,20.05,20.25,+0.15,"6,540",2891
111/10/13,"65,390,090","1,294,438,894",20.25,20.25,19.60,19.65,-0.60,"24,780",2891
111/10/14,"40,571,529","806,096,043",19.85,20.00,19.80,19.80,+0.15,"10,518",2891
111/10/17,"22,904,918","454,019,529",19.75,20.00,19.60,19.80, 0.00,"8,209",2891
111/10/18,"28,846,278","578,381,636",20.00,20.25,19.80,20.10,+0.30,"7,990",2891
111/10/19,"47,994,198","956,343,727",20.05,20.20,19.70,19.90,-0.20,"13,837",2891
111/10/20,"66,310,823","1,299,483,882",19.50,19.90,19.45,19.70,-0.20,"15,403",2891
111/10/21,"23,571,103","468,887,678",19.85,20.00,19.70,20.00,+0.30,"7,745",2891
111/10/24,"34,007,318","680,048,024",20.20,20.25,19.90,19.90,-0.10,"6,217",2891
111/10/25,"27,486,722","549,119,618",20.10,20.15,19.80,20.00,+0.10,"8,093",2891
111/10/26,"34,669,466","704,855,297",20.15,20.55,19.95,20.35,+0.35,"11,045",2891
111/10/27,"36,261,098","747,804,947",20.60,20.75,20.55,20.55,+0.20,"10,978",2891
111/10/28,"25,794,331","530,302,099",20.65,20.70,20.35,20.55, 0.00,"7,215",2891
111/10/31,"27,298,298","559,984,834",20.70,20.85,20.40,20.40,-0.15,"5,063",2891
111/11/01,"36,708,612","768,133,196",20.70,21.10,20.55,21.10,+0.70,"10,870",2891
111/11/02,"27,449,228","574,259,140",21.25,21.25,20.80,20.85,-0.25,"11,211",2891
111/11/03,"31,106,165","640,736,032",20.65,20.75,20.50,20.55,-0.30,"7,431",2891
111/11/04,"18,104,026","374,902,445",20.55,20.90,20.50,20.90,+0.35,"4,800",2891
111/11/07,"30,489,604","648,942,344",21.15,21.45,21.05,21.45,+0.55,"12,193",2891
111/11/08,"27,222,489","585,249,347",21.55,21.60,21.30,21.55,+0.10,"10,110",2891
111/11/09,"51,912,735","1,097,092,338",21.05,21.30,20.90,21.20,-0.35,"14,038",2891
111/11/10,"23,125,237","488,030,983",21.00,21.20,20.95,21.15,-0.05,"6,711",2891
111/11/11,"56,857,633","1,232,491,689",21.45,21.85,21.40,21.85,+0.70,"13,865",2891
111/11/14,"49,615,373","1,082,604,319",21.95,21.95,21.70,21.70,-0.15,"11,994",2891
111/11/15,"36,874,837","805,507,731",21.60,22.00,21.40,22.00,+0.30,"8,166",2891
111/11/16,"38,578,445","843,419,141",21.90,22.10,21.65,21.80,-0.20,"11,362",2891
111/11/17,"23,390,723","506,172,740",21.85,21.90,21.55,21.65,-0.15,"7,020",2891
111/11/18,"33,607,465","719,485,592",21.45,21.60,21.30,21.40,-0.25,"10,932",2891
111/11/21,"30,746,424","655,896,407",21.30,21.45,21.20,21.40, 0.00,"7,544",2891
111/11/22,"28,082,567","603,796,785",21.35,21.65,21.15,21.65,+0.25,"7,691",2891
111/11/23,"67,160,068","1,504,246,177",21.90,22.70,21.85,22.55,+0.90,"22,356",2891
111/11/24,"41,031,282","921,095,478",22.70,22.75,22.30,22.45,-0.10,"10,906",2891
111/11/25,"24,710,931","555,058,569",22.40,22.60,22.30,22.40,-0.05,"8,021",2891
111/11/28,"41,890,449","930,402,493",22.10,22.45,22.00,22.20,-0.20,"10,045",2891
111/11/29,"49,651,010","1,125,214,572",22.40,22.90,22.15,22.85,+0.65,"14,446",2891
111/11/30,"84,480,363","1,946,729,526",22.85,23.25,22.70,23.00,+0.15,"12,551",2891
111/12/01,"41,263,264","943,408,901",23.20,23.30,22.60,22.60,-0.40,"13,421",2891
111/12/02,"25,199,066","568,526,718",22.50,22.75,22.45,22.50,-0.10,"8,188",2891
111/12/05,"30,915,018","706,890,143",22.70,23.00,22.65,22.75,+0.25,"9,040",2891
111/12/06,"44,194,352","997,898,072",22.55,22.90,22.40,22.40,-0.35,"10,862",2891
111/12/07,"64,264,376","1,480,360,715",22.45,23.20,22.45,23.05,+0.65,"18,348",2891
111/12/08,"30,210,447","689,284,740",22.90,23.05,22.60,22.80,-0.25,"9,914",2891
111/12/09,"37,660,993","856,001,622",22.60,22.90,22.55,22.70,-0.10,"8,021",2891
111/12/12,"39,607,883","903,920,158",22.75,23.00,22.55,22.90,+0.20,"8,149",2891
111/12/13,"38,964,397","887,709,615",22.95,23.10,22.65,22.70,-0.20,"8,313",2891
111/12/14,"45,749,077","1,049,657,985",22.85,23.10,22.75,22.90,+0.20,"10,211",2891
111/12/15,"42,757,425","972,094,616",22.70,22.90,22.55,22.75,-0.15,"9,072",2891
111/12/16,"92,542,996","2,072,130,124",22.50,22.70,22.25,22.25,-0.50,"17,537",2891
111/12/19,"63,269,134","1,398,329,374",22.05,22.35,22.00,22.05,-0.20,"10,720",2891
111/12/20,"69,115,912","1,515,539,257",21.95,22.15,21.80,21.90,-0.15,"15,002",2891
111/12/21,"65,555,031","1,424,685,866",21.80,21.95,21.60,21.70,-0.20,"13,437",2891
111/12/22,"52,879,624","1,167,178,122",21.90,22.15,21.75,22.15,+0.45,"6,901",2891
111/12/23,"23,817,348","520,708,438",21.70,22.05,21.65,21.90,-0.25,"7,158",2891
111/12/26,"7,305,018","160,888,056",21.85,22.10,21.85,22.10,+0.20,"3,032",2891
111/12/27,"10,257,549","228,059,673",22.20,22.30,22.10,22.25,+0.15,"3,056",2891
111/12/28,"16,730,288","370,163,462",22.10,22.35,22.00,22.15,-0.10,"4,753",2891
111/12/29,"18,326,194","401,167,905",21.95,22.10,21.75,21.90,-0.25,"5,892",2891
111/12/30,"14,516,779","321,837,721",22.10,22.30,21.95,22.10,+0.20,"3,787",2891
112/01/03,"17,423,661","383,875,152",22.00,22.25,21.80,22.15,+0.05,"7,140",2891
112/01/04,"18,241,934","406,374,103",22.00,22.35,22.00,22.35,+0.20,"4,695",2891
112/01/05,"40,602,842","913,599,833",22.35,22.60,22.30,22.60,+0.25,"7,735",2891
112/01/06,"18,685,116","421,926,601",22.55,22.70,22.45,22.60, 0.00,"7,134",2891
112/01/09,"46,496,447","1,068,303,478",22.90,23.15,22.70,23.15,+0.55,"12,875",2891
112/01/10,"25,244,147","581,967,223",23.10,23.15,22.85,23.15, 0.00,"9,878",2891
112/01/11,"20,673,897","477,614,613",23.15,23.25,22.95,23.10,-0.05,"7,845",2891
112/01/12,"18,742,470","429,953,071",23.10,23.15,22.80,22.90,-0.20,"5,528",2891
112/01/13,"24,014,063","550,514,454",22.95,23.15,22.80,22.80,-0.10,"6,889",2891
112/01/16,"24,453,761","564,223,926",22.95,23.25,22.90,23.05,+0.25,"6,674",2891
112/01/17,"30,462,402","705,163,148",23.05,23.25,22.95,23.20,+0.15,"7,955",2891
112/01/30,"82,623,230","1,914,509,282",23.25,23.40,22.90,23.20, 0.00,"23,682",2891
112/01/31,"48,726,908","1,118,742,025",23.25,23.30,22.85,22.85,-0.35,"10,335",2891
112/02/01,"38,764,006","880,552,585",22.95,23.05,22.60,22.75,-0.10,"12,761",2891
112/02/02,"46,528,896","1,048,891,994",22.70,22.70,22.40,22.50,-0.25,"14,618",2891
112/02/03,"31,717,281","710,969,006",22.45,22.50,22.35,22.40,-0.10,"11,435",2891
112/02/06,"23,724,208","530,791,026",22.35,22.55,22.25,22.35,-0.05,"9,768",2891
112/02/07,"25,001,699","559,838,166",22.40,22.60,22.30,22.30,-0.05,"8,694",2891
112/02/08,"16,341,579","365,538,047",22.30,22.45,22.30,22.40,+0.10,"6,886",2891
112/02/09,"16,862,889","376,887,825",22.30,22.45,22.30,22.30,-0.10,"7,847",2891
112/02/10,"21,077,247","471,799,356",22.30,22.50,22.25,22.45,+0.15,"5,879",2891
112/02/13,"23,153,840","523,329,567",22.35,22.75,22.30,22.75,+0.30,"6,403",2891
112/02/14,"39,103,184","895,017,975",22.80,23.05,22.65,22.90,+0.15,"8,824",2891
112/02/15,"43,285,044","981,071,077",22.80,22.90,22.50,22.55,-0.35,"10,877",2891
112/02/16,"23,265,625","527,779,200",22.60,22.80,22.55,22.70,+0.15,"5,174",2891
112/02/17,"24,841,839","565,707,714",22.60,22.85,22.60,22.75,+0.05,"5,301",2891
112/02/20,"15,297,268","350,306,180",22.80,23.00,22.70,22.95,+0.20,"5,547",2891
112/02/21,"13,646,211","310,729,227",22.85,22.90,22.70,22.80,-0.15,"5,641",2891
112/02/22,"21,817,031","496,064,315",22.60,22.90,22.50,22.80, 0.00,"6,363",2891
112/02/23,"16,630,270","380,332,282",22.85,23.00,22.75,22.85,+0.05,"4,439",2891
112/02/24,"38,184,090","870,516,858",22.95,22.95,22.75,22.75,-0.10,"5,772",2891
112/03/01,"26,345,113","597,671,843",22.70,22.80,22.60,22.70,-0.05,"8,293",2891
112/03/02,"26,855,189","605,078,809",22.75,22.80,22.40,22.55,-0.15,"9,896",2891
112/03/03,"22,285,434","500,544,268",22.60,22.60,22.40,22.40,-0.15,"7,415",2891
112/03/06,"27,534,011","620,638,461",22.60,22.60,22.45,22.55,+0.15,"8,878",2891
112/03/07,"53,241,350","1,205,077,127",22.55,22.75,22.55,22.65,+0.10,"7,568",2891
112/03/08,"40,467,468","913,911,368",22.60,22.75,22.45,22.75,+0.10,"8,862",2891
112/03/09,"29,738,047","672,492,828",22.75,22.80,22.50,22.50,-0.25,"8,428",2891
112/03/10,"37,199,423","829,311,807",22.30,22.40,22.20,22.25,-0.25,"14,814",2891
112/03/13,"31,034,115","688,577,252",22.20,22.30,22.05,22.20,-0.05,"9,493",2891
112/03/14,"72,392,734","1,579,192,783",22.00,22.00,21.70,21.70,-0.50,"26,245",2891
112/03/15,"47,127,865","1,022,782,576",21.80,21.85,21.55,21.55,-0.15,"19,959",2891
112/03/16,"90,902,847","1,910,931,239",21.30,21.35,20.85,20.90,-0.65,"38,621",2891
112/03/17,"86,412,114","1,809,596,103",20.95,21.15,20.85,20.85,-0.05,"25,648",2891
112/03/20,"38,677,575","807,998,305",20.90,21.00,20.70,21.00,+0.15,"15,634",2891
112/03/21,"39,911,028","841,090,092",21.00,21.25,20.85,21.05,+0.05,"14,099",2891
112/03/22,"30,072,843","640,853,586",21.20,21.40,21.15,21.35,+0.30,"11,229",2891
112/03/23,"25,578,106","548,045,183",21.25,21.55,21.15,21.55,+0.20,"8,098",2891
112/03/24,"26,488,189","567,360,219",21.55,21.60,21.30,21.40,-0.15,"9,006",2891
112/03/27,"16,690,072","358,046,780",21.55,21.55,21.40,21.45,+0.05,"5,974",2891
112/03/28,"19,277,073","415,634,145",21.50,21.70,21.45,21.50,+0.05,"5,856",2891
112/03/29,"22,647,734","490,867,827",21.50,21.75,21.50,21.70,+0.20,"6,796",2891
112/03/30,"24,120,044","522,084,961",21.75,21.80,21.55,21.65,-0.05,"6,484",2891
112/03/31,"29,310,312","640,024,959",21.70,21.90,21.70,21.85,+0.20,"5,972",2891
112/04/06,"28,159,232","612,157,035",21.85,21.85,21.65,21.70,-0.15,"10,938",2891
112/04/07,"14,847,570","322,093,763",21.70,21.80,21.65,21.70, 0.00,"6,530",2891
112/04/10,"12,053,447","262,476,101",21.70,21.85,21.65,21.80,+0.10,"5,382",2891
112/04/11,"27,808,555","605,486,666",21.65,21.85,21.65,21.85,+0.05,"8,247",2891
112/04/12,"20,767,361","455,906,202",21.85,22.00,21.80,22.00,+0.15,"6,809",2891
112/04/13,"26,634,414","592,280,520",22.05,22.35,22.05,22.30,+0.30,"10,174",2891
112/04/14,"19,887,841","445,184,446",22.30,22.50,22.20,22.50,+0.20,"9,154",2891
112/04/17,"21,375,118","480,441,627",22.50,22.55,22.40,22.50, 0.00,"7,704",2891
112/04/18,"14,290,042","320,495,202",22.50,22.50,22.35,22.40,-0.10,"5,345",2891
112/04/19,"17,478,577","392,411,698",22.45,22.50,22.40,22.45,+0.05,"6,855",2891
112/04/20,"10,574,547","236,128,312",22.35,22.40,22.25,22.35,-0.10,"4,552",2891
112/04/21,"16,575,077","369,417,137",22.35,22.40,22.20,22.30,-0.05,"5,765",2891
112/04/24,"12,023,180","269,328,615",22.25,22.50,22.20,22.45,+0.15,"4,066",2891
112/04/25,"21,069,220","472,428,171",22.45,22.55,22.30,22.35,-0.10,"5,160",2891
112/04/26,"19,433,496","434,767,727",22.35,22.45,22.30,22.45,+0.10,"6,592",2891
112/04/27,"17,884,832","400,551,162",22.45,22.50,22.30,22.40,-0.05,"5,183",2891
112/04/28,"22,737,635","511,901,760",22.45,22.60,22.30,22.60,+0.20,"5,033",2891
112/05/02,"33,442,558","762,386,873",22.80,22.90,22.70,22.90,+0.30,"10,939",2891
112/05/03,"26,517,570","607,908,938",22.85,23.00,22.75,22.95,+0.05,"8,231",2891
112/05/04,"21,601,170","497,938,797",22.95,23.15,22.85,23.10,+0.15,"7,159",2891
112/05/05,"18,318,014","422,290,150",23.10,23.15,23.00,23.05,-0.05,"5,258",2891
112/05/08,"28,739,880","668,053,599",23.15,23.35,23.10,23.35,+0.30,"8,622",2891
112/05/09,"16,329,568","380,202,042",23.35,23.40,23.20,23.30,-0.05,"6,528",2891
112/05/10,"18,457,324","429,461,259",23.35,23.35,23.15,23.30, 0.00,"6,368",2891
112/05/11,"20,804,934","484,418,311",23.30,23.35,23.20,23.30, 0.00,"5,782",2891
112/05/12,"22,013,671","510,427,949",23.35,23.35,23.10,23.10,-0.20,"8,477",2891
112/05/15,"21,469,110","498,671,740",23.10,23.40,23.00,23.35,+0.25,"5,869",2891
112/05/16,"33,972,882","797,846,720",23.50,23.55,23.40,23.55,+0.20,"9,924",2891
112/05/17,"60,542,053","1,442,201,007",23.50,24.00,23.50,23.80,+0.25,"21,034",2891
112/05/18,"42,768,525","1,028,749,218",23.90,24.15,23.85,24.10,+0.30,"11,503",2891
112/05/19,"39,270,250","953,473,542",24.20,24.40,24.15,24.40,+0.30,"12,115",2891
112/05/22,"35,423,335","870,232,226",24.40,24.70,24.35,24.55,+0.15,"12,774",2891
112/05/23,"30,539,165","750,464,360",24.55,24.70,24.35,24.60,+0.05,"9,692",2891
112/05/24,"22,336,487","545,174,530",24.50,24.55,24.25,24.50,-0.10,"11,345",2891
112/05/25,"22,699,695","548,307,231",24.30,24.35,24.05,24.10,-0.40,"8,780",2891
112/05/26,"24,686,560","593,935,874",24.10,24.25,23.85,24.10, 0.00,"8,045",2891
112/05/29,"16,798,797","409,002,873",24.15,24.45,24.15,24.40,+0.30,"5,968",2891
112/05/30,"27,222,186","667,736,096",24.55,24.60,24.40,24.50,+0.10,"9,787",2891
112/05/31,"72,549,839","1,763,888,566",24.50,24.55,24.25,24.30,-0.20,"7,927",2891
112/06/01,"23,561,327","574,068,976",24.30,24.50,24.25,24.30, 0.00,"9,570",2891
112/06/02,"24,956,867","606,900,503",24.50,24.50,24.25,24.30, 0.00,"6,768",2891
112/06/05,"40,030,968","981,748,934",24.45,24.65,24.40,24.45,+0.15,"8,182",2891
112/06/06,"27,178,948","664,504,109",24.45,24.55,24.35,24.45, 0.00,"6,908",2891
112/06/07,"28,620,398","702,109,487",24.50,24.60,24.45,24.60,+0.15,"7,288",2891
112/06/08,"30,282,407","744,008,609",24.55,24.65,24.50,24.65,+0.05,"9,062",2891
112/06/09,"51,605,412","1,294,128,628",24.80,25.25,24.75,25.20,+0.55,"16,381",2891
112/06/12,"35,271,068","880,681,244",25.20,25.30,24.70,24.80,-0.40,"13,367",2891
112/06/13,"29,375,398","731,010,793",24.80,25.00,24.70,24.80, 0.00,"7,953",2891
112/06/14,"28,116,987","697,216,753",24.80,24.95,24.70,24.75,-0.05,"7,379",2891
112/06/15,"25,621,429","632,104,259",24.70,24.80,24.60,24.70,-0.05,"10,076",2891
112/06/16,"47,799,217","1,177,120,801",24.70,24.80,24.55,24.55,-0.15,"8,553",2891
112/06/19,"29,535,910","735,154,581",24.55,25.05,24.50,25.05,+0.50,"8,224",2891
112/06/20,"26,973,018","674,050,986",24.95,25.05,24.80,25.05, 0.00,"6,016",2891
112/06/21,"28,278,950","707,451,829",24.90,25.15,24.85,25.10,+0.05,"8,973",2891
112/06/26,"29,088,429","727,590,436",25.00,25.20,24.90,24.95,-0.15,"8,615",2891
112/06/27,"22,174,721","549,459,552",24.90,25.00,24.60,24.75,-0.20,"7,379",2891
112/06/28,"19,718,058","490,441,672",24.70,25.00,24.70,25.00,+0.25,"5,448",2891
112/06/29,"20,041,017","499,038,719",25.15,25.15,24.80,24.90,-0.10,"7,533",2891
112/06/30,"27,450,561","683,389,665",24.85,25.15,24.70,24.85,-0.05,"6,022",2891
112/07/03,"17,301,978","433,566,664",24.90,25.10,24.85,25.10,+0.25,"7,804",2891
112/07/04,"23,010,923","573,647,955",24.95,25.10,24.80,24.85,-0.25,"5,898",2891
112/07/05,"22,266,077","556,524,902",25.00,25.10,24.90,24.95,+0.10,"6,424",2891
112/07/06,"55,511,626","1,359,450,309",24.80,24.85,24.25,24.50,-0.45,"17,082",2891
112/07/07,"27,627,488","674,189,489",24.30,24.65,24.15,24.60,+0.10,"7,838",2891
112/07/10,"23,400,430","574,514,305",24.50,24.75,24.35,24.50,-0.10,"6,124",2891
112/07/11,"26,532,615","659,811,383",24.80,25.00,24.75,24.95,+0.45,"4,891",2891
112/07/12,"29,564,943","741,020,616",24.90,25.15,24.85,25.15,+0.20,"7,023",2891
112/07/13,"21,348,384","533,921,393",25.20,25.25,24.90,24.90,-0.25,"6,810",2891
112/07/14,"48,999,499","1,238,641,939",25.00,25.40,25.00,25.40,+0.50,"11,892",2891
112/07/17,"59,959,059","1,556,099,622",25.40,26.15,25.35,26.15,+0.75,"17,394",2891
112/07/18,"49,439,396","1,293,089,425",26.05,26.30,25.90,26.25,+0.10,"18,539",2891
112/07/19,"52,379,504","1,366,055,113",26.25,26.30,25.90,26.05,-0.20,"14,261",2891
112/07/20,"51,544,344","1,349,160,025",25.80,26.25,25.80,26.20,+0.15,"15,323",2891
112/07/21,"58,424,663","1,542,095,780",26.00,26.60,26.00,26.45,+0.25,"14,447",2891
112/07/24,"39,240,154","1,024,461,778",26.40,26.40,26.00,26.10,-0.35,"14,230",2891
112/07/25,"27,536,011","724,374,922",26.00,26.45,26.00,26.35,+0.25,"7,957",2891
112/07/26,"26,589,789","704,723,504",26.30,26.60,26.25,26.50,+0.15,"7,123",2891
112/07/27,"24,081,763","639,831,048",26.50,26.70,26.45,26.60,+0.10,"7,081",2891
112/07/28,"26,656,653","702,515,299",26.45,26.60,26.15,26.35,-0.25,"8,588",2891
112/07/31,"54,758,678","1,443,416,644",26.45,26.60,26.25,26.25,-0.10,"11,414",2891
112/08/01,"49,281,782","1,290,793,991",26.40,26.45,26.05,26.25, 0.00,"11,123",2891
112/08/02,"70,802,970","1,846,312,248",26.25,26.25,25.95,26.15,-0.10,"15,267",2891
112/08/04,"85,676,269","2,124,586,507",25.30,25.30,24.55,24.60,X0.00,"29,826",2891
112/08/07,"48,992,182","1,207,452,767",24.70,24.90,24.55,24.60, 0.00,"14,470",2891
112/08/08,"50,817,450","1,249,059,017",24.65,24.75,24.50,24.60, 0.00,"13,168",2891
112/08/09,"59,015,482","1,459,689,147",24.80,24.95,24.60,24.80,+0.20,"12,436",2891
112/08/10,"33,101,701","820,847,839",24.80,24.90,24.65,24.90,+0.10,"10,413",2891
112/08/11,"25,646,472","640,112,688",24.95,25.20,24.80,24.90, 0.00,"7,890",2891
112/08/14,"57,967,155","1,405,194,014",24.65,24.70,24.05,24.30,-0.60,"21,203",2891
112/08/15,"53,161,816","1,275,396,178",24.30,24.30,23.80,23.90,-0.40,"21,894",2891
112/08/16,"64,350,790","1,501,209,829",23.55,23.55,23.15,23.40,-0.50,"28,683",2891
112/08/17,"64,064,087","1,476,845,239",23.05,23.25,22.80,23.25,-0.15,"22,138",2891
112/08/18,"31,908,248","747,916,681",23.25,23.80,23.10,23.35,+0.10,"11,445",2891
112/08/21,"31,539,490","751,645,639",23.60,23.95,23.55,23.85,+0.50,"11,403",2891
112/08/22,"56,766,932","1,337,014,782",23.85,23.95,23.35,23.55,-0.30,"16,867",2891
112/08/23,"23,791,223","563,195,485",23.55,23.85,23.50,23.70,+0.15,"7,603",2891
112/08/24,"26,452,842","630,722,877",23.70,24.00,23.70,23.85,+0.15,"8,262",2891
112/08/25,"24,431,993","576,681,995",23.80,23.85,23.50,23.50,-0.35,"11,443",2891
112/08/28,"16,252,241","385,616,657",23.50,23.85,23.50,23.80,+0.30,"4,710",2891
112/08/29,"19,804,892","473,023,303",23.80,24.00,23.75,24.00,+0.20,"7,912",2891
112/08/30,"23,031,203","551,163,994",24.05,24.10,23.80,23.90,-0.10,"8,767",2891
112/08/31,"47,871,280","1,140,460,115",24.00,24.05,23.70,23.85,-0.05,"10,531",2891
112/09/01,"19,987,858","476,132,459",23.80,24.00,23.75,23.80,-0.05,"10,183",2891
112/09/04,"12,231,618","291,925,629",23.75,23.95,23.75,23.95,+0.15,"5,382",2891
112/09/05,"18,335,039","439,716,640",23.95,24.05,23.90,24.00,+0.05,"7,398",2891
112/09/06,"24,319,413","578,110,415",23.95,24.05,23.65,23.65,-0.35,"13,104",2891
112/09/07,"21,645,335","510,693,139",23.60,23.70,23.55,23.60,-0.05,"8,273",2891
112/09/08,"28,068,411","673,081,484",23.90,24.10,23.80,24.05,+0.45,"9,347",2891
112/09/11,"31,896,252","770,810,995",24.10,24.35,24.05,24.25,+0.20,"9,169",2891
112/09/12,"25,694,753","623,017,694",24.35,24.35,24.10,24.35,+0.10,"7,538",2891
112/09/13,"29,998,081","734,335,814",24.40,24.70,24.30,24.70,+0.35,"10,961",2891
112/09/14,"36,648,148","911,318,150",24.80,25.00,24.65,25.00,+0.30,"11,130",2891
112/09/15,"68,807,039","1,704,065,617",25.05,25.10,24.60,24.85,-0.15,"16,571",2891
112/09/18,"28,135,343","697,201,642",24.70,24.95,24.60,24.95,+0.10,"11,637",2891
112/09/19,"33,044,851","824,621,194",24.95,25.10,24.80,24.95, 0.00,"12,745",2891
112/09/20,"41,211,810","1,028,493,981",24.90,25.10,24.80,24.85,-0.10,"11,643",2891
112/09/21,"56,545,144","1,379,448,653",24.70,24.75,24.20,24.35,-0.50,"23,708",2891
112/09/22,"41,959,720","1,017,492,410",24.20,24.45,24.10,24.25,-0.10,"18,068",2891
112/09/25,"30,656,776","750,225,719",24.40,24.70,24.35,24.60,+0.35,"9,394",2891
112/09/26,"27,572,660","674,744,965",24.50,24.60,24.35,24.55,-0.05,"8,774",2891
112/09/27,"28,565,784","696,638,032",24.40,24.55,24.30,24.40,-0.15,"12,067",2891
112/09/28,"30,534,920","747,984,416",24.50,24.60,24.40,24.50,+0.10,"7,046",2891
112/10/02,"12,871,461","315,708,473",24.55,24.60,24.50,24.50, 0.00,"5,765",2891
112/10/03,"29,366,790","711,912,396",24.40,24.45,24.15,24.20,-0.30,"11,749",2891
112/10/04,"55,824,556","1,328,648,979",24.00,24.10,23.70,23.70,-0.50,"29,539",2891
112/10/05,"36,916,056","886,808,329",23.70,24.15,23.70,24.10,+0.40,"12,552",2891
112/10/06,"25,705,100","622,361,325",24.10,24.30,24.00,24.25,+0.15,"6,449",2891
112/10/11,"78,793,062","1,952,616,631",24.55,24.90,24.50,24.90,+0.65,"17,724",2891
112/10/12,"50,018,317","1,254,077,992",25.00,25.25,24.75,25.20,+0.30,"14,641",2891
112/10/13,"28,074,195","704,583,628",25.10,25.15,24.95,25.15,-0.05,"9,927",2891
112/10/16,"28,321,848","714,839,542",25.15,25.35,25.05,25.35,+0.20,"11,048",2891
112/10/17,"27,597,752","693,576,704",25.35,25.40,25.00,25.15,-0.20,"12,785",2891
112/10/18,"50,365,928","1,262,626,934",25.25,25.30,24.90,25.15, 0.00,"12,111",2891
112/10/19,"49,521,332","1,234,546,200",25.00,25.15,24.80,24.85,-0.30,"9,288",2891
112/10/20,"48,610,490","1,193,411,733",24.60,24.80,24.20,24.65,-0.20,"14,181",2891
112/10/23,"26,094,699","636,856,000",24.65,24.70,24.30,24.35,-0.30,"10,747",2891
112/10/24,"29,001,614","706,563,125",24.40,24.50,24.20,24.45,+0.10,"7,557",2891
112/10/25,"31,144,089","766,275,748",24.55,24.70,24.45,24.65,+0.20,"7,465",2891
112/10/26,"41,373,758","1,011,074,574",24.35,24.70,24.30,24.35,-0.30,"9,954",2891
112/10/27,"28,039,181","690,156,255",24.40,24.70,24.40,24.60,+0.25,"6,593",2891
112/10/30,"27,280,444","664,434,705",24.60,24.70,24.25,24.35,-0.25,"10,168",2891
112/10/31,"23,758,403","577,664,074",24.35,24.45,24.25,24.35, 0.00,"8,352",2891
112/11/01,"18,987,811","463,642,299",24.50,24.60,24.35,24.35, 0.00,"7,250",2891
112/11/02,"27,130,846","668,748,490",24.60,24.70,24.50,24.70,+0.35,"10,262",2891
112/11/03,"62,358,372","1,568,081,612",24.85,25.35,24.80,25.35,+0.65,"16,719",2891
112/11/06,"36,848,272","933,886,937",25.50,25.50,25.20,25.30,-0.05,"13,291",2891
112/11/07,"21,094,443","530,436,199",25.25,25.30,25.00,25.15,-0.15,"6,886",2891
112/11/08,"21,451,727","539,496,385",25.20,25.25,25.10,25.10,-0.05,"5,861",2891
112/11/09,"24,331,913","615,916,537",25.25,25.40,25.20,25.35,+0.25,"6,199",2891
112/11/10,"30,625,025","779,002,938",25.40,25.50,25.25,25.50,+0.15,"8,781",2891
112/11/13,"27,854,349","713,375,198",25.55,25.70,25.50,25.60,+0.10,"9,542",2891
112/11/14,"58,786,507","1,530,716,854",25.80,26.20,25.75,26.15,+0.55,"15,622",2891
112/11/15,"87,467,576","2,323,627,094",26.35,26.85,26.25,26.80,+0.65,"26,506",2891
112/11/16,"46,109,596","1,232,171,532",26.85,26.85,26.50,26.85,+0.05,"15,672",2891
112/11/17,"41,142,933","1,104,582,645",26.85,27.00,26.70,26.85, 0.00,"13,679",2891
112/11/20,"37,439,811","1,001,377,051",26.65,26.85,26.55,26.85, 0.00,"11,438",2891
112/11/21,"59,895,760","1,620,748,688",26.85,27.15,26.85,27.05,+0.20,"16,993",2891
112/11/22,"39,961,065","1,082,272,224",27.00,27.20,26.95,27.20,+0.15,"11,694",2891
112/11/23,"42,860,162","1,151,394,445",27.20,27.30,26.65,26.85,-0.35,"16,108",2891
112/11/24,"36,323,737","970,874,677",26.90,27.00,26.60,26.75,-0.10,"8,908",2891
112/11/27,"37,606,340","1,010,653,884",26.90,27.15,26.70,26.70,-0.05,"15,265",2891
112/11/28,"67,302,210","1,832,387,845",27.40,27.40,27.05,27.15,+0.45,"18,720",2891
112/11/29,"49,400,199","1,332,516,503",27.20,27.25,26.85,26.85,-0.30,"13,747",2891
112/11/30,"71,589,322","1,948,552,924",26.95,27.35,26.90,27.35,+0.50,"12,444",2891
112/12/01,"25,331,507","683,922,802",27.30,27.30,26.85,26.95,-0.40,"9,764",2891
112/12/04,"27,846,817","749,562,093",27.15,27.15,26.80,26.90,-0.05,"8,946",2891
112/12/05,"39,805,894","1,060,692,338",26.85,26.85,26.55,26.75,-0.15,"13,496",2891
112/12/06,"43,211,018","1,167,433,692",26.85,27.15,26.80,27.10,+0.35,"8,582",2891
112/12/07,"21,558,440","578,821,837",27.10,27.10,26.75,26.85,-0.25,"8,215",2891
112/12/08,"67,444,641","1,843,889,224",27.10,27.50,27.00,27.50,+0.65,"18,165",2891
112/12/11,"27,038,537","738,306,080",27.50,27.50,27.10,27.40,-0.10,"8,239",2891
112/12/12,"36,750,054","1,012,116,690",27.70,27.70,27.40,27.60,+0.20,"10,095",2891
112/12/13,"51,102,627","1,424,250,093",27.70,28.00,27.60,27.95,+0.35,"10,732",2891
112/12/14,"80,048,430","2,263,414,744",28.00,28.45,27.80,28.45,+0.50,"20,559",2891
112/12/15,"66,655,172","1,882,116,920",28.50,28.50,28.10,28.15,-0.30,"15,736",2891
112/12/18,"49,422,380","1,395,558,335",28.00,28.40,28.00,28.25,+0.10,"13,563",2891
112/12/19,"58,104,825","1,632,723,918",28.20,28.25,27.90,28.25, 0.00,"15,377",2891
112/12/20,"64,620,803","1,797,932,384",28.20,28.25,27.70,27.80,-0.45,"25,045",2891
112/12/21,"42,728,359","1,181,584,481",27.50,27.85,27.45,27.85,+0.05,"11,198",2891
112/12/22,"28,623,204","792,394,477",27.65,27.80,27.60,27.75,-0.10,"9,417",2891
112/12/25,"22,838,082","634,898,926",27.75,27.95,27.60,27.85,+0.10,"8,385",2891
112/12/26,"24,921,023","697,396,944",27.95,28.10,27.80,28.00,+0.15,"7,458",2891
112/12/27,"28,334,648","793,311,606",28.00,28.10,27.90,28.10,+0.10,"8,319",2891
112/12/28,"37,141,544","1,047,683,889",28.00,28.40,27.95,28.40,+0.30,"10,476",2891
112/12/29,"30,568,088","862,831,212",28.25,28.35,28.10,28.35,-0.05,"9,032",2891
113/01/02,"42,855,948","1,208,401,404",28.20,28.35,28.00,28.35, 0.00,"10,789",2891
113/01/03,"56,163,079","1,577,152,564",28.10,28.30,27.80,28.20,-0.15,"12,724",2891
113/01/04,"38,772,528","1,092,633,503",28.20,28.35,28.05,28.15,-0.05,"9,462",2891
113/01/05,"33,532,015","942,266,705",28.15,28.20,28.05,28.10,-0.05,"8,928",2891
113/01/08,"52,695,517","1,493,645,146",28.20,28.50,28.15,28.40,+0.30,"15,118",2891
113/01/09,"36,718,389","1,035,281,257",28.50,28.50,28.05,28.10,-0.30,"10,404",2891
113/01/10,"37,999,134","1,062,269,606",28.05,28.15,27.70,28.05,-0.05,"9,503",2891
113/01/11,"33,781,894","955,973,925",28.20,28.40,28.15,28.35,+0.30,"6,772",2891
113/01/12,"35,481,321","995,442,853",28.20,28.20,27.85,28.05,-0.30,"10,264",2891
113/01/15,"21,151,781","595,958,654",28.10,28.30,28.10,28.15,+0.10,"5,206",2891
113/01/16,"53,197,776","1,483,937,276",27.80,28.10,27.65,27.95,-0.20,"14,228",2891
113/01/17,"84,187,908","2,326,025,037",27.70,27.80,27.50,27.55,-0.40,"24,069",2891
113/01/18,"45,432,788","1,257,588,416",27.50,27.85,27.40,27.85,+0.30,"12,961",2891
113/01/19,"44,693,573","1,242,349,328",27.60,27.90,27.60,27.90,+0.05,"9,219",2891
113/01/22,"33,976,103","953,666,139",27.95,28.20,27.90,28.20,+0.30,"8,352",2891
113/01/23,"38,897,415","1,090,903,428",28.30,28.30,27.90,28.10,-0.10,"8,140",2891
113/01/24,"26,932,238","752,810,414",28.20,28.20,27.85,28.00,-0.10,"10,253",2891
113/01/25,"25,702,448","721,959,172",27.90,28.20,27.90,28.15,+0.15,"6,778",2891
113/01/26,"51,079,518","1,450,663,736",28.10,28.60,28.05,28.50,+0.35,"11,665",2891
113/01/29,"22,969,203","654,373,004",28.40,28.55,28.35,28.50, 0.00,"6,260",2891
113/01/30,"26,200,145","745,346,272",28.50,28.60,28.35,28.40,-0.10,"6,459",2891
113/01/31,"25,030,609","711,285,199",28.45,28.50,28.30,28.45,+0.05,"5,506",2891
113/02/01,"43,906,915","1,253,881,214",28.40,28.70,28.25,28.65,+0.20,"11,041",2891
113/02/02,"47,789,873","1,353,707,476",28.50,28.60,28.15,28.30,-0.35,"14,905",2891
113/02/05,"41,991,904","1,183,848,259",28.05,28.40,28.00,28.15,-0.15,"7,250",2891
113/02/15,"45,246,294","1,287,935,192",28.80,28.80,28.25,28.40,+0.25,"12,184",2891
113/02/16,"22,394,138","633,729,483",28.40,28.45,28.20,28.25,-0.15,"8,447",2891
113/02/19,"31,191,507","891,723,863",28.30,28.70,28.25,28.70,+0.45,"9,019",2891
113/02/20,"32,410,733","936,761,354",28.70,29.00,28.65,29.00,+0.30,"10,549",2891
113/02/21,"28,423,918","823,416,428",28.85,29.05,28.85,28.95,-0.05,"9,577",2891
113/02/22,"28,378,489","828,722,519",28.95,29.35,28.90,29.30,+0.35,"9,825",2891
113/02/23,"29,445,988","857,867,691",29.20,29.30,28.90,28.90,-0.40,"10,803",2891
113/02/26,"28,966,430","844,568,822",28.90,29.30,28.90,29.10,+0.20,"8,217",2891
113/02/27,"36,711,446","1,066,741,180",29.05,29.35,28.95,29.00,-0.10,"10,717",2891
113/02/29,"56,136,813","1,645,116,093",28.90,29.40,28.90,29.40,+0.40,"8,500",2891
113/03/01,"26,393,262","770,040,179",29.30,29.30,29.05,29.05,-0.35,"7,882",2891
113/03/04,"34,839,765","1,016,406,746",28.95,29.25,28.95,29.20,+0.15,"9,122",2891
113/03/05,"28,706,340","835,908,757",29.05,29.20,29.00,29.15,-0.05,"9,818",2891
113/03/06,"36,159,949","1,065,284,082",29.10,29.65,29.10,29.50,+0.35,"12,635",2891
113/03/07,"43,620,228","1,292,163,322",29.30,29.85,29.30,29.80,+0.30,"13,494",2891
113/03/08,"63,500,314","1,911,314,995",29.75,30.25,29.70,30.20,+0.40,"16,649",2891
113/03/11,"39,440,394","1,191,458,926",30.20,30.45,30.00,30.30,+0.10,"12,331",2891
113/03/12,"34,095,179","1,034,238,733",30.30,30.45,30.10,30.45,+0.15,"10,195",2891
113/03/13,"109,658,294","3,436,237,738",30.30,31.95,30.30,31.85,+1.40,"29,417",2891
113/03/14,"82,056,942","2,623,219,521",32.00,32.20,31.70,32.00,+0.15,"21,398",2891
113/03/15,"72,521,769","2,296,613,809",32.00,32.00,31.15,31.75,-0.25,"17,605",2891
113/03/18,"35,760,353","1,125,376,755",31.60,31.80,31.30,31.50,-0.25,"13,665",2891
113/03/19,"48,608,475","1,540,320,486",31.50,31.90,31.25,31.75,+0.25,"15,325",2891
113/03/20,"56,700,517","1,780,747,019",32.00,32.00,31.20,31.25,-0.50,"22,677",2891
113/03/21,"58,592,024","1,870,706,104",31.40,32.20,31.40,31.95,+0.70,"13,536",2891
113/03/22,"56,925,494","1,825,376,392",32.10,32.80,31.70,31.90,-0.05,"16,801",2891
113/03/25,"35,338,380","1,123,509,810",31.70,32.05,31.65,31.70,-0.20,"12,006",2891
113/03/26,"40,021,007","1,275,345,950",31.70,32.20,31.60,31.80,+0.10,"11,882",2891
113/03/27,"49,907,125","1,611,618,490",31.95,32.60,31.80,32.60,+0.80,"18,190",2891
113/03/28,"56,360,676","1,822,113,724",32.35,32.45,32.10,32.40,-0.20,"19,698",2891
113/03/29,"82,921,685","2,720,687,641",32.40,33.25,32.25,33.05,+0.65,"23,433",2891
113/04/01,"53,428,195","1,706,750,026",32.80,32.85,31.50,31.65,-1.40,"33,953",2891
113/04/02,"29,623,595","941,973,572",31.65,32.05,31.60,31.80,+0.15,"7,720",2891
113/04/03,"44,530,432","1,406,818,492",31.95,31.95,31.45,31.45,-0.35,"9,151",2891
113/04/08,"48,952,261","1,569,848,217",32.00,32.30,31.55,32.05,+0.60,"10,296",2891
113/04/09,"23,320,701","749,148,651",32.20,32.30,31.90,32.15,+0.10,"7,057",2891
113/04/10,"26,463,218","848,139,942",32.35,32.45,31.75,31.85,-0.30,"10,866",2891
113/04/11,"23,471,171","745,095,592",31.60,31.95,31.60,31.95,+0.10,"7,948",2891
113/04/12,"27,997,751","891,859,730",31.70,32.10,31.70,31.75,-0.20,"9,422",2891
113/04/15,"32,240,045","1,029,821,673",31.75,32.20,31.55,31.95,+0.20,"9,169",2891
113/04/16,"66,530,872","2,079,062,481",31.80,32.05,30.90,30.95,-1.00,"22,943",2891
113/04/17,"40,169,251","1,262,867,845",30.95,31.80,30.95,31.50,+0.55,"11,017",2891
113/04/18,"46,173,229","1,465,303,832",31.70,31.95,31.45,31.70,+0.20,"12,021",2891
113/04/19,"65,596,968","2,037,482,978",31.50,31.85,30.65,31.00,-0.70,"20,253",2891
113/04/22,"45,048,672","1,414,140,950",31.25,31.80,31.10,31.35,+0.35,"12,840",2891
113/04/23,"38,021,286","1,202,796,108",31.50,31.80,31.45,31.55,+0.20,"7,318",2891
113/04/24,"40,907,964","1,294,049,299",31.80,32.10,31.40,31.45,-0.10,"10,437",2891
113/04/25,"31,204,934","970,751,210",31.25,31.45,30.95,31.00,-0.45,"10,652",2891
113/04/26,"19,796,526","618,971,917",30.95,31.45,30.95,31.15,+0.15,"5,367",2891
113/04/29,"178,921,038","6,103,256,013",33.45,34.25,33.35,34.25,+3.10,"43,783",2891
113/04/30,"102,643,027","3,519,858,573",34.25,34.90,33.80,34.10,-0.15,"26,579",2891
113/05/02,"61,571,022","2,102,370,567",34.00,34.75,33.95,34.10, 0.00,"18,128",2891
113/05/03,"94,602,777","3,286,935,312",34.35,35.10,34.20,34.75,+0.65,"25,045",2891
113/05/06,"85,113,438","3,055,944,577",34.95,36.35,34.80,36.10,+1.35,"27,327",2891
113/05/07,"87,741,842","3,174,661,479",36.05,36.45,35.65,36.00,-0.10,"25,283",2891
113/05/08,"77,805,363","2,830,666,902",36.05,36.80,35.90,36.40,+0.40,"22,910",2891
113/05/09,"46,378,665","1,680,767,497",36.20,36.40,36.05,36.10,-0.30,"15,957",2891
113/05/10,"78,724,831","2,905,143,354",36.10,37.50,36.05,37.45,+1.35,"24,352",2891
113/05/13,"90,470,756","3,305,007,406",37.05,37.10,36.20,36.50,-0.95,"32,966",2891
113/05/14,"94,131,156","3,392,594,593",36.25,36.35,35.70,36.05,-0.45,"21,613",2891
113/05/15,"57,535,578","2,124,634,642",36.20,37.20,36.20,36.90,+0.85,"18,448",2891
113/05/16,"67,400,253","2,526,324,341",37.05,37.70,37.05,37.50,+0.60,"21,172",2891
113/05/17,"64,588,911","2,440,517,529",37.05,38.10,37.00,38.10,+0.60,"19,725",2891
113/05/20,"71,074,526","2,721,540,389",38.10,38.55,37.60,38.55,+0.45,"25,560",2891
113/05/21,"73,210,447","2,760,786,548",38.05,38.20,37.25,37.75,-0.80,"24,331",2891
113/05/22,"43,297,152","1,636,343,771",37.60,37.95,37.40,37.90,+0.15,"14,496",2891
113/05/23,"69,336,298","2,610,134,596",37.40,38.00,37.20,38.00,+0.10,"18,468",2891
113/05/24,"52,192,319","1,942,106,571",37.70,37.70,37.00,37.05,-0.95,"21,226",2891
113/05/27,"87,520,191","3,259,570,616",36.70,37.55,36.50,37.55,+0.50,"22,325",2891
113/05/28,"78,608,746","2,893,751,585",37.40,37.45,36.60,36.75,-0.80,"31,124",2891
113/05/29,"73,583,466","2,658,468,999",36.70,36.70,36.00,36.05,-0.70,"30,520",2891
113/05/30,"97,024,313","3,454,487,783",35.80,36.30,35.20,35.30,-0.75,"30,824",2891
113/05/31,"158,069,782","5,626,454,708",35.35,36.10,35.35,35.40,+0.10,"19,620",2891
113/06/03,"95,724,757","3,495,084,458",36.10,36.75,36.00,36.40,+1.00,"19,674",2891
113/06/04,"97,280,882","3,534,435,127",36.20,36.65,35.75,36.35,-0.05,"25,621",2891
113/06/05,"91,951,318","3,338,356,943",36.10,36.60,35.85,36.30,-0.05,"20,593",2891
113/06/06,"71,254,886","2,626,731,718",36.25,37.10,36.25,36.85,+0.55,"16,810",2891
113/06/07,"74,656,327","2,771,673,574",36.85,37.35,36.50,37.20,+0.35,"16,387",2891
113/06/11,"75,373,809","2,793,124,895",36.80,37.30,36.70,37.10,-0.10,"17,847",2891
113/06/12,"63,836,826","2,364,537,011",36.75,37.25,36.75,37.25,+0.15,"13,368",2891
113/06/13,"53,107,460","1,974,244,974",37.00,37.30,36.95,37.10,-0.15,"17,143",2891
113/06/14,"26,412,326","984,206,250",37.10,37.40,37.10,37.30,+0.20,"8,211",2891
113/06/17,"31,863,055","1,192,608,800",37.25,37.70,37.15,37.25,-0.05,"10,847",2891
113/06/18,"38,448,234","1,449,852,863",37.45,37.90,37.25,37.90,+0.65,"13,969",2891
113/06/19,"39,205,606","1,490,519,011",37.90,38.25,37.75,37.90, 0.00,"14,716",2891
113/06/20,"30,568,839","1,160,316,700",37.90,38.10,37.80,38.00,+0.10,"10,982",2891
113/06/21,"76,384,292","2,895,809,821",38.10,38.15,37.80,37.85,-0.15,"11,763",2891
113/06/24,"53,393,057","2,033,739,829",37.75,38.25,37.55,38.25,+0.40,"11,615",2891
113/06/25,"37,101,447","1,412,990,564",38.30,38.35,37.90,38.00,-0.25,"9,966",2891
113/06/26,"45,022,592","1,701,241,771",37.90,38.10,37.65,37.65,-0.35,"12,690",2891
113/06/27,"45,889,601","1,732,609,738",37.30,38.05,37.25,37.70,+0.05,"10,392",2891
113/06/28,"45,521,120","1,730,984,756",37.85,38.30,37.75,37.85,+0.15,"8,241",2891
113/07/01,"46,062,297","1,755,983,722",38.10,38.25,37.90,38.20,+0.35,"8,195",2891
113/07/02,"78,171,028","3,002,256,950",38.05,38.70,38.00,38.50,+0.30,"14,284",2891
113/07/03,"85,495,642","3,332,019,129",38.50,39.25,38.50,39.20,+0.70,"19,880",2891
113/07/04,"110,955,972","4,399,571,975",39.50,39.95,39.25,39.75,+0.55,"22,240",2891
113/07/05,"79,226,637","3,169,912,766",39.95,40.20,39.70,40.05,+0.30,"17,147",2891
113/07/08,"77,825,323","3,119,700,115",40.05,40.25,39.85,40.10,+0.05,"15,701",2891
113/07/09,"51,412,991","2,057,924,019",40.10,40.25,39.85,39.95,-0.15,"16,794",2891
113/07/10,"75,114,341","3,030,533,141",40.00,40.95,39.80,40.85,+0.90,"15,975",2891
113/07/11,"77,250,692","3,143,348,645",40.80,41.70,40.20,40.25,-0.60,"25,447",2891
113/07/12,"84,921,773","3,412,265,055",39.90,40.75,39.85,40.20,-0.05,"19,636",2891
113/07/15,"188,446,427","7,099,638,356",38.55,38.70,36.80,37.65,X0.00,"60,887",2891
113/07/16,"76,325,169","2,844,795,765",38.10,38.10,37.10,37.35,-0.30,"31,727",2891
113/07/17,"67,956,490","2,528,715,384",37.50,37.60,37.00,37.00,-0.35,"25,794",2891
113/07/18,"86,853,438","3,202,026,821",37.05,37.25,36.60,37.00, 0.00,"27,701",2891
113/07/19,"116,680,483","4,213,189,665",37.00,37.00,35.75,35.95,-1.05,"43,512",2891
113/07/22,"69,976,819","2,499,778,263",36.05,36.35,35.50,35.50,-0.45,"22,449",2891
113/07/23,"63,920,226","2,292,160,922",35.80,36.25,35.60,35.85,+0.35,"16,322",2891
113/07/26,"64,470,446","2,283,718,393",35.25,35.70,35.10,35.60,-0.25,"21,401",2891
113/07/29,"47,447,562","1,703,432,752",36.20,36.45,35.65,36.00,+0.40,"16,090",2891
113/07/30,"69,172,449","2,432,529,305",35.90,35.90,34.85,35.30,-0.70,"25,943",2891
113/07/31,"54,944,903","1,949,573,019",35.25,35.80,35.10,35.50,+0.20,"11,026",2891
113/08/01,"44,741,808","1,601,401,421",36.05,36.15,35.60,35.90,+0.40,"12,931",2891
113/08/02,"103,009,673","3,596,022,950",35.20,35.30,34.60,35.05,-0.85,"32,330",2891
113/08/05,"114,428,003","3,713,403,258",34.10,34.10,31.60,32.25,-2.80,"42,987",2891
113/08/06,"79,680,617","2,588,544,107",33.00,33.20,31.50,32.90,+0.65,"26,257",2891
113/08/07,"56,090,109","1,875,329,367",32.75,33.90,32.70,33.90,+1.00,"14,078",2891
113/08/08,"52,233,495","1,769,941,076",33.70,34.30,33.30,33.75,-0.15,"15,905",2891
113/08/09,"64,587,504","2,251,699,092",34.20,35.20,34.20,34.70,+0.95,"18,246",2891
113/08/12,"80,427,597","2,776,680,755",34.85,35.05,34.30,34.50,-0.20,"23,749",2891
113/08/13,"71,361,719","2,441,216,571",34.60,34.65,33.75,34.50, 0.00,"27,245",2891
113/08/14,"48,078,539","1,671,111,940",34.85,34.95,34.45,34.75,+0.25,"15,969",2891
113/08/15,"38,150,951","1,316,950,967",35.10,35.10,34.30,34.50,-0.25,"13,392",2891
113/08/16,"51,487,067","1,797,072,238",35.00,35.20,34.75,34.90,+0.40,"16,055",2891
113/08/19,"43,611,261","1,526,018,704",35.05,35.20,34.85,35.00,+0.10,"20,197",2891
113/08/20,"56,764,727","1,979,273,089",35.20,35.20,34.65,35.00, 0.00,"25,976",2891
113/08/21,"232,403,561","7,790,517,888",33.80,34.10,33.30,33.70,-1.30,"97,891",2891
113/08/22,"139,725,702","4,696,111,747",33.95,34.20,33.35,33.45,-0.25,"52,353",2891
113/08/23,"127,178,158","4,209,148,245",33.40,33.45,32.95,33.10,-0.35,"41,766",2891
113/08/26,"149,615,470","4,966,384,376",32.95,33.65,32.70,33.15,+0.05,"38,809",2891
113/08/27,"154,918,404","5,074,083,370",33.10,33.15,32.55,32.85,-0.30,"57,142",2891
113/08/28,"129,316,599","4,269,966,362",32.90,33.30,32.70,33.10,+0.25,"36,823",2891
113/08/29,"121,880,097","3,979,636,519",32.80,32.95,32.50,32.60,-0.50,"48,449",2891
113/08/30,"317,318,382","10,362,679,677",32.60,32.85,32.60,32.65,+0.05,"29,315",2891
113/09/02,"118,505,848","3,915,667,501",32.80,33.30,32.75,33.10,+0.45,"28,087",2891
113/09/03,"86,140,235","2,844,919,002",33.20,33.25,32.90,32.95,-0.15,"20,308",2891
113/09/04,"173,963,608","5,574,965,556",32.30,32.50,31.80,32.05,-0.90,"57,242",2891
113/09/05,"76,291,351","2,466,187,281",32.15,32.65,32.00,32.30,+0.25,"21,156",2891
113/09/06,"67,576,655","2,208,443,843",32.50,33.05,32.25,32.90,+0.60,"21,382",2891
113/09/09,"96,546,694","3,134,601,229",32.35,32.70,32.20,32.70,-0.20,"27,938",2891
113/09/10,"79,753,531","2,605,940,127",32.75,32.95,32.50,32.70, 0.00,"16,794",2891
113/09/11,"84,192,983","2,722,268,456",32.60,32.65,32.20,32.30,-0.40,"27,463",2891
113/09/12,"106,528,618","3,420,621,886",32.50,32.50,31.90,32.15,-0.15,"34,366",2891
113/09/13,"77,616,864","2,514,294,097",32.15,32.60,32.15,32.55,+0.40,"14,544",2891
113/09/16,"62,376,838","2,027,848,648",32.70,32.70,32.30,32.70,+0.15,"15,805",2891
113/09/18,"208,527,980","7,055,783,399",33.80,34.25,33.40,33.60,+0.90,"52,610",2891
113/09/19,"85,742,053","2,870,334,256",33.50,33.65,33.30,33.50,-0.10,"26,501",2891
113/09/20,"259,368,274","8,835,555,406",33.90,34.45,33.80,34.00,+0.50,"35,878",2891
113/09/23,"182,001,849","6,395,008,216",34.75,35.50,34.40,35.35,+1.35,"50,675",2891
113/09/24,"116,413,546","4,069,556,868",35.20,35.25,34.70,35.00,-0.35,"35,163",2891
113/09/25,"96,100,612","3,346,282,292",34.85,35.00,34.60,34.95,-0.05,"24,627",2891
113/09/26,"85,481,583","2,994,250,460",35.10,35.20,34.90,35.00,+0.05,"16,701",2891
113/09/27,"94,244,771","3,269,114,675",35.00,35.05,34.50,34.60,-0.40,"26,240",2891
113/09/30,"69,208,596","2,390,176,807",34.55,34.85,34.40,34.40,-0.20,"15,651",2891
113/10/01,"32,220,882","1,113,010,370",34.45,34.70,34.40,34.70,+0.30,"9,731",2891
113/10/04,"79,475,046","2,725,060,610",34.10,34.55,34.10,34.25,-0.45,"18,650",2891
113/10/07,"44,259,047","1,537,283,620",34.50,34.90,34.35,34.90,+0.65,"13,827",2891
113/10/08,"73,104,583","2,556,300,305",35.00,35.20,34.60,35.20,+0.30,"19,821",2891
113/10/09,"56,000,118","1,960,823,485",35.15,35.35,34.80,34.90,-0.30,"15,548",2891
113/10/11,"58,031,567","2,040,551,805",35.15,35.30,35.00,35.15,+0.25,"11,856",2891
113/10/14,"58,675,106","2,078,246,341",35.25,35.60,35.10,35.60,+0.45,"16,847",2891
113/10/15,"72,559,652","2,623,345,603",35.65,36.40,35.65,36.35,+0.75,"24,630",2891
113/10/16,"79,372,524","2,875,088,686",36.10,36.40,36.00,36.30,-0.05,"27,423",2891
113/10/17,"43,673,573","1,587,347,627",36.35,36.50,36.15,36.50,+0.20,"14,810",2891
113/10/18,"74,548,261","2,760,483,066",36.55,37.30,36.50,36.90,+0.40,"25,016",2891
113/10/21,"71,107,100","2,585,442,806",37.00,37.05,36.05,36.10,-0.80,"33,769",2891
113/10/22,"40,181,450","1,461,600,692",36.05,36.60,36.00,36.60,+0.50,"14,099",2891
113/10/23,"28,457,706","1,031,703,998",36.45,36.55,36.15,36.15,-0.45,"12,035",2891
113/10/24,"40,719,625","1,465,329,924",36.05,36.25,35.90,35.90,-0.25,"14,443",2891
113/10/25,"23,809,339","857,241,038",35.90,36.15,35.90,36.10,+0.20,"9,737",2891
113/10/28,"33,337,387","1,198,593,898",36.15,36.20,35.90,35.90,-0.20,"10,151",2891
113/10/29,"48,242,452","1,727,195,245",35.90,36.10,35.65,35.85,-0.05,"12,231",2891
113/10/30,"48,029,832","1,719,798,842",35.95,35.95,35.60,35.90,+0.05,"13,648",2891
113/11/01,"79,541,502","2,797,646,167",34.20,35.90,34.20,35.70,-0.20,"24,964",2891
113/11/04,"50,832,904","1,841,695,702",35.75,36.45,35.70,36.45,+0.75,"13,394",2891
113/11/05,"40,991,833","1,496,482,536",36.20,36.65,36.20,36.65,+0.20,"12,167",2891
113/11/06,"40,995,063","1,504,225,593",36.60,36.85,36.40,36.70,+0.05,"14,831",2891
113/11/07,"49,044,623","1,807,492,401",36.70,37.10,36.60,36.90,+0.20,"15,297",2891
113/11/08,"47,242,692","1,744,981,622",37.05,37.10,36.70,36.90, 0.00,"12,352",2891
113/11/11,"48,165,979","1,782,246,104",37.15,37.20,36.75,37.20,+0.30,"13,702",2891
113/11/12,"52,795,394","1,952,827,229",37.00,37.20,36.85,37.00,-0.20,"13,988",2891
113/11/13,"57,054,133","2,090,439,190",36.80,37.00,36.35,36.55,-0.45,"18,602",2891
113/11/14,"52,753,086","1,934,419,498",36.45,36.90,36.45,36.65,+0.10,"13,506",2891
113/11/15,"45,590,713","1,684,180,335",36.65,37.15,36.65,36.80,+0.15,"13,962",2891
113/11/18,"48,679,308","1,791,208,118",36.90,37.00,36.65,36.80, 0.00,"11,941",2891
113/11/19,"49,694,910","1,826,396,840",36.80,36.95,36.60,36.85,+0.05,"11,710",2891
113/11/20,"154,358,866","5,854,690,375",37.10,38.10,37.10,38.05,+1.20,"37,332",2891
113/11/21,"69,768,643","2,645,090,747",37.75,38.05,37.65,38.05, 0.00,"16,390",2891
113/11/22,"39,893,075","1,509,442,019",38.05,38.20,37.70,37.75,-0.30,"20,848",2891
113/11/25,"133,909,616","5,032,747,217",38.20,38.35,37.35,37.35,-0.40,"15,747",2891
113/11/26,"45,721,453","1,731,392,341",37.60,38.10,37.40,38.00,+0.65,"13,881",2891
113/11/27,"43,245,209","1,633,668,688",37.85,38.00,37.55,37.70,-0.30,"14,457",2891
113/11/28,"41,786,387","1,575,472,159",37.65,37.95,37.45,37.75,+0.05,"13,118",2891
113/11/29,"51,349,149","1,925,573,844",37.50,37.75,37.25,37.40,-0.35,"13,503",2891
113/12/02,"76,998,819","2,956,998,993",37.70,38.70,37.70,38.60,+1.20,"21,819",2891
113/12/03,"61,328,103","2,376,643,538",38.70,39.00,38.45,39.00,+0.40,"21,496",2891
113/12/04,"44,197,256","1,709,922,567",39.00,39.00,38.50,38.80,-0.20,"14,909",2891
113/12/05,"31,780,090","1,239,815,420",38.80,39.15,38.80,39.05,+0.25,"10,042",2891
113/12/06,"30,342,228","1,182,492,567",39.15,39.15,38.80,39.10,+0.05,"11,334",2891
113/12/09,"31,799,720","1,240,220,398",39.10,39.15,38.85,39.05,-0.05,"14,050",2891
113/12/10,"33,519,456","1,307,454,720",39.15,39.15,38.80,39.10,+0.05,"11,200",2891
113/12/11,"33,861,059","1,321,030,482",39.00,39.20,38.85,39.10, 0.00,"11,843",2891
113/12/12,"55,039,511","2,169,117,009",39.10,39.65,38.90,39.60,+0.50,"15,567",2891
113/12/13,"41,240,038","1,628,708,889",39.45,39.60,39.30,39.60, 0.00,"13,028",2891
113/12/16,"50,942,116","2,029,194,114",39.55,39.95,39.50,39.90,+0.30,"16,112",2891
113/12/17,"56,606,909","2,250,977,640",39.75,39.90,39.40,39.90, 0.00,"15,915",2891
113/12/18,"61,697,098","2,443,429,877",39.70,40.15,39.25,39.70,-0.20,"19,541",2891
113/12/19,"68,194,049","2,674,456,688",39.15,39.50,39.00,39.40,-0.30,"22,685",2891
113/12/20,"102,448,923","3,945,165,743",38.80,38.90,38.30,38.50,-0.90,"37,223",2891
113/12/23,"53,637,045","2,102,023,098",38.80,39.45,38.60,39.30,+0.80,"17,322",2891
113/12/24,"34,598,832","1,363,575,005",39.35,39.60,39.15,39.35,+0.05,"9,186",2891
113/12/25,"29,526,964","1,162,913,857",39.50,39.65,39.25,39.25,-0.10,"8,489",2891
113/12/26,"15,767,808","621,161,859",39.45,39.45,39.30,39.45,+0.20,"7,172",2891
113/12/27,"20,835,709","823,377,883",39.30,39.65,39.25,39.45, 0.00,"7,146",2891
113/12/30,"23,571,178","933,590,147",39.50,39.80,39.35,39.45, 0.00,"8,870",2891
113/12/31,"28,991,033","1,137,446,788",39.35,39.40,39.10,39.10,-0.35,"11,441",2891
