日期,成交股數,成交金額,開盤價,最高價,最低價,收盤價,漲跌價差,成交筆數,股票代號
 99/01/04,"1,035,195","434,050,714",428.00,428.00,415.50,416.00,-5.00,875,3008
 99/01/05,"1,677,683","688,591,030",419.00,420.00,407.00,408.50,-7.50,"1,318",3008
 99/01/06,"1,731,271","709,690,568",410.00,416.50,407.50,407.50,-1.00,"1,280",3008
 99/01/07,"1,416,739","572,621,943",408.00,411.00,401.00,401.00,-6.50,"1,139",3008
 99/01/08,"1,443,043","574,410,200",401.00,403.50,395.50,397.50,-3.50,"1,136",3008
 99/01/11,"1,203,700","481,349,000",399.00,403.00,398.00,399.00,+1.50,847,3008
 99/01/12,"677,786","271,943,258",401.00,404.00,399.50,402.00,+3.00,526,3008
 99/01/13,"922,708","370,290,824",401.00,406.00,399.00,400.00,-2.00,699,3008
 99/01/14,"1,831,734","744,922,440",403.00,412.00,400.00,410.00,+10.00,"1,319",3008
 99/01/15,"3,316,759","1,383,956,503",413.00,422.00,412.00,417.00,+7.00,"2,157",3008
 99/01/18,"2,178,847","921,570,128",415.00,428.00,414.00,425.00,+8.00,"1,753",3008
 99/01/19,"2,437,711","1,004,460,299",425.00,425.00,407.00,407.00,-18.00,"1,691",3008
 99/01/20,"1,490,289","615,808,995",410.00,416.00,409.50,413.50,+6.50,"1,084",3008
 99/01/21,"809,471","332,072,110",413.50,413.50,408.00,409.00,-4.50,626,3008
 99/01/22,"1,199,378","482,142,590",407.00,407.00,398.50,403.50,-5.50,885,3008
 99/01/25,"1,085,360","443,701,240",401.00,412.00,401.00,408.50,+5.00,878,3008
 99/01/26,"1,777,133","712,774,003",406.00,412.50,390.00,391.00,-17.50,"1,373",3008
 99/01/27,"1,424,464","564,655,902",393.00,401.50,388.00,399.50,+8.50,"1,182",3008
 99/01/28,"2,385,989","985,218,935",402.00,420.00,402.00,417.00,+17.50,"1,887",3008
 99/01/29,"1,499,395","624,476,715",412.00,421.00,407.00,417.00, 0.00,"1,285",3008
 99/02/01,"894,463","368,195,166",418.00,422.00,404.00,407.50,-9.50,785,3008
 99/02/02,"977,602","400,176,018",412.00,415.50,402.00,413.00,+5.50,834,3008
 99/02/03,"3,365,145","1,433,372,625",420.00,430.00,417.00,426.00,+13.00,"2,819",3008
 99/02/04,"2,418,855","1,049,576,650",426.00,439.50,426.00,430.00,+4.00,"1,966",3008
 99/02/05,"2,026,776","838,466,488",418.50,425.50,407.00,413.00,-17.00,"1,480",3008
 99/02/06,"796,773","329,748,568",415.00,418.00,407.00,412.00,-1.00,675,3008
 99/02/08,"1,129,675","463,141,100",412.00,414.50,405.00,412.00, 0.00,921,3008
 99/02/09,"1,221,211","501,319,977",410.00,414.00,405.00,409.00,-3.00,920,3008
 99/02/10,"1,043,952","435,601,128",411.00,422.00,411.00,414.00,+5.00,903,3008
 99/02/22,"712,023","297,726,137",421.00,421.00,414.50,419.00,+5.00,555,3008
 99/02/23,"1,049,625","443,981,931",419.50,429.50,416.00,429.50,+10.50,688,3008
 99/02/24,"746,145","316,955,545",428.00,428.50,421.00,421.00,-8.50,612,3008
 99/02/25,"913,988","385,377,976",423.00,426.50,418.00,418.50,-2.50,786,3008
 99/02/26,"996,270","412,914,825",418.50,424.00,405.50,413.50,-5.00,810,3008
 99/03/01,"819,359","342,406,357",410.00,424.00,408.00,423.00,+9.50,690,3008
 99/03/02,"763,995","323,371,880",424.00,427.00,419.00,423.50,+0.50,652,3008
 99/03/03,"474,287","200,870,188",424.00,426.00,420.50,424.00,+0.50,426,3008
 99/03/04,"879,585","374,238,074",425.00,430.00,421.50,421.50,-2.50,689,3008
 99/03/05,"629,321","267,193,798",423.00,428.00,421.50,421.50, 0.00,512,3008
 99/03/08,"1,703,232","723,101,028",421.50,429.00,417.00,429.00,+7.50,"1,334",3008
 99/03/09,"723,697","309,871,579",429.00,430.50,426.00,427.00,-2.00,528,3008
 99/03/10,"1,572,677","688,599,526",429.50,442.00,429.00,438.00,+11.00,"1,306",3008
 99/03/11,"872,947","382,617,498",442.00,443.00,433.00,434.00,-4.00,682,3008
 99/03/12,"332,171","144,318,556",437.00,437.00,431.50,436.00,+2.00,281,3008
 99/03/15,"773,411","339,837,446",434.00,442.00,432.00,441.50,+5.50,696,3008
 99/03/16,"897,583","397,266,435",442.00,445.00,438.50,445.00,+3.50,668,3008
 99/03/17,"943,202","417,382,784",448.00,449.00,438.00,442.00,-3.00,776,3008
 99/03/18,"1,530,287","688,804,150",442.00,454.50,440.50,450.00,+8.00,"1,101",3008
 99/03/19,"464,732","209,220,955",450.00,454.00,445.00,449.00,-1.00,441,3008
 99/03/22,"259,663","115,473,364",449.00,449.00,443.00,445.50,-3.50,243,3008
 99/03/23,"868,769","386,150,974",445.50,448.50,439.00,446.00,+0.50,585,3008
 99/03/24,"352,243","156,387,920",446.00,448.00,441.50,442.00,-4.00,290,3008
 99/03/25,"740,219","323,068,798",442.00,443.00,433.00,434.00,-8.00,632,3008
 99/03/26,"982,295","434,545,800",435.00,448.00,432.00,440.00,+6.00,809,3008
 99/03/29,"649,985","289,724,361",445.00,449.00,442.00,442.50,+2.50,504,3008
 99/03/30,"1,995,255","912,554,280",444.00,463.50,444.00,456.00,+13.50,"1,553",3008
 99/03/31,"2,068,835","976,152,699",458.00,487.00,455.00,477.50,+21.50,"1,635",3008
 99/04/01,"2,069,989","1,009,233,203",480.00,495.00,480.00,480.50,+3.00,"1,611",3008
 99/04/02,"975,881","469,484,737",487.00,488.00,474.00,477.00,-3.50,750,3008
 99/04/06,"1,911,633","963,160,798",485.00,510.00,485.00,506.00,+29.00,"1,471",3008
 99/04/07,"1,256,285","623,895,220",505.00,505.00,490.00,492.00,-14.00,"1,136",3008
 99/04/08,"1,845,659","885,465,320",492.00,495.50,465.00,478.50,-13.50,"1,421",3008
 99/04/09,"641,448","308,232,676",481.00,487.50,470.00,487.00,+8.50,588,3008
 99/04/12,"1,140,915","550,983,530",492.00,495.00,475.00,481.00,-6.00,796,3008
 99/04/13,"870,533","417,781,438",475.00,485.00,475.00,475.50,-5.50,737,3008
 99/04/14,"1,444,479","706,052,710",481.50,493.00,481.50,490.00,+14.50,"1,225",3008
 99/04/15,"1,464,107","728,932,751",494.50,503.00,492.50,493.00,+3.00,"1,300",3008
 99/04/16,"669,526","331,753,474",497.00,499.50,490.00,499.00,+6.00,619,3008
 99/04/19,"1,636,315","820,878,500",494.00,507.00,491.50,500.00,+1.00,"1,334",3008
 99/04/20,"1,551,153","780,306,276",507.00,512.00,492.00,492.00,-8.00,"1,327",3008
 99/04/21,"1,665,714","813,564,932",499.00,502.00,479.00,487.00,-5.00,"1,421",3008
 99/04/22,"951,300","468,430,900",487.00,498.00,485.00,498.00,+11.00,883,3008
 99/04/23,"3,420,806","1,784,080,284",532.00,532.00,512.00,514.00,+16.00,"2,541",3008
 99/04/26,"1,226,292","632,898,380",518.00,521.00,512.00,515.00,+1.00,"1,019",3008
 99/04/27,"461,989","239,488,280",515.00,520.00,515.00,520.00,+5.00,447,3008
 99/04/28,"779,676","401,860,492",513.00,518.00,512.00,517.00,-3.00,555,3008
 99/04/29,"977,802","510,059,436",525.00,525.00,518.00,518.00,+1.00,826,3008
 99/04/30,"1,481,638","784,456,760",520.00,535.00,520.00,520.00,+2.00,"1,347",3008
 99/05/03,"511,450","267,333,250",520.00,528.00,520.00,525.00,+5.00,499,3008
 99/05/04,"1,318,980","677,578,660",518.00,525.00,508.00,517.00,-8.00,"1,083",3008
 99/05/05,"2,605,513","1,278,408,896",506.00,506.00,482.00,483.00,-34.00,"2,048",3008
 99/05/06,"2,072,013","1,019,363,708",485.50,498.00,485.50,489.00,+6.00,"1,645",3008
 99/05/07,"2,265,645","1,115,754,530",470.00,515.00,470.00,514.00,+25.00,"1,883",3008
 99/05/10,"1,546,968","801,947,456",513.00,525.00,510.00,517.00,+3.00,"1,338",3008
 99/05/11,"1,051,245","541,455,970",519.00,523.00,506.00,506.00,-11.00,909,3008
 99/05/12,"1,004,153","507,288,957",515.00,516.00,495.00,495.50,-10.50,864,3008
 99/05/13,"952,086","480,367,774",504.00,509.00,498.00,509.00,+13.50,796,3008
 99/05/14,"956,171","492,847,065",506.00,519.00,506.00,515.00,+6.00,798,3008
 99/05/17,"878,094","451,970,128",510.00,523.00,508.00,512.00,-3.00,794,3008
 99/05/18,"743,256","378,938,048",515.00,516.00,505.00,508.00,-4.00,613,3008
 99/05/19,"1,388,179","690,353,500",503.00,507.00,490.00,495.00,-13.00,"1,224",3008
 99/05/20,"1,224,449","602,479,641",495.00,503.00,481.00,481.00,-14.00,"1,078",3008
 99/05/21,"1,332,157","625,468,104",475.00,478.00,460.00,471.50,-9.50,"1,188",3008
 99/05/24,"711,803","341,659,152",473.00,484.50,473.00,484.00,+12.50,621,3008
 99/05/25,"1,802,941","877,855,085",480.00,493.00,478.00,480.50,-3.50,"1,505",3008
 99/05/26,"2,083,552","1,018,513,116",491.00,498.50,481.50,481.50,+1.00,"1,715",3008
 99/05/27,"1,286,285","624,870,151",478.00,489.00,478.00,486.50,+5.00,"1,026",3008
 99/05/28,"2,480,355","1,256,450,470",494.00,520.00,493.50,514.00,+27.50,"2,061",3008
 99/05/31,"2,123,234","1,122,528,020",517.00,535.00,517.00,530.00,+16.00,"1,814",3008
 99/06/01,"939,702","495,088,146",531.00,533.00,523.00,523.00,-7.00,855,3008
 99/06/02,"1,321,130","691,981,340",518.00,532.00,514.00,518.00,-5.00,"1,152",3008
 99/06/03,"850,996","449,113,892",525.00,530.00,524.00,527.00,+9.00,719,3008
 99/06/04,"1,077,054","574,143,404",530.00,540.00,526.00,526.00,-1.00,918,3008
 99/06/07,"1,386,620","717,616,400",517.00,523.00,514.00,518.00,-8.00,"1,016",3008
 99/06/08,"1,192,321","615,335,957",518.00,519.00,511.00,516.00,-2.00,983,3008
 99/06/09,"2,069,320","1,036,135,460",514.00,519.00,485.00,503.00,-13.00,"1,742",3008
 99/06/10,"801,918","403,651,008",494.00,511.00,494.00,505.00,+2.00,737,3008
 99/06/11,"1,208,438","626,678,760",515.00,523.00,513.00,520.00,+15.00,"1,064",3008
 99/06/14,"719,201","375,326,324",524.00,525.00,516.00,524.00,+4.00,627,3008
 99/06/15,"433,459","227,237,975",526.00,526.00,520.00,525.00,+1.00,403,3008
 99/06/17,"917,062","475,808,364",525.00,525.00,513.00,513.00,-12.00,788,3008
 99/06/18,"1,339,675","704,017,375",513.00,532.00,513.00,525.00,+12.00,"1,188",3008
 99/06/21,"994,987","531,316,058",533.00,538.00,528.00,533.00,+8.00,885,3008
 99/06/22,"462,370","246,149,060",533.00,537.00,528.00,533.00, 0.00,382,3008
 99/06/23,"377,135","201,073,415",533.00,537.00,530.00,531.00,-2.00,336,3008
 99/06/24,"1,036,143","558,850,791",530.00,544.00,529.00,540.00,+9.00,821,3008
 99/06/25,"902,847","481,733,451",535.00,539.00,529.00,531.00,-9.00,710,3008
 99/06/28,"362,058","191,606,450",531.00,537.00,524.00,525.00,-6.00,329,3008
 99/06/29,"770,960","410,887,400",529.00,537.00,529.00,529.00,+4.00,634,3008
 99/06/30,"836,622","434,005,196",526.00,526.00,515.00,516.00,-13.00,723,3008
 99/07/01,"569,341","296,239,320",516.00,524.00,516.00,523.00,+7.00,513,3008
 99/07/02,"557,414","288,275,726",518.00,526.00,511.00,512.00,-11.00,540,3008
 99/07/05,"1,740,438","932,788,586",512.00,547.00,512.00,547.00,+35.00,"1,477",3008
 99/07/06,"2,110,311","1,173,094,806",545.00,563.00,543.00,546.00,-1.00,"1,635",3008
 99/07/07,"1,548,640","867,796,160",549.00,575.00,544.00,569.00,+23.00,"1,318",3008
 99/07/08,"1,298,684","762,575,036",579.00,598.00,576.00,579.00,+10.00,"1,143",3008
 99/07/09,"725,938","418,065,784",579.00,590.00,566.00,568.00,-11.00,641,3008
 99/07/12,"819,014","470,355,952",568.00,581.00,565.00,568.00, 0.00,761,3008
 99/07/13,"1,600,040","941,745,400",572.00,600.00,572.00,588.00,+20.00,"1,434",3008
 99/07/14,"972,392","583,645,632",599.00,607.00,596.00,596.00,+8.00,917,3008
 99/07/15,"959,522","563,728,414",597.00,598.00,581.00,585.00,-11.00,883,3008
 99/07/16,"1,194,297","686,756,290",580.00,592.00,563.00,564.00,-21.00,"1,069",3008
 99/07/19,"1,562,920","880,260,360",561.00,576.00,556.00,556.00,-8.00,"1,325",3008
 99/07/20,"1,930,287","1,092,975,599",562.00,580.00,550.00,577.00,+21.00,"1,656",3008
 99/07/21,"1,720,667","992,019,188",583.00,590.00,561.00,561.00,-16.00,"1,501",3008
 99/07/22,"1,091,140","622,218,280",565.00,574.00,565.00,574.00,+13.00,958,3008
 99/07/23,"2,235,030","1,331,012,880",581.00,602.00,581.00,599.00,+25.00,"1,869",3008
 99/07/26,"1,268,512","755,608,104",605.00,606.00,588.00,591.00,-8.00,984,3008
 99/07/27,"924,949","549,942,063",595.00,602.00,587.00,587.00,-4.00,825,3008
 99/07/28,"541,654","318,847,244",591.00,594.00,583.00,583.00,-4.00,498,3008
 99/07/29,"1,751,653","1,053,027,983",580.00,614.00,580.00,614.00,+31.00,"1,510",3008
 99/07/30,"922,029","561,169,748",604.00,617.00,602.00,612.00,-2.00,864,3008
 99/08/02,"1,736,923","1,111,978,027",615.00,653.00,612.00,649.00,+37.00,"1,560",3008
 99/08/03,"1,944,014","1,193,519,540",648.00,648.00,604.00,604.00,-45.00,"1,583",3008
 99/08/04,"1,602,578","961,341,268",590.00,610.00,590.00,605.00,+1.00,"1,282",3008
 99/08/05,"1,769,316","1,080,703,708",605.00,620.00,600.00,613.00,+8.00,"1,404",3008
 99/08/06,"3,166,177","1,907,659,961",612.00,619.00,590.00,590.00,X0.00,"2,500",3008
 99/08/09,"1,154,028","683,131,520",590.00,599.00,587.00,587.00,-3.00,"1,036",3008
 99/08/10,"1,192,657","701,677,939",593.00,599.00,576.00,578.00,-9.00,"1,092",3008
 99/08/11,"1,379,892","783,921,196",575.00,583.00,562.00,563.00,-15.00,"1,261",3008
 99/08/12,"1,807,125","1,028,836,000",559.00,578.00,555.00,571.00,+8.00,"1,637",3008
 99/08/13,"1,373,560","789,269,600",575.00,581.00,571.00,573.00,+2.00,"1,136",3008
 99/08/16,"2,635,549","1,571,547,890",578.00,611.00,574.00,610.00,+37.00,"2,157",3008
 99/08/17,"1,672,882","1,015,393,492",609.00,613.00,602.00,606.00,-4.00,"1,373",3008
 99/08/18,"2,386,702","1,476,754,730",614.00,626.00,612.00,615.00,+9.00,"1,928",3008
 99/08/19,"1,661,408","1,015,088,672",620.00,622.00,600.00,600.00,-15.00,"1,379",3008
 99/08/20,"823,619","496,851,495",597.00,606.00,597.00,605.00,+5.00,790,3008
 99/08/23,"1,269,166","775,969,928",609.00,619.00,606.00,606.00,+1.00,"1,105",3008
 99/08/24,"1,381,565","840,080,000",618.00,620.00,600.00,600.00,-6.00,"1,235",3008
 99/08/25,"1,257,567","754,962,499",600.00,605.00,595.00,597.00,-3.00,"1,066",3008
 99/08/26,"1,233,590","744,823,820",600.00,612.00,595.00,598.00,+1.00,"1,093",3008
 99/08/27,"1,218,240","739,126,400",608.00,610.00,599.00,610.00,+12.00,966,3008
 99/08/30,"807,631","496,669,065",618.00,620.00,609.00,615.00,+5.00,744,3008
 99/08/31,"1,593,303","941,163,649",611.00,613.00,572.00,578.00,-37.00,"1,386",3008
 99/09/01,"1,244,730","739,808,920",582.00,605.00,582.00,604.00,+26.00,"1,045",3008
 99/09/02,"2,116,999","1,307,443,387",614.00,622.00,611.00,613.00,+9.00,"1,686",3008
 99/09/03,"841,081","521,598,058",625.00,625.00,617.00,618.00,+5.00,763,3008
 99/09/06,"1,220,118","768,268,868",638.00,638.00,623.00,626.00,+8.00,974,3008
 99/09/07,"996,189","627,236,070",635.00,635.00,626.00,630.00,+4.00,865,3008
 99/09/08,"632,629","395,167,609",629.00,630.00,620.00,625.00,-5.00,602,3008
 99/09/09,"1,793,148","1,142,067,684",628.00,648.00,628.00,634.00,+9.00,"1,434",3008
 99/09/10,"1,184,065","745,886,625",639.00,644.00,621.00,625.00,-9.00,"1,049",3008
 99/09/13,"2,489,858","1,625,124,144",633.00,668.00,628.00,668.00,+43.00,"2,136",3008
 99/09/14,"1,818,670","1,204,848,530",664.00,669.00,655.00,659.00,-9.00,"1,466",3008
 99/09/15,"1,245,920","806,578,320",659.00,659.00,641.00,646.00,-13.00,"1,140",3008
 99/09/16,"1,182,370","751,859,950",643.00,650.00,625.00,635.00,-11.00,"1,060",3008
 99/09/17,"1,102,827","710,266,145",636.00,650.00,635.00,635.00, 0.00,912,3008
 99/09/20,"552,648","350,255,536",635.00,641.00,628.00,632.00,-3.00,519,3008
 99/09/21,"707,503","448,573,393",634.00,640.00,627.00,635.00,+3.00,590,3008
 99/09/23,"422,605","270,064,780",635.00,643.00,634.00,636.00,+1.00,404,3008
 99/09/24,"789,905","491,234,435",633.00,633.00,617.00,620.00,-16.00,707,3008
 99/09/27,"1,075,442","679,905,902",625.00,638.00,625.00,631.00,+11.00,935,3008
 99/09/28,"2,469,006","1,498,349,714",628.00,629.00,594.00,604.00,-27.00,"2,058",3008
 99/09/29,"1,265,813","772,984,491",607.00,618.00,606.00,607.00,+3.00,"1,112",3008
 99/09/30,"1,111,688","664,220,488",607.00,614.00,593.00,595.00,-12.00,865,3008
 99/10/01,"1,230,612","742,491,320",600.00,610.00,599.00,610.00,+15.00,941,3008
 99/10/04,"785,755","471,776,835",608.00,613.00,590.00,594.00,-16.00,675,3008
 99/10/05,"945,182","555,879,108",594.00,598.00,583.00,594.00, 0.00,822,3008
 99/10/06,"956,618","580,987,980",612.00,614.00,602.00,607.00,+13.00,876,3008
 99/10/07,"764,021","459,147,234",607.00,608.00,595.00,600.00,-7.00,652,3008
 99/10/08,"709,361","425,579,708",601.00,606.00,596.00,601.00,+1.00,656,3008
 99/10/11,"456,658","274,467,458",602.00,605.00,598.00,598.00,-3.00,385,3008
 99/10/12,"865,980","508,182,280",596.00,602.00,580.00,581.00,-17.00,839,3008
 99/10/13,"3,498,014","1,929,335,700",576.00,580.00,541.00,543.00,-38.00,"2,895",3008
 99/10/14,"2,469,043","1,351,713,951",543.00,553.00,533.00,549.00,+6.00,"1,990",3008
 99/10/15,"1,266,974","687,003,856",549.00,549.00,538.00,540.00,-9.00,"1,084",3008
 99/10/18,"1,412,171","763,968,340",544.00,547.00,537.00,540.00, 0.00,"1,124",3008
 99/10/19,"1,475,832","816,856,840",541.00,563.00,541.00,560.00,+20.00,"1,330",3008
 99/10/20,"2,339,357","1,358,722,344",557.00,597.00,556.00,592.00,+32.00,"1,970",3008
 99/10/21,"2,708,565","1,649,400,955",595.00,618.00,595.00,607.00,+15.00,"2,203",3008
 99/10/22,"1,936,238","1,204,526,084",625.00,628.00,616.00,618.00,+11.00,"1,492",3008
 99/10/25,"975,073","597,727,530",618.00,619.00,609.00,610.00,-8.00,913,3008
 99/10/26,"1,069,696","652,924,824",608.00,620.00,602.00,602.00,-8.00,933,3008
 99/10/27,"1,882,813","1,113,094,044",606.00,610.00,576.00,578.00,-24.00,"1,666",3008
 99/10/28,"2,517,048","1,527,249,616",579.00,618.00,579.00,617.00,+39.00,"2,053",3008
 99/10/29,"741,367","452,389,870",615.00,615.00,606.00,607.00,-10.00,686,3008
 99/11/01,"2,079,118","1,302,198,806",610.00,636.00,610.00,615.00,+8.00,"1,697",3008
 99/11/02,"780,424","480,776,064",621.00,622.00,611.00,611.00,-4.00,683,3008
 99/11/03,"1,093,625","666,993,500",611.00,621.00,600.00,602.00,-9.00,932,3008
 99/11/04,"864,960","527,604,600",608.00,615.00,605.00,610.00,+8.00,644,3008
 99/11/05,"2,267,106","1,418,914,932",620.00,632.00,617.00,622.00,+12.00,"1,895",3008
 99/11/08,"1,101,340","671,993,400",621.00,621.00,606.00,608.00,-14.00,985,3008
 99/11/09,"797,447","486,021,329",608.00,615.00,606.00,607.00,-1.00,708,3008
 99/11/10,"1,138,665","700,364,680",612.00,623.00,608.00,612.00,+5.00,927,3008
 99/11/11,"963,817","588,172,285",613.00,620.00,603.00,605.00,-7.00,904,3008
 99/11/12,"992,278","599,821,190",603.00,611.00,601.00,603.00,-2.00,835,3008
 99/11/15,"664,586","401,156,358",603.00,607.00,600.00,604.00,+1.00,589,3008
 99/11/16,"957,745","586,940,940",606.00,617.00,601.00,610.00,+6.00,904,3008
 99/11/17,"752,732","456,844,788",606.00,614.00,603.00,606.00,-4.00,633,3008
 99/11/18,"533,523","323,652,415",610.00,612.00,603.00,605.00,-1.00,476,3008
 99/11/19,"1,239,570","757,618,370",606.00,614.00,606.00,610.00,+5.00,"1,005",3008
 99/11/22,"1,473,770","891,615,550",608.00,614.00,592.00,614.00,+4.00,"1,263",3008
 99/11/23,"956,500","583,469,000",615.00,617.00,604.00,605.00,-9.00,765,3008
 99/11/24,"555,503","336,661,315",600.00,610.00,599.00,605.00, 0.00,488,3008
 99/11/25,"1,257,246","768,373,568",605.00,615.00,604.00,608.00,+3.00,"1,050",3008
 99/11/26,"1,846,486","1,144,928,348",615.00,627.00,614.00,618.00,+10.00,"1,539",3008
 99/11/29,"2,891,342","1,853,460,642",621.00,659.00,614.00,653.00,+35.00,"2,354",3008
 99/11/30,"2,853,669","1,936,341,575",663.00,692.00,663.00,676.00,+23.00,"2,396",3008
 99/12/01,"1,897,755","1,289,938,135",682.00,689.00,674.00,679.00,+3.00,"1,574",3008
 99/12/02,"2,634,465","1,852,776,080",690.00,716.00,687.00,715.00,+36.00,"2,247",3008
 99/12/03,"2,699,854","2,002,084,982",724.00,765.00,715.00,733.00,+18.00,"2,509",3008
 99/12/06,"2,091,280","1,543,802,560",765.00,765.00,719.00,724.00,-9.00,"1,739",3008
 99/12/07,"2,180,442","1,534,924,168",724.00,732.00,695.00,700.00,-24.00,"1,903",3008
 99/12/08,"1,917,816","1,340,887,360",695.00,706.00,691.00,706.00,+6.00,"1,576",3008
 99/12/09,"1,215,648","852,140,600",710.00,715.00,693.00,696.00,-10.00,"1,088",3008
 99/12/10,"1,141,362","800,085,038",690.00,705.00,690.00,699.00,+3.00,943,3008
 99/12/13,"949,463","667,208,878",700.00,709.00,700.00,705.00,+6.00,744,3008
 99/12/14,"1,124,760","788,861,240",705.00,707.00,694.00,698.00,-7.00,944,3008
 99/12/15,"1,414,742","983,768,368",700.00,705.00,680.00,704.00,+6.00,"1,228",3008
 99/12/16,"1,257,580","869,750,200",704.00,704.00,685.00,685.00,-19.00,"1,093",3008
 99/12/17,"1,143,162","786,598,260",690.00,695.00,683.00,685.00, 0.00,987,3008
 99/12/20,"487,911","335,791,412",685.00,691.00,683.00,690.00,+5.00,443,3008
 99/12/21,"2,319,325","1,642,917,375",695.00,715.00,690.00,715.00,+25.00,"1,864",3008
 99/12/22,"2,911,022","2,158,030,346",720.00,756.00,720.00,743.00,+28.00,"2,521",3008
 99/12/23,"1,044,655","776,435,390",747.00,751.00,735.00,735.00,-8.00,979,3008
 99/12/24,"644,177","472,311,741",735.00,742.00,725.00,733.00,-2.00,615,3008
 99/12/27,"819,387","591,232,479",733.00,733.00,715.00,716.00,-17.00,684,3008
 99/12/28,"727,138","523,034,636",716.00,724.00,712.00,722.00,+6.00,711,3008
 99/12/29,"787,739","557,900,734",713.00,719.00,702.00,705.00,-17.00,703,3008
 99/12/30,"1,031,748","745,075,544",706.00,728.00,706.00,728.00,+23.00,909,3008
 99/12/31,"747,352","545,397,200",728.00,736.00,725.00,725.00,-3.00,649,3008
100/01/03,"875,795","645,382,530",735.00,743.00,733.00,734.00,+9.00,767,3008
100/01/04,"1,195,784","889,839,080",739.00,753.00,734.00,745.00,+11.00,984,3008
100/01/05,"874,096","644,885,904",745.00,747.00,731.00,737.00,-8.00,812,3008
100/01/06,"1,069,210","798,117,450",747.00,754.00,739.00,745.00,+8.00,931,3008
100/01/07,"1,000,509","749,426,750",745.00,756.00,741.00,750.00,+5.00,917,3008
100/01/10,"1,883,698","1,468,390,930",750.00,799.00,747.00,785.00,+35.00,"1,734",3008
100/01/11,"1,591,153","1,291,053,236",786.00,824.00,786.00,812.00,+27.00,"1,529",3008
100/01/12,"1,549,184","1,251,647,648",820.00,835.00,794.00,794.00,-18.00,"1,360",3008
100/01/13,"925,968","749,413,464",806.00,821.00,797.00,798.00,+4.00,889,3008
100/01/14,"856,242","694,723,230",802.00,817.00,800.00,815.00,+17.00,844,3008
100/01/17,"1,610,129","1,298,216,555",835.00,836.00,788.00,789.00,-26.00,"1,391",3008
100/01/18,"1,505,103","1,190,549,885",775.00,804.00,774.00,795.00,+6.00,"1,274",3008
100/01/19,"1,793,678","1,452,433,926",802.00,820.00,795.00,817.00,+22.00,"1,544",3008
100/01/20,"4,349,327","3,400,704,258",800.00,801.00,771.00,771.00,-46.00,"3,559",3008
100/01/21,"2,600,042","2,000,405,298",767.00,780.00,760.00,763.00,-8.00,"2,238",3008
100/01/24,"1,002,455","769,919,895",771.00,775.00,763.00,763.00, 0.00,914,3008
100/01/25,"2,297,018","1,802,016,076",770.00,795.00,770.00,782.00,+19.00,"1,994",3008
100/01/26,"2,408,871","1,913,679,187",785.00,805.00,778.00,797.00,+15.00,"2,088",3008
100/01/27,"1,617,538","1,299,430,096",805.00,816.00,791.00,791.00,-6.00,"1,455",3008
100/01/28,"1,345,871","1,079,290,284",798.00,810.00,796.00,796.00,+5.00,"1,206",3008
100/02/08,"1,872,742","1,485,463,792",816.00,816.00,770.00,774.00,-22.00,"1,655",3008
100/02/09,"1,231,486","971,612,510",782.00,800.00,775.00,785.00,+11.00,"1,163",3008
100/02/10,"998,873","784,460,448",786.00,798.00,775.00,775.00,-10.00,956,3008
100/02/11,"1,543,523","1,183,559,434",777.00,784.00,740.00,754.00,-21.00,"1,435",3008
100/02/14,"1,380,046","1,073,944,202",762.00,791.00,762.00,784.00,+30.00,"1,261",3008
100/02/15,"1,194,551","942,591,494",784.00,795.00,775.00,794.00,+10.00,"1,095",3008
100/02/16,"1,280,874","1,018,783,964",796.00,805.00,787.00,787.00,-7.00,"1,164",3008
100/02/17,"702,590","556,069,150",792.00,800.00,783.00,785.00,-2.00,657,3008
100/02/18,"1,106,847","878,647,059",792.00,799.00,786.00,797.00,+12.00,"1,011",3008
100/02/21,"998,895","795,819,315",797.00,803.00,789.00,795.00,-2.00,896,3008
100/02/22,"1,280,412","997,746,184",790.00,790.00,770.00,780.00,-15.00,"1,147",3008
100/02/23,"1,922,570","1,461,313,060",760.00,776.00,745.00,755.00,-25.00,"1,710",3008
100/02/24,"1,306,015","1,004,751,700",765.00,780.00,758.00,780.00,+25.00,"1,169",3008
100/02/25,"3,546,053","2,842,223,930",785.00,820.00,777.00,811.00,+31.00,"3,105",3008
100/03/01,"2,386,500","1,972,591,500",816.00,838.00,814.00,823.00,+12.00,"1,989",3008
100/03/02,"1,542,783","1,275,051,975",822.00,834.00,815.00,825.00,+2.00,"1,438",3008
100/03/03,"3,374,754","2,887,970,012",843.00,882.00,830.00,878.00,+53.00,"2,940",3008
100/03/04,"3,451,276","2,983,588,084",885.00,889.00,852.00,854.00,-24.00,"2,939",3008
100/03/07,"1,201,936","1,032,786,408",850.00,870.00,847.00,852.00,-2.00,"1,122",3008
100/03/08,"1,419,898","1,199,794,810",845.00,851.00,839.00,845.00,-7.00,"1,198",3008
100/03/09,"3,348,218","2,770,625,888",845.00,851.00,810.00,815.00,-30.00,"2,983",3008
100/03/10,"2,045,181","1,645,889,343",806.00,813.00,798.00,801.00,-14.00,"1,800",3008
100/03/11,"2,391,775","1,874,418,500",797.00,802.00,777.00,777.00,-24.00,"2,097",3008
100/03/14,"2,180,026","1,689,700,592",774.00,793.00,752.00,791.00,+14.00,"1,914",3008
100/03/15,"3,144,230","2,354,054,660",791.00,791.00,736.00,738.00,-53.00,"2,648",3008
100/03/16,"2,288,264","1,725,046,752",746.00,767.00,740.00,765.00,+27.00,"1,938",3008
100/03/17,"2,501,139","1,870,830,335",730.00,769.00,720.00,760.00,-5.00,"2,165",3008
100/03/18,"2,161,118","1,696,220,276",770.00,795.00,770.00,782.00,+22.00,"1,939",3008
100/03/21,"1,096,777","859,849,283",782.00,792.00,777.00,777.00,-5.00,"1,044",3008
100/03/22,"2,002,898","1,598,022,400",789.00,808.00,787.00,793.00,+16.00,"1,705",3008
100/03/23,"804,260","635,066,140",795.00,799.00,783.00,786.00,-7.00,779,3008
100/03/24,"997,857","786,750,745",793.00,797.00,783.00,784.00,-2.00,860,3008
100/03/25,"1,168,420","925,471,060",789.00,799.00,784.00,790.00,+6.00,"1,047",3008
100/03/28,"792,972","621,783,308",786.00,793.00,775.00,779.00,-11.00,759,3008
100/03/29,"820,576","637,633,312",778.00,786.00,769.00,773.00,-6.00,766,3008
100/03/30,"913,506","716,370,728",773.00,790.00,773.00,788.00,+15.00,834,3008
100/03/31,"841,168","668,286,728",799.00,799.00,787.00,796.00,+8.00,735,3008
100/04/01,"2,658,055","2,218,710,310",803.00,850.00,799.00,842.00,+46.00,"2,258",3008
100/04/06,"1,451,016","1,226,515,552",843.00,850.00,837.00,844.00,+2.00,"1,248",3008
100/04/07,"1,637,499","1,399,026,653",852.00,864.00,847.00,847.00,+3.00,"1,418",3008
100/04/08,"1,728,949","1,433,233,231",847.00,850.00,815.00,816.00,-31.00,"1,527",3008
100/04/11,"1,847,915","1,554,340,750",827.00,850.00,822.00,850.00,+34.00,"1,695",3008
100/04/12,"1,124,376","935,265,336",848.00,848.00,820.00,830.00,-20.00,"1,054",3008
100/04/13,"1,054,387","880,155,854",831.00,842.00,826.00,836.00,+6.00,970,3008
100/04/14,"1,430,740","1,203,916,560",844.00,848.00,833.00,847.00,+11.00,"1,294",3008
100/04/15,"2,118,048","1,823,647,896",853.00,872.00,851.00,852.00,+5.00,"1,862",3008
100/04/18,"841,752","723,560,720",857.00,866.00,852.00,860.00,+8.00,805,3008
100/04/19,"1,613,502","1,377,818,736",854.00,869.00,837.00,867.00,+7.00,"1,476",3008
100/04/20,"2,759,242","2,471,089,558",888.00,903.00,881.00,899.00,+32.00,"2,469",3008
100/04/21,"3,201,435","2,966,135,635",922.00,935.00,918.00,921.00,+22.00,"2,694",3008
100/04/22,"1,030,642","952,267,850",925.00,930.00,918.00,926.00,+5.00,995,3008
100/04/25,"773,350","715,323,800",929.00,932.00,911.00,928.00,+2.00,718,3008
100/04/26,"1,217,058","1,113,546,722",925.00,926.00,903.00,908.00,-20.00,"1,100",3008
100/04/27,"920,256","839,982,728",915.00,919.00,907.00,913.00,+5.00,869,3008
100/04/28,"678,481","624,216,520",919.00,926.00,915.00,917.00,+4.00,641,3008
100/04/29,"682,161","623,973,027",918.00,925.00,907.00,909.00,-8.00,652,3008
100/05/03,"1,030,127","918,836,411",917.00,917.00,872.00,889.00,-20.00,987,3008
100/05/04,"830,619","749,271,766",888.00,916.00,876.00,914.00,+25.00,782,3008
100/05/05,"1,724,889","1,605,881,437",913.00,945.00,910.00,933.00,+19.00,"1,520",3008
100/05/06,"1,452,316","1,338,599,560",933.00,941.00,908.00,910.00,-23.00,"1,315",3008
100/05/09,"590,676","541,570,484",913.00,927.00,909.00,909.00,-1.00,596,3008
100/05/10,"761,770","686,803,150",918.00,918.00,892.00,895.00,-14.00,753,3008
100/05/11,"676,095","608,262,025",904.00,905.00,895.00,895.00, 0.00,622,3008
100/05/12,"1,167,387","1,041,297,139",895.00,903.00,876.00,897.00,+2.00,"1,094",3008
100/05/13,"1,061,529","950,089,455",889.00,903.00,885.00,895.00,-2.00,970,3008
100/05/16,"908,199","802,050,722",895.00,899.00,878.00,878.00,-17.00,831,3008
100/05/17,"1,381,540","1,201,935,720",875.00,884.00,862.00,862.00,-16.00,"1,230",3008
100/05/18,"923,397","801,102,596",865.00,878.00,860.00,862.00, 0.00,836,3008
100/05/19,"1,657,010","1,475,234,920",869.00,902.00,867.00,892.00,+30.00,"1,484",3008
100/05/20,"1,122,047","1,021,471,300",910.00,922.00,900.00,900.00,+8.00,"1,048",3008
100/05/23,"950,003","855,843,727",890.00,909.00,885.00,909.00,+9.00,872,3008
100/05/24,"829,173","749,196,354",909.00,916.00,895.00,898.00,-11.00,696,3008
100/05/25,"1,004,770","895,299,390",891.00,895.00,883.00,888.00,-10.00,803,3008
100/05/26,"566,746","508,774,336",899.00,902.00,892.00,900.00,+12.00,543,3008
100/05/27,"550,411","493,615,201",905.00,905.00,890.00,891.00,-9.00,520,3008
100/05/30,"908,790","817,125,580",888.00,908.00,884.00,902.00,+11.00,879,3008
100/05/31,"2,695,648","2,505,240,768",903.00,943.00,903.00,943.00,+41.00,"2,362",3008
100/06/01,"2,705,511","2,625,605,802",941.00,995.00,938.00,985.00,+42.00,"2,356",3008
100/06/02,"1,618,763","1,590,638,214",980.00,993.00,975.00,978.00,-7.00,"1,475",3008
100/06/03,"1,233,939","1,217,627,220",978.00,997.00,975.00,980.00,+2.00,"1,090",3008
100/06/07,"840,788","829,292,968",981.00,995.00,978.00,986.00,+6.00,818,3008
100/06/08,"708,011","699,114,835",992.00,993.00,982.00,985.00,-1.00,689,3008
100/06/09,"1,156,978","1,152,918,264",993.00,"1,005.00",988.00,988.00,+3.00,"1,101",3008
100/06/10,"1,563,187","1,522,075,842","1,000.00","1,000.00",960.00,961.00,-27.00,"1,408",3008
100/06/13,"1,314,818","1,241,157,920",960.00,960.00,928.00,938.00,-23.00,"1,215",3008
100/06/14,"945,126","912,103,346",940.00,980.00,940.00,971.00,+33.00,936,3008
100/06/15,"1,843,105","1,718,207,860",968.00,968.00,917.00,932.00,-39.00,"1,679",3008
100/06/16,"1,833,473","1,662,429,700",906.00,916.00,898.00,898.00,-34.00,"1,580",3008
100/06/17,"1,871,503","1,708,099,245",901.00,919.00,901.00,915.00,+17.00,"1,364",3008
100/06/20,"1,122,776","1,017,416,400",914.00,920.00,890.00,900.00,-15.00,"1,008",3008
100/06/21,"1,440,740","1,288,201,000",903.00,915.00,871.00,892.00,-8.00,"1,251",3008
100/06/22,"1,060,700","973,560,100",926.00,926.00,910.00,912.00,+20.00,972,3008
100/06/23,"856,971","777,512,552",904.00,914.00,904.00,905.00,-7.00,719,3008
100/06/24,"813,550","738,337,100",914.00,918.00,898.00,898.00,-7.00,738,3008
100/06/27,"1,164,333","1,028,620,456",880.00,890.00,879.00,881.00,-17.00,"1,024",3008
100/06/28,"1,929,918","1,759,418,380",899.00,924.00,895.00,910.00,+29.00,"1,634",3008
100/06/29,"1,902,202","1,756,640,436",916.00,935.00,910.00,910.00, 0.00,"1,582",3008
100/06/30,"828,776","761,133,390",917.00,923.00,909.00,920.00,+10.00,742,3008
100/07/01,"1,881,178","1,805,619,262",930.00,980.00,929.00,977.00,+57.00,"1,683",3008
100/07/04,"1,867,756","1,829,046,808",993.00,994.00,966.00,966.00,-11.00,"1,630",3008
100/07/05,"909,424","878,530,888",978.00,978.00,960.00,960.00,-6.00,830,3008
100/07/06,"2,881,147","2,857,906,412",978.00,"1,005.00",978.00,996.00,+36.00,"2,383",3008
100/07/07,"1,404,973","1,368,407,351",995.00,995.00,965.00,966.00,-30.00,"1,280",3008
100/07/08,"1,902,909","1,830,131,186",976.00,988.00,941.00,947.00,-19.00,"1,661",3008
100/07/11,"1,046,751","1,001,291,707",954.00,967.00,948.00,956.00,+9.00,"1,005",3008
100/07/12,"1,344,229","1,269,503,344",950.00,967.00,924.00,933.00,-23.00,"1,321",3008
100/07/13,"1,243,279","1,173,684,655",936.00,955.00,930.00,940.00,+7.00,"1,092",3008
100/07/14,"2,804,342","2,554,940,770",948.00,953.00,889.00,932.00,-8.00,"2,487",3008
100/07/15,"1,255,368","1,153,789,976",930.00,932.00,905.00,916.00,-16.00,"1,137",3008
100/07/18,"1,125,502","1,035,606,342",928.00,928.00,902.00,922.00,+6.00,"1,067",3008
100/07/19,"1,745,955","1,655,072,890",912.00,964.00,908.00,958.00,+36.00,"1,637",3008
100/07/20,"1,946,188","1,925,944,180",983.00,999.00,983.00,986.00,+28.00,"1,634",3008
100/07/21,"574,493","565,357,619",986.00,990.00,976.00,983.00,-3.00,589,3008
100/07/22,"849,255","840,009,155",996.00,997.00,981.00,981.00,-2.00,735,3008
100/07/25,"626,296","607,028,048",980.00,980.00,963.00,963.00,-18.00,562,3008
100/07/26,"1,747,595","1,734,555,405",967.00,"1,005.00",967.00,999.00,+36.00,"1,546",3008
100/07/27,"906,661","905,693,017",998.00,"1,005.00",995.00,997.00,-2.00,816,3008
100/07/28,"701,702","693,396,874",986.00,997.00,978.00,987.00,-10.00,658,3008
100/07/29,"1,161,564","1,126,365,208",987.00,999.00,936.00,970.00,-17.00,965,3008
100/08/01,"592,631","589,939,738",995.00,999.00,982.00,998.00,+28.00,571,3008
100/08/02,"722,632","722,344,000",998.00,"1,005.00",985.00,"1,005.00",+7.00,645,3008
100/08/03,"1,162,266","1,147,626,074",970.00,"1,005.00",970.00,988.00,-17.00,914,3008
100/08/04,"2,237,444","2,162,023,472",985.00,998.00,934.00,934.00,X0.00,"1,852",3008
100/08/05,"2,606,413","2,313,615,983",870.00,919.00,869.00,886.00,-48.00,"2,164",3008
100/08/08,"2,127,696","1,904,529,832",886.00,906.00,882.00,892.00,+6.00,"1,711",3008
100/08/09,"2,104,984","1,879,971,880",860.00,950.00,856.00,948.00,+56.00,"1,857",3008
100/08/10,"1,898,335","1,825,990,580",969.00,974.00,948.00,948.00, 0.00,"1,708",3008
100/08/11,"1,373,487","1,277,704,371",925.00,945.00,915.00,928.00,-20.00,"1,255",3008
100/08/12,"1,693,544","1,548,820,792",947.00,948.00,886.00,886.00,-42.00,"1,567",3008
100/08/15,"1,070,910","960,229,390",900.00,910.00,887.00,899.00,+13.00,957,3008
100/08/16,"1,768,549","1,556,657,532",902.00,910.00,862.00,862.00,-37.00,"1,617",3008
100/08/17,"3,427,438","2,823,029,284",863.00,869.00,803.00,810.00,-52.00,"3,003",3008
100/08/18,"3,354,079","2,742,649,965",809.00,841.00,786.00,834.00,+24.00,"2,876",3008
100/08/19,"3,277,866","2,561,180,016",783.00,803.00,776.00,776.00,-58.00,"2,538",3008
100/08/22,"3,158,504","2,359,388,400",776.00,780.00,722.00,724.00,-52.00,"2,744",3008
100/08/23,"2,227,436","1,680,977,464",728.00,774.00,728.00,774.00,+50.00,"1,836",3008
100/08/24,"2,885,713","2,282,125,388",780.00,810.00,774.00,774.00, 0.00,"2,434",3008
100/08/25,"2,472,376","1,861,736,616",778.00,789.00,735.00,735.00,-39.00,"2,199",3008
100/08/26,"2,512,665","1,910,515,710",738.00,777.00,738.00,774.00,+39.00,"2,199",3008
100/08/29,"1,678,460","1,299,180,400",772.00,791.00,750.00,788.00,+14.00,"1,527",3008
100/08/30,"2,621,437","2,184,609,391",803.00,843.00,801.00,843.00,+55.00,"2,051",3008
100/08/31,"1,067,305","886,047,150",817.00,843.00,817.00,829.00,-14.00,985,3008
100/09/01,"1,521,527","1,296,901,261",840.00,867.00,840.00,843.00,+14.00,"1,463",3008
100/09/02,"930,202","792,319,114",849.00,859.00,835.00,857.00,+14.00,858,3008
100/09/05,"1,079,065","895,303,625",837.00,844.00,820.00,820.00,-37.00,981,3008
100/09/06,"3,243,555","2,543,576,015",820.00,834.00,763.00,763.00,-57.00,"2,681",3008
100/09/07,"2,123,711","1,661,109,644",784.00,792.00,770.00,792.00,+29.00,"1,862",3008
100/09/08,"2,165,474","1,724,088,888",799.00,814.00,784.00,785.00,-7.00,"1,895",3008
100/09/09,"2,499,135","2,015,330,185",780.00,832.00,770.00,831.00,+46.00,"2,238",3008
100/09/13,"1,284,601","1,034,301,790",826.00,826.00,785.00,789.00,-42.00,"1,180",3008
100/09/14,"2,174,842","1,705,656,130",805.00,815.00,756.00,765.00,-24.00,"1,981",3008
100/09/15,"1,094,730","857,789,400",794.00,794.00,776.00,780.00,+15.00,997,3008
100/09/16,"1,760,748","1,375,231,912",788.00,796.00,762.00,794.00,+14.00,"1,602",3008
100/09/19,"565,234","444,481,860",794.00,798.00,778.00,779.00,-15.00,549,3008
100/09/20,"1,058,603","826,628,194",780.00,795.00,768.00,778.00,-1.00,971,3008
100/09/21,"1,789,887","1,432,841,583",788.00,813.00,780.00,809.00,+31.00,"1,617",3008
100/09/22,"1,518,840","1,178,134,600",797.00,797.00,765.00,766.00,-43.00,"1,390",3008
100/09/23,"2,325,094","1,672,821,680",726.00,733.00,713.00,713.00,-53.00,"2,006",3008
100/09/26,"2,317,803","1,573,632,798",701.00,711.00,664.00,664.00,-49.00,"2,029",3008
100/09/27,"3,742,103","2,465,124,817",674.00,690.00,619.00,630.00,-34.00,"3,253",3008
100/09/28,"2,666,544","1,756,040,656",650.00,674.00,643.00,674.00,+44.00,"2,300",3008
100/09/29,"2,303,495","1,591,520,045",674.00,706.00,661.00,690.00,+16.00,"1,994",3008
100/09/30,"1,818,713","1,292,633,221",703.00,719.00,699.00,717.00,+27.00,"1,662",3008
100/10/03,"2,199,099","1,529,425,508",713.00,725.00,668.00,673.00,-44.00,"1,835",3008
100/10/04,"2,090,270","1,419,066,700",648.00,698.00,648.00,698.00,+25.00,"1,740",3008
100/10/05,"3,732,713","2,491,632,544",698.00,710.00,651.00,652.00,-46.00,"3,106",3008
100/10/06,"6,481,421","4,160,137,703",666.00,668.00,626.00,638.00,-14.00,"5,311",3008
100/10/07,"6,008,069","3,700,310,986",638.00,647.00,594.00,594.00,-44.00,"4,737",3008
100/10/11,"5,997,879","3,746,335,165",617.00,635.00,608.00,635.00,+41.00,"4,305",3008
100/10/12,"5,123,479","3,389,876,451",641.00,679.00,637.00,669.00,+34.00,"4,282",3008
100/10/13,"4,528,280","3,142,953,400",680.00,712.00,676.00,705.00,+36.00,"3,883",3008
100/10/14,"2,629,312","1,839,014,776",710.00,717.00,684.00,696.00,-9.00,"2,350",3008
100/10/17,"3,227,074","2,340,558,612",715.00,738.00,710.00,738.00,+42.00,"2,865",3008
100/10/18,"2,571,790","1,855,211,170",722.00,736.00,711.00,736.00,-2.00,"2,159",3008
100/10/19,"3,322,847","2,309,293,736",720.00,721.00,685.00,685.00,-51.00,"2,809",3008
100/10/20,"4,193,394","2,833,784,980",664.00,692.00,660.00,667.00,-18.00,"3,604",3008
100/10/21,"2,441,490","1,525,995,290",625.00,638.00,621.00,621.00,-46.00,"1,793",3008
100/10/24,"4,540,879","2,939,184,656",625.00,664.00,621.00,664.00,+43.00,"3,549",3008
100/10/25,"2,809,042","1,903,701,310",679.00,682.00,671.00,680.00,+16.00,"2,421",3008
100/10/26,"1,845,014","1,233,115,450",665.00,676.00,661.00,670.00,-10.00,"1,678",3008
100/10/27,"2,585,065","1,764,391,265",670.00,691.00,670.00,679.00,+9.00,"2,156",3008
100/10/28,"2,870,190","1,982,550,580",700.00,700.00,682.00,682.00,+3.00,"2,596",3008
100/10/31,"1,281,326","880,625,006",685.00,699.00,676.00,681.00,-1.00,"1,140",3008
100/11/01,"1,797,373","1,200,237,767",670.00,680.00,653.00,680.00,-1.00,"1,551",3008
100/11/02,"1,358,853","910,824,893",667.00,680.00,661.00,680.00, 0.00,"1,228",3008
100/11/03,"1,661,716","1,124,505,560",686.00,695.00,654.00,656.00,-24.00,"1,502",3008
100/11/04,"2,001,802","1,317,037,756",676.00,678.00,637.00,663.00,+7.00,"1,801",3008
100/11/07,"1,457,119","952,148,826",663.00,664.00,647.00,651.00,-12.00,"1,314",3008
100/11/08,"1,380,972","903,561,800",651.00,663.00,648.00,648.00,-3.00,"1,109",3008
100/11/09,"1,555,219","1,001,082,036",650.00,652.00,636.00,640.00,-8.00,"1,328",3008
100/11/10,"2,406,982","1,454,628,200",621.00,625.00,596.00,596.00,-44.00,"2,124",3008
100/11/11,"4,074,722","2,357,916,536",604.00,604.00,560.00,583.00,-13.00,"3,541",3008
100/11/14,"2,439,150","1,499,530,450",596.00,623.00,595.00,623.00,+40.00,"2,042",3008
100/11/15,"2,560,738","1,576,855,132",621.00,627.00,608.00,611.00,-12.00,"2,270",3008
100/11/16,"2,834,715","1,746,467,000",620.00,633.00,594.00,598.00,-13.00,"2,507",3008
100/11/17,"2,606,757","1,527,834,630",587.00,591.00,575.00,589.00,-9.00,"2,285",3008
100/11/18,"1,941,288","1,125,771,600",575.00,588.00,572.00,572.00,-17.00,"1,652",3008
100/11/21,"2,571,861","1,416,725,940",560.00,564.00,535.00,537.00,-35.00,"2,228",3008
100/11/22,"4,504,950","2,343,974,400",535.00,544.00,510.00,511.00,-26.00,"3,622",3008
100/11/23,"3,542,677","1,823,076,947",508.00,525.00,505.00,509.00,-2.00,"2,929",3008
100/11/24,"5,236,690","2,497,413,190",490.00,494.50,473.50,473.50,-35.50,"3,825",3008
100/11/25,"4,912,029","2,351,036,978",484.00,487.00,466.00,480.00,+6.50,"3,904",3008
100/11/28,"3,362,448","1,641,418,656",490.00,497.00,475.00,494.50,+14.50,"2,634",3008
100/11/29,"3,251,133","1,655,577,793",505.00,525.00,494.50,517.00,+22.50,"2,711",3008
100/11/30,"2,304,355","1,155,545,675",518.00,518.00,481.00,482.50,-34.50,"2,046",3008
100/12/01,"2,494,470","1,279,902,520",516.00,516.00,504.00,516.00,+33.50,"1,936",3008
100/12/02,"1,755,845","907,569,090",516.00,521.00,513.00,521.00,+5.00,"1,481",3008
100/12/05,"1,488,299","753,427,294",521.00,521.00,495.00,504.00,-17.00,"1,330",3008
100/12/06,"2,070,659","992,490,707",476.00,490.50,470.00,470.00,-34.00,"1,905",3008
100/12/07,"3,899,087","1,882,274,169",472.00,492.00,470.50,489.00,+19.00,"3,229",3008
100/12/08,"2,531,722","1,220,749,612",488.00,496.00,473.00,496.00,+7.00,"2,145",3008
100/12/09,"1,991,714","973,514,072",477.00,499.00,477.00,495.00,-1.00,"1,670",3008
100/12/12,"1,751,775","895,055,050",515.00,522.00,502.00,502.00,+7.00,"1,489",3008
100/12/13,"1,468,240","724,774,000",493.00,501.00,487.00,495.00,-7.00,"1,296",3008
100/12/14,"1,350,881","673,435,810",498.00,508.00,488.00,508.00,+13.00,"1,251",3008
100/12/15,"936,620","467,326,260",501.00,504.00,495.00,497.00,-11.00,844,3008
100/12/16,"1,499,949","759,175,898",501.00,513.00,499.00,502.00,+5.00,"1,355",3008
100/12/19,"1,016,538","500,826,544",497.00,500.00,488.00,488.00,-14.00,922,3008
100/12/20,"3,243,512","1,673,444,264",494.00,522.00,494.00,522.00,+34.00,"2,430",3008
100/12/21,"1,152,121","639,916,518",552.00,558.00,552.00,558.00,+36.00,807,3008
100/12/22,"3,614,924","2,051,796,908",558.00,577.00,557.00,567.00,+9.00,"2,751",3008
100/12/23,"2,020,806","1,173,498,226",584.00,592.00,570.00,570.00,+3.00,"1,585",3008
100/12/26,"1,238,866","713,064,084",575.00,584.00,570.00,572.00,+2.00,"1,034",3008
100/12/27,"1,149,754","647,352,240",572.00,578.00,555.00,555.00,-17.00,994,3008
100/12/28,"933,325","523,697,000",555.00,568.00,555.00,557.00,+2.00,836,3008
100/12/29,"1,673,177","952,036,952",553.00,576.00,550.00,576.00,+19.00,"1,509",3008
100/12/30,"1,565,422","903,788,806",583.00,588.00,566.00,566.00,-10.00,"1,309",3008
101/01/02,"1,080,750","607,583,250",573.00,573.00,553.00,553.00,-13.00,961,3008
101/01/03,"2,523,809","1,461,391,119",561.00,591.00,558.00,591.00,+38.00,"1,951",3008
101/01/04,"2,507,667","1,483,040,528",593.00,599.00,581.00,583.00,-8.00,"2,020",3008
101/01/05,"1,462,334","858,051,058",588.00,594.00,580.00,587.00,+4.00,"1,205",3008
101/01/06,"2,644,735","1,600,484,205",591.00,623.00,587.00,603.00,+16.00,"2,292",3008
101/01/09,"1,616,559","980,103,400",602.00,615.00,600.00,600.00,-3.00,"1,409",3008
101/01/10,"1,206,259","728,044,623",609.00,609.00,596.00,596.00,-4.00,975,3008
101/01/11,"1,522,821","930,210,631",601.00,618.00,601.00,611.00,+15.00,"1,371",3008
101/01/12,"1,511,809","921,721,299",611.00,615.00,605.00,611.00, 0.00,"1,067",3008
101/01/13,"1,660,559","1,005,922,400",615.00,618.00,600.00,600.00,-11.00,"1,337",3008
101/01/16,"1,658,660","978,699,760",608.00,608.00,580.00,586.00,-14.00,"1,337",3008
101/01/17,"1,745,106","1,040,238,388",592.00,607.00,580.00,595.00,+9.00,"1,530",3008
101/01/18,"1,626,950","966,504,450",592.00,600.00,588.00,589.00,-6.00,"1,339",3008
101/01/30,"1,970,015","1,230,643,450",609.00,630.00,609.00,628.00,+39.00,"1,630",3008
101/01/31,"2,674,772","1,687,088,536",626.00,646.00,620.00,636.00,+8.00,"2,068",3008
101/02/01,"2,889,895","1,902,246,910",635.00,675.00,634.00,658.00,+22.00,"2,323",3008
101/02/02,"2,597,060","1,800,699,240",668.00,704.00,668.00,704.00,+46.00,"1,920",3008
101/02/03,"1,903,430","1,336,519,320",710.00,712.00,695.00,697.00,-7.00,"1,658",3008
101/02/04,"1,582,891","1,116,359,918",710.00,716.00,697.00,697.00, 0.00,"1,368",3008
101/02/06,"1,504,889","1,023,669,631",682.00,690.00,671.00,675.00,-22.00,"1,313",3008
101/02/07,"2,389,661","1,596,240,243",666.00,683.00,656.00,660.00,-15.00,"2,003",3008
101/02/08,"2,205,230","1,513,252,080",666.00,694.00,666.00,694.00,+34.00,"1,802",3008
101/02/09,"1,564,546","1,083,936,556",691.00,701.00,684.00,685.00,-9.00,"1,373",3008
101/02/10,"5,220,848","3,335,513,024",638.00,643.00,638.00,638.00,-47.00,"3,190",3008
101/02/13,"12,095,662","7,275,216,440",595.00,610.00,594.00,610.00,-28.00,"8,153",3008
101/02/14,"5,872,824","3,640,076,648",616.00,632.00,607.00,620.00,+10.00,"4,849",3008
101/02/15,"5,680,059","3,637,594,232",625.00,656.00,625.00,640.00,+20.00,"4,425",3008
101/02/16,"3,907,142","2,460,911,608",639.00,650.00,611.00,619.00,-21.00,"3,130",3008
101/02/17,"3,124,972","1,974,886,388",639.00,644.00,620.00,626.00,+7.00,"2,653",3008
101/02/20,"1,954,113","1,222,594,512",628.00,635.00,618.00,623.00,-3.00,"1,754",3008
101/02/21,"2,085,120","1,311,326,920",623.00,638.00,618.00,638.00,+15.00,"1,712",3008
101/02/22,"4,549,396","2,971,972,608",646.00,673.00,641.00,648.00,+10.00,"3,795",3008
101/02/23,"2,614,865","1,682,969,195",641.00,652.00,636.00,638.00,-10.00,"2,109",3008
101/02/24,"1,640,566","1,050,040,504",641.00,648.00,633.00,639.00,+1.00,"1,414",3008
101/02/29,"3,163,018","2,080,450,862",650.00,666.00,648.00,659.00,+20.00,"2,645",3008
101/03/01,"2,195,718","1,439,416,880",650.00,662.00,647.00,654.00,-5.00,"1,800",3008
101/03/02,"1,450,244","953,477,308",660.00,665.00,652.00,653.00,-1.00,"1,218",3008
101/03/03,"1,322,062","870,888,734",651.00,665.00,648.00,657.00,+4.00,"1,167",3008
101/03/05,"1,607,537","1,051,736,902",660.00,665.00,646.00,646.00,-11.00,"1,429",3008
101/03/06,"2,565,160","1,675,478,600",652.00,660.00,640.00,660.00,+14.00,"2,142",3008
101/03/07,"2,685,538","1,736,558,396",653.00,658.00,638.00,639.00,-21.00,"2,393",3008
101/03/08,"1,704,059","1,092,557,760",640.00,647.00,635.00,635.00,-4.00,"1,486",3008
101/03/09,"1,103,621","704,952,819",639.00,643.00,635.00,636.00,+1.00,953,3008
101/03/12,"1,613,614","1,006,592,224",633.00,636.00,608.00,611.00,-25.00,"1,402",3008
101/03/13,"2,158,410","1,315,867,150",621.00,621.00,598.00,610.00,-1.00,"1,924",3008
101/03/14,"1,754,610","1,102,828,640",630.00,635.00,623.00,624.00,+14.00,"1,539",3008
101/03/15,"1,561,640","968,816,960",618.00,631.00,609.00,613.00,-11.00,"1,362",3008
101/03/16,"1,315,376","810,989,496",615.00,621.00,611.00,621.00,+8.00,"1,192",3008
101/03/19,"956,420","588,298,980",623.00,625.00,611.00,612.00,-9.00,850,3008
101/03/20,"1,371,953","836,104,471",616.00,619.00,602.00,602.00,-10.00,"1,264",3008
101/03/21,"1,449,265","871,405,969",602.00,608.00,598.00,599.00,-3.00,"1,264",3008
101/03/22,"1,362,969","827,751,121",600.00,617.00,600.00,602.00,+3.00,"1,267",3008
101/03/23,"1,102,181","669,443,496",603.00,612.00,601.00,612.00,+10.00,998,3008
101/03/26,"987,926","602,071,712",611.00,614.00,607.00,611.00,-1.00,924,3008
101/03/27,"822,893","502,850,730",615.00,616.00,608.00,609.00,-2.00,731,3008
101/03/28,"731,370","445,902,700",610.00,614.00,605.00,608.00,-1.00,647,3008
101/03/29,"2,890,768","1,676,146,600",606.00,606.00,570.00,570.00,-38.00,"2,560",3008
101/03/30,"2,519,297","1,426,721,557",570.00,580.00,555.00,580.00,+10.00,"2,235",3008
101/04/02,"1,603,670","909,865,540",579.00,579.00,558.00,558.00,-22.00,"1,471",3008
101/04/03,"2,832,475","1,533,155,600",561.00,565.00,524.00,532.00,-26.00,"2,408",3008
101/04/05,"2,833,379","1,475,310,765",519.00,533.00,508.00,531.00,-1.00,"2,319",3008
101/04/06,"2,543,559","1,414,088,512",539.00,568.00,535.00,568.00,+37.00,"2,219",3008
101/04/09,"1,907,260","1,056,657,080",550.00,560.00,545.00,557.00,-11.00,"1,685",3008
101/04/10,"2,348,013","1,301,582,150",568.00,573.00,538.00,547.00,-10.00,"2,001",3008
101/04/11,"1,655,723","887,425,002",542.00,546.00,527.00,540.00,-7.00,"1,398",3008
101/04/12,"1,496,167","823,899,520",540.00,561.00,537.00,558.00,+18.00,"1,347",3008
101/04/13,"1,426,670","816,125,920",569.00,580.00,563.00,573.00,+15.00,"1,204",3008
101/04/16,"612,474","347,705,076",555.00,572.00,554.00,570.00,-3.00,511,3008
101/04/17,"1,577,476","875,761,560",569.00,576.00,540.00,549.00,-21.00,"1,303",3008
101/04/18,"1,759,182","980,491,376",560.00,566.00,549.00,560.00,+11.00,"1,564",3008
101/04/19,"2,211,938","1,234,413,412",561.00,571.00,540.00,568.00,+8.00,"1,900",3008
101/04/20,"1,665,559","927,189,158",560.00,563.00,551.00,560.00,-8.00,"1,370",3008
101/04/23,"3,344,904","1,773,081,600",548.00,556.00,521.00,522.00,-38.00,"2,658",3008
101/04/24,"2,716,474","1,443,398,382",520.00,543.00,512.00,543.00,+21.00,"2,278",3008
101/04/25,"1,593,699","872,905,557",550.00,557.00,537.00,537.00,-6.00,"1,388",3008
101/04/26,"1,502,440","810,352,600",547.00,548.00,530.00,536.00,-1.00,"1,271",3008
101/04/27,"734,425","366,110,849",498.50,498.50,498.50,498.50,-37.50,574,3008
101/04/30,"812,282","376,898,848",464.00,464.00,464.00,464.00,-34.50,778,3008
101/05/02,"4,135,994","2,006,169,524",475.00,496.00,470.50,496.00,+32.00,"3,248",3008
101/05/03,"2,975,693","1,427,824,140",495.00,495.00,470.00,472.00,-24.00,"2,548",3008
101/05/04,"3,632,270","1,717,243,270",454.00,483.00,451.00,480.00,+8.00,"3,104",3008
101/05/07,"2,246,093","1,058,922,454",465.00,477.50,464.00,477.00,-3.00,"1,892",3008
101/05/08,"1,663,096","787,239,100",479.50,481.50,465.50,473.50,-3.50,"1,513",3008
101/05/09,"1,810,595","867,054,385",470.00,483.00,468.00,481.00,+7.50,"1,650",3008
101/05/10,"2,277,959","1,095,982,369",481.00,490.00,472.00,490.00,+9.00,"1,982",3008
101/05/11,"2,422,652","1,162,765,048",485.00,489.00,472.00,472.00,-18.00,"2,037",3008
101/05/14,"2,186,845","1,024,290,150",474.00,479.00,462.00,465.00,-7.00,"1,872",3008
101/05/15,"3,779,102","1,830,720,242",465.00,497.50,463.00,497.50,+32.50,"3,155",3008
101/05/16,"4,569,552","2,321,999,208",500.00,515.00,500.00,504.00,+6.50,"3,714",3008
101/05/17,"2,510,144","1,317,000,616",514.00,539.00,511.00,539.00,+35.00,"2,066",3008
101/05/18,"4,649,340","2,521,717,280",534.00,552.00,527.00,545.00,+6.00,"3,645",3008
101/05/21,"2,534,759","1,406,247,522",555.00,566.00,541.00,558.00,+13.00,"2,198",3008
101/05/22,"2,211,794","1,242,562,228",566.00,570.00,550.00,562.00,+4.00,"1,865",3008
101/05/23,"1,191,709","660,995,294",550.00,560.00,547.00,556.00,-6.00,"1,040",3008
101/05/24,"1,833,160","1,031,466,400",556.00,572.00,552.00,564.00,+8.00,"1,491",3008
101/05/25,"2,554,092","1,472,903,164",572.00,588.00,567.00,567.00,+3.00,"2,215",3008
101/05/28,"1,699,624","954,030,568",567.00,575.00,553.00,557.00,-10.00,"1,444",3008
101/05/29,"2,474,887","1,440,078,234",563.00,590.00,563.00,583.00,+26.00,"2,019",3008
101/05/30,"2,466,646","1,416,953,990",583.00,588.00,565.00,565.00,-18.00,"2,112",3008
101/05/31,"1,758,739","998,317,535",565.00,574.00,562.00,564.00,-1.00,"1,423",3008
101/06/01,"2,240,025","1,218,711,450",555.00,556.00,526.00,535.00,-29.00,"2,049",3008
101/06/04,"2,561,162","1,336,213,860",513.00,529.00,511.00,529.00,-6.00,"2,103",3008
101/06/05,"3,740,462","2,079,652,562",545.00,566.00,541.00,551.00,+22.00,"2,862",3008
101/06/06,"2,544,281","1,434,209,765",556.00,573.00,554.00,567.00,+16.00,"2,163",3008
101/06/07,"2,044,636","1,167,025,340",580.00,580.00,563.00,564.00,-3.00,"1,735",3008
101/06/08,"1,148,122","649,749,126",564.00,574.00,558.00,561.00,-3.00,"1,011",3008
101/06/11,"1,072,384","616,321,032",575.00,579.00,570.00,573.00,+12.00,980,3008
101/06/12,"814,000","461,868,000",570.00,571.00,562.00,570.00,-3.00,681,3008
101/06/13,"800,347","458,823,843",575.00,578.00,569.00,569.00,-1.00,713,3008
101/06/14,"979,558","551,953,038",569.00,572.00,560.00,560.00,-9.00,849,3008
101/06/15,"1,786,372","1,020,694,388",560.00,578.00,556.00,576.00,+16.00,"1,571",3008
101/06/18,"3,202,603","1,930,450,036",590.00,616.00,587.00,615.00,+39.00,"2,657",3008
101/06/19,"2,497,400","1,538,266,600",615.00,625.00,608.00,609.00,-6.00,"2,017",3008
101/06/20,"2,178,600","1,349,997,400",619.00,624.00,614.00,622.00,+13.00,"1,853",3008
101/06/21,"1,760,434","1,073,379,872",618.00,620.00,602.00,605.00,-17.00,"1,460",3008
101/06/22,"1,435,656","871,344,440",597.00,615.00,593.00,612.00,+7.00,"1,256",3008
101/06/25,"1,393,740","841,884,220",609.00,615.00,597.00,599.00,-13.00,"1,194",3008
101/06/26,"1,611,225","950,162,625",596.00,603.00,581.00,581.00,-18.00,"1,469",3008
101/06/27,"2,267,274","1,371,750,688",589.00,615.00,588.00,612.00,+31.00,"2,010",3008
101/06/28,"1,897,162","1,163,555,010",618.00,622.00,605.00,605.00,-7.00,"1,588",3008
101/06/29,"1,366,451","842,030,718",615.00,620.00,610.00,618.00,+13.00,"1,218",3008
101/07/02,"1,057,276","648,575,360",622.00,622.00,607.00,607.00,-11.00,957,3008
101/07/03,"1,580,589","965,213,290",610.00,619.00,604.00,604.00,-3.00,"1,283",3008
101/07/04,"1,646,035","996,779,245",612.00,614.00,600.00,606.00,+2.00,"1,349",3008
101/07/05,"1,060,054","640,168,670",610.00,610.00,600.00,602.00,-4.00,847,3008
101/07/06,"3,357,810","1,960,287,850",590.00,599.00,572.00,582.00,-20.00,"2,598",3008
101/07/09,"1,637,973","941,284,394",575.00,585.00,566.00,575.00,-7.00,"1,358",3008
101/07/10,"1,733,377","995,374,775",580.00,584.00,562.00,571.00,-4.00,"1,504",3008
101/07/11,"1,715,425","992,564,350",574.00,582.00,574.00,580.00,+9.00,"1,335",3008
101/07/12,"1,511,874","876,568,100",580.00,583.00,572.00,582.00,+2.00,"1,214",3008
101/07/13,"2,558,667","1,506,758,531",582.00,596.00,578.00,594.00,+12.00,"2,127",3008
101/07/16,"1,792,527","1,052,585,133",595.00,598.00,578.00,578.00,-16.00,"1,467",3008
101/07/17,"2,044,040","1,168,481,080",578.00,584.00,563.00,573.00,-5.00,"1,780",3008
101/07/18,"1,074,763","619,180,962",575.00,581.00,571.00,574.00,+1.00,985,3008
101/07/19,"1,313,927","769,804,149",581.00,590.00,581.00,587.00,+13.00,"1,212",3008
101/07/20,"1,069,064","628,166,280",588.00,590.00,584.00,590.00,+3.00,888,3008
101/07/23,"884,028","514,281,240",585.00,585.00,578.00,581.00,-9.00,749,3008
101/07/24,"842,288","491,264,768",580.00,589.00,577.00,589.00,+8.00,740,3008
101/07/25,"2,678,129","1,564,886,368",577.00,594.00,570.00,594.00,+5.00,"2,209",3008
101/07/26,"1,508,483","894,924,902",594.00,598.00,586.00,597.00,+3.00,"1,304",3008
101/07/27,"1,807,740","1,101,545,140",605.00,612.00,602.00,611.00,+14.00,"1,550",3008
101/07/30,"855,560","525,753,400",616.00,616.00,612.00,614.00,+3.00,787,3008
101/07/31,"1,064,631","652,197,065",614.00,617.00,608.00,615.00,+1.00,914,3008
101/08/01,"2,429,469","1,513,468,187",614.00,630.00,611.00,623.00,+8.00,"2,002",3008
101/08/03,"2,260,176","1,393,374,592",627.00,627.00,608.00,620.00,-3.00,"1,803",3008
101/08/06,"1,584,721","958,614,832",628.00,628.00,590.00,592.00,-28.00,"1,221",3008
101/08/07,"820,020","489,784,900",593.00,602.00,593.00,597.00,+5.00,672,3008
101/08/08,"1,619,278","967,647,244",592.00,602.00,592.00,598.00,+1.00,"1,214",3008
101/08/09,"3,925,370","2,359,690,330",589.00,615.00,588.00,609.00,X0.00,"3,268",3008
101/08/10,"2,248,933","1,358,760,599",599.00,610.00,599.00,601.00,-8.00,"1,813",3008
101/08/13,"1,154,043","700,748,230",607.00,611.00,601.00,610.00,+9.00,978,3008
101/08/14,"1,836,014","1,136,301,596",615.00,627.00,613.00,614.00,+4.00,"1,581",3008
101/08/15,"1,009,738","617,262,180",620.00,620.00,607.00,608.00,-6.00,892,3008
101/08/16,"959,943","589,252,774",614.00,617.00,609.00,617.00,+9.00,849,3008
101/08/17,"1,496,355","922,623,325",616.00,622.00,612.00,615.00,-2.00,"1,183",3008
101/08/20,"755,974","465,734,010",615.00,622.00,612.00,615.00, 0.00,595,3008
101/08/21,"843,149","520,561,635",615.00,620.00,615.00,615.00, 0.00,689,3008
101/08/22,"1,058,895","645,659,530",613.00,615.00,604.00,614.00,-1.00,896,3008
101/08/23,"543,967","332,690,705",612.00,614.00,608.00,614.00, 0.00,479,3008
101/08/24,"876,842","538,274,672",609.00,620.00,607.00,616.00,+2.00,805,3008
101/08/27,"3,428,535","2,178,621,795",624.00,646.00,622.00,637.00,+21.00,"2,831",3008
101/08/28,"1,915,929","1,198,561,767",633.00,639.00,618.00,619.00,-18.00,"1,589",3008
101/08/29,"884,487","547,707,401",619.00,624.00,613.00,623.00,+4.00,832,3008
101/08/30,"792,807","490,926,340",619.00,622.00,616.00,620.00,-3.00,701,3008
101/08/31,"919,990","570,066,610",612.00,623.00,611.00,623.00,+3.00,785,3008
101/09/03,"1,818,053","1,157,102,026",624.00,644.00,618.00,643.00,+20.00,"1,625",3008
101/09/04,"1,688,727","1,079,051,918",643.00,645.00,629.00,635.00,-8.00,"1,419",3008
101/09/05,"960,852","610,360,428",636.00,639.00,630.00,639.00,+4.00,869,3008
101/09/06,"2,916,863","1,899,316,046",650.00,659.00,642.00,642.00,+3.00,"2,453",3008
101/09/07,"1,540,887","1,000,345,341",657.00,659.00,643.00,643.00,+1.00,"1,362",3008
101/09/10,"957,356","623,214,824",651.00,654.00,647.00,654.00,+11.00,856,3008
101/09/11,"960,640","620,959,200",655.00,655.00,641.00,642.00,-12.00,754,3008
101/09/12,"1,816,815","1,186,202,380",647.00,659.00,645.00,651.00,+9.00,"1,539",3008
101/09/13,"1,343,301","868,460,650",655.00,656.00,643.00,645.00,-6.00,"1,023",3008
101/09/14,"3,269,666","2,148,833,566",664.00,666.00,650.00,652.00,+7.00,"2,361",3008
101/09/17,"2,214,480","1,465,943,760",657.00,669.00,655.00,660.00,+8.00,"1,795",3008
101/09/18,"911,281","598,481,179",656.00,661.00,651.00,659.00,-1.00,769,3008
101/09/19,"1,031,782","680,174,774",659.00,664.00,656.00,656.00,-3.00,898,3008
101/09/20,"596,773","391,131,315",656.00,658.00,653.00,654.00,-2.00,518,3008
101/09/21,"1,215,673","799,457,142",656.00,666.00,652.00,653.00,-1.00,"1,052",3008
101/09/24,"622,410","406,346,770",655.00,657.00,650.00,652.00,-1.00,522,3008
101/09/25,"1,521,975","976,732,075",654.00,654.00,632.00,636.00,-16.00,"1,352",3008
101/09/26,"3,299,177","2,004,229,200",618.00,625.00,596.00,596.00,-40.00,"2,846",3008
101/09/27,"1,970,750","1,188,185,100",590.00,608.00,590.00,607.00,+11.00,"1,595",3008
101/09/28,"1,366,741","832,925,089",607.00,618.00,605.00,607.00, 0.00,"1,175",3008
101/10/01,"2,104,028","1,243,830,772",600.00,604.00,580.00,593.00,-14.00,"1,813",3008
101/10/02,"1,899,785","1,153,238,635",596.00,615.00,595.00,610.00,+17.00,"1,594",3008
101/10/03,"1,036,121","633,598,052",611.00,615.00,608.00,612.00,+2.00,879,3008
101/10/04,"1,044,653","635,747,330",612.00,614.00,601.00,610.00,-2.00,925,3008
101/10/05,"1,839,539","1,138,604,414",610.00,625.00,610.00,625.00,+15.00,"1,490",3008
101/10/08,"1,536,570","942,035,120",622.00,622.00,606.00,612.00,-13.00,"1,320",3008
101/10/09,"1,616,745","977,050,980",610.00,614.00,598.00,602.00,-10.00,"1,446",3008
101/10/11,"1,319,080","797,856,240",595.00,611.00,591.00,611.00,+9.00,"1,154",3008
101/10/12,"874,634","533,623,008",610.00,613.00,606.00,612.00,+1.00,738,3008
101/10/15,"723,303","444,785,042",612.00,619.00,612.00,613.00,+1.00,586,3008
101/10/16,"790,755","487,193,080",616.00,618.00,612.00,617.00,+4.00,653,3008
101/10/17,"992,628","611,636,476",620.00,624.00,608.00,608.00,-9.00,877,3008
101/10/18,"1,058,684","649,482,924",611.00,616.00,610.00,611.00,+3.00,871,3008
101/10/19,"964,610","586,084,660",612.00,613.00,605.00,605.00,-6.00,898,3008
101/10/22,"1,159,640","690,611,360",593.00,599.00,592.00,596.00,-9.00,"1,010",3008
101/10/23,"1,122,347","670,935,159",600.00,603.00,593.00,593.00,-3.00,912,3008
101/10/24,"964,539","572,791,627",587.00,599.00,587.00,592.00,-1.00,878,3008
101/10/25,"1,403,660","841,288,360",595.00,604.00,594.00,595.00,+3.00,"1,210",3008
101/10/26,"4,449,319","2,755,177,504",606.00,625.00,606.00,616.00,+21.00,"3,188",3008
101/10/29,"1,315,203","809,645,439",621.00,624.00,607.00,610.00,-6.00,"1,165",3008
101/10/30,"1,295,280","806,904,600",616.00,628.00,615.00,620.00,+10.00,"1,111",3008
101/10/31,"810,152","504,337,544",626.00,627.00,618.00,622.00,+2.00,748,3008
101/11/01,"1,271,610","797,941,130",620.00,635.00,616.00,633.00,+11.00,"1,154",3008
101/11/02,"703,894","442,482,432",631.00,632.00,624.00,631.00,-2.00,647,3008
101/11/05,"1,299,995","798,414,910",624.00,628.00,605.00,615.00,-16.00,"1,175",3008
101/11/06,"3,640,115","2,366,788,175",658.00,658.00,641.00,645.00,+30.00,"2,357",3008
101/11/07,"4,949,591","3,349,001,790",652.00,690.00,648.00,690.00,+45.00,"3,603",3008
101/11/08,"3,420,921","2,435,225,436",690.00,726.00,689.00,718.00,+28.00,"2,874",3008
101/11/09,"2,083,664","1,476,889,784",709.00,718.00,699.00,706.00,-12.00,"1,867",3008
101/11/12,"1,500,456","1,056,296,920",710.00,721.00,691.00,694.00,-12.00,"1,346",3008
101/11/13,"1,990,141","1,375,765,303",693.00,705.00,680.00,680.00,-14.00,"1,694",3008
101/11/14,"2,246,293","1,534,377,711",682.00,692.00,677.00,683.00,+3.00,"1,688",3008
101/11/15,"1,567,820","1,085,211,260",686.00,700.00,684.00,690.00,+7.00,"1,333",3008
101/11/16,"1,422,157","972,705,132",690.00,696.00,675.00,675.00,-15.00,"1,273",3008
101/11/19,"1,312,898","903,697,212",680.00,694.00,678.00,694.00,+19.00,"1,155",3008
101/11/20,"1,464,936","1,026,303,968",703.00,709.00,686.00,686.00,-8.00,"1,295",3008
101/11/21,"940,185","651,389,945",690.00,700.00,682.00,697.00,+11.00,860,3008
101/11/22,"1,015,475","707,273,025",701.00,706.00,691.00,692.00,-5.00,819,3008
101/11/23,"2,139,193","1,516,944,995",704.00,719.00,696.00,717.00,+25.00,"1,710",3008
101/11/26,"2,734,620","2,023,479,860",721.00,757.00,721.00,754.00,+37.00,"2,389",3008
101/11/27,"1,928,099","1,468,813,349",758.00,778.00,750.00,751.00,-3.00,"1,762",3008
101/11/28,"1,277,968","963,339,840",758.00,759.00,749.00,755.00,+4.00,"1,120",3008
101/11/29,"1,197,225","916,219,225",763.00,774.00,758.00,761.00,+6.00,"1,109",3008
101/11/30,"2,240,486","1,755,992,426",764.00,794.00,764.00,794.00,+33.00,"1,914",3008
101/12/03,"1,706,524","1,343,787,244",794.00,797.00,776.00,778.00,-16.00,"1,509",3008
101/12/04,"1,280,202","1,003,276,418",781.00,792.00,777.00,787.00,+9.00,"1,155",3008
101/12/05,"1,512,214","1,202,065,842",789.00,804.00,780.00,800.00,+13.00,"1,289",3008
101/12/06,"1,916,721","1,640,520,176",856.00,856.00,854.00,856.00,+56.00,"1,042",3008
101/12/07,"3,767,193","3,282,010,980",874.00,887.00,855.00,860.00,+4.00,"3,045",3008
101/12/10,"2,234,457","1,968,800,359",860.00,899.00,860.00,879.00,+19.00,"1,932",3008
101/12/11,"2,440,752","2,106,565,240",880.00,890.00,843.00,866.00,-13.00,"2,209",3008
101/12/12,"2,053,228","1,778,454,300",875.00,879.00,854.00,859.00,-7.00,"1,762",3008
101/12/13,"2,738,535","2,327,290,425",860.00,864.00,840.00,842.00,-17.00,"2,255",3008
101/12/14,"5,335,545","4,241,903,550",801.00,814.00,784.00,784.00,-58.00,"4,185",3008
101/12/17,"5,584,089","4,170,371,038",763.00,770.00,731.00,741.00,-43.00,"4,727",3008
101/12/18,"2,949,688","2,226,193,504",751.00,759.00,749.00,755.00,+14.00,"2,477",3008
101/12/19,"3,534,930","2,750,542,670",768.00,785.00,768.00,785.00,+30.00,"3,054",3008
101/12/20,"2,282,293","1,799,306,935",785.00,796.00,777.00,796.00,+11.00,"1,937",3008
101/12/21,"1,734,703","1,353,942,825",797.00,797.00,772.00,775.00,-21.00,"1,611",3008
101/12/22,"828,620","646,358,280",780.00,787.00,776.00,777.00,+2.00,743,3008
101/12/24,"939,879","722,467,830",777.00,780.00,762.00,764.00,-13.00,836,3008
101/12/25,"851,406","660,687,522",763.00,782.00,763.00,782.00,+18.00,779,3008
101/12/26,"740,851","578,119,631",786.00,786.00,775.00,777.00,-5.00,635,3008
101/12/27,"1,448,080","1,134,049,920",775.00,792.00,773.00,773.00,-4.00,"1,277",3008
101/12/28,"806,402","627,512,756",784.00,784.00,773.00,778.00,+5.00,762,3008
102/01/02,"2,896,765","2,351,994,480",790.00,832.00,785.00,832.00,+54.00,"2,409",3008
102/01/03,"2,278,777","1,898,138,248",836.00,844.00,824.00,824.00,-8.00,"2,048",3008
102/01/04,"1,908,685","1,542,840,015",824.00,825.00,791.00,802.00,-22.00,"1,707",3008
102/01/07,"3,777,648","2,874,848,056",802.00,802.00,746.00,746.00,-56.00,"3,127",3008
102/01/08,"3,475,195","2,544,618,640",740.00,744.00,723.00,738.00,-8.00,"3,074",3008
102/01/09,"2,072,930","1,550,589,940",738.00,757.00,738.00,742.00,+4.00,"1,887",3008
102/01/10,"1,517,566","1,124,075,670",750.00,751.00,730.00,730.00,-12.00,"1,385",3008
102/01/11,"1,512,115","1,127,137,170",742.00,752.00,737.00,748.00,+18.00,"1,386",3008
102/01/14,"2,512,023","1,820,109,951",731.00,740.00,715.00,723.00,-25.00,"2,254",3008
102/01/15,"2,781,249","2,021,629,770",717.00,740.00,715.00,725.00,+2.00,"2,410",3008
102/01/16,"2,054,534","1,504,143,024",725.00,742.00,717.00,734.00,+9.00,"1,887",3008
102/01/17,"2,489,881","1,825,406,130",742.00,748.00,719.00,719.00,-15.00,"2,075",3008
102/01/18,"1,689,409","1,222,291,570",729.00,731.00,717.00,725.00,+6.00,"1,434",3008
102/01/21,"2,050,383","1,512,445,420",726.00,745.00,726.00,734.00,+9.00,"1,792",3008
102/01/22,"1,611,623","1,187,269,774",745.00,745.00,731.00,734.00, 0.00,"1,394",3008
102/01/23,"2,591,542","1,880,287,370",734.00,737.00,716.00,735.00,+1.00,"2,096",3008
102/01/24,"5,168,070","3,797,083,500",715.00,750.00,705.00,750.00,+15.00,"4,300",3008
102/01/25,"2,056,180","1,524,099,740",741.00,749.00,733.00,742.00,-8.00,"1,753",3008
102/01/28,"2,229,790","1,663,106,500",743.00,751.00,740.00,745.00,+3.00,"1,580",3008
102/01/29,"4,585,859","3,575,971,623",753.00,797.00,750.00,797.00,+52.00,"3,892",3008
102/01/30,"2,697,936","2,141,754,952",800.00,805.00,782.00,782.00,-15.00,"2,422",3008
102/01/31,"2,221,735","1,733,716,625",785.00,793.00,768.00,773.00,-9.00,"1,980",3008
102/02/01,"4,527,027","3,566,821,465",773.00,800.00,760.00,797.00,+24.00,"4,002",3008
102/02/04,"2,011,288","1,605,636,248",801.00,804.00,791.00,796.00,-1.00,"1,826",3008
102/02/05,"2,869,475","2,306,839,225",791.00,820.00,785.00,814.00,+18.00,"2,167",3008
102/02/06,"2,441,678","1,978,564,790",809.00,817.00,805.00,805.00,-9.00,"2,048",3008
102/02/18,"1,356,116","1,100,993,264",815.00,817.00,803.00,804.00,-1.00,"1,180",3008
102/02/19,"2,406,639","1,995,507,565",810.00,836.00,808.00,835.00,+31.00,"2,152",3008
102/02/20,"1,559,194","1,301,537,020",840.00,845.00,828.00,828.00,-7.00,"1,442",3008
102/02/21,"2,115,457","1,735,051,713",828.00,836.00,806.00,809.00,-19.00,"1,802",3008
102/02/22,"1,386,915","1,124,242,320",812.00,817.00,807.00,807.00,-2.00,"1,169",3008
102/02/23,"697,109","565,239,399",814.00,816.00,807.00,811.00,+4.00,627,3008
102/02/25,"1,246,643","1,004,302,043",813.00,816.00,798.00,801.00,-10.00,"1,165",3008
102/02/26,"1,365,554","1,091,314,308",797.00,805.00,790.00,802.00,+1.00,"1,148",3008
102/02/27,"1,336,571","1,067,641,774",805.00,808.00,793.00,800.00,-2.00,"1,159",3008
102/03/01,"2,023,642","1,650,680,514",805.00,824.00,803.00,817.00,+17.00,"1,821",3008
102/03/04,"939,810","763,453,480",818.00,820.00,808.00,808.00,-9.00,854,3008
102/03/05,"1,381,799","1,120,581,984",816.00,817.00,801.00,815.00,+7.00,"1,171",3008
102/03/06,"3,977,539","3,127,065,888",803.00,809.00,770.00,772.00,-43.00,"3,258",3008
102/03/07,"3,165,947","2,420,919,137",772.00,780.00,755.00,764.00,-8.00,"2,744",3008
102/03/08,"1,688,973","1,311,189,210",770.00,786.00,764.00,764.00, 0.00,"1,523",3008
102/03/11,"1,341,090","1,027,908,940",768.00,775.00,761.00,762.00,-2.00,"1,162",3008
102/03/12,"1,889,217","1,419,397,665",762.00,768.00,742.00,742.00,-20.00,"1,715",3008
102/03/13,"1,523,204","1,134,809,572",752.00,754.00,739.00,740.00,-2.00,"1,411",3008
102/03/14,"1,285,076","957,454,456",745.00,750.00,736.00,745.00,+5.00,"1,113",3008
102/03/15,"2,800,423","2,157,045,517",754.00,785.00,752.00,779.00,+34.00,"2,405",3008
102/03/18,"1,255,875","961,432,750",772.00,774.00,759.00,759.00,-20.00,"1,145",3008
102/03/19,"2,223,305","1,662,518,665",759.00,759.00,740.00,751.00,-8.00,"1,829",3008
102/03/20,"1,486,488","1,110,814,976",745.00,752.00,742.00,751.00, 0.00,"1,190",3008
102/03/21,"1,125,227","850,581,839",755.00,762.00,751.00,751.00, 0.00,995,3008
102/03/22,"734,337","552,908,131",753.00,761.00,748.00,750.00,-1.00,683,3008
102/03/25,"916,872","686,749,384",756.00,758.00,745.00,745.00,-5.00,877,3008
102/03/26,"1,828,356","1,399,113,764",750.00,776.00,750.00,769.00,+24.00,"1,622",3008
102/03/27,"1,879,672","1,457,777,504",770.00,789.00,765.00,782.00,+13.00,"1,677",3008
102/03/28,"926,817","722,439,528",782.00,787.00,774.00,780.00,-2.00,857,3008
102/03/29,"892,460","695,633,560",786.00,786.00,774.00,783.00,+3.00,742,3008
102/04/01,"620,796","481,122,492",783.00,783.00,772.00,772.00,-11.00,556,3008
102/04/02,"836,446","638,861,298",765.00,768.00,758.00,763.00,-9.00,782,3008
102/04/03,"830,535","642,229,230",765.00,778.00,765.00,778.00,+15.00,733,3008
102/04/08,"1,086,276","830,487,968",766.00,770.00,760.00,766.00,-12.00,997,3008
102/04/09,"1,259,426","979,501,446",766.00,787.00,766.00,771.00,+5.00,"1,166",3008
102/04/10,"1,123,743","874,357,054",779.00,784.00,771.00,778.00,+7.00,"1,021",3008
102/04/11,"1,526,839","1,207,766,810",782.00,797.00,782.00,791.00,+13.00,"1,367",3008
102/04/12,"1,514,919","1,173,994,982",788.00,788.00,765.00,772.00,-19.00,"1,282",3008
102/04/15,"1,441,806","1,094,481,232",770.00,772.00,747.00,765.00,-7.00,"1,250",3008
102/04/16,"892,539","671,040,796",760.00,760.00,747.00,755.00,-10.00,820,3008
102/04/17,"1,061,085","797,871,005",758.00,763.00,745.00,746.00,-9.00,916,3008
102/04/18,"1,972,671","1,425,107,566",731.00,735.00,710.00,722.00,-24.00,"1,736",3008
102/04/19,"3,311,735","2,377,389,550",710.00,727.00,710.00,716.00,-6.00,"2,858",3008
102/04/22,"2,230,706","1,591,622,790",716.00,722.00,706.00,708.00,-8.00,"2,002",3008
102/04/23,"2,923,882","2,051,461,400",708.00,715.00,696.00,696.00,-12.00,"2,502",3008
102/04/24,"1,673,737","1,182,547,744",702.00,711.00,702.00,706.00,+10.00,"1,501",3008
102/04/25,"2,746,938","1,896,253,972",702.00,705.00,681.00,688.00,-18.00,"2,418",3008
102/04/26,"1,493,277","1,099,051,872",736.00,736.00,736.00,736.00,+48.00,"1,148",3008
102/04/29,"6,029,834","4,722,514,358",786.00,787.00,774.00,787.00,+51.00,"4,691",3008
102/04/30,"3,644,488","2,917,933,328",791.00,814.00,786.00,806.00,+19.00,"3,214",3008
102/05/02,"1,778,485","1,434,955,365",806.00,812.00,797.00,812.00,+6.00,"1,587",3008
102/05/03,"2,010,120","1,633,919,200",815.00,816.00,810.00,810.00,-2.00,"1,660",3008
102/05/06,"2,794,742","2,359,751,764",838.00,853.00,836.00,842.00,+32.00,"2,365",3008
102/05/07,"1,266,741","1,062,077,699",843.00,846.00,833.00,840.00,-2.00,"1,178",3008
102/05/08,"1,043,263","876,923,446",845.00,845.00,833.00,842.00,+2.00,947,3008
102/05/09,"1,570,014","1,335,564,900",849.00,855.00,847.00,850.00,+8.00,"1,314",3008
102/05/10,"862,516","726,731,988",835.00,845.00,835.00,845.00,-5.00,837,3008
102/05/13,"1,080,661","900,930,664",845.00,845.00,827.00,827.00,-18.00,929,3008
102/05/14,"1,348,632","1,134,256,936",827.00,850.00,827.00,850.00,+23.00,"1,249",3008
102/05/15,"3,952,878","3,488,943,200",850.00,909.00,846.00,901.00,+51.00,"3,441",3008
102/05/16,"3,143,324","2,960,196,096",910.00,959.00,910.00,957.00,+56.00,"2,740",3008
102/05/17,"1,664,896","1,594,138,720",960.00,973.00,949.00,949.00,-8.00,"1,529",3008
102/05/20,"761,612","721,579,116",946.00,957.00,942.00,945.00,-4.00,685,3008
102/05/21,"1,702,341","1,668,148,521",955.00,996.00,955.00,981.00,+36.00,"1,621",3008
102/05/22,"1,406,949","1,370,808,785",990.00,996.00,963.00,963.00,-18.00,"1,324",3008
102/05/23,"1,536,654","1,453,611,220",958.00,960.00,928.00,930.00,-33.00,"1,414",3008
102/05/24,"2,068,511","1,980,981,005",950.00,974.00,942.00,955.00,+25.00,"1,860",3008
102/05/27,"819,993","794,862,210",965.00,978.00,963.00,966.00,+11.00,789,3008
102/05/28,"2,188,719","2,168,323,562",975.00,"1,005.00",969.00,"1,000.00",+34.00,"2,013",3008
102/05/29,"1,026,863","1,022,057,370","1,000.00","1,000.00",990.00,990.00,-10.00,976,3008
102/05/30,"1,185,501","1,171,467,982",983.00,"1,005.00",979.00,982.00,-8.00,"1,081",3008
102/05/31,"1,671,843","1,635,974,239",996.00,"1,005.00",962.00,973.00,-9.00,"1,417",3008
102/06/03,"1,181,030","1,131,079,830",955.00,965.00,950.00,959.00,-14.00,"1,058",3008
102/06/04,"1,535,471","1,510,094,290",965.00,997.00,965.00,990.00,+31.00,"1,486",3008
102/06/05,"851,873","842,539,143",997.00,997.00,981.00,991.00,+1.00,810,3008
102/06/06,"1,346,385","1,319,507,070",986.00,990.00,968.00,982.00,-9.00,"1,276",3008
102/06/07,"1,474,324","1,448,262,984",983.00,995.00,966.00,969.00,-13.00,"1,279",3008
102/06/10,"3,110,412","3,147,787,360",986.00,"1,035.00",986.00,"1,035.00",+66.00,"2,545",3008
102/06/11,"1,637,221","1,654,392,000","1,030.00","1,030.00",999.00,"1,000.00",-35.00,"1,385",3008
102/06/13,"2,466,443","2,394,292,622",987.00,992.00,944.00,951.00,-49.00,"2,125",3008
102/06/14,"1,718,347","1,675,336,713",961.00,988.00,961.00,979.00,+28.00,"1,564",3008
102/06/17,"1,036,530","1,037,987,000",990.00,"1,010.00",990.00,"1,000.00",+21.00,943,3008
102/06/18,"1,216,463","1,204,477,055","1,000.00","1,000.00",980.00,985.00,-15.00,"1,018",3008
102/06/19,"1,300,253","1,292,684,470","1,000.00","1,005.00",985.00,986.00,+1.00,"1,058",3008
102/06/20,"1,881,004","1,824,450,880",976.00,986.00,956.00,975.00,-11.00,"1,595",3008
102/06/21,"3,303,375","3,095,813,625",955.00,965.00,910.00,922.00,-53.00,"2,878",3008
102/06/24,"1,478,705","1,391,422,700",925.00,948.00,925.00,940.00,+18.00,"1,323",3008
102/06/25,"2,454,334","2,255,567,614",940.00,947.00,900.00,921.00,-19.00,"2,280",3008
102/06/26,"1,718,841","1,609,902,925",950.00,955.00,920.00,920.00,-1.00,"1,525",3008
102/06/27,"1,749,986","1,624,186,910",931.00,938.00,912.00,932.00,+12.00,"1,417",3008
102/06/28,"1,760,969","1,674,468,240",935.00,960.00,935.00,960.00,+28.00,"1,572",3008
102/07/01,"1,498,212","1,459,166,608",960.00,992.00,950.00,984.00,+24.00,"1,363",3008
102/07/02,"878,958","863,160,218",984.00,991.00,975.00,976.00,-8.00,813,3008
102/07/03,"1,021,795","983,790,200",976.00,981.00,951.00,953.00,-23.00,927,3008
102/07/04,"2,029,351","1,885,484,099",965.00,965.00,915.00,917.00,-36.00,"1,823",3008
102/07/05,"2,308,849","2,132,378,550",923.00,945.00,902.00,945.00,+28.00,"2,173",3008
102/07/08,"2,010,992","1,868,241,568",954.00,958.00,911.00,920.00,-25.00,"1,790",3008
102/07/09,"2,175,616","1,985,528,496",910.00,935.00,890.00,929.00,+9.00,"1,997",3008
102/07/10,"2,348,272","2,221,071,400",935.00,956.00,929.00,950.00,+21.00,"2,123",3008
102/07/11,"3,053,399","3,005,302,015",964.00,999.00,964.00,990.00,+40.00,"2,648",3008
102/07/12,"1,338,000","1,314,427,000",988.00,996.00,970.00,970.00,-20.00,"1,183",3008
102/07/15,"1,318,483","1,295,763,408",970.00,994.00,970.00,976.00,+6.00,"1,208",3008
102/07/16,"1,288,676","1,271,886,508",990.00,997.00,980.00,983.00,+7.00,"1,162",3008
102/07/17,"1,249,267","1,213,275,257",983.00,987.00,964.00,966.00,-17.00,"1,174",3008
102/07/18,"2,003,947","1,896,038,286",967.00,979.00,928.00,932.00,-34.00,"1,800",3008
102/07/19,"4,001,680","3,496,570,600",900.00,916.00,867.00,867.00,-65.00,"3,249",3008
102/07/22,"2,439,140","2,123,830,920",867.00,883.00,858.00,873.00,+6.00,"2,215",3008
102/07/23,"2,915,278","2,573,237,030",882.00,906.00,856.00,875.00,+2.00,"2,621",3008
102/07/24,"2,803,325","2,517,669,825",887.00,912.00,887.00,890.00,+15.00,"2,501",3008
102/07/25,"2,886,401","2,646,115,341",915.00,935.00,902.00,935.00,+45.00,"2,523",3008
102/07/26,"1,604,654","1,604,654,000","1,000.00","1,000.00","1,000.00","1,000.00",+65.00,"1,257",3008
102/07/29,"5,017,262","5,318,819,860","1,070.00","1,070.00","1,020.00","1,035.00",+35.00,"3,562",3008
102/07/30,"2,319,462","2,472,219,340","1,050.00","1,075.00","1,050.00","1,075.00",+40.00,"1,976",3008
102/07/31,"1,374,835","1,439,183,400","1,070.00","1,070.00","1,035.00","1,040.00",-35.00,"1,142",3008
102/08/01,"801,384","835,976,280","1,040.00","1,050.00","1,035.00","1,045.00",+5.00,676,3008
102/08/02,"1,043,826","1,086,719,910","1,050.00","1,060.00","1,025.00","1,035.00",-10.00,814,3008
102/08/05,"827,983","871,751,980","1,060.00","1,060.00","1,040.00","1,060.00",+25.00,711,3008
102/08/06,"1,172,913","1,219,754,520","1,060.00","1,060.00","1,020.00","1,040.00",-20.00,"1,062",3008
102/08/07,"811,743","830,772,860","1,015.00","1,035.00","1,010.00","1,020.00",-20.00,724,3008
102/08/08,"979,983","1,019,822,235","1,035.00","1,050.00","1,025.00","1,050.00",+30.00,829,3008
102/08/09,"467,799","485,271,965","1,045.00","1,045.00","1,030.00","1,040.00",-10.00,463,3008
102/08/12,"1,739,098","1,862,955,350","1,050.00","1,085.00","1,040.00","1,075.00",+35.00,"1,502",3008
102/08/13,"2,026,819","2,229,488,185","1,075.00","1,120.00","1,065.00","1,120.00",+45.00,"1,696",3008
102/08/14,"805,743","896,752,300","1,120.00","1,130.00","1,105.00","1,105.00",-15.00,756,3008
102/08/15,"1,224,225","1,324,951,875","1,090.00","1,110.00","1,065.00","1,075.00",-30.00,"1,111",3008
102/08/16,"976,528","1,053,477,880","1,065.00","1,090.00","1,060.00","1,085.00",+10.00,807,3008
102/08/19,"1,234,815","1,334,203,350","1,090.00","1,095.00","1,060.00","1,085.00", 0.00,994,3008
102/08/20,"1,069,541","1,138,265,570","1,090.00","1,090.00","1,045.00","1,055.00",-30.00,982,3008
102/08/22,"1,702,757","1,806,317,560","1,050.00","1,080.00","1,040.00","1,080.00",+25.00,"1,272",3008
102/08/23,"1,584,821","1,675,274,365","1,075.00","1,075.00","1,040.00","1,040.00",X0.00,"1,263",3008
102/08/26,"1,052,203","1,108,108,225","1,045.00","1,065.00","1,040.00","1,060.00",+20.00,920,3008
102/08/27,"1,599,154","1,629,710,000","1,055.00","1,060.00",992.00,992.00,-68.00,"1,396",3008
102/08/28,"2,013,665","2,035,850,950",992.00,"1,030.00",985.00,"1,015.00",+23.00,"1,738",3008
102/08/29,"718,912","733,274,360","1,015.00","1,030.00","1,010.00","1,020.00",+5.00,625,3008
102/08/30,"1,465,825","1,511,057,125","1,030.00","1,045.00","1,015.00","1,045.00",+25.00,"1,173",3008
102/09/02,"615,498","639,725,410","1,045.00","1,045.00","1,030.00","1,040.00",-5.00,556,3008
102/09/03,"886,897","934,657,880","1,050.00","1,065.00","1,040.00","1,050.00",+10.00,758,3008
102/09/04,"697,140","725,244,200","1,055.00","1,055.00","1,030.00","1,035.00",-15.00,628,3008
102/09/05,"1,456,002","1,519,407,110","1,050.00","1,055.00","1,030.00","1,050.00",+15.00,"1,240",3008
102/09/06,"2,062,782","2,104,357,640","1,050.00","1,050.00","1,000.00","1,010.00",-40.00,"1,703",3008
102/09/09,"891,079","908,439,790","1,020.00","1,030.00","1,010.00","1,010.00", 0.00,818,3008
102/09/10,"745,510","757,875,100","1,025.00","1,030.00","1,010.00","1,010.00", 0.00,646,3008
102/09/11,"4,496,021","4,316,894,034","1,015.00","1,015.00",940.00,945.00,-65.00,"3,530",3008
102/09/12,"3,411,281","3,169,863,950",920.00,947.00,906.00,942.00,-3.00,"3,085",3008
102/09/13,"1,619,101","1,528,286,950",942.00,955.00,936.00,940.00,-2.00,"1,400",3008
102/09/14,"1,273,175","1,177,636,500",940.00,945.00,908.00,935.00,-5.00,"1,216",3008
102/09/16,"3,046,156","2,995,729,000",954.00,"1,000.00",951.00,"1,000.00",+65.00,"2,537",3008
102/09/17,"2,046,972","2,016,337,280",991.00,994.00,971.00,990.00,-10.00,"1,835",3008
102/09/18,"1,167,214","1,157,799,432",993.00,"1,005.00",985.00,985.00,-5.00,989,3008
102/09/23,"1,024,860","1,014,415,700",990.00,995.00,981.00,995.00,+10.00,849,3008
102/09/24,"1,982,937","2,024,621,370","1,015.00","1,035.00","1,010.00","1,010.00",+15.00,"1,546",3008
102/09/25,"900,634","906,399,510","1,010.00","1,015.00",997.00,"1,015.00",+5.00,776,3008
102/09/26,"1,273,536","1,261,444,320","1,015.00","1,015.00",980.00,988.00,-27.00,"1,169",3008
102/09/27,"781,224","773,015,984",980.00,995.00,980.00,994.00,+6.00,749,3008
102/09/30,"731,223","724,882,993",985.00,997.00,982.00,995.00,+1.00,670,3008
102/10/01,"821,480","819,923,400",995.00,"1,005.00",992.00,996.00,+1.00,742,3008
102/10/02,"525,953","524,942,282","1,000.00","1,010.00",990.00,990.00,-6.00,487,3008
102/10/03,"1,337,219","1,357,275,380",990.00,"1,030.00",990.00,"1,020.00",+30.00,"1,196",3008
102/10/04,"813,056","831,517,680","1,020.00","1,030.00","1,010.00","1,030.00",+10.00,753,3008
102/10/07,"954,650","963,043,250","1,020.00","1,020.00","1,000.00","1,000.00",-30.00,870,3008
102/10/08,"560,530","560,797,650","1,000.00","1,010.00",992.00,"1,000.00", 0.00,500,3008
102/10/09,"817,425","813,717,000",993.00,"1,000.00",991.00,995.00,-5.00,747,3008
102/10/11,"936,872","939,321,360","1,010.00","1,015.00",995.00,995.00, 0.00,776,3008
102/10/14,"1,147,084","1,120,827,068",990.00,997.00,962.00,970.00,-25.00,"1,046",3008
102/10/15,"793,084","784,488,412",975.00,996.00,975.00,993.00,+23.00,752,3008
102/10/16,"1,322,584","1,280,996,400",991.00,997.00,950.00,960.00,-33.00,"1,247",3008
102/10/17,"1,089,330","1,057,873,080",975.00,982.00,961.00,968.00,+8.00,981,3008
102/10/18,"652,504","632,522,936",968.00,975.00,963.00,973.00,+5.00,616,3008
102/10/21,"707,351","697,887,543",980.00,993.00,973.00,989.00,+16.00,658,3008
102/10/22,"653,997","648,630,039",996.00,997.00,982.00,987.00,-2.00,604,3008
102/10/23,"898,611","892,131,723",999.00,"1,005.00",982.00,982.00,-5.00,823,3008
102/10/24,"1,102,408","1,102,484,040",993.00,"1,010.00",986.00,"1,005.00",+23.00,"1,031",3008
102/10/25,"677,507","672,507,958","1,000.00","1,005.00",986.00,990.00,-15.00,592,3008
102/10/28,"681,550","678,698,000",990.00,"1,010.00",989.00,990.00, 0.00,635,3008
102/10/29,"784,366","782,980,300",998.00,"1,005.00",989.00,"1,005.00",+15.00,712,3008
102/10/30,"602,655","603,214,000","1,005.00","1,010.00",996.00,"1,000.00",-5.00,533,3008
102/10/31,"1,810,509","1,785,367,545","1,000.00","1,000.00",968.00,"1,000.00", 0.00,"1,566",3008
102/11/01,"1,631,279","1,635,100,790","1,010.00","1,015.00",987.00,997.00,-3.00,"1,393",3008
102/11/04,"538,460","532,965,300",996.00,996.00,980.00,994.00,-3.00,498,3008
102/11/05,"1,319,942","1,334,223,710",999.00,"1,025.00",997.00,"1,005.00",+11.00,"1,166",3008
102/11/06,"1,052,837","1,045,025,185","1,005.00","1,005.00",983.00,992.00,-13.00,970,3008
102/11/07,"658,837","661,222,665",991.00,"1,010.00",990.00,"1,005.00",+13.00,646,3008
102/11/08,"518,696","519,327,000","1,000.00","1,005.00",995.00,"1,005.00", 0.00,436,3008
102/11/11,"256,330","257,224,300","1,005.00","1,010.00",996.00,"1,005.00", 0.00,240,3008
102/11/12,"771,677","769,946,000","1,005.00","1,010.00",986.00,998.00,-7.00,701,3008
102/11/13,"484,651","483,989,698",998.00,"1,005.00",993.00,993.00,-5.00,436,3008
102/11/14,"349,935","349,080,750",995.00,"1,005.00",992.00,996.00,+3.00,361,3008
102/11/15,"389,556","388,694,664","1,005.00","1,005.00",993.00,994.00,-2.00,388,3008
102/11/18,"336,180","336,364,000",995.00,"1,005.00",995.00,"1,005.00",+11.00,323,3008
102/11/19,"2,434,476","2,537,371,940","1,010.00","1,075.00","1,000.00","1,065.00",+60.00,"2,071",3008
102/11/20,"1,099,981","1,177,889,955","1,075.00","1,090.00","1,055.00","1,055.00",-10.00,"1,040",3008
102/11/21,"1,143,876","1,172,359,140","1,055.00","1,060.00","1,005.00","1,005.00",-50.00,"1,001",3008
102/11/22,"718,937","730,930,740","1,010.00","1,025.00","1,005.00","1,005.00", 0.00,649,3008
102/11/25,"346,893","354,285,860","1,020.00","1,025.00","1,015.00","1,025.00",+20.00,329,3008
102/11/26,"731,779","758,739,465","1,030.00","1,045.00","1,020.00","1,045.00",+20.00,643,3008
102/11/27,"337,759","351,364,720","1,045.00","1,045.00","1,035.00","1,040.00",-5.00,327,3008
102/11/28,"686,502","716,074,570","1,045.00","1,055.00","1,030.00","1,035.00",-5.00,612,3008
102/11/29,"970,217","1,025,908,935","1,035.00","1,070.00","1,035.00","1,055.00",+20.00,865,3008
102/12/02,"466,201","492,112,055","1,055.00","1,065.00","1,045.00","1,055.00", 0.00,424,3008
102/12/03,"534,028","565,090,695","1,055.00","1,070.00","1,040.00","1,070.00",+15.00,445,3008
102/12/04,"573,182","614,865,650","1,070.00","1,080.00","1,060.00","1,075.00",+5.00,548,3008
102/12/05,"1,561,345","1,705,302,600","1,080.00","1,110.00","1,070.00","1,080.00",+5.00,"1,294",3008
102/12/06,"2,009,597","2,226,451,625","1,090.00","1,130.00","1,075.00","1,130.00",+50.00,"1,769",3008
102/12/09,"984,827","1,114,269,700","1,140.00","1,145.00","1,105.00","1,105.00",-25.00,897,3008
102/12/10,"616,030","695,764,200","1,120.00","1,140.00","1,115.00","1,140.00",+35.00,609,3008
102/12/11,"1,416,560","1,655,380,200","1,140.00","1,190.00","1,140.00","1,170.00",+30.00,"1,220",3008
102/12/12,"699,379","806,142,060","1,165.00","1,170.00","1,140.00","1,145.00",-25.00,661,3008
102/12/13,"516,989","587,442,350","1,145.00","1,150.00","1,125.00","1,125.00",-20.00,484,3008
102/12/16,"430,470","480,641,700","1,125.00","1,125.00","1,110.00","1,110.00",-15.00,419,3008
102/12/17,"653,877","745,938,550","1,125.00","1,150.00","1,120.00","1,150.00",+40.00,649,3008
102/12/18,"1,026,764","1,192,895,060","1,155.00","1,170.00","1,150.00","1,165.00",+15.00,791,3008
102/12/19,"745,273","864,768,950","1,175.00","1,185.00","1,145.00","1,145.00",-20.00,694,3008
102/12/20,"1,186,835","1,398,548,650","1,165.00","1,195.00","1,155.00","1,190.00",+45.00,"1,070",3008
102/12/23,"842,971","1,014,344,910","1,190.00","1,220.00","1,190.00","1,210.00",+20.00,805,3008
102/12/24,"808,768","981,290,440","1,215.00","1,235.00","1,205.00","1,205.00",-5.00,716,3008
102/12/25,"580,806","691,758,320","1,205.00","1,220.00","1,170.00","1,195.00",-10.00,505,3008
102/12/26,"339,967","405,020,400","1,185.00","1,200.00","1,180.00","1,200.00",+5.00,342,3008
102/12/27,"581,023","698,477,600","1,210.00","1,210.00","1,195.00","1,200.00", 0.00,520,3008
102/12/30,"612,287","745,948,010","1,210.00","1,230.00","1,205.00","1,230.00",+30.00,528,3008
102/12/31,"718,300","885,570,000","1,235.00","1,250.00","1,210.00","1,215.00",-15.00,641,3008
103/01/02,"715,954","866,123,880","1,215.00","1,230.00","1,200.00","1,205.00",-10.00,655,3008
103/01/03,"965,142","1,157,896,820","1,205.00","1,215.00","1,190.00","1,215.00",+10.00,764,3008
103/01/06,"1,288,638","1,522,337,840","1,215.00","1,215.00","1,160.00","1,175.00",-40.00,"1,170",3008
103/01/07,"1,095,490","1,284,730,650","1,185.00","1,185.00","1,165.00","1,180.00",+5.00,823,3008
103/01/08,"1,523,464","1,748,713,600","1,185.00","1,185.00","1,105.00","1,135.00",-45.00,"1,351",3008
103/01/09,"1,154,687","1,307,965,355","1,130.00","1,150.00","1,110.00","1,130.00",-5.00,"1,054",3008
103/01/10,"959,581","1,095,776,055","1,150.00","1,155.00","1,130.00","1,150.00",+20.00,772,3008
103/01/13,"807,905","940,173,375","1,160.00","1,185.00","1,150.00","1,150.00", 0.00,684,3008
103/01/14,"701,962","792,422,250","1,145.00","1,150.00","1,115.00","1,115.00",-35.00,632,3008
103/01/15,"1,737,518","2,039,831,420","1,130.00","1,190.00","1,130.00","1,190.00",+75.00,"1,452",3008
103/01/16,"843,845","999,204,425","1,190.00","1,195.00","1,170.00","1,175.00",-15.00,774,3008
103/01/17,"1,101,764","1,329,309,440","1,170.00","1,220.00","1,170.00","1,210.00",+35.00,971,3008
103/01/20,"981,985","1,214,376,550","1,205.00","1,250.00","1,205.00","1,230.00",+20.00,924,3008
103/01/21,"932,497","1,159,338,765","1,235.00","1,255.00","1,225.00","1,250.00",+20.00,844,3008
103/01/22,"847,077","1,049,350,480","1,255.00","1,255.00","1,225.00","1,245.00",-5.00,795,3008
103/01/23,"2,338,162","2,777,801,020","1,245.00","1,245.00","1,160.00","1,185.00",-60.00,"1,921",3008
103/01/24,"1,425,695","1,687,968,150","1,205.00","1,215.00","1,160.00","1,160.00",-25.00,"1,267",3008
103/01/27,"1,011,954","1,185,181,410","1,145.00","1,195.00","1,140.00","1,165.00",+5.00,923,3008
103/02/05,"1,047,977","1,196,428,550","1,135.00","1,155.00","1,120.00","1,145.00",-20.00,973,3008
103/02/06,"1,276,550","1,447,697,500","1,135.00","1,150.00","1,115.00","1,150.00",+5.00,"1,128",3008
103/02/07,"529,157","614,967,120","1,165.00","1,170.00","1,150.00","1,150.00", 0.00,510,3008
103/02/10,"883,293","1,036,175,740","1,165.00","1,190.00","1,165.00","1,165.00",+15.00,821,3008
103/02/11,"908,788","1,080,631,660","1,175.00","1,205.00","1,160.00","1,195.00",+30.00,813,3008
103/02/12,"824,237","995,507,955","1,200.00","1,215.00","1,195.00","1,215.00",+20.00,710,3008
103/02/13,"349,755","419,848,550","1,215.00","1,215.00","1,190.00","1,190.00",-25.00,332,3008
103/02/14,"387,666","464,075,880","1,210.00","1,210.00","1,185.00","1,185.00",-5.00,387,3008
103/02/17,"353,252","417,568,620","1,175.00","1,190.00","1,175.00","1,175.00",-10.00,337,3008
103/02/18,"533,272","622,970,960","1,185.00","1,185.00","1,155.00","1,165.00",-10.00,481,3008
103/02/19,"711,448","840,097,600","1,170.00","1,200.00","1,165.00","1,170.00",+5.00,656,3008
103/02/20,"572,148","669,787,600","1,180.00","1,185.00","1,160.00","1,165.00",-5.00,517,3008
103/02/21,"1,718,114","2,115,171,930","1,210.00","1,245.00","1,210.00","1,245.00",+80.00,"1,433",3008
103/02/24,"1,223,407","1,530,331,715","1,245.00","1,265.00","1,240.00","1,245.00", 0.00,"1,057",3008
103/02/25,"583,624","729,305,640","1,255.00","1,265.00","1,235.00","1,235.00",-10.00,575,3008
103/02/26,"1,705,489","2,215,735,480","1,245.00","1,320.00","1,240.00","1,320.00",+85.00,"1,365",3008
103/02/27,"2,304,552","3,155,052,440","1,320.00","1,405.00","1,320.00","1,345.00",+25.00,"2,105",3008
103/03/03,"1,211,493","1,667,050,340","1,380.00","1,390.00","1,345.00","1,380.00",+35.00,"1,179",3008
103/03/04,"904,364","1,253,567,320","1,385.00","1,400.00","1,365.00","1,380.00", 0.00,831,3008
103/03/05,"1,230,808","1,740,708,120","1,410.00","1,445.00","1,385.00","1,390.00",+10.00,"1,151",3008
103/03/06,"876,588","1,222,967,320","1,390.00","1,415.00","1,380.00","1,390.00", 0.00,869,3008
103/03/07,"1,140,445","1,580,656,875","1,405.00","1,425.00","1,360.00","1,370.00",-20.00,993,3008
103/03/10,"631,293","869,554,340","1,375.00","1,390.00","1,365.00","1,380.00",+10.00,547,3008
103/03/11,"512,903","710,781,140","1,400.00","1,400.00","1,375.00","1,375.00",-5.00,477,3008
103/03/12,"726,382","1,014,097,160","1,380.00","1,410.00","1,375.00","1,395.00",+20.00,676,3008
103/03/13,"646,179","906,390,600","1,415.00","1,415.00","1,390.00","1,400.00",+5.00,571,3008
103/03/14,"417,102","581,702,800","1,380.00","1,405.00","1,380.00","1,405.00",+5.00,389,3008
103/03/17,"353,016","490,812,240","1,410.00","1,410.00","1,380.00","1,380.00",-25.00,351,3008
103/03/18,"529,142","731,865,960","1,395.00","1,400.00","1,375.00","1,375.00",-5.00,453,3008
103/03/19,"1,305,818","1,844,308,280","1,405.00","1,430.00","1,390.00","1,415.00",+40.00,"1,115",3008
103/03/20,"463,861","646,307,485","1,405.00","1,405.00","1,385.00","1,385.00",-30.00,461,3008
103/03/21,"1,171,671","1,590,990,915","1,395.00","1,400.00","1,330.00","1,350.00",-35.00,946,3008
103/03/24,"454,465","615,267,975","1,340.00","1,370.00","1,335.00","1,370.00",+20.00,420,3008
103/03/25,"412,415","564,267,700","1,370.00","1,380.00","1,355.00","1,370.00", 0.00,394,3008
103/03/26,"1,049,774","1,483,802,950","1,380.00","1,435.00","1,375.00","1,420.00",+50.00,946,3008
103/03/27,"765,169","1,090,370,825","1,420.00","1,435.00","1,405.00","1,435.00",+15.00,728,3008
103/03/28,"753,772","1,086,862,920","1,435.00","1,465.00","1,420.00","1,420.00",-15.00,698,3008
103/03/31,"511,946","737,986,700","1,445.00","1,455.00","1,430.00","1,440.00",+20.00,492,3008
103/04/01,"1,305,833","1,932,122,840","1,450.00","1,505.00","1,445.00","1,480.00",+40.00,"1,251",3008
103/04/02,"1,147,185","1,738,911,200","1,485.00","1,535.00","1,485.00","1,525.00",+45.00,"1,129",3008
103/04/03,"927,948","1,411,636,480","1,525.00","1,555.00","1,490.00","1,510.00",-15.00,891,3008
103/04/07,"613,794","921,216,000","1,490.00","1,520.00","1,485.00","1,495.00",-15.00,597,3008
103/04/08,"1,479,904","2,353,246,880","1,595.00","1,595.00","1,575.00","1,595.00",+100.00,"1,093",3008
103/04/09,"1,134,203","1,837,747,920","1,610.00","1,650.00","1,595.00","1,640.00",+45.00,"1,189",3008
103/04/10,"1,088,338","1,792,304,250","1,650.00","1,685.00","1,610.00","1,625.00",-15.00,"1,105",3008
103/04/11,"848,620","1,376,565,600","1,610.00","1,640.00","1,600.00","1,635.00",+10.00,830,3008
103/04/14,"773,827","1,216,172,715","1,630.00","1,630.00","1,540.00","1,545.00",-90.00,796,3008
103/04/15,"1,128,279","1,792,217,215","1,550.00","1,610.00","1,550.00","1,585.00",+40.00,"1,092",3008
103/04/16,"882,577","1,405,063,200","1,580.00","1,620.00","1,555.00","1,600.00",+15.00,890,3008
103/04/17,"659,397","1,064,720,200","1,620.00","1,630.00","1,600.00","1,600.00", 0.00,626,3008
103/04/18,"422,306","676,884,190","1,605.00","1,615.00","1,585.00","1,600.00", 0.00,401,3008
103/04/21,"323,694","523,089,280","1,600.00","1,630.00","1,600.00","1,610.00",+10.00,337,3008
103/04/22,"1,362,037","2,298,153,270","1,630.00","1,720.00","1,620.00","1,715.00",+105.00,"1,308",3008
103/04/23,"1,244,189","2,130,369,410","1,720.00","1,750.00","1,685.00","1,690.00",-25.00,"1,210",3008
103/04/24,"1,292,041","2,247,521,340","1,720.00","1,765.00","1,710.00","1,755.00",+65.00,"1,291",3008
103/04/25,"1,934,463","3,627,118,125","1,875.00","1,875.00","1,875.00","1,875.00",+120.00,"1,159",3008
103/04/28,"1,547,813","3,024,983,805","1,935.00","1,990.00","1,910.00","1,990.00",+115.00,"1,495",3008
103/04/29,"1,097,394","2,143,818,300","1,985.00","1,990.00","1,935.00","1,940.00",-50.00,"1,118",3008
103/04/30,"1,017,343","1,951,776,700","1,925.00","1,960.00","1,885.00","1,885.00",-55.00,"1,022",3008
103/05/02,"963,727","1,863,366,285","1,890.00","1,960.00","1,880.00","1,960.00",+75.00,998,3008
103/05/05,"505,380","997,857,400","1,970.00","1,995.00","1,950.00","1,980.00",+20.00,541,3008
103/05/06,"1,132,417","2,278,029,000","2,020.00","2,050.00","1,980.00","2,000.00",+20.00,"1,119",3008
103/05/07,"1,256,905","2,478,448,800","1,990.00","2,005.00","1,940.00","1,955.00",-45.00,"1,154",3008
103/05/08,"783,106","1,526,925,110","1,960.00","1,975.00","1,935.00","1,935.00",-20.00,809,3008
103/05/09,"447,451","865,004,450","1,945.00","1,955.00","1,910.00","1,930.00",-5.00,463,3008
103/05/12,"507,994","982,943,390","1,930.00","1,955.00","1,920.00","1,940.00",+10.00,513,3008
103/05/13,"729,189","1,404,755,045","1,955.00","1,965.00","1,900.00","1,905.00",-35.00,734,3008
103/05/14,"601,623","1,140,073,700","1,915.00","1,920.00","1,880.00","1,900.00",-5.00,622,3008
103/05/15,"558,970","1,069,641,800","1,900.00","1,930.00","1,890.00","1,930.00",+30.00,545,3008
103/05/16,"1,102,835","2,091,563,200","1,920.00","1,925.00","1,875.00","1,915.00",-15.00,952,3008
103/05/19,"933,113","1,827,008,175","1,920.00","1,980.00","1,920.00","1,980.00",+65.00,912,3008
103/05/20,"1,958,519","3,863,222,240","1,995.00","2,000.00","1,945.00","1,960.00",-20.00,"1,562",3008
103/05/21,"430,520","843,939,200","1,960.00","1,980.00","1,950.00","1,950.00",-10.00,421,3008
103/05/22,"364,978","721,601,770","1,970.00","1,985.00","1,960.00","1,985.00",+35.00,392,3008
103/05/23,"1,443,862","2,956,442,960","1,995.00","2,095.00","1,995.00","2,080.00",+95.00,"1,464",3008
103/05/26,"652,262","1,339,688,650","2,090.00","2,090.00","2,030.00","2,030.00",-50.00,666,3008
103/05/27,"802,830","1,606,775,000","2,030.00","2,045.00","1,980.00","1,985.00",-45.00,792,3008
103/05/28,"589,870","1,186,192,400","1,995.00","2,025.00","1,990.00","2,015.00",+30.00,605,3008
103/05/29,"726,097","1,451,103,030","2,035.00","2,035.00","1,975.00","1,985.00",-30.00,716,3008
103/05/30,"704,142","1,392,784,740","1,995.00","2,005.00","1,960.00","1,960.00",-25.00,668,3008
103/06/03,"650,992","1,277,624,400","1,975.00","1,980.00","1,940.00","1,940.00",-20.00,644,3008
103/06/04,"747,371","1,478,624,015","1,945.00","2,005.00","1,935.00","1,980.00",+40.00,746,3008
103/06/05,"501,494","994,423,120","1,975.00","1,995.00","1,970.00","1,985.00",+5.00,510,3008
103/06/06,"1,274,192","2,592,445,720","2,030.00","2,060.00","2,010.00","2,045.00",+60.00,"1,249",3008
103/06/09,"417,721","852,638,630","2,050.00","2,055.00","2,030.00","2,035.00",-10.00,441,3008
103/06/10,"566,550","1,168,325,750","2,055.00","2,075.00","2,050.00","2,065.00",+30.00,596,3008
103/06/11,"445,224","925,970,920","2,070.00","2,090.00","2,065.00","2,080.00",+15.00,477,3008
103/06/12,"314,660","647,954,600","2,080.00","2,080.00","2,040.00","2,060.00",-20.00,342,3008
103/06/13,"464,940","952,147,300","2,050.00","2,065.00","2,030.00","2,050.00",-10.00,480,3008
103/06/16,"438,992","898,873,720","2,065.00","2,065.00","2,035.00","2,035.00",-15.00,448,3008
103/06/17,"585,720","1,212,816,200","2,050.00","2,090.00","2,040.00","2,085.00",+50.00,598,3008
103/06/18,"917,084","1,880,752,200","2,095.00","2,095.00","2,020.00","2,050.00",-35.00,935,3008
103/06/19,"1,457,090","3,106,972,100","2,080.00","2,190.00","2,065.00","2,190.00",+140.00,"1,429",3008
103/06/20,"894,834","1,958,926,460","2,190.00","2,205.00","2,175.00","2,185.00",-5.00,870,3008
103/06/23,"1,237,323","2,800,493,365","2,205.00","2,310.00","2,190.00","2,255.00",+70.00,"1,241",3008
103/06/24,"886,208","1,983,645,720","2,260.00","2,285.00","2,195.00","2,210.00",-45.00,908,3008
103/06/25,"657,151","1,455,715,975","2,190.00","2,245.00","2,180.00","2,220.00",+10.00,646,3008
103/06/26,"520,864","1,166,111,040","2,250.00","2,255.00","2,220.00","2,235.00",+15.00,546,3008
103/06/27,"388,477","871,185,865","2,250.00","2,255.00","2,230.00","2,245.00",+10.00,416,3008
103/06/30,"1,064,298","2,482,506,260","2,265.00","2,380.00","2,260.00","2,380.00",+135.00,"1,068",3008
103/07/01,"757,019","1,772,820,220","2,365.00","2,365.00","2,325.00","2,325.00",-55.00,782,3008
103/07/02,"1,309,037","3,098,966,210","2,345.00","2,415.00","2,320.00","2,330.00",+5.00,"1,337",3008
103/07/03,"926,161","2,202,871,400","2,350.00","2,395.00","2,350.00","2,395.00",+65.00,905,3008
103/07/04,"682,092","1,630,154,080","2,410.00","2,430.00","2,370.00","2,370.00",-25.00,719,3008
103/07/07,"913,109","2,209,094,870","2,400.00","2,450.00","2,380.00","2,425.00",+55.00,897,3008
103/07/08,"592,352","1,439,167,400","2,410.00","2,445.00","2,410.00","2,440.00",+15.00,616,3008
103/07/09,"969,196","2,312,313,440","2,420.00","2,425.00","2,355.00","2,365.00",-75.00,999,3008
103/07/10,"1,447,499","3,538,775,015","2,395.00","2,490.00","2,395.00","2,480.00",+115.00,"1,415",3008
103/07/11,"1,331,170","3,326,745,100","2,475.00","2,555.00","2,445.00","2,495.00",+15.00,"1,268",3008
103/07/14,"814,544","2,069,437,640","2,505.00","2,560.00","2,505.00","2,560.00",+65.00,892,3008
103/07/15,"900,088","2,321,431,160","2,565.00","2,610.00","2,560.00","2,570.00",+10.00,955,3008
103/07/16,"938,114","2,439,785,390","2,590.00","2,640.00","2,565.00","2,635.00",+65.00,994,3008
103/07/17,"1,566,366","3,980,217,940","2,630.00","2,630.00","2,465.00","2,530.00",-105.00,"1,566",3008
103/07/18,"2,155,483","5,241,273,520","2,480.00","2,480.00","2,380.00","2,380.00",-150.00,"2,077",3008
103/07/21,"1,285,128","3,203,540,120","2,470.00","2,530.00","2,440.00","2,510.00",+130.00,"1,288",3008
103/07/22,"733,026","1,831,355,000","2,500.00","2,520.00","2,475.00","2,495.00",-15.00,806,3008
103/07/24,"913,245","2,293,000,250","2,540.00","2,560.00","2,460.00","2,470.00",-25.00,930,3008
103/07/25,"2,025,990","4,778,031,950","2,465.00","2,500.00","2,300.00","2,300.00",-170.00,"1,844",3008
103/07/28,"1,555,117","3,550,709,420","2,255.00","2,350.00","2,220.00","2,255.00",-45.00,"1,615",3008
103/07/29,"1,377,718","3,183,333,580","2,325.00","2,350.00","2,265.00","2,310.00",+55.00,"1,372",3008
103/07/30,"891,984","2,082,040,200","2,330.00","2,360.00","2,305.00","2,345.00",+35.00,890,3008
103/07/31,"815,733","1,904,090,220","2,350.00","2,360.00","2,315.00","2,330.00",-15.00,770,3008
103/08/01,"824,636","1,913,117,280","2,265.00","2,340.00","2,265.00","2,325.00",-5.00,731,3008
103/08/04,"818,931","1,939,829,400","2,345.00","2,400.00","2,325.00","2,400.00",+75.00,848,3008
103/08/05,"1,350,335","3,182,907,250","2,400.00","2,430.00","2,280.00","2,310.00",-90.00,"1,310",3008
103/08/06,"1,341,433","3,084,802,550","2,350.00","2,360.00","2,235.00","2,325.00",+15.00,"1,313",3008
103/08/07,"751,637","1,746,230,100","2,345.00","2,380.00","2,275.00","2,280.00",-45.00,764,3008
103/08/08,"1,258,045","2,923,616,875","2,300.00","2,390.00","2,250.00","2,390.00",+110.00,"1,249",3008
103/08/11,"1,293,286","3,113,826,410","2,390.00","2,445.00","2,355.00","2,435.00",+45.00,"1,296",3008
103/08/12,"864,080","2,106,730,200","2,440.00","2,450.00","2,420.00","2,430.00",-5.00,878,3008
103/08/13,"545,201","1,332,954,460","2,435.00","2,465.00","2,425.00","2,425.00",-5.00,575,3008
103/08/14,"521,176","1,262,695,920","2,460.00","2,460.00","2,390.00","2,395.00",-30.00,528,3008
103/08/15,"608,418","1,477,399,920","2,405.00","2,445.00","2,400.00","2,445.00",+50.00,626,3008
103/08/18,"309,550","746,778,250","2,445.00","2,455.00","2,385.00","2,395.00",-50.00,330,3008
103/08/19,"780,033","1,914,211,180","2,415.00","2,480.00","2,415.00","2,460.00",+65.00,787,3008
103/08/20,"695,648","1,700,845,000","2,465.00","2,480.00","2,425.00","2,440.00",-20.00,672,3008
103/08/21,"634,519","1,524,296,170","2,410.00","2,425.00","2,380.00","2,385.00",X0.00,627,3008
103/08/22,"759,035","1,853,231,100","2,410.00","2,475.00","2,410.00","2,450.00",+65.00,770,3008
103/08/25,"401,352","985,897,400","2,460.00","2,465.00","2,435.00","2,460.00",+10.00,415,3008
103/08/26,"1,279,951","3,231,039,315","2,460.00","2,570.00","2,460.00","2,550.00",+90.00,"1,222",3008
103/08/27,"925,018","2,379,421,170","2,565.00","2,605.00","2,520.00","2,540.00",-10.00,919,3008
103/08/28,"617,685","1,557,426,475","2,550.00","2,565.00","2,500.00","2,515.00",-25.00,610,3008
103/08/29,"679,520","1,690,950,200","2,525.00","2,525.00","2,465.00","2,475.00",-40.00,636,3008
103/09/01,"449,454","1,131,079,540","2,495.00","2,540.00","2,495.00","2,510.00",+35.00,466,3008
103/09/02,"983,055","2,410,908,100","2,525.00","2,525.00","2,405.00","2,405.00",-105.00,"1,007",3008
103/09/03,"911,811","2,211,095,455","2,430.00","2,465.00","2,385.00","2,405.00", 0.00,"1,003",3008
103/09/04,"789,818","1,902,480,010","2,385.00","2,450.00","2,355.00","2,450.00",+45.00,803,3008
103/09/05,"958,627","2,322,940,475","2,460.00","2,465.00","2,390.00","2,415.00",-35.00,940,3008
103/09/09,"756,960","1,860,378,600","2,480.00","2,490.00","2,425.00","2,440.00",+25.00,785,3008
103/09/10,"507,714","1,230,685,720","2,435.00","2,445.00","2,405.00","2,445.00",+5.00,497,3008
103/09/11,"501,255","1,223,403,275","2,470.00","2,470.00","2,400.00","2,400.00",-45.00,582,3008
103/09/12,"2,059,681","4,696,765,870","2,385.00","2,385.00","2,235.00","2,250.00",-150.00,"1,932",3008
103/09/15,"1,499,777","3,420,376,960","2,250.00","2,310.00","2,250.00","2,280.00",+30.00,"1,429",3008
103/09/16,"697,581","1,588,536,775","2,290.00","2,310.00","2,255.00","2,255.00",-25.00,700,3008
103/09/17,"1,302,183","3,041,403,220","2,270.00","2,375.00","2,270.00","2,350.00",+95.00,"1,349",3008
103/09/18,"753,828","1,775,774,940","2,365.00","2,375.00","2,325.00","2,360.00",+10.00,753,3008
103/09/19,"686,353","1,635,942,200","2,375.00","2,400.00","2,360.00","2,400.00",+40.00,689,3008
103/09/22,"681,299","1,603,132,650","2,385.00","2,390.00","2,330.00","2,340.00",-60.00,707,3008
103/09/23,"767,574","1,777,101,590","2,320.00","2,350.00","2,280.00","2,280.00",-60.00,829,3008
103/09/24,"769,743","1,766,491,610","2,280.00","2,335.00","2,260.00","2,265.00",-15.00,805,3008
103/09/25,"1,678,881","3,687,231,530","2,290.00","2,320.00","2,110.00","2,110.00",-155.00,"1,594",3008
103/09/26,"2,108,893","4,322,845,300","2,060.00","2,095.00","1,985.00","2,090.00",-20.00,"2,014",3008
103/09/29,"1,801,463","3,905,227,860","2,110.00","2,235.00","2,070.00","2,230.00",+140.00,"1,691",3008
103/09/30,"1,549,567","3,380,236,900","2,235.00","2,240.00","2,125.00","2,180.00",-50.00,"1,454",3008
103/10/01,"1,535,098","3,420,093,210","2,180.00","2,275.00","2,160.00","2,210.00",+30.00,"1,425",3008
103/10/02,"1,083,233","2,422,748,910","2,195.00","2,275.00","2,185.00","2,270.00",+60.00,"1,099",3008
103/10/03,"1,857,856","4,401,471,560","2,315.00","2,420.00","2,315.00","2,390.00",+120.00,"1,851",3008
103/10/06,"1,565,301","3,779,372,885","2,420.00","2,450.00","2,370.00","2,370.00",-20.00,"1,528",3008
103/10/07,"1,288,270","3,010,288,700","2,370.00","2,375.00","2,290.00","2,305.00",-65.00,"1,312",3008
103/10/08,"1,191,218","2,762,933,130","2,300.00","2,365.00","2,275.00","2,275.00",-30.00,"1,154",3008
103/10/09,"1,100,383","2,546,401,325","2,350.00","2,360.00","2,275.00","2,275.00", 0.00,"1,086",3008
103/10/13,"1,114,164","2,514,792,490","2,220.00","2,295.00","2,210.00","2,275.00", 0.00,"1,107",3008
103/10/14,"988,414","2,270,678,060","2,280.00","2,330.00","2,270.00","2,275.00", 0.00,952,3008
103/10/15,"2,063,265","4,579,424,925","2,275.00","2,305.00","2,135.00","2,215.00",-60.00,"1,945",3008
103/10/16,"1,833,313","4,144,688,030","2,215.00","2,325.00","2,160.00","2,320.00",+105.00,"1,706",3008
103/10/17,"2,603,075","5,780,647,000","2,295.00","2,295.00","2,160.00","2,160.00",-160.00,"2,505",3008
103/10/20,"2,527,596","5,408,765,340","2,200.00","2,200.00","2,060.00","2,155.00",-5.00,"2,398",3008
103/10/21,"1,263,010","2,730,811,550","2,160.00","2,200.00","2,110.00","2,150.00",-5.00,"1,253",3008
103/10/22,"2,197,644","4,680,713,796","2,200.00","2,215.00","2,050.00","2,050.00",-100.00,"2,126",3008
103/10/23,"1,998,598","4,092,306,930","2,025.00","2,105.00","2,010.00","2,025.00",-25.00,"2,026",3008
103/10/24,"1,334,580","2,722,202,400","2,050.00","2,065.00","2,005.00","2,030.00",+5.00,"1,339",3008
103/10/27,"1,979,330","3,927,361,800","2,050.00","2,060.00","1,950.00","1,950.00",-80.00,"1,986",3008
103/10/28,"2,184,452","4,391,907,420","1,995.00","2,085.00","1,935.00","2,080.00",+130.00,"2,106",3008
103/10/29,"1,683,913","3,585,773,820","2,100.00","2,160.00","2,085.00","2,120.00",+40.00,"1,657",3008
103/10/30,"939,806","1,978,919,470","2,120.00","2,125.00","2,085.00","2,095.00",-25.00,903,3008
103/10/31,"847,823","1,806,086,220","2,115.00","2,145.00","2,115.00","2,135.00",+40.00,869,3008
103/11/03,"1,289,140","2,834,469,400","2,155.00","2,230.00","2,140.00","2,210.00",+75.00,"1,289",3008
103/11/04,"1,535,266","3,357,558,550","2,210.00","2,230.00","2,160.00","2,160.00",-50.00,"1,493",3008
103/11/05,"1,157,284","2,473,009,240","2,190.00","2,190.00","2,080.00","2,085.00",-75.00,"1,163",3008
103/11/06,"1,808,961","3,744,380,830","2,125.00","2,140.00","2,005.00","2,010.00",-75.00,"1,784",3008
103/11/07,"1,652,281","3,448,532,745","2,015.00","2,150.00","2,015.00","2,145.00",+135.00,"1,665",3008
103/11/10,"1,513,672","3,287,123,000","2,155.00","2,220.00","2,110.00","2,115.00",-30.00,"1,528",3008
103/11/11,"1,188,368","2,539,394,640","2,140.00","2,170.00","2,100.00","2,120.00",+5.00,"1,173",3008
103/11/12,"1,465,876","3,049,358,360","2,115.00","2,130.00","2,035.00","2,080.00",-40.00,"1,378",3008
103/11/13,"1,539,336","3,262,744,000","2,085.00","2,145.00","2,085.00","2,120.00",+40.00,"1,426",3008
103/11/14,"978,747","2,089,172,375","2,145.00","2,160.00","2,110.00","2,125.00",+5.00,926,3008
103/11/17,"605,875","1,286,067,500","2,160.00","2,160.00","2,105.00","2,115.00",-10.00,632,3008
103/11/18,"564,529","1,200,224,125","2,130.00","2,140.00","2,110.00","2,130.00",+15.00,589,3008
103/11/19,"1,731,021","3,782,865,885","2,150.00","2,220.00","2,125.00","2,190.00",+60.00,"1,675",3008
103/11/20,"2,483,543","5,684,622,475","2,215.00","2,340.00","2,215.00","2,340.00",+150.00,"2,428",3008
103/11/21,"1,342,325","3,128,098,875","2,360.00","2,365.00","2,295.00","2,335.00",-5.00,"1,359",3008
103/11/24,"1,030,740","2,411,494,400","2,355.00","2,385.00","2,305.00","2,305.00",-30.00,"1,008",3008
103/11/25,"1,086,333","2,549,000,875","2,320.00","2,385.00","2,295.00","2,385.00",+80.00,"1,137",3008
103/11/26,"1,772,042","4,263,546,640","2,385.00","2,440.00","2,365.00","2,425.00",+40.00,"1,782",3008
103/11/27,"1,411,415","3,431,565,625","2,440.00","2,475.00","2,370.00","2,375.00",-50.00,"1,412",3008
103/11/28,"743,512","1,778,441,120","2,395.00","2,410.00","2,375.00","2,385.00",+10.00,745,3008
103/12/01,"1,362,046","3,279,902,930","2,320.00","2,465.00","2,320.00","2,465.00",+80.00,"1,375",3008
103/12/02,"1,278,528","3,059,384,560","2,445.00","2,445.00","2,365.00","2,375.00",-90.00,"1,228",3008
103/12/03,"1,422,947","3,418,108,330","2,410.00","2,440.00","2,375.00","2,380.00",+5.00,"1,389",3008
103/12/04,"831,362","2,003,650,180","2,405.00","2,440.00","2,395.00","2,400.00",+20.00,819,3008
103/12/05,"1,059,384","2,533,322,760","2,400.00","2,430.00","2,340.00","2,370.00",-30.00,"1,056",3008
103/12/08,"1,389,389","3,228,559,700","2,375.00","2,395.00","2,275.00","2,285.00",-85.00,"1,433",3008
103/12/09,"1,137,524","2,580,082,580","2,265.00","2,300.00","2,235.00","2,290.00",+5.00,"1,141",3008
103/12/10,"825,096","1,877,543,400","2,290.00","2,320.00","2,250.00","2,255.00",-35.00,837,3008
103/12/11,"1,289,930","2,927,583,650","2,235.00","2,310.00","2,220.00","2,300.00",+45.00,"1,232",3008
103/12/12,"1,029,619","2,396,977,985","2,315.00","2,345.00","2,310.00","2,325.00",+25.00,981,3008
103/12/15,"845,344","1,964,061,520","2,310.00","2,340.00","2,300.00","2,335.00",+10.00,793,3008
103/12/16,"1,004,245","2,295,057,375","2,320.00","2,335.00","2,250.00","2,250.00",-85.00,990,3008
103/12/17,"1,235,644","2,794,142,220","2,255.00","2,300.00","2,230.00","2,250.00", 0.00,"1,205",3008
103/12/18,"1,163,488","2,659,610,200","2,300.00","2,315.00","2,265.00","2,265.00",+15.00,"1,123",3008
103/12/19,"1,486,534","3,456,913,200","2,320.00","2,355.00","2,270.00","2,300.00",+35.00,"1,403",3008
103/12/22,"467,374","1,079,863,940","2,320.00","2,330.00","2,285.00","2,325.00",+25.00,470,3008
103/12/23,"778,228","1,792,534,400","2,330.00","2,340.00","2,280.00","2,280.00",-45.00,760,3008
103/12/24,"621,019","1,415,713,320","2,290.00","2,295.00","2,265.00","2,275.00",-5.00,637,3008
103/12/25,"251,135","571,868,475","2,285.00","2,290.00","2,270.00","2,275.00", 0.00,250,3008
103/12/26,"354,324","814,458,440","2,285.00","2,315.00","2,275.00","2,315.00",+40.00,406,3008
103/12/27,"147,891","342,533,755","2,320.00","2,325.00","2,310.00","2,310.00",-5.00,167,3008
103/12/29,"1,221,254","2,904,840,790","2,330.00","2,410.00","2,315.00","2,395.00",+85.00,"1,241",3008
103/12/30,"773,916","1,856,225,080","2,420.00","2,430.00","2,375.00","2,375.00",-20.00,807,3008
103/12/31,"335,670","801,042,950","2,375.00","2,395.00","2,375.00","2,395.00",+20.00,348,3008
104/01/05,"833,842","1,979,137,910","2,400.00","2,410.00","2,350.00","2,350.00",-45.00,805,3008
104/01/06,"1,430,134","3,279,580,520","2,320.00","2,340.00","2,260.00","2,275.00",-75.00,"1,467",3008
104/01/07,"1,234,493","2,835,916,365","2,300.00","2,325.00","2,265.00","2,300.00",+25.00,"1,090",3008
104/01/08,"1,360,823","3,203,476,395","2,340.00","2,380.00","2,325.00","2,365.00",+65.00,"1,347",3008
104/01/09,"1,107,718","2,623,572,940","2,395.00","2,400.00","2,340.00","2,340.00",-25.00,"1,028",3008
104/01/12,"486,505","1,133,861,800","2,350.00","2,355.00","2,315.00","2,320.00",-20.00,465,3008
104/01/13,"573,512","1,342,947,960","2,320.00","2,365.00","2,320.00","2,340.00",+20.00,562,3008
104/01/14,"576,283","1,346,447,220","2,355.00","2,355.00","2,310.00","2,350.00",+10.00,579,3008
104/01/15,"617,783","1,451,789,625","2,355.00","2,365.00","2,325.00","2,360.00",+10.00,597,3008
104/01/16,"1,999,883","4,801,150,370","2,450.00","2,450.00","2,375.00","2,385.00",+25.00,"1,833",3008
104/01/19,"912,284","2,206,778,700","2,420.00","2,430.00","2,400.00","2,430.00",+45.00,999,3008
104/01/20,"1,967,570","4,931,425,650","2,435.00","2,565.00","2,425.00","2,555.00",+125.00,"1,913",3008
104/01/21,"1,422,517","3,686,853,690","2,580.00","2,610.00","2,570.00","2,580.00",+25.00,"1,392",3008
104/01/22,"740,705","1,923,603,575","2,600.00","2,625.00","2,560.00","2,625.00",+45.00,830,3008
104/01/23,"2,064,054","5,579,704,310","2,640.00","2,770.00","2,640.00","2,770.00",+145.00,"2,016",3008
104/01/26,"1,004,848","2,772,300,480","2,765.00","2,790.00","2,725.00","2,760.00",-10.00,"1,113",3008
104/01/27,"848,378","2,350,414,500","2,790.00","2,805.00","2,745.00","2,750.00",-10.00,913,3008
104/01/28,"499,861","1,369,243,445","2,745.00","2,755.00","2,715.00","2,750.00", 0.00,558,3008
104/01/29,"1,228,499","3,279,717,340","2,745.00","2,745.00","2,630.00","2,640.00",-110.00,"1,257",3008
104/01/30,"847,031","2,258,267,460","2,670.00","2,700.00","2,640.00","2,640.00", 0.00,849,3008
104/02/02,"526,287","1,390,941,290","2,640.00","2,670.00","2,615.00","2,665.00",+25.00,533,3008
104/02/03,"1,139,603","3,109,451,360","2,685.00","2,760.00","2,675.00","2,760.00",+95.00,"1,157",3008
104/02/04,"995,288","2,762,412,000","2,795.00","2,820.00","2,730.00","2,730.00",-30.00,990,3008
104/02/05,"496,659","1,360,590,430","2,730.00","2,760.00","2,720.00","2,760.00",+30.00,547,3008
104/02/06,"1,606,431","4,233,860,740","2,675.00","2,690.00","2,595.00","2,605.00",-155.00,"1,675",3008
104/02/09,"686,038","1,798,325,890","2,610.00","2,655.00","2,585.00","2,655.00",+50.00,737,3008
104/02/10,"695,626","1,845,433,900","2,655.00","2,680.00","2,630.00","2,645.00",-10.00,706,3008
104/02/11,"663,815","1,782,137,350","2,660.00","2,700.00","2,660.00","2,690.00",+45.00,687,3008
104/02/12,"377,987","1,014,305,225","2,705.00","2,705.00","2,665.00","2,680.00",-10.00,419,3008
104/02/13,"619,765","1,682,954,325","2,700.00","2,735.00","2,700.00","2,705.00",+25.00,655,3008
104/02/24,"933,984","2,581,545,520","2,750.00","2,785.00","2,730.00","2,780.00",+75.00,985,3008
104/02/25,"497,565","1,368,485,700","2,780.00","2,790.00","2,720.00","2,755.00",-25.00,526,3008
104/02/26,"839,864","2,260,384,160","2,725.00","2,725.00","2,670.00","2,680.00",-75.00,832,3008
104/03/02,"667,939","1,788,635,300","2,710.00","2,720.00","2,655.00","2,655.00",-25.00,631,3008
104/03/03,"527,947","1,412,298,225","2,670.00","2,690.00","2,660.00","2,670.00",+15.00,557,3008
104/03/04,"338,363","902,196,025","2,660.00","2,680.00","2,655.00","2,655.00",-15.00,338,3008
104/03/05,"631,361","1,658,973,040","2,645.00","2,645.00","2,610.00","2,615.00",-40.00,670,3008
104/03/06,"1,188,685","3,193,803,475","2,600.00","2,740.00","2,600.00","2,735.00",+120.00,"1,218",3008
104/03/09,"853,455","2,341,720,800","2,730.00","2,780.00","2,695.00","2,770.00",+35.00,814,3008
104/03/10,"869,979","2,348,928,720","2,750.00","2,760.00","2,660.00","2,660.00",-110.00,923,3008
104/03/11,"916,168","2,447,359,400","2,620.00","2,710.00","2,620.00","2,670.00",+10.00,928,3008
104/03/12,"618,351","1,664,049,190","2,685.00","2,705.00","2,670.00","2,685.00",+15.00,613,3008
104/03/13,"361,232","970,527,920","2,700.00","2,720.00","2,670.00","2,670.00",-15.00,370,3008
104/03/16,"412,724","1,099,767,820","2,680.00","2,685.00","2,650.00","2,655.00",-15.00,355,3008
104/03/17,"769,312","2,083,495,200","2,680.00","2,735.00","2,680.00","2,735.00",+80.00,740,3008
104/03/18,"809,852","2,219,870,960","2,735.00","2,760.00","2,720.00","2,750.00",+15.00,771,3008
104/03/19,"818,128","2,273,009,560","2,785.00","2,795.00","2,745.00","2,785.00",+35.00,822,3008
104/03/20,"676,333","1,885,829,080","2,790.00","2,820.00","2,760.00","2,760.00",-25.00,711,3008
104/03/23,"442,758","1,230,512,240","2,770.00","2,800.00","2,765.00","2,770.00",+10.00,502,3008
104/03/24,"425,560","1,177,956,200","2,790.00","2,800.00","2,750.00","2,765.00",-5.00,429,3008
104/03/25,"354,943","975,673,250","2,765.00","2,765.00","2,730.00","2,755.00",-10.00,407,3008
104/03/26,"773,422","2,087,784,170","2,700.00","2,725.00","2,680.00","2,685.00",-70.00,706,3008
104/03/27,"610,729","1,637,901,430","2,685.00","2,720.00","2,660.00","2,660.00",-25.00,670,3008
104/03/30,"995,203","2,615,592,950","2,685.00","2,685.00","2,600.00","2,635.00",-25.00,"1,000",3008
104/03/31,"568,805","1,526,647,400","2,680.00","2,705.00","2,665.00","2,695.00",+60.00,593,3008
104/04/01,"797,194","2,155,123,650","2,695.00","2,735.00","2,670.00","2,735.00",+40.00,782,3008
104/04/02,"433,161","1,190,694,530","2,755.00","2,770.00","2,730.00","2,730.00",-5.00,474,3008
104/04/07,"474,178","1,305,519,920","2,750.00","2,775.00","2,735.00","2,755.00",+25.00,471,3008
104/04/08,"474,042","1,288,297,770","2,715.00","2,770.00","2,695.00","2,695.00",-60.00,546,3008
104/04/09,"554,380","1,494,239,600","2,695.00","2,735.00","2,670.00","2,670.00",-25.00,608,3008
104/04/10,"548,245","1,480,047,725","2,690.00","2,725.00","2,680.00","2,695.00",+25.00,545,3008
104/04/13,"405,892","1,099,416,400","2,725.00","2,725.00","2,695.00","2,705.00",+10.00,401,3008
104/04/14,"815,293","2,188,942,685","2,700.00","2,705.00","2,670.00","2,675.00",-30.00,717,3008
104/04/15,"1,434,828","3,929,717,860","2,695.00","2,780.00","2,695.00","2,745.00",+70.00,"1,409",3008
104/04/16,"942,604","2,615,612,140","2,755.00","2,790.00","2,755.00","2,785.00",+40.00,910,3008
104/04/17,"1,161,386","3,251,371,940","2,815.00","2,815.00","2,760.00","2,810.00",+25.00,"1,148",3008
104/04/20,"1,734,909","5,023,628,370","2,810.00","2,980.00","2,780.00","2,935.00",+125.00,"1,764",3008
104/04/21,"1,027,966","3,046,600,040","2,965.00","3,010.00","2,940.00","2,945.00",+10.00,"1,044",3008
104/04/22,"1,325,575","4,004,593,095","2,980.00","3,065.00","2,965.00","3,065.00",+120.00,"1,242",3008
104/04/23,"1,103,677","3,422,754,165","3,055.00","3,165.00","3,035.00","3,145.00",+80.00,"1,163",3008
104/04/24,"1,018,602","3,203,752,270","3,165.00","3,230.00","3,060.00","3,115.00",-30.00,"1,096",3008
104/04/27,"741,280","2,359,736,000","3,150.00","3,220.00","3,135.00","3,200.00",+85.00,879,3008
104/04/28,"690,171","2,199,796,010","3,200.00","3,220.00","3,160.00","3,200.00", 0.00,754,3008
104/04/29,"525,238","1,652,696,130","3,180.00","3,185.00","3,120.00","3,120.00",-80.00,629,3008
104/04/30,"783,047","2,416,680,230","3,120.00","3,160.00","3,035.00","3,080.00",-40.00,840,3008
104/05/04,"608,050","1,922,779,500","3,130.00","3,190.00","3,120.00","3,190.00",+110.00,683,3008
104/05/05,"524,762","1,678,588,640","3,195.00","3,220.00","3,165.00","3,220.00",+30.00,581,3008
104/05/06,"451,949","1,431,364,095","3,200.00","3,200.00","3,150.00","3,150.00",-70.00,535,3008
104/05/07,"406,246","1,266,887,520","3,150.00","3,165.00","3,100.00","3,105.00",-45.00,456,3008
104/05/08,"498,112","1,569,390,000","3,145.00","3,185.00","3,120.00","3,120.00",+15.00,536,3008
104/05/11,"419,853","1,334,380,335","3,170.00","3,210.00","3,140.00","3,180.00",+60.00,463,3008
104/05/12,"592,551","1,854,908,300","3,135.00","3,170.00","3,110.00","3,110.00",-70.00,631,3008
104/05/13,"304,949","954,964,605","3,140.00","3,155.00","3,110.00","3,125.00",+15.00,350,3008
104/05/14,"315,726","986,947,380","3,150.00","3,155.00","3,110.00","3,110.00",-15.00,345,3008
104/05/15,"659,915","2,055,441,925","3,120.00","3,155.00","3,080.00","3,080.00",-30.00,669,3008
104/05/18,"558,682","1,749,228,530","3,115.00","3,160.00","3,105.00","3,130.00",+50.00,549,3008
104/05/19,"1,186,179","3,846,989,280","3,160.00","3,325.00","3,135.00","3,325.00",+195.00,"1,284",3008
104/05/20,"910,014","3,015,226,140","3,330.00","3,350.00","3,265.00","3,330.00",+5.00,979,3008
104/05/21,"552,269","1,820,405,390","3,325.00","3,330.00","3,280.00","3,305.00",-25.00,581,3008
104/05/22,"1,025,637","3,524,714,020","3,345.00","3,500.00","3,345.00","3,460.00",+155.00,"1,141",3008
104/05/25,"376,521","1,301,843,080","3,450.00","3,485.00","3,420.00","3,465.00",+5.00,421,3008
104/05/26,"393,084","1,365,283,160","3,470.00","3,520.00","3,450.00","3,460.00",-5.00,403,3008
104/05/27,"729,616","2,569,063,320","3,460.00","3,575.00","3,460.00","3,515.00",+55.00,825,3008
104/05/28,"734,286","2,555,530,130","3,535.00","3,545.00","3,430.00","3,450.00",-65.00,884,3008
104/05/29,"471,616","1,620,396,720","3,480.00","3,480.00","3,405.00","3,420.00",-30.00,540,3008
104/06/01,"286,170","984,944,050","3,430.00","3,470.00","3,420.00","3,455.00",+35.00,316,3008
104/06/02,"249,958","862,189,890","3,455.00","3,475.00","3,420.00","3,440.00",-15.00,284,3008
104/06/03,"340,226","1,180,681,310","3,470.00","3,500.00","3,445.00","3,455.00",+15.00,397,3008
104/06/04,"1,183,923","3,892,824,500","3,445.00","3,470.00","3,135.00","3,205.00",-250.00,"1,249",3008
104/06/05,"783,296","2,564,586,440","3,230.00","3,325.00","3,225.00","3,255.00",+50.00,851,3008
104/06/08,"812,668","2,711,604,440","3,280.00","3,420.00","3,220.00","3,340.00",+85.00,862,3008
104/06/09,"722,689","2,378,709,920","3,340.00","3,350.00","3,240.00","3,255.00",-85.00,750,3008
104/06/10,"627,654","2,086,986,660","3,310.00","3,360.00","3,270.00","3,270.00",+15.00,665,3008
104/06/11,"860,897","2,876,969,950","3,290.00","3,390.00","3,290.00","3,355.00",+85.00,944,3008
104/06/12,"494,210","1,669,769,550","3,370.00","3,410.00","3,355.00","3,355.00", 0.00,571,3008
104/06/15,"535,153","1,749,630,255","3,320.00","3,320.00","3,235.00","3,255.00",-100.00,543,3008
104/06/16,"424,278","1,383,372,960","3,285.00","3,300.00","3,220.00","3,300.00",+45.00,458,3008
104/06/17,"579,151","1,939,161,320","3,330.00","3,385.00","3,300.00","3,360.00",+60.00,622,3008
104/06/18,"448,788","1,511,376,920","3,380.00","3,395.00","3,350.00","3,350.00",-10.00,464,3008
104/06/22,"565,724","1,941,023,840","3,420.00","3,450.00","3,390.00","3,450.00",+100.00,605,3008
104/06/23,"903,774","3,186,139,720","3,495.00","3,565.00","3,490.00","3,555.00",+105.00,987,3008
104/06/24,"703,500","2,522,537,500","3,575.00","3,620.00","3,555.00","3,580.00",+25.00,767,3008
104/06/25,"651,802","2,358,939,280","3,595.00","3,640.00","3,590.00","3,640.00",+60.00,764,3008
104/06/26,"405,054","1,455,379,400","3,660.00","3,660.00","3,560.00","3,585.00",-55.00,456,3008
104/06/29,"525,089","1,831,466,500","3,525.00","3,530.00","3,450.00","3,500.00",-85.00,642,3008
104/06/30,"423,953","1,493,549,325","3,500.00","3,550.00","3,500.00","3,525.00",+25.00,479,3008
104/07/01,"730,721","2,655,104,675","3,550.00","3,690.00","3,545.00","3,680.00",+155.00,817,3008
104/07/02,"525,683","1,937,610,270","3,690.00","3,710.00","3,650.00","3,705.00",+25.00,579,3008
104/07/03,"477,854","1,759,921,790","3,705.00","3,715.00","3,650.00","3,710.00",+5.00,465,3008
104/07/06,"645,691","2,366,400,240","3,685.00","3,705.00","3,630.00","3,630.00",-80.00,719,3008
104/07/07,"1,298,788","4,537,794,820","3,585.00","3,585.00","3,385.00","3,450.00",-180.00,"1,313",3008
104/07/08,"1,807,189","5,945,538,990","3,380.00","3,400.00","3,150.00","3,280.00",-170.00,"1,813",3008
104/07/09,"1,278,602","4,178,920,580","3,210.00","3,325.00","3,160.00","3,285.00",+5.00,"1,396",3008
104/07/13,"1,048,877","3,519,314,340","3,325.00","3,425.00","3,300.00","3,400.00",+115.00,"1,066",3008
104/07/14,"860,797","2,992,724,500","3,430.00","3,535.00","3,425.00","3,500.00",+100.00,950,3008
104/07/15,"951,783","3,292,751,115","3,515.00","3,535.00","3,400.00","3,400.00",-100.00,"1,043",3008
104/07/16,"667,898","2,332,215,960","3,440.00","3,520.00","3,440.00","3,520.00",+120.00,797,3008
104/07/17,"774,454","2,678,763,570","3,530.00","3,530.00","3,420.00","3,425.00",-95.00,825,3008
104/07/20,"828,791","2,923,138,275","3,515.00","3,555.00","3,475.00","3,550.00",+125.00,878,3008
104/07/21,"589,282","2,074,094,690","3,535.00","3,550.00","3,460.00","3,550.00", 0.00,622,3008
104/07/22,"1,119,614","3,871,289,000","3,410.00","3,545.00","3,370.00","3,545.00",-5.00,"1,089",3008
104/07/23,"1,496,879","5,083,919,650","3,465.00","3,510.00","3,300.00","3,305.00",-240.00,"1,481",3008
104/07/24,"940,592","3,109,964,720","3,330.00","3,370.00","3,260.00","3,260.00",-45.00,959,3008
104/07/27,"1,197,444","3,809,726,400","3,245.00","3,310.00","3,065.00","3,090.00",-170.00,"1,288",3008
104/07/28,"1,179,327","3,749,514,300","3,100.00","3,225.00","3,100.00","3,215.00",+125.00,"1,252",3008
104/07/29,"1,195,140","3,797,521,800","3,230.00","3,255.00","3,100.00","3,100.00",-115.00,"1,227",3008
104/07/30,"799,190","2,532,545,650","3,125.00","3,225.00","3,120.00","3,135.00",+35.00,870,3008
104/07/31,"530,408","1,691,662,640","3,185.00","3,220.00","3,150.00","3,205.00",+70.00,576,3008
104/08/03,"1,158,304","3,507,726,360","3,170.00","3,175.00","2,915.00","2,925.00",-280.00,"1,251",3008
104/08/04,"1,449,113","4,284,284,480","3,000.00","3,015.00","2,880.00","2,970.00",+45.00,"1,549",3008
104/08/05,"1,098,655","3,289,693,495","2,955.00","3,080.00","2,925.00","3,020.00",+50.00,"1,124",3008
104/08/06,"2,218,470","6,194,858,400","2,890.00","2,915.00","2,720.00","2,720.00",-300.00,"2,212",3008
104/08/07,"2,381,636","6,817,088,940","2,800.00","2,990.00","2,700.00","2,935.00",+215.00,"2,395",3008
104/08/10,"999,061","2,969,717,085","2,935.00","3,055.00","2,865.00","2,985.00",+50.00,"1,088",3008
104/08/11,"1,383,950","4,330,303,000","3,095.00","3,175.00","3,070.00","3,150.00",+165.00,"1,511",3008
104/08/12,"843,719","2,561,358,405","3,075.00","3,130.00","2,955.00","2,970.00",-180.00,871,3008
104/08/13,"807,101","2,454,120,020","3,050.00","3,070.00","3,000.00","3,020.00",+50.00,851,3008
104/08/14,"862,730","2,580,322,700","3,020.00","3,065.00","2,935.00","2,960.00",-60.00,864,3008
104/08/17,"1,003,150","2,973,427,500","2,920.00","3,010.00","2,920.00","2,970.00",X0.00,"1,049",3008
104/08/18,"641,610","1,937,190,000","2,995.00","3,060.00","2,985.00","2,995.00",+25.00,673,3008
104/08/19,"1,862,439","5,300,478,100","3,020.00","3,025.00","2,710.00","2,875.00",-120.00,"1,844",3008
104/08/20,"1,319,583","3,831,548,210","2,860.00","2,970.00","2,850.00","2,850.00",-25.00,"1,326",3008
104/08/21,"1,214,206","3,358,327,680","2,750.00","2,805.00","2,725.00","2,780.00",-70.00,"1,342",3008
104/08/24,"2,193,114","5,857,068,810","2,635.00","2,825.00","2,520.00","2,680.00",-100.00,"2,203",3008
104/08/25,"1,366,009","3,895,846,190","2,750.00","2,945.00","2,720.00","2,945.00",+265.00,"1,420",3008
104/08/26,"1,639,601","4,794,285,880","2,900.00","2,995.00","2,840.00","2,880.00",-65.00,"1,704",3008
104/08/27,"1,381,415","4,127,582,550","2,960.00","3,030.00","2,940.00","2,960.00",+80.00,"1,472",3008
104/08/28,"1,033,539","3,109,781,610","3,020.00","3,050.00","2,985.00","3,000.00",+40.00,"1,037",3008
104/08/31,"638,015","1,916,825,000","2,995.00","3,020.00","2,965.00","3,020.00",+20.00,638,3008
104/09/01,"541,714","1,621,808,440","3,000.00","3,015.00","2,970.00","2,980.00",-40.00,586,3008
104/09/02,"623,487","1,831,661,650","2,915.00","2,970.00","2,890.00","2,950.00",-30.00,699,3008
104/09/03,"875,636","2,521,800,760","2,935.00","2,935.00","2,835.00","2,865.00",-85.00,900,3008
104/09/04,"1,364,371","3,784,955,890","2,865.00","2,900.00","2,685.00","2,700.00",-165.00,"1,499",3008
104/09/07,"1,916,563","4,998,850,690","2,685.00","2,685.00","2,560.00","2,605.00",-95.00,"1,868",3008
104/09/08,"1,191,916","3,129,257,020","2,600.00","2,690.00","2,580.00","2,580.00",-25.00,"1,273",3008
104/09/09,"1,571,365","4,312,208,350","2,675.00","2,830.00","2,665.00","2,830.00",+250.00,"1,606",3008
104/09/10,"713,966","1,965,680,140","2,790.00","2,790.00","2,720.00","2,750.00",-80.00,725,3008
104/09/11,"807,069","2,274,759,925","2,785.00","2,850.00","2,785.00","2,815.00",+65.00,887,3008
104/09/14,"698,719","2,024,657,910","2,900.00","2,925.00","2,865.00","2,900.00",+85.00,790,3008
104/09/15,"1,002,569","2,813,219,750","2,900.00","2,910.00","2,740.00","2,745.00",-155.00,"1,166",3008
104/09/16,"1,010,085","2,803,553,325","2,745.00","2,830.00","2,715.00","2,780.00",+35.00,"1,068",3008
104/09/17,"1,302,200","3,746,465,000","2,840.00","2,925.00","2,815.00","2,910.00",+130.00,"1,399",3008
104/09/18,"675,658","1,955,463,200","2,910.00","2,925.00","2,860.00","2,895.00",-15.00,698,3008
104/09/21,"927,667","2,594,620,930","2,830.00","2,840.00","2,755.00","2,790.00",-105.00,955,3008
104/09/22,"528,398","1,493,827,360","2,810.00","2,855.00","2,800.00","2,805.00",+15.00,566,3008
104/09/23,"731,720","2,005,026,400","2,750.00","2,770.00","2,710.00","2,740.00",-65.00,805,3008
104/09/24,"758,776","2,064,912,960","2,775.00","2,790.00","2,685.00","2,685.00",-55.00,780,3008
104/09/25,"1,557,428","4,122,658,440","2,625.00","2,730.00","2,565.00","2,730.00",+45.00,"1,544",3008
104/09/30,"2,608,708","6,778,941,760","2,625.00","2,665.00","2,560.00","2,560.00",-170.00,"2,602",3008
104/10/01,"2,112,247","5,382,435,455","2,575.00","2,615.00","2,470.00","2,470.00",-90.00,"2,061",3008
104/10/02,"1,981,818","4,965,117,260","2,470.00","2,570.00","2,430.00","2,570.00",+100.00,"1,978",3008
104/10/05,"1,554,782","3,901,165,000","2,580.00","2,580.00","2,475.00","2,480.00",-90.00,"1,654",3008
104/10/06,"2,232,811","5,928,330,370","2,580.00","2,715.00","2,580.00","2,690.00",+210.00,"2,220",3008
104/10/07,"1,444,533","3,893,745,775","2,735.00","2,740.00","2,660.00","2,675.00",-15.00,"1,474",3008
104/10/08,"879,085","2,347,661,850","2,680.00","2,730.00","2,610.00","2,610.00",-65.00,959,3008
104/10/12,"1,369,553","3,646,430,050","2,610.00","2,710.00","2,610.00","2,700.00",+90.00,"1,364",3008
104/10/13,"1,247,967","3,285,141,890","2,685.00","2,695.00","2,590.00","2,630.00",-70.00,"1,149",3008
104/10/14,"1,515,731","3,913,731,360","2,610.00","2,625.00","2,550.00","2,550.00",-80.00,"1,644",3008
104/10/15,"1,255,874","3,274,242,400","2,590.00","2,640.00","2,580.00","2,585.00",+35.00,"1,253",3008
104/10/16,"1,690,370","4,434,628,300","2,690.00","2,690.00","2,585.00","2,585.00", 0.00,"1,637",3008
104/10/19,"1,988,669","4,942,044,120","2,590.00","2,605.00","2,420.00","2,450.00",-135.00,"1,973",3008
104/10/20,"2,136,701","5,176,912,450","2,450.00","2,510.00","2,370.00","2,415.00",-35.00,"2,194",3008
104/10/21,"1,423,015","3,461,136,525","2,440.00","2,465.00","2,410.00","2,415.00", 0.00,"1,467",3008
104/10/22,"896,769","2,210,924,810","2,445.00","2,495.00","2,440.00","2,450.00",+35.00,874,3008
104/10/23,"1,051,663","2,613,037,985","2,520.00","2,525.00","2,440.00","2,440.00",-10.00,"1,063",3008
104/10/26,"1,850,828","4,676,155,540","2,495.00","2,565.00","2,485.00","2,555.00",+115.00,"1,841",3008
104/10/27,"1,260,364","3,154,810,920","2,530.00","2,530.00","2,480.00","2,530.00",-25.00,"1,262",3008
104/10/28,"681,362","1,727,163,100","2,510.00","2,565.00","2,510.00","2,510.00",-20.00,707,3008
104/10/29,"693,657","1,773,765,640","2,585.00","2,590.00","2,525.00","2,525.00",+15.00,758,3008
104/10/30,"547,014","1,381,096,400","2,515.00","2,550.00","2,490.00","2,535.00",+10.00,594,3008
104/11/02,"1,404,906","3,688,446,840","2,535.00","2,690.00","2,525.00","2,640.00",+105.00,"1,400",3008
104/11/03,"1,922,673","5,233,232,020","2,680.00","2,750.00","2,670.00","2,745.00",+105.00,"1,953",3008
104/11/04,"1,238,686","3,465,537,230","2,780.00","2,825.00","2,765.00","2,810.00",+65.00,"1,314",3008
104/11/05,"1,557,954","4,519,665,680","2,845.00","2,965.00","2,840.00","2,940.00",+130.00,"1,602",3008
104/11/06,"2,047,862","5,723,316,880","2,910.00","2,910.00","2,720.00","2,720.00",-220.00,"2,108",3008
104/11/09,"1,420,112","3,799,200,680","2,700.00","2,740.00","2,620.00","2,620.00",-100.00,"1,470",3008
104/11/10,"1,262,306","3,279,025,190","2,545.00","2,650.00","2,545.00","2,590.00",-30.00,"1,269",3008
104/11/11,"1,462,312","3,704,465,000","2,590.00","2,620.00","2,490.00","2,490.00",-100.00,"1,602",3008
104/11/12,"1,146,118","2,883,892,080","2,535.00","2,560.00","2,460.00","2,560.00",+70.00,"1,188",3008
104/11/13,"743,458","1,883,322,900","2,505.00","2,575.00","2,500.00","2,510.00",-50.00,756,3008
104/11/16,"842,222","2,106,223,330","2,490.00","2,540.00","2,445.00","2,515.00",+5.00,925,3008
104/11/17,"1,020,042","2,650,568,570","2,580.00","2,630.00","2,570.00","2,585.00",+70.00,"1,044",3008
104/11/18,"710,904","1,826,502,320","2,585.00","2,600.00","2,550.00","2,560.00",-25.00,701,3008
104/11/19,"909,006","2,396,105,990","2,630.00","2,670.00","2,600.00","2,670.00",+110.00,978,3008
104/11/20,"1,138,330","3,086,135,900","2,680.00","2,750.00","2,660.00","2,735.00",+65.00,"1,205",3008
104/11/23,"661,261","1,792,773,615","2,745.00","2,750.00","2,680.00","2,715.00",-20.00,701,3008
104/11/24,"2,231,784","5,670,252,160","2,630.00","2,655.00","2,460.00","2,465.00",-250.00,"2,270",3008
104/11/25,"1,171,353","2,924,812,690","2,480.00","2,535.00","2,450.00","2,510.00",+45.00,"1,233",3008
104/11/26,"915,810","2,316,914,300","2,510.00","2,560.00","2,510.00","2,525.00",+15.00,874,3008
104/11/27,"606,620","1,527,061,200","2,540.00","2,550.00","2,505.00","2,505.00",-20.00,658,3008
104/11/30,"1,091,243","2,741,414,680","2,510.00","2,530.00","2,485.00","2,515.00",+10.00,956,3008
104/12/01,"1,217,084","3,142,978,400","2,525.00","2,620.00","2,525.00","2,600.00",+85.00,"1,322",3008
104/12/02,"1,042,099","2,681,473,390","2,560.00","2,610.00","2,540.00","2,610.00",+10.00,997,3008
104/12/03,"693,852","1,776,720,380","2,565.00","2,585.00","2,550.00","2,550.00",-60.00,703,3008
104/12/04,"1,181,120","2,959,239,800","2,540.00","2,545.00","2,465.00","2,530.00",-20.00,"1,144",3008
104/12/07,"2,928,986","6,988,511,120","2,500.00","2,510.00","2,285.00","2,395.00",-135.00,"2,977",3008
104/12/08,"944,441","2,246,304,145","2,355.00","2,410.00","2,350.00","2,350.00",-45.00,"1,185",3008
104/12/09,"1,147,551","2,694,507,300","2,355.00","2,395.00","2,305.00","2,305.00",-45.00,"1,186",3008
104/12/10,"1,126,683","2,599,019,070","2,305.00","2,330.00","2,290.00","2,290.00",-15.00,"1,144",3008
104/12/11,"821,019","1,903,409,080","2,295.00","2,340.00","2,295.00","2,320.00",+30.00,822,3008
104/12/14,"1,043,381","2,326,308,200","2,290.00","2,290.00","2,185.00","2,195.00",-125.00,"1,140",3008
104/12/15,"1,098,388","2,417,684,200","2,215.00","2,245.00","2,150.00","2,150.00",-45.00,"1,270",3008
104/12/16,"2,460,812","5,224,182,400","2,200.00","2,205.00","2,045.00","2,140.00",-10.00,"2,268",3008
104/12/17,"1,379,968","3,028,663,000","2,165.00","2,235.00","2,140.00","2,230.00",+90.00,"1,325",3008
104/12/18,"1,043,362","2,317,263,800","2,205.00","2,250.00","2,180.00","2,250.00",+20.00,951,3008
104/12/21,"655,881","1,471,328,085","2,210.00","2,285.00","2,200.00","2,285.00",+35.00,668,3008
104/12/22,"1,062,904","2,476,029,200","2,300.00","2,355.00","2,300.00","2,320.00",+35.00,"1,034",3008
104/12/23,"668,396","1,527,680,060","2,305.00","2,330.00","2,230.00","2,230.00",-90.00,747,3008
104/12/24,"756,992","1,730,836,680","2,295.00","2,325.00","2,245.00","2,270.00",+40.00,747,3008
104/12/25,"220,739","501,061,005","2,265.00","2,295.00","2,240.00","2,295.00",+25.00,271,3008
104/12/28,"390,594","890,551,350","2,310.00","2,310.00","2,255.00","2,275.00",-20.00,376,3008
104/12/29,"403,290","903,637,500","2,275.00","2,275.00","2,210.00","2,255.00",-20.00,447,3008
104/12/30,"456,532","1,040,202,320","2,290.00","2,295.00","2,260.00","2,260.00",+5.00,478,3008
104/12/31,"294,847","666,928,100","2,280.00","2,280.00","2,230.00","2,270.00",+10.00,303,3008
105/01/04,"677,625","1,504,074,375","2,255.00","2,270.00","2,175.00","2,175.00",-95.00,677,3008
105/01/05,"1,749,520","3,717,277,800","2,130.00","2,155.00","2,100.00","2,110.00",-65.00,"1,672",3008
105/01/06,"3,026,047","5,811,883,530","1,910.00","1,965.00","1,900.00","1,960.00",-150.00,"2,494",3008
105/01/07,"2,607,389","4,885,579,650","1,930.00","1,945.00","1,815.00","1,830.00",-130.00,"2,462",3008
105/01/08,"2,099,497","4,014,847,600","1,800.00","2,000.00","1,790.00","1,975.00",+145.00,"2,060",3008
105/01/11,"1,168,465","2,298,989,775","1,960.00","2,010.00","1,930.00","1,935.00",-40.00,"1,224",3008
105/01/12,"1,475,484","2,822,992,980","1,960.00","2,010.00","1,825.00","1,840.00",-95.00,"1,525",3008
105/01/13,"1,313,164","2,529,183,080","1,900.00","1,965.00","1,885.00","1,965.00",+125.00,"1,345",3008
105/01/14,"1,724,463","3,215,515,440","1,880.00","1,900.00","1,835.00","1,855.00",-110.00,"1,709",3008
105/01/15,"2,234,547","4,469,556,735","1,985.00","2,040.00","1,945.00","2,020.00",+165.00,"2,172",3008
105/01/18,"1,463,888","2,951,972,120","1,975.00","2,070.00","1,965.00","1,995.00",-25.00,"1,434",3008
105/01/19,"807,706","1,617,699,650","2,000.00","2,025.00","1,980.00","2,025.00",+30.00,793,3008
105/01/20,"1,583,181","3,080,383,900","2,000.00","2,010.00","1,885.00","1,900.00",-125.00,"1,647",3008
105/01/21,"1,513,374","3,009,263,000","1,970.00","2,035.00","1,940.00","2,035.00",+135.00,"1,456",3008
105/01/22,"1,119,932","2,255,054,000","2,045.00","2,070.00","1,990.00","1,995.00",-40.00,"1,099",3008
105/01/25,"1,311,430","2,756,655,100","2,075.00","2,140.00","2,065.00","2,075.00",+80.00,"1,291",3008
105/01/26,"1,548,076","3,295,145,240","2,060.00","2,240.00","2,045.00","2,240.00",+165.00,"1,611",3008
105/01/27,"1,819,925","3,928,001,500","2,210.00","2,210.00","2,115.00","2,160.00",-80.00,"1,718",3008
105/01/28,"2,213,482","4,884,259,500","2,080.00","2,285.00","2,080.00","2,260.00",+100.00,"2,012",3008
105/01/29,"2,356,219","5,556,436,840","2,250.00","2,450.00","2,225.00","2,375.00",+115.00,"2,306",3008
105/01/30,"1,140,691","2,832,672,500","2,435.00","2,515.00","2,420.00","2,500.00",+125.00,"1,322",3008
105/02/01,"2,260,409","5,523,826,200","2,485.00","2,550.00","2,350.00","2,350.00",-150.00,"2,164",3008
105/02/02,"1,479,496","3,462,385,640","2,370.00","2,395.00","2,290.00","2,350.00", 0.00,"1,511",3008
105/02/03,"1,094,088","2,570,996,800","2,310.00","2,385.00","2,310.00","2,350.00", 0.00,"1,039",3008
105/02/15,"1,453,581","3,426,645,350","2,260.00","2,400.00","2,260.00","2,385.00",+35.00,"1,325",3008
105/02/16,"1,873,120","4,702,324,400","2,420.00","2,585.00","2,400.00","2,570.00",+185.00,"1,876",3008
105/02/17,"1,547,047","3,865,141,560","2,555.00","2,575.00","2,455.00","2,455.00",-115.00,"1,507",3008
105/02/18,"1,731,434","4,346,014,810","2,515.00","2,560.00","2,465.00","2,465.00",+10.00,"1,671",3008
105/02/19,"1,047,486","2,637,997,430","2,445.00","2,555.00","2,445.00","2,535.00",+70.00,"1,030",3008
105/02/22,"1,022,079","2,631,271,845","2,560.00","2,610.00","2,545.00","2,555.00",+20.00,"1,046",3008
105/02/23,"1,176,789","3,033,630,895","2,590.00","2,615.00","2,555.00","2,560.00",+5.00,"1,107",3008
105/02/24,"773,054","1,967,417,160","2,540.00","2,575.00","2,525.00","2,555.00",-5.00,801,3008
105/02/25,"684,134","1,745,185,360","2,585.00","2,585.00","2,530.00","2,540.00",-15.00,656,3008
105/02/26,"655,868","1,676,149,720","2,575.00","2,595.00","2,535.00","2,535.00",-5.00,619,3008
105/03/01,"2,120,759","5,671,844,125","2,585.00","2,740.00","2,575.00","2,720.00",+185.00,"2,045",3008
105/03/02,"1,284,811","3,567,133,085","2,840.00","2,840.00","2,730.00","2,740.00",+20.00,"1,325",3008
105/03/03,"1,187,861","3,209,107,480","2,765.00","2,770.00","2,660.00","2,685.00",-55.00,"1,205",3008
105/03/04,"844,460","2,313,115,400","2,695.00","2,760.00","2,695.00","2,760.00",+75.00,856,3008
105/03/07,"951,424","2,581,962,680","2,775.00","2,775.00","2,685.00","2,695.00",-65.00,998,3008
105/03/08,"1,479,217","3,841,557,880","2,695.00","2,695.00","2,535.00","2,635.00",-60.00,"1,504",3008
105/03/09,"1,208,540","3,131,048,200","2,650.00","2,655.00","2,565.00","2,575.00",-60.00,"1,234",3008
105/03/10,"1,111,041","2,891,039,780","2,590.00","2,660.00","2,565.00","2,565.00",-10.00,"1,109",3008
105/03/11,"820,928","2,124,541,720","2,600.00","2,615.00","2,545.00","2,610.00",+45.00,835,3008
105/03/14,"752,061","1,991,205,430","2,655.00","2,685.00","2,620.00","2,620.00",+10.00,779,3008
105/03/15,"1,258,960","3,177,529,400","2,630.00","2,640.00","2,470.00","2,470.00",-150.00,"1,276",3008
105/03/16,"1,135,462","2,913,927,340","2,500.00","2,605.00","2,500.00","2,590.00",+120.00,"1,159",3008
105/03/17,"965,681","2,490,883,360","2,630.00","2,650.00","2,535.00","2,540.00",-50.00,959,3008
105/03/18,"1,028,585","2,640,666,375","2,550.00","2,615.00","2,520.00","2,560.00",+20.00,943,3008
105/03/21,"553,713","1,424,119,540","2,605.00","2,615.00","2,550.00","2,565.00",+5.00,565,3008
105/03/22,"534,789","1,376,456,400","2,565.00","2,600.00","2,545.00","2,600.00",+35.00,565,3008
105/03/23,"593,580","1,530,839,300","2,590.00","2,595.00","2,555.00","2,585.00",-15.00,593,3008
105/03/24,"746,753","1,888,880,150","2,565.00","2,565.00","2,490.00","2,545.00",-40.00,756,3008
105/03/25,"714,537","1,783,253,240","2,545.00","2,555.00","2,465.00","2,470.00",-75.00,730,3008
105/03/28,"671,340","1,643,703,000","2,485.00","2,490.00","2,425.00","2,435.00",-35.00,717,3008
105/03/29,"653,218","1,595,663,010","2,440.00","2,490.00","2,410.00","2,420.00",-15.00,687,3008
105/03/30,"1,084,294","2,751,996,260","2,490.00","2,580.00","2,485.00","2,580.00",+160.00,"1,101",3008
105/03/31,"1,034,934","2,616,441,400","2,600.00","2,600.00","2,495.00","2,495.00",-85.00,971,3008
105/04/01,"508,920","1,276,356,800","2,495.00","2,525.00","2,490.00","2,510.00",+15.00,525,3008
105/04/06,"1,218,252","2,967,836,000","2,390.00","2,500.00","2,375.00","2,475.00",-35.00,"1,184",3008
105/04/07,"959,658","2,407,881,320","2,485.00","2,545.00","2,475.00","2,515.00",+40.00,944,3008
105/04/08,"855,649","2,101,772,765","2,485.00","2,490.00","2,425.00","2,445.00",-70.00,864,3008
105/04/11,"622,720","1,533,999,800","2,445.00","2,485.00","2,425.00","2,485.00",+40.00,554,3008
105/04/12,"1,251,509","2,994,601,690","2,455.00","2,470.00","2,340.00","2,375.00",-110.00,"1,210",3008
105/04/13,"1,151,629","2,785,984,600","2,385.00","2,465.00","2,375.00","2,405.00",+30.00,"1,200",3008
105/04/14,"1,087,525","2,585,410,525","2,430.00","2,460.00","2,330.00","2,375.00",-30.00,"1,065",3008
105/04/15,"2,020,528","4,813,118,880","2,300.00","2,470.00","2,290.00","2,465.00",+90.00,"1,946",3008
105/04/18,"685,845","1,663,254,900","2,430.00","2,450.00","2,400.00","2,440.00",-25.00,675,3008
105/04/19,"1,003,966","2,429,754,080","2,470.00","2,480.00","2,380.00","2,380.00",-60.00,"1,037",3008
105/04/20,"1,006,199","2,394,148,620","2,380.00","2,420.00","2,355.00","2,355.00",-25.00,971,3008
105/04/21,"741,135","1,744,082,650","2,385.00","2,390.00","2,325.00","2,360.00",+5.00,710,3008
105/04/22,"1,731,280","3,951,356,400","2,325.00","2,335.00","2,240.00","2,240.00",-120.00,"1,707",3008
105/04/25,"1,957,783","4,256,652,410","2,240.00","2,240.00","2,135.00","2,170.00",-70.00,"1,747",3008
105/04/26,"1,176,769","2,655,306,785","2,210.00","2,295.00","2,205.00","2,250.00",+80.00,"1,171",3008
105/04/27,"1,394,383","3,098,505,580","2,200.00","2,250.00","2,180.00","2,240.00",-10.00,"1,297",3008
105/04/28,"995,878","2,240,685,250","2,280.00","2,280.00","2,225.00","2,240.00", 0.00,910,3008
105/04/29,"896,021","2,000,037,670","2,215.00","2,270.00","2,205.00","2,270.00",+30.00,819,3008
105/05/03,"959,538","2,175,433,410","2,240.00","2,305.00","2,225.00","2,295.00",+25.00,858,3008
105/05/04,"1,017,089","2,328,401,925","2,290.00","2,325.00","2,240.00","2,280.00",-15.00,961,3008
105/05/05,"834,043","1,915,843,685","2,300.00","2,325.00","2,260.00","2,305.00",+25.00,836,3008
105/05/06,"791,036","1,835,289,060","2,285.00","2,340.00","2,280.00","2,335.00",+30.00,820,3008
105/05/09,"1,842,686","4,592,091,280","2,420.00","2,530.00","2,405.00","2,500.00",+165.00,"1,758",3008
105/05/10,"828,072","2,073,117,160","2,490.00","2,530.00","2,465.00","2,530.00",+30.00,911,3008
105/05/11,"1,808,362","4,780,606,110","2,550.00","2,700.00","2,545.00","2,690.00",+160.00,"1,830",3008
105/05/12,"904,283","2,400,259,290","2,700.00","2,700.00","2,615.00","2,640.00",-50.00,970,3008
105/05/13,"753,909","1,956,350,215","2,605.00","2,635.00","2,545.00","2,635.00",-5.00,807,3008
105/05/16,"732,954","1,900,097,010","2,600.00","2,625.00","2,570.00","2,570.00",-65.00,729,3008
105/05/17,"843,201","2,229,131,620","2,610.00","2,680.00","2,610.00","2,620.00",+50.00,854,3008
105/05/18,"900,811","2,354,744,820","2,600.00","2,645.00","2,565.00","2,620.00", 0.00,897,3008
105/05/19,"491,913","1,281,377,495","2,635.00","2,635.00","2,585.00","2,600.00",-20.00,523,3008
105/05/20,"803,617","2,118,576,965","2,600.00","2,665.00","2,600.00","2,645.00",+45.00,808,3008
105/05/23,"1,305,457","3,527,268,900","2,690.00","2,760.00","2,645.00","2,710.00",+65.00,"1,312",3008
105/05/24,"561,692","1,516,176,100","2,700.00","2,740.00","2,675.00","2,675.00",-35.00,599,3008
105/05/25,"1,208,636","3,327,273,100","2,730.00","2,785.00","2,710.00","2,730.00",+55.00,"1,192",3008
105/05/26,"785,886","2,141,041,715","2,755.00","2,765.00","2,685.00","2,685.00",-45.00,791,3008
105/05/27,"672,350","1,805,805,000","2,700.00","2,715.00","2,670.00","2,685.00", 0.00,666,3008
105/05/30,"755,127","2,068,962,475","2,700.00","2,760.00","2,690.00","2,755.00",+70.00,789,3008
105/05/31,"726,630","1,991,148,980","2,755.00","2,785.00","2,720.00","2,720.00",-35.00,689,3008
105/06/01,"1,136,160","3,179,982,000","2,740.00","2,840.00","2,735.00","2,830.00",+110.00,"1,212",3008
105/06/02,"918,655","2,635,208,650","2,870.00","2,910.00","2,825.00","2,830.00", 0.00,973,3008
105/06/03,"381,289","1,087,782,205","2,850.00","2,875.00","2,840.00","2,855.00",+25.00,436,3008
105/06/04,"186,653","536,388,905","2,880.00","2,895.00","2,845.00","2,895.00",+40.00,264,3008
105/06/06,"753,834","2,186,220,260","2,935.00","2,945.00","2,870.00","2,890.00",-5.00,801,3008
105/06/07,"1,328,027","3,977,456,540","2,920.00","3,025.00","2,905.00","3,020.00",+130.00,"1,389",3008
105/06/08,"902,211","2,713,390,110","3,030.00","3,035.00","2,980.00","3,000.00",-20.00,924,3008
105/06/13,"773,445","2,265,253,810","2,945.00","2,960.00","2,900.00","2,925.00",-75.00,743,3008
105/06/14,"630,337","1,871,886,055","2,925.00","3,015.00","2,910.00","3,015.00",+90.00,679,3008
105/06/15,"655,325","1,991,504,625","3,025.00","3,080.00","2,985.00","3,065.00",+50.00,712,3008
105/06/16,"971,100","2,897,094,400","3,020.00","3,020.00","2,955.00","2,955.00",-110.00,941,3008
105/06/17,"577,562","1,731,090,180","3,005.00","3,025.00","2,965.00","2,965.00",+10.00,583,3008
105/06/20,"400,949","1,202,847,765","3,000.00","3,020.00","2,980.00","2,985.00",+20.00,442,3008
105/06/21,"494,111","1,488,689,665","2,990.00","3,035.00","2,980.00","3,035.00",+50.00,526,3008
105/06/22,"498,149","1,514,964,450","3,030.00","3,060.00","3,025.00","3,050.00",+15.00,563,3008
105/06/23,"478,345","1,467,289,325","3,065.00","3,085.00","3,035.00","3,080.00",+30.00,503,3008
105/06/24,"1,243,401","3,679,686,910","3,075.00","3,090.00","2,825.00","2,900.00",-180.00,"1,257",3008
105/06/27,"1,221,991","3,481,524,530","2,900.00","2,900.00","2,800.00","2,810.00",-90.00,"1,240",3008
105/06/28,"831,478","2,385,596,420","2,790.00","2,915.00","2,780.00","2,910.00",+100.00,884,3008
105/06/29,"664,920","1,959,501,400","2,935.00","2,975.00","2,920.00","2,920.00",+10.00,691,3008
105/06/30,"554,747","1,640,101,180","2,975.00","2,975.00","2,930.00","2,945.00",+25.00,563,3008
105/07/01,"495,199","1,462,587,025","2,960.00","2,985.00","2,925.00","2,965.00",+20.00,528,3008
105/07/04,"371,083","1,105,548,190","2,950.00","2,995.00","2,945.00","2,985.00",+20.00,411,3008
105/07/05,"340,314","1,007,319,440","2,980.00","2,980.00","2,950.00","2,950.00",-35.00,347,3008
105/07/06,"702,216","2,031,831,000","2,915.00","2,935.00","2,860.00","2,860.00",-90.00,752,3008
105/07/07,"507,054","1,470,835,250","2,900.00","2,925.00","2,875.00","2,875.00",+15.00,563,3008
105/07/11,"733,271","2,183,140,290","2,990.00","2,990.00","2,940.00","2,990.00",+115.00,743,3008
105/07/12,"1,311,595","4,079,360,200","3,015.00","3,195.00","3,015.00","3,180.00",+190.00,"1,343",3008
105/07/13,"617,248","1,947,721,200","3,180.00","3,180.00","3,125.00","3,175.00",-5.00,663,3008
105/07/14,"595,396","1,856,137,500","3,125.00","3,145.00","3,080.00","3,120.00",-55.00,634,3008
105/07/15,"2,040,397","6,872,951,710","3,280.00","3,430.00","3,260.00","3,430.00",+310.00,"2,066",3008
105/07/18,"1,101,878","3,852,047,390","3,500.00","3,525.00","3,445.00","3,505.00",+75.00,"1,155",3008
105/07/19,"667,793","2,310,160,850","3,490.00","3,495.00","3,440.00","3,450.00",-55.00,734,3008
105/07/20,"839,277","2,851,562,895","3,400.00","3,425.00","3,380.00","3,400.00",-50.00,865,3008
105/07/21,"859,301","2,926,892,380","3,375.00","3,460.00","3,360.00","3,385.00",-15.00,893,3008
105/07/22,"700,316","2,366,267,275","3,415.00","3,415.00","3,340.00","3,380.00",-5.00,722,3008
105/07/25,"497,846","1,679,423,710","3,385.00","3,430.00","3,340.00","3,340.00",-40.00,516,3008
105/07/26,"533,921","1,806,831,005","3,350.00","3,410.00","3,325.00","3,410.00",+70.00,572,3008
105/07/27,"919,758","3,232,035,420","3,460.00","3,595.00","3,445.00","3,515.00",+105.00,950,3008
105/07/28,"782,042","2,767,316,370","3,525.00","3,580.00","3,500.00","3,500.00",-15.00,766,3008
105/07/29,"512,344","1,772,758,760","3,515.00","3,515.00","3,420.00","3,420.00",-80.00,572,3008
105/08/01,"540,141","1,889,963,500","3,455.00","3,520.00","3,450.00","3,510.00",+90.00,603,3008
105/08/02,"615,233","2,196,062,030","3,525.00","3,605.00","3,520.00","3,585.00",+75.00,678,3008
105/08/03,"447,170","1,582,439,450","3,515.00","3,555.00","3,515.00","3,545.00",-40.00,490,3008
105/08/04,"643,460","2,321,456,000","3,590.00","3,640.00","3,590.00","3,590.00",+45.00,623,3008
105/08/05,"472,003","1,714,670,905","3,645.00","3,650.00","3,595.00","3,635.00",+45.00,577,3008
105/08/08,"1,210,552","4,651,553,640","3,820.00","3,945.00","3,775.00","3,815.00",+180.00,"1,260",3008
105/08/09,"649,373","2,466,634,940","3,785.00","3,825.00","3,780.00","3,780.00",-35.00,729,3008
105/08/10,"465,966","1,788,493,270","3,785.00","3,880.00","3,785.00","3,820.00",+40.00,510,3008
105/08/11,"639,152","2,416,755,760","3,795.00","3,840.00","3,740.00","3,750.00",-70.00,706,3008
105/08/12,"585,917","2,221,724,600","3,800.00","3,810.00","3,760.00","3,800.00",+50.00,628,3008
105/08/15,"645,057","2,430,630,175","3,795.00","3,805.00","3,730.00","3,735.00",-65.00,664,3008
105/08/16,"455,854","1,724,720,930","3,760.00","3,820.00","3,755.00","3,775.00",+40.00,486,3008
105/08/17,"573,703","2,164,442,340","3,775.00","3,800.00","3,750.00","3,775.00", 0.00,617,3008
105/08/18,"703,265","2,610,967,550","3,730.00","3,760.00","3,655.00","3,655.00",X0.00,747,3008
105/08/19,"593,286","2,172,963,275","3,690.00","3,720.00","3,610.00","3,610.00",-45.00,556,3008
105/08/22,"473,231","1,701,153,530","3,600.00","3,635.00","3,570.00","3,605.00",-5.00,516,3008
105/08/23,"382,969","1,396,762,085","3,630.00","3,670.00","3,615.00","3,640.00",+35.00,431,3008
105/08/24,"247,426","899,833,420","3,640.00","3,650.00","3,615.00","3,635.00",-5.00,286,3008
105/08/25,"445,881","1,611,190,410","3,640.00","3,665.00","3,580.00","3,585.00",-50.00,505,3008
105/08/26,"456,723","1,660,727,870","3,595.00","3,660.00","3,590.00","3,640.00",+55.00,477,3008
105/08/29,"244,332","881,906,840","3,625.00","3,640.00","3,585.00","3,615.00",-25.00,304,3008
105/08/30,"838,228","2,987,172,660","3,600.00","3,635.00","3,515.00","3,585.00",-30.00,814,3008
105/08/31,"404,889","1,445,995,400","3,600.00","3,610.00","3,540.00","3,560.00",-25.00,427,3008
105/09/01,"893,420","3,302,817,990","3,635.00","3,740.00","3,625.00","3,705.00",+145.00,909,3008
105/09/02,"552,681","2,031,317,245","3,720.00","3,720.00","3,635.00","3,635.00",-70.00,604,3008
105/09/05,"378,964","1,398,586,800","3,660.00","3,710.00","3,660.00","3,700.00",+65.00,425,3008
105/09/06,"568,870","2,102,120,300","3,715.00","3,745.00","3,650.00","3,650.00",-50.00,577,3008
105/09/07,"386,110","1,432,409,200","3,690.00","3,735.00","3,675.00","3,720.00",+70.00,419,3008
105/09/08,"472,847","1,744,747,585","3,730.00","3,735.00","3,660.00","3,685.00",-35.00,465,3008
105/09/09,"644,968","2,325,451,180","3,640.00","3,645.00","3,565.00","3,605.00",-80.00,640,3008
105/09/10,"576,003","2,005,385,455","3,515.00","3,535.00","3,450.00","3,450.00",-155.00,669,3008
105/09/12,"1,112,984","3,718,721,400","3,350.00","3,375.00","3,315.00","3,325.00",-125.00,"1,143",3008
105/09/13,"1,100,553","3,796,696,675","3,425.00","3,495.00","3,395.00","3,495.00",+170.00,"1,115",3008
105/09/14,"987,411","3,529,002,270","3,510.00","3,610.00","3,510.00","3,595.00",+100.00,999,3008
105/09/19,"1,711,241","6,460,201,724","3,740.00","3,865.00","3,710.00","3,800.00",+205.00,"1,505",3008
105/09/20,"720,570","2,750,311,000","3,815.00","3,850.00","3,795.00","3,820.00",+20.00,768,3008
105/09/21,"502,882","1,911,650,420","3,775.00","3,840.00","3,755.00","3,840.00",+20.00,527,3008
105/09/22,"435,762","1,657,165,360","3,870.00","3,870.00","3,775.00","3,775.00",-65.00,482,3008
105/09/23,"446,111","1,700,093,213","3,770.00","3,830.00","3,765.00","3,830.00",+55.00,463,3008
105/09/26,"383,098","1,441,675,440","3,795.00","3,795.00","3,730.00","3,765.00",-65.00,402,3008
105/09/29,"768,653","2,953,832,520","3,805.00","3,870.00","3,775.00","3,845.00",+80.00,823,3008
105/09/30,"467,787","1,771,195,600","3,760.00","3,810.00","3,760.00","3,780.00",-65.00,470,3008
105/10/03,"395,373","1,523,753,590","3,815.00","3,880.00","3,815.00","3,840.00",+60.00,429,3008
105/10/04,"472,796","1,840,977,460","3,840.00","3,930.00","3,830.00","3,910.00",+70.00,528,3008
105/10/05,"592,628","2,329,089,080","3,910.00","3,980.00","3,870.00","3,870.00",-40.00,643,3008
105/10/06,"713,897","2,734,551,465","3,895.00","3,895.00","3,775.00","3,805.00",-65.00,667,3008
105/10/07,"425,701","1,607,303,800","3,790.00","3,800.00","3,765.00","3,770.00",-35.00,446,3008
105/10/11,"768,375","2,864,672,500","3,750.00","3,815.00","3,665.00","3,680.00",-90.00,798,3008
105/10/12,"562,043","2,114,752,110","3,710.00","3,800.00","3,710.00","3,800.00",+120.00,621,3008
105/10/13,"843,521","3,181,920,190","3,820.00","3,850.00","3,700.00","3,730.00",-70.00,820,3008
105/10/14,"971,464","3,579,802,880","3,655.00","3,750.00","3,650.00","3,665.00",-65.00,"1,040",3008
105/10/17,"528,457","1,948,616,330","3,690.00","3,720.00","3,630.00","3,695.00",+30.00,567,3008
105/10/18,"344,382","1,270,866,940","3,670.00","3,705.00","3,670.00","3,700.00",+5.00,387,3008
105/10/19,"513,530","1,910,368,950","3,715.00","3,740.00","3,695.00","3,710.00",+10.00,533,3008
105/10/20,"377,261","1,391,685,920","3,700.00","3,710.00","3,650.00","3,675.00",-35.00,364,3008
105/10/21,"292,949","1,086,417,320","3,685.00","3,730.00","3,675.00","3,710.00",+35.00,313,3008
105/10/24,"474,553","1,783,839,280","3,720.00","3,790.00","3,710.00","3,770.00",+60.00,528,3008
105/10/25,"484,375","1,830,797,500","3,780.00","3,815.00","3,710.00","3,715.00",-55.00,546,3008
105/10/26,"595,438","2,219,288,120","3,670.00","3,785.00","3,655.00","3,780.00",+65.00,596,3008
105/10/27,"329,683","1,230,072,360","3,750.00","3,775.00","3,715.00","3,715.00",-65.00,352,3008
105/10/28,"232,381","866,809,940","3,735.00","3,750.00","3,695.00","3,735.00",+20.00,273,3008
105/10/31,"250,379","933,554,195","3,735.00","3,745.00","3,695.00","3,735.00", 0.00,262,3008
105/11/01,"438,097","1,615,953,415","3,715.00","3,725.00","3,650.00","3,650.00",-85.00,450,3008
105/11/02,"497,537","1,785,822,460","3,645.00","3,645.00","3,565.00","3,570.00",-80.00,563,3008
105/11/03,"432,278","1,540,537,170","3,565.00","3,610.00","3,515.00","3,515.00",-55.00,499,3008
105/11/04,"433,187","1,517,944,500","3,500.00","3,530.00","3,480.00","3,495.00",-20.00,512,3008
105/11/07,"906,449","3,231,125,685","3,450.00","3,625.00","3,450.00","3,565.00",+70.00,825,3008
105/11/08,"510,608","1,817,936,679","3,595.00","3,600.00","3,520.00","3,535.00",-30.00,509,3008
105/11/09,"1,188,993","4,103,481,620","3,590.00","3,615.00","3,325.00","3,340.00",-195.00,"1,381",3008
105/11/10,"939,388","3,318,740,460","3,505.00","3,565.00","3,495.00","3,545.00",+205.00,984,3008
105/11/11,"1,050,736","3,579,007,880","3,455.00","3,475.00","3,360.00","3,395.00",-150.00,"1,023",3008
105/11/14,"1,266,020","4,168,605,700","3,390.00","3,415.00","3,210.00","3,280.00",-115.00,"1,302",3008
105/11/15,"765,411","2,530,250,685","3,280.00","3,345.00","3,250.00","3,325.00",+45.00,800,3008
105/11/16,"568,946","1,931,436,400","3,370.00","3,415.00","3,370.00","3,385.00",+60.00,629,3008
105/11/17,"453,458","1,524,967,620","3,385.00","3,390.00","3,340.00","3,355.00",-30.00,449,3008
105/11/18,"664,608","2,293,103,000","3,390.00","3,515.00","3,375.00","3,500.00",+145.00,715,3008
105/11/21,"412,803","1,446,380,425","3,500.00","3,530.00","3,475.00","3,500.00", 0.00,444,3008
105/11/22,"565,217","2,011,466,010","3,555.00","3,590.00","3,510.00","3,510.00",+10.00,584,3008
105/11/23,"382,585","1,351,518,350","3,530.00","3,565.00","3,510.00","3,520.00",+10.00,421,3008
105/11/24,"239,304","839,200,960","3,520.00","3,535.00","3,480.00","3,515.00",-5.00,272,3008
105/11/25,"333,911","1,188,934,050","3,535.00","3,580.00","3,520.00","3,570.00",+55.00,362,3008
105/11/28,"330,093","1,193,030,730","3,595.00","3,630.00","3,575.00","3,620.00",+50.00,390,3008
105/11/29,"372,643","1,355,927,305","3,610.00","3,670.00","3,600.00","3,640.00",+20.00,415,3008
105/11/30,"513,271","1,884,780,505","3,650.00","3,690.00","3,630.00","3,690.00",+50.00,463,3008
105/12/01,"453,358","1,665,113,180","3,700.00","3,715.00","3,645.00","3,650.00",-40.00,495,3008
105/12/02,"508,227","1,848,739,010","3,680.00","3,685.00","3,600.00","3,610.00",-40.00,515,3008
105/12/05,"255,536","916,956,040","3,610.00","3,630.00","3,570.00","3,580.00",-30.00,271,3008
105/12/06,"809,350","3,007,169,000","3,665.00","3,770.00","3,650.00","3,675.00",+95.00,843,3008
105/12/07,"602,908","2,255,215,000","3,750.00","3,755.00","3,710.00","3,750.00",+75.00,611,3008
105/12/08,"672,489","2,526,746,305","3,810.00","3,810.00","3,740.00","3,750.00", 0.00,644,3008
105/12/09,"365,997","1,364,773,885","3,705.00","3,750.00","3,705.00","3,730.00",-20.00,383,3008
105/12/12,"333,751","1,248,764,965","3,750.00","3,755.00","3,730.00","3,735.00",+5.00,348,3008
105/12/13,"377,893","1,406,271,610","3,700.00","3,750.00","3,695.00","3,750.00",+15.00,382,3008
105/12/14,"355,454","1,330,354,340","3,750.00","3,750.00","3,720.00","3,735.00",-15.00,351,3008
105/12/15,"497,784","1,841,321,880","3,700.00","3,725.00","3,685.00","3,695.00",-40.00,515,3008
105/12/16,"535,456","2,000,606,100","3,710.00","3,750.00","3,705.00","3,750.00",+55.00,456,3008
105/12/19,"446,781","1,647,446,695","3,715.00","3,730.00","3,665.00","3,665.00",-85.00,417,3008
105/12/20,"408,083","1,490,093,780","3,675.00","3,700.00","3,620.00","3,620.00",-45.00,434,3008
105/12/21,"362,991","1,323,077,060","3,625.00","3,680.00","3,625.00","3,640.00",+20.00,371,3008
105/12/22,"271,695","982,216,480","3,640.00","3,650.00","3,600.00","3,600.00",-40.00,270,3008
105/12/23,"339,144","1,210,015,520","3,570.00","3,595.00","3,550.00","3,550.00",-50.00,367,3008
105/12/26,"120,966","431,288,450","3,575.00","3,590.00","3,540.00","3,570.00",+20.00,181,3008
105/12/27,"76,373","273,715,935","3,570.00","3,595.00","3,570.00","3,590.00",+20.00,110,3008
105/12/28,"536,973","1,992,123,750","3,660.00","3,750.00","3,645.00","3,725.00",+135.00,614,3008
105/12/29,"570,663","2,138,158,155","3,725.00","3,770.00","3,710.00","3,725.00", 0.00,602,3008
105/12/30,"527,462","1,998,015,600","3,750.00","3,805.00","3,750.00","3,790.00",+65.00,621,3008
106/01/03,"214,625","814,498,750","3,805.00","3,810.00","3,780.00","3,795.00",+5.00,251,3008
106/01/04,"341,555","1,297,219,000","3,815.00","3,820.00","3,780.00","3,780.00",-15.00,370,3008
106/01/05,"1,716,094","6,770,915,780","3,840.00","4,050.00","3,840.00","4,050.00",+270.00,"1,656",3008
106/01/06,"1,055,233","4,333,717,290","4,050.00","4,155.00","4,025.00","4,145.00",+95.00,"1,183",3008
106/01/09,"786,717","3,213,246,020","4,175.00","4,245.00","3,995.00","4,010.00",-135.00,890,3008
106/01/10,"515,268","2,102,048,180","3,990.00","4,135.00","3,990.00","4,135.00",+125.00,642,3008
106/01/11,"659,150","2,765,685,390","4,180.00","4,230.00","4,170.00","4,170.00",+35.00,699,3008
106/01/12,"573,105","2,410,266,000","4,140.00","4,240.00","4,130.00","4,240.00",+70.00,651,3008
106/01/13,"764,933","3,223,287,930","4,240.00","4,240.00","4,175.00","4,240.00", 0.00,675,3008
106/01/16,"414,891","1,749,603,445","4,220.00","4,250.00","4,195.00","4,250.00",+10.00,383,3008
106/01/17,"786,253","3,428,733,200","4,260.00","4,410.00","4,260.00","4,400.00",+150.00,913,3008
106/01/18,"620,549","2,740,300,375","4,390.00","4,450.00","4,370.00","4,445.00",+45.00,649,3008
106/01/19,"772,638","3,346,704,260","4,410.00","4,420.00","4,275.00","4,295.00",-150.00,877,3008
106/01/20,"818,892","3,539,696,650","4,280.00","4,390.00","4,220.00","4,390.00",+95.00,769,3008
106/01/23,"540,199","2,364,385,675","4,380.00","4,455.00","4,335.00","4,355.00",-35.00,605,3008
106/01/24,"813,346","3,612,795,280","4,440.00","4,475.00","4,400.00","4,450.00",+95.00,861,3008
106/02/02,"1,226,879","5,557,684,604","4,550.00","4,580.00","4,490.00","4,550.00",+100.00,"1,167",3008
106/02/03,"583,963","2,625,664,610","4,530.00","4,560.00","4,450.00","4,490.00",-60.00,636,3008
106/02/06,"485,570","2,174,745,400","4,500.00","4,520.00","4,425.00","4,505.00",+15.00,499,3008
106/02/07,"458,391","2,059,034,500","4,520.00","4,525.00","4,455.00","4,480.00",-25.00,476,3008
106/02/08,"411,336","1,847,100,240","4,485.00","4,530.00","4,470.00","4,470.00",-10.00,457,3008
106/02/09,"720,706","3,306,458,071","4,515.00","4,630.00","4,500.00","4,610.00",+140.00,804,3008
106/02/10,"678,264","3,209,001,360","4,610.00","4,810.00","4,610.00","4,740.00",+130.00,784,3008
106/02/13,"446,971","2,108,355,000","4,730.00","4,780.00","4,685.00","4,705.00",-35.00,451,3008
106/02/14,"501,305","2,366,120,545","4,660.00","4,770.00","4,660.00","4,715.00",+10.00,596,3008
106/02/15,"347,897","1,641,450,900","4,715.00","4,735.00","4,695.00","4,695.00",-20.00,428,3008
106/02/16,"733,183","3,385,901,310","4,715.00","4,780.00","4,540.00","4,560.00",-135.00,848,3008
106/02/17,"656,462","3,002,159,000","4,585.00","4,625.00","4,530.00","4,530.00",-30.00,815,3008
106/02/18,"176,620","797,435,500","4,575.00","4,585.00","4,495.00","4,500.00",-30.00,229,3008
106/02/20,"466,421","2,119,554,500","4,510.00","4,650.00","4,480.00","4,495.00",-5.00,498,3008
106/02/21,"235,602","1,068,287,160","4,515.00","4,560.00","4,495.00","4,560.00",+65.00,299,3008
106/02/22,"605,530","2,832,424,500","4,640.00","4,730.00","4,635.00","4,680.00",+120.00,688,3008
106/02/23,"464,373","2,210,723,635","4,725.00","4,800.00","4,720.00","4,745.00",+65.00,600,3008
106/02/24,"625,618","2,896,852,800","4,745.00","4,745.00","4,560.00","4,560.00",-185.00,664,3008
106/03/01,"713,130","3,213,504,360","4,510.00","4,555.00","4,475.00","4,475.00",-85.00,830,3008
106/03/02,"567,268","2,558,042,700","4,560.00","4,600.00","4,450.00","4,485.00",+10.00,599,3008
106/03/03,"311,722","1,397,682,340","4,450.00","4,535.00","4,450.00","4,465.00",-20.00,442,3008
106/03/06,"361,861","1,637,810,330","4,530.00","4,560.00","4,495.00","4,500.00",+35.00,404,3008
106/03/07,"385,839","1,722,793,550","4,500.00","4,535.00","4,400.00","4,445.00",-55.00,570,3008
106/03/08,"325,164","1,445,609,800","4,480.00","4,490.00","4,410.00","4,440.00",-5.00,415,3008
106/03/09,"329,931","1,467,050,190","4,455.00","4,485.00","4,390.00","4,485.00",+45.00,398,3008
106/03/10,"268,566","1,202,003,320","4,470.00","4,505.00","4,435.00","4,505.00",+20.00,319,3008
106/03/13,"554,118","2,554,098,250","4,525.00","4,660.00","4,525.00","4,650.00",+145.00,662,3008
106/03/14,"305,453","1,421,935,595","4,695.00","4,710.00","4,615.00","4,645.00",-5.00,398,3008
106/03/15,"324,918","1,493,818,290","4,640.00","4,640.00","4,570.00","4,590.00",-55.00,374,3008
106/03/16,"329,523","1,536,337,965","4,640.00","4,680.00","4,640.00","4,665.00",+75.00,410,3008
106/03/17,"418,438","1,969,458,620","4,685.00","4,760.00","4,650.00","4,760.00",+95.00,406,3008
106/03/20,"168,700","798,757,000","4,750.00","4,760.00","4,710.00","4,720.00",-40.00,237,3008
106/03/21,"413,832","1,990,059,262","4,750.00","4,850.00","4,750.00","4,810.00",+90.00,490,3008
106/03/22,"411,704","1,946,741,960","4,725.00","4,765.00","4,685.00","4,740.00",-70.00,498,3008
106/03/23,"162,159","772,598,430","4,795.00","4,800.00","4,740.00","4,750.00",+10.00,223,3008
106/03/24,"250,452","1,197,008,300","4,785.00","4,795.00","4,730.00","4,790.00",+40.00,322,3008
106/03/27,"195,118","935,040,810","4,785.00","4,815.00","4,740.00","4,795.00",+5.00,259,3008
106/03/28,"375,134","1,779,002,840","4,800.00","4,815.00","4,685.00","4,735.00",-60.00,405,3008
106/03/29,"348,244","1,640,096,800","4,750.00","4,750.00","4,690.00","4,690.00",-45.00,444,3008
106/03/30,"277,241","1,306,846,495","4,715.00","4,740.00","4,690.00","4,690.00", 0.00,329,3008
106/03/31,"285,808","1,361,327,240","4,690.00","4,790.00","4,690.00","4,780.00",+90.00,336,3008
106/04/05,"492,138","2,359,012,920","4,820.00","4,840.00","4,715.00","4,820.00",+40.00,585,3008
106/04/06,"869,252","4,042,126,760","4,675.00","4,705.00","4,600.00","4,600.00",-220.00,973,3008
106/04/07,"686,123","3,179,442,129","4,600.00","4,705.00","4,540.00","4,700.00",+100.00,708,3008
106/04/10,"246,052","1,145,654,124","4,730.00","4,730.00","4,615.00","4,615.00",-85.00,294,3008
106/04/11,"383,210","1,750,890,500","4,585.00","4,635.00","4,520.00","4,520.00",-95.00,521,3008
106/04/12,"581,391","2,611,072,000","4,520.00","4,540.00","4,435.00","4,475.00",-45.00,647,3008
106/04/13,"575,504","2,547,245,360","4,425.00","4,495.00","4,385.00","4,410.00",-65.00,628,3008
106/04/14,"1,273,981","6,036,189,370","4,650.00","4,820.00","4,630.00","4,800.00",+390.00,"1,320",3008
106/04/17,"347,290","1,659,334,750","4,815.00","4,815.00","4,730.00","4,780.00",-20.00,442,3008
106/04/18,"443,633","2,122,257,575","4,810.00","4,810.00","4,765.00","4,780.00", 0.00,315,3008
106/04/19,"309,115","1,465,729,350","4,745.00","4,760.00","4,720.00","4,720.00",-60.00,437,3008
106/04/20,"339,968","1,615,318,640","4,720.00","4,810.00","4,700.00","4,725.00",+5.00,395,3008
106/04/21,"658,087","3,181,531,950","4,795.00","4,885.00","4,780.00","4,875.00",+150.00,791,3008
106/04/24,"485,562","2,385,057,560","4,905.00","4,980.00","4,845.00","4,895.00",+20.00,597,3008
106/04/25,"446,013","2,193,609,350","4,905.00","4,970.00","4,855.00","4,970.00",+75.00,575,3008
106/04/26,"509,825","2,544,325,250","4,970.00","5,010.00","4,955.00","5,000.00",+30.00,676,3008
106/04/27,"179,452","896,724,520","4,975.00","5,015.00","4,965.00","5,010.00",+10.00,423,3008
106/04/28,"229,894","1,150,362,880","4,985.00","5,015.00","4,985.00","5,015.00",+5.00,360,3008
106/05/02,"308,454","1,550,110,000","5,015.00","5,070.00","5,000.00","5,000.00",-15.00,447,3008
106/05/03,"173,113","866,970,565","4,975.00","5,040.00","4,970.00","5,020.00",+20.00,256,3008
106/05/04,"249,462","1,244,826,140","5,000.00","5,030.00","4,970.00","4,970.00",-50.00,437,3008
106/05/05,"224,771","1,117,156,450","4,970.00","5,010.00","4,935.00","4,935.00",-35.00,329,3008
106/05/08,"373,901","1,836,531,435","4,960.00","4,965.00","4,870.00","4,935.00", 0.00,473,3008
106/05/09,"328,049","1,631,691,470","4,950.00","5,030.00","4,905.00","4,995.00",+60.00,391,3008
106/05/10,"166,325","825,435,125","4,975.00","4,990.00","4,945.00","4,945.00",-50.00,223,3008
106/05/11,"286,394","1,425,166,060","4,975.00","5,015.00","4,940.00","4,960.00",+15.00,325,3008
106/05/12,"316,024","1,553,047,840","4,945.00","4,970.00","4,875.00","4,885.00",-75.00,397,3008
106/05/15,"227,020","1,110,453,000","4,900.00","4,915.00","4,855.00","4,900.00",+15.00,330,3008
106/05/16,"255,839","1,251,588,515","4,920.00","4,925.00","4,870.00","4,870.00",-30.00,339,3008
106/05/17,"390,519","1,883,526,960","4,865.00","4,880.00","4,795.00","4,820.00",-50.00,490,3008
106/05/18,"478,528","2,319,951,640","4,755.00","4,920.00","4,755.00","4,855.00",+35.00,535,3008
106/05/19,"302,685","1,465,763,550","4,855.00","4,865.00","4,810.00","4,810.00",-45.00,435,3008
106/05/22,"175,207","853,231,195","4,880.00","4,900.00","4,840.00","4,900.00",+90.00,254,3008
106/05/23,"213,882","1,042,773,880","4,890.00","4,895.00","4,855.00","4,875.00",-25.00,362,3008
106/05/24,"231,242","1,126,512,330","4,885.00","4,895.00","4,855.00","4,860.00",-15.00,308,3008
106/05/25,"311,969","1,507,011,045","4,860.00","4,880.00","4,800.00","4,805.00",-55.00,461,3008
106/05/26,"299,803","1,447,541,520","4,815.00","4,860.00","4,805.00","4,835.00",+30.00,347,3008
106/05/31,"389,361","1,859,783,360","4,825.00","4,825.00","4,750.00","4,750.00",-85.00,532,3008
106/06/01,"376,868","1,786,239,320","4,750.00","4,800.00","4,705.00","4,715.00",-35.00,460,3008
106/06/02,"362,130","1,744,169,200","4,765.00","4,845.00","4,760.00","4,845.00",+130.00,433,3008
106/06/03,"73,879","358,263,150","4,850.00","4,865.00","4,815.00","4,855.00",+10.00,135,3008
106/06/05,"236,403","1,143,000,445","4,850.00","4,865.00","4,800.00","4,850.00",-5.00,334,3008
106/06/06,"224,484","1,079,350,780","4,850.00","4,850.00","4,790.00","4,790.00",-60.00,357,3008
106/06/07,"346,820","1,667,848,600","4,790.00","4,870.00","4,765.00","4,765.00",-25.00,547,3008
106/06/08,"264,451","1,267,701,290","4,790.00","4,830.00","4,775.00","4,775.00",+10.00,633,3008
106/06/09,"361,705","1,750,482,690","4,800.00","4,870.00","4,800.00","4,840.00",+65.00,432,3008
106/06/12,"145,336","698,304,600","4,780.00","4,820.00","4,780.00","4,805.00",-35.00,197,3008
106/06/13,"290,472","1,398,180,400","4,815.00","4,855.00","4,790.00","4,810.00",+5.00,551,3008
106/06/14,"425,440","2,010,887,400","4,830.00","4,845.00","4,680.00","4,695.00",-115.00,657,3008
106/06/15,"396,551","1,865,146,740","4,720.00","4,750.00","4,670.00","4,695.00", 0.00,449,3008
106/06/16,"378,280","1,779,671,200","4,680.00","4,750.00","4,635.00","4,730.00",+35.00,401,3008
106/06/19,"330,849","1,587,587,180","4,730.00","4,845.00","4,730.00","4,835.00",+105.00,481,3008
106/06/20,"246,910","1,200,197,600","4,810.00","4,890.00","4,810.00","4,845.00",+10.00,354,3008
106/06/21,"364,531","1,767,997,385","4,850.00","4,890.00","4,825.00","4,835.00",-10.00,510,3008
106/06/22,"219,612","1,068,978,500","4,850.00","4,890.00","4,840.00","4,890.00",+55.00,344,3008
106/06/23,"487,005","2,413,839,700","4,915.00","4,985.00","4,915.00","4,965.00",+75.00,585,3008
106/06/26,"267,593","1,332,136,280","4,945.00","5,010.00","4,920.00","5,000.00",+35.00,354,3008
106/06/27,"287,417","1,438,302,915","5,020.00","5,040.00","4,970.00","4,970.00",-30.00,420,3008
106/06/28,"436,774","2,144,739,860","4,970.00","4,980.00","4,860.00","4,860.00",-110.00,549,3008
106/06/29,"269,222","1,326,975,020","4,930.00","4,960.00","4,885.00","4,895.00",+35.00,330,3008
106/06/30,"364,912","1,767,891,410","4,885.00","4,890.00","4,810.00","4,850.00",-45.00,373,3008
106/07/03,"369,880","1,772,128,300","4,840.00","4,840.00","4,760.00","4,760.00",-90.00,527,3008
106/07/04,"256,530","1,227,401,350","4,790.00","4,815.00","4,765.00","4,770.00",+10.00,320,3008
106/07/05,"305,944","1,471,670,360","4,800.00","4,830.00","4,770.00","4,815.00",+45.00,388,3008
106/07/06,"594,913","2,932,990,110","4,890.00","4,970.00","4,885.00","4,970.00",+155.00,703,3008
106/07/07,"331,977","1,641,640,920","4,915.00","4,965.00","4,915.00","4,960.00",-10.00,424,3008
106/07/10,"630,643","3,183,048,580","4,970.00","5,095.00","4,970.00","5,090.00",+130.00,745,3008
106/07/11,"853,019","4,489,580,130","5,190.00","5,325.00","5,160.00","5,285.00",+195.00,"1,032",3008
106/07/12,"679,625","3,651,415,375","5,290.00","5,430.00","5,260.00","5,430.00",+145.00,834,3008
106/07/13,"566,715","3,034,058,075","5,435.00","5,450.00","5,305.00","5,335.00",-95.00,717,3008
106/07/14,"1,114,359","5,740,928,850","5,125.00","5,195.00","5,115.00","5,170.00",-165.00,"1,292",3008
106/07/17,"694,912","3,606,251,960","5,170.00","5,270.00","5,115.00","5,210.00",+40.00,838,3008
106/07/18,"706,516","3,797,991,560","5,295.00","5,450.00","5,260.00","5,450.00",+240.00,881,3008
106/07/19,"845,935","4,706,013,600","5,500.00","5,610.00","5,490.00","5,580.00",+130.00,"1,037",3008
106/07/20,"630,102","3,510,036,100","5,595.00","5,635.00","5,510.00","5,580.00", 0.00,742,3008
106/07/21,"481,463","2,633,703,720","5,525.00","5,530.00","5,425.00","5,425.00",-155.00,648,3008
106/07/24,"317,749","1,731,593,265","5,380.00","5,495.00","5,380.00","5,485.00",+60.00,445,3008
106/07/25,"321,529","1,789,719,175","5,535.00","5,600.00","5,520.00","5,600.00",+115.00,503,3008
106/07/26,"396,390","2,190,211,600","5,600.00","5,610.00","5,495.00","5,495.00",-105.00,470,3008
106/07/27,"344,649","1,913,152,745","5,515.00","5,600.00","5,515.00","5,520.00",+25.00,553,3008
106/07/28,"396,417","2,164,883,905","5,520.00","5,530.00","5,420.00","5,445.00",-75.00,500,3008
106/07/31,"303,781","1,663,637,070","5,435.00","5,510.00","5,415.00","5,510.00",+65.00,415,3008
106/08/01,"314,226","1,734,293,650","5,545.00","5,550.00","5,500.00","5,500.00",-10.00,369,3008
106/08/02,"694,513","3,962,979,230","5,645.00","5,810.00","5,620.00","5,765.00",+265.00,907,3008
106/08/03,"403,292","2,295,630,363","5,750.00","5,750.00","5,655.00","5,705.00",-60.00,552,3008
106/08/04,"278,707","1,585,933,180","5,670.00","5,750.00","5,665.00","5,740.00",+35.00,463,3008
106/08/07,"240,162","1,376,111,360","5,750.00","5,790.00","5,695.00","5,695.00",-45.00,314,3008
106/08/08,"268,339","1,525,155,740","5,760.00","5,760.00","5,650.00","5,650.00",-45.00,450,3008
106/08/09,"266,477","1,483,639,965","5,615.00","5,640.00","5,540.00","5,540.00",-110.00,577,3008
106/08/10,"481,695","2,618,274,950","5,545.00","5,550.00","5,350.00","5,380.00",-160.00,663,3008
106/08/11,"395,021","2,172,070,500","5,410.00","5,565.00","5,410.00","5,565.00",+185.00,630,3008
106/08/14,"213,352","1,185,129,520","5,635.00","5,640.00","5,490.00","5,510.00",-55.00,396,3008
106/08/15,"263,872","1,481,778,840","5,625.00","5,670.00","5,580.00","5,600.00",+90.00,438,3008
106/08/16,"398,767","2,228,863,550","5,560.00","5,635.00","5,560.00","5,565.00",-35.00,458,3008
106/08/17,"265,193","1,471,023,080","5,525.00","5,565.00","5,525.00","5,540.00",X0.00,372,3008
106/08/18,"140,805","777,782,750","5,485.00","5,565.00","5,480.00","5,530.00",-10.00,223,3008
106/08/21,"111,264","617,381,240","5,520.00","5,590.00","5,505.00","5,565.00",+35.00,233,3008
106/08/22,"256,470","1,439,395,250","5,575.00","5,645.00","5,575.00","5,605.00",+40.00,362,3008
106/08/23,"248,562","1,403,851,870","5,640.00","5,685.00","5,640.00","5,680.00",+75.00,363,3008
106/08/24,"862,405","5,081,826,650","5,700.00","6,020.00","5,690.00","6,000.00",+320.00,"1,067",3008
106/08/25,"484,084","2,907,711,060","6,000.00","6,075.00","5,955.00","6,000.00", 0.00,751,3008
106/08/28,"495,652","2,918,397,320","5,995.00","6,015.00","5,820.00","5,825.00",-175.00,691,3008
106/08/29,"461,653","2,655,884,750","5,830.00","5,850.00","5,705.00","5,730.00",-95.00,674,3008
106/08/30,"416,012","2,426,309,720","5,805.00","5,895.00","5,800.00","5,820.00",+90.00,616,3008
106/08/31,"223,193","1,300,156,330","5,875.00","5,875.00","5,790.00","5,830.00",+10.00,393,3008
106/09/01,"262,617","1,539,931,790","5,850.00","5,890.00","5,820.00","5,870.00",+40.00,431,3008
106/09/04,"279,288","1,645,297,600","5,870.00","5,945.00","5,845.00","5,845.00",-25.00,527,3008
106/09/05,"290,734","1,722,699,664","5,855.00","5,945.00","5,855.00","5,935.00",+90.00,390,3008
106/09/06,"383,760","2,276,877,000","5,980.00","5,995.00","5,850.00","5,895.00",-40.00,422,3008
106/09/07,"406,379","2,420,112,280","5,955.00","6,000.00","5,895.00","5,945.00",+50.00,535,3008
106/09/08,"266,116","1,591,056,140","5,990.00","5,995.00","5,955.00","5,970.00",+25.00,467,3008
106/09/11,"321,421","1,888,874,430","5,980.00","5,985.00","5,815.00","5,825.00",-145.00,659,3008
106/09/12,"389,312","2,277,892,200","5,880.00","5,925.00","5,790.00","5,860.00",+35.00,553,3008
106/09/13,"777,425","4,426,733,150","5,860.00","5,860.00","5,635.00","5,635.00",-225.00,928,3008
106/09/14,"523,740","2,954,192,100","5,640.00","5,675.00","5,595.00","5,650.00",+15.00,778,3008
106/09/15,"654,700","3,692,839,720","5,590.00","5,750.00","5,530.00","5,720.00",+70.00,862,3008
106/09/18,"376,175","2,182,981,000","5,805.00","5,845.00","5,745.00","5,820.00",+100.00,427,3008
106/09/19,"415,871","2,432,014,300","5,850.00","5,915.00","5,805.00","5,835.00",+15.00,518,3008
106/09/20,"500,771","2,869,219,700","5,870.00","5,870.00","5,650.00","5,690.00",-145.00,689,3008
106/09/21,"517,241","2,935,211,180","5,605.00","5,730.00","5,590.00","5,700.00",+10.00,585,3008
106/09/22,"851,032","4,690,227,000","5,650.00","5,720.00","5,365.00","5,365.00",-335.00,"1,510",3008
106/09/25,"993,474","5,315,173,790","5,300.00","5,475.00","5,260.00","5,330.00",-35.00,"1,270",3008
106/09/26,"1,093,271","5,746,783,875","5,300.00","5,350.00","5,115.00","5,115.00",-215.00,"1,493",3008
106/09/27,"925,897","4,984,504,750","5,300.00","5,450.00","5,300.00","5,400.00",+285.00,"1,063",3008
106/09/28,"557,091","3,009,256,860","5,475.00","5,475.00","5,345.00","5,370.00",-30.00,601,3008
106/09/29,"463,510","2,470,955,850","5,335.00","5,390.00","5,300.00","5,330.00",-40.00,611,3008
106/09/30,"116,491","631,326,400","5,380.00","5,470.00","5,375.00","5,375.00",+45.00,207,3008
106/10/02,"403,843","2,217,529,350","5,410.00","5,570.00","5,410.00","5,455.00",+80.00,608,3008
106/10/03,"367,820","2,026,493,667","5,490.00","5,550.00","5,440.00","5,545.00",+90.00,434,3008
106/10/05,"248,016","1,388,074,760","5,610.00","5,640.00","5,570.00","5,590.00",+45.00,350,3008
106/10/06,"444,506","2,468,573,120","5,590.00","5,635.00","5,430.00","5,490.00",-100.00,547,3008
106/10/11,"381,418","2,100,550,930","5,570.00","5,600.00","5,420.00","5,420.00",-70.00,790,3008
106/10/12,"549,924","3,065,902,120","5,495.00","5,660.00","5,495.00","5,635.00",+215.00,751,3008
106/10/13,"755,144","4,184,124,199","5,505.00","5,600.00","5,495.00","5,550.00",-85.00,859,3008
106/10/16,"688,842","3,917,649,660","5,590.00","5,775.00","5,575.00","5,775.00",+225.00,836,3008
106/10/17,"621,285","3,584,688,030","5,800.00","5,850.00","5,690.00","5,725.00",-50.00,694,3008
106/10/18,"592,855","3,331,809,450","5,760.00","5,765.00","5,555.00","5,595.00",-130.00,836,3008
106/10/19,"329,446","1,875,197,200","5,625.00","5,745.00","5,610.00","5,745.00",+150.00,440,3008
106/10/20,"423,969","2,378,186,555","5,635.00","5,675.00","5,570.00","5,575.00",-170.00,596,3008
106/10/23,"315,690","1,756,645,210","5,640.00","5,640.00","5,515.00","5,530.00",-45.00,432,3008
106/10/24,"220,911","1,233,652,075","5,580.00","5,625.00","5,520.00","5,590.00",+60.00,328,3008
106/10/25,"178,119","999,295,805","5,610.00","5,635.00","5,570.00","5,630.00",+40.00,256,3008
106/10/26,"286,817","1,616,382,030","5,645.00","5,715.00","5,565.00","5,565.00",-65.00,385,3008
106/10/27,"224,452","1,260,100,860","5,625.00","5,695.00","5,550.00","5,555.00",-10.00,353,3008
106/10/30,"678,465","3,894,936,200","5,700.00","5,800.00","5,680.00","5,730.00",+175.00,791,3008
106/10/31,"263,347","1,512,713,105","5,755.00","5,795.00","5,700.00","5,715.00",-15.00,518,3008
106/11/01,"211,588","1,222,048,640","5,790.00","5,800.00","5,750.00","5,780.00",+65.00,455,3008
106/11/02,"164,674","946,615,910","5,750.00","5,775.00","5,730.00","5,775.00",-5.00,254,3008
106/11/03,"854,170","5,053,366,323","5,830.00","5,995.00","5,830.00","5,985.00",+210.00,888,3008
106/11/06,"463,126","2,727,483,400","5,950.00","5,950.00","5,825.00","5,875.00",-110.00,656,3008
106/11/07,"313,639","1,849,236,282","5,930.00","5,930.00","5,870.00","5,885.00",+10.00,306,3008
106/11/08,"329,638","1,954,139,200","5,895.00","5,990.00","5,885.00","5,905.00",+20.00,446,3008
106/11/09,"757,117","4,449,657,386","5,880.00","5,940.00","5,720.00","5,755.00",-150.00,444,3008
106/11/10,"280,191","1,603,829,455","5,750.00","5,775.00","5,670.00","5,740.00",-15.00,354,3008
106/11/13,"185,427","1,061,566,710","5,740.00","5,760.00","5,685.00","5,700.00",-40.00,266,3008
106/11/14,"290,683","1,634,404,905","5,685.00","5,700.00","5,570.00","5,585.00",-115.00,381,3008
106/11/15,"287,191","1,606,611,285","5,570.00","5,640.00","5,545.00","5,630.00",+45.00,386,3008
106/11/16,"179,821","1,010,482,230","5,610.00","5,660.00","5,560.00","5,600.00",-30.00,267,3008
106/11/17,"290,486","1,629,798,330","5,680.00","5,680.00","5,550.00","5,555.00",-45.00,357,3008
106/11/20,"274,206","1,523,116,540","5,560.00","5,625.00","5,505.00","5,550.00",-5.00,355,3008
106/11/21,"423,889","2,345,206,175","5,595.00","5,600.00","5,500.00","5,515.00",-35.00,482,3008
106/11/22,"594,153","3,306,770,475","5,570.00","5,615.00","5,520.00","5,555.00",+40.00,687,3008
106/11/23,"234,679","1,308,155,425","5,620.00","5,620.00","5,535.00","5,535.00",-20.00,324,3008
106/11/24,"181,842","1,013,189,210","5,570.00","5,590.00","5,540.00","5,580.00",+45.00,212,3008
106/11/27,"627,226","3,386,582,280","5,610.00","5,625.00","5,320.00","5,330.00",-250.00,"1,174",3008
106/11/28,"778,535","4,140,346,658","5,330.00","5,405.00","5,180.00","5,340.00",+10.00,859,3008
106/11/29,"382,290","2,020,491,850","5,380.00","5,415.00","5,220.00","5,240.00",-100.00,580,3008
106/11/30,"803,213","4,148,324,820","5,110.00","5,240.00","5,100.00","5,140.00",-100.00,"1,227",3008
106/12/01,"1,656,815","8,269,756,410","5,140.00","5,185.00","4,740.00","5,010.00",-130.00,"2,015",3008
106/12/04,"1,000,908","4,872,623,602","4,900.00","5,000.00","4,765.00","4,800.00",-210.00,"1,283",3008
106/12/05,"903,035","4,316,871,250","4,755.00","4,925.00","4,680.00","4,730.00",-70.00,"1,185",3008
106/12/06,"3,058,491","13,357,066,390","4,430.00","4,575.00","4,260.00","4,265.00",-465.00,"3,381",3008
106/12/07,"1,952,355","8,512,467,150","4,385.00","4,415.00","4,280.00","4,300.00",+35.00,"2,165",3008
106/12/08,"1,470,878","6,439,271,370","4,370.00","4,425.00","4,305.00","4,370.00",+70.00,"1,465",3008
106/12/11,"724,005","3,211,299,024","4,440.00","4,465.00","4,380.00","4,430.00",+60.00,775,3008
106/12/12,"828,561","3,621,817,305","4,440.00","4,445.00","4,275.00","4,430.00", 0.00,867,3008
106/12/13,"513,666","2,260,475,400","4,385.00","4,430.00","4,380.00","4,400.00",-30.00,955,3008
106/12/14,"580,375","2,535,985,955","4,445.00","4,465.00","4,300.00","4,300.00",-100.00,936,3008
106/12/15,"1,318,638","5,520,274,503","4,300.00","4,300.00","4,100.00","4,180.00",-120.00,"1,827",3008
106/12/18,"939,473","3,931,781,535","4,200.00","4,325.00","4,070.00","4,305.00",+125.00,"1,208",3008
106/12/19,"643,877","2,714,123,400","4,305.00","4,305.00","4,180.00","4,180.00",-125.00,843,3008
106/12/20,"426,694","1,792,959,090","4,180.00","4,235.00","4,150.00","4,230.00",+50.00,575,3008
106/12/21,"423,951","1,779,092,630","4,210.00","4,245.00","4,130.00","4,130.00",-100.00,833,3008
106/12/22,"491,872","2,053,372,400","4,150.00","4,220.00","4,115.00","4,200.00",+70.00,656,3008
106/12/25,"453,786","1,844,584,720","4,215.00","4,215.00","4,000.00","4,000.00",-200.00,747,3008
106/12/26,"659,943","2,631,762,000","4,010.00","4,015.00","3,945.00","4,000.00", 0.00,"1,014",3008
106/12/27,"837,996","3,290,904,720","4,005.00","4,060.00","3,800.00","3,805.00",-195.00,"1,386",3008
106/12/28,"1,038,702","4,160,905,216","3,875.00","4,105.00","3,870.00","4,040.00",+235.00,"1,203",3008
106/12/29,"410,908","1,663,816,280","4,055.00","4,120.00","4,015.00","4,020.00",-20.00,550,3008
107/01/02,"742,841","3,106,637,095","4,055.00","4,265.00","4,010.00","4,255.00",+235.00,918,3008
107/01/03,"842,640","3,584,849,800","4,345.00","4,345.00","4,145.00","4,145.00",-110.00,983,3008
107/01/04,"516,680","2,135,595,860","4,160.00","4,185.00","4,080.00","4,135.00",-10.00,597,3008
107/01/05,"829,378","3,377,411,260","4,170.00","4,170.00","3,985.00","4,100.00",-35.00,874,3008
107/01/08,"1,180,977","4,584,189,150","3,820.00","3,955.00","3,805.00","3,930.00",-170.00,"1,499",3008
107/01/09,"1,385,362","5,296,494,089","3,905.00","3,975.00","3,730.00","3,745.00",-185.00,"1,738",3008
107/01/10,"1,008,748","3,807,575,018","3,780.00","3,815.00","3,725.00","3,775.00",+30.00,"1,272",3008
107/01/11,"993,946","3,781,567,474","3,800.00","3,875.00","3,730.00","3,730.00",-45.00,"1,288",3008
107/01/12,"1,575,018","6,351,554,560","3,920.00","4,100.00","3,890.00","4,100.00",+370.00,"1,569",3008
107/01/15,"1,566,355","6,407,336,990","4,255.00","4,270.00","3,980.00","4,030.00",-70.00,"1,612",3008
107/01/16,"670,791","2,681,401,910","3,980.00","4,035.00","3,955.00","4,000.00",-30.00,888,3008
107/01/17,"614,157","2,439,230,850","4,000.00","4,000.00","3,930.00","3,980.00",-20.00,744,3008
107/01/18,"743,228","2,980,171,340","4,020.00","4,050.00","3,985.00","3,985.00",+5.00,814,3008
107/01/19,"785,717","3,146,687,340","4,000.00","4,040.00","3,985.00","4,000.00",+15.00,863,3008
107/01/22,"653,001","2,612,764,126","4,010.00","4,030.00","3,980.00","4,000.00", 0.00,730,3008
107/01/23,"645,200","2,587,280,000","4,025.00","4,065.00","3,965.00","3,965.00",-35.00,785,3008
107/01/24,"1,225,018","4,736,147,134","3,955.00","3,980.00","3,770.00","3,790.00",-175.00,"1,464",3008
107/01/25,"1,193,548","4,564,954,032","3,810.00","3,900.00","3,745.00","3,790.00", 0.00,"1,504",3008
107/01/26,"832,341","3,230,337,490","3,845.00","3,925.00","3,810.00","3,880.00",+90.00,995,3008
107/01/29,"687,864","2,751,637,600","3,960.00","4,035.00","3,920.00","4,035.00",+155.00,905,3008
107/01/30,"847,242","3,413,607,544","4,000.00","4,065.00","3,975.00","4,055.00",+20.00,863,3008
107/01/31,"652,523","2,634,389,845","4,010.00","4,090.00","3,990.00","4,005.00",-50.00,746,3008
107/02/01,"396,316","1,604,020,860","4,020.00","4,085.00","4,005.00","4,080.00",+75.00,519,3008
107/02/02,"589,737","2,399,673,000","4,120.00","4,145.00","3,980.00","3,980.00",-100.00,707,3008
107/02/05,"725,743","2,771,517,700","3,820.00","3,860.00","3,775.00","3,800.00",-180.00,809,3008
107/02/06,"1,696,946","5,891,105,050","3,520.00","3,560.00","3,420.00","3,420.00",-380.00,"2,254",3008
107/02/07,"1,643,201","6,054,543,356","3,595.00","3,760.00","3,550.00","3,655.00",+235.00,"1,613",3008
107/02/08,"886,886","3,296,666,800","3,655.00","3,750.00","3,655.00","3,725.00",+70.00,966,3008
107/02/09,"771,119","2,755,675,780","3,560.00","3,635.00","3,535.00","3,575.00",-150.00,890,3008
107/02/12,"581,020","2,136,798,700","3,605.00","3,715.00","3,605.00","3,680.00",+105.00,829,3008
107/02/21,"1,353,081","5,323,787,130","3,780.00","4,025.00","3,780.00","3,950.00",+270.00,"1,508",3008
107/02/22,"642,877","2,484,583,200","3,905.00","3,915.00","3,840.00","3,845.00",-105.00,828,3008
107/02/23,"673,114","2,655,816,310","3,915.00","4,015.00","3,895.00","3,950.00",+105.00,806,3008
107/02/26,"701,341","2,741,159,095","4,020.00","4,045.00","3,780.00","3,780.00",-170.00,946,3008
107/02/27,"637,141","2,402,006,700","3,850.00","3,865.00","3,695.00","3,695.00",-85.00,936,3008
107/03/01,"859,927","3,297,706,395","3,710.00","3,920.00","3,700.00","3,900.00",+205.00,"1,059",3008
107/03/02,"513,175","1,982,831,092","3,850.00","3,900.00","3,835.00","3,870.00",-30.00,589,3008
107/03/05,"717,682","2,674,892,720","3,860.00","3,860.00","3,675.00","3,700.00",-170.00,920,3008
107/03/06,"1,081,391","3,997,475,330","3,715.00","3,750.00","3,655.00","3,655.00",-45.00,"1,302",3008
107/03/07,"725,611","2,638,466,458","3,620.00","3,690.00","3,600.00","3,690.00",+35.00,988,3008
107/03/08,"436,676","1,622,951,340","3,700.00","3,760.00","3,685.00","3,715.00",+25.00,583,3008
107/03/09,"633,785","2,412,122,250","3,790.00","3,860.00","3,750.00","3,860.00",+145.00,824,3008
107/03/12,"766,482","3,051,251,460","3,995.00","4,015.00","3,940.00","3,955.00",+95.00,893,3008
107/03/13,"759,652","3,068,243,560","4,015.00","4,085.00","4,010.00","4,045.00",+90.00,"1,000",3008
107/03/14,"572,843","2,286,694,455","4,000.00","4,035.00","3,960.00","3,960.00",-85.00,634,3008
107/03/15,"810,527","3,113,118,680","3,870.00","3,895.00","3,785.00","3,785.00",-175.00,895,3008
107/03/16,"902,428","3,360,500,000","3,805.00","3,840.00","3,690.00","3,690.00",-95.00,973,3008
107/03/19,"560,452","2,069,900,480","3,710.00","3,720.00","3,655.00","3,710.00",+20.00,667,3008
107/03/20,"1,387,237","4,983,715,761","3,650.00","3,670.00","3,550.00","3,555.00",-155.00,"1,533",3008
107/03/21,"745,528","2,720,340,680","3,610.00","3,695.00","3,605.00","3,650.00",+95.00,893,3008
107/03/22,"966,628","3,534,418,360","3,705.00","3,760.00","3,570.00","3,595.00",-55.00,"1,123",3008
107/03/23,"1,011,553","3,483,692,850","3,450.00","3,510.00","3,400.00","3,400.00",-195.00,"1,548",3008
107/03/26,"669,053","2,324,017,090","3,410.00","3,510.00","3,410.00","3,500.00",+100.00,846,3008
107/03/27,"757,064","2,655,215,800","3,580.00","3,600.00","3,420.00","3,420.00",-80.00,"1,165",3008
107/03/28,"921,614","3,096,259,290","3,345.00","3,405.00","3,315.00","3,365.00",-55.00,"1,222",3008
107/03/29,"570,705","1,913,818,225","3,415.00","3,415.00","3,315.00","3,315.00",-50.00,969,3008
107/03/30,"498,897","1,674,084,950","3,365.00","3,390.00","3,330.00","3,330.00",+15.00,793,3008
107/03/31,"119,514","399,137,180","3,350.00","3,365.00","3,315.00","3,350.00",+20.00,241,3008
107/04/02,"590,894","1,925,090,270","3,330.00","3,385.00","3,180.00","3,185.00",-165.00,"1,017",3008
107/04/03,"1,715,284","5,309,217,380","3,065.00","3,195.00","3,005.00","3,185.00", 0.00,"1,975",3008
107/04/09,"1,242,694","3,845,847,900","3,140.00","3,225.00","3,000.00","3,000.00",-185.00,"1,467",3008
107/04/10,"1,372,490","4,328,857,822","3,005.00","3,250.00","3,000.00","3,250.00",+250.00,"1,657",3008
107/04/11,"678,815","2,217,879,675","3,340.00","3,350.00","3,210.00","3,230.00",-20.00,885,3008
107/04/12,"576,497","1,891,822,555","3,270.00","3,345.00","3,215.00","3,300.00",+70.00,705,3008
107/04/13,"2,397,756","8,101,711,560","3,380.00","3,525.00","3,230.00","3,460.00",+160.00,"2,417",3008
107/04/16,"1,122,984","3,929,109,847","3,430.00","3,575.00","3,390.00","3,550.00",+90.00,"1,358",3008
107/04/17,"1,239,636","4,423,469,620","3,525.00","3,645.00","3,475.00","3,580.00",+30.00,"1,379",3008
107/04/18,"892,212","3,188,327,000","3,540.00","3,625.00","3,525.00","3,525.00",-55.00,"1,090",3008
107/04/19,"1,033,684","3,607,610,580","3,465.00","3,515.00","3,455.00","3,490.00",-35.00,"1,050",3008
107/04/20,"951,800","3,261,609,000","3,410.00","3,455.00","3,370.00","3,420.00",-70.00,987,3008
107/04/23,"898,004","2,984,920,599","3,420.00","3,450.00","3,255.00","3,255.00",-165.00,"1,015",3008
107/04/24,"845,864","2,761,095,720","3,270.00","3,315.00","3,220.00","3,220.00",-35.00,"1,048",3008
107/04/25,"493,376","1,609,973,880","3,225.00","3,310.00","3,225.00","3,250.00",+30.00,631,3008
107/04/26,"570,742","1,890,605,300","3,280.00","3,350.00","3,280.00","3,295.00",+45.00,670,3008
107/04/27,"612,516","2,019,168,600","3,340.00","3,370.00","3,240.00","3,265.00",-30.00,631,3008
107/04/30,"670,461","2,284,902,755","3,300.00","3,500.00","3,270.00","3,480.00",+215.00,833,3008
107/05/02,"1,491,716","5,459,039,880","3,560.00","3,720.00","3,535.00","3,700.00",+220.00,"1,734",3008
107/05/03,"1,483,874","5,581,073,840","3,800.00","3,830.00","3,680.00","3,685.00",-15.00,"1,516",3008
107/05/04,"686,563","2,513,914,950","3,685.00","3,735.00","3,630.00","3,640.00",-45.00,880,3008
107/05/07,"1,899,026","7,511,629,000","3,870.00","4,000.00","3,870.00","4,000.00",+360.00,"2,157",3008
107/05/08,"855,783","3,434,904,925","4,020.00","4,070.00","3,975.00","3,990.00",-10.00,"1,040",3008
107/05/09,"1,059,845","4,322,138,920","4,065.00","4,165.00","3,990.00","4,000.00",+10.00,"1,337",3008
107/05/10,"557,109","2,243,559,910","4,090.00","4,095.00","3,980.00","3,980.00",-20.00,715,3008
107/05/11,"766,464","3,109,617,840","4,025.00","4,080.00","4,000.00","4,075.00",+95.00,991,3008
107/05/14,"779,217","3,239,253,145","4,130.00","4,205.00","4,090.00","4,205.00",+130.00,"1,026",3008
107/05/15,"882,871","3,669,686,100","4,240.00","4,240.00","4,090.00","4,090.00",-115.00,"1,083",3008
107/05/16,"405,301","1,649,971,550","4,040.00","4,120.00","4,020.00","4,050.00",-40.00,573,3008
107/05/17,"564,427","2,248,543,110","4,080.00","4,105.00","3,920.00","3,920.00",-130.00,721,3008
107/05/18,"804,942","3,250,554,770","4,020.00","4,095.00","3,970.00","4,010.00",+90.00,903,3008
107/05/21,"512,425","2,074,123,960","4,050.00","4,080.00","4,010.00","4,040.00",+30.00,618,3008
107/05/22,"450,305","1,801,300,000","4,040.00","4,055.00","3,970.00","3,980.00",-60.00,525,3008
107/05/23,"491,219","1,937,040,806","3,980.00","4,005.00","3,915.00","3,920.00",-60.00,634,3008
107/05/24,"611,096","2,443,799,000","3,965.00","4,025.00","3,935.00","4,000.00",+80.00,757,3008
107/05/25,"366,263","1,464,125,685","4,000.00","4,025.00","3,980.00","3,995.00",-5.00,444,3008
107/05/28,"818,287","3,342,747,395","4,035.00","4,125.00","4,025.00","4,085.00",+90.00,951,3008
107/05/29,"899,649","3,789,898,780","4,165.00","4,270.00","4,120.00","4,255.00",+170.00,"1,056",3008
107/05/30,"654,770","2,755,664,120","4,205.00","4,260.00","4,180.00","4,200.00",-55.00,844,3008
107/05/31,"1,329,714","5,492,277,400","4,230.00","4,250.00","4,030.00","4,100.00",-100.00,"1,134",3008
107/06/01,"671,207","2,831,931,645","4,110.00","4,270.00","4,110.00","4,245.00",+145.00,839,3008
107/06/04,"942,753","4,145,301,080","4,280.00","4,460.00","4,280.00","4,415.00",+170.00,"1,057",3008
107/06/05,"839,084","3,736,416,280","4,420.00","4,520.00","4,355.00","4,450.00",+35.00,"1,026",3008
107/06/06,"1,456,824","6,749,211,280","4,690.00","4,690.00","4,550.00","4,625.00",+175.00,"1,650",3008
107/06/07,"627,495","2,899,207,000","4,650.00","4,680.00","4,575.00","4,645.00",+20.00,857,3008
107/06/08,"749,223","3,482,591,035","4,650.00","4,745.00","4,545.00","4,545.00",-100.00,952,3008
107/06/11,"634,395","2,866,398,950","4,550.00","4,590.00","4,450.00","4,550.00",+5.00,770,3008
107/06/12,"456,758","2,052,455,520","4,580.00","4,580.00","4,440.00","4,440.00",-110.00,710,3008
107/06/13,"983,333","4,601,663,430","4,665.00","4,735.00","4,580.00","4,730.00",+290.00,"1,302",3008
107/06/14,"658,412","3,054,071,940","4,680.00","4,685.00","4,620.00","4,620.00",-110.00,792,3008
107/06/15,"528,817","2,430,807,840","4,635.00","4,655.00","4,560.00","4,590.00",-30.00,621,3008
107/06/19,"1,081,867","4,783,119,455","4,505.00","4,520.00","4,350.00","4,350.00",-240.00,"1,307",3008
107/06/20,"796,549","3,496,693,835","4,360.00","4,440.00","4,315.00","4,405.00",+55.00,895,3008
107/06/21,"549,829","2,478,036,355","4,445.00","4,560.00","4,440.00","4,495.00",+90.00,667,3008
107/06/22,"867,842","3,791,678,740","4,445.00","4,445.00","4,290.00","4,370.00",-125.00,790,3008
107/06/25,"335,841","1,478,869,040","4,315.00","4,440.00","4,315.00","4,440.00",+70.00,457,3008
107/06/26,"406,554","1,816,648,540","4,395.00","4,525.00","4,360.00","4,525.00",+85.00,537,3008
107/06/27,"643,373","2,873,691,820","4,550.00","4,615.00","4,360.00","4,360.00",-165.00,727,3008
107/06/28,"622,215","2,725,689,550","4,320.00","4,465.00","4,310.00","4,360.00", 0.00,681,3008
107/06/29,"360,292","1,605,851,080","4,440.00","4,490.00","4,405.00","4,490.00",+130.00,455,3008
107/07/02,"525,478","2,403,694,900","4,500.00","4,610.00","4,480.00","4,560.00",+70.00,578,3008
107/07/03,"539,739","2,447,442,890","4,600.00","4,640.00","4,485.00","4,530.00",-30.00,628,3008
107/07/04,"304,937","1,370,357,860","4,525.00","4,570.00","4,435.00","4,450.00",-80.00,394,3008
107/07/05,"434,907","1,970,169,640","4,510.00","4,580.00","4,470.00","4,540.00",+90.00,525,3008
107/07/06,"637,544","2,932,983,914","4,610.00","4,635.00","4,545.00","4,605.00",+65.00,707,3008
107/07/09,"1,137,293","5,492,191,305","4,680.00","4,985.00","4,655.00","4,920.00",+315.00,"1,309",3008
107/07/10,"682,302","3,335,783,660","4,980.00","4,980.00","4,830.00","4,840.00",-80.00,892,3008
107/07/11,"644,485","3,085,188,000","4,765.00","4,840.00","4,730.00","4,800.00",-40.00,800,3008
107/07/12,"904,090","4,480,606,900","4,875.00","5,005.00","4,875.00","4,930.00",+130.00,"1,101",3008
107/07/13,"1,192,062","5,977,869,738","5,075.00","5,075.00","4,920.00","5,040.00",+110.00,"1,322",3008
107/07/16,"700,417","3,557,823,340","5,090.00","5,130.00","5,030.00","5,040.00", 0.00,812,3008
107/07/17,"412,335","2,068,838,300","5,030.00","5,080.00","4,960.00","4,995.00",-45.00,556,3008
107/07/18,"414,744","2,081,967,560","5,020.00","5,065.00","4,990.00","5,020.00",+25.00,485,3008
107/07/19,"640,947","3,271,663,145","5,055.00","5,170.00","5,035.00","5,055.00",+35.00,746,3008
107/07/20,"1,367,805","7,135,030,740","5,110.00","5,295.00","5,090.00","5,270.00",+215.00,"1,553",3008
107/07/23,"522,951","2,718,671,425","5,240.00","5,260.00","5,150.00","5,175.00",-95.00,772,3008
107/07/24,"459,964","2,382,247,800","5,195.00","5,240.00","5,085.00","5,200.00",+25.00,702,3008
107/07/25,"359,853","1,872,224,130","5,175.00","5,225.00","5,150.00","5,225.00",+25.00,500,3008
107/07/26,"296,820","1,541,806,200","5,260.00","5,260.00","5,155.00","5,200.00",-25.00,400,3008
107/07/27,"265,278","1,388,016,160","5,200.00","5,265.00","5,175.00","5,260.00",+60.00,385,3008
107/07/30,"433,942","2,252,957,137","5,220.00","5,235.00","5,165.00","5,180.00",-80.00,505,3008
107/07/31,"454,658","2,338,007,250","5,150.00","5,175.00","5,090.00","5,150.00",-30.00,534,3008
107/08/01,"865,500","4,456,960,000","5,240.00","5,330.00","5,040.00","5,050.00",-100.00,"1,054",3008
107/08/02,"624,131","3,141,130,655","5,080.00","5,140.00","4,995.00","5,005.00",-45.00,755,3008
107/08/03,"429,517","2,195,507,040","5,090.00","5,135.00","5,080.00","5,130.00",+125.00,521,3008
107/08/06,"494,266","2,546,884,900","5,180.00","5,240.00","5,115.00","5,130.00", 0.00,558,3008
107/08/07,"446,359","2,244,237,885","5,135.00","5,135.00","4,990.00","5,015.00",-115.00,654,3008
107/08/08,"476,462","2,415,789,050","5,035.00","5,125.00","5,015.00","5,060.00",+45.00,491,3008
107/08/09,"227,830","1,155,428,100","5,025.00","5,100.00","4,995.00","5,100.00",+40.00,296,3008
107/08/10,"203,280","1,032,288,200","5,110.00","5,110.00","5,060.00","5,080.00",-20.00,270,3008
107/08/13,"1,185,999","5,647,910,345","5,070.00","5,070.00","4,575.00","4,630.00",-450.00,"1,400",3008
107/08/14,"938,678","4,352,027,700","4,715.00","4,760.00","4,500.00","4,630.00", 0.00,"1,117",3008
107/08/15,"1,417,300","6,334,512,000","4,600.00","4,600.00","4,400.00","4,455.00",-175.00,"1,544",3008
107/08/16,"831,517","3,758,674,765","4,355.00","4,630.00","4,350.00","4,520.00",X0.00,943,3008
107/08/17,"475,958","2,162,029,100","4,505.00","4,650.00","4,430.00","4,430.00",-90.00,642,3008
107/08/20,"398,017","1,803,574,730","4,450.00","4,590.00","4,450.00","4,590.00",+160.00,472,3008
107/08/21,"659,276","3,080,002,720","4,595.00","4,730.00","4,535.00","4,700.00",+110.00,759,3008
107/08/22,"567,746","2,617,934,380","4,695.00","4,715.00","4,490.00","4,490.00",-210.00,732,3008
107/08/23,"507,316","2,284,542,500","4,540.00","4,560.00","4,455.00","4,485.00",-5.00,634,3008
107/08/24,"323,162","1,451,132,910","4,470.00","4,515.00","4,465.00","4,505.00",+20.00,358,3008
107/08/27,"318,162","1,458,132,490","4,575.00","4,615.00","4,530.00","4,615.00",+110.00,392,3008
107/08/28,"666,352","3,161,645,240","4,715.00","4,790.00","4,695.00","4,765.00",+150.00,787,3008
107/08/29,"363,938","1,741,684,880","4,780.00","4,840.00","4,735.00","4,760.00",-5.00,447,3008
107/08/30,"306,277","1,458,774,600","4,815.00","4,830.00","4,710.00","4,745.00",-15.00,352,3008
107/08/31,"355,451","1,666,108,720","4,735.00","4,740.00","4,645.00","4,705.00",-40.00,390,3008
107/09/03,"493,244","2,325,329,000","4,755.00","4,800.00","4,640.00","4,690.00",-15.00,529,3008
107/09/04,"685,334","3,314,638,260","4,845.00","4,890.00","4,770.00","4,890.00",+200.00,857,3008
107/09/05,"612,348","3,003,785,200","4,900.00","4,945.00","4,870.00","4,890.00", 0.00,693,3008
107/09/06,"1,055,262","4,874,064,850","4,645.00","4,695.00","4,515.00","4,640.00",-250.00,"1,190",3008
107/09/07,"647,914","3,023,486,500","4,600.00","4,730.00","4,580.00","4,730.00",+90.00,729,3008
107/09/10,"1,087,919","4,857,063,820","4,680.00","4,725.00","4,305.00","4,360.00",-370.00,"1,117",3008
107/09/11,"759,724","3,339,871,980","4,370.00","4,490.00","4,330.00","4,340.00",-20.00,937,3008
107/09/12,"1,169,971","4,927,396,750","4,380.00","4,380.00","4,070.00","4,210.00",-130.00,"1,454",3008
107/09/13,"1,284,091","5,332,812,089","4,210.00","4,265.00","4,055.00","4,110.00",-100.00,"1,519",3008
107/09/14,"959,762","4,155,784,341","4,315.00","4,405.00","4,240.00","4,405.00",+295.00,"1,119",3008
107/09/17,"567,665","2,456,418,534","4,410.00","4,410.00","4,285.00","4,285.00",-120.00,709,3008
107/09/18,"2,020,422","7,976,401,370","4,200.00","4,200.00","3,860.00","3,860.00",-425.00,"2,083",3008
107/09/19,"1,252,697","4,846,313,300","3,865.00","3,910.00","3,810.00","3,865.00",+5.00,"1,625",3008
107/09/20,"1,361,765","5,264,324,950","3,900.00","3,945.00","3,770.00","3,800.00",-65.00,"1,822",3008
107/09/21,"2,459,648","8,873,002,200","3,595.00","3,870.00","3,425.00","3,870.00",+70.00,"2,506",3008
107/09/25,"965,647","3,612,169,190","3,760.00","3,810.00","3,680.00","3,730.00",-140.00,"1,170",3008
107/09/26,"473,929","1,779,791,265","3,755.00","3,785.00","3,705.00","3,770.00",+40.00,678,3008
107/09/27,"741,174","2,816,637,720","3,720.00","3,895.00","3,680.00","3,780.00",+10.00,"1,080",3008
107/09/28,"891,072","3,327,889,960","3,825.00","3,880.00","3,630.00","3,635.00",-145.00,"1,198",3008
107/10/01,"561,901","2,093,382,760","3,700.00","3,775.00","3,670.00","3,740.00",+105.00,687,3008
107/10/02,"449,512","1,693,195,600","3,765.00","3,790.00","3,725.00","3,790.00",+50.00,581,3008
107/10/03,"515,223","1,945,556,250","3,805.00","3,835.00","3,680.00","3,720.00",-70.00,682,3008
107/10/04,"624,034","2,311,366,480","3,690.00","3,750.00","3,660.00","3,710.00",-10.00,798,3008
107/10/05,"1,279,971","4,525,449,660","3,680.00","3,700.00","3,440.00","3,440.00",-270.00,"1,944",3008
107/10/08,"942,987","3,304,663,915","3,455.00","3,600.00","3,450.00","3,510.00",+70.00,"1,027",3008
107/10/09,"674,056","2,406,776,040","3,530.00","3,600.00","3,520.00","3,590.00",+80.00,961,3008
107/10/11,"1,440,690","4,728,118,600","3,400.00","3,400.00","3,235.00","3,235.00",-355.00,"1,433",3008
107/10/12,"1,596,023","5,420,741,765","3,275.00","3,555.00","3,205.00","3,555.00",+320.00,"1,602",3008
107/10/15,"932,391","3,269,291,320","3,455.00","3,600.00","3,420.00","3,480.00",-75.00,"1,042",3008
107/10/16,"953,490","3,223,866,600","3,450.00","3,480.00","3,280.00","3,330.00",-150.00,"1,444",3008
107/10/17,"788,727","2,675,953,180","3,460.00","3,485.00","3,325.00","3,330.00", 0.00,"1,055",3008
107/10/18,"612,162","2,047,559,460","3,350.00","3,415.00","3,295.00","3,315.00",-15.00,816,3008
107/10/19,"948,006","3,147,465,842","3,290.00","3,415.00","3,210.00","3,415.00",+100.00,"1,098",3008
107/10/22,"754,466","2,582,256,000","3,360.00","3,510.00","3,325.00","3,505.00",+90.00,887,3008
107/10/23,"695,950","2,357,887,750","3,445.00","3,485.00","3,320.00","3,335.00",-170.00,946,3008
107/10/24,"669,785","2,274,199,000","3,380.00","3,430.00","3,360.00","3,385.00",+50.00,727,3008
107/10/25,"1,019,830","3,324,215,700","3,235.00","3,310.00","3,210.00","3,290.00",-95.00,"1,316",3008
107/10/26,"789,165","2,596,581,300","3,370.00","3,395.00","3,210.00","3,210.00",-80.00,"1,021",3008
107/10/29,"723,412","2,336,477,540","3,250.00","3,295.00","3,120.00","3,295.00",+85.00,836,3008
107/10/30,"773,415","2,487,330,450","3,285.00","3,295.00","3,165.00","3,165.00",-130.00,863,3008
107/10/31,"902,351","2,981,333,966","3,245.00","3,350.00","3,240.00","3,350.00",+185.00,946,3008
107/11/01,"971,012","3,270,360,200","3,340.00","3,445.00","3,310.00","3,335.00",-15.00,"1,033",3008
107/11/02,"1,714,555","5,868,773,600","3,235.00","3,540.00","3,235.00","3,525.00",+190.00,"1,812",3008
107/11/05,"619,281","2,128,030,235","3,485.00","3,500.00","3,390.00","3,435.00",-90.00,747,3008
107/11/06,"1,182,750","3,874,353,750","3,390.00","3,425.00","3,180.00","3,220.00",-215.00,"1,449",3008
107/11/07,"952,439","3,092,750,600","3,250.00","3,310.00","3,160.00","3,280.00",+60.00,"1,046",3008
107/11/08,"713,804","2,345,054,080","3,380.00","3,395.00","3,200.00","3,200.00",-80.00,749,3008
107/11/09,"1,178,637","3,674,820,625","3,200.00","3,230.00","3,040.00","3,080.00",-120.00,"1,348",3008
107/11/12,"1,013,855","3,118,103,400","3,055.00","3,150.00","3,020.00","3,050.00",-30.00,"1,177",3008
107/11/13,"1,439,956","4,357,955,680","2,925.00","3,200.00","2,875.00","3,200.00",+150.00,"1,430",3008
107/11/14,"697,083","2,207,292,160","3,180.00","3,205.00","3,130.00","3,190.00",-10.00,767,3008
107/11/15,"823,588","2,561,651,320","3,190.00","3,190.00","3,055.00","3,095.00",-95.00,927,3008
107/11/16,"713,709","2,251,769,170","3,160.00","3,210.00","3,115.00","3,130.00",+35.00,972,3008
107/11/19,"605,836","1,940,230,300","3,135.00","3,235.00","3,135.00","3,235.00",+105.00,674,3008
107/11/20,"778,367","2,521,668,255","3,190.00","3,315.00","3,155.00","3,315.00",+80.00,848,3008
107/11/21,"888,687","2,931,489,275","3,275.00","3,345.00","3,240.00","3,345.00",+30.00,965,3008
107/11/22,"822,283","2,775,915,030","3,350.00","3,445.00","3,265.00","3,275.00",-70.00,888,3008
107/11/23,"602,612","1,987,925,720","3,330.00","3,335.00","3,260.00","3,310.00",+35.00,682,3008
107/11/26,"572,845","1,947,500,250","3,345.00","3,450.00","3,330.00","3,450.00",+140.00,711,3008
107/11/27,"799,142","2,765,467,000","3,400.00","3,510.00","3,370.00","3,485.00",+35.00,887,3008
107/11/28,"540,021","1,872,547,975","3,490.00","3,500.00","3,435.00","3,475.00",-10.00,639,3008
107/11/29,"944,002","3,374,756,820","3,625.00","3,630.00","3,515.00","3,515.00",+40.00,"1,008",3008
107/11/30,"743,065","2,540,789,050","3,505.00","3,505.00","3,365.00","3,370.00",-145.00,929,3008
107/12/03,"1,642,048","5,927,592,120","3,475.00","3,705.00","3,475.00","3,705.00",+335.00,"1,648",3008
107/12/04,"1,129,442","4,043,907,000","3,660.00","3,680.00","3,500.00","3,500.00",-205.00,"1,222",3008
107/12/05,"846,315","2,856,650,450","3,395.00","3,415.00","3,325.00","3,370.00",-130.00,879,3008
107/12/06,"1,874,842","5,811,928,360","3,150.00","3,200.00","3,035.00","3,035.00",-335.00,"2,012",3008
107/12/07,"1,248,081","3,893,600,150","3,075.00","3,175.00","3,050.00","3,100.00",+65.00,"1,326",3008
107/12/10,"887,891","2,691,514,825","3,030.00","3,065.00","2,970.00","3,055.00",-45.00,"1,084",3008
107/12/11,"904,924","2,862,162,940","3,090.00","3,235.00","3,090.00","3,175.00",+120.00,"1,020",3008
107/12/12,"757,608","2,506,418,760","3,250.00","3,350.00","3,245.00","3,345.00",+170.00,899,3008
107/12/13,"834,916","2,774,437,760","3,355.00","3,405.00","3,250.00","3,320.00",-25.00,875,3008
107/12/14,"445,393","1,450,299,040","3,270.00","3,300.00","3,235.00","3,260.00",-60.00,521,3008
107/12/17,"547,769","1,807,856,545","3,280.00","3,345.00","3,210.00","3,300.00",+40.00,614,3008
107/12/18,"438,812","1,436,494,300","3,230.00","3,330.00","3,230.00","3,250.00",-50.00,488,3008
107/12/19,"428,366","1,416,289,140","3,300.00","3,325.00","3,265.00","3,320.00",+70.00,492,3008
107/12/20,"497,574","1,623,563,020","3,265.00","3,320.00","3,210.00","3,225.00",-95.00,614,3008
107/12/21,"944,311","3,015,994,195","3,180.00","3,270.00","3,090.00","3,270.00",+45.00,983,3008
107/12/22,"168,597","545,400,250","3,220.00","3,265.00","3,185.00","3,240.00",-30.00,220,3008
107/12/24,"274,359","895,028,930","3,255.00","3,285.00","3,240.00","3,270.00",+30.00,346,3008
107/12/25,"347,709","1,106,170,255","3,165.00","3,205.00","3,160.00","3,165.00",-105.00,433,3008
107/12/26,"320,010","1,015,811,600","3,200.00","3,230.00","3,115.00","3,125.00",-40.00,405,3008
107/12/27,"675,246","2,155,269,900","3,220.00","3,240.00","3,135.00","3,135.00",+10.00,738,3008
107/12/28,"590,895","1,873,491,900","3,190.00","3,215.00","3,125.00","3,215.00",+80.00,624,3008
108/01/02,"941,895","2,950,409,500","3,240.00","3,280.00","3,060.00","3,060.00",-155.00,"1,031",3008
108/01/03,"1,122,574","3,382,701,440","3,000.00","3,050.00","2,960.00","3,030.00",-30.00,"1,246",3008
108/01/04,"1,203,571","3,524,395,885","2,965.00","2,990.00","2,880.00","2,905.00",-125.00,"1,545",3008
108/01/07,"1,306,020","4,024,647,400","3,015.00","3,165.00","3,015.00","3,105.00",+200.00,"1,361",3008
108/01/08,"622,739","1,949,478,925","3,125.00","3,160.00","3,080.00","3,145.00",+40.00,670,3008
108/01/09,"1,444,358","4,722,368,190","3,155.00","3,360.00","3,155.00","3,335.00",+190.00,"1,591",3008
108/01/10,"496,274","1,630,214,200","3,285.00","3,315.00","3,250.00","3,280.00",-55.00,588,3008
108/01/11,"1,523,523","5,371,256,091","3,480.00","3,600.00","3,435.00","3,550.00",+270.00,"1,602",3008
108/01/14,"766,663","2,743,468,760","3,530.00","3,620.00","3,500.00","3,570.00",+20.00,882,3008
108/01/15,"713,521","2,528,302,365","3,520.00","3,600.00","3,485.00","3,600.00",+30.00,956,3008
108/01/16,"580,821","2,089,479,550","3,625.00","3,655.00","3,555.00","3,570.00",-30.00,674,3008
108/01/17,"403,192","1,441,635,840","3,615.00","3,635.00","3,540.00","3,540.00",-30.00,489,3008
108/01/18,"1,210,812","4,456,317,480","3,565.00","3,790.00","3,530.00","3,785.00",+245.00,"1,629",3008
108/01/21,"821,863","3,118,985,360","3,850.00","3,870.00","3,715.00","3,720.00",-65.00,983,3008
108/01/22,"371,296","1,384,970,000","3,720.00","3,760.00","3,660.00","3,750.00",+30.00,498,3008
108/01/23,"450,397","1,675,985,885","3,700.00","3,770.00","3,680.00","3,710.00",-40.00,542,3008
108/01/24,"749,910","2,833,512,500","3,730.00","3,845.00","3,725.00","3,725.00",+15.00,829,3008
108/01/25,"633,354","2,383,281,570","3,790.00","3,805.00","3,725.00","3,740.00",+15.00,703,3008
108/01/28,"426,534","1,594,675,070","3,740.00","3,765.00","3,715.00","3,720.00",-20.00,491,3008
108/01/29,"432,501","1,609,748,750","3,680.00","3,780.00","3,665.00","3,780.00",+60.00,517,3008
108/01/30,"510,753","1,938,681,340","3,805.00","3,825.00","3,765.00","3,780.00", 0.00,656,3008
108/02/11,"1,020,434","3,993,167,980","3,870.00","3,975.00","3,865.00","3,975.00",+195.00,"1,314",3008
108/02/12,"733,175","2,936,557,375","4,035.00","4,045.00","3,980.00","4,000.00",+25.00,852,3008
108/02/13,"596,806","2,390,610,940","4,030.00","4,065.00","3,970.00","3,990.00",-10.00,785,3008
108/02/14,"491,664","1,960,609,440","3,970.00","4,035.00","3,955.00","3,990.00", 0.00,574,3008
108/02/15,"486,035","1,911,592,375","3,990.00","4,000.00","3,865.00","3,930.00",-60.00,632,3008
108/02/18,"380,365","1,515,088,575","4,000.00","4,010.00","3,965.00","3,970.00",+40.00,456,3008
108/02/19,"293,482","1,172,696,130","3,990.00","4,015.00","3,975.00","3,980.00",+10.00,372,3008
108/02/20,"694,500","2,835,900,000","4,000.00","4,120.00","4,000.00","4,095.00",+115.00,861,3008
108/02/21,"451,240","1,855,612,400","4,120.00","4,150.00","4,055.00","4,150.00",+55.00,703,3008
108/02/22,"564,009","2,365,728,160","4,125.00","4,255.00","4,100.00","4,255.00",+105.00,788,3008
108/02/25,"972,731","4,258,637,868","4,325.00","4,410.00","4,310.00","4,390.00",+135.00,"1,238",3008
108/02/26,"662,020","2,867,808,900","4,385.00","4,385.00","4,300.00","4,330.00",-60.00,819,3008
108/02/27,"522,730","2,260,792,720","4,295.00","4,380.00","4,255.00","4,360.00",+30.00,619,3008
108/03/04,"926,626","4,097,480,620","4,510.00","4,520.00","4,360.00","4,365.00",+5.00,"1,086",3008
108/03/05,"760,076","3,360,494,620","4,385.00","4,470.00","4,370.00","4,370.00",+5.00,906,3008
108/03/06,"789,458","3,507,636,840","4,455.00","4,495.00","4,375.00","4,495.00",+125.00,975,3008
108/03/07,"723,558","3,252,030,890","4,480.00","4,530.00","4,455.00","4,490.00",-5.00,792,3008
108/03/08,"567,817","2,513,180,160","4,440.00","4,485.00","4,375.00","4,485.00",-5.00,725,3008
108/03/11,"422,669","1,894,578,810","4,470.00","4,505.00","4,450.00","4,490.00",+5.00,540,3008
108/03/12,"995,942","4,633,335,980","4,575.00","4,715.00","4,575.00","4,620.00",+130.00,"1,148",3008
108/03/13,"880,217","4,134,160,490","4,625.00","4,750.00","4,625.00","4,750.00",+130.00,"1,078",3008
108/03/14,"1,054,808","5,039,709,290","4,765.00","4,805.00","4,750.00","4,785.00",+35.00,"1,160",3008
108/03/15,"732,625","3,444,773,125","4,770.00","4,795.00","4,640.00","4,640.00",-145.00,947,3008
108/03/18,"367,470","1,722,851,950","4,670.00","4,715.00","4,660.00","4,670.00",+30.00,513,3008
108/03/19,"454,975","2,136,617,375","4,705.00","4,720.00","4,660.00","4,720.00",+50.00,579,3008
108/03/20,"666,952","3,173,559,400","4,760.00","4,810.00","4,695.00","4,695.00",-25.00,805,3008
108/03/21,"451,464","2,130,869,485","4,720.00","4,750.00","4,685.00","4,745.00",+50.00,621,3008
108/03/22,"472,139","2,240,904,825","4,815.00","4,835.00","4,665.00","4,665.00",-80.00,631,3008
108/03/25,"885,363","3,996,318,500","4,555.00","4,575.00","4,455.00","4,495.00",-170.00,"1,128",3008
108/03/26,"682,737","3,130,682,570","4,520.00","4,635.00","4,520.00","4,620.00",+125.00,759,3008
108/03/27,"607,431","2,784,584,755","4,530.00","4,675.00","4,520.00","4,645.00",+25.00,696,3008
108/03/28,"423,193","1,960,888,590","4,670.00","4,675.00","4,600.00","4,635.00",-10.00,495,3008
108/03/29,"498,499","2,311,507,895","4,695.00","4,695.00","4,600.00","4,600.00",-35.00,559,3008
108/04/01,"753,248","3,434,084,760","4,660.00","4,670.00","4,480.00","4,480.00",-120.00,953,3008
108/04/02,"665,749","3,059,300,440","4,555.00","4,650.00","4,525.00","4,625.00",+145.00,749,3008
108/04/03,"589,966","2,700,213,940","4,610.00","4,660.00","4,535.00","4,550.00",-75.00,672,3008
108/04/08,"971,743","4,538,920,770","4,750.00","4,760.00","4,565.00","4,600.00",+50.00,944,3008
108/04/09,"1,005,076","4,798,042,080","4,655.00","4,850.00","4,630.00","4,850.00",+250.00,"1,325",3008
108/04/10,"1,021,608","4,897,489,280","4,850.00","4,865.00","4,755.00","4,770.00",-80.00,"1,170",3008
108/04/11,"965,258","4,580,606,660","4,850.00","4,850.00","4,680.00","4,690.00",-80.00,987,3008
108/04/12,"1,137,213","5,259,675,118","4,690.00","4,730.00","4,570.00","4,600.00",-90.00,"1,161",3008
108/04/15,"796,138","3,687,298,940","4,650.00","4,665.00","4,595.00","4,600.00", 0.00,889,3008
108/04/16,"521,783","2,427,719,250","4,600.00","4,705.00","4,595.00","4,705.00",+105.00,587,3008
108/04/17,"701,651","3,271,536,915","4,730.00","4,735.00","4,590.00","4,625.00",-80.00,779,3008
108/04/18,"872,769","4,043,097,270","4,630.00","4,675.00","4,580.00","4,630.00",+5.00,889,3008
108/04/19,"591,971","2,734,556,020","4,690.00","4,705.00","4,585.00","4,585.00",-45.00,656,3008
108/04/22,"290,524","1,331,472,540","4,625.00","4,625.00","4,565.00","4,570.00",-15.00,390,3008
108/04/23,"563,678","2,598,915,920","4,570.00","4,650.00","4,550.00","4,630.00",+60.00,640,3008
108/04/24,"710,170","3,303,190,828","4,640.00","4,670.00","4,620.00","4,670.00",+40.00,656,3008
108/04/25,"713,723","3,379,061,480","4,670.00","4,775.00","4,650.00","4,760.00",+90.00,854,3008
108/04/26,"390,349","1,835,787,515","4,720.00","4,735.00","4,665.00","4,695.00",-65.00,461,3008
108/04/29,"491,148","2,287,662,640","4,690.00","4,720.00","4,590.00","4,665.00",-30.00,554,3008
108/04/30,"358,373","1,662,241,552","4,650.00","4,665.00","4,600.00","4,650.00",-15.00,369,3008
108/05/02,"581,283","2,709,493,875","4,680.00","4,710.00","4,610.00","4,610.00",-40.00,668,3008
108/05/03,"449,060","2,094,587,000","4,610.00","4,700.00","4,610.00","4,675.00",+65.00,508,3008
108/05/06,"1,289,853","6,193,866,750","4,720.00","4,900.00","4,685.00","4,745.00",+70.00,"1,449",3008
108/05/07,"715,608","3,439,453,000","4,800.00","4,840.00","4,770.00","4,775.00",+30.00,843,3008
108/05/08,"651,518","3,094,973,450","4,700.00","4,810.00","4,690.00","4,750.00",-25.00,734,3008
108/05/09,"1,521,610","6,908,255,350","4,720.00","4,725.00","4,400.00","4,410.00",-340.00,"1,863",3008
108/05/10,"971,401","4,313,387,470","4,450.00","4,510.00","4,365.00","4,455.00",+45.00,"1,061",3008
108/05/13,"879,676","3,772,119,760","4,395.00","4,410.00","4,230.00","4,250.00",-205.00,"1,217",3008
108/05/14,"928,746","3,941,658,720","4,190.00","4,295.00","4,120.00","4,275.00",+25.00,"1,163",3008
108/05/15,"668,218","2,858,594,770","4,275.00","4,320.00","4,230.00","4,265.00",-10.00,839,3008
108/05/16,"560,954","2,371,970,190","4,215.00","4,265.00","4,175.00","4,250.00",-15.00,709,3008
108/05/17,"1,703,036","6,864,395,400","4,275.00","4,285.00","3,850.00","3,850.00",-400.00,"1,987",3008
108/05/20,"889,138","3,535,339,510","3,890.00","4,045.00","3,890.00","3,985.00",+135.00,"1,044",3008
108/05/21,"891,652","3,557,057,120","3,940.00","4,065.00","3,885.00","4,060.00",+75.00,"1,100",3008
108/05/22,"499,891","2,042,484,960","4,060.00","4,125.00","4,045.00","4,085.00",+25.00,630,3008
108/05/23,"1,261,905","4,842,255,450","3,950.00","3,950.00","3,770.00","3,800.00",-285.00,"1,386",3008
108/05/24,"1,088,658","4,192,940,400","3,800.00","3,935.00","3,775.00","3,775.00",-25.00,"1,575",3008
108/05/27,"1,282,207","4,708,931,250","3,760.00","3,780.00","3,565.00","3,690.00",-85.00,"1,426",3008
108/05/28,"911,790","3,412,909,350","3,690.00","3,795.00","3,660.00","3,745.00",+55.00,813,3008
108/05/29,"1,001,660","3,625,907,400","3,605.00","3,650.00","3,580.00","3,615.00",-130.00,"1,328",3008
108/05/30,"766,019","2,764,413,780","3,625.00","3,670.00","3,560.00","3,590.00",-25.00,956,3008
108/05/31,"1,173,940","4,389,397,670","3,620.00","3,820.00","3,620.00","3,770.00",+180.00,"1,303",3008
108/06/03,"1,148,063","4,219,585,620","3,665.00","3,775.00","3,580.00","3,735.00",-35.00,"1,379",3008
108/06/04,"548,150","2,030,447,000","3,740.00","3,785.00","3,640.00","3,665.00",-70.00,806,3008
108/06/05,"982,236","3,647,666,400","3,780.00","3,810.00","3,615.00","3,615.00",-50.00,"1,161",3008
108/06/06,"2,759,335","9,394,145,850","3,255.00","3,510.00","3,255.00","3,470.00",-145.00,"2,630",3008
108/06/10,"1,207,618","4,244,921,849","3,550.00","3,555.00","3,470.00","3,520.00",+50.00,"1,121",3008
108/06/11,"902,904","3,228,299,400","3,480.00","3,610.00","3,465.00","3,575.00",+55.00,"1,088",3008
108/06/12,"1,012,859","3,637,500,220","3,570.00","3,640.00","3,535.00","3,575.00", 0.00,"1,419",3008
108/06/13,"1,497,714","5,481,350,370","3,645.00","3,710.00","3,610.00","3,680.00",+105.00,"1,516",3008
108/06/14,"734,476","2,689,537,400","3,650.00","3,710.00","3,620.00","3,630.00",-50.00,938,3008
108/06/17,"583,298","2,163,810,480","3,635.00","3,740.00","3,625.00","3,735.00",+105.00,679,3008
108/06/18,"652,995","2,440,571,425","3,750.00","3,780.00","3,705.00","3,705.00",-30.00,796,3008
108/06/19,"1,361,687","5,359,435,825","3,900.00","3,985.00","3,865.00","3,985.00",+280.00,"1,638",3008
108/06/20,"805,362","3,165,412,660","3,965.00","3,965.00","3,895.00","3,910.00",-75.00,939,3008
108/06/21,"730,178","2,828,273,960","3,940.00","3,950.00","3,810.00","3,810.00",-100.00,929,3008
108/06/24,"510,609","1,958,191,830","3,820.00","3,870.00","3,790.00","3,845.00",+35.00,564,3008
108/06/25,"469,343","1,769,586,975","3,845.00","3,855.00","3,715.00","3,730.00",-115.00,546,3008
108/06/26,"410,109","1,527,351,570","3,715.00","3,760.00","3,700.00","3,700.00",-30.00,597,3008
108/06/27,"1,103,279","4,257,565,310","3,750.00","3,900.00","3,750.00","3,885.00",+185.00,"1,166",3008
108/06/28,"561,039","2,165,265,345","3,870.00","3,885.00","3,825.00","3,855.00",-30.00,744,3008
108/07/01,"788,413","3,342,871,120","4,240.00","4,240.00","4,240.00","4,240.00",+385.00,906,3008
108/07/02,"1,131,965","4,813,128,000","4,270.00","4,305.00","4,180.00","4,180.00",-60.00,"1,322",3008
108/07/03,"1,030,086","4,157,532,280","4,135.00","4,165.00","3,965.00","3,970.00",-210.00,"1,286",3008
108/07/04,"539,265","2,147,553,975","4,020.00","4,035.00","3,950.00","3,955.00",-15.00,586,3008
108/07/05,"487,130","1,927,661,100","3,985.00","4,005.00","3,940.00","3,950.00",-5.00,564,3008
108/07/08,"906,031","3,691,012,100","3,970.00","4,120.00","3,970.00","4,115.00",+165.00,"1,058",3008
108/07/09,"591,049","2,384,861,980","4,060.00","4,085.00","4,015.00","4,020.00",-95.00,751,3008
108/07/10,"663,493","2,747,771,090","4,095.00","4,185.00","4,095.00","4,155.00",+135.00,785,3008
108/07/11,"1,215,184","5,235,784,360","4,210.00","4,425.00","4,205.00","4,305.00",+150.00,"1,450",3008
108/07/12,"976,920","4,184,317,400","4,295.00","4,360.00","4,205.00","4,205.00",-100.00,"1,177",3008
108/07/15,"775,716","3,247,698,680","4,150.00","4,230.00","4,130.00","4,205.00", 0.00,870,3008
108/07/16,"596,351","2,551,413,505","4,235.00","4,325.00","4,235.00","4,260.00",+55.00,741,3008
108/07/17,"656,072","2,757,907,400","4,260.00","4,275.00","4,150.00","4,155.00",-105.00,751,3008
108/07/18,"507,443","2,114,645,665","4,180.00","4,215.00","4,130.00","4,150.00",-5.00,597,3008
108/07/19,"568,395","2,377,468,200","4,230.00","4,250.00","4,140.00","4,140.00",-10.00,660,3008
108/07/22,"474,082","1,997,060,220","4,200.00","4,235.00","4,170.00","4,225.00",+85.00,588,3008
108/07/23,"755,722","3,225,429,060","4,300.00","4,310.00","4,200.00","4,225.00", 0.00,849,3008
108/07/24,"579,355","2,477,385,525","4,270.00","4,305.00","4,240.00","4,255.00",+30.00,689,3008
108/07/25,"746,483","3,221,840,085","4,280.00","4,365.00","4,245.00","4,365.00",+110.00,905,3008
108/07/26,"922,121","3,942,629,090","4,285.00","4,310.00","4,230.00","4,255.00",-110.00,984,3008
108/07/29,"434,638","1,830,445,120","4,205.00","4,240.00","4,190.00","4,205.00",-50.00,502,3008
108/07/30,"729,136","3,032,058,381","4,250.00","4,265.00","4,100.00","4,125.00",-80.00,899,3008
108/07/31,"569,465","2,385,517,300","4,150.00","4,250.00","4,090.00","4,250.00",+125.00,666,3008
108/08/01,"443,358","1,878,142,180","4,235.00","4,285.00","4,175.00","4,225.00",-25.00,589,3008
108/08/02,"1,792,342","7,125,035,710","4,030.00","4,090.00","3,880.00","3,890.00",-335.00,"1,995",3008
108/08/05,"842,727","3,281,950,300","3,900.00","3,970.00","3,830.00","3,875.00",-15.00,"1,115",3008
108/08/06,"1,196,455","4,490,424,050","3,700.00","3,870.00","3,650.00","3,825.00",X0.00,"1,292",3008
108/08/07,"603,437","2,315,990,895","3,885.00","3,900.00","3,790.00","3,790.00",-35.00,901,3008
108/08/08,"718,493","2,769,018,050","3,820.00","3,910.00","3,805.00","3,825.00",+35.00,958,3008
108/08/12,"358,806","1,372,908,100","3,860.00","3,865.00","3,805.00","3,825.00", 0.00,474,3008
108/08/13,"499,117","1,872,488,165","3,780.00","3,800.00","3,725.00","3,730.00",-95.00,"1,029",3008
108/08/14,"856,348","3,341,136,540","3,935.00","3,935.00","3,855.00","3,855.00",+125.00,"1,065",3008
108/08/15,"455,961","1,731,419,850","3,790.00","3,830.00","3,755.00","3,825.00",-30.00,538,3008
108/08/16,"608,824","2,322,185,920","3,855.00","3,855.00","3,770.00","3,820.00",-5.00,792,3008
108/08/19,"912,208","3,414,776,640","3,780.00","3,785.00","3,705.00","3,740.00",-80.00,979,3008
108/08/20,"679,870","2,584,909,593","3,740.00","3,840.00","3,740.00","3,800.00",+60.00,755,3008
108/08/21,"589,753","2,255,194,050","3,765.00","3,855.00","3,765.00","3,830.00",+30.00,674,3008
108/08/22,"830,912","3,247,138,720","3,885.00","3,940.00","3,870.00","3,935.00",+105.00,982,3008
108/08/23,"389,236","1,524,975,120","3,920.00","3,940.00","3,890.00","3,915.00",-20.00,504,3008
108/08/26,"669,250","2,521,876,250","3,740.00","3,790.00","3,740.00","3,760.00",-155.00,950,3008
108/08/27,"433,304","1,642,418,680","3,810.00","3,830.00","3,770.00","3,770.00",+10.00,461,3008
108/08/28,"259,830","993,785,500","3,790.00","3,845.00","3,790.00","3,845.00",+75.00,360,3008
108/08/29,"439,041","1,692,543,260","3,850.00","3,885.00","3,825.00","3,845.00", 0.00,491,3008
108/08/30,"576,526","2,246,261,140","3,900.00","3,935.00","3,865.00","3,890.00",+45.00,692,3008
108/09/02,"183,505","714,097,025","3,850.00","3,925.00","3,850.00","3,885.00",-5.00,248,3008
108/09/03,"650,682","2,581,152,540","3,925.00","4,015.00","3,910.00","3,950.00",+65.00,788,3008
108/09/04,"536,303","2,138,837,455","4,005.00","4,030.00","3,955.00","3,980.00",+30.00,697,3008
108/09/05,"581,601","2,340,002,030","4,030.00","4,055.00","4,005.00","4,030.00",+50.00,781,3008
108/09/06,"1,507,375","6,073,384,375","4,110.00","4,135.00","3,940.00","3,980.00",-50.00,"1,671",3008
108/09/09,"657,707","2,631,158,000","4,010.00","4,030.00","3,960.00","3,990.00",+10.00,746,3008
108/09/10,"1,407,273","5,391,410,130","3,935.00","3,980.00","3,775.00","3,775.00",-215.00,"1,694",3008
108/09/11,"1,019,790","3,957,416,000","3,840.00","3,915.00","3,810.00","3,900.00",+125.00,"1,203",3008
108/09/12,"809,206","3,230,854,880","3,990.00","4,020.00","3,965.00","3,995.00",+95.00,960,3008
108/09/16,"795,195","3,150,561,950","3,930.00","4,005.00","3,900.00","4,005.00",+10.00,914,3008
108/09/17,"408,484","1,625,670,840","4,005.00","4,005.00","3,950.00","3,980.00",-25.00,457,3008
108/09/18,"1,456,905","6,028,128,375","4,020.00","4,240.00","3,990.00","4,210.00",+230.00,"1,650",3008
108/09/19,"1,138,079","4,882,872,330","4,320.00","4,335.00","4,250.00","4,300.00",+90.00,"1,392",3008
108/09/20,"900,746","3,882,110,610","4,320.00","4,350.00","4,290.00","4,300.00", 0.00,980,3008
108/09/23,"703,276","3,021,761,280","4,270.00","4,330.00","4,270.00","4,300.00", 0.00,794,3008
108/09/24,"432,066","1,839,563,190","4,295.00","4,310.00","4,235.00","4,240.00",-60.00,569,3008
108/09/25,"510,524","2,149,614,140","4,175.00","4,255.00","4,170.00","4,255.00",+15.00,620,3008
108/09/26,"961,492","4,202,975,040","4,310.00","4,400.00","4,310.00","4,400.00",+145.00,"1,274",3008
108/09/27,"934,363","4,140,107,478","4,425.00","4,470.00","4,385.00","4,450.00",+50.00,"1,218",3008
108/10/01,"1,250,881","5,682,137,276","4,540.00","4,595.00","4,505.00","4,535.00",+85.00,"1,463",3008
108/10/02,"364,709","1,650,861,135","4,530.00","4,550.00","4,490.00","4,530.00",-5.00,604,3008
108/10/03,"560,891","2,517,719,500","4,475.00","4,520.00","4,455.00","4,500.00",-30.00,832,3008
108/10/04,"625,237","2,811,319,130","4,505.00","4,555.00","4,460.00","4,490.00",-10.00,794,3008
108/10/07,"459,478","2,063,541,440","4,505.00","4,520.00","4,470.00","4,480.00",-10.00,621,3008
108/10/08,"470,655","2,120,309,575","4,490.00","4,530.00","4,470.00","4,480.00", 0.00,575,3008
108/10/09,"517,456","2,320,037,140","4,480.00","4,520.00","4,450.00","4,460.00",-20.00,612,3008
108/10/14,"775,887","3,509,446,670","4,540.00","4,570.00","4,460.00","4,460.00", 0.00,957,3008
108/10/15,"672,780","3,022,431,700","4,465.00","4,520.00","4,465.00","4,500.00",+40.00,593,3008
108/10/16,"696,303","3,084,219,565","4,520.00","4,545.00","4,330.00","4,375.00",-125.00,970,3008
108/10/17,"509,046","2,233,466,250","4,380.00","4,425.00","4,355.00","4,395.00",+20.00,588,3008
108/10/18,"610,357","2,643,551,885","4,380.00","4,395.00","4,290.00","4,305.00",-90.00,876,3008
108/10/21,"369,423","1,610,144,855","4,335.00","4,395.00","4,315.00","4,380.00",+75.00,471,3008
108/10/22,"362,697","1,592,246,345","4,405.00","4,420.00","4,365.00","4,390.00",+10.00,465,3008
108/10/23,"496,204","2,149,151,480","4,335.00","4,385.00","4,305.00","4,310.00",-80.00,546,3008
108/10/24,"735,346","3,199,564,130","4,330.00","4,430.00","4,265.00","4,430.00",+120.00,827,3008
108/10/25,"424,584","1,852,360,000","4,370.00","4,420.00","4,335.00","4,350.00",-80.00,515,3008
108/10/28,"306,969","1,336,485,770","4,380.00","4,395.00","4,330.00","4,330.00",-20.00,493,3008
108/10/29,"434,712","1,881,785,760","4,380.00","4,385.00","4,285.00","4,315.00",-15.00,489,3008
108/10/30,"391,612","1,689,488,840","4,325.00","4,340.00","4,290.00","4,320.00",+5.00,536,3008
108/10/31,"921,283","4,100,021,520","4,360.00","4,505.00","4,345.00","4,470.00",+150.00,"1,031",3008
108/11/01,"376,992","1,684,459,440","4,485.00","4,505.00","4,435.00","4,460.00",-10.00,511,3008
108/11/04,"720,531","3,278,081,050","4,540.00","4,575.00","4,515.00","4,570.00",+110.00,916,3008
108/11/05,"738,015","3,410,389,000","4,600.00","4,680.00","4,560.00","4,615.00",+45.00,"1,034",3008
108/11/06,"957,596","4,474,555,240","4,655.00","4,710.00","4,625.00","4,700.00",+85.00,"1,296",3008
108/11/07,"784,072","3,636,659,800","4,700.00","4,700.00","4,595.00","4,665.00",-35.00,919,3008
108/11/08,"707,692","3,354,293,160","4,715.00","4,770.00","4,690.00","4,760.00",+95.00,883,3008
108/11/11,"809,714","3,792,055,120","4,750.00","4,790.00","4,595.00","4,605.00",-155.00,"1,033",3008
108/11/12,"522,276","2,381,427,180","4,630.00","4,635.00","4,525.00","4,540.00",-65.00,696,3008
108/11/13,"341,925","1,553,823,887","4,515.00","4,580.00","4,510.00","4,520.00",-20.00,408,3008
108/11/14,"412,278","1,853,450,440","4,555.00","4,555.00","4,465.00","4,470.00",-50.00,531,3008
108/11/15,"258,255","1,163,960,050","4,515.00","4,545.00","4,490.00","4,500.00",+30.00,333,3008
108/11/18,"316,064","1,423,973,640","4,515.00","4,530.00","4,490.00","4,505.00",+5.00,354,3008
108/11/19,"414,095","1,866,170,731","4,505.00","4,540.00","4,490.00","4,500.00",-5.00,438,3008
108/11/20,"427,537","1,914,050,760","4,535.00","4,545.00","4,410.00","4,435.00",-65.00,481,3008
108/11/21,"769,128","3,314,432,750","4,375.00","4,375.00","4,280.00","4,305.00",-130.00,945,3008
108/11/22,"315,205","1,367,135,850","4,345.00","4,355.00","4,310.00","4,345.00",+40.00,383,3008
108/11/25,"493,924","2,189,286,040","4,375.00","4,485.00","4,355.00","4,460.00",+115.00,655,3008
108/11/26,"691,393","3,077,151,315","4,480.00","4,505.00","4,435.00","4,435.00",-25.00,570,3008
108/11/27,"276,972","1,243,974,000","4,435.00","4,530.00","4,420.00","4,530.00",+95.00,402,3008
108/11/28,"359,052","1,616,096,920","4,530.00","4,530.00","4,470.00","4,485.00",-45.00,399,3008
108/11/29,"279,115","1,247,094,450","4,510.00","4,520.00","4,435.00","4,435.00",-50.00,379,3008
108/12/02,"432,257","1,943,813,930","4,495.00","4,515.00","4,450.00","4,515.00",+80.00,463,3008
108/12/03,"291,006","1,301,631,340","4,465.00","4,490.00","4,460.00","4,470.00",-45.00,328,3008
108/12/04,"537,485","2,371,463,850","4,460.00","4,460.00","4,390.00","4,400.00",-70.00,593,3008
108/12/05,"1,209,727","5,585,279,790","4,455.00","4,710.00","4,455.00","4,710.00",+310.00,"1,429",3008
108/12/06,"858,073","4,030,006,640","4,750.00","4,755.00","4,620.00","4,690.00",-20.00,"1,044",3008
108/12/09,"981,647","4,739,810,529","4,760.00","4,875.00","4,740.00","4,820.00",+130.00,"1,220",3008
108/12/10,"738,960","3,480,426,800","4,775.00","4,780.00","4,665.00","4,675.00",-145.00,908,3008
108/12/11,"407,179","1,906,114,510","4,705.00","4,715.00","4,660.00","4,680.00",+5.00,555,3008
108/12/12,"756,961","3,601,878,632","4,720.00","4,805.00","4,690.00","4,805.00",+125.00,903,3008
108/12/13,"753,281","3,649,512,020","4,890.00","4,890.00","4,805.00","4,840.00",+35.00,825,3008
108/12/16,"556,128","2,691,784,400","4,840.00","4,875.00","4,810.00","4,835.00",-5.00,714,3008
108/12/17,"1,089,434","5,429,895,386","4,880.00","5,045.00","4,880.00","5,040.00",+205.00,"1,484",3008
108/12/18,"773,252","3,874,072,520","5,000.00","5,040.00","4,980.00","5,040.00", 0.00,970,3008
108/12/19,"1,048,441","5,354,347,640","5,070.00","5,200.00","5,005.00","5,060.00",+20.00,"1,325",3008
108/12/20,"612,636","3,101,895,900","5,125.00","5,130.00","5,015.00","5,030.00",-30.00,747,3008
108/12/23,"716,328","3,520,175,640","5,050.00","5,090.00","4,860.00","4,870.00",-160.00,939,3008
108/12/24,"217,611","1,067,190,010","4,870.00","4,940.00","4,870.00","4,870.00", 0.00,320,3008
108/12/25,"105,027","513,947,300","4,900.00","4,915.00","4,870.00","4,900.00",+30.00,237,3008
108/12/26,"194,205","960,284,750","4,950.00","4,970.00","4,920.00","4,940.00",+40.00,313,3008
108/12/27,"296,288","1,477,670,000","4,965.00","5,010.00","4,950.00","4,995.00",+55.00,446,3008
108/12/30,"367,527","1,833,913,459","5,020.00","5,035.00","4,960.00","4,965.00",-30.00,478,3008
108/12/31,"219,470","1,094,405,000","4,970.00","5,015.00","4,960.00","5,000.00",+35.00,395,3008
109/01/02,"398,147","2,010,990,735","5,055.00","5,090.00","5,015.00","5,030.00",+30.00,512,3008
109/01/03,"892,399","4,464,445,050","5,105.00","5,155.00","4,875.00","4,880.00",-150.00,940,3008
109/01/06,"1,276,386","6,039,163,500","4,780.00","4,865.00","4,680.00","4,695.00",-185.00,"1,398",3008
109/01/07,"856,521","4,041,020,800","4,740.00","4,785.00","4,640.00","4,740.00",+45.00,913,3008
109/01/08,"510,126","2,425,747,320","4,700.00","4,820.00","4,670.00","4,785.00",+45.00,586,3008
109/01/09,"522,955","2,536,195,801","4,870.00","4,880.00","4,815.00","4,865.00",+80.00,569,3008
109/01/10,"1,085,357","5,440,066,065","4,975.00","5,085.00","4,935.00","5,065.00",+200.00,"1,385",3008
109/01/13,"700,625","3,547,953,125","5,150.00","5,165.00","4,990.00","5,050.00",-15.00,894,3008
109/01/14,"801,226","4,124,328,900","5,110.00","5,210.00","5,095.00","5,180.00",+130.00,960,3008
109/01/15,"877,682","4,419,747,490","5,130.00","5,145.00","4,980.00","4,985.00",-195.00,"1,032",3008
109/01/16,"735,534","3,667,161,020","4,965.00","5,040.00","4,895.00","5,015.00",+30.00,818,3008
109/01/17,"576,186","2,891,169,360","5,055.00","5,075.00","4,970.00","4,985.00",-30.00,508,3008
109/01/20,"444,325","2,215,860,750","5,000.00","5,015.00","4,965.00","4,975.00",-10.00,439,3008
109/01/30,"1,222,512","5,857,681,040","4,825.00","4,935.00","4,665.00","4,710.00",-265.00,"1,771",3008
109/01/31,"546,153","2,625,455,885","4,810.00","4,830.00","4,755.00","4,805.00",+95.00,781,3008
109/02/03,"699,133","3,249,466,750","4,635.00","4,700.00","4,550.00","4,700.00",-105.00,854,3008
109/02/04,"1,205,412","5,828,181,620","4,750.00","4,925.00","4,750.00","4,835.00",+135.00,"1,194",3008
109/02/05,"778,926","3,773,812,580","4,900.00","4,910.00","4,785.00","4,830.00",-5.00,953,3008
109/02/06,"642,861","3,085,067,250","4,800.00","4,855.00","4,725.00","4,845.00",+15.00,862,3008
109/02/07,"523,735","2,489,992,425","4,780.00","4,800.00","4,715.00","4,755.00",-90.00,816,3008
109/02/10,"707,517","3,312,172,995","4,630.00","4,750.00","4,575.00","4,750.00",-5.00,867,3008
109/02/11,"503,406","2,373,083,200","4,720.00","4,755.00","4,690.00","4,690.00",-60.00,713,3008
109/02/12,"483,132","2,318,883,880","4,700.00","4,840.00","4,700.00","4,840.00",+150.00,625,3008
109/02/13,"410,633","1,996,312,895","4,855.00","4,920.00","4,810.00","4,820.00",-20.00,578,3008
109/02/14,"303,335","1,465,874,700","4,820.00","4,875.00","4,810.00","4,820.00", 0.00,450,3008
109/02/17,"408,355","1,957,534,975","4,800.00","4,845.00","4,750.00","4,845.00",+25.00,526,3008
109/02/18,"709,696","3,335,825,760","4,750.00","4,760.00","4,630.00","4,630.00",-215.00,880,3008
109/02/19,"526,860","2,480,450,220","4,675.00","4,760.00","4,635.00","4,725.00",+95.00,594,3008
109/02/20,"325,278","1,538,168,820","4,780.00","4,795.00","4,685.00","4,690.00",-35.00,705,3008
109/02/21,"376,714","1,779,319,360","4,700.00","4,765.00","4,670.00","4,740.00",+50.00,493,3008
109/02/24,"577,713","2,667,764,755","4,640.00","4,685.00","4,595.00","4,610.00",-130.00,809,3008
109/02/25,"492,128","2,269,968,280","4,580.00","4,650.00","4,570.00","4,630.00",+20.00,659,3008
109/02/26,"689,395","3,167,392,800","4,575.00","4,650.00","4,540.00","4,580.00",-50.00,737,3008
109/02/27,"875,817","3,940,082,625","4,600.00","4,625.00","4,430.00","4,430.00",-150.00,"1,312",3008
109/03/02,"807,494","3,563,373,660","4,400.00","4,465.00","4,365.00","4,380.00",-50.00,"1,197",3008
109/03/03,"823,643","3,775,196,005","4,555.00","4,625.00","4,550.00","4,580.00",+200.00,"1,003",3008
109/03/04,"724,862","3,305,058,321","4,605.00","4,615.00","4,510.00","4,530.00",-50.00,733,3008
109/03/05,"407,933","1,879,697,889","4,620.00","4,630.00","4,595.00","4,600.00",+70.00,515,3008
109/03/06,"457,817","2,100,829,605","4,585.00","4,620.00","4,565.00","4,565.00",-35.00,627,3008
109/03/09,"613,727","2,724,039,245","4,480.00","4,495.00","4,400.00","4,405.00",-160.00,811,3008
109/03/10,"715,738","3,161,001,585","4,365.00","4,530.00","4,340.00","4,490.00",+85.00,937,3008
109/03/11,"675,782","3,038,755,659","4,500.00","4,555.00","4,385.00","4,385.00",-105.00,"1,007",3008
109/03/12,"1,583,912","6,452,953,000","4,170.00","4,190.00","3,970.00","3,980.00",-405.00,"2,003",3008
109/03/13,"1,581,714","6,007,878,840","3,620.00","4,060.00","3,620.00","4,060.00",+80.00,"1,869",3008
109/03/16,"1,176,019","4,539,706,250","3,985.00","4,020.00","3,710.00","3,725.00",-335.00,"1,634",3008
109/03/17,"1,191,306","4,479,107,500","3,700.00","3,850.00","3,650.00","3,735.00",+10.00,"1,429",3008
109/03/18,"1,188,034","4,403,957,570","3,760.00","3,815.00","3,600.00","3,600.00",-135.00,"1,567",3008
109/03/19,"2,293,653","7,913,438,575","3,600.00","3,645.00","3,240.00","3,250.00",-350.00,"2,712",3008
109/03/20,"1,518,998","5,379,717,850","3,570.00","3,575.00","3,420.00","3,575.00",+325.00,"1,716",3008
109/03/23,"1,037,319","3,590,603,525","3,400.00","3,630.00","3,350.00","3,450.00",-125.00,"1,246",3008
109/03/24,"952,309","3,500,147,485","3,640.00","3,780.00","3,600.00","3,665.00",+215.00,"1,301",3008
109/03/25,"1,179,756","4,627,044,833","3,890.00","3,980.00","3,850.00","3,890.00",+225.00,"1,542",3008
109/03/26,"869,893","3,394,642,535","3,925.00","3,995.00","3,770.00","3,995.00",+105.00,"1,125",3008
109/03/27,"1,011,738","4,055,486,060","4,100.00","4,170.00","3,870.00","3,870.00",-125.00,"1,318",3008
109/03/30,"803,308","3,030,115,400","3,775.00","3,810.00","3,710.00","3,785.00",-85.00,960,3008
109/03/31,"835,722","3,211,604,720","3,870.00","3,895.00","3,810.00","3,830.00",+45.00,"1,051",3008
109/04/01,"509,854","1,931,728,120","3,830.00","3,840.00","3,760.00","3,760.00",-70.00,760,3008
109/04/06,"677,040","2,606,584,400","3,880.00","3,885.00","3,800.00","3,860.00",+100.00,844,3008
109/04/07,"657,956","2,589,230,680","3,975.00","3,990.00","3,890.00","3,890.00",+30.00,729,3008
109/04/08,"345,706","1,356,423,700","3,900.00","3,950.00","3,890.00","3,950.00",+60.00,862,3008
109/04/09,"1,014,202","3,911,638,760","3,955.00","3,995.00","3,780.00","3,800.00",-150.00,"1,099",3008
109/04/10,"1,160,077","4,324,834,520","3,800.00","3,800.00","3,670.00","3,685.00",-115.00,"1,366",3008
109/04/13,"605,191","2,234,298,610","3,665.00","3,735.00","3,655.00","3,685.00", 0.00,936,3008
109/04/14,"705,331","2,674,539,385","3,740.00","3,835.00","3,725.00","3,815.00",+130.00,853,3008
109/04/15,"838,432","3,204,301,306","3,835.00","3,860.00","3,780.00","3,800.00",-15.00,892,3008
109/04/16,"653,613","2,460,917,945","3,750.00","3,810.00","3,725.00","3,725.00",-75.00,"1,001",3008
109/04/17,"1,520,529","5,836,930,379","3,850.00","3,870.00","3,785.00","3,850.00",+125.00,"1,661",3008
109/04/20,"650,830","2,516,876,060","3,880.00","3,895.00","3,820.00","3,885.00",+35.00,768,3008
109/04/21,"949,112","3,570,330,000","3,855.00","3,860.00","3,700.00","3,700.00",-185.00,"1,236",3008
109/04/22,"600,134","2,208,579,820","3,700.00","3,730.00","3,620.00","3,680.00",-20.00,787,3008
109/04/23,"597,083","2,233,197,910","3,770.00","3,775.00","3,705.00","3,740.00",+60.00,738,3008
109/04/24,"433,712","1,618,244,840","3,740.00","3,760.00","3,680.00","3,740.00", 0.00,523,3008
109/04/27,"719,386","2,754,065,524","3,810.00","3,860.00","3,785.00","3,860.00",+120.00,"1,048",3008
109/04/28,"700,553","2,711,986,424","3,910.00","3,910.00","3,835.00","3,860.00", 0.00,798,3008
109/04/29,"1,035,377","4,072,834,150","3,880.00","3,975.00","3,860.00","3,940.00",+80.00,"1,459",3008
109/04/30,"1,130,697","4,595,294,670","4,000.00","4,120.00","3,985.00","4,110.00",+170.00,"1,685",3008
109/05/04,"1,104,296","4,300,384,400","3,915.00","3,950.00","3,870.00","3,875.00",-235.00,"1,636",3008
109/05/05,"632,392","2,501,190,360","3,930.00","3,990.00","3,910.00","3,960.00",+85.00,918,3008
109/05/06,"784,766","3,141,786,450","3,905.00","4,075.00","3,875.00","4,075.00",+115.00,"1,168",3008
109/05/07,"536,919","2,199,814,520","4,095.00","4,150.00","4,055.00","4,070.00",-5.00,793,3008
109/05/08,"1,363,008","5,755,351,020","4,180.00","4,325.00","4,135.00","4,225.00",+155.00,"1,671",3008
109/05/11,"611,528","2,584,607,600","4,265.00","4,285.00","4,190.00","4,200.00",-25.00,"1,094",3008
109/05/12,"441,878","1,825,726,750","4,160.00","4,180.00","4,085.00","4,110.00",-90.00,660,3008
109/05/13,"544,031","2,243,564,115","4,070.00","4,195.00","4,040.00","4,195.00",+85.00,826,3008
109/05/14,"439,232","1,817,833,520","4,165.00","4,195.00","4,100.00","4,110.00",-85.00,895,3008
109/05/15,"605,343","2,490,521,010","4,150.00","4,190.00","4,060.00","4,065.00",-45.00,851,3008
109/05/18,"1,076,643","4,218,251,990","3,940.00","3,990.00","3,860.00","3,860.00",-205.00,"1,402",3008
109/05/19,"922,449","3,591,946,098","3,930.00","3,945.00","3,845.00","3,845.00",-15.00,"1,425",3008
109/05/20,"662,613","2,581,028,177","3,850.00","3,935.00","3,850.00","3,870.00",+25.00,709,3008
109/05/21,"419,661","1,648,920,950","3,920.00","3,955.00","3,905.00","3,930.00",+60.00,624,3008
109/05/22,"512,239","1,974,979,930","3,910.00","3,930.00","3,820.00","3,840.00",-90.00,974,3008
109/05/25,"415,062","1,587,519,320","3,880.00","3,880.00","3,770.00","3,835.00",-5.00,770,3008
109/05/26,"561,716","2,199,350,360","3,885.00","3,935.00","3,875.00","3,925.00",+90.00,626,3008
109/05/27,"663,648","2,586,786,819","3,940.00","3,940.00","3,860.00","3,880.00",-45.00,898,3008
109/05/28,"431,477","1,670,248,605","3,935.00","3,935.00","3,820.00","3,830.00",-50.00,760,3008
109/05/29,"669,334","2,564,075,910","3,840.00","3,855.00","3,805.00","3,835.00",+5.00,760,3008
109/06/01,"1,126,489","4,475,620,450","3,880.00","4,070.00","3,865.00","4,065.00",+230.00,"1,517",3008
109/06/02,"1,012,554","4,192,348,840","4,095.00","4,205.00","4,060.00","4,085.00",+20.00,"1,399",3008
109/06/03,"1,191,133","5,062,081,296","4,200.00","4,300.00","4,185.00","4,270.00",+185.00,"1,530",3008
109/06/04,"553,383","2,366,311,260","4,320.00","4,330.00","4,230.00","4,240.00",-30.00,955,3008
109/06/05,"602,101","2,577,909,250","4,345.00","4,345.00","4,245.00","4,270.00",+30.00,978,3008
109/06/08,"1,141,735","5,027,647,675","4,330.00","4,445.00","4,290.00","4,420.00",+150.00,"1,684",3008
109/06/09,"570,524","2,505,050,120","4,425.00","4,445.00","4,365.00","4,390.00",-30.00,997,3008
109/06/10,"530,291","2,341,527,490","4,415.00","4,455.00","4,380.00","4,400.00",+10.00,948,3008
109/06/11,"913,258","3,902,146,180","4,370.00","4,370.00","4,205.00","4,210.00",-190.00,"1,709",3008
109/06/12,"755,756","3,122,057,400","4,085.00","4,180.00","4,080.00","4,140.00",-70.00,"1,108",3008
109/06/15,"501,860","2,080,766,227","4,150.00","4,180.00","4,100.00","4,120.00",-20.00,894,3008
109/06/16,"569,177","2,408,313,402","4,245.00","4,280.00","4,185.00","4,195.00",+75.00,761,3008
109/06/17,"455,035","1,906,562,887","4,245.00","4,255.00","4,155.00","4,160.00",-35.00,608,3008
109/06/18,"1,160,737","4,707,394,070","4,170.00","4,170.00","4,015.00","4,050.00",-110.00,"1,226",3008
109/06/19,"887,969","3,603,030,710","4,060.00","4,100.00","4,025.00","4,055.00",+5.00,955,3008
109/06/22,"621,089","2,500,996,340","4,070.00","4,075.00","3,990.00","4,020.00",-35.00,883,3008
109/06/23,"773,527","3,121,879,080","4,095.00","4,110.00","4,000.00","4,010.00",-10.00,"1,206",3008
109/06/24,"935,716","3,759,323,517","4,050.00","4,070.00","3,990.00","4,010.00", 0.00,"1,123",3008
109/06/29,"1,211,513","4,836,051,140","4,020.00","4,050.00","3,940.00","3,940.00",-70.00,"1,711",3008
109/06/30,"1,094,663","4,420,587,049","4,010.00","4,085.00","3,995.00","4,085.00",+145.00,"1,389",3008
109/07/01,"929,311","3,885,331,200","4,135.00","4,245.00","4,125.00","4,200.00",+115.00,"1,278",3008
109/07/02,"711,228","3,037,832,931","4,280.00","4,310.00","4,230.00","4,245.00",+45.00,"1,014",3008
109/07/03,"805,974","3,469,427,550","4,295.00","4,330.00","4,250.00","4,325.00",+80.00,"1,347",3008
109/07/06,"1,211,247","5,312,460,505","4,420.00","4,435.00","4,315.00","4,410.00",+85.00,"1,744",3008
109/07/07,"1,011,784","4,469,273,520","4,440.00","4,450.00","4,355.00","4,405.00",-5.00,"1,463",3008
109/07/08,"833,870","3,648,353,850","4,410.00","4,410.00","4,350.00","4,355.00",-50.00,"1,338",3008
109/07/09,"868,426","3,855,709,680","4,405.00","4,475.00","4,405.00","4,430.00",+75.00,"1,283",3008
109/07/10,"2,847,667","11,521,489,180","4,075.00","4,140.00","4,000.00","4,010.00",-420.00,"3,947",3008
109/07/13,"1,009,902","4,024,093,000","4,050.00","4,050.00","3,960.00","3,960.00",-50.00,"1,629",3008
109/07/14,"700,052","2,795,720,600","3,955.00","4,030.00","3,925.00","4,020.00",+60.00,"1,005",3008
109/07/15,"596,590","2,417,117,450","4,085.00","4,095.00","4,010.00","4,015.00",-5.00,849,3008
109/07/16,"417,238","1,673,266,520","4,050.00","4,055.00","3,990.00","4,000.00",-15.00,817,3008
109/07/17,"275,519","1,105,141,380","4,040.00","4,050.00","3,995.00","3,995.00",-5.00,727,3008
109/07/20,"300,239","1,204,405,560","4,005.00","4,030.00","3,980.00","4,010.00",+15.00,574,3008
109/07/21,"526,014","2,144,542,680","4,040.00","4,095.00","4,040.00","4,090.00",+80.00,782,3008
109/07/22,"524,628","2,144,149,100","4,095.00","4,135.00","4,025.00","4,045.00",-45.00,897,3008
109/07/23,"1,700,474","6,668,813,190","4,045.00","4,050.00","3,850.00","3,875.00",-170.00,"2,548",3008
109/07/24,"1,318,798","5,048,043,370","3,865.00","3,870.00","3,790.00","3,800.00",-75.00,"2,479",3008
109/07/27,"630,838","2,409,576,300","3,840.00","3,850.00","3,790.00","3,815.00",+15.00,"1,457",3008
109/07/28,"855,590","3,334,250,750","3,835.00","3,960.00","3,830.00","3,910.00",+95.00,"1,547",3008
109/07/29,"619,213","2,395,532,180","3,950.00","3,955.00","3,835.00","3,850.00",-60.00,"1,795",3008
109/07/30,"411,035","1,579,504,750","3,885.00","3,885.00","3,810.00","3,825.00",-25.00,"1,329",3008
109/07/31,"409,393","1,570,798,050","3,845.00","3,875.00","3,825.00","3,825.00", 0.00,"1,130",3008
109/08/03,"736,985","2,812,512,625","3,850.00","3,865.00","3,800.00","3,800.00",-25.00,"1,461",3008
109/08/04,"423,336","1,621,130,200","3,830.00","3,855.00","3,805.00","3,815.00",+15.00,"1,201",3008
109/08/05,"479,541","1,851,190,310","3,850.00","3,895.00","3,815.00","3,895.00",+80.00,852,3008
109/08/06,"2,116,091","8,780,379,935","4,130.00","4,200.00","4,080.00","4,160.00",+265.00,"2,876",3008
109/08/07,"812,563","3,320,942,390","4,180.00","4,185.00","4,035.00","4,035.00",-125.00,"1,281",3008
109/08/10,"969,353","3,890,641,664","4,060.00","4,075.00","3,960.00","4,000.00",-35.00,"1,358",3008
109/08/11,"646,332","2,525,444,800","3,925.00","3,960.00","3,880.00","3,885.00",X0.00,"1,530",3008
109/08/12,"482,238","1,879,814,702","3,885.00","3,930.00","3,870.00","3,900.00",+15.00,665,3008
109/08/13,"708,788","2,758,632,440","3,930.00","3,955.00","3,850.00","3,850.00",-50.00,"1,160",3008
109/08/14,"223,904","862,128,350","3,850.00","3,875.00","3,810.00","3,855.00",+5.00,794,3008
109/08/17,"363,235","1,407,832,375","3,835.00","3,915.00","3,835.00","3,900.00",+45.00,626,3008
109/08/18,"1,374,659","5,180,429,430","3,860.00","3,875.00","3,705.00","3,715.00",-185.00,"2,522",3008
109/08/19,"576,976","2,158,604,640","3,730.00","3,775.00","3,705.00","3,725.00",+10.00,"1,250",3008
109/08/20,"1,686,704","5,998,026,210","3,715.00","3,720.00","3,420.00","3,560.00",-165.00,"2,729",3008
109/08/21,"1,153,004","4,123,724,400","3,600.00","3,630.00","3,540.00","3,545.00",-15.00,"2,469",3008
109/08/24,"657,404","2,353,284,020","3,545.00","3,610.00","3,510.00","3,605.00",+60.00,"1,228",3008
109/08/25,"731,705","2,638,058,000","3,615.00","3,640.00","3,560.00","3,575.00",-30.00,"1,862",3008
109/08/26,"579,355","2,059,315,250","3,590.00","3,590.00","3,535.00","3,535.00",-40.00,"1,672",3008
109/08/27,"1,108,875","3,865,654,375","3,550.00","3,555.00","3,460.00","3,460.00",-75.00,"2,864",3008
109/08/28,"1,223,426","4,182,201,075","3,450.00","3,450.00","3,390.00","3,420.00",-40.00,"2,685",3008
109/08/31,"1,025,950","3,492,583,820","3,460.00","3,470.00","3,370.00","3,385.00",-35.00,"2,096",3008
109/09/01,"1,157,656","4,040,422,080","3,400.00","3,545.00","3,385.00","3,525.00",+140.00,"1,533",3008
109/09/02,"1,082,746","3,922,630,280","3,595.00","3,665.00","3,565.00","3,650.00",+125.00,"1,744",3008
109/09/03,"979,965","3,611,816,810","3,680.00","3,725.00","3,640.00","3,695.00",+45.00,"1,567",3008
109/09/04,"733,080","2,642,694,400","3,575.00","3,655.00","3,550.00","3,655.00",-40.00,"1,110",3008
109/09/07,"689,157","2,486,296,275","3,660.00","3,710.00","3,560.00","3,560.00",-95.00,"1,723",3008
109/09/08,"583,860","2,069,913,000","3,560.00","3,580.00","3,515.00","3,540.00",-20.00,"1,435",3008
109/09/09,"704,240","2,446,591,000","3,490.00","3,515.00","3,405.00","3,505.00",-35.00,"1,331",3008
109/09/10,"441,356","1,554,357,780","3,545.00","3,575.00","3,495.00","3,500.00",-5.00,"1,217",3008
109/09/11,"350,197","1,225,318,440","3,500.00","3,525.00","3,470.00","3,500.00", 0.00,687,3008
109/09/14,"617,093","2,236,770,845","3,520.00","3,670.00","3,520.00","3,655.00",+155.00,"1,063",3008
109/09/15,"462,769","1,695,823,385","3,660.00","3,690.00","3,645.00","3,655.00", 0.00,892,3008
109/09/16,"656,488","2,367,777,040","3,675.00","3,690.00","3,560.00","3,560.00",-95.00,"1,388",3008
109/09/17,"1,040,197","3,675,525,940","3,535.00","3,600.00","3,500.00","3,500.00",-60.00,"1,751",3008
109/09/18,"578,986","2,025,915,860","3,505.00","3,515.00","3,485.00","3,490.00",-10.00,"1,005",3008
109/09/21,"437,599","1,533,901,500","3,530.00","3,545.00","3,485.00","3,495.00",+5.00,"1,051",3008
109/09/22,"1,377,192","4,729,155,260","3,495.00","3,495.00","3,450.00","3,460.00",-35.00,"1,066",3008
109/09/23,"582,094","2,009,939,000","3,450.00","3,490.00","3,435.00","3,470.00",+10.00,674,3008
109/09/24,"696,485","2,400,933,400","3,420.00","3,490.00","3,420.00","3,425.00",-45.00,"1,445",3008
109/09/25,"709,759","2,401,175,420","3,465.00","3,470.00","3,330.00","3,355.00",-70.00,"1,618",3008
109/09/28,"393,761","1,326,300,985","3,375.00","3,400.00","3,330.00","3,365.00",+10.00,901,3008
109/09/29,"403,998","1,355,388,260","3,400.00","3,400.00","3,340.00","3,345.00",-20.00,922,3008
109/09/30,"683,408","2,306,284,040","3,360.00","3,405.00","3,350.00","3,360.00",+15.00,"1,273",3008
109/10/05,"856,563","2,845,261,790","3,400.00","3,400.00","3,275.00","3,295.00",-65.00,"1,453",3008
109/10/06,"1,334,714","4,315,414,650","3,280.00","3,290.00","3,205.00","3,220.00",-75.00,"2,445",3008
109/10/07,"1,219,866","3,942,148,830","3,220.00","3,280.00","3,210.00","3,220.00", 0.00,"2,002",3008
109/10/08,"1,377,452","4,605,306,320","3,250.00","3,415.00","3,240.00","3,380.00",+160.00,"1,944",3008
109/10/12,"2,317,972","7,218,489,860","3,195.00","3,215.00","3,065.00","3,090.00",-290.00,"3,839",3008
109/10/13,"2,254,530","6,734,285,150","3,050.00","3,055.00","2,950.00","2,970.00",-120.00,"3,958",3008
109/10/14,"2,104,216","6,264,018,340","2,950.00","3,010.00","2,945.00","2,950.00",-20.00,"3,637",3008
109/10/15,"1,072,327","3,189,902,730","2,985.00","3,025.00","2,950.00","2,955.00",+5.00,"2,544",3008
109/10/16,"1,067,729","3,189,747,420","2,970.00","3,020.00","2,960.00","2,965.00",+10.00,"2,747",3008
109/10/19,"1,420,823","4,364,578,070","3,020.00","3,110.00","3,010.00","3,085.00",+120.00,"2,413",3008
109/10/20,"589,895","1,818,683,450","3,100.00","3,100.00","3,065.00","3,090.00",+5.00,976,3008
109/10/21,"826,788","2,607,192,960","3,120.00","3,180.00","3,120.00","3,145.00",+55.00,"1,426",3008
109/10/22,"597,437","1,871,862,660","3,150.00","3,155.00","3,100.00","3,140.00",-5.00,"1,428",3008
109/10/23,"803,423","2,561,618,600","3,195.00","3,210.00","3,155.00","3,180.00",+40.00,"1,414",3008
109/10/26,"486,647","1,555,410,405","3,205.00","3,215.00","3,165.00","3,195.00",+15.00,"2,992",3008
109/10/27,"399,758","1,264,373,445","3,160.00","3,180.00","3,145.00","3,165.00",-30.00,"3,795",3008
109/10/28,"478,185","1,491,650,459","3,150.00","3,165.00","3,095.00","3,100.00",-65.00,"3,990",3008
109/10/29,"664,045","2,018,408,610","3,050.00","3,065.00","3,025.00","3,035.00",-65.00,"3,371",3008
109/10/30,"664,362","2,013,228,035","3,030.00","3,060.00","3,005.00","3,025.00",-10.00,"2,844",3008
109/11/02,"315,344","950,254,360","3,025.00","3,030.00","2,995.00","3,025.00", 0.00,"1,615",3008
109/11/03,"827,938","2,569,014,975","3,035.00","3,150.00","3,035.00","3,105.00",+80.00,"2,095",3008
109/11/04,"690,927","2,166,189,520","3,150.00","3,165.00","3,100.00","3,120.00",+15.00,"1,887",3008
109/11/05,"936,565","2,970,305,440","3,135.00","3,200.00","3,130.00","3,200.00",+80.00,"2,225",3008
109/11/06,"1,303,894","4,067,541,200","3,165.00","3,195.00","3,065.00","3,145.00",-55.00,"4,302",3008
109/11/09,"947,378","3,084,142,535","3,240.00","3,280.00","3,230.00","3,265.00",+120.00,"3,660",3008
109/11/10,"1,049,636","3,457,178,630","3,275.00","3,340.00","3,225.00","3,300.00",+35.00,"3,419",3008
109/11/11,"521,534","1,721,569,880","3,320.00","3,330.00","3,275.00","3,310.00",+10.00,"1,808",3008
109/11/12,"813,158","2,690,996,345","3,310.00","3,350.00","3,275.00","3,330.00",+20.00,"2,325",3008
109/11/13,"829,031","2,769,959,275","3,250.00","3,385.00","3,245.00","3,360.00",+30.00,"2,534",3008
109/11/16,"622,734","2,090,929,665","3,395.00","3,415.00","3,320.00","3,320.00",-40.00,"3,433",3008
109/11/17,"555,431","1,856,861,510","3,370.00","3,370.00","3,320.00","3,330.00",+10.00,"1,979",3008
109/11/18,"2,455,181","8,556,230,705","3,370.00","3,550.00","3,360.00","3,550.00",+220.00,"6,169",3008
109/11/19,"1,090,835","3,882,031,065","3,560.00","3,615.00","3,505.00","3,545.00",-5.00,"4,071",3008
109/11/20,"991,719","3,445,523,700","3,530.00","3,545.00","3,445.00","3,460.00",-85.00,"5,004",3008
109/11/23,"1,053,331","3,613,653,160","3,430.00","3,500.00","3,400.00","3,400.00",-60.00,"4,605",3008
109/11/24,"842,762","2,866,420,110","3,455.00","3,480.00","3,355.00","3,370.00",-30.00,"5,133",3008
109/11/25,"907,741","3,032,039,475","3,390.00","3,410.00","3,305.00","3,310.00",-60.00,"5,107",3008
109/11/26,"598,132","1,992,881,190","3,340.00","3,355.00","3,315.00","3,325.00",+15.00,"2,271",3008
109/11/27,"691,654","2,305,541,805","3,345.00","3,355.00","3,315.00","3,330.00",+5.00,"2,639",3008
109/11/30,"1,322,176","4,320,971,218","3,350.00","3,350.00","3,225.00","3,225.00",-105.00,"7,077",3008
109/12/01,"717,635","2,373,622,320","3,260.00","3,355.00","3,240.00","3,345.00",+120.00,"2,636",3008
109/12/02,"632,538","2,138,620,460","3,380.00","3,410.00","3,355.00","3,375.00",+30.00,"2,825",3008
109/12/03,"723,793","2,453,407,380","3,380.00","3,405.00","3,360.00","3,405.00",+30.00,"2,268",3008
109/12/04,"481,128","1,645,215,310","3,435.00","3,435.00","3,395.00","3,430.00",+25.00,"2,291",3008
109/12/07,"733,046","2,478,204,410","3,475.00","3,475.00","3,330.00","3,380.00",-50.00,"3,687",3008
109/12/08,"751,298","2,589,697,260","3,385.00","3,475.00","3,380.00","3,440.00",+60.00,"2,788",3008
109/12/09,"395,569","1,372,875,635","3,450.00","3,480.00","3,450.00","3,470.00",+30.00,"2,238",3008
109/12/10,"414,427","1,412,613,140","3,400.00","3,425.00","3,385.00","3,415.00",-55.00,"2,767",3008
109/12/11,"1,131,544","3,792,725,740","3,420.00","3,425.00","3,320.00","3,320.00",-95.00,"5,407",3008
109/12/14,"915,001","3,004,438,065","3,325.00","3,355.00","3,240.00","3,265.00",-55.00,"6,150",3008
109/12/15,"622,412","2,021,977,940","3,250.00","3,275.00","3,225.00","3,225.00",-40.00,"3,045",3008
109/12/16,"708,510","2,353,777,560","3,310.00","3,360.00","3,275.00","3,325.00",+100.00,"2,116",3008
109/12/17,"390,280","1,289,033,025","3,345.00","3,350.00","3,275.00","3,315.00",-10.00,"1,925",3008
109/12/18,"635,444","2,101,370,825","3,235.00","3,355.00","3,235.00","3,305.00",-10.00,"1,662",3008
109/12/21,"384,982","1,278,152,140","3,270.00","3,345.00","3,270.00","3,340.00",+35.00,"1,245",3008
109/12/22,"659,374","2,164,307,522","3,340.00","3,340.00","3,240.00","3,240.00",-100.00,"4,571",3008
109/12/23,"327,399","1,065,119,475","3,255.00","3,270.00","3,230.00","3,260.00",+20.00,"1,935",3008
109/12/24,"223,272","730,834,355","3,270.00","3,300.00","3,255.00","3,260.00", 0.00,"1,409",3008
109/12/25,"187,646","613,346,875","3,270.00","3,290.00","3,250.00","3,260.00", 0.00,"1,619",3008
109/12/28,"322,368","1,046,567,335","3,260.00","3,275.00","3,230.00","3,235.00",-25.00,"2,750",3008
109/12/29,"615,888","1,975,539,219","3,240.00","3,250.00","3,180.00","3,190.00",-45.00,"5,867",3008
109/12/30,"467,467","1,495,826,255","3,190.00","3,225.00","3,170.00","3,225.00",+35.00,"3,019",3008
109/12/31,"509,438","1,638,235,700","3,240.00","3,250.00","3,190.00","3,195.00",-30.00,"2,915",3008
110/01/04,"1,155,195","3,833,961,615","3,235.00","3,355.00","3,225.00","3,350.00",+155.00,"4,003",3008
110/01/05,"830,811","2,750,567,215","3,350.00","3,360.00","3,270.00","3,315.00",-35.00,"4,014",3008
110/01/06,"2,656,614","8,274,265,610","3,215.00","3,245.00","3,060.00","3,070.00",-245.00,"18,014",3008
110/01/07,"1,122,340","3,397,439,530","3,015.00","3,060.00","3,010.00","3,030.00",-40.00,"7,106",3008
110/01/08,"1,962,979","5,920,967,119","3,020.00","3,050.00","2,965.00","3,040.00",+10.00,"8,050",3008
110/01/11,"1,392,705","4,251,144,980","3,045.00","3,100.00","3,000.00","3,045.00",+5.00,"4,342",3008
110/01/12,"1,425,008","4,260,527,953","3,005.00","3,020.00","2,970.00","2,990.00",-55.00,"10,661",3008
110/01/13,"864,834","2,591,513,716","3,005.00","3,015.00","2,980.00","2,995.00",+5.00,"4,833",3008
110/01/14,"943,787","2,818,602,090","2,995.00","3,015.00","2,960.00","2,960.00",-35.00,"6,200",3008
110/01/15,"2,252,056","6,519,485,270","2,990.00","2,990.00","2,850.00","2,860.00",-100.00,"16,640",3008
110/01/18,"1,187,337","3,326,559,450","2,860.00","2,865.00","2,770.00","2,805.00",-55.00,"9,193",3008
110/01/19,"1,295,432","3,749,022,740","2,850.00","2,945.00","2,830.00","2,880.00",+75.00,"5,047",3008
110/01/20,"1,161,836","3,266,457,655","2,880.00","2,895.00","2,780.00","2,790.00",-90.00,"6,822",3008
110/01/21,"856,333","2,424,987,495","2,835.00","2,885.00","2,785.00","2,825.00",+35.00,"3,413",3008
110/01/22,"1,419,144","4,152,488,780","2,875.00","2,965.00","2,860.00","2,940.00",+115.00,"5,258",3008
110/01/25,"850,652","2,530,800,320","2,950.00","3,010.00","2,915.00","3,000.00",+60.00,"3,733",3008
110/01/26,"802,598","2,417,236,295","3,030.00","3,060.00","2,975.00","2,980.00",-20.00,"4,863",3008
110/01/27,"494,280","1,467,017,200","3,020.00","3,020.00","2,940.00","2,975.00",-5.00,"2,518",3008
110/01/28,"978,970","2,936,986,670","2,965.00","3,035.00","2,915.00","3,025.00",+50.00,"3,337",3008
110/01/29,"747,412","2,222,146,175","3,045.00","3,045.00","2,940.00","2,940.00",-85.00,"3,659",3008
110/02/01,"447,105","1,311,953,520","2,910.00","2,970.00","2,905.00","2,935.00",-5.00,"2,287",3008
110/02/02,"766,403","2,287,681,555","2,960.00","3,005.00","2,950.00","3,005.00",+70.00,"2,202",3008
110/02/03,"1,128,677","3,460,866,925","3,060.00","3,100.00","3,025.00","3,080.00",+75.00,"4,934",3008
110/02/04,"464,057","1,423,104,955","3,060.00","3,090.00","3,050.00","3,050.00",-30.00,"2,195",3008
110/02/05,"496,213","1,517,741,690","3,080.00","3,080.00","3,040.00","3,050.00", 0.00,"2,198",3008
110/02/17,"1,346,933","4,202,110,145","3,100.00","3,160.00","3,085.00","3,150.00",+100.00,"5,075",3008
110/02/18,"1,137,274","3,655,118,335","3,160.00","3,260.00","3,135.00","3,250.00",+100.00,"5,283",3008
110/02/19,"2,052,141","6,948,779,535","3,240.00","3,445.00","3,235.00","3,405.00",+155.00,"9,976",3008
110/02/22,"1,673,565","5,858,222,045","3,460.00","3,545.00","3,455.00","3,510.00",+105.00,"7,766",3008
110/02/23,"1,240,155","4,380,588,810","3,510.00","3,560.00","3,490.00","3,550.00",+40.00,"5,920",3008
110/02/24,"1,205,793","4,234,660,050","3,560.00","3,565.00","3,465.00","3,520.00",-30.00,"6,445",3008
110/02/25,"1,596,429","5,494,349,960","3,560.00","3,590.00","3,385.00","3,410.00",-110.00,"8,368",3008
110/02/26,"1,382,633","4,574,233,945","3,320.00","3,365.00","3,280.00","3,295.00",-115.00,"9,403",3008
110/03/02,"827,165","2,775,952,945","3,380.00","3,400.00","3,340.00","3,345.00",+50.00,"2,896",3008
110/03/03,"810,496","2,754,116,680","3,345.00","3,440.00","3,315.00","3,440.00",+95.00,"3,150",3008
110/03/04,"530,443","1,794,590,475","3,420.00","3,430.00","3,355.00","3,375.00",-65.00,"2,573",3008
110/03/05,"585,844","1,977,902,230","3,310.00","3,415.00","3,310.00","3,360.00",-15.00,"2,303",3008
110/03/08,"862,089","2,965,697,010","3,420.00","3,480.00","3,395.00","3,425.00",+65.00,"3,887",3008
110/03/09,"1,400,690","4,894,563,510","3,430.00","3,525.00","3,430.00","3,525.00",+100.00,"5,699",3008
110/03/10,"882,615","3,077,292,650","3,530.00","3,550.00","3,435.00","3,435.00",-90.00,"4,272",3008
110/03/11,"560,856","1,955,453,270","3,475.00","3,505.00","3,455.00","3,480.00",+45.00,"1,985",3008
110/03/12,"373,729","1,293,375,735","3,505.00","3,505.00","3,440.00","3,465.00",-15.00,"1,922",3008
110/03/15,"461,270","1,577,479,750","3,445.00","3,465.00","3,405.00","3,405.00",-60.00,"2,740",3008
110/03/16,"647,252","2,179,158,475","3,405.00","3,415.00","3,330.00","3,340.00",-65.00,"5,796",3008
110/03/17,"534,368","1,797,176,015","3,375.00","3,400.00","3,330.00","3,340.00", 0.00,"2,083",3008
110/03/18,"665,134","2,274,176,980","3,355.00","3,450.00","3,355.00","3,425.00",+85.00,"2,245",3008
110/03/19,"641,010","2,150,840,450","3,390.00","3,425.00","3,330.00","3,355.00",-70.00,"3,671",3008
110/03/22,"399,644","1,321,689,515","3,315.00","3,320.00","3,285.00","3,315.00",-40.00,"2,844",3008
110/03/23,"347,760","1,147,782,175","3,315.00","3,350.00","3,300.00","3,300.00",-15.00,"2,313",3008
110/03/24,"458,161","1,493,268,280","3,285.00","3,305.00","3,240.00","3,240.00",-60.00,"4,972",3008
110/03/25,"587,438","1,915,317,370","3,240.00","3,300.00","3,205.00","3,290.00",+50.00,"2,529",3008
110/03/26,"505,701","1,658,506,160","3,310.00","3,320.00","3,255.00","3,265.00",-25.00,"3,606",3008
110/03/29,"359,854","1,176,389,305","3,305.00","3,305.00","3,245.00","3,245.00",-20.00,"2,762",3008
110/03/30,"438,607","1,427,192,960","3,260.00","3,285.00","3,230.00","3,260.00",+15.00,"2,125",3008
110/03/31,"509,777","1,645,936,705","3,260.00","3,265.00","3,210.00","3,210.00",-50.00,"4,494",3008
110/04/01,"480,378","1,537,034,790","3,250.00","3,250.00","3,170.00","3,175.00",-35.00,"5,886",3008
110/04/06,"898,721","2,784,759,375","3,170.00","3,180.00","3,070.00","3,080.00",-95.00,"11,175",3008
110/04/07,"1,248,912","3,762,081,085","3,070.00","3,080.00","2,990.00","3,000.00",-80.00,"9,037",3008
110/04/08,"1,011,448","3,097,316,715","3,000.00","3,125.00","2,945.00","3,100.00",+100.00,"4,834",3008
110/04/09,"781,312","2,376,870,830","3,100.00","3,100.00","3,010.00","3,020.00",-80.00,"6,204",3008
110/04/12,"630,045","1,891,648,775","3,015.00","3,025.00","2,985.00","3,000.00",-20.00,"4,158",3008
110/04/13,"833,878","2,529,739,740","3,010.00","3,055.00","3,010.00","3,030.00",+30.00,"2,842",3008
110/04/14,"688,920","2,080,976,345","3,030.00","3,060.00","3,000.00","3,020.00",-10.00,"4,527",3008
110/04/15,"767,974","2,343,606,980","3,035.00","3,090.00","3,020.00","3,050.00",+30.00,"2,729",3008
110/04/16,"955,534","2,995,926,695","3,065.00","3,160.00","3,060.00","3,140.00",+90.00,"4,320",3008
110/04/19,"288,136","894,872,940","3,135.00","3,140.00","3,085.00","3,090.00",-50.00,"2,393",3008
110/04/20,"275,201","855,471,525","3,110.00","3,120.00","3,090.00","3,110.00",+20.00,"1,647",3008
110/04/21,"487,231","1,495,167,855","3,085.00","3,125.00","3,045.00","3,045.00",-65.00,"4,245",3008
110/04/22,"273,585","836,679,135","3,080.00","3,090.00","3,015.00","3,050.00",+5.00,"2,738",3008
110/04/23,"308,372","947,362,385","3,085.00","3,100.00","3,025.00","3,100.00",+50.00,"1,422",3008
110/04/26,"691,898","2,199,453,680","3,140.00","3,200.00","3,130.00","3,175.00",+75.00,"3,457",3008
110/04/27,"664,517","2,077,187,510","3,175.00","3,190.00","3,085.00","3,105.00",-70.00,"2,995",3008
110/04/28,"223,877","694,809,230","3,080.00","3,125.00","3,080.00","3,110.00",+5.00,"1,556",3008
110/04/29,"213,200","665,987,485","3,105.00","3,145.00","3,100.00","3,110.00", 0.00,"1,486",3008
110/05/03,"554,595","1,682,731,548","3,135.00","3,135.00","3,005.00","3,015.00",-95.00,"4,289",3008
110/05/04,"478,653","1,443,627,060","3,020.00","3,050.00","2,995.00","3,015.00", 0.00,"3,053",3008
110/05/05,"284,849","859,660,275","3,015.00","3,040.00","3,000.00","3,010.00",-5.00,"1,892",3008
110/05/06,"720,369","2,153,491,690","2,940.00","3,020.00","2,940.00","2,990.00",-20.00,"4,651",3008
110/05/07,"459,851","1,388,988,626","3,010.00","3,060.00","3,000.00","3,005.00",+15.00,"1,524",3008
110/05/10,"760,959","2,235,271,645","3,025.00","3,025.00","2,895.00","2,900.00",-105.00,"12,392",3008
110/05/11,"1,199,700","3,361,158,790","2,810.00","2,850.00","2,780.00","2,790.00",-110.00,"14,827",3008
110/05/12,"1,475,608","4,102,801,834","2,785.00","2,885.00","2,610.00","2,810.00",+20.00,"8,172",3008
110/05/13,"837,199","2,407,675,095","2,830.00","2,925.00","2,755.00","2,900.00",+90.00,"3,918",3008
110/05/14,"495,591","1,421,730,645","2,910.00","2,920.00","2,850.00","2,850.00",-50.00,"3,172",3008
110/05/17,"730,768","2,066,667,015","2,710.00","2,900.00","2,710.00","2,850.00", 0.00,"3,783",3008
110/05/18,"590,568","1,693,431,385","2,900.00","2,910.00","2,820.00","2,865.00",+15.00,"2,582",3008
110/05/19,"337,270","975,682,950","2,910.00","2,910.00","2,880.00","2,890.00",+25.00,"1,591",3008
110/05/20,"586,853","1,711,190,515","2,900.00","2,995.00","2,850.00","2,850.00",-40.00,"2,806",3008
110/05/21,"435,841","1,273,765,590","2,900.00","2,950.00","2,885.00","2,920.00",+70.00,"1,597",3008
110/05/24,"230,337","673,215,350","2,895.00","2,950.00","2,880.00","2,935.00",+15.00,"1,310",3008
110/05/25,"353,934","1,047,712,235","2,965.00","2,985.00","2,940.00","2,940.00",+5.00,"1,606",3008
110/05/26,"198,583","582,004,545","2,940.00","2,965.00","2,910.00","2,920.00",-20.00,"1,320",3008
110/05/27,"443,304","1,288,450,320","2,920.00","2,955.00","2,900.00","2,900.00",-20.00,"1,621",3008
110/05/28,"311,220","905,787,600","2,925.00","2,940.00","2,890.00","2,910.00",+10.00,"1,291",3008
110/05/31,"644,255","1,927,406,000","2,920.00","3,030.00","2,910.00","3,030.00",+120.00,"3,204",3008
110/06/01,"429,090","1,321,925,435","3,050.00","3,110.00","3,050.00","3,065.00",+35.00,"2,439",3008
110/06/02,"331,733","1,022,084,660","3,095.00","3,115.00","3,055.00","3,070.00",+5.00,"1,774",3008
110/06/03,"167,975","516,909,685","3,095.00","3,095.00","3,065.00","3,065.00",-5.00,"1,137",3008
110/06/04,"251,686","761,579,485","3,035.00","3,065.00","3,000.00","3,040.00",-25.00,"1,404",3008
110/06/07,"305,674","930,546,220","3,040.00","3,100.00","2,980.00","3,080.00",+40.00,"1,849",3008
110/06/08,"432,886","1,307,976,905","3,050.00","3,085.00","2,990.00","3,005.00",-75.00,"1,880",3008
110/06/09,"488,707","1,453,430,695","2,980.00","2,995.00","2,950.00","2,950.00",-55.00,"3,238",3008
110/06/10,"454,689","1,382,394,015","2,990.00","3,075.00","2,985.00","3,070.00",+120.00,"2,146",3008
110/06/11,"282,554","870,209,295","3,095.00","3,110.00","3,045.00","3,060.00",-10.00,"1,592",3008
110/06/15,"204,588","622,210,645","3,105.00","3,105.00","3,010.00","3,020.00",-40.00,"1,153",3008
110/06/16,"389,920","1,198,377,975","3,010.00","3,090.00","3,010.00","3,070.00",+50.00,"1,604",3008
110/06/17,"458,869","1,391,570,685","3,040.00","3,060.00","3,015.00","3,020.00",-50.00,"1,445",3008
110/06/18,"428,764","1,298,080,890","3,030.00","3,050.00","3,020.00","3,020.00", 0.00,"1,044",3008
110/06/21,"401,362","1,191,237,185","3,000.00","3,025.00","2,930.00","2,950.00",-70.00,"4,138",3008
110/06/22,"323,484","950,616,925","2,985.00","2,995.00","2,915.00","2,930.00",-20.00,"3,010",3008
110/06/23,"366,408","1,092,431,715","2,960.00","3,000.00","2,935.00","2,990.00",+60.00,"1,349",3008
110/06/24,"166,210","494,331,620","2,990.00","2,995.00","2,960.00","2,960.00",-30.00,"1,077",3008
110/06/25,"825,224","2,525,279,205","3,005.00","3,115.00","2,985.00","3,085.00",+125.00,"3,981",3008
110/06/28,"319,126","972,037,440","3,080.00","3,085.00","3,020.00","3,050.00",-35.00,"1,379",3008
110/06/29,"662,179","2,073,921,070","3,070.00","3,160.00","3,070.00","3,130.00",+80.00,"4,250",3008
110/06/30,"253,595","789,163,680","3,100.00","3,150.00","3,095.00","3,100.00",-30.00,"1,652",3008
110/07/01,"284,267","887,188,630","3,130.00","3,160.00","3,095.00","3,105.00",+5.00,"1,559",3008
110/07/02,"174,345","543,707,960","3,135.00","3,140.00","3,100.00","3,105.00", 0.00,990,3008
110/07/05,"260,068","809,725,920","3,135.00","3,135.00","3,075.00","3,130.00",+25.00,"1,281",3008
110/07/06,"583,880","1,838,114,885","3,195.00","3,230.00","3,100.00","3,100.00",-30.00,"2,082",3008
110/07/07,"278,208","860,641,305","3,130.00","3,130.00","3,065.00","3,065.00",-35.00,"1,513",3008
110/07/08,"416,514","1,301,661,205","3,115.00","3,150.00","3,080.00","3,150.00",+85.00,"1,787",3008
110/07/09,"1,159,166","3,473,230,225","3,050.00","3,050.00","2,955.00","2,990.00",-160.00,"4,981",3008
110/07/12,"475,953","1,418,373,450","3,005.00","3,020.00","2,950.00","2,950.00",-40.00,"4,794",3008
110/07/13,"393,481","1,174,722,180","2,985.00","3,010.00","2,955.00","2,965.00",+15.00,"1,785",3008
110/07/14,"219,691","662,591,405","2,970.00","3,035.00","2,970.00","3,020.00",+55.00,959,3008
110/07/15,"386,570","1,180,526,170","3,040.00","3,080.00","3,010.00","3,040.00",+20.00,"1,656",3008
110/07/16,"266,583","818,992,255","3,045.00","3,100.00","3,020.00","3,070.00",+30.00,"1,618",3008
110/07/19,"194,230","593,015,350","3,085.00","3,085.00","3,035.00","3,040.00",-30.00,"1,073",3008
110/07/20,"300,679","900,655,355","3,010.00","3,025.00","2,980.00","2,980.00",-60.00,"1,954",3008
110/07/21,"405,951","1,212,834,230","3,020.00","3,020.00","2,965.00","2,975.00",-5.00,"1,505",3008
110/07/22,"321,782","975,701,490","3,015.00","3,045.00","3,005.00","3,045.00",+70.00,"1,281",3008
110/07/23,"143,253","434,734,090","3,075.00","3,075.00","3,010.00","3,020.00",-25.00,854,3008
110/07/26,"231,223","693,158,650","3,020.00","3,035.00","2,985.00","2,990.00",-30.00,"1,059",3008
110/07/27,"271,506","809,811,135","3,020.00","3,020.00","2,970.00","2,970.00",-20.00,"1,689",3008
110/07/28,"464,924","1,375,792,350","2,975.00","3,005.00","2,920.00","2,985.00",+15.00,"2,737",3008
110/07/29,"285,308","850,272,825","2,985.00","3,010.00","2,955.00","2,970.00",-15.00,"1,476",3008
110/07/30,"442,066","1,301,365,378","2,970.00","2,980.00","2,930.00","2,930.00",-40.00,"3,184",3008
110/08/02,"413,251","1,205,303,180","2,940.00","2,950.00","2,895.00","2,920.00",-10.00,"3,045",3008
110/08/03,"413,176","1,199,534,415","2,925.00","2,935.00","2,890.00","2,895.00",-25.00,"5,775",3008
110/08/04,"724,452","2,083,686,410","2,910.00","2,910.00","2,850.00","2,855.00",-40.00,"7,004",3008
110/08/05,"409,987","1,181,529,010","2,860.00","2,910.00","2,855.00","2,880.00",+25.00,"1,971",3008
110/08/06,"591,209","1,689,248,905","2,895.00","2,900.00","2,840.00","2,840.00",-40.00,"5,053",3008
110/08/09,"407,299","1,156,198,610","2,840.00","2,865.00","2,820.00","2,820.00",-20.00,"3,796",3008
110/08/10,"541,243","1,490,759,600","2,770.00","2,790.00","2,735.00","2,740.00",X0.00,"7,655",3008
110/08/11,"404,081","1,101,637,200","2,730.00","2,750.00","2,705.00","2,710.00",-30.00,"6,129",3008
110/08/12,"468,168","1,259,918,700","2,740.00","2,740.00","2,665.00","2,670.00",-40.00,"7,146",3008
110/08/13,"476,039","1,275,299,350","2,675.00","2,720.00","2,650.00","2,695.00",+25.00,"3,272",3008
110/08/16,"263,943","706,915,390","2,720.00","2,720.00","2,665.00","2,675.00",-20.00,"2,189",3008
110/08/17,"359,317","967,168,725","2,705.00","2,715.00","2,670.00","2,695.00",+20.00,"1,833",3008
110/08/18,"457,143","1,252,809,290","2,690.00","2,790.00","2,670.00","2,785.00",+90.00,"2,143",3008
110/08/19,"461,035","1,277,832,655","2,795.00","2,815.00","2,735.00","2,740.00",-45.00,"2,386",3008
110/08/20,"323,246","889,884,231","2,775.00","2,785.00","2,725.00","2,745.00",+5.00,"1,186",3008
110/08/23,"323,778","901,429,915","2,775.00","2,810.00","2,750.00","2,770.00",+25.00,"1,343",3008
110/08/24,"238,385","657,737,905","2,785.00","2,795.00","2,730.00","2,745.00",-25.00,"1,737",3008
110/08/25,"189,569","519,600,090","2,760.00","2,765.00","2,730.00","2,730.00",-15.00,"1,352",3008
110/08/26,"503,117","1,367,197,330","2,760.00","2,780.00","2,675.00","2,675.00",-55.00,"3,902",3008
110/08/27,"472,037","1,247,254,490","2,675.00","2,675.00","2,625.00","2,630.00",-45.00,"5,058",3008
110/08/30,"602,819","1,574,864,110","2,645.00","2,660.00","2,585.00","2,605.00",-25.00,"7,358",3008
110/08/31,"377,541","1,000,410,950","2,615.00","2,680.00","2,605.00","2,680.00",+75.00,"1,973",3008
110/09/01,"301,535","815,330,555","2,680.00","2,725.00","2,650.00","2,710.00",+30.00,"1,811",3008
110/09/02,"308,233","834,114,175","2,695.00","2,760.00","2,665.00","2,665.00",-45.00,"2,296",3008
110/09/03,"290,822","783,288,005","2,660.00","2,725.00","2,650.00","2,725.00",+60.00,"1,793",3008
110/09/06,"347,424","950,475,700","2,750.00","2,765.00","2,700.00","2,705.00",-20.00,"2,290",3008
110/09/07,"223,345","599,199,615","2,695.00","2,715.00","2,665.00","2,665.00",-40.00,"2,542",3008
110/09/08,"510,398","1,334,503,990","2,680.00","2,680.00","2,590.00","2,590.00",-75.00,"6,963",3008
110/09/09,"265,788","688,972,515","2,595.00","2,605.00","2,580.00","2,595.00",+5.00,"3,454",3008
110/09/10,"393,593","1,012,342,380","2,615.00","2,625.00","2,550.00","2,555.00",-40.00,"6,620",3008
110/09/13,"222,991","570,020,400","2,555.00","2,580.00","2,525.00","2,580.00",+25.00,"2,734",3008
110/09/14,"618,298","1,557,652,094","2,585.00","2,590.00","2,530.00","2,530.00",-50.00,"3,769",3008
110/09/15,"585,690","1,490,064,790","2,535.00","2,590.00","2,520.00","2,520.00",-10.00,"2,293",3008
110/09/16,"716,324","1,780,241,144","2,525.00","2,545.00","2,445.00","2,460.00",-60.00,"8,410",3008
110/09/17,"697,664","1,695,738,215","2,460.00","2,460.00","2,410.00","2,425.00",-35.00,"4,661",3008
110/09/22,"1,069,038","2,493,011,105","2,335.00","2,355.00","2,310.00","2,310.00",-115.00,"7,288",3008
110/09/23,"625,560","1,475,566,425","2,330.00","2,385.00","2,330.00","2,370.00",+60.00,"2,498",3008
110/09/24,"664,140","1,545,365,390","2,375.00","2,390.00","2,295.00","2,300.00",-70.00,"6,018",3008
110/09/27,"1,167,610","2,636,340,485","2,300.00","2,315.00","2,225.00","2,265.00",-35.00,"6,394",3008
110/09/28,"951,166","2,119,719,775","2,265.00","2,285.00","2,205.00","2,215.00",-50.00,"4,783",3008
110/09/29,"1,261,206","2,720,796,120","2,190.00","2,195.00","2,110.00","2,170.00",-45.00,"6,257",3008
110/09/30,"1,015,022","2,206,724,025","2,170.00","2,205.00","2,145.00","2,190.00",+20.00,"2,884",3008
110/10/01,"601,764","1,303,684,590","2,175.00","2,205.00","2,135.00","2,135.00",-55.00,"3,853",3008
110/10/04,"538,523","1,161,911,775","2,155.00","2,180.00","2,120.00","2,135.00", 0.00,"2,440",3008
110/10/05,"844,926","1,751,332,445","2,120.00","2,125.00","2,050.00","2,070.00",-65.00,"4,563",3008
110/10/06,"905,987","1,892,130,190","2,095.00","2,120.00","2,060.00","2,090.00",+20.00,"2,755",3008
110/10/07,"474,725","1,002,552,605","2,105.00","2,130.00","2,090.00","2,130.00",+40.00,"1,955",3008
110/10/08,"1,851,849","3,781,497,650","2,085.00","2,125.00","1,990.00","2,005.00",-125.00,"10,130",3008
110/10/12,"1,616,079","3,274,555,555","1,995.00","2,060.00","1,960.00","2,050.00",+45.00,"4,398",3008
110/10/13,"488,014","1,002,901,610","2,055.00","2,080.00","2,030.00","2,050.00", 0.00,"1,860",3008
110/10/14,"965,376","1,931,508,565","2,065.00","2,065.00","1,970.00","1,970.00",-80.00,"5,353",3008
110/10/15,"983,076","1,966,135,840","1,965.00","2,020.00","1,965.00","2,010.00",+40.00,"2,499",3008
110/10/18,"678,836","1,356,392,060","2,010.00","2,035.00","1,980.00","1,990.00",-20.00,"3,502",3008
110/10/19,"523,536","1,062,042,885","2,005.00","2,050.00","1,995.00","2,050.00",+60.00,"2,039",3008
110/10/20,"585,453","1,202,689,460","2,045.00","2,065.00","2,040.00","2,065.00",+15.00,"1,655",3008
110/10/21,"721,242","1,490,973,555","2,065.00","2,090.00","2,035.00","2,045.00",-20.00,"2,265",3008
110/10/22,"511,038","1,038,414,780","2,025.00","2,050.00","2,020.00","2,025.00",-20.00,"1,663",3008
110/10/25,"795,276","1,610,646,595","2,010.00","2,055.00","2,000.00","2,015.00",-10.00,"1,738",3008
110/10/26,"2,463,097","5,359,057,900","2,170.00","2,215.00","2,115.00","2,160.00",+145.00,"6,180",3008
110/10/27,"1,271,903","2,687,699,325","2,160.00","2,170.00","2,075.00","2,080.00",-80.00,"5,765",3008
110/10/28,"655,084","1,363,557,725","2,085.00","2,100.00","2,060.00","2,070.00",-10.00,"2,530",3008
110/10/29,"498,808","1,031,424,095","2,080.00","2,080.00","2,055.00","2,070.00", 0.00,"1,757",3008
110/11/01,"506,979","1,065,676,025","2,090.00","2,115.00","2,080.00","2,110.00",+40.00,"1,654",3008
110/11/02,"699,781","1,456,560,040","2,125.00","2,125.00","2,050.00","2,050.00",-60.00,"3,154",3008
110/11/03,"396,194","821,227,125","2,060.00","2,100.00","2,055.00","2,070.00",+20.00,"1,363",3008
110/11/04,"407,732","842,220,975","2,080.00","2,080.00","2,055.00","2,055.00",-15.00,"1,863",3008
110/11/05,"1,105,359","2,232,570,490","2,055.00","2,065.00","2,005.00","2,005.00",-50.00,"4,567",3008
110/11/08,"702,315","1,438,082,635","2,005.00","2,070.00","2,000.00","2,050.00",+45.00,"1,760",3008
110/11/09,"358,029","735,902,020","2,055.00","2,065.00","2,045.00","2,060.00",+10.00,"1,404",3008
110/11/10,"669,198","1,385,579,010","2,060.00","2,085.00","2,055.00","2,070.00",+10.00,"1,609",3008
110/11/11,"359,662","745,774,625","2,070.00","2,080.00","2,065.00","2,080.00",+10.00,"1,272",3008
110/11/12,"644,432","1,359,277,945","2,085.00","2,125.00","2,080.00","2,110.00",+30.00,"2,207",3008
110/11/15,"491,877","1,040,844,525","2,120.00","2,140.00","2,100.00","2,105.00",-5.00,"2,175",3008
110/11/16,"487,519","1,027,861,695","2,105.00","2,120.00","2,100.00","2,100.00",-5.00,"1,507",3008
110/11/17,"490,457","1,025,232,225","2,110.00","2,110.00","2,070.00","2,095.00",-5.00,"2,167",3008
110/11/18,"705,962","1,460,959,005","2,085.00","2,100.00","2,055.00","2,060.00",-35.00,"2,556",3008
110/11/19,"798,810","1,684,428,830","2,080.00","2,140.00","2,070.00","2,100.00",+40.00,"2,163",3008
110/11/22,"182,954","385,158,655","2,115.00","2,115.00","2,095.00","2,100.00", 0.00,"1,055",3008
110/11/23,"1,166,561","2,379,382,325","2,065.00","2,070.00","2,025.00","2,035.00",-65.00,"5,143",3008
110/11/24,"422,642","868,045,755","2,045.00","2,065.00","2,040.00","2,060.00",+25.00,"1,431",3008
110/11/25,"232,364","478,005,140","2,060.00","2,065.00","2,050.00","2,050.00",-10.00,"1,016",3008
110/11/26,"314,505","639,710,360","2,040.00","2,050.00","2,025.00","2,025.00",-25.00,"2,118",3008
110/11/29,"594,912","1,191,132,450","2,025.00","2,035.00","1,990.00","1,995.00",-30.00,"3,018",3008
110/11/30,"736,215","1,469,725,720","2,025.00","2,025.00","1,990.00","1,990.00",-5.00,"3,007",3008
110/12/01,"468,812","937,605,075","2,000.00","2,010.00","1,990.00","2,000.00",+10.00,"2,467",3008
110/12/02,"608,734","1,231,894,795","2,005.00","2,050.00","2,000.00","2,015.00",+15.00,"1,691",3008
110/12/03,"378,313","757,461,735","2,005.00","2,015.00","1,995.00","1,995.00",-20.00,"1,557",3008
110/12/06,"596,947","1,211,658,945","2,030.00","2,045.00","2,010.00","2,030.00",+35.00,"1,589",3008
110/12/07,"735,742","1,505,238,430","2,040.00","2,065.00","2,025.00","2,065.00",+35.00,"1,755",3008
110/12/08,"482,126","1,000,917,075","2,085.00","2,090.00","2,060.00","2,060.00",-5.00,"1,804",3008
110/12/09,"475,914","976,338,485","2,070.00","2,080.00","2,030.00","2,030.00",-30.00,"1,813",3008
110/12/10,"406,793","832,316,615","2,030.00","2,065.00","2,025.00","2,055.00",+25.00,"1,162",3008
110/12/13,"1,080,566","2,169,620,055","2,065.00","2,070.00","1,985.00","1,990.00",-65.00,"5,125",3008
110/12/14,"490,923","993,004,500","1,995.00","2,045.00","1,995.00","2,045.00",+55.00,"1,553",3008
110/12/15,"400,427","813,867,985","2,035.00","2,050.00","2,020.00","2,035.00",-10.00,"1,203",3008
110/12/16,"911,771","1,878,230,048","2,050.00","2,085.00","2,030.00","2,035.00", 0.00,"2,317",3008
110/12/17,"2,967,710","6,455,199,270","2,065.00","2,235.00","2,060.00","2,235.00",+200.00,"8,870",3008
110/12/20,"2,728,213","6,102,803,390","2,235.00","2,280.00","2,195.00","2,270.00",+35.00,"6,609",3008
110/12/21,"3,438,110","8,256,719,155","2,295.00","2,495.00","2,275.00","2,410.00",+140.00,"11,052",3008
110/12/22,"2,627,073","6,520,521,155","2,430.00","2,535.00","2,420.00","2,475.00",+65.00,"10,189",3008
110/12/23,"1,403,918","3,465,239,285","2,515.00","2,535.00","2,435.00","2,460.00",-15.00,"5,785",3008
110/12/24,"852,268","2,094,090,295","2,470.00","2,500.00","2,435.00","2,445.00",-15.00,"3,380",3008
110/12/27,"987,059","2,432,740,960","2,455.00","2,500.00","2,430.00","2,450.00",+5.00,"3,233",3008
110/12/28,"989,754","2,398,927,055","2,475.00","2,475.00","2,400.00","2,405.00",-45.00,"4,995",3008
110/12/29,"638,830","1,537,724,220","2,405.00","2,420.00","2,380.00","2,405.00", 0.00,"2,573",3008
110/12/30,"1,302,547","3,204,885,505","2,405.00","2,490.00","2,405.00","2,465.00",+60.00,"3,422",3008
111/01/03,"2,020,232","5,106,805,895","2,500.00","2,590.00","2,480.00","2,500.00",+35.00,"6,051",3008
111/01/04,"2,765,858","7,249,895,760","2,535.00","2,700.00","2,530.00","2,695.00",+195.00,"10,959",3008
111/01/05,"1,718,533","4,541,362,755","2,700.00","2,710.00","2,605.00","2,610.00",-85.00,"6,953",3008
111/01/06,"1,294,226","3,374,826,515","2,600.00","2,645.00","2,570.00","2,585.00",-25.00,"5,178",3008
111/01/07,"1,598,618","4,034,916,505","2,615.00","2,625.00","2,480.00","2,485.00",-100.00,"8,144",3008
111/01/10,"1,184,509","2,930,965,260","2,485.00","2,510.00","2,445.00","2,475.00",-10.00,"4,325",3008
111/01/11,"868,769","2,150,906,230","2,490.00","2,505.00","2,440.00","2,470.00",-5.00,"3,265",3008
111/01/12,"1,507,826","3,613,304,105","2,465.00","2,480.00","2,360.00","2,375.00",X0.00,"8,578",3008
111/01/13,"1,117,310","2,677,018,295","2,405.00","2,435.00","2,360.00","2,375.00", 0.00,"3,677",3008
111/01/14,"1,699,622","3,663,844,980","2,210.00","2,220.00","2,140.00","2,140.00",-235.00,"14,215",3008
111/01/17,"2,050,143","4,281,818,055","2,110.00","2,135.00","2,070.00","2,080.00",-60.00,"10,493",3008
111/01/18,"1,117,704","2,364,377,800","2,090.00","2,150.00","2,075.00","2,105.00",+25.00,"4,174",3008
111/01/19,"651,756","1,370,700,360","2,100.00","2,125.00","2,090.00","2,100.00",-5.00,"2,635",3008
111/01/20,"563,132","1,175,957,435","2,105.00","2,110.00","2,075.00","2,080.00",-20.00,"2,617",3008
111/01/21,"777,784","1,615,320,655","2,060.00","2,100.00","2,060.00","2,080.00", 0.00,"5,049",3008
111/01/24,"614,616","1,272,999,705","2,080.00","2,090.00","2,055.00","2,075.00",-5.00,"3,123",3008
111/01/25,"627,256","1,282,911,660","2,060.00","2,060.00","2,030.00","2,060.00",-15.00,"4,049",3008
111/01/26,"654,175","1,337,359,090","2,060.00","2,075.00","2,025.00","2,030.00",-30.00,"3,865",3008
111/02/07,"698,309","1,412,684,530","2,030.00","2,065.00","2,000.00","2,030.00", 0.00,"3,437",3008
111/02/08,"492,106","1,021,356,905","2,030.00","2,095.00","2,030.00","2,075.00",+45.00,"2,206",3008
111/02/09,"330,348","686,514,005","2,100.00","2,100.00","2,055.00","2,085.00",+10.00,"1,822",3008
111/02/10,"234,850","487,851,760","2,085.00","2,090.00","2,060.00","2,080.00",-5.00,"1,975",3008
111/02/11,"706,138","1,496,680,470","2,080.00","2,145.00","2,075.00","2,110.00",+30.00,"2,206",3008
111/02/14,"378,322","784,317,715","2,085.00","2,100.00","2,060.00","2,080.00",-30.00,"2,321",3008
111/02/15,"286,042","599,254,335","2,080.00","2,115.00","2,080.00","2,090.00",+10.00,"1,354",3008
111/02/16,"474,475","1,008,135,260","2,135.00","2,140.00","2,110.00","2,120.00",+30.00,"1,957",3008
111/02/17,"356,233","759,642,340","2,135.00","2,140.00","2,120.00","2,135.00",+15.00,"1,565",3008
111/02/18,"425,610","912,546,450","2,120.00","2,160.00","2,105.00","2,160.00",+25.00,"1,971",3008
111/02/21,"369,067","788,649,000","2,135.00","2,155.00","2,125.00","2,135.00",-25.00,"1,471",3008
111/02/22,"507,580","1,057,936,905","2,110.00","2,120.00","2,065.00","2,085.00",-50.00,"4,194",3008
111/02/23,"185,602","389,180,255","2,100.00","2,110.00","2,085.00","2,095.00",+10.00,"1,057",3008
111/02/24,"510,132","1,047,031,890","2,075.00","2,085.00","2,035.00","2,035.00",-60.00,"5,291",3008
111/02/25,"693,613","1,405,101,820","2,030.00","2,055.00","2,010.00","2,020.00",-15.00,"4,548",3008
111/03/01,"484,463","987,662,050","2,020.00","2,055.00","2,020.00","2,050.00",+30.00,"1,920",3008
111/03/02,"447,521","912,683,565","2,045.00","2,050.00","2,025.00","2,045.00",-5.00,"1,621",3008
111/03/03,"343,156","701,260,145","2,050.00","2,060.00","2,030.00","2,040.00",-5.00,"1,797",3008
111/03/04,"294,196","597,664,300","2,030.00","2,050.00","2,020.00","2,025.00",-15.00,"2,129",3008
111/03/07,"897,026","1,776,918,885","2,010.00","2,010.00","1,965.00","1,980.00",-45.00,"10,652",3008
111/03/08,"552,473","1,094,082,135","1,970.00","2,010.00","1,965.00","1,985.00",+5.00,"4,421",3008
111/03/09,"523,657","1,035,638,460","1,990.00","2,015.00","1,960.00","1,980.00",-5.00,"4,167",3008
111/03/10,"305,179","612,473,870","1,995.00","2,025.00","1,995.00","2,005.00",+25.00,"1,552",3008
111/03/11,"253,840","504,782,380","2,005.00","2,005.00","1,980.00","1,985.00",-20.00,"2,052",3008
111/03/14,"373,790","747,691,855","2,000.00","2,020.00","1,980.00","2,015.00",+30.00,"1,797",3008
111/03/15,"401,006","789,403,790","1,975.00","1,980.00","1,960.00","1,965.00",X0.00,"4,123",3008
111/03/16,"521,976","1,025,286,260","1,980.00","1,995.00","1,950.00","1,950.00",-15.00,"4,237",3008
111/03/17,"591,959","1,169,952,538","1,970.00","1,995.00","1,965.00","1,970.00",+20.00,"2,268",3008
111/03/18,"666,912","1,344,063,295","1,985.00","2,030.00","1,985.00","2,025.00",+55.00,"1,878",3008
111/03/21,"301,137","605,040,465","2,045.00","2,045.00","1,995.00","2,000.00",-25.00,"1,521",3008
111/03/22,"316,202","629,511,915","2,000.00","2,005.00","1,985.00","1,985.00",-15.00,"1,790",3008
111/03/23,"387,522","773,533,125","1,995.00","2,010.00","1,980.00","2,000.00",+15.00,"1,391",3008
111/03/24,"387,626","768,047,785","2,000.00","2,000.00","1,970.00","1,975.00",-25.00,"2,998",3008
111/03/25,"396,782","783,004,495","1,990.00","1,990.00","1,965.00","1,965.00",-10.00,"2,401",3008
111/03/28,"1,163,625","2,225,203,225","1,950.00","1,955.00","1,895.00","1,900.00",-65.00,"11,693",3008
111/03/29,"668,853","1,255,090,495","1,915.00","1,915.00","1,865.00","1,865.00",-35.00,"10,338",3008
111/03/30,"732,476","1,381,382,035","1,875.00","1,910.00","1,865.00","1,905.00",+40.00,"4,205",3008
111/03/31,"579,830","1,105,715,180","1,920.00","1,950.00","1,885.00","1,885.00",-20.00,"3,235",3008
111/04/01,"655,130","1,223,039,475","1,870.00","1,900.00","1,850.00","1,860.00",-25.00,"5,341",3008
111/04/06,"968,115","1,738,963,575","1,840.00","1,840.00","1,775.00","1,775.00",-85.00,"11,207",3008
111/04/07,"1,289,238","2,201,511,770","1,745.00","1,760.00","1,685.00","1,685.00",-90.00,"14,343",3008
111/04/08,"725,928","1,215,732,565","1,710.00","1,715.00","1,645.00","1,660.00",-25.00,"6,362",3008
111/04/11,"997,029","1,618,032,000","1,655.00","1,665.00","1,595.00","1,610.00",-50.00,"7,099",3008
111/04/12,"730,142","1,194,279,795","1,610.00","1,655.00","1,605.00","1,640.00",+30.00,"3,424",3008
111/04/13,"505,360","822,834,155","1,650.00","1,650.00","1,610.00","1,630.00",-10.00,"3,275",3008
111/04/14,"457,246","752,230,890","1,630.00","1,665.00","1,620.00","1,645.00",+15.00,"2,263",3008
111/04/15,"567,891","919,782,750","1,625.00","1,635.00","1,605.00","1,625.00",-20.00,"3,855",3008
111/04/18,"257,486","419,739,065","1,620.00","1,645.00","1,605.00","1,630.00",+5.00,"1,812",3008
111/04/19,"428,851","708,129,180","1,630.00","1,675.00","1,630.00","1,640.00",+10.00,"2,244",3008
111/04/20,"701,307","1,172,542,270","1,660.00","1,685.00","1,655.00","1,675.00",+35.00,"2,196",3008
111/04/21,"874,859","1,500,352,795","1,690.00","1,755.00","1,690.00","1,700.00",+25.00,"3,195",3008
111/04/22,"598,394","1,018,454,520","1,700.00","1,725.00","1,690.00","1,695.00",-5.00,"2,113",3008
111/04/25,"695,131","1,165,057,380","1,675.00","1,705.00","1,635.00","1,685.00",-10.00,"2,987",3008
111/04/26,"646,796","1,084,025,355","1,715.00","1,715.00","1,655.00","1,655.00",-30.00,"5,449",3008
111/04/27,"359,523","585,719,855","1,605.00","1,655.00","1,605.00","1,635.00",-20.00,"2,575",3008
111/04/28,"602,640","1,016,031,675","1,665.00","1,710.00","1,645.00","1,690.00",+55.00,"1,923",3008
111/04/29,"746,193","1,275,978,410","1,720.00","1,755.00","1,675.00","1,690.00", 0.00,"2,186",3008
111/05/03,"287,951","481,556,650","1,700.00","1,705.00","1,660.00","1,665.00",-25.00,"2,122",3008
111/05/04,"231,866","385,586,095","1,680.00","1,680.00","1,655.00","1,660.00",-5.00,"1,149",3008
111/05/05,"618,488","1,025,397,495","1,685.00","1,685.00","1,645.00","1,645.00",-15.00,"1,953",3008
111/05/06,"855,809","1,366,851,950","1,600.00","1,615.00","1,585.00","1,600.00",-45.00,"6,102",3008
111/05/09,"353,147","555,175,780","1,580.00","1,585.00","1,565.00","1,565.00",-35.00,"3,348",3008
111/05/10,"863,623","1,368,479,900","1,540.00","1,630.00","1,525.00","1,620.00",+55.00,"2,798",3008
111/05/11,"484,988","784,423,230","1,625.00","1,640.00","1,600.00","1,615.00",-5.00,"1,305",3008
111/05/12,"552,621","889,925,290","1,610.00","1,635.00","1,595.00","1,600.00",-15.00,"1,644",3008
111/05/13,"399,298","646,509,971","1,615.00","1,630.00","1,605.00","1,615.00",+15.00,"1,105",3008
111/05/16,"320,639","515,264,625","1,640.00","1,645.00","1,585.00","1,590.00",-25.00,"1,969",3008
111/05/17,"398,031","621,428,985","1,600.00","1,625.00","1,590.00","1,615.00",+25.00,"1,024",3008
111/05/18,"393,965","636,627,055","1,620.00","1,625.00","1,600.00","1,620.00",+5.00,"1,081",3008
111/05/19,"372,355","588,922,000","1,590.00","1,595.00","1,560.00","1,585.00",-35.00,"2,279",3008
111/05/20,"435,109","699,511,630","1,615.00","1,620.00","1,595.00","1,600.00",+15.00,"1,095",3008
111/05/23,"172,280","276,129,960","1,600.00","1,615.00","1,595.00","1,600.00", 0.00,"1,076",3008
111/05/24,"310,872","494,934,325","1,605.00","1,610.00","1,580.00","1,585.00",-15.00,"1,709",3008
111/05/25,"410,278","664,524,620","1,615.00","1,630.00","1,600.00","1,625.00",+40.00,"1,418",3008
111/05/26,"289,399","470,429,870","1,640.00","1,645.00","1,615.00","1,620.00",-5.00,"1,259",3008
111/05/27,"738,084","1,219,608,905","1,630.00","1,675.00","1,625.00","1,655.00",+35.00,"2,040",3008
111/05/30,"475,233","794,592,020","1,675.00","1,680.00","1,660.00","1,680.00",+25.00,"1,713",3008
111/05/31,"886,741","1,483,987,261","1,665.00","1,685.00","1,660.00","1,670.00",-10.00,"1,730",3008
111/06/01,"368,251","613,329,285","1,665.00","1,680.00","1,655.00","1,655.00",-15.00,"1,669",3008
111/06/02,"499,735","829,079,640","1,655.00","1,675.00","1,645.00","1,670.00",+15.00,"1,343",3008
111/06/06,"2,195,867","3,911,030,880","1,735.00","1,820.00","1,720.00","1,810.00",+140.00,"7,373",3008
111/06/07,"997,576","1,771,280,275","1,800.00","1,800.00","1,760.00","1,770.00",-40.00,"3,185",3008
111/06/08,"677,532","1,215,429,065","1,795.00","1,805.00","1,775.00","1,785.00",+15.00,"3,237",3008
111/06/09,"989,694","1,809,789,540","1,785.00","1,860.00","1,770.00","1,835.00",+50.00,"4,025",3008
111/06/10,"574,053","1,035,826,470","1,800.00","1,820.00","1,790.00","1,810.00",-25.00,"2,689",3008
111/06/13,"538,048","947,838,340","1,770.00","1,775.00","1,750.00","1,755.00",-55.00,"2,431",3008
111/06/14,"526,543","912,866,205","1,750.00","1,765.00","1,715.00","1,730.00",-25.00,"2,333",3008
111/06/15,"500,404","858,403,650","1,730.00","1,740.00","1,700.00","1,705.00",-25.00,"1,910",3008
111/06/16,"506,920","865,593,010","1,735.00","1,745.00","1,680.00","1,680.00",-25.00,"2,047",3008
111/06/17,"569,909","944,138,935","1,645.00","1,675.00","1,635.00","1,675.00",-5.00,"2,227",3008
111/06/20,"384,350","630,928,180","1,675.00","1,675.00","1,620.00","1,620.00",-55.00,"3,427",3008
111/06/21,"280,555","460,483,655","1,645.00","1,660.00","1,620.00","1,660.00",+40.00,"1,021",3008
111/06/22,"378,016","612,552,770","1,650.00","1,655.00","1,600.00","1,600.00",-60.00,"2,096",3008
111/06/23,"460,216","741,780,500","1,620.00","1,630.00","1,590.00","1,615.00",+15.00,"1,483",3008
111/06/24,"626,474","1,044,471,130","1,630.00","1,705.00","1,625.00","1,660.00",+45.00,"1,722",3008
111/06/27,"525,612","894,516,165","1,695.00","1,715.00","1,680.00","1,705.00",+45.00,"1,590",3008
111/06/28,"198,781","338,471,395","1,700.00","1,715.00","1,690.00","1,710.00",+5.00,942,3008
111/06/29,"330,514","560,640,555","1,690.00","1,710.00","1,680.00","1,700.00",-10.00,946,3008
111/06/30,"732,851","1,252,034,130","1,685.00","1,735.00","1,670.00","1,725.00",+25.00,"2,389",3008
111/07/01,"884,787","1,521,645,045","1,725.00","1,750.00","1,685.00","1,690.00",-35.00,"2,440",3008
111/07/04,"667,593","1,152,662,160","1,700.00","1,745.00","1,690.00","1,735.00",+45.00,"1,807",3008
111/07/05,"772,542","1,344,093,310","1,755.00","1,760.00","1,715.00","1,755.00",+20.00,"2,204",3008
111/07/06,"890,768","1,540,119,015","1,755.00","1,760.00","1,700.00","1,710.00",-45.00,"2,553",3008
111/07/07,"1,684,115","3,063,714,980","1,740.00","1,880.00","1,720.00","1,880.00",+170.00,"7,086",3008
111/07/08,"1,693,511","3,196,204,745","1,905.00","1,930.00","1,845.00","1,870.00",-10.00,"5,822",3008
111/07/11,"896,231","1,673,089,445","1,885.00","1,895.00","1,835.00","1,880.00",+10.00,"5,408",3008
111/07/12,"1,067,973","1,954,214,485","1,830.00","1,850.00","1,810.00","1,835.00",-45.00,"2,551",3008
111/07/13,"953,332","1,793,284,475","1,890.00","1,920.00","1,860.00","1,860.00",+25.00,"3,112",3008
111/07/14,"1,370,644","2,610,364,585","1,835.00","1,945.00","1,830.00","1,905.00",+45.00,"7,153",3008
111/07/15,"2,195,518","4,330,385,800","1,940.00","2,010.00","1,905.00","1,990.00",+85.00,"8,414",3008
111/07/18,"1,086,580","2,171,077,235","2,015.00","2,030.00","1,970.00","1,990.00", 0.00,"3,080",3008
111/07/19,"410,543","813,136,735","1,970.00","1,995.00","1,970.00","1,980.00",-10.00,"1,470",3008
111/07/20,"1,240,369","2,432,285,120","2,010.00","2,025.00","1,920.00","1,920.00",-60.00,"12,009",3008
111/07/21,"734,480","1,422,155,500","1,925.00","1,965.00","1,905.00","1,960.00",+40.00,"2,272",3008
111/07/22,"545,914","1,061,453,730","1,960.00","1,975.00","1,925.00","1,925.00",-35.00,"2,776",3008
111/07/25,"323,810","622,513,135","1,925.00","1,935.00","1,915.00","1,920.00",-5.00,"1,850",3008
111/07/26,"339,971","653,932,385","1,930.00","1,940.00","1,905.00","1,915.00",-5.00,"1,422",3008
111/07/27,"525,632","1,011,797,910","1,915.00","1,960.00","1,895.00","1,950.00",+35.00,"2,623",3008
111/07/28,"995,028","1,979,629,675","1,985.00","2,005.00","1,970.00","1,985.00",+35.00,"2,761",3008
111/07/29,"1,542,959","3,172,737,010","2,020.00","2,090.00","2,005.00","2,090.00",+105.00,"7,595",3008
111/08/01,"901,470","1,876,016,030","2,080.00","2,110.00","2,055.00","2,075.00",-15.00,"2,590",3008
111/08/02,"978,810","1,996,261,855","2,045.00","2,065.00","2,020.00","2,030.00",-45.00,"2,920",3008
111/08/03,"853,461","1,752,893,015","2,035.00","2,080.00","2,020.00","2,065.00",+35.00,"2,232",3008
111/08/04,"705,178","1,443,916,395","2,060.00","2,075.00","2,010.00","2,040.00",-25.00,"2,108",3008
111/08/05,"742,893","1,559,295,695","2,065.00","2,120.00","2,065.00","2,100.00",+60.00,"3,385",3008
111/08/08,"421,974","880,563,360","2,095.00","2,110.00","2,070.00","2,080.00",-20.00,"1,786",3008
111/08/09,"511,305","1,072,280,925","2,080.00","2,120.00","2,060.00","2,115.00",+35.00,"2,067",3008
111/08/10,"421,996","885,930,545","2,090.00","2,115.00","2,085.00","2,090.00",-25.00,"2,267",3008
111/08/11,"709,887","1,489,793,085","2,135.00","2,140.00","2,075.00","2,080.00",-10.00,"2,669",3008
111/08/12,"488,678","1,017,321,705","2,095.00","2,105.00","2,060.00","2,070.00",-10.00,"1,997",3008
111/08/15,"365,087","756,085,325","2,090.00","2,090.00","2,060.00","2,070.00", 0.00,"2,398",3008
111/08/16,"589,149","1,236,562,130","2,080.00","2,120.00","2,070.00","2,105.00",+35.00,"2,294",3008
111/08/17,"710,384","1,484,886,525","2,100.00","2,120.00","2,070.00","2,075.00",-30.00,"2,570",3008
111/08/18,"598,304","1,219,959,460","2,045.00","2,055.00","2,025.00","2,035.00",X0.00,"2,255",3008
111/08/19,"470,914","966,636,760","2,040.00","2,070.00","2,030.00","2,060.00",+25.00,"1,258",3008
111/08/22,"1,062,015","2,098,427,035","2,040.00","2,045.00","1,930.00","1,930.00",-130.00,"8,148",3008
111/08/23,"620,498","1,179,595,735","1,905.00","1,920.00","1,885.00","1,910.00",-20.00,"4,037",3008
111/08/24,"578,930","1,109,024,635","1,925.00","1,950.00","1,890.00","1,900.00",-10.00,"3,118",3008
111/08/25,"282,947","548,993,555","1,930.00","1,955.00","1,925.00","1,945.00",+45.00,"1,340",3008
111/08/26,"818,572","1,625,601,150","1,960.00","2,010.00","1,955.00","1,985.00",+40.00,"2,529",3008
111/08/29,"904,753","1,709,057,500","1,885.00","1,915.00","1,865.00","1,895.00",-90.00,"5,445",3008
111/08/30,"724,208","1,400,108,955","1,900.00","1,950.00","1,900.00","1,945.00",+50.00,"2,026",3008
111/08/31,"769,165","1,503,062,730","1,955.00","1,970.00","1,935.00","1,955.00",+10.00,"1,621",3008
111/09/01,"499,214","965,655,870","1,945.00","1,955.00","1,910.00","1,935.00",-20.00,"2,471",3008
111/09/02,"536,839","1,049,446,845","1,940.00","1,970.00","1,935.00","1,950.00",+15.00,"1,484",3008
111/09/05,"470,242","909,466,855","1,970.00","1,975.00","1,915.00","1,925.00",-25.00,"2,464",3008
111/09/06,"598,335","1,163,434,965","1,960.00","1,965.00","1,925.00","1,930.00",+5.00,"1,546",3008
111/09/07,"903,671","1,785,348,995","1,920.00","2,010.00","1,910.00","2,005.00",+75.00,"3,395",3008
111/09/08,"773,544","1,539,472,485","2,035.00","2,040.00","1,960.00","1,970.00",-35.00,"5,083",3008
111/09/12,"555,637","1,115,464,725","1,995.00","2,030.00","1,990.00","2,000.00",+30.00,"1,911",3008
111/09/13,"402,437","801,316,830","2,000.00","2,005.00","1,980.00","1,980.00",-20.00,"1,773",3008
111/09/14,"849,491","1,634,026,840","1,885.00","1,945.00","1,885.00","1,940.00",-40.00,"4,347",3008
111/09/15,"351,175","683,525,030","1,960.00","1,965.00","1,935.00","1,935.00",-5.00,"1,451",3008
111/09/16,"1,032,115","1,963,834,500","1,925.00","1,925.00","1,885.00","1,895.00",-40.00,"4,749",3008
111/09/19,"520,100","980,747,455","1,905.00","1,905.00","1,875.00","1,880.00",-15.00,"2,568",3008
111/09/20,"457,692","873,561,110","1,910.00","1,925.00","1,890.00","1,915.00",+35.00,"1,131",3008
111/09/21,"460,484","873,452,255","1,915.00","1,920.00","1,880.00","1,890.00",-25.00,"1,781",3008
111/09/22,"348,693","658,222,500","1,885.00","1,910.00","1,865.00","1,900.00",+10.00,"1,373",3008
111/09/23,"327,405","620,485,110","1,900.00","1,905.00","1,885.00","1,885.00",-15.00,"1,107",3008
111/09/26,"505,323","936,257,990","1,885.00","1,885.00","1,830.00","1,845.00",-40.00,"3,701",3008
111/09/27,"643,361","1,191,790,995","1,860.00","1,885.00","1,810.00","1,880.00",+35.00,"1,873",3008
111/09/28,"1,362,303","2,394,056,510","1,870.00","1,885.00","1,710.00","1,710.00",-170.00,"7,937",3008
111/09/29,"714,290","1,232,283,280","1,745.00","1,755.00","1,695.00","1,710.00", 0.00,"2,959",3008
111/09/30,"1,182,152","1,948,446,565","1,660.00","1,680.00","1,620.00","1,675.00",-35.00,"4,347",3008
111/10/03,"575,409","946,995,335","1,645.00","1,680.00","1,630.00","1,635.00",-40.00,"3,044",3008
111/10/04,"689,844","1,165,309,455","1,675.00","1,715.00","1,655.00","1,710.00",+75.00,"1,936",3008
111/10/05,"618,279","1,080,328,385","1,750.00","1,770.00","1,730.00","1,745.00",+35.00,"2,005",3008
111/10/06,"994,112","1,807,079,060","1,790.00","1,850.00","1,780.00","1,835.00",+90.00,"3,461",3008
111/10/07,"589,688","1,079,067,515","1,820.00","1,850.00","1,805.00","1,845.00",+10.00,"1,644",3008
111/10/11,"1,125,501","1,928,070,230","1,755.00","1,765.00","1,685.00","1,695.00",-150.00,"5,896",3008
111/10/12,"850,856","1,481,882,075","1,715.00","1,765.00","1,700.00","1,750.00",+55.00,"1,849",3008
111/10/13,"918,592","1,593,030,035","1,750.00","1,755.00","1,715.00","1,745.00",-5.00,"2,119",3008
111/10/14,"1,957,450","3,582,445,885","1,815.00","1,880.00","1,800.00","1,800.00",+55.00,"4,346",3008
111/10/17,"1,000,203","1,756,274,435","1,755.00","1,800.00","1,720.00","1,800.00", 0.00,"2,547",3008
111/10/18,"683,318","1,218,012,210","1,820.00","1,830.00","1,755.00","1,765.00",-35.00,"2,134",3008
111/10/19,"597,171","1,060,815,295","1,755.00","1,795.00","1,755.00","1,780.00",+15.00,"1,267",3008
111/10/20,"830,811","1,487,175,595","1,770.00","1,810.00","1,750.00","1,805.00",+25.00,"1,923",3008
111/10/21,"733,010","1,289,270,435","1,810.00","1,810.00","1,720.00","1,725.00",-80.00,"3,208",3008
111/10/24,"551,457","963,521,370","1,765.00","1,775.00","1,725.00","1,730.00",+5.00,"1,276",3008
111/10/25,"595,162","1,041,839,700","1,735.00","1,770.00","1,725.00","1,755.00",+25.00,"1,390",3008
111/10/26,"812,574","1,455,905,835","1,765.00","1,810.00","1,760.00","1,810.00",+55.00,"2,045",3008
111/10/27,"534,023","967,560,085","1,810.00","1,825.00","1,795.00","1,820.00",+10.00,"1,651",3008
111/10/28,"277,356","499,067,045","1,820.00","1,820.00","1,785.00","1,810.00",-10.00,910,3008
111/10/31,"639,707","1,177,022,665","1,815.00","1,850.00","1,805.00","1,850.00",+40.00,"1,707",3008
111/11/01,"374,459","693,518,875","1,845.00","1,865.00","1,825.00","1,845.00",-5.00,"1,232",3008
111/11/02,"409,658","763,323,505","1,855.00","1,880.00","1,830.00","1,880.00",+35.00,"1,535",3008
111/11/03,"474,704","893,504,640","1,860.00","1,900.00","1,850.00","1,895.00",+15.00,"1,505",3008
111/11/04,"461,124","873,827,995","1,875.00","1,910.00","1,870.00","1,905.00",+10.00,"1,308",3008
111/11/07,"881,637","1,715,224,865","1,930.00","1,970.00","1,920.00","1,925.00",+20.00,"3,089",3008
111/11/08,"511,725","991,693,660","1,950.00","1,950.00","1,925.00","1,930.00",+5.00,"1,701",3008
111/11/09,"554,119","1,088,268,105","1,960.00","1,985.00","1,950.00","1,955.00",+25.00,"2,234",3008
111/11/10,"417,841","820,133,805","1,965.00","1,980.00","1,945.00","1,965.00",+10.00,"1,508",3008
111/11/11,"1,228,571","2,481,457,115","2,020.00","2,035.00","2,000.00","2,030.00",+65.00,"4,869",3008
111/11/14,"758,149","1,549,109,325","2,035.00","2,060.00","2,020.00","2,050.00",+20.00,"3,286",3008
111/11/15,"1,314,911","2,766,131,120","2,065.00","2,130.00","2,055.00","2,125.00",+75.00,"6,293",3008
111/11/16,"1,194,794","2,511,625,045","2,120.00","2,130.00","2,055.00","2,130.00",+5.00,"4,963",3008
111/11/17,"2,790,453","6,337,247,160","2,130.00","2,330.00","2,120.00","2,315.00",+185.00,"11,500",3008
111/11/18,"951,164","2,183,550,735","2,320.00","2,330.00","2,270.00","2,280.00",-35.00,"3,794",3008
111/11/21,"711,009","1,612,058,170","2,280.00","2,300.00","2,245.00","2,270.00",-10.00,"2,689",3008
111/11/22,"781,897","1,788,512,120","2,265.00","2,325.00","2,245.00","2,275.00",+5.00,"2,847",3008
111/11/23,"1,091,331","2,527,561,830","2,300.00","2,350.00","2,280.00","2,280.00",+5.00,"5,776",3008
111/11/24,"582,846","1,345,744,515","2,300.00","2,330.00","2,285.00","2,325.00",+45.00,"3,064",3008
111/11/25,"600,357","1,370,031,065","2,330.00","2,335.00","2,255.00","2,260.00",-65.00,"4,849",3008
111/11/28,"411,937","930,014,910","2,220.00","2,285.00","2,215.00","2,275.00",+15.00,"1,655",3008
111/11/29,"307,810","698,337,760","2,260.00","2,285.00","2,255.00","2,270.00",-5.00,"1,151",3008
111/11/30,"1,803,091","4,147,647,296","2,295.00","2,345.00","2,275.00","2,295.00",+25.00,"4,777",3008
111/12/01,"702,758","1,624,076,575","2,315.00","2,340.00","2,285.00","2,290.00",-5.00,"1,931",3008
111/12/02,"388,724","886,213,830","2,275.00","2,295.00","2,260.00","2,290.00", 0.00,"1,753",3008
111/12/05,"425,914","978,986,985","2,310.00","2,315.00","2,280.00","2,290.00", 0.00,"1,271",3008
111/12/06,"1,201,257","2,762,366,055","2,290.00","2,335.00","2,260.00","2,290.00", 0.00,"3,155",3008
111/12/07,"809,641","1,847,140,175","2,290.00","2,320.00","2,250.00","2,260.00",-30.00,"2,568",3008
111/12/08,"473,719","1,066,589,210","2,280.00","2,280.00","2,235.00","2,245.00",-15.00,"1,877",3008
111/12/09,"845,906","1,865,619,795","2,270.00","2,275.00","2,175.00","2,190.00",-55.00,"4,758",3008
111/12/12,"341,511","746,815,280","2,160.00","2,205.00","2,160.00","2,200.00",+10.00,"1,358",3008
111/12/13,"403,982","887,701,630","2,215.00","2,220.00","2,170.00","2,190.00",-10.00,"1,334",3008
111/12/14,"448,201","1,004,219,480","2,215.00","2,260.00","2,200.00","2,260.00",+70.00,"1,867",3008
111/12/15,"277,332","627,545,280","2,250.00","2,275.00","2,245.00","2,270.00",+10.00,"1,036",3008
111/12/16,"651,512","1,445,210,195","2,225.00","2,240.00","2,195.00","2,225.00",-45.00,"2,301",3008
111/12/19,"573,713","1,285,387,985","2,225.00","2,280.00","2,205.00","2,250.00",+25.00,"1,548",3008
111/12/20,"545,557","1,213,706,925","2,245.00","2,270.00","2,190.00","2,210.00",-40.00,"2,069",3008
111/12/21,"537,029","1,176,020,300","2,215.00","2,220.00","2,170.00","2,185.00",-25.00,"2,166",3008
111/12/22,"686,664","1,484,495,995","2,200.00","2,210.00","2,140.00","2,140.00",-45.00,"3,478",3008
111/12/23,"323,706","690,788,735","2,130.00","2,150.00","2,115.00","2,140.00", 0.00,"1,393",3008
111/12/26,"154,536","328,399,050","2,160.00","2,160.00","2,110.00","2,120.00",-20.00,"1,423",3008
111/12/27,"200,147","430,939,055","2,130.00","2,165.00","2,130.00","2,165.00",+45.00,861,3008
111/12/28,"291,539","617,650,645","2,145.00","2,150.00","2,105.00","2,110.00",-55.00,"1,839",3008
111/12/29,"528,630","1,087,156,300","2,075.00","2,075.00","2,040.00","2,050.00",-60.00,"2,702",3008
111/12/30,"323,957","665,356,125","2,065.00","2,085.00","2,040.00","2,040.00",-10.00,"1,576",3008
112/01/03,"397,486","816,093,472","2,040.00","2,075.00","2,020.00","2,075.00",+35.00,"1,229",3008
112/01/04,"340,455","714,061,165","2,055.00","2,115.00","2,055.00","2,100.00",+25.00,"1,227",3008
112/01/05,"361,446","762,101,285","2,115.00","2,130.00","2,090.00","2,100.00", 0.00,"1,180",3008
112/01/06,"697,311","1,500,389,379","2,075.00","2,195.00","2,075.00","2,180.00",+80.00,"2,712",3008
112/01/09,"862,337","1,908,243,615","2,200.00","2,245.00","2,165.00","2,225.00",+45.00,"2,906",3008
112/01/10,"558,667","1,225,766,320","2,200.00","2,230.00","2,175.00","2,180.00",-45.00,"1,892",3008
112/01/11,"412,054","899,753,590","2,185.00","2,200.00","2,160.00","2,190.00",+10.00,"1,295",3008
112/01/12,"434,975","942,122,190","2,175.00","2,190.00","2,150.00","2,160.00",-30.00,"1,863",3008
112/01/13,"2,397,867","4,812,907,940","2,100.00","2,110.00","1,955.00","2,005.00",-155.00,"10,442",3008
112/01/16,"975,507","1,994,068,585","2,015.00","2,075.00","2,005.00","2,050.00",+45.00,"2,781",3008
112/01/17,"516,526","1,071,690,905","2,050.00","2,090.00","2,050.00","2,075.00",+25.00,"1,817",3008
112/01/30,"781,574","1,688,876,590","2,130.00","2,180.00","2,130.00","2,165.00",+90.00,"3,134",3008
112/01/31,"668,917","1,439,119,441","2,135.00","2,190.00","2,125.00","2,125.00",-40.00,"2,463",3008
112/02/01,"876,570","1,921,809,535","2,135.00","2,225.00","2,135.00","2,215.00",+90.00,"3,442",3008
112/02/02,"479,092","1,063,381,625","2,225.00","2,240.00","2,190.00","2,220.00",+5.00,"1,779",3008
112/02/03,"513,806","1,149,293,895","2,195.00","2,260.00","2,195.00","2,245.00",+25.00,"2,404",3008
112/02/06,"462,224","1,024,977,125","2,220.00","2,235.00","2,200.00","2,215.00",-30.00,"1,825",3008
112/02/07,"597,845","1,331,348,645","2,210.00","2,260.00","2,205.00","2,215.00", 0.00,"1,896",3008
112/02/08,"313,615","700,307,095","2,230.00","2,250.00","2,215.00","2,235.00",+20.00,"1,065",3008
112/02/09,"204,436","453,222,500","2,240.00","2,240.00","2,210.00","2,210.00",-25.00,"1,035",3008
112/02/10,"871,160","1,967,124,840","2,230.00","2,290.00","2,225.00","2,255.00",+45.00,"3,416",3008
112/02/13,"321,358","716,249,830","2,255.00","2,255.00","2,210.00","2,210.00",-45.00,"1,363",3008
112/02/14,"271,868","606,695,040","2,225.00","2,245.00","2,220.00","2,225.00",+15.00,951,3008
112/02/15,"301,250","671,910,460","2,220.00","2,250.00","2,200.00","2,240.00",+15.00,"1,525",3008
112/02/16,"309,998","689,399,580","2,250.00","2,255.00","2,210.00","2,215.00",-25.00,"1,285",3008
112/02/17,"451,773","987,225,788","2,215.00","2,220.00","2,165.00","2,165.00",-50.00,"3,598",3008
112/02/20,"242,940","530,592,525","2,165.00","2,200.00","2,165.00","2,190.00",+25.00,983,3008
112/02/21,"512,586","1,153,767,410","2,210.00","2,270.00","2,210.00","2,260.00",+70.00,"2,522",3008
112/02/22,"343,588","764,250,005","2,235.00","2,245.00","2,210.00","2,210.00",-50.00,"2,065",3008
112/02/23,"304,536","680,473,680","2,215.00","2,250.00","2,215.00","2,225.00",+15.00,"1,315",3008
112/02/24,"427,766","948,818,215","2,245.00","2,255.00","2,205.00","2,205.00",-20.00,"1,728",3008
112/03/01,"583,255","1,263,208,445","2,155.00","2,185.00","2,155.00","2,165.00",-40.00,"3,224",3008
112/03/02,"513,752","1,117,185,800","2,165.00","2,215.00","2,135.00","2,210.00",+45.00,"2,465",3008
112/03/03,"603,228","1,352,335,580","2,220.00","2,260.00","2,220.00","2,230.00",+20.00,"2,227",3008
112/03/06,"2,002,221","4,837,086,195","2,285.00","2,450.00","2,285.00","2,450.00",+220.00,"10,601",3008
112/03/07,"1,371,624","3,346,413,510","2,445.00","2,465.00","2,400.00","2,440.00",-10.00,"4,173",3008
112/03/08,"1,238,951","3,050,472,315","2,425.00","2,495.00","2,415.00","2,455.00",+15.00,"3,287",3008
112/03/09,"971,711","2,393,302,593","2,495.00","2,500.00","2,425.00","2,440.00",-15.00,"3,600",3008
112/03/10,"785,083","1,867,904,720","2,415.00","2,425.00","2,355.00","2,365.00",-75.00,"4,409",3008
112/03/13,"515,667","1,224,174,210","2,365.00","2,405.00","2,335.00","2,405.00",+40.00,"2,356",3008
112/03/14,"786,854","1,849,458,000","2,370.00","2,390.00","2,330.00","2,330.00",-75.00,"3,276",3008
112/03/15,"719,146","1,677,957,210","2,350.00","2,375.00","2,310.00","2,315.00",-15.00,"3,181",3008
112/03/16,"540,693","1,223,133,815","2,280.00","2,285.00","2,240.00","2,255.00",X0.00,"2,680",3008
112/03/17,"583,413","1,319,181,905","2,275.00","2,310.00","2,245.00","2,250.00",-5.00,"1,892",3008
112/03/20,"366,985","820,908,810","2,250.00","2,260.00","2,225.00","2,230.00",-20.00,"1,609",3008
112/03/21,"624,369","1,426,494,025","2,255.00","2,310.00","2,245.00","2,280.00",+50.00,"2,065",3008
112/03/22,"567,731","1,310,006,950","2,310.00","2,330.00","2,275.00","2,300.00",+20.00,"1,622",3008
112/03/23,"674,695","1,554,672,615","2,315.00","2,335.00","2,270.00","2,305.00",+5.00,"1,773",3008
112/03/24,"638,636","1,470,655,420","2,315.00","2,325.00","2,285.00","2,300.00",-5.00,"1,831",3008
112/03/27,"441,186","1,006,246,285","2,315.00","2,315.00","2,260.00","2,260.00",-40.00,"2,666",3008
112/03/28,"688,611","1,526,166,210","2,265.00","2,270.00","2,200.00","2,200.00",-60.00,"5,126",3008
112/03/29,"356,714","783,205,490","2,210.00","2,225.00","2,185.00","2,190.00",-10.00,"2,641",3008
112/03/30,"542,236","1,188,467,290","2,210.00","2,210.00","2,170.00","2,200.00",+10.00,"2,721",3008
112/03/31,"502,457","1,098,177,175","2,195.00","2,220.00","2,170.00","2,175.00",-25.00,"2,815",3008
112/04/06,"458,340","991,848,315","2,180.00","2,195.00","2,150.00","2,150.00",-25.00,"2,566",3008
112/04/07,"336,782","721,137,355","2,150.00","2,155.00","2,135.00","2,135.00",-15.00,"3,516",3008
112/04/10,"272,040","585,785,145","2,150.00","2,165.00","2,140.00","2,145.00",+10.00,"1,214",3008
112/04/11,"425,651","921,977,880","2,165.00","2,185.00","2,155.00","2,160.00",+15.00,"2,111",3008
112/04/12,"318,952","690,281,005","2,175.00","2,175.00","2,145.00","2,170.00",+10.00,"1,840",3008
112/04/13,"572,401","1,236,530,935","2,160.00","2,190.00","2,150.00","2,155.00",-15.00,"2,154",3008
112/04/14,"1,843,533","3,812,985,640","2,120.00","2,130.00","2,045.00","2,060.00",-95.00,"13,163",3008
112/04/17,"1,028,844","2,183,383,655","2,055.00","2,150.00","2,050.00","2,125.00",+65.00,"3,456",3008
112/04/18,"851,356","1,789,830,595","2,125.00","2,150.00","2,080.00","2,085.00",-40.00,"3,728",3008
112/04/19,"879,680","1,804,250,905","2,095.00","2,095.00","2,030.00","2,030.00",-55.00,"6,487",3008
112/04/20,"864,148","1,749,905,740","2,040.00","2,050.00","2,010.00","2,015.00",-15.00,"3,617",3008
112/04/21,"573,882","1,175,840,680","2,035.00","2,070.00","2,035.00","2,040.00",+25.00,"1,827",3008
112/04/24,"418,182","851,543,690","2,025.00","2,050.00","2,005.00","2,045.00",+5.00,"1,416",3008
112/04/25,"698,904","1,418,906,245","2,050.00","2,070.00","2,010.00","2,010.00",-35.00,"2,583",3008
112/04/26,"752,092","1,535,337,620","2,015.00","2,065.00","2,015.00","2,055.00",+45.00,"1,935",3008
112/04/27,"522,241","1,059,345,365","2,050.00","2,050.00","2,015.00","2,025.00",-30.00,"2,604",3008
112/04/28,"355,144","717,617,660","2,040.00","2,040.00","2,010.00","2,010.00",-15.00,"2,320",3008
112/05/02,"558,137","1,118,577,675","2,015.00","2,025.00","1,990.00","1,990.00",-20.00,"4,095",3008
112/05/03,"702,227","1,391,709,680","1,985.00","2,000.00","1,965.00","2,000.00",+10.00,"4,050",3008
112/05/04,"329,136","655,325,990","2,000.00","2,000.00","1,980.00","1,990.00",-10.00,"1,471",3008
112/05/05,"495,645","986,094,640","2,010.00","2,010.00","1,975.00","1,975.00",-15.00,"3,354",3008
112/05/08,"542,150","1,088,173,920","2,005.00","2,045.00","1,985.00","2,000.00",+25.00,"1,625",3008
112/05/09,"408,064","821,582,910","2,010.00","2,025.00","1,995.00","2,015.00",+15.00,"1,280",3008
112/05/10,"508,743","1,027,051,915","2,005.00","2,035.00","2,000.00","2,025.00",+10.00,"1,367",3008
112/05/11,"909,031","1,887,678,675","2,035.00","2,095.00","2,035.00","2,075.00",+50.00,"3,257",3008
112/05/12,"491,381","1,024,731,945","2,085.00","2,095.00","2,065.00","2,095.00",+20.00,"1,590",3008
112/05/15,"501,117","1,055,273,130","2,095.00","2,120.00","2,090.00","2,110.00",+15.00,"2,261",3008
112/05/16,"1,658,136","3,664,247,580","2,210.00","2,245.00","2,180.00","2,190.00",+80.00,"6,298",3008
112/05/17,"732,881","1,608,709,236","2,225.00","2,225.00","2,175.00","2,175.00",-15.00,"2,643",3008
112/05/18,"568,229","1,253,260,865","2,200.00","2,220.00","2,195.00","2,210.00",+35.00,"2,378",3008
112/05/19,"938,598","2,111,688,195","2,220.00","2,280.00","2,210.00","2,260.00",+50.00,"5,937",3008
112/05/22,"404,863","907,806,610","2,260.00","2,280.00","2,225.00","2,225.00",-35.00,"1,837",3008
112/05/23,"308,701","688,255,295","2,240.00","2,245.00","2,215.00","2,225.00", 0.00,"1,288",3008
112/05/24,"285,906","637,839,010","2,225.00","2,245.00","2,210.00","2,235.00",+10.00,"1,166",3008
112/05/25,"310,203","697,442,170","2,250.00","2,260.00","2,240.00","2,245.00",+10.00,"1,457",3008
112/05/26,"513,514","1,140,615,820","2,255.00","2,270.00","2,200.00","2,220.00",-25.00,"4,451",3008
112/05/29,"919,741","2,115,249,445","2,235.00","2,330.00","2,230.00","2,305.00",+85.00,"4,558",3008
112/05/30,"522,251","1,186,130,920","2,310.00","2,310.00","2,255.00","2,255.00",-50.00,"2,459",3008
112/05/31,"546,757","1,246,582,325","2,290.00","2,315.00","2,265.00","2,265.00",+10.00,"1,406",3008
112/06/01,"233,275","525,754,200","2,260.00","2,270.00","2,240.00","2,245.00",-20.00,"1,227",3008
112/06/02,"358,510","813,811,170","2,270.00","2,290.00","2,255.00","2,265.00",+20.00,"1,439",3008
112/06/05,"612,571","1,410,931,410","2,285.00","2,315.00","2,285.00","2,290.00",+25.00,"2,561",3008
112/06/06,"608,852","1,368,164,810","2,290.00","2,290.00","2,220.00","2,255.00",-35.00,"2,912",3008
112/06/07,"449,831","1,006,125,155","2,255.00","2,260.00","2,220.00","2,245.00",-10.00,"2,243",3008
112/06/08,"475,905","1,056,762,685","2,250.00","2,250.00","2,195.00","2,200.00",-45.00,"3,248",3008
112/06/09,"278,612","615,654,485","2,210.00","2,225.00","2,190.00","2,220.00",+20.00,"1,621",3008
112/06/12,"270,290","602,415,705","2,225.00","2,240.00","2,200.00","2,225.00",+5.00,"1,065",3008
112/06/13,"399,322","889,392,755","2,235.00","2,245.00","2,215.00","2,230.00",+5.00,"1,405",3008
112/06/14,"707,559","1,607,933,095","2,230.00","2,315.00","2,225.00","2,255.00",+25.00,"2,685",3008
112/06/15,"279,002","627,786,935","2,255.00","2,270.00","2,235.00","2,245.00",-10.00,"1,784",3008
112/06/16,"662,255","1,460,762,395","2,245.00","2,250.00","2,190.00","2,195.00",-50.00,"4,214",3008
112/06/19,"652,821","1,408,806,650","2,200.00","2,200.00","2,145.00","2,150.00",-45.00,"5,061",3008
112/06/20,"484,237","1,044,224,300","2,155.00","2,180.00","2,135.00","2,160.00",+10.00,"1,778",3008
112/06/21,"609,523","1,311,418,225","2,190.00","2,195.00","2,130.00","2,130.00",-30.00,"2,858",3008
112/06/26,"370,394","791,377,495","2,135.00","2,160.00","2,125.00","2,130.00", 0.00,"1,642",3008
112/06/27,"366,102","788,996,205","2,160.00","2,180.00","2,135.00","2,135.00",+5.00,"1,557",3008
112/06/28,"239,282","514,435,175","2,160.00","2,170.00","2,135.00","2,135.00", 0.00,873,3008
112/06/29,"305,464","653,964,410","2,160.00","2,170.00","2,125.00","2,130.00",-5.00,"1,613",3008
112/06/30,"520,032","1,106,321,744","2,125.00","2,150.00","2,110.00","2,130.00", 0.00,"2,861",3008
112/07/03,"322,399","690,188,990","2,160.00","2,160.00","2,130.00","2,135.00",+5.00,"1,471",3008
112/07/04,"1,516,222","3,338,869,617","2,145.00","2,240.00","2,145.00","2,240.00",+105.00,"4,269",3008
112/07/05,"1,413,788","3,155,107,248","2,270.00","2,270.00","2,190.00","2,250.00",+10.00,"3,585",3008
112/07/06,"4,049,250","9,499,170,719","2,250.00","2,445.00","2,240.00","2,315.00",+65.00,"10,964",3008
112/07/07,"1,472,018","3,445,595,280","2,360.00","2,385.00","2,295.00","2,340.00",+25.00,"4,981",3008
112/07/10,"1,342,781","3,186,350,090","2,370.00","2,410.00","2,345.00","2,345.00",+5.00,"3,902",3008
112/07/11,"774,664","1,833,613,290","2,370.00","2,385.00","2,340.00","2,375.00",+30.00,"2,502",3008
112/07/12,"527,672","1,248,465,405","2,385.00","2,400.00","2,350.00","2,360.00",-15.00,"1,899",3008
112/07/13,"1,284,275","3,094,906,705","2,395.00","2,445.00","2,370.00","2,405.00",+45.00,"5,098",3008
112/07/14,"2,342,813","5,371,803,520","2,360.00","2,365.00","2,235.00","2,310.00",-95.00,"8,923",3008
112/07/17,"805,483","1,873,811,980","2,375.00","2,375.00","2,300.00","2,305.00",-5.00,"2,562",3008
112/07/18,"874,678","1,996,955,915","2,310.00","2,315.00","2,260.00","2,280.00",-25.00,"3,160",3008
112/07/19,"726,920","1,663,690,390","2,315.00","2,325.00","2,265.00","2,270.00",-10.00,"2,083",3008
112/07/20,"701,043","1,579,297,530","2,300.00","2,300.00","2,235.00","2,240.00",-30.00,"3,446",3008
112/07/21,"681,400","1,501,222,465","2,225.00","2,230.00","2,190.00","2,200.00",-40.00,"3,599",3008
112/07/24,"491,798","1,080,253,815","2,190.00","2,220.00","2,180.00","2,195.00",-5.00,"2,048",3008
112/07/25,"489,751","1,080,218,140","2,205.00","2,230.00","2,185.00","2,185.00",-10.00,"2,022",3008
112/07/26,"634,708","1,371,015,935","2,195.00","2,195.00","2,140.00","2,140.00",-45.00,"5,502",3008
112/07/27,"381,268","827,411,310","2,170.00","2,190.00","2,145.00","2,165.00",+25.00,"1,636",3008
112/07/28,"432,340","943,844,365","2,165.00","2,210.00","2,160.00","2,170.00",+5.00,"1,490",3008
112/07/31,"790,814","1,732,580,835","2,180.00","2,225.00","2,155.00","2,175.00",+5.00,"2,441",3008
112/08/01,"319,563","698,142,450","2,180.00","2,200.00","2,170.00","2,190.00",+15.00,"1,311",3008
112/08/02,"674,581","1,476,318,675","2,190.00","2,235.00","2,160.00","2,160.00",-30.00,"3,264",3008
112/08/04,"484,662","1,039,225,305","2,155.00","2,165.00","2,120.00","2,145.00",-15.00,"2,641",3008
112/08/07,"327,363","706,184,080","2,175.00","2,180.00","2,145.00","2,150.00",+5.00,"2,730",3008
112/08/08,"450,721","962,644,495","2,165.00","2,170.00","2,120.00","2,130.00",-20.00,"2,448",3008
112/08/09,"220,491","471,440,085","2,130.00","2,155.00","2,130.00","2,135.00",+5.00,"1,148",3008
112/08/10,"400,287","850,714,725","2,140.00","2,145.00","2,115.00","2,125.00",-10.00,"2,395",3008
112/08/11,"301,243","640,664,455","2,130.00","2,140.00","2,115.00","2,115.00",-10.00,"1,295",3008
112/08/14,"758,813","1,568,896,715","2,105.00","2,105.00","2,020.00","2,090.00",-25.00,"3,675",3008
112/08/15,"319,063","669,034,245","2,095.00","2,125.00","2,075.00","2,090.00", 0.00,"1,917",3008
112/08/16,"623,827","1,278,956,815","2,070.00","2,085.00","2,035.00","2,040.00",-50.00,"4,455",3008
112/08/17,"508,650","1,042,237,235","2,020.00","2,080.00","2,020.00","2,050.00",X0.00,"2,009",3008
112/08/18,"486,208","986,069,745","2,045.00","2,065.00","2,015.00","2,025.00",-25.00,"2,898",3008
112/08/21,"249,046","506,676,365","2,030.00","2,055.00","2,020.00","2,025.00", 0.00,"1,207",3008
112/08/22,"710,600","1,434,301,945","2,040.00","2,050.00","2,005.00","2,020.00",-5.00,"2,740",3008
112/08/23,"890,095","1,778,147,210","2,020.00","2,020.00","1,975.00","1,975.00",-45.00,"9,023",3008
112/08/24,"1,269,646","2,476,350,615","1,990.00","1,990.00","1,925.00","1,930.00",-45.00,"11,976",3008
112/08/25,"603,295","1,170,588,535","1,925.00","1,965.00","1,925.00","1,930.00", 0.00,"3,464",3008
112/08/28,"455,477","897,111,545","1,950.00","1,985.00","1,945.00","1,970.00",+40.00,"2,094",3008
112/08/29,"688,301","1,394,174,335","1,990.00","2,055.00","1,975.00","2,025.00",+55.00,"2,859",3008
112/08/30,"825,573","1,704,235,885","2,065.00","2,080.00","2,035.00","2,075.00",+50.00,"2,985",3008
112/08/31,"683,316","1,406,998,330","2,060.00","2,080.00","2,040.00","2,050.00",-25.00,"1,934",3008
112/09/01,"273,501","562,881,005","2,060.00","2,070.00","2,045.00","2,060.00",+10.00,"1,073",3008
112/09/04,"384,382","802,558,190","2,070.00","2,100.00","2,065.00","2,090.00",+30.00,"1,841",3008
112/09/05,"1,389,991","3,014,993,750","2,150.00","2,205.00","2,130.00","2,165.00",+75.00,"4,899",3008
112/09/06,"680,271","1,457,407,575","2,180.00","2,185.00","2,120.00","2,120.00",-45.00,"3,309",3008
112/09/07,"552,093","1,148,967,215","2,085.00","2,110.00","2,065.00","2,070.00",-50.00,"3,003",3008
112/09/08,"1,113,242","2,228,691,405","2,045.00","2,045.00","1,985.00","1,985.00",-85.00,"6,797",3008
112/09/11,"643,902","1,296,949,240","1,995.00","2,035.00","1,995.00","2,000.00",+15.00,"1,772",3008
112/09/12,"579,254","1,181,865,525","2,015.00","2,060.00","2,010.00","2,050.00",+50.00,"1,800",3008
112/09/13,"682,098","1,374,573,520","2,045.00","2,050.00","2,005.00","2,015.00",-35.00,"2,585",3008
112/09/14,"576,885","1,190,844,025","2,030.00","2,085.00","2,025.00","2,070.00",+55.00,"1,981",3008
112/09/15,"761,056","1,575,438,330","2,080.00","2,085.00","2,050.00","2,080.00",+10.00,"1,892",3008
112/09/18,"1,126,387","2,378,477,330","2,065.00","2,145.00","2,060.00","2,105.00",+25.00,"2,906",3008
112/09/19,"1,011,950","2,179,477,585","2,140.00","2,195.00","2,120.00","2,125.00",+20.00,"2,934",3008
112/09/20,"609,734","1,288,568,685","2,145.00","2,155.00","2,085.00","2,095.00",-30.00,"2,405",3008
112/09/21,"510,117","1,061,515,480","2,085.00","2,110.00","2,060.00","2,065.00",-30.00,"2,124",3008
112/09/22,"425,213","881,047,400","2,050.00","2,100.00","2,040.00","2,095.00",+30.00,"1,370",3008
112/09/25,"695,958","1,493,156,175","2,140.00","2,165.00","2,120.00","2,150.00",+55.00,"2,814",3008
112/09/26,"1,043,458","2,245,269,250","2,150.00","2,195.00","2,120.00","2,125.00",-25.00,"2,520",3008
112/09/27,"566,199","1,193,094,395","2,125.00","2,135.00","2,085.00","2,105.00",-20.00,"1,890",3008
112/09/28,"653,420","1,386,587,495","2,105.00","2,135.00","2,090.00","2,135.00",+30.00,"1,318",3008
112/10/02,"773,401","1,662,760,765","2,145.00","2,170.00","2,120.00","2,145.00",+10.00,"1,965",3008
112/10/03,"607,853","1,306,159,735","2,130.00","2,165.00","2,130.00","2,140.00",-5.00,"1,770",3008
112/10/04,"709,121","1,477,363,160","2,125.00","2,125.00","2,065.00","2,080.00",-60.00,"2,849",3008
112/10/05,"577,641","1,223,764,195","2,100.00","2,135.00","2,095.00","2,120.00",+40.00,"1,311",3008
112/10/06,"1,017,999","2,171,027,320","2,190.00","2,190.00","2,090.00","2,090.00",-30.00,"2,819",3008
112/10/11,"863,698","1,849,496,625","2,155.00","2,165.00","2,110.00","2,145.00",+55.00,"2,150",3008
112/10/12,"771,591","1,648,539,445","2,135.00","2,160.00","2,105.00","2,150.00",+5.00,"1,980",3008
112/10/13,"2,450,243","5,299,781,610","2,090.00","2,210.00","2,055.00","2,175.00",+25.00,"6,463",3008
112/10/16,"781,404","1,667,989,990","2,160.00","2,165.00","2,120.00","2,125.00",-50.00,"2,360",3008
112/10/17,"538,702","1,138,570,975","2,145.00","2,145.00","2,095.00","2,095.00",-30.00,"1,969",3008
112/10/18,"950,327","1,960,379,645","2,095.00","2,110.00","2,040.00","2,045.00",-50.00,"4,610",3008
112/10/19,"539,621","1,100,328,930","2,045.00","2,060.00","2,025.00","2,040.00",-5.00,"2,601",3008
112/10/20,"460,640","933,334,645","2,035.00","2,040.00","2,010.00","2,030.00",-10.00,"1,766",3008
112/10/23,"287,432","582,032,360","2,050.00","2,050.00","2,010.00","2,015.00",-15.00,"1,370",3008
112/10/24,"544,425","1,089,945,330","2,015.00","2,025.00","1,990.00","2,010.00",-5.00,"2,856",3008
112/10/25,"294,925","593,731,365","2,010.00","2,020.00","2,005.00","2,010.00", 0.00,"1,537",3008
112/10/26,"559,943","1,118,462,235","1,990.00","2,025.00","1,980.00","2,005.00",-5.00,"2,460",3008
112/10/27,"373,473","752,994,400","2,005.00","2,025.00","1,995.00","2,020.00",+15.00,"1,282",3008
112/10/30,"594,756","1,213,464,225","2,040.00","2,075.00","2,015.00","2,025.00",+5.00,"1,698",3008
112/10/31,"1,624,209","3,402,336,765","2,065.00","2,130.00","2,065.00","2,070.00",+45.00,"3,996",3008
112/11/01,"528,331","1,087,774,360","2,070.00","2,080.00","2,040.00","2,065.00",-5.00,"1,512",3008
112/11/02,"434,295","906,041,545","2,095.00","2,100.00","2,075.00","2,075.00",+10.00,"1,159",3008
112/11/03,"618,499","1,289,667,940","2,100.00","2,110.00","2,040.00","2,100.00",+25.00,"1,985",3008
112/11/06,"877,809","1,873,715,560","2,130.00","2,160.00","2,120.00","2,135.00",+35.00,"2,371",3008
112/11/07,"653,078","1,401,635,140","2,130.00","2,170.00","2,100.00","2,150.00",+15.00,"2,044",3008
112/11/08,"396,165","847,123,795","2,145.00","2,155.00","2,125.00","2,130.00",-20.00,"1,241",3008
112/11/09,"441,495","936,963,575","2,135.00","2,140.00","2,105.00","2,130.00", 0.00,"1,438",3008
112/11/10,"518,472","1,087,590,830","2,110.00","2,120.00","2,085.00","2,095.00",-35.00,"1,478",3008
112/11/13,"377,741","803,498,405","2,120.00","2,135.00","2,120.00","2,135.00",+40.00,"1,169",3008
112/11/14,"234,653","498,646,590","2,135.00","2,140.00","2,115.00","2,125.00",-10.00,934,3008
112/11/15,"531,317","1,130,492,840","2,140.00","2,140.00","2,120.00","2,120.00",-5.00,"1,389",3008
112/11/16,"295,365","624,274,805","2,115.00","2,135.00","2,105.00","2,105.00",-15.00,"1,222",3008
112/11/17,"271,418","574,546,550","2,110.00","2,130.00","2,110.00","2,120.00",+15.00,969,3008
112/11/20,"1,252,017","2,726,348,195","2,135.00","2,200.00","2,130.00","2,195.00",+75.00,"4,667",3008
112/11/21,"1,154,671","2,581,346,880","2,215.00","2,260.00","2,200.00","2,245.00",+50.00,"5,517",3008
112/11/22,"596,885","1,338,071,330","2,245.00","2,260.00","2,220.00","2,235.00",-10.00,"1,965",3008
112/11/23,"1,146,320","2,627,640,590","2,265.00","2,315.00","2,260.00","2,280.00",+45.00,"4,260",3008
112/11/24,"387,832","880,661,215","2,280.00","2,290.00","2,255.00","2,265.00",-15.00,"1,556",3008
112/11/27,"417,217","953,019,475","2,275.00","2,300.00","2,265.00","2,290.00",+25.00,"1,837",3008
112/11/28,"844,481","1,939,803,945","2,300.00","2,310.00","2,270.00","2,310.00",+20.00,"2,673",3008
112/11/29,"1,722,453","4,090,057,800","2,320.00","2,410.00","2,310.00","2,385.00",+75.00,"7,487",3008
112/11/30,"901,070","2,157,394,315","2,385.00","2,415.00","2,365.00","2,390.00",+5.00,"3,363",3008
112/12/01,"626,229","1,481,821,160","2,390.00","2,395.00","2,350.00","2,365.00",-25.00,"2,215",3008
112/12/04,"510,284","1,222,016,440","2,395.00","2,410.00","2,380.00","2,385.00",+20.00,"1,861",3008
112/12/05,"368,231","873,577,635","2,385.00","2,385.00","2,355.00","2,380.00",-5.00,"1,798",3008
112/12/06,"1,066,107","2,494,228,110","2,380.00","2,385.00","2,320.00","2,320.00",-60.00,"4,137",3008
112/12/07,"577,712","1,340,422,485","2,310.00","2,345.00","2,300.00","2,310.00",-10.00,"2,034",3008
112/12/08,"604,876","1,392,845,285","2,315.00","2,340.00","2,290.00","2,290.00",-20.00,"2,222",3008
112/12/11,"505,993","1,175,156,215","2,310.00","2,345.00","2,290.00","2,340.00",+50.00,"1,811",3008
112/12/12,"858,263","2,047,183,205","2,360.00","2,400.00","2,360.00","2,375.00",+35.00,"2,864",3008
112/12/13,"2,671,646","6,634,029,070","2,390.00","2,530.00","2,390.00","2,530.00",+155.00,"12,221",3008
112/12/14,"3,290,815","8,901,752,440","2,605.00","2,770.00","2,590.00","2,690.00",+160.00,"11,116",3008
112/12/15,"1,862,895","5,004,675,665","2,715.00","2,725.00","2,650.00","2,670.00",-20.00,"5,019",3008
112/12/18,"1,068,512","2,846,668,885","2,670.00","2,700.00","2,625.00","2,675.00",+5.00,"3,612",3008
112/12/19,"994,646","2,674,283,560","2,685.00","2,720.00","2,645.00","2,690.00",+15.00,"3,079",3008
112/12/20,"818,738","2,196,135,300","2,700.00","2,720.00","2,650.00","2,670.00",-20.00,"2,983",3008
112/12/21,"847,876","2,256,760,135","2,650.00","2,690.00","2,635.00","2,680.00",+10.00,"2,386",3008
112/12/22,"433,861","1,155,363,675","2,665.00","2,690.00","2,650.00","2,650.00",-30.00,"1,565",3008
112/12/25,"1,759,915","4,891,322,375","2,690.00","2,815.00","2,690.00","2,795.00",+145.00,"7,541",3008
112/12/26,"718,719","1,993,354,565","2,795.00","2,815.00","2,750.00","2,760.00",-35.00,"3,321",3008
112/12/27,"966,686","2,697,315,145","2,770.00","2,820.00","2,740.00","2,810.00",+50.00,"4,019",3008
112/12/28,"740,898","2,081,426,520","2,815.00","2,840.00","2,780.00","2,795.00",-15.00,"2,910",3008
112/12/29,"1,366,545","3,889,268,880","2,795.00","2,880.00","2,790.00","2,870.00",+75.00,"5,280",3008
113/01/02,"1,255,925","3,492,706,545","2,860.00","2,860.00","2,745.00","2,785.00",-85.00,"6,197",3008
113/01/03,"1,426,707","3,836,736,810","2,725.00","2,730.00","2,665.00","2,685.00",-100.00,"6,281",3008
113/01/04,"980,717","2,608,749,670","2,680.00","2,710.00","2,640.00","2,650.00",-35.00,"3,239",3008
113/01/05,"1,271,931","3,328,926,210","2,640.00","2,675.00","2,585.00","2,595.00",-55.00,"5,751",3008
113/01/08,"1,004,026","2,592,675,985","2,600.00","2,620.00","2,550.00","2,580.00",-15.00,"4,016",3008
113/01/09,"590,109","1,522,437,235","2,595.00","2,620.00","2,555.00","2,575.00",-5.00,"2,329",3008
113/01/10,"1,060,363","2,690,743,185","2,570.00","2,580.00","2,505.00","2,525.00",-50.00,"4,775",3008
113/01/11,"937,482","2,378,703,635","2,525.00","2,565.00","2,515.00","2,550.00",+25.00,"2,497",3008
113/01/12,"2,994,209","7,777,605,465","2,560.00","2,650.00","2,520.00","2,600.00",+50.00,"5,853",3008
113/01/15,"1,065,380","2,790,680,945","2,640.00","2,665.00","2,590.00","2,595.00",-5.00,"2,871",3008
113/01/16,"1,217,407","3,114,827,780","2,580.00","2,585.00","2,525.00","2,580.00",-15.00,"3,734",3008
113/01/17,"1,236,844","3,125,981,045","2,585.00","2,590.00","2,490.00","2,490.00",-90.00,"5,144",3008
113/01/18,"672,655","1,679,680,350","2,490.00","2,520.00","2,470.00","2,495.00",+5.00,"2,547",3008
113/01/19,"862,623","2,157,724,640","2,545.00","2,565.00","2,480.00","2,495.00", 0.00,"3,076",3008
113/01/22,"672,001","1,675,975,045","2,510.00","2,525.00","2,475.00","2,475.00",-20.00,"2,882",3008
113/01/23,"770,382","1,943,974,140","2,490.00","2,545.00","2,480.00","2,515.00",+40.00,"2,151",3008
113/01/24,"818,585","2,087,347,460","2,540.00","2,575.00","2,525.00","2,535.00",+20.00,"2,124",3008
113/01/25,"512,453","1,298,090,620","2,550.00","2,550.00","2,505.00","2,550.00",+15.00,"1,889",3008
113/01/26,"657,335","1,647,058,130","2,550.00","2,550.00","2,490.00","2,490.00",-60.00,"3,091",3008
113/01/29,"514,383","1,302,138,920","2,495.00","2,555.00","2,490.00","2,535.00",+45.00,"1,703",3008
113/01/30,"255,910","644,459,045","2,545.00","2,545.00","2,505.00","2,510.00",-25.00,"1,441",3008
113/01/31,"872,531","2,193,284,300","2,540.00","2,565.00","2,485.00","2,490.00",-20.00,"2,601",3008
113/02/01,"1,217,651","2,971,848,110","2,485.00","2,500.00","2,410.00","2,435.00",-55.00,"6,633",3008
113/02/02,"1,781,226","4,253,156,200","2,450.00","2,460.00","2,365.00","2,365.00",-70.00,"8,314",3008
113/02/05,"822,835","1,935,870,265","2,385.00","2,390.00","2,335.00","2,355.00",-10.00,"4,652",3008
113/02/15,"925,182","2,222,720,405","2,425.00","2,430.00","2,360.00","2,405.00",+50.00,"2,886",3008
113/02/16,"457,646","1,095,082,630","2,410.00","2,415.00","2,380.00","2,390.00",-15.00,"2,125",3008
113/02/19,"612,630","1,467,352,068","2,410.00","2,420.00","2,380.00","2,395.00",+5.00,"2,674",3008
113/02/20,"1,457,754","3,592,036,790","2,420.00","2,495.00","2,400.00","2,460.00",+65.00,"4,187",3008
113/02/21,"844,469","2,090,418,550","2,465.00","2,495.00","2,430.00","2,485.00",+25.00,"2,393",3008
113/02/22,"856,480","2,155,056,975","2,495.00","2,530.00","2,480.00","2,530.00",+45.00,"2,934",3008
113/02/23,"826,307","2,098,810,255","2,550.00","2,565.00","2,515.00","2,545.00",+15.00,"3,086",3008
113/02/26,"1,310,545","3,419,654,075","2,555.00","2,635.00","2,535.00","2,625.00",+80.00,"5,447",3008
113/02/27,"1,212,583","3,203,334,840","2,650.00","2,665.00","2,605.00","2,640.00",+15.00,"4,060",3008
113/02/29,"928,474","2,406,317,990","2,630.00","2,635.00","2,570.00","2,590.00",-50.00,"4,548",3008
113/03/01,"763,399","1,973,260,030","2,595.00","2,615.00","2,565.00","2,570.00",-20.00,"2,869",3008
113/03/04,"722,051","1,841,545,240","2,570.00","2,580.00","2,520.00","2,565.00",-5.00,"3,295",3008
113/03/05,"360,897","920,500,645","2,545.00","2,570.00","2,540.00","2,550.00",-15.00,"2,182",3008
113/03/06,"687,818","1,774,477,345","2,565.00","2,595.00","2,560.00","2,570.00",+20.00,"2,217",3008
113/03/07,"384,188","985,636,190","2,570.00","2,600.00","2,550.00","2,550.00",-20.00,"1,982",3008
113/03/08,"665,557","1,674,076,275","2,550.00","2,575.00","2,485.00","2,500.00",-50.00,"4,379",3008
113/03/11,"392,778","984,584,265","2,515.00","2,525.00","2,485.00","2,520.00",+20.00,"1,779",3008
113/03/12,"539,426","1,362,174,875","2,530.00","2,550.00","2,510.00","2,520.00", 0.00,"1,822",3008
113/03/13,"498,170","1,256,990,965","2,520.00","2,555.00","2,500.00","2,500.00",-20.00,"2,074",3008
113/03/14,"409,490","1,028,303,025","2,505.00","2,525.00","2,490.00","2,520.00",+20.00,"1,888",3008
113/03/15,"465,539","1,166,918,330","2,515.00","2,520.00","2,485.00","2,515.00",-5.00,"1,742",3008
113/03/18,"242,539","610,223,130","2,515.00","2,525.00","2,500.00","2,520.00",+5.00,"1,252",3008
113/03/19,"429,434","1,068,826,000","2,515.00","2,520.00","2,475.00","2,475.00",-45.00,"3,554",3008
113/03/20,"1,029,118","2,624,607,050","2,465.00","2,600.00","2,465.00","2,570.00",+95.00,"4,316",3008
113/03/21,"1,020,273","2,556,057,310","2,540.00","2,555.00","2,480.00","2,485.00",X0.00,"4,393",3008
113/03/22,"620,368","1,525,518,780","2,485.00","2,495.00","2,435.00","2,445.00",-40.00,"5,252",3008
113/03/25,"342,289","840,291,530","2,445.00","2,470.00","2,435.00","2,455.00",+10.00,"1,598",3008
113/03/26,"783,691","1,937,917,375","2,470.00","2,545.00","2,430.00","2,430.00",-25.00,"3,388",3008
113/03/27,"278,668","677,999,650","2,430.00","2,455.00","2,410.00","2,435.00",+5.00,"1,687",3008
113/03/28,"273,474","667,486,115","2,435.00","2,470.00","2,430.00","2,430.00",-5.00,"1,256",3008
113/03/29,"306,518","749,128,705","2,425.00","2,460.00","2,425.00","2,445.00",+15.00,"1,208",3008
113/04/01,"395,257","983,716,895","2,460.00","2,515.00","2,455.00","2,485.00",+40.00,"1,962",3008
113/04/02,"331,878","826,096,410","2,515.00","2,520.00","2,465.00","2,490.00",+5.00,"1,733",3008
113/04/03,"279,444","694,597,195","2,495.00","2,495.00","2,475.00","2,490.00", 0.00,"1,018",3008
113/04/08,"1,243,432","2,972,311,630","2,405.00","2,435.00","2,355.00","2,380.00",-110.00,"6,919",3008
113/04/09,"631,030","1,504,547,470","2,410.00","2,410.00","2,365.00","2,380.00", 0.00,"3,326",3008
113/04/10,"505,979","1,213,609,585","2,395.00","2,425.00","2,380.00","2,380.00", 0.00,"2,823",3008
113/04/11,"982,448","2,287,879,605","2,370.00","2,370.00","2,315.00","2,315.00",-65.00,"7,372",3008
113/04/12,"1,942,002","4,693,656,370","2,420.00","2,515.00","2,350.00","2,350.00",+35.00,"5,744",3008
113/04/15,"572,519","1,323,805,410","2,350.00","2,350.00","2,295.00","2,295.00",-55.00,"5,232",3008
113/04/16,"876,757","1,962,305,145","2,275.00","2,275.00","2,215.00","2,225.00",-70.00,"8,602",3008
113/04/17,"726,375","1,607,035,890","2,240.00","2,240.00","2,200.00","2,200.00",-25.00,"6,909",3008
113/04/18,"629,189","1,386,507,985","2,185.00","2,225.00","2,180.00","2,200.00", 0.00,"3,057",3008
113/04/19,"932,547","1,996,451,275","2,190.00","2,200.00","2,100.00","2,120.00",-80.00,"9,268",3008
113/04/22,"484,138","1,023,500,290","2,125.00","2,135.00","2,090.00","2,110.00",-10.00,"3,354",3008
113/04/23,"577,593","1,231,229,055","2,145.00","2,150.00","2,110.00","2,135.00",+25.00,"2,131",3008
113/04/24,"669,140","1,462,836,585","2,165.00","2,210.00","2,155.00","2,195.00",+60.00,"2,744",3008
113/04/25,"340,600","746,539,455","2,195.00","2,215.00","2,165.00","2,195.00", 0.00,"1,726",3008
113/04/26,"491,958","1,075,811,615","2,200.00","2,210.00","2,165.00","2,185.00",-10.00,"3,050",3008
113/04/29,"305,005","672,874,470","2,190.00","2,220.00","2,190.00","2,200.00",+15.00,"1,645",3008
113/04/30,"230,743","505,973,300","2,200.00","2,210.00","2,185.00","2,185.00",-15.00,"1,398",3008
113/05/02,"344,910","754,415,585","2,180.00","2,215.00","2,170.00","2,170.00",-15.00,"1,703",3008
113/05/03,"844,117","1,887,428,135","2,210.00","2,265.00","2,210.00","2,215.00",+45.00,"2,997",3008
113/05/06,"286,103","643,369,550","2,245.00","2,260.00","2,230.00","2,250.00",+35.00,"1,802",3008
113/05/07,"357,342","810,226,330","2,265.00","2,285.00","2,245.00","2,280.00",+30.00,"2,026",3008
113/05/08,"369,742","832,363,915","2,290.00","2,290.00","2,225.00","2,235.00",-45.00,"2,660",3008
113/05/09,"369,988","820,672,370","2,235.00","2,245.00","2,200.00","2,205.00",-30.00,"2,405",3008
113/05/10,"209,431","465,126,885","2,205.00","2,230.00","2,205.00","2,230.00",+25.00,981,3008
113/05/13,"426,653","951,013,700","2,235.00","2,250.00","2,215.00","2,240.00",+10.00,"1,576",3008
113/05/14,"654,474","1,496,015,360","2,240.00","2,315.00","2,240.00","2,300.00",+60.00,"2,773",3008
113/05/15,"560,309","1,276,824,685","2,305.00","2,310.00","2,255.00","2,260.00",-40.00,"3,172",3008
113/05/16,"523,934","1,212,241,615","2,285.00","2,335.00","2,285.00","2,310.00",+50.00,"2,597",3008
113/05/17,"304,629","703,812,775","2,315.00","2,325.00","2,290.00","2,325.00",+15.00,"1,444",3008
113/05/20,"238,249","550,789,430","2,335.00","2,335.00","2,295.00","2,315.00",-10.00,"1,623",3008
113/05/21,"941,403","2,111,537,715","2,310.00","2,310.00","2,220.00","2,220.00",-95.00,"5,326",3008
113/05/22,"311,169","695,087,815","2,230.00","2,250.00","2,225.00","2,230.00",+10.00,"1,845",3008
113/05/23,"602,932","1,325,513,215","2,215.00","2,235.00","2,180.00","2,190.00",-40.00,"5,197",3008
113/05/24,"462,238","997,307,050","2,170.00","2,175.00","2,145.00","2,170.00",-20.00,"5,131",3008
113/05/27,"355,303","776,521,755","2,175.00","2,200.00","2,160.00","2,195.00",+25.00,"2,151",3008
113/05/28,"328,060","719,900,640","2,195.00","2,205.00","2,185.00","2,200.00",+5.00,"2,074",3008
113/05/29,"1,208,805","2,737,445,180","2,225.00","2,290.00","2,220.00","2,280.00",+80.00,"4,088",3008
113/05/30,"560,558","1,253,834,765","2,255.00","2,255.00","2,215.00","2,250.00",-30.00,"2,532",3008
113/05/31,"902,138","2,059,156,808","2,270.00","2,305.00","2,255.00","2,275.00",+25.00,"2,681",3008
113/06/03,"347,696","795,106,690","2,275.00","2,300.00","2,260.00","2,295.00",+20.00,"1,599",3008
113/06/04,"324,714","743,063,725","2,295.00","2,305.00","2,265.00","2,295.00", 0.00,"1,587",3008
113/06/05,"588,552","1,363,540,385","2,295.00","2,335.00","2,285.00","2,330.00",+35.00,"2,843",3008
113/06/06,"1,232,168","2,946,142,485","2,330.00","2,415.00","2,330.00","2,390.00",+60.00,"5,975",3008
113/06/07,"681,187","1,621,248,615","2,410.00","2,430.00","2,345.00","2,365.00",-25.00,"3,313",3008
113/06/11,"1,188,055","2,681,808,550","2,360.00","2,360.00","2,215.00","2,215.00",-150.00,"10,570",3008
113/06/12,"1,270,570","2,972,465,630","2,325.00","2,370.00","2,305.00","2,360.00",+145.00,"5,281",3008
113/06/13,"1,050,915","2,489,207,470","2,375.00","2,395.00","2,330.00","2,380.00",+20.00,"3,702",3008
113/06/14,"2,237,956","5,550,165,190","2,380.00","2,520.00","2,380.00","2,520.00",+140.00,"10,423",3008
113/06/17,"2,274,995","5,953,213,140","2,520.00","2,670.00","2,510.00","2,610.00",+90.00,"9,923",3008
113/06/18,"1,919,296","5,104,693,583","2,640.00","2,700.00","2,625.00","2,660.00",+50.00,"5,923",3008
113/06/19,"1,103,174","2,928,598,657","2,690.00","2,690.00","2,630.00","2,635.00",-25.00,"4,517",3008
113/06/20,"481,862","1,274,069,835","2,655.00","2,665.00","2,630.00","2,650.00",+15.00,"2,286",3008
113/06/21,"1,589,763","4,109,587,240","2,600.00","2,615.00","2,560.00","2,595.00",-55.00,"5,282",3008
113/06/24,"678,551","1,769,480,635","2,600.00","2,635.00","2,585.00","2,605.00",+10.00,"2,612",3008
113/06/25,"1,829,159","4,904,599,071","2,615.00","2,720.00","2,600.00","2,720.00",+115.00,"8,548",3008
113/06/26,"1,662,752","4,587,576,590","2,760.00","2,805.00","2,715.00","2,740.00",+20.00,"5,742",3008
113/06/27,"935,553","2,531,396,840","2,715.00","2,730.00","2,675.00","2,710.00",-30.00,"3,106",3008
113/06/28,"990,862","2,709,289,340","2,700.00","2,755.00","2,700.00","2,745.00",+35.00,"2,579",3008
113/07/01,"553,041","1,499,271,370","2,755.00","2,760.00","2,690.00","2,700.00",-45.00,"3,266",3008
113/07/02,"653,213","1,751,911,764","2,705.00","2,720.00","2,655.00","2,675.00",-25.00,"2,409",3008
113/07/03,"518,734","1,392,870,130","2,695.00","2,735.00","2,655.00","2,670.00",-5.00,"2,162",3008
113/07/04,"2,416,129","6,811,146,385","2,715.00","2,895.00","2,715.00","2,840.00",+170.00,"10,273",3008
113/07/05,"1,784,339","5,182,647,870","2,850.00","2,970.00","2,850.00","2,895.00",+55.00,"7,213",3008
113/07/08,"2,680,295","8,170,917,750","2,965.00","3,110.00","2,935.00","3,030.00",+135.00,"10,443",3008
113/07/09,"2,202,109","6,793,799,995","3,035.00","3,140.00","3,010.00","3,115.00",+85.00,"9,285",3008
113/07/10,"1,312,334","4,080,867,715","3,150.00","3,150.00","3,075.00","3,110.00",-5.00,"6,008",3008
113/07/11,"1,631,647","5,190,567,145","3,125.00","3,225.00","3,090.00","3,200.00",+90.00,"8,600",3008
113/07/12,"3,114,001","9,511,260,550","2,980.00","3,115.00","2,935.00","3,065.00",-135.00,"13,363",3008
113/07/15,"1,468,360","4,613,867,065","3,130.00","3,195.00","3,110.00","3,120.00",+55.00,"4,947",3008
113/07/16,"738,865","2,319,579,695","3,170.00","3,180.00","3,110.00","3,125.00",+5.00,"3,210",3008
113/07/17,"779,079","2,400,224,340","3,110.00","3,120.00","3,055.00","3,065.00",-60.00,"5,086",3008
113/07/18,"1,141,399","3,454,734,105","2,995.00","3,085.00","2,995.00","3,010.00",-55.00,"5,166",3008
113/07/19,"2,246,121","6,534,360,675","2,995.00","3,005.00","2,865.00","2,900.00",-110.00,"12,758",3008
113/07/22,"1,684,491","4,746,606,330","2,870.00","2,900.00","2,760.00","2,830.00",-70.00,"7,257",3008
113/07/23,"626,334","1,786,149,405","2,875.00","2,890.00","2,825.00","2,845.00",+15.00,"2,903",3008
113/07/26,"932,901","2,581,099,525","2,740.00","2,800.00","2,710.00","2,770.00",-75.00,"4,337",3008
113/07/29,"1,055,174","2,946,071,045","2,820.00","2,845.00","2,750.00","2,775.00",+5.00,"2,850",3008
113/07/30,"1,134,629","3,232,037,665","2,810.00","2,920.00","2,770.00","2,915.00",+140.00,"4,174",3008
113/07/31,"1,427,046","4,035,151,975","2,875.00","2,885.00","2,795.00","2,815.00",-100.00,"3,991",3008
113/08/01,"1,215,949","3,451,129,650","2,860.00","2,870.00","2,800.00","2,870.00",+55.00,"2,838",3008
113/08/02,"1,008,157","2,797,201,975","2,790.00","2,820.00","2,745.00","2,770.00",-100.00,"5,641",3008
113/08/05,"1,666,555","4,339,520,010","2,660.00","2,675.00","2,540.00","2,575.00",-195.00,"7,774",3008
113/08/06,"1,555,585","4,169,816,070","2,735.00","2,740.00","2,580.00","2,685.00",+110.00,"4,972",3008
113/08/07,"1,073,688","2,979,937,065","2,730.00","2,825.00","2,700.00","2,775.00",+90.00,"3,992",3008
113/08/08,"764,118","2,091,982,565","2,740.00","2,775.00","2,690.00","2,745.00",-30.00,"2,850",3008
113/08/09,"912,278","2,548,321,360","2,805.00","2,845.00","2,750.00","2,755.00",+10.00,"2,810",3008
113/08/12,"739,525","2,048,083,100","2,780.00","2,805.00","2,740.00","2,750.00",-5.00,"2,322",3008
113/08/13,"797,763","2,233,593,295","2,765.00","2,825.00","2,765.00","2,805.00",+55.00,"2,251",3008
113/08/14,"1,119,501","3,204,276,325","2,845.00","2,885.00","2,830.00","2,840.00",+35.00,"3,470",3008
113/08/15,"1,697,253","4,644,646,400","2,770.00","2,770.00","2,705.00","2,715.00",X0.00,"5,328",3008
113/08/16,"972,397","2,735,316,710","2,770.00","2,850.00","2,755.00","2,815.00",+100.00,"3,573",3008
113/08/19,"1,148,036","3,319,106,435","2,820.00","2,910.00","2,820.00","2,905.00",+90.00,"4,225",3008
113/08/20,"1,507,281","4,495,381,740","2,935.00","3,030.00","2,930.00","2,980.00",+75.00,"5,999",3008
113/08/21,"1,122,133","3,351,915,230","2,995.00","3,020.00","2,950.00","2,985.00",+5.00,"3,599",3008
113/08/22,"560,192","1,674,653,645","3,000.00","3,015.00","2,955.00","3,000.00",+15.00,"2,226",3008
113/08/23,"848,731","2,575,973,280","2,960.00","3,075.00","2,960.00","3,050.00",+50.00,"5,228",3008
113/08/26,"780,967","2,391,600,665","3,035.00","3,110.00","3,020.00","3,040.00",-10.00,"3,064",3008
113/08/27,"557,873","1,693,519,370","3,040.00","3,070.00","3,000.00","3,030.00",-10.00,"1,966",3008
113/08/28,"1,097,705","3,339,906,000","3,050.00","3,115.00","2,995.00","3,015.00",-15.00,"3,289",3008
113/08/29,"2,572,380","8,061,520,835","2,980.00","3,200.00","2,970.00","3,200.00",+185.00,"11,199",3008
113/08/30,"1,534,647","4,851,455,585","3,215.00","3,230.00","3,120.00","3,120.00",-80.00,"4,843",3008
113/09/02,"1,421,633","4,488,371,955","3,150.00","3,220.00","3,115.00","3,120.00", 0.00,"4,125",3008
113/09/03,"825,232","2,556,453,130","3,150.00","3,155.00","3,065.00","3,065.00",-55.00,"3,117",3008
113/09/04,"1,877,050","5,537,178,395","2,900.00","3,020.00","2,890.00","2,925.00",-140.00,"7,979",3008
113/09/05,"1,133,891","3,337,718,795","2,980.00","3,010.00","2,890.00","2,925.00", 0.00,"4,490",3008
113/09/06,"3,938,483","10,865,821,635","2,810.00","2,815.00","2,710.00","2,740.00",-185.00,"14,217",3008
113/09/09,"1,587,096","4,330,168,130","2,720.00","2,795.00","2,685.00","2,700.00",-40.00,"6,995",3008
113/09/10,"1,695,978","4,507,593,995","2,760.00","2,770.00","2,605.00","2,620.00",-80.00,"10,907",3008
113/09/11,"912,080","2,445,642,290","2,660.00","2,710.00","2,630.00","2,695.00",+75.00,"3,370",3008
113/09/12,"1,162,007","3,146,975,390","2,765.00","2,770.00","2,670.00","2,705.00",+10.00,"3,562",3008
113/09/13,"537,998","1,457,773,315","2,710.00","2,755.00","2,685.00","2,705.00", 0.00,"2,371",3008
113/09/16,"831,940","2,208,505,735","2,720.00","2,725.00","2,625.00","2,625.00",-80.00,"6,373",3008
113/09/18,"2,130,346","5,394,065,620","2,620.00","2,625.00","2,500.00","2,505.00",-120.00,"15,869",3008
113/09/19,"1,078,421","2,769,691,145","2,505.00","2,610.00","2,500.00","2,605.00",+100.00,"4,287",3008
113/09/20,"1,136,384","2,967,355,705","2,615.00","2,675.00","2,570.00","2,570.00",-35.00,"4,217",3008
113/09/23,"605,059","1,595,229,635","2,610.00","2,680.00","2,585.00","2,630.00",+60.00,"2,699",3008
113/09/24,"805,959","2,099,750,235","2,635.00","2,660.00","2,575.00","2,610.00",-20.00,"3,139",3008
113/09/25,"920,236","2,435,396,650","2,635.00","2,680.00","2,620.00","2,635.00",+25.00,"3,171",3008
113/09/26,"791,394","2,076,008,925","2,650.00","2,665.00","2,605.00","2,610.00",-25.00,"3,711",3008
113/09/27,"1,099,909","2,865,014,090","2,625.00","2,635.00","2,580.00","2,610.00", 0.00,"3,628",3008
113/09/30,"1,441,801","3,674,401,300","2,575.00","2,575.00","2,525.00","2,540.00",-70.00,"7,552",3008
113/10/01,"772,709","2,016,977,515","2,565.00","2,625.00","2,565.00","2,625.00",+85.00,"2,656",3008
113/10/04,"1,015,629","2,609,133,855","2,615.00","2,620.00","2,535.00","2,555.00",-70.00,"4,648",3008
113/10/07,"1,314,503","3,342,595,100","2,575.00","2,615.00","2,505.00","2,525.00",-30.00,"6,871",3008
113/10/08,"954,280","2,367,935,940","2,515.00","2,520.00","2,460.00","2,475.00",-50.00,"6,886",3008
113/10/09,"1,158,933","2,856,595,070","2,485.00","2,500.00","2,440.00","2,440.00",-35.00,"7,210",3008
113/10/11,"1,051,783","2,546,938,080","2,415.00","2,460.00","2,370.00","2,440.00", 0.00,"5,188",3008
113/10/14,"624,751","1,545,946,345","2,475.00","2,500.00","2,425.00","2,475.00",+35.00,"2,561",3008
113/10/15,"571,235","1,435,006,895","2,495.00","2,530.00","2,490.00","2,510.00",+35.00,"2,899",3008
113/10/16,"635,903","1,587,057,855","2,520.00","2,520.00","2,475.00","2,510.00", 0.00,"2,425",3008
113/10/17,"711,419","1,795,685,260","2,525.00","2,545.00","2,500.00","2,545.00",+35.00,"2,229",3008
113/10/18,"3,305,875","7,731,966,859","2,395.00","2,400.00","2,305.00","2,325.00",-220.00,"21,404",3008
113/10/21,"1,330,934","3,159,544,640","2,335.00","2,410.00","2,335.00","2,400.00",+75.00,"5,111",3008
113/10/22,"618,903","1,488,711,500","2,390.00","2,435.00","2,385.00","2,400.00", 0.00,"2,668",3008
113/10/23,"311,784","750,668,820","2,400.00","2,425.00","2,385.00","2,405.00",+5.00,"1,803",3008
113/10/24,"467,190","1,114,206,030","2,385.00","2,405.00","2,370.00","2,370.00",-35.00,"3,130",3008
113/10/25,"655,353","1,548,205,390","2,370.00","2,390.00","2,340.00","2,370.00", 0.00,"3,759",3008
113/10/28,"821,320","1,923,226,870","2,385.00","2,385.00","2,325.00","2,330.00",-40.00,"6,450",3008
113/10/29,"990,620","2,285,003,225","2,330.00","2,340.00","2,290.00","2,300.00",-30.00,"4,876",3008
113/10/30,"906,619","2,076,796,360","2,290.00","2,310.00","2,275.00","2,285.00",-15.00,"5,071",3008
113/11/01,"1,034,361","2,338,203,930","2,230.00","2,290.00","2,220.00","2,290.00",+5.00,"4,294",3008
113/11/04,"572,600","1,331,209,755","2,300.00","2,350.00","2,275.00","2,340.00",+50.00,"2,593",3008
113/11/05,"316,877","734,652,910","2,310.00","2,330.00","2,310.00","2,320.00",-20.00,"2,087",3008
113/11/06,"476,964","1,113,731,205","2,325.00","2,360.00","2,315.00","2,340.00",+20.00,"1,775",3008
113/11/07,"269,041","629,809,170","2,340.00","2,355.00","2,330.00","2,335.00",-5.00,"1,591",3008
113/11/08,"366,395","852,042,395","2,360.00","2,365.00","2,305.00","2,305.00",-30.00,"3,303",3008
113/11/11,"273,521","627,749,355","2,300.00","2,315.00","2,280.00","2,305.00", 0.00,"2,314",3008
113/11/12,"515,489","1,176,197,020","2,280.00","2,280.00","2,255.00","2,255.00",-50.00,"4,968",3008
113/11/13,"1,063,996","2,528,111,740","2,390.00","2,420.00","2,340.00","2,355.00",+100.00,"3,998",3008
113/11/14,"588,871","1,374,475,190","2,355.00","2,370.00","2,310.00","2,315.00",-40.00,"2,506",3008
113/11/15,"1,079,789","2,583,633,690","2,315.00","2,425.00","2,315.00","2,420.00",+105.00,"5,232",3008
113/11/18,"859,589","2,033,741,400","2,400.00","2,415.00","2,345.00","2,345.00",-75.00,"3,771",3008
113/11/19,"504,526","1,200,901,050","2,355.00","2,405.00","2,350.00","2,385.00",+40.00,"1,744",3008
113/11/20,"593,785","1,396,408,550","2,390.00","2,395.00","2,330.00","2,340.00",-45.00,"2,775",3008
113/11/21,"314,470","742,633,670","2,330.00","2,375.00","2,325.00","2,365.00",+25.00,"1,080",3008
113/11/22,"653,547","1,568,917,060","2,375.00","2,415.00","2,360.00","2,380.00",+15.00,"2,018",3008
113/11/25,"1,591,397","3,924,214,645","2,405.00","2,505.00","2,405.00","2,450.00",+70.00,"5,003",3008
113/11/26,"944,242","2,356,040,400","2,450.00","2,525.00","2,430.00","2,500.00",+50.00,"4,051",3008
113/11/27,"743,465","1,831,174,555","2,490.00","2,515.00","2,435.00","2,445.00",-55.00,"3,555",3008
113/11/28,"604,401","1,466,442,080","2,435.00","2,455.00","2,390.00","2,445.00", 0.00,"2,676",3008
113/11/29,"508,958","1,237,289,785","2,415.00","2,460.00","2,405.00","2,435.00",-10.00,"1,777",3008
113/12/02,"783,712","1,959,268,660","2,455.00","2,520.00","2,445.00","2,505.00",+70.00,"3,400",3008
113/12/03,"656,545","1,651,680,190","2,520.00","2,540.00","2,500.00","2,505.00", 0.00,"2,419",3008
113/12/04,"500,213","1,255,978,810","2,510.00","2,535.00","2,485.00","2,535.00",+30.00,"2,391",3008
113/12/05,"669,223","1,680,879,485","2,545.00","2,550.00","2,490.00","2,505.00",-30.00,"3,188",3008
113/12/06,"594,661","1,481,981,455","2,490.00","2,515.00","2,475.00","2,485.00",-20.00,"2,448",3008
113/12/09,"615,007","1,506,869,255","2,490.00","2,500.00","2,420.00","2,440.00",-45.00,"7,385",3008
113/12/10,"492,331","1,205,607,525","2,420.00","2,475.00","2,420.00","2,445.00",+5.00,"1,660",3008
113/12/11,"427,524","1,056,811,120","2,460.00","2,495.00","2,430.00","2,480.00",+35.00,"1,785",3008
113/12/12,"917,440","2,318,422,515","2,485.00","2,545.00","2,485.00","2,530.00",+50.00,"4,506",3008
113/12/13,"885,933","2,263,464,280","2,520.00","2,580.00","2,515.00","2,540.00",+10.00,"3,853",3008
113/12/16,"615,296","1,560,891,220","2,550.00","2,565.00","2,520.00","2,520.00",-20.00,"2,218",3008
113/12/17,"637,022","1,617,499,325","2,515.00","2,575.00","2,515.00","2,525.00",+5.00,"2,413",3008
113/12/18,"967,219","2,489,137,560","2,525.00","2,615.00","2,520.00","2,580.00",+55.00,"4,480",3008
113/12/19,"811,920","2,056,957,210","2,535.00","2,555.00","2,510.00","2,550.00",-30.00,"4,177",3008
113/12/20,"1,030,228","2,602,316,230","2,565.00","2,575.00","2,510.00","2,515.00",-35.00,"3,321",3008
113/12/23,"371,136","950,013,815","2,555.00","2,575.00","2,545.00","2,550.00",+35.00,"1,707",3008
113/12/24,"231,457","592,600,935","2,580.00","2,580.00","2,545.00","2,550.00", 0.00,"1,334",3008
113/12/25,"389,695","1,004,812,360","2,570.00","2,595.00","2,550.00","2,580.00",+30.00,"2,108",3008
113/12/26,"1,548,456","4,113,520,710","2,610.00","2,690.00","2,600.00","2,675.00",+95.00,"8,457",3008
113/12/27,"644,116","1,706,884,905","2,690.00","2,690.00","2,630.00","2,640.00",-35.00,"3,183",3008
113/12/30,"668,393","1,779,496,785","2,655.00","2,685.00","2,620.00","2,650.00",+10.00,"2,726",3008
113/12/31,"554,826","1,475,025,950","2,650.00","2,675.00","2,620.00","2,675.00",+25.00,"2,314",3008
