日期,成交股數,成交金額,開盤價,最高價,最低價,收盤價,漲跌價差,成交筆數,股票代號
 99/01/04,"4,174,116","164,582,641",40.10,40.25,39.10,39.30,-0.70,"1,569",3017
 99/01/05,"5,912,337","227,295,706",39.50,39.65,37.95,38.00,-1.30,"2,313",3017
 99/01/06,"6,281,949","239,675,737",38.05,38.60,37.80,38.20,+0.20,"2,232",3017
 99/01/07,"8,790,733","339,471,272",38.50,39.10,38.00,38.25,+0.05,"2,834",3017
 99/01/08,"5,206,354","196,278,602",38.30,38.40,37.35,38.00,-0.25,"1,578",3017
 99/01/11,"13,252,046","522,837,245",39.00,40.10,38.60,39.45,+1.45,"4,623",3017
 99/01/12,"7,046,555","279,924,728",39.75,40.20,39.30,39.45, 0.00,"2,334",3017
 99/01/13,"2,913,993","114,667,922",39.45,39.65,39.05,39.25,-0.20,"1,020",3017
 99/01/14,"5,910,894","235,578,588",39.60,40.20,39.50,39.60,+0.35,"1,997",3017
 99/01/15,"4,026,375","159,577,232",39.80,40.30,39.00,39.40,-0.20,"1,593",3017
 99/01/18,"2,563,263","100,660,021",39.40,39.75,38.90,39.05,-0.35,"1,169",3017
 99/01/19,"5,419,674","207,985,934",39.60,39.60,38.00,38.20,-0.85,"2,110",3017
 99/01/20,"1,685,785","64,470,929",38.50,38.50,38.05,38.10,-0.10,773,3017
 99/01/21,"2,471,168","93,549,296",38.00,38.40,37.50,37.60,-0.50,"1,078",3017
 99/01/22,"2,965,407","108,383,212",37.00,37.00,36.15,36.40,-1.20,"1,108",3017
 99/01/25,"1,320,589","48,171,883",36.00,36.85,36.00,36.50,+0.10,653,3017
 99/01/26,"2,980,784","104,298,056",36.80,36.90,33.95,34.00,-2.50,"1,280",3017
 99/01/27,"3,529,369","118,363,378",34.00,34.40,32.90,33.30,-0.70,"1,254",3017
 99/01/28,"1,957,233","66,982,106",33.70,34.85,33.50,34.80,+1.50,876,3017
 99/01/29,"1,968,029","68,139,871",34.20,35.45,33.65,35.30,+0.50,884,3017
 99/02/01,"1,569,750","54,568,323",35.30,35.50,34.00,34.20,-1.10,620,3017
 99/02/02,"1,611,355","54,538,252",34.60,34.75,33.10,33.10,-1.10,734,3017
 99/02/03,"2,646,531","88,388,164",33.50,33.75,33.00,33.75,+0.65,"1,011",3017
 99/02/04,"2,372,064","80,668,781",33.75,34.45,33.55,34.15,+0.40,834,3017
 99/02/05,"2,333,900","75,254,513",32.65,33.30,31.80,31.80,-2.35,789,3017
 99/02/06,"3,036,691","92,331,911",32.05,32.10,29.60,30.80,-1.00,942,3017
 99/02/08,"3,014,318","94,000,863",30.40,31.80,30.05,31.80,+1.00,"1,071",3017
 99/02/09,"2,989,490","98,082,589",31.80,33.50,31.55,33.30,+1.50,"1,134",3017
 99/02/10,"4,395,905","149,660,736",33.80,34.35,33.35,34.30,+1.00,"1,277",3017
 99/02/22,"2,372,477","82,880,435",35.80,35.80,34.30,34.35,+0.05,781,3017
 99/02/23,"1,344,062","45,659,815",34.30,34.30,33.65,34.30,-0.05,520,3017
 99/02/24,"2,807,819","97,195,099",33.70,35.10,33.70,34.40,+0.10,948,3017
 99/02/25,"1,814,745","62,477,803",34.50,34.90,33.90,34.10,-0.30,756,3017
 99/02/26,"1,357,687","45,713,042",34.10,34.15,33.20,33.40,-0.70,524,3017
 99/03/01,"1,923,649","64,771,835",33.40,33.95,33.40,33.85,+0.45,753,3017
 99/03/02,"4,881,274","169,857,356",34.00,35.40,33.90,34.90,+1.05,"1,636",3017
 99/03/03,"2,152,212","74,198,625",34.50,35.15,34.15,34.20,-0.70,822,3017
 99/03/04,"2,373,727","81,760,160",33.95,34.90,33.90,34.20, 0.00,772,3017
 99/03/05,"1,174,023","40,578,137",34.80,34.80,34.40,34.50,+0.30,511,3017
 99/03/08,"1,986,996","69,243,100",34.80,35.05,34.60,34.90,+0.40,733,3017
 99/03/09,"2,498,458","87,766,869",35.00,35.40,34.70,35.10,+0.20,843,3017
 99/03/10,"2,965,794","102,623,477",35.00,35.25,34.35,34.40,-0.70,"1,361",3017
 99/03/11,"1,662,609","57,358,224",34.60,34.75,34.15,34.15,-0.25,630,3017
 99/03/12,"2,052,921","70,865,579",34.25,34.80,34.15,34.50,+0.35,680,3017
 99/03/15,"1,469,974","50,326,666",34.50,34.70,33.80,33.80,-0.70,550,3017
 99/03/16,"1,290,136","43,557,311",33.80,34.00,33.60,33.95,+0.15,510,3017
 99/03/17,"3,126,863","108,020,871",34.25,34.80,34.10,34.65,+0.70,"1,013",3017
 99/03/18,"8,129,492","289,411,008",34.75,36.40,34.60,35.65,+1.00,"2,764",3017
 99/03/19,"4,194,400","151,084,177",36.00,36.50,35.70,36.30,+0.65,"1,570",3017
 99/03/22,"2,684,653","96,725,950",36.25,36.40,35.55,36.00,-0.30,852,3017
 99/03/23,"4,848,160","177,749,035",36.20,37.30,36.00,36.20,+0.20,"1,702",3017
 99/03/24,"7,455,393","277,690,789",36.70,37.90,36.40,37.00,+0.80,"2,333",3017
 99/03/25,"4,183,943","155,825,327",37.00,37.65,36.70,37.35,+0.35,"1,353",3017
 99/03/26,"4,645,626","176,372,607",37.60,38.45,37.20,37.70,+0.35,"1,600",3017
 99/03/29,"2,967,013","111,017,881",37.80,38.15,37.00,37.15,-0.55,"1,164",3017
 99/03/30,"2,559,242","95,832,724",37.30,38.00,37.00,37.05,-0.10,985,3017
 99/03/31,"1,481,523","54,767,363",36.80,37.30,36.80,36.80,-0.25,599,3017
 99/04/01,"1,473,258","54,420,993",36.85,37.15,36.80,36.80, 0.00,578,3017
 99/04/02,"2,101,113","78,301,845",36.90,37.60,36.90,37.60,+0.80,766,3017
 99/04/06,"3,250,766","123,013,917",37.90,38.15,37.50,37.85,+0.25,"1,244",3017
 99/04/07,"4,105,323","156,304,999",37.85,38.50,37.55,37.90,+0.05,"1,311",3017
 99/04/08,"10,677,919","416,557,609",38.50,39.55,38.20,38.60,+0.70,"3,452",3017
 99/04/09,"3,759,240","146,419,461",39.00,39.30,38.65,38.80,+0.20,"1,045",3017
 99/04/12,"2,467,313","95,878,935",38.90,39.25,38.50,38.85,+0.05,661,3017
 99/04/13,"3,378,097","127,330,507",38.65,38.65,37.25,37.35,-1.50,965,3017
 99/04/14,"2,577,223","96,448,753",37.35,37.80,37.30,37.35, 0.00,746,3017
 99/04/15,"1,770,515","67,400,562",37.55,38.50,37.55,38.10,+0.75,649,3017
 99/04/16,"986,492","37,190,192",38.10,38.10,37.50,37.95,-0.15,422,3017
 99/04/19,"1,827,586","67,246,799",37.30,37.90,36.00,36.55,-1.40,671,3017
 99/04/20,"1,414,444","51,644,196",37.00,37.00,36.10,36.60,+0.05,491,3017
 99/04/21,"1,199,840","44,601,411",36.80,37.40,36.80,37.20,+0.60,469,3017
 99/04/22,"6,811,093","262,189,256",37.30,38.95,37.30,38.95,+1.75,"2,249",3017
 99/04/23,"5,312,520","207,161,584",39.15,39.45,38.20,38.40,-0.55,"1,556",3017
 99/04/26,"2,979,827","114,273,476",38.40,38.80,38.00,38.15,-0.25,931,3017
 99/04/27,"7,104,994","278,134,097",38.20,39.65,38.15,39.20,+1.05,"2,607",3017
 99/04/28,"19,700,561","788,558,764",38.40,40.70,38.30,39.90,+0.70,"6,025",3017
 99/04/29,"8,656,237","346,161,730",40.10,40.45,39.35,40.00,+0.10,"3,096",3017
 99/04/30,"7,455,438","296,856,282",40.00,40.30,39.35,39.40,-0.60,"2,641",3017
 99/05/03,"4,528,265","180,798,052",39.40,40.30,39.25,40.00,+0.60,"1,590",3017
 99/05/04,"14,042,458","576,435,027",40.70,41.75,40.30,41.60,+1.60,"5,149",3017
 99/05/05,"6,799,807","274,660,253",40.40,41.50,39.40,40.85,-0.75,"2,511",3017
 99/05/06,"6,726,500","271,351,400",40.85,41.00,39.10,39.35,-1.50,"2,303",3017
 99/05/07,"6,559,984","252,807,817",38.55,39.45,37.30,39.40,+0.05,"2,186",3017
 99/05/10,"3,177,301","126,126,106",39.40,40.15,38.80,39.90,+0.50,"1,296",3017
 99/05/11,"5,237,765","208,395,285",40.45,40.45,38.90,38.90,-1.00,"1,629",3017
 99/05/12,"2,287,269","88,616,905",39.10,39.45,38.40,38.45,-0.45,987,3017
 99/05/13,"8,083,424","324,046,342",39.20,40.50,39.00,40.35,+1.90,"2,599",3017
 99/05/14,"5,686,458","231,899,128",40.35,41.20,39.80,41.00,+0.65,"2,099",3017
 99/05/17,"3,738,634","150,943,560",40.80,41.25,39.50,40.00,-1.00,"1,514",3017
 99/05/18,"3,436,171","135,182,031",40.25,40.30,38.70,38.80,-1.20,"1,423",3017
 99/05/19,"3,394,805","133,150,325",38.60,39.85,38.40,39.60,+0.80,"1,437",3017
 99/05/20,"3,251,539","127,052,703",39.65,40.05,38.20,38.20,-1.40,"1,284",3017
 99/05/21,"2,794,909","102,013,003",36.70,37.00,36.20,36.40,-1.80,"1,119",3017
 99/05/24,"1,685,626","61,878,067",36.60,37.10,36.25,37.00,+0.60,670,3017
 99/05/25,"3,504,033","124,193,613",36.70,36.70,34.45,35.00,-2.00,"1,286",3017
 99/05/26,"2,730,997","98,183,236",35.50,36.70,35.30,36.55,+1.55,982,3017
 99/05/27,"1,603,180","59,152,310",36.55,37.25,36.20,37.00,+0.45,713,3017
 99/05/28,"2,392,770","90,026,351",37.80,37.95,37.40,37.65,+0.65,867,3017
 99/05/31,"2,009,645","75,384,207",37.55,37.90,37.00,37.45,-0.20,662,3017
 99/06/01,"1,576,304","58,794,530",37.55,37.60,37.10,37.10,-0.35,743,3017
 99/06/02,"1,139,396","42,061,171",37.00,37.40,36.55,36.55,-0.55,575,3017
 99/06/03,"2,801,339","105,882,794",37.40,38.10,37.15,37.75,+1.20,"1,024",3017
 99/06/04,"3,995,467","154,532,918",37.75,39.45,37.75,39.45,+1.70,"1,490",3017
 99/06/07,"1,617,656","61,732,308",38.50,38.70,37.90,38.20,-1.25,598,3017
 99/06/08,"1,204,701","46,504,228",38.25,38.90,38.20,38.70,+0.50,546,3017
 99/06/09,"3,874,787","149,024,192",38.90,39.80,37.35,37.35,-1.35,"1,329",3017
 99/06/10,"1,885,000","70,155,450",37.40,37.70,36.70,37.50,+0.15,651,3017
 99/06/11,"1,181,599","44,801,430",38.30,38.30,37.60,37.60,+0.10,502,3017
 99/06/14,"720,157","27,167,505",38.00,38.20,37.50,37.65,+0.05,359,3017
 99/06/15,"1,936,678","72,964,410",37.70,38.00,37.40,38.00,+0.35,675,3017
 99/06/17,"2,818,726","108,771,264",38.20,38.80,38.10,38.45,+0.45,"1,014",3017
 99/06/18,"3,275,557","127,267,659",38.65,39.20,38.50,38.80,+0.35,"1,268",3017
 99/06/21,"3,453,758","135,373,349",39.10,39.70,38.50,39.60,+0.80,"1,332",3017
 99/06/22,"1,256,244","49,302,735",39.40,39.50,39.05,39.25,-0.35,539,3017
 99/06/23,"3,135,995","124,002,694",38.80,40.10,38.80,39.80,+0.55,"1,229",3017
 99/06/24,"4,960,862","199,508,885",39.85,40.55,39.55,40.50,+0.70,"1,804",3017
 99/06/25,"2,473,689","98,823,709",40.05,40.40,39.30,40.30,-0.20,912,3017
 99/06/28,"2,043,190","81,447,902",40.50,40.50,39.15,39.90,-0.40,686,3017
 99/06/29,"2,097,750","82,616,649",39.90,40.20,38.80,39.50,-0.40,701,3017
 99/06/30,"1,930,580","73,796,762",37.00,39.00,37.00,38.90,-0.60,638,3017
 99/07/01,"2,789,883","105,816,093",38.90,39.30,37.20,37.80,-1.10,"1,051",3017
 99/07/02,"2,736,823","103,138,267",37.90,38.05,37.30,37.45,-0.35,"1,026",3017
 99/07/05,"1,510,877","56,954,667",37.45,37.95,37.45,37.80,+0.35,513,3017
 99/07/06,"3,022,987","116,470,091",37.75,39.35,37.60,39.20,+1.40,"1,067",3017
 99/07/07,"1,267,965","49,354,946",39.20,39.40,38.65,38.75,-0.45,560,3017
 99/07/08,"2,349,864","92,846,261",39.15,39.80,39.15,39.75,+1.00,921,3017
 99/07/09,"5,467,222","220,430,329",40.00,40.70,40.00,40.20,+0.45,"1,543",3017
 99/07/12,"1,311,490","52,548,000",40.30,40.40,39.70,39.75,-0.45,528,3017
 99/07/13,"2,878,171","115,247,102",40.00,40.50,39.55,39.55,-0.20,"1,089",3017
 99/07/14,"1,709,986","68,523,940",40.30,40.40,39.80,40.00,+0.45,621,3017
 99/07/15,"6,525,597","269,075,490",40.05,41.65,40.05,41.00,+1.00,"2,403",3017
 99/07/16,"2,012,270","81,689,556",41.20,41.45,40.00,40.05,-0.95,901,3017
 99/07/19,"1,250,111","49,688,736",39.80,40.00,39.55,39.70,-0.35,570,3017
 99/07/20,"1,702,739","68,261,220",40.10,40.40,39.70,40.15,+0.45,650,3017
 99/07/21,"2,794,706","110,819,564",40.30,40.30,39.40,39.60,-0.55,"1,132",3017
 99/07/22,"838,849","33,244,488",39.35,39.90,39.35,39.65,+0.05,387,3017
 99/07/23,"2,467,329","99,089,160",40.30,40.55,39.70,40.00,+0.35,885,3017
 99/07/26,"2,153,833","86,012,851",40.20,40.35,39.55,39.65,-0.35,714,3017
 99/07/27,"1,707,151","67,923,364",39.80,40.20,39.60,39.65, 0.00,596,3017
 99/07/28,"2,082,341","82,863,449",39.65,40.15,39.50,40.05,+0.40,738,3017
 99/07/29,"5,660,295","229,265,016",40.15,41.00,39.90,40.05, 0.00,"1,961",3017
 99/07/30,"2,734,611","107,758,215",39.90,39.90,38.80,38.80,-1.25,"1,110",3017
 99/08/02,"3,102,786","121,122,468",39.00,39.45,38.60,39.30,+0.50,"1,292",3017
 99/08/03,"3,700,216","143,171,012",39.50,39.50,38.30,38.50,-0.80,"1,439",3017
 99/08/04,"3,852,702","148,626,726",38.50,39.00,38.40,38.55,+0.05,"1,360",3017
 99/08/05,"2,022,274","78,366,798",38.65,39.00,38.50,38.60,+0.05,873,3017
 99/08/06,"2,296,615","87,951,089",38.50,38.65,38.05,38.20,-0.40,720,3017
 99/08/09,"1,708,579","65,608,138",38.10,38.80,38.05,38.55,+0.35,618,3017
 99/08/10,"1,163,605","44,667,586",38.90,38.90,38.15,38.25,-0.30,442,3017
 99/08/11,"2,636,140","99,594,899",38.05,38.10,37.50,37.50,-0.75,892,3017
 99/08/12,"1,036,446","38,952,095",37.45,37.80,37.10,37.70,+0.20,391,3017
 99/08/13,"1,484,103","56,745,796",37.80,38.50,37.80,38.50,+0.80,561,3017
 99/08/16,"1,674,689","64,002,182",38.50,38.60,38.00,38.30,-0.20,542,3017
 99/08/17,"3,598,572","139,530,361",38.30,39.30,38.10,38.90,+0.60,"1,378",3017
 99/08/18,"1,830,517","71,155,051",39.00,39.30,38.65,38.65,-0.25,710,3017
 99/08/19,"3,424,888","134,020,782",38.70,39.60,38.55,39.00,+0.35,"1,340",3017
 99/08/20,"1,681,424","65,385,388",39.00,39.25,38.70,38.70,-0.30,727,3017
 99/08/23,"2,368,772","90,926,207",38.75,38.80,38.05,38.25,-0.45,850,3017
 99/08/24,"2,471,560","95,011,452",38.70,38.75,38.15,38.50,+0.25,952,3017
 99/08/25,"2,223,902","84,023,721",38.20,38.25,37.50,37.65,-0.85,884,3017
 99/08/26,"851,122","31,939,097",37.65,38.00,37.30,37.35,-0.30,387,3017
 99/08/27,"1,463,409","54,774,824",37.65,37.85,37.10,37.15,-0.20,615,3017
 99/08/30,"3,127,166","115,541,945",37.50,37.65,36.60,36.60,-0.55,"1,006",3017
 99/08/31,"5,537,490","191,312,228",36.10,36.10,34.05,34.25,-2.35,"1,639",3017
 99/09/01,"2,855,887","98,110,915",34.10,34.70,34.10,34.35,+0.10,956,3017
 99/09/02,"3,576,646","126,603,456",34.70,36.00,34.70,36.00,+1.65,"1,458",3017
 99/09/03,"4,948,590","182,343,312",36.50,37.35,36.30,36.95,+0.95,"1,848",3017
 99/09/06,"2,394,407","88,867,134",37.40,37.50,36.80,36.95, 0.00,933,3017
 99/09/07,"2,847,605","103,944,608",37.20,37.20,36.10,36.45,-0.50,"1,284",3017
 99/09/08,"1,965,037","70,374,414",36.10,36.35,35.50,35.80,-0.65,889,3017
 99/09/09,"2,528,497","89,930,491",36.20,36.20,35.30,35.50,-0.30,920,3017
 99/09/10,"3,843,666","138,265,214",35.75,36.25,35.70,36.15,+0.65,"1,466",3017
 99/09/13,"3,772,711","130,604,283",34.50,34.90,34.30,34.75,X0.00,"1,337",3017
 99/09/14,"2,076,115","72,156,825",34.85,34.90,34.50,34.70,-0.05,808,3017
 99/09/15,"2,050,681","70,973,508",34.70,34.80,34.50,34.65,-0.05,751,3017
 99/09/16,"2,828,331","97,126,367",34.90,34.90,34.00,34.15,-0.50,"1,005",3017
 99/09/17,"3,798,786","129,624,464",34.30,34.45,33.80,34.40,+0.25,"1,424",3017
 99/09/20,"1,780,619","60,924,047",34.50,34.70,33.95,34.35,-0.05,828,3017
 99/09/21,"4,495,594","154,289,325",34.65,34.65,34.00,34.65,+0.30,"1,493",3017
 99/09/23,"8,547,002","304,461,066",34.70,36.10,34.65,35.60,+0.95,"3,011",3017
 99/09/24,"2,326,765","82,256,365",35.60,35.80,35.15,35.20,-0.40,"1,022",3017
 99/09/27,"2,114,329","74,488,996",35.60,35.70,35.00,35.10,-0.10,914,3017
 99/09/28,"1,949,244","67,684,323",35.00,35.00,34.60,34.70,-0.40,751,3017
 99/09/29,"9,055,162","320,010,683",34.85,36.20,34.50,36.20,+1.50,"2,608",3017
 99/09/30,"12,053,760","437,439,660",36.35,36.80,35.75,36.10,-0.10,"4,143",3017
 99/10/01,"3,068,321","109,548,877",36.10,36.15,35.35,35.40,-0.70,"1,313",3017
 99/10/04,"2,561,370","90,997,117",35.60,35.90,35.05,35.05,-0.35,"1,021",3017
 99/10/05,"4,510,243","155,294,589",34.95,35.00,34.05,34.50,-0.55,"1,604",3017
 99/10/06,"3,095,983","106,628,963",34.80,34.90,34.15,34.55,+0.05,"1,059",3017
 99/10/07,"2,164,172","74,581,913",34.50,34.75,34.25,34.35,-0.20,"1,029",3017
 99/10/08,"1,602,301","54,923,962",34.50,34.50,34.10,34.10,-0.25,661,3017
 99/10/11,"1,726,094","59,220,766",34.10,34.60,33.95,34.40,+0.30,607,3017
 99/10/12,"2,393,057","81,320,781",34.50,34.50,33.75,33.85,-0.55,851,3017
 99/10/13,"1,815,571","61,555,582",33.90,34.15,33.80,33.95,+0.10,675,3017
 99/10/14,"1,783,611","61,154,044",34.20,34.40,34.15,34.20,+0.25,754,3017
 99/10/15,"1,897,548","64,278,408",34.20,34.35,33.60,33.60,-0.60,715,3017
 99/10/18,"1,723,699","57,181,076",33.80,33.80,32.90,32.95,-0.65,568,3017
 99/10/19,"1,383,000","45,461,895",32.80,33.20,32.50,32.55,-0.40,566,3017
 99/10/20,"1,894,454","62,017,932",32.05,33.15,32.00,33.15,+0.60,761,3017
 99/10/21,"1,121,901","37,224,324",33.25,33.35,32.95,33.00,-0.15,507,3017
 99/10/22,"1,327,780","44,483,083",33.20,33.65,33.20,33.45,+0.45,598,3017
 99/10/25,"1,643,750","55,019,299",33.50,33.80,33.25,33.60,+0.15,687,3017
 99/10/26,"2,245,825","74,663,713",33.75,33.75,33.05,33.20,-0.40,714,3017
 99/10/27,"1,883,058","62,301,264",33.30,33.55,32.80,33.00,-0.20,605,3017
 99/10/28,"1,358,029","44,871,304",32.80,33.30,32.80,33.20,+0.20,606,3017
 99/10/29,"4,751,337","161,309,805",33.45,34.30,33.40,33.80,+0.60,"1,835",3017
 99/11/01,"5,160,269","178,574,749",34.05,35.00,34.05,34.40,+0.60,"2,035",3017
 99/11/02,"3,520,417","121,655,613",34.80,34.90,34.20,34.20,-0.20,"1,257",3017
 99/11/03,"3,006,093","100,833,464",34.40,34.50,33.10,33.10,-1.10,"1,001",3017
 99/11/04,"2,723,760","90,027,213",33.00,33.45,32.90,33.20,+0.10,"1,007",3017
 99/11/05,"1,340,789","44,611,364",33.45,33.65,33.15,33.20, 0.00,505,3017
 99/11/08,"2,269,034","73,983,044",33.00,33.00,32.30,32.45,-0.75,730,3017
 99/11/09,"1,657,690","53,887,972",32.70,32.70,32.40,32.65,+0.20,741,3017
 99/11/10,"1,316,464","42,623,461",32.65,32.65,32.30,32.40,-0.25,486,3017
 99/11/11,"1,864,706","60,703,564",32.40,32.75,32.20,32.70,+0.30,835,3017
 99/11/12,"1,223,021","39,499,579",32.50,32.50,32.20,32.35,-0.35,469,3017
 99/11/15,"1,140,668","36,461,226",32.30,32.30,31.80,31.85,-0.50,440,3017
 99/11/16,"794,846","25,408,825",31.85,32.10,31.85,32.00,+0.15,293,3017
 99/11/17,"1,450,414","46,670,271",31.80,32.45,31.65,32.45,+0.45,550,3017
 99/11/18,"608,999","19,754,767",32.60,32.65,32.20,32.30,-0.15,299,3017
 99/11/19,"1,080,513","35,001,519",32.60,32.60,32.10,32.10,-0.20,403,3017
 99/11/22,"912,270","29,367,816",32.25,32.40,32.05,32.20,+0.10,312,3017
 99/11/23,"1,675,444","53,651,836",32.20,32.30,31.80,31.85,-0.35,675,3017
 99/11/24,"903,408","28,634,710",31.60,31.90,31.50,31.65,-0.20,398,3017
 99/11/25,"3,443,187","111,696,347",32.00,32.85,31.65,32.45,+0.80,"1,251",3017
 99/11/26,"3,554,804","117,069,407",32.70,33.20,32.55,32.75,+0.30,"1,180",3017
 99/11/29,"1,935,639","63,610,706",33.10,33.15,32.70,32.85,+0.10,601,3017
 99/11/30,"5,843,579","197,193,057",33.00,34.10,32.90,33.85,+1.00,"1,814",3017
 99/12/01,"5,845,343","200,521,861",34.10,34.70,34.05,34.30,+0.45,"1,721",3017
 99/12/02,"4,365,206","150,282,076",34.50,34.80,34.20,34.30, 0.00,"1,374",3017
 99/12/03,"3,663,470","125,638,134",34.30,34.70,33.85,33.95,-0.35,"1,295",3017
 99/12/06,"2,713,150","91,999,148",34.20,34.20,33.65,33.70,-0.25,"1,236",3017
 99/12/07,"2,907,575","98,058,116",33.70,34.10,33.40,34.10,+0.40,"1,239",3017
 99/12/08,"2,210,155","75,583,684",34.20,34.45,33.85,34.15,+0.05,938,3017
 99/12/09,"15,943,560","571,013,576",34.65,36.50,34.30,35.60,+1.45,"5,086",3017
 99/12/10,"6,870,589","246,274,507",35.50,36.35,35.20,35.65,+0.05,"2,340",3017
 99/12/13,"4,983,009","180,036,266",36.00,36.35,35.70,36.00,+0.35,"1,533",3017
 99/12/14,"4,877,122","175,504,870",36.00,36.65,35.55,35.60,-0.40,"1,641",3017
 99/12/15,"3,873,606","135,361,736",35.60,35.80,34.60,34.95,-0.65,"1,325",3017
 99/12/16,"1,772,731","61,754,159",34.80,35.15,34.65,34.70,-0.25,768,3017
 99/12/17,"8,988,611","321,648,351",34.80,36.20,34.80,35.50,+0.80,"2,651",3017
 99/12/20,"2,078,745","73,039,048",35.60,35.90,34.90,35.10,-0.40,817,3017
 99/12/21,"1,950,395","68,460,950",35.10,35.25,35.00,35.20,+0.10,766,3017
 99/12/22,"2,368,303","83,452,547",35.60,35.60,35.00,35.20, 0.00,798,3017
 99/12/23,"8,063,623","290,770,913",35.30,36.40,35.25,35.85,+0.65,"2,650",3017
 99/12/24,"17,914,718","662,839,857",36.20,37.50,36.15,36.80,+0.95,"4,761",3017
 99/12/27,"4,150,725","150,146,300",36.80,36.80,35.95,36.00,-0.80,"1,533",3017
 99/12/28,"2,553,822","92,262,464",36.15,36.60,35.80,35.90,-0.10,896,3017
 99/12/29,"3,045,543","107,862,905",36.00,36.15,35.00,35.00,-0.90,"1,268",3017
 99/12/30,"1,875,138","65,473,669",35.55,35.55,34.65,34.85,-0.15,729,3017
 99/12/31,"2,413,673","83,970,543",35.00,35.05,34.50,34.50,-0.35,789,3017
100/01/03,"3,680,766","126,363,343",34.70,34.95,34.00,34.40,-0.10,922,3017
100/01/04,"3,022,631","104,064,456",34.75,34.75,34.15,34.65,+0.25,"1,148",3017
100/01/05,"2,262,715","77,579,028",34.50,34.60,33.90,34.10,X0.00,"1,072",3017
100/01/06,"2,381,012","81,235,883",34.30,34.35,33.90,34.10, 0.00,852,3017
100/01/07,"2,230,544","76,537,099",34.20,34.60,34.10,34.15,+0.05,879,3017
100/01/10,"3,812,026","127,202,269",34.25,34.25,32.95,33.40,-0.75,"1,469",3017
100/01/11,"2,894,215","96,665,019",33.35,33.75,33.20,33.60,+0.20,"1,149",3017
100/01/12,"2,887,292","96,923,653",33.60,33.85,33.35,33.75,+0.15,926,3017
100/01/13,"3,626,534","123,828,221",33.85,34.45,33.80,33.95,+0.20,"1,188",3017
100/01/14,"1,724,602","58,017,364",33.95,34.05,33.45,33.45,-0.50,688,3017
100/01/17,"2,076,411","69,182,109",33.70,33.80,33.10,33.25,-0.20,758,3017
100/01/18,"2,010,101","67,047,879",33.25,33.80,33.05,33.50,+0.25,778,3017
100/01/19,"3,565,691","120,674,614",33.70,34.10,33.45,33.90,+0.40,"1,200",3017
100/01/20,"2,744,081","93,249,675",33.90,34.25,33.70,33.75,-0.15,831,3017
100/01/21,"1,900,838","64,547,652",33.75,34.15,33.75,33.85,+0.10,757,3017
100/01/24,"1,725,311","57,916,581",33.95,33.95,33.40,33.45,-0.40,576,3017
100/01/25,"2,166,514","72,362,168",33.60,33.65,33.30,33.40,-0.05,578,3017
100/01/26,"786,040","26,217,369",33.40,33.55,33.25,33.40, 0.00,426,3017
100/01/27,"1,273,906","42,608,237",33.60,33.65,33.30,33.60,+0.20,465,3017
100/01/28,"1,368,646","45,756,557",33.60,33.75,33.30,33.40,-0.20,520,3017
100/02/08,"1,352,691","45,024,978",33.40,33.60,33.00,33.00,-0.40,486,3017
100/02/09,"2,150,474","69,892,693",33.10,33.20,32.00,32.05,-0.95,937,3017
100/02/10,"1,717,819","54,744,777",31.60,32.15,31.60,31.80,-0.25,628,3017
100/02/11,"3,026,692","94,483,152",31.80,32.05,30.50,30.75,-1.05,"1,020",3017
100/02/14,"4,789,916","147,705,234",30.75,31.10,30.65,30.75, 0.00,"1,312",3017
100/02/15,"2,674,925","83,072,054",30.75,31.45,30.55,31.00,+0.25,872,3017
100/02/16,"1,663,059","51,634,643",31.20,31.25,30.95,31.00, 0.00,654,3017
100/02/17,"5,639,794","181,559,292",31.30,32.70,31.30,32.10,+1.10,"2,102",3017
100/02/18,"1,889,454","60,675,425",32.40,32.55,31.85,31.90,-0.20,732,3017
100/02/21,"1,951,626","61,484,967",32.00,32.00,31.10,31.30,-0.60,725,3017
100/02/22,"4,589,660","141,604,761",31.50,31.50,30.50,30.75,-0.55,"1,955",3017
100/02/23,"2,863,126","87,111,239",30.65,30.85,29.90,30.10,-0.65,"1,000",3017
100/02/24,"2,703,918","81,929,142",30.00,30.60,30.00,30.05,-0.05,986,3017
100/02/25,"2,605,478","78,282,269",30.40,30.45,29.65,30.30,+0.25,911,3017
100/03/01,"3,005,938","93,188,978",30.60,31.25,30.50,31.00,+0.70,"1,372",3017
100/03/02,"8,177,172","263,418,644",31.20,32.75,31.00,32.50,+1.50,"3,050",3017
100/03/03,"17,165,582","579,778,122",33.30,34.25,33.30,33.60,+1.10,"5,617",3017
100/03/04,"7,472,470","251,845,344",33.80,34.10,33.30,33.90,+0.30,"2,659",3017
100/03/07,"11,734,481","404,474,375",33.95,34.85,33.90,34.45,+0.55,"3,717",3017
100/03/08,"5,827,227","200,223,707",34.45,34.80,34.00,34.00,-0.45,"1,965",3017
100/03/09,"17,235,916","605,124,807",34.50,35.60,34.20,34.90,+0.90,"5,476",3017
100/03/10,"9,753,607","340,964,202",34.85,35.30,34.50,35.30,+0.40,"3,276",3017
100/03/11,"16,315,051","582,520,470",35.00,36.20,34.90,35.45,+0.15,"5,375",3017
100/03/14,"8,736,621","301,592,468",35.45,35.45,34.00,34.70,-0.75,"2,653",3017
100/03/15,"11,742,922","391,651,070",34.70,35.30,32.30,32.30,-2.40,"3,193",3017
100/03/16,"7,059,472","224,824,168",32.90,32.95,31.15,32.05,-0.25,"2,361",3017
100/03/17,"5,811,904","182,238,848",30.85,32.00,30.60,31.70,-0.35,"1,793",3017
100/03/18,"6,402,931","209,359,666",31.95,33.10,31.95,32.95,+1.25,"2,171",3017
100/03/21,"4,727,246","156,213,988",33.00,33.50,32.70,33.00,+0.05,"1,724",3017
100/03/22,"4,635,785","154,062,911",33.10,33.55,32.95,32.95,-0.05,"1,745",3017
100/03/23,"10,198,852","348,314,398",33.10,34.60,32.90,34.55,+1.60,"3,579",3017
100/03/24,"9,693,871","331,344,061",34.70,35.10,33.50,34.45,-0.10,"3,156",3017
100/03/25,"5,141,461","175,088,952",34.50,34.60,33.75,33.75,-0.70,"2,038",3017
100/03/28,"3,202,352","106,854,866",33.90,33.90,33.00,33.00,-0.75,"1,223",3017
100/03/29,"2,968,385","97,623,175",32.60,33.45,32.45,32.55,-0.45,"1,267",3017
100/03/30,"1,982,337","65,084,198",32.60,33.10,32.55,32.65,+0.10,917,3017
100/03/31,"3,049,692","100,655,942",32.80,33.45,32.65,32.80,+0.15,"1,391",3017
100/04/01,"2,237,314","72,855,031",33.30,33.30,32.30,32.55,-0.25,991,3017
100/04/06,"3,060,565","100,356,578",32.50,33.05,32.45,32.80,+0.25,"1,183",3017
100/04/07,"2,986,950","99,229,686",33.15,33.45,32.70,33.15,+0.35,"1,259",3017
100/04/08,"6,722,660","227,292,327",33.30,34.25,33.05,33.90,+0.75,"2,425",3017
100/04/11,"3,569,568","121,009,111",34.05,34.20,33.55,33.70,-0.20,"1,365",3017
100/04/12,"2,097,675","69,586,203",33.50,33.50,32.95,33.05,-0.65,"1,009",3017
100/04/13,"1,419,402","47,341,565",33.00,33.60,32.85,33.50,+0.45,689,3017
100/04/14,"1,375,032","46,121,669",33.75,33.75,33.35,33.50, 0.00,569,3017
100/04/15,"3,431,344","116,087,717",33.95,34.15,33.50,33.50, 0.00,"1,290",3017
100/04/18,"2,220,286","74,804,728",33.90,34.10,33.30,33.30,-0.20,868,3017
100/04/19,"2,671,812","86,953,136",32.85,33.00,32.25,32.50,-0.80,"1,045",3017
100/04/20,"2,280,395","74,835,432",32.60,33.10,32.60,32.60,+0.10,993,3017
100/04/21,"2,540,516","83,686,319",32.70,33.20,32.70,32.75,+0.15,935,3017
100/04/22,"3,050,037","99,576,643",32.75,33.05,32.35,32.45,-0.30,"1,238",3017
100/04/25,"3,636,628","116,217,979",32.50,32.65,31.65,31.70,-0.75,"1,419",3017
100/04/26,"2,765,279","87,572,483",31.70,32.15,31.40,31.60,-0.10,"1,074",3017
100/04/27,"2,235,254","71,146,397",31.65,32.10,31.65,31.80,+0.20,802,3017
100/04/28,"1,969,702","62,828,097",32.30,32.30,31.65,31.70,-0.10,734,3017
100/04/29,"4,174,683","133,737,576",32.30,32.35,31.70,31.90,+0.20,"1,365",3017
100/05/03,"2,699,095","84,856,460",32.00,32.20,31.15,31.20,-0.70,974,3017
100/05/04,"1,407,307","44,037,348",31.20,31.60,31.20,31.45,+0.25,557,3017
100/05/05,"2,457,285","76,717,637",31.45,31.45,31.05,31.10,-0.35,847,3017
100/05/06,"2,477,334","77,353,317",31.10,31.75,30.90,31.15,+0.05,"1,077",3017
100/05/09,"2,625,901","83,081,374",31.30,31.85,31.30,31.60,+0.45,927,3017
100/05/10,"2,929,170","91,301,270",31.50,31.50,30.95,31.10,-0.50,883,3017
100/05/11,"4,632,758","147,261,006",31.20,32.15,31.20,32.00,+0.90,"1,913",3017
100/05/12,"2,976,837","95,242,046",32.00,32.20,31.85,32.05,+0.05,"1,284",3017
100/05/13,"10,523,368","349,597,970",33.00,33.60,33.00,33.05,+1.00,"3,826",3017
100/05/16,"2,177,793","71,648,471",33.05,33.25,32.65,32.70,-0.35,936,3017
100/05/17,"1,471,955","47,828,587",32.80,32.85,32.30,32.45,-0.25,583,3017
100/05/18,"9,048,106","300,947,944",32.45,33.70,32.45,33.50,+1.05,"3,476",3017
100/05/19,"5,114,355","171,389,868",33.60,33.80,33.20,33.60,+0.10,"1,968",3017
100/05/20,"4,658,363","155,770,659",33.80,33.80,33.10,33.25,-0.35,"1,628",3017
100/05/23,"4,372,036","145,378,426",33.45,33.70,32.80,32.80,-0.45,"1,739",3017
100/05/24,"2,880,800","93,971,408",32.80,33.15,32.25,32.40,-0.40,"1,158",3017
100/05/25,"3,149,719","100,886,058",32.30,32.40,31.85,31.90,-0.50,"1,129",3017
100/05/26,"2,112,375","67,746,609",32.05,32.30,31.90,31.90, 0.00,822,3017
100/05/27,"2,219,434","71,840,929",32.10,32.60,32.05,32.10,+0.20,914,3017
100/05/30,"1,527,425","49,514,432",32.35,32.55,32.10,32.55,+0.45,614,3017
100/05/31,"6,901,313","230,266,380",32.55,33.60,32.55,33.50,+0.95,"2,422",3017
100/06/01,"4,610,704","154,352,026",33.50,33.75,33.20,33.50, 0.00,"1,439",3017
100/06/02,"11,472,183","387,801,742",33.15,34.10,33.10,33.50, 0.00,"3,859",3017
100/06/03,"5,342,053","181,177,371",33.75,34.20,33.65,33.70,+0.20,"1,963",3017
100/06/07,"3,345,858","111,344,541",33.90,33.90,33.05,33.30,-0.40,"1,607",3017
100/06/08,"3,123,342","103,902,816",33.50,33.65,33.00,33.10,-0.20,"1,415",3017
100/06/09,"3,201,949","106,232,618",33.40,33.45,32.90,32.90,-0.20,"1,035",3017
100/06/10,"5,321,635","176,400,176",33.20,33.60,32.75,32.75,-0.15,"1,959",3017
100/06/13,"6,505,781","204,544,261",32.00,32.00,30.95,31.00,-1.75,"2,325",3017
100/06/14,"2,062,284","64,884,545",31.50,31.70,31.10,31.45,+0.45,874,3017
100/06/15,"1,965,343","62,050,604",31.80,31.85,31.25,31.80,+0.35,"1,067",3017
100/06/16,"2,215,451","70,393,932",31.80,31.90,31.50,31.85,+0.05,985,3017
100/06/17,"2,313,121","74,277,642",32.00,32.60,31.70,32.60,+0.75,911,3017
100/06/20,"2,647,025","83,734,330",32.70,32.75,30.90,31.05,-1.55,"1,062",3017
100/06/21,"2,489,657","76,381,376",31.20,31.45,30.20,31.00,-0.05,947,3017
100/06/22,"1,393,541","43,568,081",31.45,31.50,31.05,31.15,+0.15,622,3017
100/06/23,"1,049,101","32,647,910",31.15,31.35,30.95,31.05,-0.10,420,3017
100/06/24,"1,123,287","34,630,399",31.00,31.05,30.65,30.65,-0.40,435,3017
100/06/27,"1,196,554","36,473,812",30.30,30.85,30.15,30.55,-0.10,423,3017
100/06/28,"1,182,329","36,621,111",30.55,31.20,30.55,31.05,+0.50,490,3017
100/06/29,"1,241,996","38,726,919",31.35,31.35,31.00,31.10,+0.05,456,3017
100/06/30,"1,201,872","37,210,242",31.10,31.20,30.65,30.65,-0.45,556,3017
100/07/01,"2,449,265","77,116,527",31.05,31.85,31.05,31.25,+0.60,"1,021",3017
100/07/04,"1,193,580","37,404,680",31.40,31.55,31.15,31.15,-0.10,474,3017
100/07/05,"1,573,708","48,463,330",31.20,31.20,30.60,30.70,-0.45,706,3017
100/07/06,"1,288,988","40,023,278",30.70,31.30,30.70,30.90,+0.20,527,3017
100/07/07,"1,205,919","37,478,239",31.05,31.25,30.95,31.00,+0.10,439,3017
100/07/08,"2,080,330","63,881,894",31.00,31.10,30.50,30.55,-0.45,750,3017
100/07/11,"2,328,908","69,784,492",30.50,30.50,29.70,29.80,-0.75,927,3017
100/07/12,"3,926,483","111,548,439",29.00,29.35,27.80,27.80,-2.00,"1,355",3017
100/07/13,"3,208,442","87,879,045",27.80,28.50,26.00,27.05,-0.75,"1,203",3017
100/07/14,"2,896,050","76,751,543",27.15,27.50,25.95,26.50,-0.55,"1,127",3017
100/07/15,"2,656,929","71,353,783",26.50,27.20,26.30,27.05,+0.55,"1,052",3017
100/07/18,"1,500,285","40,355,901",27.20,27.20,26.70,26.80,-0.25,502,3017
100/07/19,"1,054,600","28,565,448",26.80,27.40,26.65,27.25,+0.45,594,3017
100/07/20,"1,277,915","35,174,201",27.50,27.70,27.40,27.50,+0.25,752,3017
100/07/21,"1,322,008","36,023,612",27.65,27.70,26.95,27.10,-0.40,519,3017
100/07/22,"2,193,007","60,827,142",27.20,28.10,27.20,27.95,+0.85,950,3017
100/07/25,"1,496,767","41,938,463",27.90,28.40,27.85,27.90,-0.05,607,3017
100/07/26,"1,293,166","36,050,477",27.90,28.15,27.65,27.70,-0.20,451,3017
100/07/27,"861,514","24,030,562",28.00,28.05,27.75,28.00,+0.30,366,3017
100/07/28,"1,342,992","37,002,178",28.00,28.00,27.35,27.40,-0.60,556,3017
100/07/29,"1,596,268","43,059,043",27.30,27.35,26.70,26.70,-0.70,619,3017
100/08/01,"877,210","23,672,170",26.80,27.25,26.80,27.00,+0.30,395,3017
100/08/02,"659,912","17,640,135",26.90,26.90,26.60,26.75,-0.25,321,3017
100/08/03,"2,545,401","65,578,276",26.45,26.50,25.35,25.80,-0.95,868,3017
100/08/04,"1,539,630","39,522,946",26.15,26.20,25.30,25.30,-0.50,630,3017
100/08/05,"2,310,747","54,418,236",23.55,23.70,23.55,23.55,-1.75,520,3017
100/08/08,"6,170,226","135,952,665",22.05,22.50,21.95,21.95,-1.60,"1,054",3017
100/08/09,"6,226,567","128,176,364",20.45,21.50,20.45,21.10,-0.85,"1,239",3017
100/08/10,"3,663,273","81,472,551",21.70,22.55,21.70,22.55,+1.45,"1,005",3017
100/08/11,"1,246,732","27,250,519",21.60,22.30,21.10,22.30,-0.25,570,3017
100/08/12,"2,066,615","47,129,798",23.00,23.20,22.45,22.55,+0.25,682,3017
100/08/15,"1,543,105","35,470,443",22.80,23.40,22.70,23.20,+0.65,572,3017
100/08/16,"2,346,187","55,366,513",23.70,23.80,23.40,23.45,+0.25,893,3017
100/08/17,"2,039,849","47,745,727",23.45,23.75,23.05,23.75,+0.30,800,3017
100/08/18,"4,433,197","106,004,374",23.85,24.25,23.70,23.75, 0.00,"1,637",3017
100/08/19,"2,385,549","53,846,077",22.70,22.95,22.30,22.35,-1.40,692,3017
100/08/22,"1,139,257","25,055,500",22.35,22.70,21.40,21.55,-0.80,470,3017
100/08/23,"1,059,451","23,524,227",21.90,23.00,21.75,22.85,+1.30,408,3017
100/08/24,"1,100,380","25,140,140",22.90,23.15,22.60,22.85, 0.00,426,3017
100/08/25,"1,166,786","26,673,304",23.00,23.15,22.30,22.30,-0.55,378,3017
100/08/26,"853,904","18,998,374",22.05,22.75,22.05,22.20,-0.10,341,3017
100/08/29,"653,500","14,813,150",22.20,22.90,22.20,22.80,+0.60,234,3017
100/08/30,"916,470","21,179,894",23.20,23.30,22.90,23.15,+0.35,404,3017
100/08/31,"3,268,862","77,975,489",23.30,24.30,23.25,24.30,+1.15,"1,199",3017
100/09/01,"3,539,784","86,245,370",24.50,24.65,24.10,24.65,+0.35,"1,045",3017
100/09/02,"5,482,555","136,889,739",24.70,25.20,24.70,24.80,+0.15,"2,011",3017
100/09/05,"1,208,453","29,154,309",24.30,24.30,23.90,24.15,-0.65,521,3017
100/09/06,"1,281,969","30,341,966",23.80,23.95,23.40,23.40,-0.75,519,3017
100/09/07,"869,084","20,669,151",23.60,23.95,23.60,23.80,+0.40,302,3017
100/09/08,"1,123,068","26,878,682",24.40,24.40,23.65,23.75,-0.05,429,3017
100/09/09,"805,802","19,163,948",23.80,23.95,23.60,23.70,-0.05,321,3017
100/09/13,"938,639","21,801,392",23.40,23.50,22.90,23.00,-0.70,382,3017
100/09/14,"1,330,200","30,504,248",23.20,23.30,22.50,23.00, 0.00,519,3017
100/09/15,"1,366,432","31,745,949",23.50,23.60,22.90,22.90,-0.10,454,3017
100/09/16,"1,617,147","37,839,467",23.10,23.70,23.10,23.60,+0.70,588,3017
100/09/19,"2,341,099","56,475,876",23.80,24.40,23.70,24.00,+0.40,907,3017
100/09/20,"992,108","23,813,323",24.15,24.20,23.70,24.20,+0.20,458,3017
100/09/21,"1,039,094","25,106,859",24.25,24.30,23.85,24.10,-0.10,425,3017
100/09/22,"1,373,104","32,605,396",24.00,24.00,23.60,23.70,-0.40,581,3017
100/09/23,"1,193,683","26,965,117",23.10,23.10,22.10,22.65,-1.05,605,3017
100/09/26,"2,183,529","48,787,981",22.95,23.15,21.55,21.60,-1.05,837,3017
100/09/27,"4,500,752","98,372,244",22.00,22.45,21.45,21.50,-0.10,"1,636",3017
100/09/28,"3,410,165","64,368,035",18.80,19.00,18.75,18.90,X0.00,"1,132",3017
100/09/29,"1,976,403","37,241,243",18.80,19.20,18.60,19.05,+0.15,601,3017
100/09/30,"980,574","18,656,881",19.10,19.25,18.85,19.05, 0.00,395,3017
100/10/03,"1,092,803","20,294,874",18.70,18.80,18.40,18.50,-0.55,420,3017
100/10/04,"1,453,123","26,374,799",18.30,18.30,17.90,18.20,-0.30,483,3017
100/10/05,"835,791","15,214,093",18.05,18.35,18.05,18.10,-0.10,277,3017
100/10/06,"623,936","11,468,826",18.35,18.50,18.25,18.30,+0.20,284,3017
100/10/07,"619,590","11,379,103",18.50,18.50,18.25,18.35,+0.05,272,3017
100/10/11,"1,319,672","24,711,314",18.65,18.90,18.55,18.80,+0.45,439,3017
100/10/12,"1,504,195","28,675,920",18.80,19.40,18.65,19.35,+0.55,633,3017
100/10/13,"2,275,140","44,819,521",19.50,19.90,19.30,19.65,+0.30,820,3017
100/10/14,"1,808,630","35,908,308",19.80,20.20,19.60,19.65, 0.00,662,3017
100/10/17,"875,245","17,357,711",19.90,19.95,19.70,19.75,+0.10,324,3017
100/10/18,"965,877","18,598,275",19.50,19.60,19.00,19.25,-0.50,362,3017
100/10/19,"596,800","11,466,109",19.25,19.40,19.00,19.15,-0.10,253,3017
100/10/20,"715,745","13,612,405",19.20,19.20,18.80,19.00,-0.15,303,3017
100/10/21,"529,914","10,047,568",19.10,19.10,18.85,18.90,-0.10,235,3017
100/10/24,"1,514,285","29,603,740",19.10,19.80,19.10,19.70,+0.80,574,3017
100/10/25,"3,522,233","72,337,031",19.90,21.00,19.75,20.75,+1.05,"1,433",3017
100/10/26,"3,867,233","81,623,883",20.50,21.40,20.35,21.25,+0.50,"1,515",3017
100/10/27,"3,834,323","83,640,568",21.75,22.00,21.50,21.90,+0.65,"1,454",3017
100/10/28,"2,800,549","60,297,479",22.00,22.30,20.95,21.15,-0.75,"1,028",3017
100/10/31,"1,493,928","31,406,651",21.20,21.40,20.80,20.80,-0.35,455,3017
100/11/01,"936,332","19,810,836",20.55,21.35,20.55,21.30,+0.50,462,3017
100/11/02,"2,700,200","58,562,789",21.00,22.00,20.85,21.95,+0.65,"1,154",3017
100/11/03,"4,387,800","97,057,959",22.00,22.50,21.60,21.95, 0.00,"1,654",3017
100/11/04,"4,246,967","97,559,686",22.60,23.15,22.60,23.05,+1.10,"1,409",3017
100/11/07,"2,009,307","45,702,861",23.05,23.20,22.55,22.75,-0.30,911,3017
100/11/08,"1,318,473","29,958,314",22.85,23.10,22.55,22.55,-0.20,557,3017
100/11/09,"2,036,506","45,831,132",22.55,22.75,22.30,22.30,-0.25,837,3017
100/11/10,"1,666,808","35,995,630",21.80,22.00,21.20,21.35,-0.95,669,3017
100/11/11,"1,185,721","25,524,762",21.35,21.80,21.20,21.70,+0.35,791,3017
100/11/14,"1,975,914","43,976,560",21.95,22.50,21.95,22.50,+0.80,"1,215",3017
100/11/15,"996,184","22,333,789",22.25,22.60,22.25,22.35,-0.15,664,3017
100/11/16,"1,351,254","29,974,576",22.45,22.60,21.90,21.90,-0.45,607,3017
100/11/17,"1,495,158","32,726,311",21.50,22.35,21.30,22.35,+0.45,811,3017
100/11/18,"1,348,485","29,655,613",22.00,22.25,21.75,21.75,-0.60,626,3017
100/11/21,"2,099,003","43,913,491",21.90,22.10,20.25,20.50,-1.25,992,3017
100/11/22,"1,263,378","25,393,460",20.50,20.75,19.55,19.90,-0.60,583,3017
100/11/23,"2,270,849","43,669,766",19.90,20.20,18.55,18.60,-1.30,743,3017
100/11/24,"1,754,748","32,846,528",18.20,19.35,18.20,19.25,+0.65,727,3017
100/11/25,"908,281","17,293,546",19.40,19.60,18.80,18.95,-0.30,405,3017
100/11/28,"1,332,127","25,882,212",19.00,19.70,19.00,19.50,+0.55,480,3017
100/11/29,"2,927,877","58,962,818",19.85,20.50,19.80,20.05,+0.55,806,3017
100/11/30,"802,605","15,846,472",20.00,20.20,19.05,19.30,-0.75,464,3017
100/12/01,"1,357,652","27,363,282",20.40,20.40,20.00,20.20,+0.90,566,3017
100/12/02,"3,163,190","65,342,527",20.00,21.40,20.00,20.85,+0.65,"1,284",3017
100/12/05,"897,092","18,525,299",20.85,20.85,20.40,20.80,-0.05,494,3017
100/12/06,"1,075,460","21,605,149",20.50,20.70,19.50,19.60,-1.20,526,3017
100/12/07,"376,026","7,460,848",19.70,20.15,19.70,19.75,+0.15,274,3017
100/12/08,"413,561","8,077,232",19.85,19.85,19.20,19.50,-0.25,246,3017
100/12/09,"495,086","9,610,508",19.20,19.80,18.95,19.75,+0.25,299,3017
100/12/12,"532,609","10,543,082",20.10,20.20,19.40,19.50,-0.25,313,3017
100/12/13,"435,603","8,445,415",19.20,19.50,19.20,19.40,-0.10,206,3017
100/12/14,"336,006","6,574,857",19.25,19.75,19.25,19.70,+0.30,200,3017
100/12/15,"652,164","12,616,277",19.40,19.70,19.20,19.20,-0.50,337,3017
100/12/16,"527,272","10,145,762",19.25,19.40,19.10,19.15,-0.05,241,3017
100/12/19,"1,566,434","28,666,562",19.10,19.10,17.85,17.90,-1.25,695,3017
100/12/20,"1,351,343","24,389,479",17.90,18.25,17.90,18.05,+0.15,515,3017
100/12/21,"1,438,442","27,585,410",19.30,19.30,18.95,19.30,+1.25,592,3017
100/12/22,"1,249,197","23,919,132",19.30,19.45,18.90,19.30, 0.00,500,3017
100/12/23,"2,354,901","47,150,533",19.60,20.40,19.50,20.25,+0.95,908,3017
100/12/26,"2,870,028","59,046,400",20.30,20.90,20.10,20.45,+0.20,"1,100",3017
100/12/27,"1,528,787","31,118,595",20.65,20.80,20.20,20.25,-0.20,667,3017
100/12/28,"1,418,272","28,219,208",20.10,20.10,19.70,19.75,-0.50,635,3017
100/12/29,"1,064,826","20,813,247",19.55,19.70,19.40,19.50,-0.25,513,3017
100/12/30,"748,693","14,686,609",19.65,19.85,19.50,19.50, 0.00,368,3017
101/01/02,"705,834","13,476,096",19.60,19.60,18.95,19.00,-0.50,344,3017
101/01/03,"983,094","18,924,748",19.15,19.35,19.10,19.35,+0.35,371,3017
101/01/04,"1,152,455","22,456,020",19.50,19.65,19.35,19.40,+0.05,428,3017
101/01/05,"1,028,416","20,053,804",19.40,19.65,19.35,19.50,+0.10,443,3017
101/01/06,"1,316,209","25,930,886",19.55,20.00,19.45,19.60,+0.10,649,3017
101/01/09,"1,162,395","22,332,400",19.60,19.60,19.05,19.20,-0.40,410,3017
101/01/10,"879,957","17,026,759",19.35,19.45,19.30,19.30,+0.10,372,3017
101/01/11,"1,368,892","26,781,331",19.50,19.75,19.40,19.60,+0.30,536,3017
101/01/12,"1,246,412","24,246,617",19.60,19.70,19.25,19.30,-0.30,399,3017
101/01/13,"1,708,031","32,514,273",19.40,19.40,18.80,18.80,-0.50,651,3017
101/01/16,"1,151,181","21,714,795",19.00,19.05,18.65,18.90,+0.10,438,3017
101/01/17,"1,932,960","37,471,948",19.00,19.70,18.90,19.70,+0.80,723,3017
101/01/18,"2,214,371","43,746,940",19.70,19.95,19.60,19.80,+0.10,815,3017
101/01/30,"1,881,326","38,090,124",20.20,20.50,20.10,20.25,+0.45,768,3017
101/01/31,"5,497,148","115,642,410",20.35,21.60,20.30,21.60,+1.35,"1,979",3017
101/02/01,"7,446,410","164,145,667",21.80,22.30,21.80,21.85,+0.25,"2,435",3017
101/02/02,"5,323,350","118,079,350",22.20,22.50,21.85,22.15,+0.30,"1,728",3017
101/02/03,"4,708,796","106,293,149",22.15,22.95,21.90,22.70,+0.55,"1,799",3017
101/02/04,"3,175,055","71,858,501",22.95,23.05,22.30,22.50,-0.20,"1,155",3017
101/02/06,"2,705,697","59,725,727",22.50,22.50,21.65,21.75,-0.75,"1,078",3017
101/02/07,"3,016,679","66,200,526",21.80,22.25,21.65,22.15,+0.40,"1,236",3017
101/02/08,"5,628,423","127,989,142",22.30,22.95,22.30,22.90,+0.75,"1,778",3017
101/02/09,"6,973,967","161,675,640",22.80,23.70,22.60,23.65,+0.75,"2,322",3017
101/02/10,"5,445,931","127,366,413",23.70,24.15,22.95,23.10,-0.55,"1,723",3017
101/02/13,"2,911,264","66,973,572",23.10,23.30,22.85,23.10, 0.00,"1,059",3017
101/02/14,"3,156,526","73,361,298",23.20,23.55,22.85,23.10, 0.00,"1,193",3017
101/02/15,"4,860,683","114,201,931",23.20,23.80,23.10,23.50,+0.40,"1,569",3017
101/02/16,"13,270,423","323,174,393",23.50,25.00,23.50,23.75,+0.25,"4,078",3017
101/02/17,"7,699,690","183,947,679",24.40,24.60,23.30,23.60,-0.15,"2,447",3017
101/02/20,"2,390,596","56,352,644",23.90,23.90,23.30,23.55,-0.05,952,3017
101/02/21,"3,178,175","75,662,300",23.55,24.00,23.50,23.95,+0.40,"1,147",3017
101/02/22,"3,407,937","81,514,535",23.95,24.25,23.70,23.75,-0.20,"1,361",3017
101/02/23,"3,500,239","82,219,718",23.75,23.95,23.15,23.25,-0.50,"1,285",3017
101/02/24,"3,266,042","75,590,595",23.10,23.50,22.85,22.95,-0.30,"1,128",3017
101/02/29,"3,668,255","83,587,654",23.00,23.15,22.50,22.65,-0.30,"1,342",3017
101/03/01,"1,887,968","43,279,953",22.65,23.10,22.65,22.95,+0.30,823,3017
101/03/02,"2,471,630","57,196,273",23.20,23.30,23.00,23.20,+0.25,950,3017
101/03/03,"3,437,506","80,534,899",23.20,23.80,23.00,23.70,+0.50,"1,221",3017
101/03/05,"3,309,796","78,097,707",23.70,23.90,23.30,23.35,-0.35,"1,127",3017
101/03/06,"4,016,553","90,284,019",23.10,23.35,22.05,22.30,-1.05,"1,456",3017
101/03/07,"2,851,781","63,753,016",21.70,22.80,21.60,22.55,+0.25,"1,073",3017
101/03/08,"2,687,339","61,112,903",22.60,23.00,22.55,22.55, 0.00,907,3017
101/03/09,"2,265,796","51,934,767",22.75,23.05,22.70,23.00,+0.45,934,3017
101/03/12,"2,563,327","59,222,867",23.05,23.45,22.75,22.75,-0.25,925,3017
101/03/13,"1,589,286","36,080,924",22.95,23.10,22.45,22.50,-0.25,683,3017
101/03/14,"3,125,963","71,926,784",22.90,23.30,22.70,23.00,+0.50,"1,104",3017
101/03/15,"1,292,673","29,611,573",23.05,23.05,22.80,22.85,-0.15,449,3017
101/03/16,"3,638,316","84,123,868",22.80,23.35,22.80,23.00,+0.15,"1,214",3017
101/03/19,"1,412,355","32,116,782",23.00,23.20,22.60,22.60,-0.40,617,3017
101/03/20,"1,604,067","35,918,231",22.65,22.75,22.20,22.30,-0.30,658,3017
101/03/21,"817,156","18,131,900",22.40,22.40,22.05,22.30, 0.00,429,3017
101/03/22,"2,852,267","63,666,167",22.20,22.60,22.10,22.30, 0.00,"1,008",3017
101/03/23,"1,177,348","26,069,427",22.30,22.30,22.05,22.10,-0.20,507,3017
101/03/26,"1,691,477","37,171,414",22.00,22.20,21.80,21.85,-0.25,825,3017
101/03/27,"1,497,725","32,528,102",21.95,22.05,21.55,21.60,-0.25,769,3017
101/03/28,"935,082","20,297,968",21.60,21.90,21.60,21.65,+0.05,484,3017
101/03/29,"3,516,220","72,223,272",21.60,21.60,20.15,20.15,-1.50,"1,188",3017
101/03/30,"2,225,964","44,633,530",20.10,20.20,19.80,20.00,-0.15,"1,068",3017
101/04/02,"2,060,052","40,434,948",20.00,20.00,19.45,19.45,-0.55,973,3017
101/04/03,"2,414,453","45,938,857",19.50,19.65,18.40,18.95,-0.50,"1,028",3017
101/04/05,"2,029,897","36,966,023",18.40,18.60,17.80,18.55,-0.40,871,3017
101/04/06,"1,490,696","28,196,122",18.60,19.15,18.45,19.15,+0.60,589,3017
101/04/09,"630,597","11,776,170",18.40,18.85,18.30,18.75,-0.40,336,3017
101/04/10,"1,103,720","20,915,280",18.90,19.25,18.70,18.85,+0.10,463,3017
101/04/11,"1,103,602","20,991,781",18.80,19.25,18.60,19.25,+0.40,526,3017
101/04/12,"4,382,067","86,678,010",19.50,20.15,19.25,19.65,+0.40,"1,698",3017
101/04/13,"2,192,915","43,644,019",19.95,20.15,19.70,19.80,+0.15,776,3017
101/04/16,"719,038","14,008,533",19.70,19.70,19.40,19.45,-0.35,340,3017
101/04/17,"959,040","18,302,801",19.45,19.70,18.80,18.85,-0.60,440,3017
101/04/18,"772,622","14,570,309",19.00,19.15,18.75,18.75,-0.10,378,3017
101/04/19,"556,679","10,405,141",18.75,18.80,18.55,18.75, 0.00,286,3017
101/04/20,"684,412","12,673,418",18.60,18.75,18.30,18.40,-0.35,323,3017
101/04/23,"600,814","10,912,820",18.20,18.40,18.05,18.15,-0.25,310,3017
101/04/24,"479,746","8,693,210",18.00,18.25,18.00,18.05,-0.10,264,3017
101/04/25,"453,330","8,299,735",18.20,18.40,18.15,18.30,+0.25,273,3017
101/04/26,"408,171","7,501,801",18.60,18.60,18.20,18.20,-0.10,216,3017
101/04/27,"1,083,346","19,485,866",18.30,18.40,17.80,17.95,-0.25,402,3017
101/04/30,"1,228,214","21,602,451",17.90,17.90,17.35,17.55,-0.40,499,3017
101/05/02,"1,379,592","24,805,269",17.60,18.30,17.50,18.20,+0.65,517,3017
101/05/03,"967,625","17,324,060",18.00,18.10,17.75,17.95,-0.25,384,3017
101/05/04,"958,437","17,232,154",17.90,18.15,17.80,18.10,+0.15,470,3017
101/05/07,"698,852","12,357,728",18.00,18.00,17.50,17.70,-0.40,253,3017
101/05/08,"316,581","5,654,071",17.90,18.00,17.75,17.80,+0.10,177,3017
101/05/09,"619,228","10,889,287",17.65,17.75,17.50,17.50,-0.30,259,3017
101/05/10,"447,407","7,843,289",17.55,17.70,17.40,17.50, 0.00,219,3017
101/05/11,"1,203,341","20,609,527",17.45,17.50,16.95,17.20,-0.30,433,3017
101/05/14,"922,922","15,458,435",17.20,17.20,16.50,16.85,-0.35,331,3017
101/05/15,"894,334","14,786,506",16.50,16.80,16.30,16.80,-0.05,340,3017
101/05/16,"793,225","13,102,759",16.60,16.80,16.30,16.65,-0.15,321,3017
101/05/17,"815,012","13,663,246",16.65,16.95,16.60,16.90,+0.25,378,3017
101/05/18,"975,901","15,896,843",16.45,16.55,16.15,16.20,-0.70,335,3017
101/05/21,"498,788","8,122,661",16.20,16.40,16.15,16.15,-0.05,212,3017
101/05/22,"722,155","11,701,047",16.30,16.35,16.10,16.15, 0.00,315,3017
101/05/23,"469,319","7,571,867",16.15,16.30,16.10,16.10,-0.05,207,3017
101/05/24,"1,109,296","17,431,778",16.10,16.25,15.30,15.75,-0.35,463,3017
101/05/25,"662,100","10,303,940",15.90,15.90,15.40,15.55,-0.20,241,3017
101/05/28,"511,728","7,886,877",15.30,15.60,15.20,15.55, 0.00,231,3017
101/05/29,"822,163","13,241,335",15.60,16.30,15.60,16.30,+0.75,355,3017
101/05/30,"373,143","5,990,089",16.30,16.30,16.00,16.05,-0.25,173,3017
101/05/31,"300,458","4,774,528",16.00,16.15,15.65,16.05, 0.00,146,3017
101/06/01,"379,461","6,013,034",16.00,16.10,15.65,15.75,-0.30,168,3017
101/06/04,"2,339,194","34,440,393",15.20,15.30,14.65,14.75,-1.00,492,3017
101/06/05,"2,036,821","29,951,816",15.00,15.10,14.30,14.65,-0.10,566,3017
101/06/06,"442,965","6,563,475",14.70,14.90,14.65,14.80,+0.15,229,3017
101/06/07,"594,051","8,936,011",15.10,15.20,14.85,14.85,+0.05,294,3017
101/06/08,"289,210","4,257,735",14.80,14.95,14.60,14.70,-0.15,140,3017
101/06/11,"467,305","7,006,804",14.85,15.10,14.85,15.05,+0.35,245,3017
101/06/12,"334,000","5,002,700",14.80,15.05,14.80,14.95,-0.10,192,3017
101/06/13,"387,951","5,829,515",15.10,15.15,14.90,15.00,+0.05,217,3017
101/06/14,"384,496","5,745,788",15.00,15.00,14.90,14.90,-0.10,187,3017
101/06/15,"3,411,186","49,075,672",14.90,15.10,14.05,14.05,-0.85,836,3017
101/06/18,"1,101,633","16,391,895",14.70,15.00,14.60,15.00,+0.95,468,3017
101/06/19,"2,463,227","38,026,003",15.00,15.80,14.90,15.45,+0.45,"1,130",3017
101/06/20,"1,061,099","16,401,924",15.45,15.60,15.30,15.45, 0.00,473,3017
101/06/21,"1,143,903","17,855,078",15.45,15.75,15.30,15.65,+0.20,569,3017
101/06/22,"605,789","9,389,706",15.40,15.80,15.20,15.60,-0.05,268,3017
101/06/25,"437,548","6,773,973",15.50,15.60,15.40,15.45,-0.15,218,3017
101/06/26,"818,736","12,398,361",15.40,15.45,14.90,15.00,-0.45,375,3017
101/06/27,"358,195","5,406,725",14.95,15.25,14.95,15.00, 0.00,180,3017
101/06/28,"274,670","4,157,132",15.20,15.35,15.05,15.05,+0.05,151,3017
101/06/29,"318,509","4,804,385",14.80,15.20,14.80,15.10,+0.05,174,3017
101/07/02,"710,200","10,922,285",15.20,15.55,15.20,15.45,+0.35,314,3017
101/07/03,"1,587,641","25,237,087",15.50,16.15,15.45,15.95,+0.50,683,3017
101/07/04,"936,382","15,110,232",16.10,16.25,16.00,16.20,+0.25,409,3017
101/07/05,"824,776","13,351,726",16.30,16.40,16.10,16.25,+0.05,312,3017
101/07/06,"575,101","9,193,743",16.25,16.25,15.80,15.90,-0.35,216,3017
101/07/09,"278,874","4,426,743",15.85,16.00,15.70,15.90, 0.00,130,3017
101/07/10,"426,484","6,773,594",15.90,16.20,15.70,16.00,+0.10,171,3017
101/07/11,"340,862","5,404,302",15.95,16.00,15.75,16.00, 0.00,143,3017
101/07/12,"386,497","6,095,701",16.00,16.00,15.70,15.80,-0.20,151,3017
101/07/13,"302,695","4,719,503",15.75,15.80,15.50,15.50,-0.30,140,3017
101/07/16,"391,891","6,081,672",15.70,15.70,15.45,15.45,-0.05,154,3017
101/07/17,"444,122","6,894,175",15.45,15.70,15.40,15.50,+0.05,199,3017
101/07/18,"224,192","3,471,844",15.60,15.60,15.40,15.45,-0.05,118,3017
101/07/19,"245,794","3,818,674",15.60,15.65,15.50,15.50,+0.05,113,3017
101/07/20,"383,890","5,955,250",15.55,15.65,15.40,15.45,-0.05,138,3017
101/07/23,"405,650","6,215,358",15.50,15.50,15.15,15.40,-0.05,168,3017
101/07/24,"434,200","6,568,079",15.20,15.30,15.05,15.15,-0.25,150,3017
101/07/25,"147,376","2,236,472",15.15,15.30,15.00,15.25,+0.10,105,3017
101/07/26,"351,119","5,283,172",15.25,15.30,15.00,15.00,-0.25,163,3017
101/07/27,"351,897","5,374,742",15.20,15.35,15.15,15.15,+0.15,171,3017
101/07/30,"270,940","4,157,832",15.25,15.45,15.25,15.30,+0.15,150,3017
101/07/31,"440,516","6,743,039",15.30,15.40,15.20,15.40,+0.10,201,3017
101/08/01,"261,710","4,033,060",15.40,15.55,15.30,15.40, 0.00,148,3017
101/08/03,"371,156","5,690,439",15.40,15.45,15.25,15.45,+0.05,174,3017
101/08/06,"376,192","5,778,922",15.55,15.60,15.25,15.35,-0.10,174,3017
101/08/07,"662,897","10,078,419",15.40,15.40,15.00,15.40,+0.05,260,3017
101/08/08,"399,286","6,179,179",15.50,15.60,15.35,15.60,+0.20,190,3017
101/08/09,"2,378,782","39,028,403",15.80,16.65,15.80,16.65,+1.05,878,3017
101/08/10,"4,152,223","71,068,601",16.90,17.65,16.80,17.10,+0.45,"1,463",3017
101/08/13,"1,297,701","22,127,382",17.10,17.25,16.85,17.15,+0.05,563,3017
101/08/14,"720,882","12,286,147",17.20,17.20,16.90,17.05,-0.10,311,3017
101/08/15,"905,635","15,524,761",17.00,17.35,16.95,17.35,+0.30,415,3017
101/08/16,"1,062,636","18,447,909",17.50,17.50,17.20,17.40,+0.05,502,3017
101/08/17,"823,753","14,284,296",17.40,17.50,17.20,17.30,-0.10,306,3017
101/08/20,"3,150,722","54,890,420",17.00,17.55,16.90,17.45,+0.15,777,3017
101/08/21,"1,043,144","18,093,156",17.45,17.50,17.15,17.15,-0.30,473,3017
101/08/22,"1,038,398","17,690,400",17.00,17.20,16.95,16.95,-0.20,407,3017
101/08/23,"1,713,936","28,449,985",16.65,16.80,16.40,16.55,-0.40,675,3017
101/08/24,"1,539,300","25,366,414",16.10,16.75,16.10,16.50,-0.05,499,3017
101/08/27,"631,486","10,372,966",16.50,16.65,16.35,16.40,-0.10,277,3017
101/08/28,"931,102","15,366,970",16.30,16.60,16.30,16.45,+0.05,489,3017
101/08/29,"640,738","10,573,951",16.45,16.60,16.45,16.50,+0.05,231,3017
101/08/30,"567,899","9,362,030",16.45,16.60,16.40,16.60,+0.10,194,3017
101/08/31,"1,402,494","23,419,496",16.50,16.80,16.45,16.60, 0.00,458,3017
101/09/03,"691,703","11,511,297",16.70,16.75,16.60,16.75,+0.15,296,3017
101/09/04,"825,898","13,821,403",16.80,16.85,16.65,16.70,-0.05,423,3017
101/09/05,"530,285","8,795,849",16.70,16.70,16.50,16.60,-0.10,226,3017
101/09/06,"7,631,491","133,587,555",16.60,17.75,16.50,17.50,+0.90,"2,283",3017
101/09/07,"6,676,094","119,925,950",17.50,18.30,17.40,17.80,+0.30,"2,261",3017
101/09/10,"2,076,521","36,434,779",17.80,17.80,17.40,17.45,-0.35,884,3017
101/09/11,"1,256,623","22,060,282",17.20,17.75,17.20,17.50,+0.05,499,3017
101/09/12,"1,059,235","18,623,883",17.65,17.75,17.45,17.45,-0.05,417,3017
101/09/13,"1,059,676","18,644,250",17.55,17.70,17.45,17.55,+0.10,423,3017
101/09/14,"1,532,220","27,055,514",17.80,17.85,17.45,17.50,-0.05,666,3017
101/09/17,"852,451","14,921,762",17.60,17.70,17.45,17.45,-0.05,370,3017
101/09/18,"1,582,085","27,564,011",17.45,17.60,17.30,17.40,-0.05,600,3017
101/09/19,"1,077,546","18,795,092",17.50,17.55,17.35,17.45,+0.05,452,3017
101/09/20,"889,114","15,526,238",17.50,17.65,17.35,17.60,+0.15,341,3017
101/09/21,"1,253,962","21,836,327",17.55,17.55,17.30,17.40,-0.20,507,3017
101/09/24,"3,330,481","57,637,757",17.40,17.50,17.15,17.25,-0.15,"1,030",3017
101/09/25,"1,643,777","26,407,146",15.95,16.20,15.95,15.95,X0.00,613,3017
101/09/26,"1,629,651","25,318,034",15.70,15.80,15.30,15.50,-0.45,605,3017
101/09/27,"714,564","11,050,914",15.50,15.55,15.30,15.55,+0.05,294,3017
101/09/28,"601,189","9,249,956",15.65,15.65,15.25,15.25,-0.30,275,3017
101/10/01,"275,872","4,226,025",15.20,15.45,15.15,15.35,+0.10,171,3017
101/10/02,"566,623","8,785,002",15.50,15.60,15.40,15.50,+0.15,251,3017
101/10/03,"473,143","7,380,367",15.60,15.65,15.55,15.65,+0.15,200,3017
101/10/04,"6,520,105","106,226,534",16.00,16.70,15.95,16.70,+1.05,"2,616",3017
101/10/05,"7,142,639","120,796,425",16.90,17.05,16.75,16.90,+0.20,"2,325",3017
101/10/08,"2,241,328","36,716,358",16.90,16.90,16.10,16.35,-0.55,764,3017
101/10/09,"1,184,373","18,923,419",16.40,16.40,15.75,15.75,-0.60,535,3017
101/10/11,"1,009,407","15,526,531",15.30,15.50,15.30,15.30,-0.45,529,3017
101/10/12,"884,422","13,458,203",15.30,15.45,15.10,15.30, 0.00,376,3017
101/10/15,"458,783","7,049,215",15.55,15.60,15.15,15.45,+0.15,236,3017
101/10/16,"826,329","12,733,491",15.55,15.60,15.30,15.45, 0.00,369,3017
101/10/17,"786,456","12,063,448",15.50,15.60,15.25,15.35,-0.10,379,3017
101/10/18,"757,658","11,563,211",15.35,15.55,15.15,15.35, 0.00,318,3017
101/10/19,"1,348,061","20,762,380",15.45,15.55,15.10,15.40,+0.05,414,3017
101/10/22,"602,573","9,117,998",15.30,15.30,15.05,15.10,-0.30,272,3017
101/10/23,"561,150","8,450,459",15.30,15.30,14.95,15.15,+0.05,229,3017
101/10/24,"619,130","9,165,117",14.50,14.95,14.50,14.80,-0.35,262,3017
101/10/25,"1,052,102","15,369,916",14.60,14.85,14.40,14.45,-0.35,408,3017
101/10/26,"2,195,663","30,198,364",14.45,14.45,13.45,13.55,-0.90,636,3017
101/10/29,"1,207,798","16,127,728",13.20,13.65,13.20,13.30,-0.25,428,3017
101/10/30,"553,055","7,485,474",13.50,13.70,13.40,13.50,+0.20,289,3017
101/10/31,"634,654","8,534,610",13.55,13.65,13.30,13.40,-0.10,234,3017
101/11/01,"698,081","9,133,305",13.30,13.40,12.70,13.10,-0.30,313,3017
101/11/02,"650,979","8,588,376",13.20,13.45,13.00,13.00,-0.10,289,3017
101/11/05,"484,868","6,252,645",13.00,13.00,12.75,12.95,-0.05,194,3017
101/11/06,"401,513","5,188,139",12.95,13.05,12.80,13.05,+0.10,195,3017
101/11/07,"318,609","4,167,386",13.00,13.20,12.95,13.20,+0.15,196,3017
101/11/08,"370,229","4,792,799",13.00,13.00,12.85,12.90,-0.30,177,3017
101/11/09,"729,166","9,615,221",12.70,13.40,12.70,13.40,+0.50,468,3017
101/11/12,"362,123","4,839,708",13.50,13.50,13.25,13.35,-0.05,275,3017
101/11/13,"497,325","6,556,485",13.35,13.45,13.00,13.30,-0.05,284,3017
101/11/14,"604,568","8,026,687",13.20,13.40,13.05,13.40,+0.10,287,3017
101/11/15,"2,447,011","33,997,766",14.25,14.25,13.60,13.70,+0.30,809,3017
101/11/16,"493,932","6,705,460",13.60,13.80,13.40,13.55,-0.15,304,3017
101/11/19,"532,917","7,130,361",13.60,13.70,13.15,13.55, 0.00,301,3017
101/11/20,"703,618","9,347,694",13.65,13.70,13.10,13.20,-0.35,293,3017
101/11/21,"560,011","7,273,676",13.20,13.30,12.80,12.85,-0.35,270,3017
101/11/22,"422,815","5,423,757",12.95,13.05,12.70,12.75,-0.10,234,3017
101/11/23,"741,364","9,606,574",12.80,13.05,12.80,13.05,+0.30,359,3017
101/11/26,"871,461","11,585,062",13.20,13.45,13.10,13.45,+0.40,387,3017
101/11/27,"716,168","9,704,295",13.50,13.70,13.45,13.45, 0.00,346,3017
101/11/28,"288,041","3,869,679",13.50,13.55,13.35,13.40,-0.05,215,3017
101/11/29,"804,132","10,890,106",13.50,13.70,13.45,13.45,+0.05,458,3017
101/11/30,"1,047,250","14,383,110",13.50,14.00,13.50,13.55,+0.10,502,3017
101/12/03,"1,188,385","16,421,118",13.60,14.00,13.60,13.90,+0.35,573,3017
101/12/04,"1,750,640","24,720,413",13.90,14.40,13.80,14.20,+0.30,737,3017
101/12/05,"1,000,524","14,172,373",14.30,14.35,13.95,14.25,+0.05,500,3017
101/12/06,"899,340","12,710,281",14.35,14.35,14.00,14.20,-0.05,459,3017
101/12/07,"1,146,148","15,985,367",14.20,14.20,13.80,13.80,-0.40,491,3017
101/12/10,"624,301","8,591,278",13.90,13.95,13.60,13.70,-0.10,262,3017
101/12/11,"1,301,885","17,204,158",13.70,13.75,12.95,13.35,-0.35,570,3017
101/12/12,"739,469","9,952,597",13.40,13.55,13.35,13.40,+0.05,485,3017
101/12/13,"756,331","10,334,648",13.40,13.75,13.40,13.75,+0.35,379,3017
101/12/14,"3,900,498","55,009,572",13.75,14.30,13.65,14.10,+0.35,"1,268",3017
101/12/17,"1,039,060","14,385,366",14.10,14.10,13.70,13.75,-0.35,498,3017
101/12/18,"399,568","5,495,971",13.75,13.85,13.65,13.80,+0.05,283,3017
101/12/19,"737,830","10,260,893",13.85,14.05,13.80,13.90,+0.10,317,3017
101/12/20,"359,456","4,971,914",13.90,13.95,13.75,13.75,-0.15,197,3017
101/12/21,"450,052","6,149,552",13.80,13.80,13.60,13.65,-0.10,187,3017
101/12/22,"291,303","3,987,723",13.70,13.80,13.60,13.65, 0.00,130,3017
101/12/24,"333,461","4,584,409",13.70,13.90,13.65,13.70,+0.05,147,3017
101/12/25,"1,133,295","15,833,494",13.70,14.10,13.60,13.95,+0.25,471,3017
101/12/26,"1,816,230","25,732,411",14.10,14.30,13.90,14.05,+0.10,645,3017
101/12/27,"4,786,452","68,916,586",14.10,14.60,14.10,14.60,+0.55,"1,482",3017
101/12/28,"10,430,426","158,154,272",14.80,15.55,14.50,15.50,+0.90,"2,821",3017
102/01/02,"10,058,680","160,124,133",15.75,16.40,15.70,16.40,+0.90,"2,815",3017
102/01/03,"11,063,255","180,142,725",16.50,16.65,16.00,16.20,-0.20,"3,226",3017
102/01/04,"4,995,920","80,123,106",16.15,16.25,15.85,16.05,-0.15,"1,532",3017
102/01/07,"2,812,854","44,838,519",16.00,16.15,15.75,15.85,-0.20,980,3017
102/01/08,"7,870,799","126,493,219",15.80,16.25,15.75,15.80,-0.05,"1,917",3017
102/01/09,"2,757,658","43,240,150",15.75,15.90,15.45,15.60,-0.20,"1,005",3017
102/01/10,"2,778,632","43,606,422",15.60,15.95,15.50,15.50,-0.10,"1,068",3017
102/01/11,"1,689,076","26,149,394",15.70,15.75,15.35,15.35,-0.15,658,3017
102/01/14,"1,975,271","30,779,668",15.25,15.80,15.25,15.60,+0.25,787,3017
102/01/15,"16,254,743","266,464,154",15.75,16.65,15.75,16.65,+1.05,"4,234",3017
102/01/16,"13,148,533","218,424,598",16.55,16.85,16.20,16.85,+0.20,"3,440",3017
102/01/17,"8,345,714","139,079,205",16.95,17.00,16.10,16.45,-0.40,"2,103",3017
102/01/18,"15,514,098","260,707,350",16.70,17.25,16.50,17.25,+0.80,"3,914",3017
102/01/21,"11,967,047","207,295,994",17.25,17.55,17.00,17.35,+0.10,"3,432",3017
102/01/22,"14,115,731","246,267,515",17.60,17.75,16.90,16.90,-0.45,"4,558",3017
102/01/23,"3,966,732","65,957,320",16.90,16.90,16.50,16.50,-0.40,"1,518",3017
102/01/24,"2,455,690","40,896,129",16.50,16.85,16.50,16.55,+0.05,991,3017
102/01/25,"2,601,750","42,316,008",16.65,16.70,16.00,16.05,-0.50,"1,049",3017
102/01/28,"1,365,307","22,023,816",16.05,16.30,16.05,16.05, 0.00,570,3017
102/01/29,"3,049,408","50,677,653",16.30,16.80,16.10,16.80,+0.75,"1,415",3017
102/01/30,"2,705,034","45,301,599",16.95,17.00,16.50,16.50,-0.30,"1,107",3017
102/01/31,"1,633,031","26,941,846",16.40,16.65,16.40,16.45,-0.05,752,3017
102/02/01,"2,613,798","43,643,535",16.45,16.85,16.45,16.55,+0.10,"1,094",3017
102/02/04,"1,914,179","31,975,985",16.75,16.90,16.50,16.50,-0.05,770,3017
102/02/05,"1,685,512","27,751,215",16.30,16.65,16.30,16.30,-0.20,761,3017
102/02/06,"1,531,137","25,275,127",16.50,16.65,16.30,16.40,+0.10,723,3017
102/02/18,"1,071,946","17,722,405",16.80,16.80,16.35,16.40, 0.00,456,3017
102/02/19,"1,458,595","24,081,735",16.40,16.65,16.35,16.65,+0.25,560,3017
102/02/20,"1,582,247","26,078,758",16.65,16.75,16.30,16.35,-0.30,677,3017
102/02/21,"1,369,696","22,082,259",16.30,16.35,16.05,16.05,-0.30,602,3017
102/02/22,"1,771,434","27,870,609",15.95,16.00,15.60,15.60,-0.45,810,3017
102/02/23,"1,068,670","16,785,721",15.80,15.90,15.60,15.65,+0.05,453,3017
102/02/25,"964,787","15,297,577",15.70,16.00,15.70,15.80,+0.15,442,3017
102/02/26,"784,783","12,295,869",15.75,15.85,15.60,15.60,-0.20,379,3017
102/02/27,"819,320","12,796,916",15.70,15.75,15.55,15.55,-0.05,356,3017
102/03/01,"3,661,896","59,877,475",15.80,16.60,15.60,16.40,+0.85,"1,559",3017
102/03/04,"1,406,113","22,785,657",16.45,16.50,16.00,16.00,-0.40,609,3017
102/03/05,"2,737,658","44,735,914",16.00,16.50,16.00,16.40,+0.40,946,3017
102/03/06,"1,459,722","23,847,424",16.50,16.55,16.10,16.10,-0.30,568,3017
102/03/07,"1,097,539","17,753,224",16.20,16.40,16.05,16.05,-0.05,474,3017
102/03/08,"1,072,479","17,297,674",16.10,16.35,16.00,16.00,-0.05,421,3017
102/03/11,"1,389,443","22,492,588",16.00,16.35,16.00,16.10,+0.10,491,3017
102/03/12,"937,859","15,150,720",16.20,16.30,16.00,16.20,+0.10,371,3017
102/03/13,"1,563,865","24,912,265",16.20,16.25,15.80,15.80,-0.40,622,3017
102/03/14,"572,669","9,000,178",15.80,15.80,15.65,15.70,-0.10,308,3017
102/03/15,"1,188,165","18,737,115",15.80,16.00,15.60,16.00,+0.30,496,3017
102/03/18,"1,225,751","19,010,561",15.85,15.85,15.35,15.40,-0.60,525,3017
102/03/19,"751,060","11,588,957",15.50,15.60,15.35,15.40, 0.00,340,3017
102/03/20,"1,407,272","21,984,547",15.40,15.85,15.30,15.75,+0.35,577,3017
102/03/21,"3,224,612","51,515,422",16.00,16.20,15.75,15.95,+0.20,"1,237",3017
102/03/22,"907,424","14,300,407",15.80,15.90,15.65,15.70,-0.25,400,3017
102/03/25,"834,136","13,026,359",15.75,15.80,15.50,15.55,-0.15,353,3017
102/03/26,"944,832","14,581,203",15.50,15.55,15.35,15.40,-0.15,450,3017
102/03/27,"1,210,278","18,623,393",15.40,15.50,15.30,15.30,-0.10,482,3017
102/03/28,"1,427,849","22,200,866",15.30,15.75,15.30,15.40,+0.10,498,3017
102/03/29,"630,026","9,708,635",15.50,15.50,15.30,15.40, 0.00,264,3017
102/04/01,"808,224","12,445,447",15.50,15.50,15.30,15.30,-0.10,292,3017
102/04/02,"414,354","6,345,006",15.30,15.40,15.20,15.30, 0.00,232,3017
102/04/03,"672,537","10,263,728",15.35,15.45,15.15,15.20,-0.10,305,3017
102/04/08,"1,880,454","26,803,262",14.65,14.80,14.15,14.15,-1.05,695,3017
102/04/09,"1,288,918","18,023,453",14.00,14.30,13.80,13.90,-0.25,468,3017
102/04/10,"435,053","6,101,292",13.95,14.15,13.95,14.00,+0.10,220,3017
102/04/11,"905,998","12,957,713",14.20,14.45,14.15,14.15,+0.15,414,3017
102/04/12,"575,791","8,130,188",14.25,14.40,13.95,14.00,-0.15,291,3017
102/04/15,"595,199","8,325,812",14.05,14.25,13.80,13.90,-0.10,280,3017
102/04/16,"1,339,241","18,828,193",13.65,14.25,13.65,14.20,+0.30,423,3017
102/04/17,"489,201","6,904,364",14.20,14.20,14.05,14.10,-0.10,203,3017
102/04/18,"643,797","9,062,012",14.10,14.20,13.95,13.95,-0.15,225,3017
102/04/19,"3,051,903","43,902,548",14.00,14.60,14.00,14.45,+0.50,873,3017
102/04/22,"841,747","12,040,551",14.35,14.45,14.20,14.20,-0.25,341,3017
102/04/23,"483,148","6,840,589",14.20,14.25,14.10,14.15,-0.05,219,3017
102/04/24,"1,384,314","19,957,869",14.20,14.55,14.20,14.30,+0.15,528,3017
102/04/25,"564,872","7,996,108",14.15,14.25,14.10,14.10,-0.20,271,3017
102/04/26,"1,253,592","17,768,738",14.15,14.30,14.10,14.10, 0.00,369,3017
102/04/29,"725,892","10,315,526",14.30,14.30,14.10,14.10, 0.00,264,3017
102/04/30,"618,201","8,780,946",14.15,14.30,14.10,14.20,+0.10,278,3017
102/05/02,"437,560","6,221,365",14.30,14.30,14.15,14.20, 0.00,214,3017
102/05/03,"999,240","14,339,195",14.25,14.45,14.25,14.25,+0.05,403,3017
102/05/06,"668,000","9,555,697",14.35,14.45,14.25,14.25, 0.00,256,3017
102/05/07,"438,615","6,233,913",14.30,14.30,14.15,14.15,-0.10,202,3017
102/05/08,"624,492","8,888,053",14.20,14.35,14.15,14.25,+0.10,319,3017
102/05/09,"887,256","12,751,398",14.30,14.45,14.25,14.35,+0.10,430,3017
102/05/10,"1,002,219","14,456,644",14.40,14.50,14.35,14.40,+0.05,437,3017
102/05/13,"610,442","8,743,119",14.40,14.45,14.25,14.25,-0.15,257,3017
102/05/14,"748,775","10,629,198",14.30,14.30,14.10,14.15,-0.10,265,3017
102/05/15,"4,678,511","69,359,549",14.25,15.10,14.25,14.80,+0.65,"1,402",3017
102/05/16,"1,810,580","26,560,177",14.80,14.80,14.55,14.60,-0.20,755,3017
102/05/17,"949,814","13,910,034",14.60,14.75,14.60,14.65,+0.05,351,3017
102/05/20,"1,426,781","21,054,972",14.65,14.90,14.60,14.80,+0.15,563,3017
102/05/21,"7,100,748","108,743,551",14.80,15.60,14.80,15.30,+0.50,"2,202",3017
102/05/22,"1,826,252","27,898,018",15.30,15.40,15.15,15.30, 0.00,632,3017
102/05/23,"8,784,939","132,565,379",15.10,15.35,14.60,14.95,-0.35,"1,834",3017
102/05/24,"4,156,393","62,379,191",14.95,15.15,14.75,14.80,-0.15,966,3017
102/05/27,"3,764,904","57,066,239",14.80,15.30,14.80,15.15,+0.35,"1,176",3017
102/05/28,"1,841,515","27,602,165",15.15,15.20,14.85,14.90,-0.25,596,3017
102/05/29,"3,931,292","60,022,001",14.95,15.40,14.95,15.20,+0.30,"1,271",3017
102/05/30,"2,337,779","35,592,660",15.15,15.35,15.05,15.20, 0.00,673,3017
102/05/31,"2,565,095","39,170,877",15.25,15.45,15.15,15.20, 0.00,715,3017
102/06/03,"2,930,969","44,997,963",15.15,15.50,15.10,15.40,+0.20,914,3017
102/06/04,"5,818,978","91,215,652",15.50,15.90,15.45,15.55,+0.15,"1,690",3017
102/06/05,"2,517,847","38,644,480",15.60,15.65,15.10,15.10,-0.45,849,3017
102/06/06,"2,103,762","31,331,910",14.95,15.10,14.75,14.85,-0.25,699,3017
102/06/07,"1,816,857","26,580,122",14.90,15.05,14.35,14.45,-0.40,642,3017
102/06/10,"660,460","9,642,416",14.60,14.75,14.50,14.60,+0.15,268,3017
102/06/11,"1,066,173","15,426,179",14.65,14.65,14.40,14.40,-0.20,373,3017
102/06/13,"871,256","12,391,907",14.40,14.40,14.10,14.10,-0.30,357,3017
102/06/14,"1,214,046","16,994,334",14.30,14.30,13.75,13.90,-0.20,417,3017
102/06/17,"369,410","5,195,529",13.90,14.15,13.90,14.10,+0.20,179,3017
102/06/18,"605,960","8,540,883",14.15,14.20,14.00,14.15,+0.05,225,3017
102/06/19,"706,743","9,987,202",14.30,14.30,14.05,14.05,-0.10,265,3017
102/06/20,"1,108,357","15,607,129",13.95,14.25,13.90,14.20,+0.15,401,3017
102/06/21,"1,752,601","24,252,714",13.80,14.10,13.65,14.10,-0.10,504,3017
102/06/24,"474,698","6,688,589",14.00,14.20,13.95,14.10, 0.00,174,3017
102/06/25,"1,048,884","14,526,503",14.10,14.10,13.70,13.80,-0.30,340,3017
102/06/26,"720,942","10,087,488",14.00,14.10,13.90,14.00,+0.20,256,3017
102/06/27,"805,950","11,399,033",14.20,14.30,14.00,14.30,+0.30,253,3017
102/06/28,"1,386,497","20,056,801",14.30,14.65,14.20,14.40,+0.10,467,3017
102/07/01,"2,312,144","34,420,331",14.60,15.00,14.60,14.85,+0.45,862,3017
102/07/02,"1,000,684","14,860,082",14.85,14.95,14.65,14.70,-0.15,344,3017
102/07/03,"2,146,245","32,207,871",14.70,15.15,14.70,14.85,+0.15,669,3017
102/07/04,"917,397","13,504,869",14.90,15.00,14.50,14.60,-0.25,338,3017
102/07/05,"765,837","11,272,223",14.65,14.85,14.60,14.65,+0.05,326,3017
102/07/08,"471,433","6,941,127",14.70,14.90,14.60,14.60,-0.05,207,3017
102/07/09,"894,623","13,029,231",14.60,14.70,14.45,14.55,-0.05,358,3017
102/07/10,"468,128","6,823,439",14.60,14.70,14.45,14.50,-0.05,212,3017
102/07/11,"746,760","10,914,763",14.60,14.70,14.55,14.55,+0.05,263,3017
102/07/12,"594,000","8,682,400",14.55,14.70,14.55,14.60,+0.05,188,3017
102/07/15,"723,520","10,749,662",14.70,14.90,14.65,14.85,+0.25,321,3017
102/07/16,"790,152","11,732,587",14.85,14.95,14.80,14.80,-0.05,347,3017
102/07/17,"1,166,571","17,396,043",14.80,15.00,14.80,14.85,+0.05,532,3017
102/07/18,"857,984","12,663,259",14.90,14.90,14.65,14.65,-0.20,403,3017
102/07/19,"1,053,554","15,233,801",14.70,14.70,14.35,14.35,-0.30,369,3017
102/07/22,"544,399","7,839,501",14.35,14.50,14.35,14.35, 0.00,201,3017
102/07/23,"2,586,476","38,563,785",14.40,15.20,14.40,14.95,+0.60,791,3017
102/07/24,"5,508,007","83,910,597",15.00,15.50,14.95,15.30,+0.35,"1,532",3017
102/07/25,"2,208,830","33,933,200",15.35,15.50,15.20,15.30, 0.00,627,3017
102/07/26,"1,995,313","30,808,593",15.45,15.65,15.25,15.30, 0.00,745,3017
102/07/29,"1,503,342","23,069,559",15.30,15.50,15.15,15.25,-0.05,510,3017
102/07/30,"2,387,605","36,749,303",15.25,15.55,15.25,15.40,+0.15,663,3017
102/07/31,"1,486,928","22,671,201",15.40,15.45,15.10,15.10,-0.30,442,3017
102/08/01,"672,385","10,250,509",15.20,15.40,15.10,15.15,+0.05,289,3017
102/08/02,"759,729","11,548,465",15.20,15.40,15.10,15.10,-0.05,314,3017
102/08/05,"673,081","10,175,209",15.05,15.25,15.05,15.15,+0.05,265,3017
102/08/06,"558,245","8,437,025",15.15,15.20,15.05,15.05,-0.10,196,3017
102/08/07,"1,109,723","16,928,178",15.60,15.60,15.05,15.10,+0.05,366,3017
102/08/08,"605,373","9,175,495",15.40,15.40,15.05,15.05,-0.05,223,3017
102/08/09,"603,256","9,117,006",15.10,15.20,15.05,15.10,+0.05,231,3017
102/08/12,"893,859","13,667,512",15.30,15.45,15.15,15.15,+0.05,344,3017
102/08/13,"1,126,710","17,260,771",15.30,15.40,15.20,15.30,+0.15,314,3017
102/08/14,"6,741,521","107,229,240",15.30,16.15,15.30,16.00,+0.70,"2,068",3017
102/08/15,"4,262,263","68,910,985",16.00,16.35,15.90,16.00, 0.00,"1,394",3017
102/08/16,"3,705,478","60,127,048",15.90,16.45,15.90,16.05,+0.05,"1,086",3017
102/08/19,"2,508,644","40,523,404",16.05,16.35,16.00,16.05, 0.00,795,3017
102/08/20,"10,437,802","174,524,875",16.05,17.10,15.90,16.60,+0.55,"3,403",3017
102/08/22,"3,517,760","58,717,477",16.55,16.90,16.40,16.70,+0.10,"1,225",3017
102/08/23,"4,861,793","80,763,830",16.85,16.90,16.35,16.80,+0.10,"1,222",3017
102/08/26,"3,173,883","53,257,449",16.90,16.90,16.65,16.70,-0.10,884,3017
102/08/27,"3,990,266","66,169,878",16.70,16.90,16.25,16.40,-0.30,963,3017
102/08/28,"2,222,706","35,976,181",16.10,16.40,16.00,16.30,-0.10,611,3017
102/08/29,"2,644,547","43,836,646",16.30,16.75,16.30,16.75,+0.45,743,3017
102/08/30,"9,185,399","157,954,777",16.90,17.45,16.90,17.15,+0.40,"2,474",3017
102/09/02,"3,244,245","55,550,765",17.20,17.30,17.00,17.15, 0.00,989,3017
102/09/03,"2,342,025","40,228,125",17.25,17.35,17.05,17.10,-0.05,756,3017
102/09/04,"3,442,301","57,609,645",17.10,17.15,16.30,16.50,-0.60,"1,035",3017
102/09/05,"3,076,088","51,237,147",16.55,16.90,16.50,16.70,+0.20,849,3017
102/09/06,"1,864,050","31,075,471",16.70,16.85,16.55,16.70, 0.00,590,3017
102/09/09,"1,545,016","25,578,504",16.85,16.85,16.45,16.45,-0.25,482,3017
102/09/10,"1,340,961","22,144,806",16.45,16.80,16.40,16.40,-0.05,422,3017
102/09/11,"1,297,526","21,204,595",16.40,16.60,16.15,16.35,-0.05,406,3017
102/09/12,"1,258,344","20,544,798",16.25,16.40,16.20,16.40,+0.05,702,3017
102/09/13,"1,639,184","26,382,794",16.15,16.40,16.00,16.05,-0.35,594,3017
102/09/14,"1,187,260","18,935,560",16.10,16.10,15.85,16.00,-0.05,441,3017
102/09/16,"1,659,089","27,116,398",16.10,16.50,16.10,16.45,+0.45,634,3017
102/09/17,"578,656","9,476,753",16.40,16.50,16.25,16.35,-0.10,266,3017
102/09/18,"1,284,524","21,177,163",16.35,16.60,16.30,16.55,+0.20,482,3017
102/09/23,"1,949,652","32,320,304",16.65,16.80,16.40,16.60,+0.05,560,3017
102/09/24,"1,419,570","23,479,121",16.45,16.70,16.45,16.50,X0.00,460,3017
102/09/25,"655,670","10,801,564",16.60,16.60,16.40,16.55,+0.05,273,3017
102/09/26,"3,119,170","51,825,213",16.60,16.80,16.20,16.70,+0.15,944,3017
102/09/27,"1,276,076","21,129,792",16.70,16.80,16.45,16.45,-0.25,437,3017
102/09/30,"1,020,508","16,646,799",16.35,16.55,16.15,16.25,-0.20,376,3017
102/10/01,"1,160,811","18,820,159",16.20,16.35,16.10,16.15,-0.10,378,3017
102/10/02,"799,384","12,885,606",16.15,16.25,16.05,16.10,-0.05,292,3017
102/10/03,"1,205,021","19,557,577",16.15,16.35,16.10,16.15,+0.05,328,3017
102/10/04,"1,063,701","17,325,000",16.15,16.45,16.10,16.45,+0.30,290,3017
102/10/07,"969,883","15,883,786",16.45,16.55,16.30,16.40,-0.05,332,3017
102/10/08,"3,649,429","60,417,248",16.40,16.70,16.15,16.50,+0.10,909,3017
102/10/09,"2,583,513","40,737,226",16.50,16.55,16.20,16.25,-0.25,367,3017
102/10/11,"960,975","15,546,650",16.30,16.45,16.05,16.05,-0.20,354,3017
102/10/14,"2,854,403","44,676,396",16.30,16.30,15.45,15.50,-0.55,797,3017
102/10/15,"936,313","14,643,911",15.50,15.75,15.50,15.60,+0.10,324,3017
102/10/16,"906,640","14,308,775",15.60,15.95,15.55,15.85,+0.25,370,3017
102/10/17,"489,233","7,767,882",15.90,16.00,15.80,15.95,+0.10,208,3017
102/10/18,"599,255","9,556,230",15.95,16.10,15.85,16.10,+0.15,238,3017
102/10/21,"998,609","16,277,544",16.15,16.35,16.15,16.30,+0.20,317,3017
102/10/22,"809,440","13,146,451",16.15,16.40,16.10,16.10,-0.20,344,3017
102/10/23,"1,120,007","17,925,905",16.20,16.20,15.85,16.15,+0.05,333,3017
102/10/24,"400,516","6,463,173",16.05,16.20,16.00,16.15, 0.00,175,3017
102/10/25,"958,126","15,331,969",16.10,16.25,15.75,15.75,-0.40,310,3017
102/10/28,"742,880","11,741,403",15.80,15.90,15.75,15.80,+0.05,273,3017
102/10/29,"926,810","14,836,188",15.80,16.15,15.80,15.85,+0.05,331,3017
102/10/30,"544,857","8,672,968",15.90,16.00,15.85,15.95,+0.10,231,3017
102/10/31,"13,028,885","219,642,933",16.05,17.05,15.90,17.05,+1.10,"2,338",3017
102/11/01,"22,948,203","395,096,482",17.25,17.50,16.80,16.80,-0.25,"5,423",3017
102/11/04,"3,390,028","56,244,454",16.80,16.80,16.40,16.50,-0.30,"1,233",3017
102/11/05,"4,034,704","68,368,761",16.55,17.20,16.50,16.75,+0.25,"1,329",3017
102/11/06,"5,918,153","101,390,186",16.80,17.45,16.50,17.45,+0.70,"1,410",3017
102/11/07,"15,121,584","267,340,455",17.45,17.90,17.30,17.70,+0.25,"4,038",3017
102/11/08,"6,278,681","110,393,243",17.70,17.80,17.40,17.40,-0.30,"1,617",3017
102/11/11,"8,019,690","141,721,145",17.60,17.90,17.30,17.50,+0.10,"1,938",3017
102/11/12,"5,698,470","96,188,718",17.45,17.45,16.40,16.55,-0.95,"1,714",3017
102/11/13,"1,581,940","26,254,542",16.75,16.85,16.40,16.50,-0.05,603,3017
102/11/14,"1,714,248","28,144,346",16.55,16.65,16.15,16.60,+0.10,652,3017
102/11/15,"1,224,874","20,210,327",16.70,16.70,16.40,16.45,-0.15,437,3017
102/11/18,"1,251,634","20,565,911",16.40,16.70,16.25,16.30,-0.15,419,3017
102/11/19,"1,104,643","18,176,356",16.35,16.60,16.30,16.50,+0.20,409,3017
102/11/20,"766,227","12,732,427",16.50,16.75,16.45,16.50, 0.00,380,3017
102/11/21,"2,030,515","33,952,970",16.50,16.95,16.50,16.70,+0.20,765,3017
102/11/22,"1,382,689","23,252,202",16.70,16.95,16.65,16.75,+0.05,565,3017
102/11/25,"3,101,461","52,896,110",17.00,17.25,16.80,17.05,+0.30,"1,094",3017
102/11/26,"2,603,093","44,930,683",17.15,17.40,17.10,17.20,+0.15,854,3017
102/11/27,"5,424,845","93,866,999",17.35,17.50,16.95,17.45,+0.25,"1,422",3017
102/11/28,"14,639,125","259,773,042",17.50,17.95,17.40,17.80,+0.35,"3,820",3017
102/11/29,"4,564,263","81,155,919",17.80,18.00,17.60,17.90,+0.10,"1,411",3017
102/12/02,"8,398,001","149,345,461",17.95,18.05,17.50,17.60,-0.30,"1,987",3017
102/12/03,"11,664,494","208,798,492",17.60,18.10,17.60,18.00,+0.40,"3,198",3017
102/12/04,"11,527,648","212,991,633",17.90,19.00,17.80,18.40,+0.40,"3,532",3017
102/12/05,"12,194,899","232,174,427",18.65,19.35,18.55,19.20,+0.80,"4,070",3017
102/12/06,"9,494,449","182,086,822",19.50,19.50,18.90,19.00,-0.20,"3,212",3017
102/12/09,"5,726,689","110,416,966",19.35,19.70,18.90,18.95,-0.05,"1,913",3017
102/12/10,"5,409,849","101,569,712",19.00,19.20,18.45,18.80,-0.15,"1,741",3017
102/12/11,"2,632,424","49,893,094",18.90,19.35,18.75,18.80, 0.00,"1,049",3017
102/12/12,"3,953,382","75,618,723",18.80,19.35,18.70,19.00,+0.20,"1,573",3017
102/12/13,"8,005,729","156,204,082",19.00,20.00,18.85,20.00,+1.00,"2,620",3017
102/12/16,"12,103,627","244,434,540",20.05,20.45,19.85,20.10,+0.10,"3,649",3017
102/12/17,"6,412,664","126,549,066",20.10,20.20,19.45,19.50,-0.60,"2,027",3017
102/12/18,"2,544,578","50,107,336",19.60,20.00,19.45,19.50, 0.00,"1,072",3017
102/12/19,"4,422,935","85,935,948",19.75,19.80,19.00,19.15,-0.35,"1,469",3017
102/12/20,"4,570,421","88,359,063",19.05,19.60,19.05,19.10,-0.05,"1,825",3017
102/12/23,"2,482,169","48,055,066",19.40,19.60,19.20,19.20,+0.10,990,3017
102/12/24,"3,082,766","59,252,354",19.40,19.60,19.05,19.10,-0.10,"1,212",3017
102/12/25,"2,332,073","44,932,036",19.15,19.50,19.10,19.20,+0.10,"1,003",3017
102/12/26,"2,413,807","46,163,010",19.35,19.35,19.05,19.05,-0.15,944,3017
102/12/27,"2,191,244","41,965,336",19.05,19.40,19.05,19.05, 0.00,873,3017
102/12/30,"5,132,663","100,678,792",19.15,19.80,19.15,19.60,+0.55,"1,948",3017
102/12/31,"16,219,939","330,215,592",19.80,20.80,19.50,20.30,+0.70,"4,905",3017
103/01/02,"7,485,902","153,211,485",20.30,20.75,20.05,20.50,+0.20,"3,058",3017
103/01/03,"15,224,065","324,617,128",20.40,21.85,20.35,21.85,+1.35,"4,586",3017
103/01/06,"12,548,097","268,985,011",21.95,22.10,20.75,20.90,-0.95,"4,073",3017
103/01/07,"5,225,015","110,485,965",20.90,21.40,20.90,21.10,+0.20,"1,832",3017
103/01/08,"7,740,761","167,467,521",21.40,22.10,21.20,21.60,+0.50,"2,717",3017
103/01/09,"8,832,768","194,761,255",21.95,22.50,21.60,21.60, 0.00,"2,957",3017
103/01/10,"4,678,760","100,004,586",21.65,21.90,21.10,21.15,-0.45,"1,558",3017
103/01/13,"2,900,026","61,192,731",21.50,21.50,20.85,20.90,-0.25,"1,153",3017
103/01/14,"1,980,753","41,544,640",20.90,21.25,20.80,20.90, 0.00,772,3017
103/01/15,"3,869,716","82,806,718",21.20,21.70,20.95,21.40,+0.50,"1,524",3017
103/01/16,"3,440,617","73,396,200",21.80,21.85,20.95,20.95,-0.45,"1,312",3017
103/01/17,"4,625,735","95,313,673",20.90,21.15,20.30,20.55,-0.40,"1,411",3017
103/01/20,"3,914,111","79,585,887",20.75,20.75,20.20,20.25,-0.30,"1,362",3017
103/01/21,"2,714,169","55,880,849",20.25,20.80,20.25,20.55,+0.30,"1,115",3017
103/01/22,"2,431,539","50,536,156",20.70,21.00,20.45,20.85,+0.30,961,3017
103/01/23,"3,128,521","65,816,451",20.85,21.30,20.80,20.90,+0.05,"1,163",3017
103/01/24,"1,305,537","27,002,976",21.00,21.00,20.55,20.55,-0.35,504,3017
103/01/27,"3,693,564","73,383,003",20.20,20.25,19.65,19.70,-0.85,"1,160",3017
103/02/05,"2,386,867","45,570,232",18.40,19.50,18.40,19.30,-0.40,896,3017
103/02/06,"2,455,538","47,962,911",19.30,19.70,19.30,19.50,+0.20,822,3017
103/02/07,"1,770,635","35,331,636",19.85,20.05,19.70,19.85,+0.35,728,3017
103/02/10,"1,374,273","27,364,255",20.10,20.20,19.65,19.65,-0.20,602,3017
103/02/11,"1,196,820","23,604,982",19.60,19.85,19.55,19.80,+0.15,455,3017
103/02/12,"1,189,846","23,556,823",20.00,20.05,19.70,19.70,-0.10,501,3017
103/02/13,"1,749,298","34,079,729",19.70,19.70,19.35,19.35,-0.35,624,3017
103/02/14,"1,995,560","39,076,858",19.50,19.90,19.35,19.45,+0.10,809,3017
103/02/17,"4,075,264","81,080,492",19.45,20.10,19.35,19.75,+0.30,"1,344",3017
103/02/18,"1,670,046","33,125,796",19.70,19.95,19.70,19.75, 0.00,630,3017
103/02/19,"1,365,456","26,964,800",19.95,20.00,19.60,19.85,+0.10,621,3017
103/02/20,"2,999,097","59,997,066",19.70,20.20,19.70,19.95,+0.10,"1,030",3017
103/02/21,"3,803,000","77,030,388",20.20,20.50,19.90,20.45,+0.50,"1,417",3017
103/02/24,"2,689,943","54,775,644",20.55,20.65,20.25,20.25,-0.20,"1,014",3017
103/02/25,"4,545,540","93,863,357",20.25,20.85,20.25,20.70,+0.45,"1,606",3017
103/02/26,"3,249,167","67,674,515",20.70,21.10,20.60,20.60,-0.10,"1,206",3017
103/02/27,"3,961,045","83,412,527",21.15,21.30,20.85,20.90,+0.30,"1,466",3017
103/03/03,"2,171,729","44,881,546",20.90,20.90,20.50,20.75,-0.15,911,3017
103/03/04,"3,805,108","79,831,441",20.65,21.20,20.50,20.90,+0.15,"1,315",3017
103/03/05,"12,707,784","278,793,197",21.20,22.35,21.10,22.00,+1.10,"3,883",3017
103/03/06,"18,646,465","434,042,382",22.40,23.50,22.40,23.50,+1.50,"4,976",3017
103/03/07,"19,714,057","470,364,473",24.10,24.60,22.75,23.15,-0.35,"6,240",3017
103/03/10,"4,726,462","109,262,728",23.25,23.70,22.75,23.35,+0.20,"1,790",3017
103/03/11,"5,644,383","132,402,468",23.60,23.80,23.05,23.30,-0.05,"1,955",3017
103/03/12,"4,951,172","115,706,561",23.35,23.80,22.90,23.60,+0.30,"2,044",3017
103/03/13,"4,998,109","116,823,082",23.80,23.80,23.15,23.50,-0.10,"1,717",3017
103/03/14,"8,054,650","192,051,689",23.40,24.30,23.20,23.60,+0.10,"2,520",3017
103/03/17,"4,252,559","101,208,630",23.90,24.15,23.55,23.70,+0.10,"1,357",3017
103/03/18,"3,795,318","89,485,195",24.00,24.20,23.25,23.40,-0.30,"1,340",3017
103/03/19,"5,297,562","122,719,197",23.40,23.90,22.70,22.75,-0.65,"1,913",3017
103/03/20,"5,218,699","115,651,338",22.20,22.45,21.95,22.10,-0.65,"1,812",3017
103/03/21,"4,550,932","100,005,915",22.50,22.50,21.70,21.70,-0.40,"1,509",3017
103/03/24,"5,196,884","110,419,226",21.50,21.90,20.25,21.80,+0.10,"1,785",3017
103/03/25,"3,420,672","76,462,164",22.00,22.70,21.85,22.50,+0.70,"1,302",3017
103/03/26,"6,095,835","140,878,855",23.00,23.35,22.85,23.00,+0.50,"2,227",3017
103/03/27,"2,539,270","57,848,347",23.10,23.15,22.55,22.70,-0.30,"1,022",3017
103/03/28,"2,210,386","49,533,703",22.90,22.90,22.15,22.15,-0.55,793,3017
103/03/31,"1,967,611","43,544,699",22.25,22.40,22.00,22.10,-0.05,742,3017
103/04/01,"1,520,881","33,938,002",22.10,22.55,22.05,22.30,+0.20,641,3017
103/04/02,"2,123,669","48,232,904",22.95,23.00,22.50,22.55,+0.25,811,3017
103/04/03,"1,740,794","38,962,981",22.55,22.65,22.20,22.55, 0.00,666,3017
103/04/07,"2,543,872","55,873,305",22.20,22.30,21.75,21.90,-0.65,933,3017
103/04/08,"1,249,253","27,364,566",21.90,22.20,21.60,22.10,+0.20,604,3017
103/04/09,"2,706,766","60,404,436",22.50,22.55,22.10,22.35,+0.25,"1,036",3017
103/04/10,"3,427,189","75,567,855",22.50,22.50,21.80,21.85,-0.50,"1,104",3017
103/04/11,"2,871,518","61,395,797",21.70,21.80,21.15,21.20,-0.65,"1,104",3017
103/04/14,"4,064,572","83,532,904",21.25,21.40,20.15,20.30,-0.90,"1,447",3017
103/04/15,"3,607,719","73,271,231",20.60,20.60,20.10,20.20,-0.10,"1,244",3017
103/04/16,"3,546,305","73,960,117",20.20,21.20,20.20,21.00,+0.80,"1,443",3017
103/04/17,"4,153,720","88,784,587",21.00,21.60,21.00,21.55,+0.55,"1,385",3017
103/04/18,"2,998,099","63,403,260",21.55,21.60,20.90,21.00,-0.55,969,3017
103/04/21,"2,575,700","53,149,214",21.10,21.20,20.35,20.70,-0.30,983,3017
103/04/22,"2,277,084","48,037,926",20.80,21.35,20.70,21.25,+0.55,946,3017
103/04/23,"1,838,930","38,966,225",21.30,21.40,21.00,21.05,-0.20,761,3017
103/04/24,"1,914,988","39,876,244",21.25,21.25,20.60,20.70,-0.35,681,3017
103/04/25,"3,170,204","63,294,156",20.70,20.70,19.60,19.75,-0.95,"1,073",3017
103/04/28,"3,020,275","58,422,960",18.85,19.55,18.85,19.45,-0.30,"1,026",3017
103/04/29,"1,920,658","38,353,360",19.60,20.30,19.60,20.00,+0.55,687,3017
103/04/30,"2,987,241","58,117,336",20.00,20.05,19.25,19.25,-0.75,"1,016",3017
103/05/02,"1,467,153","28,913,983",19.40,19.90,19.40,19.90,+0.65,634,3017
103/05/05,"1,806,104","36,585,875",20.20,20.50,19.90,20.45,+0.55,670,3017
103/05/06,"3,225,667","67,401,834",20.70,21.15,20.60,21.00,+0.55,"1,221",3017
103/05/07,"1,432,885","29,982,819",20.70,21.05,20.70,21.00, 0.00,572,3017
103/05/08,"3,512,448","74,134,489",21.20,21.30,20.80,21.30,+0.30,914,3017
103/05/09,"7,668,604","165,260,417",21.50,21.65,21.35,21.50,+0.20,"2,237",3017
103/05/12,"1,853,936","39,250,606",21.50,21.55,20.95,21.10,-0.40,855,3017
103/05/13,"1,474,936","30,851,766",21.20,21.35,20.70,20.80,-0.30,657,3017
103/05/14,"1,582,456","32,294,250",20.80,20.80,20.25,20.40,-0.40,566,3017
103/05/15,"1,753,891","35,428,022",19.95,20.50,19.95,20.50,+0.10,711,3017
103/05/16,"936,865","19,206,049",20.50,20.65,20.30,20.35,-0.15,410,3017
103/05/19,"2,304,036","46,458,970",20.40,20.60,20.00,20.00,-0.35,912,3017
103/05/20,"3,122,791","62,505,420",20.35,20.35,19.85,20.10,+0.10,993,3017
103/05/21,"3,870,143","80,557,866",20.30,21.10,20.30,20.90,+0.80,"1,630",3017
103/05/22,"8,058,006","170,007,320",21.00,21.60,20.65,21.15,+0.25,"2,239",3017
103/05/23,"15,670,343","350,152,865",21.35,22.60,21.20,22.60,+1.45,"4,049",3017
103/05/26,"22,091,682","523,420,113",22.85,24.15,22.85,24.15,+1.55,"6,457",3017
103/05/27,"14,347,767","347,055,842",24.20,24.80,23.75,24.10,-0.05,"4,655",3017
103/05/28,"9,439,678","229,630,566",24.30,24.80,23.90,24.40,+0.30,"3,055",3017
103/05/29,"5,832,287","141,644,836",24.65,24.70,24.10,24.20,-0.20,"1,783",3017
103/05/30,"13,876,626","343,524,149",24.50,25.40,24.15,25.30,+1.10,"4,274",3017
103/06/03,"12,238,357","313,306,773",25.60,26.10,25.10,25.20,-0.10,"3,858",3017
103/06/04,"5,379,345","136,621,840",25.20,25.80,25.10,25.25,+0.05,"2,036",3017
103/06/05,"14,776,143","358,363,932",25.30,25.50,24.00,24.00,-1.25,"4,089",3017
103/06/06,"10,789,129","255,195,990",24.00,24.25,23.20,24.20,+0.20,"3,658",3017
103/06/09,"4,508,428","109,539,243",24.50,24.55,24.10,24.10,-0.10,"1,476",3017
103/06/10,"3,407,295","81,928,163",24.10,24.55,23.60,23.90,-0.20,"1,323",3017
103/06/11,"2,811,425","67,649,426",24.00,24.30,23.95,24.00,+0.10,"1,127",3017
103/06/12,"7,804,969","182,414,573",24.00,24.10,22.95,23.30,-0.70,"2,457",3017
103/06/13,"5,913,269","138,196,616",23.30,23.70,23.05,23.35,+0.05,"2,174",3017
103/06/16,"5,511,793","128,975,142",23.40,23.70,22.95,23.30,-0.05,"1,730",3017
103/06/17,"5,265,832","124,332,595",23.35,23.85,23.25,23.55,+0.25,"1,824",3017
103/06/18,"10,578,239","255,487,915",23.70,24.50,23.60,24.25,+0.70,"4,090",3017
103/06/19,"4,104,456","98,771,462",24.25,24.35,23.90,24.05,-0.20,"1,846",3017
103/06/20,"7,446,215","174,131,219",24.05,24.15,23.00,23.15,-0.90,"2,834",3017
103/06/23,"6,278,128","141,620,686",23.20,23.30,22.10,22.30,-0.85,"2,376",3017
103/06/24,"2,396,315","54,360,191",22.35,22.85,22.30,22.70,+0.40,"1,131",3017
103/06/25,"2,283,173","51,096,876",22.70,22.70,22.25,22.55,-0.15,975,3017
103/06/26,"5,360,077","123,649,035",22.55,23.40,22.50,23.25,+0.70,"2,083",3017
103/06/27,"2,496,193","57,420,254",23.40,23.40,22.80,22.85,-0.40,929,3017
103/06/30,"2,730,739","62,087,468",23.00,23.00,22.40,22.80,-0.05,"1,038",3017
103/07/01,"7,375,805","172,926,321",22.95,23.75,22.90,23.75,+0.95,"2,426",3017
103/07/02,"12,473,175","298,531,000",24.00,24.40,23.40,23.40,-0.35,"3,635",3017
103/07/03,"9,184,839","221,309,586",23.40,24.40,23.40,24.05,+0.65,"3,469",3017
103/07/04,"8,313,747","202,064,004",24.20,24.60,23.80,24.30,+0.25,"2,542",3017
103/07/07,"7,638,936","186,697,491",24.30,24.70,24.00,24.35,+0.05,"2,843",3017
103/07/08,"2,805,459","67,737,066",24.40,24.40,24.00,24.05,-0.30,"1,051",3017
103/07/09,"6,264,442","150,940,676",24.00,24.50,23.55,24.05, 0.00,"2,363",3017
103/07/10,"3,202,563","77,548,579",24.10,24.50,23.95,23.95,-0.10,"1,285",3017
103/07/11,"7,079,766","165,218,942",24.05,24.10,22.80,23.10,-0.85,"2,206",3017
103/07/14,"2,814,429","66,513,678",23.30,23.95,23.15,23.60,+0.50,"1,246",3017
103/07/15,"2,878,780","68,980,520",23.80,24.25,23.70,23.85,+0.25,"1,145",3017
103/07/16,"2,513,168","59,045,314",24.00,24.00,23.25,23.35,-0.50,"1,097",3017
103/07/17,"2,249,045","52,547,143",23.40,23.65,23.25,23.35, 0.00,740,3017
103/07/18,"2,142,139","50,369,274",23.10,23.75,23.10,23.40,+0.05,794,3017
103/07/21,"3,496,213","83,629,607",23.60,24.10,23.60,23.85,+0.45,"1,271",3017
103/07/22,"1,149,689","27,383,272",23.85,24.00,23.60,23.85, 0.00,505,3017
103/07/24,"19,553,142","488,066,530",24.00,25.50,23.85,25.50,+1.65,"6,000",3017
103/07/25,"19,317,661","503,613,866",25.80,26.65,25.40,25.80,+0.30,"7,232",3017
103/07/28,"7,993,396","199,177,459",25.90,25.90,24.15,24.30,-1.50,"2,822",3017
103/07/29,"5,549,776","134,218,124",24.60,24.80,23.65,24.00,-0.30,"2,031",3017
103/07/30,"2,652,891","63,463,972",24.10,24.25,23.75,24.15,+0.15,"1,086",3017
103/07/31,"2,357,476","56,601,974",24.20,24.30,23.65,24.05,-0.10,936,3017
103/08/01,"1,578,728","37,703,556",23.50,24.05,23.50,24.05, 0.00,622,3017
103/08/04,"3,701,768","91,199,213",24.10,24.90,24.05,24.70,+0.65,"1,485",3017
103/08/05,"2,902,652","71,442,140",24.70,25.10,24.25,24.30,-0.40,"1,278",3017
103/08/06,"4,114,678","97,842,922",24.40,24.55,22.90,23.95,-0.35,"1,368",3017
103/08/07,"3,468,047","84,051,985",24.50,24.60,23.95,24.30,+0.35,"1,306",3017
103/08/08,"3,811,667","91,087,936",24.45,24.45,23.35,23.90,-0.40,"1,458",3017
103/08/11,"6,441,098","158,057,002",24.00,24.85,24.00,24.60,+0.70,"2,363",3017
103/08/12,"3,224,692","77,848,731",24.65,24.65,23.90,23.90,-0.70,"1,248",3017
103/08/13,"2,606,087","62,717,231",24.20,24.35,23.80,24.00,+0.10,991,3017
103/08/14,"2,631,248","64,145,922",24.30,24.75,24.00,24.20,+0.20,"1,121",3017
103/08/15,"1,469,086","35,629,069",24.00,24.55,23.90,24.20, 0.00,685,3017
103/08/18,"2,912,257","69,209,938",24.20,24.40,23.40,23.65,-0.55,"1,128",3017
103/08/19,"1,773,113","42,447,001",23.85,24.10,23.80,24.10,+0.45,643,3017
103/08/20,"6,687,920","158,214,668",24.10,24.30,23.45,24.25,+0.15,"1,790",3017
103/08/21,"8,557,544","205,535,029",24.15,24.45,23.35,23.60,-0.65,"2,176",3017
103/08/22,"2,051,916","48,772,156",23.80,23.95,23.60,23.80,+0.20,784,3017
103/08/25,"1,248,115","29,474,648",23.80,23.80,23.55,23.60,-0.20,550,3017
103/08/26,"3,087,193","74,073,936",23.65,24.25,23.60,23.90,+0.30,"1,182",3017
103/08/27,"3,001,760","72,824,958",24.20,24.45,23.95,24.15,+0.25,986,3017
103/08/28,"2,723,259","65,247,910",24.20,24.30,23.85,23.85,-0.30,932,3017
103/08/29,"2,140,034","51,873,561",23.85,24.45,23.85,24.15,+0.30,742,3017
103/09/01,"3,549,592","86,393,698",24.30,24.60,24.00,24.55,+0.40,"1,169",3017
103/09/02,"1,942,263","46,932,492",24.55,24.55,24.00,24.05,-0.50,949,3017
103/09/03,"2,504,064","60,131,619",24.30,24.30,23.65,24.00,-0.05,929,3017
103/09/04,"2,072,484","49,433,639",23.95,24.10,23.70,23.75,-0.25,880,3017
103/09/05,"2,389,637","56,668,810",23.50,23.85,23.50,23.70,X0.00,881,3017
103/09/09,"1,254,895","29,600,489",23.70,23.80,23.45,23.50,-0.20,534,3017
103/09/10,"1,580,483","36,648,550",23.45,23.45,23.00,23.20,-0.30,715,3017
103/09/11,"2,599,176","60,985,330",23.25,23.75,23.20,23.30,+0.10,966,3017
103/09/12,"3,285,467","75,126,094",23.30,23.40,22.60,22.85,-0.45,"1,124",3017
103/09/15,"845,653","19,253,854",22.85,23.00,22.65,22.70,-0.15,317,3017
103/09/16,"801,623","18,296,822",22.70,23.05,22.65,22.80,+0.10,351,3017
103/09/17,"3,256,339","75,680,861",23.00,23.35,22.95,23.15,+0.35,"1,281",3017
103/09/18,"2,428,051","56,630,380",23.20,23.50,23.20,23.45,+0.30,698,3017
103/09/19,"4,856,514","114,067,323",23.60,23.70,23.30,23.30,-0.15,"1,503",3017
103/09/22,"2,753,500","62,685,422",23.10,23.10,22.60,22.65,-0.65,"1,031",3017
103/09/23,"2,479,167","55,472,263",22.60,22.60,22.25,22.25,-0.40,821,3017
103/09/24,"1,299,826","28,956,015",22.20,22.40,22.15,22.25, 0.00,491,3017
103/09/25,"3,067,865","66,137,051",22.30,22.45,21.00,21.35,-0.90,"1,080",3017
103/09/26,"1,810,824","38,054,867",20.60,21.35,20.60,21.15,-0.20,654,3017
103/09/29,"1,142,548","24,303,984",21.20,21.45,21.15,21.25,+0.10,343,3017
103/09/30,"1,307,708","27,802,605",21.25,21.75,20.90,21.60,+0.35,577,3017
103/10/01,"821,885","17,804,918",21.60,21.90,21.40,21.50,-0.10,372,3017
103/10/02,"1,485,180","31,575,469",21.30,21.45,21.15,21.40,-0.10,514,3017
103/10/03,"1,678,584","36,354,042",21.45,21.80,21.40,21.50,+0.10,677,3017
103/10/06,"882,774","19,223,949",21.60,21.90,21.55,21.75,+0.25,445,3017
103/10/07,"818,871","17,584,761",21.70,21.70,21.30,21.30,-0.45,435,3017
103/10/08,"1,269,308","26,946,695",21.20,21.45,21.05,21.20,-0.10,332,3017
103/10/09,"1,828,534","38,304,174",21.35,21.40,20.55,20.65,-0.55,628,3017
103/10/13,"3,936,858","76,569,815",19.75,19.75,19.25,19.25,-1.40,"1,071",3017
103/10/14,"6,960,877","127,976,273",18.80,19.00,17.95,18.80,-0.45,"1,857",3017
103/10/15,"1,760,414","32,684,232",18.60,18.75,18.40,18.65,-0.15,693,3017
103/10/16,"2,733,369","51,426,982",18.20,19.40,18.05,19.30,+0.65,"1,034",3017
103/10/17,"4,831,232","91,265,576",19.35,19.50,18.00,18.00,-1.30,"1,731",3017
103/10/20,"1,959,299","36,116,164",18.60,18.60,18.20,18.45,+0.45,965,3017
103/10/21,"1,903,000","35,839,850",18.65,19.10,18.50,18.60,+0.15,764,3017
103/10/22,"5,649,379","111,446,887",19.05,19.90,18.85,19.90,+1.30,"1,867",3017
103/10/23,"3,624,231","72,250,042",19.90,20.25,19.60,19.70,-0.20,"1,564",3017
103/10/24,"1,563,255","30,446,085",19.90,19.90,19.35,19.35,-0.35,674,3017
103/10/27,"1,737,193","32,832,251",19.60,19.60,18.60,18.95,-0.40,759,3017
103/10/28,"2,109,450","40,428,647",19.20,19.60,18.80,19.55,+0.60,888,3017
103/10/29,"1,237,062","24,370,326",19.65,19.95,19.35,19.80,+0.25,578,3017
103/10/30,"8,908,335","183,979,183",20.10,21.15,19.90,20.80,+1.00,"3,256",3017
103/10/31,"2,367,617","48,774,481",20.70,20.75,20.35,20.70,-0.10,"1,250",3017
103/11/03,"2,692,874","56,521,875",20.70,21.20,20.70,20.80,+0.10,"1,382",3017
103/11/04,"1,894,499","39,408,251",20.85,21.00,20.65,20.85,+0.05,702,3017
103/11/05,"766,866","15,946,323",20.85,21.00,20.65,20.70,-0.15,385,3017
103/11/06,"906,245","18,486,997",20.80,20.80,20.25,20.30,-0.40,475,3017
103/11/07,"657,764","13,500,649",20.20,20.60,20.20,20.60,+0.30,296,3017
103/11/10,"1,871,622","39,257,962",20.80,21.10,20.80,21.00,+0.40,792,3017
103/11/11,"1,459,622","30,668,684",21.00,21.15,20.85,21.15,+0.15,617,3017
103/11/12,"951,992","19,836,184",21.15,21.15,20.65,20.70,-0.45,465,3017
103/11/13,"10,054,365","215,965,709",20.95,21.80,20.95,21.65,+0.95,"3,348",3017
103/11/14,"7,417,460","160,532,500",21.65,21.85,21.35,21.85,+0.20,"2,116",3017
103/11/17,"4,889,790","106,012,545",21.85,21.90,21.30,21.30,-0.55,"1,735",3017
103/11/18,"2,847,495","59,775,816",21.40,21.40,20.80,20.90,-0.40,"1,213",3017
103/11/19,"4,507,017","95,440,559",20.95,21.25,20.90,21.25,+0.35,"1,398",3017
103/11/20,"4,665,977","100,511,743",21.25,21.75,21.10,21.70,+0.45,"1,813",3017
103/11/21,"3,207,233","68,703,497",21.70,21.75,21.25,21.25,-0.45,"1,118",3017
103/11/24,"4,525,870","96,907,677",21.35,21.75,21.00,21.75,+0.50,"1,411",3017
103/11/25,"8,463,099","186,595,496",22.10,22.30,21.75,21.75, 0.00,"3,104",3017
103/11/26,"3,036,412","66,090,040",21.85,22.05,21.60,21.60,-0.15,"1,090",3017
103/11/27,"1,902,212","40,983,158",21.60,21.85,21.40,21.40,-0.20,800,3017
103/11/28,"3,162,271","67,161,369",21.50,21.50,21.05,21.40, 0.00,"1,074",3017
103/12/01,"2,635,206","56,195,183",20.85,21.65,20.80,21.30,-0.10,"1,047",3017
103/12/02,"1,583,990","33,796,535",21.25,21.50,21.15,21.45,+0.15,650,3017
103/12/03,"5,011,595","110,195,755",21.50,22.30,21.50,22.30,+0.85,"1,956",3017
103/12/04,"10,813,981","244,373,867",22.40,22.95,22.10,22.35,+0.05,"3,853",3017
103/12/05,"2,484,160","55,450,170",22.30,22.50,22.05,22.35, 0.00,"1,200",3017
103/12/08,"7,090,000","162,077,148",22.50,23.10,22.50,22.75,+0.40,"2,461",3017
103/12/09,"3,071,621","70,221,818",22.75,23.20,22.55,22.55,-0.20,"1,489",3017
103/12/10,"2,922,121","65,083,821",22.50,22.75,22.00,22.10,-0.45,"1,112",3017
103/12/11,"1,388,071","30,869,468",22.15,22.50,21.95,22.20,+0.10,632,3017
103/12/12,"1,383,862","30,989,556",22.45,22.50,22.30,22.45,+0.25,615,3017
103/12/15,"1,055,903","23,479,840",22.00,22.45,22.00,22.25,-0.20,584,3017
103/12/16,"4,105,386","93,006,307",22.20,22.95,22.10,22.80,+0.55,"1,403",3017
103/12/17,"6,464,202","148,022,379",22.80,23.05,22.60,23.05,+0.25,"1,959",3017
103/12/18,"21,903,353","516,313,313",23.40,23.80,23.25,23.70,+0.65,"6,121",3017
103/12/19,"9,493,026","223,537,448",24.10,24.10,23.15,23.30,-0.40,"2,961",3017
103/12/22,"9,633,683","227,562,941",23.35,23.95,23.35,23.95,+0.65,"2,563",3017
103/12/23,"7,331,622","174,159,540",24.00,24.10,23.55,23.55,-0.40,"2,267",3017
103/12/24,"4,907,220","116,226,432",23.55,23.90,23.40,23.90,+0.35,"1,566",3017
103/12/25,"7,914,958","190,356,550",23.85,24.25,23.70,23.80,-0.10,"2,631",3017
103/12/26,"16,371,061","398,797,686",24.00,24.85,23.85,24.75,+0.95,"4,629",3017
103/12/27,"11,353,469","282,644,991",24.75,25.20,24.55,25.10,+0.35,"3,865",3017
103/12/29,"7,511,026","185,004,172",24.90,24.90,24.35,24.35,-0.75,"2,753",3017
103/12/30,"7,095,353","174,980,176",24.45,24.95,24.35,24.50,+0.15,"2,462",3017
103/12/31,"14,787,418","366,914,111",24.80,25.30,24.25,24.55,+0.05,"4,905",3017
104/01/05,"5,311,079","130,325,967",24.20,24.80,24.15,24.40,-0.15,"1,988",3017
104/01/06,"7,202,150","176,709,432",24.30,24.75,24.20,24.40, 0.00,"2,991",3017
104/01/07,"12,463,646","312,723,000",24.70,25.50,24.60,25.10,+0.70,"4,660",3017
104/01/08,"9,420,513","235,064,725",25.25,25.30,24.75,24.95,-0.15,"3,132",3017
104/01/09,"14,211,830","356,614,667",25.15,25.30,24.80,25.25,+0.30,"3,771",3017
104/01/12,"14,083,479","356,491,275",25.25,25.60,25.05,25.05,-0.20,"4,666",3017
104/01/13,"5,832,568","145,172,415",25.10,25.15,24.70,24.70,-0.35,"2,450",3017
104/01/14,"3,798,719","94,130,594",25.10,25.10,24.65,24.70, 0.00,"1,772",3017
104/01/15,"9,315,405","233,872,324",25.00,25.30,24.65,25.30,+0.60,"2,518",3017
104/01/16,"10,737,078","270,607,390",25.40,25.45,24.90,25.05,-0.25,"3,659",3017
104/01/19,"10,155,576","247,074,733",25.25,25.25,23.70,24.00,-1.05,"3,681",3017
104/01/20,"3,909,033","94,332,389",24.00,24.35,23.75,24.20,+0.20,"1,467",3017
104/01/21,"8,914,686","219,642,968",24.30,24.85,24.25,24.70,+0.50,"3,156",3017
104/01/22,"6,528,474","161,477,176",24.80,24.90,24.45,24.80,+0.10,"2,444",3017
104/01/23,"7,386,811","182,407,544",25.00,25.15,24.40,24.40,-0.40,"2,705",3017
104/01/26,"2,644,459","64,474,604",24.40,24.55,24.20,24.30,-0.10,"1,078",3017
104/01/27,"3,145,858","76,338,892",24.50,24.55,24.10,24.10,-0.20,"1,288",3017
104/01/28,"3,382,057","82,707,125",24.15,24.70,24.10,24.35,+0.25,"1,332",3017
104/01/29,"1,821,466","44,190,022",24.35,24.45,24.15,24.20,-0.15,796,3017
104/01/30,"1,527,903","37,151,207",24.50,24.55,24.20,24.25,+0.05,661,3017
104/02/02,"1,941,406","46,418,660",24.20,24.30,23.80,23.85,-0.40,832,3017
104/02/03,"1,853,309","44,088,770",23.90,24.10,23.65,23.70,-0.15,876,3017
104/02/04,"2,800,669","66,114,064",23.90,24.00,23.40,23.45,-0.25,"1,572",3017
104/02/05,"1,703,058","40,380,972",23.60,23.90,23.50,23.60,+0.15,899,3017
104/02/06,"1,415,032","33,433,198",23.80,23.85,23.50,23.50,-0.10,705,3017
104/02/09,"1,199,026","28,229,465",23.55,23.80,23.35,23.70,+0.20,645,3017
104/02/10,"2,152,085","51,540,156",23.90,24.20,23.70,23.80,+0.10,"1,001",3017
104/02/11,"1,132,165","26,907,199",23.90,24.05,23.70,23.70,-0.10,534,3017
104/02/12,"1,436,376","34,092,478",23.70,23.90,23.55,23.85,+0.15,609,3017
104/02/13,"3,566,305","85,661,733",23.95,24.20,23.90,23.90,+0.05,"1,598",3017
104/02/24,"1,860,282","44,607,104",24.30,24.30,23.85,23.90, 0.00,849,3017
104/02/25,"2,487,574","59,110,491",24.10,24.10,23.65,23.70,-0.20,"1,160",3017
104/02/26,"3,264,194","78,537,967",23.70,24.35,23.65,24.20,+0.50,"1,491",3017
104/03/02,"4,347,693","105,947,663",24.20,24.65,24.05,24.25,+0.05,"1,577",3017
104/03/03,"2,382,299","57,865,617",24.50,24.50,24.15,24.20,-0.05,985,3017
104/03/04,"5,133,324","125,867,902",24.05,24.75,24.05,24.55,+0.35,"1,805",3017
104/03/05,"2,239,572","54,839,744",24.70,24.70,24.40,24.40,-0.15,961,3017
104/03/06,"3,148,714","77,441,840",24.60,24.70,24.40,24.65,+0.25,"1,333",3017
104/03/09,"1,947,821","47,835,210",24.65,24.80,24.40,24.65, 0.00,717,3017
104/03/10,"2,440,326","59,738,986",24.70,24.70,24.30,24.35,-0.30,"1,138",3017
104/03/11,"4,828,197","118,222,663",24.00,24.70,24.00,24.35, 0.00,"1,793",3017
104/03/12,"5,773,841","142,163,006",24.35,24.95,24.30,24.90,+0.55,"1,554",3017
104/03/13,"11,863,062","298,429,917",25.00,25.40,24.80,24.80,-0.10,"4,219",3017
104/03/16,"3,178,536","77,954,669",24.70,24.80,24.40,24.45,-0.35,"1,450",3017
104/03/17,"2,247,014","54,751,184",24.50,24.75,24.20,24.20,-0.25,967,3017
104/03/18,"3,741,577","92,152,715",24.25,24.85,24.20,24.80,+0.60,"1,777",3017
104/03/19,"4,978,764","124,356,838",25.00,25.15,24.70,24.70,-0.10,"1,992",3017
104/03/20,"21,883,719","565,452,615",24.80,26.40,24.80,26.40,+1.70,"7,109",3017
104/03/23,"9,434,981","246,454,306",26.40,26.45,25.85,26.10,-0.30,"3,892",3017
104/03/24,"18,416,967","484,580,088",26.10,26.90,25.50,26.65,+0.55,"6,655",3017
104/03/25,"26,208,357","727,068,995",27.00,28.40,27.00,27.65,+1.00,"9,578",3017
104/03/26,"11,295,524","306,169,853",27.10,27.65,26.60,26.85,-0.80,"4,913",3017
104/03/27,"10,363,710","279,245,144",26.95,27.60,26.20,26.55,-0.30,"4,109",3017
104/03/30,"9,866,627","268,534,945",27.00,27.70,26.75,27.05,+0.50,"4,167",3017
104/03/31,"27,012,839","769,401,483",27.85,28.90,27.40,28.90,+1.85,"9,851",3017
104/04/01,"21,670,788","624,612,240",28.70,29.35,28.20,28.50,-0.40,"8,926",3017
104/04/02,"9,696,593","276,564,975",28.50,29.00,28.20,28.25,-0.25,"4,270",3017
104/04/07,"14,451,136","422,820,132",28.50,30.00,28.10,29.15,+0.90,"6,100",3017
104/04/08,"15,081,708","444,560,678",29.20,30.10,28.80,28.80,-0.35,"6,446",3017
104/04/09,"14,469,981","409,151,208",28.80,29.20,27.75,27.90,-0.90,"5,696",3017
104/04/10,"10,053,819","279,965,491",28.40,28.55,27.05,27.90, 0.00,"4,420",3017
104/04/13,"6,523,785","183,867,134",28.25,28.50,27.90,28.40,+0.50,"2,852",3017
104/04/14,"7,654,676","213,655,071",28.35,28.35,27.60,27.85,-0.55,"3,346",3017
104/04/15,"6,639,699","183,886,502",27.85,28.20,27.30,27.55,-0.30,"2,920",3017
104/04/16,"23,758,210","681,201,901",27.85,29.35,27.70,28.95,+1.40,"8,613",3017
104/04/17,"18,706,901","546,075,929",28.95,29.80,28.65,29.00,+0.05,"7,171",3017
104/04/20,"10,409,586","292,525,351",28.55,28.80,27.85,28.00,-1.00,"5,005",3017
104/04/21,"15,253,916","409,793,381",28.00,28.30,26.15,26.30,-1.70,"6,130",3017
104/04/22,"5,374,773","144,339,539",26.70,27.10,26.50,26.90,+0.60,"2,557",3017
104/04/23,"6,739,091","179,891,206",27.00,27.15,26.30,26.70,-0.20,"2,828",3017
104/04/24,"4,977,709","133,608,856",26.90,27.30,26.55,26.60,-0.10,"2,147",3017
104/04/27,"9,428,419","259,999,401",26.95,28.00,26.90,27.90,+1.30,"3,850",3017
104/04/28,"5,191,394","142,293,437",28.00,28.05,27.15,27.15,-0.75,"2,456",3017
104/04/29,"5,264,193","141,796,561",27.20,27.55,26.30,26.70,-0.45,"2,435",3017
104/04/30,"4,319,125","115,082,648",26.70,26.95,26.35,26.85,+0.15,"1,755",3017
104/05/04,"2,179,401","58,056,428",27.00,27.00,26.45,26.50,-0.35,"1,108",3017
104/05/05,"3,544,171","93,899,058",26.50,26.90,26.20,26.35,-0.15,"1,555",3017
104/05/06,"3,277,080","87,302,776",26.15,26.85,26.10,26.65,+0.30,"1,681",3017
104/05/07,"3,303,252","86,711,634",26.40,26.65,26.10,26.15,-0.50,"1,497",3017
104/05/08,"6,101,063","156,188,885",26.20,26.40,25.00,25.30,-0.85,"2,597",3017
104/05/11,"7,772,080","186,840,016",25.60,25.65,23.55,23.95,-1.35,"3,075",3017
104/05/12,"6,272,894","156,490,876",24.15,25.60,24.10,25.60,+1.65,"2,655",3017
104/05/13,"6,569,956","170,280,675",25.60,26.40,25.25,26.40,+0.80,"2,776",3017
104/05/14,"5,052,218","131,106,695",26.40,26.40,25.50,25.80,-0.60,"2,112",3017
104/05/15,"2,673,486","68,566,853",25.90,26.05,25.40,25.40,-0.40,"1,150",3017
104/05/18,"2,593,201","64,940,929",25.60,25.65,24.60,25.05,-0.35,"1,263",3017
104/05/19,"2,786,247","71,865,779",25.40,25.95,25.20,25.95,+0.90,"1,436",3017
104/05/20,"7,451,479","198,141,839",26.20,27.15,25.85,26.50,+0.55,"3,187",3017
104/05/21,"5,504,389","146,254,732",26.25,26.90,26.10,26.45,-0.05,"2,370",3017
104/05/22,"3,480,871","91,610,820",26.70,26.70,25.90,26.15,-0.30,"1,650",3017
104/05/25,"2,320,021","60,182,336",26.20,26.25,25.80,25.85,-0.30,"1,150",3017
104/05/26,"5,453,844","145,337,194",26.00,27.05,25.90,26.85,+1.00,"2,622",3017
104/05/27,"3,375,595","90,328,158",26.70,27.00,26.50,26.85, 0.00,"1,574",3017
104/05/28,"6,259,501","170,542,147",27.20,27.60,26.85,26.85, 0.00,"2,550",3017
104/05/29,"4,900,054","132,359,751",27.00,27.25,26.70,27.10,+0.25,"2,136",3017
104/06/01,"1,910,449","51,238,234",27.35,27.35,26.55,26.70,-0.40,962,3017
104/06/02,"10,024,403","277,168,738",26.60,28.15,26.60,27.30,+0.60,"4,006",3017
104/06/03,"18,993,391","538,536,081",27.45,29.00,27.10,28.60,+1.30,"6,720",3017
104/06/04,"33,120,786","971,275,539",28.90,29.95,28.60,29.00,+0.40,"13,137",3017
104/06/05,"29,667,495","871,328,580",29.45,30.55,27.80,29.45,+0.45,"11,356",3017
104/06/08,"17,522,889","500,705,629",29.50,29.90,27.80,28.00,-1.45,"6,912",3017
104/06/09,"17,439,570","465,757,669",27.80,28.10,25.50,25.75,-2.25,"6,875",3017
104/06/10,"6,043,698","158,648,035",25.85,26.75,25.85,26.15,+0.40,"2,615",3017
104/06/11,"4,752,908","124,169,630",26.50,26.55,25.70,26.25,+0.10,"2,337",3017
104/06/12,"4,389,231","116,738,594",26.00,26.90,26.00,26.40,+0.15,"2,203",3017
104/06/15,"3,673,845","95,993,172",26.40,26.95,25.60,25.80,-0.60,"1,918",3017
104/06/16,"5,713,654","143,483,050",25.80,26.00,24.80,25.00,-0.80,"2,555",3017
104/06/17,"3,693,488","92,622,371",25.25,25.30,24.85,24.85,-0.15,"1,705",3017
104/06/18,"3,097,931","78,446,329",24.85,25.65,24.85,25.65,+0.80,"1,592",3017
104/06/22,"3,402,889","86,532,112",25.90,25.90,25.05,25.05,-0.60,"1,568",3017
104/06/23,"2,423,446","61,695,452",25.60,25.70,25.15,25.30,+0.25,"1,315",3017
104/06/24,"8,036,402","210,906,559",25.40,26.80,25.10,26.50,+1.20,"3,878",3017
104/06/25,"15,861,393","443,657,551",27.20,28.70,27.10,28.05,+1.55,"6,996",3017
104/06/26,"6,795,024","187,586,598",28.05,28.05,27.15,27.45,-0.60,"3,152",3017
104/06/29,"5,815,323","152,808,127",27.00,27.15,25.55,25.65,-1.80,"2,565",3017
104/06/30,"6,817,069","182,401,313",25.65,27.30,25.65,27.15,+1.50,"3,379",3017
104/07/01,"4,095,950","111,258,463",27.15,27.50,26.70,26.70,-0.45,"1,991",3017
104/07/02,"9,608,893","268,147,375",27.05,28.25,27.05,27.90,+1.20,"4,357",3017
104/07/03,"12,376,916","351,300,041",28.25,28.75,28.05,28.10,+0.20,"5,111",3017
104/07/06,"5,109,216","140,158,882",27.70,28.20,26.85,27.00,-1.10,"2,424",3017
104/07/07,"3,182,470","86,704,762",27.15,27.65,26.85,27.05,+0.05,"1,628",3017
104/07/08,"8,607,641","221,521,469",26.80,27.30,25.10,25.50,-1.55,"3,545",3017
104/07/09,"5,716,733","142,344,959",25.00,25.80,23.55,25.80,+0.30,"2,390",3017
104/07/13,"3,030,908","79,491,997",26.40,26.50,26.05,26.10,+0.30,"1,413",3017
104/07/14,"2,367,636","61,951,251",26.40,26.65,25.90,25.95,-0.15,"1,193",3017
104/07/15,"1,681,397","43,564,991",26.20,26.25,25.70,25.70,-0.25,868,3017
104/07/16,"2,171,524","56,170,610",25.90,26.20,25.60,25.60,-0.10,908,3017
104/07/17,"1,689,212","43,285,213",25.75,25.85,25.50,25.50,-0.10,866,3017
104/07/20,"2,147,038","55,381,655",25.80,26.30,25.35,25.35,-0.15,"1,173",3017
104/07/21,"2,844,628","71,083,981",25.40,25.60,24.60,25.00,-0.35,"1,416",3017
104/07/22,"2,729,094","66,971,077",24.80,25.10,24.25,24.30,-0.70,"1,302",3017
104/07/23,"3,439,125","83,292,110",24.30,24.75,23.65,24.60,+0.30,"1,472",3017
104/07/24,"2,023,392","49,557,446",24.50,25.00,24.20,24.20,-0.40,872,3017
104/07/27,"7,147,592","160,463,582",24.00,24.15,21.80,21.80,-2.40,"2,691",3017
104/07/28,"7,057,995","146,625,492",21.00,21.65,20.20,21.00,-0.80,"2,662",3017
104/07/29,"3,345,982","71,302,670",21.40,21.65,21.00,21.10,+0.10,"1,552",3017
104/07/30,"3,222,769","70,725,268",21.40,22.40,21.35,22.00,+0.90,"1,551",3017
104/07/31,"2,211,577","48,403,634",22.25,22.30,21.60,21.70,-0.30,"1,033",3017
104/08/03,"2,066,772","43,721,749",21.60,21.60,20.65,21.05,-0.65,871,3017
104/08/04,"4,551,411","91,575,770",21.20,21.55,19.20,19.50,-1.55,"1,781",3017
104/08/05,"5,551,300","116,172,931",19.70,21.45,19.70,21.45,+1.95,"2,572",3017
104/08/06,"3,606,214","76,778,944",21.70,21.85,20.80,21.05,-0.40,"1,809",3017
104/08/07,"3,886,452","84,372,398",21.00,22.20,20.70,21.80,+0.75,"1,930",3017
104/08/10,"5,107,330","116,520,901",22.50,23.45,22.20,23.20,+1.40,"2,327",3017
104/08/11,"6,791,142","157,773,273",23.65,23.70,22.70,22.75,-0.45,"2,864",3017
104/08/12,"3,529,634","78,403,448",22.50,22.55,21.90,22.00,-0.75,"1,778",3017
104/08/13,"4,900,714","112,139,641",22.50,23.20,22.30,23.15,+1.15,"2,347",3017
104/08/14,"1,867,214","42,829,499",23.25,23.25,22.60,22.95,-0.20,965,3017
104/08/17,"1,955,681","44,062,003",23.15,23.15,22.40,22.40,-0.55,"1,007",3017
104/08/18,"1,563,211","34,816,592",22.60,22.75,22.00,22.05,-0.35,845,3017
104/08/19,"5,150,056","107,677,078",21.80,22.20,20.35,20.85,-1.20,"2,629",3017
104/08/20,"2,347,220","49,626,814",20.85,21.45,20.50,21.20,+0.35,"1,287",3017
104/08/21,"2,486,921","51,014,660",20.60,20.95,20.25,20.25,-0.95,"1,226",3017
104/08/24,"5,492,613","102,387,901",19.25,19.70,18.25,18.45,-1.80,"2,112",3017
104/08/25,"4,763,635","88,009,635",17.20,19.10,17.20,18.65,+0.20,"2,211",3017
104/08/26,"2,527,112","46,598,189",18.50,18.75,18.00,18.70,+0.05,"1,145",3017
104/08/27,"5,335,916","102,114,843",19.10,19.45,18.90,18.90,+0.20,"2,589",3017
104/08/28,"5,554,955","106,583,084",19.35,19.65,18.95,19.00,+0.10,"2,138",3017
104/08/31,"4,890,488","92,506,197",18.90,19.35,18.75,18.80,-0.20,"2,328",3017
104/09/01,"7,799,216","150,037,039",18.80,19.65,18.80,19.25,+0.45,"3,073",3017
104/09/02,"13,119,268","261,633,441",19.00,20.75,18.90,20.50,+1.25,"4,445",3017
104/09/03,"16,252,126","353,936,334",20.95,22.55,20.85,22.55,+2.05,"6,791",3017
104/09/04,"13,090,322","297,978,289",22.90,23.40,21.65,21.85,-0.70,"5,103",3017
104/09/07,"4,841,743","107,857,690",21.70,22.65,21.70,22.40,+0.55,"2,227",3017
104/09/08,"6,744,418","154,218,851",22.70,23.10,22.60,22.95,+0.55,"2,645",3017
104/09/09,"14,859,533","355,902,909",23.85,24.40,23.65,23.95,+1.00,"5,395",3017
104/09/10,"4,274,723","101,741,645",23.80,24.00,23.55,23.75,-0.20,"1,882",3017
104/09/11,"8,569,399","208,997,974",23.95,24.80,23.75,24.50,+0.75,"3,405",3017
104/09/14,"6,283,263","152,142,426",24.95,25.00,23.60,23.60,-0.90,"2,558",3017
104/09/15,"5,505,746","129,926,115",23.90,24.20,23.25,23.50,-0.10,"2,786",3017
104/09/16,"6,500,936","155,974,798",23.80,24.40,23.55,23.95,+0.45,"3,113",3017
104/09/17,"7,132,552","169,026,328",23.80,24.00,23.40,23.75,X0.00,"2,911",3017
104/09/18,"5,414,777","130,086,605",24.20,24.35,23.75,23.95,+0.20,"2,418",3017
104/09/21,"4,013,038","94,492,747",23.60,23.80,23.25,23.65,-0.30,"1,800",3017
104/09/22,"17,896,692","450,779,722",23.70,26.00,23.70,26.00,+2.35,"6,673",3017
104/09/23,"10,697,454","268,742,700",25.00,25.65,24.70,24.85,-1.15,"4,576",3017
104/09/24,"7,030,542","173,856,070",25.10,25.45,23.90,24.45,-0.40,"3,225",3017
104/09/25,"7,498,881","188,640,025",24.85,25.55,24.55,25.15,+0.70,"3,203",3017
104/09/30,"7,341,123","186,500,947",24.75,25.85,24.70,25.35,+0.20,"3,222",3017
104/10/01,"5,212,809","132,806,485",25.60,25.85,25.25,25.30,-0.05,"2,391",3017
104/10/02,"9,136,665","236,750,503",25.50,26.35,25.25,25.90,+0.60,"4,002",3017
104/10/05,"12,049,813","319,255,916",26.50,26.85,26.00,26.20,+0.30,"4,458",3017
104/10/06,"9,182,006","238,504,397",26.50,26.80,25.35,25.70,-0.50,"4,243",3017
104/10/07,"24,879,526","665,024,643",26.00,27.40,25.80,27.35,+1.65,"7,804",3017
104/10/08,"16,845,424","453,374,109",27.60,27.80,25.90,26.10,-1.25,"6,941",3017
104/10/12,"5,208,488","137,950,584",26.55,26.85,26.20,26.20,+0.10,"2,352",3017
104/10/13,"4,530,675","119,266,433",26.30,26.65,26.05,26.20, 0.00,"2,230",3017
104/10/14,"5,069,327","133,018,994",26.20,26.70,25.90,26.30,+0.10,"2,396",3017
104/10/15,"3,970,565","104,513,940",26.50,26.75,26.10,26.10,-0.20,"1,850",3017
104/10/16,"5,109,047","133,023,929",26.30,26.45,25.60,26.20,+0.10,"2,190",3017
104/10/19,"2,447,867","63,653,772",26.35,26.35,25.85,25.85,-0.35,"1,472",3017
104/10/20,"7,625,999","201,395,118",25.95,26.75,25.90,26.20,+0.35,"3,223",3017
104/10/21,"4,390,785","113,567,992",26.20,26.35,25.60,25.70,-0.50,"2,253",3017
104/10/22,"7,236,921","191,282,880",25.70,26.75,25.70,26.25,+0.55,"3,538",3017
104/10/23,"3,597,627","94,472,332",26.50,26.60,25.95,26.05,-0.20,"1,722",3017
104/10/26,"3,792,297","100,141,274",26.20,26.70,26.15,26.20,+0.15,"1,771",3017
104/10/27,"7,820,165","207,780,040",26.40,27.05,26.05,26.80,+0.60,"3,384",3017
104/10/28,"13,658,101","371,591,967",27.00,27.65,26.70,26.70,-0.10,"5,418",3017
104/10/29,"5,734,412","151,433,591",26.90,27.00,26.10,26.20,-0.50,"2,559",3017
104/10/30,"3,216,539","84,750,715",26.40,26.60,26.10,26.30,+0.10,"1,540",3017
104/11/02,"2,553,410","67,668,492",26.30,26.70,26.20,26.55,+0.25,"1,301",3017
104/11/03,"5,782,610","155,868,864",26.80,27.30,26.60,26.90,+0.35,"2,748",3017
104/11/04,"8,344,969","226,981,413",27.05,27.55,26.90,27.00,+0.10,"3,075",3017
104/11/05,"7,220,282","197,548,477",27.10,27.65,27.00,27.60,+0.60,"2,622",3017
104/11/06,"8,892,877","242,263,635",27.75,27.80,26.85,26.85,-0.75,"3,701",3017
104/11/09,"10,109,493","269,236,211",27.10,27.30,26.10,26.25,-0.60,"4,206",3017
104/11/10,"4,672,501","121,794,225",25.95,26.50,25.50,26.50,+0.25,"2,364",3017
104/11/11,"10,927,856","292,400,650",26.95,27.25,26.45,26.50, 0.00,"3,922",3017
104/11/12,"8,108,701","208,524,640",26.60,26.85,24.80,25.50,-1.00,"3,721",3017
104/11/13,"5,023,227","126,694,409",24.90,25.90,24.90,24.95,-0.55,"2,351",3017
104/11/16,"4,876,804","119,189,847",24.65,24.80,24.15,24.45,-0.50,"2,741",3017
104/11/17,"28,672,437","764,598,563",26.20,26.85,25.85,26.85,+2.40,"6,129",3017
104/11/18,"25,596,732","703,034,909",27.30,27.95,26.90,26.90,+0.05,"8,717",3017
104/11/19,"12,290,912","335,953,319",27.75,27.75,26.90,26.90, 0.00,"4,172",3017
104/11/20,"4,855,902","129,879,274",26.85,27.10,26.50,26.85,-0.05,"2,298",3017
104/11/23,"11,381,711","312,294,948",27.00,27.75,26.70,27.30,+0.45,"4,224",3017
104/11/24,"6,181,600","166,392,614",27.30,27.45,26.60,26.60,-0.70,"2,201",3017
104/11/25,"6,386,270","165,874,157",26.40,26.80,25.65,25.85,-0.75,"3,060",3017
104/11/26,"5,375,469","141,102,906",25.95,26.70,25.80,26.35,+0.50,"2,290",3017
104/11/27,"7,709,743","207,201,973",26.70,27.25,26.50,26.50,+0.15,"3,226",3017
104/11/30,"3,028,329","79,926,396",26.30,26.80,25.95,26.35,-0.15,"1,464",3017
104/12/01,"10,000,426","273,845,755",27.00,27.65,27.00,27.30,+0.95,"3,952",3017
104/12/02,"49,709,176","1,465,283,930",27.85,30.00,27.85,30.00,+2.70,"15,832",3017
104/12/03,"52,197,214","1,673,558,174",30.80,33.00,30.70,32.80,+2.80,"19,890",3017
104/12/04,"37,913,247","1,264,600,388",33.15,34.00,32.80,32.80, 0.00,"16,262",3017
104/12/07,"22,864,219","745,503,908",32.40,33.50,32.10,32.10,-0.70,"9,944",3017
104/12/08,"24,137,452","790,915,391",32.55,33.65,31.60,31.60,-0.50,"10,096",3017
104/12/09,"25,325,529","775,692,161",31.85,32.20,29.80,30.45,-1.15,"9,963",3017
104/12/10,"15,866,036","486,524,284",30.50,31.20,30.15,30.50,+0.05,"6,909",3017
104/12/11,"25,158,998","774,405,233",30.55,31.60,29.80,30.10,-0.40,"10,170",3017
104/12/14,"28,625,706","909,587,377",30.65,32.95,30.50,31.70,+1.60,"12,062",3017
104/12/15,"19,095,684","603,084,704",31.95,32.50,30.80,31.00,-0.70,"8,599",3017
104/12/16,"24,003,728","743,603,558",31.40,32.20,29.85,30.40,-0.60,"10,306",3017
104/12/17,"15,172,826","471,695,127",30.95,31.75,30.50,31.45,+1.05,"6,949",3017
104/12/18,"8,406,282","262,880,755",31.45,31.80,31.00,31.05,-0.40,"4,166",3017
104/12/21,"9,071,120","281,645,750",30.95,31.60,30.55,31.50,+0.45,"4,086",3017
104/12/22,"19,780,835","624,323,525",31.85,32.55,30.50,30.65,-0.85,"8,570",3017
104/12/23,"8,616,214","264,387,276",31.00,31.15,30.35,30.35,-0.30,"4,172",3017
104/12/24,"14,233,772","422,232,488",30.90,30.90,29.00,29.00,-1.35,"6,444",3017
104/12/25,"9,450,277","275,871,756",28.80,29.75,28.40,29.65,+0.65,"4,330",3017
104/12/28,"5,048,022","149,473,444",30.00,30.20,29.00,29.60,-0.05,"2,542",3017
104/12/29,"7,207,872","210,826,124",29.85,29.90,28.75,29.15,-0.45,"3,017",3017
104/12/30,"10,604,325","303,217,659",29.60,29.60,28.20,28.25,-0.90,"4,510",3017
104/12/31,"6,990,929","200,353,995",28.25,28.95,28.15,28.75,+0.50,"3,227",3017
105/01/04,"7,770,186","218,190,603",28.90,28.95,27.60,27.60,-1.15,"3,280",3017
105/01/05,"8,130,786","222,828,061",27.70,27.90,27.00,27.10,-0.50,"3,734",3017
105/01/06,"18,212,903","517,851,511",27.45,29.35,27.35,28.70,+1.60,"8,190",3017
105/01/07,"19,443,158","550,109,040",29.00,29.60,27.10,27.35,-1.35,"8,826",3017
105/01/08,"7,359,437","205,015,195",27.50,28.25,27.40,27.70,+0.35,"3,534",3017
105/01/11,"13,211,405","353,506,680",27.15,27.65,26.10,26.10,-1.60,"5,472",3017
105/01/12,"13,714,401","374,158,348",26.75,27.80,26.60,26.60,+0.50,"6,503",3017
105/01/13,"8,361,542","226,882,995",27.40,27.70,26.60,27.00,+0.40,"4,087",3017
105/01/14,"6,456,825","167,682,080",26.00,26.45,25.65,25.80,-1.20,"3,291",3017
105/01/15,"5,969,120","155,570,867",26.35,26.45,25.60,25.60,-0.20,"3,008",3017
105/01/18,"7,963,140","206,061,094",25.20,26.35,25.05,26.15,+0.55,"3,193",3017
105/01/19,"13,887,153","379,920,830",26.35,28.30,25.95,28.30,+2.15,"6,094",3017
105/01/20,"21,130,131","599,752,552",28.35,29.15,27.70,27.70,-0.60,"9,535",3017
105/01/21,"6,619,592","182,919,113",28.05,28.25,27.10,27.20,-0.50,"3,432",3017
105/01/22,"7,485,381","208,411,577",27.70,28.15,27.50,27.60,+0.40,"3,626",3017
105/01/25,"7,230,421","205,965,872",28.10,28.80,27.95,28.60,+1.00,"3,458",3017
105/01/26,"4,303,237","122,489,931",28.20,28.80,28.10,28.20,-0.40,"2,307",3017
105/01/27,"4,597,132","129,227,125",28.70,28.70,27.60,27.60,-0.60,"2,344",3017
105/01/28,"4,664,553","130,712,697",27.70,28.50,27.35,27.90,+0.30,"2,371",3017
105/01/29,"2,993,083","83,914,914",27.95,28.30,27.60,27.95,+0.05,"1,578",3017
105/01/30,"6,229,052","178,091,088",28.30,28.85,28.20,28.85,+0.90,"2,649",3017
105/02/01,"6,376,735","183,939,441",29.30,29.40,28.35,28.35,-0.50,"2,816",3017
105/02/02,"3,569,708","102,413,390",28.50,28.90,28.35,28.60,+0.25,"1,675",3017
105/02/03,"10,047,164","291,666,078",29.10,29.55,28.25,28.25,-0.35,"4,791",3017
105/02/15,"14,613,693","433,486,734",27.95,30.60,27.95,30.30,+2.05,"6,990",3017
105/02/16,"9,659,053","290,394,920",30.50,30.65,29.65,30.00,-0.30,"4,620",3017
105/02/17,"8,699,884","264,147,959",30.25,30.85,30.00,30.10,+0.10,"4,171",3017
105/02/18,"6,525,988","198,174,334",30.65,30.80,30.10,30.10, 0.00,"3,177",3017
105/02/19,"5,907,179","177,701,074",30.35,30.55,29.70,29.80,-0.30,"2,863",3017
105/02/22,"11,418,041","352,849,996",30.15,31.45,30.10,30.70,+0.90,"5,584",3017
105/02/23,"5,763,866","175,324,606",30.80,31.10,30.10,30.30,-0.40,"3,057",3017
105/02/24,"4,355,073","130,364,615",30.40,30.40,29.75,29.80,-0.50,"2,171",3017
105/02/25,"5,716,465","169,962,468",29.85,30.15,29.30,29.30,-0.50,"2,286",3017
105/02/26,"2,239,487","66,210,910",29.85,29.90,29.30,29.65,+0.35,"1,146",3017
105/03/01,"7,589,479","229,865,650",29.85,30.60,29.80,30.50,+0.85,"3,499",3017
105/03/02,"19,871,403","627,299,163",31.00,32.30,30.60,30.85,+0.35,"8,934",3017
105/03/03,"6,490,932","198,262,940",31.05,31.25,30.10,30.15,-0.70,"3,236",3017
105/03/04,"4,017,074","120,659,782",30.15,30.35,29.85,29.90,-0.25,"2,108",3017
105/03/07,"2,521,258","75,499,234",30.10,30.25,29.75,29.80,-0.10,"1,342",3017
105/03/08,"7,206,029","219,147,120",30.05,30.95,29.95,30.05,+0.25,"3,509",3017
105/03/09,"6,169,086","182,318,003",30.25,30.25,29.30,29.30,-0.75,"3,084",3017
105/03/10,"4,423,199","130,943,940",29.30,29.85,29.25,29.80,+0.50,"1,977",3017
105/03/11,"7,596,594","225,998,712",29.65,29.95,29.45,29.75,-0.05,"2,920",3017
105/03/14,"8,833,794","268,219,275",30.35,30.65,29.95,30.40,+0.65,"3,681",3017
105/03/15,"5,547,382","165,792,422",30.50,30.55,29.60,29.60,-0.80,"2,743",3017
105/03/16,"3,487,511","104,179,566",29.75,30.15,29.65,29.80,+0.20,"1,653",3017
105/03/17,"8,243,888","240,063,457",30.00,30.05,28.70,28.70,-1.10,"4,097",3017
105/03/18,"4,750,799","134,715,330",28.80,29.00,28.15,28.45,-0.25,"2,378",3017
105/03/21,"2,671,691","76,112,906",28.75,28.80,28.20,28.50,+0.05,"1,548",3017
105/03/22,"5,056,350","146,463,632",28.65,29.30,28.60,28.95,+0.45,"2,684",3017
105/03/23,"2,866,343","83,320,601",29.00,29.35,28.80,28.80,-0.15,"1,574",3017
105/03/24,"2,330,881","67,604,616",28.70,29.25,28.70,28.85,+0.05,"1,421",3017
105/03/25,"3,184,388","90,876,950",29.00,29.10,28.35,28.40,-0.45,"1,552",3017
105/03/28,"2,030,739","58,128,840",28.50,28.90,28.40,28.40, 0.00,"1,144",3017
105/03/29,"3,975,819","111,885,382",28.60,28.60,27.85,28.00,-0.40,"1,789",3017
105/03/30,"3,147,113","89,293,145",28.15,28.70,28.00,28.45,+0.45,"1,475",3017
105/03/31,"2,170,680","61,166,500",28.70,28.70,28.00,28.10,-0.35,"1,183",3017
105/04/01,"3,638,950","100,859,115",28.05,28.10,27.50,27.60,-0.50,"1,640",3017
105/04/06,"2,686,034","74,569,204",27.50,28.05,27.30,27.80,+0.20,"1,570",3017
105/04/07,"2,088,991","58,491,064",27.90,28.35,27.70,27.95,+0.15,"1,168",3017
105/04/08,"6,299,833","181,799,169",28.25,29.15,28.20,28.90,+0.95,"2,907",3017
105/04/11,"2,361,554","68,220,003",28.95,29.20,28.55,28.60,-0.30,"1,211",3017
105/04/12,"2,269,307","64,045,148",28.75,28.90,27.85,27.90,-0.70,"1,142",3017
105/04/13,"1,816,333","51,084,882",28.00,28.35,27.90,28.00,+0.10,"1,053",3017
105/04/14,"1,323,937","37,338,436",28.15,28.45,28.00,28.10,+0.10,797,3017
105/04/15,"768,405","21,617,590",28.10,28.30,27.90,28.00,-0.10,488,3017
105/04/18,"1,095,277","30,522,246",27.95,28.05,27.75,27.80,-0.20,650,3017
105/04/19,"2,059,836","56,917,161",28.00,28.10,27.35,27.45,-0.35,"1,095",3017
105/04/20,"2,713,758","73,505,283",27.55,27.60,26.85,26.95,-0.50,"1,393",3017
105/04/21,"1,758,317","47,223,462",27.30,27.30,26.60,26.60,-0.35,996,3017
105/04/22,"4,248,152","111,115,552",26.45,27.15,25.50,25.90,-0.70,"2,262",3017
105/04/25,"1,041,501","27,256,399",26.00,26.35,25.80,26.10,+0.20,688,3017
105/04/26,"1,289,276","33,773,932",26.20,26.40,25.90,26.40,+0.30,705,3017
105/04/27,"1,375,553","36,439,168",26.50,26.65,26.25,26.50,+0.10,721,3017
105/04/28,"1,817,001","47,253,126",26.50,26.50,25.80,25.90,-0.60,858,3017
105/04/29,"2,246,521","57,308,859",25.45,25.75,25.40,25.40,-0.50,854,3017
105/05/03,"5,123,703","124,727,480",25.05,25.15,23.90,23.95,-1.45,"2,635",3017
105/05/04,"3,144,163","74,684,629",23.80,24.35,23.45,23.60,-0.35,"1,480",3017
105/05/05,"2,545,892","59,834,012",23.60,23.85,23.30,23.50,-0.10,"1,285",3017
105/05/06,"1,876,525","43,886,082",23.60,23.60,23.30,23.40,-0.10,843,3017
105/05/09,"2,920,832","68,210,601",23.50,23.65,23.15,23.20,-0.20,"1,171",3017
105/05/10,"3,861,850","90,428,150",23.20,24.00,22.80,24.00,+0.80,"1,677",3017
105/05/11,"4,736,113","111,750,312",24.30,24.30,23.00,23.00,-1.00,"2,364",3017
105/05/12,"3,185,490","72,461,664",22.95,23.25,22.35,22.50,-0.50,"1,398",3017
105/05/13,"4,045,495","93,211,976",22.95,23.45,22.65,23.40,+0.90,"2,023",3017
105/05/16,"1,695,608","39,632,113",23.40,23.55,23.00,23.30,-0.10,875,3017
105/05/17,"6,653,208","158,776,768",23.80,24.10,23.50,23.65,+0.35,"2,586",3017
105/05/18,"3,219,439","76,098,247",23.65,23.90,23.35,23.55,-0.10,"1,613",3017
105/05/19,"1,649,661","38,649,681",23.60,23.70,23.30,23.35,-0.20,905,3017
105/05/20,"1,702,027","39,762,034",23.40,23.60,23.20,23.30,-0.05,929,3017
105/05/23,"4,191,015","99,857,754",23.40,24.05,23.30,23.90,+0.60,"1,676",3017
105/05/24,"1,826,177","43,535,975",23.70,23.95,23.65,23.85,-0.05,827,3017
105/05/25,"10,744,322","270,981,741",24.20,26.10,24.00,25.55,+1.70,"4,887",3017
105/05/26,"5,473,972","140,246,437",25.80,26.00,25.25,25.35,-0.20,"2,340",3017
105/05/27,"5,284,688","136,314,340",25.55,26.15,25.45,25.60,+0.25,"2,337",3017
105/05/30,"5,400,243","135,433,184",25.55,25.55,24.80,25.15,-0.45,"2,145",3017
105/05/31,"2,609,939","65,724,466",25.10,25.35,25.00,25.25,+0.10,"1,272",3017
105/06/01,"6,031,351","151,196,602",25.00,25.40,24.75,24.80,-0.45,"2,486",3017
105/06/02,"3,618,246","89,158,290",24.90,25.15,24.30,24.35,-0.45,"1,626",3017
105/06/03,"1,521,951","37,241,613",24.55,24.70,24.35,24.35, 0.00,701,3017
105/06/04,"579,000","14,179,898",24.50,24.60,24.25,24.55,+0.20,351,3017
105/06/06,"1,527,789","37,140,958",24.55,24.70,24.10,24.15,-0.40,768,3017
105/06/07,"2,760,185","66,710,156",24.20,24.45,24.05,24.10,-0.05,"1,247",3017
105/06/08,"2,092,216","50,908,273",24.25,24.55,24.20,24.20,+0.10,"1,259",3017
105/06/13,"2,529,011","59,609,403",24.00,24.05,23.45,23.45,-0.75,"1,267",3017
105/06/14,"1,559,100","36,964,789",23.50,23.90,23.45,23.85,+0.40,857,3017
105/06/15,"3,309,766","77,857,109",23.60,23.75,23.35,23.40,-0.45,"1,925",3017
105/06/16,"1,661,051","39,059,960",23.55,23.65,23.40,23.40, 0.00,935,3017
105/06/17,"1,302,079","30,901,970",23.65,23.80,23.65,23.80,+0.40,733,3017
105/06/20,"2,106,761","50,600,185",23.95,24.20,23.65,24.05,+0.25,"1,116",3017
105/06/21,"1,693,280","40,745,654",24.20,24.25,23.90,23.95,-0.10,817,3017
105/06/22,"1,885,852","45,794,075",24.05,24.50,24.00,24.45,+0.50,982,3017
105/06/23,"1,418,631","34,455,067",24.45,24.55,24.20,24.20,-0.25,766,3017
105/06/24,"3,466,610","82,063,723",24.25,24.35,23.20,23.40,-0.80,"1,549",3017
105/06/27,"1,341,597","31,469,645",23.25,23.60,23.20,23.45,+0.05,651,3017
105/06/28,"2,228,666","51,978,966",23.35,23.50,23.05,23.30,-0.15,979,3017
105/06/29,"3,204,154","76,968,161",23.45,24.30,23.45,24.10,+0.80,"1,455",3017
105/06/30,"3,280,530","80,193,898",24.45,24.70,24.20,24.20,+0.10,"1,501",3017
105/07/01,"1,454,728","35,295,061",24.25,24.40,24.15,24.40,+0.20,728,3017
105/07/04,"1,185,173","29,057,778",24.50,24.65,24.25,24.50,+0.10,619,3017
105/07/05,"1,467,020","35,734,437",24.55,24.65,24.20,24.25,-0.25,734,3017
105/07/06,"1,022,683","24,478,620",24.20,24.20,23.80,23.85,-0.40,598,3017
105/07/07,"889,000","21,211,650",23.95,24.05,23.65,23.85, 0.00,491,3017
105/07/11,"3,096,448","75,624,689",24.35,24.65,24.20,24.35,+0.50,"1,495",3017
105/07/12,"8,356,462","210,713,018",24.40,25.55,24.40,25.15,+0.80,"3,553",3017
105/07/13,"5,103,749","129,153,180",25.15,25.55,24.95,25.40,+0.25,"2,294",3017
105/07/14,"2,444,888","61,754,776",25.50,25.50,25.05,25.20,-0.20,"1,047",3017
105/07/15,"2,952,591","74,526,898",25.40,25.55,25.05,25.05,-0.15,"1,433",3017
105/07/18,"5,661,989","145,417,612",25.15,26.05,25.15,25.80,+0.75,"2,427",3017
105/07/19,"13,394,096","353,192,426",26.30,26.80,25.90,25.90,+0.10,"5,168",3017
105/07/20,"3,828,673","97,598,079",25.90,25.90,25.30,25.35,-0.55,"1,686",3017
105/07/21,"2,668,005","68,447,224",25.55,25.80,25.50,25.70,+0.35,"1,247",3017
105/07/22,"1,723,115","44,413,935",25.70,25.90,25.60,25.70, 0.00,854,3017
105/07/25,"1,683,619","43,140,394",25.80,25.95,25.50,25.60,-0.10,893,3017
105/07/26,"1,570,694","40,355,462",25.65,25.85,25.50,25.75,+0.15,826,3017
105/07/27,"2,410,001","62,389,175",25.90,26.10,25.75,25.80,+0.05,"1,194",3017
105/07/28,"1,821,698","46,672,592",25.90,25.90,25.45,25.50,-0.30,"1,014",3017
105/07/29,"1,185,671","30,372,759",25.65,25.85,25.50,25.65,+0.15,629,3017
105/08/01,"15,131,515","408,117,747",25.80,27.60,25.75,27.40,+1.75,"6,104",3017
105/08/02,"7,983,478","217,500,420",27.40,27.70,26.90,27.25,-0.15,"3,396",3017
105/08/03,"12,133,750","317,116,669",26.70,26.75,25.95,26.10,-1.15,"4,542",3017
105/08/04,"5,136,821","132,818,847",26.10,26.25,25.60,25.75,-0.35,"2,513",3017
105/08/05,"4,405,019","114,792,634",26.10,26.35,25.85,25.85,+0.10,"1,874",3017
105/08/08,"7,424,534","196,723,615",26.15,26.80,26.05,26.35,+0.50,"3,250",3017
105/08/09,"8,257,158","211,383,135",26.10,26.10,25.15,25.25,-1.10,"3,706",3017
105/08/10,"3,470,303","88,360,020",25.30,25.85,25.00,25.70,+0.45,"1,880",3017
105/08/11,"2,772,698","70,603,998",25.80,25.85,25.15,25.40,-0.30,"1,352",3017
105/08/12,"3,001,965","76,199,968",25.60,25.80,25.15,25.20,-0.20,"1,528",3017
105/08/15,"1,539,613","38,804,229",25.30,25.40,25.05,25.25,+0.05,787,3017
105/08/16,"1,350,668","34,025,528",25.40,25.40,25.10,25.15,-0.10,831,3017
105/08/17,"3,845,350","95,295,367",25.05,25.10,24.60,24.65,-0.50,"1,817",3017
105/08/18,"3,021,510","74,096,441",24.65,24.70,24.25,24.60,-0.05,"1,257",3017
105/08/19,"1,639,052","40,434,367",24.75,24.75,24.50,24.65,+0.05,944,3017
105/08/22,"1,686,476","41,216,528",24.65,24.65,24.30,24.35,-0.30,987,3017
105/08/23,"2,713,795","66,403,460",24.50,24.65,24.35,24.55,+0.20,"1,212",3017
105/08/24,"1,983,119","48,624,668",24.60,24.70,24.40,24.50,-0.05,"1,152",3017
105/08/25,"4,078,017","99,409,203",24.50,24.60,24.25,24.55,+0.05,"1,492",3017
105/08/26,"12,529,754","318,633,170",24.90,25.80,24.90,25.15,+0.60,"4,932",3017
105/08/29,"2,899,249","72,898,325",25.15,25.35,24.90,25.30,+0.15,"1,478",3017
105/08/30,"7,184,010","176,895,167",25.00,25.10,24.40,24.55,-0.75,"3,291",3017
105/08/31,"3,518,221","87,022,391",24.55,24.95,24.40,24.95,+0.40,"1,887",3017
105/09/01,"2,260,390","55,873,142",25.00,25.00,24.60,24.60,-0.35,"1,090",3017
105/09/02,"1,803,760","44,384,220",24.55,24.90,24.45,24.70,+0.10,"1,016",3017
105/09/05,"2,291,026","56,870,500",24.95,25.15,24.60,25.05,+0.35,970,3017
105/09/06,"1,542,779","38,520,413",25.00,25.10,24.85,25.00,-0.05,779,3017
105/09/07,"2,431,243","61,302,845",25.05,25.35,25.05,25.15,+0.15,"1,153",3017
105/09/08,"3,619,340","92,233,049",25.35,25.60,25.30,25.55,+0.40,"1,647",3017
105/09/09,"1,546,899","39,333,281",25.55,25.55,25.35,25.40,-0.15,757,3017
105/09/10,"1,218,614","30,434,750",24.90,25.05,24.85,25.00,-0.40,576,3017
105/09/12,"1,623,189","40,374,865",25.05,25.10,24.70,24.75,-0.25,695,3017
105/09/13,"1,983,800","48,885,628",24.85,25.10,24.45,24.55,-0.20,902,3017
105/09/14,"1,118,204","27,293,053",24.40,24.50,24.30,24.35,-0.20,555,3017
105/09/19,"2,409,124","60,099,556",24.65,25.15,24.60,25.10,+0.75,"1,295",3017
105/09/20,"2,425,103","61,279,042",25.20,25.45,25.05,25.20,+0.10,"1,191",3017
105/09/21,"2,197,539","55,511,679",25.30,25.35,25.10,25.30,+0.10,"1,097",3017
105/09/22,"3,666,807","92,378,309",25.40,25.40,25.00,25.10,-0.20,"1,424",3017
105/09/23,"6,007,062","152,760,527",25.40,25.60,25.25,25.45,+0.35,"2,285",3017
105/09/26,"2,793,598","68,854,350",24.60,24.80,24.55,24.60,X0.00,"1,290",3017
105/09/29,"2,256,772","55,325,170",24.70,24.70,24.40,24.45,-0.15,849,3017
105/09/30,"1,418,535","34,624,096",24.40,24.50,24.35,24.40,-0.05,591,3017
105/10/03,"859,500","21,050,824",24.45,24.65,24.40,24.45,+0.05,374,3017
105/10/04,"4,972,277","124,040,009",24.45,25.35,24.40,25.05,+0.60,"1,920",3017
105/10/05,"2,322,166","58,311,236",25.05,25.25,25.00,25.05, 0.00,981,3017
105/10/06,"3,141,017","79,398,120",25.15,25.50,25.10,25.15,+0.10,"1,344",3017
105/10/07,"2,197,704","55,238,000",25.25,25.40,25.00,25.05,-0.10,831,3017
105/10/11,"4,317,587","104,442,938",25.00,25.00,23.80,24.10,-0.95,"2,075",3017
105/10/12,"2,439,994","58,326,503",24.05,24.15,23.70,23.95,-0.15,"1,073",3017
105/10/13,"1,149,058","27,763,797",23.95,24.45,23.90,24.00,+0.05,595,3017
105/10/14,"2,020,129","47,811,536",23.90,24.05,23.45,23.45,-0.55,947,3017
105/10/17,"1,165,358","27,416,095",23.50,23.80,23.20,23.55,+0.10,631,3017
105/10/18,"754,307","17,749,993",23.40,23.65,23.35,23.55, 0.00,382,3017
105/10/19,"1,741,674","41,767,526",23.60,24.15,23.60,24.15,+0.60,976,3017
105/10/20,"814,246","19,615,887",24.15,24.30,23.95,24.00,-0.15,501,3017
105/10/21,"1,112,343","26,608,512",24.00,24.10,23.80,23.85,-0.15,455,3017
105/10/24,"874,198","21,050,687",24.10,24.30,23.90,24.00,+0.15,463,3017
105/10/25,"591,698","14,263,928",24.25,24.25,24.00,24.05,+0.05,391,3017
105/10/26,"1,223,120","29,625,394",24.05,24.30,24.00,24.25,+0.20,575,3017
105/10/27,"1,055,250","25,492,650",24.25,24.35,24.05,24.10,-0.15,408,3017
105/10/28,"978,547","23,493,889",24.20,24.25,23.85,23.95,-0.15,458,3017
105/10/31,"795,724","18,809,050",23.85,23.85,23.50,23.65,-0.30,378,3017
105/11/01,"929,783","22,166,163",23.70,24.05,23.65,23.75,+0.10,518,3017
105/11/02,"1,694,893","39,720,216",23.75,23.75,23.20,23.20,-0.55,788,3017
105/11/03,"1,115,327","25,886,148",23.20,23.45,23.10,23.10,-0.10,628,3017
105/11/04,"619,203","14,391,196",23.15,23.40,23.15,23.15,+0.05,324,3017
105/11/07,"778,237","18,181,168",23.20,23.45,23.20,23.40,+0.25,389,3017
105/11/08,"844,651","19,700,983",23.50,23.50,23.15,23.35,-0.05,359,3017
105/11/09,"3,059,672","69,526,802",23.45,23.55,22.25,22.35,-1.00,"1,106",3017
105/11/10,"1,758,127","40,595,082",23.00,23.35,22.85,23.05,+0.70,633,3017
105/11/11,"1,397,537","32,064,051",23.20,23.20,22.65,23.05, 0.00,733,3017
105/11/14,"1,859,178","42,420,944",23.05,23.05,22.70,22.80,-0.25,806,3017
105/11/15,"927,442","21,230,515",22.75,23.00,22.75,22.90,+0.10,484,3017
105/11/16,"2,250,381","51,569,713",23.00,23.25,22.65,22.90, 0.00,943,3017
105/11/17,"1,403,054","31,883,278",22.95,23.00,22.65,22.70,-0.20,572,3017
105/11/18,"1,411,279","32,403,193",22.90,23.10,22.75,23.05,+0.35,661,3017
105/11/21,"2,078,352","48,446,664",23.10,23.45,23.10,23.45,+0.40,"1,029",3017
105/11/22,"1,748,360","41,207,787",23.50,23.70,23.45,23.55,+0.10,881,3017
105/11/23,"2,072,246","49,324,575",23.65,23.90,23.65,23.85,+0.30,880,3017
105/11/24,"1,352,209","32,024,880",23.80,23.90,23.50,23.55,-0.30,510,3017
105/11/25,"1,004,881","23,686,251",23.65,23.75,23.50,23.60,+0.05,408,3017
105/11/28,"2,127,939","51,165,328",23.70,24.20,23.70,24.10,+0.50,"1,031",3017
105/11/29,"2,026,329","49,225,475",24.15,24.45,24.05,24.35,+0.25,998,3017
105/11/30,"2,949,248","71,857,009",24.35,24.55,24.05,24.15,-0.20,"1,085",3017
105/12/01,"1,475,490","35,719,455",24.45,24.45,24.00,24.25,+0.10,669,3017
105/12/02,"2,389,988","58,596,803",24.40,24.70,24.30,24.40,+0.15,"1,270",3017
105/12/05,"1,942,224","47,730,236",24.45,24.70,24.40,24.50,+0.10,928,3017
105/12/06,"2,476,994","61,478,548",24.80,24.95,24.70,24.80,+0.30,"1,055",3017
105/12/07,"2,699,508","67,617,900",25.05,25.20,24.90,25.15,+0.35,"1,018",3017
105/12/08,"2,720,518","68,308,622",25.30,25.35,24.90,24.90,-0.25,"1,023",3017
105/12/09,"11,689,840","300,386,561",25.30,26.20,25.20,25.20,+0.30,"4,085",3017
105/12/12,"4,338,222","110,033,518",25.50,25.70,25.10,25.15,-0.05,"1,601",3017
105/12/13,"3,201,988","81,582,990",25.15,25.75,25.15,25.60,+0.45,"1,465",3017
105/12/14,"2,317,445","59,094,002",25.70,25.75,25.40,25.50,-0.10,"1,257",3017
105/12/15,"1,785,578","45,495,279",25.40,25.70,25.30,25.40,-0.10,"1,024",3017
105/12/16,"1,583,072","40,316,185",25.60,25.60,25.35,25.50,+0.10,955,3017
105/12/19,"2,411,742","60,503,583",25.50,25.60,24.80,24.90,-0.60,"1,298",3017
105/12/20,"1,981,829","49,281,889",24.90,25.00,24.70,24.90, 0.00,888,3017
105/12/21,"1,254,572","31,677,961",25.05,25.35,25.05,25.30,+0.40,655,3017
105/12/22,"911,483","22,932,720",25.40,25.40,25.05,25.20,-0.10,413,3017
105/12/23,"1,232,610","30,768,994",25.10,25.20,24.80,24.85,-0.35,605,3017
105/12/26,"854,917","21,238,381",24.85,25.00,24.70,25.00,+0.15,433,3017
105/12/27,"668,732","16,664,061",25.15,25.15,24.85,24.85,-0.15,409,3017
105/12/28,"592,401","14,772,083",24.85,25.05,24.85,24.90,+0.05,283,3017
105/12/29,"954,014","23,900,650",24.90,25.30,24.85,25.05,+0.15,527,3017
105/12/30,"1,211,712","30,461,182",25.25,25.35,25.00,25.10,+0.05,603,3017
106/01/03,"2,443,250","61,926,183",25.10,25.50,25.10,25.35,+0.25,"1,119",3017
106/01/04,"1,074,432","27,101,111",25.35,25.35,25.10,25.15,-0.20,559,3017
106/01/05,"1,196,128","30,096,623",25.20,25.30,25.05,25.25,+0.10,598,3017
106/01/06,"1,690,571","42,716,836",25.30,25.40,25.15,25.25, 0.00,778,3017
106/01/09,"4,223,353","107,924,843",25.30,25.75,25.30,25.45,+0.20,"1,689",3017
106/01/10,"2,104,113","52,868,529",25.45,25.55,24.95,25.05,-0.40,"1,020",3017
106/01/11,"1,986,159","49,251,783",25.05,25.15,24.60,24.60,-0.45,929,3017
106/01/12,"1,249,303","30,779,597",24.60,24.85,24.50,24.60, 0.00,655,3017
106/01/13,"1,634,055","40,192,352",24.60,24.80,24.40,24.80,+0.20,766,3017
106/01/16,"2,614,220","64,585,291",25.05,25.05,24.50,24.70,-0.10,836,3017
106/01/17,"3,825,340","95,024,742",24.90,24.95,24.75,24.90,+0.20,"1,137",3017
106/01/18,"1,369,736","33,797,711",24.90,24.90,24.55,24.70,-0.20,718,3017
106/01/19,"1,215,497","29,985,822",24.65,24.80,24.55,24.60,-0.10,702,3017
106/01/20,"877,238","21,627,190",24.75,24.75,24.60,24.70,+0.10,422,3017
106/01/23,"990,349","24,471,134",24.70,24.80,24.65,24.70, 0.00,539,3017
106/01/24,"908,455","22,418,035",24.70,24.75,24.60,24.70, 0.00,453,3017
106/02/02,"1,121,229","27,690,771",24.70,24.90,24.55,24.60,-0.10,640,3017
106/02/03,"2,503,410","62,366,722",24.70,25.15,24.60,25.10,+0.50,"1,275",3017
106/02/06,"2,367,171","59,529,075",25.20,25.30,25.05,25.10, 0.00,902,3017
106/02/07,"1,968,620","49,510,489",25.20,25.30,25.00,25.30,+0.20,"1,132",3017
106/02/08,"2,035,791","51,598,569",25.40,25.45,25.20,25.25,-0.05,"1,015",3017
106/02/09,"1,990,887","49,759,427",25.15,25.15,24.90,24.90,-0.35,963,3017
106/02/10,"1,473,499","36,804,662",24.95,25.10,24.90,24.90, 0.00,819,3017
106/02/13,"1,533,951","38,394,255",24.95,25.20,24.90,25.00,+0.10,690,3017
106/02/14,"17,744,561","464,347,247",25.15,27.10,25.00,27.10,+2.10,"6,600",3017
106/02/15,"10,630,234","282,167,262",26.70,26.95,26.25,26.30,-0.80,"4,606",3017
106/02/16,"9,327,433","247,833,513",26.45,27.10,26.15,26.15,-0.15,"3,805",3017
106/02/17,"5,361,040","142,103,743",26.50,26.80,26.15,26.65,+0.50,"2,330",3017
106/02/18,"8,157,138","220,160,349",26.65,27.30,26.50,26.90,+0.25,"3,155",3017
106/02/20,"8,326,437","225,604,446",26.85,27.55,26.55,26.55,-0.35,"3,406",3017
106/02/21,"2,915,928","76,796,301",26.70,26.80,26.05,26.20,-0.35,"1,326",3017
106/02/22,"1,880,431","49,438,427",26.30,26.45,26.15,26.30,+0.10,825,3017
106/02/23,"2,607,735","69,135,722",26.55,26.70,26.15,26.40,+0.10,"1,342",3017
106/02/24,"1,804,153","47,515,346",26.40,26.55,26.20,26.30,-0.10,985,3017
106/03/01,"3,576,939","92,985,932",26.30,26.35,25.75,25.85,-0.45,"1,430",3017
106/03/02,"2,294,443","59,165,522",26.00,26.15,25.60,25.80,-0.05,"1,049",3017
106/03/03,"5,354,540","141,981,401",26.00,26.85,25.75,26.55,+0.75,"2,687",3017
106/03/06,"4,384,695","117,816,412",26.55,27.00,26.55,26.85,+0.30,"2,117",3017
106/03/07,"1,946,249","52,077,953",27.00,27.05,26.65,26.65,-0.20,967,3017
106/03/08,"3,937,434","105,869,472",26.65,27.15,26.60,26.75,+0.10,"1,831",3017
106/03/09,"2,311,645","61,590,820",26.60,26.85,26.30,26.80,+0.05,"1,145",3017
106/03/10,"2,264,773","59,851,222",26.80,26.85,26.20,26.40,-0.40,994,3017
106/03/13,"6,925,935","186,852,045",26.60,27.40,26.45,27.10,+0.70,"2,568",3017
106/03/14,"3,913,612","106,131,824",27.35,27.35,26.90,27.05,-0.05,"1,899",3017
106/03/15,"14,093,705","392,385,220",27.05,28.25,27.00,27.65,+0.60,"5,541",3017
106/03/16,"4,753,430","130,773,445",27.60,27.80,27.25,27.45,-0.20,"2,117",3017
106/03/17,"3,033,694","83,518,051",27.90,27.90,27.30,27.30,-0.15,"1,348",3017
106/03/20,"2,687,997","72,998,345",27.35,27.35,27.05,27.05,-0.25,"1,290",3017
106/03/21,"5,468,974","150,721,791",27.15,27.95,27.15,27.20,+0.15,"2,275",3017
106/03/22,"2,819,449","75,786,246",27.00,27.10,26.65,26.85,-0.35,"1,339",3017
106/03/23,"3,563,577","96,006,450",27.05,27.30,26.70,26.80,-0.05,"1,508",3017
106/03/24,"3,407,852","90,514,952",26.80,27.00,26.30,26.35,-0.45,"1,411",3017
106/03/27,"2,834,642","74,160,876",26.20,26.65,25.80,25.80,-0.55,"1,565",3017
106/03/28,"4,081,303","105,748,838",25.90,26.35,25.40,25.95,+0.15,"1,778",3017
106/03/29,"3,224,343","84,656,510",26.40,26.45,26.05,26.30,+0.35,"1,457",3017
106/03/30,"1,559,700","41,005,209",26.45,26.45,26.20,26.25,-0.05,862,3017
106/03/31,"1,361,936","35,749,017",26.30,26.45,26.15,26.15,-0.10,712,3017
106/04/05,"6,175,360","165,499,070",26.55,27.15,26.35,26.65,+0.50,"2,882",3017
106/04/06,"2,934,295","77,306,394",26.55,26.60,26.20,26.25,-0.40,"1,571",3017
106/04/07,"2,988,807","77,571,418",26.25,26.50,25.75,25.85,-0.40,"1,427",3017
106/04/10,"4,226,088","107,506,996",25.85,25.90,25.25,25.40,-0.45,"1,816",3017
106/04/11,"1,812,167","45,994,266",25.40,25.70,25.20,25.25,-0.15,851,3017
106/04/12,"2,410,092","60,222,950",25.25,25.40,24.85,25.00,-0.25,"1,094",3017
106/04/13,"3,029,678","76,659,487",24.90,25.50,24.90,25.45,+0.45,"1,257",3017
106/04/14,"2,293,183","57,035,908",25.30,25.30,24.70,24.75,-0.70,"1,061",3017
106/04/17,"1,680,311","41,325,186",24.75,24.95,24.40,24.55,-0.20,687,3017
106/04/18,"1,424,754","35,478,908",24.70,25.10,24.70,25.05,+0.50,618,3017
106/04/19,"3,164,240","79,092,659",25.05,25.20,24.65,24.70,-0.35,"1,371",3017
106/04/20,"1,613,392","39,858,199",24.70,24.95,24.60,24.60,-0.10,748,3017
106/04/21,"982,908","24,450,220",24.80,25.00,24.75,24.75,+0.15,522,3017
106/04/24,"1,849,479","46,366,475",24.90,25.45,24.80,24.85,+0.10,862,3017
106/04/25,"1,327,498","33,059,244",24.95,25.25,24.85,24.90,+0.05,576,3017
106/04/26,"1,362,393","34,167,063",25.20,25.25,24.95,24.95,+0.05,739,3017
106/04/27,"1,061,913","26,573,325",25.05,25.10,24.95,25.00,+0.05,516,3017
106/04/28,"1,308,974","32,912,050",25.20,25.40,25.00,25.10,+0.10,676,3017
106/05/02,"877,467","22,072,596",25.20,25.30,25.00,25.15,+0.05,475,3017
106/05/03,"1,454,372","36,754,358",25.25,25.45,25.05,25.05,-0.10,688,3017
106/05/04,"1,052,153","26,381,679",25.15,25.25,25.00,25.05, 0.00,471,3017
106/05/05,"2,075,985","51,503,126",25.10,25.10,24.60,24.60,-0.45,880,3017
106/05/08,"4,346,294","109,946,155",24.75,25.60,24.75,25.35,+0.75,"2,037",3017
106/05/09,"1,969,550","49,336,613",25.35,25.50,24.80,24.85,-0.50,917,3017
106/05/10,"779,614","19,452,750",25.00,25.10,24.85,25.00,+0.15,434,3017
106/05/11,"6,519,119","167,701,025",25.50,25.95,25.45,25.60,+0.60,"2,729",3017
106/05/12,"6,597,941","170,668,721",25.60,26.15,25.45,25.95,+0.35,"2,787",3017
106/05/15,"3,621,131","93,617,327",26.00,26.05,25.60,25.90,-0.05,"1,606",3017
106/05/16,"5,681,680","148,819,380",26.05,26.45,26.00,26.00,+0.10,"2,589",3017
106/05/17,"2,058,362","53,038,481",25.90,26.05,25.60,25.80,-0.20,"1,059",3017
106/05/18,"1,364,000","34,856,145",25.45,25.70,25.40,25.55,-0.25,681,3017
106/05/19,"1,182,365","30,268,757",25.75,25.75,25.50,25.50,-0.05,529,3017
106/05/22,"2,052,402","52,726,366",25.75,25.95,25.50,25.95,+0.45,808,3017
106/05/23,"6,397,064","166,259,784",26.10,26.25,25.55,25.60,-0.35,"2,398",3017
106/05/24,"1,870,332","47,846,264",25.60,25.70,25.50,25.55,-0.05,980,3017
106/05/25,"2,851,878","73,756,141",25.70,26.10,25.65,26.00,+0.45,"1,172",3017
106/05/26,"11,477,611","303,190,862",26.20,26.65,26.20,26.30,+0.30,"4,273",3017
106/05/31,"3,674,910","95,324,920",26.30,26.35,25.75,25.80,-0.50,"1,630",3017
106/06/01,"1,640,069","42,516,585",25.90,26.10,25.80,25.90,+0.10,752,3017
106/06/02,"1,829,101","47,559,511",25.90,26.10,25.90,25.90, 0.00,868,3017
106/06/03,"1,151,313","29,806,572",25.95,26.10,25.80,25.85,-0.05,495,3017
106/06/05,"1,907,525","49,248,239",26.00,26.05,25.70,25.85, 0.00,811,3017
106/06/06,"1,900,734","49,511,944",25.95,26.15,25.90,26.05,+0.20,919,3017
106/06/07,"3,552,268","93,072,153",26.00,26.40,25.90,26.30,+0.25,"1,441",3017
106/06/08,"3,041,512","78,825,053",26.10,26.20,25.80,25.80,-0.50,"1,390",3017
106/06/09,"2,105,499","54,338,572",25.85,26.05,25.65,25.70,-0.10,864,3017
106/06/12,"1,936,090","50,169,405",25.70,26.05,25.65,25.75,+0.05,832,3017
106/06/13,"2,118,559","55,139,302",26.10,26.15,25.95,25.95,+0.20,949,3017
106/06/14,"5,640,803","147,785,636",26.05,26.50,25.95,26.00,+0.05,"2,349",3017
106/06/15,"9,507,387","251,453,428",26.15,26.70,26.05,26.70,+0.70,"3,686",3017
106/06/16,"12,314,757","329,724,581",26.60,27.00,26.50,26.70, 0.00,"4,483",3017
106/06/19,"4,299,196","113,886,526",26.70,26.80,26.35,26.45,-0.25,"1,948",3017
106/06/20,"2,909,724","76,828,287",26.55,26.60,26.30,26.30,-0.15,"1,150",3017
106/06/21,"7,752,871","207,298,496",26.55,26.90,26.35,26.85,+0.55,"2,751",3017
106/06/22,"5,702,560","153,256,888",27.00,27.25,26.60,26.60,-0.25,"2,069",3017
106/06/23,"1,999,036","52,966,741",26.60,26.75,26.40,26.40,-0.20,958,3017
106/06/26,"2,518,386","67,138,461",26.50,26.75,26.50,26.75,+0.35,"1,032",3017
106/06/27,"2,651,992","70,670,781",26.80,26.80,26.50,26.70,-0.05,972,3017
106/06/28,"2,746,996","72,816,789",26.60,26.70,26.40,26.40,-0.30,"1,225",3017
106/06/29,"2,663,356","70,609,964",26.70,26.70,26.40,26.55,+0.15,966,3017
106/06/30,"6,131,877","163,523,769",26.50,26.90,26.40,26.65,+0.10,"2,207",3017
106/07/03,"1,856,502","49,167,273",26.65,26.65,26.40,26.45,-0.20,823,3017
106/07/04,"2,056,175","54,357,232",26.50,26.60,26.30,26.30,-0.15,769,3017
106/07/05,"1,337,138","35,238,446",26.45,26.45,26.25,26.45,+0.15,622,3017
106/07/06,"1,356,039","35,926,132",26.50,26.65,26.40,26.60,+0.15,541,3017
106/07/07,"1,452,602","38,222,971",26.60,26.60,26.20,26.20,-0.40,706,3017
106/07/10,"3,264,218","84,700,158",26.30,26.40,25.70,25.75,-0.45,"1,188",3017
106/07/11,"1,269,344","32,954,439",25.90,26.05,25.85,26.00,+0.25,560,3017
106/07/12,"1,172,501","30,582,326",25.90,26.30,25.90,26.10,+0.10,482,3017
106/07/13,"1,657,212","43,091,535",26.15,26.20,25.90,25.95,-0.15,750,3017
106/07/14,"1,503,343","38,963,376",26.00,26.05,25.80,25.90,-0.05,711,3017
106/07/17,"765,528","19,911,028",26.00,26.10,25.90,26.00,+0.10,385,3017
106/07/18,"1,527,352","40,017,704",26.00,26.40,26.00,26.40,+0.40,667,3017
106/07/19,"1,550,627","40,755,425",26.30,26.45,26.15,26.30,-0.10,715,3017
106/07/20,"979,030","25,644,530",26.35,26.35,26.10,26.10,-0.20,455,3017
106/07/21,"955,991","24,866,116",26.10,26.15,25.95,26.00,-0.10,457,3017
106/07/24,"713,473","18,572,248",26.00,26.25,25.90,25.95,-0.05,392,3017
106/07/25,"942,733","24,566,708",26.10,26.15,25.95,26.15,+0.20,469,3017
106/07/26,"1,758,154","46,249,861",26.30,26.45,26.15,26.15, 0.00,918,3017
106/07/27,"2,745,860","72,604,706",26.15,26.65,26.15,26.50,+0.35,"1,163",3017
106/07/28,"5,059,436","134,614,975",26.60,26.85,26.25,26.25,-0.25,"2,304",3017
106/07/31,"1,535,521","40,531,425",26.30,26.60,26.20,26.45,+0.20,682,3017
106/08/01,"1,459,409","38,579,694",26.45,26.55,26.35,26.40,-0.05,651,3017
106/08/02,"1,692,206","44,675,782",26.50,26.55,26.30,26.30,-0.10,684,3017
106/08/03,"3,360,483","89,257,845",26.35,26.80,26.15,26.50,+0.20,"1,278",3017
106/08/04,"6,473,778","173,989,398",26.75,27.05,26.60,26.95,+0.45,"2,676",3017
106/08/07,"8,431,189","230,972,203",27.25,27.70,27.10,27.10,+0.15,"3,362",3017
106/08/08,"4,021,891","107,808,141",27.15,27.25,26.60,26.60,-0.50,"1,497",3017
106/08/09,"2,891,878","76,322,711",26.70,26.75,26.25,26.25,-0.35,"1,184",3017
106/08/10,"4,181,362","108,685,469",26.35,26.40,25.80,26.15,-0.10,"1,488",3017
106/08/11,"6,582,482","171,543,332",26.15,26.25,25.80,25.85,-0.30,"1,737",3017
106/08/14,"4,674,848","117,749,764",25.85,25.90,24.70,24.70,-1.15,"2,026",3017
106/08/15,"1,873,341","47,213,542",25.15,25.35,25.05,25.35,+0.65,917,3017
106/08/16,"1,169,830","29,646,630",25.35,25.60,25.05,25.40,+0.05,663,3017
106/08/17,"1,174,618","30,148,607",25.55,25.85,25.45,25.65,+0.25,727,3017
106/08/18,"1,000,428","25,546,318",25.30,25.85,25.30,25.65, 0.00,604,3017
106/08/21,"5,182,060","136,705,385",25.80,26.75,25.70,26.55,+0.90,"2,574",3017
106/08/22,"2,553,370","67,408,759",26.60,26.70,26.10,26.20,-0.35,"1,227",3017
106/08/23,"4,722,016","125,299,767",26.40,26.80,26.15,26.55,+0.35,"1,890",3017
106/08/24,"5,044,079","135,532,802",26.70,27.05,26.60,26.70,+0.15,"2,121",3017
106/08/25,"2,593,784","69,500,268",27.00,27.00,26.65,26.80,+0.10,"1,067",3017
106/08/28,"2,604,665","70,157,382",27.00,27.10,26.80,26.95,+0.15,"1,056",3017
106/08/29,"4,989,816","135,331,793",27.05,27.35,27.00,27.00,+0.05,"1,778",3017
106/08/30,"4,576,745","125,069,335",27.50,27.50,27.20,27.25,+0.25,"1,969",3017
106/08/31,"4,310,501","118,002,397",27.45,27.50,27.25,27.35,+0.10,"1,605",3017
106/09/01,"10,601,826","295,189,316",27.50,28.10,27.50,27.85,+0.50,"4,037",3017
106/09/04,"11,074,846","313,024,794",27.75,28.75,27.75,28.00,+0.15,"4,507",3017
106/09/05,"6,595,384","187,148,846",28.45,28.70,28.15,28.50,+0.50,"2,807",3017
106/09/06,"6,806,830","192,369,326",28.65,28.85,27.70,28.30,-0.20,"2,752",3017
106/09/07,"3,876,995","109,188,047",28.40,28.55,27.90,28.10,-0.20,"1,750",3017
106/09/08,"3,033,507","85,539,716",28.30,28.35,28.00,28.20,+0.10,"1,159",3017
106/09/11,"6,885,118","197,068,586",28.40,28.90,28.25,28.90,+0.70,"2,838",3017
106/09/12,"8,586,903","249,260,041",29.35,29.50,28.40,28.50,-0.40,"3,482",3017
106/09/13,"3,440,923","97,801,289",28.55,28.70,28.10,28.60,+0.10,"1,654",3017
106/09/14,"2,453,472","69,939,197",28.70,28.70,28.35,28.45,-0.15,"1,072",3017
106/09/15,"4,538,298","127,748,394",28.60,28.65,27.85,28.00,-0.45,"2,077",3017
106/09/18,"4,136,753","117,475,723",28.25,28.65,28.00,28.45,+0.45,"1,715",3017
106/09/19,"3,586,978","101,791,125",28.60,28.70,28.10,28.10,-0.35,"1,471",3017
106/09/20,"3,696,212","102,670,205",28.00,28.10,27.55,27.65,-0.45,"1,864",3017
106/09/21,"1,694,133","47,311,102",27.70,28.05,27.70,27.90,+0.25,746,3017
106/09/22,"2,359,295","65,573,568",28.10,28.10,27.60,27.65,-0.25,"1,095",3017
106/09/25,"3,059,985","83,471,735",27.90,27.90,27.10,27.20,-0.45,"1,446",3017
106/09/26,"3,523,600","95,076,659",27.20,27.30,26.65,26.70,-0.50,"1,606",3017
106/09/27,"5,346,620","144,584,747",26.80,27.25,26.80,27.15,+0.45,"1,831",3017
106/09/28,"3,391,606","88,754,765",26.25,26.40,26.00,26.10,X0.00,"1,383",3017
106/09/29,"3,654,218","93,578,431",26.10,26.10,25.45,25.60,-0.50,"1,490",3017
106/09/30,"962,045","24,914,060",25.85,26.00,25.80,25.85,+0.25,463,3017
106/10/02,"1,629,574","42,616,480",26.10,26.35,25.80,26.30,+0.45,864,3017
106/10/03,"1,830,740","48,251,522",26.40,26.55,26.20,26.20,-0.10,826,3017
106/10/05,"2,996,030","79,637,596",26.40,26.80,26.20,26.60,+0.40,"1,497",3017
106/10/06,"3,330,118","89,644,236",27.00,27.10,26.80,27.00,+0.40,"1,530",3017
106/10/11,"4,089,445","111,350,898",27.40,27.45,27.00,27.20,+0.20,"1,546",3017
106/10/12,"2,368,400","64,435,716",27.40,27.45,27.05,27.10,-0.10,980,3017
106/10/13,"3,171,758","86,646,690",27.20,27.50,27.10,27.50,+0.40,"1,375",3017
106/10/16,"4,123,485","113,845,035",27.70,27.80,27.45,27.50, 0.00,"1,795",3017
106/10/17,"9,996,824","277,861,409",27.70,28.15,27.45,27.50, 0.00,"3,468",3017
106/10/18,"5,620,781","155,957,895",27.75,28.15,27.30,28.10,+0.60,"2,288",3017
106/10/19,"14,075,919","402,504,792",28.45,29.00,28.30,28.55,+0.45,"5,195",3017
106/10/20,"3,170,095","89,423,020",28.30,28.50,28.05,28.15,-0.40,"1,426",3017
106/10/23,"2,584,897","73,524,631",28.35,28.70,28.30,28.40,+0.25,"1,303",3017
106/10/24,"4,106,105","117,799,921",28.55,29.00,28.40,28.50,+0.10,"1,789",3017
106/10/25,"3,947,408","111,263,024",28.50,28.70,28.00,28.00,-0.50,"1,684",3017
106/10/26,"6,185,920","177,175,980",28.00,28.85,28.00,28.85,+0.85,"2,322",3017
106/10/27,"25,092,464","752,551,786",30.00,30.90,28.45,28.45,-0.40,"9,918",3017
106/10/30,"5,609,418","157,986,238",28.55,28.90,27.55,28.10,-0.35,"2,226",3017
106/10/31,"3,077,363","87,718,838",28.30,28.80,28.05,28.60,+0.50,"1,378",3017
106/11/01,"2,024,319","57,910,617",28.75,28.85,28.50,28.60, 0.00,905,3017
106/11/02,"1,849,926","52,591,694",28.50,28.65,28.25,28.40,-0.20,871,3017
106/11/03,"6,099,355","176,568,182",28.55,29.30,28.45,28.85,+0.45,"2,378",3017
106/11/06,"8,974,713","265,896,590",29.15,30.15,28.95,30.10,+1.25,"3,757",3017
106/11/07,"5,672,659","169,965,098",30.30,30.55,29.70,29.90,-0.20,"2,622",3017
106/11/08,"4,042,119","119,644,252",29.95,29.95,29.30,29.50,-0.40,"1,883",3017
106/11/09,"5,686,676","169,526,269",30.00,30.30,29.30,29.40,-0.10,"2,257",3017
106/11/10,"3,470,024","101,425,156",29.35,29.50,28.90,29.25,-0.15,"1,438",3017
106/11/13,"3,952,723","114,000,701",29.20,29.25,28.55,28.55,-0.70,"1,736",3017
106/11/14,"4,365,404","122,947,599",28.45,28.55,27.80,28.35,-0.20,"1,589",3017
106/11/15,"1,861,818","52,505,726",28.25,28.40,28.05,28.40,+0.05,931,3017
106/11/16,"4,316,693","123,309,151",28.20,28.95,28.20,28.45,+0.05,"1,625",3017
106/11/17,"4,528,098","131,069,203",28.55,29.45,28.50,29.25,+0.80,"2,029",3017
106/11/20,"2,287,565","66,103,235",29.25,29.25,28.70,28.85,-0.40,"1,001",3017
106/11/21,"3,928,204","114,525,762",28.85,29.40,28.80,29.40,+0.55,"1,656",3017
106/11/22,"5,169,613","148,968,736",29.20,29.25,28.55,28.60,-0.80,"2,215",3017
106/11/23,"37,493,660","1,150,944,820",30.05,31.45,29.80,31.45,+2.85,"11,233",3017
106/11/24,"54,594,143","1,748,266,764",31.80,33.05,30.65,31.05,-0.40,"19,669",3017
106/11/27,"29,581,469","949,081,496",31.10,32.80,30.80,32.50,+1.45,"11,437",3017
106/11/28,"49,775,807","1,737,801,634",34.05,35.75,33.65,35.75,+3.25,"20,269",3017
106/11/29,"57,327,059","2,120,449,911",35.80,38.30,35.20,37.80,+2.05,"24,475",3017
106/11/30,"33,364,586","1,207,832,446",36.55,37.50,35.45,36.00,-1.80,"14,332",3017
106/12/01,"35,925,265","1,233,498,074",35.55,36.60,32.40,32.80,-3.20,"14,894",3017
106/12/04,"18,493,665","623,216,027",33.45,34.30,33.05,33.15,+0.35,"8,234",3017
106/12/05,"20,433,143","663,584,942",33.25,34.10,31.00,31.70,-1.45,"8,494",3017
106/12/06,"19,161,223","624,648,641",32.50,33.35,31.80,32.65,+0.95,"8,539",3017
106/12/07,"12,397,438","396,070,138",32.85,33.15,31.40,31.55,-1.10,"5,270",3017
106/12/08,"8,343,868","265,467,446",32.00,32.30,31.05,31.90,+0.35,"3,930",3017
106/12/11,"11,724,866","385,370,160",32.60,33.55,31.90,33.20,+1.30,"5,697",3017
106/12/12,"8,831,967","287,569,644",33.30,33.30,31.95,32.00,-1.20,"3,848",3017
106/12/13,"6,105,991","194,218,562",32.00,32.25,31.50,31.60,-0.40,"2,631",3017
106/12/14,"19,757,489","653,474,178",32.40,33.85,32.00,32.95,+1.35,"9,096",3017
106/12/15,"9,000,445","288,977,029",32.50,32.70,31.75,32.00,-0.95,"4,169",3017
106/12/18,"4,105,026","131,480,317",32.10,32.40,31.80,31.90,-0.10,"2,081",3017
106/12/19,"13,138,948","407,352,754",32.15,32.35,30.30,30.55,-1.35,"6,659",3017
106/12/20,"6,372,256","198,453,144",31.00,31.50,30.85,31.00,+0.45,"3,206",3017
106/12/21,"5,705,778","179,450,840",31.30,31.70,31.05,31.20,+0.20,"2,656",3017
106/12/22,"3,967,108","122,007,665",31.30,31.35,30.50,30.75,-0.45,"2,029",3017
106/12/25,"7,632,643","237,844,771",30.30,31.85,30.20,31.30,+0.55,"3,635",3017
106/12/26,"10,021,846","316,104,242",31.65,32.10,31.05,31.10,-0.20,"4,177",3017
106/12/27,"6,592,572","206,149,681",31.10,31.75,30.85,31.45,+0.35,"2,684",3017
106/12/28,"7,984,065","254,407,013",31.75,32.25,31.50,31.95,+0.50,"3,395",3017
106/12/29,"14,851,715","484,633,056",32.20,33.10,32.15,32.40,+0.45,"6,657",3017
107/01/02,"9,032,655","297,327,500",32.65,33.50,32.45,33.50,+1.10,"3,962",3017
107/01/03,"13,603,876","451,752,448",33.80,34.30,32.30,32.55,-0.95,"6,310",3017
107/01/04,"5,978,323","193,035,748",32.60,32.70,32.05,32.20,-0.35,"3,057",3017
107/01/05,"4,604,631","149,361,058",32.45,32.70,32.15,32.30,+0.10,"2,262",3017
107/01/08,"7,565,581","237,679,661",32.40,32.45,31.00,31.00,-1.30,"3,949",3017
107/01/09,"3,878,685","121,361,331",31.10,31.60,30.85,31.30,+0.30,"1,772",3017
107/01/10,"8,078,322","246,637,849",31.00,31.30,30.20,30.20,-1.10,"3,488",3017
107/01/11,"5,259,127","156,864,510",30.20,30.20,29.50,29.90,-0.30,"2,399",3017
107/01/12,"4,394,033","134,758,060",30.35,30.90,30.30,30.65,+0.75,"2,112",3017
107/01/15,"2,693,459","83,436,829",31.00,31.30,30.80,31.00,+0.35,"1,458",3017
107/01/16,"2,557,362","79,425,578",31.20,31.40,30.90,30.95,-0.05,"1,358",3017
107/01/17,"2,980,177","91,560,457",31.00,31.10,30.55,30.60,-0.35,"1,592",3017
107/01/18,"2,704,390","82,551,440",30.80,30.90,30.30,30.30,-0.30,"1,421",3017
107/01/19,"1,567,237","47,586,224",30.55,30.65,30.10,30.30, 0.00,907,3017
107/01/22,"1,819,061","55,076,490",30.40,30.45,30.05,30.25,-0.05,"1,006",3017
107/01/23,"3,037,857","93,026,271",30.30,30.95,30.10,30.65,+0.40,"1,579",3017
107/01/24,"2,270,386","69,783,275",30.70,30.90,30.45,30.85,+0.20,"1,176",3017
107/01/25,"6,605,301","206,925,581",30.85,31.80,30.70,31.00,+0.15,"3,130",3017
107/01/26,"13,357,087","426,061,389",30.90,32.40,30.90,31.60,+0.60,"5,929",3017
107/01/29,"5,469,583","169,910,303",31.60,31.80,30.80,30.90,-0.70,"2,700",3017
107/01/30,"4,419,230","134,226,053",30.70,30.75,30.10,30.20,-0.70,"2,140",3017
107/01/31,"5,594,661","171,996,935",30.00,31.20,29.90,30.95,+0.75,"2,639",3017
107/02/01,"2,873,320","88,682,820",31.20,31.40,30.50,30.55,-0.40,"1,436",3017
107/02/02,"1,932,978","58,697,626",30.35,30.65,30.25,30.30,-0.25,966,3017
107/02/05,"2,370,325","70,242,080",29.50,29.85,29.40,29.85,-0.45,"1,215",3017
107/02/06,"8,845,035","245,915,189",29.00,29.05,26.90,27.00,-2.85,"3,722",3017
107/02/07,"3,841,267","107,152,130",27.90,28.30,27.65,27.65,+0.65,"1,769",3017
107/02/08,"2,039,224","55,793,758",27.60,27.85,27.15,27.30,-0.35,"1,099",3017
107/02/09,"3,247,886","85,401,393",25.80,26.80,25.80,26.60,-0.70,"1,440",3017
107/02/12,"1,584,734","42,754,139",27.00,27.20,26.80,26.90,+0.30,903,3017
107/02/21,"2,439,961","68,201,099",27.80,28.20,27.50,28.10,+1.20,"1,266",3017
107/02/22,"1,520,071","42,761,904",27.85,28.40,27.80,28.15,+0.05,869,3017
107/02/23,"8,697,662","256,029,419",28.25,30.35,28.05,29.70,+1.55,"4,115",3017
107/02/26,"3,869,801","113,217,453",29.45,29.70,29.00,29.25,-0.45,"2,066",3017
107/02/27,"6,357,559","190,346,373",29.45,30.50,29.30,29.55,+0.30,"3,046",3017
107/03/01,"2,817,657","83,911,675",29.30,30.05,29.25,30.05,+0.50,"1,500",3017
107/03/02,"1,566,122","46,430,929",29.60,29.80,29.45,29.70,-0.35,922,3017
107/03/05,"2,206,597","65,892,013",29.90,30.45,29.50,29.50,-0.20,"1,303",3017
107/03/06,"4,940,755","147,619,800",29.80,30.20,29.50,29.90,+0.40,"2,053",3017
107/03/07,"1,779,600","52,970,366",29.85,30.10,29.45,29.50,-0.40,"1,019",3017
107/03/08,"1,537,578","45,680,954",29.50,29.90,29.50,29.70,+0.20,841,3017
107/03/09,"2,875,945","86,476,957",30.00,30.35,29.80,29.80,+0.10,"1,508",3017
107/03/12,"1,891,454","56,539,119",30.30,30.30,29.75,29.80, 0.00,"1,052",3017
107/03/13,"4,061,147","122,868,913",29.85,30.65,29.80,30.20,+0.40,"2,151",3017
107/03/14,"4,308,345","131,963,227",30.20,30.95,30.15,30.70,+0.50,"2,270",3017
107/03/15,"2,980,796","91,637,026",30.65,30.95,30.50,30.80,+0.10,"1,469",3017
107/03/16,"3,459,651","106,148,487",31.00,31.10,30.25,30.25,-0.55,"1,742",3017
107/03/19,"3,010,590","91,533,320",30.45,30.70,30.05,30.35,+0.10,"1,344",3017
107/03/20,"1,486,723","44,965,282",30.20,30.50,30.05,30.20,-0.15,808,3017
107/03/21,"3,456,315","105,863,553",30.35,30.90,30.20,30.50,+0.30,"1,566",3017
107/03/22,"4,711,998","144,981,933",30.85,31.20,30.20,30.30,-0.20,"2,470",3017
107/03/23,"3,682,444","107,374,406",29.25,29.50,28.85,29.00,-1.30,"1,888",3017
107/03/26,"1,277,358","37,010,013",28.80,29.30,28.70,29.10,+0.10,756,3017
107/03/27,"1,502,259","44,310,810",29.50,29.60,29.35,29.45,+0.35,695,3017
107/03/28,"1,125,772","32,766,638",29.30,29.35,28.90,29.00,-0.45,585,3017
107/03/29,"804,277","23,462,988",29.00,29.35,29.00,29.10,+0.10,457,3017
107/03/30,"5,414,554","163,599,474",29.45,30.75,29.30,29.90,+0.80,"2,670",3017
107/03/31,"912,579","27,038,071",29.90,29.95,29.50,29.60,-0.30,536,3017
107/04/02,"1,319,736","38,860,446",29.60,29.70,29.30,29.30,-0.30,729,3017
107/04/03,"1,164,520","33,792,670",29.10,29.20,28.85,29.00,-0.30,668,3017
107/04/09,"1,021,577","29,547,348",29.15,29.20,28.80,28.85,-0.15,529,3017
107/04/10,"874,093","25,326,654",29.20,29.20,28.90,28.90,+0.05,531,3017
107/04/11,"1,160,513","33,691,051",29.00,29.45,28.80,28.80,-0.10,611,3017
107/04/12,"1,788,009","51,097,501",28.85,29.05,28.40,28.60,-0.20,825,3017
107/04/13,"1,149,871","33,179,032",28.75,29.00,28.70,28.70,+0.10,598,3017
107/04/16,"969,881","27,665,970",28.70,28.80,28.35,28.35,-0.35,563,3017
107/04/17,"1,620,225","45,323,049",28.40,28.60,27.60,27.70,-0.65,816,3017
107/04/18,"1,600,643","44,161,582",27.95,28.00,27.25,27.35,-0.35,"1,063",3017
107/04/19,"1,723,104","48,050,012",27.40,28.30,27.30,28.00,+0.65,953,3017
107/04/20,"603,364","16,837,382",27.80,28.10,27.70,27.90,-0.10,387,3017
107/04/23,"1,262,544","34,682,266",27.90,28.00,27.20,27.30,-0.60,604,3017
107/04/24,"2,602,931","68,855,370",27.30,27.40,26.10,26.25,-1.05,"1,327",3017
107/04/25,"1,581,748","41,745,593",26.00,26.85,25.90,26.80,+0.55,801,3017
107/04/26,"1,379,306","36,515,296",26.90,27.10,26.05,26.10,-0.70,679,3017
107/04/27,"980,702","25,719,530",26.45,26.50,26.05,26.20,+0.10,584,3017
107/04/30,"1,800,657","48,310,702",26.30,27.25,26.20,27.05,+0.85,963,3017
107/05/02,"932,633","25,174,929",27.05,27.15,26.70,27.05, 0.00,607,3017
107/05/03,"647,504","17,413,407",27.00,27.05,26.70,26.85,-0.20,468,3017
107/05/04,"797,200","21,614,529",27.10,27.30,27.00,27.20,+0.35,466,3017
107/05/07,"4,187,461","116,681,110",27.40,28.20,27.35,28.00,+0.80,"1,856",3017
107/05/08,"2,520,985","71,644,175",28.35,28.75,28.10,28.20,+0.20,"1,393",3017
107/05/09,"1,753,453","48,944,909",28.05,28.20,27.70,28.10,-0.10,"1,085",3017
107/05/10,"6,483,138","185,807,432",28.20,28.95,28.15,28.50,+0.40,"2,338",3017
107/05/11,"2,846,099","79,661,664",28.20,28.25,27.75,27.75,-0.75,"1,394",3017
107/05/14,"1,497,776","41,669,019",27.70,28.20,27.65,27.95,+0.20,788,3017
107/05/15,"1,747,261","48,626,729",27.85,28.10,27.60,27.60,-0.35,960,3017
107/05/16,"1,507,411","42,162,264",27.70,28.30,27.65,27.90,+0.30,695,3017
107/05/17,"1,100,330","30,977,737",28.05,28.25,28.00,28.20,+0.30,660,3017
107/05/18,"1,413,021","39,939,938",28.35,28.40,28.10,28.30,+0.10,880,3017
107/05/21,"2,994,367","86,427,843",28.70,29.15,28.50,29.15,+0.85,"1,624",3017
107/05/22,"4,130,813","120,230,855",29.35,29.35,28.70,29.25,+0.10,"2,042",3017
107/05/23,"1,484,752","42,883,631",29.10,29.20,28.75,28.85,-0.40,881,3017
107/05/24,"1,645,989","47,756,376",28.85,29.25,28.80,29.10,+0.25,845,3017
107/05/25,"4,340,899","128,288,776",29.10,29.90,29.05,29.50,+0.40,"2,131",3017
107/05/28,"1,905,130","55,884,478",29.55,29.55,29.20,29.25,-0.25,922,3017
107/05/29,"2,113,173","61,033,019",29.05,29.25,28.65,28.75,-0.50,"1,172",3017
107/05/30,"1,203,241","34,584,738",28.50,29.20,28.40,28.90,+0.15,759,3017
107/05/31,"1,476,905","42,691,819",29.00,29.20,28.75,28.85,-0.05,729,3017
107/06/01,"12,015,942","363,327,242",28.85,30.80,28.85,30.30,+1.45,"5,408",3017
107/06/04,"19,294,062","617,423,807",31.50,32.50,31.50,31.65,+1.35,"8,727",3017
107/06/05,"6,275,744","195,589,247",31.55,31.60,30.85,31.20,-0.45,"3,190",3017
107/06/06,"3,599,566","113,090,187",31.70,31.80,31.20,31.40,+0.20,"1,818",3017
107/06/07,"4,153,161","129,825,370",31.90,31.95,30.95,31.35,-0.05,"1,928",3017
107/06/08,"12,091,064","386,131,366",31.65,32.25,31.45,31.65,+0.30,"5,162",3017
107/06/11,"4,342,735","135,599,730",31.65,32.00,31.00,31.20,-0.45,"2,062",3017
107/06/12,"6,789,402","212,845,678",31.10,31.90,30.85,31.35,+0.15,"3,043",3017
107/06/13,"4,012,117","123,459,978",31.20,31.50,30.50,30.50,-0.85,"2,283",3017
107/06/14,"2,285,532","69,998,776",30.25,30.85,30.20,30.60,+0.10,"1,328",3017
107/06/15,"1,938,212","59,591,944",30.90,31.00,30.60,30.65,+0.05,972,3017
107/06/19,"3,086,002","92,637,657",30.40,30.45,29.80,30.20,-0.45,"1,439",3017
107/06/20,"11,269,881","343,448,874",30.45,30.80,29.60,29.60,-0.60,"3,655",3017
107/06/21,"3,582,358","106,719,807",29.45,30.40,29.35,30.35,+0.75,"1,929",3017
107/06/22,"1,947,272","58,200,192",30.05,30.15,29.70,29.80,-0.55,"1,163",3017
107/06/25,"1,176,206","34,891,225",29.90,30.00,29.50,29.50,-0.30,670,3017
107/06/26,"1,765,201","51,210,598",29.35,29.35,28.75,29.00,-0.50,918,3017
107/06/27,"2,224,192","64,023,572",29.20,29.20,28.50,28.65,-0.35,"1,312",3017
107/06/28,"1,836,000","52,069,650",28.35,28.65,28.20,28.20,-0.45,"1,010",3017
107/06/29,"1,140,852","32,698,707",28.60,28.85,28.55,28.65,+0.45,750,3017
107/07/02,"838,471","23,979,373",28.70,28.85,28.30,28.40,-0.25,583,3017
107/07/03,"1,669,300","46,667,305",28.40,28.55,27.50,27.60,-0.80,925,3017
107/07/04,"1,008,315","27,884,654",27.65,27.90,27.50,27.60, 0.00,495,3017
107/07/05,"681,268","18,809,705",27.65,27.85,27.40,27.40,-0.20,411,3017
107/07/06,"2,115,965","57,167,755",27.55,27.65,26.70,27.00,-0.40,"1,073",3017
107/07/09,"1,088,563","29,675,160",27.20,27.55,27.05,27.55,+0.55,709,3017
107/07/10,"3,855,739","107,214,519",28.10,28.45,27.50,27.70,+0.15,"1,429",3017
107/07/11,"962,000","26,263,750",27.40,27.50,27.20,27.25,-0.45,540,3017
107/07/12,"640,605","17,633,446",27.25,27.70,27.25,27.60,+0.35,414,3017
107/07/13,"1,479,500","41,352,823",27.75,28.10,27.70,28.00,+0.40,716,3017
107/07/16,"927,150","25,758,891",28.00,28.00,27.70,27.70,-0.30,493,3017
107/07/17,"1,871,712","51,772,263",27.55,28.00,27.45,27.90,+0.20,905,3017
107/07/18,"5,062,135","142,830,247",28.30,28.45,28.00,28.25,+0.35,"2,381",3017
107/07/19,"1,898,551","52,936,516",28.35,28.35,27.70,27.75,-0.50,880,3017
107/07/20,"1,414,668","39,347,202",27.80,28.00,27.60,27.60,-0.15,732,3017
107/07/23,"1,328,010","36,234,575",27.70,27.70,27.10,27.30,-0.30,769,3017
107/07/24,"767,800","21,182,650",27.35,27.80,27.25,27.65,+0.35,444,3017
107/07/25,"1,887,298","52,919,853",27.70,28.40,27.55,28.00,+0.35,958,3017
107/07/26,"3,174,188","90,558,963",28.10,28.85,28.05,28.80,+0.80,"1,380",3017
107/07/27,"4,366,945","127,126,105",29.15,29.30,28.90,29.00,+0.20,"2,191",3017
107/07/30,"2,263,860","64,532,309",29.00,29.00,28.25,28.50,-0.50,"1,066",3017
107/07/31,"1,260,666","36,129,360",28.35,28.90,28.35,28.90,+0.40,588,3017
107/08/01,"7,012,410","206,495,755",29.40,29.70,29.25,29.30,+0.40,"3,264",3017
107/08/02,"2,335,459","67,340,195",29.10,29.25,28.50,28.55,-0.75,"1,345",3017
107/08/03,"1,327,606","38,016,810",28.60,28.95,28.45,28.70,+0.15,690,3017
107/08/06,"1,820,685","52,751,128",28.75,29.20,28.65,28.95,+0.25,976,3017
107/08/07,"1,149,260","33,120,674",29.00,29.00,28.75,28.75,-0.20,661,3017
107/08/08,"1,981,539","57,704,659",28.90,29.30,28.90,29.15,+0.40,"1,009",3017
107/08/09,"2,380,704","68,381,066",29.10,29.10,28.50,28.80,-0.35,"1,088",3017
107/08/10,"6,308,200","183,586,529",28.90,29.30,28.90,29.15,+0.35,"2,347",3017
107/08/13,"5,125,804","143,665,812",28.95,28.95,27.15,27.70,-1.45,"2,591",3017
107/08/14,"1,661,277","45,712,025",27.75,27.85,27.25,27.55,-0.15,997,3017
107/08/15,"1,979,866","53,655,464",27.60,27.60,26.90,27.00,-0.55,"1,129",3017
107/08/16,"1,974,257","52,734,065",26.50,27.15,26.40,27.10,+0.10,938,3017
107/08/17,"3,274,445","90,162,369",27.20,27.85,27.20,27.45,+0.35,"1,547",3017
107/08/20,"2,060,648","55,607,942",27.45,27.50,26.70,26.90,-0.55,"1,140",3017
107/08/21,"689,857","18,616,780",27.00,27.10,26.85,27.05,+0.15,400,3017
107/08/22,"515,532","13,913,289",27.05,27.15,26.90,26.90,-0.15,302,3017
107/08/23,"595,008","16,099,015",27.00,27.15,27.00,27.05,+0.15,290,3017
107/08/24,"623,821","16,838,967",27.15,27.20,26.80,27.00,-0.05,320,3017
107/08/27,"1,177,500","32,289,800",27.10,27.75,27.10,27.50,+0.50,663,3017
107/08/28,"2,043,854","56,864,017",27.80,28.15,27.40,28.00,+0.50,950,3017
107/08/29,"8,263,353","234,719,923",28.15,28.80,28.05,28.40,+0.40,"3,372",3017
107/08/30,"2,244,400","63,829,828",28.40,28.70,28.25,28.60,+0.20,980,3017
107/08/31,"11,289,563","326,092,164",28.50,29.30,28.40,29.25,+0.65,"3,292",3017
107/09/03,"16,732,699","490,701,772",29.20,29.65,28.60,28.60,-0.65,"4,847",3017
107/09/04,"1,988,298","56,968,800",28.50,28.85,28.50,28.85,+0.25,985,3017
107/09/05,"1,283,308","36,804,807",28.85,28.85,28.55,28.60,-0.25,590,3017
107/09/06,"1,174,822","33,270,320",28.55,28.60,28.20,28.25,-0.35,630,3017
107/09/07,"1,964,312","54,764,850",28.30,28.50,27.45,27.70,-0.55,985,3017
107/09/10,"1,689,802","45,871,430",27.50,27.65,26.90,27.05,-0.65,916,3017
107/09/11,"1,089,000","29,965,700",27.25,27.85,27.25,27.60,+0.55,721,3017
107/09/12,"1,154,249","31,869,619",27.60,27.75,27.45,27.60, 0.00,680,3017
107/09/13,"1,765,154","49,587,819",27.80,28.35,27.70,28.20,+0.60,"1,129",3017
107/09/14,"1,772,331","50,262,749",28.25,28.60,28.10,28.40,+0.20,"1,045",3017
107/09/17,"661,331","18,727,548",28.15,28.50,28.15,28.25,-0.15,424,3017
107/09/18,"1,385,507","38,608,742",28.25,28.25,27.65,27.75,-0.50,817,3017
107/09/19,"1,099,269","30,738,026",27.90,28.15,27.75,27.75, 0.00,705,3017
107/09/20,"1,342,506","37,302,174",27.90,28.05,27.70,27.75, 0.00,768,3017
107/09/21,"1,990,169","55,795,482",28.10,28.15,27.80,28.00,+0.25,579,3017
107/09/25,"2,203,807","61,561,365",28.00,28.05,27.75,27.90,-0.10,655,3017
107/09/26,"3,734,721","104,415,581",28.00,28.20,27.80,27.95,+0.05,"1,205",3017
107/09/27,"4,719,561","127,517,165",27.20,27.20,26.55,26.75,X0.00,"1,199",3017
107/09/28,"1,770,189","48,163,246",26.90,27.45,26.90,27.25,+0.50,"1,067",3017
107/10/01,"3,930,536","109,573,132",27.35,28.10,27.30,28.05,+0.80,"2,005",3017
107/10/02,"3,511,934","98,723,900",28.05,28.45,27.80,27.95,-0.10,"1,875",3017
107/10/03,"1,417,458","39,208,515",27.95,28.05,27.55,27.55,-0.40,800,3017
107/10/04,"1,052,200","28,887,509",27.60,27.80,27.25,27.25,-0.30,655,3017
107/10/05,"2,092,153","55,741,498",27.05,27.25,26.10,26.50,-0.75,"1,259",3017
107/10/08,"2,326,391","60,628,231",26.20,26.60,25.85,26.15,-0.35,"1,177",3017
107/10/09,"5,557,679","142,587,016",26.00,26.25,24.80,25.45,-0.70,"2,447",3017
107/10/11,"2,864,166","65,829,702",23.00,23.15,22.95,22.95,-2.50,"1,385",3017
107/10/12,"3,089,642","68,556,993",21.85,22.50,21.65,22.45,-0.50,"1,564",3017
107/10/15,"2,093,499","46,483,550",22.25,22.55,22.00,22.00,-0.45,"1,084",3017
107/10/16,"1,558,510","34,669,147",22.00,22.65,22.00,22.15,+0.15,860,3017
107/10/17,"1,666,572","37,334,388",22.80,22.80,22.15,22.35,+0.20,947,3017
107/10/18,"1,194,398","26,307,265",22.25,22.40,21.85,22.10,-0.25,792,3017
107/10/19,"2,145,823","45,641,609",21.80,21.80,21.05,21.20,-0.90,"1,098",3017
107/10/22,"1,195,000","25,640,450",21.05,21.65,21.00,21.50,+0.30,752,3017
107/10/23,"929,451","19,793,037",21.50,21.70,21.10,21.10,-0.40,621,3017
107/10/24,"1,007,994","21,225,270",21.20,21.40,20.80,21.05,-0.05,588,3017
107/10/25,"1,899,747","38,299,437",20.20,20.35,20.00,20.00,-1.05,926,3017
107/10/26,"1,167,630","23,588,581",20.40,20.50,20.00,20.25,+0.25,648,3017
107/10/29,"1,863,391","37,573,783",20.40,20.60,19.95,20.45,+0.20,758,3017
107/10/30,"3,494,953","72,316,720",20.55,20.95,20.55,20.60,+0.15,"1,689",3017
107/10/31,"1,753,082","36,858,890",20.90,21.30,20.75,21.20,+0.60,931,3017
107/11/01,"1,702,846","36,458,855",21.10,21.60,21.05,21.55,+0.35,854,3017
107/11/02,"1,774,536","38,316,924",21.75,21.90,21.35,21.40,-0.15,994,3017
107/11/05,"613,001","13,031,573",21.25,21.55,21.10,21.20,-0.20,430,3017
107/11/06,"681,001","14,370,521",21.40,21.40,20.95,21.00,-0.20,402,3017
107/11/07,"792,001","16,871,523",21.00,21.55,20.95,21.40,+0.40,455,3017
107/11/08,"931,477","20,019,954",21.75,21.75,21.25,21.30,-0.10,527,3017
107/11/09,"757,500","16,032,350",21.20,21.35,21.00,21.20,-0.10,421,3017
107/11/12,"537,001","11,349,321",21.00,21.30,21.00,21.05,-0.15,347,3017
107/11/13,"1,028,309","21,362,256",20.70,20.90,20.65,20.80,-0.25,574,3017
107/11/14,"1,844,395","38,545,862",20.90,21.20,20.70,20.80, 0.00,"1,055",3017
107/11/15,"1,792,151","37,340,736",20.80,21.00,20.70,20.90,+0.10,"1,093",3017
107/11/16,"6,262,105","136,249,489",20.90,22.85,20.90,21.90,+1.00,"3,239",3017
107/11/19,"4,092,705","91,461,392",21.85,22.90,21.70,22.80,+0.90,"2,262",3017
107/11/20,"3,358,005","74,394,012",22.35,22.45,21.95,22.00,-0.80,"1,865",3017
107/11/21,"1,905,012","41,482,627",21.70,22.10,21.55,21.85,-0.15,"1,114",3017
107/11/22,"1,719,153","37,623,716",21.90,22.20,21.55,21.60,-0.25,970,3017
107/11/23,"995,417","21,326,628",21.75,21.80,21.25,21.25,-0.35,606,3017
107/11/26,"843,257","18,197,429",21.35,21.75,21.35,21.50,+0.25,480,3017
107/11/27,"2,181,000","47,611,100",21.50,22.05,21.35,22.05,+0.55,"1,100",3017
107/11/28,"9,187,692","207,118,495",22.10,22.85,22.10,22.50,+0.45,"3,939",3017
107/11/29,"3,677,605","83,576,502",22.80,22.90,22.60,22.65,+0.15,"1,782",3017
107/11/30,"7,465,286","172,727,415",22.75,23.35,22.70,23.25,+0.60,"2,278",3017
107/12/03,"11,348,959","282,664,071",24.60,25.40,24.40,24.90,+1.65,"4,338",3017
107/12/04,"3,542,882","86,662,018",24.85,24.85,24.10,24.35,-0.55,"1,908",3017
107/12/05,"3,089,100","74,046,151",23.75,24.50,23.50,24.50,+0.15,"1,581",3017
107/12/06,"4,594,030","108,779,702",24.50,24.50,22.90,23.35,-1.15,"2,208",3017
107/12/07,"5,279,230","126,457,234",23.45,24.55,23.25,24.40,+1.05,"2,466",3017
107/12/10,"8,372,182","203,231,723",24.05,24.65,23.90,24.55,+0.15,"3,911",3017
107/12/11,"4,704,254","114,189,183",24.60,24.75,24.00,24.10,-0.45,"2,376",3017
107/12/12,"1,976,072","47,988,447",24.35,24.45,24.15,24.25,+0.15,"1,097",3017
107/12/13,"2,568,407","62,660,169",24.40,24.65,24.20,24.20,-0.05,"1,407",3017
107/12/14,"5,620,885","138,581,710",24.25,25.30,23.85,25.10,+0.90,"2,668",3017
107/12/17,"9,753,710","243,837,612",25.00,25.25,24.65,24.75,-0.35,"4,684",3017
107/12/18,"6,042,002","146,571,500",24.40,24.70,23.90,24.30,-0.45,"2,736",3017
107/12/19,"5,253,507","129,016,394",24.50,24.90,24.10,24.25,-0.05,"2,525",3017
107/12/20,"2,910,010","69,281,800",24.05,24.30,23.35,23.45,-0.80,"1,552",3017
107/12/21,"2,963,086","70,977,287",23.50,24.40,23.45,24.10,+0.65,"1,582",3017
107/12/22,"4,836,484","119,452,743",23.90,25.15,23.90,25.15,+1.05,"2,239",3017
107/12/24,"18,676,586","486,286,525",25.40,26.45,25.30,26.30,+1.15,"8,590",3017
107/12/25,"13,953,010","358,657,604",25.80,26.50,24.85,25.50,-0.80,"6,623",3017
107/12/26,"6,726,360","169,158,070",25.80,26.05,24.40,24.65,-0.85,"3,334",3017
107/12/27,"5,027,279","126,566,465",25.35,25.55,24.75,24.75,+0.10,"2,241",3017
107/12/28,"2,939,609","73,691,414",25.00,25.30,24.80,25.25,+0.50,"1,486",3017
108/01/02,"8,005,846","205,429,542",25.40,25.95,25.25,25.65,+0.40,"3,878",3017
108/01/03,"2,862,478","72,015,568",25.30,25.55,24.85,24.95,-0.70,"1,534",3017
108/01/04,"3,727,012","90,204,850",24.60,24.60,23.70,24.20,-0.75,"1,825",3017
108/01/07,"3,084,356","76,857,369",24.90,25.30,24.60,25.10,+0.90,"1,646",3017
108/01/08,"8,805,115","225,548,909",25.00,26.10,24.80,25.75,+0.65,"4,039",3017
108/01/09,"6,023,904","153,856,152",25.60,26.05,25.20,25.60,-0.15,"2,865",3017
108/01/10,"3,530,517","90,556,935",25.40,25.90,25.40,25.75,+0.15,"1,704",3017
108/01/11,"7,788,354","202,758,239",25.95,26.40,25.65,26.40,+0.65,"3,456",3017
108/01/14,"16,156,241","433,003,761",26.70,27.40,26.00,26.20,-0.20,"7,271",3017
108/01/15,"4,633,219","119,499,825",26.10,26.15,25.50,25.70,-0.50,"2,522",3017
108/01/16,"2,777,655","71,267,680",25.70,25.90,25.50,25.55,-0.15,"1,392",3017
108/01/17,"2,364,102","60,492,906",25.70,25.85,25.30,25.50,-0.05,"1,227",3017
108/01/18,"1,893,296","48,204,953",25.50,25.65,25.30,25.45,-0.05,928,3017
108/01/21,"3,781,219","97,386,565",25.50,26.15,25.35,26.10,+0.65,"1,576",3017
108/01/22,"10,350,700","267,329,676",26.20,26.25,25.20,25.20,-0.90,"4,387",3017
108/01/23,"2,246,879","56,614,380",25.20,25.40,25.05,25.35,+0.15,"1,437",3017
108/01/24,"1,856,253","47,005,875",25.55,25.60,25.20,25.40,+0.05,970,3017
108/01/25,"6,523,549","165,068,016",25.60,25.70,24.90,25.05,-0.35,"2,740",3017
108/01/28,"4,434,131","110,295,744",25.05,25.15,24.65,24.80,-0.25,"2,032",3017
108/01/29,"2,922,314","72,829,481",24.80,25.15,24.60,24.95,+0.15,"1,577",3017
108/01/30,"7,354,736","186,671,734",25.20,25.70,25.05,25.05,+0.10,"2,989",3017
108/02/11,"18,465,067","486,076,141",25.50,27.00,25.45,26.95,+1.90,"7,502",3017
108/02/12,"24,732,429","686,135,041",27.30,28.45,26.80,27.70,+0.75,"9,617",3017
108/02/13,"19,868,967","573,260,575",29.00,29.20,28.50,29.10,+1.40,"8,408",3017
108/02/14,"10,794,927","311,744,391",29.00,29.10,28.65,28.70,-0.40,"3,989",3017
108/02/15,"10,377,372","301,359,961",29.00,29.60,28.50,28.95,+0.25,"4,230",3017
108/02/18,"16,303,367","489,373,623",29.95,30.45,29.55,30.35,+1.40,"6,731",3017
108/02/19,"8,518,430","255,123,336",30.35,30.35,29.65,30.10,-0.25,"3,555",3017
108/02/20,"6,986,178","210,004,352",30.40,30.45,29.85,29.85,-0.25,"2,884",3017
108/02/21,"8,343,635","245,644,972",30.00,30.10,29.10,29.50,-0.35,"3,571",3017
108/02/22,"5,972,246","177,676,703",29.50,30.05,29.40,29.65,+0.15,"2,518",3017
108/02/25,"33,062,037","1,051,083,573",30.30,32.60,30.10,32.60,+2.95,"13,207",3017
108/02/26,"29,530,283","967,181,202",32.55,33.45,32.05,32.65,+0.05,"11,469",3017
108/02/27,"36,121,572","1,208,210,759",33.50,34.20,32.60,33.65,+1.00,"16,297",3017
108/03/04,"28,451,993","982,006,481",34.55,35.10,33.85,34.60,+0.95,"13,130",3017
108/03/05,"18,468,092","612,819,978",33.80,34.30,32.50,32.50,-2.10,"9,585",3017
108/03/06,"15,063,260","494,121,292",32.90,33.30,32.35,32.55,+0.05,"6,903",3017
108/03/07,"14,118,803","456,146,594",32.70,33.20,31.30,31.70,-0.85,"6,574",3017
108/03/08,"13,090,212","423,285,763",32.00,32.70,31.85,32.40,+0.70,"6,765",3017
108/03/11,"6,721,863","217,421,282",32.00,32.75,31.75,32.75,+0.35,"3,218",3017
108/03/12,"14,522,096","473,782,546",33.45,33.55,32.00,32.35,-0.40,"6,287",3017
108/03/13,"7,146,521","233,016,202",32.35,32.90,32.15,32.90,+0.55,"3,267",3017
108/03/14,"20,900,879","701,590,205",33.40,34.40,32.80,33.35,+0.45,"10,316",3017
108/03/15,"16,609,741","539,485,762",32.85,33.30,32.00,32.00,-1.35,"7,725",3017
108/03/18,"8,424,793","273,323,120",32.00,32.90,31.90,32.80,+0.80,"3,873",3017
108/03/19,"15,052,012","499,842,129",33.20,33.60,32.60,32.60,-0.20,"7,116",3017
108/03/20,"7,400,194","244,774,052",32.70,33.40,32.70,33.15,+0.55,"3,568",3017
108/03/21,"60,561,905","2,121,493,408",33.90,36.45,33.55,36.45,+3.30,"26,422",3017
108/03/22,"40,777,011","1,460,617,576",37.00,37.10,34.60,35.20,-1.25,"17,691",3017
108/03/25,"19,100,680","675,117,078",34.70,35.90,34.10,35.20, 0.00,"9,683",3017
108/03/26,"12,121,596","423,420,991",35.80,35.85,34.40,34.40,-0.80,"6,099",3017
108/03/27,"10,454,823","365,528,514",34.60,35.40,34.55,34.65,+0.25,"5,315",3017
108/03/28,"11,694,975","398,744,781",34.55,34.95,33.30,34.55,-0.10,"5,845",3017
108/03/29,"8,189,306","281,827,907",34.55,34.95,33.95,34.20,-0.35,"3,842",3017
108/04/01,"9,180,326","318,730,322",34.50,35.20,34.00,34.95,+0.75,"4,556",3017
108/04/02,"42,451,611","1,544,116,695",35.70,37.40,35.40,35.50,+0.55,"20,887",3017
108/04/03,"12,347,048","444,767,037",36.00,36.60,35.55,35.70,+0.20,"6,630",3017
108/04/08,"22,342,366","823,178,004",36.20,37.60,35.80,36.70,+1.00,"11,032",3017
108/04/09,"29,485,397","1,107,025,892",37.25,38.90,36.00,36.00,-0.70,"14,850",3017
108/04/10,"10,050,959","361,073,058",36.30,36.75,35.30,35.80,-0.20,"5,534",3017
108/04/11,"21,121,526","783,616,912",36.10,37.55,36.10,37.00,+1.20,"10,092",3017
108/04/12,"48,557,776","1,898,552,188",37.50,40.20,37.50,39.15,+2.15,"22,338",3017
108/04/15,"49,376,392","2,065,216,618",40.00,42.90,39.90,42.90,+3.75,"24,538",3017
108/04/16,"30,621,905","1,269,573,646",42.50,42.55,40.65,41.50,-1.40,"16,179",3017
108/04/17,"42,578,281","1,848,179,111",42.40,44.20,42.05,43.25,+1.75,"22,694",3017
108/04/18,"28,760,692","1,231,389,148",43.50,43.95,42.00,42.80,-0.45,"13,540",3017
108/04/19,"59,506,383","2,578,919,136",43.60,45.70,41.40,42.00,-0.80,"29,337",3017
108/04/22,"17,827,397","744,193,608",41.85,42.70,40.95,41.75,-0.25,"9,750",3017
108/04/23,"25,386,579","1,026,467,325",42.00,42.50,39.55,40.30,-1.45,"12,022",3017
108/04/24,"19,320,827","794,629,148",40.90,41.70,40.60,40.70,+0.40,"10,556",3017
108/04/25,"13,055,805","528,759,955",40.70,41.20,39.85,41.20,+0.50,"6,901",3017
108/04/26,"16,601,543","664,909,248",40.60,41.15,39.25,39.80,-1.40,"8,049",3017
108/04/29,"17,375,894","685,023,920",40.00,40.45,38.60,40.00,+0.20,"8,658",3017
108/04/30,"36,529,924","1,520,813,622",40.75,42.80,40.20,42.80,+2.80,"20,003",3017
108/05/02,"26,485,964","1,129,684,942",42.00,43.40,41.80,42.85,+0.05,"14,922",3017
108/05/03,"39,282,417","1,735,827,708",42.85,45.00,42.45,44.05,+1.20,"19,955",3017
108/05/06,"29,491,848","1,291,242,915",42.50,44.60,42.25,44.40,+0.35,"15,345",3017
108/05/07,"51,490,511","2,305,548,771",46.00,46.80,42.85,42.85,-1.55,"25,627",3017
108/05/08,"26,471,083","1,132,295,971",42.05,43.65,41.85,42.65,-0.20,"13,801",3017
108/05/09,"35,671,890","1,482,680,078",43.50,43.55,39.70,40.00,-2.65,"17,217",3017
108/05/10,"25,472,239","1,033,254,203",40.75,41.25,39.75,40.80,+0.80,"12,941",3017
108/05/13,"17,025,086","693,923,393",40.80,41.40,40.10,40.10,-0.70,"8,307",3017
108/05/14,"31,284,564","1,282,170,064",38.90,42.55,38.75,42.50,+2.40,"16,591",3017
108/05/15,"23,432,527","993,906,643",42.10,43.15,41.80,41.95,-0.55,"12,621",3017
108/05/16,"26,926,170","1,098,045,800",41.80,42.30,39.30,39.70,-2.25,"13,854",3017
108/05/17,"42,937,330","1,625,935,986",40.15,40.30,36.00,36.00,-3.70,"21,164",3017
108/05/20,"36,236,997","1,276,465,642",36.20,36.75,34.35,34.35,-1.65,"17,365",3017
108/05/21,"38,173,217","1,336,696,205",34.35,35.95,33.90,35.60,+1.25,"18,042",3017
108/05/22,"22,619,236","787,064,750",35.00,35.45,34.20,34.25,-1.35,"11,100",3017
108/05/23,"25,616,120","839,497,310",32.60,33.55,31.75,32.95,-1.30,"12,958",3017
108/05/24,"25,160,086","840,522,223",33.90,34.20,32.20,32.20,-0.75,"11,747",3017
108/05/27,"20,090,128","643,306,626",32.35,32.70,31.35,32.50,+0.30,"10,350",3017
108/05/28,"27,788,767","915,405,511",33.15,33.55,32.60,32.60,+0.10,"11,739",3017
108/05/29,"13,556,916","432,031,626",31.80,32.30,31.45,32.30,-0.30,"7,775",3017
108/05/30,"9,721,945","317,512,949",32.80,32.95,32.45,32.55,+0.25,"4,536",3017
108/05/31,"16,465,932","549,703,061",32.70,34.00,32.55,33.60,+1.05,"8,472",3017
108/06/03,"8,042,167","264,555,113",33.00,33.40,32.60,32.70,-0.90,"4,327",3017
108/06/04,"6,840,436","223,898,270",32.75,33.30,32.25,32.45,-0.25,"3,698",3017
108/06/05,"9,693,152","318,984,003",33.25,33.35,32.30,32.30,-0.15,"5,086",3017
108/06/06,"6,933,740","224,697,018",32.50,32.80,31.95,32.80,+0.50,"3,468",3017
108/06/10,"33,077,452","1,160,438,161",33.70,36.05,33.60,35.90,+3.10,"16,231",3017
108/06/11,"34,716,795","1,258,111,120",36.50,36.90,35.15,36.15,+0.25,"17,460",3017
108/06/12,"13,342,903","475,880,335",35.60,36.20,35.30,35.55,-0.60,"7,220",3017
108/06/13,"11,659,612","416,416,896",35.40,36.10,35.30,35.95,+0.40,"6,432",3017
108/06/14,"11,202,127","399,243,967",36.05,36.40,35.10,35.10,-0.85,"5,979",3017
108/06/17,"9,736,496","343,449,903",34.85,35.75,34.70,35.60,+0.50,"4,755",3017
108/06/18,"27,497,358","990,628,548",35.85,36.85,35.05,35.35,-0.25,"13,979",3017
108/06/19,"72,436,571","2,734,499,344",36.20,38.85,36.10,37.90,+2.55,"28,911",3017
108/06/20,"43,348,891","1,670,502,929",37.85,39.30,37.70,39.00,+1.10,"20,716",3017
108/06/21,"32,659,342","1,274,811,796",39.20,39.90,38.00,38.00,-1.00,"16,387",3017
108/06/24,"13,130,905","501,512,245",38.20,38.90,37.45,38.90,+0.90,"7,456",3017
108/06/25,"23,991,039","934,099,351",38.95,39.55,38.10,38.10,-0.80,"12,160",3017
108/06/26,"41,246,932","1,549,026,846",38.00,39.00,36.40,38.95,+0.85,"17,968",3017
108/06/27,"20,057,690","776,602,978",39.00,39.25,38.35,38.50,-0.45,"9,713",3017
108/06/28,"12,660,582","489,643,115",38.50,39.00,38.40,38.45,-0.05,"6,236",3017
108/07/01,"46,020,184","1,919,202,249",41.45,42.25,40.45,42.25,+3.80,"19,399",3017
108/07/02,"36,680,958","1,566,623,689",42.35,43.20,42.20,42.80,+0.55,"17,028",3017
108/07/03,"22,247,116","923,677,356",42.40,42.75,40.80,41.00,-1.80,"11,020",3017
108/07/04,"15,598,487","640,635,117",41.50,41.70,40.40,41.15,+0.15,"8,235",3017
108/07/05,"22,459,362","922,018,502",41.70,41.85,40.50,40.55,-0.60,"11,296",3017
108/07/08,"16,247,067","653,573,545",40.45,41.05,39.70,40.20,-0.35,"8,220",3017
108/07/09,"15,175,181","602,157,465",40.10,40.35,39.25,39.90,-0.30,"7,461",3017
108/07/10,"14,518,351","588,455,396",40.05,40.80,40.05,40.80,+0.90,"7,489",3017
108/07/11,"20,783,392","859,457,901",41.15,41.90,40.60,41.45,+0.65,"9,798",3017
108/07/12,"18,112,222","750,729,902",41.75,42.25,40.90,41.00,-0.45,"8,349",3017
108/07/15,"23,388,770","976,553,902",41.40,42.15,41.05,41.90,+0.90,"10,771",3017
108/07/16,"15,722,965","651,291,654",42.10,42.20,41.00,41.05,-0.85,"7,525",3017
108/07/17,"11,715,679","476,548,228",40.50,41.05,40.20,40.80,-0.25,"5,987",3017
108/07/18,"12,850,255","515,331,600",40.50,40.85,39.80,39.85,-0.95,"7,087",3017
108/07/19,"14,836,171","603,280,986",41.00,41.20,40.25,40.25,+0.40,"7,620",3017
108/07/22,"12,025,815","493,530,986",40.25,41.45,40.25,41.40,+1.15,"5,868",3017
108/07/23,"57,083,874","2,499,406,382",42.05,45.30,41.80,43.20,+1.80,"27,320",3017
108/07/24,"76,473,477","3,473,043,079",44.20,47.00,43.55,46.90,+3.70,"34,546",3017
108/07/25,"39,866,108","1,841,154,277",47.50,47.75,45.50,45.70,-1.20,"19,056",3017
108/07/26,"18,039,557","820,589,295",45.10,46.10,44.90,45.30,-0.40,"8,959",3017
108/07/29,"31,904,398","1,473,461,427",45.40,46.80,45.40,45.45,+0.15,"15,514",3017
108/07/30,"55,607,216","2,359,541,720",44.20,44.80,40.95,40.95,-4.50,"25,699",3017
108/07/31,"38,651,003","1,562,317,800",40.00,41.45,39.15,40.60,-0.35,"18,062",3017
108/08/01,"34,085,248","1,381,364,807",40.00,41.60,39.50,40.80,+0.20,"15,858",3017
108/08/02,"26,505,643","1,048,456,648",39.90,40.35,38.90,39.10,-1.70,"12,989",3017
108/08/05,"13,026,937","507,594,294",39.10,39.65,38.10,38.90,-0.20,"6,540",3017
108/08/06,"19,274,846","741,536,810",37.50,39.55,37.15,39.05,+0.15,"9,302",3017
108/08/07,"24,186,300","960,663,467",39.55,40.20,39.20,39.20,+0.15,"11,792",3017
108/08/08,"49,261,632","2,041,032,310",39.75,42.40,39.55,42.30,+3.10,"24,071",3017
108/08/12,"37,536,858","1,611,455,873",42.80,43.80,42.30,42.40,+0.10,"18,874",3017
108/08/13,"40,716,073","1,763,438,568",42.60,44.10,42.00,43.70,+1.30,"20,481",3017
108/08/14,"37,868,650","1,679,967,428",45.20,45.50,43.20,43.75,+0.05,"18,224",3017
108/08/15,"20,523,777","881,185,711",42.30,43.60,42.25,42.90,-0.85,"9,766",3017
108/08/16,"23,423,331","1,024,999,072",43.70,44.40,42.95,43.45,+0.55,"11,731",3017
108/08/19,"14,252,834","625,746,959",44.60,44.60,43.40,43.55,+0.10,"7,635",3017
108/08/20,"22,560,591","986,821,932",44.10,44.75,42.80,42.80,-0.75,"11,896",3017
108/08/21,"24,908,885","1,087,913,764",42.80,44.55,42.30,44.55,+1.75,"13,695",3017
108/08/22,"55,912,609","2,552,511,644",45.50,46.50,44.80,44.85,+0.30,"26,324",3017
108/08/23,"25,941,865","1,172,565,075",45.10,45.90,44.55,44.90,+0.05,"13,115",3017
108/08/26,"13,239,660","580,594,190",43.70,44.45,43.30,44.00,-0.90,"7,056",3017
108/08/27,"18,094,364","806,472,100",44.60,45.30,43.70,43.70,-0.30,"9,545",3017
108/08/28,"16,331,167","706,631,681",43.90,44.20,42.70,42.90,-0.80,"8,203",3017
108/08/29,"10,896,258","470,170,567",43.20,43.65,42.75,43.05,+0.15,"6,087",3017
108/08/30,"21,409,168","909,082,031",43.80,43.80,41.25,42.20,-0.85,"11,689",3017
108/09/02,"14,262,623","596,220,123",41.60,42.45,41.15,42.45,+0.25,"7,672",3017
108/09/03,"12,577,528","524,980,534",42.50,42.55,41.20,41.30,-1.15,"6,655",3017
108/09/04,"11,704,443","489,320,140",41.25,42.15,41.10,42.15,+0.85,"6,586",3017
108/09/05,"10,581,748","449,699,098",42.50,42.90,42.20,42.30,+0.15,"5,811",3017
108/09/06,"17,299,058","745,840,903",42.90,43.80,42.20,43.25,+0.95,"9,027",3017
108/09/09,"9,299,136","401,893,648",43.50,43.75,42.60,42.65,-0.60,"5,080",3017
108/09/10,"6,900,131","292,021,034",42.90,43.10,41.90,42.00,-0.65,"3,581",3017
108/09/11,"9,084,430","384,644,459",42.20,42.90,41.60,42.45,+0.45,"5,056",3017
108/09/12,"6,935,852","297,439,149",42.95,43.30,42.55,42.85,+0.40,"3,806",3017
108/09/16,"6,953,829","297,189,395",43.15,43.15,42.30,42.55,-0.30,"4,053",3017
108/09/17,"23,561,247","970,804,970",42.65,42.70,40.50,40.70,-1.85,"12,327",3017
108/09/18,"9,113,585","372,843,785",40.60,41.35,40.30,40.85,+0.15,"5,246",3017
108/09/19,"6,417,245","262,606,940",41.35,41.40,40.70,40.80,-0.05,"3,335",3017
108/09/20,"14,535,373","604,341,795",40.80,42.10,40.70,41.45,+0.65,"8,126",3017
108/09/23,"4,354,821","180,923,500",41.60,41.80,41.30,41.45, 0.00,"2,435",3017
108/09/24,"6,713,868","279,432,104",41.75,42.15,41.10,41.10,-0.35,"3,699",3017
108/09/25,"5,490,588","223,314,218",41.00,41.25,40.40,40.55,-0.55,"3,176",3017
108/09/26,"6,728,789","267,057,142",40.00,40.15,39.40,39.40,X0.00,"3,971",3017
108/09/27,"14,779,322","563,587,345",39.25,39.40,37.30,38.00,-1.40,"8,190",3017
108/10/01,"5,125,528","199,236,306",38.45,39.30,38.30,39.00,+1.00,"3,048",3017
108/10/02,"15,369,046","622,390,880",39.00,41.15,38.80,41.10,+2.10,"8,464",3017
108/10/03,"16,840,625","698,107,650",40.55,42.00,40.30,41.90,+0.80,"8,700",3017
108/10/04,"12,984,741","543,997,604",42.10,42.40,41.30,41.85,-0.05,"6,413",3017
108/10/07,"38,810,977","1,685,941,811",42.45,44.20,42.45,42.45,+0.60,"18,832",3017
108/10/08,"21,914,313","939,483,262",43.65,43.75,42.20,42.40,-0.05,"10,238",3017
108/10/09,"10,526,763","448,085,109",42.70,43.10,42.15,42.65,+0.25,"5,656",3017
108/10/14,"17,957,701","778,714,352",43.90,44.20,42.60,42.90,+0.25,"8,858",3017
108/10/15,"13,474,447","582,198,855",43.10,43.80,42.60,42.65,-0.25,"7,312",3017
108/10/16,"15,373,265","665,102,134",43.20,43.95,42.70,42.75,+0.10,"7,570",3017
108/10/17,"6,713,266","289,052,738",43.00,43.35,42.80,43.05,+0.30,"3,616",3017
108/10/18,"12,433,721","540,249,268",43.40,43.80,43.10,43.30,+0.25,"6,041",3017
108/10/21,"5,485,469","236,389,680",43.55,43.60,42.80,43.15,-0.15,"3,213",3017
108/10/22,"19,378,944","847,730,439",43.45,44.15,43.00,43.70,+0.55,"9,728",3017
108/10/23,"13,926,606","605,923,058",43.90,44.30,42.80,43.00,-0.70,"7,744",3017
108/10/24,"11,738,712","511,955,032",43.20,44.15,42.90,44.10,+1.10,"6,221",3017
108/10/25,"15,206,178","666,403,567",44.60,44.80,43.35,43.35,-0.75,"7,525",3017
108/10/28,"5,808,258","252,016,112",43.40,43.75,43.10,43.10,-0.25,"3,612",3017
108/10/29,"11,706,981","495,257,887",43.50,43.50,41.35,41.95,-1.15,"6,312",3017
108/10/30,"4,670,294","197,838,345",42.05,42.75,41.75,42.55,+0.60,"2,798",3017
108/10/31,"7,344,630","308,260,265",42.65,42.90,41.60,41.70,-0.85,"3,533",3017
108/11/01,"6,380,645","263,785,040",41.75,42.00,40.80,41.55,-0.15,"3,682",3017
108/11/04,"5,030,906","211,456,969",41.90,42.40,41.70,41.75,+0.20,"2,883",3017
108/11/05,"6,775,750","288,051,994",41.95,42.75,41.95,42.75,+1.00,"4,073",3017
108/11/06,"6,891,988","293,368,037",43.10,43.20,42.00,42.00,-0.75,"3,983",3017
108/11/07,"7,899,837","324,886,045",41.55,41.85,40.80,41.05,-0.95,"4,362",3017
108/11/08,"6,839,701","281,102,623",41.30,41.70,40.50,41.55,+0.50,"3,970",3017
108/11/11,"4,720,933","192,224,332",41.30,41.35,40.40,40.40,-1.15,"2,632",3017
108/11/12,"2,975,148","121,261,971",40.40,41.10,40.40,41.05,+0.65,"1,870",3017
108/11/13,"3,528,860","143,582,242",40.90,41.20,40.50,40.50,-0.55,"1,991",3017
108/11/14,"6,155,605","246,710,203",40.40,40.70,39.70,40.10,-0.40,"3,418",3017
108/11/15,"5,131,081","209,845,106",40.35,41.35,40.35,40.95,+0.85,"2,977",3017
108/11/18,"4,216,861","172,003,226",41.10,41.20,40.50,40.50,-0.45,"2,453",3017
108/11/19,"2,133,061","86,956,980",40.60,41.00,40.60,40.75,+0.25,"1,227",3017
108/11/20,"4,711,650","189,273,807",40.75,40.75,40.00,40.15,-0.60,"2,811",3017
108/11/21,"2,560,374","102,145,621",39.85,40.20,39.50,40.05,-0.10,"1,636",3017
108/11/22,"2,780,557","111,016,464",40.10,40.25,39.70,39.70,-0.35,"1,605",3017
108/11/25,"3,142,606","126,470,815",39.80,40.60,39.80,40.05,+0.35,"1,949",3017
108/11/26,"2,779,580","111,573,078",40.20,40.45,39.85,39.95,-0.10,"1,670",3017
108/11/27,"2,172,652","86,884,030",40.00,40.35,39.90,39.90,-0.05,"1,336",3017
108/11/28,"2,752,833","109,475,715",39.90,40.20,39.60,39.65,-0.25,"1,538",3017
108/11/29,"5,771,188","231,176,865",40.00,40.65,39.65,39.65, 0.00,"3,375",3017
108/12/02,"7,041,735","273,846,301",39.65,39.85,38.50,39.00,-0.65,"4,091",3017
108/12/03,"3,469,964","136,335,171",38.80,39.60,38.60,39.50,+0.50,"2,468",3017
108/12/04,"3,653,702","142,602,449",39.15,39.30,38.75,39.10,-0.40,"2,288",3017
108/12/05,"2,695,115","106,387,582",39.35,39.70,39.30,39.40,+0.30,"1,624",3017
108/12/06,"3,423,267","136,711,430",39.65,40.20,39.65,39.95,+0.55,"2,111",3017
108/12/09,"2,501,784","100,731,162",40.30,40.50,40.10,40.30,+0.35,"1,463",3017
108/12/10,"2,263,880","90,939,586",40.50,40.50,40.00,40.10,-0.20,"1,477",3017
108/12/11,"1,924,007","77,277,924",40.15,40.50,40.00,40.00,-0.10,"1,170",3017
108/12/12,"2,203,828","88,390,830",40.30,40.40,39.90,39.90,-0.10,"1,388",3017
108/12/13,"3,595,936","141,508,632",40.25,40.25,38.75,39.20,-0.70,"2,207",3017
108/12/16,"12,223,915","499,639,665",39.50,41.40,39.20,41.00,+1.80,"6,906",3017
108/12/17,"11,978,905","493,699,497",41.10,41.90,40.50,40.50,-0.50,"6,430",3017
108/12/18,"3,327,934","134,371,540",40.50,40.80,40.20,40.20,-0.30,"1,970",3017
108/12/19,"3,212,832","130,120,888",40.45,40.80,40.05,40.80,+0.60,"1,773",3017
108/12/20,"5,952,812","244,902,242",40.95,41.50,40.50,41.15,+0.35,"3,149",3017
108/12/23,"5,547,618","229,329,839",41.10,41.60,41.10,41.25,+0.10,"2,869",3017
108/12/24,"5,241,923","217,807,203",41.50,41.70,41.30,41.65,+0.40,"2,789",3017
108/12/25,"5,555,023","232,193,202",41.90,42.10,41.60,41.70,+0.05,"2,766",3017
108/12/26,"11,258,657","476,329,694",42.00,42.80,41.90,42.00,+0.30,"5,908",3017
108/12/27,"5,598,491","233,203,142",42.15,42.40,41.30,41.35,-0.65,"3,194",3017
108/12/30,"3,776,919","154,638,877",41.20,41.30,40.70,41.00,-0.35,"2,188",3017
108/12/31,"5,198,941","215,962,287",41.20,42.00,40.85,41.65,+0.65,"2,972",3017
109/01/02,"33,814,248","1,464,297,553",43.00,44.40,42.50,42.75,+1.10,"16,012",3017
109/01/03,"12,268,841","513,932,075",42.80,42.90,41.10,41.25,-1.50,"6,303",3017
109/01/06,"7,974,964","320,007,890",40.80,40.80,39.80,39.90,-1.35,"4,350",3017
109/01/07,"5,807,584","230,647,660",40.20,40.40,39.25,39.65,-0.25,"3,130",3017
109/01/08,"7,013,817","278,546,270",39.85,40.20,39.20,39.20,-0.45,"3,934",3017
109/01/09,"3,041,512","120,600,272",39.75,39.95,39.40,39.40,+0.20,"1,708",3017
109/01/10,"3,746,503","147,119,890",39.60,39.75,39.10,39.15,-0.25,"2,060",3017
109/01/13,"2,961,767","117,440,535",39.50,39.85,39.30,39.70,+0.55,"1,772",3017
109/01/14,"2,808,833","112,559,083",39.95,40.20,39.90,40.10,+0.40,"1,655",3017
109/01/15,"2,252,122","89,956,777",40.10,40.10,39.75,40.00,-0.10,"1,315",3017
109/01/16,"2,523,229","101,040,959",40.10,40.20,39.95,40.00, 0.00,"1,168",3017
109/01/17,"2,706,515","107,932,700",40.20,40.25,39.75,39.75,-0.25,"1,306",3017
109/01/20,"1,942,364","77,520,010",39.80,40.00,39.80,40.00,+0.25,952,3017
109/01/30,"7,043,824","254,391,264",36.00,36.80,36.00,36.00,-4.00,"3,384",3017
109/01/31,"8,460,873","290,723,904",34.70,35.90,33.10,34.15,-1.85,"4,564",3017
109/02/03,"9,660,454","304,637,810",31.85,32.60,30.75,32.45,-1.70,"4,154",3017
109/02/04,"6,840,450","229,741,124",33.70,34.10,33.00,34.00,+1.55,"3,953",3017
109/02/05,"6,365,775","212,979,550",34.00,34.00,32.95,33.75,-0.25,"3,347",3017
109/02/06,"7,430,400","251,707,817",33.75,34.45,33.50,34.00,+0.25,"3,917",3017
109/02/07,"5,749,500","191,596,173",33.70,33.70,33.00,33.05,-0.95,"2,889",3017
109/02/10,"3,803,174","124,539,677",31.80,33.45,31.80,33.20,+0.15,"2,247",3017
109/02/11,"3,352,680","112,230,643",33.55,33.65,33.25,33.55,+0.35,"1,744",3017
109/02/12,"6,618,613","222,774,052",33.55,34.20,33.10,33.80,+0.25,"3,641",3017
109/02/13,"18,051,444","641,330,157",34.55,36.25,34.55,35.00,+1.20,"9,716",3017
109/02/14,"5,214,943","182,395,805",35.00,35.30,34.70,34.95,-0.05,"3,034",3017
109/02/17,"4,165,974","144,477,687",34.50,35.20,34.30,34.55,-0.40,"2,295",3017
109/02/18,"3,738,643","129,976,244",34.60,35.05,34.45,34.80,+0.25,"2,164",3017
109/02/19,"3,527,146","122,944,276",35.10,35.20,34.60,34.75,-0.05,"2,045",3017
109/02/20,"4,546,601","157,732,907",35.10,35.10,34.45,34.45,-0.30,"2,784",3017
109/02/21,"7,392,368","250,078,812",34.10,34.50,33.55,33.80,-0.65,"4,349",3017
109/02/24,"6,122,864","201,479,859",32.80,33.25,32.60,33.00,-0.80,"3,415",3017
109/02/25,"6,100,701","201,502,506",32.50,33.60,32.15,33.60,+0.60,"3,057",3017
109/02/26,"21,787,558","758,210,380",33.20,35.80,33.10,34.80,+1.20,"11,831",3017
109/02/27,"12,305,906","417,413,887",35.10,35.35,32.85,33.00,-1.80,"6,937",3017
109/03/02,"5,669,407","184,877,331",32.50,33.30,31.70,32.55,-0.45,"3,156",3017
109/03/03,"4,867,402","161,827,682",33.60,33.60,32.95,33.00,+0.45,"2,384",3017
109/03/04,"4,031,111","132,313,734",32.85,33.00,32.55,32.95,-0.05,"1,960",3017
109/03/05,"9,777,641","332,336,539",33.45,34.30,33.45,34.10,+1.15,"5,146",3017
109/03/06,"8,244,445","281,928,975",33.70,34.60,33.60,34.45,+0.35,"3,812",3017
109/03/09,"11,684,603","393,285,531",34.20,34.75,32.40,32.45,-2.00,"5,802",3017
109/03/10,"17,058,868","581,386,948",32.35,35.15,32.10,35.15,+2.70,"8,890",3017
109/03/11,"32,146,906","1,144,800,810",36.00,36.60,34.15,34.50,-0.65,"15,591",3017
109/03/12,"15,916,695","524,718,575",33.95,34.05,32.05,32.20,-2.30,"8,139",3017
109/03/13,"17,029,267","500,549,021",29.30,30.50,29.00,30.20,-2.00,"7,292",3017
109/03/16,"10,961,444","329,864,423",30.40,31.25,28.60,28.75,-1.45,"5,655",3017
109/03/17,"14,361,857","394,957,532",26.80,28.85,26.80,27.00,-1.75,"6,472",3017
109/03/18,"12,997,586","364,781,555",28.00,29.20,27.50,27.50,+0.50,"6,658",3017
109/03/19,"20,148,002","536,557,094",27.05,28.60,24.90,25.85,-1.65,"10,286",3017
109/03/20,"8,948,323","250,434,973",27.50,28.40,27.30,28.40,+2.55,"4,614",3017
109/03/23,"9,083,556","257,306,900",27.40,28.95,27.10,28.55,+0.15,"5,607",3017
109/03/24,"13,255,436","391,247,530",29.05,30.15,29.00,29.10,+0.55,"6,838",3017
109/03/25,"11,605,544","346,652,421",29.90,30.40,29.15,29.55,+0.45,"5,931",3017
109/03/26,"7,672,314","226,498,246",29.60,30.10,28.85,30.10,+0.55,"4,112",3017
109/03/27,"8,957,655","267,594,424",30.75,30.80,29.00,29.00,-1.10,"5,004",3017
109/03/30,"5,624,778","164,945,395",28.30,29.95,28.20,29.95,+0.95,"3,204",3017
109/03/31,"5,476,136","164,677,818",30.35,30.60,29.70,30.15,+0.20,"2,993",3017
109/04/01,"4,216,100","127,133,388",30.25,30.45,29.85,30.25,+0.10,"2,301",3017
109/04/06,"8,588,902","264,812,105",30.55,31.30,30.40,31.30,+1.05,"4,601",3017
109/04/07,"13,415,951","440,428,484",32.85,33.20,32.30,32.80,+1.50,"6,995",3017
109/04/08,"8,154,015","263,504,133",32.40,32.65,32.00,32.50,-0.30,"4,625",3017
109/04/09,"5,906,641","189,538,147",32.80,32.80,31.70,31.75,-0.75,"3,503",3017
109/04/10,"4,370,456","140,264,827",31.80,32.40,31.70,32.15,+0.40,"2,549",3017
109/04/13,"3,899,498","125,963,605",32.15,32.70,31.80,32.10,-0.05,"2,157",3017
109/04/14,"4,309,361","140,221,400",32.55,32.75,32.15,32.60,+0.50,"2,381",3017
109/04/15,"12,879,163","431,796,286",33.00,34.30,32.70,33.75,+1.15,"6,218",3017
109/04/16,"30,006,749","1,061,226,983",33.90,36.50,33.90,35.10,+1.35,"14,146",3017
109/04/17,"15,525,187","557,538,383",36.65,36.70,35.20,35.25,+0.15,"7,771",3017
109/04/20,"19,199,011","704,587,006",35.90,37.50,35.30,37.50,+2.25,"10,642",3017
109/04/21,"17,966,168","657,535,759",37.40,37.80,35.40,35.70,-1.80,"10,085",3017
109/04/22,"13,694,855","494,817,359",35.00,37.15,34.20,36.95,+1.25,"7,752",3017
109/04/23,"13,508,883","498,955,202",37.60,37.80,36.30,36.60,-0.35,"7,250",3017
109/04/24,"14,272,781","532,066,713",36.85,37.75,36.40,37.30,+0.70,"8,168",3017
109/04/27,"18,345,499","706,214,019",38.35,39.10,38.05,38.65,+1.35,"9,851",3017
109/04/28,"32,110,445","1,284,794,027",39.45,40.80,39.00,39.75,+1.10,"17,204",3017
109/04/29,"15,680,423","632,692,705",40.50,40.85,39.90,40.30,+0.55,"8,283",3017
109/04/30,"16,963,524","690,533,960",40.95,41.40,40.05,40.80,+0.50,"9,028",3017
109/05/04,"20,887,395","865,951,877",40.05,42.20,39.75,41.80,+1.00,"11,162",3017
109/05/05,"19,930,562","844,931,504",42.40,43.20,41.50,42.00,+0.20,"9,989",3017
109/05/06,"11,075,393","461,233,103",42.20,42.25,41.10,41.50,-0.50,"6,265",3017
109/05/07,"8,816,723","367,988,762",41.95,42.30,41.35,41.95,+0.45,"4,310",3017
109/05/08,"23,254,423","962,757,901",42.80,42.90,40.65,40.70,-1.25,"11,780",3017
109/05/11,"10,997,331","449,288,165",41.10,41.30,40.15,40.85,+0.15,"5,763",3017
109/05/12,"7,358,885","299,233,508",40.60,41.30,40.05,40.55,-0.30,"3,754",3017
109/05/13,"5,402,770","219,002,217",40.50,40.95,40.10,40.55, 0.00,"2,929",3017
109/05/14,"7,602,689","304,241,665",40.65,40.95,39.15,39.15,-1.40,"4,148",3017
109/05/15,"10,973,663","427,025,886",39.85,40.20,38.05,38.40,-0.75,"5,948",3017
109/05/18,"12,979,504","482,000,243",37.40,38.30,36.60,36.95,-1.45,"7,258",3017
109/05/19,"5,658,412","211,191,084",37.65,37.90,37.05,37.20,+0.25,"3,284",3017
109/05/20,"5,400,765","202,195,814",37.40,37.90,36.90,37.80,+0.60,"3,083",3017
109/05/21,"11,787,362","460,228,633",38.20,39.50,38.05,39.50,+1.70,"5,746",3017
109/05/22,"13,415,642","510,849,348",39.10,39.15,37.00,37.35,-2.15,"7,141",3017
109/05/25,"10,083,233","372,350,780",37.20,37.60,36.50,37.55,+0.20,"6,198",3017
109/05/26,"7,440,004","282,405,590",37.90,38.45,37.35,37.90,+0.35,"4,296",3017
109/05/27,"5,346,630","202,940,431",38.15,38.35,37.55,37.60,-0.30,"2,795",3017
109/05/28,"22,839,407","890,440,015",38.20,39.60,38.20,38.60,+1.00,"11,731",3017
109/05/29,"9,431,397","367,758,225",38.60,39.95,38.20,39.95,+1.35,"4,646",3017
109/06/01,"16,485,098","661,412,165",39.75,40.65,39.25,40.55,+0.60,"8,364",3017
109/06/02,"24,609,443","1,020,265,935",41.10,42.05,40.70,41.70,+1.15,"13,097",3017
109/06/03,"14,675,453","615,641,097",42.10,42.30,41.40,42.10,+0.40,"7,101",3017
109/06/04,"13,500,517","556,706,592",42.20,42.45,40.70,40.85,-1.25,"6,577",3017
109/06/05,"6,839,269","279,486,545",40.90,41.30,40.35,40.90,+0.05,"3,484",3017
109/06/08,"6,666,912","274,698,219",41.60,41.70,40.85,40.85,-0.05,"3,048",3017
109/06/09,"26,562,866","1,111,374,006",41.80,42.80,41.00,41.00,+0.15,"13,228",3017
109/06/10,"10,514,166","434,094,524",40.90,41.85,40.60,41.70,+0.70,"5,263",3017
109/06/11,"13,738,001","557,131,784",41.60,41.95,39.50,39.75,-1.95,"7,164",3017
109/06/12,"6,894,115","267,513,078",38.30,39.30,38.15,39.30,-0.45,"3,866",3017
109/06/15,"5,146,150","203,941,806",39.30,40.30,38.75,39.40,+0.10,"3,465",3017
109/06/16,"5,438,457","219,923,430",40.10,40.80,39.80,40.70,+1.30,"2,991",3017
109/06/17,"5,590,227","229,304,998",40.90,41.50,40.55,40.95,+0.25,"2,928",3017
109/06/18,"5,414,683","223,600,684",41.15,41.55,40.80,41.40,+0.45,"2,847",3017
109/06/19,"9,576,734","399,820,973",41.75,42.15,41.35,41.35,-0.05,"4,540",3017
109/06/22,"11,168,856","466,282,503",41.80,42.45,41.10,41.25,-0.10,"5,710",3017
109/06/23,"10,472,909","435,332,642",41.40,42.10,40.85,41.25, 0.00,"4,796",3017
109/06/24,"10,202,404","418,669,888",41.35,41.65,40.70,40.95,-0.30,"4,827",3017
109/06/29,"6,328,663","258,319,762",40.30,41.50,40.10,40.75,-0.20,"3,405",3017
109/06/30,"8,786,416","363,833,410",41.10,41.75,40.80,41.75,+1.00,"4,118",3017
109/07/01,"18,046,390","768,797,692",42.15,43.00,42.05,42.45,+0.70,"9,825",3017
109/07/02,"20,942,735","886,392,450",43.05,43.65,41.60,41.85,-0.60,"11,891",3017
109/07/03,"13,717,356","562,680,996",41.50,41.55,40.50,40.85,-1.00,"7,206",3017
109/07/06,"9,572,143","395,910,449",41.10,41.70,40.95,41.35,+0.50,"4,146",3017
109/07/07,"9,890,576","404,314,179",41.60,41.80,40.40,40.60,-0.75,"5,345",3017
109/07/08,"28,988,387","1,218,517,354",40.35,43.10,40.20,42.60,+2.00,"13,809",3017
109/07/09,"22,922,114","982,330,088",43.00,43.40,42.15,43.15,+0.55,"10,888",3017
109/07/10,"54,503,772","2,394,408,924",44.00,45.35,42.00,42.00,-1.15,"26,290",3017
109/07/13,"32,589,399","1,444,361,214",42.70,45.40,42.25,45.40,+3.40,"16,487",3017
109/07/14,"25,840,600","1,162,777,415",45.70,45.95,44.15,45.00,-0.40,"13,144",3017
109/07/15,"63,242,154","2,958,700,589",45.80,48.75,44.60,45.20,+0.20,"31,995",3017
109/07/16,"37,429,915","1,741,735,846",46.30,47.45,45.25,47.45,+2.25,"18,032",3017
109/07/17,"28,969,291","1,358,067,052",48.00,48.30,45.90,46.45,-1.00,"15,207",3017
109/07/20,"16,351,032","758,490,443",46.80,47.25,45.05,46.90,+0.45,"7,892",3017
109/07/21,"36,733,773","1,783,201,662",47.60,49.40,47.50,48.30,+1.40,"19,205",3017
109/07/22,"48,741,700","2,478,993,935",49.00,52.40,48.50,52.30,+4.00,"23,019",3017
109/07/23,"35,922,090","1,853,347,356",53.00,53.50,50.50,50.90,-1.40,"18,419",3017
109/07/24,"24,528,284","1,207,032,769",50.40,50.60,48.05,48.55,-2.35,"12,556",3017
109/07/27,"14,914,678","718,243,644",49.20,49.50,47.00,47.95,-0.60,"7,352",3017
109/07/28,"19,941,245","935,348,270",48.40,48.45,45.65,46.00,-1.95,"9,726",3017
109/07/29,"13,817,366","645,659,154",46.30,47.75,46.05,46.20,+0.20,"6,779",3017
109/07/30,"8,408,909","390,395,381",46.50,47.15,46.10,46.25,+0.05,"4,244",3017
109/07/31,"12,175,669","566,851,874",46.50,47.45,45.85,47.20,+0.95,"6,509",3017
109/08/03,"10,128,738","469,180,869",46.80,47.25,45.80,45.85,-1.35,"5,802",3017
109/08/04,"9,846,295","446,644,668",46.05,46.35,45.00,45.30,-0.55,"5,066",3017
109/08/05,"14,075,127","657,724,758",45.65,47.45,45.60,47.30,+2.00,"7,996",3017
109/08/06,"11,068,048","515,876,278",47.30,47.40,46.10,46.55,-0.75,"6,215",3017
109/08/07,"9,259,815","434,675,277",46.30,47.35,46.20,47.05,+0.50,"4,963",3017
109/08/10,"46,918,478","2,324,416,400",51.60,51.60,47.00,47.20,+0.15,"21,834",3017
109/08/11,"20,656,719","955,910,052",47.40,47.65,45.30,46.05,-1.15,"11,161",3017
109/08/12,"50,478,437","2,482,467,082",46.70,50.60,46.55,50.60,+4.55,"24,305",3017
109/08/13,"76,290,819","4,176,077,296",52.00,55.60,51.60,55.60,+5.00,"27,195",3017
109/08/14,"66,705,982","3,727,854,952",56.00,57.50,54.10,56.60,+1.00,"32,900",3017
109/08/17,"45,000,980","2,582,842,459",56.60,59.70,56.30,56.50,-0.10,"23,921",3017
109/08/18,"22,359,879","1,272,099,066",57.10,58.10,55.70,57.20,+0.70,"11,604",3017
109/08/19,"50,488,027","3,063,664,071",58.50,62.90,57.20,62.90,+5.70,"23,988",3017
109/08/20,"97,706,128","5,980,619,014",63.70,65.70,56.70,58.50,-4.40,"49,922",3017
109/08/21,"61,048,862","3,800,241,480",60.60,64.30,59.80,63.80,+5.30,"32,145",3017
109/08/24,"64,457,939","4,222,939,431",64.00,67.60,63.10,64.70,+0.90,"34,524",3017
109/08/25,"54,875,700","3,683,054,932",66.30,68.50,65.80,68.50,+3.80,"28,908",3017
109/08/26,"28,456,562","1,935,275,716",68.00,69.30,67.00,67.70,-0.80,"15,762",3017
109/08/27,"38,569,044","2,632,550,656",68.60,70.00,66.40,67.40,-0.30,"21,059",3017
109/08/28,"32,690,109","2,121,825,737",67.50,67.60,63.40,64.60,-2.80,"18,123",3017
109/08/31,"61,919,899","4,253,498,478",67.50,70.30,66.60,70.20,+5.60,"31,229",3017
109/09/01,"31,559,650","2,138,971,066",69.90,70.10,66.80,67.20,-3.00,"16,962",3017
109/09/02,"20,456,329","1,377,695,498",67.50,68.60,66.20,67.80,+0.60,"11,205",3017
109/09/03,"32,928,041","2,258,554,842",68.80,70.60,66.80,67.10,-0.70,"18,190",3017
109/09/04,"32,799,871","2,226,062,904",65.60,69.60,65.00,68.10,+1.00,"16,905",3017
109/09/07,"17,185,526","1,155,827,606",68.20,69.20,65.60,66.20,-1.90,"8,973",3017
109/09/08,"20,753,411","1,340,390,215",66.30,67.10,63.50,65.00,-1.20,"11,820",3017
109/09/09,"11,151,510","717,143,028",64.20,65.30,63.20,64.20,-0.80,"6,250",3017
109/09/10,"14,229,321","924,109,744",64.80,66.20,64.00,64.10,-0.10,"7,973",3017
109/09/11,"10,442,995","657,952,283",64.10,64.20,62.10,62.50,-1.60,"5,950",3017
109/09/14,"10,514,505","675,624,416",63.00,65.30,62.70,64.60,+2.10,"5,962",3017
109/09/15,"14,217,975","931,905,166",64.60,66.60,64.20,65.30,+0.70,"7,825",3017
109/09/16,"13,287,565","882,852,005",66.30,67.20,65.60,66.40,+1.10,"7,184",3017
109/09/17,"27,808,599","1,894,571,785",67.50,69.30,67.00,67.60,+1.20,"15,016",3017
109/09/18,"15,426,676","1,057,015,085",68.10,69.60,67.30,67.30,-0.30,"8,119",3017
109/09/21,"17,982,606","1,242,575,413",68.80,69.90,68.10,68.40,+1.10,"9,898",3017
109/09/22,"24,647,272","1,709,217,969",69.20,70.40,68.10,68.70,+0.30,"14,382",3017
109/09/23,"50,970,214","3,632,695,894",69.00,74.00,68.10,71.00,X0.00,"28,316",3017
109/09/24,"41,970,199","2,871,277,783",70.20,71.90,65.00,65.30,-5.70,"23,848",3017
109/09/25,"35,583,457","2,360,821,288",66.40,68.10,63.50,65.20,-0.10,"20,054",3017
109/09/28,"24,767,802","1,614,328,886",67.00,67.10,63.70,65.00,-0.20,"13,519",3017
109/09/29,"21,351,788","1,412,070,581",65.30,67.20,65.00,66.40,+1.40,"11,387",3017
109/09/30,"20,699,810","1,357,841,870",66.50,67.20,64.00,67.10,+0.70,"11,225",3017
109/10/05,"12,619,680","849,041,902",67.10,68.00,66.00,68.00,+0.90,"7,076",3017
109/10/06,"19,501,541","1,337,800,008",68.80,70.00,67.60,68.40,+0.40,"11,062",3017
109/10/07,"10,175,438","700,068,222",67.60,69.40,67.60,69.20,+0.80,"5,970",3017
109/10/08,"13,203,420","906,224,760",69.90,69.90,68.00,68.00,-1.20,"6,929",3017
109/10/12,"17,181,193","1,192,434,341",68.20,70.00,68.00,69.80,+1.80,"9,053",3017
109/10/13,"7,754,054","537,776,964",69.80,70.00,68.60,69.90,+0.10,"4,580",3017
109/10/14,"35,469,951","2,579,801,927",69.60,74.50,69.30,74.50,+4.60,"19,894",3017
109/10/15,"34,190,940","2,455,216,149",74.00,74.80,70.00,70.00,-4.50,"18,786",3017
109/10/16,"16,135,414","1,112,186,252",70.10,70.80,67.80,68.10,-1.90,"9,487",3017
109/10/19,"10,587,101","738,157,200",68.90,70.50,68.30,70.40,+2.30,"6,222",3017
109/10/20,"8,091,215","563,126,690",70.40,71.00,69.00,69.20,-1.20,"4,684",3017
109/10/21,"5,321,758","366,781,393",69.80,69.90,68.20,68.60,-0.60,"3,077",3017
109/10/22,"7,673,663","519,299,884",68.70,68.80,67.00,68.00,-0.60,"4,701",3017
109/10/23,"9,897,428","688,473,212",68.60,70.10,68.20,69.60,+1.60,"5,867",3017
109/10/26,"20,331,274","1,449,436,871",70.60,72.40,70.30,70.70,+1.10,"12,021",3017
109/10/27,"9,697,843","681,694,310",70.00,71.30,69.40,70.10,-0.60,"5,710",3017
109/10/28,"9,841,866","675,151,652",69.60,70.50,67.90,68.10,-2.00,"5,819",3017
109/10/29,"10,082,921","673,574,824",66.80,68.50,65.30,68.00,-0.10,"5,904",3017
109/10/30,"7,258,718","488,686,219",67.50,68.80,66.20,67.30,-0.70,"4,268",3017
109/11/02,"5,855,476","388,086,408",67.70,67.70,65.80,66.10,-1.20,"3,430",3017
109/11/03,"4,883,432","327,522,160",66.70,67.60,66.20,67.30,+1.20,"2,908",3017
109/11/04,"7,079,035","478,061,537",67.30,68.40,66.20,68.40,+1.10,"4,116",3017
109/11/05,"9,100,528","628,903,296",68.40,69.70,68.00,69.00,+0.60,"4,821",3017
109/11/06,"16,775,365","1,170,000,401",69.80,71.50,67.70,68.00,-1.00,"9,380",3017
109/11/09,"32,611,115","2,338,771,486",68.90,74.20,68.80,71.70,+3.70,"18,113",3017
109/11/10,"26,780,277","1,939,087,095",71.50,74.30,70.80,71.80,+0.10,"14,959",3017
109/11/11,"27,368,326","1,938,007,967",72.10,73.50,69.40,70.00,-1.80,"14,518",3017
109/11/12,"69,346,009","5,203,678,043",71.20,77.00,70.70,77.00,+7.00,"32,009",3017
109/11/13,"64,769,056","4,947,676,380",77.80,78.40,74.80,74.90,-2.10,"33,820",3017
109/11/16,"39,512,932","3,029,615,153",75.80,77.80,75.00,77.30,+2.40,"21,482",3017
109/11/17,"27,238,183","2,036,872,006",76.60,77.00,73.40,73.90,-3.40,"16,037",3017
109/11/18,"20,861,553","1,571,695,485",73.50,76.40,73.50,75.60,+1.70,"12,620",3017
109/11/19,"22,809,060","1,752,240,397",75.60,77.70,75.50,77.00,+1.40,"13,314",3017
109/11/20,"36,219,345","2,815,966,839",77.00,79.90,76.30,76.50,-0.50,"20,682",3017
109/11/23,"12,519,302","960,648,615",76.10,77.50,75.70,77.20,+0.70,"7,135",3017
109/11/24,"10,783,983","826,769,775",77.00,77.80,75.60,76.50,-0.70,"6,482",3017
109/11/25,"11,683,842","882,927,477",77.00,77.30,74.10,74.90,-1.60,"6,811",3017
109/11/26,"9,056,520","677,179,095",75.30,75.60,74.00,74.80,-0.10,"5,481",3017
109/11/27,"8,443,393","628,458,654",74.50,75.60,73.60,75.00,+0.20,"5,180",3017
109/11/30,"6,822,578","507,404,138",75.50,75.50,73.90,73.90,-1.10,"4,045",3017
109/12/01,"11,888,512","861,677,758",74.10,74.50,71.80,72.50,-1.40,"7,285",3017
109/12/02,"11,558,155","840,075,164",72.90,74.20,72.00,72.20,-0.30,"7,519",3017
109/12/03,"8,373,042","598,887,479",72.00,72.40,70.80,71.90,-0.30,"5,167",3017
109/12/04,"8,524,388","608,355,892",71.80,72.70,70.80,71.00,-0.90,"5,150",3017
109/12/07,"9,441,944","669,205,797",71.40,72.20,70.20,70.70,-0.30,"6,405",3017
109/12/08,"9,842,077","705,694,832",70.90,72.70,70.30,72.70,+2.00,"6,166",3017
109/12/09,"10,978,524","786,096,718",72.70,73.00,71.00,71.40,-1.30,"6,665",3017
109/12/10,"13,953,789","966,995,058",70.80,71.00,68.00,69.00,-2.40,"8,920",3017
109/12/11,"6,851,332","474,260,208",69.50,70.30,68.30,69.00, 0.00,"4,396",3017
109/12/14,"4,308,001","298,733,738",69.00,70.10,68.30,69.40,+0.40,"2,458",3017
109/12/15,"6,896,664","468,271,325",69.40,69.40,67.00,67.10,-2.30,"4,087",3017
109/12/16,"8,093,948","544,651,818",67.50,68.30,66.80,67.10, 0.00,"4,555",3017
109/12/17,"6,729,320","455,926,447",67.30,68.50,67.00,68.10,+1.00,"4,448",3017
109/12/18,"4,785,449","323,683,475",67.50,68.30,67.10,67.40,-0.70,"3,138",3017
109/12/21,"3,605,403","240,251,789",67.10,67.60,66.10,66.70,-0.70,"2,087",3017
109/12/22,"4,831,437","325,252,153",66.80,68.30,66.00,66.10,-0.60,"3,241",3017
109/12/23,"2,801,745","188,251,500",66.80,67.70,66.30,67.60,+1.50,"1,818",3017
109/12/24,"4,592,848","314,287,774",68.20,68.90,67.90,68.60,+1.00,"2,701",3017
109/12/25,"2,887,590","196,000,377",68.40,68.60,67.40,67.60,-1.00,"1,817",3017
109/12/28,"4,683,399","314,137,609",68.00,68.20,66.70,66.80,-0.80,"3,073",3017
109/12/29,"3,711,064","248,906,528",66.90,67.60,66.70,67.00,+0.20,"2,024",3017
109/12/30,"4,503,616","299,898,771",67.10,67.60,66.10,66.50,-0.50,"2,915",3017
109/12/31,"4,486,371","296,638,303",66.50,67.00,65.60,66.10,-0.40,"3,035",3017
110/01/04,"17,235,229","1,122,718,935",66.30,67.50,62.80,67.50,+1.40,"10,000",3017
110/01/05,"9,854,918","646,948,412",65.60,66.70,65.00,65.70,-1.80,"5,256",3017
110/01/06,"9,586,822","625,509,717",66.00,67.00,64.00,64.30,-1.40,"5,230",3017
110/01/07,"5,013,755","327,491,083",64.70,65.90,64.70,65.40,+1.10,"2,846",3017
110/01/08,"18,679,426","1,261,965,810",65.60,68.80,65.60,67.90,+2.50,"11,126",3017
110/01/11,"5,618,015","375,169,596",67.60,67.60,66.20,67.00,-0.90,"3,513",3017
110/01/12,"20,237,214","1,387,744,458",66.80,69.80,66.60,68.10,+1.10,"12,179",3017
110/01/13,"26,344,395","1,856,755,803",68.00,72.00,67.70,71.00,+2.90,"15,375",3017
110/01/14,"47,984,160","3,578,709,170",73.10,76.00,72.00,75.50,+4.50,"26,262",3017
110/01/15,"21,778,508","1,622,237,480",76.40,76.50,72.70,74.70,-0.80,"12,485",3017
110/01/18,"18,666,387","1,387,706,639",75.40,76.00,73.10,73.50,-1.20,"10,733",3017
110/01/19,"10,513,300","777,498,532",74.40,75.10,72.40,72.90,-0.60,"6,139",3017
110/01/20,"13,761,278","963,378,111",72.50,73.20,67.90,68.20,-4.70,"7,777",3017
110/01/21,"9,705,657","678,733,295",69.90,71.90,68.50,69.30,+1.10,"5,760",3017
110/01/22,"5,986,874","415,857,723",68.70,70.40,68.20,70.20,+0.90,"3,779",3017
110/01/25,"3,874,792","270,126,790",69.50,70.50,68.70,69.60,-0.60,"2,373",3017
110/01/26,"4,284,747","296,739,441",70.40,70.70,68.20,68.30,-1.30,"2,660",3017
110/01/27,"3,500,842","239,989,410",68.90,69.20,67.60,68.80,+0.50,"2,192",3017
110/01/28,"8,921,155","594,640,120",67.40,67.80,66.00,66.10,-2.70,"5,015",3017
110/01/29,"4,973,883","332,319,698",67.10,67.80,65.70,65.90,-0.20,"3,248",3017
110/02/01,"4,571,163","296,437,115",65.70,66.20,63.80,65.20,-0.70,"2,628",3017
110/02/02,"4,026,273","264,296,040",65.50,66.60,64.80,65.90,+0.70,"2,251",3017
110/02/03,"2,751,624","180,776,065",65.90,66.40,65.10,65.40,-0.50,"1,660",3017
110/02/04,"3,356,050","216,736,656",65.00,65.80,64.20,64.30,-1.10,"2,199",3017
110/02/05,"2,745,248","177,107,928",65.00,65.10,64.00,64.40,+0.10,"1,630",3017
110/02/17,"4,096,788","272,392,870",65.70,67.30,65.30,66.90,+2.50,"2,795",3017
110/02/18,"3,460,470","232,796,122",67.00,67.80,66.20,67.60,+0.70,"2,209",3017
110/02/19,"4,271,980","292,335,394",67.70,69.00,67.40,68.30,+0.70,"2,704",3017
110/02/22,"3,553,066","242,754,631",68.80,69.00,67.70,68.70,+0.40,"2,423",3017
110/02/23,"3,174,389","215,916,980",68.10,68.60,67.60,68.20,-0.50,"1,938",3017
110/02/24,"3,809,400","256,823,725",68.00,68.50,66.80,66.80,-1.40,"2,315",3017
110/02/25,"2,974,833","199,828,701",67.60,68.20,66.60,66.90,+0.10,"1,949",3017
110/02/26,"10,267,460","691,343,940",66.00,68.90,65.80,66.40,-0.50,"5,953",3017
110/03/02,"3,901,523","257,877,598",67.30,67.40,65.50,65.60,-0.80,"2,565",3017
110/03/03,"2,789,585","181,744,742",65.80,66.00,64.60,65.50,-0.10,"1,865",3017
110/03/04,"3,744,393","241,689,925",65.00,65.50,64.20,64.50,-1.00,"2,583",3017
110/03/05,"2,939,155","187,395,883",63.50,64.20,63.50,63.70,-0.80,"2,135",3017
110/03/08,"2,940,555","186,884,612",64.40,64.50,62.80,63.20,-0.50,"1,920",3017
110/03/09,"5,744,835","354,226,305",62.80,63.50,61.00,61.40,-1.80,"3,827",3017
110/03/10,"4,166,643","256,348,140",62.20,62.40,61.10,61.30,-0.10,"2,806",3017
110/03/11,"5,383,020","336,042,026",62.00,63.00,61.90,63.00,+1.70,"3,171",3017
110/03/12,"4,446,923","284,419,867",64.50,64.60,63.20,64.20,+1.20,"2,795",3017
110/03/15,"3,080,230","195,774,698",64.20,64.30,63.10,63.60,-0.60,"2,080",3017
110/03/16,"2,635,184","168,188,371",63.70,64.20,63.30,63.80,+0.20,"1,760",3017
110/03/17,"3,063,840","197,203,350",64.10,64.80,63.80,64.40,+0.60,"1,980",3017
110/03/18,"3,424,123","221,825,735",64.70,65.20,64.30,65.20,+0.80,"2,217",3017
110/03/19,"2,109,432","136,314,613",64.60,65.00,64.30,64.80,-0.40,"1,355",3017
110/03/22,"3,221,681","210,531,914",65.00,65.90,64.40,65.50,+0.70,"2,127",3017
110/03/23,"12,210,771","820,030,681",66.50,67.90,66.10,67.80,+2.30,"7,112",3017
110/03/24,"8,610,269","575,800,574",67.90,68.00,66.20,66.20,-1.60,"4,991",3017
110/03/25,"6,109,181","409,873,963",66.80,67.60,66.40,67.20,+1.00,"3,562",3017
110/03/26,"16,591,142","1,068,565,807",67.80,68.20,66.80,67.20, 0.00,"4,342",3017
110/03/29,"14,874,991","973,351,426",67.20,67.50,66.30,66.50,-0.70,"3,769",3017
110/03/30,"4,665,372","311,609,362",67.00,67.20,66.40,66.70,+0.20,"2,571",3017
110/03/31,"10,320,405","697,008,635",67.00,68.40,66.30,68.20,+1.50,"6,371",3017
110/04/01,"13,772,273","936,128,785",69.00,69.30,67.00,67.40,-0.80,"6,833",3017
110/04/06,"5,074,915","343,263,852",68.40,68.40,67.20,67.70,+0.30,"2,965",3017
110/04/07,"10,461,536","716,836,702",67.90,69.40,67.50,68.90,+1.20,"5,872",3017
110/04/08,"27,568,139","1,975,130,031",69.40,73.00,69.40,72.40,+3.50,"15,283",3017
110/04/09,"21,786,048","1,541,153,077",72.70,73.60,69.20,69.50,-2.90,"12,371",3017
110/04/12,"6,876,491","474,026,369",70.50,70.60,68.30,68.70,-0.80,"4,348",3017
110/04/13,"7,288,266","508,682,130",69.30,70.80,68.90,69.10,+0.40,"4,288",3017
110/04/14,"8,712,516","588,485,747",70.00,70.10,65.20,67.80,-1.30,"4,962",3017
110/04/15,"2,399,900","163,874,344",68.30,68.80,67.40,68.30,+0.50,"1,599",3017
110/04/16,"3,599,419","245,501,001",68.70,68.90,67.80,68.40,+0.10,"1,968",3017
110/04/19,"3,935,761","270,460,845",68.80,69.30,67.90,69.20,+0.80,"2,611",3017
110/04/20,"5,578,796","388,276,712",69.00,70.50,68.50,69.90,+0.70,"3,397",3017
110/04/21,"3,786,774","261,829,413",69.60,69.80,68.70,69.10,-0.80,"2,581",3017
110/04/22,"5,920,196","401,202,078",69.40,69.50,66.60,66.60,-2.50,"3,694",3017
110/04/23,"4,693,244","312,510,418",66.80,67.50,65.80,66.60, 0.00,"2,988",3017
110/04/26,"13,690,250","948,233,605",67.20,70.10,67.10,69.60,+3.00,"6,938",3017
110/04/27,"19,604,885","1,393,277,600",69.80,72.30,69.80,70.50,+0.90,"10,050",3017
110/04/28,"9,440,688","669,343,197",70.60,71.80,69.40,71.70,+1.20,"5,085",3017
110/04/29,"10,432,796","741,709,828",71.70,72.50,70.20,71.20,-0.50,"5,204",3017
110/05/03,"12,476,734","876,556,011",70.80,72.20,68.00,68.10,-3.10,"6,562",3017
110/05/04,"9,447,677","626,822,401",69.00,69.80,64.00,67.60,-0.50,"5,132",3017
110/05/05,"15,747,007","1,102,357,362",67.60,71.20,66.00,69.20,+1.60,"8,680",3017
110/05/06,"13,473,115","942,721,328",69.50,71.50,68.00,69.30,+0.10,"6,878",3017
110/05/07,"16,580,415","1,165,483,820",69.90,71.80,69.10,69.90,+0.60,"7,767",3017
110/05/10,"9,951,240","682,161,811",70.50,70.90,67.60,69.20,-0.70,"4,886",3017
110/05/11,"15,577,172","1,008,622,119",67.20,68.00,62.40,63.80,-5.40,"7,907",3017
110/05/12,"15,444,982","917,160,412",63.80,64.30,57.50,57.60,-6.20,"7,440",3017
110/05/13,"10,598,169","601,413,400",54.90,60.40,52.50,58.30,+0.70,"5,641",3017
110/05/14,"9,383,852","567,801,199",60.90,62.30,58.60,60.30,+2.00,"5,095",3017
110/05/17,"8,763,871","506,473,932",55.30,60.60,55.30,57.00,-3.30,"4,743",3017
110/05/18,"7,101,988","431,198,942",58.10,62.30,58.10,61.70,+4.70,"3,668",3017
110/05/19,"6,553,944","403,351,320",60.90,63.00,60.10,62.20,+0.50,"3,804",3017
110/05/20,"3,712,212","228,596,371",61.40,62.60,60.70,60.90,-1.30,"2,231",3017
110/05/21,"9,097,061","581,708,277",62.00,65.40,62.00,64.90,+4.00,"5,289",3017
110/05/24,"6,907,061","455,066,226",64.90,67.10,64.00,66.70,+1.80,"4,449",3017
110/05/25,"11,831,126","805,003,626",67.10,69.20,66.50,68.00,+1.30,"6,615",3017
110/05/26,"5,102,105","349,016,972",68.80,69.60,67.30,68.60,+0.60,"3,271",3017
110/05/27,"15,852,147","1,116,852,205",68.10,72.00,67.80,70.30,+1.70,"8,266",3017
110/05/28,"11,603,873","829,655,341",71.00,72.30,70.40,71.60,+1.30,"6,528",3017
110/05/31,"16,673,145","1,220,311,459",72.50,74.70,72.00,73.40,+1.80,"8,615",3017
110/06/01,"9,808,236","713,883,755",74.50,74.50,71.50,72.40,-1.00,"5,583",3017
110/06/02,"10,094,092","724,180,688",72.10,72.90,70.60,71.60,-0.80,"5,048",3017
110/06/03,"6,081,035","438,758,014",72.30,72.80,71.40,72.70,+1.10,"3,146",3017
110/06/04,"7,337,486","523,563,763",72.70,73.20,70.20,70.30,-2.40,"4,014",3017
110/06/07,"19,355,672","1,408,776,220",71.30,74.80,70.30,72.00,+1.70,"10,154",3017
110/06/08,"68,553,576","5,238,424,329",73.00,79.20,72.50,75.20,+3.20,"31,662",3017
110/06/09,"43,693,878","3,175,355,662",74.00,75.20,70.20,71.10,-4.10,"23,387",3017
110/06/10,"19,476,847","1,382,595,659",70.80,72.30,69.20,71.60,+0.50,"11,497",3017
110/06/11,"6,782,493","481,893,659",71.50,72.30,70.30,70.30,-1.30,"4,132",3017
110/06/15,"6,805,641","479,140,838",70.00,71.50,69.40,70.90,+0.60,"3,853",3017
110/06/16,"5,590,693","395,335,514",70.80,71.60,69.70,69.90,-1.00,"3,255",3017
110/06/17,"6,255,961","437,826,086",69.60,71.00,68.80,70.70,+0.80,"3,419",3017
110/06/18,"49,121,248","3,687,762,795",71.40,77.50,70.80,77.20,+6.50,"24,681",3017
110/06/21,"73,104,765","5,797,458,113",76.70,82.80,74.80,82.00,+4.80,"40,598",3017
110/06/22,"65,085,697","5,446,308,748",83.30,86.50,80.20,82.00, 0.00,"35,813",3017
110/06/23,"30,332,301","2,494,539,161",83.40,84.70,79.90,82.00, 0.00,"15,959",3017
110/06/24,"29,108,031","2,432,875,496",83.40,85.40,82.00,82.30,+0.30,"16,123",3017
110/06/25,"22,524,182","1,821,903,193",82.80,83.40,79.00,80.70,-1.60,"13,203",3017
110/06/28,"24,342,393","1,979,355,978",81.00,82.70,79.10,81.10,+0.40,"12,749",3017
110/06/29,"20,774,383","1,686,551,054",83.00,83.30,79.50,81.00,-0.10,"10,201",3017
110/06/30,"15,620,599","1,260,486,198",81.90,82.60,79.20,80.70,-0.30,"7,974",3017
110/07/01,"12,248,820","984,105,124",80.70,81.60,79.50,79.50,-1.20,"6,737",3017
110/07/02,"18,179,979","1,424,346,524",79.50,79.70,76.90,78.70,-0.80,"9,961",3017
110/07/05,"19,795,826","1,585,055,347",80.00,81.80,78.80,79.00,+0.30,"10,229",3017
110/07/06,"13,733,431","1,071,772,298",79.10,79.20,77.30,77.60,-1.40,"7,689",3017
110/07/07,"34,898,724","2,831,531,874",78.00,83.00,77.90,82.10,+4.50,"20,845",3017
110/07/08,"32,179,597","2,671,277,607",82.80,84.60,81.20,82.70,+0.60,"19,102",3017
110/07/09,"14,091,771","1,138,842,431",81.40,82.50,79.60,80.40,-2.30,"9,221",3017
110/07/12,"17,570,809","1,386,468,248",79.90,80.70,78.00,79.00,-1.40,"10,746",3017
110/07/13,"19,561,893","1,582,662,255",79.30,82.70,79.00,79.80,+0.80,"11,717",3017
110/07/14,"9,014,103","723,255,846",79.60,81.40,79.00,80.50,+0.70,"5,951",3017
110/07/15,"8,703,924","690,828,118",80.60,80.90,78.60,79.10,-1.40,"5,426",3017
110/07/16,"13,118,055","1,041,729,446",78.70,80.40,78.50,79.30,+0.20,"5,380",3017
110/07/19,"8,811,867","688,317,903",79.20,79.90,77.50,77.70,-1.60,"6,126",3017
110/07/20,"14,968,656","1,122,999,613",76.50,76.50,73.40,75.30,-2.40,"9,320",3017
110/07/21,"8,678,152","657,636,830",76.10,77.30,74.60,74.60,-0.70,"5,389",3017
110/07/22,"5,942,695","448,737,036",75.50,76.60,74.90,75.00,+0.40,"3,711",3017
110/07/23,"5,815,472","437,874,631",75.50,76.70,74.20,74.80,-0.20,"3,467",3017
110/07/26,"4,484,484","339,870,230",75.20,76.40,74.70,75.60,+0.80,"2,706",3017
110/07/27,"5,508,543","414,839,922",76.10,76.60,74.20,75.10,-0.50,"3,202",3017
110/07/28,"7,242,053","532,601,538",74.60,75.60,71.50,74.80,-0.30,"4,351",3017
110/07/29,"3,660,927","272,726,764",75.00,75.40,73.90,74.90,+0.10,"2,341",3017
110/07/30,"4,174,525","310,176,436",74.90,75.20,73.70,75.20,+0.30,"2,597",3017
110/08/02,"4,134,027","307,595,229",75.30,75.40,73.80,75.00,-0.20,"2,242",3017
110/08/03,"10,228,340","787,152,022",75.10,78.00,74.00,77.70,+2.70,"6,236",3017
110/08/04,"8,548,748","669,756,350",78.00,79.20,77.60,77.80,+0.10,"5,442",3017
110/08/05,"5,807,981","445,055,205",77.80,78.20,75.80,76.80,-1.00,"4,284",3017
110/08/06,"10,212,831","799,502,025",76.90,79.50,76.30,79.40,+2.60,"5,471",3017
110/08/09,"23,525,912","1,839,423,130",78.40,80.80,75.60,76.80,-2.60,"13,965",3017
110/08/10,"20,382,571","1,499,450,464",76.80,77.30,71.90,73.00,-3.80,"12,492",3017
110/08/11,"8,345,969","607,156,051",73.40,74.30,71.70,72.30,-0.70,"5,040",3017
110/08/12,"5,906,246","429,165,985",72.70,73.90,72.00,72.50,+0.20,"3,838",3017
110/08/13,"5,359,629","383,381,883",72.40,73.20,70.60,71.00,-1.50,"3,421",3017
110/08/16,"11,914,946","816,290,369",70.50,71.30,67.20,69.50,-1.50,"5,926",3017
110/08/17,"5,243,289","358,857,446",70.30,70.30,67.40,67.80,-1.70,"3,190",3017
110/08/18,"6,405,687","442,976,404",67.40,70.90,66.80,70.70,+2.90,"3,896",3017
110/08/19,"5,181,609","366,322,005",70.20,71.90,69.50,69.80,-0.90,"3,544",3017
110/08/20,"4,134,383","292,981,845",70.80,71.90,69.50,70.90,+1.10,"2,504",3017
110/08/23,"4,477,072","322,768,063",72.10,72.50,71.20,72.40,+1.50,"2,490",3017
110/08/24,"5,242,099","366,372,262",70.60,71.00,68.90,69.80,X0.00,"3,073",3017
110/08/25,"4,025,960","283,297,943",70.20,70.80,69.80,70.50,+0.70,"2,680",3017
110/08/26,"3,499,042","244,608,358",70.60,70.80,69.50,69.80,-0.70,"2,188",3017
110/08/27,"2,961,744","204,760,731",69.70,69.80,68.60,69.00,-0.80,"1,865",3017
110/08/30,"2,071,993","142,982,966",69.40,69.70,68.30,69.70,+0.70,"1,419",3017
110/08/31,"1,675,969","116,369,281",69.80,69.90,69.00,69.50,-0.20,"1,175",3017
110/09/01,"16,115,825","1,171,932,092",69.90,74.00,69.80,73.10,+3.60,"9,563",3017
110/09/02,"13,557,448","1,011,236,762",73.50,75.40,73.30,74.90,+1.80,"8,082",3017
110/09/03,"17,076,713","1,298,277,041",76.00,77.20,75.20,75.30,+0.40,"10,366",3017
110/09/06,"13,241,627","1,012,236,737",75.70,77.30,74.70,76.40,+1.10,"7,431",3017
110/09/07,"20,953,448","1,606,820,613",77.50,78.90,75.10,76.60,+0.20,"12,423",3017
110/09/08,"9,550,635","710,517,117",75.10,76.10,73.10,73.50,-3.10,"5,902",3017
110/09/09,"5,198,558","388,756,239",73.30,75.70,73.10,75.10,+1.60,"3,178",3017
110/09/10,"9,153,012","692,069,853",76.30,77.00,74.50,75.30,+0.20,"5,313",3017
110/09/13,"3,746,230","281,041,817",75.70,76.30,74.20,74.30,-1.00,"2,467",3017
110/09/14,"2,939,591","220,254,641",75.10,75.50,74.20,74.70,+0.40,"1,968",3017
110/09/15,"3,425,324","253,796,637",74.70,75.00,73.00,73.90,-0.80,"2,350",3017
110/09/16,"8,212,428","622,197,394",74.80,76.70,74.40,76.30,+2.40,"4,773",3017
110/09/17,"23,048,714","1,796,824,237",76.30,79.00,76.20,78.80,+2.50,"14,498",3017
110/09/22,"28,306,791","2,245,705,304",77.00,80.40,76.80,79.80,+1.00,"17,627",3017
110/09/23,"38,620,663","3,151,480,790",79.50,83.30,79.40,83.30,+3.50,"21,549",3017
110/09/24,"41,738,123","3,488,516,871",84.40,85.40,81.60,83.70,+0.40,"25,013",3017
110/09/27,"20,629,729","1,739,157,070",83.80,85.50,83.10,84.30,+0.60,"12,183",3017
110/09/28,"32,930,760","2,678,554,198",84.00,85.30,79.00,79.80,-4.50,"19,832",3017
110/09/29,"14,953,985","1,186,681,504",78.10,80.70,78.10,79.00,-0.80,"8,931",3017
110/09/30,"12,124,010","955,207,364",79.00,79.60,77.40,79.20,+0.20,"7,465",3017
110/10/01,"19,332,054","1,454,277,623",78.20,78.20,72.50,73.60,-5.60,"11,523",3017
110/10/04,"11,616,773","866,250,682",74.90,75.70,73.20,73.60, 0.00,"6,766",3017
110/10/05,"11,975,012","887,595,627",71.70,75.60,71.50,75.60,+2.00,"6,430",3017
110/10/06,"8,308,300","620,440,570",76.00,76.30,73.20,73.80,-1.80,"5,199",3017
110/10/07,"8,018,423","610,770,881",74.90,77.00,74.70,76.50,+2.70,"4,942",3017
110/10/08,"4,799,941","364,847,034",76.50,77.00,75.00,75.90,-0.60,"3,100",3017
110/10/12,"5,639,149","417,448,474",75.60,75.70,73.00,73.00,-2.90,"3,655",3017
110/10/13,"9,201,200","670,610,481",74.40,75.00,71.20,71.80,-1.20,"5,999",3017
110/10/14,"4,764,914","342,401,263",72.90,72.90,71.40,71.40,-0.40,"3,120",3017
110/10/15,"3,343,363","243,977,550",73.00,73.50,72.50,72.90,+1.50,"2,400",3017
110/10/18,"2,973,647","217,174,106",73.60,73.90,72.30,73.10,+0.20,"1,843",3017
110/10/19,"5,919,884","444,109,583",74.20,75.60,73.70,75.60,+2.50,"4,020",3017
110/10/20,"4,388,962","331,225,697",75.60,76.20,74.90,75.50,-0.10,"2,822",3017
110/10/21,"16,125,652","1,252,775,856",75.80,79.30,75.80,77.30,+1.80,"9,910",3017
110/10/22,"72,963,671","6,079,966,861",79.00,85.00,78.70,85.00,+7.70,"33,467",3017
110/10/25,"52,401,389","4,439,138,956",85.30,86.50,82.70,84.30,-0.70,"30,682",3017
110/10/26,"25,563,308","2,085,937,224",83.20,83.60,80.50,82.10,-2.20,"14,786",3017
110/10/27,"20,351,694","1,652,207,929",82.10,82.90,79.50,82.10, 0.00,"11,572",3017
110/10/28,"20,640,837","1,699,713,086",82.40,83.90,80.90,81.00,-1.10,"11,931",3017
110/10/29,"13,254,369","1,088,947,813",81.20,83.20,80.40,82.90,+1.90,"7,570",3017
110/11/01,"12,710,858","1,050,340,208",82.90,83.80,81.80,82.20,-0.70,"8,622",3017
110/11/02,"18,661,998","1,526,018,586",82.70,84.60,79.60,80.20,-2.00,"12,143",3017
110/11/03,"6,371,019","514,512,428",80.10,81.60,79.50,81.30,+1.10,"4,540",3017
110/11/04,"5,151,833","414,981,010",81.30,81.90,80.10,80.10,-1.20,"3,702",3017
110/11/05,"6,901,116","551,609,621",80.70,80.90,78.60,80.90,+0.80,"4,249",3017
110/11/08,"3,876,700","311,137,361",81.10,81.30,79.50,80.40,-0.50,"2,561",3017
110/11/09,"47,488,063","4,082,442,673",81.90,88.00,81.50,87.50,+7.10,"25,642",3017
110/11/10,"27,552,498","2,414,441,258",87.20,88.70,85.50,88.40,+0.90,"15,206",3017
110/11/11,"25,611,106","2,289,665,026",87.80,91.60,86.80,89.40,+1.00,"16,532",3017
110/11/12,"35,196,116","2,937,524,553",87.30,88.30,81.00,81.50,-7.90,"21,582",3017
110/11/15,"14,686,451","1,195,903,321",81.50,82.90,80.60,81.20,-0.30,"9,035",3017
110/11/16,"6,798,092","554,572,986",81.10,82.30,80.80,82.00,+0.80,"4,302",3017
110/11/17,"6,051,490","497,307,199",81.80,82.80,81.10,82.50,+0.50,"3,866",3017
110/11/18,"13,271,145","1,116,372,876",82.90,85.10,82.70,83.50,+1.00,"8,698",3017
110/11/19,"30,712,372","2,685,056,597",84.30,89.50,84.20,87.60,+4.10,"19,044",3017
110/11/22,"33,158,651","2,950,818,545",89.10,92.30,86.30,88.40,+0.80,"23,949",3017
110/11/23,"25,403,613","2,273,723,595",87.80,91.80,86.80,89.50,+1.10,"16,131",3017
110/11/24,"16,523,615","1,461,832,993",90.00,90.90,86.80,87.30,-2.20,"12,289",3017
110/11/25,"10,050,859","864,749,608",87.50,87.60,85.10,85.80,-1.50,"7,368",3017
110/11/26,"7,807,749","664,125,431",84.90,86.60,84.00,85.40,-0.40,"4,843",3017
110/11/29,"10,454,172","888,909,725",83.60,87.10,82.40,86.50,+1.10,"6,584",3017
110/11/30,"10,485,616","924,984,072",87.20,89.20,87.10,88.40,+1.90,"6,728",3017
110/12/01,"9,711,063","861,268,767",87.70,89.80,87.20,88.50,+0.10,"6,081",3017
110/12/02,"7,015,334","610,257,222",87.90,88.40,86.00,86.00,-2.50,"4,911",3017
110/12/03,"7,121,566","627,127,374",86.90,88.70,86.80,87.70,+1.70,"4,356",3017
110/12/06,"7,157,128","634,796,535",88.10,89.50,87.30,89.20,+1.50,"5,312",3017
110/12/07,"6,030,426","532,152,990",89.10,89.60,87.50,87.60,-1.60,"4,796",3017
110/12/08,"6,807,725","605,491,563",88.40,89.60,87.90,89.30,+1.70,"4,170",3017
110/12/09,"46,937,949","4,328,626,352",90.80,96.40,88.40,88.70,-0.60,"30,467",3017
110/12/10,"9,937,813","876,494,935",88.90,90.20,87.10,87.80,-0.90,"8,994",3017
110/12/13,"5,315,593","469,368,041",87.50,89.40,87.20,89.10,+1.30,"3,724",3017
110/12/14,"4,686,571","409,362,366",88.60,88.90,86.60,87.00,-2.10,"3,554",3017
110/12/15,"4,146,305","359,511,732",86.60,87.40,85.80,86.70,-0.30,"2,735",3017
110/12/16,"6,249,464","553,672,853",88.00,89.50,87.50,89.20,+2.50,"4,366",3017
110/12/17,"3,961,987","346,963,834",88.50,88.80,86.80,86.90,-2.30,"3,623",3017
110/12/20,"5,012,428","429,071,027",86.00,86.90,85.00,85.10,-1.80,"3,606",3017
110/12/21,"3,309,109","283,740,208",85.10,86.70,84.20,86.00,+0.90,"2,292",3017
110/12/22,"2,167,835","188,032,513",86.20,87.20,86.20,87.10,+1.10,"1,673",3017
110/12/23,"3,510,557","306,922,480",87.60,88.30,86.80,87.00,-0.10,"2,806",3017
110/12/24,"3,644,171","320,807,050",87.70,88.60,87.40,87.70,+0.70,"2,593",3017
110/12/27,"1,499,313","131,550,499",88.00,88.40,87.20,87.50,-0.20,"1,669",3017
110/12/28,"2,205,655","194,393,886",88.00,88.50,87.70,87.70,+0.20,"2,150",3017
110/12/29,"3,995,724","353,314,756",87.90,89.20,87.50,88.70,+1.00,"2,759",3017
110/12/30,"2,137,479","188,913,014",89.10,89.10,87.80,88.20,-0.50,"2,090",3017
111/01/03,"7,571,385","678,897,316",88.80,90.60,88.60,89.00,+0.80,"5,607",3017
111/01/04,"6,583,598","589,715,061",89.70,90.70,88.40,88.80,-0.20,"6,486",3017
111/01/05,"6,599,612","592,334,420",89.00,90.40,88.40,90.20,+1.40,"3,745",3017
111/01/06,"6,628,406","585,714,330",89.00,89.50,87.10,89.50,-0.70,"5,582",3017
111/01/07,"6,097,588","531,244,601",89.50,89.50,86.10,86.30,-3.20,"5,523",3017
111/01/10,"2,658,490","231,804,143",86.10,87.90,85.70,87.40,+1.10,"1,758",3017
111/01/11,"3,358,483","294,695,544",87.40,88.50,86.70,86.90,-0.50,"2,808",3017
111/01/12,"2,337,026","202,525,671",87.60,87.80,85.80,87.00,+0.10,"2,188",3017
111/01/13,"1,861,912","160,826,023",87.50,87.60,85.80,86.10,-0.90,"1,762",3017
111/01/14,"7,893,993","656,829,347",86.10,86.10,81.30,83.90,-2.20,"8,303",3017
111/01/17,"9,875,350","867,592,506",84.20,89.20,84.20,89.20,+5.30,"6,291",3017
111/01/18,"21,387,298","1,948,923,329",88.20,93.20,88.20,91.20,+2.00,"14,194",3017
111/01/19,"29,566,208","2,781,460,057",91.10,95.80,90.50,95.70,+4.50,"18,197",3017
111/01/20,"39,745,347","3,838,170,979",96.00,99.60,93.40,98.00,+2.30,"27,357",3017
111/01/21,"51,902,321","5,160,819,939",96.10,102.00,96.00,99.20,+1.20,"31,065",3017
111/01/24,"33,123,121","3,205,354,137",98.50,101.00,94.00,95.00,-4.20,"21,315",3017
111/01/25,"20,588,305","1,936,857,717",95.00,96.50,92.00,92.30,-2.70,"11,612",3017
111/01/26,"12,386,077","1,140,093,405",91.60,92.90,90.60,92.80,+0.50,"9,702",3017
111/02/07,"20,857,286","1,957,985,305",93.00,96.20,90.90,95.40,+2.60,"14,146",3017
111/02/08,"23,268,457","2,300,623,110",94.20,102.00,94.20,101.50,+6.10,"16,583",3017
111/02/09,"22,519,985","2,338,328,696",102.50,106.00,101.50,106.00,+4.50,"14,153",3017
111/02/10,"11,832,899","1,233,787,295",105.00,106.50,101.50,104.00,-2.00,"9,062",3017
111/02/11,"23,804,442","2,543,673,515",104.00,109.50,103.50,106.00,+2.00,"15,280",3017
111/02/14,"12,821,193","1,357,218,422",104.00,107.50,103.50,105.50,-0.50,"7,695",3017
111/02/15,"11,619,359","1,215,118,905",105.50,107.50,102.00,103.00,-2.50,"7,514",3017
111/02/16,"8,367,226","869,173,010",105.50,106.00,102.00,103.00, 0.00,"5,768",3017
111/02/17,"30,328,560","3,368,347,847",105.00,113.00,104.50,112.50,+9.50,"13,276",3017
111/02/18,"25,378,768","2,836,385,912",110.50,116.00,109.00,114.00,+1.50,"13,265",3017
111/02/21,"17,259,465","1,912,623,449",114.00,114.50,108.00,110.00,-4.00,"9,361",3017
111/02/22,"25,835,593","2,855,969,505",108.50,114.00,106.50,110.00, 0.00,"13,722",3017
111/02/23,"38,803,513","4,452,513,365",113.00,118.50,112.00,114.50,+4.50,"22,748",3017
111/02/24,"21,922,812","2,483,381,783",111.00,115.50,110.00,113.00,-1.50,"13,084",3017
111/02/25,"19,318,603","2,170,767,465",116.00,116.50,110.00,110.00,-3.00,"10,427",3017
111/03/01,"10,467,699","1,164,107,642",111.00,113.50,109.00,111.00,+1.00,"6,929",3017
111/03/02,"16,120,011","1,763,428,943",111.50,114.00,106.50,108.50,-2.50,"10,753",3017
111/03/03,"14,424,634","1,603,890,278",109.00,115.50,107.50,112.00,+3.50,"8,936",3017
111/03/04,"19,572,352","2,236,554,558",111.00,116.50,110.50,113.00,+1.00,"12,734",3017
111/03/07,"14,584,225","1,567,680,956",112.00,112.50,104.50,105.50,-7.50,"9,646",3017
111/03/08,"23,802,940","2,569,672,149",102.50,112.50,102.50,105.50, 0.00,"16,662",3017
111/03/09,"30,543,093","3,433,968,762",108.50,116.00,107.00,116.00,+10.50,"15,753",3017
111/03/10,"48,218,921","5,809,371,493",121.50,125.00,117.00,119.50,+3.50,"34,080",3017
111/03/11,"31,126,162","3,793,347,676",120.00,124.50,118.50,122.50,+3.00,"22,020",3017
111/03/14,"20,626,978","2,478,730,645",123.50,124.50,116.00,117.00,-5.50,"15,911",3017
111/03/15,"26,475,598","2,925,958,278",115.50,116.00,105.50,106.00,-11.00,"15,341",3017
111/03/16,"23,658,706","2,516,222,352",109.50,109.50,103.50,106.00, 0.00,"13,947",3017
111/03/17,"18,959,289","2,019,439,891",108.00,108.50,105.00,106.50,+0.50,"9,856",3017
111/03/18,"31,535,800","3,408,661,361",106.50,112.00,103.00,110.00,+3.50,"17,127",3017
111/03/21,"40,707,635","4,525,905,503",112.00,115.00,106.50,112.50,+2.50,"22,854",3017
111/03/22,"45,070,987","5,248,200,912",114.00,118.00,113.50,118.00,+5.50,"26,578",3017
111/03/23,"37,435,427","4,380,331,773",119.50,121.50,114.00,115.00,-3.00,"27,790",3017
111/03/24,"12,732,171","1,434,003,576",114.50,115.50,111.00,111.50,-3.50,"8,715",3017
111/03/25,"29,991,067","3,421,257,087",112.00,117.00,108.50,117.00,+5.50,"18,303",3017
111/03/28,"24,667,408","2,895,413,388",115.00,119.00,114.00,119.00,+2.00,"13,818",3017
111/03/29,"20,075,014","2,376,783,718",121.00,121.50,116.00,116.50,-2.50,"11,271",3017
111/03/30,"63,066,384","7,673,943,614",119.00,127.50,117.00,117.00,+0.50,"37,089",3017
111/03/31,"20,102,325","2,381,549,150",118.00,121.00,116.00,116.50,-0.50,"14,449",3017
111/04/01,"11,757,642","1,343,606,710",115.00,116.00,113.00,114.50,-2.00,"9,930",3017
111/04/06,"7,411,895","839,437,614",112.00,115.50,111.50,113.00,-1.50,"6,443",3017
111/04/07,"11,497,647","1,304,255,424",112.00,116.00,111.00,111.00,-2.00,"9,427",3017
111/04/08,"10,395,399","1,166,348,807",112.50,115.00,110.00,112.00,+1.00,"7,629",3017
111/04/11,"17,062,270","1,822,203,147",110.50,112.00,104.00,106.50,-5.50,"10,393",3017
111/04/12,"8,429,407","904,491,191",107.00,111.00,105.00,105.50,-1.00,"6,247",3017
111/04/13,"4,692,891","496,307,851",108.00,108.00,104.50,105.50, 0.00,"4,866",3017
111/04/14,"5,738,347","617,992,308",107.00,109.00,105.00,108.00,+2.50,"4,450",3017
111/04/15,"8,546,900","907,978,932",107.50,109.50,104.00,104.50,-3.50,"5,838",3017
111/04/18,"4,285,131","448,971,479",105.00,107.00,103.50,103.50,-1.00,"2,870",3017
111/04/19,"18,827,916","2,035,717,452",105.00,112.50,105.00,106.00,+2.50,"11,586",3017
111/04/20,"9,676,336","1,045,926,217",108.00,110.00,106.50,107.50,+1.50,"6,131",3017
111/04/21,"16,124,959","1,804,553,792",109.50,114.00,108.50,113.50,+6.00,"9,677",3017
111/04/22,"9,723,476","1,063,286,375",111.50,112.00,107.00,107.00,-6.50,"7,670",3017
111/04/25,"11,193,355","1,171,931,523",104.00,107.00,103.00,105.00,-2.00,"6,798",3017
111/04/26,"6,940,473","732,380,656",107.50,109.00,103.00,103.00,-2.00,"4,760",3017
111/04/27,"8,112,523","823,289,825",98.50,104.50,98.40,104.00,+1.00,"5,728",3017
111/04/28,"5,800,134","598,195,852",104.00,105.00,101.00,103.50,-0.50,"3,798",3017
111/04/29,"5,204,560","551,110,927",105.50,107.50,104.50,104.50,+1.00,"3,048",3017
111/05/03,"5,949,426","633,488,581",105.00,109.00,104.50,106.00,+1.50,"3,935",3017
111/05/04,"4,686,808","493,907,903",107.00,107.00,104.00,105.00,-1.00,"3,781",3017
111/05/05,"7,916,531","858,185,680",108.00,110.00,107.00,108.00,+3.00,"4,897",3017
111/05/06,"3,821,631","402,004,009",105.00,106.50,104.00,105.50,-2.50,"2,185",3017
111/05/09,"6,578,062","670,531,916",104.50,105.00,100.50,101.00,-4.50,"3,877",3017
111/05/10,"8,871,049","922,066,537",100.00,107.00,100.00,105.50,+4.50,"4,999",3017
111/05/11,"7,229,012","754,641,461",106.00,107.00,102.50,103.50,-2.00,"4,285",3017
111/05/12,"4,237,453","435,412,399",102.50,104.50,101.50,102.00,-1.50,"2,693",3017
111/05/13,"4,094,797","427,722,424",103.50,105.50,103.50,105.00,+3.00,"2,513",3017
111/05/16,"3,412,650","360,553,699",106.50,107.50,103.50,104.50,-0.50,"2,318",3017
111/05/17,"3,016,821","317,538,563",105.00,106.50,104.50,105.00,+0.50,"2,077",3017
111/05/18,"9,929,234","1,080,105,655",106.00,110.00,106.00,109.00,+4.00,"6,930",3017
111/05/19,"6,709,227","729,130,262",105.50,111.00,105.50,111.00,+2.00,"4,354",3017
111/05/20,"10,039,473","1,113,966,544",111.50,113.50,108.50,109.50,-1.50,"6,685",3017
111/05/23,"7,905,160","881,101,570",110.00,113.00,108.50,112.00,+2.50,"5,065",3017
111/05/24,"27,016,157","3,051,933,929",113.50,116.00,108.50,109.00,-3.00,"18,400",3017
111/05/25,"35,144,572","4,093,595,440",111.00,119.00,110.50,118.00,+9.00,"20,610",3017
111/05/26,"32,567,593","3,839,329,450",118.50,121.50,115.00,117.00,-1.00,"21,385",3017
111/05/27,"18,249,069","2,109,890,177",119.00,119.50,113.00,113.50,-3.50,"12,007",3017
111/05/30,"8,576,658","980,313,432",115.00,115.50,113.00,114.50,+1.00,"5,585",3017
111/05/31,"7,522,705","848,655,872",114.50,115.00,111.00,113.00,-1.50,"4,970",3017
111/06/01,"6,714,986","758,513,281",113.00,114.50,111.50,112.50,-0.50,"4,355",3017
111/06/02,"4,322,309","488,650,547",112.00,114.00,112.00,112.00,-0.50,"3,104",3017
111/06/06,"6,517,118","722,570,883",112.00,112.50,110.00,111.00,-1.00,"5,032",3017
111/06/07,"15,896,774","1,699,829,134",109.50,109.50,105.50,108.00,-3.00,"10,463",3017
111/06/08,"5,446,230","585,253,620",108.00,108.50,106.50,107.50,-0.50,"3,565",3017
111/06/09,"6,980,499","735,300,772",107.50,107.50,104.00,105.00,-2.50,"5,468",3017
111/06/10,"5,496,965","574,097,384",104.50,105.00,103.50,105.00, 0.00,"3,567",3017
111/06/13,"5,662,124","585,920,959",103.00,106.00,101.50,106.00,+1.00,"3,507",3017
111/06/14,"8,803,171","935,457,027",105.00,108.50,103.50,108.00,+2.00,"5,833",3017
111/06/15,"5,422,560","580,924,480",108.00,109.00,105.50,106.00,-2.00,"3,749",3017
111/06/16,"8,661,222","927,796,046",108.00,109.50,103.50,103.50,-2.50,"5,789",3017
111/06/17,"7,111,058","736,918,215",103.50,106.00,102.00,103.00,-0.50,"4,762",3017
111/06/20,"10,239,448","1,024,844,569",103.00,103.00,98.00,98.00,-5.00,"6,506",3017
111/06/21,"14,569,903","1,411,116,011",99.90,100.50,93.60,98.10,+0.10,"9,968",3017
111/06/22,"8,833,430","836,649,184",98.60,99.30,92.40,92.60,-5.50,"6,818",3017
111/06/23,"7,050,910","661,824,444",92.70,95.30,92.20,93.90,+1.30,"6,340",3017
111/06/24,"3,680,172","349,201,722",94.30,95.60,93.70,95.40,+1.50,"3,207",3017
111/06/27,"7,303,515","725,339,153",96.90,101.50,96.00,99.90,+4.50,"5,820",3017
111/06/28,"5,011,119","497,822,084",100.00,101.50,97.90,98.60,-1.30,"4,336",3017
111/06/29,"3,338,986","323,841,299",97.30,98.30,96.10,97.10,-1.50,"2,797",3017
111/06/30,"5,542,671","519,183,746",96.20,96.50,92.50,93.10,-4.00,"3,576",3017
111/07/01,"12,837,489","1,149,053,601",92.70,94.10,86.60,86.90,-6.20,"8,379",3017
111/07/04,"9,919,606","853,681,778",87.20,88.50,84.50,85.30,-1.60,"6,344",3017
111/07/05,"4,936,409","424,528,269",87.00,87.80,84.00,87.20,+1.90,"3,717",3017
111/07/06,"11,768,677","988,624,322",87.20,87.30,82.60,82.60,-4.60,"6,656",3017
111/07/07,"14,891,686","1,256,830,481",83.00,88.00,79.90,87.40,+4.80,"9,735",3017
111/07/08,"10,789,155","1,020,110,323",92.00,96.10,91.50,96.10,+8.70,"5,633",3017
111/07/11,"16,985,582","1,663,805,914",97.20,99.70,95.00,98.40,+2.30,"11,919",3017
111/07/12,"9,971,479","958,737,539",96.20,97.70,93.90,96.00,-2.40,"7,045",3017
111/07/13,"13,018,298","1,281,883,699",99.10,101.00,96.50,96.80,+0.80,"9,092",3017
111/07/14,"9,273,089","924,426,801",97.00,101.00,96.40,101.00,+4.20,"5,906",3017
111/07/15,"7,140,305","720,580,702",101.00,102.50,99.00,101.00, 0.00,"4,988",3017
111/07/18,"9,725,782","1,004,195,961",102.50,105.00,101.00,104.00,+3.00,"6,977",3017
111/07/19,"7,867,197","822,056,098",102.00,106.50,101.50,105.00,+1.00,"4,688",3017
111/07/20,"6,801,739","719,361,556",108.00,108.50,104.00,105.00, 0.00,"5,038",3017
111/07/21,"8,363,268","870,384,411",104.00,106.00,102.50,105.50,+0.50,"5,276",3017
111/07/22,"4,440,212","464,263,653",104.00,107.00,103.50,104.50,-1.00,"2,666",3017
111/07/25,"23,341,632","2,575,652,999",104.00,114.00,103.50,112.50,+8.00,"12,407",3017
111/07/26,"16,904,487","1,915,688,026",111.50,114.50,110.50,114.00,+1.50,"9,797",3017
111/07/27,"10,874,351","1,247,498,005",113.50,116.00,113.00,116.00,+2.00,"7,390",3017
111/07/28,"16,608,908","1,930,932,191",117.50,119.00,113.00,117.00,+1.00,"11,631",3017
111/07/29,"8,066,345","951,253,589",117.00,119.50,116.50,118.00,+1.00,"5,031",3017
111/08/01,"8,396,892","977,866,923",118.00,119.50,114.50,115.50,-2.50,"6,368",3017
111/08/02,"5,345,992","610,030,896",112.50,115.50,112.50,115.00,-0.50,"3,518",3017
111/08/03,"4,106,732","469,899,668",114.00,115.50,113.00,115.00, 0.00,"3,202",3017
111/08/04,"10,375,431","1,164,678,735",114.00,114.50,110.50,113.00,-2.00,"7,279",3017
111/08/05,"13,324,283","1,489,388,733",113.50,114.50,109.50,112.50,-0.50,"8,750",3017
111/08/08,"13,767,075","1,603,712,380",112.00,119.50,112.00,118.00,+5.50,"8,150",3017
111/08/09,"13,638,203","1,624,942,758",117.00,121.00,116.00,119.00,+1.00,"7,797",3017
111/08/10,"24,279,667","2,778,665,501",116.00,119.00,112.00,112.50,-6.50,"15,385",3017
111/08/11,"10,755,900","1,223,229,807",114.00,115.50,112.50,114.50,+2.00,"4,624",3017
111/08/12,"5,998,934","695,040,976",114.00,117.50,113.00,117.50,+3.00,"3,516",3017
111/08/15,"9,347,791","1,099,905,776",118.50,120.50,116.50,119.50,+2.00,"4,861",3017
111/08/16,"7,169,919","860,041,749",119.50,122.00,118.00,119.00,-0.50,"4,860",3017
111/08/17,"2,963,041","352,550,798",119.50,120.00,118.00,119.00, 0.00,"2,100",3017
111/08/18,"4,877,772","581,763,114",119.00,120.50,118.50,119.50,+0.50,"3,322",3017
111/08/19,"13,354,505","1,577,889,630",120.00,122.50,115.00,117.00,-2.50,"8,287",3017
111/08/22,"3,791,910","443,313,468",116.00,118.50,114.00,117.00, 0.00,"2,230",3017
111/08/23,"2,109,124","247,380,809",117.00,118.00,116.00,117.50,+0.50,"1,274",3017
111/08/24,"2,820,612","331,021,915",118.50,118.50,117.00,117.00,-0.50,"1,733",3017
111/08/25,"6,753,477","767,696,878",115.50,117.00,112.00,112.00,X0.00,"4,544",3017
111/08/26,"4,110,630","460,903,066",113.50,114.00,110.00,113.00,+1.00,"2,975",3017
111/08/29,"4,611,097","498,157,217",109.50,109.50,107.00,108.00,-5.00,"3,106",3017
111/08/30,"5,459,782","589,515,494",109.00,110.50,107.00,107.50,-0.50,"3,344",3017
111/08/31,"3,233,764","349,517,857",108.00,109.00,107.00,108.50,+1.00,"2,144",3017
111/09/01,"3,907,794","413,890,751",107.50,108.00,104.50,105.50,-3.00,"2,776",3017
111/09/02,"1,965,727","208,062,187",105.50,107.00,105.00,105.50, 0.00,"1,424",3017
111/09/05,"2,819,850","293,729,905",107.00,107.00,102.50,103.50,-2.00,"1,713",3017
111/09/06,"3,130,880","321,112,701",104.50,104.50,101.00,102.00,-1.50,"1,935",3017
111/09/07,"5,515,458","578,450,673",100.50,107.50,100.00,105.50,+3.50,"3,660",3017
111/09/08,"8,204,780","878,773,902",106.50,109.00,104.50,107.50,+2.00,"5,495",3017
111/09/12,"7,065,444","790,927,601",110.00,114.00,109.00,112.00,+4.50,"4,863",3017
111/09/13,"7,229,468","824,182,657",115.00,116.00,112.00,113.00,+1.00,"5,092",3017
111/09/14,"5,787,147","647,901,987",109.00,114.00,108.00,113.50,+0.50,"4,142",3017
111/09/15,"3,812,358","433,943,678",114.00,115.50,113.00,113.50, 0.00,"2,708",3017
111/09/16,"4,161,106","473,607,977",114.00,115.00,113.00,113.50, 0.00,"2,497",3017
111/09/19,"2,752,958","312,150,241",114.00,114.50,112.50,113.50, 0.00,"1,589",3017
111/09/20,"8,337,752","969,217,947",115.00,117.50,114.00,117.00,+3.50,"5,199",3017
111/09/21,"5,893,995","689,403,244",116.50,118.50,115.50,116.00,-1.00,"3,875",3017
111/09/22,"3,227,478","371,595,812",114.50,117.00,114.00,115.00,-1.00,"2,508",3017
111/09/23,"4,585,725","533,474,185",115.50,117.50,115.00,115.50,+0.50,"2,855",3017
111/09/26,"4,799,844","540,137,300",114.50,115.00,110.50,111.00,-4.50,"3,681",3017
111/09/27,"5,506,473","628,953,843",113.00,116.00,111.00,116.00,+5.00,"3,601",3017
111/09/28,"6,716,122","750,651,579",115.50,116.00,109.00,109.00,-7.00,"4,300",3017
111/09/29,"5,519,520","609,233,069",112.00,113.50,108.00,108.00,-1.00,"3,427",3017
111/09/30,"5,350,757","581,535,165",106.00,111.50,105.00,111.50,+3.50,"3,182",3017
111/10/03,"4,964,777","538,480,925",109.00,111.00,106.50,108.00,-3.50,"3,288",3017
111/10/04,"5,586,346","627,179,918",110.50,114.50,110.50,114.00,+6.00,"3,573",3017
111/10/05,"18,525,095","2,219,094,646",116.00,122.00,114.50,119.50,+5.50,"10,913",3017
111/10/06,"16,598,845","1,915,940,244",121.00,121.50,112.00,116.00,-3.50,"10,353",3017
111/10/07,"10,557,764","1,185,059,923",115.50,116.00,110.00,110.50,-5.50,"6,609",3017
111/10/11,"8,103,671","853,905,960",107.50,108.00,103.50,104.00,-6.50,"5,037",3017
111/10/12,"10,406,970","1,095,513,451",103.00,108.50,101.00,107.00,+3.00,"6,093",3017
111/10/13,"8,023,761","844,488,167",105.50,109.50,102.00,103.50,-3.50,"4,760",3017
111/10/14,"6,133,365","654,650,266",107.00,108.50,104.50,105.00,+1.50,"4,018",3017
111/10/17,"8,873,742","891,181,342",102.50,103.00,98.90,101.50,-3.50,"5,413",3017
111/10/18,"7,550,215","768,726,780",103.00,105.50,99.70,101.50, 0.00,"4,902",3017
111/10/19,"5,797,284","591,811,535",102.00,104.50,100.00,100.50,-1.00,"3,667",3017
111/10/20,"7,296,168","719,936,274",99.50,100.50,96.80,98.80,-1.70,"4,817",3017
111/10/21,"6,893,978","665,503,939",98.00,98.50,95.00,95.40,-3.40,"5,147",3017
111/10/24,"4,715,783","460,566,244",98.20,98.80,95.80,96.30,+0.90,"3,494",3017
111/10/25,"7,292,964","688,614,864",96.70,96.70,92.20,94.50,-1.80,"5,775",3017
111/10/26,"4,779,580","447,836,636",95.10,95.10,92.50,93.60,-0.90,"3,912",3017
111/10/27,"9,227,709","908,771,836",93.60,101.00,93.30,99.90,+6.30,"6,416",3017
111/10/28,"8,476,161","861,982,145",99.20,103.00,98.50,101.00,+1.10,"5,856",3017
111/10/31,"4,782,701","491,937,458",104.00,104.50,101.50,102.00,+1.00,"3,905",3017
111/11/01,"3,121,427","319,249,664",102.00,103.50,101.00,102.50,+0.50,"3,130",3017
111/11/02,"4,282,914","444,168,941",102.50,105.00,102.00,104.00,+1.50,"2,461",3017
111/11/03,"3,318,820","348,880,662",102.00,106.50,101.50,106.50,+2.50,"2,347",3017
111/11/04,"4,482,507","472,589,120",105.50,107.00,104.50,106.00,-0.50,"2,321",3017
111/11/07,"5,605,814","602,385,987",107.00,109.00,105.00,107.50,+1.50,"3,356",3017
111/11/08,"3,837,473","414,361,743",109.00,110.00,106.00,106.00,-1.50,"2,509",3017
111/11/09,"4,679,854","508,004,654",108.00,110.50,107.00,108.00,+2.00,"2,731",3017
111/11/10,"2,553,092","271,407,270",107.00,108.50,105.00,106.00,-2.00,"1,701",3017
111/11/11,"8,977,188","987,287,273",110.00,112.00,107.50,110.00,+4.00,"5,652",3017
111/11/14,"13,786,193","1,450,767,448",110.00,110.00,103.50,104.50,-5.50,"9,005",3017
111/11/15,"9,080,105","924,772,867",104.50,104.50,100.00,102.00,-2.50,"6,025",3017
111/11/16,"6,039,391","618,658,930",102.50,103.50,101.50,102.00, 0.00,"4,109",3017
111/11/17,"2,560,754","263,158,615",101.50,103.50,101.50,103.00,+1.00,"1,892",3017
111/11/18,"3,442,383","355,828,833",103.50,105.50,102.00,102.00,-1.00,"2,516",3017
111/11/21,"3,000,431","311,150,357",103.00,104.50,102.00,104.00,+2.00,"2,005",3017
111/11/22,"10,188,050","1,090,631,717",104.50,109.50,104.00,106.00,+2.00,"6,709",3017
111/11/23,"9,721,989","1,064,572,296",107.50,111.00,107.50,110.00,+4.00,"6,424",3017
111/11/24,"8,048,462","890,868,700",111.50,113.00,108.50,111.00,+1.00,"5,536",3017
111/11/25,"3,113,803","343,633,907",110.50,112.00,109.00,109.00,-2.00,"2,406",3017
111/11/28,"4,635,069","514,577,403",108.00,112.50,108.00,111.50,+2.50,"3,176",3017
111/11/29,"2,492,914","278,594,619",111.00,112.50,110.50,112.00,+0.50,"1,889",3017
111/11/30,"4,644,161","524,550,446",112.50,114.00,111.50,113.00,+1.00,"3,098",3017
111/12/01,"5,363,265","614,592,385",114.00,116.00,113.50,114.50,+1.50,"3,408",3017
111/12/02,"5,184,896","600,945,260",114.50,117.50,114.00,115.50,+1.00,"3,166",3017
111/12/05,"33,364,099","4,165,728,073",117.00,127.00,116.50,127.00,+11.50,"12,906",3017
111/12/06,"21,286,658","2,678,753,634",127.50,128.50,122.50,124.00,-3.00,"10,878",3017
111/12/07,"20,674,124","2,399,559,784",124.00,124.50,112.00,112.50,-11.50,"11,899",3017
111/12/08,"6,396,874","719,016,429",111.50,113.50,110.50,113.50,+1.00,"4,051",3017
111/12/09,"5,599,437","641,237,278",115.00,115.50,112.50,115.50,+2.00,"4,094",3017
111/12/12,"6,186,903","707,563,012",116.00,117.00,113.00,114.50,-1.00,"4,169",3017
111/12/13,"3,565,967","408,901,314",115.00,116.00,113.50,114.00,-0.50,"2,569",3017
111/12/14,"4,054,899","468,687,429",114.00,116.50,114.00,116.00,+2.00,"2,526",3017
111/12/15,"3,932,421","460,236,212",116.00,118.00,116.00,116.50,+0.50,"2,751",3017
111/12/16,"8,021,216","926,477,168",115.50,117.00,114.00,115.00,-1.50,"3,791",3017
111/12/19,"8,734,959","976,487,090",114.50,114.50,110.00,112.00,-3.00,"4,446",3017
111/12/20,"7,343,132","820,957,292",112.00,114.00,110.00,111.50,-0.50,"3,513",3017
111/12/21,"7,099,670","777,435,724",111.50,112.00,108.50,109.00,-2.50,"3,279",3017
111/12/22,"5,948,275","665,865,509",111.00,113.00,109.50,113.00,+4.00,"2,666",3017
111/12/23,"2,014,731","223,326,292",110.50,112.00,110.00,111.00,-2.00,"1,468",3017
111/12/26,"1,462,087","161,623,054",111.50,111.50,109.50,111.50,+0.50,"1,115",3017
111/12/27,"1,329,881","149,064,263",112.50,113.00,111.50,112.00,+0.50,996,3017
111/12/28,"1,735,209","189,567,757",111.00,111.00,108.50,108.50,-3.50,"1,340",3017
111/12/29,"1,625,782","177,474,017",107.50,111.00,107.00,110.00,+1.50,"1,275",3017
111/12/30,"1,838,419","205,449,164",111.50,112.50,110.50,112.00,+2.00,"1,386",3017
112/01/03,"1,087,634","122,244,503",111.00,113.50,110.50,112.50,+0.50,958,3017
112/01/04,"953,867","107,264,796",112.50,113.50,111.50,112.00,-0.50,809,3017
112/01/05,"3,011,990","330,920,026",113.00,113.50,108.00,108.50,-3.50,"2,338",3017
112/01/06,"4,081,880","436,636,274",108.00,108.50,106.00,107.50,-1.00,"2,870",3017
112/01/09,"3,612,588","396,023,704",108.50,111.00,108.00,110.50,+3.00,"2,208",3017
112/01/10,"2,117,150","231,611,877",110.00,111.00,108.00,109.50,-1.00,"2,023",3017
112/01/11,"1,240,161","136,565,643",109.50,111.00,109.00,110.50,+1.00,903,3017
112/01/12,"1,330,419","146,004,227",110.50,111.00,109.00,109.50,-1.00,870,3017
112/01/13,"1,751,373","188,969,829",110.50,110.50,107.00,107.00,-2.50,"1,331",3017
112/01/16,"2,343,835","250,675,644",108.00,108.50,106.00,107.50,+0.50,"1,919",3017
112/01/17,"1,403,358","151,148,530",107.50,108.50,107.00,108.50,+1.00,925,3017
112/01/30,"2,817,113","308,051,817",110.00,110.50,108.50,109.50,+1.00,"2,040",3017
112/01/31,"6,156,942","658,187,250",109.00,110.00,105.50,106.00,-3.50,"4,753",3017
112/02/01,"10,937,107","1,155,015,150",106.50,108.00,103.00,107.50,+1.50,"8,510",3017
112/02/02,"9,847,993","1,078,529,435",108.00,112.00,107.50,112.00,+4.50,"6,839",3017
112/02/03,"5,681,949","638,725,184",111.50,114.00,111.00,112.00, 0.00,"4,108",3017
112/02/06,"7,947,915","871,687,803",109.00,112.00,107.00,111.50,-0.50,"5,790",3017
112/02/07,"3,356,369","370,017,561",109.50,111.50,109.00,110.50,-1.00,"2,511",3017
112/02/08,"7,926,333","906,007,986",112.00,116.00,111.00,115.00,+4.50,"5,888",3017
112/02/09,"7,747,731","901,142,805",115.00,117.50,115.00,116.00,+1.00,"5,794",3017
112/02/10,"8,025,132","932,767,836",116.50,118.50,114.00,115.50,-0.50,"4,587",3017
112/02/13,"5,476,384","637,367,989",115.50,117.50,114.00,117.50,+2.00,"3,120",3017
112/02/14,"4,299,410","501,274,757",118.50,118.50,115.00,115.50,-2.00,"3,111",3017
112/02/15,"4,751,711","548,400,859",116.00,117.00,114.00,115.00,-0.50,"3,674",3017
112/02/16,"4,937,528","577,875,781",115.50,118.50,115.00,117.50,+2.50,"2,989",3017
112/02/17,"4,748,527","549,682,612",116.00,117.50,114.50,114.50,X0.00,"4,334",3017
112/02/20,"3,760,339","429,757,719",114.50,115.50,112.50,114.50, 0.00,"2,577",3017
112/02/21,"4,000,005","458,148,811",114.50,116.50,113.50,115.00,+0.50,"2,343",3017
112/02/22,"4,160,804","471,093,720",114.00,115.00,111.50,115.00, 0.00,"2,789",3017
112/02/23,"3,154,234","366,866,011",115.50,117.00,115.50,116.50,+1.50,"2,325",3017
112/02/24,"25,175,276","3,067,788,791",118.00,127.00,117.50,120.50,+4.00,"14,457",3017
112/03/01,"8,989,612","1,057,394,037",119.50,120.00,115.50,119.00,-1.50,"5,688",3017
112/03/02,"2,457,872","291,133,825",118.00,119.50,117.00,119.00, 0.00,"1,788",3017
112/03/03,"2,503,302","299,161,696",120.50,121.50,118.50,118.50,-0.50,"1,845",3017
112/03/06,"2,803,825","334,656,729",120.00,120.50,118.50,119.50,+1.00,"2,165",3017
112/03/07,"3,049,994","361,193,917",121.00,121.00,117.50,118.00,-1.50,"1,996",3017
112/03/08,"3,506,014","413,283,137",117.50,119.00,116.50,119.00,+1.00,"1,764",3017
112/03/09,"3,283,200","388,098,435",120.00,120.00,117.00,117.50,-1.50,"1,961",3017
112/03/10,"5,365,928","613,935,512",116.50,116.50,113.00,113.50,-4.00,"3,330",3017
112/03/13,"3,646,289","408,506,693",112.50,113.00,110.50,112.50,-1.00,"2,324",3017
112/03/14,"4,820,186","533,878,243",112.00,113.00,109.50,109.50,-3.00,"3,347",3017
112/03/15,"7,778,603","891,826,703",111.50,117.00,110.50,114.50,+5.00,"5,367",3017
112/03/16,"8,107,323","941,797,076",114.00,118.00,113.50,115.00,+0.50,"4,820",3017
112/03/17,"4,865,502","565,309,646",116.50,117.50,115.00,115.50,+0.50,"3,022",3017
112/03/20,"15,171,565","1,825,721,512",117.00,123.00,117.00,119.00,+3.50,"8,629",3017
112/03/21,"16,901,344","2,105,559,818",121.00,128.00,119.50,126.50,+7.50,"10,321",3017
112/03/22,"40,108,466","5,324,140,471",128.50,139.00,127.50,136.50,+10.00,"23,203",3017
112/03/23,"29,152,237","4,051,886,742",138.00,142.00,136.50,138.50,+2.00,"18,349",3017
112/03/24,"11,384,203","1,588,411,060",139.50,142.50,136.50,142.50,+4.00,"7,423",3017
112/03/27,"29,905,095","4,397,468,815",144.00,152.00,140.50,148.50,+6.00,"18,785",3017
112/03/28,"23,768,904","3,371,575,864",146.00,147.00,138.00,142.00,-6.50,"13,994",3017
112/03/29,"24,889,316","3,572,367,754",142.00,147.50,139.50,142.50,+0.50,"17,770",3017
112/03/30,"10,964,735","1,565,824,933",142.00,145.50,141.50,142.00,-0.50,"7,679",3017
112/03/31,"6,743,251","950,027,240",142.00,142.50,139.50,141.00,-1.00,"4,047",3017
112/04/06,"8,396,718","1,188,931,822",140.00,144.50,138.50,142.00,+1.00,"5,349",3017
112/04/07,"6,410,030","922,674,977",143.50,146.50,141.50,144.50,+2.50,"4,347",3017
112/04/10,"9,371,321","1,382,348,286",144.50,151.00,143.50,148.50,+4.00,"5,898",3017
112/04/11,"9,453,871","1,412,247,556",147.50,152.50,145.00,149.50,+1.00,"5,928",3017
112/04/12,"15,109,654","2,333,008,411",151.00,157.50,150.50,154.50,+5.00,"8,279",3017
112/04/13,"7,020,410","1,049,289,112",151.50,152.50,147.00,149.50,-5.00,"4,710",3017
112/04/14,"11,020,914","1,691,041,586",150.00,156.00,150.00,153.00,+3.50,"5,752",3017
112/04/17,"9,338,283","1,460,215,252",153.00,159.50,152.50,156.00,+3.00,"6,155",3017
112/04/18,"13,146,464","2,019,307,903",157.50,161.00,149.00,152.50,-3.50,"10,028",3017
112/04/19,"4,917,474","745,968,556",152.50,153.00,150.50,151.00,-1.50,"3,289",3017
112/04/20,"10,980,067","1,617,059,476",147.00,150.00,144.50,147.50,-3.50,"7,029",3017
112/04/21,"11,976,602","1,719,533,903",146.00,149.50,141.00,143.00,-4.50,"11,971",3017
112/04/24,"7,417,514","1,071,656,957",144.50,147.00,142.50,144.00,+1.00,"7,366",3017
112/04/25,"6,824,944","960,698,460",144.50,145.50,138.00,141.50,-2.50,"4,736",3017
112/04/26,"9,498,906","1,360,303,936",141.50,147.00,138.50,146.00,+4.50,"6,253",3017
112/04/27,"21,804,962","3,301,753,600",145.50,156.00,144.00,153.50,+7.50,"14,425",3017
112/04/28,"16,913,000","2,613,101,130",154.00,157.50,151.00,157.50,+4.00,"11,330",3017
112/05/02,"21,462,739","3,490,024,966",157.50,166.50,157.50,166.00,+8.50,"13,606",3017
112/05/03,"12,632,809","2,082,432,610",165.00,167.50,162.50,163.00,-3.00,"11,058",3017
112/05/04,"39,964,598","6,922,585,637",168.00,178.00,166.50,175.50,+12.50,"24,995",3017
112/05/05,"37,236,716","6,664,982,401",175.50,183.00,174.50,181.00,+5.50,"29,543",3017
112/05/08,"20,066,397","3,659,243,707",183.00,185.50,179.00,181.50,+0.50,"20,654",3017
112/05/09,"15,197,231","2,761,896,784",183.00,185.00,177.50,183.00,+1.50,"12,634",3017
112/05/10,"13,970,424","2,496,446,170",180.50,181.50,175.50,178.50,-4.50,"11,617",3017
112/05/11,"16,989,712","3,006,764,124",183.00,183.00,173.00,174.50,-4.00,"15,512",3017
112/05/12,"15,917,113","2,774,294,521",173.00,178.00,170.00,177.50,+3.00,"9,722",3017
112/05/15,"12,943,719","2,214,041,856",175.00,175.00,168.50,171.00,-6.50,"8,153",3017
112/05/16,"17,056,196","2,996,621,161",174.00,179.00,171.50,175.50,+4.50,"11,300",3017
112/05/17,"13,267,775","2,364,036,504",175.00,181.00,174.00,178.00,+2.50,"9,634",3017
112/05/18,"20,178,896","3,708,473,020",181.00,188.50,179.00,186.00,+8.00,"13,863",3017
112/05/19,"15,896,122","2,917,971,140",185.50,187.50,180.00,184.00,-2.00,"10,505",3017
112/05/22,"10,978,049","1,998,946,233",183.00,185.50,179.50,182.50,-1.50,"7,161",3017
112/05/23,"7,918,674","1,446,838,686",182.50,184.50,181.00,182.50, 0.00,"5,227",3017
112/05/24,"7,768,291","1,430,355,237",182.50,187.00,181.00,187.00,+4.50,"4,557",3017
112/05/25,"28,686,724","5,672,013,624",199.00,204.50,191.50,197.50,+10.50,"19,256",3017
112/05/26,"26,890,252","5,493,804,233",200.00,212.50,198.00,208.00,+10.50,"22,775",3017
112/05/29,"20,533,692","4,286,215,900",212.00,215.50,204.00,206.00,-2.00,"14,823",3017
112/05/30,"8,396,200","1,697,617,889",206.00,206.00,200.50,201.50,-4.50,"6,462",3017
112/05/31,"11,161,309","2,219,570,545",201.00,203.50,196.00,197.50,-4.00,"10,033",3017
112/06/01,"14,407,034","2,930,438,061",196.50,207.00,195.50,207.00,+9.50,"10,033",3017
112/06/02,"21,746,250","4,456,004,849",208.50,209.50,201.50,202.00,-5.00,"14,897",3017
112/06/05,"18,144,490","3,597,596,767",199.50,203.00,192.50,200.00,-2.00,"12,853",3017
112/06/06,"15,386,067","3,128,797,276",198.00,206.00,198.00,203.50,+3.50,"10,755",3017
112/06/07,"12,979,405","2,687,778,864",205.00,210.00,203.50,208.00,+4.50,"12,855",3017
112/06/08,"11,408,014","2,308,669,964",206.00,207.00,199.50,200.50,-7.50,"10,630",3017
112/06/09,"16,891,950","3,523,133,688",203.00,213.00,202.50,209.50,+9.00,"11,451",3017
112/06/12,"9,409,636","1,941,360,916",208.50,209.50,203.50,205.50,-4.00,"14,240",3017
112/06/13,"24,908,810","5,412,709,042",213.00,223.00,210.00,219.50,+14.00,"17,683",3017
112/06/14,"13,863,692","3,066,682,320",217.00,225.00,215.50,224.00,+4.50,"10,677",3017
112/06/15,"25,278,738","5,902,686,830",225.00,240.00,222.00,237.00,+13.00,"17,449",3017
112/06/16,"28,038,073","6,842,504,038",238.00,252.00,235.00,247.00,+10.00,"20,666",3017
112/06/19,"23,903,690","6,038,936,377",247.00,259.00,243.50,254.50,+7.50,"17,923",3017
112/06/20,"16,216,146","4,097,347,970",253.50,256.50,249.00,252.00,-2.50,"11,795",3017
112/06/21,"13,504,034","3,389,293,561",253.50,254.50,248.00,249.50,-2.50,"8,205",3017
112/06/26,"14,175,631","3,502,434,829",246.00,251.00,240.00,250.00,+0.50,"8,193",3017
112/06/27,"11,921,177","2,862,948,871",246.00,247.00,234.50,235.00,-15.00,"12,886",3017
112/06/28,"9,169,287","2,222,261,896",240.00,245.50,239.00,241.50,+6.50,"8,285",3017
112/06/29,"7,226,523","1,776,518,218",243.50,249.00,241.50,246.50,+5.00,"7,206",3017
112/06/30,"28,345,223","7,439,874,672",246.50,271.00,244.00,271.00,+24.50,"17,637",3017
112/07/03,"29,009,596","8,387,984,158",281.00,296.00,280.00,293.00,+22.00,"23,072",3017
112/07/04,"19,125,980","5,581,369,680",294.00,297.50,284.00,292.00,-1.00,"17,490",3017
112/07/05,"15,675,411","4,438,775,094",292.00,293.50,278.00,280.50,-11.50,"15,493",3017
112/07/06,"13,890,078","3,823,668,998",273.50,281.50,271.00,273.50,-7.00,"11,043",3017
112/07/07,"18,805,348","5,155,021,615",274.50,281.50,267.50,270.00,-3.50,"15,031",3017
112/07/10,"11,497,776","3,161,230,814",270.00,281.50,269.00,273.00,+3.00,"9,110",3017
112/07/11,"14,553,750","4,112,921,900",278.00,286.50,277.50,283.50,+10.50,"11,531",3017
112/07/12,"21,156,598","6,138,504,917",286.00,299.00,284.00,287.50,+4.00,"17,863",3017
112/07/13,"30,721,376","9,222,764,272",298.00,314.50,284.50,288.00,+0.50,"26,450",3017
112/07/14,"18,305,798","5,357,034,313",300.50,303.00,284.00,293.50,+5.50,"19,363",3017
112/07/17,"13,998,203","3,990,305,022",288.50,290.00,281.00,285.00,-8.50,"11,843",3017
112/07/18,"17,645,893","5,121,097,137",289.50,296.50,278.00,293.00,+8.00,"19,713",3017
112/07/19,"10,465,271","3,057,230,128",297.00,298.00,288.00,291.50,-1.50,"12,379",3017
112/07/20,"20,988,539","6,434,853,955",290.50,313.00,290.00,308.50,+17.00,"22,292",3017
112/07/21,"28,450,394","9,251,479,346",304.00,339.00,297.00,339.00,+30.50,"25,879",3017
112/07/24,"24,356,983","8,452,291,842",344.00,358.50,336.00,344.00,+5.00,"19,152",3017
112/07/25,"24,074,666","8,528,053,034",347.00,367.50,340.00,340.50,-3.50,"19,844",3017
112/07/26,"13,697,256","4,726,572,641",340.50,352.00,337.50,343.50,+3.00,"11,072",3017
112/07/27,"21,067,463","7,423,486,371",351.00,361.50,340.00,340.00,-3.50,"16,462",3017
112/07/28,"17,619,014","6,052,322,939",340.00,356.00,329.50,352.00,+12.00,"15,755",3017
112/07/31,"27,210,101","9,338,684,939",357.00,364.00,318.00,322.00,-30.00,"20,998",3017
112/08/01,"16,310,749","5,277,408,748",326.50,331.50,312.00,328.00,+6.00,"19,622",3017
112/08/02,"26,891,545","8,668,292,422",330.00,339.00,305.50,315.50,-12.50,"20,620",3017
112/08/04,"22,440,915","7,395,214,884",318.50,344.50,312.00,338.00,+22.50,"24,837",3017
112/08/07,"27,619,209","9,684,746,899",342.50,360.00,342.50,349.50,+11.50,"22,143",3017
112/08/08,"22,600,965","8,038,426,627",351.50,363.50,348.50,358.00,+8.50,"17,837",3017
112/08/09,"31,882,406","11,492,119,162",355.00,373.50,348.00,349.00,-9.00,"25,147",3017
112/08/10,"20,664,489","6,673,275,587",343.50,346.50,314.50,314.50,-34.50,"18,235",3017
112/08/11,"19,531,681","6,206,300,648",317.00,323.50,310.00,321.00,+6.50,"14,825",3017
112/08/14,"14,243,248","4,550,160,820",315.50,327.00,308.00,319.00,-2.00,"10,630",3017
112/08/15,"14,087,541","4,798,872,262",338.00,345.00,336.00,343.50,+24.50,"11,524",3017
112/08/16,"12,746,807","4,396,531,115",338.00,350.00,336.50,350.00,+6.50,"10,352",3017
112/08/17,"15,346,882","5,454,249,166",345.50,363.00,345.50,363.00,+13.00,"12,790",3017
112/08/18,"15,724,328","5,614,842,086",364.50,369.50,341.00,352.00,-11.00,"13,245",3017
112/08/21,"10,574,444","3,740,627,050",360.00,362.50,345.50,353.50,+1.50,"8,415",3017
112/08/22,"10,648,387","3,826,317,828",362.00,367.50,348.00,350.50,-3.00,"8,488",3017
112/08/23,"8,305,552","2,991,056,993",356.00,366.00,352.50,356.00,+5.50,"7,250",3017
112/08/24,"23,146,660","8,870,257,101",371.00,391.50,367.50,387.00,+31.00,"17,134",3017
112/08/25,"15,270,374","5,481,428,234",362.50,367.00,350.00,354.00,X0.00,"14,589",3017
112/08/28,"8,276,087","2,857,127,329",357.00,359.00,336.50,338.50,-15.50,"8,309",3017
112/08/29,"9,483,160","3,224,802,394",343.50,351.00,332.00,335.00,-3.50,"8,745",3017
112/08/30,"9,772,935","3,339,016,119",346.50,350.50,335.00,335.50,+0.50,"8,570",3017
112/08/31,"13,174,132","4,338,844,694",322.00,338.00,318.00,334.50,-1.00,"11,081",3017
112/09/01,"7,736,491","2,560,224,797",337.50,339.50,325.50,329.00,-5.50,"7,318",3017
112/09/04,"5,624,945","1,847,014,380",332.00,332.00,325.00,328.50,-0.50,"5,018",3017
112/09/05,"5,887,291","1,932,740,827",329.00,332.50,324.00,330.50,+2.00,"6,898",3017
112/09/06,"10,797,135","3,692,341,760",332.00,347.50,331.00,343.50,+13.00,"9,398",3017
112/09/07,"7,964,968","2,704,388,846",345.00,345.00,332.50,342.00,-1.50,"6,878",3017
112/09/08,"9,885,231","3,376,166,233",344.00,349.50,335.00,337.00,-5.00,"8,281",3017
112/09/11,"12,553,530","3,985,317,066",338.00,340.50,304.00,311.50,-25.50,"11,969",3017
112/09/12,"7,960,995","2,447,203,714",308.50,313.50,303.00,306.00,-5.50,"7,456",3017
112/09/13,"10,687,503","3,213,020,286",305.00,308.00,292.00,304.00,-2.00,"10,141",3017
112/09/14,"11,189,543","3,537,837,588",310.00,322.00,307.00,318.00,+14.00,"12,268",3017
112/09/15,"6,072,215","1,930,641,133",317.00,321.00,314.00,320.00,+2.00,"6,444",3017
112/09/18,"12,963,713","3,894,197,799",317.50,317.50,293.00,293.50,-26.50,"13,749",3017
112/09/19,"19,668,069","5,560,265,287",295.00,295.50,276.00,278.00,-15.50,"15,659",3017
112/09/20,"17,087,276","4,846,193,994",277.00,295.00,274.50,281.00,+3.00,"14,059",3017
112/09/21,"12,148,321","3,358,951,601",276.50,281.00,270.00,280.00,-1.00,"11,986",3017
112/09/22,"19,258,881","5,594,804,429",275.50,301.00,272.00,297.50,+17.50,"15,990",3017
112/09/25,"11,634,961","3,478,112,867",297.00,303.00,293.50,297.00,-0.50,"11,379",3017
112/09/26,"23,257,873","7,304,027,912",304.00,321.00,301.00,313.50,+16.50,"20,808",3017
112/09/27,"13,278,137","4,188,343,164",313.50,321.00,308.50,321.00,+7.50,"17,351",3017
112/09/28,"22,897,317","7,646,007,707",323.00,344.00,323.00,341.00,+20.00,"20,609",3017
112/10/02,"18,328,356","6,334,550,750",347.50,351.00,339.00,342.50,+1.50,"14,769",3017
112/10/03,"11,250,444","3,867,827,026",345.50,351.00,338.50,340.00,-2.50,"9,551",3017
112/10/04,"12,171,879","4,106,554,276",333.00,345.00,328.00,345.00,+5.00,"10,774",3017
112/10/05,"11,350,662","3,942,422,482",348.00,352.00,343.50,344.00,-1.00,"10,072",3017
112/10/06,"7,132,849","2,484,013,784",350.00,351.50,345.00,348.50,+4.50,"6,191",3017
112/10/11,"14,017,446","4,836,806,091",364.00,364.00,335.00,336.50,-12.00,"11,664",3017
112/10/12,"10,608,129","3,653,141,648",344.00,351.00,339.00,342.00,+5.50,"8,970",3017
112/10/13,"8,425,882","2,847,993,250",339.50,346.00,332.00,337.00,-5.00,"7,443",3017
112/10/16,"8,893,179","2,921,672,451",333.00,338.50,323.00,325.50,-11.50,"7,928",3017
112/10/17,"8,218,276","2,670,630,095",331.00,333.00,319.00,319.50,-6.00,"7,332",3017
112/10/18,"15,543,116","4,694,636,970",317.50,318.00,292.00,294.00,-25.50,"13,105",3017
112/10/19,"10,557,282","3,120,867,796",290.00,301.50,287.00,299.00,+5.00,"9,470",3017
112/10/20,"12,957,963","3,911,505,068",295.00,312.00,290.50,308.50,+9.50,"11,235",3017
112/10/23,"9,822,073","2,978,468,984",307.00,309.50,297.00,297.00,-11.50,"9,584",3017
112/10/24,"15,414,361","4,791,122,874",303.00,319.50,298.50,318.00,+21.00,"12,948",3017
112/10/25,"11,441,906","3,619,264,507",318.00,321.00,312.00,313.00,-5.00,"16,073",3017
112/10/26,"9,341,284","2,857,041,770",305.00,312.00,301.50,301.50,-11.50,"9,402",3017
112/10/27,"12,433,902","3,733,372,347",303.00,308.00,295.00,296.50,-5.00,"10,505",3017
112/10/30,"6,740,738","2,033,837,151",300.50,306.00,297.50,298.50,+2.00,"5,568",3017
112/10/31,"13,230,899","3,884,044,374",302.00,307.00,282.00,283.50,-15.00,"13,709",3017
112/11/01,"8,075,820","2,300,131,372",286.50,288.50,280.00,285.50,+2.00,"6,763",3017
112/11/02,"9,089,446","2,705,207,132",299.00,301.00,293.00,299.50,+14.00,"7,837",3017
112/11/03,"8,030,747","2,404,636,845",303.00,303.50,296.00,297.00,-2.50,"7,856",3017
112/11/06,"12,470,120","3,855,250,551",304.00,315.00,301.00,315.00,+18.00,"10,229",3017
112/11/07,"6,546,904","2,034,455,092",312.00,314.50,308.00,311.00,-4.00,"8,332",3017
112/11/08,"12,788,406","4,048,706,762",315.00,321.00,312.50,313.00,+2.00,"11,156",3017
112/11/09,"8,806,659","2,795,753,757",315.00,321.00,313.00,316.50,+3.50,"8,588",3017
112/11/10,"8,146,899","2,578,019,935",315.50,322.00,312.00,314.50,-2.00,"8,078",3017
112/11/13,"9,264,195","2,924,465,882",321.00,321.00,309.50,318.50,+4.00,"9,099",3017
112/11/14,"13,542,307","4,417,198,311",322.00,331.00,321.50,325.00,+6.50,"13,117",3017
112/11/15,"17,672,768","5,767,174,388",335.50,339.00,312.00,313.50,-11.50,"20,633",3017
112/11/16,"10,846,286","3,416,257,328",316.50,319.50,309.00,316.00,+2.50,"8,870",3017
112/11/17,"7,143,779","2,273,004,609",317.50,323.00,315.00,318.00,+2.00,"6,132",3017
112/11/20,"12,393,644","4,034,852,296",322.00,332.50,317.00,329.50,+11.50,"10,565",3017
112/11/21,"10,628,302","3,530,056,473",337.00,337.00,327.00,327.00,-2.50,"10,456",3017
112/11/22,"5,944,874","1,939,673,389",325.50,329.00,322.50,327.00, 0.00,"5,235",3017
112/11/23,"12,720,027","4,168,424,791",329.00,337.50,320.00,320.00,-7.00,"10,797",3017
112/11/24,"4,103,892","1,322,369,491",322.50,324.50,319.50,322.50,+2.50,"3,483",3017
112/11/27,"14,129,564","4,324,834,063",322.50,322.50,298.00,298.00,-24.50,"15,334",3017
112/11/28,"7,431,725","2,229,164,243",300.00,302.50,296.00,300.50,+2.50,"7,006",3017
112/11/29,"6,548,717","1,984,649,070",301.00,308.00,300.00,301.00,+0.50,"6,523",3017
112/11/30,"8,239,802","2,496,375,531",302.50,310.00,298.50,308.00,+7.00,"9,645",3017
112/12/01,"5,542,256","1,680,845,066",305.50,306.00,301.50,302.50,-5.50,"5,813",3017
112/12/04,"11,513,565","3,372,159,926",305.50,305.50,287.00,290.50,-12.00,"13,532",3017
112/12/05,"10,565,454","2,997,404,021",288.50,289.00,280.00,286.00,-4.50,"10,716",3017
112/12/06,"10,033,643","2,981,993,191",294.50,301.00,293.00,296.50,+10.50,"9,003",3017
112/12/07,"8,629,639","2,590,154,154",298.00,306.00,291.50,301.50,+5.00,"10,948",3017
112/12/08,"7,175,623","2,194,416,846",308.00,309.00,303.00,304.50,+3.00,"9,649",3017
112/12/11,"8,387,503","2,584,594,000",309.00,313.00,302.50,308.00,+3.50,"9,342",3017
112/12/12,"5,785,211","1,785,667,921",312.00,313.00,305.00,306.50,-1.50,"10,769",3017
112/12/13,"6,369,761","1,934,879,506",308.00,309.50,300.50,300.50,-6.00,"11,662",3017
112/12/14,"8,026,499","2,472,142,986",306.00,311.50,304.50,306.00,+5.50,"7,231",3017
112/12/15,"8,662,103","2,622,992,931",309.50,311.00,298.00,298.00,-8.00,"12,962",3017
112/12/18,"5,034,054","1,506,283,206",298.00,304.00,294.00,299.50,+1.50,"4,939",3017
112/12/19,"4,938,732","1,479,221,355",298.00,302.50,296.00,302.50,+3.00,"4,870",3017
112/12/20,"6,943,668","2,099,480,376",303.00,307.00,298.00,299.50,-3.00,"5,874",3017
112/12/21,"6,307,802","1,875,903,517",297.00,301.50,293.00,301.50,+2.00,"12,672",3017
112/12/22,"9,108,576","2,789,999,370",303.50,309.00,301.50,307.00,+5.50,"7,507",3017
112/12/25,"5,387,672","1,669,502,480",309.50,312.00,307.00,309.50,+2.50,"5,205",3017
112/12/26,"5,933,091","1,827,356,466",312.00,312.00,304.50,311.00,+1.50,"9,159",3017
112/12/27,"14,531,200","4,655,170,773",311.00,329.00,307.00,324.50,+13.50,"15,802",3017
112/12/28,"11,255,519","3,638,141,001",327.50,331.50,318.00,318.00,-6.50,"20,592",3017
112/12/29,"21,641,266","7,182,317,755",321.00,338.00,321.00,336.50,+18.50,"19,245",3017
113/01/02,"10,353,809","3,435,551,513",337.00,338.50,327.00,329.50,-7.00,"20,360",3017
113/01/03,"7,939,502","2,614,370,346",325.00,334.50,324.50,329.00,-0.50,"9,723",3017
113/01/04,"10,213,381","3,291,859,754",331.50,334.00,316.00,319.00,-10.00,"11,391",3017
113/01/05,"5,255,538","1,689,372,711",320.00,324.00,318.50,323.50,+4.50,"4,985",3017
113/01/08,"18,053,420","5,587,111,048",325.00,326.00,300.50,301.50,-22.00,"20,498",3017
113/01/09,"13,398,129","4,185,422,373",310.50,317.00,307.50,315.00,+13.50,"11,739",3017
113/01/10,"16,477,955","5,341,496,589",315.00,329.50,315.00,329.00,+14.00,"14,256",3017
113/01/11,"19,397,967","6,574,919,653",328.50,348.00,324.00,346.50,+17.50,"16,145",3017
113/01/12,"25,955,483","9,113,119,535",346.00,358.00,338.50,350.00,+3.50,"20,398",3017
113/01/15,"16,628,877","5,642,229,286",350.00,351.00,334.00,334.00,-16.00,"16,380",3017
113/01/16,"11,057,161","3,762,619,213",334.00,343.50,331.00,343.00,+9.00,"10,086",3017
113/01/17,"17,875,518","6,237,998,656",345.00,357.00,343.00,343.50,+0.50,"14,744",3017
113/01/18,"15,230,579","5,206,735,098",344.00,354.00,334.00,334.50,-9.00,"13,588",3017
113/01/19,"11,657,582","4,006,338,629",342.00,347.50,338.50,346.00,+11.50,"8,808",3017
113/01/22,"26,832,620","9,943,969,303",355.00,380.50,354.50,380.50,+34.50,"21,200",3017
113/01/23,"18,910,061","7,250,797,342",387.50,389.50,376.00,386.50,+6.00,"15,814",3017
113/01/24,"11,338,787","4,372,704,016",387.00,390.50,379.00,387.50,+1.00,"10,376",3017
113/01/25,"15,589,957","6,087,774,718",391.00,398.00,383.00,389.50,+2.00,"13,651",3017
113/01/26,"7,309,066","2,802,119,979",387.50,387.50,378.00,386.00,-3.50,"7,374",3017
113/01/29,"7,186,464","2,790,394,983",383.50,393.00,382.00,390.50,+4.50,"6,613",3017
113/01/30,"27,982,617","11,768,380,699",400.00,429.50,398.00,429.50,+39.00,"17,627",3017
113/01/31,"16,341,597","6,894,067,327",424.00,428.00,414.00,425.50,-4.00,"15,299",3017
113/02/01,"32,579,595","14,605,014,447",426.50,467.00,425.50,457.50,+32.00,"26,468",3017
113/02/02,"20,746,934","9,893,414,568",467.00,484.00,466.50,478.00,+20.50,"18,473",3017
113/02/05,"17,070,681","8,287,176,478",478.00,498.50,478.00,485.50,+7.50,"15,318",3017
113/02/15,"13,292,708","7,013,520,981",518.00,534.00,514.00,534.00,+48.50,"9,689",3017
113/02/16,"14,032,736","7,273,015,597",544.00,545.00,499.00,510.00,-24.00,"15,067",3017
113/02/19,"13,568,028","6,736,353,412",509.00,520.00,485.00,486.00,-24.00,"16,990",3017
113/02/20,"12,216,718","5,854,142,063",485.00,491.50,468.00,483.00,-3.00,"13,532",3017
113/02/21,"9,880,469","4,828,611,764",479.50,498.00,476.00,495.00,+12.00,"10,433",3017
113/02/22,"13,992,424","7,331,191,778",533.00,535.00,507.00,520.00,+25.00,"14,103",3017
113/02/23,"14,461,689","7,333,275,603",520.00,523.00,497.00,498.50,-21.50,"19,741",3017
113/02/26,"8,161,877","4,048,613,416",498.50,504.00,487.00,500.00,+1.50,"8,585",3017
113/02/27,"14,174,882","7,189,882,970",505.00,519.00,487.00,508.00,+8.00,"14,010",3017
113/02/29,"18,212,133","9,589,011,214",504.00,541.00,500.00,532.00,+24.00,"17,391",3017
113/03/01,"18,450,179","9,999,535,676",539.00,558.00,524.00,539.00,+7.00,"17,812",3017
113/03/04,"12,721,387","7,084,686,386",552.00,564.00,550.00,554.00,+15.00,"12,689",3017
113/03/05,"15,769,902","8,959,590,115",558.00,585.00,543.00,585.00,+31.00,"15,832",3017
113/03/06,"22,361,996","13,726,954,207",583.00,634.00,581.00,630.00,+45.00,"25,477",3017
113/03/07,"25,316,264","15,555,234,842",637.00,659.00,587.00,599.00,-31.00,"25,947",3017
113/03/08,"20,866,723","12,353,020,701",604.00,621.00,572.00,574.00,-25.00,"21,986",3017
113/03/11,"24,091,625","14,410,866,292",567.00,616.00,566.00,585.00,+11.00,"23,267",3017
113/03/12,"28,886,449","18,007,132,744",597.00,643.00,592.00,643.00,+58.00,"26,649",3017
113/03/13,"35,852,997","22,948,068,201",651.00,677.00,607.00,617.00,-26.00,"37,121",3017
113/03/14,"23,185,072","13,028,570,644",582.00,586.00,556.00,556.00,-61.00,"25,823",3017
113/03/15,"29,656,599","17,302,585,914",540.00,605.00,540.00,599.00,+43.00,"26,173",3017
113/03/18,"18,757,453","11,588,636,566",610.00,631.00,604.00,623.00,+24.00,"18,700",3017
113/03/19,"21,021,086","12,477,753,577",609.00,626.00,563.00,569.00,-54.00,"27,595",3017
113/03/20,"20,796,056","11,917,911,429",570.00,588.00,561.00,567.00,-2.00,"20,531",3017
113/03/21,"14,094,594","8,245,547,234",584.00,596.00,574.00,585.00,+18.00,"13,882",3017
113/03/22,"11,141,843","6,559,696,736",594.00,597.00,578.00,589.00,+4.00,"11,788",3017
113/03/25,"8,648,854","5,075,525,101",589.00,596.00,580.00,583.00,-6.00,"9,571",3017
113/03/26,"17,025,904","9,399,522,045",584.00,586.00,533.00,541.00,-42.00,"21,485",3017
113/03/27,"11,385,926","6,117,809,159",541.00,548.00,531.00,534.00,-7.00,"12,035",3017
113/03/28,"14,901,166","7,899,692,634",536.00,545.00,511.00,542.00,+8.00,"15,704",3017
113/03/29,"12,076,304","6,630,807,088",545.00,564.00,536.00,546.00,+4.00,"12,618",3017
113/04/01,"11,645,972","6,494,412,297",554.00,570.00,549.00,554.00,+8.00,"11,814",3017
113/04/02,"15,735,165","8,512,262,928",561.00,563.00,533.00,533.00,-21.00,"18,260",3017
113/04/03,"16,799,108","9,228,687,012",524.00,565.00,523.00,546.00,+13.00,"15,882",3017
113/04/08,"17,914,543","10,331,961,528",548.00,598.00,547.00,570.00,+24.00,"20,195",3017
113/04/09,"13,915,036","8,036,222,077",581.00,593.00,561.00,577.00,+7.00,"14,461",3017
113/04/10,"9,322,346","5,305,946,994",578.00,586.00,555.00,555.00,-22.00,"12,052",3017
113/04/11,"13,052,866","7,562,386,707",558.00,594.00,554.00,584.00,+29.00,"13,904",3017
113/04/12,"20,356,152","12,567,659,678",592.00,636.00,592.00,628.00,+44.00,"24,182",3017
113/04/15,"14,047,327","8,802,236,046",622.00,639.00,611.00,616.00,-12.00,"16,448",3017
113/04/16,"13,231,693","7,985,330,797",606.00,620.00,586.00,606.00,-10.00,"23,437",3017
113/04/17,"16,958,619","10,677,409,764",620.00,643.00,612.00,638.00,+32.00,"20,439",3017
113/04/18,"25,471,272","17,001,605,767",638.00,692.00,630.00,680.00,+42.00,"25,728",3017
113/04/19,"26,907,697","17,267,135,309",666.00,679.00,612.00,630.00,-50.00,"38,472",3017
113/04/22,"19,224,070","11,282,557,204",600.00,611.00,567.00,567.00,-63.00,"23,127",3017
113/04/23,"14,935,899","8,691,858,800",595.00,595.00,567.00,577.00,+10.00,"13,430",3017
113/04/24,"11,802,037","7,401,221,647",610.00,634.00,608.00,634.00,+57.00,"11,126",3017
113/04/25,"22,852,916","14,558,969,156",629.00,656.00,616.00,620.00,-14.00,"22,389",3017
113/04/26,"28,268,052","18,464,469,752",654.00,679.00,629.00,642.00,+22.00,"26,308",3017
113/04/29,"15,425,178","9,817,233,668",663.00,666.00,622.00,626.00,-16.00,"18,880",3017
113/04/30,"18,774,527","12,249,453,059",645.00,662.00,641.00,654.00,+28.00,"17,934",3017
113/05/02,"15,268,676","9,913,196,296",636.00,664.00,624.00,656.00,+2.00,"14,628",3017
113/05/03,"17,067,743","11,270,544,038",670.00,672.00,645.00,662.00,+6.00,"17,843",3017
113/05/06,"19,318,055","13,095,791,013",675.00,698.00,660.00,662.00, 0.00,"19,832",3017
113/05/07,"13,004,842","8,702,770,391",674.00,682.00,655.00,674.00,+12.00,"14,621",3017
113/05/08,"9,478,766","6,339,511,521",674.00,678.00,661.00,663.00,-11.00,"9,916",3017
113/05/09,"15,966,037","10,482,307,502",669.00,676.00,638.00,654.00,-9.00,"16,065",3017
113/05/10,"8,508,864","5,472,084,883",657.00,658.00,637.00,638.00,-16.00,"9,564",3017
113/05/13,"18,889,068","12,167,544,408",650.00,666.00,626.00,626.00,-12.00,"18,021",3017
113/05/14,"10,989,791","6,950,292,202",628.00,646.00,621.00,645.00,+19.00,"11,375",3017
113/05/15,"17,214,134","11,336,977,297",659.00,672.00,643.00,644.00,-1.00,"16,477",3017
113/05/16,"20,039,495","13,287,287,838",656.00,677.00,650.00,651.00,+7.00,"21,834",3017
113/05/17,"10,659,333","7,014,420,432",656.00,667.00,651.00,660.00,+9.00,"14,458",3017
113/05/20,"11,681,234","7,574,142,903",662.00,667.00,637.00,638.00,-22.00,"13,237",3017
113/05/21,"8,075,434","5,211,431,432",641.00,650.00,635.00,650.00,+12.00,"8,051",3017
113/05/22,"8,522,457","5,584,807,786",650.00,662.00,648.00,660.00,+10.00,"7,868",3017
113/05/23,"26,509,941","18,484,904,338",671.00,725.00,665.00,708.00,+48.00,"27,031",3017
113/05/24,"12,370,519","8,689,319,658",703.00,713.00,690.00,706.00,-2.00,"13,380",3017
113/05/27,"14,474,065","10,678,527,201",730.00,752.00,727.00,738.00,+32.00,"16,957",3017
113/05/28,"15,452,120","11,915,399,077",743.00,785.00,743.00,783.00,+45.00,"17,094",3017
113/05/29,"16,367,737","13,183,653,212",789.00,817.00,785.00,811.00,+28.00,"17,921",3017
113/05/30,"13,394,233","10,645,645,652",797.00,811.00,781.00,781.00,-30.00,"18,694",3017
113/05/31,"43,486,215","33,514,461,452",790.00,796.00,755.00,769.00,-12.00,"20,013",3017
113/06/03,"18,522,990","13,986,800,135",775.00,794.00,721.00,736.00,-33.00,"23,859",3017
113/06/04,"12,697,385","9,224,371,760",737.00,748.00,710.00,721.00,-15.00,"16,837",3017
113/06/05,"14,707,031","10,243,145,661",725.00,726.00,677.00,685.00,-36.00,"22,383",3017
113/06/06,"24,963,824","16,682,187,943",699.00,702.00,646.00,660.00,-25.00,"29,001",3017
113/06/07,"24,895,924","15,894,699,083",656.00,665.00,617.00,620.00,-40.00,"32,155",3017
113/06/11,"18,716,056","12,354,933,759",646.00,675.00,643.00,665.00,+45.00,"21,383",3017
113/06/12,"19,448,972","12,899,629,724",662.00,688.00,638.00,688.00,+23.00,"21,247",3017
113/06/13,"18,042,667","12,800,728,099",716.00,721.00,698.00,712.00,+24.00,"19,829",3017
113/06/14,"17,405,424","12,642,592,986",717.00,744.00,707.00,739.00,+27.00,"19,894",3017
113/06/17,"13,707,644","10,071,688,497",750.00,756.00,719.00,723.00,-16.00,"18,794",3017
113/06/18,"10,752,849","7,704,775,312",734.00,737.00,703.00,713.00,-10.00,"14,453",3017
113/06/19,"14,456,481","10,275,592,553",719.00,720.00,701.00,704.00,-9.00,"16,889",3017
113/06/20,"14,033,095","10,287,198,954",707.00,745.00,707.00,740.00,+36.00,"16,834",3017
113/06/21,"15,767,211","11,497,721,871",726.00,742.00,714.00,731.00,-9.00,"14,418",3017
113/06/24,"8,890,841","6,401,860,751",725.00,731.00,711.00,714.00,-17.00,"11,587",3017
113/06/25,"10,997,269","7,651,305,947",707.00,710.00,686.00,701.00,-13.00,"15,097",3017
113/06/26,"13,574,740","9,952,799,251",710.00,749.00,710.00,740.00,+39.00,"15,963",3017
113/06/27,"14,035,976","10,431,465,799",730.00,755.00,730.00,736.00,-4.00,"15,655",3017
113/06/28,"16,873,124","12,849,541,075",756.00,773.00,745.00,765.00,+29.00,"18,622",3017
113/07/01,"15,583,669","11,937,347,985",765.00,786.00,741.00,743.00,-22.00,"25,608",3017
113/07/02,"11,471,651","8,549,117,187",743.00,756.00,730.00,752.00,+9.00,"12,071",3017
113/07/03,"13,049,882","9,867,177,364",757.00,770.00,743.00,745.00,-7.00,"14,855",3017
113/07/04,"8,633,055","6,523,013,594",758.00,768.00,748.00,752.00,+7.00,"9,071",3017
113/07/05,"7,951,054","6,030,438,595",759.00,767.00,748.00,764.00,+12.00,"10,116",3017
113/07/08,"10,919,573","8,181,488,137",773.00,776.00,735.00,745.00,-19.00,"16,928",3017
113/07/09,"10,962,546","7,989,458,389",750.00,754.00,710.00,727.00,-18.00,"15,231",3017
113/07/10,"6,270,580","4,571,260,614",734.00,736.00,723.00,726.00,-1.00,"7,204",3017
113/07/11,"8,484,104","6,089,392,196",733.00,737.00,708.00,714.00,-12.00,"14,858",3017
113/07/12,"7,224,346","5,119,121,588",707.00,721.00,701.00,709.00,-5.00,"11,007",3017
113/07/15,"6,438,853","4,509,684,481",712.00,713.00,694.00,702.00,-7.00,"10,301",3017
113/07/16,"5,781,944","4,027,111,113",704.00,709.00,690.00,691.00,-11.00,"9,476",3017
113/07/17,"6,402,006","4,472,486,188",694.00,710.00,690.00,690.00,-1.00,"8,814",3017
113/07/18,"9,811,674","6,523,730,083",670.00,680.00,653.00,675.00,-15.00,"15,299",3017
113/07/19,"8,237,795","5,646,863,810",676.00,698.00,670.00,687.00,+12.00,"9,851",3017
113/07/22,"14,539,598","9,510,132,069",696.00,697.00,628.00,634.00,-53.00,"20,200",3017
113/07/23,"8,659,947","5,728,860,754",647.00,676.00,643.00,669.00,+35.00,"9,714",3017
113/07/26,"11,013,333","6,846,729,688",623.00,636.00,612.00,613.00,-56.00,"18,954",3017
113/07/29,"12,621,304","7,623,723,892",628.00,628.00,588.00,590.00,-23.00,"16,042",3017
113/07/30,"13,952,089","8,654,784,767",600.00,643.00,593.00,639.00,+49.00,"16,349",3017
113/07/31,"9,467,722","6,092,591,189",631.00,656.00,628.00,636.00,-3.00,"11,679",3017
113/08/01,"7,932,609","5,212,292,300",668.00,668.00,648.00,655.00,+19.00,"8,716",3017
113/08/02,"12,864,948","7,871,029,042",608.00,640.00,592.00,594.00,-61.00,"19,019",3017
113/08/05,"9,196,285","4,943,726,605",536.00,549.00,535.00,535.00,-59.00,"12,372",3017
113/08/06,"15,925,656","8,380,570,137",561.00,561.00,484.00,526.00,-9.00,"15,527",3017
113/08/07,"11,662,628","6,463,541,738",533.00,576.00,528.00,559.00,+33.00,"14,246",3017
113/08/08,"13,326,706","7,127,858,233",541.00,549.00,521.00,530.00,-29.00,"14,809",3017
113/08/09,"10,122,414","5,789,067,765",560.00,582.00,554.00,568.00,+38.00,"10,340",3017
113/08/12,"16,980,984","9,995,177,152",580.00,605.00,573.00,585.00,+17.00,"16,696",3017
113/08/13,"9,714,063","5,735,393,060",602.00,605.00,576.00,587.00,+2.00,"10,404",3017
113/08/14,"8,339,410","5,025,372,412",606.00,617.00,593.00,597.00,+10.00,"10,266",3017
113/08/15,"7,435,359","4,477,834,571",599.00,613.00,593.00,594.00,X0.00,"8,558",3017
113/08/16,"10,542,659","6,577,674,997",614.00,634.00,606.00,626.00,+32.00,"12,746",3017
113/08/19,"7,446,692","4,601,406,388",629.00,629.00,609.00,617.00,-9.00,"10,250",3017
113/08/20,"6,817,021","4,230,475,261",625.00,635.00,611.00,616.00,-1.00,"8,119",3017
113/08/21,"4,713,149","2,872,794,859",605.00,620.00,604.00,606.00,-10.00,"6,344",3017
113/08/22,"3,954,867","2,395,469,215",611.00,614.00,599.00,606.00, 0.00,"5,502",3017
113/08/23,"5,171,682","3,121,548,149",599.00,612.00,594.00,612.00,+6.00,"6,333",3017
113/08/26,"9,086,053","5,646,959,751",620.00,632.00,610.00,610.00,-2.00,"9,857",3017
113/08/27,"6,281,747","3,808,875,633",610.00,614.00,598.00,613.00,+3.00,"8,580",3017
113/08/28,"6,124,327","3,753,278,356",617.00,620.00,603.00,613.00, 0.00,"6,362",3017
113/08/29,"6,377,175","3,814,151,335",600.00,604.00,592.00,598.00,-15.00,"8,649",3017
113/08/30,"6,622,199","3,995,243,283",602.00,606.00,597.00,606.00,+8.00,"5,125",3017
113/09/02,"10,026,720","5,889,265,555",602.00,611.00,568.00,574.00,-32.00,"15,311",3017
113/09/03,"9,081,000","5,268,011,596",575.00,597.00,570.00,570.00,-4.00,"10,501",3017
113/09/04,"12,058,015","6,305,856,353",516.00,542.00,513.00,515.00,-55.00,"21,934",3017
113/09/05,"13,236,060","6,896,421,410",518.00,538.00,507.00,525.00,+10.00,"15,013",3017
113/09/06,"10,304,152","5,331,763,775",527.00,534.00,510.00,511.00,-14.00,"13,051",3017
113/09/09,"13,760,038","7,243,733,490",496.00,549.00,495.50,545.00,+34.00,"14,351",3017
113/09/10,"17,357,772","9,175,892,128",548.00,555.00,505.00,512.00,-33.00,"21,783",3017
113/09/11,"8,034,908","4,192,220,545",521.00,530.00,512.00,521.00,+9.00,"7,887",3017
113/09/12,"12,572,548","6,961,200,558",557.00,563.00,541.00,555.00,+34.00,"14,222",3017
113/09/13,"6,904,913","3,815,635,909",560.00,562.00,546.00,554.00,-1.00,"8,996",3017
113/09/16,"4,386,299","2,397,673,921",555.00,558.00,542.00,544.00,-10.00,"5,685",3017
113/09/18,"6,491,391","3,523,010,122",553.00,554.00,529.00,537.00,-7.00,"7,286",3017
113/09/19,"8,786,554","4,887,663,243",546.00,563.00,545.00,561.00,+24.00,"9,939",3017
113/09/20,"10,272,136","5,792,465,186",576.00,579.00,556.00,558.00,-3.00,"10,311",3017
113/09/23,"8,864,935","5,075,883,463",568.00,584.00,564.00,569.00,+11.00,"9,563",3017
113/09/24,"5,971,306","3,380,079,320",565.00,571.00,559.00,571.00,+2.00,"9,347",3017
113/09/25,"9,940,104","5,795,525,705",578.00,597.00,572.00,581.00,+10.00,"10,977",3017
113/09/26,"23,594,666","14,455,699,713",589.00,633.00,585.00,617.00,+36.00,"25,742",3017
113/09/27,"15,090,320","9,362,269,556",623.00,630.00,611.00,624.00,+7.00,"15,449",3017
113/09/30,"11,149,278","6,722,629,146",619.00,623.00,590.00,590.00,-34.00,"16,044",3017
113/10/01,"8,197,085","4,863,960,856",598.00,606.00,582.00,585.00,-5.00,"10,081",3017
113/10/04,"10,105,054","6,105,758,953",594.00,612.00,592.00,604.00,+19.00,"10,584",3017
113/10/07,"7,101,570","4,348,532,155",617.00,618.00,608.00,611.00,+7.00,"7,788",3017
113/10/08,"6,572,281","4,031,453,478",611.00,622.00,608.00,611.00, 0.00,"7,352",3017
113/10/09,"5,902,050","3,619,905,059",620.00,622.00,605.00,605.00,-6.00,"7,948",3017
113/10/11,"13,756,372","8,657,520,314",615.00,638.00,614.00,629.00,+24.00,"17,819",3017
113/10/14,"13,255,904","8,559,406,515",632.00,658.00,630.00,647.00,+18.00,"21,023",3017
113/10/15,"15,412,738","10,305,742,586",658.00,680.00,654.00,679.00,+32.00,"18,172",3017
113/10/16,"10,274,768","6,891,743,871",666.00,681.00,658.00,676.00,-3.00,"14,613",3017
113/10/17,"8,558,641","5,785,778,903",678.00,683.00,666.00,679.00,+3.00,"9,945",3017
113/10/18,"12,884,187","8,851,424,285",691.00,699.00,676.00,681.00,+2.00,"14,918",3017
113/10/21,"8,323,429","5,702,282,598",681.00,695.00,677.00,677.00,-4.00,"9,542",3017
113/10/22,"4,804,114","3,266,741,205",677.00,687.00,674.00,683.00,+6.00,"6,100",3017
113/10/23,"5,432,962","3,728,433,919",681.00,693.00,676.00,686.00,+3.00,"6,796",3017
113/10/24,"11,019,725","7,312,469,474",688.00,689.00,651.00,656.00,-30.00,"23,249",3017
113/10/25,"5,140,180","3,383,821,790",657.00,664.00,653.00,664.00,+8.00,"5,969",3017
113/10/28,"7,029,020","4,563,062,831",663.00,666.00,640.00,648.00,-16.00,"8,890",3017
113/10/29,"7,342,277","4,621,842,799",641.00,642.00,620.00,626.00,-22.00,"10,717",3017
113/10/30,"8,528,797","5,476,894,418",633.00,653.00,631.00,638.00,+12.00,"9,079",3017
113/11/01,"6,752,112","4,246,064,430",610.00,641.00,608.00,637.00,-1.00,"8,664",3017
113/11/04,"5,074,682","3,254,853,750",637.00,654.00,625.00,654.00,+17.00,"5,950",3017
113/11/05,"4,719,313","3,083,550,864",649.00,659.00,646.00,656.00,+2.00,"5,812",3017
113/11/06,"8,446,571","5,676,851,557",666.00,680.00,659.00,674.00,+18.00,"9,803",3017
113/11/07,"6,013,520","4,066,949,935",674.00,683.00,671.00,675.00,+1.00,"6,351",3017
113/11/08,"8,898,073","6,122,298,631",686.00,694.00,682.00,687.00,+12.00,"10,523",3017
113/11/11,"3,177,423","2,175,403,561",687.00,691.00,679.00,687.00, 0.00,"4,290",3017
113/11/12,"4,994,339","3,345,091,557",680.00,684.00,661.00,661.00,-26.00,"10,124",3017
113/11/13,"5,166,270","3,435,694,194",661.00,674.00,656.00,661.00, 0.00,"6,984",3017
113/11/14,"10,804,194","7,359,676,864",680.00,694.00,670.00,685.00,+24.00,"12,409",3017
113/11/15,"15,673,137","10,403,714,355",693.00,698.00,644.00,648.00,-37.00,"20,378",3017
113/11/18,"6,234,714","4,021,635,385",650.00,659.00,636.00,638.00,-10.00,"7,812",3017
113/11/19,"7,558,736","4,911,953,727",645.00,662.00,638.00,648.00,+10.00,"7,863",3017
113/11/20,"8,351,821","5,571,865,553",659.00,675.00,659.00,666.00,+18.00,"9,130",3017
113/11/21,"7,323,694","4,815,182,219",659.00,673.00,648.00,650.00,-16.00,"13,165",3017
113/11/22,"4,742,900","3,114,484,883",661.00,664.00,651.00,652.00,+2.00,"5,525",3017
113/11/25,"5,538,693","3,685,050,279",657.00,670.00,656.00,669.00,+17.00,"5,586",3017
113/11/26,"5,923,796","3,857,105,241",660.00,664.00,646.00,649.00,-20.00,"8,415",3017
113/11/27,"5,368,528","3,445,403,611",650.00,658.00,630.00,630.00,-19.00,"8,391",3017
113/11/28,"5,175,118","3,267,856,998",631.00,640.00,621.00,640.00,+10.00,"6,730",3017
113/11/29,"3,597,478","2,302,101,703",632.00,646.00,630.00,643.00,+3.00,"4,718",3017
113/12/02,"12,958,124","8,728,133,520",648.00,684.00,647.00,678.00,+35.00,"15,379",3017
113/12/03,"15,290,442","10,719,850,937",692.00,718.00,684.00,697.00,+19.00,"18,903",3017
113/12/04,"8,590,761","6,070,544,986",705.00,714.00,696.00,714.00,+17.00,"11,809",3017
113/12/05,"6,117,937","4,391,984,849",722.00,726.00,711.00,715.00,+1.00,"7,754",3017
113/12/06,"5,307,157","3,789,704,256",715.00,721.00,708.00,711.00,-4.00,"7,005",3017
113/12/09,"7,494,660","5,262,190,471",710.00,712.00,693.00,708.00,-3.00,"10,051",3017
113/12/10,"7,558,764","5,201,131,171",702.00,703.00,682.00,682.00,-26.00,"13,477",3017
113/12/11,"7,540,380","5,239,143,098",676.00,703.00,676.00,700.00,+18.00,"8,476",3017
113/12/12,"6,723,450","4,715,636,721",709.00,716.00,691.00,693.00,-7.00,"8,319",3017
113/12/13,"3,091,220","2,131,469,126",693.00,699.00,683.00,686.00,-7.00,"4,781",3017
113/12/16,"12,387,010","8,090,375,934",690.00,695.00,637.00,637.00,-49.00,"27,015",3017
113/12/17,"5,933,039","3,845,055,653",639.00,655.00,639.00,651.00,+14.00,"7,291",3017
113/12/18,"11,170,566","6,998,269,501",645.00,647.00,616.00,630.00,-21.00,"18,072",3017
113/12/19,"5,896,201","3,703,958,446",613.00,636.00,613.00,633.00,+3.00,"6,769",3017
113/12/20,"9,296,739","5,861,388,619",629.00,640.00,621.00,634.00,+1.00,"8,893",3017
113/12/23,"5,264,830","3,377,713,838",644.00,650.00,635.00,636.00,+2.00,"6,876",3017
113/12/24,"3,976,698","2,534,111,774",644.00,645.00,633.00,634.00,-2.00,"5,499",3017
113/12/25,"2,390,222","1,526,127,794",638.00,643.00,635.00,636.00,+2.00,"3,215",3017
113/12/26,"4,014,343","2,582,464,862",639.00,651.00,632.00,642.00,+6.00,"5,386",3017
113/12/27,"3,157,986","2,012,543,433",645.00,645.00,633.00,636.00,-6.00,"4,375",3017
113/12/30,"3,368,938","2,132,190,378",634.00,643.00,627.00,627.00,-9.00,"5,231",3017
113/12/31,"2,860,038","1,786,633,032",628.00,632.00,622.00,623.00,-4.00,"4,342",3017
