日期,成交股數,成交金額,開盤價,最高價,最低價,收盤價,漲跌價差,成交筆數,股票代號
 99/01/04,"13,571,560","619,672,074",46.80,46.80,45.20,45.35,-1.05,"3,827",3037
 99/01/05,"12,630,136","563,856,560",45.35,45.70,44.00,44.80,-0.55,"4,116",3037
 99/01/06,"9,712,841","432,343,861",44.10,45.00,44.10,44.60,-0.20,"3,409",3037
 99/01/07,"14,704,785","654,549,232",44.50,45.30,43.60,43.90,-0.70,"3,989",3037
 99/01/08,"16,684,846","723,269,616",44.00,44.35,42.70,43.85,-0.05,"5,168",3037
 99/01/11,"8,183,971","359,320,015",43.85,44.20,43.70,43.90,+0.05,"2,914",3037
 99/01/12,"5,537,526","241,536,027",43.90,44.10,43.30,43.70,-0.20,"2,467",3037
 99/01/13,"20,654,268","886,452,110",43.05,43.20,42.60,42.80,-0.90,"7,011",3037
 99/01/14,"14,816,924","639,254,632",43.00,43.50,42.80,43.20,+0.40,"4,498",3037
 99/01/15,"11,191,122","482,349,263",43.30,43.70,42.85,42.90,-0.30,"4,088",3037
 99/01/18,"6,504,855","279,793,476",42.70,43.40,42.60,42.90, 0.00,"2,351",3037
 99/01/19,"32,170,852","1,433,389,010",43.80,45.30,43.80,44.50,+1.60,"10,547",3037
 99/01/20,"19,032,354","840,573,572",45.00,45.30,43.50,43.50,-1.00,"6,536",3037
 99/01/21,"11,376,662","485,920,313",43.05,43.50,42.20,42.50,-1.00,"4,560",3037
 99/01/22,"14,093,814","579,816,943",41.60,41.95,40.50,40.55,-1.95,"4,918",3037
 99/01/25,"8,150,018","329,710,898",39.70,41.35,39.70,40.30,-0.25,"3,480",3037
 99/01/26,"13,834,915","550,141,274",40.60,40.95,39.00,39.35,-0.95,"4,502",3037
 99/01/27,"7,600,959","298,926,001",39.60,40.00,38.60,39.00,-0.35,"2,577",3037
 99/01/28,"8,791,578","348,412,686",39.30,40.30,39.15,39.60,+0.60,"3,348",3037
 99/01/29,"5,317,265","207,406,026",39.00,39.40,38.55,39.05,-0.55,"2,343",3037
 99/02/01,"26,489,909","979,138,033",38.80,39.20,36.40,36.40,-2.65,"8,014",3037
 99/02/02,"16,383,620","597,248,822",37.00,37.20,35.50,35.90,-0.50,"5,042",3037
 99/02/03,"11,448,607","413,886,155",36.50,36.60,35.85,36.10,+0.20,"3,928",3037
 99/02/04,"13,696,392","499,110,057",36.50,37.10,35.80,36.60,+0.50,"4,527",3037
 99/02/05,"17,246,459","590,994,174",35.40,35.40,34.05,34.05,-2.55,"4,618",3037
 99/02/06,"16,018,159","527,351,237",34.05,34.20,31.80,33.00,-1.05,"4,295",3037
 99/02/08,"15,453,772","527,439,469",33.00,34.80,32.95,34.20,+1.20,"5,340",3037
 99/02/09,"24,841,847","888,354,862",34.90,36.55,34.40,36.30,+2.10,"7,123",3037
 99/02/10,"17,782,329","650,697,702",36.55,37.35,36.20,36.30, 0.00,"6,381",3037
 99/02/22,"8,114,750","301,194,705",37.55,37.60,36.90,36.90,+0.60,"3,057",3037
 99/02/23,"15,245,349","564,874,365",36.55,37.40,36.55,37.20,+0.30,"3,909",3037
 99/02/24,"19,613,314","720,131,921",37.00,37.10,36.40,36.70,-0.50,"4,051",3037
 99/02/25,"9,741,716","353,673,826",37.20,37.20,35.50,35.70,-1.00,"3,458",3037
 99/02/26,"6,602,172","236,375,990",36.30,36.50,35.25,35.85,+0.15,"3,459",3037
 99/03/01,"11,448,989","416,314,032",36.00,36.85,35.85,36.40,+0.55,"3,431",3037
 99/03/02,"18,555,232","695,127,174",36.50,38.10,36.50,37.35,+0.95,"6,304",3037
 99/03/03,"8,493,072","315,855,057",37.90,37.90,36.85,37.10,-0.25,"3,052",3037
 99/03/04,"10,645,235","397,818,518",37.20,38.00,36.95,36.95,-0.15,"3,127",3037
 99/03/05,"21,221,837","819,932,801",37.90,39.00,37.90,38.75,+1.80,"6,697",3037
 99/03/08,"11,122,287","438,094,547",39.30,39.80,39.00,39.00,+0.25,"3,645",3037
 99/03/09,"11,217,760","443,145,469",39.40,39.85,38.85,39.50,+0.50,"3,709",3037
 99/03/10,"14,181,712","563,737,422",39.80,40.20,39.20,39.75,+0.25,"4,259",3037
 99/03/11,"8,501,227","333,797,271",39.75,39.95,38.70,38.75,-1.00,"3,097",3037
 99/03/12,"7,320,448","288,110,215",39.55,39.70,39.05,39.05,+0.30,"2,914",3037
 99/03/15,"7,063,607","270,234,316",39.00,39.20,37.70,37.75,-1.30,"2,673",3037
 99/03/16,"5,897,031","224,650,415",37.65,38.30,37.65,38.15,+0.40,"1,933",3037
 99/03/17,"15,331,969","605,028,701",38.80,40.20,38.50,40.20,+2.05,"5,526",3037
 99/03/18,"13,866,814","558,366,760",40.15,40.75,39.85,40.20, 0.00,"4,429",3037
 99/03/19,"8,405,547","338,469,278",40.30,40.75,39.85,40.55,+0.35,"3,465",3037
 99/03/22,"4,537,225","181,585,762",40.45,40.55,39.80,39.85,-0.70,"1,796",3037
 99/03/23,"13,247,679","535,250,710",40.20,41.10,39.90,40.20,+0.35,"4,325",3037
 99/03/24,"7,240,412","294,225,030",40.70,40.95,40.00,40.00,-0.20,"2,599",3037
 99/03/25,"6,680,276","267,014,940",40.20,40.30,39.60,40.00, 0.00,"2,482",3037
 99/03/26,"8,638,121","345,293,011",40.00,40.45,39.55,39.70,-0.30,"3,540",3037
 99/03/29,"9,575,219","390,078,379",40.00,41.20,39.95,41.20,+1.50,"4,133",3037
 99/03/30,"8,785,608","363,800,466",41.50,41.85,40.80,41.15,-0.05,"2,774",3037
 99/03/31,"4,738,147","194,462,960",41.15,41.40,40.60,40.75,-0.40,"1,734",3037
 99/04/01,"7,179,746","295,664,277",40.80,41.45,40.65,41.40,+0.65,"3,283",3037
 99/04/02,"4,302,032","176,996,627",41.50,41.50,40.90,41.00,-0.40,"1,482",3037
 99/04/06,"9,810,919","409,844,311",41.50,42.05,41.30,41.60,+0.60,"3,369",3037
 99/04/07,"10,683,924","442,795,596",41.80,42.20,40.60,40.60,-1.00,"3,306",3037
 99/04/08,"13,246,006","532,141,814",40.60,41.00,39.60,40.00,-0.60,"3,819",3037
 99/04/09,"12,841,578","522,536,148",40.00,41.30,40.00,41.15,+1.15,"3,612",3037
 99/04/12,"6,270,259","255,297,532",41.50,41.65,40.30,40.60,-0.55,"2,154",3037
 99/04/13,"10,583,894","429,391,742",40.60,41.15,40.00,40.95,+0.35,"2,787",3037
 99/04/14,"8,269,549","340,409,478",41.50,41.50,40.95,41.30,+0.35,"2,260",3037
 99/04/15,"12,657,655","520,738,154",41.70,41.75,40.80,41.50,+0.20,"3,243",3037
 99/04/16,"7,715,335","315,404,272",41.30,41.40,40.60,40.75,-0.75,"2,256",3037
 99/04/19,"13,300,118","540,282,419",40.10,41.20,40.00,40.00,-0.75,"4,064",3037
 99/04/20,"17,918,311","744,256,324",40.75,42.10,40.75,42.00,+2.00,"5,899",3037
 99/04/21,"32,817,079","1,436,767,991",43.25,44.80,43.05,43.25,+1.25,"8,954",3037
 99/04/22,"37,453,359","1,661,056,971",43.70,44.80,43.50,44.65,+1.40,"11,944",3037
 99/04/23,"38,366,034","1,724,189,526",45.00,45.35,44.20,45.15,+0.50,"10,312",3037
 99/04/26,"32,633,088","1,508,362,013",45.80,47.00,45.55,46.30,+1.15,"9,991",3037
 99/04/27,"17,522,432","800,228,873",46.80,46.80,45.30,45.50,-0.80,"4,520",3037
 99/04/28,"19,724,962","896,159,626",44.00,46.20,44.00,45.90,+0.40,"5,718",3037
 99/04/29,"48,815,323","2,343,914,330",46.70,49.00,46.70,47.55,+1.65,"13,421",3037
 99/04/30,"21,014,157","999,827,862",48.40,48.55,46.80,47.55, 0.00,"7,370",3037
 99/05/03,"11,169,457","523,351,028",47.55,47.75,46.25,46.85,-0.70,"3,603",3037
 99/05/04,"13,266,452","621,549,399",47.00,47.40,46.15,46.80,-0.05,"4,007",3037
 99/05/05,"21,538,457","959,945,077",45.40,45.45,43.85,44.35,-2.45,"6,689",3037
 99/05/06,"16,904,883","747,924,726",44.00,45.50,43.35,43.60,-0.75,"5,955",3037
 99/05/07,"19,626,065","837,402,867",41.50,43.75,41.50,43.75,+0.15,"5,529",3037
 99/05/10,"15,902,837","723,950,455",44.40,46.40,44.10,46.10,+2.35,"5,562",3037
 99/05/11,"24,800,241","1,160,000,546",46.80,47.70,45.65,45.65,-0.45,"7,426",3037
 99/05/12,"22,934,799","1,034,684,991",45.85,46.40,43.90,44.20,-1.45,"7,913",3037
 99/05/13,"18,519,501","821,682,762",45.10,45.10,43.55,44.30,+0.10,"6,934",3037
 99/05/14,"16,532,944","744,699,864",43.80,45.55,43.80,45.45,+1.15,"5,396",3037
 99/05/17,"14,741,886","659,838,106",45.00,45.25,44.20,44.65,-0.80,"5,047",3037
 99/05/18,"30,436,715","1,416,362,327",45.70,47.60,45.00,47.10,+2.45,"11,112",3037
 99/05/19,"38,152,444","1,813,248,541",47.00,48.20,46.70,47.50,+0.40,"12,936",3037
 99/05/20,"42,461,125","2,051,400,695",47.80,48.80,47.70,47.90,+0.40,"14,045",3037
 99/05/21,"35,717,649","1,626,025,580",46.10,46.80,44.55,44.55,-3.35,"10,491",3037
 99/05/24,"19,551,046","875,986,132",44.20,45.35,43.95,44.95,+0.40,"7,981",3037
 99/05/25,"19,042,057","823,156,161",44.00,44.45,42.50,42.75,-2.20,"7,198",3037
 99/05/26,"13,297,275","586,658,773",43.30,44.90,43.30,44.35,+1.60,"5,735",3037
 99/05/27,"14,241,928","641,810,716",44.35,45.50,44.30,45.30,+0.95,"5,465",3037
 99/05/28,"9,716,567","445,163,062",45.75,46.50,45.10,45.30, 0.00,"3,712",3037
 99/05/31,"18,526,244","872,249,308",46.00,47.85,45.65,47.70,+2.40,"7,073",3037
 99/06/01,"21,931,319","1,042,210,511",47.05,48.25,46.95,47.00,-0.70,"7,329",3037
 99/06/02,"15,500,370","735,862,440",47.50,48.30,46.80,47.05,+0.05,"6,002",3037
 99/06/03,"23,544,573","1,135,978,972",48.25,48.80,47.75,48.50,+1.45,"8,769",3037
 99/06/04,"18,863,344","911,626,772",48.60,49.20,47.50,47.60,-0.90,"6,629",3037
 99/06/07,"19,561,134","890,731,530",46.00,46.20,44.90,45.50,-2.10,"6,897",3037
 99/06/08,"22,762,107","1,018,140,976",45.50,45.90,44.05,44.25,-1.25,"7,309",3037
 99/06/09,"13,241,362","587,144,328",44.50,45.30,43.60,43.80,-0.45,"5,225",3037
 99/06/10,"12,869,122","577,674,300",44.60,45.60,43.95,45.20,+1.40,"4,836",3037
 99/06/11,"13,556,228","625,350,661",46.20,46.45,45.70,46.25,+1.05,"4,857",3037
 99/06/14,"6,663,385","310,753,339",47.00,47.00,46.25,46.75,+0.50,"2,622",3037
 99/06/15,"14,033,808","661,565,082",47.00,47.55,46.80,47.10,+0.35,"4,597",3037
 99/06/17,"13,172,757","629,192,819",48.00,48.20,47.15,47.50,+0.40,"5,065",3037
 99/06/18,"11,096,051","527,070,956",48.15,48.30,46.80,46.80,-0.70,"3,970",3037
 99/06/21,"32,471,177","1,595,614,699",48.00,50.00,48.00,50.00,+3.20,"10,862",3037
 99/06/22,"18,137,291","907,052,083",50.00,50.80,49.45,49.50,-0.50,"6,150",3037
 99/06/23,"13,117,568","652,509,925",49.40,50.40,49.30,49.60,+0.10,"5,615",3037
 99/06/24,"9,802,539","487,932,400",50.00,50.30,49.25,49.50,-0.10,"3,677",3037
 99/06/25,"14,351,032","693,098,960",49.30,49.30,47.60,47.80,-1.70,"4,577",3037
 99/06/28,"6,828,715","328,613,061",48.40,48.55,47.70,47.80, 0.00,"2,571",3037
 99/06/29,"21,754,020","1,064,885,410",48.80,49.50,48.00,48.00,+0.20,"7,326",3037
 99/06/30,"19,992,567","942,609,161",46.80,47.85,46.40,47.40,-0.60,"6,671",3037
 99/07/01,"18,148,127","844,033,881",47.10,47.40,45.90,46.05,-1.35,"5,428",3037
 99/07/02,"11,652,482","550,442,580",46.50,47.65,46.40,47.55,+1.50,"4,519",3037
 99/07/05,"8,537,808","403,442,773",47.55,47.55,46.60,47.50,-0.05,"3,155",3037
 99/07/06,"17,741,479","868,972,284",46.95,49.85,46.90,49.40,+1.90,"6,288",3037
 99/07/07,"9,722,937","476,100,182",49.40,49.40,48.40,48.60,-0.80,"3,895",3037
 99/07/08,"23,923,709","1,192,945,795",49.40,50.50,49.20,49.80,+1.20,"8,282",3037
 99/07/09,"16,461,300","825,003,464",50.40,50.80,49.35,49.35,-0.45,"5,399",3037
 99/07/12,"9,953,846","498,422,550",49.60,50.40,49.25,50.00,+0.65,"4,662",3037
 99/07/13,"15,522,836","784,286,998",50.50,51.50,49.90,50.00, 0.00,"4,902",3037
 99/07/14,"19,784,964","1,018,644,937",51.00,51.90,50.90,51.70,+1.70,"7,276",3037
 99/07/15,"16,792,203","872,549,097",51.60,52.50,51.30,52.00,+0.30,"6,983",3037
 99/07/16,"19,349,945","1,011,955,319",51.70,53.30,51.20,51.50,-0.50,"5,858",3037
 99/07/19,"8,416,223","429,091,324",51.00,51.50,50.40,51.40,-0.10,"2,771",3037
 99/07/20,"34,253,308","1,856,697,963",51.80,54.90,51.60,54.90,+3.50,"9,279",3037
 99/07/21,"17,158,330","937,383,149",54.90,55.30,53.90,54.00,-0.90,"5,770",3037
 99/07/22,"10,043,758","546,883,632",54.00,55.20,54.00,54.00, 0.00,"4,184",3037
 99/07/23,"21,171,892","1,183,433,421",54.50,56.90,54.50,56.20,+2.20,"7,635",3037
 99/07/26,"11,936,562","669,917,290",56.50,56.90,55.70,56.00,-0.20,"4,058",3037
 99/07/27,"9,982,787","551,973,163",56.10,56.20,54.70,55.20,-0.80,"3,290",3037
 99/07/28,"13,854,301","761,270,255",55.30,55.50,54.10,55.50,+0.30,"4,650",3037
 99/07/29,"25,719,928","1,386,028,222",55.50,56.20,52.70,53.90,-1.60,"7,087",3037
 99/07/30,"12,760,259","677,294,242",53.90,53.90,52.10,53.30,-0.60,"4,974",3037
 99/08/02,"19,793,625","1,097,940,746",53.50,56.50,53.50,56.50,+3.20,"6,820",3037
 99/08/03,"16,897,308","931,705,740",55.50,56.10,54.20,56.10,X0.00,"5,295",3037
 99/08/04,"8,385,975","460,202,210",55.20,56.00,54.40,54.70,-1.40,"3,231",3037
 99/08/05,"10,239,176","561,953,871",55.60,55.60,54.30,54.90,+0.20,"3,694",3037
 99/08/06,"5,704,409","311,669,396",55.00,55.40,54.20,54.70,-0.20,"2,371",3037
 99/08/09,"5,487,010","302,004,214",54.70,55.70,54.30,54.30,-0.40,"2,535",3037
 99/08/10,"11,805,178","625,438,298",54.50,54.80,52.20,52.50,-1.80,"4,630",3037
 99/08/11,"14,708,781","751,120,851",51.70,52.20,50.20,51.20,-1.30,"5,684",3037
 99/08/12,"10,091,614","515,978,401",50.70,51.90,50.60,50.70,-0.50,"3,887",3037
 99/08/13,"11,380,855","589,120,895",51.30,52.60,51.00,52.30,+1.60,"4,528",3037
 99/08/16,"9,569,880","494,232,324",52.00,52.30,51.00,52.30, 0.00,"4,302",3037
 99/08/17,"13,682,205","725,777,203",52.30,53.60,52.00,53.20,+0.90,"5,843",3037
 99/08/18,"21,226,170","1,165,981,299",54.30,56.00,53.80,55.50,+2.30,"7,621",3037
 99/08/19,"9,906,879","547,647,749",55.50,55.90,54.60,55.10,-0.40,"4,173",3037
 99/08/20,"3,995,805","218,265,919",55.00,55.00,54.30,54.50,-0.60,"1,735",3037
 99/08/23,"7,469,411","402,561,430",54.10,54.50,53.30,54.10,-0.40,"3,104",3037
 99/08/24,"11,503,742","613,933,592",53.90,54.50,52.20,53.80,-0.30,"3,886",3037
 99/08/25,"10,957,846","571,811,929",53.10,53.40,51.50,51.60,-2.20,"4,624",3037
 99/08/26,"11,446,691","585,643,374",51.50,52.20,50.40,50.80,-0.80,"4,646",3037
 99/08/27,"6,784,610","351,655,437",50.80,52.60,50.80,52.40,+1.60,"3,627",3037
 99/08/30,"8,127,629","423,300,684",53.20,53.20,51.40,51.40,-1.00,"2,959",3037
 99/08/31,"6,831,765","348,803,842",50.80,51.70,50.60,50.70,-0.70,"3,162",3037
 99/09/01,"8,252,182","425,709,969",52.20,52.20,51.00,51.60,+0.90,"3,482",3037
 99/09/02,"14,427,455","770,648,714",52.90,54.30,52.60,53.70,+2.10,"5,612",3037
 99/09/03,"11,483,454","620,280,598",54.60,54.70,53.60,53.90,+0.20,"3,826",3037
 99/09/06,"13,496,171","734,802,186",54.10,55.20,53.40,54.70,+0.80,"5,209",3037
 99/09/07,"14,499,458","799,659,040",55.00,55.80,54.40,54.40,-0.30,"4,746",3037
 99/09/08,"12,332,577","665,611,624",53.10,54.80,53.00,54.80,+0.40,"3,741",3037
 99/09/09,"9,235,106","499,262,069",55.10,55.10,53.60,53.80,-1.00,"3,431",3037
 99/09/10,"12,202,667","671,880,903",54.80,55.60,54.30,55.10,+1.30,"3,744",3037
 99/09/13,"9,046,573","501,267,672",55.30,55.70,54.90,55.50,+0.40,"2,975",3037
 99/09/14,"10,574,332","588,714,795",55.60,55.80,55.30,55.80,+0.30,"2,319",3037
 99/09/15,"8,580,896","475,989,880",55.80,55.90,55.10,55.50,-0.30,"2,291",3037
 99/09/16,"5,851,410","323,019,601",55.50,56.10,54.50,54.50,-1.00,"2,252",3037
 99/09/17,"7,253,764","399,939,068",55.00,55.80,54.50,54.90,+0.40,"2,236",3037
 99/09/20,"6,941,106","386,547,157",54.90,56.20,54.90,55.80,+0.90,"2,102",3037
 99/09/21,"8,220,446","453,075,335",56.20,56.20,54.40,54.80,-1.00,"2,496",3037
 99/09/23,"6,043,174","331,246,500",55.00,55.60,54.10,54.90,+0.10,"2,291",3037
 99/09/24,"12,707,322","682,187,165",54.90,54.90,53.10,53.50,-1.40,"4,039",3037
 99/09/27,"10,846,140","586,440,860",53.70,54.60,53.10,54.20,+0.70,"3,286",3037
 99/09/28,"4,562,500","248,836,631",53.60,55.00,53.60,54.70,+0.50,"2,315",3037
 99/09/29,"10,026,408","553,391,978",54.70,55.60,54.70,55.50,+0.80,"3,011",3037
 99/09/30,"6,016,777","331,267,530",55.30,55.40,54.50,54.80,-0.70,"2,675",3037
 99/10/01,"15,670,245","842,679,985",55.00,55.40,53.00,53.00,-1.80,"5,574",3037
 99/10/04,"14,067,504","733,654,020",53.10,53.60,51.20,51.70,-1.30,"5,794",3037
 99/10/05,"10,452,317","534,374,599",51.70,51.70,50.80,51.20,-0.50,"3,525",3037
 99/10/06,"10,459,040","537,649,439",51.90,52.20,50.90,51.50,+0.30,"4,661",3037
 99/10/07,"12,544,908","637,638,142",51.20,51.60,50.40,50.70,-0.80,"4,315",3037
 99/10/08,"6,448,550","326,852,225",50.90,51.20,50.20,50.70, 0.00,"3,192",3037
 99/10/11,"8,075,566","416,012,519",51.00,52.00,50.80,51.20,+0.50,"3,209",3037
 99/10/12,"8,934,127","455,957,644",51.80,51.80,50.40,50.90,-0.30,"5,194",3037
 99/10/13,"7,899,418","406,957,134",51.50,51.70,51.10,51.10,+0.20,"2,706",3037
 99/10/14,"32,941,515","1,635,223,878",51.50,51.80,48.00,48.10,-3.00,"11,381",3037
 99/10/15,"53,839,030","2,486,460,408",47.50,47.50,45.00,46.60,-1.50,"17,479",3037
 99/10/18,"12,489,759","576,814,707",47.00,47.00,45.65,46.05,-0.55,"5,199",3037
 99/10/19,"14,869,060","692,618,206",46.00,47.20,45.80,46.50,+0.45,"5,423",3037
 99/10/20,"25,601,364","1,230,511,106",46.50,49.15,46.50,48.85,+2.35,"10,502",3037
 99/10/21,"18,363,541","897,795,440",48.80,49.20,48.25,48.90,+0.05,"7,815",3037
 99/10/22,"12,990,119","634,909,942",49.20,49.30,48.20,48.20,-0.70,"4,303",3037
 99/10/25,"9,415,661","453,865,138",48.05,48.55,47.80,48.20, 0.00,"3,101",3037
 99/10/26,"13,713,556","666,297,060",49.00,49.00,48.40,48.55,+0.35,"3,648",3037
 99/10/27,"8,841,288","426,260,581",48.80,48.95,47.85,47.90,-0.65,"3,553",3037
 99/10/28,"26,660,229","1,339,716,167",48.60,51.20,48.20,51.20,+3.30,"10,559",3037
 99/10/29,"15,571,363","804,892,470",51.20,52.20,51.00,52.10,+0.90,"6,211",3037
 99/11/01,"14,456,914","752,200,163",52.30,52.50,51.40,52.50,+0.40,"5,671",3037
 99/11/02,"17,081,670","904,810,210",52.80,53.70,52.30,53.10,+0.60,"5,855",3037
 99/11/03,"16,367,676","868,470,752",53.70,54.30,52.20,52.20,-0.90,"5,828",3037
 99/11/04,"9,932,348","523,616,104",52.00,53.30,52.00,52.60,+0.40,"3,302",3037
 99/11/05,"9,646,496","511,081,088",53.60,53.60,52.30,53.30,+0.70,"3,227",3037
 99/11/08,"8,171,564","425,791,428",53.50,53.60,51.50,52.10,-1.20,"2,611",3037
 99/11/09,"10,092,143","526,280,890",52.50,52.80,51.70,52.00,-0.10,"2,939",3037
 99/11/10,"10,288,250","531,371,496",52.00,52.10,51.00,52.00, 0.00,"3,249",3037
 99/11/11,"17,360,395","925,168,703",52.50,53.90,52.30,53.70,+1.70,"6,471",3037
 99/11/12,"7,279,630","384,169,181",53.50,53.50,52.20,52.20,-1.50,"2,473",3037
 99/11/15,"5,896,551","309,539,742",51.80,52.90,51.70,52.20, 0.00,"2,507",3037
 99/11/16,"7,723,066","401,938,101",52.20,52.40,51.80,51.80,-0.40,"2,982",3037
 99/11/17,"7,082,331","367,331,428",51.40,52.30,51.40,51.80, 0.00,"2,285",3037
 99/11/18,"7,601,511","397,597,983",52.00,53.10,51.70,53.10,+1.30,"2,767",3037
 99/11/19,"12,109,010","652,263,598",53.60,54.30,53.30,53.40,+0.30,"4,020",3037
 99/11/22,"7,466,319","402,584,946",53.50,54.30,53.20,53.20,-0.20,"2,456",3037
 99/11/23,"6,196,626","332,524,914",54.00,54.10,53.10,53.10,-0.10,"2,785",3037
 99/11/24,"14,516,724","756,320,348",52.40,52.70,51.50,52.00,-1.10,"3,296",3037
 99/11/25,"9,560,874","498,880,548",52.00,52.80,51.70,51.80,-0.20,"2,995",3037
 99/11/26,"10,454,234","552,690,094",52.00,53.50,52.00,52.80,+1.00,"3,877",3037
 99/11/29,"10,422,412","560,605,578",53.80,54.10,52.80,53.50,+0.70,"3,058",3037
 99/11/30,"29,914,733","1,665,833,841",54.30,56.50,54.00,55.60,+2.10,"8,798",3037
 99/12/01,"21,191,933","1,197,060,376",56.30,57.00,55.60,57.00,+1.40,"7,574",3037
 99/12/02,"30,345,999","1,763,175,820",57.30,59.00,57.30,58.00,+1.00,"9,295",3037
 99/12/03,"16,692,787","949,728,770",58.00,58.00,56.30,57.00,-1.00,"4,764",3037
 99/12/06,"6,175,711","353,430,527",57.00,57.60,56.40,57.50,+0.50,"2,402",3037
 99/12/07,"9,894,477","574,471,992",57.50,58.70,56.80,58.70,+1.20,"3,865",3037
 99/12/08,"16,630,139","974,924,751",59.00,60.00,56.80,56.90,-1.80,"6,108",3037
 99/12/09,"14,116,772","809,196,656",57.00,58.00,56.30,57.40,+0.50,"6,238",3037
 99/12/10,"10,234,503","592,311,336",57.30,58.40,56.90,57.80,+0.40,"3,805",3037
 99/12/13,"22,395,917","1,339,363,509",58.10,60.60,58.00,59.10,+1.30,"7,523",3037
 99/12/14,"19,836,357","1,173,928,763",59.50,60.40,58.20,58.60,-0.50,"7,148",3037
 99/12/15,"19,095,642","1,079,203,352",58.80,58.90,55.80,56.00,-2.60,"7,538",3037
 99/12/16,"7,001,025","394,974,171",56.60,56.80,55.60,56.20,+0.20,"3,771",3037
 99/12/17,"9,789,156","557,143,504",56.90,57.60,56.30,56.70,+0.50,"4,733",3037
 99/12/20,"3,918,478","221,764,571",57.20,57.20,56.10,56.90,+0.20,"1,946",3037
 99/12/21,"9,750,878","554,681,072",56.90,57.40,56.30,57.30,+0.40,"2,591",3037
 99/12/22,"10,216,220","584,732,037",57.50,57.80,56.80,57.30, 0.00,"3,694",3037
 99/12/23,"5,597,328","322,692,303",57.30,57.90,57.10,57.60,+0.30,"2,204",3037
 99/12/24,"13,293,602","775,847,987",57.90,59.30,57.60,57.70,+0.10,"4,151",3037
 99/12/27,"7,647,297","434,063,231",57.90,58.00,56.30,56.40,-1.30,"3,000",3037
 99/12/28,"5,132,266","289,972,731",56.40,56.80,56.20,56.70,+0.30,"1,991",3037
 99/12/29,"6,144,079","341,474,445",56.70,56.90,55.10,55.10,-1.60,"2,650",3037
 99/12/30,"7,067,055","397,317,098",55.10,56.80,55.10,56.80,+1.70,"2,355",3037
 99/12/31,"4,211,421","239,736,914",57.00,57.20,56.40,56.80, 0.00,"1,600",3037
100/01/03,"4,835,192","271,184,944",56.80,57.10,55.60,55.70,-1.10,"1,736",3037
100/01/04,"13,436,570","739,169,278",55.70,56.50,54.80,55.10,-0.60,"5,419",3037
100/01/05,"12,606,414","681,986,978",55.00,55.20,53.40,54.10,-1.00,"4,201",3037
100/01/06,"12,235,083","660,545,582",53.90,54.70,53.50,54.00,-0.10,"4,277",3037
100/01/07,"13,316,294","720,001,140",54.00,54.90,53.50,53.70,-0.30,"3,215",3037
100/01/10,"7,119,230","385,534,838",53.70,54.60,53.60,54.60,+0.90,"2,719",3037
100/01/11,"17,797,232","1,002,285,189",54.80,57.30,54.50,56.50,+1.90,"7,315",3037
100/01/12,"13,527,548","764,296,398",57.20,57.20,55.60,56.70,+0.20,"4,749",3037
100/01/13,"48,111,970","2,838,131,710",57.10,60.10,57.10,59.60,+2.90,"12,932",3037
100/01/14,"49,230,800","2,969,642,100",60.00,61.40,59.10,60.30,+0.70,"11,912",3037
100/01/17,"15,323,333","923,825,084",60.60,61.20,59.50,59.50,-0.80,"4,668",3037
100/01/18,"8,396,600","498,642,916",59.00,60.10,58.90,59.10,-0.40,"3,536",3037
100/01/19,"16,126,517","966,701,706",59.90,60.50,59.00,60.20,+1.10,"5,613",3037
100/01/20,"10,460,534","617,141,245",60.00,60.00,58.90,58.90,-1.30,"3,233",3037
100/01/21,"13,598,287","789,077,946",57.80,58.70,57.30,58.00,-0.90,"3,901",3037
100/01/24,"6,727,908","387,206,196",58.00,58.40,56.90,57.40,-0.60,"2,639",3037
100/01/25,"4,267,744","245,833,727",57.90,58.40,57.20,57.20,-0.20,"2,450",3037
100/01/26,"8,875,156","509,028,303",57.20,57.80,56.80,57.20, 0.00,"3,083",3037
100/01/27,"22,703,223","1,353,865,431",57.80,60.60,57.40,60.60,+3.40,"7,307",3037
100/01/28,"17,225,506","1,042,501,862",60.80,61.10,59.70,60.50,-0.10,"4,661",3037
100/02/08,"39,324,622","2,228,455,594",58.90,58.90,56.30,56.30,-4.20,"8,823",3037
100/02/09,"42,224,642","2,321,406,287",55.30,56.10,54.20,54.60,-1.70,"12,113",3037
100/02/10,"19,487,641","1,070,855,823",54.60,55.40,54.50,54.50,-0.10,"6,859",3037
100/02/11,"10,984,310","601,999,321",55.50,55.90,54.30,54.30,-0.20,"4,241",3037
100/02/14,"8,105,717","444,831,247",55.50,55.50,54.60,54.80,+0.50,"3,404",3037
100/02/15,"11,703,261","650,891,916",54.70,56.20,54.00,55.70,+0.90,"4,838",3037
100/02/16,"7,913,245","436,291,786",55.70,55.90,54.70,54.70,-1.00,"3,758",3037
100/02/17,"8,756,530","482,876,250",55.00,55.60,54.80,55.00,+0.30,"3,267",3037
100/02/18,"8,267,149","463,418,601",55.90,56.50,55.50,55.90,+0.90,"3,756",3037
100/02/21,"6,942,854","385,188,796",56.00,56.10,55.00,55.40,-0.50,"2,774",3037
100/02/22,"9,497,822","525,455,881",55.00,56.20,54.80,55.10,-0.30,"3,532",3037
100/02/23,"9,950,411","540,869,282",54.60,55.20,53.50,53.50,-1.60,"3,883",3037
100/02/24,"4,786,790","259,158,860",53.70,54.70,53.70,54.00,+0.50,"2,246",3037
100/02/25,"13,352,818","740,359,990",54.30,56.40,53.90,55.00,+1.00,"4,345",3037
100/03/01,"14,720,263","838,150,538",56.10,58.00,55.60,57.30,+2.30,"5,604",3037
100/03/02,"7,070,000","398,953,789",56.80,57.10,55.80,55.80,-1.50,"2,964",3037
100/03/03,"12,320,755","700,522,572",56.50,57.30,56.10,56.70,+0.90,"3,755",3037
100/03/04,"10,750,414","612,443,784",57.00,57.60,56.00,56.00,-0.70,"3,304",3037
100/03/07,"4,220,740","236,834,304",56.00,56.80,55.50,55.70,-0.30,"1,638",3037
100/03/08,"5,582,578","313,731,282",55.60,56.50,55.60,56.50,+0.80,"1,931",3037
100/03/09,"8,992,465","503,276,546",56.50,56.90,55.50,55.60,-0.90,"2,946",3037
100/03/10,"32,363,048","1,703,631,228",55.00,55.00,51.80,52.00,-3.60,"10,192",3037
100/03/11,"15,979,844","817,929,234",50.70,52.30,50.30,51.50,-0.50,"5,689",3037
100/03/14,"8,600,391","436,459,527",51.10,51.60,50.20,51.60,+0.10,"2,877",3037
100/03/15,"23,647,622","1,143,843,456",49.70,49.70,48.00,48.00,-3.60,"6,076",3037
100/03/16,"38,887,447","1,818,987,050",48.10,48.20,45.60,47.15,-0.85,"10,515",3037
100/03/17,"24,164,207","1,134,135,954",45.60,48.20,45.60,47.15, 0.00,"7,510",3037
100/03/18,"20,556,126","997,554,364",47.55,49.20,47.25,48.55,+1.40,"6,442",3037
100/03/21,"12,756,295","630,444,602",49.05,50.20,48.55,49.65,+1.10,"4,506",3037
100/03/22,"11,899,887","593,582,227",50.20,50.70,49.10,49.10,-0.55,"4,431",3037
100/03/23,"7,518,315","366,289,484",48.50,49.45,48.05,49.35,+0.25,"3,157",3037
100/03/24,"6,187,191","305,585,810",49.55,49.80,49.15,49.35, 0.00,"2,192",3037
100/03/25,"9,665,365","479,394,815",49.35,50.20,49.30,49.40,+0.05,"3,515",3037
100/03/28,"9,907,725","476,991,950",49.60,49.60,47.20,47.50,-1.90,"3,993",3037
100/03/29,"22,122,778","1,028,185,970",46.50,47.50,45.60,46.40,-1.10,"7,939",3037
100/03/30,"28,823,628","1,404,555,882",47.30,49.60,47.30,49.60,+3.20,"7,960",3037
100/03/31,"22,562,477","1,138,983,850",50.30,51.40,49.90,50.00,+0.40,"8,323",3037
100/04/01,"11,690,795","593,177,845",50.90,51.20,50.10,51.00,+1.00,"3,692",3037
100/04/06,"20,607,711","1,044,493,550",51.50,51.80,50.00,50.00,-1.00,"6,720",3037
100/04/07,"19,410,538","950,463,362",49.00,49.40,48.60,49.00,-1.00,"6,192",3037
100/04/08,"13,105,951","644,895,979",49.50,49.80,48.80,49.00, 0.00,"4,602",3037
100/04/11,"18,205,835","874,777,241",49.50,49.50,47.00,47.30,-1.70,"6,022",3037
100/04/12,"21,562,888","1,002,485,470",46.95,47.00,46.20,46.30,-1.00,"8,210",3037
100/04/13,"11,671,194","546,399,468",46.50,47.20,46.50,46.75,+0.45,"5,101",3037
100/04/14,"11,412,007","530,677,714",46.70,47.20,46.20,46.40,-0.35,"4,216",3037
100/04/15,"10,717,043","497,528,830",46.65,47.10,45.95,46.00,-0.40,"4,533",3037
100/04/18,"11,504,090","521,507,563",46.00,46.05,45.10,45.25,-0.75,"4,192",3037
100/04/19,"39,160,449","1,678,420,355",44.90,44.90,42.10,43.30,-1.95,"11,053",3037
100/04/20,"24,321,149","1,070,621,572",43.55,45.25,42.80,45.25,+1.95,"8,548",3037
100/04/21,"34,498,329","1,622,599,423",46.00,48.20,45.70,46.65,+1.40,"11,927",3037
100/04/22,"13,854,119","647,480,697",46.80,47.70,46.05,46.20,-0.45,"5,440",3037
100/04/25,"10,599,855","482,671,645",46.50,46.60,45.00,45.45,-0.75,"4,052",3037
100/04/26,"8,737,047","403,079,526",45.45,46.65,45.05,46.65,+1.20,"3,552",3037
100/04/27,"26,331,417","1,258,454,017",47.20,48.30,46.90,47.95,+1.30,"10,073",3037
100/04/28,"16,800,143","809,603,444",48.40,48.45,47.60,47.60,-0.35,"5,759",3037
100/04/29,"24,440,297","1,179,010,356",48.40,49.40,47.15,47.15,-0.45,"8,712",3037
100/05/03,"16,710,033","761,592,718",47.30,47.30,44.60,46.00,-1.15,"6,298",3037
100/05/04,"6,769,657","315,759,886",45.65,47.30,45.50,46.70,+0.70,"3,022",3037
100/05/05,"7,594,411","358,971,886",47.00,47.70,46.50,47.20,+0.50,"3,825",3037
100/05/06,"6,998,884","328,311,727",47.20,47.45,46.35,46.65,-0.55,"3,018",3037
100/05/09,"7,018,680","332,292,799",46.55,47.80,46.30,47.75,+1.10,"3,327",3037
100/05/10,"18,273,311","896,768,389",48.40,49.60,48.40,49.00,+1.25,"6,244",3037
100/05/11,"23,461,014","1,172,287,825",50.00,50.50,49.50,49.60,+0.60,"7,252",3037
100/05/12,"12,936,414","635,148,491",49.40,49.80,48.15,48.30,-1.30,"4,149",3037
100/05/13,"10,170,791","499,604,730",48.30,49.75,48.30,49.10,+0.80,"3,439",3037
100/05/16,"8,512,656","409,056,078",49.00,49.10,47.50,47.90,-1.20,"3,006",3037
100/05/17,"7,516,417","358,542,533",47.80,48.45,47.05,47.70,-0.20,"2,875",3037
100/05/18,"5,122,847","248,810,605",48.40,48.95,47.85,48.95,+1.25,"2,121",3037
100/05/19,"6,203,250","304,396,494",49.20,49.45,48.55,48.55,-0.40,"2,599",3037
100/05/20,"9,342,098","460,855,425",49.50,49.65,48.85,49.10,+0.55,"3,510",3037
100/05/23,"6,825,880","335,085,485",49.00,49.65,48.30,49.25,+0.15,"2,678",3037
100/05/24,"7,169,062","354,230,222",49.20,49.90,48.70,49.90,+0.65,"2,635",3037
100/05/25,"14,165,456","709,028,488",49.05,50.80,49.05,50.00,+0.10,"4,703",3037
100/05/26,"22,183,862","1,148,518,131",50.80,53.00,50.40,52.40,+2.40,"8,910",3037
100/05/27,"9,839,062","515,493,099",53.00,53.00,51.80,52.20,-0.20,"3,754",3037
100/05/30,"8,849,357","467,921,701",52.80,53.40,52.50,53.00,+0.80,"3,693",3037
100/05/31,"12,549,434","662,704,756",53.40,53.40,52.30,53.00, 0.00,"4,559",3037
100/06/01,"25,445,192","1,301,064,932",51.80,51.90,50.50,51.00,-2.00,"7,696",3037
100/06/02,"6,994,020","359,187,615",50.50,51.90,50.30,51.90,+0.90,"3,297",3037
100/06/03,"4,707,273","246,041,830",52.50,52.50,51.90,52.40,+0.50,"2,169",3037
100/06/07,"3,155,457","164,854,985",52.00,52.70,51.50,52.70,+0.30,"1,670",3037
100/06/08,"7,920,168","419,533,900",52.70,53.20,52.50,53.20,+0.50,"3,140",3037
100/06/09,"8,800,564","466,255,933",53.20,53.60,52.50,53.10,-0.10,"3,779",3037
100/06/10,"8,169,977","432,216,204",53.50,53.60,52.00,52.00,-1.10,"3,000",3037
100/06/13,"7,684,592","389,173,102",51.30,51.80,49.85,49.95,-2.05,"3,287",3037
100/06/14,"10,912,584","568,077,271",50.00,53.20,50.00,52.90,+2.95,"4,251",3037
100/06/15,"9,084,462","470,816,071",52.70,52.70,51.10,51.70,-1.20,"3,824",3037
100/06/16,"5,161,995","261,926,941",50.30,51.10,50.30,50.90,-0.80,"2,385",3037
100/06/17,"4,603,506","232,820,492",51.70,51.70,50.00,50.20,-0.70,"1,964",3037
100/06/20,"8,053,700","396,629,858",50.00,50.50,48.00,48.05,-2.15,"3,265",3037
100/06/21,"9,356,090","459,661,497",48.10,50.40,48.10,50.10,+2.05,"3,832",3037
100/06/22,"5,528,384","278,411,400",50.50,51.00,49.40,50.00,-0.10,"2,558",3037
100/06/23,"7,950,783","392,960,122",50.00,50.40,49.05,49.10,-0.90,"3,141",3037
100/06/24,"7,340,182","364,285,697",49.50,50.30,49.00,49.15,+0.05,"3,124",3037
100/06/27,"6,023,241","300,148,900",48.90,50.20,48.70,50.10,+0.95,"2,628",3037
100/06/28,"8,229,281","405,458,069",50.10,50.50,49.00,49.00,-1.10,"2,315",3037
100/06/29,"7,075,492","353,410,912",49.90,50.20,49.50,50.00,+1.00,"2,974",3037
100/06/30,"6,231,190","313,373,507",49.80,51.10,49.60,51.10,+1.10,"3,355",3037
100/07/01,"8,227,486","422,034,487",51.30,52.20,50.40,50.50,-0.60,"3,030",3037
100/07/04,"13,686,578","712,501,719",51.40,53.20,50.70,51.80,+1.30,"5,369",3037
100/07/05,"8,213,493","426,471,686",51.80,52.50,51.40,52.00,+0.20,"2,591",3037
100/07/06,"3,370,981","173,858,513",52.00,52.20,51.20,51.40,-0.60,"1,572",3037
100/07/07,"5,319,259","277,003,483",51.80,52.40,51.50,52.20,+0.80,"1,943",3037
100/07/08,"7,630,182","400,408,423",52.80,52.90,51.90,52.60,+0.40,"2,392",3037
100/07/11,"8,099,541","427,274,573",53.00,53.00,52.20,53.00,+0.40,"3,511",3037
100/07/12,"8,129,150","423,554,776",53.00,53.00,51.30,51.90,-1.10,"4,184",3037
100/07/13,"3,164,549","163,106,102",52.00,52.10,51.00,51.40,-0.50,"1,358",3037
100/07/14,"4,274,059","218,294,182",51.60,52.10,50.30,51.00,-0.40,"2,063",3037
100/07/15,"3,981,396","205,885,692",51.90,52.00,51.30,52.00,+1.00,"2,174",3037
100/07/18,"3,711,517","192,336,414",52.30,52.40,51.00,51.20,-0.80,"1,652",3037
100/07/19,"8,057,207","420,601,710",51.90,52.80,51.20,52.80,+1.60,"3,557",3037
100/07/20,"21,046,076","1,156,222,963",53.50,56.40,53.20,53.90,+1.10,"7,825",3037
100/07/21,"14,026,587","745,179,736",54.50,54.50,52.00,53.00,-0.90,"4,825",3037
100/07/22,"15,801,035","831,847,619",54.00,54.50,53.00,54.00,+1.00,"3,828",3037
100/07/25,"7,294,730","391,023,290",54.00,54.70,53.20,53.50,-0.50,"2,199",3037
100/07/26,"8,326,369","445,554,229",54.00,54.50,52.90,53.80,+0.30,"2,711",3037
100/07/27,"12,639,328","684,931,840",54.00,55.00,53.50,55.00,+1.20,"3,830",3037
100/07/28,"9,970,572","535,953,793",54.30,54.50,53.30,54.50,-0.50,"3,291",3037
100/07/29,"24,360,770","1,241,897,506",52.50,53.00,50.70,51.30,-3.20,"6,550",3037
100/08/01,"14,033,713","711,921,263",51.30,51.50,49.75,51.20,-0.10,"5,252",3037
100/08/02,"9,577,996","465,882,350",48.60,49.30,48.05,48.35,X0.00,"4,241",3037
100/08/03,"12,123,312","561,560,305",47.30,47.80,46.00,46.05,-2.30,"4,877",3037
100/08/04,"12,993,571","585,845,964",45.80,46.55,44.30,44.40,-1.65,"5,244",3037
100/08/05,"19,695,273","827,847,541",41.30,43.00,41.30,41.90,-2.50,"5,626",3037
100/08/08,"18,209,480","775,882,493",41.90,43.70,41.80,42.35,+0.45,"6,171",3037
100/08/09,"18,768,034","772,013,830",40.60,43.00,39.50,41.20,-1.15,"6,325",3037
100/08/10,"15,924,613","683,400,514",42.50,43.80,42.50,42.85,+1.65,"5,323",3037
100/08/11,"7,512,351","316,095,380",41.55,42.70,41.50,42.20,-0.65,"3,697",3037
100/08/12,"11,359,467","481,526,544",42.90,43.15,42.00,42.00,-0.20,"5,033",3037
100/08/15,"4,955,615","210,451,449",42.90,43.10,42.00,42.50,+0.50,"2,037",3037
100/08/16,"5,227,512","221,369,305",43.00,43.00,41.80,42.30,-0.20,"2,542",3037
100/08/17,"8,029,665","335,842,647",42.00,42.30,41.50,41.50,-0.80,"2,423",3037
100/08/18,"19,168,338","744,566,871",40.60,40.60,38.60,38.60,-2.90,"6,804",3037
100/08/19,"15,444,748","555,419,118",36.10,36.25,35.90,35.90,-2.70,"3,421",3037
100/08/22,"18,750,195","664,148,624",35.60,36.70,34.55,34.75,-1.15,"6,150",3037
100/08/23,"10,447,598","376,155,276",35.00,36.80,35.00,36.30,+1.55,"3,540",3037
100/08/24,"8,541,062","307,030,193",36.30,36.90,35.30,36.00,-0.30,"3,378",3037
100/08/25,"11,489,964","436,120,057",36.80,38.50,36.20,38.50,+2.50,"4,047",3037
100/08/26,"9,136,691","349,711,764",38.95,39.20,37.55,38.75,+0.25,"4,184",3037
100/08/29,"7,041,016","274,690,275",38.80,39.45,38.50,39.45,+0.70,"3,210",3037
100/08/30,"15,501,880","636,745,910",39.95,42.20,39.60,42.00,+2.55,"5,628",3037
100/08/31,"7,696,889","321,898,838",41.80,42.40,41.20,41.95,-0.05,"3,311",3037
100/09/01,"9,813,507","417,885,397",42.30,43.20,41.60,41.65,-0.30,"3,696",3037
100/09/02,"4,540,336","192,585,320",41.80,42.90,41.70,42.60,+0.95,"2,232",3037
100/09/05,"7,266,038","299,116,995",42.00,42.00,40.70,40.70,-1.90,"3,053",3037
100/09/06,"7,154,058","284,878,037",40.50,41.20,38.50,38.55,-2.15,"3,500",3037
100/09/07,"4,165,902","164,293,350",39.50,39.95,39.00,39.50,+0.95,"1,847",3037
100/09/08,"12,675,801","508,186,190",40.50,40.50,39.60,39.60,+0.10,"3,154",3037
100/09/09,"25,007,976","1,050,441,621",41.00,42.35,40.80,42.35,+2.75,"5,750",3037
100/09/13,"24,218,695","1,046,443,333",42.35,44.60,41.90,43.30,+0.95,"9,931",3037
100/09/14,"21,065,799","922,729,999",45.80,45.80,42.15,42.25,-1.05,"7,656",3037
100/09/15,"16,313,383","723,962,274",43.70,45.00,43.35,44.60,+2.35,"6,628",3037
100/09/16,"13,980,192","631,676,009",45.55,45.60,44.80,44.90,+0.30,"5,875",3037
100/09/19,"10,646,401","466,188,239",44.90,45.00,42.55,42.85,-2.05,"4,689",3037
100/09/20,"8,640,597","373,739,796",43.00,43.90,42.45,43.65,+0.80,"3,994",3037
100/09/21,"13,099,176","589,181,870",44.00,46.00,43.30,45.00,+1.35,"5,684",3037
100/09/22,"12,810,295","574,454,975",44.20,45.50,43.70,44.60,-0.40,"6,044",3037
100/09/23,"17,197,028","741,756,444",44.50,44.60,42.20,42.60,-2.00,"6,761",3037
100/09/26,"13,316,806","548,597,090",42.80,43.10,39.85,40.00,-2.60,"5,515",3037
100/09/27,"8,161,719","342,191,715",42.00,42.60,41.20,41.90,+1.90,"4,113",3037
100/09/28,"10,955,993","469,025,241",42.00,43.50,41.60,43.50,+1.60,"5,066",3037
100/09/29,"9,548,513","417,882,611",43.50,44.25,42.90,43.45,-0.05,"4,360",3037
100/09/30,"10,983,109","481,656,949",43.40,44.50,43.40,43.45, 0.00,"4,678",3037
100/10/03,"11,032,458","460,623,541",41.50,42.25,41.40,42.25,-1.20,"4,529",3037
100/10/04,"8,333,592","350,987,867",42.00,42.80,41.50,42.00,-0.25,"3,545",3037
100/10/05,"16,458,229","661,574,858",42.40,42.45,39.45,39.60,-2.40,"7,152",3037
100/10/06,"8,971,528","365,732,498",40.40,41.10,40.40,41.00,+1.40,"3,916",3037
100/10/07,"3,864,826","158,462,998",41.70,41.70,40.50,40.50,-0.50,"2,140",3037
100/10/11,"11,766,317","504,352,886",42.20,43.30,41.90,42.90,+2.40,"4,399",3037
100/10/12,"7,149,144","307,736,692",42.80,43.55,42.50,43.00,+0.10,"3,374",3037
100/10/13,"6,251,663","267,877,939",43.60,43.60,42.40,42.80,-0.20,"2,811",3037
100/10/14,"10,135,957","419,756,711",42.30,42.65,40.65,41.30,-1.50,"4,252",3037
100/10/17,"6,324,486","265,657,412",41.80,42.40,41.70,42.00,+0.70,"3,341",3037
100/10/18,"6,562,541","268,917,895",41.50,41.70,40.45,40.60,-1.40,"3,179",3037
100/10/19,"13,446,550","530,439,323",40.10,40.10,39.00,39.70,-0.90,"6,609",3037
100/10/20,"19,123,104","733,902,186",39.70,39.80,37.55,37.65,-2.05,"8,280",3037
100/10/21,"17,216,610","647,993,490",37.50,38.60,36.90,38.60,+0.95,"7,373",3037
100/10/24,"8,901,208","351,318,198",39.50,39.90,39.05,39.20,+0.60,"4,173",3037
100/10/25,"9,988,815","393,825,321",39.10,39.75,39.00,39.50,+0.30,"4,008",3037
100/10/26,"10,271,214","402,439,349",39.40,39.55,38.75,39.40,-0.10,"3,295",3037
100/10/27,"16,655,434","662,566,189",39.50,40.20,39.20,39.50,+0.10,"5,772",3037
100/10/28,"14,837,982","584,079,594",40.50,40.50,38.30,38.50,-1.00,"6,230",3037
100/10/31,"11,459,051","444,507,859",38.75,39.50,38.30,39.50,+1.00,"3,858",3037
100/11/01,"5,466,152","214,089,813",39.20,39.60,38.50,39.30,-0.20,"2,732",3037
100/11/02,"9,674,900","377,780,559",38.35,39.80,38.20,39.35,+0.05,"3,892",3037
100/11/03,"9,443,962","368,615,068",39.40,39.50,38.55,39.00,-0.35,"3,784",3037
100/11/04,"16,339,006","653,732,276",39.60,40.40,39.60,39.60,+0.60,"5,329",3037
100/11/07,"8,088,951","319,760,105",39.55,39.85,39.00,39.60, 0.00,"2,195",3037
100/11/08,"10,754,352","425,975,228",39.70,39.90,39.25,39.45,-0.15,"3,694",3037
100/11/09,"9,874,992","382,606,486",39.45,39.60,38.35,38.40,-1.05,"4,195",3037
100/11/10,"12,334,716","456,928,043",37.50,37.90,36.30,36.55,-1.85,"4,640",3037
100/11/11,"9,165,667","340,156,654",36.60,38.10,36.30,37.80,+1.25,"3,758",3037
100/11/14,"7,506,211","287,551,017",38.45,38.70,38.00,38.20,+0.40,"2,676",3037
100/11/15,"5,733,445","214,453,720",37.95,38.15,37.05,37.05,-1.15,"2,703",3037
100/11/16,"8,991,459","333,192,882",37.50,37.70,36.75,36.80,-0.25,"3,380",3037
100/11/17,"5,824,438","212,871,717",36.50,36.80,36.10,36.70,-0.10,"2,219",3037
100/11/18,"9,408,183","333,758,508",35.85,36.20,35.00,35.30,-1.40,"3,654",3037
100/11/21,"12,785,033","436,393,209",35.00,35.10,33.80,33.80,-1.50,"3,742",3037
100/11/22,"10,423,322","352,101,726",33.80,34.20,33.10,33.80, 0.00,"3,485",3037
100/11/23,"7,496,853","253,614,570",34.00,34.60,33.10,33.10,-0.70,"3,167",3037
100/11/24,"26,164,198","832,185,678",33.00,33.15,31.10,31.45,-1.65,"6,884",3037
100/11/25,"15,865,908","506,160,224",31.90,32.50,31.35,31.70,+0.25,"4,886",3037
100/11/28,"9,906,200","317,066,666",32.00,32.40,31.50,32.00,+0.30,"3,425",3037
100/11/29,"14,419,890","481,406,207",32.50,34.15,32.35,33.95,+1.95,"5,012",3037
100/11/30,"18,562,843","605,578,702",33.95,33.95,31.60,32.05,-1.90,"5,917",3037
100/12/01,"10,519,927","354,960,609",33.80,34.00,33.25,33.90,+1.85,"4,306",3037
100/12/02,"9,561,385","332,044,835",34.20,35.20,34.00,34.65,+0.75,"3,996",3037
100/12/05,"5,559,288","188,064,665",34.95,34.95,33.80,34.15,-0.50,"1,880",3037
100/12/06,"6,201,951","206,606,532",33.90,34.10,32.70,32.85,-1.30,"2,084",3037
100/12/07,"6,239,766","209,456,997",33.20,33.90,33.15,33.75,+0.90,"2,238",3037
100/12/08,"7,482,322","242,732,841",33.35,33.50,31.70,32.20,-1.55,"3,081",3037
100/12/09,"8,479,532","268,274,848",31.35,32.15,31.05,32.00,-0.20,"3,329",3037
100/12/12,"4,989,160","163,362,454",32.50,33.00,32.50,32.80,+0.80,"1,695",3037
100/12/13,"4,805,161","154,859,201",32.40,32.75,31.80,32.65,-0.15,"1,834",3037
100/12/14,"3,687,864","121,256,793",32.85,33.15,32.35,33.10,+0.45,"1,843",3037
100/12/15,"4,798,146","158,429,667",32.95,33.30,32.60,33.05,-0.05,"2,192",3037
100/12/16,"3,923,392","131,152,555",33.20,33.75,33.20,33.45,+0.40,"1,675",3037
100/12/19,"5,805,091","186,868,889",33.50,33.50,31.50,31.75,-1.70,"2,759",3037
100/12/20,"4,038,432","130,824,779",32.20,32.70,32.05,32.20,+0.45,"1,608",3037
100/12/21,"6,826,116","233,630,083",34.00,34.45,33.80,34.45,+2.25,"2,300",3037
100/12/22,"8,695,113","306,391,737",34.90,35.70,34.70,34.95,+0.50,"3,546",3037
100/12/23,"7,471,415","268,546,341",35.85,36.40,35.50,36.15,+1.20,"3,294",3037
100/12/26,"3,570,344","127,926,740",36.20,36.20,35.55,35.90,-0.25,"1,483",3037
100/12/27,"2,688,296","95,215,544",35.85,36.05,35.15,35.30,-0.60,"1,143",3037
100/12/28,"4,490,293","158,703,648",35.30,35.80,34.95,35.35,+0.05,"1,971",3037
100/12/29,"3,831,876","135,257,802",35.35,35.65,35.00,35.45,+0.10,"1,690",3037
100/12/30,"5,923,333","209,536,416",35.45,35.80,34.90,35.60,+0.15,"2,019",3037
101/01/02,"2,597,893","90,426,607",35.70,35.70,34.15,34.40,-1.20,"1,138",3037
101/01/03,"2,392,806","84,214,385",34.80,35.40,34.70,35.35,+0.95,"1,157",3037
101/01/04,"5,933,729","213,902,822",35.50,36.45,35.50,36.05,+0.70,"2,380",3037
101/01/05,"5,558,505","202,222,246",36.50,36.55,35.95,36.55,+0.50,"1,909",3037
101/01/06,"8,010,524","296,270,749",36.60,37.45,36.45,36.85,+0.30,"2,561",3037
101/01/09,"4,239,959","155,311,338",36.20,36.85,36.20,36.75,-0.10,"1,525",3037
101/01/10,"5,491,255","204,607,526",37.30,37.40,37.10,37.35,+0.60,"2,198",3037
101/01/11,"7,740,673","291,751,892",37.60,38.05,37.10,37.60,+0.25,"2,818",3037
101/01/12,"5,956,045","225,762,760",37.65,38.10,37.50,38.05,+0.45,"2,302",3037
101/01/13,"10,609,105","407,221,270",38.50,38.75,38.00,38.10,+0.05,"3,419",3037
101/01/16,"5,010,052","186,469,793",38.50,38.50,36.50,37.55,-0.55,"2,346",3037
101/01/17,"5,425,970","203,352,568",37.50,38.10,36.95,37.40,-0.15,"2,520",3037
101/01/18,"7,169,122","267,105,664",37.45,37.70,36.85,37.05,-0.35,"2,707",3037
101/01/30,"14,509,571","563,254,615",38.50,39.45,38.00,39.45,+2.40,"5,194",3037
101/01/31,"8,008,955","311,756,086",39.50,39.55,38.35,38.95,-0.50,"3,129",3037
101/02/01,"5,418,940","210,346,115",38.95,39.20,38.50,38.80,-0.15,"2,714",3037
101/02/02,"14,458,488","577,832,570",39.20,40.30,39.05,39.95,+1.15,"5,461",3037
101/02/03,"12,594,390","489,318,453",38.50,39.85,38.50,38.90,-1.05,"5,124",3037
101/02/04,"14,669,405","600,362,632",39.30,41.60,39.20,41.60,+2.70,"5,082",3037
101/02/06,"15,106,692","615,522,948",41.60,41.65,39.80,39.80,-1.80,"5,657",3037
101/02/07,"22,482,935","891,043,420",39.20,40.50,39.00,39.40,-0.40,"6,802",3037
101/02/08,"18,354,994","746,078,676",39.60,41.50,39.60,40.70,+1.30,"5,944",3037
101/02/09,"15,288,394","620,820,795",40.70,41.50,40.25,40.65,-0.05,"4,062",3037
101/02/10,"14,449,997","578,637,626",40.65,40.90,39.70,39.70,-0.95,"4,696",3037
101/02/13,"10,121,395","399,813,029",39.70,40.10,39.15,39.55,-0.15,"3,723",3037
101/02/14,"12,161,252","484,663,050",39.60,40.10,39.40,39.55, 0.00,"3,894",3037
101/02/15,"18,414,994","721,634,333",39.55,39.90,38.90,39.35,-0.20,"6,087",3037
101/02/16,"13,333,094","518,317,877",38.95,39.50,37.90,38.20,-1.15,"4,906",3037
101/02/17,"13,742,626","531,562,842",38.90,39.30,38.05,38.05,-0.15,"4,461",3037
101/02/20,"20,745,638","769,556,163",37.50,37.80,36.20,37.75,-0.30,"7,661",3037
101/02/21,"12,017,660","452,686,225",37.75,38.40,37.20,37.25,-0.50,"5,003",3037
101/02/22,"12,390,738","470,170,929",37.30,38.25,37.30,37.80,+0.55,"4,940",3037
101/02/23,"15,758,992","613,124,581",38.10,39.50,38.00,38.50,+0.70,"6,641",3037
101/02/24,"7,077,742","275,481,903",39.00,39.15,38.50,38.90,+0.40,"2,812",3037
101/02/29,"11,322,280","436,519,670",39.10,39.60,38.15,38.50,-0.40,"4,307",3037
101/03/01,"4,381,681","169,337,809",38.70,38.95,38.50,38.50, 0.00,"1,987",3037
101/03/02,"8,441,951","330,605,773",39.20,39.60,38.90,38.90,+0.40,"3,267",3037
101/03/03,"5,621,269","219,541,717",38.90,39.35,38.60,39.15,+0.25,"2,048",3037
101/03/05,"6,051,159","232,135,801",39.15,39.15,38.00,38.00,-1.15,"2,823",3037
101/03/06,"10,002,234","383,175,595",38.40,38.80,37.65,38.70,+0.70,"3,516",3037
101/03/07,"8,854,019","342,525,368",38.10,39.10,38.10,38.45,-0.25,"4,152",3037
101/03/08,"8,723,705","337,662,625",38.70,39.00,38.20,38.70,+0.25,"2,959",3037
101/03/09,"20,474,328","815,814,146",39.50,40.30,39.35,39.50,+0.80,"7,074",3037
101/03/12,"8,099,879","316,670,635",39.45,39.60,38.50,38.50,-1.00,"2,889",3037
101/03/13,"6,290,726","243,688,644",39.05,39.05,38.45,38.55,+0.05,"2,980",3037
101/03/14,"12,871,633","505,821,544",39.20,39.80,38.85,39.60,+1.05,"5,166",3037
101/03/15,"15,766,402","631,653,989",40.00,40.40,39.70,39.90,+0.30,"6,251",3037
101/03/16,"7,937,634","315,196,769",40.00,40.20,39.35,39.40,-0.50,"3,052",3037
101/03/19,"6,520,652","256,841,097",39.80,40.00,38.90,39.50,+0.10,"2,493",3037
101/03/20,"6,261,096","244,309,171",39.85,39.85,38.80,38.80,-0.70,"2,335",3037
101/03/21,"8,585,120","328,542,630",38.60,38.90,37.95,38.20,-0.60,"3,944",3037
101/03/22,"8,680,823","339,635,457",38.65,39.50,38.20,39.30,+1.10,"3,788",3037
101/03/23,"5,121,214","200,599,368",39.30,39.35,38.90,39.35,+0.05,"1,985",3037
101/03/26,"6,179,072","238,048,445",39.35,39.35,38.35,38.35,-1.00,"3,055",3037
101/03/27,"6,881,271","264,043,043",38.55,38.85,38.00,38.20,-0.15,"2,613",3037
101/03/28,"11,440,740","433,770,515",38.00,38.60,37.40,38.35,+0.15,"4,232",3037
101/03/29,"15,064,890","556,829,580",37.75,37.90,36.60,36.95,-1.40,"4,540",3037
101/03/30,"11,321,375","416,369,218",36.50,37.20,36.50,36.60,-0.35,"3,575",3037
101/04/02,"5,898,922","214,773,325",36.40,36.85,36.05,36.10,-0.50,"2,192",3037
101/04/03,"14,691,556","508,779,604",36.10,36.45,33.60,33.90,-2.20,"4,986",3037
101/04/05,"9,658,653","323,515,395",33.50,34.50,32.75,34.50,+0.60,"3,230",3037
101/04/06,"5,551,638","195,283,443",34.80,35.60,34.60,35.50,+1.00,"2,829",3037
101/04/09,"3,771,821","132,060,703",34.60,35.50,34.40,35.10,-0.40,"1,991",3037
101/04/10,"7,424,443","264,924,327",35.30,36.00,35.30,35.60,+0.50,"2,859",3037
101/04/11,"3,340,009","118,099,398",35.05,35.60,35.05,35.35,-0.25,"1,704",3037
101/04/12,"6,946,682","242,098,420",35.35,35.35,34.65,34.80,-0.55,"3,653",3037
101/04/13,"8,005,372","289,701,905",35.20,36.85,35.10,36.75,+1.95,"4,086",3037
101/04/16,"3,429,894","123,683,420",36.00,36.35,35.90,36.05,-0.70,"1,701",3037
101/04/17,"6,547,138","229,324,296",35.70,35.90,34.45,34.50,-1.55,"3,110",3037
101/04/18,"4,083,581","143,014,715",35.40,35.40,34.50,34.90,+0.40,"1,931",3037
101/04/19,"4,584,659","160,445,657",34.95,35.30,34.30,35.30,+0.40,"2,526",3037
101/04/20,"2,343,386","81,916,432",35.40,35.45,34.55,34.55,-0.75,"1,195",3037
101/04/23,"4,388,247","149,029,148",34.80,35.05,33.55,33.90,-0.65,"1,957",3037
101/04/24,"10,354,000","344,627,897",33.65,34.30,32.60,33.35,-0.55,"3,826",3037
101/04/25,"11,059,914","365,545,994",33.50,33.65,32.75,33.00,-0.35,"4,312",3037
101/04/26,"9,082,932","304,143,923",33.25,33.85,33.20,33.40,+0.40,"3,584",3037
101/04/27,"12,559,979","410,252,157",33.90,33.90,31.90,32.85,-0.55,"5,254",3037
101/04/30,"15,257,269","488,365,504",30.60,33.25,30.60,33.25,+0.40,"5,689",3037
101/05/02,"6,745,947","228,164,502",33.85,34.05,33.50,33.80,+0.55,"3,343",3037
101/05/03,"4,013,398","134,790,768",33.80,33.90,33.50,33.60,-0.20,"1,877",3037
101/05/04,"8,074,221","267,107,319",33.30,33.50,32.90,32.95,-0.65,"3,835",3037
101/05/07,"7,826,458","252,278,127",32.80,32.80,31.80,32.30,-0.65,"3,181",3037
101/05/08,"6,348,235","203,459,114",32.30,32.50,31.75,31.85,-0.45,"2,640",3037
101/05/09,"14,715,961","458,627,481",31.60,31.60,30.75,30.80,-1.05,"4,952",3037
101/05/10,"14,243,850","441,246,374",30.80,31.45,30.60,30.70,-0.10,"4,336",3037
101/05/11,"11,643,767","349,923,484",30.60,30.80,29.80,30.05,-0.65,"4,158",3037
101/05/14,"5,722,019","172,643,513",30.20,30.45,30.00,30.05, 0.00,"2,064",3037
101/05/15,"10,363,699","306,855,421",30.00,30.00,29.40,29.95,-0.10,"3,800",3037
101/05/16,"6,634,113","196,684,853",29.90,30.10,29.30,29.30,-0.65,"2,471",3037
101/05/17,"11,616,487","339,573,510",29.30,29.90,29.15,29.60,+0.30,"3,056",3037
101/05/18,"15,451,607","438,615,201",29.15,29.30,28.60,28.60,-1.00,"3,219",3037
101/05/21,"5,515,938","159,443,020",28.75,29.20,28.60,28.60, 0.00,"1,594",3037
101/05/22,"5,860,499","170,113,087",29.10,29.20,28.85,29.05,+0.45,"1,879",3037
101/05/23,"5,635,539","162,225,625",28.80,29.00,28.40,28.85,-0.20,"1,771",3037
101/05/24,"5,916,718","170,529,029",29.00,29.20,28.40,28.50,-0.35,"2,510",3037
101/05/25,"5,641,375","159,692,758",28.60,28.75,28.00,28.05,-0.45,"2,427",3037
101/05/28,"4,716,946","135,285,934",28.60,29.00,28.10,28.80,+0.75,"2,203",3037
101/05/29,"22,380,678","676,494,173",29.20,30.80,29.00,30.80,+2.00,"4,854",3037
101/05/30,"39,060,369","1,250,299,043",30.80,32.95,30.70,32.95,+2.15,"11,484",3037
101/05/31,"21,406,018","696,083,121",32.95,33.20,32.20,32.25,-0.70,"6,686",3037
101/06/01,"15,764,747","489,089,602",31.80,31.85,30.25,30.25,-2.00,"6,243",3037
101/06/04,"16,831,267","510,470,024",29.30,31.25,29.30,30.85,+0.60,"6,890",3037
101/06/05,"15,207,412","489,550,992",32.00,32.75,31.55,32.40,+1.55,"6,627",3037
101/06/06,"12,967,091","422,435,285",32.95,33.20,32.00,32.15,-0.25,"5,397",3037
101/06/07,"17,479,521","568,425,899",32.75,32.90,32.15,32.15, 0.00,"6,233",3037
101/06/08,"9,088,415","289,569,550",32.00,32.20,31.40,32.00,-0.15,"3,977",3037
101/06/11,"10,598,612","336,449,555",32.50,32.70,31.25,31.30,-0.70,"4,497",3037
101/06/12,"5,141,000","160,429,050",31.00,31.55,30.80,31.50,+0.20,"2,537",3037
101/06/13,"4,711,640","148,795,602",31.80,31.80,31.35,31.75,+0.25,"2,464",3037
101/06/14,"3,858,774","120,988,918",31.75,31.75,31.10,31.10,-0.65,"2,226",3037
101/06/15,"18,888,249","605,707,888",31.10,33.00,30.80,33.00,+1.90,"4,923",3037
101/06/18,"8,533,795","277,136,320",32.85,32.85,32.25,32.30,-0.70,"3,289",3037
101/06/19,"3,341,024","108,154,215",32.30,32.60,32.10,32.30, 0.00,"1,557",3037
101/06/20,"9,978,666","328,372,117",32.60,33.35,32.30,33.35,+1.05,"4,101",3037
101/06/21,"10,600,288","352,036,654",33.35,33.65,32.75,33.25,-0.10,"4,289",3037
101/06/22,"15,895,875","534,430,254",32.80,33.90,32.80,33.90,+0.65,"6,216",3037
101/06/25,"9,594,988","324,796,329",33.80,34.10,33.45,33.85,-0.05,"3,752",3037
101/06/26,"8,066,591","271,200,552",33.80,33.90,33.45,33.50,-0.35,"2,830",3037
101/06/27,"7,568,725","252,608,025",33.50,33.95,32.80,32.80,-0.70,"3,041",3037
101/06/28,"5,868,773","194,388,991",33.50,33.50,32.80,33.05,+0.25,"2,751",3037
101/06/29,"6,792,461","228,070,108",33.30,33.90,33.10,33.80,+0.75,"3,167",3037
101/07/02,"4,269,877","144,399,102",34.20,34.20,33.60,33.70,-0.10,"1,830",3037
101/07/03,"4,915,438","166,568,281",34.00,34.20,33.55,33.65,-0.05,"1,896",3037
101/07/04,"15,698,611","546,116,385",33.95,35.25,33.90,35.00,+1.35,"5,330",3037
101/07/05,"7,741,101","266,276,700",35.00,35.10,34.05,34.10,-0.90,"3,355",3037
101/07/06,"6,110,880","206,802,650",34.00,34.20,33.65,33.70,-0.40,"2,353",3037
101/07/09,"4,295,198","145,985,745",33.70,34.30,33.60,33.85,+0.15,"1,708",3037
101/07/10,"4,642,163","155,472,237",34.00,34.05,33.00,33.40,-0.45,"2,044",3037
101/07/11,"3,351,257","111,269,116",33.10,33.45,32.85,33.40, 0.00,"1,391",3037
101/07/12,"6,955,510","233,914,580",33.75,34.15,33.20,33.20,-0.20,"2,758",3037
101/07/13,"6,733,579","224,517,046",33.20,33.60,33.10,33.25,+0.05,"2,226",3037
101/07/16,"3,044,245","102,210,390",33.55,33.80,33.40,33.45,+0.20,"1,641",3037
101/07/17,"8,547,158","277,747,333",33.45,33.75,31.85,32.20,-1.25,"3,570",3037
101/07/18,"5,912,147","194,864,716",32.50,33.40,32.30,32.85,+0.65,"2,920",3037
101/07/19,"9,448,750","321,384,400",33.30,34.40,33.20,34.00,+1.15,"4,003",3037
101/07/20,"8,060,462","277,750,680",34.40,34.75,33.80,34.60,+0.60,"3,069",3037
101/07/23,"7,242,855","247,799,476",34.60,34.60,33.90,34.30,-0.30,"2,366",3037
101/07/24,"10,595,560","370,488,880",34.30,35.35,34.25,34.80,+0.50,"3,628",3037
101/07/25,"6,093,653","212,167,544",34.50,35.30,34.15,34.15,-0.65,"2,808",3037
101/07/26,"5,388,998","183,591,827",34.55,34.85,33.75,33.80,-0.35,"2,557",3037
101/07/27,"6,837,673","232,663,861",34.40,34.50,33.90,34.20,+0.40,"1,865",3037
101/07/30,"3,761,447","126,748,480",34.50,34.50,32.90,33.75,-0.45,"1,540",3037
101/07/31,"6,283,592","211,491,526",33.75,33.85,33.50,33.70,-0.05,"1,811",3037
101/08/01,"8,003,625","270,738,402",33.70,34.10,33.40,34.00,+0.30,"2,871",3037
101/08/03,"9,800,021","320,862,880",32.65,33.25,32.45,32.45,-0.05,"3,392",3037
101/08/06,"3,849,666","126,301,791",33.10,33.20,32.55,32.55,+0.10,"1,687",3037
101/08/07,"6,278,102","207,442,401",32.90,33.50,32.60,33.45,+0.90,"2,734",3037
101/08/08,"7,621,071","254,370,464",33.50,33.60,33.05,33.45, 0.00,"2,675",3037
101/08/09,"9,660,985","323,072,446",33.35,33.75,33.10,33.30,-0.15,"3,468",3037
101/08/10,"8,802,761","295,565,114",33.30,33.85,33.20,33.60,+0.30,"3,049",3037
101/08/13,"8,227,690","273,333,395",33.90,33.90,32.90,33.10,-0.50,"3,161",3037
101/08/14,"10,295,597","344,240,711",33.10,33.70,33.00,33.50,+0.40,"3,292",3037
101/08/15,"11,747,497","395,015,189",33.40,33.80,33.35,33.40,-0.10,"4,141",3037
101/08/16,"23,840,367","808,766,348",33.70,34.30,33.50,33.50,+0.10,"6,243",3037
101/08/17,"12,610,530","424,858,581",33.60,34.10,32.90,33.85,+0.35,"4,434",3037
101/08/20,"20,228,763","700,069,121",34.10,34.90,34.10,34.65,+0.80,"6,241",3037
101/08/21,"13,033,635","455,824,071",34.90,35.35,34.70,34.70,+0.05,"4,745",3037
101/08/22,"9,173,620","315,846,052",34.70,34.80,34.10,34.60,-0.10,"3,039",3037
101/08/23,"5,577,318","193,188,203",34.60,34.90,34.45,34.65,+0.05,"2,054",3037
101/08/24,"4,596,833","157,269,743",34.40,34.55,34.05,34.15,-0.50,"1,781",3037
101/08/27,"4,026,914","137,194,561",34.50,34.55,33.80,34.10,-0.05,"1,467",3037
101/08/28,"5,242,360","176,400,955",33.90,34.10,33.45,33.50,-0.60,"1,750",3037
101/08/29,"3,189,637","107,077,546",33.50,33.75,33.45,33.60,+0.10,"1,284",3037
101/08/30,"3,226,987","108,737,909",33.50,33.85,33.45,33.60, 0.00,"1,224",3037
101/08/31,"3,567,262","120,826,609",33.50,34.20,33.45,34.05,+0.45,"1,390",3037
101/09/03,"2,189,620","74,905,199",34.30,34.40,34.05,34.20,+0.15,"1,149",3037
101/09/04,"4,422,714","152,243,541",34.40,34.70,34.10,34.20, 0.00,"1,805",3037
101/09/05,"5,072,776","174,531,730",34.35,34.55,34.20,34.20, 0.00,"2,035",3037
101/09/06,"15,190,884","503,271,323",34.30,34.50,32.70,32.70,-1.50,"5,193",3037
101/09/07,"9,820,772","325,641,151",33.30,33.55,32.95,33.30,+0.60,"3,284",3037
101/09/10,"4,369,249","146,094,640",33.30,33.70,33.10,33.20,-0.10,"1,850",3037
101/09/11,"6,549,175","212,899,435",33.10,33.20,32.70,32.75,-0.45,"2,036",3037
101/09/12,"6,343,322","209,165,576",32.90,33.15,32.85,33.00,+0.25,"2,370",3037
101/09/13,"10,555,979","353,428,939",33.10,34.00,33.10,33.25,+0.25,"3,733",3037
101/09/14,"16,677,543","565,848,360",33.85,34.20,33.65,34.00,+0.75,"5,297",3037
101/09/17,"14,940,336","518,073,728",34.05,35.20,33.75,34.65,+0.65,"4,844",3037
101/09/18,"24,431,885","866,305,151",35.00,35.95,35.00,35.10,+0.45,"7,850",3037
101/09/19,"11,410,958","399,044,780",35.30,35.45,34.65,34.80,-0.30,"4,264",3037
101/09/20,"11,088,351","389,935,229",34.80,35.40,34.65,35.30,+0.50,"3,720",3037
101/09/21,"14,691,656","525,466,046",35.65,36.15,35.25,36.15,+0.85,"4,984",3037
101/09/24,"7,402,210","267,457,842",36.30,36.45,35.70,36.20,+0.05,"3,125",3037
101/09/25,"4,900,149","175,429,836",36.30,36.40,35.50,35.55,-0.65,"2,163",3037
101/09/26,"9,373,324","321,215,523",34.80,35.25,34.15,34.50,-1.05,"3,134",3037
101/09/27,"3,390,394","117,745,821",34.20,34.95,34.20,34.85,+0.35,"1,591",3037
101/09/28,"2,969,270","103,206,824",35.20,35.20,34.40,34.95,+0.10,"1,329",3037
101/10/01,"3,115,355","109,032,225",34.60,35.20,34.60,35.10,+0.15,"1,176",3037
101/10/02,"2,376,080","83,669,847",35.40,35.40,35.10,35.15,+0.05,"1,223",3037
101/10/03,"2,245,699","78,702,569",35.25,35.40,34.90,35.00,-0.15,"1,016",3037
101/10/04,"7,301,978","248,807,652",34.90,34.90,33.80,33.80,-1.20,"2,800",3037
101/10/05,"2,833,164","96,252,426",34.00,34.25,33.70,34.00,+0.20,"1,334",3037
101/10/08,"3,075,583","103,980,899",34.40,34.40,33.55,33.55,-0.45,"1,359",3037
101/10/09,"4,825,405","160,394,140",33.30,33.95,33.00,33.40,-0.15,"2,145",3037
101/10/11,"7,858,220","254,988,635",33.00,33.10,32.00,32.00,-1.40,"3,065",3037
101/10/12,"5,164,811","166,333,645",32.10,32.70,31.80,32.20,+0.20,"2,044",3037
101/10/15,"3,121,711","102,377,282",33.00,33.05,32.25,32.95,+0.75,"1,656",3037
101/10/16,"3,126,647","101,942,536",33.00,33.30,32.25,32.45,-0.50,"1,506",3037
101/10/17,"5,078,333","163,420,193",32.70,32.80,31.75,31.75,-0.70,"2,011",3037
101/10/18,"5,037,142","160,561,543",31.80,32.15,31.40,31.80,+0.05,"2,404",3037
101/10/19,"3,064,395","97,838,994",31.85,32.30,31.65,31.65,-0.15,"1,555",3037
101/10/22,"3,831,588","118,923,070",31.15,31.30,30.75,31.25,-0.40,"1,791",3037
101/10/23,"6,508,600","200,320,765",31.35,31.40,30.40,30.50,-0.75,"2,543",3037
101/10/24,"5,207,789","160,449,109",30.10,31.30,30.05,31.00,+0.50,"2,326",3037
101/10/25,"2,890,308","90,441,889",31.30,31.50,31.00,31.15,+0.15,"1,477",3037
101/10/26,"6,412,317","194,969,460",31.45,31.45,29.90,29.90,-1.25,"2,618",3037
101/10/29,"7,037,880","207,022,905",29.90,30.00,28.70,28.85,-1.05,"2,919",3037
101/10/30,"5,802,751","175,409,000",29.10,30.85,29.10,30.30,+1.45,"2,702",3037
101/10/31,"7,110,620","212,354,684",30.50,30.50,29.35,29.90,-0.40,"2,522",3037
101/11/01,"7,129,069","208,900,144",29.05,30.20,28.75,29.50,-0.40,"2,861",3037
101/11/02,"4,955,233","149,081,981",29.80,30.25,29.75,30.20,+0.70,"2,026",3037
101/11/05,"4,949,629","146,989,626",30.00,30.20,29.25,29.70,-0.50,"1,861",3037
101/11/06,"3,018,376","89,840,007",30.20,30.20,29.40,29.90,+0.20,"1,417",3037
101/11/07,"6,005,332","181,293,320",30.00,30.50,29.90,30.10,+0.20,"2,137",3037
101/11/08,"4,620,716","137,345,704",29.70,29.90,29.40,29.90,-0.20,"2,184",3037
101/11/09,"11,373,045","340,901,183",29.60,30.35,29.40,29.95,+0.05,"4,081",3037
101/11/12,"5,395,298","159,674,510",29.95,30.00,29.25,29.25,-0.70,"2,537",3037
101/11/13,"8,923,904","254,769,169",29.25,29.25,28.15,28.20,-1.05,"4,274",3037
101/11/14,"4,685,168","133,065,404",28.20,28.70,28.00,28.30,+0.10,"1,992",3037
101/11/15,"3,583,505","101,025,787",28.10,28.35,28.00,28.10,-0.20,"1,762",3037
101/11/16,"2,783,509","79,299,253",28.50,28.80,28.30,28.30,+0.20,"1,324",3037
101/11/19,"2,156,205","61,209,339",28.50,28.50,28.25,28.40,+0.10,929,3037
101/11/20,"4,079,537","117,065,898",28.80,28.80,28.50,28.50,+0.10,"1,590",3037
101/11/21,"2,496,736","70,884,636",28.70,28.75,28.15,28.25,-0.25,"1,207",3037
101/11/22,"1,303,041","37,141,507",28.50,28.65,28.35,28.35,+0.10,788,3037
101/11/23,"7,969,795","232,100,612",28.40,29.45,28.40,29.40,+1.05,"2,801",3037
101/11/26,"8,889,490","265,462,093",29.60,30.25,29.45,29.95,+0.55,"3,263",3037
101/11/27,"9,546,817","290,774,943",29.90,30.70,29.90,30.70,+0.75,"3,588",3037
101/11/28,"8,198,996","247,967,069",30.40,30.50,29.90,30.25,-0.45,"2,690",3037
101/11/29,"7,330,322","226,482,782",30.45,31.15,30.35,31.00,+0.75,"2,998",3037
101/11/30,"6,137,819","192,715,841",31.40,31.60,31.05,31.60,+0.60,"2,520",3037
101/12/03,"3,333,402","104,402,244",31.60,31.60,31.10,31.45,-0.15,"1,467",3037
101/12/04,"3,842,703","119,507,579",31.40,31.40,30.95,31.20,-0.25,"1,588",3037
101/12/05,"3,886,850","121,495,028",31.20,31.50,31.05,31.15,-0.05,"1,812",3037
101/12/06,"4,679,298","145,295,489",31.40,31.45,30.80,30.80,-0.35,"2,194",3037
101/12/07,"3,015,389","93,356,175",30.80,31.20,30.80,30.80, 0.00,"1,357",3037
101/12/10,"3,012,540","92,226,980",31.00,31.15,30.35,30.35,-0.45,"1,558",3037
101/12/11,"4,669,189","143,076,033",30.30,30.95,30.25,30.95,+0.60,"1,911",3037
101/12/12,"4,221,917","130,639,488",31.10,31.20,30.80,30.80,-0.15,"2,035",3037
101/12/13,"3,993,443","123,867,357",30.80,31.35,30.70,31.00,+0.20,"1,348",3037
101/12/14,"2,347,041","72,129,402",30.75,31.00,30.65,30.70,-0.30,"1,099",3037
101/12/17,"3,070,154","93,545,794",30.40,30.70,30.20,30.55,-0.15,"1,400",3037
101/12/18,"2,125,968","65,126,210",30.70,30.85,30.45,30.75,+0.20,"1,053",3037
101/12/19,"4,751,502","145,062,655",30.90,30.95,30.25,30.60,-0.15,"1,923",3037
101/12/20,"3,551,212","107,039,531",30.50,30.50,30.05,30.05,-0.55,"1,344",3037
101/12/21,"3,313,947","98,239,725",30.05,30.25,29.40,29.70,-0.35,"1,582",3037
101/12/22,"2,574,639","76,454,056",29.90,29.90,29.60,29.60,-0.10,"1,001",3037
101/12/24,"3,201,324","94,862,551",29.60,29.90,29.50,29.55,-0.05,"1,144",3037
101/12/25,"3,933,114","119,371,785",29.70,30.75,29.65,30.75,+1.20,"2,031",3037
101/12/26,"7,454,498","230,315,174",31.00,31.20,30.65,30.70,-0.05,"2,917",3037
101/12/27,"2,427,196","74,689,530",30.60,30.90,30.55,30.80,+0.10,"1,406",3037
101/12/28,"3,071,432","95,017,249",30.95,31.10,30.80,30.80, 0.00,"1,677",3037
102/01/02,"4,058,122","124,932,861",31.00,31.10,30.60,30.60,-0.20,"1,710",3037
102/01/03,"7,597,955","236,107,805",31.00,31.40,30.75,31.15,+0.55,"2,258",3037
102/01/04,"3,513,621","108,317,174",31.10,31.10,30.65,30.65,-0.50,"1,773",3037
102/01/07,"3,155,394","95,994,144",30.80,30.85,30.20,30.20,-0.45,"1,962",3037
102/01/08,"3,919,804","117,198,896",30.20,30.20,29.75,29.80,-0.40,"2,053",3037
102/01/09,"3,944,186","118,540,510",29.75,30.40,29.70,30.10,+0.30,"1,550",3037
102/01/10,"6,273,377","187,944,993",30.40,30.40,29.65,30.00,-0.10,"2,770",3037
102/01/11,"4,543,892","135,736,530",30.20,30.25,29.70,29.75,-0.25,"1,926",3037
102/01/14,"2,404,480","71,439,371",29.55,29.85,29.50,29.80,+0.05,"1,092",3037
102/01/15,"3,762,442","112,688,767",30.00,30.25,29.70,29.80, 0.00,"1,549",3037
102/01/16,"5,103,761","151,837,494",30.00,30.00,29.60,29.60,-0.20,"2,344",3037
102/01/17,"5,880,257","172,683,990",29.70,30.00,28.70,28.80,-0.80,"2,485",3037
102/01/18,"4,320,333","125,147,607",29.10,29.25,28.80,29.00,+0.20,"1,928",3037
102/01/21,"3,592,100","103,165,168",29.00,29.00,28.60,28.65,-0.35,"2,082",3037
102/01/22,"4,853,638","140,119,107",28.60,29.20,28.60,28.90,+0.25,"2,161",3037
102/01/23,"3,096,662","89,558,873",29.10,29.10,28.75,29.05,+0.15,"1,491",3037
102/01/24,"5,194,367","149,527,725",29.00,29.10,28.60,28.65,-0.40,"1,755",3037
102/01/25,"3,986,865","114,154,930",28.65,28.85,28.55,28.55,-0.10,"1,630",3037
102/01/28,"3,336,357","95,099,820",28.60,28.75,28.35,28.50,-0.05,"1,307",3037
102/01/29,"3,871,055","112,343,590",28.80,29.20,28.70,29.20,+0.70,"1,819",3037
102/01/30,"4,477,687","131,415,902",29.20,29.50,29.20,29.25,+0.05,"1,885",3037
102/01/31,"4,925,304","144,182,383",29.30,29.50,28.95,29.50,+0.25,"1,788",3037
102/02/01,"8,211,416","237,558,217",28.95,29.15,28.75,28.80,-0.70,"3,021",3037
102/02/04,"3,164,953","91,540,074",29.20,29.20,28.80,29.00,+0.20,"1,444",3037
102/02/05,"3,019,413","86,752,362",29.00,29.00,28.55,28.80,-0.20,"1,628",3037
102/02/06,"4,352,923","124,455,196",28.80,28.90,28.50,28.50,-0.30,"2,029",3037
102/02/18,"4,964,695","141,245,990",28.80,28.80,28.30,28.30,-0.20,"1,939",3037
102/02/19,"4,165,677","118,606,267",28.40,28.70,28.35,28.40,+0.10,"1,875",3037
102/02/20,"5,908,401","169,291,098",28.60,28.85,28.45,28.85,+0.45,"2,400",3037
102/02/21,"6,400,572","184,904,487",28.80,29.10,28.60,28.95,+0.10,"1,901",3037
102/02/22,"5,859,620","168,381,114",28.90,28.95,28.55,28.80,-0.15,"1,737",3037
102/02/23,"1,207,884","34,908,551",29.10,29.10,28.80,28.95,+0.15,618,3037
102/02/25,"3,618,522","103,643,887",28.95,28.95,28.50,28.50,-0.45,"1,886",3037
102/02/26,"7,131,250","197,860,962",28.35,28.60,28.20,28.30,-0.20,"1,650",3037
102/02/27,"3,517,005","99,564,982",28.45,28.55,28.20,28.20,-0.10,"1,567",3037
102/03/01,"3,567,496","101,055,830",28.50,28.60,28.20,28.20, 0.00,"1,620",3037
102/03/04,"7,245,852","202,779,418",28.30,28.35,27.55,28.20, 0.00,"3,152",3037
102/03/05,"2,703,462","75,802,296",28.30,28.30,27.85,28.00,-0.20,"1,343",3037
102/03/06,"3,689,277","103,739,756",28.35,28.40,27.95,28.00, 0.00,"1,819",3037
102/03/07,"3,009,030","84,571,083",28.00,28.35,28.00,28.35,+0.35,"1,843",3037
102/03/08,"3,847,779","109,976,916",28.50,28.70,28.40,28.70,+0.35,"1,708",3037
102/03/11,"4,324,647","124,788,077",28.80,29.10,28.50,29.05,+0.35,"1,869",3037
102/03/12,"15,694,728","469,846,833",29.60,30.20,29.35,30.10,+1.05,"5,770",3037
102/03/13,"12,919,162","393,092,130",30.10,30.80,30.00,30.25,+0.15,"4,031",3037
102/03/14,"21,336,262","659,712,048",31.05,31.40,30.55,30.65,+0.40,"7,015",3037
102/03/15,"8,919,408","268,380,510",30.80,30.80,29.50,29.60,-1.05,"3,572",3037
102/03/18,"6,262,408","183,833,635",29.60,29.85,29.10,29.10,-0.50,"2,547",3037
102/03/19,"11,113,624","333,833,934",29.15,30.40,29.15,30.20,+1.10,"3,697",3037
102/03/20,"9,148,860","278,878,929",30.10,30.80,29.95,30.35,+0.15,"3,382",3037
102/03/21,"5,012,914","152,161,097",30.50,30.65,30.15,30.15,-0.20,"1,729",3037
102/03/22,"6,270,686","191,558,198",30.15,30.80,30.15,30.50,+0.35,"2,054",3037
102/03/25,"4,089,570","123,964,630",30.60,30.80,30.15,30.25,-0.25,"1,738",3037
102/03/26,"5,065,556","154,068,785",30.40,30.60,30.20,30.20,-0.05,"1,878",3037
102/03/27,"16,429,052","508,231,497",30.55,31.15,30.30,31.15,+0.95,"5,566",3037
102/03/28,"7,390,454","228,012,139",31.30,31.30,30.55,30.70,-0.45,"2,900",3037
102/03/29,"16,480,767","513,243,926",30.80,31.55,30.70,31.15,+0.45,"5,414",3037
102/04/01,"5,131,676","158,269,798",31.15,31.20,30.65,30.75,-0.40,"1,981",3037
102/04/02,"4,585,420","140,803,642",30.75,30.85,30.55,30.85,+0.10,"1,843",3037
102/04/03,"4,460,592","138,117,228",31.20,31.20,30.85,30.85, 0.00,"1,747",3037
102/04/08,"6,759,431","202,287,534",30.15,30.20,29.65,29.90,-0.95,"2,785",3037
102/04/09,"4,024,228","120,869,440",29.95,30.30,29.85,29.85,-0.05,"1,873",3037
102/04/10,"3,329,196","99,244,868",30.00,30.05,29.60,29.60,-0.25,"1,902",3037
102/04/11,"3,281,481","97,844,296",29.80,30.10,29.65,29.90,+0.30,"1,383",3037
102/04/12,"2,557,163","76,180,793",30.25,30.25,29.60,29.70,-0.20,"1,138",3037
102/04/15,"3,867,220","112,856,430",29.50,29.65,28.90,28.90,-0.80,"1,682",3037
102/04/16,"2,785,731","81,057,149",28.50,29.60,28.50,29.60,+0.70,"1,206",3037
102/04/17,"3,538,861","104,715,042",29.60,29.80,29.35,29.35,-0.25,"1,584",3037
102/04/18,"8,109,882","244,187,544",29.20,30.60,29.05,30.50,+1.15,"3,525",3037
102/04/19,"8,442,764","254,674,020",30.50,30.50,29.90,30.00,-0.50,"3,175",3037
102/04/22,"8,473,993","252,155,784",30.00,30.20,29.50,29.65,-0.35,"2,644",3037
102/04/23,"8,034,937","237,189,636",29.80,29.95,29.30,29.50,-0.15,"2,800",3037
102/04/24,"11,744,772","346,920,717",29.65,29.80,29.45,29.50, 0.00,"3,040",3037
102/04/25,"8,408,069","248,053,232",29.50,29.65,29.40,29.50, 0.00,"2,730",3037
102/04/26,"16,246,108","491,814,790",29.70,30.60,29.70,30.15,+0.65,"5,536",3037
102/04/29,"13,578,901","416,759,500",30.50,31.10,30.35,31.10,+0.95,"4,890",3037
102/04/30,"19,901,549","622,378,669",31.40,31.90,30.90,31.10, 0.00,"6,493",3037
102/05/02,"11,289,391","343,763,783",31.00,31.00,30.25,30.30,-0.80,"4,111",3037
102/05/03,"8,485,828","256,103,884",30.50,30.70,29.85,29.95,-0.35,"3,081",3037
102/05/06,"7,316,459","221,610,179",30.45,30.50,30.10,30.10,+0.15,"2,418",3037
102/05/07,"8,582,439","262,567,133",30.55,30.85,30.40,30.40,+0.30,"3,296",3037
102/05/08,"15,834,325","492,944,533",30.50,31.45,30.50,31.25,+0.85,"5,515",3037
102/05/09,"9,535,460","296,786,910",31.60,31.60,30.90,31.05,-0.20,"3,434",3037
102/05/10,"8,436,140","264,720,719",31.10,31.60,31.05,31.35,+0.30,"3,667",3037
102/05/13,"11,254,015","345,801,349",31.35,31.45,30.40,30.50,-0.85,"3,641",3037
102/05/14,"5,431,933","166,914,672",30.70,30.95,30.50,30.95,+0.45,"2,193",3037
102/05/15,"4,438,287","137,249,697",31.00,31.10,30.70,31.10,+0.15,"1,889",3037
102/05/16,"6,489,316","201,895,396",31.30,31.35,30.90,31.10, 0.00,"2,536",3037
102/05/17,"3,449,031","107,508,761",31.25,31.30,31.00,31.00,-0.10,"1,657",3037
102/05/20,"17,703,875","565,724,629",31.00,32.45,30.80,32.40,+1.40,"6,209",3037
102/05/21,"11,913,676","384,487,217",32.80,33.00,31.70,31.70,-0.70,"5,390",3037
102/05/22,"20,073,034","651,898,185",32.00,32.90,31.55,32.90,+1.20,"6,531",3037
102/05/23,"15,904,855","517,977,310",32.70,33.30,32.00,32.00,-0.90,"5,884",3037
102/05/24,"7,863,837","251,583,724",32.45,32.50,31.55,31.65,-0.35,"2,954",3037
102/05/27,"10,875,467","351,245,460",32.00,32.60,31.90,32.60,+0.95,"3,850",3037
102/05/28,"6,650,800","215,330,058",32.75,32.75,32.10,32.15,-0.45,"2,685",3037
102/05/29,"4,794,712","154,097,201",32.40,32.70,31.75,32.25,+0.10,"2,006",3037
102/05/30,"4,497,510","143,425,612",32.20,32.30,31.65,31.70,-0.55,"2,244",3037
102/05/31,"10,547,501","338,371,524",32.20,32.50,31.55,32.50,+0.80,"3,131",3037
102/06/03,"4,653,011","149,388,002",31.65,32.40,31.60,32.10,-0.40,"2,446",3037
102/06/04,"3,897,825","124,007,397",32.20,32.30,31.65,31.65,-0.45,"1,616",3037
102/06/05,"4,575,709","144,148,897",31.65,31.80,31.20,31.25,-0.40,"1,688",3037
102/06/06,"3,951,105","123,331,376",31.10,31.55,30.85,31.25, 0.00,"1,774",3037
102/06/07,"4,164,275","128,932,351",31.05,31.25,30.75,30.75,-0.50,"1,543",3037
102/06/10,"3,393,411","105,668,908",31.05,31.40,30.85,31.00,+0.25,"1,307",3037
102/06/11,"2,911,578","90,104,418",31.20,31.25,30.70,31.05,+0.05,"1,199",3037
102/06/13,"6,067,598","183,184,690",30.70,30.80,30.00,30.00,-1.05,"2,786",3037
102/06/14,"3,931,982","116,960,060",30.05,30.40,29.50,29.50,-0.50,"2,082",3037
102/06/17,"5,323,573","156,155,551",29.20,29.70,29.15,29.40,-0.10,"2,648",3037
102/06/18,"3,356,755","98,403,286",29.40,29.55,29.15,29.20,-0.20,"2,150",3037
102/06/19,"3,162,129","93,271,182",29.60,29.85,29.40,29.40,+0.20,"1,865",3037
102/06/20,"9,558,922","273,231,388",29.15,29.30,28.10,28.20,-1.20,"4,041",3037
102/06/21,"16,738,714","463,576,342",27.90,28.15,27.50,27.50,-0.70,"4,456",3037
102/06/24,"4,876,450","136,591,900",27.90,28.25,27.80,27.85,+0.35,"2,540",3037
102/06/25,"6,569,640","185,721,381",27.90,28.65,27.85,28.35,+0.50,"2,915",3037
102/06/26,"8,419,560","243,418,790",28.75,29.10,28.60,29.10,+0.75,"3,435",3037
102/06/27,"8,352,374","241,049,458",29.10,29.35,28.50,28.65,-0.45,"3,939",3037
102/06/28,"5,541,761","160,019,262",28.95,29.25,28.65,28.70,+0.05,"2,385",3037
102/07/01,"2,924,756","85,286,019",28.75,29.40,28.60,29.20,+0.50,"1,299",3037
102/07/02,"2,791,647","81,268,410",29.50,29.50,28.85,28.85,-0.35,"1,540",3037
102/07/03,"2,909,343","84,399,699",28.85,29.20,28.85,29.00,+0.15,"1,092",3037
102/07/04,"3,300,592","94,048,926",29.10,29.10,28.25,28.30,-0.70,"1,400",3037
102/07/05,"4,012,877","115,006,058",28.50,28.85,28.45,28.80,+0.50,"1,193",3037
102/07/08,"2,411,500","69,322,722",28.80,28.90,28.50,28.80, 0.00,972,3037
102/07/09,"3,976,623","113,616,689",28.75,29.05,28.40,28.40,-0.40,"1,641",3037
102/07/10,"3,798,779","108,725,199",28.55,28.95,28.40,28.50,+0.10,"1,253",3037
102/07/11,"4,216,108","122,338,591",28.90,29.15,28.70,29.15,+0.65,"1,923",3037
102/07/12,"3,189,000","93,171,550",29.30,29.40,29.05,29.40,+0.25,"1,464",3037
102/07/15,"4,711,395","139,606,782",29.50,29.90,29.30,29.90,+0.50,"2,441",3037
102/07/16,"6,191,816","186,046,052",30.00,30.25,29.70,30.20,+0.30,"3,075",3037
102/07/17,"3,148,531","93,914,397",30.10,30.10,29.60,30.00,-0.20,"1,660",3037
102/07/18,"3,616,780","107,851,789",30.00,30.10,29.60,29.90,-0.10,"1,794",3037
102/07/19,"3,057,635","91,094,242",29.90,30.10,29.60,29.70,-0.20,"1,617",3037
102/07/22,"4,312,822","128,509,046",30.00,30.00,29.65,29.75,+0.05,"2,173",3037
102/07/23,"5,871,220","177,456,364",29.95,30.50,29.90,30.50,+0.75,"2,743",3037
102/07/24,"5,836,218","175,086,401",30.50,30.50,29.85,29.90,-0.60,"2,117",3037
102/07/25,"4,676,829","135,404,170",29.00,29.20,28.80,28.80,X0.00,"1,945",3037
102/07/26,"3,736,015","107,790,418",28.90,29.25,28.60,28.65,-0.15,"1,921",3037
102/07/29,"2,052,927","58,760,906",28.60,28.85,28.50,28.55,-0.10,803,3037
102/07/30,"2,394,396","68,705,837",28.60,28.95,28.45,28.75,+0.20,"1,128",3037
102/07/31,"8,359,176","233,490,906",28.55,28.60,27.55,27.55,-1.20,"3,869",3037
102/08/01,"17,719,595","465,045,470",26.75,26.90,25.65,25.75,-1.80,"6,161",3037
102/08/02,"17,087,432","431,421,725",25.80,26.00,24.50,25.50,-0.25,"6,560",3037
102/08/05,"4,737,023","119,719,518",25.20,25.45,25.15,25.25,-0.25,"2,612",3037
102/08/06,"6,018,977","149,980,925",25.25,25.40,24.75,24.80,-0.45,"2,796",3037
102/08/07,"12,341,492","296,641,123",24.70,24.70,23.55,23.75,-1.05,"5,176",3037
102/08/08,"8,800,699","209,483,893",23.75,24.25,23.50,23.75, 0.00,"4,174",3037
102/08/09,"5,954,768","142,390,105",23.80,24.15,23.80,23.90,+0.15,"2,819",3037
102/08/12,"6,065,429","146,220,964",23.90,24.35,23.70,24.30,+0.40,"2,422",3037
102/08/13,"5,713,016","140,689,081",24.80,24.80,24.50,24.55,+0.25,"2,340",3037
102/08/14,"4,454,041","108,492,434",24.55,24.70,24.15,24.30,-0.25,"2,033",3037
102/08/15,"3,535,322","84,868,350",24.05,24.15,23.90,23.90,-0.40,"1,739",3037
102/08/16,"4,581,410","110,676,471",23.80,24.45,23.70,24.40,+0.50,"2,187",3037
102/08/19,"6,632,579","163,202,914",24.65,24.75,24.40,24.60,+0.20,"2,893",3037
102/08/20,"6,089,012","146,514,224",24.50,24.60,23.50,23.80,-0.80,"3,082",3037
102/08/22,"6,270,538","149,028,992",23.55,24.15,23.50,23.65,-0.15,"3,301",3037
102/08/23,"8,320,425","202,573,236",23.80,24.70,23.80,24.55,+0.90,"3,884",3037
102/08/26,"8,147,536","203,484,911",24.80,25.20,24.75,24.90,+0.35,"3,504",3037
102/08/27,"4,964,556","121,198,191",24.80,24.80,24.10,24.10,-0.80,"2,393",3037
102/08/28,"4,117,700","98,289,970",23.80,24.00,23.75,23.85,-0.25,"1,937",3037
102/08/29,"2,807,974","67,626,868",23.90,24.25,23.90,23.95,+0.10,"1,231",3037
102/08/30,"2,538,531","61,385,470",24.00,24.30,24.00,24.30,+0.35,"1,113",3037
102/09/02,"10,648,998","265,931,592",24.30,25.40,24.25,25.30,+1.00,"4,380",3037
102/09/03,"8,377,253","210,847,475",25.50,25.50,24.95,25.05,-0.25,"3,497",3037
102/09/04,"4,335,003","108,489,268",25.00,25.20,24.85,25.15,+0.10,"2,147",3037
102/09/05,"4,953,510","125,102,767",25.40,25.40,25.10,25.30,+0.15,"1,893",3037
102/09/06,"3,612,528","90,843,563",25.40,25.40,25.05,25.05,-0.25,"1,449",3037
102/09/09,"4,261,089","107,375,740",25.15,25.35,24.95,25.30,+0.25,"1,973",3037
102/09/10,"5,235,011","131,547,665",25.50,25.55,24.90,24.90,-0.40,"2,228",3037
102/09/11,"4,451,544","111,644,055",25.00,25.40,24.80,25.40,+0.50,"1,865",3037
102/09/12,"5,121,245","128,199,890",25.40,25.40,24.80,24.90,-0.50,"2,498",3037
102/09/13,"3,267,349","82,082,251",25.30,25.30,25.00,25.10,+0.20,"1,476",3037
102/09/14,"2,188,659","55,134,602",25.40,25.45,25.05,25.05,-0.05,930,3037
102/09/16,"3,411,524","86,093,716",25.20,25.35,25.15,25.25,+0.20,"1,414",3037
102/09/17,"5,305,505","132,185,225",25.20,25.25,24.65,25.00,-0.25,"2,431",3037
102/09/18,"3,482,135","87,269,174",25.00,25.20,24.90,25.15,+0.15,"1,568",3037
102/09/23,"25,316,429","664,641,120",25.25,26.90,25.15,26.90,+1.75,"8,508",3037
102/09/24,"19,796,063","534,900,725",27.20,27.50,26.55,26.60,-0.30,"7,202",3037
102/09/25,"8,945,189","234,281,626",26.60,26.70,26.05,26.10,-0.50,"3,380",3037
102/09/26,"6,951,473","179,101,177",26.10,26.20,25.55,25.55,-0.55,"2,960",3037
102/09/27,"5,291,933","134,777,038",25.55,25.80,25.35,25.35,-0.20,"2,108",3037
102/09/30,"3,575,579","90,055,469",25.20,25.30,25.05,25.20,-0.15,"1,404",3037
102/10/01,"3,627,428","92,409,779",25.30,25.80,25.20,25.20, 0.00,"1,742",3037
102/10/02,"3,621,231","91,603,573",25.20,25.50,25.20,25.25,+0.05,"1,822",3037
102/10/03,"9,543,974","246,548,870",25.55,26.10,25.55,25.75,+0.50,"3,912",3037
102/10/04,"5,520,328","141,167,531",25.85,25.95,25.40,25.45,-0.30,"2,354",3037
102/10/07,"3,765,377","95,671,930",25.45,25.65,25.20,25.30,-0.15,"1,583",3037
102/10/08,"6,069,945","153,543,388",25.50,25.50,25.15,25.50,+0.20,"1,918",3037
102/10/09,"6,095,862","153,217,300",25.40,25.40,24.95,24.95,-0.55,"2,374",3037
102/10/11,"5,389,724","133,642,152",25.10,25.40,24.40,24.40,-0.55,"2,104",3037
102/10/14,"5,191,181","124,558,175",24.40,24.45,23.80,23.90,-0.50,"2,263",3037
102/10/15,"4,137,278","99,347,146",24.00,24.20,23.95,23.95,+0.05,"1,726",3037
102/10/16,"5,035,307","122,288,323",24.10,24.65,24.00,24.10,+0.15,"2,143",3037
102/10/17,"3,728,232","90,227,355",24.40,24.55,24.10,24.20,+0.10,"1,882",3037
102/10/18,"5,762,328","138,746,031",24.35,24.35,23.90,24.25,+0.05,"2,239",3037
102/10/21,"4,149,072","100,047,644",24.40,24.40,24.00,24.20,-0.05,"2,135",3037
102/10/22,"4,150,591","99,763,984",24.10,24.15,23.95,23.95,-0.25,"1,490",3037
102/10/23,"3,411,452","81,896,837",24.00,24.15,23.90,23.90,-0.05,"1,461",3037
102/10/24,"4,505,683","108,973,284",23.95,24.35,23.95,24.10,+0.20,"1,940",3037
102/10/25,"3,412,652","82,030,998",24.00,24.15,23.95,24.05,-0.05,"1,610",3037
102/10/28,"3,110,691","74,717,437",24.10,24.25,23.95,23.95,-0.10,"1,523",3037
102/10/29,"9,467,078","230,642,485",23.95,24.60,23.95,24.30,+0.35,"2,986",3037
102/10/30,"4,712,281","113,761,794",24.40,24.45,24.00,24.00,-0.30,"1,790",3037
102/10/31,"19,072,180","438,571,321",23.80,23.80,22.70,23.25,-0.75,"6,403",3037
102/11/01,"7,219,757","164,767,961",23.20,23.20,22.65,22.65,-0.60,"3,403",3037
102/11/04,"4,378,879","99,448,243",22.60,22.95,22.60,22.60,-0.05,"1,909",3037
102/11/05,"5,918,175","132,153,204",22.65,22.85,22.10,22.10,-0.50,"2,570",3037
102/11/06,"13,268,294","282,286,774",22.10,22.30,20.90,20.90,-1.20,"4,843",3037
102/11/07,"11,824,631","242,369,116",20.90,21.10,20.10,20.70,-0.20,"4,561",3037
102/11/08,"5,006,825","103,285,335",20.70,20.85,20.45,20.50,-0.20,"2,045",3037
102/11/11,"7,404,243","149,339,060",20.55,20.70,19.85,19.85,-0.65,"2,679",3037
102/11/12,"5,832,596","116,520,998",19.95,20.25,19.85,19.90,+0.05,"2,259",3037
102/11/13,"5,094,200","101,748,903",19.95,20.20,19.85,19.85,-0.05,"1,871",3037
102/11/14,"6,253,836","126,078,092",19.90,20.40,19.85,20.10,+0.25,"2,419",3037
102/11/15,"10,977,121","224,617,790",20.15,20.75,20.05,20.55,+0.45,"3,797",3037
102/11/18,"7,419,587","149,039,282",20.65,20.65,19.75,19.75,-0.80,"3,003",3037
102/11/19,"5,835,637","114,989,551",19.80,20.00,19.80,19.90,+0.15,"1,992",3037
102/11/20,"6,388,710","128,061,656",19.90,20.25,19.90,20.05,+0.15,"2,203",3037
102/11/21,"10,548,357","213,806,322",20.05,20.60,20.00,20.40,+0.35,"3,393",3037
102/11/22,"13,362,278","279,698,282",20.65,21.20,20.60,20.65,+0.25,"4,687",3037
102/11/25,"5,443,372","113,089,989",20.95,21.00,20.60,20.75,+0.10,"1,830",3037
102/11/26,"15,432,054","327,053,704",20.75,21.50,20.65,21.50,+0.75,"4,198",3037
102/11/27,"6,661,324","143,067,777",21.50,21.60,21.30,21.40,-0.10,"2,346",3037
102/11/28,"5,990,847","129,758,505",21.45,21.80,21.45,21.60,+0.20,"2,594",3037
102/11/29,"11,445,583","253,254,230",22.00,22.30,21.85,21.95,+0.35,"4,029",3037
102/12/02,"5,483,949","120,253,773",22.25,22.25,21.75,21.80,-0.15,"2,426",3037
102/12/03,"4,124,508","89,116,620",21.80,21.90,21.50,21.50,-0.30,"2,143",3037
102/12/04,"6,969,884","151,709,133",21.50,22.10,21.35,22.05,+0.55,"2,434",3037
102/12/05,"7,423,767","162,310,500",22.05,22.10,21.60,21.90,-0.15,"1,899",3037
102/12/06,"16,098,083","358,016,292",21.90,22.40,21.85,22.40,+0.50,"4,607",3037
102/12/09,"18,712,393","426,578,570",22.80,23.20,22.10,22.10,-0.30,"6,199",3037
102/12/10,"6,413,241","140,947,330",22.10,22.30,21.75,21.75,-0.35,"2,277",3037
102/12/11,"10,208,732","217,868,336",21.75,21.95,20.95,21.00,-0.75,"3,615",3037
102/12/12,"4,044,471","84,932,823",20.90,21.35,20.65,21.25,+0.25,"1,622",3037
102/12/13,"4,144,120","87,974,737",21.20,21.40,21.10,21.20,-0.05,"1,683",3037
102/12/16,"8,431,812","180,332,638",21.10,21.70,20.90,21.55,+0.35,"3,404",3037
102/12/17,"4,869,674","104,583,237",21.60,21.70,21.30,21.40,-0.15,"1,385",3037
102/12/18,"3,594,991","76,492,000",21.40,21.50,21.10,21.10,-0.30,"1,584",3037
102/12/19,"4,753,521","100,430,807",21.40,21.40,20.90,21.05,-0.05,"1,960",3037
102/12/20,"3,518,466","74,049,136",21.10,21.25,20.90,21.00,-0.05,"1,420",3037
102/12/23,"3,457,283","72,839,243",21.15,21.20,20.95,21.05,+0.05,"1,282",3037
102/12/24,"2,817,931","59,441,240",21.20,21.25,21.00,21.05, 0.00,"1,021",3037
102/12/25,"2,767,712","58,435,323",21.05,21.20,21.05,21.05, 0.00,958,3037
102/12/26,"9,748,097","210,380,187",21.10,21.80,21.10,21.60,+0.55,"3,928",3037
102/12/27,"7,615,985","165,543,365",21.60,21.90,21.50,21.70,+0.10,"2,614",3037
102/12/30,"12,632,191","278,657,511",21.75,22.35,21.70,22.20,+0.50,"3,969",3037
102/12/31,"14,338,608","322,985,074",22.45,22.80,22.20,22.60,+0.40,"4,711",3037
103/01/02,"18,048,030","412,969,572",22.80,23.15,22.65,22.85,+0.25,"6,608",3037
103/01/03,"9,383,662","210,614,572",22.70,22.70,22.30,22.35,-0.50,"3,437",3037
103/01/06,"13,239,327","302,839,490",22.40,23.15,22.40,22.65,+0.30,"5,114",3037
103/01/07,"26,446,959","622,002,212",23.00,23.85,22.90,23.85,+1.20,"8,421",3037
103/01/08,"40,268,563","993,878,416",24.20,25.30,24.10,25.00,+1.15,"13,725",3037
103/01/09,"28,592,914","711,745,539",25.00,25.50,24.15,24.35,-0.65,"9,297",3037
103/01/10,"15,140,641","370,481,899",24.35,24.95,24.10,24.15,-0.20,"5,012",3037
103/01/13,"10,453,886","252,391,764",24.30,24.60,23.90,23.95,-0.20,"3,977",3037
103/01/14,"7,781,379","188,206,702",23.95,24.30,23.90,24.30,+0.35,"2,601",3037
103/01/15,"16,276,585","400,214,727",24.60,24.85,24.30,24.55,+0.25,"4,393",3037
103/01/16,"18,545,389","459,568,185",24.95,25.10,24.55,24.85,+0.30,"5,220",3037
103/01/17,"16,411,500","405,918,408",25.00,25.10,24.50,24.65,-0.20,"4,666",3037
103/01/20,"11,477,685","279,221,948",24.50,24.60,24.20,24.25,-0.40,"4,364",3037
103/01/21,"11,522,470","282,423,991",24.50,24.90,24.15,24.15,-0.10,"4,518",3037
103/01/22,"10,328,772","247,395,090",24.25,24.40,23.75,23.80,-0.35,"4,848",3037
103/01/23,"11,207,245","268,796,599",23.85,24.30,23.70,23.95,+0.15,"3,973",3037
103/01/24,"8,162,040","193,525,339",24.15,24.15,23.50,23.65,-0.30,"3,442",3037
103/01/27,"11,248,592","260,015,731",23.35,23.50,23.00,23.20,-0.45,"5,089",3037
103/02/05,"9,313,958","210,100,897",22.60,23.00,22.20,22.30,-0.90,"4,535",3037
103/02/06,"8,016,634","183,129,077",22.40,23.10,22.40,22.85,+0.55,"3,765",3037
103/02/07,"13,912,706","313,453,611",23.00,23.10,22.35,22.45,-0.40,"5,302",3037
103/02/10,"8,261,918","186,485,773",22.70,22.85,22.35,22.40,-0.05,"2,708",3037
103/02/11,"11,790,783","266,249,842",22.40,22.80,22.40,22.80,+0.40,"4,110",3037
103/02/12,"12,883,427","292,408,299",22.80,22.95,22.50,22.75,-0.05,"3,503",3037
103/02/13,"22,046,341","507,809,143",22.90,23.30,22.75,22.75, 0.00,"6,570",3037
103/02/14,"10,555,078","238,783,092",22.90,23.00,22.50,22.55,-0.20,"3,856",3037
103/02/17,"32,579,590","691,565,990",21.90,21.90,21.00,21.00,-1.55,"10,124",3037
103/02/18,"9,844,932","207,697,089",20.80,21.30,20.80,21.30,+0.30,"4,116",3037
103/02/19,"7,030,760","148,233,574",21.30,21.30,21.00,21.05,-0.25,"2,911",3037
103/02/20,"9,836,723","206,572,359",21.00,21.20,20.80,20.80,-0.25,"3,741",3037
103/02/21,"16,562,794","353,011,954",20.85,21.55,20.85,21.30,+0.50,"5,320",3037
103/02/24,"4,703,568","99,608,030",21.30,21.35,21.10,21.20,-0.10,"1,844",3037
103/02/25,"14,752,856","319,065,597",21.30,21.80,21.25,21.75,+0.55,"4,644",3037
103/02/26,"9,412,318","203,932,833",21.90,21.90,21.50,21.75, 0.00,"3,159",3037
103/02/27,"6,792,452","146,331,557",21.70,21.85,21.30,21.40,-0.35,"2,271",3037
103/03/03,"8,861,421","190,973,982",21.40,21.90,21.10,21.60,+0.20,"3,351",3037
103/03/04,"7,743,384","167,442,550",21.70,21.90,21.45,21.50,-0.10,"2,845",3037
103/03/05,"9,012,498","194,861,266",21.70,21.80,21.45,21.80,+0.30,"2,691",3037
103/03/06,"5,869,796","127,263,730",21.80,21.85,21.60,21.60,-0.20,"2,344",3037
103/03/07,"8,400,793","182,510,012",21.85,21.90,21.55,21.65,+0.05,"3,076",3037
103/03/10,"5,838,147","125,448,550",21.65,21.70,21.40,21.50,-0.15,"2,210",3037
103/03/11,"18,433,717","407,339,874",22.00,22.30,21.90,22.00,+0.50,"5,405",3037
103/03/12,"6,900,717","150,311,393",22.00,22.00,21.60,21.70,-0.30,"3,034",3037
103/03/13,"7,304,873","157,495,772",21.85,21.85,21.40,21.40,-0.30,"3,100",3037
103/03/14,"6,981,458","148,587,671",21.25,21.40,21.20,21.25,-0.15,"2,719",3037
103/03/17,"4,009,864","85,969,509",21.20,21.55,21.20,21.55,+0.30,"1,656",3037
103/03/18,"4,668,992","101,021,667",21.65,21.75,21.50,21.50,-0.05,"1,625",3037
103/03/19,"3,391,677","72,694,889",21.50,21.65,21.35,21.35,-0.15,"1,676",3037
103/03/20,"6,248,747","132,519,280",21.25,21.35,21.10,21.20,-0.15,"2,414",3037
103/03/21,"13,507,532","293,558,310",21.50,22.00,21.35,21.90,+0.70,"5,275",3037
103/03/24,"43,435,764","998,217,314",22.60,23.40,22.30,23.40,+1.50,"12,262",3037
103/03/25,"44,318,584","1,056,720,205",23.80,24.20,23.45,23.45,+0.05,"12,482",3037
103/03/26,"37,751,489","905,088,245",23.80,24.50,23.20,24.10,+0.65,"12,714",3037
103/03/27,"32,716,650","793,883,120",24.20,24.70,23.90,24.00,-0.10,"10,146",3037
103/03/28,"26,876,266","656,912,702",24.50,24.95,24.00,24.10,+0.10,"6,874",3037
103/03/31,"16,015,940","391,282,811",24.60,24.75,24.10,24.50,+0.40,"4,850",3037
103/04/01,"21,113,639","518,865,458",24.55,24.95,24.25,24.60,+0.10,"6,040",3037
103/04/02,"19,021,391","469,536,894",24.85,24.95,24.35,24.35,-0.25,"5,498",3037
103/04/03,"10,903,643","267,902,586",24.70,24.80,24.40,24.40,+0.05,"4,185",3037
103/04/07,"10,645,899","260,712,822",24.40,24.70,24.20,24.70,+0.30,"4,314",3037
103/04/08,"22,094,715","552,536,503",24.75,25.35,24.70,24.85,+0.15,"6,657",3037
103/04/09,"13,732,233","342,802,031",25.10,25.15,24.75,25.10,+0.25,"4,041",3037
103/04/10,"13,661,861","340,020,960",25.30,25.35,24.50,24.70,-0.40,"4,074",3037
103/04/11,"9,243,112","225,954,519",24.50,24.65,24.20,24.50,-0.20,"3,070",3037
103/04/14,"6,798,557","167,608,104",24.50,24.90,24.40,24.70,+0.20,"2,687",3037
103/04/15,"31,340,897","807,078,372",25.05,26.20,24.85,26.10,+1.40,"9,446",3037
103/04/16,"28,377,709","742,085,850",26.40,26.50,25.65,26.35,+0.25,"7,623",3037
103/04/17,"37,169,628","1,006,315,556",26.55,27.40,26.55,27.05,+0.70,"11,627",3037
103/04/18,"29,177,445","800,497,014",27.40,28.00,26.95,26.95,-0.10,"8,012",3037
103/04/21,"29,876,709","828,727,012",27.30,28.10,27.10,27.75,+0.80,"10,798",3037
103/04/22,"17,843,848","491,714,671",27.80,28.00,27.35,27.40,-0.35,"5,281",3037
103/04/23,"22,559,629","627,467,910",27.70,28.30,27.30,27.55,+0.15,"7,012",3037
103/04/24,"15,626,802","432,400,450",27.95,28.05,27.45,27.50,-0.05,"4,660",3037
103/04/25,"26,889,086","712,336,985",27.80,27.80,25.85,26.15,-1.35,"7,785",3037
103/04/28,"17,475,834","466,027,363",25.60,27.35,25.40,27.25,+1.10,"6,812",3037
103/04/29,"26,070,745","721,010,563",27.30,28.00,26.70,27.55,+0.30,"7,149",3037
103/04/30,"37,523,800","983,188,561",27.75,27.75,25.65,25.65,-1.90,"10,316",3037
103/05/02,"25,291,614","669,345,882",26.20,27.00,25.90,26.95,+1.30,"8,503",3037
103/05/05,"19,635,793","540,805,706",27.45,27.85,27.05,27.65,+0.70,"6,351",3037
103/05/06,"26,900,238","756,211,528",27.90,28.40,27.45,28.30,+0.65,"8,510",3037
103/05/07,"17,203,229","484,197,422",28.30,28.50,27.80,28.15,-0.15,"5,906",3037
103/05/08,"19,308,726","551,913,883",28.50,28.85,28.20,28.45,+0.30,"7,095",3037
103/05/09,"10,926,328","305,197,945",28.45,28.50,27.60,27.60,-0.85,"4,093",3037
103/05/12,"14,288,505","398,641,205",27.70,28.15,27.60,27.75,+0.15,"4,356",3037
103/05/13,"12,675,952","350,704,475",28.30,28.30,27.15,27.50,-0.25,"4,450",3037
103/05/14,"17,123,641","483,967,278",27.95,28.55,27.75,28.40,+0.90,"5,994",3037
103/05/15,"25,282,279","732,695,397",28.60,29.30,28.45,28.90,+0.50,"7,886",3037
103/05/16,"11,610,223","332,328,461",28.80,28.85,28.35,28.85,-0.05,"4,148",3037
103/05/19,"7,423,222","214,273,266",28.85,29.15,28.70,28.70,-0.15,"2,903",3037
103/05/20,"7,642,758","219,259,050",29.00,29.10,28.35,28.60,-0.10,"2,962",3037
103/05/21,"5,770,664","163,777,249",28.70,28.80,28.05,28.10,-0.50,"2,678",3037
103/05/22,"6,532,057","187,177,777",28.50,28.80,28.35,28.75,+0.65,"2,916",3037
103/05/23,"10,027,276","293,269,203",29.00,29.55,28.85,29.10,+0.35,"3,687",3037
103/05/26,"5,742,663","166,750,890",29.55,29.55,28.75,28.80,-0.30,"2,684",3037
103/05/27,"9,255,811","262,519,515",28.80,28.85,28.05,28.20,-0.60,"3,525",3037
103/05/28,"7,268,364","206,545,398",28.25,28.55,28.20,28.50,+0.30,"2,813",3037
103/05/29,"4,022,691","114,120,175",28.60,28.65,28.25,28.50, 0.00,"2,018",3037
103/05/30,"11,556,565","323,576,274",28.50,28.85,27.55,27.55,-0.95,"2,873",3037
103/06/03,"11,943,937","338,728,397",27.95,28.65,27.75,28.55,+1.00,"3,867",3037
103/06/04,"5,315,043","150,346,647",28.55,28.60,28.05,28.05,-0.50,"2,513",3037
103/06/05,"20,538,116","557,423,727",28.00,28.00,26.80,26.95,-1.10,"7,321",3037
103/06/06,"17,779,876","482,135,902",27.00,27.75,26.45,27.00,+0.05,"6,272",3037
103/06/09,"9,135,658","245,422,924",27.00,27.25,26.65,26.80,-0.20,"3,218",3037
103/06/10,"8,877,655","241,822,600",27.00,27.45,26.90,27.35,+0.55,"3,785",3037
103/06/11,"19,479,529","551,515,385",27.50,29.20,27.45,28.95,+1.60,"7,172",3037
103/06/12,"17,159,046","499,180,059",28.95,29.90,28.45,28.95, 0.00,"5,929",3037
103/06/13,"11,196,126","325,263,751",28.80,29.30,28.70,29.15,+0.20,"3,576",3037
103/06/16,"13,863,322","390,870,416",29.15,29.15,27.65,27.75,-1.40,"4,947",3037
103/06/17,"24,207,355","694,358,645",28.00,29.15,28.00,29.00,+1.25,"7,562",3037
103/06/18,"20,341,197","586,720,118",29.10,29.50,28.55,28.75,-0.25,"6,225",3037
103/06/19,"16,864,116","490,020,934",29.20,29.30,28.85,28.95,+0.20,"5,351",3037
103/06/20,"17,087,110","500,844,033",29.20,29.70,29.00,29.10,+0.15,"5,204",3037
103/06/23,"9,413,317","270,552,629",29.30,29.35,28.35,28.55,-0.55,"3,409",3037
103/06/24,"9,197,082","268,477,160",29.00,29.45,28.75,29.20,+0.65,"3,860",3037
103/06/25,"6,843,220","197,947,212",29.15,29.15,28.80,28.80,-0.40,"2,460",3037
103/06/26,"4,883,118","141,241,477",28.80,29.10,28.75,28.95,+0.15,"1,807",3037
103/06/27,"6,470,523","185,844,241",28.60,28.95,28.60,28.60,-0.35,"1,869",3037
103/06/30,"3,143,219","90,755,142",28.80,29.00,28.75,28.90,+0.30,"1,358",3037
103/07/01,"17,259,097","513,990,431",29.05,30.25,29.00,29.60,+0.70,"5,425",3037
103/07/02,"11,030,520","323,376,479",30.00,30.00,28.70,29.00,-0.60,"4,052",3037
103/07/03,"4,113,053","119,939,927",29.30,29.30,28.95,29.25,+0.25,"1,595",3037
103/07/04,"3,532,548","102,959,892",29.25,29.45,29.05,29.10,-0.15,"1,397",3037
103/07/07,"5,110,346","148,174,249",29.00,29.40,28.80,28.85,-0.25,"2,187",3037
103/07/08,"6,134,710","178,560,190",28.85,29.40,28.80,29.10,+0.25,"1,680",3037
103/07/09,"7,773,666","223,035,478",28.95,29.15,28.50,28.65,-0.45,"3,371",3037
103/07/10,"4,736,422","136,331,629",28.90,29.10,28.65,28.70,+0.05,"1,889",3037
103/07/11,"7,915,296","224,510,419",28.90,28.90,27.85,28.30,-0.40,"3,392",3037
103/07/14,"8,178,890","229,715,942",28.45,28.60,27.90,28.20,-0.10,"2,933",3037
103/07/15,"11,232,660","326,844,032",28.45,29.40,28.45,29.40,+1.20,"4,112",3037
103/07/16,"19,661,248","576,554,684",29.80,30.30,28.45,28.60,-0.80,"6,584",3037
103/07/17,"11,652,856","332,483,303",28.60,28.85,28.30,28.45,-0.15,"2,987",3037
103/07/18,"7,875,934","221,328,388",28.10,28.35,28.00,28.05,-0.40,"2,781",3037
103/07/21,"3,718,110","106,105,377",28.50,28.65,28.35,28.60,+0.55,"1,612",3037
103/07/22,"5,831,517","167,050,994",28.80,28.85,28.45,28.45,-0.15,"1,668",3037
103/07/24,"10,504,348","293,681,565",28.10,28.25,27.75,27.85,X0.00,"4,058",3037
103/07/25,"9,251,094","254,015,299",27.85,28.15,26.95,27.40,-0.45,"3,457",3037
103/07/28,"3,777,856","102,860,291",27.00,27.50,26.95,27.10,-0.30,"1,695",3037
103/07/29,"9,252,200","248,606,483",27.20,27.50,26.50,26.75,-0.35,"4,294",3037
103/07/30,"11,000,457","287,606,911",26.50,26.80,25.90,26.10,-0.65,"3,943",3037
103/07/31,"18,372,908","464,192,158",26.10,26.15,24.80,25.35,-0.75,"5,555",3037
103/08/01,"7,954,494","203,669,344",25.00,25.95,25.00,25.55,+0.20,"3,554",3037
103/08/04,"6,822,075","172,568,548",25.55,25.70,25.05,25.25,-0.30,"2,910",3037
103/08/05,"9,551,661","236,035,052",25.25,25.25,24.45,24.55,-0.70,"3,992",3037
103/08/06,"8,292,683","200,610,595",24.60,24.75,23.80,24.15,-0.40,"3,441",3037
103/08/07,"9,004,049","215,444,426",24.30,24.45,23.50,23.95,-0.20,"2,857",3037
103/08/08,"5,112,729","121,400,030",23.80,24.00,23.50,23.95, 0.00,"2,332",3037
103/08/11,"9,665,609","235,554,656",24.10,24.65,24.10,24.40,+0.45,"2,824",3037
103/08/12,"8,549,561","209,105,237",24.60,24.90,24.20,24.20,-0.20,"2,907",3037
103/08/13,"5,690,029","138,109,999",24.20,24.40,24.20,24.30,+0.10,"2,160",3037
103/08/14,"8,136,422","198,958,169",24.35,24.65,24.30,24.35,+0.05,"2,984",3037
103/08/15,"10,580,131","262,963,784",24.45,25.15,24.30,25.15,+0.80,"3,738",3037
103/08/18,"9,902,735","243,039,843",25.20,25.25,24.10,24.10,-1.05,"3,508",3037
103/08/19,"5,167,928","125,754,812",24.50,24.50,24.20,24.25,+0.15,"1,832",3037
103/08/20,"3,907,803","94,980,633",24.40,24.60,24.15,24.15,-0.10,"1,803",3037
103/08/21,"5,582,252","133,187,248",24.15,24.25,23.50,24.00,-0.15,"2,486",3037
103/08/22,"7,876,509","192,197,130",24.10,24.60,24.10,24.40,+0.40,"3,327",3037
103/08/25,"4,564,103","110,853,986",24.55,24.55,24.15,24.25,-0.15,"2,387",3037
103/08/26,"3,359,359","82,099,262",24.45,24.50,24.30,24.40,+0.15,"1,895",3037
103/08/27,"6,120,370","150,840,662",24.55,24.75,24.45,24.70,+0.30,"2,963",3037
103/08/28,"24,329,069","625,962,257",24.80,26.40,24.80,25.70,+1.00,"7,961",3037
103/08/29,"7,749,998","196,448,092",25.45,25.55,25.20,25.25,-0.45,"2,688",3037
103/09/01,"6,851,525","173,798,570",25.20,25.75,25.20,25.20,-0.05,"2,921",3037
103/09/02,"7,829,282","193,777,061",25.20,25.25,24.50,24.50,-0.70,"3,541",3037
103/09/03,"5,467,152","134,288,921",24.55,24.75,24.40,24.50, 0.00,"2,111",3037
103/09/04,"4,420,081","109,028,585",24.50,24.85,24.30,24.65,+0.15,"1,778",3037
103/09/05,"4,477,358","109,742,667",24.65,24.80,24.40,24.45,-0.20,"2,082",3037
103/09/09,"6,507,289","158,484,166",24.65,24.70,24.25,24.30,-0.15,"2,472",3037
103/09/10,"4,376,368","106,184,920",24.20,24.45,24.10,24.25,-0.05,"1,739",3037
103/09/11,"3,567,706","87,317,438",24.30,24.60,24.30,24.55,+0.30,"1,774",3037
103/09/12,"21,322,861","536,731,473",25.00,25.70,24.60,24.60,+0.05,"7,248",3037
103/09/15,"5,413,656","133,619,217",24.60,25.05,24.50,24.50,-0.10,"1,966",3037
103/09/16,"5,316,197","130,141,373",24.50,24.80,24.30,24.35,-0.15,"2,004",3037
103/09/17,"13,813,272","333,981,628",24.35,24.65,23.85,24.00,-0.35,"5,001",3037
103/09/18,"6,748,936","162,564,854",24.10,24.30,23.90,24.05,+0.05,"2,487",3037
103/09/19,"8,165,211","196,090,721",24.30,24.30,23.85,23.85,-0.20,"2,672",3037
103/09/22,"12,646,055","294,195,625",23.80,23.80,23.10,23.15,-0.70,"5,239",3037
103/09/23,"10,205,621","233,763,433",23.00,23.10,22.60,22.95,-0.20,"3,991",3037
103/09/24,"5,070,594","117,055,812",23.00,23.40,22.95,23.00,+0.05,"2,103",3037
103/09/25,"5,619,273","128,376,116",23.15,23.30,22.65,22.65,-0.35,"2,414",3037
103/09/26,"3,938,352","88,835,468",22.50,22.85,22.30,22.60,-0.05,"1,628",3037
103/09/29,"4,120,750","94,676,230",23.20,23.20,22.80,22.90,+0.30,"2,011",3037
103/09/30,"5,340,561","121,008,165",22.85,22.95,22.35,22.70,-0.20,"2,288",3037
103/10/01,"11,202,405","262,397,999",22.70,24.05,22.50,23.85,+1.15,"5,532",3037
103/10/02,"19,989,450","486,237,524",23.90,24.65,23.85,24.20,+0.35,"6,949",3037
103/10/03,"14,348,639","353,519,855",24.35,25.30,24.15,24.35,+0.15,"4,382",3037
103/10/06,"5,913,794","144,294,158",24.60,24.70,24.20,24.20,-0.15,"2,356",3037
103/10/07,"4,636,487","110,627,585",24.05,24.05,23.70,23.70,-0.50,"2,039",3037
103/10/08,"6,036,793","142,093,155",23.50,23.80,23.40,23.40,-0.30,"1,828",3037
103/10/09,"3,085,923","72,370,695",23.50,23.70,23.35,23.35,-0.05,"1,260",3037
103/10/13,"4,392,975","100,702,020",22.80,23.20,22.70,22.85,-0.50,"1,552",3037
103/10/14,"7,589,958","173,646,481",22.65,23.35,22.60,22.85, 0.00,"2,481",3037
103/10/15,"16,537,728","361,742,739",22.65,22.65,21.35,21.65,-1.20,"5,702",3037
103/10/16,"11,115,233","232,718,258",21.05,21.35,20.50,21.10,-0.55,"3,917",3037
103/10/17,"12,556,000","258,764,777",21.50,21.50,20.10,20.10,-1.00,"4,473",3037
103/10/20,"6,149,251","127,873,496",20.90,20.95,20.65,20.75,+0.65,"2,673",3037
103/10/21,"5,909,431","123,721,001",20.85,21.20,20.70,20.95,+0.20,"2,307",3037
103/10/22,"18,902,701","418,032,747",21.70,22.40,21.50,22.40,+1.45,"7,068",3037
103/10/23,"8,061,906","179,561,413",22.40,22.60,22.05,22.10,-0.30,"3,651",3037
103/10/24,"4,741,459","105,099,988",22.25,22.45,22.05,22.05,-0.05,"2,153",3037
103/10/27,"4,794,667","106,218,774",22.25,22.40,22.00,22.00,-0.05,"2,117",3037
103/10/28,"4,219,469","94,278,181",22.20,22.50,22.20,22.25,+0.25,"2,227",3037
103/10/29,"5,760,067","131,794,241",22.45,23.05,22.45,23.00,+0.75,"2,412",3037
103/10/30,"3,263,439","74,495,323",23.00,23.00,22.65,22.90,-0.10,"1,295",3037
103/10/31,"6,387,634","148,496,748",23.20,23.50,23.05,23.35,+0.45,"2,256",3037
103/11/03,"10,930,557","254,987,829",23.40,23.95,22.50,22.75,-0.60,"4,212",3037
103/11/04,"4,891,308","111,693,884",22.75,23.05,22.55,23.00,+0.25,"2,142",3037
103/11/05,"12,329,777","275,165,255",22.70,22.95,22.05,22.10,-0.90,"4,588",3037
103/11/06,"6,216,969","136,198,065",22.05,22.30,21.75,21.80,-0.30,"2,448",3037
103/11/07,"4,258,487","94,587,850",21.85,22.45,21.85,22.40,+0.60,"2,249",3037
103/11/10,"8,401,239","193,322,447",23.00,23.20,22.85,22.90,+0.50,"3,549",3037
103/11/11,"9,246,350","213,780,862",23.10,23.20,22.85,23.10,+0.20,"2,818",3037
103/11/12,"5,550,821","125,724,667",22.60,22.90,22.45,22.50,-0.60,"2,513",3037
103/11/13,"2,927,935","66,208,923",22.30,22.85,22.30,22.60,+0.10,"1,348",3037
103/11/14,"3,337,584","75,705,702",22.65,22.80,22.50,22.70,+0.10,"1,333",3037
103/11/17,"3,782,699","84,439,793",22.70,22.85,22.20,22.20,-0.50,"1,719",3037
103/11/18,"3,228,171","71,283,071",22.20,22.45,21.90,22.15,-0.05,"1,290",3037
103/11/19,"2,888,900","64,604,109",22.20,22.50,22.20,22.35,+0.20,993,3037
103/11/20,"4,776,998","106,997,648",22.40,22.55,22.25,22.25,-0.10,"1,660",3037
103/11/21,"6,727,905","153,408,819",22.30,23.00,22.30,22.90,+0.65,"2,495",3037
103/11/24,"3,541,297","80,927,006",23.05,23.15,22.70,22.75,-0.15,"1,129",3037
103/11/25,"4,407,937","101,128,287",22.70,23.05,22.65,23.05,+0.30,"1,127",3037
103/11/26,"5,111,500","117,768,015",23.00,23.25,22.95,22.95,-0.10,"1,698",3037
103/11/27,"3,094,604","71,198,194",23.05,23.15,22.85,22.90,-0.05,"1,250",3037
103/11/28,"3,040,059","69,232,684",22.90,23.10,22.70,22.80,-0.10,"1,152",3037
103/12/01,"4,122,783","92,701,209",22.25,22.90,22.25,22.50,-0.30,"1,542",3037
103/12/02,"4,370,649","97,424,813",22.40,22.45,22.20,22.40,-0.10,"1,784",3037
103/12/03,"3,109,877","70,497,147",22.45,22.80,22.40,22.70,+0.30,"1,268",3037
103/12/04,"17,457,506","415,520,656",23.00,24.25,22.90,24.25,+1.55,"4,984",3037
103/12/05,"18,308,463","445,495,379",24.35,24.60,24.05,24.05,-0.20,"4,984",3037
103/12/08,"9,543,262","231,193,088",24.10,24.55,23.95,24.05, 0.00,"3,147",3037
103/12/09,"5,140,044","121,886,578",23.95,24.00,23.50,23.50,-0.55,"1,971",3037
103/12/10,"6,074,284","143,305,668",23.30,23.90,23.30,23.55,+0.05,"2,015",3037
103/12/11,"3,450,764","80,350,505",23.40,23.45,23.05,23.25,-0.30,"1,318",3037
103/12/12,"3,652,467","85,491,003",23.30,23.65,23.25,23.25, 0.00,"1,493",3037
103/12/15,"3,541,506","82,648,150",23.10,23.55,22.95,23.45,+0.20,"1,558",3037
103/12/16,"3,957,635","92,699,676",23.45,23.65,23.20,23.20,-0.25,"2,028",3037
103/12/17,"8,080,490","185,310,942",23.20,23.35,22.65,22.65,-0.55,"3,300",3037
103/12/18,"5,364,844","124,285,369",23.20,23.40,22.90,22.90,+0.25,"2,322",3037
103/12/19,"5,967,203","139,191,233",23.30,23.50,23.05,23.40,+0.50,"2,226",3037
103/12/22,"3,363,349","78,934,496",23.50,23.60,23.25,23.55,+0.15,"1,566",3037
103/12/23,"6,902,808","163,961,925",23.50,23.90,23.50,23.80,+0.25,"2,505",3037
103/12/24,"6,829,931","162,941,598",23.80,24.10,23.70,23.80, 0.00,"2,766",3037
103/12/25,"8,081,834","195,730,466",24.40,24.40,24.00,24.00,+0.20,"3,103",3037
103/12/26,"3,133,599","75,507,779",24.30,24.30,23.95,24.20,+0.20,"1,157",3037
103/12/27,"2,411,373","58,193,188",24.30,24.30,23.95,24.20, 0.00,965,3037
103/12/29,"4,126,512","99,959,154",24.20,24.35,24.05,24.05,-0.15,"1,433",3037
103/12/30,"2,735,962","66,049,481",24.25,24.30,24.05,24.05, 0.00,"1,103",3037
103/12/31,"4,140,485","99,264,433",24.05,24.15,23.70,24.15,+0.10,"1,383",3037
104/01/05,"4,016,875","97,299,117",24.10,24.40,23.95,24.35,+0.20,"1,940",3037
104/01/06,"3,780,414","90,161,703",24.10,24.10,23.70,23.70,-0.65,"1,914",3037
104/01/07,"3,411,577","81,061,859",23.70,24.05,23.60,23.60,-0.10,"1,599",3037
104/01/08,"3,516,393","84,287,886",23.90,24.25,23.75,23.90,+0.30,"1,213",3037
104/01/09,"3,226,366","77,230,431",24.15,24.15,23.75,24.00,+0.10,"1,332",3037
104/01/12,"6,365,121","149,090,306",24.00,24.00,23.15,23.25,-0.75,"2,354",3037
104/01/13,"15,201,933","356,197,103",23.10,23.85,22.90,23.50,+0.25,"6,566",3037
104/01/14,"12,639,047","298,779,739",23.70,23.85,23.50,23.50, 0.00,"7,434",3037
104/01/15,"8,000,534","186,261,953",23.50,23.55,23.15,23.25,-0.25,"3,901",3037
104/01/16,"9,459,918","215,901,667",23.10,23.20,22.65,22.70,-0.55,"3,821",3037
104/01/19,"7,102,551","159,833,877",22.80,23.00,22.10,22.30,-0.40,"2,861",3037
104/01/20,"4,172,374","94,559,584",22.40,22.85,22.40,22.65,+0.35,"1,910",3037
104/01/21,"3,396,702","77,654,229",22.85,23.00,22.75,22.85,+0.20,"1,774",3037
104/01/22,"14,463,511","335,671,674",22.85,23.45,22.85,23.45,+0.60,"5,857",3037
104/01/23,"34,127,332","823,835,032",24.45,24.55,23.80,23.80,+0.35,"11,421",3037
104/01/26,"7,162,900","169,413,312",23.80,23.80,23.50,23.75,-0.05,"3,170",3037
104/01/27,"7,885,539","188,015,142",24.00,24.05,23.65,23.80,+0.05,"3,784",3037
104/01/28,"4,533,589","107,599,362",23.65,23.85,23.55,23.80, 0.00,"1,819",3037
104/01/29,"6,016,892","141,825,052",23.60,23.75,23.45,23.50,-0.30,"2,316",3037
104/01/30,"38,898,909","853,959,488",21.90,22.25,21.90,21.90,-1.60,"12,673",3037
104/02/02,"13,125,517","285,687,955",21.90,22.00,21.60,21.60,-0.30,"5,929",3037
104/02/03,"8,812,161","191,235,382",21.60,21.90,21.55,21.70,+0.10,"4,204",3037
104/02/04,"9,486,423","206,947,087",21.75,22.10,21.60,21.95,+0.25,"4,335",3037
104/02/05,"6,047,532","131,244,487",21.70,21.80,21.60,21.70,-0.25,"2,810",3037
104/02/06,"5,356,642","115,999,319",21.65,21.80,21.60,21.65,-0.05,"2,874",3037
104/02/09,"6,554,461","139,827,059",21.65,21.70,21.25,21.30,-0.35,"2,876",3037
104/02/10,"5,339,784","113,213,472",21.30,21.45,21.10,21.15,-0.15,"2,292",3037
104/02/11,"6,316,158","134,120,293",21.20,21.40,21.05,21.25,+0.10,"2,588",3037
104/02/12,"7,464,867","156,636,557",21.20,21.30,20.85,21.00,-0.25,"2,960",3037
104/02/13,"6,614,619","139,846,615",21.00,21.30,20.95,21.20,+0.20,"2,516",3037
104/02/24,"13,204,821","283,916,374",21.50,21.90,21.15,21.35,+0.15,"4,709",3037
104/02/25,"10,029,723","212,780,113",21.40,21.50,21.10,21.20,-0.15,"4,340",3037
104/02/26,"6,304,494","133,601,086",21.20,21.35,21.10,21.15,-0.05,"2,989",3037
104/03/02,"8,463,176","178,104,547",21.30,21.35,20.90,20.95,-0.20,"3,517",3037
104/03/03,"10,296,442","214,556,050",21.00,21.05,20.70,20.80,-0.15,"3,469",3037
104/03/04,"8,896,528","186,655,088",20.80,21.10,20.80,21.00,+0.20,"4,783",3037
104/03/05,"6,105,033","129,598,690",21.00,21.45,20.90,21.35,+0.35,"2,937",3037
104/03/06,"5,482,974","116,616,235",21.35,21.40,21.20,21.25,-0.10,"2,184",3037
104/03/09,"3,611,955","76,615,335",21.10,21.35,21.10,21.20,-0.05,"1,689",3037
104/03/10,"13,660,524","294,995,476",21.40,21.80,21.30,21.60,+0.40,"4,365",3037
104/03/11,"5,290,015","113,428,999",21.50,21.60,21.40,21.40,-0.20,"2,239",3037
104/03/12,"4,055,024","86,907,951",21.40,21.50,21.35,21.50,+0.10,"1,667",3037
104/03/13,"4,836,488","103,947,127",21.55,21.65,21.40,21.40,-0.10,"1,614",3037
104/03/16,"2,488,961","53,242,654",21.40,21.55,21.30,21.30,-0.10,981,3037
104/03/17,"3,167,486","67,649,596",21.50,21.55,21.20,21.20,-0.10,"1,244",3037
104/03/18,"4,419,176","93,812,808",21.20,21.35,21.10,21.10,-0.10,"2,208",3037
104/03/19,"4,623,674","98,437,940",21.20,21.45,21.15,21.25,+0.15,"2,267",3037
104/03/20,"6,712,744","144,698,399",21.35,21.70,21.30,21.60,+0.35,"2,248",3037
104/03/23,"4,326,355","93,919,635",21.65,21.90,21.60,21.60, 0.00,"1,586",3037
104/03/24,"3,230,051","69,271,471",21.70,21.70,21.35,21.50,-0.10,"1,463",3037
104/03/25,"2,893,076","61,628,106",21.45,21.50,21.20,21.25,-0.25,"1,493",3037
104/03/26,"4,554,781","96,218,522",21.00,21.35,21.00,21.35,+0.10,"2,180",3037
104/03/27,"9,591,177","202,891,574",21.30,21.40,20.95,20.95,-0.40,"2,973",3037
104/03/30,"6,091,532","126,335,532",21.10,21.10,20.55,20.60,-0.35,"2,583",3037
104/03/31,"8,345,457","170,057,517",20.65,20.75,20.20,20.30,-0.30,"3,306",3037
104/04/01,"4,608,305","93,017,238",20.05,20.40,20.05,20.20,-0.10,"2,219",3037
104/04/02,"6,484,573","133,515,789",20.45,20.80,20.20,20.70,+0.50,"2,482",3037
104/04/07,"3,937,048","81,891,342",20.70,21.00,20.70,20.75,+0.05,"1,708",3037
104/04/08,"3,426,427","70,800,541",21.00,21.00,20.50,20.65,-0.10,"1,998",3037
104/04/09,"4,411,589","90,329,917",20.50,20.80,20.30,20.40,-0.25,"1,704",3037
104/04/10,"4,409,554","89,592,184",20.40,20.55,20.20,20.40, 0.00,"1,988",3037
104/04/13,"3,386,377","68,524,548",20.40,20.45,20.15,20.20,-0.20,"2,088",3037
104/04/14,"3,994,490","80,728,236",20.10,20.35,20.10,20.35,+0.15,"2,067",3037
104/04/15,"6,809,868","136,976,275",20.30,20.30,20.05,20.05,-0.30,"3,185",3037
104/04/16,"21,019,276","414,524,191",20.05,20.20,19.45,19.60,-0.45,"6,551",3037
104/04/17,"18,400,094","364,050,661",19.85,20.00,19.60,19.70,+0.10,"5,136",3037
104/04/20,"6,047,512","119,902,434",19.70,19.95,19.60,19.95,+0.25,"2,255",3037
104/04/21,"7,717,435","151,536,843",19.90,19.90,19.50,19.55,-0.40,"2,506",3037
104/04/22,"7,332,891","141,187,717",19.55,19.65,19.00,19.30,-0.25,"2,384",3037
104/04/23,"6,578,357","127,924,662",19.30,19.65,19.20,19.45,+0.15,"2,513",3037
104/04/24,"8,063,185","156,750,865",19.40,19.60,19.30,19.35,-0.10,"2,776",3037
104/04/27,"11,102,629","215,764,326",19.35,19.65,19.30,19.30,-0.05,"3,689",3037
104/04/28,"16,584,443","319,784,321",19.55,19.70,19.05,19.15,-0.15,"4,467",3037
104/04/29,"10,828,129","205,168,264",19.15,19.30,18.75,18.85,-0.30,"3,795",3037
104/04/30,"14,804,666","270,289,009",18.50,18.50,18.05,18.30,-0.55,"4,781",3037
104/05/04,"14,523,537","258,395,353",18.20,18.30,17.60,17.65,-0.65,"4,409",3037
104/05/05,"6,938,619","123,796,898",17.60,18.00,17.60,17.95,+0.30,"2,491",3037
104/05/06,"6,145,543","109,129,165",17.65,17.90,17.55,17.90,-0.05,"1,738",3037
104/05/07,"5,898,176","104,760,629",17.60,17.90,17.60,17.85,-0.05,"1,797",3037
104/05/08,"6,062,865","106,678,314",17.75,17.85,17.60,17.60,-0.25,"1,408",3037
104/05/11,"10,674,997","182,926,640",17.65,17.75,16.85,16.95,-0.65,"2,842",3037
104/05/12,"11,067,607","182,835,559",16.80,16.90,16.35,16.55,-0.40,"3,576",3037
104/05/13,"16,839,241","281,260,197",16.25,17.20,16.05,17.00,+0.45,"5,618",3037
104/05/14,"13,238,471","218,096,359",16.60,16.80,16.30,16.30,-0.70,"4,484",3037
104/05/15,"6,872,715","113,422,456",16.35,16.65,16.35,16.60,+0.30,"2,354",3037
104/05/18,"8,181,239","132,749,485",16.20,16.45,16.10,16.10,-0.50,"2,412",3037
104/05/19,"6,554,199","107,931,948",16.10,16.65,16.10,16.55,+0.45,"2,198",3037
104/05/20,"8,202,708","133,807,992",16.55,16.65,16.20,16.25,-0.30,"3,044",3037
104/05/21,"5,439,832","87,699,926",16.05,16.20,16.00,16.15,-0.10,"2,314",3037
104/05/22,"6,397,042","105,386,289",16.20,16.60,16.20,16.60,+0.45,"2,605",3037
104/05/25,"7,254,812","120,504,750",16.60,16.85,16.40,16.45,-0.15,"2,255",3037
104/05/26,"20,083,568","340,514,513",16.45,17.40,16.40,17.20,+0.75,"6,469",3037
104/05/27,"13,731,065","233,654,654",17.05,17.20,16.80,17.10,-0.10,"4,844",3037
104/05/28,"18,117,638","317,286,149",17.20,17.75,17.20,17.60,+0.50,"6,254",3037
104/05/29,"111,725,742","1,882,708,854",17.70,17.70,16.65,16.75,-0.85,"10,767",3037
104/06/01,"19,562,843","335,994,395",17.05,17.40,16.95,17.20,+0.45,"6,119",3037
104/06/02,"17,622,669","296,423,711",17.00,17.15,16.55,16.60,-0.60,"5,997",3037
104/06/03,"14,965,043","245,379,289",16.75,16.80,16.20,16.25,-0.35,"4,217",3037
104/06/04,"31,420,846","491,222,074",16.20,16.20,15.15,15.30,-0.95,"7,944",3037
104/06/05,"25,126,849","373,323,835",15.40,15.45,14.65,14.80,-0.50,"6,509",3037
104/06/08,"14,020,063","205,042,571",14.80,14.95,14.40,14.60,-0.20,"4,005",3037
104/06/09,"19,292,792","290,342,483",14.90,15.35,14.70,14.75,+0.15,"5,452",3037
104/06/10,"11,153,392","168,754,354",15.00,15.25,14.90,15.15,+0.40,"3,508",3037
104/06/11,"10,639,059","160,526,172",15.30,15.45,14.85,14.95,-0.20,"3,468",3037
104/06/12,"7,927,626","119,986,713",15.05,15.30,15.00,15.10,+0.15,"2,733",3037
104/06/15,"5,713,531","87,408,793",15.20,15.40,15.20,15.25,+0.15,"2,520",3037
104/06/16,"10,918,731","169,648,764",15.15,15.80,15.10,15.50,+0.25,"3,358",3037
104/06/17,"12,554,501","192,668,711",15.45,15.60,15.20,15.60,+0.10,"3,758",3037
104/06/18,"25,080,660","409,674,835",16.00,16.55,16.00,16.35,+0.75,"6,456",3037
104/06/22,"10,223,068","166,567,098",16.50,16.50,16.15,16.20,-0.15,"3,316",3037
104/06/23,"7,077,968","115,058,822",16.35,16.45,16.10,16.35,+0.15,"2,506",3037
104/06/24,"14,829,431","244,929,693",16.35,16.75,16.30,16.35, 0.00,"3,939",3037
104/06/25,"10,544,734","172,528,911",16.50,16.60,16.20,16.20,-0.15,"3,242",3037
104/06/26,"8,183,302","131,534,243",16.20,16.30,15.95,16.10,-0.10,"2,372",3037
104/06/29,"10,638,545","166,234,670",15.70,15.80,15.50,15.60,-0.50,"2,880",3037
104/06/30,"8,440,454","133,893,037",15.65,16.10,15.60,15.85,+0.25,"2,207",3037
104/07/01,"11,334,332","183,516,207",15.85,16.35,15.80,16.35,+0.50,"2,849",3037
104/07/02,"9,189,948","150,644,787",16.40,16.50,16.25,16.35, 0.00,"2,326",3037
104/07/03,"8,429,789","136,207,448",16.25,16.30,16.00,16.10,-0.25,"2,393",3037
104/07/06,"3,649,682","58,969,814",15.95,16.30,15.90,16.15,+0.05,"1,218",3037
104/07/07,"5,881,590","95,546,425",16.15,16.40,16.15,16.15, 0.00,"2,123",3037
104/07/08,"9,015,231","142,162,902",16.10,16.25,15.60,15.60,-0.55,"2,372",3037
104/07/09,"16,351,466","264,240,432",15.75,16.65,15.45,16.60,+1.00,"4,104",3037
104/07/13,"17,096,729","284,971,426",16.50,16.95,16.30,16.65,+0.05,"4,182",3037
104/07/14,"10,067,580","166,382,408",16.80,16.80,16.35,16.40,-0.25,"3,134",3037
104/07/15,"4,800,262","78,948,757",16.55,16.60,16.35,16.45,+0.05,"1,587",3037
104/07/16,"26,265,928","448,199,205",16.70,17.25,16.70,17.10,+0.65,"9,505",3037
104/07/17,"9,074,345","153,947,749",17.05,17.10,16.90,17.00,-0.10,"2,812",3037
104/07/20,"11,397,219","195,607,630",17.15,17.35,17.00,17.00, 0.00,"2,930",3037
104/07/21,"7,070,624","120,937,615",17.10,17.20,17.00,17.10,+0.10,"1,840",3037
104/07/22,"9,397,618","157,650,487",17.00,17.05,16.60,16.90,-0.20,"2,564",3037
104/07/23,"8,786,696","145,437,416",16.65,16.85,16.30,16.55,-0.35,"2,080",3037
104/07/24,"5,301,020","87,018,973",16.45,16.60,16.30,16.50,-0.05,"1,525",3037
104/07/27,"14,248,359","225,375,110",16.30,16.40,15.50,15.50,-1.00,"2,709",3037
104/07/28,"6,841,251","103,846,386",15.10,15.40,14.85,15.40,X0.00,"2,569",3037
104/07/29,"6,157,194","95,416,494",15.55,15.65,15.35,15.50,+0.10,"1,753",3037
104/07/30,"7,273,406","113,813,058",15.70,15.75,15.50,15.55,+0.05,"1,495",3037
104/07/31,"22,257,662","331,812,305",15.40,15.40,14.60,14.90,-0.65,"5,301",3037
104/08/03,"7,863,725","115,741,538",14.90,14.95,14.60,14.80,-0.10,"2,478",3037
104/08/04,"9,983,998","150,425,468",14.90,15.40,14.80,14.85,+0.05,"3,600",3037
104/08/05,"7,520,464","112,669,031",14.95,15.15,14.85,14.95,+0.10,"2,688",3037
104/08/06,"6,440,389","95,446,364",15.00,15.10,14.70,14.70,-0.25,"1,897",3037
104/08/07,"11,347,629","161,832,844",14.50,14.65,14.10,14.15,-0.55,"3,792",3037
104/08/10,"7,625,101","108,978,702",14.00,14.45,13.95,14.30,+0.15,"2,552",3037
104/08/11,"7,218,523","103,368,620",14.50,14.65,14.10,14.10,-0.20,"2,699",3037
104/08/12,"18,519,697","250,561,855",14.00,14.00,13.15,13.25,-0.85,"4,766",3037
104/08/13,"8,599,952","114,434,905",13.45,13.50,13.05,13.40,+0.15,"2,563",3037
104/08/14,"4,385,604","58,803,650",13.50,13.55,13.25,13.35,-0.05,"1,715",3037
104/08/17,"2,757,268","36,864,285",13.40,13.45,13.25,13.35, 0.00,"1,099",3037
104/08/18,"16,262,388","208,450,693",13.35,13.45,12.55,12.60,-0.75,"4,510",3037
104/08/19,"11,735,053","144,574,933",12.60,12.75,12.05,12.10,-0.50,"3,657",3037
104/08/20,"7,116,730","86,536,702",12.15,12.40,12.00,12.05,-0.05,"2,426",3037
104/08/21,"12,637,309","145,849,067",11.70,11.80,11.30,11.35,-0.70,"3,823",3037
104/08/24,"16,140,552","169,045,813",11.00,11.10,10.25,10.30,-1.05,"4,338",3037
104/08/25,"13,874,867","149,426,438",10.05,11.30,10.05,11.30,+1.00,"4,002",3037
104/08/26,"10,746,967","121,615,116",11.15,11.65,10.90,11.35,+0.05,"3,230",3037
104/08/27,"15,131,161","179,723,983",11.65,12.15,11.60,12.05,+0.70,"4,572",3037
104/08/28,"9,661,558","120,252,472",12.55,12.60,12.25,12.40,+0.35,"2,877",3037
104/08/31,"11,187,490","140,161,719",12.40,12.80,12.30,12.60,+0.20,"3,396",3037
104/09/01,"8,250,175","105,508,431",12.60,12.95,12.50,12.80,+0.20,"2,411",3037
104/09/02,"6,706,227","85,122,038",12.55,12.90,12.45,12.75,-0.05,"2,085",3037
104/09/03,"13,256,358","176,821,927",12.85,13.75,12.75,13.40,+0.65,"4,334",3037
104/09/04,"9,055,270","120,372,781",13.40,13.70,13.00,13.00,-0.40,"2,888",3037
104/09/07,"4,436,751","57,537,563",13.00,13.25,12.75,13.00, 0.00,"1,362",3037
104/09/08,"5,554,530","72,614,490",13.05,13.30,12.90,13.00, 0.00,"1,797",3037
104/09/09,"12,226,669","162,703,591",13.35,13.45,13.20,13.30,+0.30,"3,276",3037
104/09/10,"10,299,694","139,392,070",13.30,13.75,13.15,13.65,+0.35,"2,923",3037
104/09/11,"8,954,955","122,564,986",13.80,13.85,13.55,13.55,-0.10,"2,603",3037
104/09/14,"11,969,026","167,012,315",13.75,14.20,13.75,13.95,+0.40,"3,525",3037
104/09/15,"5,558,110","77,573,590",14.15,14.15,13.85,13.90,-0.05,"1,727",3037
104/09/16,"5,757,628","80,494,226",14.10,14.15,13.85,13.90, 0.00,"1,973",3037
104/09/17,"5,499,965","77,032,210",14.15,14.15,13.90,13.95,+0.05,"1,655",3037
104/09/18,"6,454,630","90,554,697",13.95,14.20,13.90,14.15,+0.20,"1,958",3037
104/09/21,"6,933,040","94,275,838",13.90,13.90,13.45,13.55,-0.60,"2,080",3037
104/09/22,"3,901,218","53,346,868",13.60,13.75,13.55,13.65,+0.10,"1,236",3037
104/09/23,"4,279,997","57,257,106",13.45,13.50,13.30,13.30,-0.35,"1,526",3037
104/09/24,"17,424,553","220,269,680",13.30,13.45,12.10,12.45,-0.85,"4,578",3037
104/09/25,"8,810,666","108,894,800",12.45,12.55,12.15,12.45, 0.00,"2,386",3037
104/09/30,"6,315,678","78,794,602",12.25,12.75,12.10,12.50,+0.05,"1,965",3037
104/10/01,"10,651,916","138,646,717",12.80,13.45,12.55,13.35,+0.85,"3,289",3037
104/10/02,"6,407,162","85,266,208",13.35,13.55,13.05,13.30,-0.05,"2,271",3037
104/10/05,"8,345,048","114,824,503",13.55,13.90,13.50,13.75,+0.45,"2,574",3037
104/10/06,"8,483,076","117,797,292",14.00,14.15,13.65,13.80,+0.05,"2,346",3037
104/10/07,"5,530,335","76,303,464",13.80,14.00,13.60,13.85,+0.05,"1,639",3037
104/10/08,"5,215,439","72,298,023",14.00,14.05,13.75,13.85, 0.00,"1,666",3037
104/10/12,"16,957,617","245,565,981",14.25,14.65,14.15,14.50,+0.65,"4,624",3037
104/10/13,"8,457,361","123,058,714",14.55,14.65,14.40,14.60,+0.10,"2,765",3037
104/10/14,"10,597,925","157,347,789",14.65,15.10,14.45,14.85,+0.25,"3,592",3037
104/10/15,"6,109,079","90,709,059",15.00,15.00,14.75,14.85, 0.00,"2,320",3037
104/10/16,"7,416,074","109,676,022",15.00,15.00,14.60,14.60,-0.25,"1,758",3037
104/10/19,"10,896,428","156,434,744",14.70,14.70,14.15,14.25,-0.35,"3,263",3037
104/10/20,"13,303,145","191,562,548",14.25,14.70,14.05,14.60,+0.35,"3,401",3037
104/10/21,"5,425,252","78,144,249",14.50,14.65,14.30,14.30,-0.30,"1,831",3037
104/10/22,"8,650,199","122,982,161",14.20,14.40,14.10,14.15,-0.15,"3,008",3037
104/10/23,"7,149,226","101,923,143",14.35,14.40,14.15,14.15, 0.00,"2,493",3037
104/10/26,"5,629,808","81,459,156",14.35,14.60,14.35,14.50,+0.35,"1,835",3037
104/10/27,"4,822,171","70,008,384",14.50,14.60,14.40,14.60,+0.10,"1,780",3037
104/10/28,"7,347,924","108,189,779",14.65,14.90,14.50,14.75,+0.15,"2,446",3037
104/10/29,"8,466,590","122,425,802",14.85,14.85,14.20,14.25,-0.50,"2,421",3037
104/10/30,"8,052,165","115,718,507",14.50,14.60,14.15,14.30,+0.05,"2,985",3037
104/11/02,"13,627,112","201,916,178",14.30,15.05,14.25,15.05,+0.75,"4,228",3037
104/11/03,"19,911,039","308,343,353",15.40,15.80,15.20,15.70,+0.65,"5,925",3037
104/11/04,"15,518,934","243,769,264",15.90,16.00,15.45,15.60,-0.10,"4,393",3037
104/11/05,"7,099,101","111,862,140",15.65,15.90,15.55,15.85,+0.25,"1,884",3037
104/11/06,"9,012,792","139,824,103",15.85,15.85,15.30,15.35,-0.50,"2,766",3037
104/11/09,"7,864,937","119,319,901",15.30,15.60,14.90,14.90,-0.45,"2,336",3037
104/11/10,"6,699,731","99,352,484",14.80,15.15,14.55,15.15,+0.25,"2,011",3037
104/11/11,"8,993,212","132,760,248",15.15,15.40,14.40,14.40,-0.75,"2,752",3037
104/11/12,"4,809,322","69,715,968",14.50,14.70,14.35,14.50,+0.10,"1,664",3037
104/11/13,"4,331,241","62,413,893",14.45,14.60,14.30,14.30,-0.20,"1,387",3037
104/11/16,"4,330,144","61,675,761",14.05,14.65,13.95,14.40,+0.10,"1,522",3037
104/11/17,"6,344,762","93,604,956",14.65,14.95,14.60,14.70,+0.30,"1,639",3037
104/11/18,"7,302,338","105,655,392",14.95,14.95,14.20,14.20,-0.50,"3,073",3037
104/11/19,"4,278,005","61,903,870",14.35,14.60,14.25,14.60,+0.40,"1,606",3037
104/11/20,"2,912,012","42,485,770",14.60,14.65,14.50,14.60, 0.00,"1,025",3037
104/11/23,"3,090,010","45,083,289",14.80,14.80,14.35,14.60, 0.00,946,3037
104/11/24,"11,648,238","174,068,139",14.70,15.30,14.65,14.80,+0.20,"3,303",3037
104/11/25,"7,910,374","115,898,025",14.95,15.05,14.30,14.40,-0.40,"2,736",3037
104/11/26,"5,871,210","86,462,974",14.50,14.95,14.50,14.70,+0.30,"2,037",3037
104/11/27,"8,030,380","118,358,899",14.70,14.90,14.50,14.85,+0.15,"2,025",3037
104/11/30,"12,298,874","182,068,542",14.75,15.00,14.45,14.85, 0.00,"3,204",3037
104/12/01,"10,883,910","163,475,404",14.95,15.35,14.80,14.80,-0.05,"3,257",3037
104/12/02,"8,689,540","129,207,177",14.95,15.10,14.70,14.90,+0.10,"2,263",3037
104/12/03,"16,177,379","245,251,518",14.80,15.30,14.80,15.25,+0.35,"4,575",3037
104/12/04,"5,470,122","82,153,330",15.15,15.20,14.90,14.95,-0.30,"1,910",3037
104/12/07,"6,442,034","97,628,658",15.15,15.30,15.00,15.25,+0.30,"1,949",3037
104/12/08,"10,406,400","159,360,535",15.20,15.60,15.05,15.10,-0.15,"2,862",3037
104/12/09,"5,906,003","87,706,743",15.15,15.25,14.70,14.85,-0.25,"1,748",3037
104/12/10,"5,405,509","79,258,124",14.85,15.05,14.45,14.60,-0.25,"1,753",3037
104/12/11,"10,242,644","150,082,519",14.80,14.95,14.35,14.35,-0.25,"2,434",3037
104/12/14,"4,844,008","68,128,808",14.20,14.25,13.95,14.05,-0.30,"1,603",3037
104/12/15,"3,092,277","43,985,857",14.20,14.40,14.10,14.35,+0.30,"1,103",3037
104/12/16,"5,158,555","74,245,352",14.40,14.60,14.25,14.25,-0.10,"1,466",3037
104/12/17,"3,786,842","54,487,722",14.35,14.50,14.30,14.45,+0.20,"1,142",3037
104/12/18,"4,777,322","69,493,929",14.40,14.65,14.40,14.65,+0.20,"1,480",3037
104/12/21,"3,599,907","52,856,021",14.55,14.85,14.45,14.70,+0.05,"1,260",3037
104/12/22,"8,811,014","130,483,001",14.80,15.05,14.55,14.65,-0.05,"2,482",3037
104/12/23,"4,738,839","69,465,143",14.75,14.80,14.50,14.60,-0.05,"1,611",3037
104/12/24,"5,097,153","74,843,189",14.80,14.95,14.40,14.40,-0.20,"1,496",3037
104/12/25,"2,299,446","33,184,159",14.45,14.55,14.35,14.50,+0.10,814,3037
104/12/28,"2,443,322","35,569,583",14.60,14.65,14.50,14.60,+0.10,"1,052",3037
104/12/29,"6,904,494","98,656,858",14.35,14.40,14.20,14.20,-0.40,"2,357",3037
104/12/30,"3,935,295","56,180,383",14.35,14.40,14.20,14.20, 0.00,"1,132",3037
104/12/31,"4,758,982","66,530,493",14.20,14.25,13.85,13.95,-0.25,"1,693",3037
105/01/04,"3,717,144","51,526,834",13.95,14.05,13.70,13.75,-0.20,"1,124",3037
105/01/05,"3,272,179","45,112,246",13.75,13.95,13.70,13.70,-0.05,"1,487",3037
105/01/06,"7,566,845","101,236,149",13.70,13.80,13.10,13.20,-0.50,"1,897",3037
105/01/07,"5,973,330","77,824,665",13.15,13.30,12.80,12.90,-0.30,"1,675",3037
105/01/08,"3,817,217","49,568,110",12.75,13.15,12.75,13.10,+0.20,"1,316",3037
105/01/11,"6,189,945","82,202,767",13.20,13.45,13.10,13.20,+0.10,"1,926",3037
105/01/12,"4,907,474","64,464,284",13.20,13.30,12.90,12.90,-0.30,"1,438",3037
105/01/13,"3,692,251","47,778,813",12.95,13.15,12.80,12.80,-0.10,"1,163",3037
105/01/14,"6,820,000","85,105,491",12.70,12.70,12.25,12.35,-0.45,"1,879",3037
105/01/15,"6,213,160","76,495,296",12.55,12.55,12.15,12.25,-0.10,"1,667",3037
105/01/18,"6,267,010","76,736,272",11.95,12.60,11.85,12.40,+0.15,"2,236",3037
105/01/19,"4,320,961","53,956,061",12.35,12.60,12.30,12.45,+0.05,"1,349",3037
105/01/20,"5,200,338","63,340,021",12.45,12.45,12.05,12.05,-0.40,"1,738",3037
105/01/21,"4,521,935","54,808,679",12.15,12.25,12.00,12.25,+0.20,"1,470",3037
105/01/22,"4,033,323","50,107,754",12.40,12.50,12.35,12.45,+0.20,"1,326",3037
105/01/25,"2,148,759","26,906,123",12.55,12.60,12.40,12.55,+0.10,902,3037
105/01/26,"2,004,572","24,861,910",12.45,12.50,12.30,12.40,-0.15,760,3037
105/01/27,"3,476,778","43,675,382",12.55,12.65,12.45,12.50,+0.10,"1,290",3037
105/01/28,"9,439,326","121,345,892",12.55,13.10,12.50,13.00,+0.50,"2,496",3037
105/01/29,"35,058,633","476,176,481",13.50,13.85,13.25,13.25,+0.25,"7,782",3037
105/01/30,"25,105,629","345,183,010",13.45,14.10,13.25,13.95,+0.70,"3,779",3037
105/02/01,"30,424,475","428,572,314",14.00,14.25,13.80,14.00,+0.05,"3,944",3037
105/02/02,"34,403,802","490,182,565",14.30,14.40,14.05,14.30,+0.30,"5,374",3037
105/02/03,"37,627,760","542,515,697",14.30,14.55,14.20,14.35,+0.05,"5,090",3037
105/02/15,"28,683,879","434,757,670",14.30,15.50,14.25,15.45,+1.10,"7,543",3037
105/02/16,"22,672,945","350,070,840",15.45,15.80,15.20,15.35,-0.10,"5,552",3037
105/02/17,"18,369,849","287,314,290",15.40,15.85,15.35,15.55,+0.20,"5,123",3037
105/02/18,"36,185,758","587,099,093",15.90,16.60,15.90,16.50,+0.95,"10,033",3037
105/02/19,"20,339,389","340,172,796",16.70,17.00,16.50,16.60,+0.10,"6,062",3037
105/02/22,"12,516,097","204,690,565",16.70,16.75,16.15,16.25,-0.35,"3,720",3037
105/02/23,"13,294,361","220,186,462",16.50,16.75,16.30,16.55,+0.30,"3,522",3037
105/02/24,"6,659,289","109,913,405",16.55,16.65,16.35,16.55, 0.00,"2,608",3037
105/02/25,"8,626,075","142,162,951",16.60,16.75,16.25,16.35,-0.20,"2,808",3037
105/02/26,"12,229,968","203,465,035",16.55,16.90,16.35,16.90,+0.55,"3,371",3037
105/03/01,"8,636,039","146,362,021",16.90,17.15,16.75,16.90, 0.00,"2,873",3037
105/03/02,"11,670,572","196,354,301",16.90,17.05,16.55,16.80,-0.10,"3,457",3037
105/03/03,"7,131,157","119,544,876",16.90,17.05,16.60,16.60,-0.20,"2,305",3037
105/03/04,"7,532,407","127,205,917",16.65,17.00,16.65,17.00,+0.40,"2,797",3037
105/03/07,"5,375,984","90,423,892",17.00,17.10,16.70,16.70,-0.30,"2,021",3037
105/03/08,"19,328,071","333,515,420",16.70,17.80,16.60,17.50,+0.80,"6,083",3037
105/03/09,"10,601,610","183,923,115",17.50,17.55,17.15,17.30,-0.20,"3,146",3037
105/03/10,"5,713,415","98,900,359",17.30,17.45,17.15,17.15,-0.15,"1,905",3037
105/03/11,"4,150,427","71,259,135",17.15,17.30,17.10,17.10,-0.05,"1,735",3037
105/03/14,"4,735,230","81,776,678",17.25,17.40,17.15,17.20,+0.10,"1,623",3037
105/03/15,"11,077,244","185,139,603",17.30,17.30,16.30,16.30,-0.90,"3,108",3037
105/03/16,"7,908,831","132,008,818",16.55,16.80,16.55,16.70,+0.40,"2,306",3037
105/03/17,"10,426,901","173,816,507",17.00,17.05,16.35,16.35,-0.35,"2,747",3037
105/03/18,"19,244,451","311,642,403",16.40,16.65,16.00,16.10,-0.25,"3,760",3037
105/03/21,"7,985,939","128,973,500",16.10,16.30,16.00,16.15,+0.05,"2,414",3037
105/03/22,"12,171,257","195,950,431",16.20,16.30,15.90,16.10,-0.05,"3,194",3037
105/03/23,"8,078,499","130,974,704",16.10,16.40,16.10,16.15,+0.05,"2,506",3037
105/03/24,"16,848,982","271,151,012",16.30,16.30,15.90,16.00,-0.15,"3,591",3037
105/03/25,"15,469,975","242,176,453",16.10,16.15,15.40,15.40,-0.60,"4,507",3037
105/03/28,"4,368,535","67,274,622",15.40,15.50,15.25,15.40, 0.00,"1,511",3037
105/03/29,"6,130,049","93,711,885",15.40,15.60,15.10,15.15,-0.25,"1,940",3037
105/03/30,"5,353,765","82,905,287",15.15,15.65,15.15,15.65,+0.50,"2,064",3037
105/03/31,"4,237,571","66,155,915",15.70,15.80,15.45,15.60,-0.05,"1,665",3037
105/04/01,"3,659,358","56,405,451",15.70,15.70,15.30,15.50,-0.10,"1,387",3037
105/04/06,"4,296,041","66,742,735",15.50,15.70,15.35,15.60,+0.10,"1,996",3037
105/04/07,"3,351,097","51,502,933",15.65,15.65,15.25,15.30,-0.30,"1,345",3037
105/04/08,"2,855,747","44,092,908",15.25,15.60,15.20,15.50,+0.20,"1,232",3037
105/04/11,"10,337,850","164,907,264",15.60,16.20,15.50,16.00,+0.50,"3,061",3037
105/04/12,"5,737,948","90,172,027",15.85,15.90,15.55,15.70,-0.30,"2,010",3037
105/04/13,"3,119,348","49,028,065",15.75,15.80,15.60,15.80,+0.10,"1,094",3037
105/04/14,"3,677,084","58,283,449",15.90,16.05,15.70,15.90,+0.10,"1,280",3037
105/04/15,"4,188,115","66,589,798",15.90,16.00,15.75,16.00,+0.10,"1,541",3037
105/04/18,"2,397,739","38,062,564",16.05,16.05,15.80,15.80,-0.20,975,3037
105/04/19,"2,879,965","45,715,944",15.85,15.95,15.75,15.90,+0.10,"1,186",3037
105/04/20,"2,683,615","42,247,270",16.00,16.05,15.60,15.60,-0.30,"1,403",3037
105/04/21,"2,189,466","34,094,419",15.65,15.75,15.45,15.50,-0.10,970,3037
105/04/22,"2,991,496","45,970,683",15.50,15.60,15.25,15.30,-0.20,"1,214",3037
105/04/25,"4,635,591","72,865,494",15.40,16.00,15.35,15.95,+0.65,"1,870",3037
105/04/26,"3,416,952","54,311,085",16.00,16.05,15.75,15.80,-0.15,"1,478",3037
105/04/27,"2,438,867","38,158,185",15.80,15.90,15.50,15.50,-0.30,"1,067",3037
105/04/28,"1,863,719","28,936,577",15.60,15.65,15.40,15.45,-0.05,909,3037
105/04/29,"3,927,636","60,712,022",15.55,15.60,15.35,15.45, 0.00,"1,377",3037
105/05/03,"19,444,243","274,789,134",15.00,15.00,13.95,13.95,-1.50,"4,640",3037
105/05/04,"8,574,630","117,280,486",13.85,14.05,13.35,13.40,-0.55,"2,499",3037
105/05/05,"5,241,500","69,561,548",13.30,13.50,13.10,13.25,-0.15,"1,946",3037
105/05/06,"2,709,581","35,722,609",13.25,13.35,13.05,13.10,-0.15,"1,080",3037
105/05/09,"2,833,195","37,947,309",13.15,13.60,13.15,13.45,+0.35,"1,270",3037
105/05/10,"2,595,887","35,000,437",13.45,13.70,13.20,13.40,-0.05,"1,075",3037
105/05/11,"2,291,305","30,716,054",13.60,13.60,13.30,13.30,-0.10,"1,008",3037
105/05/12,"2,268,408","30,568,222",13.50,13.65,13.35,13.35,+0.05,988,3037
105/05/13,"2,957,792","39,186,673",13.35,13.45,13.10,13.15,-0.20,"1,010",3037
105/05/16,"1,305,506","17,308,775",13.30,13.35,13.15,13.25,+0.10,775,3037
105/05/17,"2,920,584","39,270,549",13.30,13.65,13.30,13.50,+0.25,"1,180",3037
105/05/18,"1,927,696","25,824,803",13.50,13.50,13.30,13.35,-0.15,"1,034",3037
105/05/19,"2,477,439","32,736,947",13.35,13.45,13.05,13.10,-0.25,"1,009",3037
105/05/20,"2,035,928","27,041,279",13.20,13.35,13.20,13.35,+0.25,993,3037
105/05/23,"4,348,323","59,553,515",13.40,13.85,13.35,13.85,+0.50,"1,265",3037
105/05/24,"1,778,106","24,494,256",13.85,13.90,13.70,13.80,-0.05,801,3037
105/05/25,"4,246,867","58,954,455",13.90,14.05,13.75,13.80, 0.00,"1,465",3037
105/05/26,"1,741,381","24,127,464",13.85,14.00,13.80,13.85,+0.05,841,3037
105/05/27,"2,463,979","34,451,706",13.90,14.05,13.90,14.00,+0.15,"1,081",3037
105/05/30,"1,089,433","15,255,679",14.05,14.10,13.95,14.00, 0.00,341,3037
105/05/31,"2,312,530","32,230,109",14.05,14.10,13.80,13.90,-0.10,850,3037
105/06/01,"3,722,943","52,611,792",13.90,14.20,13.85,14.10,+0.20,"1,301",3037
105/06/02,"2,634,935","36,815,391",14.10,14.15,13.85,13.85,-0.25,"1,088",3037
105/06/03,"1,359,054","18,885,198",13.95,13.95,13.85,13.95,+0.10,635,3037
105/06/04,"601,142","8,359,313",13.95,13.95,13.85,13.90,-0.05,187,3037
105/06/06,"1,346,800","18,716,115",14.00,14.05,13.80,13.90, 0.00,477,3037
105/06/07,"2,747,287","38,625,718",14.00,14.20,13.90,14.05,+0.15,"1,286",3037
105/06/08,"2,392,308","33,603,018",14.10,14.15,13.95,14.00,-0.05,"1,128",3037
105/06/13,"2,576,216","35,070,681",13.80,13.85,13.50,13.55,-0.45,981,3037
105/06/14,"1,849,072","25,274,636",13.55,13.85,13.50,13.80,+0.25,793,3037
105/06/15,"2,059,585","28,422,863",13.70,13.90,13.65,13.85,+0.05,722,3037
105/06/16,"1,212,285","16,653,495",13.80,13.85,13.65,13.70,-0.15,616,3037
105/06/17,"1,251,307","17,218,979",13.75,13.85,13.65,13.65,-0.05,713,3037
105/06/20,"1,296,387","17,933,017",13.85,13.90,13.75,13.85,+0.20,611,3037
105/06/21,"2,551,150","35,490,800",13.85,14.00,13.80,14.00,+0.15,886,3037
105/06/22,"14,283,349","210,381,474",14.30,15.00,14.30,14.95,+0.95,"4,768",3037
105/06/23,"4,808,177","70,463,777",14.95,14.95,14.55,14.60,-0.35,"2,085",3037
105/06/24,"7,615,291","107,060,724",14.60,14.60,13.75,13.85,-0.75,"2,630",3037
105/06/27,"2,997,950","42,112,790",13.85,14.20,13.80,14.20,+0.35,"1,227",3037
105/06/28,"1,897,018","26,723,899",13.95,14.20,13.90,14.15,-0.05,825,3037
105/06/29,"3,776,831","53,412,654",14.25,14.35,14.05,14.10,-0.05,"1,125",3037
105/06/30,"1,863,072","26,400,558",14.20,14.25,14.10,14.10, 0.00,753,3037
105/07/01,"3,317,599","47,017,540",14.20,14.30,14.05,14.10, 0.00,"1,515",3037
105/07/04,"2,508,199","35,510,507",14.15,14.25,14.05,14.20,+0.10,"1,097",3037
105/07/05,"2,854,614","40,124,924",14.20,14.20,14.00,14.05,-0.15,"1,748",3037
105/07/06,"3,749,724","52,161,394",14.05,14.10,13.80,13.90,-0.15,"1,553",3037
105/07/07,"3,025,825","42,018,022",13.95,14.15,13.80,13.85,-0.05,"1,420",3037
105/07/11,"6,119,261","83,908,995",13.95,14.05,13.55,13.60,-0.25,"2,805",3037
105/07/12,"5,608,467","75,829,375",13.60,13.75,13.40,13.45,-0.15,"2,300",3037
105/07/13,"4,660,854","63,011,981",13.45,13.70,13.40,13.55,+0.10,"1,760",3037
105/07/14,"3,954,826","53,825,726",13.55,13.75,13.50,13.65,+0.10,"1,485",3037
105/07/15,"6,676,359","92,166,229",13.65,13.95,13.60,13.75,+0.10,"2,792",3037
105/07/18,"5,409,156","75,498,613",13.85,14.10,13.80,14.00,+0.25,"2,027",3037
105/07/19,"5,171,601","71,764,912",14.00,14.00,13.80,13.85,-0.15,"1,731",3037
105/07/20,"3,349,721","46,676,778",13.80,14.00,13.80,13.95,+0.10,"1,263",3037
105/07/21,"5,432,210","76,595,455",14.00,14.25,13.90,14.10,+0.15,"1,598",3037
105/07/22,"3,851,318","54,215,802",14.15,14.20,13.95,14.00,-0.10,"1,302",3037
105/07/25,"2,863,554","40,341,657",14.10,14.25,14.00,14.10,+0.10,870,3037
105/07/26,"3,857,343","54,160,802",14.05,14.10,14.00,14.00,-0.10,"1,316",3037
105/07/27,"5,692,753","79,998,091",14.10,14.15,14.00,14.05,+0.05,"1,479",3037
105/07/28,"6,005,593","82,425,716",13.85,13.90,13.60,13.60,X0.00,"1,761",3037
105/07/29,"7,106,217","95,720,775",13.55,13.65,13.30,13.60, 0.00,"2,062",3037
105/08/01,"5,780,224","77,896,767",13.50,13.60,13.40,13.50,-0.10,"1,711",3037
105/08/02,"7,559,637","100,423,351",13.50,13.50,13.20,13.20,-0.30,"2,576",3037
105/08/03,"9,892,913","129,481,608",13.15,13.25,13.00,13.05,-0.15,"3,210",3037
105/08/04,"5,707,651","74,606,735",13.05,13.20,13.00,13.05, 0.00,"2,081",3037
105/08/05,"3,933,322","51,620,158",13.10,13.20,13.10,13.15,+0.10,"1,364",3037
105/08/08,"2,733,422","35,937,871",13.20,13.25,13.10,13.10,-0.05,905,3037
105/08/09,"4,448,843","58,058,559",13.10,13.20,12.90,13.00,-0.10,"1,740",3037
105/08/10,"5,845,225","75,315,563",13.00,13.05,12.80,12.85,-0.15,"1,739",3037
105/08/11,"3,563,084","45,602,360",12.80,12.90,12.75,12.85, 0.00,"1,229",3037
105/08/12,"3,109,923","40,100,541",12.90,13.00,12.80,13.00,+0.15,"1,146",3037
105/08/15,"2,428,029","31,548,757",13.00,13.05,12.90,13.05,+0.05,"1,070",3037
105/08/16,"2,750,179","35,709,806",13.10,13.10,12.90,12.95,-0.10,931,3037
105/08/17,"2,319,593","29,910,061",12.95,13.00,12.85,12.85,-0.10,"1,315",3037
105/08/18,"7,153,121","94,210,571",12.90,13.35,12.85,13.10,+0.25,"1,991",3037
105/08/19,"2,788,723","36,558,626",13.20,13.25,13.00,13.05,-0.05,946,3037
105/08/22,"1,387,017","17,949,985",13.05,13.05,12.90,12.90,-0.15,703,3037
105/08/23,"2,525,222","33,041,738",13.00,13.20,13.00,13.05,+0.15,890,3037
105/08/24,"2,429,954","31,633,102",13.10,13.15,12.95,13.05, 0.00,823,3037
105/08/25,"2,488,612","32,661,013",13.10,13.20,13.05,13.20,+0.15,828,3037
105/08/26,"1,217,792","16,008,256",13.20,13.20,13.10,13.15,-0.05,580,3037
105/08/29,"1,843,693","24,258,184",13.15,13.30,13.10,13.10,-0.05,752,3037
105/08/30,"2,250,521","29,329,754",13.15,13.20,13.00,13.00,-0.10,765,3037
105/08/31,"1,921,545","24,993,888",13.05,13.05,12.95,13.00, 0.00,997,3037
105/09/01,"2,970,575","38,753,442",13.00,13.15,12.95,13.00, 0.00,900,3037
105/09/02,"3,866,866","50,042,517",13.05,13.10,12.85,12.85,-0.15,"1,216",3037
105/09/05,"2,927,754","37,683,978",13.00,13.00,12.80,12.85, 0.00,995,3037
105/09/06,"12,548,970","166,554,392",12.95,13.45,12.90,13.30,+0.45,"3,235",3037
105/09/07,"3,453,832","45,929,468",13.35,13.35,13.20,13.35,+0.05,"1,137",3037
105/09/08,"7,277,270","98,591,114",13.35,13.70,13.35,13.50,+0.15,"2,156",3037
105/09/09,"4,280,177","57,215,107",13.45,13.50,13.25,13.35,-0.15,"1,162",3037
105/09/10,"2,317,554","30,514,830",13.10,13.30,13.05,13.20,-0.15,504,3037
105/09/12,"2,624,008","34,418,151",13.20,13.25,13.05,13.05,-0.15,710,3037
105/09/13,"1,988,397","25,986,328",13.15,13.20,13.00,13.05, 0.00,846,3037
105/09/14,"2,762,668","35,746,296",13.00,13.10,12.85,12.85,-0.20,785,3037
105/09/19,"1,820,947","23,714,256",13.00,13.10,12.95,13.00,+0.15,491,3037
105/09/20,"1,473,234","19,193,824",13.10,13.10,12.95,13.05,+0.05,502,3037
105/09/21,"2,884,498","38,158,820",13.05,13.35,13.05,13.25,+0.20,"1,319",3037
105/09/22,"1,918,882","25,471,526",13.35,13.35,13.20,13.30,+0.05,684,3037
105/09/23,"3,360,476","44,959,744",13.40,13.45,13.30,13.40,+0.10,"1,151",3037
105/09/26,"1,844,577","24,629,169",13.40,13.50,13.25,13.35,-0.05,571,3037
105/09/29,"3,983,314","52,954,706",13.45,13.45,13.20,13.25,-0.10,"1,420",3037
105/09/30,"2,317,785","30,512,758",13.20,13.30,13.05,13.25, 0.00,853,3037
105/10/03,"1,099,341","14,474,963",13.25,13.30,13.10,13.10,-0.15,426,3037
105/10/04,"4,704,682","62,704,294",13.10,13.50,13.10,13.40,+0.30,"1,681",3037
105/10/05,"2,205,551","29,467,602",13.45,13.45,13.25,13.35,-0.05,605,3037
105/10/06,"2,802,326","37,361,515",13.45,13.45,13.25,13.35, 0.00,774,3037
105/10/07,"1,928,845","25,585,843",13.35,13.35,13.20,13.25,-0.10,876,3037
105/10/11,"6,869,110","88,786,258",13.15,13.20,12.75,12.85,-0.40,"2,130",3037
105/10/12,"3,383,436","43,633,368",12.85,13.05,12.75,12.90,+0.05,"1,092",3037
105/10/13,"1,681,144","21,699,899",12.95,13.00,12.85,12.90, 0.00,658,3037
105/10/14,"2,461,410","31,459,403",12.95,12.95,12.70,12.70,-0.20,"1,020",3037
105/10/17,"1,705,503","21,554,651",12.70,12.70,12.55,12.70, 0.00,576,3037
105/10/18,"1,572,902","20,151,037",12.70,12.90,12.70,12.90,+0.20,667,3037
105/10/19,"1,809,148","23,270,530",12.95,12.95,12.75,12.80,-0.10,786,3037
105/10/20,"1,920,101","24,628,632",12.85,12.95,12.75,12.80, 0.00,786,3037
105/10/21,"3,156,073","40,816,974",12.85,13.05,12.80,12.85,+0.05,977,3037
105/10/24,"4,047,523","52,866,999",12.95,13.15,12.90,13.05,+0.20,"1,298",3037
105/10/25,"1,879,115","24,556,545",13.15,13.15,13.00,13.05, 0.00,669,3037
105/10/26,"1,485,868","19,441,184",13.05,13.15,13.00,13.05, 0.00,607,3037
105/10/27,"1,779,898","23,337,509",13.05,13.20,13.05,13.05, 0.00,586,3037
105/10/28,"1,255,537","16,331,318",13.15,13.15,12.95,12.95,-0.10,617,3037
105/10/31,"3,991,066","51,629,558",12.80,13.05,12.75,13.05,+0.10,"1,085",3037
105/11/01,"4,021,420","51,510,549",12.95,13.00,12.70,12.75,-0.30,"1,817",3037
105/11/02,"2,406,819","30,375,954",12.65,12.75,12.55,12.55,-0.20,"1,047",3037
105/11/03,"4,066,290","50,279,943",12.60,12.70,12.20,12.30,-0.25,"1,218",3037
105/11/04,"2,422,354","29,591,032",12.30,12.35,12.15,12.20,-0.10,859,3037
105/11/07,"2,097,788","25,640,957",12.25,12.30,12.15,12.15,-0.05,"1,028",3037
105/11/08,"1,647,112","20,001,751",12.20,12.25,12.05,12.10,-0.05,638,3037
105/11/09,"4,978,432","58,707,020",12.15,12.20,11.55,11.60,-0.50,"1,419",3037
105/11/10,"2,014,788","23,924,165",11.85,11.95,11.80,11.90,+0.30,791,3037
105/11/11,"3,031,606","34,968,158",11.80,11.85,11.40,11.50,-0.40,"1,005",3037
105/11/14,"1,765,105","20,212,738",11.50,11.60,11.35,11.45,-0.05,517,3037
105/11/15,"1,981,801","22,632,304",11.30,11.55,11.30,11.45, 0.00,829,3037
105/11/16,"2,562,245","29,596,724",11.55,11.60,11.50,11.60,+0.15,889,3037
105/11/17,"1,819,389","21,196,888",11.65,11.75,11.55,11.55,-0.05,783,3037
105/11/18,"2,495,176","29,472,318",11.70,11.90,11.60,11.85,+0.30,940,3037
105/11/21,"1,709,896","20,416,902",11.85,12.05,11.85,12.00,+0.15,710,3037
105/11/22,"4,529,719","54,814,578",12.00,12.25,11.95,12.10,+0.10,"1,327",3037
105/11/23,"1,712,461","20,722,282",12.15,12.25,12.00,12.05,-0.05,528,3037
105/11/24,"820,815","9,909,530",12.10,12.10,12.00,12.05, 0.00,441,3037
105/11/25,"2,337,123","27,988,294",12.15,12.15,11.80,11.85,-0.20,602,3037
105/11/28,"1,202,677","14,423,096",11.90,12.05,11.90,11.95,+0.10,448,3037
105/11/29,"1,420,508","17,049,114",11.90,12.10,11.90,12.00,+0.05,486,3037
105/11/30,"1,822,736","21,859,533",12.05,12.10,11.95,11.95,-0.05,706,3037
105/12/01,"3,826,478","46,672,900",12.00,12.35,12.00,12.20,+0.25,"1,101",3037
105/12/02,"1,800,407","22,024,852",12.20,12.30,12.10,12.30,+0.10,747,3037
105/12/05,"1,565,921","19,111,287",12.35,12.35,12.10,12.15,-0.15,837,3037
105/12/06,"1,415,264","17,205,042",12.15,12.25,12.10,12.15, 0.00,514,3037
105/12/07,"1,627,877","19,816,247",12.25,12.25,12.05,12.20,+0.05,570,3037
105/12/08,"2,140,001","26,119,554",12.25,12.30,12.15,12.20, 0.00,742,3037
105/12/09,"1,455,645","17,776,381",12.20,12.25,12.15,12.20, 0.00,551,3037
105/12/12,"3,097,997","38,308,660",12.25,12.45,12.20,12.35,+0.15,860,3037
105/12/13,"2,576,349","31,982,681",12.40,12.55,12.30,12.35, 0.00,946,3037
105/12/14,"2,186,077","27,217,937",12.40,12.55,12.35,12.35, 0.00,925,3037
105/12/15,"1,695,348","21,058,060",12.35,12.50,12.35,12.50,+0.15,542,3037
105/12/16,"4,119,552","52,142,901",12.55,12.80,12.50,12.60,+0.10,"1,303",3037
105/12/19,"2,317,032","28,680,684",12.60,12.60,12.30,12.30,-0.30,763,3037
105/12/20,"1,532,856","18,732,986",12.35,12.35,12.15,12.20,-0.10,572,3037
105/12/21,"1,321,485","16,236,163",12.25,12.40,12.20,12.25,+0.05,531,3037
105/12/22,"1,015,759","12,493,656",12.35,12.40,12.25,12.25, 0.00,462,3037
105/12/23,"880,278","10,831,203",12.30,12.40,12.25,12.25, 0.00,390,3037
105/12/26,"985,301","12,150,892",12.30,12.40,12.30,12.35,+0.10,398,3037
105/12/27,"890,767","10,970,539",12.30,12.40,12.25,12.30,-0.05,387,3037
105/12/28,"1,165,368","14,434,247",12.35,12.45,12.30,12.45,+0.15,603,3037
105/12/29,"980,875","12,102,253",12.35,12.40,12.30,12.30,-0.15,314,3037
105/12/30,"1,505,974","18,659,724",12.35,12.45,12.30,12.40,+0.10,654,3037
106/01/03,"1,241,136","15,346,472",12.40,12.45,12.30,12.35,-0.05,302,3037
106/01/04,"2,092,368","26,238,295",12.40,12.60,12.40,12.55,+0.20,818,3037
106/01/05,"2,741,021","34,774,248",12.60,12.75,12.55,12.65,+0.10,909,3037
106/01/06,"2,091,219","26,624,612",12.75,12.80,12.65,12.70,+0.05,668,3037
106/01/09,"1,402,862","17,673,219",12.75,12.75,12.50,12.50,-0.20,526,3037
106/01/10,"1,256,294","15,613,573",12.50,12.55,12.35,12.35,-0.15,558,3037
106/01/11,"1,102,548","13,659,833",12.40,12.45,12.35,12.45,+0.10,484,3037
106/01/12,"4,684,602","59,276,168",12.50,12.75,12.45,12.60,+0.15,"1,142",3037
106/01/13,"961,068","12,053,143",12.60,12.60,12.50,12.55,-0.05,450,3037
106/01/16,"2,070,780","25,559,574",12.55,12.55,12.25,12.30,-0.25,760,3037
106/01/17,"1,401,207","17,244,089",12.30,12.40,12.25,12.35,+0.05,516,3037
106/01/18,"1,382,313","17,015,873",12.35,12.40,12.25,12.30,-0.05,747,3037
106/01/19,"1,979,712","24,344,861",12.30,12.40,12.20,12.25,-0.05,718,3037
106/01/20,"1,346,375","16,534,967",12.25,12.35,12.25,12.25, 0.00,433,3037
106/01/23,"2,103,036","26,068,634",12.35,12.50,12.30,12.35,+0.10,672,3037
106/01/24,"1,997,856","24,529,667",12.40,12.40,12.20,12.30,-0.05,899,3037
106/02/02,"6,632,629","84,161,648",12.30,12.95,12.30,12.75,+0.45,"2,349",3037
106/02/03,"11,100,567","146,803,829",12.90,13.35,12.85,13.35,+0.60,"3,347",3037
106/02/06,"8,292,491","111,924,635",13.50,13.70,13.30,13.35, 0.00,"2,474",3037
106/02/07,"2,526,192","33,505,337",13.35,13.35,13.20,13.25,-0.10,901,3037
106/02/08,"7,554,950","101,898,947",13.30,13.70,13.25,13.55,+0.30,"2,246",3037
106/02/09,"4,278,104","57,593,327",13.55,13.65,13.35,13.45,-0.10,"1,167",3037
106/02/10,"2,744,765","36,803,042",13.45,13.55,13.35,13.35,-0.10,888,3037
106/02/13,"2,812,675","37,327,391",13.35,13.45,13.20,13.30,-0.05,938,3037
106/02/14,"4,589,188","61,506,300",13.30,13.60,13.20,13.45,+0.15,"1,299",3037
106/02/15,"13,184,841","181,242,594",13.55,13.90,13.50,13.70,+0.25,"3,166",3037
106/02/16,"7,314,116","101,092,918",13.90,14.00,13.70,13.75,+0.05,"2,221",3037
106/02/17,"3,264,180","44,683,687",13.75,13.85,13.60,13.75, 0.00,"1,176",3037
106/02/18,"4,213,769","58,266,834",13.80,13.95,13.70,13.80,+0.05,"1,312",3037
106/02/20,"17,391,528","247,404,264",13.95,14.45,13.85,14.35,+0.55,"4,157",3037
106/02/21,"6,774,903","95,339,342",14.25,14.30,13.90,14.00,-0.35,"1,960",3037
106/02/22,"7,046,710","98,943,090",14.10,14.25,13.90,13.95,-0.05,"2,041",3037
106/02/23,"12,765,438","181,834,622",14.00,14.40,13.95,14.25,+0.30,"2,784",3037
106/02/24,"4,922,528","69,964,764",14.20,14.35,14.10,14.35,+0.10,"1,389",3037
106/03/01,"7,289,435","103,027,700",14.35,14.35,13.95,14.05,-0.30,"1,828",3037
106/03/02,"5,528,757","77,798,898",14.15,14.30,13.90,14.00,-0.05,"1,569",3037
106/03/03,"2,983,173","41,900,072",14.10,14.15,14.00,14.00, 0.00,981,3037
106/03/06,"3,043,114","42,487,188",14.05,14.10,13.90,13.90,-0.10,"1,038",3037
106/03/07,"5,598,523","78,684,722",13.95,14.15,13.95,14.10,+0.20,"1,160",3037
106/03/08,"7,315,752","104,749,152",14.20,14.45,14.20,14.25,+0.15,"1,948",3037
106/03/09,"3,925,117","55,448,394",14.25,14.30,14.00,14.20,-0.05,"1,187",3037
106/03/10,"6,944,978","96,999,484",14.20,14.20,13.75,14.15,-0.05,"1,529",3037
106/03/13,"3,293,661","46,725,448",14.20,14.25,14.10,14.25,+0.10,"1,154",3037
106/03/14,"7,749,208","111,687,901",14.30,14.50,14.25,14.40,+0.15,"1,816",3037
106/03/15,"3,273,563","46,947,971",14.40,14.50,14.25,14.30,-0.10,"1,062",3037
106/03/16,"7,869,824","114,114,270",14.35,14.60,14.30,14.60,+0.30,"1,998",3037
106/03/17,"13,448,517","199,236,226",14.70,15.10,14.60,15.05,+0.45,"3,352",3037
106/03/20,"11,177,427","169,325,884",15.25,15.30,15.00,15.15,+0.10,"3,052",3037
106/03/21,"17,858,702","276,031,583",15.20,15.70,15.15,15.30,+0.15,"4,648",3037
106/03/22,"9,045,590","138,743,775",15.10,15.70,14.95,15.65,+0.35,"2,744",3037
106/03/23,"7,534,682","117,823,311",15.75,15.80,15.50,15.50,-0.15,"2,120",3037
106/03/24,"37,491,106","611,929,731",15.60,16.95,15.40,16.10,+0.60,"8,114",3037
106/03/27,"14,455,508","232,150,840",16.15,16.45,15.60,15.65,-0.45,"4,363",3037
106/03/28,"13,812,208","218,147,189",16.00,16.10,15.40,15.95,+0.30,"3,752",3037
106/03/29,"42,085,458","705,747,936",16.25,17.00,16.25,17.00,+1.05,"9,722",3037
106/03/30,"15,834,082","268,601,587",17.25,17.25,16.80,16.80,-0.20,"4,722",3037
106/03/31,"18,131,846","301,532,093",16.75,16.90,16.40,16.70,-0.10,"5,135",3037
106/04/05,"21,828,041","374,296,164",16.80,17.35,16.75,17.25,+0.55,"6,853",3037
106/04/06,"11,541,125","198,537,671",17.20,17.40,17.05,17.10,-0.15,"3,501",3037
106/04/07,"33,410,113","586,622,693",17.20,17.90,17.15,17.90,+0.80,"8,804",3037
106/04/10,"20,802,135","374,320,630",17.75,18.35,17.60,18.00,+0.10,"6,294",3037
106/04/11,"18,091,855","319,379,887",18.00,18.15,17.40,17.45,-0.55,"5,521",3037
106/04/12,"38,081,913","688,872,503",17.55,18.30,17.55,18.00,+0.55,"8,948",3037
106/04/13,"43,851,631","814,810,070",18.30,18.95,18.10,18.80,+0.80,"10,346",3037
106/04/14,"24,293,652","442,100,061",18.70,18.70,17.75,17.80,-1.00,"6,536",3037
106/04/17,"22,980,280","395,106,792",17.85,18.05,16.60,17.25,-0.55,"6,339",3037
106/04/18,"14,777,033","265,349,086",17.80,18.25,17.70,17.90,+0.65,"4,718",3037
106/04/19,"10,711,868","188,032,803",17.30,17.90,17.30,17.70,-0.20,"3,386",3037
106/04/20,"10,683,993","186,759,717",17.70,17.85,17.30,17.30,-0.40,"4,222",3037
106/04/21,"16,765,205","300,784,840",17.75,18.15,17.55,18.00,+0.70,"4,056",3037
106/04/24,"8,743,084","155,312,059",18.15,18.25,17.50,17.55,-0.45,"2,729",3037
106/04/25,"5,923,458","104,456,272",17.70,17.80,17.45,17.70,+0.15,"2,050",3037
106/04/26,"11,121,744","199,776,858",17.85,18.10,17.70,17.90,+0.20,"3,185",3037
106/04/27,"5,742,353","102,295,686",18.05,18.05,17.70,17.85,-0.05,"1,914",3037
106/04/28,"32,666,271","606,608,052",18.10,18.90,17.90,18.60,+0.75,"8,424",3037
106/05/02,"16,766,428","312,742,737",18.85,19.05,18.45,18.45,-0.15,"4,507",3037
106/05/03,"9,187,215","166,604,229",18.50,18.55,17.85,17.90,-0.55,"2,973",3037
106/05/04,"8,439,538","153,686,334",18.05,18.40,17.95,18.30,+0.40,"2,440",3037
106/05/05,"7,598,558","136,594,295",18.00,18.20,17.80,17.85,-0.45,"2,379",3037
106/05/08,"6,716,062","118,632,777",18.20,18.20,17.45,17.45,-0.40,"2,360",3037
106/05/09,"11,489,579","203,145,427",17.70,18.00,17.30,17.60,+0.15,"3,499",3037
106/05/10,"10,563,555","190,291,913",17.75,18.30,17.65,18.20,+0.60,"3,064",3037
106/05/11,"7,545,038","134,146,411",18.10,18.10,17.65,17.70,-0.50,"2,524",3037
106/05/12,"13,290,542","236,544,174",17.90,18.15,17.40,17.40,-0.30,"3,583",3037
106/05/15,"8,313,806","144,402,934",17.50,17.60,17.15,17.30,-0.10,"2,326",3037
106/05/16,"7,833,157","138,233,477",17.60,17.85,17.50,17.55,+0.25,"2,254",3037
106/05/17,"4,499,915","78,867,311",17.65,17.80,17.40,17.50,-0.05,"1,814",3037
106/05/18,"4,512,697","77,773,635",17.15,17.35,17.05,17.25,-0.25,"1,606",3037
106/05/19,"3,941,880","68,991,846",17.40,17.65,17.30,17.55,+0.30,"1,211",3037
106/05/22,"2,530,513","44,242,494",17.70,17.70,17.30,17.45,-0.10,785,3037
106/05/23,"2,999,537","52,548,312",17.40,17.65,17.35,17.45, 0.00,"1,109",3037
106/05/24,"2,859,384","49,873,431",17.55,17.65,17.35,17.35,-0.10,859,3037
106/05/25,"4,245,435","73,303,401",17.40,17.40,17.20,17.20,-0.15,"1,233",3037
106/05/26,"6,448,200","109,643,561",17.20,17.30,16.75,16.90,-0.30,"2,155",3037
106/05/31,"5,868,827","100,357,742",17.00,17.50,16.80,17.40,+0.50,"1,997",3037
106/06/01,"5,649,567","96,819,089",17.30,17.35,16.95,17.10,-0.30,"1,534",3037
106/06/02,"5,904,261","102,119,818",17.10,17.45,17.10,17.20,+0.10,"1,842",3037
106/06/03,"2,014,673","34,638,835",17.25,17.35,17.10,17.20, 0.00,657,3037
106/06/05,"7,371,583","128,462,294",17.20,17.75,17.10,17.60,+0.40,"2,008",3037
106/06/06,"24,578,213","441,070,854",17.85,18.10,17.70,18.05,+0.45,"6,205",3037
106/06/07,"8,364,111","148,260,534",17.95,18.00,17.55,17.55,-0.50,"3,006",3037
106/06/08,"5,435,306","95,131,016",17.60,17.70,17.40,17.45,-0.10,"1,773",3037
106/06/09,"4,661,879","81,913,580",17.60,17.75,17.40,17.50,+0.05,"1,495",3037
106/06/12,"6,030,917","103,587,781",17.35,17.45,17.05,17.05,-0.45,"2,039",3037
106/06/13,"4,251,841","73,166,861",17.15,17.35,17.00,17.30,+0.25,"1,561",3037
106/06/14,"7,874,336","135,603,122",17.40,17.50,16.90,17.50,+0.20,"2,536",3037
106/06/15,"5,250,816","91,886,126",17.55,17.60,17.35,17.60,+0.10,"1,791",3037
106/06/16,"21,257,926","382,355,217",17.70,18.25,17.65,17.75,+0.15,"5,507",3037
106/06/19,"6,067,703","107,574,761",17.95,18.00,17.60,17.60,-0.15,"2,250",3037
106/06/20,"3,646,997","64,155,241",17.65,17.80,17.45,17.45,-0.15,"1,248",3037
106/06/21,"8,090,916","144,235,987",17.45,18.00,17.40,17.95,+0.50,"2,790",3037
106/06/22,"31,496,123","583,973,035",18.50,18.70,18.30,18.30,+0.35,"8,807",3037
106/06/23,"7,375,397","133,943,896",18.30,18.40,18.00,18.00,-0.30,"2,914",3037
106/06/26,"6,113,601","110,554,536",18.00,18.20,17.95,18.15,+0.15,"2,080",3037
106/06/27,"7,085,837","128,005,925",18.20,18.30,17.85,18.05,-0.10,"2,294",3037
106/06/28,"7,749,400","138,663,113",17.85,18.15,17.75,17.80,-0.25,"2,224",3037
106/06/29,"4,735,467","84,106,229",18.00,18.05,17.60,17.60,-0.20,"1,831",3037
106/06/30,"4,477,365","78,344,767",17.45,17.65,17.40,17.65,+0.05,"1,817",3037
106/07/03,"2,891,126","51,301,431",17.80,17.85,17.65,17.80,+0.15,"1,109",3037
106/07/04,"5,394,128","96,802,323",17.95,18.10,17.80,17.80, 0.00,"1,540",3037
106/07/05,"3,498,704","61,903,417",17.85,17.90,17.50,17.65,-0.15,981,3037
106/07/06,"4,140,269","72,504,184",17.65,17.75,17.40,17.50,-0.15,"1,535",3037
106/07/07,"4,149,577","72,351,897",17.45,17.60,17.35,17.35,-0.15,"1,664",3037
106/07/10,"4,518,399","78,781,111",17.50,17.65,17.30,17.35, 0.00,"1,766",3037
106/07/11,"3,708,093","64,803,524",17.40,17.60,17.30,17.60,+0.25,"1,348",3037
106/07/12,"6,244,813","111,070,362",17.65,17.95,17.60,17.85,+0.25,"1,984",3037
106/07/13,"5,509,133","98,529,601",17.95,18.05,17.80,17.85, 0.00,"1,641",3037
106/07/14,"19,519,440","357,062,648",18.00,18.65,17.85,18.20,+0.35,"4,776",3037
106/07/17,"15,916,861","294,662,892",18.35,18.70,18.30,18.35,+0.15,"3,818",3037
106/07/18,"7,914,586","143,358,919",18.35,18.35,18.00,18.10,-0.25,"2,226",3037
106/07/19,"5,072,310","91,205,393",18.00,18.15,17.90,17.95,-0.15,"1,785",3037
106/07/20,"4,241,599","76,265,786",18.15,18.15,17.85,17.90,-0.05,"1,647",3037
106/07/21,"2,896,321","52,019,354",17.95,18.15,17.85,17.90, 0.00,"1,006",3037
106/07/24,"12,615,801","229,311,268",17.95,18.40,17.85,18.05,+0.15,"3,358",3037
106/07/25,"5,867,400","105,816,724",18.00,18.20,17.90,18.15,+0.10,"1,789",3037
106/07/26,"7,724,658","140,294,108",18.25,18.40,17.90,17.90,-0.25,"2,177",3037
106/07/27,"32,288,923","598,248,874",18.00,18.80,17.95,18.80,+0.90,"7,898",3037
106/07/28,"32,944,054","624,859,840",18.75,19.60,18.50,19.55,+0.75,"8,939",3037
106/07/31,"27,973,787","545,382,598",19.60,19.90,19.00,19.65,+0.10,"8,832",3037
106/08/01,"11,503,268","225,100,852",19.60,19.75,19.35,19.50,-0.15,"3,813",3037
106/08/02,"24,120,345","470,213,664",19.35,19.80,19.20,19.20,-0.30,"6,563",3037
106/08/03,"8,853,493","171,213,025",19.30,19.55,19.20,19.20, 0.00,"3,096",3037
106/08/04,"9,441,520","180,459,572",19.20,19.35,18.95,19.10,-0.10,"3,117",3037
106/08/07,"12,336,184","237,018,580",19.15,19.45,19.05,19.30,+0.20,"3,128",3037
106/08/08,"12,314,494","232,251,453",19.05,19.15,18.50,18.60,X0.00,"3,719",3037
106/08/09,"17,556,116","315,849,253",18.45,18.50,17.65,17.75,-0.85,"5,553",3037
106/08/10,"8,990,706","157,975,524",17.85,18.00,17.35,17.40,-0.35,"2,827",3037
106/08/11,"6,946,804","122,394,680",17.35,17.80,17.35,17.65,+0.25,"2,016",3037
106/08/14,"14,076,677","240,735,232",17.70,17.70,16.80,16.90,-0.75,"4,437",3037
106/08/15,"11,557,888","193,586,130",17.10,17.20,16.50,16.60,-0.30,"3,366",3037
106/08/16,"9,304,445","155,117,932",16.60,16.85,16.50,16.60, 0.00,"3,319",3037
106/08/17,"8,293,866","139,178,555",16.70,17.00,16.55,16.80,+0.20,"2,301",3037
106/08/18,"11,168,207","182,281,247",16.65,16.65,16.20,16.20,-0.60,"3,578",3037
106/08/21,"7,893,417","130,603,615",16.30,16.85,16.15,16.85,+0.65,"2,724",3037
106/08/22,"7,241,677","122,777,051",16.85,17.15,16.80,16.80,-0.05,"2,463",3037
106/08/23,"3,718,196","62,208,350",16.95,16.95,16.55,16.55,-0.25,"1,640",3037
106/08/24,"4,768,582","80,226,181",16.70,16.90,16.70,16.90,+0.35,"1,609",3037
106/08/25,"13,975,757","242,584,221",17.00,17.55,16.90,17.45,+0.55,"4,021",3037
106/08/28,"9,015,676","154,084,792",17.30,17.45,16.95,17.00,-0.45,"2,561",3037
106/08/29,"6,231,465","107,443,060",17.00,17.40,17.00,17.20,+0.20,"1,987",3037
106/08/30,"5,543,573","96,221,209",17.30,17.45,17.20,17.35,+0.15,"2,091",3037
106/08/31,"5,988,556","103,069,383",17.50,17.50,17.00,17.25,-0.10,"2,118",3037
106/09/01,"4,285,416","73,713,205",17.15,17.35,17.10,17.15,-0.10,"1,840",3037
106/09/04,"5,069,355","87,707,525",17.10,17.50,17.00,17.25,+0.10,"2,075",3037
106/09/05,"4,959,728","85,836,777",17.40,17.45,17.10,17.20,-0.05,"1,920",3037
106/09/06,"5,572,516","95,625,222",17.25,17.40,17.00,17.05,-0.15,"1,969",3037
106/09/07,"6,709,101","115,481,619",17.20,17.40,17.05,17.20,+0.15,"2,185",3037
106/09/08,"3,883,491","66,709,989",17.30,17.35,17.05,17.10,-0.10,"1,817",3037
106/09/11,"4,776,833","82,676,018",17.30,17.45,17.20,17.25,+0.15,"1,673",3037
106/09/12,"3,795,855","65,618,296",17.40,17.45,17.20,17.20,-0.05,"1,656",3037
106/09/13,"13,988,211","246,436,946",17.30,17.90,17.20,17.55,+0.35,"4,104",3037
106/09/14,"5,164,276","89,821,624",17.60,17.60,17.20,17.35,-0.20,"2,090",3037
106/09/15,"9,096,746","159,798,355",17.50,17.70,17.40,17.65,+0.30,"2,933",3037
106/09/18,"13,030,055","233,593,914",17.75,18.10,17.60,17.90,+0.25,"4,337",3037
106/09/19,"7,291,418","129,860,792",18.10,18.15,17.50,17.55,-0.35,"2,439",3037
106/09/20,"6,715,620","117,713,494",17.65,17.85,17.30,17.35,-0.20,"2,254",3037
106/09/21,"3,575,018","62,514,056",17.40,17.70,17.25,17.45,+0.10,"1,356",3037
106/09/22,"17,022,575","304,977,788",17.70,18.30,17.65,17.65,+0.20,"4,867",3037
106/09/25,"12,878,164","219,356,956",17.70,17.70,16.50,16.75,-0.90,"3,631",3037
106/09/26,"8,873,018","146,710,534",16.70,16.90,16.20,16.20,-0.55,"2,838",3037
106/09/27,"5,617,531","91,835,420",16.30,16.50,16.25,16.25,+0.05,"1,535",3037
106/09/28,"3,877,155","63,053,204",16.40,16.40,16.10,16.20,-0.05,"1,623",3037
106/09/29,"4,051,423","65,770,857",16.30,16.35,16.05,16.35,+0.15,"1,271",3037
106/09/30,"2,500,109","41,334,045",16.35,16.70,16.35,16.50,+0.15,"1,011",3037
106/10/02,"2,671,715","44,363,261",16.65,16.70,16.50,16.60,+0.10,932,3037
106/10/03,"1,936,030","32,024,694",16.60,16.65,16.40,16.40,-0.20,842,3037
106/10/05,"3,992,540","66,712,612",16.50,16.85,16.45,16.70,+0.30,"1,262",3037
106/10/06,"4,561,028","75,078,745",16.80,16.80,16.35,16.35,-0.35,"1,374",3037
106/10/11,"4,356,785","72,007,299",16.45,16.65,16.35,16.55,+0.20,"1,560",3037
106/10/12,"3,656,240","61,175,480",16.80,16.90,16.65,16.65,+0.10,"1,169",3037
106/10/13,"4,220,296","70,604,783",16.65,16.85,16.60,16.70,+0.05,"1,114",3037
106/10/16,"3,096,410","52,037,579",16.85,16.95,16.70,16.85,+0.15,"1,192",3037
106/10/17,"2,694,911","45,186,803",16.85,16.90,16.70,16.75,-0.10,916,3037
106/10/18,"4,209,322","69,651,492",16.80,16.85,16.40,16.40,-0.35,"1,791",3037
106/10/19,"3,328,336","54,652,763",16.55,16.60,16.30,16.35,-0.05,"1,170",3037
106/10/20,"3,180,747","52,177,639",16.30,16.50,16.25,16.50,+0.15,854,3037
106/10/23,"2,850,114","47,203,619",16.60,16.75,16.45,16.45,-0.05,"1,097",3037
106/10/24,"7,449,911","125,283,933",16.55,16.95,16.45,16.95,+0.50,"2,384",3037
106/10/25,"9,440,694","162,694,874",17.25,17.35,17.05,17.10,+0.15,"3,126",3037
106/10/26,"3,564,285","60,672,573",17.15,17.20,16.90,16.95,-0.15,"1,326",3037
106/10/27,"4,321,122","73,544,537",17.15,17.25,16.75,16.80,-0.15,"1,509",3037
106/10/30,"3,192,665","53,857,598",17.10,17.15,16.65,16.75,-0.05,"1,112",3037
106/10/31,"5,766,291","98,614,399",17.00,17.30,16.75,17.20,+0.45,"2,054",3037
106/11/01,"10,718,153","186,112,449",17.20,17.50,17.10,17.40,+0.20,"2,719",3037
106/11/02,"8,067,167","141,524,747",17.55,17.75,17.30,17.30,-0.10,"2,515",3037
106/11/03,"30,679,437","553,416,816",17.50,18.40,17.40,18.05,+0.75,"7,989",3037
106/11/06,"23,350,316","430,512,943",18.25,18.80,18.20,18.25,+0.20,"6,031",3037
106/11/07,"18,551,727","337,597,002",18.15,18.55,17.80,18.50,+0.25,"4,699",3037
106/11/08,"49,846,471","944,581,500",18.60,19.40,18.55,18.75,+0.25,"11,188",3037
106/11/09,"23,296,287","426,657,039",18.75,18.90,17.60,17.95,-0.80,"5,959",3037
106/11/10,"12,743,374","233,936,322",18.10,18.60,18.00,18.40,+0.45,"3,599",3037
106/11/13,"16,271,588","286,948,718",17.80,17.90,17.40,17.45,-0.95,"3,911",3037
106/11/14,"7,319,889","126,460,904",17.45,17.65,17.05,17.05,-0.40,"2,270",3037
106/11/15,"11,116,623","184,469,175",16.70,16.70,16.50,16.50,-0.55,"3,633",3037
106/11/16,"11,294,340","186,703,444",16.45,16.75,16.25,16.65,+0.15,"3,350",3037
106/11/17,"13,028,410","215,185,416",16.75,16.80,16.25,16.40,-0.25,"3,656",3037
106/11/20,"7,458,153","120,428,859",16.35,16.35,16.00,16.10,-0.30,"2,721",3037
106/11/21,"12,859,285","208,948,796",16.15,16.50,16.10,16.15,+0.05,"3,160",3037
106/11/22,"13,247,895","211,847,228",16.20,16.25,15.70,15.75,-0.40,"4,374",3037
106/11/23,"13,001,031","201,406,171",15.75,15.85,15.30,15.45,-0.30,"3,639",3037
106/11/24,"8,380,457","132,182,438",15.55,15.95,15.55,15.75,+0.30,"2,310",3037
106/11/27,"9,483,530","147,061,299",15.80,15.85,15.30,15.30,-0.45,"3,142",3037
106/11/28,"4,931,622","76,219,678",15.35,15.60,15.30,15.60,+0.30,"1,660",3037
106/11/29,"5,896,830","91,493,262",15.60,15.70,15.40,15.45,-0.15,"1,982",3037
106/11/30,"12,696,317","198,681,556",15.45,15.85,15.40,15.60,+0.15,"3,025",3037
106/12/01,"9,062,889","139,094,860",15.65,15.75,15.10,15.20,-0.40,"3,175",3037
106/12/04,"8,875,787","136,546,064",15.15,15.60,15.15,15.40,+0.20,"2,799",3037
106/12/05,"5,722,835","87,017,553",15.30,15.35,15.05,15.05,-0.35,"2,287",3037
106/12/06,"19,705,645","305,881,984",15.10,15.85,15.10,15.80,+0.75,"5,138",3037
106/12/07,"46,993,215","767,858,093",15.85,16.70,15.35,16.45,+0.65,"12,375",3037
106/12/08,"22,346,138","354,558,376",16.30,16.50,15.60,15.65,-0.80,"6,558",3037
106/12/11,"10,433,900","162,914,975",15.65,15.80,15.35,15.65, 0.00,"2,888",3037
106/12/12,"61,501,306","1,035,422,124",15.80,17.20,15.80,17.10,+1.45,"13,653",3037
106/12/13,"82,851,514","1,489,257,734",17.85,18.40,17.70,17.80,+0.70,"20,420",3037
106/12/14,"38,289,969","684,947,018",17.80,18.20,17.50,17.90,+0.10,"10,499",3037
106/12/15,"32,108,675","559,771,039",17.85,17.85,17.10,17.55,-0.35,"8,523",3037
106/12/18,"41,719,312","747,357,184",17.75,18.25,17.45,17.45,-0.10,"10,848",3037
106/12/19,"22,914,780","394,373,710",17.55,17.65,16.90,17.05,-0.40,"6,372",3037
106/12/20,"31,392,039","554,460,423",17.35,17.95,17.25,17.65,+0.60,"8,491",3037
106/12/21,"13,380,003","232,716,494",17.40,17.55,17.25,17.30,-0.35,"3,854",3037
106/12/22,"15,818,210","277,379,700",17.50,17.80,17.30,17.35,+0.05,"4,205",3037
106/12/25,"18,524,640","325,055,187",17.40,17.85,17.25,17.25,-0.10,"5,630",3037
106/12/26,"16,706,442","282,915,045",17.35,17.50,16.70,16.75,-0.50,"4,902",3037
106/12/27,"13,316,622","226,425,310",16.95,17.25,16.75,16.75, 0.00,"3,360",3037
106/12/28,"21,192,030","353,744,227",16.80,17.05,16.45,16.55,-0.20,"5,241",3037
106/12/29,"13,307,039","217,288,874",16.60,16.70,16.10,16.30,-0.25,"3,994",3037
107/01/02,"12,617,986","208,604,305",16.40,16.80,16.25,16.80,+0.50,"3,821",3037
107/01/03,"16,706,232","281,133,354",16.90,17.10,16.60,16.60,-0.20,"4,737",3037
107/01/04,"10,458,316","173,788,853",16.65,16.85,16.50,16.65,+0.05,"4,337",3037
107/01/05,"16,038,233","271,219,215",16.75,17.15,16.65,16.90,+0.25,"4,910",3037
107/01/08,"28,166,089","479,700,558",16.95,17.20,16.70,17.15,+0.25,"6,594",3037
107/01/09,"51,816,309","905,891,934",17.25,17.80,17.25,17.30,+0.15,"11,832",3037
107/01/10,"17,776,044","302,082,039",17.25,17.35,16.80,16.85,-0.45,"5,015",3037
107/01/11,"13,041,895","223,417,375",16.85,17.30,16.85,17.30,+0.45,"3,888",3037
107/01/12,"24,282,452","425,401,474",17.40,17.70,17.35,17.50,+0.20,"6,632",3037
107/01/15,"20,121,638","350,135,082",17.55,17.70,17.10,17.10,-0.40,"5,629",3037
107/01/16,"14,463,124","251,015,755",17.25,17.55,17.15,17.55,+0.45,"3,566",3037
107/01/17,"58,307,852","1,047,878,930",17.70,18.35,17.55,17.90,+0.35,"13,760",3037
107/01/18,"29,845,974","535,548,676",18.10,18.15,17.70,17.85,-0.05,"7,082",3037
107/01/19,"34,752,098","625,729,278",18.00,18.20,17.80,17.85, 0.00,"7,749",3037
107/01/22,"23,293,318","405,769,161",17.85,17.85,17.15,17.15,-0.70,"6,344",3037
107/01/23,"25,373,299","443,370,500",17.25,17.75,17.20,17.70,+0.55,"5,612",3037
107/01/24,"24,044,279","420,422,408",17.65,17.75,17.20,17.30,-0.40,"5,395",3037
107/01/25,"108,253,163","1,987,175,408",17.80,18.70,17.80,18.60,+1.30,"22,039",3037
107/01/26,"75,154,436","1,423,237,712",19.15,19.30,18.55,18.55,-0.05,"17,481",3037
107/01/29,"96,469,983","1,848,742,937",18.60,19.80,18.30,19.80,+1.25,"22,357",3037
107/01/30,"95,901,927","1,918,123,892",20.10,20.40,19.30,19.60,-0.20,"27,068",3037
107/01/31,"142,636,288","2,947,430,266",19.70,21.55,19.45,21.20,+1.60,"37,474",3037
107/02/01,"70,291,847","1,492,232,753",21.40,21.65,20.85,21.10,-0.10,"21,060",3037
107/02/02,"72,217,189","1,512,627,732",21.20,21.40,20.50,20.90,-0.20,"15,878",3037
107/02/05,"55,874,104","1,149,795,184",19.90,21.10,19.90,21.00,+0.10,"13,782",3037
107/02/06,"78,326,307","1,526,242,185",20.30,20.45,18.90,19.05,-1.95,"17,278",3037
107/02/07,"40,042,961","788,662,786",19.90,20.10,19.35,19.35,+0.30,"10,172",3037
107/02/08,"24,694,162","467,618,193",19.50,19.60,18.20,18.70,-0.65,"6,907",3037
107/02/09,"40,828,387","746,233,668",17.40,19.15,17.35,19.00,+0.30,"12,390",3037
107/02/12,"36,161,175","694,234,298",19.35,19.70,18.50,18.50,-0.50,"9,695",3037
107/02/21,"41,733,864","818,941,986",19.05,20.10,18.95,19.90,+1.40,"10,621",3037
107/02/22,"51,131,871","1,041,783,875",19.90,20.70,19.80,20.60,+0.70,"12,805",3037
107/02/23,"33,386,721","682,146,203",20.70,20.95,20.10,20.20,-0.40,"9,985",3037
107/02/26,"18,968,044","380,841,340",20.40,20.55,19.90,19.90,-0.30,"5,430",3037
107/02/27,"22,071,802","441,333,695",20.10,20.25,19.75,20.20,+0.30,"5,714",3037
107/03/01,"31,152,574","632,144,556",19.95,20.60,19.95,20.15,-0.05,"8,999",3037
107/03/02,"18,496,977","363,790,685",19.80,19.90,19.50,19.55,-0.60,"6,068",3037
107/03/05,"22,433,050","431,052,400",19.55,19.85,18.80,18.80,-0.75,"7,391",3037
107/03/06,"11,841,379","226,959,931",19.20,19.30,18.95,19.25,+0.45,"3,775",3037
107/03/07,"18,347,690","349,666,656",19.10,19.35,18.75,19.10,-0.15,"5,343",3037
107/03/08,"43,008,437","847,649,930",19.35,20.10,19.35,19.80,+0.70,"11,317",3037
107/03/09,"17,604,972","346,043,085",19.80,20.00,19.40,19.55,-0.25,"5,056",3037
107/03/12,"20,397,622","404,716,737",19.75,20.10,19.60,19.85,+0.30,"6,099",3037
107/03/13,"26,742,798","539,852,081",19.80,20.50,19.70,20.15,+0.30,"7,998",3037
107/03/14,"12,304,016","245,398,499",20.00,20.10,19.85,19.85,-0.30,"3,758",3037
107/03/15,"24,900,984","502,535,971",19.85,20.45,19.75,20.05,+0.20,"6,152",3037
107/03/16,"20,857,597","417,318,753",20.30,20.40,19.75,19.75,-0.30,"5,723",3037
107/03/19,"26,071,883","519,693,568",19.65,20.20,19.65,19.80,+0.05,"6,471",3037
107/03/20,"17,967,338","359,176,963",19.85,20.20,19.70,20.05,+0.25,"4,577",3037
107/03/21,"24,393,386","490,261,964",20.15,20.40,19.85,19.95,-0.10,"6,467",3037
107/03/22,"21,350,628","418,392,398",20.00,20.10,19.20,19.20,-0.75,"6,666",3037
107/03/23,"16,900,422","314,686,293",18.30,18.95,18.30,18.70,-0.50,"4,923",3037
107/03/26,"12,261,636","232,637,085",18.70,19.20,18.70,18.90,+0.20,"3,618",3037
107/03/27,"20,182,538","390,169,923",19.30,19.70,18.95,19.65,+0.75,"5,189",3037
107/03/28,"19,774,933","382,633,835",19.45,19.55,19.20,19.20,-0.45,"5,482",3037
107/03/29,"12,535,562","237,911,527",19.25,19.35,18.80,18.85,-0.35,"3,914",3037
107/03/30,"7,699,275","145,507,310",19.10,19.10,18.75,18.85, 0.00,"3,654",3037
107/03/31,"3,830,854","72,674,047",18.90,19.15,18.85,18.85, 0.00,"1,367",3037
107/04/02,"5,484,979","103,777,847",19.00,19.15,18.75,18.75,-0.10,"2,118",3037
107/04/03,"7,574,494","140,601,320",18.50,18.70,18.40,18.55,-0.20,"2,466",3037
107/04/09,"6,632,196","121,131,898",18.50,18.50,18.10,18.15,-0.40,"2,423",3037
107/04/10,"8,260,353","150,790,473",18.25,18.45,18.10,18.10,-0.05,"2,625",3037
107/04/11,"8,516,938","154,337,484",18.30,18.40,18.00,18.00,-0.10,"2,472",3037
107/04/12,"16,098,154","299,101,425",18.10,18.95,18.05,18.65,+0.65,"4,721",3037
107/04/13,"14,386,022","270,739,047",18.80,19.10,18.40,18.75,+0.10,"4,824",3037
107/04/16,"7,196,317","133,402,590",18.70,18.80,18.35,18.35,-0.40,"2,713",3037
107/04/17,"7,342,184","134,916,034",18.45,18.80,18.05,18.05,-0.30,"2,849",3037
107/04/18,"12,143,173","221,777,070",18.25,18.70,17.95,18.05, 0.00,"4,399",3037
107/04/19,"17,691,294","323,737,680",18.15,18.50,18.05,18.20,+0.15,"4,355",3037
107/04/20,"14,731,678","268,665,684",18.15,18.55,17.80,18.25,+0.05,"4,916",3037
107/04/23,"10,543,296","191,177,028",18.30,18.55,17.90,17.95,-0.30,"3,421",3037
107/04/24,"18,918,461","327,217,204",18.05,18.10,16.65,16.90,-1.05,"5,358",3037
107/04/25,"25,688,059","422,324,742",16.55,17.10,16.00,16.80,-0.10,"7,401",3037
107/04/26,"10,876,874","184,433,289",17.15,17.25,16.60,16.60,-0.20,"3,486",3037
107/04/27,"10,368,628","170,555,813",17.00,17.00,16.20,16.50,-0.10,"2,991",3037
107/04/30,"13,611,629","230,062,110",17.10,17.15,16.65,16.80,+0.30,"4,611",3037
107/05/02,"14,555,075","248,407,474",17.00,17.35,16.65,17.05,+0.25,"4,237",3037
107/05/03,"15,738,072","271,975,955",17.10,17.50,17.10,17.25,+0.20,"4,447",3037
107/05/04,"10,487,732","178,059,658",17.25,17.30,16.70,16.75,-0.50,"3,866",3037
107/05/07,"7,455,034","126,361,317",16.95,17.20,16.85,16.85,+0.10,"2,731",3037
107/05/08,"10,473,829","179,866,810",16.90,17.35,16.85,17.20,+0.35,"2,977",3037
107/05/09,"9,390,611","162,310,571",17.30,17.50,17.15,17.15,-0.05,"2,671",3037
107/05/10,"11,967,324","208,252,166",17.15,17.60,17.10,17.35,+0.20,"3,280",3037
107/05/11,"8,034,784","138,740,043",17.50,17.55,17.10,17.15,-0.20,"2,552",3037
107/05/14,"10,997,282","189,886,379",17.45,17.55,17.10,17.15, 0.00,"3,305",3037
107/05/15,"18,511,163","323,505,474",17.25,17.70,17.20,17.35,+0.20,"4,862",3037
107/05/16,"9,669,921","168,930,915",17.55,17.60,17.35,17.50,+0.15,"2,948",3037
107/05/17,"6,352,566","111,675,103",17.65,17.75,17.50,17.50, 0.00,"1,966",3037
107/05/18,"6,844,960","117,723,339",17.50,17.60,17.05,17.05,-0.45,"2,330",3037
107/05/21,"11,375,636","199,354,713",17.20,17.75,17.20,17.65,+0.60,"3,048",3037
107/05/22,"6,927,150","122,491,690",17.85,17.95,17.50,17.50,-0.15,"2,176",3037
107/05/23,"3,285,553","57,333,217",17.55,17.65,17.35,17.40,-0.10,"1,254",3037
107/05/24,"5,184,199","90,659,257",17.55,17.65,17.40,17.40, 0.00,"1,530",3037
107/05/25,"5,711,584","98,831,141",17.45,17.50,17.20,17.20,-0.20,"2,002",3037
107/05/28,"6,827,950","118,684,379",17.30,17.50,17.25,17.40,+0.20,"2,193",3037
107/05/29,"10,444,196","178,708,983",17.35,17.35,17.00,17.05,-0.35,"3,404",3037
107/05/30,"8,224,132","138,856,394",16.95,17.05,16.80,16.80,-0.25,"2,634",3037
107/05/31,"9,617,929","162,746,648",16.95,17.10,16.80,16.80, 0.00,"2,694",3037
107/06/01,"5,324,556","89,622,736",16.80,16.95,16.80,16.80, 0.00,"1,880",3037
107/06/04,"25,737,270","446,592,895",16.95,17.65,16.90,17.60,+0.80,"6,607",3037
107/06/05,"15,337,564","266,291,426",17.60,17.60,17.20,17.25,-0.35,"4,703",3037
107/06/06,"9,076,864","157,133,048",17.25,17.45,17.20,17.25, 0.00,"2,988",3037
107/06/07,"9,350,468","160,874,968",17.30,17.40,17.10,17.10,-0.15,"2,967",3037
107/06/08,"7,646,877","131,308,683",17.15,17.35,17.10,17.15,+0.05,"2,497",3037
107/06/11,"5,807,798","99,602,590",17.30,17.30,17.05,17.10,-0.05,"2,131",3037
107/06/12,"9,661,312","166,350,564",17.10,17.40,17.05,17.05,-0.05,"2,827",3037
107/06/13,"33,918,446","589,584,691",17.20,17.55,17.10,17.15,+0.10,"7,078",3037
107/06/14,"35,955,669","626,825,197",17.15,17.70,17.05,17.70,+0.55,"7,364",3037
107/06/15,"132,561,440","2,457,984,384",18.75,19.30,17.70,17.70, 0.00,"33,445",3037
107/06/19,"35,926,019","635,264,172",17.70,18.00,17.40,17.40,-0.30,"9,351",3037
107/06/20,"17,715,194","305,977,753",17.55,17.60,17.10,17.20,-0.20,"5,239",3037
107/06/21,"9,686,054","166,398,318",17.30,17.35,17.05,17.10,-0.10,"3,062",3037
107/06/22,"8,905,849","151,086,431",17.05,17.05,16.90,16.90,-0.20,"3,270",3037
107/06/25,"5,563,007","94,466,459",17.00,17.15,16.90,16.90, 0.00,"2,159",3037
107/06/26,"14,922,168","245,234,925",16.70,16.70,16.20,16.40,-0.50,"4,903",3037
107/06/27,"8,043,901","131,832,633",16.55,16.60,16.20,16.20,-0.20,"2,876",3037
107/06/28,"8,422,997","136,388,945",16.20,16.40,16.00,16.10,-0.10,"2,646",3037
107/06/29,"4,591,384","74,889,505",16.30,16.40,16.20,16.30,+0.20,"1,445",3037
107/07/02,"5,114,120","83,517,541",16.45,16.50,16.20,16.20,-0.10,"1,579",3037
107/07/03,"9,877,060","158,880,922",16.25,16.45,15.80,15.80,-0.40,"2,971",3037
107/07/04,"9,693,419","153,840,033",15.70,16.10,15.60,15.85,+0.05,"2,870",3037
107/07/05,"8,168,203","131,129,565",16.00,16.20,15.90,16.15,+0.30,"2,611",3037
107/07/06,"18,875,067","295,327,279",16.20,16.25,15.30,15.40,-0.75,"5,501",3037
107/07/09,"8,956,013","139,045,149",15.50,15.75,15.40,15.50,+0.10,"2,781",3037
107/07/10,"10,615,565","169,556,490",15.85,16.20,15.85,15.95,+0.45,"3,151",3037
107/07/11,"4,653,352","73,748,882",15.85,15.95,15.70,15.90,-0.05,"1,641",3037
107/07/12,"6,800,507","109,044,807",15.90,16.15,15.90,16.10,+0.20,"1,777",3037
107/07/13,"8,176,368","132,023,055",16.20,16.25,16.05,16.20,+0.10,"2,646",3037
107/07/16,"5,121,568","83,141,669",16.25,16.40,16.15,16.20, 0.00,"1,970",3037
107/07/17,"4,937,042","79,673,319",16.20,16.30,16.05,16.10,-0.10,"1,318",3037
107/07/18,"9,029,344","147,339,354",16.20,16.45,16.20,16.35,+0.25,"2,782",3037
107/07/19,"7,302,147","120,600,750",16.50,16.60,16.45,16.45,+0.10,"2,320",3037
107/07/20,"6,138,399","100,939,318",16.55,16.65,16.30,16.40,-0.05,"1,749",3037
107/07/23,"4,296,115","70,172,582",16.45,16.50,16.15,16.40, 0.00,"1,494",3037
107/07/24,"6,312,660","103,986,084",16.45,16.60,16.35,16.50,+0.10,"1,929",3037
107/07/25,"8,906,158","147,549,955",16.60,16.70,16.40,16.55,+0.05,"2,189",3037
107/07/26,"7,469,305","122,820,095",16.55,16.60,16.35,16.35,-0.20,"1,943",3037
107/07/27,"13,681,264","226,574,846",16.40,16.70,16.35,16.70,+0.35,"3,046",3037
107/07/30,"8,504,827","138,674,258",16.30,16.40,16.20,16.40,X0.00,"2,280",3037
107/07/31,"5,987,839","97,951,613",16.40,16.50,16.25,16.25,-0.15,"1,632",3037
107/08/01,"3,584,660","58,583,604",16.30,16.40,16.30,16.35,+0.10,"1,159",3037
107/08/02,"10,389,375","166,557,076",16.35,16.40,15.90,15.95,-0.40,"3,551",3037
107/08/03,"5,791,102","92,757,682",16.00,16.15,15.85,16.10,+0.15,"1,820",3037
107/08/06,"5,230,868","84,510,373",16.15,16.25,16.05,16.15,+0.05,"1,549",3037
107/08/07,"3,884,432","62,643,345",16.20,16.20,16.05,16.20,+0.05,"1,261",3037
107/08/08,"4,657,505","75,249,528",16.20,16.30,16.10,16.10,-0.10,"1,805",3037
107/08/09,"33,102,932","554,586,643",16.40,17.00,16.35,17.00,+0.90,"9,769",3037
107/08/10,"20,650,905","345,729,998",16.85,16.90,16.65,16.65,-0.35,"5,602",3037
107/08/13,"46,552,480","799,721,198",17.40,17.50,16.70,17.10,+0.45,"12,055",3037
107/08/14,"25,480,354","441,819,915",17.30,17.45,17.20,17.40,+0.30,"6,993",3037
107/08/15,"29,238,529","508,960,645",17.50,17.65,17.10,17.25,-0.15,"9,002",3037
107/08/16,"32,997,537","584,117,471",17.35,18.00,17.20,17.85,+0.60,"8,754",3037
107/08/17,"26,178,471","468,742,483",18.05,18.25,17.50,17.60,-0.25,"7,698",3037
107/08/20,"15,687,177","269,605,509",17.70,17.80,16.85,17.00,-0.60,"5,027",3037
107/08/21,"6,875,645","117,029,165",17.15,17.25,16.85,17.15,+0.15,"2,647",3037
107/08/22,"6,123,475","104,771,315",17.10,17.20,16.90,17.20,+0.05,"2,171",3037
107/08/23,"51,121,273","917,967,109",17.55,18.20,17.40,18.20,+1.00,"13,701",3037
107/08/24,"27,974,163","499,768,434",17.90,18.10,17.60,18.00,-0.20,"7,773",3037
107/08/27,"11,539,293","207,133,985",18.15,18.25,17.80,17.95,-0.05,"3,165",3037
107/08/28,"19,712,303","357,714,804",18.20,18.35,18.00,18.00,+0.05,"5,688",3037
107/08/29,"9,931,054","178,073,805",18.00,18.15,17.80,17.85,-0.15,"2,965",3037
107/08/30,"8,846,058","157,630,670",18.00,18.00,17.70,17.80,-0.05,"3,194",3037
107/08/31,"8,782,565","154,668,705",17.75,17.80,17.50,17.60,-0.20,"2,903",3037
107/09/03,"14,736,580","262,977,737",17.75,18.10,17.55,17.75,+0.15,"4,531",3037
107/09/04,"41,611,498","758,078,207",18.25,18.50,17.90,18.10,+0.35,"11,369",3037
107/09/05,"20,553,077","375,465,489",18.30,18.40,18.15,18.20,+0.10,"6,654",3037
107/09/06,"19,162,274","348,975,089",18.35,18.45,18.00,18.00,-0.20,"6,313",3037
107/09/07,"15,314,013","271,155,973",17.95,18.00,17.50,17.60,-0.40,"4,342",3037
107/09/10,"17,544,031","298,714,424",17.55,17.60,16.65,16.90,-0.70,"5,614",3037
107/09/11,"14,183,721","247,509,956",17.30,17.70,17.10,17.70,+0.80,"5,153",3037
107/09/12,"26,865,119","482,808,064",17.80,18.20,17.65,18.15,+0.45,"7,931",3037
107/09/13,"32,234,054","589,217,424",18.15,18.60,17.95,18.15, 0.00,"9,481",3037
107/09/14,"54,478,091","1,019,719,050",18.45,19.00,18.25,19.00,+0.85,"15,116",3037
107/09/17,"144,095,373","2,881,982,122",19.45,20.45,19.40,20.05,+1.05,"35,202",3037
107/09/18,"67,753,686","1,352,619,579",19.70,20.45,19.60,19.85,-0.20,"17,728",3037
107/09/19,"44,939,767","904,716,846",20.30,20.60,19.70,19.70,-0.15,"11,948",3037
107/09/20,"27,976,044","556,279,507",19.75,20.15,19.70,19.75,+0.05,"9,366",3037
107/09/21,"56,805,452","1,084,907,970",19.80,19.95,18.60,19.10,-0.65,"15,741",3037
107/09/25,"45,713,832","908,479,317",19.30,20.30,19.20,20.30,+1.20,"12,462",3037
107/09/26,"23,969,088","479,647,960",20.00,20.20,19.80,20.00,-0.30,"7,309",3037
107/09/27,"25,926,248","512,883,926",20.00,20.20,19.40,19.55,-0.45,"7,548",3037
107/09/28,"63,013,202","1,275,928,987",20.00,20.55,19.85,20.05,+0.50,"16,181",3037
107/10/01,"20,826,004","418,559,469",20.30,20.35,19.85,20.15,+0.10,"6,081",3037
107/10/02,"30,436,564","597,937,650",20.00,20.00,19.45,19.55,-0.60,"10,359",3037
107/10/03,"23,337,749","459,331,174",19.60,19.95,19.50,19.50,-0.05,"7,057",3037
107/10/04,"15,845,273","304,287,373",19.35,19.40,19.05,19.15,-0.35,"5,054",3037
107/10/05,"46,646,852","880,352,469",19.50,19.55,18.20,18.65,-0.50,"14,569",3037
107/10/08,"22,356,923","424,244,872",18.60,19.25,18.60,19.20,+0.55,"8,971",3037
107/10/09,"54,646,416","992,318,162",19.15,19.30,17.50,17.55,-1.65,"16,679",3037
107/10/11,"46,429,571","740,339,765",15.90,16.30,15.80,15.80,-1.75,"14,080",3037
107/10/12,"29,272,317","473,491,747",15.90,16.45,15.75,16.45,+0.65,"8,765",3037
107/10/15,"15,285,794","247,761,547",16.30,16.40,15.90,16.30,-0.15,"5,921",3037
107/10/16,"26,234,861","421,344,881",16.25,16.65,15.65,15.85,-0.45,"8,559",3037
107/10/17,"16,584,225","268,496,458",16.15,16.35,16.00,16.05,+0.20,"6,382",3037
107/10/18,"16,733,382","273,804,126",16.20,16.70,16.00,16.60,+0.55,"6,475",3037
107/10/19,"20,605,880","330,729,853",16.20,16.20,15.85,16.20,-0.40,"6,720",3037
107/10/22,"9,841,338","159,657,041",16.00,16.45,15.90,16.35,+0.15,"3,172",3037
107/10/23,"7,437,020","119,871,070",16.05,16.30,16.00,16.00,-0.35,"3,456",3037
107/10/24,"19,859,076","326,338,045",16.20,16.55,16.10,16.45,+0.45,"5,944",3037
107/10/25,"15,205,945","242,625,170",15.95,16.20,15.70,16.00,-0.45,"5,752",3037
107/10/26,"12,395,382","198,650,212",16.20,16.30,15.80,15.90,-0.10,"4,408",3037
107/10/29,"28,755,799","436,944,479",15.85,16.05,14.50,14.60,-1.30,"8,382",3037
107/10/30,"23,870,989","346,895,581",14.50,15.00,14.25,14.65,+0.05,"7,167",3037
107/10/31,"16,203,173","245,969,160",14.95,15.40,14.95,15.05,+0.40,"5,694",3037
107/11/01,"12,695,267","195,964,812",15.05,15.65,15.00,15.60,+0.55,"3,475",3037
107/11/02,"17,148,829","270,178,036",15.55,16.00,15.40,15.60, 0.00,"3,802",3037
107/11/05,"10,406,873","163,710,318",15.35,16.00,15.25,16.00,+0.40,"3,116",3037
107/11/06,"12,805,299","201,606,996",16.15,16.30,15.35,15.45,-0.55,"4,246",3037
107/11/07,"13,086,195","208,440,744",15.55,16.10,15.50,16.10,+0.65,"3,789",3037
107/11/08,"11,426,129","182,881,746",16.30,16.35,15.70,15.80,-0.30,"3,467",3037
107/11/09,"14,691,403","236,735,857",16.00,16.25,15.90,16.15,+0.35,"3,634",3037
107/11/12,"30,757,805","513,194,690",16.05,17.10,16.05,16.70,+0.55,"7,462",3037
107/11/13,"36,897,736","602,787,162",16.45,16.90,15.85,16.85,+0.15,"13,512",3037
107/11/14,"29,329,783","495,950,494",16.80,17.15,16.50,17.00,+0.15,"6,089",3037
107/11/15,"92,292,579","1,681,948,468",17.45,18.70,17.40,18.70,+1.70,"21,299",3037
107/11/16,"124,462,008","2,447,936,892",19.00,20.30,19.00,19.65,+0.95,"25,665",3037
107/11/19,"38,834,796","768,152,622",19.95,20.10,19.50,19.80,+0.15,"9,801",3037
107/11/20,"36,875,325","730,726,203",19.60,20.10,19.50,19.95,+0.15,"10,032",3037
107/11/21,"38,682,509","770,349,380",19.80,20.10,19.65,20.05,+0.10,"8,105",3037
107/11/22,"43,932,843","845,932,440",20.10,20.15,18.65,18.65,-1.40,"10,432",3037
107/11/23,"24,434,286","457,548,724",18.90,19.00,18.40,18.70,+0.05,"7,133",3037
107/11/26,"17,501,495","328,747,247",18.90,19.20,18.50,18.75,+0.05,"4,716",3037
107/11/27,"40,467,314","792,442,780",18.90,20.00,18.80,20.00,+1.25,"11,037",3037
107/11/28,"29,189,573","581,095,369",19.85,20.15,19.65,19.95,-0.05,"8,463",3037
107/11/29,"63,606,344","1,291,153,386",20.20,20.60,19.95,20.00,+0.05,"14,735",3037
107/11/30,"84,706,444","1,789,520,559",20.15,21.85,19.90,21.15,+1.15,"20,470",3037
107/12/03,"71,386,182","1,608,030,400",22.00,23.00,21.95,22.75,+1.60,"20,595",3037
107/12/04,"50,393,397","1,144,220,026",22.50,23.10,21.95,22.55,-0.20,"15,081",3037
107/12/05,"31,024,367","697,909,317",21.90,22.90,21.90,22.90,+0.35,"10,450",3037
107/12/06,"64,203,162","1,410,250,225",23.00,23.50,20.90,21.25,-1.65,"19,613",3037
107/12/07,"80,243,420","1,840,009,768",21.55,23.35,21.55,23.35,+2.10,"19,329",3037
107/12/10,"150,840,094","3,634,858,251",23.40,25.10,23.40,24.45,+1.10,"40,516",3037
107/12/11,"87,122,691","2,149,497,492",25.00,25.10,24.25,24.65,+0.20,"25,060",3037
107/12/12,"76,874,508","1,872,980,033",25.30,25.35,23.70,24.20,-0.45,"21,903",3037
107/12/13,"72,937,773","1,694,529,111",23.80,23.80,22.90,22.95,-1.25,"21,401",3037
107/12/14,"71,844,819","1,651,933,553",23.10,23.55,22.50,22.60,-0.35,"21,362",3037
107/12/17,"83,076,016","1,891,364,594",22.90,23.60,22.00,22.45,-0.15,"23,604",3037
107/12/18,"61,999,884","1,410,819,503",22.70,23.20,22.30,23.10,+0.65,"18,736",3037
107/12/19,"54,562,112","1,249,144,145",23.50,23.60,22.25,22.25,-0.85,"15,955",3037
107/12/20,"55,071,080","1,242,734,990",22.00,22.95,22.00,22.95,+0.70,"16,235",3037
107/12/21,"44,466,122","1,016,114,438",22.70,23.10,22.45,22.90,-0.05,"14,571",3037
107/12/22,"13,289,823","301,337,993",23.00,23.00,22.40,22.60,-0.30,"4,796",3037
107/12/24,"29,179,463","674,098,547",22.95,23.45,22.80,23.45,+0.85,"9,066",3037
107/12/25,"42,304,356","945,545,237",22.85,22.90,21.85,22.05,-1.40,"12,797",3037
107/12/26,"42,230,086","914,601,132",22.10,22.30,21.10,21.20,-0.85,"11,965",3037
107/12/27,"73,287,004","1,665,872,131",22.30,23.20,22.10,23.20,+2.00,"20,712",3037
107/12/28,"42,826,004","967,127,284",23.20,23.30,22.20,22.30,-0.90,"14,674",3037
108/01/02,"45,391,783","1,040,416,484",22.65,23.20,22.50,23.10,+0.80,"13,150",3037
108/01/03,"85,659,562","2,038,518,836",22.85,24.35,22.75,24.20,+1.10,"24,671",3037
108/01/04,"62,875,539","1,509,360,369",24.05,24.65,23.40,23.90,-0.30,"20,608",3037
108/01/07,"59,106,814","1,455,717,994",24.75,25.05,24.00,24.10,+0.20,"17,802",3037
108/01/08,"25,441,845","620,494,760",24.20,24.65,24.10,24.45,+0.35,"9,087",3037
108/01/09,"119,732,566","2,723,286,050",24.00,24.00,22.05,22.05,-2.40,"35,409",3037
108/01/10,"43,668,486","966,434,131",21.90,22.40,21.70,22.10,+0.05,"15,346",3037
108/01/11,"78,196,672","1,672,033,163",22.25,22.40,21.00,21.20,-0.90,"24,644",3037
108/01/14,"45,603,748","954,199,522",21.05,21.45,20.60,21.05,-0.15,"15,395",3037
108/01/15,"23,093,308","490,248,654",21.30,21.45,21.00,21.10,+0.05,"9,318",3037
108/01/16,"23,137,809","495,745,976",21.30,21.60,21.10,21.55,+0.45,"7,742",3037
108/01/17,"22,348,696","482,148,962",21.80,21.90,21.30,21.45,-0.10,"7,904",3037
108/01/18,"39,467,603","868,042,821",21.60,22.30,21.45,22.15,+0.70,"11,392",3037
108/01/21,"22,923,132","510,315,654",22.45,22.55,22.10,22.10,-0.05,"6,487",3037
108/01/22,"38,512,520","819,952,676",22.10,22.10,20.95,21.35,-0.75,"12,897",3037
108/01/23,"27,236,032","576,248,226",21.40,21.45,20.90,21.15,-0.20,"8,400",3037
108/01/24,"38,845,284","840,003,484",21.60,21.85,21.35,21.60,+0.45,"12,351",3037
108/01/25,"23,376,261","509,014,938",21.75,21.95,21.60,21.70,+0.10,"7,907",3037
108/01/28,"40,607,132","911,708,682",22.20,22.90,21.95,22.35,+0.65,"13,787",3037
108/01/29,"45,730,775","1,038,122,939",22.35,22.90,22.20,22.85,+0.50,"15,048",3037
108/01/30,"31,600,520","722,333,689",23.10,23.10,22.50,22.50,-0.35,"9,384",3037
108/02/11,"30,850,748","713,597,040",23.05,23.40,22.80,23.25,+0.75,"11,143",3037
108/02/12,"37,030,639","879,504,907",23.40,24.05,23.40,23.50,+0.25,"11,182",3037
108/02/13,"37,107,322","892,267,281",23.65,24.30,23.65,24.10,+0.60,"10,655",3037
108/02/14,"31,484,390","765,216,536",24.20,24.55,24.10,24.20,+0.10,"9,445",3037
108/02/15,"26,622,701","638,914,158",24.20,24.30,23.65,24.20, 0.00,"8,389",3037
108/02/18,"32,366,778","788,212,863",24.85,25.00,23.70,23.70,-0.50,"10,392",3037
108/02/19,"22,473,415","536,757,906",23.75,24.15,23.60,23.90,+0.20,"6,882",3037
108/02/20,"22,630,236","535,898,635",24.10,24.15,23.45,23.45,-0.45,"8,149",3037
108/02/21,"16,915,434","396,586,466",23.55,23.70,23.20,23.45, 0.00,"6,082",3037
108/02/22,"14,342,049","334,160,127",23.55,23.65,23.05,23.15,-0.30,"6,208",3037
108/02/25,"38,670,853","931,497,284",23.40,24.60,23.20,24.55,+1.40,"12,318",3037
108/02/26,"42,075,184","1,040,180,010",24.60,25.10,24.25,24.25,-0.30,"13,486",3037
108/02/27,"18,687,171","454,332,853",24.50,24.70,24.05,24.10,-0.15,"6,274",3037
108/03/04,"59,864,730","1,512,765,027",24.20,26.25,24.20,26.25,+2.15,"18,197",3037
108/03/05,"58,639,045","1,469,119,886",25.50,25.65,24.50,24.60,-1.65,"18,241",3037
108/03/06,"35,136,204","869,404,301",24.60,25.10,24.35,24.65,+0.05,"12,821",3037
108/03/07,"53,825,567","1,360,689,745",25.00,25.75,24.75,25.25,+0.60,"16,285",3037
108/03/08,"30,366,122","753,100,521",25.25,25.25,24.50,24.90,-0.35,"9,221",3037
108/03/11,"20,955,204","516,524,812",24.80,25.05,24.40,24.40,-0.50,"6,670",3037
108/03/12,"19,816,337","492,729,180",24.75,25.10,24.65,24.80,+0.40,"6,620",3037
108/03/13,"18,335,097","458,058,133",25.00,25.25,24.75,24.90,+0.10,"6,559",3037
108/03/14,"33,887,244","861,597,788",25.15,25.80,25.05,25.45,+0.55,"10,387",3037
108/03/15,"48,935,392","1,277,002,849",25.85,26.50,25.70,25.90,+0.45,"14,940",3037
108/03/18,"74,809,071","2,065,103,262",26.40,28.45,26.10,28.45,+2.55,"18,535",3037
108/03/19,"55,321,938","1,560,335,979",28.65,28.70,27.70,27.80,-0.65,"17,247",3037
108/03/20,"99,496,072","2,909,990,764",28.30,30.40,28.15,29.20,+1.40,"29,896",3037
108/03/21,"52,693,754","1,578,799,195",29.35,30.45,29.35,30.15,+0.95,"18,575",3037
108/03/22,"38,125,316","1,139,706,910",30.15,30.45,29.40,29.85,-0.30,"14,491",3037
108/03/25,"33,833,739","1,005,496,984",29.00,30.30,28.75,30.30,+0.45,"11,864",3037
108/03/26,"85,197,809","2,532,136,851",30.45,31.25,28.50,28.80,-1.50,"28,703",3037
108/03/27,"47,757,434","1,402,993,533",28.85,29.75,28.80,29.65,+0.85,"16,295",3037
108/03/28,"34,228,484","1,012,838,875",29.40,30.00,28.85,29.90,+0.25,"11,667",3037
108/03/29,"64,013,123","1,900,068,720",30.30,30.65,29.00,29.60,-0.30,"20,870",3037
108/04/01,"92,016,076","2,888,107,897",30.20,32.55,30.10,32.30,+2.70,"29,746",3037
108/04/02,"54,308,570","1,770,448,602",32.35,33.00,32.05,32.95,+0.65,"20,748",3037
108/04/03,"102,946,428","3,581,980,450",33.15,36.15,33.10,36.05,+3.10,"33,745",3037
108/04/08,"130,534,604","4,927,162,653",36.50,39.65,36.50,39.25,+3.20,"42,929",3037
108/04/09,"90,828,151","3,399,911,165",39.65,39.65,36.15,36.35,-2.90,"35,844",3037
108/04/10,"87,208,745","3,190,736,670",36.00,37.70,35.70,36.00,-0.35,"32,953",3037
108/04/11,"66,528,169","2,435,220,102",36.70,37.40,35.85,36.25,+0.25,"25,017",3037
108/04/12,"52,429,466","1,936,290,765",37.30,37.55,36.35,36.70,+0.45,"18,707",3037
108/04/15,"33,718,698","1,246,859,126",37.40,37.40,36.50,37.10,+0.40,"12,904",3037
108/04/16,"44,493,310","1,693,865,658",37.35,38.80,37.25,37.25,+0.15,"18,071",3037
108/04/17,"27,696,539","1,049,527,695",37.80,38.50,37.40,37.55,+0.30,"11,981",3037
108/04/18,"27,201,541","1,028,330,517",38.30,38.75,37.00,37.00,-0.55,"11,441",3037
108/04/19,"54,834,750","2,087,208,776",37.70,39.00,37.15,37.60,+0.60,"20,012",3037
108/04/22,"30,584,574","1,159,734,664",38.40,38.65,37.45,37.60, 0.00,"12,548",3037
108/04/23,"38,525,703","1,404,417,590",37.60,37.70,35.90,36.25,-1.35,"15,031",3037
108/04/24,"53,014,531","1,986,349,192",36.85,38.20,36.40,37.95,+1.70,"20,730",3037
108/04/25,"47,312,145","1,771,012,176",37.50,38.05,36.85,37.95, 0.00,"15,862",3037
108/04/26,"45,479,565","1,658,134,134",37.10,37.25,36.05,36.05,-1.90,"17,816",3037
108/04/29,"77,239,698","2,546,544,851",34.35,34.45,32.45,32.50,-3.55,"24,855",3037
108/04/30,"43,646,615","1,473,751,408",32.80,34.45,32.80,34.45,+1.95,"17,448",3037
108/05/02,"23,955,823","820,288,446",34.00,34.75,33.50,34.40,-0.05,"10,654",3037
108/05/03,"28,535,473","992,982,549",34.40,35.30,34.35,34.80,+0.40,"11,663",3037
108/05/06,"48,478,296","1,587,132,721",32.90,33.45,32.00,33.05,-1.75,"19,908",3037
108/05/07,"34,676,706","1,196,840,118",33.80,35.00,33.75,34.55,+1.50,"14,512",3037
108/05/08,"46,433,902","1,627,767,943",33.60,35.70,33.50,35.60,+1.05,"17,896",3037
108/05/09,"40,681,269","1,404,663,746",35.70,36.10,33.55,33.80,-1.80,"17,247",3037
108/05/10,"65,047,471","2,268,474,644",35.00,35.80,33.80,34.40,+0.60,"26,173",3037
108/05/13,"46,155,382","1,633,304,711",35.00,35.80,34.60,35.80,+1.40,"19,035",3037
108/05/14,"43,987,056","1,557,876,660",35.10,36.20,34.60,35.00,-0.80,"17,286",3037
108/05/15,"72,899,762","2,670,722,788",35.70,37.50,35.60,37.50,+2.50,"27,344",3037
108/05/16,"84,113,683","3,022,932,703",37.40,37.60,34.70,34.70,-2.80,"31,200",3037
108/05/17,"88,255,019","2,925,389,758",35.25,35.50,31.60,31.60,-3.10,"31,198",3037
108/05/20,"66,804,234","2,064,744,372",31.90,32.40,29.90,30.45,-1.15,"26,090",3037
108/05/21,"44,404,004","1,365,111,615",30.75,31.30,29.95,31.15,+0.70,"17,560",3037
108/05/22,"51,895,854","1,620,615,796",31.30,32.15,30.30,30.45,-0.70,"18,309",3037
108/05/23,"69,134,044","1,972,220,876",29.50,29.65,27.50,28.30,-2.15,"25,512",3037
108/05/24,"60,061,848","1,712,964,263",28.80,29.15,27.85,28.00,-0.30,"22,426",3037
108/05/27,"37,847,405","1,073,037,547",28.80,28.95,27.90,28.15,+0.15,"14,510",3037
108/05/28,"27,706,102","783,710,878",28.45,28.65,28.00,28.00,-0.15,"9,567",3037
108/05/29,"34,096,608","947,135,423",27.40,28.65,26.90,28.65,+0.65,"13,813",3037
108/05/30,"45,923,133","1,324,672,168",28.90,29.30,28.45,28.60,-0.05,"15,421",3037
108/05/31,"39,902,277","1,171,514,574",28.35,30.15,28.35,29.95,+1.35,"15,021",3037
108/06/03,"35,294,817","1,024,004,254",29.55,29.55,28.60,28.70,-1.25,"14,500",3037
108/06/04,"31,720,262","931,603,200",29.00,29.80,28.90,29.45,+0.75,"12,953",3037
108/06/05,"54,412,179","1,618,985,241",30.35,30.65,28.70,28.70,-0.75,"18,932",3037
108/06/06,"26,274,427","751,142,045",28.50,28.95,28.25,28.65,-0.05,"10,246",3037
108/06/10,"58,145,792","1,757,409,552",29.35,31.00,29.20,31.00,+2.35,"21,326",3037
108/06/11,"102,868,984","3,370,174,340",31.50,33.75,31.10,33.50,+2.50,"38,022",3037
108/06/12,"48,815,414","1,619,113,319",33.50,33.90,32.65,32.95,-0.55,"20,108",3037
108/06/13,"45,966,939","1,512,852,591",32.95,33.65,32.30,32.60,-0.35,"18,255",3037
108/06/14,"36,582,002","1,185,156,064",33.00,33.25,31.70,31.80,-0.80,"15,340",3037
108/06/17,"43,049,632","1,385,995,324",32.00,32.80,31.70,32.00,+0.20,"15,896",3037
108/06/18,"33,572,126","1,058,174,122",32.25,32.40,31.00,31.60,-0.40,"14,346",3037
108/06/19,"81,328,987","2,766,852,620",33.00,34.75,32.85,34.75,+3.15,"24,615",3037
108/06/20,"96,138,030","3,399,027,888",35.45,35.80,34.85,35.40,+0.65,"29,850",3037
108/06/21,"53,395,243","1,872,823,198",35.70,35.95,34.30,34.55,-0.85,"19,934",3037
108/06/24,"23,824,900","817,879,278",34.85,34.90,33.85,34.60,+0.05,"10,346",3037
108/06/25,"23,082,888","789,047,689",34.50,34.75,33.90,34.00,-0.60,"9,489",3037
108/06/26,"32,272,214","1,107,193,440",34.15,34.75,33.75,34.50,+0.50,"12,584",3037
108/06/27,"61,087,252","2,162,841,536",34.80,36.10,34.65,35.50,+1.00,"22,501",3037
108/06/28,"42,338,882","1,510,756,818",35.80,36.30,35.25,35.25,-0.25,"15,857",3037
108/07/01,"80,371,120","3,085,911,202",38.00,38.75,37.60,38.75,+3.50,"26,307",3037
108/07/02,"42,159,605","1,626,458,404",38.60,39.20,38.00,38.50,-0.25,"17,420",3037
108/07/03,"47,228,136","1,768,856,244",38.20,38.30,36.75,37.20,-1.30,"18,080",3037
108/07/04,"35,393,053","1,322,652,316",37.50,37.95,36.85,37.30,+0.10,"13,477",3037
108/07/05,"25,665,162","959,645,299",37.40,37.80,37.05,37.45,+0.15,"9,529",3037
108/07/08,"23,952,210","887,855,357",37.10,37.40,36.85,37.15,-0.30,"10,003",3037
108/07/09,"41,500,487","1,496,314,832",37.15,37.25,35.30,35.30,-1.85,"18,041",3037
108/07/10,"44,082,142","1,587,755,588",36.00,36.50,35.65,35.80,+0.50,"16,527",3037
108/07/11,"54,436,102","2,017,731,110",36.40,37.85,36.05,37.50,+1.70,"22,276",3037
108/07/12,"41,598,759","1,550,148,224",37.65,38.15,36.70,36.70,-0.80,"16,707",3037
108/07/15,"26,177,389","966,941,706",36.90,37.50,36.20,37.20,+0.50,"10,595",3037
108/07/16,"23,432,751","873,749,400",37.45,37.70,36.75,36.85,-0.35,"10,142",3037
108/07/17,"58,539,510","2,198,913,836",37.20,38.10,36.90,37.15,+0.30,"21,311",3037
108/07/18,"135,596,048","5,330,778,600",38.10,40.85,37.75,39.50,+2.35,"46,734",3037
108/07/19,"104,094,166","4,290,373,295",41.25,42.30,40.25,40.60,+1.10,"38,333",3037
108/07/22,"51,898,153","2,134,673,059",40.60,41.75,40.40,41.75,+1.15,"20,840",3037
108/07/23,"52,486,928","2,137,952,878",41.80,41.80,40.20,40.20,-1.55,"21,966",3037
108/07/24,"43,720,593","1,759,718,122",40.60,41.30,39.45,39.50,-0.70,"18,642",3037
108/07/25,"37,538,714","1,531,384,372",40.30,41.25,40.00,40.60,+1.10,"13,864",3037
108/07/26,"27,411,867","1,126,400,148",40.80,41.35,40.50,41.15,+0.55,"10,279",3037
108/07/29,"26,354,262","1,071,853,065",40.50,41.15,40.20,40.20,X0.00,"10,843",3037
108/07/30,"34,335,002","1,344,707,117",40.50,40.85,38.25,38.70,-1.50,"14,965",3037
108/07/31,"34,446,971","1,311,417,432",38.70,38.95,37.80,38.00,-0.70,"13,882",3037
108/08/01,"24,793,337","926,872,081",37.20,38.05,37.05,37.25,-0.75,"10,986",3037
108/08/02,"67,483,818","2,413,050,711",36.35,37.10,34.80,36.65,-0.60,"24,134",3037
108/08/05,"30,649,276","1,124,422,531",36.95,37.30,35.80,35.90,-0.75,"13,706",3037
108/08/06,"48,534,631","1,693,080,612",33.05,35.85,33.05,35.75,-0.15,"18,955",3037
108/08/07,"56,640,269","2,084,867,189",36.60,37.45,36.25,36.35,+0.60,"22,844",3037
108/08/08,"53,612,167","2,018,606,109",36.45,38.15,36.45,38.15,+1.80,"22,331",3037
108/08/12,"38,172,619","1,453,451,238",38.40,38.60,37.70,38.05,-0.10,"14,131",3037
108/08/13,"25,908,666","969,709,700",38.00,38.00,37.10,37.10,-0.95,"11,275",3037
108/08/14,"89,616,066","3,526,827,824",39.00,40.10,38.70,39.00,+1.90,"31,650",3037
108/08/15,"69,927,896","2,767,206,534",38.00,40.25,38.00,39.85,+0.85,"25,521",3037
108/08/16,"45,084,242","1,788,874,961",40.45,40.85,39.15,39.25,-0.60,"17,651",3037
108/08/19,"19,123,686","757,210,620",40.00,40.00,39.30,39.70,+0.45,"8,244",3037
108/08/20,"44,006,092","1,769,030,558",39.95,40.70,39.60,39.90,+0.20,"17,620",3037
108/08/21,"31,235,231","1,242,296,638",40.10,40.45,39.25,39.55,-0.35,"12,168",3037
108/08/22,"74,659,792","3,052,219,999",40.05,41.30,39.90,41.10,+1.55,"26,490",3037
108/08/23,"40,050,045","1,631,164,258",41.50,41.75,40.15,40.65,-0.45,"14,998",3037
108/08/26,"32,919,858","1,285,295,826",39.30,39.50,38.75,38.80,-1.85,"13,468",3037
108/08/27,"24,491,642","954,527,880",39.40,39.60,38.55,38.55,-0.25,"11,063",3037
108/08/28,"14,267,628","552,452,331",38.90,39.15,38.35,38.85,+0.30,"6,554",3037
108/08/29,"20,547,445","804,281,263",39.15,39.50,38.65,39.05,+0.20,"8,659",3037
108/08/30,"22,293,317","881,436,720",39.60,39.95,39.05,39.05, 0.00,"9,226",3037
108/09/02,"23,616,447","940,813,780",39.30,40.30,39.20,40.00,+0.95,"9,672",3037
108/09/03,"77,852,043","3,192,381,220",41.25,42.10,39.65,39.80,-0.20,"28,796",3037
108/09/04,"41,826,399","1,708,913,066",40.25,41.40,40.05,41.25,+1.45,"15,988",3037
108/09/05,"137,971,926","6,033,738,269",42.45,45.20,42.20,44.65,+3.40,"48,876",3037
108/09/06,"58,384,852","2,596,189,254",46.00,46.00,43.60,43.85,-0.80,"24,519",3037
108/09/09,"44,817,602","1,984,662,079",44.20,45.05,43.15,44.80,+0.95,"19,188",3037
108/09/10,"50,090,071","2,171,445,887",44.00,44.10,42.90,43.05,-1.75,"20,474",3037
108/09/11,"20,694,497","898,528,184",43.10,43.85,43.10,43.25,+0.20,"9,077",3037
108/09/12,"44,978,782","2,001,395,844",44.15,44.95,43.80,44.95,+1.70,"18,354",3037
108/09/16,"78,393,941","3,583,199,361",44.40,46.80,43.80,46.80,+1.85,"33,018",3037
108/09/17,"46,654,349","2,169,260,254",46.20,47.10,45.70,46.10,-0.70,"19,554",3037
108/09/18,"39,305,612","1,824,567,760",46.30,46.95,45.90,46.30,+0.20,"15,907",3037
108/09/19,"28,603,602","1,328,947,732",46.55,46.90,46.10,46.50,+0.20,"11,907",3037
108/09/20,"33,983,350","1,565,121,500",46.25,46.50,45.40,46.50, 0.00,"13,888",3037
108/09/23,"40,870,691","1,944,818,088",46.50,48.40,46.25,47.65,+1.15,"17,094",3037
108/09/24,"26,348,934","1,245,278,553",47.65,48.05,46.60,46.65,-1.00,"11,945",3037
108/09/25,"33,186,117","1,511,957,021",46.60,46.85,45.00,45.50,-1.15,"14,355",3037
108/09/26,"17,593,786","801,782,418",46.10,46.30,45.10,45.20,-0.30,"7,903",3037
108/09/27,"33,143,717","1,460,667,320",45.00,45.80,43.55,43.65,-1.55,"14,278",3037
108/10/01,"27,193,156","1,197,124,318",44.05,44.55,43.45,44.20,+0.55,"11,323",3037
108/10/02,"20,234,087","895,651,131",43.70,44.90,43.45,44.80,+0.60,"8,247",3037
108/10/03,"18,851,733","836,415,381",44.00,45.20,43.80,45.15,+0.35,"8,141",3037
108/10/04,"28,949,791","1,324,600,674",45.35,46.20,45.25,45.30,+0.15,"13,520",3037
108/10/07,"30,375,950","1,408,612,365",45.55,47.00,45.50,46.40,+1.10,"12,911",3037
108/10/08,"22,498,806","1,035,285,441",46.75,46.90,45.60,45.60,-0.80,"10,446",3037
108/10/09,"35,449,390","1,555,594,960",44.70,44.70,43.10,43.10,-2.50,"16,862",3037
108/10/14,"45,497,213","2,078,578,098",44.70,46.70,43.95,46.35,+3.25,"19,402",3037
108/10/15,"33,243,533","1,545,286,566",46.35,47.30,45.65,46.55,+0.20,"14,543",3037
108/10/16,"54,564,047","2,596,534,119",47.40,48.15,46.80,47.80,+1.25,"24,060",3037
108/10/17,"40,804,277","1,932,794,226",47.70,48.15,46.75,47.00,-0.80,"16,937",3037
108/10/18,"25,426,308","1,182,983,044",47.30,47.40,46.20,46.20,-0.80,"11,592",3037
108/10/21,"15,660,319","719,845,504",45.90,46.55,45.80,45.85,-0.35,"7,230",3037
108/10/22,"75,812,051","3,626,022,583",46.75,48.60,46.55,48.25,+2.40,"30,546",3037
108/10/23,"31,659,959","1,524,013,744",48.05,48.75,47.70,48.25, 0.00,"14,144",3037
108/10/24,"49,004,001","2,376,386,887",48.75,49.65,47.60,48.15,-0.10,"20,805",3037
108/10/25,"25,431,411","1,223,966,678",48.20,48.70,47.25,48.20,+0.05,"11,065",3037
108/10/28,"20,276,268","970,059,876",48.25,48.65,47.50,47.50,-0.70,"8,731",3037
108/10/29,"24,956,173","1,175,570,400",47.60,47.80,46.25,46.90,-0.60,"10,552",3037
108/10/30,"38,365,503","1,842,025,775",47.15,48.65,47.05,48.25,+1.35,"16,625",3037
108/10/31,"21,531,078","1,026,651,725",48.40,48.45,47.15,47.15,-1.10,"9,296",3037
108/11/01,"13,650,832","641,749,958",46.90,47.35,46.65,47.20,+0.05,"6,194",3037
108/11/04,"18,679,650","892,123,398",47.55,48.15,47.35,47.40,+0.20,"9,427",3037
108/11/05,"18,434,825","881,507,527",47.75,48.30,47.45,47.50,+0.10,"8,442",3037
108/11/06,"54,719,650","2,503,345,869",47.50,47.60,45.00,45.20,-2.30,"22,710",3037
108/11/07,"27,868,423","1,263,128,465",44.80,45.90,44.75,45.90,+0.70,"12,932",3037
108/11/08,"18,857,234","868,768,464",46.00,46.40,45.55,46.00,+0.10,"8,261",3037
108/11/11,"56,346,380","2,680,855,480",47.20,48.25,46.70,47.10,+1.10,"22,905",3037
108/11/12,"76,339,082","3,737,767,539",47.80,50.00,47.40,50.00,+2.90,"29,168",3037
108/11/13,"47,504,136","2,300,307,220",47.90,49.05,47.70,48.30,-1.70,"18,547",3037
108/11/14,"24,604,974","1,192,317,131",48.60,49.00,48.10,48.10,-0.20,"10,169",3037
108/11/15,"49,574,499","2,452,429,341",48.90,50.30,48.40,48.50,+0.40,"19,649",3037
108/11/18,"34,119,138","1,691,187,414",49.20,50.10,48.90,49.65,+1.15,"14,313",3037
108/11/19,"32,264,534","1,576,218,414",49.65,49.70,48.50,48.55,-1.10,"12,752",3037
108/11/20,"29,114,185","1,405,052,557",48.40,48.85,47.70,48.80,+0.25,"11,675",3037
108/11/21,"18,288,428","877,904,077",48.00,48.30,47.70,48.00,-0.80,"7,696",3037
108/11/22,"24,512,007","1,162,930,567",48.30,48.30,46.80,47.00,-1.00,"11,416",3037
108/11/25,"24,718,869","1,154,091,802",47.30,47.50,46.30,46.35,-0.65,"11,317",3037
108/11/26,"25,580,972","1,197,269,039",47.15,47.55,46.35,46.35, 0.00,"11,342",3037
108/11/27,"20,365,948","957,936,589",46.80,47.30,46.60,47.00,+0.65,"8,022",3037
108/11/28,"39,545,186","1,880,908,142",47.30,48.40,47.00,47.00, 0.00,"16,017",3037
108/11/29,"26,863,740","1,247,314,704",47.30,47.45,46.00,46.15,-0.85,"11,709",3037
108/12/02,"48,809,604","2,171,177,041",46.00,46.10,43.90,44.15,-2.00,"20,466",3037
108/12/03,"24,313,538","1,079,015,917",43.70,44.90,43.45,44.80,+0.65,"11,657",3037
108/12/04,"15,499,432","687,914,473",44.80,44.80,44.10,44.20,-0.60,"7,149",3037
108/12/05,"17,436,302","781,741,987",44.55,45.10,44.55,44.60,+0.40,"7,740",3037
108/12/06,"15,208,381","684,233,811",44.90,45.45,44.70,44.75,+0.15,"7,213",3037
108/12/09,"11,486,832","512,797,166",45.05,45.15,44.30,44.35,-0.40,"5,416",3037
108/12/10,"21,792,444","951,997,995",44.20,44.30,43.45,44.00,-0.35,"11,177",3037
108/12/11,"13,018,244","573,062,044",44.20,44.35,43.75,43.90,-0.10,"5,883",3037
108/12/12,"23,695,863","1,061,975,699",44.45,45.15,44.45,44.75,+0.85,"13,012",3037
108/12/13,"23,069,885","1,021,642,096",45.15,45.20,43.50,44.30,-0.45,"11,080",3037
108/12/16,"21,604,590","971,125,715",44.65,45.40,44.20,45.40,+1.10,"9,347",3037
108/12/17,"25,791,024","1,184,691,423",46.00,46.30,45.65,45.75,+0.35,"11,452",3037
108/12/18,"14,966,395","673,042,982",45.55,45.55,44.65,44.80,-0.95,"7,839",3037
108/12/19,"27,626,346","1,218,736,850",45.00,45.25,43.80,43.90,-0.90,"13,499",3037
108/12/20,"16,565,684","725,316,136",43.90,44.20,43.30,44.10,+0.20,"7,454",3037
108/12/23,"51,398,855","2,175,709,061",44.05,44.05,41.20,41.50,-2.60,"24,937",3037
108/12/24,"40,537,267","1,688,753,293",41.50,42.30,40.70,42.25,+0.75,"16,101",3037
108/12/25,"26,473,205","1,101,164,782",42.00,42.10,41.30,41.50,-0.75,"11,948",3037
108/12/26,"21,180,244","872,465,213",41.45,41.70,41.00,41.10,-0.40,"10,443",3037
108/12/27,"12,171,295","505,751,790",41.40,41.75,41.35,41.65,+0.55,"6,498",3037
108/12/30,"9,545,122","398,146,988",41.60,41.90,41.50,41.80,+0.15,"4,739",3037
108/12/31,"10,162,594","426,036,048",41.90,42.20,41.60,42.00,+0.20,"5,965",3037
109/01/02,"39,321,623","1,699,254,292",42.30,43.85,42.20,43.60,+1.60,"18,429",3037
109/01/03,"28,586,557","1,230,882,280",44.20,44.25,42.30,42.50,-1.10,"13,176",3037
109/01/06,"25,307,713","1,044,564,502",41.95,42.00,40.85,41.35,-1.15,"11,614",3037
109/01/07,"17,381,682","720,905,783",41.70,41.80,41.10,41.30,-0.05,"8,342",3037
109/01/08,"15,980,292","647,897,521",40.55,41.00,40.30,40.45,-0.85,"8,859",3037
109/01/09,"16,333,142","672,149,922",41.00,41.55,40.95,41.05,+0.60,"7,410",3037
109/01/10,"28,099,535","1,180,899,568",41.40,42.40,41.25,42.40,+1.35,"13,027",3037
109/01/13,"33,550,483","1,459,039,993",43.00,43.90,42.65,43.90,+1.50,"15,493",3037
109/01/14,"80,918,532","3,667,428,923",45.00,46.00,44.50,45.40,+1.50,"29,777",3037
109/01/15,"36,881,631","1,658,485,056",45.20,45.60,44.40,44.75,-0.65,"14,745",3037
109/01/16,"49,209,118","2,164,265,065",44.60,44.60,43.55,43.60,-1.15,"20,319",3037
109/01/17,"28,452,980","1,245,176,115",43.75,44.45,43.15,43.25,-0.35,"12,245",3037
109/01/20,"31,951,515","1,417,799,600",43.75,44.80,43.65,44.80,+1.55,"13,316",3037
109/01/30,"33,662,777","1,362,065,306",40.40,40.85,40.35,40.35,-4.45,"12,662",3037
109/01/31,"53,858,220","2,084,268,230",40.10,40.80,37.10,38.65,-1.70,"21,615",3037
109/02/03,"44,675,268","1,632,978,366",36.50,37.75,35.25,36.75,-1.90,"16,739",3037
109/02/04,"57,378,206","2,254,834,160",37.65,40.25,37.15,40.25,+3.50,"22,784",3037
109/02/05,"38,062,741","1,513,465,311",40.85,40.85,39.10,39.15,-1.10,"17,803",3037
109/02/06,"30,604,117","1,224,489,816",39.70,40.55,39.40,40.20,+1.05,"13,483",3037
109/02/07,"20,366,369","799,767,410",39.50,39.80,38.85,38.90,-1.30,"9,152",3037
109/02/10,"43,809,914","1,682,722,050",36.00,39.85,36.00,39.85,+0.95,"18,519",3037
109/02/11,"25,867,623","1,041,904,709",40.30,40.75,39.70,40.30,+0.45,"12,308",3037
109/02/12,"61,654,202","2,594,805,074",40.60,42.90,40.35,42.85,+2.55,"25,453",3037
109/02/13,"33,634,885","1,427,931,644",43.00,43.10,42.00,42.05,-0.80,"16,643",3037
109/02/14,"29,431,551","1,232,505,900",41.85,42.55,41.50,41.50,-0.55,"13,299",3037
109/02/17,"17,283,432","712,744,574",41.00,41.85,40.90,41.35,-0.15,"8,154",3037
109/02/18,"13,744,110","565,733,531",41.00,41.60,40.80,41.10,-0.25,"6,805",3037
109/02/19,"18,911,820","789,929,530",41.30,42.15,41.30,41.75,+0.65,"9,277",3037
109/02/20,"22,564,169","954,833,548",42.15,42.85,41.90,42.00,+0.25,"9,802",3037
109/02/21,"22,592,495","949,198,421",41.85,42.40,41.70,41.70,-0.30,"9,503",3037
109/02/24,"21,795,786","913,015,495",40.80,42.45,40.80,42.45,+0.75,"9,418",3037
109/02/25,"19,099,303","801,730,504",42.05,42.40,41.70,41.75,-0.70,"8,894",3037
109/02/26,"23,766,415","991,686,397",41.30,42.50,41.05,41.25,-0.50,"9,750",3037
109/02/27,"31,297,979","1,255,787,498",41.60,41.85,39.20,40.00,-1.25,"14,143",3037
109/03/02,"27,736,693","1,090,394,223",38.80,40.15,38.35,39.25,-0.75,"12,494",3037
109/03/03,"43,747,786","1,820,995,273",40.60,42.35,40.30,41.45,+2.20,"18,815",3037
109/03/04,"28,075,976","1,167,544,245",41.50,42.15,41.00,41.40,-0.05,"12,116",3037
109/03/05,"64,813,421","2,743,484,719",42.20,43.20,41.50,41.90,+0.50,"24,535",3037
109/03/06,"14,802,395","617,287,702",41.30,42.10,41.30,41.60,-0.30,"6,576",3037
109/03/09,"33,854,007","1,362,485,717",41.20,41.85,39.50,39.50,-2.10,"16,009",3037
109/03/10,"49,533,282","1,906,451,360",38.75,39.75,37.65,38.95,-0.55,"20,341",3037
109/03/11,"40,124,043","1,552,543,252",39.30,40.00,37.40,37.40,-1.55,"18,167",3037
109/03/12,"67,001,624","2,304,475,148",36.80,36.80,33.70,33.70,-3.70,"23,627",3037
109/03/13,"44,992,560","1,373,967,028",30.35,31.50,30.35,31.45,-2.25,"13,401",3037
109/03/16,"36,863,881","1,110,098,733",31.30,31.85,28.40,28.40,-3.05,"15,742",3037
109/03/17,"46,154,546","1,259,127,492",27.00,28.60,26.45,26.50,-1.90,"19,526",3037
109/03/18,"40,064,336","1,089,605,990",27.40,28.00,26.20,26.20,-0.30,"18,046",3037
109/03/19,"71,791,017","1,807,712,939",26.00,27.05,23.65,24.60,-1.60,"28,488",3037
109/03/20,"27,863,501","748,082,446",26.70,27.05,26.05,27.05,+2.45,"6,515",3037
109/03/23,"43,902,265","1,186,148,404",26.05,27.70,25.50,27.05, 0.00,"16,243",3037
109/03/24,"36,622,823","1,051,654,345",28.20,29.45,28.00,28.60,+1.55,"16,114",3037
109/03/25,"50,104,310","1,547,515,291",30.50,31.40,30.30,31.10,+2.50,"18,113",3037
109/03/26,"39,909,754","1,232,618,894",31.60,31.65,30.05,31.00,-0.10,"18,187",3037
109/03/27,"48,965,559","1,527,731,147",31.90,32.20,30.25,30.25,-0.75,"17,460",3037
109/03/30,"26,101,033","786,787,043",29.20,30.90,29.00,30.90,+0.65,"11,718",3037
109/03/31,"76,347,420","2,461,646,388",31.80,33.50,31.35,32.00,+1.10,"31,436",3037
109/04/01,"32,897,012","1,045,462,992",31.80,32.15,31.50,31.70,-0.30,"13,447",3037
109/04/06,"40,463,184","1,269,334,578",32.00,32.35,30.70,31.35,-0.35,"18,798",3037
109/04/07,"64,423,605","2,129,896,273",32.50,33.70,32.10,33.15,+1.80,"26,812",3037
109/04/08,"54,416,613","1,836,325,550",33.65,34.20,33.15,34.00,+0.85,"21,923",3037
109/04/09,"61,310,691","2,134,006,232",35.00,35.85,34.05,34.70,+0.70,"24,912",3037
109/04/10,"26,329,029","911,983,955",34.80,35.00,34.15,35.00,+0.30,"11,163",3037
109/04/13,"60,777,566","2,191,707,105",35.80,36.80,35.35,35.55,+0.55,"25,916",3037
109/04/14,"58,954,460","2,228,181,558",36.45,38.85,36.05,38.15,+2.60,"28,097",3037
109/04/15,"57,832,612","2,239,473,497",38.80,39.90,37.40,37.40,-0.75,"27,119",3037
109/04/16,"41,182,456","1,566,774,044",36.80,38.70,36.75,38.10,+0.70,"19,285",3037
109/04/17,"46,197,153","1,780,436,870",39.30,39.60,37.70,38.10, 0.00,"21,304",3037
109/04/20,"19,489,324","742,032,620",38.10,38.50,37.80,38.10, 0.00,"9,220",3037
109/04/21,"39,232,616","1,459,318,868",37.70,38.45,36.30,36.65,-1.45,"18,183",3037
109/04/22,"29,309,861","1,070,974,045",35.95,37.45,35.70,37.45,+0.80,"13,704",3037
109/04/23,"25,113,234","947,703,752",37.45,38.35,37.10,37.60,+0.15,"10,780",3037
109/04/24,"16,167,377","607,578,209",37.80,37.95,37.30,37.45,-0.15,"6,411",3037
109/04/27,"27,274,692","1,044,065,494",37.95,38.70,37.80,38.30,+0.85,"10,929",3037
109/04/28,"45,808,301","1,794,585,004",39.00,39.55,38.50,39.45,+1.15,"20,217",3037
109/04/29,"94,570,689","3,918,205,388",39.95,43.10,39.95,42.00,+2.55,"39,651",3037
109/04/30,"59,548,016","2,550,971,906",42.90,43.50,42.35,42.85,+0.85,"25,345",3037
109/05/04,"33,146,683","1,403,402,000",41.40,43.25,41.05,43.00,+0.15,"15,753",3037
109/05/05,"33,732,963","1,453,433,967",43.40,43.95,42.20,42.50,-0.50,"14,935",3037
109/05/06,"31,384,192","1,348,412,106",42.85,43.45,42.40,43.05,+0.55,"13,552",3037
109/05/07,"56,397,167","2,494,577,814",43.65,44.85,43.40,44.30,+1.25,"25,193",3037
109/05/08,"46,740,838","2,097,486,182",44.60,45.30,44.40,44.70,+0.40,"20,287",3037
109/05/11,"33,192,158","1,506,964,475",45.40,46.00,44.80,44.95,+0.25,"14,703",3037
109/05/12,"28,759,424","1,292,971,846",44.60,45.55,44.30,45.00,+0.05,"13,011",3037
109/05/13,"27,425,602","1,230,483,694",45.10,45.50,44.40,44.70,-0.30,"11,732",3037
109/05/14,"32,090,494","1,401,898,524",44.50,45.00,42.60,42.80,-1.90,"14,717",3037
109/05/15,"36,075,704","1,560,990,087",43.80,44.45,42.00,43.90,+1.10,"15,341",3037
109/05/18,"75,117,001","3,019,526,408",41.75,42.50,39.55,39.55,-4.35,"33,411",3037
109/05/19,"106,180,979","4,074,309,198",39.75,40.40,36.55,39.10,-0.45,"45,380",3037
109/05/20,"51,407,637","2,036,609,672",39.50,40.45,38.90,39.60,+0.50,"22,700",3037
109/05/21,"36,597,121","1,482,490,766",40.40,40.80,40.05,40.75,+1.15,"15,149",3037
109/05/22,"36,624,310","1,450,301,795",40.60,40.65,38.85,39.15,-1.60,"15,881",3037
109/05/25,"25,319,604","987,388,627",39.30,39.75,38.10,39.40,+0.25,"10,692",3037
109/05/26,"30,249,257","1,215,041,700",39.95,40.65,39.60,40.00,+0.60,"12,918",3037
109/05/27,"17,384,227","699,709,204",40.50,40.70,39.85,39.90,-0.10,"8,391",3037
109/05/28,"35,601,608","1,452,619,454",40.35,41.65,40.10,40.40,+0.50,"16,499",3037
109/05/29,"16,562,056","668,270,936",40.50,40.80,39.90,40.10,-0.30,"6,576",3037
109/06/01,"78,810,399","3,373,883,769",41.50,44.10,41.25,44.10,+4.00,"33,930",3037
109/06/02,"108,498,630","4,875,976,591",45.50,46.15,43.30,43.40,-0.70,"48,049",3037
109/06/03,"36,877,948","1,607,816,701",43.70,44.20,42.85,43.80,+0.40,"17,226",3037
109/06/04,"38,065,086","1,693,688,620",44.45,45.00,44.05,44.80,+1.00,"16,276",3037
109/06/05,"36,068,941","1,622,940,786",45.20,45.45,44.65,44.80, 0.00,"16,820",3037
109/06/08,"38,413,907","1,698,500,058",45.15,45.35,43.85,43.85,-0.95,"19,783",3037
109/06/09,"23,719,035","1,034,213,658",44.15,44.20,43.25,43.30,-0.55,"12,904",3037
109/06/10,"86,257,085","3,874,164,516",43.25,45.65,43.10,45.20,+1.90,"39,630",3037
109/06/11,"110,094,353","5,039,999,347",45.35,47.20,44.30,44.65,-0.55,"44,686",3037
109/06/12,"54,434,811","2,432,696,454",43.55,45.50,43.50,44.80,+0.15,"24,354",3037
109/06/15,"35,626,701","1,585,524,694",44.75,45.30,44.00,44.00,-0.80,"14,677",3037
109/06/16,"39,415,848","1,777,902,110",45.10,45.70,44.60,45.00,+1.00,"14,848",3037
109/06/17,"36,729,089","1,658,232,405",45.20,45.65,44.75,45.00, 0.00,"14,072",3037
109/06/18,"52,488,279","2,392,345,236",45.45,46.15,44.80,45.75,+0.75,"20,990",3037
109/06/19,"32,951,773","1,508,765,594",46.15,46.40,45.25,45.95,+0.20,"12,815",3037
109/06/22,"29,204,285","1,342,305,160",45.65,46.30,45.55,45.85,-0.10,"11,258",3037
109/06/23,"40,630,695","1,879,353,373",46.70,46.85,45.80,46.10,+0.25,"15,958",3037
109/06/24,"95,545,827","4,521,040,819",47.80,48.45,46.35,47.00,+0.90,"38,346",3037
109/06/29,"35,038,061","1,636,624,617",46.30,47.45,46.25,46.30,-0.70,"15,081",3037
109/06/30,"127,815,700","6,318,253,550",47.30,50.90,47.00,50.10,+3.80,"51,649",3037
109/07/01,"85,259,506","4,294,283,739",51.20,51.80,49.40,49.45,-0.65,"36,656",3037
109/07/02,"38,332,876","1,927,540,890",50.00,50.80,49.80,50.80,+1.35,"15,683",3037
109/07/03,"81,571,571","4,241,582,610",51.10,54.20,50.30,53.50,+2.70,"33,646",3037
109/07/06,"90,386,172","5,120,381,992",55.00,58.10,54.10,57.30,+3.80,"40,716",3037
109/07/07,"69,644,911","3,912,767,779",57.70,58.20,54.50,55.90,-1.40,"32,456",3037
109/07/08,"35,132,833","1,985,019,956",56.40,57.50,56.00,56.30,+0.40,"16,023",3037
109/07/09,"38,052,305","2,158,064,779",57.00,57.50,56.30,56.50,+0.20,"15,860",3037
109/07/10,"34,044,881","1,884,902,401",57.00,57.30,54.00,54.40,-2.10,"14,733",3037
109/07/13,"26,656,058","1,452,605,332",55.00,56.20,53.80,53.90,-0.50,"12,026",3037
109/07/14,"36,883,498","1,944,167,672",53.60,54.10,51.90,52.20,-1.70,"15,895",3037
109/07/15,"35,299,010","1,868,049,293",52.40,54.20,51.60,51.80,X0.00,"16,415",3037
109/07/16,"16,069,810","840,497,424",52.20,53.00,51.80,52.40,+0.60,"7,146",3037
109/07/17,"34,513,338","1,781,499,438",52.70,53.30,50.60,50.80,-1.60,"15,068",3037
109/07/20,"43,497,463","2,281,661,400",51.80,53.50,51.40,53.40,+2.60,"18,213",3037
109/07/21,"83,441,611","4,692,774,745",54.70,57.20,54.60,56.60,+3.20,"37,508",3037
109/07/22,"48,939,709","2,767,146,242",55.70,57.50,55.50,56.50,-0.10,"20,928",3037
109/07/23,"30,269,082","1,716,373,293",56.90,57.70,56.00,56.30,-0.20,"13,040",3037
109/07/24,"32,778,327","1,811,652,165",55.90,56.70,54.00,54.70,-1.60,"13,860",3037
109/07/27,"44,133,017","2,491,363,651",56.10,57.20,55.20,56.50,+1.80,"18,997",3037
109/07/28,"96,564,709","5,632,443,458",58.00,59.50,56.70,59.40,+2.90,"43,648",3037
109/07/29,"66,669,512","3,915,539,808",60.40,60.90,57.10,59.00,-0.40,"29,136",3037
109/07/30,"110,404,319","6,811,014,317",60.00,63.40,59.10,62.90,+3.90,"48,518",3037
109/07/31,"76,014,822","4,864,729,574",63.00,65.10,62.20,64.30,+1.40,"35,234",3037
109/08/03,"35,102,624","2,246,052,427",64.60,64.80,63.40,63.40,-0.90,"18,355",3037
109/08/04,"74,308,657","4,940,887,219",64.40,68.30,64.00,67.00,+3.60,"36,158",3037
109/08/05,"117,264,999","8,459,025,885",69.00,73.70,68.50,73.70,+6.70,"47,823",3037
109/08/06,"106,237,604","8,015,318,575",74.60,77.20,74.00,76.10,+2.40,"52,840",3037
109/08/07,"59,214,293","4,475,823,597",75.50,76.80,74.50,75.50,-0.60,"29,575",3037
109/08/10,"61,928,468","4,749,777,568",75.50,78.70,74.60,76.00,+0.50,"31,194",3037
109/08/11,"141,534,998","11,327,968,744",77.50,83.50,76.50,81.60,+5.60,"69,725",3037
109/08/12,"179,504,364","15,529,281,596",82.60,89.60,82.60,89.00,+7.40,"92,884",3037
109/08/13,"236,260,720","20,500,068,791",89.20,94.50,80.20,80.60,-8.40,"124,335",3037
109/08/14,"163,925,031","13,634,972,535",81.50,86.90,79.00,85.00,+4.40,"85,437",3037
109/08/17,"93,665,076","7,854,505,308",86.60,87.30,82.10,83.00,-2.00,"49,052",3037
109/08/18,"82,069,985","6,923,540,565",83.30,86.30,83.00,84.10,+1.10,"41,375",3037
109/08/19,"103,063,024","9,006,124,464",85.40,89.00,85.10,88.50,+4.40,"54,280",3037
109/08/20,"122,075,751","10,083,194,474",89.00,89.20,79.70,79.70,-8.80,"62,187",3037
109/08/21,"132,515,338","10,800,709,697",80.00,83.00,79.10,80.60,+0.90,"62,826",3037
109/08/24,"100,074,833","7,814,584,428",81.00,81.60,76.30,79.20,-1.40,"45,204",3037
109/08/25,"62,674,598","4,998,301,188",80.50,81.40,78.70,78.70,-0.50,"30,962",3037
109/08/26,"44,093,946","3,501,675,272",78.20,80.80,77.70,79.60,+0.90,"22,187",3037
109/08/27,"58,963,830","4,653,012,017",80.60,81.30,77.20,77.30,-2.30,"30,301",3037
109/08/28,"69,516,854","5,235,957,452",77.30,77.70,74.00,74.50,-2.80,"33,468",3037
109/08/31,"42,298,245","3,166,649,330",75.70,76.70,73.50,73.60,-0.90,"20,684",3037
109/09/01,"99,504,170","7,534,985,827",73.90,78.30,72.20,77.40,+3.80,"48,231",3037
109/09/02,"59,733,562","4,590,862,113",78.20,78.30,75.70,76.80,-0.60,"29,557",3037
109/09/03,"57,061,507","4,499,934,914",78.50,79.80,78.00,78.60,+1.80,"28,959",3037
109/09/04,"52,343,353","3,996,399,318",76.10,77.50,75.60,75.70,-2.90,"26,745",3037
109/09/07,"69,231,563","5,050,666,410",75.80,76.50,70.20,72.10,-3.60,"33,518",3037
109/09/08,"40,526,909","2,978,889,816",74.00,74.80,72.50,73.20,+1.10,"20,453",3037
109/09/09,"30,867,722","2,246,453,730",71.50,74.00,70.80,73.90,+0.70,"15,155",3037
109/09/10,"33,925,233","2,472,358,542",74.50,74.80,72.10,72.90,-1.00,"17,876",3037
109/09/11,"39,026,470","2,818,146,155",72.40,73.60,70.50,72.30,-0.60,"20,471",3037
109/09/14,"45,467,244","3,404,717,744",72.80,76.00,72.80,76.00,+3.70,"22,172",3037
109/09/15,"86,957,206","6,729,159,891",75.70,79.70,75.00,76.30,+0.30,"43,997",3037
109/09/16,"42,684,809","3,323,838,790",77.20,78.70,76.80,77.90,+1.60,"21,846",3037
109/09/17,"50,868,304","4,016,578,224",78.20,80.20,77.90,80.20,+2.30,"25,268",3037
109/09/18,"37,030,143","2,920,204,219",80.20,80.20,78.20,78.20,-2.00,"19,211",3037
109/09/21,"37,567,292","2,947,343,108",78.00,79.40,77.10,78.90,+0.70,"18,461",3037
109/09/22,"50,430,278","3,934,077,429",78.50,80.00,76.70,77.40,-1.50,"25,514",3037
109/09/23,"25,427,778","1,978,558,521",78.10,78.60,77.30,77.30,-0.10,"12,491",3037
109/09/24,"42,244,014","3,159,483,536",75.70,76.70,73.70,73.80,-3.50,"22,217",3037
109/09/25,"48,059,404","3,506,717,581",74.60,75.30,70.50,72.50,-1.30,"23,786",3037
109/09/28,"57,542,891","4,384,319,232",73.20,78.30,73.00,77.50,+5.00,"31,115",3037
109/09/29,"67,272,307","5,104,326,088",78.40,79.20,74.10,74.10,-3.40,"35,093",3037
109/09/30,"39,072,727","2,889,180,522",75.40,75.50,72.90,74.40,+0.30,"20,326",3037
109/10/05,"61,783,137","4,745,686,586",73.90,78.20,73.80,78.20,+3.80,"27,862",3037
109/10/06,"55,005,148","4,310,569,400",79.10,79.90,77.20,77.70,-0.50,"26,705",3037
109/10/07,"35,045,484","2,760,466,836",77.40,79.30,77.20,79.00,+1.30,"17,195",3037
109/10/08,"124,914,919","10,348,652,719",80.00,85.40,79.10,84.80,+5.80,"65,166",3037
109/10/12,"89,574,364","7,667,379,423",86.00,87.80,83.60,85.20,+0.40,"44,540",3037
109/10/13,"41,588,142","3,512,769,519",85.70,86.50,83.10,85.50,+0.30,"22,097",3037
109/10/14,"51,547,455","4,426,748,079",85.60,87.00,84.50,85.60,+0.10,"27,514",3037
109/10/15,"58,056,675","5,017,839,526",85.90,88.60,85.20,85.50,-0.10,"29,698",3037
109/10/16,"60,837,478","5,237,809,070",86.60,87.90,83.40,83.70,-1.80,"29,866",3037
109/10/19,"60,483,477","5,223,148,365",85.30,87.70,85.00,85.50,+1.80,"30,738",3037
109/10/20,"52,960,662","4,585,923,292",85.50,88.00,84.70,88.00,+2.50,"25,845",3037
109/10/21,"62,430,211","5,443,816,692",89.00,89.50,85.40,86.40,-1.60,"32,336",3037
109/10/22,"45,930,892","3,962,527,704",85.90,87.40,84.70,87.30,+0.90,"24,230",3037
109/10/23,"33,391,066","2,866,508,029",87.30,87.40,85.00,85.10,-2.20,"18,100",3037
109/10/26,"37,314,179","3,162,836,952",85.40,85.70,83.20,85.40,+0.30,"18,907",3037
109/10/27,"62,942,060","5,212,515,770",84.00,84.90,81.50,81.60,-3.80,"32,989",3037
109/10/28,"136,100,727","10,359,030,830",79.10,79.60,73.70,74.90,-6.70,"70,823",3037
109/10/29,"184,275,451","12,593,601,415",67.50,70.80,67.50,67.90,-7.00,"78,705",3037
109/10/30,"105,431,813","7,246,639,280",68.10,70.50,67.50,68.20,+0.30,"53,846",3037
109/11/02,"84,517,485","5,593,973,789",68.90,69.50,65.00,65.20,-3.00,"43,691",3037
109/11/03,"61,612,032","4,084,382,418",66.50,67.70,65.20,66.30,+1.10,"31,580",3037
109/11/04,"67,756,041","4,586,019,453",67.00,68.80,65.90,68.80,+2.50,"35,554",3037
109/11/05,"49,663,173","3,423,672,169",69.20,69.80,67.90,68.80, 0.00,"25,537",3037
109/11/06,"64,914,747","4,544,395,236",69.30,71.20,68.80,68.80, 0.00,"33,682",3037
109/11/09,"32,851,773","2,291,146,099",70.50,70.80,69.30,69.50,+0.70,"16,382",3037
109/11/10,"86,121,003","6,144,771,277",69.50,73.10,69.30,71.50,+2.00,"40,371",3037
109/11/11,"83,998,480","6,197,533,751",73.10,74.50,72.40,74.30,+2.80,"41,001",3037
109/11/12,"54,361,418","4,020,042,736",74.90,75.60,72.60,72.60,-1.70,"28,113",3037
109/11/13,"32,764,203","2,389,026,401",73.00,74.20,71.60,74.10,+1.50,"17,543",3037
109/11/16,"31,963,364","2,380,965,632",75.00,75.20,73.80,74.60,+0.50,"15,189",3037
109/11/17,"38,848,391","2,923,119,674",75.00,76.00,74.50,74.60, 0.00,"19,857",3037
109/11/18,"25,763,757","1,932,998,407",75.00,75.70,74.30,75.50,+0.90,"12,987",3037
109/11/19,"29,308,267","2,211,420,616",75.80,76.40,74.80,74.90,-0.60,"14,575",3037
109/11/20,"22,437,370","1,689,295,868",74.90,75.80,74.60,75.70,+0.80,"10,304",3037
109/11/23,"68,660,224","5,367,542,579",78.00,79.30,76.70,78.70,+3.00,"32,781",3037
109/11/24,"100,707,580","8,293,241,364",80.00,83.90,79.80,82.00,+3.30,"53,382",3037
109/11/25,"72,270,354","6,026,112,732",84.00,85.00,80.60,83.10,+1.10,"35,001",3037
109/11/26,"149,709,362","13,138,826,845",83.70,89.90,83.40,89.60,+6.50,"70,421",3037
109/11/27,"117,243,354","10,606,682,612",90.50,92.40,88.70,90.40,+0.80,"58,686",3037
109/11/30,"184,078,768","16,721,771,813",92.00,93.50,89.90,89.90,-0.50,"42,582",3037
109/12/01,"91,641,009","7,887,320,588",90.30,90.70,84.50,84.70,-5.20,"48,450",3037
109/12/02,"47,552,759","4,073,765,578",85.10,87.20,84.90,85.20,+0.50,"22,547",3037
109/12/03,"40,251,356","3,388,740,572",85.80,85.90,83.20,83.70,-1.50,"20,903",3037
109/12/04,"56,212,200","4,611,914,754",83.50,84.00,81.00,81.30,-2.40,"29,806",3037
109/12/07,"32,254,162","2,652,605,796",82.00,83.80,81.30,82.00,+0.70,"17,809",3037
109/12/08,"31,780,935","2,655,552,096",82.20,84.50,82.00,84.50,+2.50,"17,324",3037
109/12/09,"35,720,444","2,989,097,237",85.10,85.60,82.90,83.20,-1.30,"19,113",3037
109/12/10,"19,487,384","1,606,599,104",82.70,83.60,81.70,82.20,-1.00,"10,450",3037
109/12/11,"53,083,832","4,410,131,427",82.90,84.70,81.50,81.60,-0.60,"27,645",3037
109/12/14,"27,044,688","2,257,872,262",82.60,84.40,81.70,83.80,+2.20,"14,486",3037
109/12/15,"70,522,319","6,001,492,368",84.30,86.00,83.80,85.80,+2.00,"32,510",3037
109/12/16,"111,045,457","9,747,595,572",88.00,89.70,86.50,86.70,+0.90,"49,934",3037
109/12/17,"85,744,885","7,521,983,970",88.10,89.60,85.30,86.00,-0.70,"41,976",3037
109/12/18,"35,407,920","3,056,309,218",86.60,87.50,85.60,85.60,-0.40,"17,482",3037
109/12/21,"45,090,822","3,755,265,924",85.60,86.00,81.60,84.40,-1.20,"23,785",3037
109/12/22,"25,103,279","2,099,456,293",83.60,85.20,82.10,82.10,-2.30,"13,720",3037
109/12/23,"46,462,499","3,957,995,954",82.60,87.50,82.20,86.20,+4.10,"23,098",3037
109/12/24,"24,407,178","2,079,984,433",86.20,86.50,84.40,84.50,-1.70,"13,128",3037
109/12/25,"15,368,802","1,297,927,291",85.30,85.80,83.50,84.00,-0.50,"8,740",3037
109/12/28,"17,000,764","1,441,760,679",84.30,85.80,83.70,85.30,+1.30,"9,812",3037
109/12/29,"36,623,053","3,155,228,441",85.10,87.20,84.30,85.70,+0.40,"19,237",3037
109/12/30,"32,849,473","2,863,400,115",86.80,87.80,86.10,86.90,+1.20,"17,753",3037
109/12/31,"30,599,854","2,677,180,836",88.00,88.50,86.30,87.40,+0.50,"15,470",3037
110/01/04,"85,694,419","7,775,440,709",88.80,93.20,87.80,90.50,+3.10,"45,426",3037
110/01/05,"81,051,713","7,460,881,389",91.30,94.30,88.50,94.30,+3.80,"43,186",3037
110/01/06,"114,758,736","10,867,428,519",95.50,98.00,90.50,91.10,-3.20,"60,994",3037
110/01/07,"47,179,561","4,372,572,323",92.00,94.20,91.10,92.10,+1.00,"24,867",3037
110/01/08,"40,095,493","3,622,464,943",92.50,93.00,89.10,90.20,-1.90,"21,827",3037
110/01/11,"48,852,704","4,545,466,760",90.50,95.00,89.50,94.90,+4.70,"26,980",3037
110/01/12,"98,307,324","9,581,002,058",95.00,99.90,93.40,99.40,+4.50,"51,745",3037
110/01/13,"74,422,218","7,414,114,133",101.00,103.50,97.60,97.60,-1.80,"41,215",3037
110/01/14,"32,667,261","3,190,358,564",97.60,99.70,96.20,96.70,-0.90,"18,893",3037
110/01/15,"62,175,681","6,148,192,246",97.50,100.50,96.50,100.00,+3.30,"32,283",3037
110/01/18,"58,694,231","5,640,206,929",99.60,99.60,94.80,95.00,-5.00,"32,811",3037
110/01/19,"26,115,384","2,518,258,822",95.80,97.20,95.20,96.40,+1.40,"14,863",3037
110/01/20,"39,610,036","3,722,970,750",96.90,97.60,92.10,92.40,-4.00,"22,535",3037
110/01/21,"35,563,801","3,372,691,048",93.80,96.40,92.60,95.60,+3.20,"19,615",3037
110/01/22,"73,381,621","7,281,613,362",95.90,102.00,94.80,101.00,+5.40,"38,110",3037
110/01/25,"55,929,111","5,458,282,984",99.50,102.00,94.90,95.70,-5.30,"31,589",3037
110/01/26,"44,745,538","4,301,586,666",96.30,98.50,94.00,94.00,-1.70,"25,675",3037
110/01/27,"36,624,404","3,406,651,129",94.70,95.00,92.20,92.60,-1.40,"21,148",3037
110/01/28,"39,140,061","3,478,094,408",88.20,90.80,88.00,88.10,-4.50,"23,299",3037
110/01/29,"27,815,055","2,442,426,632",89.20,89.80,86.50,86.50,-1.60,"15,428",3037
110/02/01,"29,449,349","2,528,629,134",86.60,87.50,84.00,85.80,-0.70,"16,484",3037
110/02/02,"32,710,315","2,885,586,637",86.90,89.60,86.60,88.70,+2.90,"16,750",3037
110/02/03,"28,986,865","2,543,570,958",89.50,90.00,86.10,86.30,-2.40,"16,691",3037
110/02/04,"91,244,092","7,627,911,344",85.80,87.60,80.00,84.10,-2.20,"45,514",3037
110/02/05,"83,025,901","7,193,809,365",84.10,89.70,82.30,89.70,+5.60,"45,457",3037
110/02/17,"47,279,285","4,316,211,003",91.50,93.00,90.00,91.60,+1.90,"24,938",3037
110/02/18,"21,774,880","1,989,345,036",90.80,92.50,90.10,91.60, 0.00,"11,707",3037
110/02/19,"22,429,196","2,060,466,338",91.00,93.00,90.60,91.60, 0.00,"11,439",3037
110/02/22,"45,627,625","4,339,667,303",92.90,97.00,92.20,95.40,+3.80,"25,023",3037
110/02/23,"105,705,314","10,500,529,242",96.00,102.50,95.40,99.60,+4.20,"50,882",3037
110/02/24,"109,059,139","10,919,655,511",99.80,103.50,96.50,97.00,-2.60,"53,935",3037
110/02/25,"64,480,610","6,304,924,366",99.70,101.50,95.00,95.60,-1.40,"35,850",3037
110/02/26,"47,734,491","4,618,649,266",93.20,98.20,93.20,97.50,+1.90,"25,345",3037
110/03/02,"43,458,245","4,195,995,043",99.60,100.50,94.10,94.30,-3.20,"25,634",3037
110/03/03,"40,925,405","3,770,298,465",94.90,95.50,90.10,91.80,-2.50,"23,295",3037
110/03/04,"38,261,426","3,533,966,361",92.00,93.80,91.00,92.70,+0.90,"22,014",3037
110/03/05,"29,836,093","2,732,308,647",91.00,93.20,89.60,91.20,-1.50,"16,806",3037
110/03/08,"21,455,188","1,970,913,466",92.50,93.40,90.10,90.20,-1.00,"12,105",3037
110/03/09,"38,164,885","3,344,218,196",90.00,90.50,86.50,86.60,-3.60,"22,801",3037
110/03/10,"22,306,922","1,978,585,916",87.70,89.70,87.60,88.70,+2.10,"13,900",3037
110/03/11,"24,624,340","2,249,272,925",89.10,92.90,89.10,92.90,+4.20,"15,027",3037
110/03/12,"26,368,663","2,435,129,827",93.60,94.30,91.00,91.50,-1.40,"15,802",3037
110/03/15,"17,897,495","1,624,268,234",91.40,92.30,90.20,90.60,-0.90,"10,636",3037
110/03/16,"13,322,190","1,213,751,505",91.30,92.20,90.50,90.70,+0.10,"7,953",3037
110/03/17,"10,620,794","968,894,905",91.50,91.90,90.70,90.90,+0.20,"6,123",3037
110/03/18,"24,737,419","2,295,366,497",91.90,93.80,91.70,92.10,+1.20,"13,082",3037
110/03/19,"31,517,587","2,828,188,267",91.70,91.80,88.70,89.00,-3.10,"18,847",3037
110/03/22,"21,082,904","1,850,757,558",88.50,88.80,87.10,87.70,-1.30,"13,033",3037
110/03/23,"25,940,371","2,290,504,967",88.30,90.50,87.60,88.00,+0.30,"14,648",3037
110/03/24,"20,648,838","1,826,789,322",87.90,89.70,87.60,87.90,-0.10,"11,837",3037
110/03/25,"34,501,439","2,997,596,984",88.30,89.30,85.70,85.90,-2.00,"21,938",3037
110/03/26,"39,615,129","3,525,031,012",87.00,90.90,86.60,89.90,+4.00,"22,907",3037
110/03/29,"24,269,682","2,184,949,539",91.00,91.70,89.10,89.80,-0.10,"13,067",3037
110/03/30,"59,026,910","5,453,918,527",90.20,93.70,90.20,91.20,+1.40,"31,437",3037
110/03/31,"26,751,012","2,453,928,589",92.00,92.40,91.20,91.50,+0.30,"13,568",3037
110/04/01,"30,409,898","2,806,977,357",92.40,93.80,91.00,91.60,+0.10,"16,506",3037
110/04/06,"21,170,162","1,967,376,969",93.20,93.80,91.80,93.10,+1.50,"11,628",3037
110/04/07,"26,165,005","2,411,981,746",94.10,94.20,91.10,91.40,-1.70,"14,095",3037
110/04/08,"21,782,187","2,006,012,497",91.60,93.20,90.30,92.90,+1.50,"12,090",3037
110/04/09,"30,693,268","2,835,555,506",93.20,93.70,91.10,91.70,-1.20,"12,147",3037
110/04/12,"20,453,843","1,852,429,977",92.30,92.50,89.60,89.60,-2.10,"11,961",3037
110/04/13,"31,861,408","2,849,444,397",89.60,90.70,88.00,88.00,-1.60,"9,848",3037
110/04/14,"36,230,225","3,162,109,846",88.60,89.20,84.60,87.50,-0.50,"15,048",3037
110/04/15,"12,841,573","1,127,745,846",87.90,88.70,86.60,87.90,+0.40,"8,371",3037
110/04/16,"19,453,142","1,741,128,293",87.90,90.50,87.50,90.10,+2.20,"11,558",3037
110/04/19,"40,977,210","3,811,354,920",92.80,93.70,92.00,93.20,+3.10,"21,640",3037
110/04/20,"20,632,370","1,924,549,386",93.50,94.00,92.30,93.30,+0.10,"11,757",3037
110/04/21,"18,072,512","1,682,294,721",93.60,94.00,92.50,92.60,-0.70,"10,992",3037
110/04/22,"28,490,466","2,648,270,763",93.30,94.70,90.30,90.80,-1.80,"17,060",3037
110/04/23,"29,069,306","2,716,847,675",91.60,94.30,90.50,94.20,+3.40,"15,904",3037
110/04/26,"90,431,638","8,901,233,607",98.00,100.50,94.60,99.80,+5.60,"47,911",3037
110/04/27,"50,337,764","5,140,189,258",103.00,104.50,100.00,102.50,+2.70,"26,755",3037
110/04/28,"52,575,332","5,799,657,470",107.00,112.50,105.50,112.50,+10.00,"19,755",3037
110/04/29,"122,819,933","14,276,487,149",115.00,121.00,111.50,115.00,+2.50,"53,437",3037
110/05/03,"47,152,275","5,327,425,642",116.50,119.00,108.50,109.50,-5.50,"23,492",3037
110/05/04,"53,440,342","5,544,165,667",110.00,111.50,98.70,104.50,-5.00,"24,380",3037
110/05/05,"34,367,325","3,505,376,957",104.50,107.00,98.50,99.00,-5.50,"17,068",3037
110/05/06,"52,466,706","5,474,521,945",100.00,108.00,98.80,106.50,+7.50,"25,405",3037
110/05/07,"39,789,559","4,260,961,086",106.50,109.50,105.00,106.50, 0.00,"19,832",3037
110/05/10,"22,608,558","2,336,572,712",107.50,109.00,100.00,101.50,-5.00,"12,926",3037
110/05/11,"30,667,108","2,985,706,446",97.00,102.00,95.00,96.40,-5.10,"17,378",3037
110/05/12,"46,854,550","4,333,534,946",96.60,98.20,86.80,91.20,-5.20,"26,563",3037
110/05/13,"41,915,721","3,912,314,723",87.50,96.50,85.20,94.60,+3.40,"23,795",3037
110/05/14,"49,297,794","4,838,414,584",95.80,104.00,94.50,95.00,+0.40,"27,611",3037
110/05/17,"55,257,303","5,219,682,972",88.40,99.60,88.30,93.10,-1.90,"32,958",3037
110/05/18,"48,276,792","4,756,858,850",97.50,101.00,95.00,99.70,+6.60,"27,462",3037
110/05/19,"25,549,424","2,525,392,259",99.40,101.50,97.10,98.10,-1.60,"15,749",3037
110/05/20,"29,430,057","2,845,856,274",97.60,100.50,94.10,94.60,-3.50,"16,307",3037
110/05/21,"40,284,589","3,987,363,057",97.20,100.50,96.60,100.50,+5.90,"22,475",3037
110/05/24,"33,940,966","3,442,219,547",100.00,104.00,99.00,103.50,+3.00,"16,738",3037
110/05/25,"45,726,511","4,861,326,629",105.00,109.00,103.00,105.50,+2.00,"23,764",3037
110/05/26,"20,406,866","2,132,212,754",108.00,108.00,102.00,103.00,-2.50,"11,686",3037
110/05/27,"21,019,520","2,121,118,822",102.00,102.50,99.80,101.00,-2.00,"9,050",3037
110/05/28,"23,426,218","2,433,400,548",102.50,106.50,101.50,104.50,+3.50,"11,727",3037
110/05/31,"49,125,225","5,401,570,948",107.50,114.00,106.00,112.50,+8.00,"25,627",3037
110/06/01,"31,839,879","3,613,561,409",115.00,115.50,111.00,113.00,+0.50,"17,124",3037
110/06/02,"28,680,284","3,226,205,720",115.00,117.00,108.50,110.50,-2.50,"15,575",3037
110/06/03,"62,919,433","7,426,727,241",113.00,121.50,112.00,121.50,+11.00,"29,660",3037
110/06/04,"54,261,007","6,404,027,542",119.50,120.00,116.00,117.50,-4.00,"29,020",3037
110/06/07,"105,633,761","13,023,798,687",120.00,129.00,115.00,127.50,+10.00,"56,084",3037
110/06/08,"127,334,829","16,458,163,140",129.00,135.00,124.00,125.50,-2.00,"68,957",3037
110/06/09,"70,703,918","9,083,038,546",127.00,131.50,125.00,127.00,+1.50,"37,647",3037
110/06/10,"48,087,896","6,144,185,548",128.00,129.50,125.00,129.00,+2.00,"25,047",3037
110/06/11,"38,976,307","4,920,916,994",129.00,130.00,124.00,124.50,-4.50,"21,891",3037
110/06/15,"25,502,374","3,243,856,591",126.00,129.50,125.50,127.00,+2.50,"14,262",3037
110/06/16,"39,757,407","5,123,655,020",126.00,132.50,125.50,126.00,-1.00,"23,512",3037
110/06/17,"56,353,298","7,415,239,278",126.50,136.00,126.00,134.00,+8.00,"31,108",3037
110/06/18,"65,876,287","8,911,598,748",135.00,140.00,130.00,130.00,-4.00,"36,431",3037
110/06/21,"45,791,120","6,049,992,006",131.00,135.50,129.00,131.00,+1.00,"25,138",3037
110/06/22,"87,578,760","11,987,747,066",135.00,141.00,131.50,134.50,+3.50,"48,471",3037
110/06/23,"53,804,941","7,248,298,478",137.50,139.50,130.50,132.00,-2.50,"30,003",3037
110/06/24,"49,572,881","6,581,835,888",134.00,136.50,129.00,131.00,-1.00,"26,278",3037
110/06/25,"33,143,031","4,273,205,681",132.50,133.50,127.00,127.50,-3.50,"21,473",3037
110/06/28,"23,653,296","3,018,603,696",126.50,129.50,125.50,129.00,+1.50,"14,970",3037
110/06/29,"17,519,574","2,260,260,571",130.50,131.50,127.00,127.50,-1.50,"10,138",3037
110/06/30,"13,074,791","1,684,531,324",128.50,130.00,127.50,129.00,+1.50,"7,199",3037
110/07/01,"36,250,528","4,485,186,828",128.50,129.00,120.00,123.50,-5.50,"22,482",3037
110/07/02,"22,274,074","2,817,928,395",123.50,129.00,123.00,126.50,+3.00,"12,627",3037
110/07/05,"46,469,409","6,134,043,494",127.50,135.50,126.50,132.00,+5.50,"27,815",3037
110/07/06,"35,116,061","4,695,527,584",132.50,137.00,130.50,132.50,+0.50,"20,559",3037
110/07/07,"68,194,247","9,376,626,307",135.50,140.50,134.00,137.00,+4.50,"35,941",3037
110/07/08,"110,187,006","15,816,727,807",139.00,149.50,138.00,141.00,+4.00,"63,042",3037
110/07/09,"54,525,369","7,728,652,778",139.00,145.00,138.00,142.50,+1.50,"30,075",3037
110/07/12,"51,974,333","7,432,704,818",147.50,148.00,140.00,140.50,-2.00,"32,012",3037
110/07/13,"39,618,165","5,564,717,959",143.00,145.50,135.00,136.00,-4.50,"24,069",3037
110/07/14,"39,320,348","5,561,960,872",139.50,144.00,137.00,143.00,+7.00,"24,144",3037
110/07/15,"36,176,045","5,191,609,133",143.50,145.50,141.00,143.50,+0.50,"21,789",3037
110/07/16,"17,663,834","2,528,123,641",142.50,145.00,141.50,143.50, 0.00,"10,814",3037
110/07/19,"18,375,318","2,620,824,939",143.00,145.00,140.00,142.00,-1.50,"11,124",3037
110/07/20,"25,276,694","3,589,359,017",141.00,144.50,138.50,141.50,-0.50,"16,311",3037
110/07/21,"41,892,696","5,939,857,870",144.00,146.50,136.00,137.50,-4.00,"24,118",3037
110/07/22,"51,767,636","7,491,737,187",141.00,148.50,140.50,146.50,+9.00,"27,895",3037
110/07/23,"50,858,702","7,314,293,603",151.00,151.50,138.00,139.50,-7.00,"30,362",3037
110/07/26,"38,737,307","5,593,280,415",142.00,147.50,138.50,146.00,+6.50,"20,724",3037
110/07/27,"35,475,325","5,034,237,470",147.00,148.00,138.00,142.00,-4.00,"20,569",3037
110/07/28,"49,188,001","6,611,673,321",139.00,140.00,128.50,138.00,-4.00,"29,519",3037
110/07/29,"103,246,473","15,401,470,618",144.00,151.50,143.00,151.50,+13.50,"47,191",3037
110/07/30,"64,969,506","9,598,678,306",152.50,153.00,144.50,146.00,-5.50,"39,852",3037
110/08/02,"18,614,837","2,716,465,424",148.00,148.50,144.00,145.50,-0.50,"11,122",3037
110/08/03,"40,793,033","6,046,345,983",146.00,150.50,144.00,150.00,+4.50,"22,317",3037
110/08/04,"24,363,930","3,610,162,878",149.50,150.50,146.00,147.00,-3.00,"14,304",3037
110/08/05,"25,096,388","3,757,164,924",148.00,152.00,147.00,148.50,+1.50,"14,960",3037
110/08/06,"16,364,687","2,387,205,687",147.50,148.00,144.50,146.00,-2.50,"10,740",3037
110/08/09,"12,071,205","1,762,989,726",146.00,148.00,144.00,145.00,-1.00,"7,869",3037
110/08/10,"23,965,650","3,382,313,507",144.50,146.00,139.00,141.00,-4.00,"14,949",3037
110/08/11,"21,078,001","2,914,549,931",140.00,142.00,135.00,138.50,-2.50,"12,407",3037
110/08/12,"12,093,501","1,700,711,088",139.00,142.00,138.00,142.00,+3.50,"7,183",3037
110/08/13,"29,022,342","3,962,197,045",142.50,143.00,133.50,135.00,-7.00,"15,967",3037
110/08/16,"19,365,519","2,602,954,571",134.50,137.00,132.00,136.50,+1.50,"10,869",3037
110/08/17,"21,646,416","2,847,133,254",137.50,137.50,128.00,128.50,-8.00,"14,036",3037
110/08/18,"33,627,704","4,477,327,363",125.50,138.00,123.50,138.00,+9.50,"17,896",3037
110/08/19,"18,095,305","2,412,669,463",135.00,136.50,130.50,131.00,-7.00,"11,437",3037
110/08/20,"19,234,515","2,562,029,281",133.50,135.50,130.00,134.00,+3.00,"11,156",3037
110/08/23,"19,588,994","2,701,682,880",136.00,139.50,135.50,138.00,+4.00,"11,547",3037
110/08/24,"16,348,635","2,272,874,736",141.50,141.50,136.50,136.50,-1.50,"8,628",3037
110/08/25,"29,890,177","4,268,211,311",139.00,146.00,138.50,142.50,+6.00,"17,861",3037
110/08/26,"19,559,968","2,755,651,616",144.50,145.00,139.00,139.50,-3.00,"10,584",3037
110/08/27,"34,183,170","4,919,406,183",140.00,147.00,138.00,144.50,X0.00,"20,771",3037
110/08/30,"27,645,637","4,079,293,729",146.50,149.50,145.00,148.00,+3.50,"16,579",3037
110/08/31,"15,732,101","2,310,210,697",148.00,148.50,145.00,147.50,-0.50,"8,119",3037
110/09/01,"21,327,815","3,173,684,733",147.00,151.50,145.50,148.50,+1.00,"12,381",3037
110/09/02,"22,816,016","3,400,949,914",149.00,151.00,147.00,147.50,-1.00,"12,053",3037
110/09/03,"44,160,514","6,720,583,543",149.50,156.00,148.00,155.00,+7.50,"24,155",3037
110/09/06,"36,396,594","5,642,040,543",155.00,158.50,151.50,154.50,-0.50,"22,285",3037
110/09/07,"40,552,113","6,033,713,468",155.00,156.00,143.00,148.50,-6.00,"21,953",3037
110/09/08,"41,651,289","5,915,131,251",146.50,147.00,138.50,143.00,-5.50,"23,817",3037
110/09/09,"19,635,375","2,817,054,508",141.00,146.00,140.00,144.00,+1.00,"12,277",3037
110/09/10,"13,447,219","1,938,158,052",144.50,145.50,141.50,145.50,+1.50,"7,844",3037
110/09/13,"8,444,412","1,218,677,263",145.00,146.50,143.00,144.50,-1.00,"4,822",3037
110/09/14,"9,822,206","1,412,764,979",144.50,146.00,142.00,142.50,-2.00,"6,147",3037
110/09/15,"8,251,311","1,173,954,605",142.50,144.00,141.00,141.50,-1.00,"5,680",3037
110/09/16,"22,778,026","3,325,020,421",143.00,147.50,142.50,145.50,+4.00,"12,990",3037
110/09/17,"15,774,999","2,298,119,931",145.00,148.00,143.00,147.50,+2.00,"9,116",3037
110/09/22,"16,765,915","2,380,493,487",142.50,145.50,141.00,141.00,-6.50,"11,377",3037
110/09/23,"16,576,195","2,384,220,295",144.00,146.00,142.00,142.00,+1.00,"9,609",3037
110/09/24,"14,250,930","2,047,166,039",144.00,145.00,142.50,143.00,+1.00,"7,269",3037
110/09/27,"25,472,331","3,534,090,528",142.00,142.50,137.00,138.00,-5.00,"17,323",3037
110/09/28,"28,528,543","3,818,878,255",134.00,138.50,131.00,137.00,-1.00,"16,727",3037
110/09/29,"23,890,422","3,141,368,507",131.50,133.50,130.00,131.00,-6.00,"14,061",3037
110/09/30,"29,736,849","3,879,813,702",131.50,133.00,126.00,132.00,+1.00,"16,386",3037
110/10/01,"20,122,203","2,580,960,193",129.00,132.00,125.50,127.50,-4.50,"11,481",3037
110/10/04,"26,136,279","3,268,080,859",129.00,130.00,122.00,122.50,-5.00,"12,322",3037
110/10/05,"30,754,537","3,799,677,489",118.50,128.00,116.50,125.50,+3.00,"14,892",3037
110/10/06,"15,736,243","1,943,475,096",126.00,127.00,120.50,121.50,-4.00,"9,183",3037
110/10/07,"25,776,902","3,243,911,787",122.50,128.50,122.00,126.50,+5.00,"13,885",3037
110/10/08,"17,331,731","2,234,294,901",127.50,130.50,126.50,130.00,+3.50,"8,478",3037
110/10/12,"14,146,800","1,782,470,260",128.00,130.00,123.00,124.00,-6.00,"7,836",3037
110/10/13,"29,165,710","3,464,770,454",125.00,125.50,116.00,116.00,-8.00,"15,521",3037
110/10/14,"25,300,984","2,958,653,433",116.00,119.50,115.00,117.00,+1.00,"12,015",3037
110/10/15,"35,503,329","4,441,201,531",120.50,128.50,119.50,126.00,+9.00,"18,075",3037
110/10/18,"36,425,156","4,710,719,286",130.00,131.50,126.50,129.00,+3.00,"18,472",3037
110/10/19,"84,087,527","11,664,411,035",133.00,141.50,132.50,141.50,+12.50,"33,835",3037
110/10/20,"121,515,513","17,695,260,379",142.50,151.00,141.00,145.50,+4.00,"63,546",3037
110/10/21,"50,600,813","7,262,502,509",145.50,147.50,140.00,142.00,-3.50,"28,045",3037
110/10/22,"43,985,793","6,355,223,757",145.00,147.00,141.50,143.50,+1.50,"22,899",3037
110/10/25,"56,328,253","8,367,560,043",143.00,153.00,142.50,150.50,+7.00,"32,680",3037
110/10/26,"83,852,359","13,077,237,189",157.00,160.50,152.50,156.00,+5.50,"42,222",3037
110/10/27,"52,290,164","8,903,558,621",171.00,171.50,167.00,171.50,+15.50,"21,858",3037
110/10/28,"133,831,775","23,781,704,896",176.00,181.50,173.00,178.50,+7.00,"69,668",3037
110/10/29,"98,455,838","18,129,792,577",179.50,191.00,176.50,190.00,+11.50,"62,491",3037
110/11/01,"71,674,191","13,825,420,105",197.50,198.50,188.50,189.00,-1.00,"54,258",3037
110/11/02,"91,361,986","17,820,574,964",192.50,200.50,189.00,196.00,+7.00,"55,084",3037
110/11/03,"72,174,925","13,498,744,557",197.50,198.00,182.50,187.50,-8.50,"50,062",3037
110/11/04,"48,998,741","9,416,654,974",192.00,195.50,189.00,190.00,+2.50,"29,331",3037
110/11/05,"54,345,348","10,336,782,798",190.50,196.00,182.50,195.00,+5.00,"34,927",3037
110/11/08,"27,862,898","5,275,327,346",191.50,192.00,187.00,190.00,-5.00,"23,221",3037
110/11/09,"48,392,224","9,467,290,907",193.00,199.00,192.50,192.50,+2.50,"26,978",3037
110/11/10,"42,275,213","8,344,688,576",191.00,201.50,191.00,199.50,+7.00,"24,842",3037
110/11/11,"44,492,246","8,777,491,177",196.00,203.00,194.00,195.00,-4.50,"30,608",3037
110/11/12,"52,134,122","10,499,001,534",198.50,206.00,195.50,202.00,+7.00,"30,145",3037
110/11/15,"53,708,476","10,751,091,459",205.00,206.50,195.00,196.00,-6.00,"34,064",3037
110/11/16,"31,333,097","6,115,403,790",197.50,199.50,192.50,195.00,-1.00,"19,144",3037
110/11/17,"18,149,099","3,554,170,511",196.00,198.00,193.00,198.00,+3.00,"11,981",3037
110/11/18,"30,431,351","5,851,128,989",196.50,197.00,189.00,192.50,-5.50,"20,767",3037
110/11/19,"17,127,361","3,342,450,647",194.50,197.00,193.00,195.50,+3.00,"10,620",3037
110/11/22,"16,318,433","3,152,014,243",193.50,196.50,189.50,196.00,+0.50,"12,331",3037
110/11/23,"19,989,666","3,925,866,135",194.00,199.00,192.50,197.00,+1.00,"11,852",3037
110/11/24,"37,299,187","7,444,257,475",196.50,203.50,194.50,198.50,+1.50,"24,297",3037
110/11/25,"65,189,877","13,491,703,204",200.00,212.00,199.50,210.50,+12.00,"40,213",3037
110/11/26,"60,771,251","12,604,822,841",210.00,212.50,201.50,207.50,-3.00,"39,019",3037
110/11/29,"49,109,183","10,259,740,820",206.50,214.00,202.00,213.00,+5.50,"30,268",3037
110/11/30,"69,052,834","15,528,373,019",217.00,229.50,214.50,228.00,+15.00,"40,654",3037
110/12/01,"33,173,026","7,411,481,814",225.00,226.50,221.00,223.50,-4.50,"23,449",3037
110/12/02,"51,805,463","11,320,943,008",224.00,228.00,213.00,213.00,-10.50,"33,505",3037
110/12/03,"28,237,593","6,095,521,023",215.00,218.00,212.00,217.50,+4.50,"16,177",3037
110/12/06,"21,679,589","4,727,094,969",218.50,220.50,214.50,219.00,+1.50,"13,562",3037
110/12/07,"31,057,496","6,868,405,130",220.00,227.00,215.00,216.50,-2.50,"23,790",3037
110/12/08,"26,337,755","5,861,343,525",222.00,225.00,219.00,221.00,+4.50,"17,775",3037
110/12/09,"32,434,346","7,215,688,029",224.50,228.00,217.50,218.00,-3.00,"23,908",3037
110/12/10,"28,312,448","6,279,410,820",217.00,225.00,215.00,224.50,+6.50,"16,709",3037
110/12/13,"22,632,226","5,035,126,827",226.00,227.00,219.00,220.50,-4.00,"17,426",3037
110/12/14,"16,757,113","3,643,235,801",220.00,222.00,215.50,216.00,-4.50,"12,529",3037
110/12/15,"22,989,240","5,064,523,973",218.00,224.00,216.00,221.50,+5.50,"11,008",3037
110/12/16,"20,857,562","4,664,852,654",225.00,226.00,220.00,225.00,+3.50,"17,103",3037
110/12/17,"55,442,100","12,402,338,730",225.50,231.50,218.00,222.00,-3.00,"30,880",3037
110/12/20,"19,801,504","4,364,385,805",221.00,225.00,217.50,218.00,-4.00,"15,174",3037
110/12/21,"18,310,122","4,010,587,761",219.50,222.50,215.00,222.50,+4.50,"11,312",3037
110/12/22,"28,680,902","6,485,640,360",224.00,229.00,222.00,227.50,+5.00,"18,663",3037
110/12/23,"55,627,208","13,137,932,639",230.00,240.00,229.00,240.00,+12.50,"39,081",3037
110/12/24,"26,940,670","6,437,845,825",241.00,243.00,236.50,239.00,-1.00,"16,908",3037
110/12/27,"34,465,337","8,323,543,432",240.50,247.50,236.00,236.00,-3.00,"23,128",3037
110/12/28,"13,274,826","3,163,933,497",239.50,240.00,236.00,239.00,+3.00,"9,205",3037
110/12/29,"15,250,800","3,587,923,089",239.00,240.00,233.00,233.00,-6.00,"11,607",3037
110/12/30,"18,284,580","4,243,287,373",232.00,236.00,229.00,231.00,-2.00,"11,819",3037
111/01/03,"30,680,600","7,218,335,430",235.00,240.50,231.00,231.00, 0.00,"18,316",3037
111/01/04,"23,913,232","5,617,108,847",234.50,238.00,231.50,237.00,+6.00,"15,879",3037
111/01/05,"20,977,602","4,893,444,978",237.00,239.00,230.00,230.00,-7.00,"14,784",3037
111/01/06,"32,633,746","7,278,805,896",228.00,228.00,220.00,221.00,-9.00,"21,531",3037
111/01/07,"34,146,702","7,413,089,373",222.00,223.50,212.50,217.50,-3.50,"20,575",3037
111/01/10,"33,270,618","7,013,408,674",213.00,216.00,207.00,209.50,-8.00,"21,218",3037
111/01/11,"25,479,110","5,332,212,282",206.50,212.00,206.00,208.50,-1.00,"14,892",3037
111/01/12,"31,060,917","6,679,790,005",215.50,217.50,212.00,216.00,+7.50,"17,613",3037
111/01/13,"22,506,242","4,886,132,549",215.50,220.00,212.50,218.00,+2.00,"13,825",3037
111/01/14,"20,733,222","4,477,665,321",216.50,220.50,211.50,220.00,+2.00,"13,056",3037
111/01/17,"23,283,703","5,184,314,946",222.50,225.50,221.00,221.50,+1.50,"14,504",3037
111/01/18,"19,261,255","4,324,603,567",222.50,227.50,220.50,222.00,+0.50,"11,967",3037
111/01/19,"20,382,178","4,405,027,062",217.00,219.50,213.50,215.50,-6.50,"14,136",3037
111/01/20,"17,642,065","3,838,271,786",215.00,222.00,213.50,222.00,+6.50,"12,077",3037
111/01/21,"45,271,304","9,453,186,892",215.00,216.00,200.50,201.00,-21.00,"38,698",3037
111/01/24,"36,189,629","7,297,912,970",196.50,208.00,194.00,207.00,+6.00,"20,216",3037
111/01/25,"27,785,984","5,608,182,363",202.00,205.50,199.00,200.50,-6.50,"19,267",3037
111/01/26,"17,876,927","3,599,270,842",200.50,204.00,199.00,200.00,-0.50,"15,433",3037
111/02/07,"19,851,394","4,009,150,053",204.00,206.00,198.00,203.00,+3.00,"17,207",3037
111/02/08,"26,548,764","5,462,776,542",203.50,209.00,203.00,205.50,+2.50,"19,033",3037
111/02/09,"44,888,729","9,686,344,971",209.00,222.00,208.50,221.50,+16.00,"33,905",3037
111/02/10,"30,957,800","6,806,478,715",223.50,225.00,216.00,217.50,-4.00,"29,350",3037
111/02/11,"27,542,874","6,106,106,311",215.00,224.50,215.00,222.00,+4.50,"16,147",3037
111/02/14,"13,712,914","2,979,072,380",217.50,219.50,215.00,217.50,-4.50,"18,659",3037
111/02/15,"23,078,039","5,169,383,456",220.00,227.00,219.50,222.50,+5.00,"18,047",3037
111/02/16,"38,530,990","8,991,540,396",230.00,237.00,229.00,233.50,+11.00,"31,647",3037
111/02/17,"27,431,289","6,442,932,264",234.50,238.00,231.00,234.50,+1.00,"21,692",3037
111/02/18,"58,539,601","14,159,649,877",233.00,247.50,231.50,242.00,+7.50,"42,420",3037
111/02/21,"32,745,720","7,834,998,088",239.50,244.50,235.50,237.50,-4.50,"32,741",3037
111/02/22,0,0,--,--,--,--, 0.00,0,3037
111/02/23,"38,012,664","8,999,629,842",233.00,241.00,232.50,240.50,X0.00,"31,530",3037
111/02/24,"90,931,264","22,328,964,535",238.50,254.00,234.50,243.00,+2.50,"55,561",3037
111/02/25,"66,414,114","17,067,065,331",254.00,261.00,252.50,254.00,+11.00,"55,505",3037
111/03/01,"53,817,420","13,604,408,287",257.50,260.50,246.50,246.50,-7.50,"38,856",3037
111/03/02,"31,846,269","7,858,897,246",248.50,251.00,241.00,250.00,+3.50,"29,180",3037
111/03/03,"26,160,990","6,533,391,036",253.00,255.50,246.00,246.00,-4.00,"28,192",3037
111/03/04,"30,244,189","7,496,591,343",246.00,253.00,243.50,245.00,-1.00,"25,615",3037
111/03/07,"45,140,523","10,222,231,192",237.00,237.50,221.00,222.00,-23.00,"37,407",3037
111/03/08,"41,909,884","9,306,879,194",214.00,229.50,213.00,216.00,-6.00,"38,424",3037
111/03/09,"35,910,725","8,040,527,705",224.50,227.50,219.00,227.00,+11.00,"35,218",3037
111/03/10,"38,470,621","9,192,133,017",238.50,241.50,234.50,241.00,+14.00,"36,702",3037
111/03/11,"25,146,480","5,942,764,853",241.00,241.00,233.50,235.50,-5.50,"30,294",3037
111/03/14,"47,316,192","10,728,583,918",236.00,239.50,222.00,225.00,-10.50,"30,353",3037
111/03/15,"37,435,065","8,176,092,948",223.50,225.00,213.50,217.50,-7.50,"37,849",3037
111/03/16,"30,353,132","6,541,887,200",224.50,225.00,210.00,212.50,-5.00,"21,652",3037
111/03/17,"34,118,151","7,629,584,982",223.00,228.00,219.50,225.50,+13.00,"31,587",3037
111/03/18,"23,171,057","5,086,622,339",222.00,222.50,217.00,219.50,-6.00,"17,894",3037
111/03/21,"21,527,280","4,863,197,534",222.50,230.00,222.50,226.00,+6.50,"28,341",3037
111/03/22,"19,900,973","4,553,049,059",224.00,232.00,223.50,232.00,+6.00,"13,045",3037
111/03/23,"26,922,762","6,414,524,578",238.50,240.50,235.00,239.00,+7.00,"18,658",3037
111/03/24,"20,258,673","4,825,466,672",236.50,241.00,235.50,238.50,-0.50,"29,560",3037
111/03/25,"33,893,819","8,218,746,094",241.00,246.00,237.50,246.00,+7.50,"32,835",3037
111/03/28,"19,124,406","4,604,375,074",241.00,243.00,238.50,241.00,-5.00,"23,076",3037
111/03/29,"23,542,476","5,755,933,069",245.50,249.00,240.00,244.00,+3.00,"30,273",3037
111/03/30,"30,475,509","7,604,507,902",248.00,252.00,246.00,248.50,+4.50,"26,521",3037
111/03/31,"19,364,756","4,789,787,524",249.00,250.00,243.00,249.00,+0.50,"20,046",3037
111/04/01,"23,064,446","5,616,189,015",246.00,246.00,241.00,243.50,-5.50,"25,867",3037
111/04/06,"31,197,099","7,257,239,316",234.00,236.50,230.00,230.50,-13.00,"37,843",3037
111/04/07,"29,447,577","6,813,894,902",228.00,236.00,227.00,227.00,-3.50,"35,651",3037
111/04/08,"17,229,951","3,954,272,728",231.50,233.00,226.00,231.00,+4.00,"27,799",3037
111/04/11,"30,127,354","6,555,195,706",227.50,227.50,213.00,213.50,-17.50,"39,847",3037
111/04/12,"18,348,533","3,978,114,361",211.00,221.00,210.50,215.00,+1.50,"14,042",3037
111/04/13,"18,162,086","3,923,408,879",219.00,220.00,213.00,216.50,+1.50,"20,433",3037
111/04/14,"11,081,751","2,426,247,427",219.50,222.00,217.00,217.50,+1.00,"8,747",3037
111/04/15,"20,742,040","4,314,759,173",213.00,213.50,205.00,205.00,-12.50,"19,225",3037
111/04/18,"20,116,477","4,137,479,023",199.00,210.00,198.00,206.50,+1.50,"14,509",3037
111/04/19,"15,334,107","3,236,561,391",211.00,213.00,209.00,210.50,+4.00,"17,706",3037
111/04/20,"23,840,852","5,201,796,341",214.00,220.00,214.00,220.00,+9.50,"15,982",3037
111/04/21,"22,552,339","4,938,420,772",216.00,221.00,215.50,220.00, 0.00,"20,799",3037
111/04/22,"25,506,149","5,384,910,537",213.00,216.50,209.00,210.00,-10.00,"16,069",3037
111/04/25,"24,244,616","4,920,151,300",202.00,208.00,199.00,202.00,-8.00,"17,895",3037
111/04/26,"24,161,136","4,859,094,639",207.50,208.00,197.00,199.50,-2.50,"18,225",3037
111/04/27,"63,792,152","13,166,781,986",195.00,219.00,192.00,216.50,+17.00,"36,058",3037
111/04/28,"47,221,179","9,896,500,128",213.00,215.50,205.00,205.50,-11.00,"64,504",3037
111/04/29,"40,325,577","8,552,139,164",210.50,216.00,207.50,213.00,+7.50,"24,770",3037
111/05/03,"19,738,296","4,222,670,000",213.00,216.50,211.50,213.50,+0.50,"17,063",3037
111/05/04,"26,541,775","5,792,121,640",216.00,222.00,214.50,217.50,+4.00,"24,142",3037
111/05/05,"35,672,578","7,944,269,171",225.00,227.00,218.00,218.00,+0.50,"32,222",3037
111/05/06,"24,375,308","5,104,526,477",210.50,213.00,207.00,208.00,-10.00,"47,379",3037
111/05/09,"28,043,442","5,952,460,171",208.50,215.50,208.00,211.00,+3.00,"18,302",3037
111/05/10,"27,654,668","5,826,617,670",205.00,216.50,203.00,216.50,+5.50,"30,703",3037
111/05/11,"17,428,516","3,717,417,756",216.50,217.00,211.00,212.00,-4.50,"18,687",3037
111/05/12,"18,903,320","4,004,573,189",210.00,215.50,208.50,208.50,-3.50,"16,729",3037
111/05/13,"19,892,245","4,258,600,188",213.50,216.00,211.00,215.00,+6.50,"12,736",3037
111/05/16,"23,945,454","5,240,263,162",220.00,223.50,214.00,214.50,-0.50,"19,223",3037
111/05/17,"20,817,850","4,538,091,753",218.00,220.50,214.50,219.50,+5.00,"16,843",3037
111/05/18,"25,628,681","5,744,265,072",226.00,228.00,222.00,222.50,+3.00,"17,883",3037
111/05/19,"20,266,191","4,398,127,143",217.00,219.50,214.00,219.00,-3.50,"29,226",3037
111/05/20,"12,439,441","2,726,014,828",221.00,221.50,217.00,217.00,-2.00,"13,035",3037
111/05/23,"11,025,244","2,395,183,687",218.00,220.00,215.00,216.00,-1.00,"17,484",3037
111/05/24,"27,926,948","5,834,528,669",216.50,217.00,204.00,204.00,-12.00,"29,539",3037
111/05/25,"29,249,758","6,081,573,383",207.00,213.50,202.50,213.00,+9.00,"21,415",3037
111/05/26,"37,810,666","7,775,892,215",212.00,213.00,201.00,201.50,-11.50,"52,627",3037
111/05/27,"26,809,571","5,466,670,090",205.00,207.00,201.00,201.50, 0.00,"17,594",3037
111/05/30,"37,682,547","7,989,095,009",206.00,216.00,205.50,213.00,+11.50,"25,777",3037
111/05/31,"23,224,059","4,991,990,147",214.00,217.00,212.00,215.50,+2.50,"13,410",3037
111/06/01,"38,507,930","7,979,712,835",210.00,211.50,205.00,205.50,-10.00,"49,807",3037
111/06/02,"27,299,492","5,559,444,927",202.50,206.50,202.00,203.50,-2.00,"20,228",3037
111/06/06,"18,922,506","3,877,473,047",205.50,207.50,202.50,203.50, 0.00,"10,054",3037
111/06/07,"19,735,346","3,966,463,942",204.50,205.50,199.00,200.00,-3.50,"16,495",3037
111/06/08,"19,618,751","3,994,967,221",203.00,206.00,201.00,204.50,+4.50,"12,545",3037
111/06/09,"22,830,348","4,729,299,552",206.00,209.50,205.00,206.50,+2.00,"19,123",3037
111/06/10,"12,078,408","2,478,702,206",204.50,207.50,203.00,206.50, 0.00,"16,979",3037
111/06/13,"19,853,263","3,979,247,993",200.50,202.50,199.00,200.00,-6.50,"14,173",3037
111/06/14,"18,938,842","3,775,700,979",199.50,202.50,197.00,201.50,+1.50,"13,173",3037
111/06/15,"51,421,524","9,804,059,112",201.00,203.00,182.00,183.00,-18.50,"42,218",3037
111/06/16,"126,625,079","22,122,983,504",182.50,184.50,165.50,165.50,-17.50,"76,419",3037
111/06/17,"92,286,949","15,060,099,554",165.00,167.50,158.00,166.00,+0.50,"51,082",3037
111/06/20,"38,596,252","6,227,658,481",166.50,167.00,156.50,157.50,-8.50,"27,686",3037
111/06/21,"49,578,687","8,232,168,428",164.00,170.00,162.50,169.50,+12.00,"31,721",3037
111/06/22,"42,796,843","6,899,320,949",168.00,168.00,157.50,158.00,-11.50,"32,070",3037
111/06/23,"30,103,882","4,778,212,144",162.00,162.00,155.00,159.00,+1.00,"19,914",3037
111/06/24,"27,606,324","4,455,042,507",161.50,164.50,158.50,160.50,+1.50,"21,779",3037
111/06/27,"30,111,669","5,055,130,598",164.50,170.50,164.50,167.50,+7.00,"23,238",3037
111/06/28,"32,833,377","5,271,831,573",165.50,166.00,157.00,161.00,-6.50,"24,209",3037
111/06/29,"22,726,752","3,662,143,153",159.00,164.00,157.50,162.50,+1.50,"13,400",3037
111/06/30,"22,700,123","3,605,316,630",161.00,161.50,156.50,158.50,-4.00,"17,253",3037
111/07/01,"49,603,536","7,431,097,037",158.50,159.50,144.50,146.00,-12.50,"30,932",3037
111/07/04,"38,497,356","5,800,614,352",151.00,154.00,147.50,149.00,+3.00,"25,674",3037
111/07/05,"42,046,494","6,431,115,739",152.50,156.50,149.00,153.50,+4.50,"21,709",3037
111/07/06,"30,716,027","4,654,318,954",152.00,155.50,147.50,147.50,-6.00,"18,189",3037
111/07/07,"41,524,857","6,420,827,162",152.50,160.00,147.50,156.50,+9.00,"25,111",3037
111/07/08,"43,913,917","6,969,669,733",159.50,163.00,155.00,157.50,+1.00,"30,514",3037
111/07/11,"26,993,165","4,207,500,124",159.50,160.00,152.50,153.00,-4.50,"18,495",3037
111/07/12,"23,303,603","3,523,203,432",150.50,155.50,148.00,148.50,-4.50,"12,521",3037
111/07/13,"24,732,538","3,822,354,186",156.50,159.50,149.50,149.50,+1.00,"13,814",3037
111/07/14,"26,236,949","3,998,125,946",149.00,155.50,147.00,153.50,+4.00,"12,255",3037
111/07/15,"35,880,346","5,568,056,810",154.50,159.50,150.50,156.50,X0.00,"20,024",3037
111/07/18,"38,850,375","6,295,273,450",158.00,167.00,155.00,163.50,+7.00,"31,530",3037
111/07/19,"30,590,470","5,045,968,259",163.00,167.50,162.50,164.00,+0.50,"30,095",3037
111/07/20,"46,418,692","7,875,337,389",169.00,173.00,166.50,170.50,+6.50,"25,958",3037
111/07/21,"40,678,637","7,132,245,796",172.00,178.50,170.50,177.50,+7.00,"28,402",3037
111/07/22,"30,874,792","5,484,414,584",177.50,180.50,175.00,177.00,-0.50,"24,646",3037
111/07/25,"24,035,992","4,224,310,709",176.00,179.00,172.50,176.00,-1.00,"22,249",3037
111/07/26,"36,843,484","6,262,051,570",176.00,176.50,166.50,170.00,-6.00,"36,278",3037
111/07/27,"64,743,620","11,331,823,989",173.00,180.00,169.50,179.50,+9.50,"46,057",3037
111/07/28,"85,102,439","14,161,326,765",173.50,173.50,162.00,162.00,-17.50,"65,622",3037
111/07/29,"75,510,359","11,999,144,806",158.00,162.00,156.50,158.50,-3.50,"46,419",3037
111/08/01,"58,963,721","9,131,946,352",157.00,159.00,152.50,155.00,-3.50,"37,239",3037
111/08/02,"55,600,095","8,263,612,641",153.50,153.50,145.00,148.00,-7.00,"35,783",3037
111/08/03,"44,478,699","6,569,038,348",150.00,151.00,145.50,147.50,-0.50,"25,620",3037
111/08/04,"44,073,209","6,432,345,405",148.00,149.50,142.50,146.00,-1.50,"26,497",3037
111/08/05,"40,722,271","6,156,324,890",148.50,154.00,147.50,150.50,+4.50,"25,108",3037
111/08/08,"19,441,112","2,915,522,066",149.50,153.00,147.00,153.00,+2.50,"11,699",3037
111/08/09,"28,053,267","4,315,852,286",152.50,156.00,151.00,154.00,+1.00,"15,648",3037
111/08/10,"22,673,681","3,456,421,660",153.00,155.50,150.00,150.00,-4.00,"15,531",3037
111/08/11,"28,892,731","4,448,897,239",154.50,155.50,152.00,152.50,+2.50,"14,674",3037
111/08/12,"33,673,271","5,283,706,146",154.00,159.00,154.00,158.00,+5.50,"19,717",3037
111/08/15,"51,091,803","8,351,098,826",160.00,166.00,160.00,163.50,+5.50,"31,380",3037
111/08/16,"21,086,020","3,426,074,747",164.00,164.50,161.00,162.50,-1.00,"14,048",3037
111/08/17,"26,526,867","4,243,671,569",162.50,163.50,158.00,159.00,-3.50,"25,694",3037
111/08/18,"33,019,003","5,165,335,330",156.00,160.50,153.00,160.00,+1.00,"19,848",3037
111/08/19,"28,289,820","4,601,790,718",159.00,165.00,159.00,163.50,+3.50,"17,418",3037
111/08/22,"36,133,264","5,965,808,808",160.50,168.00,160.50,163.50, 0.00,"22,663",3037
111/08/23,"40,641,865","6,392,179,636",160.50,161.50,154.00,154.50,-9.00,"29,114",3037
111/08/24,"27,773,548","4,277,182,517",154.00,156.00,151.00,154.50, 0.00,"17,755",3037
111/08/25,"17,472,289","2,718,207,043",155.50,157.50,154.00,154.50, 0.00,"12,537",3037
111/08/26,"15,993,575","2,514,818,574",157.00,158.50,156.00,156.50,+2.00,"9,102",3037
111/08/29,"25,869,325","3,887,891,074",150.00,152.50,148.00,151.50,-5.00,"14,946",3037
111/08/30,"13,804,040","2,106,285,027",153.00,154.00,151.00,153.00,+1.50,"8,025",3037
111/08/31,"15,998,238","2,419,623,174",150.50,152.50,150.00,151.50,-1.50,"9,849",3037
111/09/01,"63,058,363","8,916,025,292",147.00,147.50,137.00,138.00,-13.50,"43,646",3037
111/09/02,"41,118,853","5,714,755,114",140.00,141.50,136.50,138.50,+0.50,"23,544",3037
111/09/05,"25,151,484","3,524,279,887",140.50,143.00,137.50,138.00,-0.50,"14,089",3037
111/09/06,"16,489,371","2,305,510,667",140.00,142.00,138.00,139.00,+1.00,"9,597",3037
111/09/07,"41,292,410","5,593,973,414",137.50,140.00,131.00,139.00, 0.00,"19,973",3037
111/09/08,"23,707,157","3,306,545,242",141.00,142.50,136.50,139.50,+0.50,"13,535",3037
111/09/12,"21,545,220","3,090,024,226",143.50,146.00,141.50,142.50,+3.00,"11,794",3037
111/09/13,"30,204,271","4,247,131,874",144.50,145.50,138.00,139.00,-3.50,"16,715",3037
111/09/14,"33,925,376","4,560,108,995",132.50,136.50,132.00,135.50,-3.50,"18,924",3037
111/09/15,"18,887,696","2,544,287,593",136.00,137.00,132.50,133.00,-2.50,"11,508",3037
111/09/16,"23,884,350","3,143,247,048",132.00,134.00,130.00,130.00,-3.00,"11,073",3037
111/09/19,"21,017,202","2,770,162,437",131.00,134.00,128.50,131.50,+1.50,"11,101",3037
111/09/20,"26,447,449","3,434,779,942",133.50,134.00,128.50,129.00,-2.50,"16,456",3037
111/09/21,"18,460,660","2,355,411,740",128.50,130.50,126.00,127.50,-1.50,"10,864",3037
111/09/22,"25,278,707","3,134,582,337",124.50,126.50,122.00,124.00,-3.50,"13,830",3037
111/09/23,"16,751,615","2,077,794,861",123.50,125.50,123.00,123.00,-1.00,"9,923",3037
111/09/26,"32,414,097","3,879,286,814",121.00,123.00,117.00,118.00,-5.00,"16,509",3037
111/09/27,"28,987,525","3,511,383,587",120.50,123.50,118.00,123.50,+5.50,"15,305",3037
111/09/28,"36,556,638","4,306,536,391",123.00,123.50,114.50,115.00,-8.50,"19,623",3037
111/09/29,"28,869,802","3,316,679,664",118.50,119.50,112.00,113.00,-2.00,"14,874",3037
111/09/30,"35,184,538","3,993,397,076",109.00,117.50,108.00,117.50,+4.50,"15,641",3037
111/10/03,"25,316,748","2,958,467,887",114.50,120.00,113.00,117.50, 0.00,"14,561",3037
111/10/04,"37,535,292","4,541,562,429",123.00,124.00,118.00,122.50,+5.00,"17,634",3037
111/10/05,"36,088,639","4,435,690,449",125.00,126.00,120.00,121.50,-1.00,"19,113",3037
111/10/06,"19,843,589","2,434,930,942",121.50,124.50,120.50,123.50,+2.00,"10,244",3037
111/10/07,"26,506,108","3,206,386,118",121.50,124.00,119.00,120.00,-3.50,"14,327",3037
111/10/11,"30,180,021","3,424,489,530",114.50,117.00,111.00,112.00,-8.00,"15,643",3037
111/10/12,"29,374,531","3,316,318,791",112.50,114.50,111.00,113.00,+1.00,"14,765",3037
111/10/13,"25,063,143","2,757,690,710",113.00,114.00,106.50,107.50,-5.50,"13,632",3037
111/10/14,"24,245,527","2,818,494,672",113.50,118.00,112.50,118.00,+10.50,"13,061",3037
111/10/17,"54,968,650","6,358,652,867",117.00,120.00,112.50,119.50,+1.50,"24,475",3037
111/10/18,"45,724,453","5,549,915,334",123.50,124.50,118.00,121.00,+1.50,"23,723",3037
111/10/19,"45,760,490","5,658,811,872",120.50,126.00,120.00,122.50,+1.50,"25,930",3037
111/10/20,"61,289,138","7,148,136,006",120.50,121.00,113.00,116.50,-6.00,"33,174",3037
111/10/21,"37,835,632","4,464,841,524",116.50,120.00,115.50,116.50, 0.00,"20,775",3037
111/10/24,"70,814,073","8,775,919,476",121.50,127.50,121.50,122.00,+5.50,"36,208",3037
111/10/25,"45,841,508","5,592,131,770",123.00,123.50,120.00,121.50,-0.50,"23,713",3037
111/10/26,"67,815,296","8,080,727,177",123.50,124.00,115.50,118.50,-3.00,"36,098",3037
111/10/27,"42,012,221","5,060,028,186",120.50,122.50,118.50,120.50,+2.00,"21,769",3037
111/10/28,"46,972,152","5,734,226,239",118.50,124.50,118.50,122.50,+2.00,"21,253",3037
111/10/31,"45,228,502","5,637,567,945",126.50,127.50,122.50,124.50,+2.00,"23,154",3037
111/11/01,"23,587,355","2,942,353,991",124.00,126.00,123.50,125.00,+0.50,"13,044",3037
111/11/02,"37,431,359","4,754,474,768",125.00,128.50,124.00,127.50,+2.50,"19,613",3037
111/11/03,"28,177,152","3,579,834,417",125.00,128.50,124.50,127.50, 0.00,"13,610",3037
111/11/04,"36,710,195","4,636,865,197",126.50,129.00,124.00,129.00,+1.50,"18,209",3037
111/11/07,"34,886,031","4,469,697,166",130.50,131.00,125.50,128.00,-1.00,"18,578",3037
111/11/08,"62,842,988","8,411,599,991",130.50,137.00,130.00,133.00,+5.00,"34,764",3037
111/11/09,"97,390,805","13,818,248,202",137.00,145.50,136.50,145.00,+12.00,"52,018",3037
111/11/10,"53,541,663","7,769,765,416",142.50,147.00,142.00,147.00,+2.00,"30,231",3037
111/11/11,"106,436,993","17,043,566,211",161.00,161.50,157.00,158.00,+11.00,"41,443",3037
111/11/14,"68,128,385","10,897,303,660",159.50,163.50,156.50,158.50,+0.50,"38,465",3037
111/11/15,"45,159,257","7,193,362,046",158.50,162.00,156.50,161.00,+2.50,"30,083",3037
111/11/16,"38,714,964","6,204,775,743",161.00,162.00,157.50,161.50,+0.50,"22,320",3037
111/11/17,"36,531,472","5,839,966,932",161.50,163.50,158.00,158.50,-3.00,"23,510",3037
111/11/18,"42,573,832","6,660,947,655",158.50,160.00,153.00,154.00,-4.50,"25,924",3037
111/11/21,"21,474,706","3,358,222,334",154.50,158.50,153.00,157.00,+3.00,"13,007",3037
111/11/22,"23,328,228","3,657,840,946",157.50,159.00,155.00,156.00,-1.00,"13,716",3037
111/11/23,"24,279,798","3,771,611,287",157.50,158.00,153.00,153.50,-2.50,"14,008",3037
111/11/24,"23,096,676","3,585,354,654",154.00,157.50,152.50,157.50,+4.00,"14,246",3037
111/11/25,"31,719,780","5,018,116,803",157.50,161.00,156.00,156.50,-1.00,"17,118",3037
111/11/28,"16,512,540","2,569,859,151",154.00,158.00,153.00,155.50,-1.00,"9,813",3037
111/11/29,"32,350,319","4,915,656,072",154.50,155.00,150.00,151.00,-4.50,"21,910",3037
111/11/30,"18,927,937","2,909,552,288",151.00,155.50,150.50,155.50,+4.50,"11,120",3037
111/12/01,"92,007,576","14,952,889,402",161.00,167.50,159.00,159.50,+4.00,"51,632",3037
111/12/02,"24,128,229","3,865,281,308",158.50,161.50,158.00,160.50,+1.00,"15,096",3037
111/12/05,"53,535,719","8,878,400,132",162.00,168.50,162.00,166.00,+5.50,"32,284",3037
111/12/06,"32,406,655","5,357,133,816",164.50,167.50,163.00,163.00,-3.00,"27,406",3037
111/12/07,"66,480,202","10,234,302,741",161.50,161.50,149.50,150.00,-13.00,"42,885",3037
111/12/08,"35,187,186","5,240,940,501",149.00,151.50,146.50,149.50,-0.50,"20,224",3037
111/12/09,"27,939,235","4,188,972,223",151.50,152.50,147.50,149.50, 0.00,"16,561",3037
111/12/12,"12,951,038","1,929,698,853",148.00,151.00,146.50,150.00,+0.50,"7,807",3037
111/12/13,"31,777,207","4,706,410,371",151.50,152.00,145.00,146.00,-4.00,"15,735",3037
111/12/14,"22,681,124","3,330,022,019",146.50,148.00,145.00,147.50,+1.50,"12,724",3037
111/12/15,"12,139,160","1,799,279,919",146.50,149.00,146.50,149.00,+1.50,"7,590",3037
111/12/16,"28,186,938","4,031,800,243",144.50,144.50,142.00,142.00,-7.00,"18,133",3037
111/12/19,"19,176,462","2,702,453,441",140.50,143.50,139.00,140.50,-1.50,"10,386",3037
111/12/20,"64,996,939","8,400,645,064",132.50,134.50,126.50,126.50,-14.00,"42,720",3037
111/12/21,"68,104,058","8,338,437,931",123.00,126.00,120.00,120.50,-6.00,"35,258",3037
111/12/22,"35,434,853","4,330,077,586",123.00,124.50,120.50,122.00,+1.50,"19,819",3037
111/12/23,"35,224,321","4,325,560,606",120.00,125.00,118.00,125.00,+3.00,"20,437",3037
111/12/26,"13,749,850","1,690,588,065",124.50,124.50,122.00,123.00,-2.00,"8,872",3037
111/12/27,"12,820,649","1,581,810,010",123.50,125.00,122.00,122.50,-0.50,"7,786",3037
111/12/28,"16,239,219","1,964,402,832",121.00,123.50,119.50,120.00,-2.50,"9,955",3037
111/12/29,"16,172,402","1,951,330,460",118.50,122.00,118.50,121.50,+1.50,"9,275",3037
111/12/30,"16,703,854","2,026,486,476",123.50,124.00,120.00,120.00,-1.50,"10,171",3037
112/01/03,"11,471,114","1,391,074,626",119.50,122.50,119.00,122.00,+2.00,"6,905",3037
112/01/04,"23,101,170","2,758,350,882",121.50,122.50,118.00,120.00,-2.00,"15,416",3037
112/01/05,"24,089,852","2,875,686,036",120.50,122.00,117.50,119.00,-1.00,"14,369",3037
112/01/06,"26,640,579","3,247,265,223",119.00,124.00,118.50,123.00,+4.00,"15,482",3037
112/01/09,"31,998,441","4,034,205,831",125.00,127.50,124.00,127.50,+4.50,"18,434",3037
112/01/10,"16,631,624","2,097,972,406",126.00,127.00,125.00,126.50,-1.00,"9,883",3037
112/01/11,"13,343,594","1,700,714,296",127.00,128.50,126.00,128.00,+1.50,"8,501",3037
112/01/12,"17,048,328","2,156,185,382",128.50,129.00,125.00,125.00,-3.00,"10,135",3037
112/01/13,"29,226,567","3,728,307,867",127.00,130.00,125.50,126.00,+1.00,"17,375",3037
112/01/16,"26,225,351","3,384,549,078",126.00,131.00,126.00,128.00,+2.00,"16,285",3037
112/01/17,"18,085,899","2,296,831,167",128.00,128.50,126.00,127.00,-1.00,"12,096",3037
112/01/30,"43,181,475","5,754,737,832",131.00,136.00,129.00,136.00,+9.00,"24,724",3037
112/01/31,"24,953,006","3,402,241,730",135.50,138.00,135.00,136.50,+0.50,"14,451",3037
112/02/01,"35,751,997","5,032,400,874",139.00,142.50,138.00,141.50,+5.00,"20,883",3037
112/02/02,"40,037,391","5,720,570,224",144.00,145.00,140.50,143.50,+2.00,"20,189",3037
112/02/03,"32,488,040","4,537,502,077",143.00,143.00,136.50,137.00,-6.50,"21,030",3037
112/02/06,"32,183,965","4,196,921,692",132.50,133.00,129.00,129.00,-8.00,"22,482",3037
112/02/07,"21,779,279","2,830,720,283",128.50,131.50,128.50,130.00,+1.00,"12,706",3037
112/02/08,"18,094,327","2,370,946,655",131.50,132.00,130.00,131.50,+1.50,"11,829",3037
112/02/09,"16,136,503","2,131,653,609",130.50,133.00,130.00,132.50,+1.00,"9,404",3037
112/02/10,"17,324,690","2,255,123,470",132.00,132.50,129.00,129.00,-3.50,"11,399",3037
112/02/13,"9,258,396","1,193,389,097",129.00,130.50,128.00,128.50,-0.50,"6,524",3037
112/02/14,"15,927,555","2,095,339,825",130.50,133.00,130.00,131.50,+3.00,"9,944",3037
112/02/15,"28,379,119","3,814,977,172",131.00,137.50,130.50,137.50,+6.00,"18,268",3037
112/02/16,"34,635,533","4,785,113,570",139.50,140.50,135.50,138.50,+1.00,"21,627",3037
112/02/17,"19,483,745","2,654,980,784",136.50,138.00,135.00,136.00,-2.50,"11,572",3037
112/02/20,"11,724,345","1,606,472,445",137.00,138.50,136.00,136.50,+0.50,"7,882",3037
112/02/21,"14,877,279","2,035,759,673",137.00,138.50,135.00,137.50,+1.00,"9,987",3037
112/02/22,"27,076,853","3,636,705,253",135.00,136.00,133.50,133.50,-4.00,"18,518",3037
112/02/23,"25,471,038","3,413,583,017",133.00,135.50,133.00,134.00,+0.50,"15,533",3037
112/02/24,"50,247,832","6,500,861,610",133.00,133.50,128.00,128.00,-6.00,"36,348",3037
112/03/01,"32,915,316","4,243,973,647",126.00,131.50,124.00,131.50,+3.50,"17,543",3037
112/03/02,"26,518,986","3,482,590,307",130.00,135.00,129.00,134.00,+2.50,"14,809",3037
112/03/03,"43,647,690","5,986,220,068",136.00,139.50,135.50,136.50,+2.50,"28,446",3037
112/03/06,"22,111,957","3,057,993,789",139.00,139.50,137.00,138.50,+2.00,"13,640",3037
112/03/07,"17,618,847","2,398,856,116",138.00,138.00,135.00,136.50,-2.00,"12,290",3037
112/03/08,"20,125,450","2,755,622,061",135.00,138.50,134.00,137.00,+0.50,"11,009",3037
112/03/09,"20,469,765","2,801,354,716",138.50,138.50,135.50,136.00,-1.00,"11,827",3037
112/03/10,"20,235,055","2,691,261,061",134.00,135.50,131.00,131.50,-4.50,"14,860",3037
112/03/13,"17,671,130","2,325,179,788",130.00,134.00,129.00,133.50,+2.00,"10,615",3037
112/03/14,"14,530,118","1,906,254,042",131.00,133.00,130.00,130.50,-3.00,"9,393",3037
112/03/15,"9,348,109","1,234,072,325",132.50,133.00,131.00,131.00,+0.50,"6,753",3037
112/03/16,"11,662,400","1,519,962,094",130.50,132.00,129.00,129.50,-1.50,"8,473",3037
112/03/17,"15,386,124","2,042,705,388",131.50,134.00,131.00,134.00,+4.50,"7,407",3037
112/03/20,"14,501,789","1,958,924,043",134.50,136.00,133.50,135.50,+1.50,"9,538",3037
112/03/21,"30,443,954","4,207,855,696",137.00,139.50,136.00,138.50,+3.00,"18,932",3037
112/03/22,"32,564,239","4,601,035,359",141.00,143.00,139.50,140.00,+1.50,"21,813",3037
112/03/23,"42,478,671","6,093,359,142",140.00,146.00,139.00,146.00,+6.00,"27,711",3037
112/03/24,"56,380,224","8,389,428,830",149.00,151.00,146.50,148.00,+2.00,"35,424",3037
112/03/27,"27,097,680","3,962,696,373",149.00,149.50,144.00,145.50,-2.50,"18,964",3037
112/03/28,"43,994,366","6,182,402,835",145.00,145.50,138.00,138.50,-7.00,"27,726",3037
112/03/29,"16,463,572","2,313,788,328",139.50,142.00,139.50,140.50,+2.00,"11,534",3037
112/03/30,"44,885,160","6,586,182,160",143.50,148.50,143.00,147.50,+7.00,"28,961",3037
112/03/31,"34,816,965","5,178,281,557",149.00,151.00,147.00,147.50, 0.00,"20,792",3037
112/04/06,"20,838,541","2,994,073,860",145.50,146.00,142.00,144.00,-3.50,"14,480",3037
112/04/07,"10,989,646","1,591,612,979",145.00,146.00,144.00,144.50,+0.50,"7,255",3037
112/04/10,"7,736,579","1,116,921,909",144.50,145.50,143.00,144.50, 0.00,"5,564",3037
112/04/11,"11,189,512","1,615,637,248",145.00,146.00,143.00,143.00,-1.50,"7,931",3037
112/04/12,"13,408,173","1,904,664,601",144.00,144.00,141.00,142.00,-1.00,"9,632",3037
112/04/13,"18,223,957","2,552,089,208",141.00,142.50,139.00,139.50,-2.50,"13,446",3037
112/04/14,"11,189,595","1,559,981,636",141.00,141.00,138.50,139.00,-0.50,"8,538",3037
112/04/17,"11,789,493","1,636,549,086",139.00,140.00,137.00,139.00, 0.00,"8,747",3037
112/04/18,"15,503,960","2,131,932,943",139.50,140.00,136.00,136.50,-2.50,"12,362",3037
112/04/19,"22,654,980","3,036,218,043",136.00,136.50,132.00,132.50,-4.00,"18,351",3037
112/04/20,"21,483,855","2,906,363,106",131.50,137.50,131.50,135.50,+3.00,"13,647",3037
112/04/21,"22,921,703","3,143,725,411",136.00,139.00,135.50,136.50,+1.00,"15,044",3037
112/04/24,"17,762,119","2,456,559,177",136.00,139.50,135.50,139.50,+3.00,"11,283",3037
112/04/25,"26,407,417","3,629,862,518",140.50,141.50,135.00,135.00,-4.50,"16,023",3037
112/04/26,"37,295,764","5,149,974,064",133.50,140.50,133.50,139.00,+4.00,"22,001",3037
112/04/27,"21,899,467","2,991,675,545",137.50,138.50,135.00,136.50,-2.50,"13,434",3037
112/04/28,"60,170,857","8,655,997,941",140.50,146.00,140.00,145.00,+8.50,"34,898",3037
112/05/02,"40,388,802","5,872,040,937",144.00,148.50,142.50,143.50,-1.50,"30,292",3037
112/05/03,"32,763,115","4,780,680,511",143.00,148.00,141.50,147.00,+3.50,"19,535",3037
112/05/04,"29,408,649","4,325,293,891",146.00,148.50,144.00,148.50,+1.50,"19,121",3037
112/05/05,"42,508,290","6,426,322,300",147.50,153.00,147.00,152.50,+4.00,"28,769",3037
112/05/08,"65,659,935","10,506,231,895",158.00,162.00,157.00,161.00,+8.50,"39,266",3037
112/05/09,"33,185,695","5,296,098,758",161.50,162.00,157.00,160.50,-0.50,"23,658",3037
112/05/10,"21,744,933","3,427,687,428",159.00,159.50,155.50,158.00,-2.50,"17,191",3037
112/05/11,"22,690,723","3,580,555,913",159.00,161.00,156.00,156.00,-2.00,"17,740",3037
112/05/12,"26,970,485","4,254,381,427",155.50,160.50,154.00,160.00,+4.00,"17,901",3037
112/05/15,"17,746,921","2,796,172,520",158.50,159.50,156.00,156.00,-4.00,"13,147",3037
112/05/16,"26,735,418","4,290,867,244",158.50,162.00,158.00,161.00,+5.00,"16,171",3037
112/05/17,"44,718,152","7,350,011,695",161.00,166.50,160.50,165.00,+4.00,"28,521",3037
112/05/18,"43,513,728","7,347,742,844",169.50,171.50,166.50,167.50,+2.50,"29,878",3037
112/05/19,"25,978,866","4,371,935,807",169.50,170.00,166.00,170.00,+2.50,"23,502",3037
112/05/22,"40,936,004","6,669,559,821",168.50,168.50,160.50,161.00,-9.00,"37,213",3037
112/05/23,"30,372,941","5,023,626,065",163.50,167.00,162.50,167.00,+6.00,"18,851",3037
112/05/24,"18,797,075","3,127,050,235",166.00,168.50,164.00,167.50,+0.50,"15,575",3037
112/05/25,"77,703,032","13,813,789,815",175.00,183.50,172.00,180.50,+13.00,"46,773",3037
112/05/26,"56,200,678","10,542,598,652",190.00,193.00,182.00,185.50,+5.00,"50,976",3037
112/05/29,"47,420,338","8,696,242,065",189.00,190.00,179.50,182.50,-3.00,"46,257",3037
112/05/30,"26,880,218","4,831,031,628",181.50,182.00,178.00,180.00,-2.50,"21,358",3037
112/05/31,"34,483,316","6,220,931,518",181.50,183.50,178.50,180.50,+0.50,"17,496",3037
112/06/01,"20,647,240","3,726,361,688",178.50,182.50,178.00,181.00,+0.50,"11,462",3037
112/06/02,"24,032,856","4,378,914,725",182.00,184.00,180.00,182.00,+1.00,"15,376",3037
112/06/05,"21,131,486","3,840,311,181",182.00,184.50,179.50,181.00,-1.00,"13,314",3037
112/06/06,"20,515,391","3,662,883,727",183.00,183.00,176.00,177.00,-4.00,"17,077",3037
112/06/07,"32,379,093","5,672,387,744",176.00,179.00,173.50,176.00,-1.00,"21,178",3037
112/06/08,"54,272,756","9,156,113,716",174.00,174.00,165.50,167.00,-9.00,"41,385",3037
112/06/09,"27,924,895","4,728,579,147",164.50,172.00,164.50,171.50,+4.50,"18,712",3037
112/06/12,"20,002,926","3,437,798,272",171.50,174.50,168.00,172.50,+1.00,"17,212",3037
112/06/13,"37,124,818","6,634,911,239",174.50,181.00,174.50,180.00,+7.50,"25,067",3037
112/06/14,"18,705,098","3,360,222,266",179.50,181.00,177.00,180.50,+0.50,"20,202",3037
112/06/15,"29,464,168","5,437,047,013",181.50,186.50,180.50,186.50,+6.00,"23,344",3037
112/06/16,"26,681,270","5,000,722,703",186.00,189.50,183.50,189.50,+3.00,"22,603",3037
112/06/19,"16,652,000","3,120,699,424",189.00,190.50,185.00,185.50,-4.00,"22,401",3037
112/06/20,"21,360,189","3,982,633,116",186.00,188.50,183.00,188.50,+3.00,"14,179",3037
112/06/21,"14,466,201","2,711,578,969",188.50,190.00,186.50,187.00,-1.50,"10,754",3037
112/06/26,"19,934,467","3,611,935,089",181.50,184.00,179.50,180.00,-7.00,"38,773",3037
112/06/27,"21,831,011","3,868,613,027",178.50,181.00,174.00,177.00,-3.00,"14,221",3037
112/06/28,"18,236,753","3,186,199,694",179.00,180.50,172.00,173.00,-4.00,"14,857",3037
112/06/29,"15,191,663","2,647,112,646",174.50,176.50,172.00,174.00,+1.00,"10,399",3037
112/06/30,"12,395,912","2,157,283,766",173.00,176.00,171.00,176.00,+2.00,"7,403",3037
112/07/03,"17,003,405","3,033,450,458",177.50,181.00,173.50,179.50,+3.50,"11,336",3037
112/07/04,"13,063,588","2,335,819,103",179.50,180.50,176.50,180.00,+0.50,"9,235",3037
112/07/05,"21,064,725","3,804,245,873",180.00,184.50,177.00,178.00,-2.00,"14,489",3037
112/07/06,"34,382,340","5,892,020,058",175.00,175.50,168.00,169.00,-9.00,"29,911",3037
112/07/07,"21,214,744","3,584,887,168",168.00,172.00,166.50,170.00,+1.00,"14,888",3037
112/07/10,"12,532,614","2,117,722,777",171.50,172.00,167.00,167.00,-3.00,"9,283",3037
112/07/11,"11,280,445","1,913,110,278",169.00,171.00,168.50,169.00,+2.00,"7,251",3037
112/07/12,"23,527,395","4,014,659,585",170.50,171.50,168.50,171.00,+2.00,"12,225",3037
112/07/13,"60,499,951","10,530,429,294",168.00,179.00,168.00,175.50,X0.00,"33,834",3037
112/07/14,"57,474,832","10,659,528,133",185.00,188.50,181.00,187.00,+11.50,"37,721",3037
112/07/17,"37,582,146","6,959,222,251",189.00,191.00,182.00,182.00,-5.00,"51,676",3037
112/07/18,"92,145,431","17,848,816,430",184.00,200.00,183.00,200.00,+18.00,"64,744",3037
112/07/19,"97,121,697","19,714,844,981",206.00,208.00,197.00,203.00,+3.00,"67,104",3037
112/07/20,"48,554,009","9,690,091,066",203.00,205.50,195.00,196.50,-6.50,"37,922",3037
112/07/21,"41,209,005","7,859,232,153",189.50,193.50,188.00,190.50,-6.00,"34,233",3037
112/07/24,"46,989,376","9,296,341,400",192.00,201.50,190.50,199.50,+9.00,"34,285",3037
112/07/25,"74,145,236","14,952,789,059",202.50,208.00,195.00,195.50,-4.00,"52,033",3037
112/07/26,"60,888,446","12,197,980,079",200.00,204.50,195.50,197.50,+2.00,"41,909",3037
112/07/27,"50,246,010","9,644,690,170",190.00,196.50,189.50,190.50,-7.00,"44,773",3037
112/07/28,"30,428,913","5,791,407,212",191.50,193.00,188.00,191.00,+0.50,"28,693",3037
112/07/31,"32,636,315","6,110,139,181",193.00,194.00,183.50,184.50,-6.50,"25,880",3037
112/08/01,"17,729,209","3,301,759,417",186.00,189.50,184.50,186.00,+1.50,"12,316",3037
112/08/02,"43,572,876","7,977,118,930",186.00,191.00,177.00,180.00,-6.00,"30,990",3037
112/08/04,"25,448,365","4,496,157,691",177.00,179.50,174.00,177.50,-2.50,"17,064",3037
112/08/07,"17,449,221","3,141,084,776",178.50,182.50,176.50,182.00,+4.50,"11,214",3037
112/08/08,"17,637,278","3,160,357,817",183.00,183.50,177.00,178.50,-3.50,"11,528",3037
112/08/09,"32,276,441","5,961,655,992",179.50,187.50,179.00,184.00,+5.50,"20,909",3037
112/08/10,"22,522,840","4,026,064,883",181.50,182.50,175.00,177.00,-7.00,"31,221",3037
112/08/11,"14,513,277","2,559,595,914",179.50,180.00,174.00,174.50,-2.50,"11,290",3037
112/08/14,"16,199,171","2,756,272,220",173.00,173.50,167.50,170.50,-4.00,"13,594",3037
112/08/15,"15,112,471","2,653,233,922",175.00,177.50,173.50,175.50,+5.00,"10,973",3037
112/08/16,"21,851,738","3,893,594,944",176.00,180.50,175.00,178.00,+2.50,"16,379",3037
112/08/17,"18,171,534","3,250,309,006",178.00,181.00,176.00,180.50,+2.50,"14,015",3037
112/08/18,"13,375,297","2,359,119,565",179.50,180.50,173.00,174.50,-6.00,"12,021",3037
112/08/21,"8,745,932","1,520,187,853",174.50,177.00,172.50,172.50,-2.00,"6,546",3037
112/08/22,"16,823,993","2,927,637,126",174.00,177.00,170.00,176.00,+3.50,"11,863",3037
112/08/23,"12,258,623","2,159,547,489",176.00,177.50,174.50,177.00,+1.00,"8,438",3037
112/08/24,"50,438,808","9,389,233,697",183.00,191.50,180.00,189.00,+12.00,"35,144",3037
112/08/25,"30,569,229","5,550,539,590",185.00,185.50,179.00,179.50,-9.50,"28,044",3037
112/08/28,"14,105,586","2,507,523,068",181.00,181.50,176.00,176.00,-3.50,"10,810",3037
112/08/29,"28,205,559","5,169,621,969",179.50,186.50,179.00,184.00,+8.00,"20,555",3037
112/08/30,"18,126,748","3,358,479,744",187.00,188.00,183.00,184.00, 0.00,"21,119",3037
112/08/31,"14,308,414","2,650,154,622",184.50,186.50,182.50,185.50,+1.50,"12,024",3037
112/09/01,"11,009,899","2,019,618,782",186.50,187.00,182.00,182.00,-3.50,"9,029",3037
112/09/04,"10,602,840","1,947,844,545",184.00,185.00,181.00,185.00,+3.00,"7,152",3037
112/09/05,"10,147,400","1,881,792,882",184.50,186.50,183.00,186.50,+1.50,"7,141",3037
112/09/06,"10,698,559","1,990,046,593",187.50,188.00,184.50,187.00,+0.50,"8,376",3037
112/09/07,"7,586,057","1,404,273,821",185.50,186.50,184.00,184.50,-2.50,"6,134",3037
112/09/08,"8,878,149","1,614,987,509",183.50,183.50,180.50,181.00,-3.50,"7,643",3037
112/09/11,"9,966,145","1,807,159,933",182.00,183.50,179.50,179.50,-1.50,"7,986",3037
112/09/12,"13,622,138","2,492,545,240",180.50,186.00,177.50,185.00,+5.50,"12,624",3037
112/09/13,"12,895,252","2,361,526,183",186.00,186.50,181.00,181.50,-3.50,"11,601",3037
112/09/14,"14,608,398","2,715,872,606",183.50,188.00,183.00,186.00,+4.50,"10,114",3037
112/09/15,"35,666,576","6,750,901,344",186.50,191.50,186.50,190.50,+4.50,"25,493",3037
112/09/18,"19,375,861","3,603,692,617",188.00,189.50,184.00,184.50,-6.00,"19,494",3037
112/09/19,"26,096,584","4,915,914,370",184.50,191.00,184.00,188.50,+4.00,"17,587",3037
112/09/20,"21,114,147","3,916,339,302",189.00,189.00,183.00,183.50,-5.00,"20,854",3037
112/09/21,"14,722,698","2,663,529,854",182.50,182.50,180.00,180.50,-3.00,"12,273",3037
112/09/22,"20,052,043","3,563,984,755",177.50,181.00,175.00,181.00,+0.50,"15,276",3037
112/09/25,"13,238,100","2,362,009,128",179.50,180.50,177.00,178.50,-2.50,"10,116",3037
112/09/26,"8,917,521","1,582,030,079",178.00,180.00,176.00,176.00,-2.50,"7,310",3037
112/09/27,"15,876,664","2,755,580,571",174.00,175.50,172.50,173.50,-2.50,"12,188",3037
112/09/28,"15,126,355","2,637,042,027",174.50,177.00,173.00,173.50, 0.00,"8,820",3037
112/10/02,"16,207,443","2,895,593,697",175.50,180.50,175.00,178.50,+5.00,"10,192",3037
112/10/03,"9,054,034","1,606,609,826",178.00,180.00,175.50,175.50,-3.00,"9,803",3037
112/10/04,"10,699,159","1,853,440,966",173.50,174.50,172.00,174.00,-1.50,"8,123",3037
112/10/05,"10,518,224","1,823,433,202",175.50,175.50,172.50,172.50,-1.50,"8,967",3037
112/10/06,"9,782,239","1,683,187,301",174.00,174.00,171.00,172.50, 0.00,"8,267",3037
112/10/11,"21,771,996","3,771,443,810",174.00,177.50,171.00,171.50,-1.00,"12,692",3037
112/10/12,"10,593,814","1,818,846,456",172.50,173.00,170.50,171.50, 0.00,"8,734",3037
112/10/13,"14,342,570","2,430,792,254",171.00,171.50,168.00,169.00,-2.50,"12,730",3037
112/10/16,"20,908,824","3,436,361,701",167.50,168.00,162.00,164.50,-4.50,"16,641",3037
112/10/17,"13,419,112","2,254,485,082",167.50,170.00,166.00,166.50,+2.00,"9,692",3037
112/10/18,"20,955,512","3,381,998,937",165.50,166.00,159.50,160.00,-6.50,"14,598",3037
112/10/19,"14,288,296","2,277,554,715",157.50,161.50,156.00,160.00, 0.00,"9,263",3037
112/10/20,"11,634,691","1,839,419,056",157.50,161.00,155.50,161.00,+1.00,"9,063",3037
112/10/23,"8,938,001","1,429,464,459",158.50,162.50,158.50,158.50,-2.50,"6,232",3037
112/10/24,"24,650,279","3,819,986,150",157.50,157.50,152.00,157.00,-1.50,"17,153",3037
112/10/25,"14,277,867","2,263,521,447",159.00,161.50,156.50,157.00, 0.00,"9,586",3037
112/10/26,"30,317,210","4,556,316,613",152.50,154.00,148.00,149.00,-8.00,"20,493",3037
112/10/27,"24,471,368","3,638,425,057",150.50,152.00,146.50,147.00,-2.00,"12,921",3037
112/10/30,"14,694,342","2,149,291,317",146.50,149.00,145.00,145.50,-1.50,"9,819",3037
112/10/31,"13,317,456","1,930,750,840",147.00,148.00,143.00,143.00,-2.50,"8,971",3037
112/11/01,"9,639,032","1,388,729,204",144.50,146.50,142.00,144.50,+1.50,"6,730",3037
112/11/02,"17,285,483","2,584,728,303",147.00,151.00,147.00,151.00,+6.50,"10,465",3037
112/11/03,"18,386,764","2,831,680,639",152.00,156.00,151.00,155.50,+4.50,"11,692",3037
112/11/06,"10,811,875","1,702,050,123",157.00,159.00,155.00,158.00,+2.50,"7,747",3037
112/11/07,"10,586,091","1,634,841,418",156.50,157.00,153.00,153.50,-4.50,"8,373",3037
112/11/08,"9,345,000","1,443,651,320",153.50,156.00,153.00,154.50,+1.00,"6,425",3037
112/11/09,"7,868,155","1,206,852,694",154.50,155.00,152.00,154.50, 0.00,"5,390",3037
112/11/10,"13,158,509","1,982,092,680",152.50,152.50,149.50,151.00,-3.50,"7,852",3037
112/11/13,"14,349,072","2,234,171,517",153.50,157.50,153.00,156.00,+5.00,"9,206",3037
112/11/14,"10,822,414","1,659,903,074",155.00,156.00,152.00,153.00,-3.00,"7,170",3037
112/11/15,"15,819,172","2,458,892,936",156.50,157.50,154.00,154.50,+1.50,"8,920",3037
112/11/16,"9,759,640","1,511,229,816",156.00,157.50,153.50,155.00,+0.50,"5,240",3037
112/11/17,"15,207,587","2,401,319,819",156.00,159.50,155.50,159.00,+4.00,"10,388",3037
112/11/20,"18,008,723","2,898,787,166",159.00,163.00,158.50,160.00,+1.00,"10,868",3037
112/11/21,"36,285,578","6,075,541,560",163.00,169.50,162.50,168.50,+8.50,"23,389",3037
112/11/22,"25,515,667","4,337,074,789",167.50,172.00,165.50,171.00,+2.50,"17,552",3037
112/11/23,"14,616,776","2,464,211,696",171.00,171.50,167.00,168.00,-3.00,"13,217",3037
112/11/24,"7,930,327","1,327,688,702",168.00,169.50,166.50,167.00,-1.00,"5,729",3037
112/11/27,"7,345,933","1,217,046,911",168.00,168.50,164.50,164.50,-2.50,"5,924",3037
112/11/28,"16,163,333","2,734,210,424",166.00,171.00,164.50,170.00,+5.50,"12,257",3037
112/11/29,"21,887,517","3,805,541,353",171.50,175.50,170.00,175.00,+5.00,"23,166",3037
112/11/30,"19,955,801","3,504,076,921",176.50,177.00,173.00,177.00,+2.00,"11,410",3037
112/12/01,"12,617,170","2,223,915,125",174.50,178.00,174.00,176.00,-1.00,"9,102",3037
112/12/04,"10,883,858","1,910,587,872",176.00,177.50,173.00,177.00,+1.00,"9,894",3037
112/12/05,"15,262,990","2,643,962,555",175.00,176.00,171.50,171.50,-5.50,"10,261",3037
112/12/06,"7,225,525","1,236,638,234",172.50,173.00,170.00,170.00,-1.50,"5,874",3037
112/12/07,"5,937,548","1,010,227,174",170.00,172.50,168.50,168.50,-1.50,"4,533",3037
112/12/08,"9,656,174","1,677,096,687",171.50,175.00,171.50,174.50,+6.00,"7,414",3037
112/12/11,"27,852,654","4,993,332,521",181.50,182.00,176.50,178.00,+3.50,"18,367",3037
112/12/12,"12,921,296","2,293,459,679",179.50,180.00,175.50,176.00,-2.00,"19,921",3037
112/12/13,"7,579,040","1,337,999,426",176.50,178.00,175.00,177.00,+1.00,"5,013",3037
112/12/14,"17,287,318","3,103,007,138",177.50,180.50,177.00,180.50,+3.50,"11,556",3037
112/12/15,"23,727,794","4,310,292,326",183.00,183.00,179.00,182.00,+1.50,"14,783",3037
112/12/18,"14,087,305","2,507,462,593",182.00,182.50,176.00,176.00,-6.00,"9,574",3037
112/12/19,"10,653,632","1,866,418,141",176.50,178.00,173.50,174.50,-1.50,"6,707",3037
112/12/20,"12,609,492","2,198,362,470",174.50,177.00,173.00,173.00,-1.50,"8,331",3037
112/12/21,"16,808,474","2,980,543,652",170.50,180.00,170.50,179.00,+6.00,"11,051",3037
112/12/22,"9,369,791","1,653,095,057",178.00,179.00,175.00,175.00,-4.00,"9,894",3037
112/12/25,"4,296,239","756,810,985",175.50,177.50,174.50,175.00, 0.00,"2,824",3037
112/12/26,"7,210,903","1,279,503,842",176.00,178.50,175.00,177.50,+2.50,"4,458",3037
112/12/27,"5,558,936","989,617,908",177.50,179.00,177.00,178.00,+0.50,"3,726",3037
112/12/28,"4,981,720","878,565,515",178.50,179.00,175.50,175.50,-2.50,"4,389",3037
112/12/29,"6,756,637","1,186,254,435",175.50,176.50,174.00,176.00,+0.50,"4,060",3037
113/01/02,"9,013,542","1,566,161,139",176.00,177.00,172.00,173.00,-3.00,"6,287",3037
113/01/03,"11,153,830","1,894,368,716",171.00,171.50,168.00,170.00,-3.00,"9,184",3037
113/01/04,"13,673,171","2,272,767,932",169.50,170.00,164.00,164.50,-5.50,"12,444",3037
113/01/05,"16,668,127","2,699,795,776",163.50,164.50,160.00,160.00,-4.50,"12,861",3037
113/01/08,"5,854,776","947,430,005",160.50,163.50,160.50,161.00,+1.00,"4,993",3037
113/01/09,"10,107,950","1,652,530,279",162.50,166.00,161.50,162.50,+1.50,"6,122",3037
113/01/10,"12,740,176","2,056,409,338",162.00,163.50,160.00,162.50, 0.00,"5,626",3037
113/01/11,"9,845,657","1,587,326,785",163.00,163.50,160.00,160.50,-2.00,"6,815",3037
113/01/12,"8,960,393","1,430,755,160",160.50,161.50,158.50,159.00,-1.50,"7,098",3037
113/01/15,"10,172,949","1,623,159,841",160.50,161.50,157.00,159.50,+0.50,"7,004",3037
113/01/16,"7,822,434","1,262,250,567",159.00,163.00,158.50,162.00,+2.50,"5,449",3037
113/01/17,"12,869,384","2,055,233,272",161.00,162.50,158.50,158.50,-3.50,"7,189",3037
113/01/18,"10,629,094","1,672,907,778",159.50,160.00,155.50,157.00,-1.50,"6,103",3037
113/01/19,"24,771,545","4,113,768,659",160.00,169.50,160.00,169.50,+12.50,"16,328",3037
113/01/22,"22,326,058","3,873,735,437",172.50,175.00,171.50,175.00,+5.50,"18,453",3037
113/01/23,"13,715,791","2,372,630,763",175.00,175.50,171.00,174.50,-0.50,"15,722",3037
113/01/24,"19,091,021","3,257,623,724",173.00,173.00,169.00,169.50,-5.00,"12,664",3037
113/01/25,"31,784,360","5,559,902,734",174.00,176.50,173.00,175.50,+6.00,"19,353",3037
113/01/26,"16,660,862","2,880,465,850",175.00,175.50,171.50,171.50,-4.00,"15,315",3037
113/01/29,"21,122,300","3,738,463,145",172.00,178.50,171.50,178.00,+6.50,"15,082",3037
113/01/30,"14,695,174","2,624,581,729",180.00,180.50,177.00,178.00, 0.00,"13,464",3037
113/01/31,"8,167,384","1,440,925,454",177.00,178.00,175.50,176.00,-2.00,"6,110",3037
113/02/01,"7,836,487","1,381,760,655",175.00,177.50,174.50,177.50,+1.50,"4,718",3037
113/02/02,"10,036,500","1,799,380,246",178.50,180.00,177.50,180.00,+2.50,"7,545",3037
113/02/05,"8,801,528","1,557,024,750",179.00,179.50,176.00,176.50,-3.50,"7,403",3037
113/02/15,"14,862,958","2,669,432,067",183.00,183.00,176.00,180.50,+4.00,"10,858",3037
113/02/16,"10,622,840","1,928,013,342",182.00,183.00,180.00,182.00,+1.50,"7,421",3037
113/02/19,"46,875,252","8,943,374,444",183.00,195.50,181.50,192.50,+10.50,"36,562",3037
113/02/20,"23,405,199","4,453,539,785",193.50,193.50,188.00,190.50,-2.00,"36,736",3037
113/02/21,"14,128,082","2,684,236,508",191.00,192.50,188.00,189.50,-1.00,"13,369",3037
113/02/22,"15,943,782","3,006,732,542",192.50,193.50,186.00,189.00,-0.50,"12,944",3037
113/02/23,"16,253,709","3,081,296,319",191.00,192.50,187.00,188.00,-1.00,"11,310",3037
113/02/26,"38,275,984","7,431,443,038",189.00,196.50,188.50,196.00,+8.00,"26,284",3037
113/02/27,"66,445,709","12,117,263,922",191.50,191.50,177.00,179.00,-17.00,"55,989",3037
113/02/29,"30,093,048","5,310,612,630",175.00,179.50,172.50,179.50,+0.50,"18,860",3037
113/03/01,"10,886,995","1,947,992,858",179.50,181.00,177.50,178.00,-1.50,"8,758",3037
113/03/04,"10,036,591","1,816,141,868",180.00,182.00,179.50,180.50,+2.50,"7,731",3037
113/03/05,"8,770,394","1,575,075,988",182.00,183.50,178.00,178.00,-2.50,"10,117",3037
113/03/06,"16,762,450","2,919,734,791",175.00,176.00,173.00,174.00,-4.00,"16,222",3037
113/03/07,"14,873,677","2,585,831,603",175.00,176.00,172.50,172.50,-1.50,"9,970",3037
113/03/08,"16,563,951","2,882,177,347",173.00,177.00,171.50,173.50,+1.00,"11,498",3037
113/03/11,"10,271,837","1,806,996,828",172.50,178.00,172.50,177.00,+3.50,"7,382",3037
113/03/12,"15,583,300","2,818,068,426",177.00,182.00,177.00,182.00,+5.00,"11,592",3037
113/03/13,"11,377,597","2,041,697,296",183.50,184.00,177.00,177.50,-4.50,"9,298",3037
113/03/14,"8,823,809","1,576,260,826",177.50,181.00,176.00,177.50, 0.00,"6,070",3037
113/03/15,"16,935,361","2,938,502,763",176.00,177.50,172.00,172.00,-5.50,"10,347",3037
113/03/18,"36,261,881","6,661,395,876",174.50,187.50,174.50,187.00,+15.00,"25,959",3037
113/03/19,"42,743,307","8,213,290,687",189.00,194.50,187.00,192.50,+5.50,"45,136",3037
113/03/20,"39,497,945","7,748,448,519",194.50,199.00,193.00,196.50,+4.00,"29,330",3037
113/03/21,"34,134,378","6,855,111,703",199.50,204.00,198.00,200.00,+3.50,"40,996",3037
113/03/22,"18,315,746","3,625,587,499",200.00,200.50,195.00,200.00, 0.00,"25,470",3037
113/03/25,"11,699,499","2,313,620,954",199.50,199.50,195.00,198.00,-2.00,"18,259",3037
113/03/26,"24,935,395","4,853,657,026",200.00,203.00,189.50,190.00,-8.00,"26,074",3037
113/03/27,"11,972,341","2,285,282,576",190.00,193.00,188.50,191.50,+1.50,"10,903",3037
113/03/28,"9,080,876","1,728,145,468",191.50,193.00,188.50,190.00,-1.50,"7,126",3037
113/03/29,"11,593,546","2,231,690,473",190.00,195.00,189.00,191.00,+1.00,"8,814",3037
113/04/01,"13,532,269","2,644,123,925",192.50,199.00,192.50,193.00,+2.00,"13,274",3037
113/04/02,"8,067,131","1,565,255,965",194.00,196.50,192.00,193.50,+0.50,"6,870",3037
113/04/03,"7,896,198","1,515,687,127",191.50,194.00,189.00,192.00,-1.50,"5,938",3037
113/04/08,"22,897,423","4,539,157,358",195.50,200.00,195.00,199.00,+7.00,"14,660",3037
113/04/09,"12,046,951","2,349,457,971",200.00,200.00,192.00,193.50,-5.50,"22,951",3037
113/04/10,"6,908,224","1,331,106,755",193.00,195.00,191.50,191.50,-2.00,"5,755",3037
113/04/11,"6,146,382","1,174,949,153",190.50,193.00,189.00,192.50,+1.00,"4,747",3037
113/04/12,"8,218,058","1,581,579,183",191.00,195.00,189.50,194.00,+1.50,"5,983",3037
113/04/15,"21,881,940","4,025,419,836",190.00,190.00,182.00,182.50,-11.50,"17,995",3037
113/04/16,"15,974,229","2,850,411,328",179.50,184.00,176.00,177.00,-5.50,"12,643",3037
113/04/17,"16,431,795","2,917,299,247",176.00,180.50,174.00,179.00,+2.00,"12,189",3037
113/04/18,"7,840,510","1,399,420,141",177.00,180.50,176.00,178.50,-0.50,"5,211",3037
113/04/19,"21,435,045","3,692,305,034",177.00,178.50,168.00,170.00,-8.50,"15,492",3037
113/04/22,"11,506,829","1,940,431,809",170.00,171.50,166.50,167.50,-2.50,"8,507",3037
113/04/23,"9,496,286","1,617,347,108",170.50,172.50,169.00,170.00,+2.50,"8,235",3037
113/04/24,"21,799,894","4,029,000,374",178.00,187.00,177.50,187.00,+17.00,"13,508",3037
113/04/25,"39,120,321","7,377,276,727",190.00,194.00,183.00,184.00,-3.00,"21,697",3037
113/04/26,"17,397,398","3,183,346,603",186.50,187.00,180.00,182.50,-1.50,"16,347",3037
113/04/29,"7,272,506","1,333,227,705",183.00,185.00,181.50,184.00,+1.50,"5,707",3037
113/04/30,"7,778,389","1,429,346,637",183.00,187.00,182.00,182.00,-2.00,"5,821",3037
113/05/02,"10,608,843","1,910,172,988",180.50,183.50,178.00,178.00,-4.00,"9,450",3037
113/05/03,"8,413,678","1,499,473,926",180.50,181.50,176.00,176.00,-2.00,"7,127",3037
113/05/06,"13,453,829","2,461,947,605",179.00,185.50,178.50,184.00,+8.00,"10,000",3037
113/05/07,"7,694,579","1,403,306,008",186.00,186.50,180.50,182.00,-2.00,"9,106",3037
113/05/08,"20,229,589","3,790,868,120",181.00,190.00,179.00,189.00,+7.00,"14,372",3037
113/05/09,"18,397,019","3,526,660,533",188.50,194.00,187.00,190.50,+1.50,"17,964",3037
113/05/10,"8,744,163","1,659,136,790",189.50,191.50,187.00,190.00,-0.50,"12,763",3037
113/05/13,"9,040,137","1,685,535,737",189.00,190.00,185.00,186.50,-3.50,"22,206",3037
113/05/14,"7,121,326","1,310,937,902",185.00,186.00,183.00,183.50,-3.00,"9,528",3037
113/05/15,"8,164,974","1,497,990,880",184.00,185.00,182.00,182.50,-1.00,"5,452",3037
113/05/16,"9,899,320","1,827,895,182",186.00,188.50,183.00,183.00,+0.50,"6,383",3037
113/05/17,"4,947,718","906,090,045",183.00,184.50,181.50,183.50,+0.50,"3,583",3037
113/05/20,"10,359,911","1,871,237,828",182.00,183.00,179.00,180.50,-3.00,"7,290",3037
113/05/21,"5,687,752","1,033,054,862",181.00,183.00,179.50,182.00,+1.50,"3,915",3037
113/05/22,"5,995,452","1,092,868,122",181.00,184.00,180.50,182.50,+0.50,"5,445",3037
113/05/23,"21,295,291","4,028,214,017",182.00,191.00,182.00,191.00,+8.50,"15,839",3037
113/05/24,"6,951,272","1,310,797,750",188.50,190.00,187.00,189.00,-2.00,"19,100",3037
113/05/27,"12,160,037","2,322,417,968",189.50,193.00,188.00,192.00,+3.00,"12,144",3037
113/05/28,"7,264,835","1,386,206,495",191.00,193.00,188.00,192.00, 0.00,"13,094",3037
113/05/29,"35,818,918","7,048,870,506",194.00,202.50,191.00,191.00,-1.00,"24,240",3037
113/05/30,"10,607,080","1,993,467,291",190.50,190.50,186.00,187.50,-3.50,"25,871",3037
113/05/31,"16,978,462","3,138,486,621",189.00,190.50,182.50,182.50,-5.00,"9,417",3037
113/06/03,"12,463,479","2,371,770,236",187.00,193.00,187.00,188.50,+6.00,"11,627",3037
113/06/04,"10,223,222","1,924,583,115",189.00,190.50,186.50,187.50,-1.00,"12,016",3037
113/06/05,"5,690,018","1,057,566,725",188.00,189.00,184.00,185.50,-2.00,"5,113",3037
113/06/06,"8,552,045","1,619,148,248",187.50,192.00,187.50,187.50,+2.00,"6,669",3037
113/06/07,"11,161,515","2,071,414,549",190.00,191.00,183.50,184.00,-3.50,"11,668",3037
113/06/11,"6,573,330","1,204,819,200",184.00,185.00,182.00,182.50,-1.50,"5,768",3037
113/06/12,"10,499,501","1,950,371,464",183.50,189.50,183.50,185.50,+3.00,"7,201",3037
113/06/13,"10,276,681","1,906,791,991",188.00,189.00,184.00,184.00,-1.50,"11,821",3037
113/06/14,"10,690,208","1,957,661,824",185.00,185.50,182.00,182.50,-1.50,"8,280",3037
113/06/17,"5,102,429","937,561,348",183.50,185.00,182.00,184.00,+1.50,"4,292",3037
113/06/18,"14,937,465","2,820,250,018",186.00,191.50,185.00,190.00,+6.00,"11,939",3037
113/06/19,"12,196,083","2,336,819,306",193.00,195.00,188.50,189.00,-1.00,"17,463",3037
113/06/20,"5,901,220","1,126,298,912",190.50,193.00,188.50,190.50,+1.50,"10,345",3037
113/06/21,"11,870,229","2,220,027,689",188.50,189.00,185.00,187.00,-3.50,"12,896",3037
113/06/24,"6,957,806","1,293,649,374",186.50,188.00,184.00,186.00,-1.00,"5,233",3037
113/06/25,"27,195,348","4,924,335,622",184.50,184.50,179.50,180.00,-6.00,"19,143",3037
113/06/26,"13,898,484","2,514,242,356",181.00,183.00,179.50,180.00, 0.00,"7,835",3037
113/06/27,"12,210,436","2,177,854,058",178.50,180.50,175.50,178.50,-1.50,"10,996",3037
113/06/28,"15,060,615","2,708,597,383",179.00,181.00,178.00,180.00,+1.50,"5,591",3037
113/07/01,"5,934,245","1,067,868,736",181.00,181.50,178.00,179.50,-0.50,"4,865",3037
113/07/02,"9,714,090","1,735,419,773",178.50,181.00,177.00,178.50,-1.00,"6,680",3037
113/07/03,"8,801,842","1,599,324,784",179.50,183.00,179.00,183.00,+4.50,"5,847",3037
113/07/04,"20,718,995","3,794,400,689",186.00,187.50,180.50,181.50,-1.50,"12,100",3037
113/07/05,"14,629,696","2,625,056,828",182.50,183.50,178.50,178.50,-3.00,"11,914",3037
113/07/08,"8,232,071","1,484,946,967",179.50,181.50,178.00,181.00,+2.50,"6,534",3037
113/07/09,"13,867,416","2,470,417,260",181.00,182.00,177.00,177.00,-4.00,"10,638",3037
113/07/10,"23,885,639","4,173,531,628",175.50,177.00,173.50,175.50,-1.50,"17,802",3037
113/07/11,"68,014,604","12,637,811,711",175.50,189.50,175.00,189.50,X0.00,"39,097",3037
113/07/12,"73,670,633","14,169,921,370",188.00,198.50,186.50,190.00,+0.50,"45,470",3037
113/07/15,"25,703,227","4,919,279,586",193.50,194.00,187.50,191.00,+1.00,"26,655",3037
113/07/16,"39,618,712","7,818,367,143",192.50,199.50,192.00,198.00,+7.00,"29,510",3037
113/07/17,"76,796,020","16,139,448,646",198.00,217.00,196.50,215.50,+17.50,"71,931",3037
113/07/18,"59,562,763","12,441,567,416",208.50,218.00,202.50,205.00,-10.50,"63,433",3037
113/07/19,"51,796,320","10,173,663,132",205.50,207.00,191.00,192.50,-12.50,"38,089",3037
113/07/22,"34,895,625","6,716,329,562",195.00,197.00,188.00,190.50,-2.00,"24,063",3037
113/07/23,"42,980,251","8,476,667,394",196.00,202.50,193.00,194.50,+4.00,"26,986",3037
113/07/26,"25,977,001","4,915,435,566",186.50,193.50,185.50,191.00,-3.50,"20,303",3037
113/07/29,"27,088,248","5,053,275,271",194.00,195.50,181.00,181.00,-10.00,"20,443",3037
113/07/30,"24,170,098","4,348,390,197",181.00,185.00,175.50,183.50,+2.50,"17,658",3037
113/07/31,"35,950,172","6,385,851,988",178.50,182.00,173.00,179.50,-4.00,"24,744",3037
113/08/01,"36,654,587","6,795,459,131",184.00,190.50,180.50,183.00,+3.50,"24,593",3037
113/08/02,"55,829,257","9,514,180,730",173.50,176.50,165.50,166.00,-17.00,"47,266",3037
113/08/05,"29,213,539","4,388,004,531",151.50,153.50,149.50,149.50,-16.50,"23,003",3037
113/08/06,"57,902,603","8,210,786,739",151.00,153.00,135.50,140.50,-9.00,"36,020",3037
113/08/07,"41,217,887","6,057,060,910",142.50,150.50,141.50,148.50,+8.00,"27,205",3037
113/08/08,"22,189,762","3,186,858,151",143.00,146.00,141.50,144.00,-4.50,"15,840",3037
113/08/09,"47,799,871","7,136,975,338",150.50,151.50,146.50,148.00,+4.00,"25,286",3037
113/08/12,"30,661,255","4,836,438,207",150.00,161.50,150.00,158.00,+10.00,"21,485",3037
113/08/13,"19,613,827","3,116,251,548",160.50,162.50,157.00,157.50,-0.50,"17,277",3037
113/08/14,"20,052,732","3,194,596,393",160.50,162.00,157.00,159.50,+2.00,"13,276",3037
113/08/15,"10,819,258","1,708,584,584",159.00,161.00,156.00,157.00,-2.50,"8,057",3037
113/08/16,"15,870,156","2,552,107,698",161.00,163.50,159.00,159.50,+2.50,"10,844",3037
113/08/19,"12,801,263","2,025,328,814",159.50,160.00,156.50,158.50,-1.00,"9,000",3037
113/08/20,"8,919,185","1,420,021,223",160.00,161.00,158.00,158.00,-0.50,"6,728",3037
113/08/21,"19,536,509","3,019,047,820",157.00,158.00,152.00,153.00,-5.00,"13,848",3037
113/08/22,"33,537,640","5,394,406,429",154.50,164.50,154.00,161.50,+8.50,"23,452",3037
113/08/23,"18,978,011","3,043,038,448",161.00,163.50,157.00,162.50,+1.00,"18,931",3037
113/08/26,"10,207,687","1,651,493,641",163.00,164.00,160.00,160.50,-2.00,"9,235",3037
113/08/27,"8,226,652","1,306,073,491",159.00,160.50,157.00,160.00,-0.50,"6,067",3037
113/08/28,"7,163,922","1,137,292,930",161.00,161.50,157.50,159.00,-1.00,"5,843",3037
113/08/29,"22,630,332","3,679,450,594",156.50,166.00,155.50,164.50,+5.50,"16,690",3037
113/08/30,"28,757,772","4,777,297,903",167.00,170.50,162.50,163.50,-1.00,"19,191",3037
113/09/02,"13,456,830","2,194,999,806",164.50,166.00,160.50,162.50,-1.00,"8,276",3037
113/09/03,"20,844,557","3,314,560,530",162.50,164.50,156.00,156.50,-6.00,"15,042",3037
113/09/04,"39,366,857","5,700,886,833",145.50,147.50,142.00,143.00,-13.50,"33,140",3037
113/09/05,"20,257,850","2,904,119,996",144.00,145.50,142.00,142.00,-1.00,"13,857",3037
113/09/06,"11,313,474","1,616,366,240",142.50,144.50,141.50,142.50,+0.50,"6,706",3037
113/09/09,"9,589,130","1,360,087,288",139.00,143.50,139.00,142.00,-0.50,"7,157",3037
113/09/10,"17,557,431","2,475,221,562",143.00,144.50,138.00,139.50,-2.50,"13,978",3037
113/09/11,"9,729,893","1,349,628,755",140.50,140.50,137.50,138.00,-1.50,"7,594",3037
113/09/12,"14,073,679","2,042,438,792",143.00,147.00,142.50,146.00,+8.00,"10,507",3037
113/09/13,"12,352,823","1,823,362,569",147.50,150.00,145.00,147.50,+1.50,"10,062",3037
113/09/16,"8,305,754","1,219,801,732",148.00,149.50,145.50,146.50,-1.00,"6,516",3037
113/09/18,"11,602,819","1,674,999,068",147.00,147.00,142.00,143.00,-3.50,"7,314",3037
113/09/19,"14,102,717","2,043,420,609",144.00,148.00,141.50,147.00,+4.00,"8,023",3037
113/09/20,"14,811,802","2,206,568,727",150.00,152.50,147.00,147.00, 0.00,"8,719",3037
113/09/23,"7,394,737","1,097,937,631",149.00,149.50,146.50,149.50,+2.50,"5,756",3037
113/09/24,"12,260,100","1,785,421,268",148.00,148.00,144.00,145.00,-4.50,"9,537",3037
113/09/25,"13,199,155","1,949,980,315",148.00,149.50,146.50,146.50,+1.50,"9,069",3037
113/09/26,"18,713,565","2,765,070,887",148.50,151.00,145.50,146.50, 0.00,"10,692",3037
113/09/27,"35,877,459","5,439,482,897",148.50,155.50,148.50,149.00,+2.50,"21,628",3037
113/09/30,"18,645,012","2,724,222,906",147.00,149.50,144.00,144.00,-5.00,"12,706",3037
113/10/01,"9,207,091","1,330,052,954",145.00,146.00,143.00,144.50,+0.50,"6,621",3037
113/10/04,"17,255,588","2,442,332,877",144.00,144.00,140.00,140.50,-4.00,"10,609",3037
113/10/07,"14,518,172","2,045,194,023",141.50,142.00,140.00,141.50,+1.00,"9,356",3037
113/10/08,"19,032,166","2,623,604,629",140.00,141.00,137.00,137.00,-4.50,"16,874",3037
113/10/09,"21,627,178","3,095,531,448",139.50,146.00,139.50,142.50,+5.50,"14,680",3037
113/10/11,"13,304,794","1,887,528,471",142.50,144.00,140.50,141.00,-1.50,"9,151",3037
113/10/14,"8,012,894","1,142,798,358",142.00,144.00,140.50,143.50,+2.50,"5,346",3037
113/10/15,"11,120,383","1,604,446,906",144.50,145.50,143.00,145.00,+1.50,"7,693",3037
113/10/16,"13,235,973","1,893,306,417",142.50,145.00,141.50,142.50,-2.50,"6,855",3037
113/10/17,"24,954,940","3,684,227,276",144.50,150.50,144.00,147.00,+4.50,"16,566",3037
113/10/18,"16,944,153","2,479,524,876",149.50,150.00,143.50,144.50,-2.50,"11,832",3037
113/10/21,"39,756,360","6,005,906,719",146.00,154.00,145.50,151.50,+7.00,"25,822",3037
113/10/22,"78,605,238","12,769,540,760",156.50,166.00,155.50,163.50,+12.00,"47,037",3037
113/10/23,"68,085,499","11,363,158,864",166.50,169.00,164.00,167.50,+4.00,"47,417",3037
113/10/24,"33,665,183","5,528,965,264",168.00,168.00,161.00,161.50,-6.00,"20,550",3037
113/10/25,"25,735,547","4,230,771,674",164.50,167.50,162.00,166.00,+4.50,"17,596",3037
113/10/28,"29,840,148","4,908,270,593",167.00,167.50,161.50,166.00, 0.00,"26,313",3037
113/10/29,"24,513,540","3,981,939,757",165.00,165.00,160.50,163.50,-2.50,"15,853",3037
113/10/30,"44,861,891","7,244,382,362",160.00,166.50,156.00,161.50,-2.00,"29,186",3037
113/11/01,"32,368,477","5,243,839,606",156.00,166.50,155.50,166.00,+4.50,"21,109",3037
113/11/04,"19,924,160","3,272,350,771",167.00,167.50,162.50,163.50,-2.50,"19,124",3037
113/11/05,"18,447,293","3,056,962,065",163.50,168.00,163.50,165.00,+1.50,"11,186",3037
113/11/06,"11,714,727","1,948,415,604",165.50,168.00,164.50,166.00,+1.00,"11,417",3037
113/11/07,"53,432,051","9,271,554,404",167.00,177.00,166.00,176.50,+10.50,"36,927",3037
113/11/08,"35,813,759","6,308,352,928",179.00,179.00,173.00,174.00,-2.50,"34,764",3037
113/11/11,"16,041,328","2,743,984,990",174.50,175.00,169.50,170.50,-3.50,"12,473",3037
113/11/12,"18,870,472","3,183,595,187",167.50,171.50,166.50,167.50,-3.00,"12,437",3037
113/11/13,"20,879,154","3,516,581,261",168.50,171.00,165.00,169.50,+2.00,"15,070",3037
113/11/14,"14,952,350","2,489,731,673",168.50,170.00,164.00,166.00,-3.50,"11,281",3037
113/11/15,"12,161,909","1,999,328,018",166.50,167.50,162.00,163.50,-2.50,"10,478",3037
113/11/18,"18,093,908","2,867,911,951",163.00,163.00,156.50,159.00,-4.50,"13,353",3037
113/11/19,"9,143,710","1,463,665,998",161.00,162.50,159.00,159.50,+0.50,"6,485",3037
113/11/20,"9,946,676","1,576,659,801",160.00,161.00,156.50,157.50,-2.00,"7,371",3037
113/11/21,"10,808,296","1,723,673,897",156.00,162.50,155.50,160.50,+3.00,"7,860",3037
113/11/22,"9,591,254","1,547,712,961",162.00,163.00,160.00,161.00,+0.50,"7,044",3037
113/11/25,"12,937,092","2,087,670,972",162.00,164.50,159.00,159.00,-2.00,"8,440",3037
113/11/26,"10,666,019","1,700,074,928",158.50,162.50,157.50,158.50,-0.50,"8,020",3037
113/11/27,"21,475,353","3,301,005,540",159.00,159.00,150.00,150.00,-8.50,"17,564",3037
113/11/28,"25,955,354","3,808,081,175",150.00,150.50,144.00,147.00,-3.00,"16,559",3037
113/11/29,"10,490,704","1,556,528,730",145.00,151.00,144.00,149.00,+2.00,"7,778",3037
113/12/02,"8,955,742","1,339,046,985",151.00,151.50,148.50,148.50,-0.50,"7,136",3037
113/12/03,"12,007,460","1,802,774,977",151.00,153.00,148.50,149.00,+0.50,"8,145",3037
113/12/04,"10,924,695","1,645,769,184",150.50,152.00,149.00,150.00,+1.00,"7,016",3037
113/12/05,"20,272,480","3,103,667,362",151.00,156.00,149.00,153.50,+3.50,"13,662",3037
113/12/06,"11,072,765","1,697,873,980",154.00,155.50,151.00,151.50,-2.00,"8,649",3037
113/12/09,"12,496,512","1,859,865,968",150.00,151.00,147.00,148.50,-3.00,"9,152",3037
113/12/10,"6,819,107","1,016,307,581",149.50,151.50,148.00,148.00,-0.50,"5,420",3037
113/12/11,"6,203,098","920,897,873",147.50,150.50,146.50,148.00, 0.00,"6,241",3037
113/12/12,"12,392,903","1,852,164,600",150.00,153.00,147.00,147.00,-1.00,"8,467",3037
113/12/13,"23,241,873","3,311,192,281",146.50,147.50,140.00,141.50,-5.50,"20,098",3037
113/12/16,"18,665,386","2,599,878,877",142.00,142.50,137.00,137.50,-4.00,"16,432",3037
113/12/17,"12,941,601","1,833,267,912",138.50,143.50,138.50,141.50,+4.00,"8,595",3037
113/12/18,"10,009,796","1,427,079,339",142.00,144.00,140.50,143.00,+1.50,"7,153",3037
113/12/19,"12,258,798","1,722,355,567",140.00,142.50,139.00,141.50,-1.50,"8,274",3037
113/12/20,"9,444,036","1,339,367,801",141.50,144.00,140.50,141.00,-0.50,"5,709",3037
113/12/23,"15,387,617","2,243,300,575",143.50,147.50,142.50,145.50,+4.50,"10,611",3037
113/12/24,"20,492,468","3,030,691,624",147.50,151.50,145.00,145.50, 0.00,"17,003",3037
113/12/25,"10,150,136","1,477,917,893",147.50,148.00,144.00,145.00,-0.50,"7,767",3037
113/12/26,"8,253,911","1,205,768,328",147.00,147.50,145.00,145.50,+0.50,"6,236",3037
113/12/27,"7,264,425","1,060,705,358",145.50,148.00,145.00,145.00,-0.50,"6,110",3037
113/12/30,"8,208,464","1,167,538,621",144.50,144.50,141.00,141.50,-3.50,"8,077",3037
113/12/31,"8,225,126","1,157,338,355",140.50,142.00,139.50,141.00,-0.50,"6,067",3037
