日期,成交股數,成交金額,開盤價,最高價,最低價,收盤價,漲跌價差,成交筆數,股票代號
103/10/28,"8,177,500","734,854,900",88.00,99.50,87.00,95.00,X0.00,"4,463",3661
103/10/29,"3,638,500","356,566,400",98.80,102.00,92.00,92.00,-3.00,"2,114",3661
103/10/30,"1,669,700","158,080,800",92.90,96.40,91.20,95.00,+3.00,"1,112",3661
103/10/31,"1,333,400","128,802,378",98.70,99.00,94.60,95.90,+0.90,817,3661
103/11/03,"2,392,192","238,587,323",98.00,102.50,97.00,100.00,+4.10,"1,448",3661
103/11/04,"1,564,501","151,328,497",99.90,100.00,94.00,96.70,-3.30,"1,093",3661
103/11/05,"618,050","59,334,835",98.00,98.00,94.60,96.10,-0.60,492,3661
103/11/06,"669,458","62,928,523",95.80,95.90,92.40,92.50,-3.60,499,3661
103/11/07,"770,150","73,584,364",92.00,98.00,92.00,96.70,+4.20,589,3661
103/11/10,"501,080","48,474,976",96.50,98.00,94.80,97.50,+0.80,392,3661
103/11/11,"2,344,314","241,919,242",97.00,104.00,96.50,103.50,+6.00,"1,284",3661
103/11/12,"1,141,465","114,438,565",100.50,102.00,99.10,99.80,-3.70,796,3661
103/11/13,"757,435","75,008,947",100.00,102.00,97.50,99.00,-0.80,579,3661
103/11/14,"431,414","41,969,481",99.00,99.00,96.20,97.20,-1.80,336,3661
103/11/17,"320,001","30,601,895",98.10,98.80,94.50,95.20,-2.00,279,3661
103/11/18,"456,100","43,183,000",94.50,96.00,93.50,93.70,-1.50,291,3661
103/11/19,"480,300","45,518,780",93.00,96.50,92.60,96.00,+2.30,385,3661
103/11/20,"1,997,935","202,886,237",98.80,102.50,98.80,102.50,+6.50,"1,169",3661
103/11/21,"1,963,225","205,650,625",103.50,107.50,101.50,105.50,+3.00,"1,209",3661
103/11/24,"1,071,199","111,276,397",104.50,106.50,102.00,103.50,-2.00,705,3661
103/11/25,"1,156,856","124,864,087",103.00,110.50,103.00,110.50,+7.00,669,3661
103/11/26,"3,606,368","421,910,556",116.00,118.00,113.00,117.00,+6.50,"1,805",3661
103/11/27,"3,270,498","374,359,517",117.00,117.00,111.50,115.50,-1.50,"1,916",3661
103/11/28,"2,564,400","301,404,900",117.00,119.50,114.50,118.50,+3.00,"1,594",3661
103/12/01,"2,991,203","367,387,375",115.50,126.50,115.50,124.50,+6.00,"1,928",3661
103/12/02,"1,987,231","246,418,144",123.00,128.00,120.50,123.00,-1.50,"1,369",3661
103/12/03,"2,529,065","316,016,961",124.00,128.00,122.00,123.00, 0.00,"1,568",3661
103/12/04,"1,903,360","230,659,700",123.00,125.50,118.00,120.00,-3.00,"1,277",3661
103/12/05,"1,299,380","159,701,240",121.00,125.00,120.00,123.50,+3.50,855,3661
103/12/08,"1,683,075","200,892,850",124.50,125.50,117.50,119.00,-4.50,990,3661
103/12/09,"617,200","72,286,600",117.50,119.50,115.00,117.50,-1.50,467,3661
103/12/10,"1,080,378","125,364,536",116.50,119.50,113.50,116.00,-1.50,668,3661
103/12/11,"1,152,800","130,240,399",112.00,115.00,110.50,114.50,-1.50,734,3661
103/12/12,"931,195","108,981,510",115.50,118.50,114.50,117.50,+3.00,664,3661
103/12/15,"833,805","98,532,392",116.00,121.00,114.50,119.50,+2.00,628,3661
103/12/16,"1,050,743","124,822,431",120.00,121.00,117.00,117.00,-2.50,750,3661
103/12/17,"801,223","92,429,979",117.00,119.00,113.00,116.00,-1.00,585,3661
103/12/18,"1,973,606","238,586,220",117.00,123.50,117.00,120.00,+4.00,"1,269",3661
103/12/19,"1,880,408","217,148,124",122.00,123.00,112.00,115.00,-5.00,"1,389",3661
103/12/22,"3,328,112","364,005,762",113.00,115.00,107.00,108.50,-6.50,"1,790",3661
103/12/23,"1,623,210","176,121,390",107.50,111.50,106.00,108.00,-0.50,960,3661
103/12/24,"1,076,100","113,762,000",108.50,108.50,104.00,106.00,-2.00,715,3661
103/12/25,"2,250,100","228,257,648",106.00,106.50,99.70,101.00,-5.00,"1,524",3661
103/12/26,"4,534,210","434,551,570",100.00,100.00,94.00,96.60,-4.40,"3,115",3661
103/12/27,"2,243,870","220,063,437",97.00,99.80,96.60,99.60,+3.00,"1,647",3661
103/12/29,"1,882,200","189,142,800",100.00,102.50,98.80,98.90,-0.70,"1,393",3661
103/12/30,"845,405","83,417,055",99.50,99.70,97.50,99.10,+0.20,684,3661
103/12/31,"625,260","62,120,900",99.00,101.00,98.10,101.00,+1.90,454,3661
104/01/05,"565,723","56,428,224",100.00,100.50,98.90,99.60,-1.40,399,3661
104/01/06,"820,300","80,927,978",99.00,99.40,98.10,98.20,-1.40,484,3661
104/01/07,"2,573,961","268,987,405",100.00,105.00,100.00,105.00,+6.80,"1,536",3661
104/01/08,"2,250,820","235,774,280",105.00,107.50,102.00,104.00,-1.00,"1,415",3661
104/01/09,"1,617,528","173,151,496",106.00,109.00,105.50,107.50,+3.50,"1,185",3661
104/01/12,"1,249,352","131,800,460",107.50,108.50,103.00,105.00,-2.50,978,3661
104/01/13,"687,350","71,791,550",104.00,106.00,103.50,104.00,-1.00,478,3661
104/01/14,"1,233,367","124,157,167",104.00,104.00,99.90,100.50,-3.50,902,3661
104/01/15,"556,595","55,490,800",100.50,101.00,98.20,100.00,-0.50,442,3661
104/01/16,"789,200","77,766,619",101.50,101.50,96.50,96.90,-3.10,651,3661
104/01/19,"2,129,012","195,885,480",97.00,97.60,90.20,90.20,-6.70,"1,413",3661
104/01/20,"3,238,334","279,302,025",90.00,92.00,83.90,91.90,+1.70,"2,228",3661
104/01/21,"1,639,448","145,692,472",90.00,90.50,87.10,88.30,-3.60,"1,170",3661
104/01/22,"800,400","71,491,300",88.00,90.40,88.00,89.50,+1.20,638,3661
104/01/23,"680,487","60,787,390",90.30,90.50,88.50,88.80,-0.70,543,3661
104/01/26,"660,100","59,431,229",89.80,90.50,89.30,89.90,+1.10,513,3661
104/01/27,"856,381","78,041,661",90.10,92.20,90.10,91.30,+1.40,597,3661
104/01/28,"596,500","53,576,799",90.50,90.90,89.30,89.60,-1.70,461,3661
104/01/29,"383,002","33,883,476",88.80,89.90,87.90,88.20,-1.40,321,3661
104/01/30,"1,110,111","94,793,378",88.20,88.70,83.90,84.50,-3.70,885,3661
104/02/02,"1,979,200","157,530,700",84.50,84.90,78.60,78.60,-5.90,"1,425",3661
104/02/03,"1,035,325","81,463,502",78.70,80.20,76.80,79.00,+0.40,784,3661
104/02/04,"504,075","40,144,209",80.40,80.50,79.20,79.30,+0.30,389,3661
104/02/05,"351,614","27,680,299",79.30,79.90,78.00,78.30,-1.00,301,3661
104/02/06,"1,229,096","92,393,858",78.00,78.00,74.00,74.60,-3.70,934,3661
104/02/09,"1,224,575","88,835,729",74.20,74.20,71.30,72.50,-2.10,832,3661
104/02/10,"982,359","73,176,504",72.50,75.40,72.20,75.10,+2.60,810,3661
104/02/11,"634,403","47,355,142",76.30,76.30,73.80,73.80,-1.30,508,3661
104/02/12,"553,200","40,147,359",73.90,74.30,71.80,72.60,-1.20,412,3661
104/02/13,"584,170","42,269,293",72.60,73.30,71.80,72.20,-0.40,463,3661
104/02/24,"744,252","52,520,788",72.20,72.80,68.60,70.00,-2.20,585,3661
104/02/25,"1,476,000","103,307,500",71.00,72.30,67.90,72.00,+2.00,"1,112",3661
104/02/26,"562,574","40,021,813",71.90,72.00,70.70,71.00,-1.00,434,3661
104/04/01,"527,200","30,099,259",56.50,58.70,56.00,56.30,-1.30,357,3661
104/04/02,"1,229,062","68,949,427",56.50,57.70,54.40,55.20,-1.10,704,3661
104/04/07,"1,543,278","89,341,402",56.50,59.00,56.20,59.00,+3.80,738,3661
104/04/08,"2,271,360","138,708,907",59.90,62.90,59.70,62.00,+3.00,"1,389",3661
104/04/09,"1,355,701","84,347,989",62.50,63.40,61.00,61.00,-1.00,939,3661
104/04/10,"578,460","34,696,970",61.00,62.00,59.10,59.20,-1.80,445,3661
104/04/13,"703,022","40,257,315",57.00,58.40,56.50,57.00,-2.20,494,3661
104/04/14,"445,200","25,627,100",56.50,59.00,55.80,59.00,+2.00,345,3661
104/04/15,"495,000","29,529,400",58.90,60.30,58.60,59.10,+0.10,381,3661
104/04/16,"368,200","21,674,800",59.10,59.70,58.40,59.20,+0.10,242,3661
104/04/17,"1,214,400","74,118,800",59.30,62.10,59.30,61.50,+2.30,900,3661
104/04/20,"488,276","29,985,174",61.20,62.00,60.70,61.10,-0.40,384,3661
104/04/21,"734,500","43,807,300",61.20,61.50,58.50,58.60,-2.50,531,3661
104/04/22,"263,100","15,385,300",58.50,59.20,57.50,58.60, 0.00,215,3661
104/04/23,"1,034,200","61,386,100",56.00,61.30,55.70,60.20,+1.60,709,3661
104/04/24,"458,030","27,461,182",60.00,61.00,59.20,59.50,-0.70,308,3661
104/04/27,"481,530","29,205,552",60.00,61.40,59.70,60.10,+0.60,284,3661
104/04/28,"346,530","20,921,900",61.00,61.00,60.00,60.00,-0.10,200,3661
104/04/29,"355,087","21,404,528",59.80,60.80,59.60,60.00, 0.00,239,3661
104/04/30,"268,000","16,015,800",60.60,60.60,59.20,59.80,-0.20,189,3661
104/05/04,"301,500","17,845,899",60.30,60.30,58.50,59.20,-0.60,198,3661
104/05/05,"298,000","17,525,100",59.20,59.20,58.30,58.60,-0.60,172,3661
104/05/06,"454,000","26,743,500",58.30,60.10,57.50,58.60, 0.00,278,3661
104/05/07,"232,000","13,620,500",58.00,59.60,57.80,58.30,-0.30,161,3661
104/05/08,"338,278","19,587,385",58.60,59.10,57.10,57.10,-1.20,234,3661
104/05/11,"868,110","47,902,351",57.10,57.70,53.60,53.60,-3.50,540,3661
104/05/12,"1,638,800","92,356,880",54.30,57.30,54.20,55.00,+1.40,629,3661
104/05/13,"1,782,399","92,231,966",54.80,54.80,51.20,51.30,-3.70,964,3661
104/05/14,"965,173","47,061,168",51.30,51.30,48.00,49.50,-1.80,675,3661
104/05/15,"478,254","23,821,023",50.50,50.70,48.55,49.70,+0.20,358,3661
104/05/18,"594,418","28,019,311",49.70,49.70,46.25,46.70,-3.00,413,3661
104/05/19,"398,850","18,442,175",45.70,47.10,45.10,46.50,-0.20,314,3661
104/05/20,"355,000","16,670,700",47.00,47.60,46.35,47.25,+0.75,248,3661
104/05/21,"349,000","16,397,500",46.80,47.90,46.00,46.30,-0.95,229,3661
104/05/22,"315,100","14,398,834",46.40,46.40,45.20,45.30,-1.00,251,3661
104/05/25,"458,150","20,062,200",45.30,45.30,43.00,43.00,-2.30,349,3661
104/05/26,"979,200","40,969,450",42.70,43.50,40.30,41.80,-1.20,742,3661
104/05/27,"561,050","23,838,030",41.60,43.50,41.05,42.95,+1.15,435,3661
104/05/28,"286,250","12,346,900",43.65,43.80,42.70,43.00,+0.05,191,3661
104/05/29,"1,079,400","48,300,000",43.50,46.00,43.10,44.20,+1.20,742,3661
104/06/01,"341,000","14,883,600",44.30,44.40,42.70,42.75,-1.45,260,3661
104/06/02,"226,100","9,858,590",42.70,44.00,42.55,43.20,+0.45,174,3661
104/06/03,"308,000","13,327,850",43.20,44.55,42.50,42.70,-0.50,223,3661
104/06/04,"1,100,000","46,765,700",42.75,43.60,41.00,43.30,+0.60,548,3661
104/06/05,"648,180","28,524,342",43.30,45.25,42.65,44.70,+1.40,438,3661
104/06/08,"273,100","12,048,149",44.70,44.70,43.45,44.25,-0.45,203,3661
104/06/09,"603,500","25,757,325",44.00,44.20,41.05,42.00,-2.25,370,3661
104/06/10,"201,200","8,464,950",41.85,42.50,41.70,41.80,-0.20,163,3661
104/06/11,"476,119","20,685,736",42.80,44.95,41.85,43.80,+2.00,278,3661
104/06/12,"105,000","4,581,450",43.60,43.95,43.15,43.50,-0.30,85,3661
104/06/15,"455,440","20,458,788",44.00,45.70,43.80,45.50,+2.00,285,3661
104/06/16,"292,100","13,328,405",45.00,46.10,44.80,45.85,+0.35,177,3661
104/06/17,"427,119","19,913,450",45.85,47.45,45.85,46.05,+0.20,247,3661
104/06/18,"487,200","22,852,010",46.05,47.30,46.05,46.80,+0.75,231,3661
104/06/22,"278,307","12,749,372",46.90,46.90,45.20,45.90,-0.90,174,3661
104/06/23,"133,000","6,120,900",46.45,46.45,45.90,46.20,+0.30,84,3661
104/06/24,"242,000","11,089,850",46.10,46.30,45.50,46.00,-0.20,86,3661
104/06/25,"125,180","5,758,999",46.00,46.20,45.60,45.60,-0.40,67,3661
104/06/26,"198,250","9,299,175",46.20,47.35,46.00,46.60,+1.00,148,3661
104/06/29,"151,000","6,847,850",46.20,46.20,44.90,45.10,-1.50,112,3661
104/06/30,"114,250","5,168,550",44.50,45.60,44.50,45.50,+0.40,54,3661
104/07/01,"428,900","21,228,000",48.00,50.00,48.00,50.00,+4.50,257,3661
104/07/02,"1,296,250","67,574,225",52.90,53.90,51.10,51.50,+1.50,814,3661
104/07/03,"368,357","18,692,242",51.50,52.00,50.10,51.40,-0.10,256,3661
104/07/06,"302,500","15,214,225",51.30,51.40,49.00,49.90,-1.50,181,3661
104/07/07,"310,706","15,509,770",50.00,50.90,48.90,50.60,+0.70,179,3661
104/07/08,"484,000","23,617,750",50.00,50.10,48.30,49.50,-1.10,212,3661
104/07/09,"505,000","24,865,300",48.60,50.00,47.25,49.00,-0.50,239,3661
104/07/13,"463,200","23,533,620",51.00,52.00,49.80,51.00,+2.00,267,3661
104/07/14,"256,090","12,683,978",51.00,51.70,48.85,48.90,-2.10,185,3661
104/07/15,"157,000","7,675,650",48.60,49.55,48.50,48.90, 0.00,109,3661
104/07/16,"175,500","8,556,125",49.00,49.45,48.50,48.50,-0.40,113,3661
104/07/17,"98,000","4,737,750",48.60,48.80,48.00,48.45,-0.05,76,3661
104/07/20,"218,050","10,543,435",48.75,49.35,47.50,47.50,-0.95,106,3661
104/07/21,"154,000","7,259,200",47.50,47.70,46.65,47.40,-0.10,90,3661
104/07/22,"153,200","7,113,390",47.40,47.40,46.00,46.00,-1.40,117,3661
104/07/23,"145,150","6,645,597",46.00,46.30,45.15,45.65,-0.35,79,3661
104/07/24,"290,100","12,856,520",44.30,45.10,44.20,44.30,-1.35,94,3661
104/07/27,"381,100","16,686,350",45.00,45.00,42.85,42.85,-1.45,112,3661
104/07/28,"249,200","10,637,250",42.85,44.00,41.80,43.40,+0.55,112,3661
104/07/29,"92,000","4,047,750",43.35,44.65,43.35,43.85,+0.45,68,3661
104/07/30,"47,000","2,065,300",44.10,44.45,43.65,43.65,-0.20,37,3661
104/07/31,"104,169","4,460,917",43.65,43.65,41.80,42.90,-0.75,88,3661
104/08/03,"110,320","4,569,884",42.80,42.80,40.80,40.80,-2.10,97,3661
104/08/04,"237,550","9,542,404",40.70,41.85,38.00,38.50,-2.30,166,3661
104/08/05,"88,399","3,423,990",38.15,39.90,38.15,38.70,+0.20,80,3661
104/08/06,"142,000","5,471,200",38.70,39.40,38.20,38.70, 0.00,74,3661
104/08/07,"57,001","2,190,988",38.20,39.10,38.00,38.60,-0.10,41,3661
104/08/10,"95,200","3,691,900",38.10,39.90,38.10,39.20,+0.60,68,3661
104/08/11,"109,000","4,426,150",40.80,41.35,39.70,40.10,+0.90,87,3661
104/08/12,"111,000","4,409,400",39.70,40.65,39.30,40.40,+0.30,63,3661
104/08/13,"126,000","5,058,800",40.40,40.85,39.55,40.30,-0.10,84,3661
104/08/14,"159,100","6,572,680",40.60,42.40,40.35,41.90,+1.60,108,3661
104/08/17,"87,000","3,593,600",41.90,41.90,40.90,41.00,-0.90,61,3661
104/08/18,"97,320","3,974,643",41.50,41.50,40.50,41.15,+0.15,60,3661
104/08/19,"123,000","4,975,050",41.15,41.15,40.10,40.50,-0.65,68,3661
104/08/20,"130,000","5,380,100",40.10,42.30,40.10,41.95,+1.45,70,3661
104/08/21,"175,118","7,064,160",41.20,41.45,39.90,39.90,-2.05,106,3661
104/08/24,"963,038","34,723,678",39.10,39.10,35.95,35.95,-3.95,202,3661
104/08/25,"125,000","4,318,200",33.00,35.30,33.00,34.90,X0.00,67,3661
104/08/26,"146,500","4,990,999",33.75,34.45,33.75,33.85,-1.05,93,3661
104/08/27,"197,000","6,733,750",34.10,35.15,33.70,33.80,-0.05,143,3661
104/08/28,"225,000","7,790,900",34.30,35.00,34.30,34.85,+1.05,151,3661
104/08/31,"85,381","2,949,258",34.50,34.80,34.40,34.50,-0.35,60,3661
104/09/01,"527,147","19,455,928",34.65,37.95,34.60,37.95,+3.45,336,3661
104/09/02,"368,060","13,886,142",37.95,39.20,36.80,38.10,+0.15,241,3661
104/09/03,"300,400","11,574,900",38.90,39.20,37.75,38.00,-0.10,172,3661
104/09/04,"113,070","4,324,306",38.50,38.70,37.80,37.80,-0.20,65,3661
104/09/07,"38,000","1,425,900",37.20,38.00,37.15,37.40,-0.40,32,3661
104/09/08,"96,030","3,632,137",37.80,38.20,37.25,37.90,+0.50,72,3661
104/09/09,"70,000","2,698,850",38.55,38.80,38.30,38.45,+0.55,63,3661
104/09/10,"155,300","6,039,260",38.00,39.45,38.00,39.10,+0.65,99,3661
104/09/11,"124,000","4,825,400",38.45,39.40,38.45,38.60,-0.50,83,3661
104/09/14,"115,000","4,441,550",38.60,39.10,38.30,39.10,+0.50,71,3661
104/09/15,"70,234","2,705,279",39.10,39.10,38.10,38.10,-1.00,54,3661
104/09/16,"78,308","2,988,634",38.20,38.60,37.80,38.35,+0.25,62,3661
104/09/17,"231,030","8,809,675",37.00,39.10,37.00,38.60,+0.25,133,3661
104/09/18,"436,000","17,465,900",38.15,41.70,38.15,41.00,+2.40,303,3661
104/09/21,"2,555,250","114,449,372",43.55,45.10,43.05,45.10,+4.10,"1,096",3661
104/09/22,"1,754,180","76,402,130",45.15,45.15,42.30,43.30,-1.80,"1,093",3661
104/09/23,"1,509,340","60,789,333",42.95,42.95,39.00,39.00,-4.30,853,3661
104/09/24,"1,094,000","41,353,400",38.60,38.90,36.50,37.50,-1.50,562,3661
104/09/25,"452,200","17,221,400",37.85,39.70,36.85,39.20,+1.70,298,3661
104/09/30,"262,100","10,068,195",38.90,38.95,37.90,38.15,-1.05,180,3661
104/10/01,"273,004","10,632,356",38.15,39.60,38.15,38.60,+0.45,194,3661
104/10/02,"290,000","11,319,100",39.10,39.35,38.55,38.55,-0.05,151,3661
104/10/05,"1,501,000","61,585,350",39.00,42.35,38.70,41.00,+2.45,759,3661
104/10/06,"882,050","34,890,946",41.00,41.30,38.70,39.60,-1.40,485,3661
104/10/07,"283,000","11,325,600",39.60,40.65,39.25,40.40,+0.80,191,3661
104/10/08,"374,002","15,097,085",40.95,41.40,39.25,39.25,-1.15,246,3661
104/10/12,"922,000","37,959,600",41.95,42.30,40.35,40.35,+1.10,549,3661
104/10/13,"590,000","23,689,600",40.40,41.20,39.10,39.65,-0.70,357,3661
104/10/14,"480,050","19,187,736",39.65,40.50,39.65,39.70,+0.05,218,3661
104/10/15,"2,123,000","88,629,150",40.75,43.65,40.00,43.65,+3.95,"1,000",3661
104/10/16,"2,279,000","98,616,450",44.60,44.60,41.80,42.40,-1.25,"1,221",3661
104/10/19,"2,244,400","100,860,860",42.90,46.50,42.60,45.45,+3.05,"1,471",3661
104/10/20,"2,328,420","107,648,018",45.75,47.50,44.85,45.40,-0.05,"1,472",3661
104/10/21,"980,000","42,791,850",45.15,45.15,42.90,43.00,-2.40,647,3661
104/10/22,"586,100","25,234,080",42.70,43.95,42.50,42.65,-0.35,348,3661
104/10/23,"334,280","14,354,278",43.40,43.80,42.15,42.40,-0.25,212,3661
104/10/26,"626,030","27,144,411",43.15,44.20,42.30,43.65,+1.25,396,3661
104/10/27,"306,002","13,262,237",43.90,43.90,43.20,43.35,-0.30,183,3661
104/10/28,"408,000","17,808,000",43.90,44.20,43.25,43.35, 0.00,248,3661
104/10/29,"1,317,068","58,081,285",43.45,45.20,43.30,43.40,+0.05,880,3661
104/10/30,"762,073","31,962,453",43.40,43.70,41.00,41.60,-1.80,450,3661
104/11/02,"341,100","13,989,090",41.45,42.25,40.50,41.00,-0.60,253,3661
104/11/03,"307,055","12,794,715",41.80,42.35,41.20,41.55,+0.55,221,3661
104/11/04,"1,486,614","66,851,408",42.30,45.70,42.20,45.70,+4.15,706,3661
104/11/05,"3,839,500","179,803,100",47.30,47.70,45.85,46.00,+0.30,"2,147",3661
104/11/06,"1,537,370","68,425,111",46.05,46.05,43.65,44.35,-1.65,966,3661
104/11/09,"1,156,000","51,781,450",44.00,45.50,43.80,44.50,+0.15,727,3661
104/11/10,"412,001","18,298,447",44.50,44.90,43.90,44.35,-0.15,292,3661
104/11/11,"1,941,767","78,601,936",40.60,41.90,39.95,39.95,-4.40,"1,084",3661
104/11/12,"860,371","33,479,175",39.70,40.40,38.00,38.75,-1.20,471,3661
104/11/13,"651,100","25,990,175",38.70,40.60,38.30,40.25,+1.50,417,3661
104/11/16,"483,000","19,370,050",40.95,40.95,39.10,39.70,-0.55,230,3661
104/11/17,"577,000","23,060,450",40.10,40.60,39.45,39.95,+0.25,299,3661
104/11/18,"769,000","31,077,750",40.20,40.90,39.75,40.00,+0.05,403,3661
104/11/19,"1,980,010","82,032,833",40.90,42.35,40.20,41.50,+1.50,"1,216",3661
104/11/20,"1,185,000","50,036,400",42.50,42.90,41.75,41.85,+0.35,758,3661
104/11/23,"397,500","16,391,649",42.50,42.50,40.95,41.00,-0.85,270,3661
104/11/24,"516,000","20,592,200",41.20,41.20,39.55,39.55,-1.45,364,3661
104/11/25,"369,100","14,495,945",39.55,40.10,38.55,38.70,-0.85,212,3661
104/11/26,"337,350","13,126,150",39.20,39.45,38.60,39.00,+0.30,219,3661
104/11/27,"372,000","14,405,600",39.00,39.45,38.10,38.10,-0.90,185,3661
104/11/30,"821,085","30,210,745",38.25,38.25,36.25,36.50,-1.60,318,3661
104/12/01,"279,000","10,347,400",36.90,37.60,36.80,37.00,+0.50,209,3661
104/12/02,"259,150","9,665,007",37.25,37.80,37.00,37.05,+0.05,170,3661
104/12/03,"357,002","13,128,623",37.10,37.15,36.40,36.75,-0.30,242,3661
104/12/04,"287,540","10,723,766",36.45,37.90,36.05,37.10,+0.35,244,3661
104/12/07,"147,000","5,489,950",37.80,37.95,37.10,37.10, 0.00,108,3661
104/12/08,"156,000","5,817,000",37.10,37.50,37.10,37.30,+0.20,124,3661
104/12/09,"327,020","12,029,070",37.80,38.00,36.20,36.40,-0.90,207,3661
104/12/10,"215,003","7,716,656",36.40,36.75,35.45,35.65,-0.75,126,3661
104/12/11,"639,000","21,812,250",35.10,35.30,33.10,33.40,-2.25,372,3661
104/12/14,"642,000","20,516,750",32.00,32.90,30.50,32.00,-1.40,285,3661
104/12/15,"258,590","8,416,539",32.50,33.20,32.00,32.45,+0.45,139,3661
104/12/16,"576,433","20,046,378",33.00,35.65,32.50,35.45,+3.00,320,3661
104/12/17,"385,000","13,252,300",35.00,35.00,34.00,34.25,-1.20,279,3661
104/12/18,"202,000","6,910,200",34.10,34.60,33.80,34.10,-0.15,131,3661
104/12/21,"91,040","3,106,818",33.75,34.40,33.75,34.15,+0.05,55,3661
104/12/22,"148,160","5,027,440",34.70,34.70,33.70,33.70,-0.45,101,3661
104/12/23,"104,115","3,525,678",34.10,34.20,33.50,33.50,-0.20,73,3661
104/12/24,"174,000","5,821,100",33.90,34.25,32.95,32.95,-0.55,103,3661
104/12/25,"67,300","2,217,344",33.00,33.20,32.80,33.20,+0.25,51,3661
104/12/28,"118,063","3,853,255",32.90,33.15,32.45,32.60,-0.60,73,3661
104/12/29,"110,150","3,591,673",32.60,33.00,32.15,32.65,+0.05,60,3661
104/12/30,"187,078","6,283,702",32.65,34.40,32.65,33.70,+1.05,118,3661
104/12/31,"173,007","5,856,991",33.50,34.20,33.50,34.20,+0.50,85,3661
105/01/04,"136,000","4,630,100",34.05,34.80,33.70,33.80,-0.40,81,3661
105/01/05,"164,030","5,524,658",33.70,34.50,32.60,33.30,-0.50,87,3661
105/01/06,"255,100","8,526,300",33.90,33.95,32.80,33.50,+0.20,124,3661
105/01/07,"273,000","8,902,500",33.95,33.95,31.60,32.80,-0.70,137,3661
105/01/08,"336,000","11,440,850",32.30,34.95,32.30,34.35,+1.55,204,3661
105/01/11,"737,206","26,040,737",35.00,36.00,34.55,34.80,+0.45,351,3661
105/01/12,"351,002","12,170,317",35.80,35.80,33.40,33.40,-1.40,176,3661
105/01/13,"101,020","3,383,222",33.75,34.00,33.20,33.60,+0.20,71,3661
105/01/14,"467,000","15,823,400",33.30,34.45,32.30,34.00,+0.40,241,3661
105/01/15,"166,000","5,683,200",34.40,34.90,33.20,33.45,-0.55,74,3661
105/01/18,"716,080","25,371,013",33.40,36.75,33.00,35.90,+2.45,294,3661
105/01/19,"253,077","9,064,002",36.45,36.45,35.35,35.35,-0.55,105,3661
105/01/20,"117,002","4,013,618",35.50,35.50,33.80,33.90,-1.45,87,3661
105/01/21,"39,000","1,313,650",34.45,34.45,33.50,33.50,-0.40,35,3661
105/01/22,"129,000","4,313,450",34.00,34.00,33.05,33.30,-0.20,70,3661
105/01/25,"103,000","3,475,650",33.80,34.00,33.25,33.25,-0.05,58,3661
105/01/26,"120,000","4,065,400",33.30,34.50,33.30,33.35,+0.10,77,3661
105/01/27,"1,393,290","49,742,473",35.00,36.65,34.00,34.05,+0.70,638,3661
105/01/28,"310,000","10,744,650",34.05,35.40,33.70,34.20,+0.15,195,3661
105/01/29,"512,000","17,848,950",34.50,35.20,34.20,35.00,+0.80,144,3661
105/01/30,"937,002","32,976,069",35.50,35.70,34.20,34.50,-0.50,363,3661
105/02/01,"183,260","6,234,863",34.50,34.50,33.70,33.85,-0.65,140,3661
105/02/02,"111,000","3,738,700",33.70,34.00,33.50,33.80,-0.05,77,3661
105/02/03,"82,080","2,749,859",33.60,33.75,33.40,33.45,-0.35,65,3661
105/02/15,"104,002","3,423,315",32.60,33.30,32.60,32.80,-0.65,65,3661
105/02/16,"169,004","5,674,533",32.80,34.00,32.80,33.60,+0.80,106,3661
105/02/17,"1,675,035","59,907,125",35.00,36.95,34.10,35.00,+1.40,803,3661
105/02/18,"770,000","27,533,600",35.20,36.50,35.20,35.25,+0.25,422,3661
105/02/19,"2,285,230","84,654,641",35.50,37.90,35.50,36.85,+1.60,"1,248",3661
105/02/22,"743,076","27,227,043",37.20,37.45,35.80,36.10,-0.75,463,3661
105/02/23,"273,000","9,833,250",36.20,36.40,35.75,35.90,-0.20,169,3661
105/02/24,"531,000","19,461,950",36.20,37.20,36.20,36.30,+0.40,406,3661
105/02/25,"592,100","21,874,689",37.10,37.50,36.30,36.40,+0.10,379,3661
105/02/26,"227,000","8,243,900",36.50,36.80,36.00,36.25,-0.15,157,3661
105/03/01,"617,396","22,940,881",36.55,37.50,36.50,37.40,+1.15,373,3661
105/03/02,"1,006,396","38,371,908",38.20,38.75,37.20,38.10,+0.70,590,3661
105/03/03,"1,842,396","71,900,685",39.00,40.00,37.90,38.80,+0.70,"1,002",3661
105/03/04,"669,195","26,118,746",39.50,39.65,38.50,38.55,-0.25,418,3661
105/03/07,"878,011","33,731,308",39.30,39.60,37.30,37.40,-1.15,560,3661
105/03/08,"469,380","17,483,411",37.40,37.85,36.80,37.40, 0.00,296,3661
105/03/09,"222,016","8,243,798",37.40,37.80,36.75,37.60,+0.20,145,3661
105/03/10,"409,000","15,507,500",37.60,38.25,37.50,38.10,+0.50,219,3661
105/03/11,"639,077","24,002,432",38.50,38.60,36.85,36.95,-1.15,425,3661
105/03/14,"347,123","12,697,126",36.80,37.00,36.30,36.60,-0.35,234,3661
105/03/15,"303,100","11,045,359",36.80,36.95,36.00,36.05,-0.55,165,3661
105/03/16,"291,000","10,410,950",36.05,36.20,35.65,35.75,-0.30,157,3661
105/03/17,"360,070","12,876,946",36.05,36.60,35.20,35.50,-0.25,147,3661
105/03/18,"143,030","5,063,360",35.60,35.65,35.25,35.60,+0.10,71,3661
105/03/21,"133,000","4,715,850",35.80,35.85,35.25,35.60, 0.00,93,3661
105/03/22,"122,016","4,341,671",35.85,35.90,35.35,35.45,-0.15,83,3661
105/03/23,"227,110","7,987,633",35.80,35.80,34.90,34.95,-0.50,156,3661
105/03/24,"216,000","7,492,750",35.00,35.00,34.55,34.60,-0.35,111,3661
105/03/25,"133,000","4,684,350",35.00,35.75,34.80,35.15,+0.55,84,3661
105/03/28,"146,000","5,117,900",35.45,35.45,34.95,35.00,-0.15,91,3661
105/03/29,"328,000","11,294,300",35.00,35.00,34.00,34.30,-0.70,138,3661
105/03/30,"69,200","2,390,039",34.50,35.00,34.30,34.50,+0.20,56,3661
105/03/31,"1,370,000","49,672,500",34.80,37.30,34.60,35.95,+1.45,753,3661
105/04/01,"344,000","12,369,500",36.20,36.60,35.65,35.75,-0.20,203,3661
105/04/06,"161,600","5,717,009",35.75,35.75,35.20,35.50,-0.25,114,3661
105/04/07,"153,000","5,423,350",35.90,36.10,35.20,35.25,-0.25,112,3661
105/04/08,"190,000","6,705,000",35.45,35.80,35.00,35.30,+0.05,87,3661
105/04/11,"3,257,470","126,389,835",38.80,38.80,38.80,38.80,+3.50,"1,169",3661
105/04/12,"3,271,326","126,086,633",38.70,39.05,38.10,38.45,-0.35,"1,321",3661
105/04/13,"3,458,290","143,597,851",39.75,42.25,39.75,42.25,+3.80,"1,627",3661
105/04/14,"4,914,632","214,062,859",44.40,44.50,42.25,43.10,+0.85,"2,422",3661
105/04/15,"2,677,839","116,423,897",42.60,44.40,41.80,44.00,+0.90,"1,612",3661
105/04/18,"2,341,939","105,551,887",44.70,46.30,44.10,44.65,+0.65,"1,499",3661
105/04/19,"1,653,050","72,460,230",45.60,45.60,42.80,43.70,-0.95,"1,012",3661
105/04/20,"1,339,390","57,459,162",43.80,43.80,42.35,42.55,-1.15,717,3661
105/04/21,"848,050","36,301,735",43.10,43.55,42.40,42.80,+0.25,528,3661
105/04/22,"3,794,252","172,750,027",43.00,47.00,42.70,45.25,+2.45,"2,490",3661
105/04/25,"1,651,053","71,583,116",45.00,45.15,42.50,42.60,-2.65,977,3661
105/04/26,"1,297,000","54,513,700",43.15,43.25,41.15,41.90,-0.70,876,3661
105/04/27,"1,172,120","49,938,130",42.25,43.70,41.20,41.40,-0.50,808,3661
105/04/28,"871,000","35,834,300",41.75,42.00,40.50,41.15,-0.25,628,3661
105/04/29,"1,159,000","47,604,350",41.00,42.40,40.10,40.30,-0.85,776,3661
105/05/03,"981,000","38,302,950",40.50,40.80,38.20,38.25,-2.05,646,3661
105/05/04,"736,053","28,237,460",38.00,39.20,37.35,37.45,-0.80,529,3661
105/05/05,"583,070","22,429,144",37.70,39.50,37.50,39.45,+2.00,458,3661
105/05/06,"348,170","13,390,760",39.45,39.45,38.05,38.15,-1.30,277,3661
105/05/09,"867,000","31,807,250",38.70,38.70,35.80,35.95,-2.20,574,3661
105/05/10,"524,000","18,527,850",34.30,36.40,34.30,36.25,+0.30,371,3661
105/05/11,"935,475","32,370,077",36.00,36.15,33.50,33.50,-2.75,622,3661
105/05/12,"776,184","25,398,785",33.50,34.50,31.05,31.85,-1.65,492,3661
105/05/13,"2,840,560","83,181,753",32.00,32.60,28.70,28.90,-2.95,"1,225",3661
105/05/16,"1,326,080","36,802,990",28.25,28.35,27.20,27.50,-1.40,818,3661
105/05/17,"1,587,500","46,373,925",28.15,30.15,27.90,29.05,+1.55,"1,013",3661
105/05/18,"632,450","18,330,765",28.50,29.60,28.25,28.70,-0.35,426,3661
105/05/19,"378,050","10,785,925",28.70,29.20,28.05,28.10,-0.60,269,3661
105/05/20,"480,000","13,486,500",28.70,28.70,27.65,28.00,-0.10,295,3661
105/05/23,"398,003","11,463,740",28.00,29.25,28.00,28.75,+0.75,272,3661
105/05/24,"585,000","17,228,100",29.10,29.80,29.05,29.05,+0.30,403,3661
105/05/25,"363,003","10,695,037",29.75,29.75,29.20,29.45,+0.40,223,3661
105/05/26,"1,268,000","38,760,650",29.80,31.30,29.80,30.35,+0.90,818,3661
105/05/27,"695,000","20,800,450",30.90,31.00,29.40,29.80,-0.55,471,3661
105/05/30,"996,088","30,241,002",30.60,30.90,30.05,30.10,+0.30,560,3661
105/05/31,"2,664,085","73,888,716",28.00,28.45,27.15,27.50,-2.60,"1,540",3661
105/06/01,"885,040","24,755,843",28.00,28.30,27.50,27.90,+0.40,611,3661
105/06/02,"617,801","17,009,027",27.95,27.95,27.20,27.30,-0.60,406,3661
105/06/03,"1,873,570","48,267,647",27.50,27.50,25.10,25.50,-1.80,"1,140",3661
105/06/04,"1,437,050","37,219,452",24.85,26.65,24.60,26.20,+0.70,968,3661
105/06/06,"426,050","11,113,946",26.10,26.55,25.80,25.90,-0.30,319,3661
105/06/07,"324,000","8,476,000",25.80,26.40,25.80,26.25,+0.35,191,3661
105/06/08,"492,999","12,748,224",26.05,26.45,25.25,25.55,-0.70,368,3661
105/06/13,"462,000","11,417,650",24.80,25.15,24.30,25.15,-0.40,298,3661
105/06/14,"364,000","9,378,700",24.90,26.40,24.90,25.55,+0.40,266,3661
105/06/15,"384,000","9,847,250",26.00,26.25,25.25,25.25,-0.30,262,3661
105/06/16,"211,200","5,345,200",25.10,25.70,25.10,25.20,-0.05,159,3661
105/06/17,"581,000","14,679,700",25.60,25.60,25.00,25.25,+0.05,297,3661
105/06/20,"440,682","11,361,815",25.30,26.20,25.30,26.15,+0.90,309,3661
105/06/21,"268,132","6,962,758",26.15,26.15,25.75,25.85,-0.30,168,3661
105/06/22,"164,000","4,241,200",25.90,26.10,25.70,25.70,-0.15,101,3661
105/06/23,"412,000","10,595,750",25.90,26.00,25.40,25.45,-0.25,210,3661
105/06/24,"637,000","15,423,450",25.55,25.70,23.15,23.50,-1.95,417,3661
105/06/27,"301,000","7,280,100",23.90,24.55,23.70,24.45,+0.95,193,3661
105/06/28,"228,300","5,554,309",24.20,24.55,24.05,24.40,-0.05,140,3661
105/06/29,"212,080","5,207,425",24.55,24.85,24.40,24.45,+0.05,135,3661
105/06/30,"164,020","4,012,934",24.65,24.65,24.30,24.40,-0.05,116,3661
105/07/01,"366,000","9,175,650",24.80,25.55,24.40,25.05,+0.65,243,3661
105/07/04,"185,019","4,646,279",25.20,25.25,24.90,25.10,+0.05,116,3661
105/07/05,"718,000","18,685,300",25.25,26.35,25.15,25.80,+0.70,390,3661
105/07/06,"305,000","7,754,850",25.80,25.80,25.20,25.35,-0.45,171,3661
105/07/07,"258,000","6,621,700",25.60,25.90,25.50,25.60,+0.25,120,3661
105/07/11,"234,000","5,997,450",26.15,26.15,25.30,25.60, 0.00,137,3661
105/07/12,"1,452,527","40,034,635",26.80,28.15,26.35,28.15,+2.55,625,3661
105/07/13,"3,022,313","87,171,278",29.00,29.45,28.05,28.05,-0.10,"1,534",3661
105/07/14,"695,000","19,403,900",27.90,28.40,27.55,27.60,-0.45,406,3661
105/07/15,"604,004","16,926,512",27.95,28.30,27.70,27.80,+0.20,322,3661
105/07/18,"323,096","9,130,247",28.05,28.80,28.00,28.05,+0.25,219,3661
105/07/19,"551,000","15,206,600",28.35,28.45,27.30,27.35,-0.70,362,3661
105/07/20,"320,000","8,765,100",27.40,27.60,27.20,27.20,-0.15,172,3661
105/07/21,"398,000","11,030,250",27.50,28.00,27.30,27.60,+0.40,230,3661
105/07/22,"297,200","8,218,930",27.40,27.90,27.35,27.70,+0.10,165,3661
105/07/25,"237,000","6,450,050",27.80,27.80,27.00,27.05,-0.65,180,3661
105/07/26,"222,000","6,105,600",27.15,27.75,27.15,27.60,+0.55,141,3661
105/07/27,"698,004","19,544,812",27.75,28.35,27.25,27.25,-0.35,354,3661
105/07/28,"195,000","5,283,800",27.30,27.50,26.85,27.15,-0.10,138,3661
105/07/29,"249,000","6,654,100",27.15,27.15,26.55,26.55,-0.60,165,3661
105/08/01,"868,000","22,019,150",26.05,26.05,25.05,25.40,-1.15,578,3661
105/08/02,"418,000","10,440,500",25.25,25.35,24.75,25.10,-0.30,296,3661
105/08/03,"209,249","5,237,175",24.80,25.25,24.70,24.95,-0.15,149,3661
105/08/04,"315,020","7,968,610",25.00,25.75,24.90,25.40,+0.45,228,3661
105/08/05,"197,000","5,003,250",25.50,25.60,25.30,25.35,-0.05,124,3661
105/08/08,"229,000","5,814,300",25.35,25.50,25.30,25.40,+0.05,89,3661
105/08/09,"249,000","6,280,950",25.50,25.70,25.00,25.00,-0.40,106,3661
105/08/10,"223,000","5,550,150",25.10,25.20,24.70,24.80,-0.20,118,3661
105/08/11,"459,000","11,329,050",24.80,25.10,24.30,24.85,+0.05,251,3661
105/08/12,"138,000","3,429,250",24.90,24.95,24.55,24.80,-0.05,55,3661
105/08/15,"193,000","4,715,050",24.80,24.80,24.05,24.55,-0.25,108,3661
105/08/16,"75,000","1,832,300",24.10,25.00,24.10,24.40,-0.15,49,3661
105/08/17,"173,432","4,186,320",24.35,24.45,23.90,24.10,-0.30,121,3661
105/08/18,"98,001","2,338,924",23.75,24.35,23.70,23.80,X0.00,74,3661
105/08/19,"61,132","1,451,077",23.80,23.85,23.65,23.65,-0.15,52,3661
105/08/22,"61,000","1,455,300",24.10,24.15,23.65,23.65, 0.00,53,3661
105/08/23,"339,001","8,249,626",23.70,24.65,23.70,24.50,+0.85,156,3661
105/08/24,"83,000","2,018,200",24.60,24.60,24.10,24.15,-0.35,59,3661
105/08/25,"177,000","4,324,000",24.20,24.65,24.15,24.50,+0.35,97,3661
105/08/26,"250,001","6,263,475",24.50,25.50,24.50,24.90,+0.40,133,3661
105/08/29,"230,001","5,744,126",24.85,25.20,24.85,25.00,+0.10,101,3661
105/08/30,"86,000","2,147,000",25.30,25.30,24.70,24.80,-0.20,42,3661
105/08/31,"100,000","2,459,400",24.95,24.95,24.45,24.60,-0.20,68,3661
105/09/01,"58,000","1,417,450",24.40,24.60,24.35,24.60, 0.00,34,3661
105/09/02,"247,001","5,895,076",24.70,24.70,23.60,23.60,-1.00,138,3661
105/09/05,"71,000","1,678,500",23.60,23.70,23.60,23.65,+0.05,49,3661
105/09/06,"114,300","2,695,379",23.60,24.10,23.20,24.10,+0.45,79,3661
105/09/07,"61,000","1,465,650",24.20,24.20,23.80,23.95,-0.15,43,3661
105/09/08,"77,500","1,830,973",23.70,23.95,23.20,23.75,-0.20,60,3661
105/09/09,"87,001","2,068,075",23.60,23.90,23.60,23.75, 0.00,47,3661
105/09/10,"290,001","7,109,375",23.85,25.10,23.85,24.55,+0.80,204,3661
105/09/12,"193,000","4,696,950",24.55,24.70,23.85,24.55, 0.00,125,3661
105/09/13,"205,000","5,004,250",24.60,24.80,24.00,24.05,-0.50,111,3661
105/09/14,"159,101","3,846,534",24.50,24.50,23.95,24.00,-0.05,87,3661
105/09/19,"92,000","2,223,300",24.40,24.40,24.05,24.10,+0.10,56,3661
105/09/20,"914,005","23,884,632",24.45,26.50,24.45,26.50,+2.40,501,3661
105/09/21,"2,452,107","67,658,203",26.90,28.30,26.90,27.40,+0.90,"1,404",3661
105/09/22,"475,018","12,845,996",27.40,27.40,26.60,27.10,-0.30,317,3661
105/09/23,"1,293,009","36,185,802",27.30,28.40,27.30,27.50,+0.40,743,3661
105/09/26,"461,011","12,436,497",27.45,27.45,26.60,27.00,-0.50,273,3661
105/09/29,"197,303","5,352,961",27.30,27.60,26.85,26.85,-0.15,118,3661
105/09/30,"325,008","8,616,911",26.70,26.80,26.15,26.55,-0.30,220,3661
105/10/03,"202,000","5,362,050",26.75,26.80,26.45,26.45,-0.10,116,3661
105/10/04,"179,000","4,747,200",26.55,26.60,26.45,26.50,+0.05,104,3661
105/10/05,"2,713,846","78,757,210",26.80,29.15,26.80,29.15,+2.65,"1,159",3661
105/10/06,"1,016,129","29,036,974",29.15,29.15,28.05,28.05,-1.10,666,3661
105/10/07,"435,110","12,000,824",28.05,28.05,27.20,27.50,-0.55,254,3661
105/10/11,"692,609","17,960,764",27.50,27.50,25.00,25.35,-2.15,371,3661
105/10/12,"429,000","10,640,550",25.10,25.35,24.30,25.20,-0.15,320,3661
105/10/13,"154,294","3,883,478",25.30,25.65,25.00,25.00,-0.20,96,3661
105/10/14,"241,000","5,993,550",25.00,25.20,24.50,24.85,-0.15,148,3661
105/10/17,"187,006","4,730,460",25.35,25.55,24.90,25.55,+0.70,113,3661
105/10/18,"228,194","5,911,162",25.65,26.15,25.60,26.05,+0.50,146,3661
105/10/19,"296,010","7,851,766",26.15,26.75,26.10,26.60,+0.55,179,3661
105/10/20,"585,230","16,020,129",26.70,27.80,26.70,27.30,+0.70,335,3661
105/10/21,"392,110","10,823,097",27.30,27.90,27.00,27.70,+0.40,217,3661
105/10/24,"615,245","17,315,483",28.40,28.70,27.70,27.70, 0.00,318,3661
105/10/25,"176,099","4,859,980",27.50,27.75,27.50,27.65,-0.05,113,3661
105/10/26,"155,000","4,270,900",27.55,27.80,27.40,27.60,-0.05,101,3661
105/10/27,"101,100","2,786,855",27.80,27.80,27.45,27.50,-0.10,66,3661
105/10/28,"161,000","4,431,750",27.85,27.85,27.45,27.45,-0.05,89,3661
105/10/31,"148,000","4,097,750",27.45,27.80,27.40,27.75,+0.30,92,3661
105/11/01,"112,000","3,053,600",27.55,27.60,27.05,27.10,-0.65,74,3661
105/11/02,"205,245","5,507,018",26.80,27.45,26.35,26.40,-0.70,116,3661
105/11/03,"175,000","4,618,200",26.35,26.70,26.00,26.20,-0.20,96,3661
105/11/04,"81,035","2,127,988",26.30,26.50,26.15,26.15,-0.05,42,3661
105/11/07,"148,000","3,985,650",26.30,27.25,26.30,26.70,+0.55,78,3661
105/11/08,"25,000","667,300",26.80,27.00,26.50,26.50,-0.20,25,3661
105/11/09,"246,000","6,275,300",26.50,26.90,24.50,25.30,-1.20,134,3661
105/11/10,"367,000","10,040,450",25.75,27.80,25.75,27.80,+2.50,205,3661
105/11/11,"604,003","15,707,175",27.00,27.00,25.35,25.40,-2.40,338,3661
105/11/14,"227,088","5,827,346",25.40,26.10,25.15,26.10,+0.70,129,3661
105/11/15,"2,484,030","70,788,390",26.10,28.70,26.10,27.85,+1.75,908,3661
105/11/16,"4,063,014","121,847,470",27.25,30.60,27.25,30.20,+2.35,"2,084",3661
105/11/17,"3,495,533","107,326,977",30.20,31.35,29.70,31.20,+1.00,"1,964",3661
105/11/18,"5,058,515","163,669,574",31.20,33.45,31.00,31.80,+0.60,"2,728",3661
105/11/21,"2,385,219","75,978,781",31.50,32.70,30.75,31.35,-0.45,"1,346",3661
105/11/22,"2,452,618","75,406,590",31.20,32.20,30.05,30.15,-1.20,"1,291",3661
105/11/23,"1,376,000","42,348,700",30.10,31.45,29.75,30.60,+0.45,922,3661
105/11/24,"2,882,580","89,813,326",31.20,32.20,30.15,30.25,-0.35,"1,673",3661
105/11/25,"738,129","22,274,000",30.45,30.75,29.95,30.05,-0.20,422,3661
105/11/28,"837,494","25,679,939",30.00,31.00,30.00,30.40,+0.35,506,3661
105/11/29,"812,000","25,226,050",30.60,31.50,30.45,31.50,+1.10,482,3661
105/11/30,"570,120","17,715,290",31.70,31.70,30.70,30.70,-0.80,327,3661
105/12/01,"878,155","26,546,323",30.50,30.80,29.90,30.15,-0.55,488,3661
105/12/02,"683,185","20,525,931",29.60,30.60,29.50,29.90,-0.25,414,3661
105/12/05,"366,000","10,979,250",30.10,30.40,29.70,30.05,+0.15,215,3661
105/12/06,"622,000","18,972,550",30.15,30.90,30.00,30.00,-0.05,354,3661
105/12/07,"274,000","8,206,300",30.45,30.45,29.80,29.95,-0.05,166,3661
105/12/08,"1,501,210","46,550,001",29.95,31.70,29.95,31.00,+1.05,813,3661
105/12/09,"355,000","10,998,900",31.30,31.40,30.80,30.85,-0.15,219,3661
105/12/12,"870,210","26,275,750",31.10,31.20,29.60,29.95,-0.90,403,3661
105/12/13,"259,000","7,764,350",30.20,30.35,29.70,29.95, 0.00,153,3661
105/12/14,"205,035","6,160,157",30.10,30.25,29.95,29.95, 0.00,133,3661
105/12/15,"627,080","18,528,908",29.50,29.90,29.50,29.50,-0.45,168,3661
105/12/16,"883,138","25,490,060",29.60,29.70,28.50,28.70,-0.80,511,3661
105/12/19,"709,000","20,085,600",28.80,28.90,28.20,28.30,-0.40,220,3661
105/12/20,"364,008","10,541,886",28.50,29.40,28.50,28.85,+0.55,249,3661
105/12/21,"1,897,090","57,820,672",29.20,31.25,29.05,30.65,+1.80,"1,220",3661
105/12/22,"784,575","23,670,157",30.35,30.65,30.05,30.05,-0.60,298,3661
105/12/23,"1,218,247","37,772,508",30.05,31.50,30.05,30.65,+0.60,766,3661
105/12/26,"556,050","17,179,175",31.25,31.25,30.45,30.50,-0.15,302,3661
105/12/27,"4,219,534","135,804,656",30.85,33.35,30.85,32.25,+1.75,"2,610",3661
105/12/28,"1,241,155","39,371,797",32.25,32.35,31.35,31.50,-0.75,752,3661
105/12/29,"1,027,500","32,539,125",31.80,32.25,31.35,31.50, 0.00,432,3661
105/12/30,"575,000","18,117,050",32.00,32.10,31.20,31.25,-0.25,356,3661
106/01/03,"614,000","19,001,950",31.40,31.65,30.70,30.75,-0.50,348,3661
106/01/04,"1,143,000","34,704,100",31.00,31.10,30.10,30.25,-0.50,443,3661
106/01/05,"977,015","30,181,259",30.45,31.30,30.45,30.60,+0.35,579,3661
106/01/06,"793,050","23,910,146",30.40,30.75,29.60,30.50,-0.10,505,3661
106/01/09,"474,000","14,270,600",30.15,30.50,29.80,30.00,-0.50,237,3661
106/01/10,"679,000","20,740,350",30.00,31.00,30.00,30.40,+0.40,434,3661
106/01/11,"895,001","27,313,729",31.40,31.40,29.85,30.00,-0.40,515,3661
106/01/12,"331,000","9,950,650",30.00,30.40,29.80,30.05,+0.05,184,3661
106/01/13,"483,088","14,292,610",30.10,30.20,29.35,29.40,-0.65,297,3661
106/01/16,"492,066","14,152,050",29.40,29.40,28.55,28.70,-0.70,285,3661
106/01/17,"268,001","7,729,779",28.60,29.30,28.50,29.00,+0.30,181,3661
106/01/18,"546,094","16,275,091",29.00,30.40,29.00,29.95,+0.95,353,3661
106/01/19,"262,000","7,845,800",29.95,30.10,29.70,29.95, 0.00,138,3661
106/01/20,"149,000","4,446,100",30.10,30.10,29.60,29.90,-0.05,86,3661
106/01/23,"210,201","6,196,909",30.00,30.00,29.25,29.35,-0.55,121,3661
106/01/24,"415,000","12,479,650",29.40,30.45,29.40,29.80,+0.45,250,3661
106/02/02,"532,485","16,154,867",30.60,30.75,30.00,30.45,+0.65,236,3661
106/02/03,"1,124,253","34,877,830",30.65,31.35,30.50,31.15,+0.70,479,3661
106/02/06,"556,100","17,314,915",31.35,31.50,30.80,30.95,-0.20,297,3661
106/02/07,"918,000","28,645,150",31.20,31.65,31.00,31.00,+0.05,363,3661
106/02/08,"1,575,520","50,526,197",31.30,32.45,31.30,32.35,+1.35,794,3661
106/02/09,"2,874,456","98,017,036",32.45,35.45,32.45,35.00,+2.65,"1,593",3661
106/02/10,"1,644,345","57,343,858",35.00,36.00,33.80,34.00,-1.00,881,3661
106/02/13,"1,662,428","55,076,738",33.20,33.80,32.80,33.20,-0.80,565,3661
106/02/14,"3,003,240","102,698,080",33.45,34.85,33.30,34.30,+1.10,847,3661
106/02/15,"8,223,858","307,395,641",34.45,37.70,34.45,37.70,+3.40,"2,443",3661
106/02/16,"5,337,170","203,152,226",37.20,39.30,37.20,37.70, 0.00,"2,387",3661
106/02/17,"858,030","32,471,040",37.70,38.20,37.20,38.00,+0.30,533,3661
106/02/18,"3,992,241","160,378,028",38.50,41.15,38.50,39.50,+1.50,"2,111",3661
106/02/20,"2,608,101","101,737,038",39.00,40.30,38.00,38.00,-1.50,"1,185",3661
106/02/21,"2,201,140","82,569,360",37.80,38.80,36.20,38.60,+0.60,"1,217",3661
106/02/22,"742,240","28,489,943",39.20,39.20,38.00,38.10,-0.50,429,3661
106/02/23,"1,609,012","59,748,991",38.20,38.30,36.40,36.90,-1.20,669,3661
106/02/24,"828,000","30,857,150",36.20,37.90,36.20,37.45,+0.55,471,3661
106/03/01,"851,050","31,604,540",37.00,37.50,36.90,37.10,-0.35,258,3661
106/03/02,"1,901,050","71,899,275",37.80,39.30,36.60,36.60,-0.50,971,3661
106/03/03,"1,162,104","43,078,698",36.65,37.60,36.60,36.85,+0.25,456,3661
106/03/06,"3,521,005","136,858,393",37.45,39.50,37.45,38.75,+1.90,"1,517",3661
106/03/07,"5,481,446","225,853,098",39.05,42.20,39.05,41.50,+2.75,"3,209",3661
106/03/08,"3,295,010","138,482,094",42.50,43.15,40.70,41.80,+0.30,"1,993",3661
106/03/09,"1,134,057","46,755,998",41.80,41.80,40.85,41.25,-0.55,624,3661
106/03/10,"1,401,000","57,970,900",41.80,42.30,40.35,41.70,+0.45,916,3661
106/03/13,"1,738,000","71,093,500",40.50,41.70,40.25,40.65,-1.05,903,3661
106/03/14,"2,286,002","95,869,933",40.90,43.30,40.90,41.60,+0.95,"1,377",3661
106/03/15,"861,000","35,816,950",42.50,42.50,41.00,41.15,-0.45,494,3661
106/03/16,"1,042,643","43,746,806",41.30,42.40,41.30,42.20,+1.05,619,3661
106/03/17,"8,674,451","389,306,775",43.00,46.40,42.60,44.00,+1.80,"4,429",3661
106/03/20,"1,984,050","87,399,290",43.50,44.90,43.25,44.00, 0.00,"1,171",3661
106/03/21,"4,597,538","211,039,668",44.50,47.35,44.30,47.25,+3.25,"2,760",3661
106/03/22,"3,032,825","141,674,655",46.40,48.20,45.65,47.55,+0.30,"1,911",3661
106/03/23,"2,257,496","106,510,966",48.15,48.75,46.30,46.50,-1.05,"1,373",3661
106/03/24,"1,919,321","88,537,454",46.60,47.20,45.45,46.00,-0.50,"1,146",3661
106/03/27,"1,188,350","54,805,342",46.00,46.80,45.50,45.85,-0.15,735,3661
106/03/28,"3,414,300","157,840,559",46.00,48.00,43.50,45.50,-0.35,"2,170",3661
106/03/29,"607,396","27,859,177",46.00,46.50,45.20,45.65,+0.15,452,3661
106/03/30,"1,000,339","46,309,824",45.95,46.70,45.65,46.00,+0.35,596,3661
106/03/31,"5,977,701","290,846,105",46.50,50.60,45.30,49.30,+3.30,"3,305",3661
106/04/05,"5,385,849","269,687,030",49.60,52.50,48.55,48.60,-0.70,"3,122",3661
106/04/06,"1,411,101","68,519,798",49.10,49.10,47.80,48.65,+0.05,824,3661
106/04/07,"989,000","47,870,350",49.15,49.20,47.50,48.65, 0.00,604,3661
106/04/10,"2,454,200","123,022,257",49.00,50.90,49.00,50.00,+1.35,"1,414",3661
106/04/11,"1,803,260","88,953,997",50.50,50.60,47.50,48.00,-2.00,772,3661
106/04/12,"1,224,100","57,201,544",48.00,48.10,45.10,46.50,-1.50,816,3661
106/04/13,"814,006","38,153,376",46.80,47.75,46.05,46.25,-0.25,524,3661
106/04/14,"6,711,003","336,074,646",46.70,50.80,46.70,50.00,+3.75,"3,290",3661
106/04/17,"7,048,700","374,018,300",51.50,55.00,49.70,55.00,+5.00,"3,861",3661
106/04/18,"9,983,448","568,296,042",55.00,59.40,53.40,57.10,+2.10,"6,363",3661
106/04/19,"4,681,681","272,346,068",57.00,59.20,56.20,58.70,+1.60,"3,042",3661
106/04/20,"4,276,537","242,351,741",58.80,59.70,53.10,55.20,-3.50,"2,743",3661
106/04/21,"3,598,603","204,173,190",55.60,58.10,54.30,58.00,+2.80,"2,350",3661
106/04/24,"9,574,153","579,359,255",57.80,62.60,57.60,59.50,+1.50,"5,916",3661
106/04/25,"3,016,504","178,593,732",59.50,60.90,58.10,58.40,-1.10,"1,917",3661
106/04/26,"3,666,065","221,922,409",59.00,62.20,58.60,62.00,+3.60,"2,143",3661
106/04/27,"4,918,334","302,534,172",62.30,63.70,59.90,60.20,-1.80,"3,175",3661
106/04/28,"2,234,380","133,562,385",59.90,61.20,58.70,59.90,-0.30,"1,555",3661
106/05/02,"2,121,070","127,527,772",60.00,61.50,58.90,59.50,-0.40,"1,235",3661
106/05/03,"2,162,113","127,201,798",60.00,60.80,57.20,58.10,-1.40,"1,415",3661
106/05/04,"1,920,410","112,399,571",58.30,59.50,57.30,59.50,+1.40,"1,183",3661
106/05/05,"10,913,493","688,732,055",60.50,64.60,60.50,62.80,+3.30,"6,465",3661
106/05/08,"4,549,401","285,433,081",63.40,64.00,61.40,62.30,-0.50,"2,585",3661
106/05/09,"5,356,338","325,328,477",63.20,63.50,58.10,59.00,-3.30,"3,046",3661
106/05/10,"2,167,204","130,059,998",59.80,60.60,59.10,60.10,+1.10,"1,160",3661
106/05/11,"2,518,200","152,005,139",61.40,62.20,58.70,59.90,-0.20,"1,741",3661
106/05/12,"1,257,210","75,445,637",59.80,60.80,59.30,60.30,+0.40,850,3661
106/05/15,"1,506,005","91,620,398",62.20,62.40,60.00,60.00,-0.30,987,3661
106/05/16,"1,016,199","61,334,297",60.20,60.90,59.60,60.80,+0.80,742,3661
106/05/17,"2,951,001","182,459,661",61.30,62.80,60.70,61.40,+0.60,"1,935",3661
106/05/18,"4,781,640","300,816,210",61.00,64.00,61.00,63.30,+1.90,"3,001",3661
106/05/19,"2,265,321","143,340,890",64.00,64.30,62.40,62.40,-0.90,"1,405",3661
106/05/22,"1,633,111","100,330,471",62.60,62.90,60.70,61.20,-1.20,990,3661
106/05/23,"1,198,000","73,831,500",61.00,62.50,61.00,61.90,+0.70,748,3661
106/05/24,"899,019","55,455,259",62.50,62.60,61.00,61.00,-0.90,617,3661
106/05/25,"3,576,274","210,984,785",61.60,61.70,57.90,58.00,-3.00,"2,222",3661
106/05/26,"2,913,201","166,076,077",58.00,58.50,56.10,58.50,+0.50,"1,692",3661
106/05/31,"1,512,034","86,934,427",58.70,58.80,56.70,56.70,-1.80,974,3661
106/06/01,"1,563,610","88,477,670",56.70,57.40,55.70,57.00,+0.30,"1,064",3661
106/06/02,"853,100","49,717,680",58.50,58.80,57.80,58.80,+1.80,587,3661
106/06/03,"1,528,415","91,193,468",58.90,60.40,58.40,59.20,+0.40,887,3661
106/06/05,"2,756,332","167,261,283",60.40,61.50,59.60,60.90,+1.70,"1,735",3661
106/06/06,"3,994,204","248,800,906",61.30,63.30,61.30,61.70,+0.80,"2,333",3661
106/06/07,"1,712,000","105,252,500",62.20,62.70,60.30,61.50,-0.20,"1,093",3661
106/06/08,"3,478,314","220,138,458",62.00,64.20,61.10,64.20,+2.70,"2,041",3661
106/06/09,"5,395,426","353,781,900",65.50,66.60,64.40,65.80,+1.60,"3,391",3661
106/06/12,"3,509,388","229,830,344",64.60,66.50,64.30,66.40,+0.60,"1,927",3661
106/06/13,"3,166,328","208,278,751",67.00,67.30,64.40,64.40,-2.00,"2,118",3661
106/06/14,"2,849,134","177,502,353",64.80,64.90,60.90,61.00,-3.40,"1,773",3661
106/06/15,"1,607,455","98,325,119",61.00,62.70,59.60,62.30,+1.30,"1,044",3661
106/06/16,"1,289,455","79,067,410",61.70,62.00,60.70,60.70,-1.60,755,3661
106/06/19,"1,222,552","74,169,649",61.10,61.50,60.10,60.70, 0.00,752,3661
106/06/20,"1,646,300","100,626,800",61.30,62.00,60.50,61.00,+0.30,933,3661
106/06/21,"1,103,544","67,958,328",61.00,62.40,60.30,61.80,+0.80,812,3661
106/06/22,"1,310,159","81,694,010",62.50,63.20,61.60,61.60,-0.20,985,3661
106/06/23,"741,150","45,216,805",61.30,61.50,60.80,60.80,-0.80,566,3661
106/06/26,"774,000","46,735,600",60.80,61.00,59.70,60.00,-0.80,487,3661
106/06/27,"620,000","37,447,400",60.00,61.00,59.70,60.60,+0.60,440,3661
106/06/28,"739,200","44,966,600",60.70,61.50,60.00,60.80,+0.20,491,3661
106/06/29,"2,843,000","177,958,000",61.50,63.40,61.40,62.00,+1.20,"1,844",3661
106/06/30,"1,090,100","66,569,200",61.40,61.70,60.50,61.00,-1.00,720,3661
106/07/03,"787,010","47,637,962",60.60,61.00,60.00,60.70,-0.30,537,3661
106/07/04,"1,030,030","61,699,490",60.50,61.20,59.20,59.20,-1.50,663,3661
106/07/05,"3,915,013","225,771,267",58.60,59.20,56.20,58.90,-0.30,"2,482",3661
106/07/06,"1,239,000","73,657,300",59.00,60.00,58.70,60.00,+1.10,866,3661
106/07/07,"1,078,000","64,939,000",60.20,60.90,59.40,60.90,+0.90,697,3661
106/07/10,"1,815,292","111,825,358",60.90,62.30,60.50,61.80,+0.90,"1,125",3661
106/07/11,"1,613,292","97,854,502",61.00,61.60,60.00,60.00,-1.80,"1,046",3661
106/07/12,"1,817,501","107,113,557",60.00,60.50,58.30,58.30,-1.70,"1,229",3661
106/07/13,"1,903,121","111,261,023",58.50,59.70,57.00,59.70,+1.40,"1,372",3661
106/07/14,"7,805,537","500,821,805",60.30,65.60,59.90,65.20,+5.50,"4,225",3661
106/07/17,"8,115,666","539,954,253",63.70,68.40,63.70,67.70,+2.50,"5,095",3661
106/07/18,"10,473,569","736,417,368",68.50,72.00,67.90,72.00,+4.30,"6,221",3661
106/07/19,"8,957,323","659,156,418",73.60,75.90,70.90,72.20,+0.20,"5,788",3661
106/07/20,"12,394,028","951,407,321",73.60,79.40,73.00,79.40,+7.20,"7,601",3661
106/07/21,"9,941,517","794,963,617",81.50,81.80,78.00,80.40,+1.00,"6,054",3661
106/07/24,"9,601,452","782,809,312",85.90,85.90,79.30,80.00,-0.40,"5,853",3661
106/07/25,"8,549,385","691,749,331",80.00,82.90,79.60,80.60,+0.60,"5,087",3661
106/07/26,"8,618,892","699,296,468",80.80,83.40,79.00,79.00,-1.60,"5,321",3661
106/07/27,"6,276,201","498,410,281",79.40,80.70,78.10,80.40,+1.40,"4,000",3661
106/07/28,"11,972,236","985,425,867",82.00,84.50,80.30,80.80,+0.40,"7,847",3661
106/07/31,"2,745,000","221,013,400",81.20,81.60,79.50,80.00,-0.80,"1,815",3661
106/08/01,"2,593,500","209,307,450",80.90,81.40,79.70,80.60,+0.60,"1,671",3661
106/08/02,"12,978,747","1,107,580,881",81.20,88.60,80.10,88.60,+8.00,"7,437",3661
106/08/03,"9,193,074","780,142,201",87.70,88.00,79.80,79.80,-8.80,"6,027",3661
106/08/04,"11,094,619","866,126,870",76.50,81.50,74.00,78.10,-1.70,"7,323",3661
106/08/07,"9,825,150","788,811,612",81.40,82.40,77.70,78.50,+0.40,"6,177",3661
106/08/08,"5,498,261","429,821,068",79.00,80.40,76.50,76.60,-1.90,"3,824",3661
106/08/09,"4,739,300","368,110,900",76.90,79.80,75.90,78.20,+1.60,"3,387",3661
106/08/10,"9,148,124","670,631,225",79.50,79.80,70.40,70.40,-7.80,"5,894",3661
106/08/11,"4,389,552","311,738,421",69.00,72.30,69.00,71.60,+1.20,"3,027",3661
106/08/14,"5,001,080","353,943,535",72.70,73.60,67.90,69.20,-2.40,"3,307",3661
106/08/15,"5,362,509","389,141,704",71.30,74.90,70.10,72.70,+3.50,"3,720",3661
106/08/16,"2,931,034","215,117,612",73.00,74.60,72.20,72.90,+0.20,"1,985",3661
106/08/17,"2,460,000","180,651,600",73.30,74.20,72.70,74.00,+1.10,"1,638",3661
106/08/18,"5,940,000","448,869,100",73.30,77.00,73.30,74.80,+0.80,"3,993",3661
106/08/21,"2,099,000","157,633,000",75.20,75.80,74.60,74.60,-0.20,"1,379",3661
106/08/22,"6,887,505","534,280,190",75.20,78.90,74.90,77.90,+3.30,"4,436",3661
106/08/23,"5,466,202","434,779,958",79.40,80.50,78.20,78.80,+0.90,"3,604",3661
106/08/24,"3,401,500","269,154,149",78.80,80.30,78.00,79.30,+0.50,"2,100",3661
106/08/25,"16,058,121","1,349,070,822",81.80,86.70,81.80,83.50,+4.20,"9,983",3661
106/08/28,"11,358,128","967,577,960",85.50,87.90,82.70,82.90,-0.60,"6,987",3661
106/08/29,"6,926,269","558,868,853",81.00,82.40,79.00,80.00,-2.90,"4,592",3661
106/08/30,"4,797,765","393,034,532",81.80,83.20,80.60,80.60,+0.60,"3,247",3661
106/08/31,"2,430,082","196,618,683",81.60,82.10,79.60,81.00,+0.40,"1,706",3661
106/09/01,"2,243,150","181,667,440",80.90,81.90,79.90,81.40,+0.40,"1,429",3661
106/09/04,"2,988,191","243,336,280",81.30,82.90,79.70,79.70,-1.70,"1,908",3661
106/09/05,"4,533,489","353,049,138",78.90,79.20,77.10,77.60,-2.10,"2,925",3661
106/09/06,"3,565,060","278,089,400",77.00,79.30,77.00,79.30,+1.70,"2,402",3661
106/09/07,"4,164,243","333,177,347",79.90,81.70,78.10,78.10,-1.20,"2,723",3661
106/09/08,"1,848,481","146,983,728",78.90,80.60,78.50,80.10,+2.00,"1,218",3661
106/09/11,"2,947,282","239,326,124",82.20,82.20,80.20,81.00,+0.90,"1,837",3661
106/09/12,"3,166,250","257,862,300",81.20,82.10,80.00,81.70,+0.70,"2,111",3661
106/09/13,"2,749,490","224,389,543",82.40,82.50,80.60,80.60,-1.10,"1,749",3661
106/09/14,"2,580,050","205,577,200",81.00,81.10,78.00,80.00,-0.60,"1,808",3661
106/09/15,"7,473,451","561,109,795",75.10,76.80,73.70,76.50,-3.50,"4,533",3661
106/09/18,"5,760,372","461,535,314",77.60,81.90,77.60,81.60,+5.10,"3,878",3661
106/09/19,"9,389,340","792,363,250",83.40,86.50,81.00,81.00,-0.60,"5,937",3661
106/09/20,"2,749,000","223,948,700",81.00,82.80,80.30,81.60,+0.60,"1,858",3661
106/09/21,"3,975,740","332,396,360",82.20,84.70,81.60,84.20,+2.60,"2,562",3661
106/09/22,"5,060,520","429,789,780",85.40,86.20,83.60,83.80,-0.40,"3,343",3661
106/09/25,"3,577,930","289,107,274",83.90,84.30,78.50,80.20,-3.60,"2,501",3661
106/09/26,"2,286,050","180,920,415",80.20,81.50,77.50,78.00,-2.20,"1,626",3661
106/09/27,"6,159,466","507,731,879",78.90,85.10,78.70,81.90,+3.90,"3,646",3661
106/09/28,"17,375,206","1,523,808,340",83.90,90.00,83.20,90.00,+8.10,"9,009",3661
106/09/29,"18,487,223","1,659,368,355",91.00,93.30,86.00,86.60,-3.40,"11,862",3661
106/09/30,"11,401,261","1,051,234,846",87.80,95.20,87.10,95.20,+8.60,"7,376",3661
106/10/02,"21,854,957","2,216,393,906",97.90,104.50,96.80,104.50,+9.30,"11,483",3661
106/10/03,"14,097,062","1,479,263,097",103.50,109.00,102.00,109.00,+4.50,"8,202",3661
106/10/05,"17,751,070","1,971,703,091",109.00,116.50,106.00,108.00,-1.00,"11,184",3661
106/10/06,"13,639,330","1,493,882,105",107.00,113.50,106.00,109.50,+1.50,"8,127",3661
106/10/11,"14,950,562","1,694,723,754",116.50,118.00,109.00,113.50,+4.00,"9,121",3661
106/10/12,"10,095,636","1,126,624,004",112.00,114.00,108.00,113.00,-0.50,"6,355",3661
106/10/13,"24,118,311","2,800,766,987",114.50,120.50,110.00,110.00,-3.00,"14,368",3661
106/10/16,"9,439,467","1,022,235,969",110.00,112.00,106.50,107.00,-3.00,"6,245",3661
106/10/17,"16,801,394","1,868,436,853",110.00,115.00,107.50,107.50,+0.50,"10,192",3661
106/10/18,"10,824,462","1,152,819,510",108.00,109.00,103.50,105.00,-2.50,"6,849",3661
106/10/19,"12,680,685","1,399,775,616",106.00,115.50,105.50,115.50,+10.50,"8,161",3661
106/10/20,"15,725,155","1,826,315,445",116.00,119.00,113.00,113.00,-2.50,"9,819",3661
106/10/23,"9,187,036","1,062,426,619",115.00,118.00,113.00,114.50,+1.50,"5,901",3661
106/10/24,"10,849,049","1,329,546,649",115.00,125.50,115.00,125.50,+11.00,"6,186",3661
106/10/25,"20,634,360","2,595,396,700",130.00,131.50,119.00,119.00,-6.50,"12,252",3661
106/10/26,"10,338,403","1,237,541,059",118.00,123.00,116.00,120.50,+1.50,"6,621",3661
106/10/27,"15,356,539","1,845,251,945",123.50,126.50,110.50,113.00,-7.50,"9,661",3661
106/10/30,"7,518,460","855,010,670",115.00,117.50,110.50,114.00,+1.00,"4,891",3661
106/10/31,"6,342,778","720,674,804",115.00,117.00,110.50,117.00,+3.00,"4,378",3661
106/11/01,"11,443,080","1,263,664,380",116.00,116.00,106.00,108.00,-9.00,"7,597",3661
106/11/02,"6,898,040","741,383,259",108.00,111.00,105.00,106.00,-2.00,"4,937",3661
106/11/03,"7,180,588","746,494,476",107.50,108.00,101.50,102.00,-4.00,"4,620",3661
106/11/06,"4,741,061","497,048,995",104.50,106.50,102.50,106.00,+4.00,"3,160",3661
106/11/07,"2,897,250","306,897,750",107.00,107.50,105.00,105.00,-1.00,"1,872",3661
106/11/08,"3,186,120","335,176,600",105.50,107.00,103.00,104.00,-1.00,"2,181",3661
106/11/09,"5,119,667","530,765,100",105.50,108.00,98.80,100.00,-4.00,"3,574",3661
106/11/10,"5,084,358","497,552,017",100.00,101.50,95.80,98.10,-1.90,"3,872",3661
106/11/13,"9,200,469","835,768,110",89.60,93.60,88.50,88.50,-9.60,"5,923",3661
106/11/14,"6,618,800","579,616,718",89.60,90.20,84.80,88.20,-0.30,"4,892",3661
106/11/15,"5,299,835","477,215,620",88.00,92.10,86.70,91.40,+3.20,"4,077",3661
106/11/16,"3,675,094","335,472,652",90.50,92.90,89.50,89.50,-1.90,"2,731",3661
106/11/17,"3,301,393","300,114,598",91.10,91.80,89.70,91.20,+1.70,"2,340",3661
106/11/20,"2,032,898","183,174,104",92.00,92.00,89.00,89.50,-1.70,"1,423",3661
106/11/21,"1,788,806","161,839,463",90.50,91.30,89.90,90.00,+0.50,"1,364",3661
106/11/22,"4,267,306","392,831,574",90.60,94.20,89.50,91.10,+1.10,"3,093",3661
106/11/23,"2,394,500","217,658,300",92.30,92.60,89.60,89.80,-1.30,"1,822",3661
106/11/24,"1,648,500","148,622,600",90.20,91.20,89.40,89.70,-0.10,"1,055",3661
106/11/27,"2,211,120","195,767,420",90.80,90.90,86.20,88.00,-1.70,"1,758",3661
106/11/28,"3,351,990","289,000,239",88.30,89.70,84.40,84.50,-3.50,"2,508",3661
106/11/29,"3,452,558","298,214,946",85.50,87.50,85.10,86.50,+2.00,"2,428",3661
106/11/30,"1,760,430","150,656,692",86.00,86.90,84.20,84.20,-2.30,"1,372",3661
106/12/01,"2,991,000","243,874,700",85.00,85.60,78.00,80.50,-3.70,"2,325",3661
106/12/04,"1,876,541","150,275,949",81.60,81.90,78.80,78.90,-1.60,"1,396",3661
106/12/05,"2,603,548","206,762,036",79.00,81.50,77.00,78.00,-0.90,"1,940",3661
106/12/06,"1,429,215","112,115,777",78.50,79.90,77.10,78.00, 0.00,"1,099",3661
106/12/07,"2,926,086","232,368,380",79.20,80.80,77.60,79.80,+1.80,"2,208",3661
106/12/08,"2,857,810","226,772,280",81.50,81.80,77.70,77.80,-2.00,"2,150",3661
106/12/11,"9,344,385","727,107,039",76.10,82.50,72.00,80.80,+3.00,"6,658",3661
106/12/12,"9,222,016","784,149,860",81.30,88.50,81.20,84.70,+3.90,"6,926",3661
106/12/13,"6,226,732","543,854,504",86.00,88.70,86.00,86.60,+1.90,"4,464",3661
106/12/14,"5,636,185","497,485,193",87.70,90.50,86.20,88.10,+1.50,"3,957",3661
106/12/15,"2,997,380","264,716,330",87.50,89.40,86.50,89.40,+1.30,"2,200",3661
106/12/18,"1,956,326","173,382,351",90.00,90.50,87.80,88.00,-1.40,"1,426",3661
106/12/19,"2,580,340","221,532,367",87.00,87.80,84.10,85.30,-2.70,"1,866",3661
106/12/20,"1,500,000","129,479,100",85.60,87.00,84.50,86.80,+1.50,"1,056",3661
106/12/21,"8,832,436","825,849,892",87.80,95.40,87.80,95.40,+8.60,"5,118",3661
106/12/22,"14,982,086","1,467,504,246",94.90,100.50,94.60,96.90,+1.50,"10,427",3661
106/12/25,"3,262,739","306,497,067",96.30,96.30,92.10,93.70,-3.20,"2,436",3661
106/12/26,"4,844,370","432,464,431",92.80,93.40,86.00,89.50,-4.20,"3,707",3661
106/12/27,"3,907,578","353,521,075",88.00,92.50,88.00,90.00,+0.50,"3,180",3661
106/12/28,"2,004,712","182,022,128",90.00,92.00,89.70,92.00,+2.00,"1,520",3661
106/12/29,"1,602,153","146,267,927",92.30,92.80,90.20,90.50,-1.50,"1,168",3661
107/01/02,"2,403,150","217,383,860",89.60,92.70,88.00,90.60,+0.10,"1,802",3661
107/01/03,"2,764,350","254,676,600",92.00,93.50,91.30,91.50,+0.90,"2,120",3661
107/01/04,"8,027,042","786,525,119",93.00,100.50,92.50,100.50,+9.00,"5,430",3661
107/01/05,"6,998,855","700,332,400",101.00,101.50,98.10,99.20,-1.30,"4,455",3661
107/01/08,"4,500,270","452,441,684",101.50,102.50,97.60,97.60,-1.60,"3,259",3661
107/01/09,"3,179,582","306,190,972",97.60,99.20,94.10,95.80,-1.80,"2,327",3661
107/01/10,"2,683,516","248,887,572",94.80,95.60,91.30,91.90,-3.90,"1,979",3661
107/01/11,"2,189,551","201,965,359",91.90,93.70,91.20,91.30,-0.60,"1,796",3661
107/01/12,"1,597,000","147,280,600",92.00,93.50,91.40,91.80,+0.50,"1,187",3661
107/01/15,"3,847,030","369,866,182",92.80,97.70,92.60,95.40,+3.60,"2,956",3661
107/01/16,"4,957,402","490,078,096",95.50,100.50,95.40,98.00,+2.60,"3,568",3661
107/01/17,"2,195,135","212,215,241",97.00,97.70,95.90,95.90,-2.10,"1,606",3661
107/01/18,"12,338,625","1,265,867,485",97.40,105.00,97.30,102.00,+6.10,"7,585",3661
107/01/19,"14,107,416","1,492,924,512",103.00,109.00,103.00,105.00,+3.00,"9,171",3661
107/01/22,"10,976,865","1,208,194,176",107.00,113.00,105.50,112.00,+7.00,"7,386",3661
107/01/23,"8,606,994","961,528,850",114.00,117.00,107.50,107.50,-4.50,"6,172",3661
107/01/24,"5,778,332","632,971,688",107.00,112.50,105.50,108.50,+1.00,"4,315",3661
107/01/25,"10,076,475","1,192,906,025",115.00,119.00,115.00,119.00,+10.50,"5,090",3661
107/01/26,"15,877,715","1,930,683,015",123.50,124.50,117.50,120.50,+1.50,"10,899",3661
107/01/29,"12,881,581","1,616,752,949",121.00,132.00,119.50,129.00,+8.50,"8,419",3661
107/01/30,"7,503,084","942,139,332",128.00,131.00,121.00,122.50,-6.50,"5,310",3661
107/01/31,"6,758,400","799,610,700",119.50,122.00,114.50,118.00,-4.50,"4,855",3661
107/02/01,"3,449,362","408,791,992",120.00,121.50,115.00,115.00,-3.00,"2,595",3661
107/02/02,"5,059,235","595,337,582",113.50,120.50,113.50,117.50,+2.50,"3,814",3661
107/02/05,"4,455,146","493,070,129",110.00,112.50,109.00,109.50,-8.00,"2,988",3661
107/02/06,"4,271,791","426,742,791",101.00,102.50,98.60,98.60,-10.90,"2,641",3661
107/02/07,"6,181,960","625,509,922",102.50,104.00,96.90,96.90,-1.70,"4,246",3661
107/02/08,"4,738,230","462,411,685",97.30,100.00,95.00,99.50,+2.60,"3,592",3661
107/02/09,"4,627,050","450,758,525",95.00,99.60,94.90,98.50,-1.00,"3,327",3661
107/02/12,"3,773,250","374,794,850",97.50,102.00,96.40,101.00,+2.50,"2,914",3661
107/02/21,"2,708,360","296,336,960",108.00,111.00,106.00,111.00,+10.00,"1,751",3661
107/02/22,"9,338,068","1,084,408,986",112.50,119.50,111.00,118.00,+7.00,"6,637",3661
107/02/23,"9,683,539","1,171,538,524",121.00,125.50,115.50,115.50,-2.50,"6,947",3661
107/02/26,"4,307,909","511,265,762",120.50,121.00,116.50,118.00,+2.50,"3,138",3661
107/02/27,"3,416,390","400,648,630",120.00,121.00,115.00,115.50,-2.50,"2,398",3661
107/03/01,"3,825,986","450,164,306",114.00,121.50,113.00,121.00,+5.50,"2,788",3661
107/03/02,"4,569,881","549,388,720",118.00,122.50,117.50,119.00,-2.00,"3,199",3661
107/03/05,"18,725,111","2,383,153,375",120.00,130.50,120.00,124.50,+5.50,"10,879",3661
107/03/06,"18,180,549","2,390,135,438",129.00,136.50,127.50,136.50,+12.00,"10,928",3661
107/03/07,"18,794,371","2,588,371,343",134.50,144.00,133.00,133.00,-3.50,"12,361",3661
107/03/08,"9,627,630","1,285,510,713",136.50,139.00,128.00,130.00,-3.00,"6,516",3661
107/03/09,"5,995,214","772,352,496",131.00,132.00,126.00,128.50,-1.50,"4,324",3661
107/03/12,"12,503,498","1,673,466,986",141.00,141.00,128.00,130.50,+2.00,"8,116",3661
107/03/13,"5,093,739","667,098,070",130.00,133.50,128.50,130.00,-0.50,"3,430",3661
107/03/14,"8,987,850","1,201,878,050",132.00,136.50,130.50,133.50,+3.50,"6,229",3661
107/03/15,"3,175,723","422,304,105",133.50,135.00,130.50,135.00,+1.50,"2,322",3661
107/03/16,"8,361,650","1,153,793,420",138.00,141.50,133.50,133.50,-1.50,"5,733",3661
107/03/19,"5,036,598","679,658,527",134.50,137.50,132.00,135.50,+2.00,"3,420",3661
107/03/20,"3,766,417","508,853,084",134.50,138.00,132.50,134.50,-1.00,"2,710",3661
107/03/21,"13,727,785","1,946,287,285",137.50,147.50,134.00,147.50,+13.00,"8,690",3661
107/03/22,"11,763,440","1,695,063,900",145.00,149.50,133.00,134.50,-13.00,"8,052",3661
107/03/23,"5,868,125","760,515,186",126.00,133.00,126.00,130.00,-4.50,"4,144",3661
107/03/26,"6,150,450","823,228,450",132.50,136.50,131.00,132.50,+2.50,"4,431",3661
107/03/27,"2,689,197","367,332,792",136.50,139.00,135.00,135.00,+2.50,"2,079",3661
107/03/28,"2,354,631","320,170,792",135.50,139.50,132.00,132.00,-3.00,"1,969",3661
107/03/29,"1,347,174","179,056,377",135.00,135.50,131.00,131.00,-1.00,"1,070",3661
107/03/30,"5,205,092","651,680,584",132.50,134.00,119.00,119.50,-11.50,"3,993",3661
107/03/31,"3,353,320","397,782,080",120.50,121.00,115.00,119.00,-0.50,"2,529",3661
107/04/02,"3,101,632","373,588,604",120.00,122.50,118.00,122.00,+3.00,"2,494",3661
107/04/03,"3,079,745","367,268,900",120.00,121.50,117.00,119.50,-2.50,"2,210",3661
107/04/09,"2,557,970","299,376,580",120.50,121.00,115.00,115.00,-4.50,"1,958",3661
107/04/10,"3,782,284","445,560,080",115.50,120.00,113.50,119.50,+4.50,"2,947",3661
107/04/11,"5,036,438","610,787,711",118.50,124.50,117.00,120.50,+1.00,"3,728",3661
107/04/12,"8,675,018","1,095,149,845",121.00,129.00,121.00,129.00,+8.50,"6,046",3661
107/04/13,"9,540,889","1,272,717,126",130.00,136.50,130.00,134.00,+5.00,"6,568",3661
107/04/16,"4,451,551","592,986,732",134.50,136.50,131.00,132.00,-2.00,"3,141",3661
107/04/17,"2,959,048","382,103,569",133.00,133.50,127.00,127.50,-4.50,"2,279",3661
107/04/18,"6,417,778","807,456,750",130.00,132.50,121.00,125.50,-2.00,"4,596",3661
107/04/19,"4,819,342","611,234,605",126.50,129.00,123.50,127.50,+2.00,"3,336",3661
107/04/20,"5,676,366","739,094,080",125.00,134.50,123.50,130.00,+2.50,"4,176",3661
107/04/23,"3,911,376","506,598,940",131.00,133.50,127.00,127.50,-2.50,"2,584",3661
107/04/24,"4,151,453","510,857,219",128.50,129.00,119.50,123.00,-4.50,"2,885",3661
107/04/25,"5,406,210","644,927,724",121.00,124.00,115.00,122.50,-0.50,"3,737",3661
107/04/26,"5,327,259","666,658,116",124.00,128.00,122.00,124.50,+2.00,"3,808",3661
107/04/27,"12,126,271","1,612,418,488",128.00,136.50,128.00,136.50,+12.00,"7,456",3661
107/04/30,"10,966,641","1,504,345,817",139.00,140.00,133.00,137.00,+0.50,"6,990",3661
107/05/02,"11,628,300","1,654,877,200",138.00,146.00,137.00,144.50,+7.50,"7,894",3661
107/05/03,"16,846,912","2,343,496,341",148.00,151.00,130.50,130.50,-14.00,"11,070",3661
107/05/04,"6,587,037","862,684,884",130.50,134.50,128.00,132.00,+1.50,"4,652",3661
107/05/07,"4,181,390","555,264,870",134.50,135.50,130.50,131.50,-0.50,"3,050",3661
107/05/08,"3,980,720","531,374,260",132.50,136.00,130.50,133.00,+1.50,"2,809",3661
107/05/09,"3,265,690","442,497,150",134.50,137.00,134.00,135.00,+2.00,"2,390",3661
107/05/10,"6,405,550","888,155,200",137.00,141.50,134.00,134.00,-1.00,"4,654",3661
107/05/11,"4,242,230","558,674,130",135.00,135.50,128.50,130.00,-4.00,"3,043",3661
107/05/14,"4,207,835","554,065,560",126.00,135.50,126.00,135.00,+5.00,"3,148",3661
107/05/15,"3,656,120","493,662,840",135.00,138.50,131.00,131.00,-4.00,"2,748",3661
107/05/16,"3,869,205","519,130,367",134.00,137.50,131.50,132.00,+1.00,"2,897",3661
107/05/17,"6,048,795","826,196,517",134.50,139.00,134.00,135.50,+3.50,"4,362",3661
107/05/18,"3,763,122","503,647,226",136.50,138.00,130.50,131.50,-4.00,"2,787",3661
107/05/21,"2,120,266","284,074,942",133.50,136.00,132.00,136.00,+4.50,"1,566",3661
107/05/22,"4,353,210","597,497,060",138.00,140.00,135.00,135.00,-1.00,"2,965",3661
107/05/23,"2,740,061","372,684,418",135.00,139.00,133.00,138.00,+3.00,"2,089",3661
107/05/24,"2,230,350","307,431,124",139.50,140.50,136.00,137.00,-1.00,"1,648",3661
107/05/25,"4,958,270","693,754,433",137.00,142.50,135.50,139.00,+2.00,"3,631",3661
107/05/28,"10,305,995","1,508,754,265",140.50,152.50,139.00,146.00,+7.00,"6,641",3661
107/05/29,"6,502,178","945,195,666",146.00,150.50,140.50,141.00,-5.00,"4,734",3661
107/05/30,"3,040,855","421,091,913",140.00,141.50,136.00,138.50,-2.50,"2,271",3661
107/05/31,"2,875,468","394,702,180",141.50,142.00,132.00,133.00,-5.50,"2,166",3661
107/06/01,"2,099,130","284,663,480",134.00,138.00,133.50,136.00,+3.00,"1,658",3661
107/06/04,"5,336,973","745,741,462",138.50,143.50,136.00,137.50,+1.50,"3,945",3661
107/06/05,"10,151,560","1,460,118,200",139.50,148.00,139.50,142.50,+5.00,"7,343",3661
107/06/06,"4,986,621","723,536,595",146.00,147.00,143.50,144.50,+2.00,"3,769",3661
107/06/07,"5,031,874","738,364,470",147.50,150.00,143.00,150.00,+5.50,"3,628",3661
107/06/08,"8,890,142","1,437,255,930",154.00,165.00,154.00,165.00,+15.00,"4,939",3661
107/06/11,"13,034,753","2,054,631,582",165.00,165.00,151.00,151.00,-14.00,"8,054",3661
107/06/12,"8,945,190","1,339,054,141",153.00,155.00,143.00,145.50,-5.50,"6,312",3661
107/06/13,"3,878,601","567,761,853",148.50,149.50,143.50,144.50,-1.00,"2,985",3661
107/06/14,"1,758,460","255,701,240",147.00,147.50,144.00,144.00,-0.50,"1,409",3661
107/06/15,"3,127,392","461,643,124",145.50,149.50,144.50,146.50,+2.50,"2,497",3661
107/06/19,"2,222,452","323,204,717",145.00,148.00,143.00,144.00,-2.50,"1,648",3661
107/06/20,"3,181,500","455,704,750",145.50,147.50,137.00,142.50,-1.50,"2,471",3661
107/06/21,"2,433,041","343,448,527",142.50,145.00,138.00,138.50,-4.00,"1,827",3661
107/06/22,"3,904,929","535,541,918",136.00,143.00,131.50,142.50,+4.00,"3,103",3661
107/06/25,"2,952,278","410,106,723",143.00,144.00,135.50,136.50,-6.00,"2,275",3661
107/06/26,"1,892,470","254,625,950",135.50,137.50,133.50,134.00,-2.50,"1,533",3661
107/06/27,"3,018,558","411,962,888",135.00,139.50,134.00,135.00,+1.00,"2,358",3661
107/06/28,"1,700,202","228,272,270",134.00,136.50,132.00,132.00,-3.00,"1,345",3661
107/06/29,"1,030,327","137,996,807",133.50,135.50,133.00,135.00,+3.00,867,3661
107/07/02,"1,110,842","149,089,009",136.00,137.00,132.00,132.00,-3.00,942,3661
107/07/03,"4,144,115","570,914,042",134.00,142.00,134.00,138.00,+6.00,"3,273",3661
107/07/04,"4,654,244","650,812,536",140.00,142.50,135.00,135.50,-2.50,"3,460",3661
107/07/05,"4,592,147","599,551,477",135.00,135.00,128.00,130.00,-5.50,"3,468",3661
107/07/06,"2,376,421","315,222,543",132.50,137.00,128.50,136.00,+6.00,"1,909",3661
107/07/09,"1,898,510","256,655,614",135.50,137.00,132.00,136.50,+0.50,"1,424",3661
107/07/10,"1,777,301","245,413,140",139.00,140.00,136.00,138.50,+2.00,"1,311",3661
107/07/11,"1,719,050","233,576,500",135.00,139.00,133.00,139.00,+0.50,"1,390",3661
107/07/12,"4,032,500","574,086,500",138.00,145.50,138.00,140.00,+1.00,"3,095",3661
107/07/13,"2,105,394","300,650,948",142.50,144.50,141.50,143.00,+3.00,"1,592",3661
107/07/16,"1,763,708","254,719,452",144.00,146.00,141.50,145.50,+2.50,"1,410",3661
107/07/17,"5,325,103","786,842,126",145.50,151.00,141.00,141.00,-4.50,"4,101",3661
107/07/18,"2,450,701","349,483,391",143.00,145.50,139.00,142.50,+1.50,"1,893",3661
107/07/19,"2,554,751","369,929,646",143.50,147.00,142.00,143.50,+1.00,"1,953",3661
107/07/20,"3,261,270","475,043,650",146.00,148.50,142.00,145.00,+1.50,"2,472",3661
107/07/23,"4,662,225","627,514,700",144.00,145.00,130.50,130.50,-14.50,"3,316",3661
107/07/24,"3,336,472","438,383,692",129.00,134.50,128.50,134.50,+4.00,"2,387",3661
107/07/25,"2,079,167","279,686,712",133.00,136.50,132.00,136.00,+1.50,"1,553",3661
107/07/26,"1,413,142","189,058,454",135.00,135.50,132.50,132.50,-3.50,"1,100",3661
107/07/27,"5,107,612","642,914,590",120.00,132.50,120.00,131.50,-1.00,"3,806",3661
107/07/30,"2,405,190","306,918,793",130.50,131.50,124.50,124.50,-7.00,"1,692",3661
107/07/31,"4,788,334","591,410,748",124.50,128.00,119.00,120.50,-4.00,"3,514",3661
107/08/01,"2,776,972","344,917,957",123.00,126.00,122.50,124.00,+3.50,"2,021",3661
107/08/02,"1,265,710","155,117,264",124.50,125.00,121.00,121.50,-2.50,"1,037",3661
107/08/03,"3,077,636","387,372,272",122.50,127.50,122.50,126.00,+4.50,"2,346",3661
107/08/06,"1,523,682","188,702,750",124.00,126.00,122.50,123.00,-3.00,"1,160",3661
107/08/07,"1,331,115","166,315,317",124.00,126.00,124.00,124.50,+1.50,"1,042",3661
107/08/08,"1,395,121","175,930,185",125.50,128.00,124.00,124.50, 0.00,"1,061",3661
107/08/09,"969,281","119,383,563",124.50,125.50,121.50,121.50,-3.00,767,3661
107/08/10,"1,204,305","147,595,515",121.00,124.00,120.00,123.50,+2.00,982,3661
107/08/13,"4,139,237","475,036,423",122.00,122.00,111.50,111.50,-12.00,"2,516",3661
107/08/14,"5,543,750","591,421,750",108.50,111.00,101.50,109.00,-2.50,"4,029",3661
107/08/15,"1,677,101","178,154,458",109.50,109.50,104.50,104.50,-4.50,"1,289",3661
107/08/16,"4,194,260","423,772,570",102.00,104.00,99.10,103.50,-1.00,"3,164",3661
107/08/17,"2,422,003","257,763,818",106.00,108.50,104.50,104.50,+1.00,"1,779",3661
107/08/20,"1,366,492","139,835,429",103.50,104.50,101.00,101.00,-3.50,"1,061",3661
107/08/21,"1,434,220","149,814,150",102.00,106.50,102.00,106.50,+5.50,"1,156",3661
107/08/22,"975,100","103,424,150",106.00,108.00,105.00,105.00,-1.50,840,3661
107/08/23,"4,103,220","443,270,429",107.00,110.50,105.00,105.00, 0.00,"3,102",3661
107/08/24,"1,345,200","138,672,199",104.00,105.50,101.00,102.50,-2.50,"1,036",3661
107/08/27,"847,246","89,695,068",104.50,107.50,103.50,107.50,+5.00,664,3661
107/08/28,"3,141,392","351,668,512",108.50,114.50,108.50,109.50,+2.00,"2,249",3661
107/08/29,"3,236,323","368,472,306",113.00,115.50,111.00,113.00,+3.50,"2,204",3661
107/08/30,"1,233,585","138,442,520",112.50,114.00,110.50,110.50,X0.00,985,3661
107/08/31,"1,390,250","156,690,875",109.50,114.50,108.50,114.00,+3.50,"1,104",3661
107/09/03,"1,733,488","192,362,168",113.50,114.50,108.50,109.50,-4.50,"1,188",3661
107/09/04,"1,827,752","206,730,851",111.50,114.50,111.50,112.50,+3.00,"1,417",3661
107/09/05,"4,755,800","549,612,300",112.50,119.00,111.50,115.00,+2.50,"3,559",3661
107/09/06,"2,244,307","251,856,191",113.00,114.00,110.50,111.50,-3.50,"1,740",3661
107/09/07,"4,781,161","494,407,583",109.00,110.50,100.50,102.00,-9.50,"3,142",3661
107/09/10,"3,369,306","322,711,781",102.00,102.00,91.80,91.80,-10.20,"2,467",3661
107/09/11,"4,376,204","400,898,471",90.60,96.90,87.50,96.90,+5.10,"3,385",3661
107/09/12,"3,488,772","326,515,440",95.10,96.50,91.10,92.70,-4.20,"2,937",3661
107/09/13,"4,364,589","426,947,935",93.10,101.50,93.10,96.30,+3.60,"3,513",3661
107/09/14,"4,323,293","438,079,279",97.40,104.50,97.40,101.50,+5.20,"3,293",3661
107/09/17,"2,601,575","267,909,800",100.00,105.00,100.00,102.00,+0.50,"1,993",3661
107/09/18,"2,274,081","226,236,300",101.00,101.00,98.10,99.00,-3.00,"1,799",3661
107/09/19,"1,952,505","196,170,344",101.00,103.00,98.60,98.60,-0.40,"1,503",3661
107/09/20,"3,927,332","352,718,173",91.00,93.10,88.80,88.80,-9.80,"2,746",3661
107/09/21,"6,361,285","558,764,720",87.50,92.00,84.70,92.00,+3.20,"4,587",3661
107/09/25,"2,359,295","211,745,245",89.60,91.00,88.70,90.80,-1.20,"1,849",3661
107/09/26,"1,161,100","105,585,560",90.30,92.40,90.00,90.00,-0.80,952,3661
107/09/27,"881,025","79,340,647",89.90,91.40,89.00,89.30,-0.70,780,3661
107/09/28,"1,778,451","160,719,714",90.90,92.70,88.60,88.60,-0.70,"1,483",3661
107/10/01,"1,309,123","116,590,493",88.60,90.30,87.50,89.50,+0.90,"1,153",3661
107/10/02,"750,032","66,946,250",89.70,90.10,88.70,88.80,-0.70,610,3661
107/10/03,"1,218,000","106,298,700",89.10,89.80,85.10,85.50,-3.30,"1,015",3661
107/10/04,"1,462,041","125,413,619",85.00,87.80,83.50,87.40,+1.90,"1,116",3661
107/10/05,"3,060,075","248,916,534",85.50,86.40,78.70,79.00,-8.40,"2,076",3661
107/10/08,"2,280,100","180,772,615",78.00,80.70,77.70,79.00, 0.00,"1,754",3661
107/10/09,"3,050,151","231,636,930",79.00,80.00,72.30,77.50,-1.50,"2,426",3661
107/10/11,"1,871,750","131,024,342",70.00,71.80,69.80,69.80,-7.70,"1,044",3661
107/10/12,"2,021,200","142,714,500",69.00,72.40,69.00,71.60,+1.80,"1,545",3661
107/10/15,"1,562,240","114,722,123",71.00,75.10,70.70,73.70,+2.10,"1,163",3661
107/10/16,"1,500,241","112,909,675",73.40,76.70,73.10,74.20,+0.50,"1,214",3661
107/10/17,"1,055,611","79,620,727",75.50,77.00,74.20,75.00,+0.80,838,3661
107/10/18,"917,021","67,267,547",74.50,75.90,71.50,72.60,-2.40,776,3661
107/10/19,"1,129,035","79,594,137",69.80,72.30,69.30,72.00,-0.60,914,3661
107/10/22,"724,146","52,951,004",71.00,74.50,70.60,73.20,+1.20,611,3661
107/10/23,"930,003","66,470,813",72.50,74.00,69.50,69.50,-3.70,740,3661
107/10/24,"1,087,360","76,441,380",70.20,72.20,68.00,70.80,+1.30,928,3661
107/10/25,"1,476,082","98,305,435",66.00,68.40,65.00,65.80,-5.00,"1,135",3661
107/10/26,"1,712,240","111,053,400",67.00,67.80,62.80,64.00,-1.80,"1,292",3661
107/10/29,"1,150,500","73,157,547",66.40,66.40,62.60,63.20,-0.80,916,3661
107/10/30,"1,358,000","85,679,100",63.20,64.30,61.60,63.00,-0.20,"1,163",3661
107/10/31,"1,955,763","132,139,771",64.20,69.30,64.20,69.30,+6.30,"1,537",3661
107/11/01,"3,634,730","269,818,462",70.30,76.00,69.80,74.60,+5.30,"2,567",3661
107/11/02,"3,449,767","278,047,394",76.40,82.00,76.40,82.00,+7.40,"2,099",3661
107/11/05,"4,979,235","404,955,470",83.20,84.00,78.20,80.50,-1.50,"3,723",3661
107/11/06,"2,141,602","167,481,409",80.50,81.20,76.00,76.80,-3.70,"1,662",3661
107/11/07,"2,868,373","226,849,521",77.60,81.70,76.80,81.70,+4.90,"2,292",3661
107/11/08,"2,349,914","189,891,588",83.40,83.90,78.10,79.20,-2.50,"1,817",3661
107/11/09,"686,101","53,877,729",79.00,79.80,77.70,78.60,-0.60,593,3661
107/11/12,"758,025","60,132,989",78.00,80.40,77.80,79.60,+1.00,652,3661
107/11/13,"1,141,050","88,307,250",76.00,79.30,75.30,78.80,-0.80,967,3661
107/11/14,"972,414","77,910,687",78.80,81.30,78.80,79.20,+0.40,832,3661
107/11/15,"3,456,046","260,780,246",80.00,80.00,73.60,75.60,-3.60,"2,823",3661
107/11/16,"4,752,263","344,358,739",74.80,75.00,70.90,71.40,-4.20,"3,633",3661
107/11/19,"2,825,300","211,738,440",71.10,76.90,71.00,76.50,+5.10,"2,269",3661
107/11/20,"1,813,105","139,073,290",75.20,78.00,74.80,78.00,+1.50,"1,495",3661
107/11/21,"1,718,059","133,877,902",77.90,79.70,76.30,78.00, 0.00,"1,432",3661
107/11/22,"2,134,040","166,833,659",79.00,79.80,76.30,76.30,-1.70,"1,629",3661
107/11/23,"1,456,101","109,104,725",77.00,77.20,73.10,73.20,-3.10,"1,170",3661
107/11/26,"2,183,100","163,500,139",72.90,76.50,72.90,75.20,+2.00,"1,802",3661
107/11/27,"1,128,053","85,378,279",75.20,77.10,74.10,76.90,+1.70,985,3661
107/11/28,"4,683,266","364,236,512",77.60,80.00,75.60,76.40,-0.50,"3,582",3661
107/11/29,"7,107,701","567,470,381",77.90,81.50,77.50,81.00,+4.60,"4,860",3661
107/11/30,"11,238,384","965,387,768",82.70,89.10,82.70,84.10,+3.10,"7,246",3661
107/12/03,"6,600,560","576,823,364",84.80,89.60,84.80,86.60,+2.50,"4,640",3661
107/12/04,"3,473,345","292,008,327",86.00,86.40,82.80,82.90,-3.70,"2,612",3661
107/12/05,"4,661,152","364,702,204",80.00,80.90,75.80,76.70,-6.20,"3,673",3661
107/12/06,"4,052,091","297,642,923",76.20,77.30,70.90,72.60,-4.10,"3,094",3661
107/12/07,"2,766,075","201,302,076",73.50,74.60,71.00,72.50,-0.10,"2,220",3661
107/12/10,"3,122,214","214,465,566",69.70,71.00,66.20,68.00,-4.50,"2,364",3661
107/12/11,"2,387,115","167,988,056",69.10,71.80,69.00,70.90,+2.90,"1,865",3661
107/12/12,"3,574,410","267,383,100",72.10,76.50,72.00,76.00,+5.10,"2,731",3661
107/12/13,"2,889,200","218,213,760",76.60,77.10,74.00,75.30,-0.70,"2,223",3661
107/12/14,"1,543,199","115,596,025",75.50,76.10,73.80,75.00,-0.30,"1,251",3661
107/12/17,"2,716,020","199,849,798",75.00,75.60,72.10,72.20,-2.80,"2,066",3661
107/12/18,"3,256,002","229,207,346",71.20,71.70,69.20,71.30,-0.90,"2,422",3661
107/12/19,"1,386,250","99,198,596",72.00,72.60,70.50,71.00,-0.30,"1,118",3661
107/12/20,"1,694,004","119,350,584",69.80,71.90,68.90,70.80,-0.20,"1,272",3661
107/12/21,"2,217,055","158,599,635",71.00,72.80,69.60,72.50,+1.70,"1,824",3661
107/12/22,"990,020","70,717,427",72.40,72.50,70.70,71.00,-1.50,725,3661
107/12/24,"2,437,346","177,874,404",71.30,74.80,70.80,73.60,+2.60,"1,994",3661
107/12/25,"2,454,011","173,420,701",71.10,71.60,69.70,70.20,-3.40,"1,978",3661
107/12/26,"1,543,200","108,822,937",71.00,72.10,68.90,69.00,-1.20,"1,211",3661
107/12/27,"1,369,130","96,180,824",71.00,71.20,69.50,69.60,+0.60,"1,163",3661
107/12/28,"1,252,037","86,486,990",70.00,70.30,68.40,69.00,-0.60,"1,010",3661
108/01/02,"840,225","58,566,789",70.30,70.50,69.10,69.30,+0.30,617,3661
108/01/03,"2,268,104","156,020,866",69.30,70.70,67.20,67.60,-1.70,"1,671",3661
108/01/04,"2,566,107","172,151,130",67.00,69.50,64.20,69.40,+1.80,"2,037",3661
108/01/07,"2,660,033","187,421,010",71.80,71.80,69.40,69.40, 0.00,"2,026",3661
108/01/08,"2,042,289","143,597,683",69.60,71.00,69.10,70.40,+1.00,"1,643",3661
108/01/09,"4,165,199","303,674,498",71.70,74.00,71.50,72.40,+2.00,"2,936",3661
108/01/10,"1,986,018","142,917,399",71.70,73.00,70.90,71.70,-0.70,"1,566",3661
108/01/11,"7,289,103","545,765,022",74.00,76.50,73.10,73.60,+1.90,"5,252",3661
108/01/14,"2,108,355","153,094,360",74.00,74.10,71.30,72.00,-1.60,"1,526",3661
108/01/15,"1,348,549","97,375,702",72.50,73.00,71.60,72.00, 0.00,"1,125",3661
108/01/16,"5,592,611","418,503,500",72.70,76.00,72.40,75.30,+3.30,"4,098",3661
108/01/17,"6,622,103","506,404,765",77.10,78.70,74.10,74.40,-0.90,"4,727",3661
108/01/18,"3,279,204","248,407,001",75.40,76.50,74.50,76.00,+1.60,"2,369",3661
108/01/21,"4,833,573","375,169,272",78.00,78.70,76.30,77.00,+1.00,"3,614",3661
108/01/22,"1,967,214","148,297,247",76.30,76.80,74.60,74.60,-2.40,"1,570",3661
108/01/23,"1,975,223","149,352,249",74.30,76.60,74.30,75.50,+0.90,"1,647",3661
108/01/24,"1,213,260","91,747,860",75.90,76.40,75.00,75.60,+0.10,945,3661
108/01/25,"4,440,844","344,124,592",76.80,78.40,76.40,77.50,+1.90,"3,156",3661
108/01/28,"3,884,160","304,901,490",79.00,79.50,77.60,77.90,+0.40,"2,833",3661
108/01/29,"1,430,123","109,531,394",77.40,77.40,76.00,76.60,-1.30,"1,092",3661
108/01/30,"1,306,429","100,873,581",77.50,77.80,76.80,76.90,+0.30,"1,022",3661
108/02/11,"1,867,499","145,884,736",77.90,78.70,77.10,78.50,+1.60,"1,518",3661
108/02/12,"2,158,269","169,410,169",78.70,79.10,77.90,79.00,+0.50,"1,611",3661
108/02/13,"5,502,708","447,815,759",79.60,83.50,79.30,80.90,+1.90,"3,988",3661
108/02/14,"2,180,221","176,538,468",81.20,82.00,79.90,80.10,-0.80,"1,728",3661
108/02/15,"1,756,600","139,427,807",80.30,81.40,78.10,78.30,-1.80,"1,438",3661
108/02/18,"6,396,050","529,375,896",81.80,84.50,81.40,82.60,+4.30,"4,725",3661
108/02/19,"7,497,825","629,769,404",83.60,85.80,82.50,83.70,+1.10,"5,223",3661
108/02/20,"5,376,016","453,973,237",84.10,85.50,83.30,84.40,+0.70,"3,841",3661
108/02/21,"8,130,700","704,161,800",85.20,88.50,85.10,86.20,+1.80,"6,018",3661
108/02/22,"2,393,037","205,867,415",86.50,86.90,85.10,86.90,+0.70,"1,852",3661
108/02/25,"3,627,077","317,571,609",88.30,88.50,86.30,88.00,+1.10,"2,707",3661
108/02/26,"5,280,818","457,840,345",88.10,89.50,84.30,84.30,-3.70,"3,849",3661
108/02/27,"3,481,468","293,073,850",84.50,86.50,82.00,86.50,+2.20,"2,707",3661
108/03/04,"1,834,590","158,759,307",86.70,87.50,86.00,86.20,-0.30,"1,427",3661
108/03/05,"1,257,061","107,337,509",85.10,86.60,84.30,84.50,-1.70,"1,025",3661
108/03/06,"1,795,209","152,269,829",85.00,85.70,84.30,84.70,+0.20,"1,284",3661
108/03/07,"2,450,102","208,319,812",85.00,86.40,83.50,83.70,-1.00,"1,811",3661
108/03/08,"1,742,400","145,759,218",83.20,84.80,82.80,84.60,+0.90,"1,364",3661
108/03/11,"1,073,183","90,981,268",84.50,85.40,83.90,85.00,+0.40,857,3661
108/03/12,"2,537,750","217,459,621",86.30,87.00,84.30,84.60,-0.40,"1,839",3661
108/03/13,"1,615,255","136,327,788",84.60,85.30,83.50,84.00,-0.60,"1,280",3661
108/03/14,"1,843,272","153,332,138",84.10,84.70,82.10,82.40,-1.60,"1,380",3661
108/03/15,"2,496,113","207,636,500",82.60,84.40,82.00,83.80,+1.40,"1,904",3661
108/03/18,"7,869,885","625,477,788",79.60,81.50,77.90,78.40,-5.40,"4,724",3661
108/03/19,"3,561,553","275,891,138",78.70,79.40,76.10,76.30,-2.10,"2,895",3661
108/03/20,"2,190,649","166,495,062",76.40,77.20,74.50,76.50,+0.20,"1,737",3661
108/03/21,"1,389,180","106,492,560",76.90,77.20,76.00,76.50, 0.00,"1,060",3661
108/03/22,"1,184,171","90,987,982",77.30,77.50,76.20,76.60,+0.10,904,3661
108/03/25,"974,078","73,174,767",74.80,75.70,74.60,74.90,-1.70,827,3661
108/03/26,"730,157","54,872,134",75.40,75.90,74.80,74.80,-0.10,615,3661
108/03/27,"974,822","73,287,891",74.80,75.60,74.60,75.50,+0.70,788,3661
108/03/28,"859,824","64,232,289",75.50,75.60,73.90,74.20,-1.30,718,3661
108/03/29,"1,031,400","76,592,100",74.50,74.80,73.50,74.40,+0.20,914,3661
108/04/01,"1,015,500","76,482,991",74.50,75.80,74.50,75.30,+0.90,796,3661
108/04/02,"4,696,232","365,734,596",75.80,79.20,75.70,78.30,+3.00,"3,490",3661
108/04/03,"3,486,192","276,612,568",79.60,81.00,78.50,78.50,+0.20,"2,787",3661
108/04/08,"1,577,388","124,875,022",79.60,79.70,78.60,78.70,+0.20,"1,363",3661
108/04/09,"1,692,060","133,744,040",79.30,79.80,78.10,78.10,-0.60,"1,343",3661
108/04/10,"2,309,145","176,241,985",77.60,77.60,75.60,76.70,-1.40,"1,615",3661
108/04/11,"5,921,209","475,099,829",80.10,81.50,79.10,79.20,+2.50,"4,427",3661
108/04/12,"2,310,037","180,068,723",79.20,79.70,76.70,77.40,-1.80,"1,857",3661
108/04/15,"879,117","68,571,243",78.00,78.60,77.70,77.90,+0.50,748,3661
108/04/16,"1,015,518","78,670,534",78.20,78.60,76.90,76.90,-1.00,868,3661
108/04/17,"2,189,300","172,697,900",77.60,80.40,77.50,78.00,+1.10,"1,739",3661
108/04/18,"1,427,132","112,454,428",79.30,80.00,77.40,77.80,-0.20,"1,130",3661
108/04/19,"9,578,834","789,998,664",79.40,85.50,79.30,85.50,+7.70,"6,746",3661
108/04/22,"7,199,627","622,320,425",88.50,88.50,83.80,83.80,-1.70,"4,908",3661
108/04/23,"4,956,217","421,834,003",84.30,87.10,82.30,86.20,+2.40,"3,692",3661
108/04/24,"4,593,174","398,814,552",87.00,88.40,85.50,86.50,+0.30,"3,205",3661
108/04/25,"6,693,824","587,795,988",86.50,88.80,86.50,87.00,+0.50,"4,743",3661
108/04/26,"3,356,189","280,705,687",85.90,86.00,82.20,82.70,-4.30,"2,558",3661
108/04/29,"2,073,231","168,679,079",83.00,83.60,80.30,81.50,-1.20,"1,418",3661
108/04/30,"1,234,301","99,460,853",81.40,81.80,79.50,81.10,-0.40,"1,074",3661
108/05/02,"909,695","74,222,662",80.80,82.40,80.80,81.30,+0.20,718,3661
108/05/03,"6,528,729","560,870,323",82.60,87.70,82.60,87.00,+5.70,"4,773",3661
108/05/06,"4,761,960","391,190,280",81.50,83.00,81.00,82.30,-4.70,"3,463",3661
108/05/07,"2,262,236","186,415,701",83.10,83.30,81.40,82.00,-0.30,"1,698",3661
108/05/08,"1,264,120","102,477,977",80.90,82.00,80.10,81.40,-0.60,972,3661
108/05/09,"2,837,291","224,433,089",81.30,82.10,76.70,77.80,-3.60,"2,117",3661
108/05/10,"1,800,151","140,447,919",78.60,79.50,76.50,78.80,+1.00,"1,385",3661
108/05/13,"2,291,262","183,534,460",79.40,81.70,78.30,79.20,+0.40,"1,769",3661
108/05/14,"2,358,020","188,729,108",78.40,80.70,78.40,80.30,+1.10,"1,716",3661
108/05/15,"1,618,051","130,395,964",81.00,81.60,79.50,79.70,-0.60,"1,254",3661
108/05/16,"2,351,167","190,425,054",80.10,81.90,79.70,80.40,+0.70,"1,761",3661
108/05/17,"2,040,067","164,148,793",81.80,82.40,78.80,78.80,-1.60,"1,646",3661
108/05/20,"2,664,452","204,652,620",79.60,80.20,75.20,75.60,-3.20,"2,092",3661
108/05/21,"1,225,230","93,302,140",75.00,77.00,74.50,76.90,+1.30,"1,030",3661
108/05/22,"1,246,050","96,945,800",77.20,78.30,77.20,77.30,+0.40,975,3661
108/05/23,"2,057,148","161,314,288",77.30,80.10,76.20,80.10,+2.80,"1,685",3661
108/05/24,"1,722,250","138,362,524",80.00,81.30,79.30,80.40,+0.30,"1,395",3661
108/05/27,"3,446,099","283,736,343",81.00,83.50,80.80,82.80,+2.40,"2,630",3661
108/05/28,"9,646,395","831,185,526",83.50,87.90,83.50,85.60,+2.80,"7,425",3661
108/05/29,"9,331,439","810,315,239",86.20,88.30,84.80,85.90,+0.30,"6,713",3661
108/05/30,"3,890,521","336,810,527",86.00,87.40,85.20,87.30,+1.40,"2,951",3661
108/05/31,"3,805,600","332,284,198",86.40,88.80,86.20,86.30,-1.00,"2,779",3661
108/06/03,"3,352,972","291,216,792",86.30,88.50,85.70,86.00,-0.30,"2,598",3661
108/06/04,"2,406,485","204,140,894",86.00,86.70,83.50,83.50,-2.50,"1,908",3661
108/06/05,"1,688,200","141,464,257",85.00,85.40,82.10,83.40,-0.10,"1,318",3661
108/06/06,"1,300,004","107,898,244",83.40,84.30,82.10,82.40,-1.00,993,3661
108/06/10,"2,777,730","235,802,750",82.60,86.40,82.60,85.40,+3.00,"2,051",3661
108/06/11,"3,425,322","294,759,242",85.40,87.40,84.50,85.00,-0.40,"2,349",3661
108/06/12,"18,724,684","1,692,932,048",86.40,92.30,86.00,91.90,+6.90,"12,547",3661
108/06/13,"4,556,309","412,617,882",91.00,91.50,89.70,90.60,-1.30,"3,532",3661
108/06/14,"14,275,032","1,286,813,966",91.60,93.80,86.40,86.50,-4.10,"10,499",3661
108/06/17,"2,692,035","231,415,512",85.80,87.20,85.00,86.20,-0.30,"2,075",3661
108/06/18,"2,741,088","238,424,968",86.70,88.00,86.00,86.00,-0.20,"2,207",3661
108/06/19,"1,826,150","158,192,644",87.20,87.60,85.40,86.30,+0.30,"1,397",3661
108/06/20,"6,342,311","567,075,119",87.10,91.40,86.40,90.00,+3.70,"4,769",3661
108/06/21,"16,626,868","1,589,380,505",92.00,98.00,92.00,96.10,+6.10,"12,401",3661
108/06/24,"16,532,976","1,616,057,954",98.00,100.50,95.50,97.50,+1.40,"11,779",3661
108/06/25,"4,954,207","476,375,271",98.20,98.50,94.70,94.90,-2.60,"3,714",3661
108/06/26,"7,461,331","724,449,603",96.00,98.20,95.70,96.30,+1.40,"5,634",3661
108/06/27,"4,839,874","466,931,905",97.00,98.20,95.10,95.90,-0.40,"3,568",3661
108/06/28,"5,004,094","467,997,742",96.20,96.70,92.60,92.60,-3.30,"3,687",3661
108/07/01,"3,060,358","290,115,944",94.50,95.80,93.50,95.20,+2.60,"2,370",3661
108/07/02,"3,423,430","325,991,210",94.70,96.80,93.30,96.80,+1.60,"2,692",3661
108/07/03,"2,475,637","235,923,878",97.10,97.30,94.00,94.00,-2.80,"1,888",3661
108/07/04,"1,576,355","148,620,705",95.00,95.30,93.50,93.70,-0.30,"1,237",3661
108/07/05,"1,080,001","101,306,196",94.60,94.90,93.10,93.70, 0.00,854,3661
108/07/08,"1,080,350","101,484,500",92.90,94.90,92.90,94.00,+0.30,918,3661
108/07/09,"2,796,149","267,116,504",94.00,96.50,94.00,96.00,+2.00,"2,126",3661
108/07/10,"7,647,940","752,566,820",96.80,99.80,96.40,98.20,+2.20,"5,624",3661
108/07/11,"6,853,812","646,769,734",97.20,97.20,93.30,94.00,-4.20,"5,074",3661
108/07/12,"5,701,351","521,390,290",94.00,94.60,90.00,90.00,-4.00,"4,257",3661
108/07/15,"2,113,635","190,566,565",89.50,91.10,89.00,90.50,+0.50,"1,657",3661
108/07/16,"3,805,055","336,971,540",90.50,90.50,87.60,88.00,-2.50,"3,063",3661
108/07/17,"1,860,386","165,519,613",87.50,89.50,87.20,89.30,+1.30,"1,421",3661
108/07/18,"1,342,366","120,343,792",89.30,90.40,89.10,89.60,+0.30,"1,068",3661
108/07/19,"4,895,438","452,623,115",90.90,93.80,90.50,93.00,+3.40,"3,242",3661
108/07/22,"4,927,485","469,945,911",93.50,97.10,93.40,96.20,+3.20,"3,595",3661
108/07/23,"3,695,863","357,060,390",96.50,97.80,95.10,96.90,+0.70,"2,654",3661
108/07/24,"8,256,052","828,708,004",98.00,103.00,97.60,102.00,+5.10,"5,864",3661
108/07/25,"3,892,000","399,043,998",103.00,105.00,100.50,102.00, 0.00,"2,934",3661
108/07/26,"3,092,690","316,660,160",101.00,104.50,99.50,104.50,+2.50,"2,202",3661
108/07/29,"3,003,042","313,133,802",106.50,107.00,102.50,103.00,-1.50,"2,191",3661
108/07/30,"3,567,969","358,120,810",103.00,104.00,98.70,100.00,-3.00,"2,464",3661
108/07/31,"1,212,183","122,430,390",100.50,102.00,99.70,101.00,+1.00,911,3661
108/08/01,"1,625,161","165,460,861",100.00,104.00,99.60,101.50,+0.50,"1,293",3661
108/08/02,"2,174,521","215,470,058",100.00,101.00,97.20,101.00,-0.50,"1,589",3661
108/08/05,"4,536,329","467,395,063",102.50,104.50,101.00,101.00, 0.00,"2,740",3661
108/08/06,"2,981,270","296,492,942",98.10,101.00,98.10,99.80,-1.20,"2,134",3661
108/08/07,"1,850,718","183,637,188",100.50,101.50,97.20,97.20,-2.60,"1,229",3661
108/08/08,"1,705,700","170,226,178",98.30,101.00,98.20,100.00,+2.80,"1,247",3661
108/08/12,"5,638,954","603,915,940",100.00,110.00,100.00,110.00,+10.00,"3,541",3661
108/08/13,"6,959,602","762,646,812",110.00,112.00,105.00,105.00,-5.00,"4,709",3661
108/08/14,"6,323,397","660,290,994",107.50,109.00,102.00,102.00,-3.00,"4,021",3661
108/08/15,"3,203,380","326,387,650",99.30,104.00,99.20,102.00, 0.00,"2,266",3661
108/08/16,"4,859,492","507,149,152",103.00,106.50,101.50,104.50,+2.50,"3,437",3661
108/08/19,"7,183,157","801,771,972",106.50,114.50,105.50,114.50,+10.00,"4,554",3661
108/08/20,"8,228,328","946,606,070",116.00,119.50,111.00,111.00,-3.50,"5,445",3661
108/08/21,"5,374,019","622,156,742",113.50,118.00,112.50,118.00,+7.00,"3,799",3661
108/08/22,"10,379,865","1,299,241,720",120.50,128.00,119.00,128.00,X0.00,"6,254",3661
108/08/23,"9,067,102","1,176,236,302",130.00,131.50,126.00,130.00,+2.00,"5,619",3661
108/08/26,"8,702,445","1,131,349,347",126.50,132.50,126.00,132.00,+2.00,"5,438",3661
108/08/27,"7,466,778","996,779,196",135.50,136.50,131.50,132.50,+0.50,"4,863",3661
108/08/28,"6,108,862","792,736,711",131.00,132.00,126.50,131.00,-1.50,"3,891",3661
108/08/29,"9,758,572","1,317,651,792",134.50,137.50,132.50,135.00,+4.00,"6,664",3661
108/08/30,"4,615,440","621,264,496",134.00,137.00,132.50,137.00,+2.00,"3,225",3661
108/09/02,"5,328,965","712,415,880",137.00,137.00,131.50,131.50,-5.50,"3,527",3661
108/09/03,"3,698,361","485,087,468",131.50,133.50,129.50,131.50, 0.00,"2,571",3661
108/09/04,"6,922,361","878,800,708",132.00,133.00,124.00,126.50,-5.00,"4,913",3661
108/09/05,"2,452,450","310,811,800",128.00,128.50,125.00,125.00,-1.50,"1,826",3661
108/09/06,"2,968,822","380,729,803",126.50,129.50,126.00,128.00,+3.00,"2,170",3661
108/09/09,"2,550,460","328,135,920",129.00,130.50,126.50,127.00,-1.00,"1,626",3661
108/09/10,"2,504,930","316,189,110",126.50,128.50,124.00,128.00,+1.00,"1,620",3661
108/09/11,"8,221,731","1,087,613,954",128.00,134.00,127.50,133.50,+5.50,"5,205",3661
108/09/12,"3,604,879","480,085,907",134.50,135.50,131.50,132.50,-1.00,"2,515",3661
108/09/16,"3,504,522","459,036,948",131.50,134.00,128.00,134.00,+1.50,"2,458",3661
108/09/17,"4,008,136","540,434,768",133.50,137.00,132.00,137.00,+3.00,"3,053",3661
108/09/18,"7,300,668","1,010,030,346",137.00,141.50,135.50,137.50,+0.50,"5,367",3661
108/09/19,"15,398,192","2,290,934,992",140.00,151.00,140.00,151.00,+13.50,"7,589",3661
108/09/20,"19,774,077","3,095,100,503",154.00,164.00,151.50,164.00,+13.00,"13,143",3661
108/09/23,"8,276,591","1,351,688,120",161.50,166.00,160.00,164.00, 0.00,"5,367",3661
108/09/24,"5,942,187","948,013,546",163.00,163.50,157.00,158.50,-5.50,"4,229",3661
108/09/25,"7,758,270","1,232,518,558",158.50,162.00,156.00,158.50, 0.00,"5,195",3661
108/09/26,"5,804,771","907,545,047",159.00,160.50,154.00,156.50,-2.00,"3,836",3661
108/09/27,"8,524,001","1,350,177,161",157.00,161.50,154.00,159.50,+3.00,"6,025",3661
108/10/01,"8,599,759","1,310,747,145",159.50,160.00,147.00,153.00,-6.50,"6,242",3661
108/10/02,"4,548,387","697,932,098",150.50,156.00,150.00,155.00,+2.00,"3,242",3661
108/10/03,"4,774,160","741,355,120",151.50,158.00,151.00,155.50,+0.50,"3,495",3661
108/10/04,"20,646,773","3,471,063,183",157.00,171.00,156.50,171.00,+15.50,"11,796",3661
108/10/07,"10,718,960","1,846,723,700",171.50,176.50,169.50,170.50,-0.50,"7,348",3661
108/10/08,"5,988,866","1,032,207,684",170.50,175.00,168.00,173.50,+3.00,"4,411",3661
108/10/09,"14,968,763","2,634,866,115",172.00,183.00,171.00,171.50,-2.00,"10,907",3661
108/10/14,"8,913,525","1,584,098,779",174.50,182.00,172.50,180.00,+8.50,"6,275",3661
108/10/15,"6,328,480","1,117,269,460",182.00,182.00,174.50,175.00,-5.00,"4,581",3661
108/10/16,"5,942,737","1,041,396,501",177.00,180.00,171.00,172.00,-3.00,"4,219",3661
108/10/17,"9,028,400","1,591,707,300",172.50,181.00,172.50,175.00,+3.00,"6,573",3661
108/10/18,"6,795,335","1,213,896,470",176.00,182.00,174.00,182.00,+7.00,"4,935",3661
108/10/21,"4,198,199","761,122,117",182.00,184.00,178.50,178.50,-3.50,"3,068",3661
108/10/22,"6,922,143","1,267,753,381",179.00,187.00,176.50,184.50,+6.00,"5,067",3661
108/10/23,"4,516,191","822,771,262",184.00,185.50,179.00,183.50,-1.00,"3,308",3661
108/10/24,"8,078,207","1,521,958,217",184.00,194.00,182.50,189.00,+5.50,"5,906",3661
108/10/25,"3,535,310","668,149,432",190.00,192.50,186.50,186.50,-2.50,"2,749",3661
108/10/28,"7,260,852","1,400,429,505",191.50,198.00,189.00,191.50,+5.00,"5,328",3661
108/10/29,"7,589,086","1,443,804,051",194.00,197.00,182.50,188.00,-3.50,"5,638",3661
108/10/30,"4,001,905","762,025,519",189.50,193.00,186.00,193.00,+5.00,"3,078",3661
108/10/31,"4,038,648","762,795,698",194.00,195.00,185.50,186.50,-6.50,"3,162",3661
108/11/01,"8,703,728","1,679,092,056",186.50,197.00,186.00,197.00,+10.50,"5,929",3661
108/11/04,"4,954,273","965,097,642",199.50,200.00,192.00,194.00,-3.00,"3,503",3661
108/11/05,"3,979,694","774,829,136",195.00,198.00,192.50,194.00, 0.00,"2,950",3661
108/11/06,"5,133,537","1,006,213,715",194.00,198.50,193.50,194.00, 0.00,"3,515",3661
108/11/07,"6,397,595","1,200,325,265",194.00,194.50,184.50,185.50,-8.50,"4,389",3661
108/11/08,"14,131,586","2,771,752,544",190.50,204.00,186.50,204.00,+18.50,"8,957",3661
108/11/11,"15,037,210","3,101,554,810",211.50,213.00,198.00,203.00,-1.00,"9,564",3661
108/11/12,"9,610,837","2,012,495,697",205.50,212.50,204.00,211.00,+8.00,"6,675",3661
108/11/13,"4,238,843","886,030,088",208.00,214.50,205.00,214.50,+3.50,"3,218",3661
108/11/14,"5,191,421","1,095,703,436",211.50,216.50,207.00,213.50,-1.00,"3,762",3661
108/11/15,"14,628,186","3,354,198,115",216.00,234.50,215.00,234.50,+21.00,"9,063",3661
108/11/18,"12,880,508","3,071,752,404",238.00,243.50,234.00,237.00,+2.50,"8,766",3661
108/11/19,"7,454,797","1,703,998,511",234.50,236.00,221.00,226.00,-11.00,"5,594",3661
108/11/20,"7,962,026","1,756,120,194",227.50,229.50,215.00,218.00,-8.00,"5,864",3661
108/11/21,"10,509,625","2,230,863,250",211.00,220.00,205.50,220.00,+2.00,"7,790",3661
108/11/22,"7,785,760","1,647,207,080",218.50,218.50,206.00,206.00,-14.00,"5,635",3661
108/11/25,"7,101,919","1,504,527,619",206.50,216.50,202.00,214.00,+8.00,"5,330",3661
108/11/26,"8,618,339","1,910,172,758",214.00,229.00,213.50,220.50,+6.50,"6,822",3661
108/11/27,"6,114,959","1,341,817,021",218.00,226.00,213.50,217.00,-3.50,"4,820",3661
108/11/28,"4,332,865","950,905,730",216.00,225.00,215.00,222.00,+5.00,"3,508",3661
108/11/29,"5,589,852","1,224,875,440",224.00,225.00,216.00,219.00,-3.00,"4,251",3661
108/12/02,"8,600,688","1,811,448,292",220.00,222.00,204.00,209.00,-10.00,"6,150",3661
108/12/03,"6,601,481","1,386,951,472",205.00,214.00,204.50,214.00,+5.00,"4,937",3661
108/12/04,"4,978,172","1,043,598,034",213.00,213.00,207.50,211.50,-2.50,"3,746",3661
108/12/05,"4,532,647","966,657,399",212.00,217.00,209.50,217.00,+5.50,"3,437",3661
108/12/06,"19,647,941","4,576,962,420",217.00,238.50,215.00,238.50,+21.50,"12,690",3661
108/12/09,"9,831,438","2,341,189,616",240.00,243.00,231.50,231.50,-7.00,"6,589",3661
108/12/10,"16,632,279","4,039,437,209",234.50,247.50,234.00,245.00,+13.50,"11,997",3661
108/12/11,"5,549,491","1,356,932,295",245.00,247.00,241.50,244.00,-1.00,"4,259",3661
108/12/12,"12,522,825","3,064,658,908",248.00,255.50,235.50,238.50,-5.50,"9,436",3661
108/12/13,"7,486,724","1,774,078,640",241.00,243.50,231.50,232.50,-6.00,"5,557",3661
108/12/16,"3,877,378","910,033,518",233.00,237.50,231.50,237.50,+5.00,"3,007",3661
108/12/17,"3,361,640","787,834,220",237.00,237.50,232.50,233.50,-4.00,"2,516",3661
108/12/18,"8,095,123","1,927,244,036",237.00,245.00,230.00,230.00,-3.50,"6,183",3661
108/12/19,"3,821,702","890,019,818",230.00,235.50,229.00,235.50,+5.50,"2,959",3661
108/12/20,"2,191,491","508,357,903",234.00,235.00,231.00,231.00,-4.50,"1,720",3661
108/12/23,"4,113,005","927,641,111",233.00,234.00,222.00,223.00,-8.00,"3,252",3661
108/12/24,"3,811,521","848,120,420",225.50,227.00,217.50,220.50,-2.50,"2,901",3661
108/12/25,"3,462,704","776,614,716",222.00,227.50,219.00,227.00,+6.50,"2,734",3661
108/12/26,"3,303,393","738,001,032",226.50,227.00,221.00,221.00,-6.00,"2,499",3661
108/12/27,"11,801,600","2,783,000,700",223.50,242.00,222.50,236.50,+15.50,"8,834",3661
108/12/30,"7,171,606","1,696,931,606",236.50,242.50,231.50,232.00,-4.50,"5,222",3661
108/12/31,"4,295,203","1,005,773,102",232.00,238.00,229.50,234.50,+2.50,"3,462",3661
109/01/02,"4,828,671","1,152,125,211",236.00,241.00,234.00,241.00,+6.50,"3,557",3661
109/01/03,"8,812,165","2,100,231,615",246.00,249.50,228.50,229.00,-12.00,"6,242",3661
109/01/06,"3,080,712","707,733,260",228.00,232.00,223.50,231.00,+2.00,"2,371",3661
109/01/07,"4,371,649","984,152,199",233.00,233.50,220.00,222.00,-9.00,"3,303",3661
109/01/08,"4,450,002","965,442,938",218.00,221.50,214.00,217.00,-5.00,"3,458",3661
109/01/09,"2,443,495","542,897,890",221.00,224.50,220.00,222.00,+5.00,"1,904",3661
109/01/10,"4,581,135","1,044,117,280",223.00,233.00,219.50,228.00,+6.00,"3,707",3661
109/01/13,"11,819,587","2,836,318,168",237.50,244.50,234.50,242.50,+14.50,"8,489",3661
109/01/14,"4,731,865","1,151,685,830",246.00,246.50,240.00,244.00,+1.50,"3,592",3661
109/01/15,"14,008,803","3,526,620,735",245.00,260.00,242.50,244.50,+0.50,"10,442",3661
109/01/16,"10,771,413","2,735,739,883",245.00,263.50,243.50,263.50,+19.00,"7,878",3661
109/01/17,"11,470,276","2,969,576,880",264.00,266.00,252.50,255.00,-8.50,"8,245",3661
109/01/20,"3,997,313","1,030,015,468",256.00,262.00,253.00,253.00,-2.00,"3,084",3661
109/01/30,"7,555,637","1,821,504,695",235.00,250.00,234.00,236.00,-17.00,"5,188",3661
109/01/31,"4,739,428","1,121,848,005",246.00,246.00,230.50,230.50,-5.50,"3,555",3661
109/02/03,"6,593,747","1,459,429,181",215.00,228.50,214.00,228.50,-2.00,"4,753",3661
109/02/04,"5,142,560","1,178,365,480",232.00,233.00,224.50,231.00,+2.50,"4,142",3661
109/02/05,"4,834,845","1,094,521,128",232.00,234.00,217.00,220.50,-10.50,"3,770",3661
109/02/06,"7,433,508","1,634,200,268",224.00,227.50,216.00,219.00,-1.50,"5,680",3661
109/02/07,"11,494,423","2,377,394,177",217.00,218.50,197.50,198.00,-21.00,"8,277",3661
109/02/10,"11,805,381","2,386,412,435",192.50,209.00,190.50,206.00,+8.00,"9,216",3661
109/02/11,"13,485,710","2,924,835,040",209.50,226.50,207.00,224.00,+18.00,"9,971",3661
109/02/12,"11,398,483","2,561,245,607",223.00,229.00,220.50,229.00,+5.00,"8,358",3661
109/02/13,"8,494,379","1,963,897,170",230.50,234.50,228.00,230.50,+1.50,"6,436",3661
109/02/14,"4,992,181","1,144,048,175",231.00,233.50,226.50,226.50,-4.00,"3,866",3661
109/02/17,"9,517,122","2,036,500,778",222.50,223.50,207.50,213.00,-13.50,"7,440",3661
109/02/18,"5,970,546","1,273,309,706",211.00,217.50,208.00,208.00,-5.00,"4,733",3661
109/02/19,"5,454,716","1,170,694,227",211.50,217.00,211.50,216.50,+8.50,"4,143",3661
109/02/20,"6,842,354","1,523,855,442",218.00,225.00,216.50,224.00,+7.50,"5,557",3661
109/02/21,"4,720,432","1,051,200,472",224.00,226.50,219.50,220.00,-4.00,"3,816",3661
109/02/24,"3,911,395","845,959,110",215.50,219.00,213.00,217.50,-2.50,"2,953",3661
109/02/25,"5,119,378","1,123,507,050",213.00,225.00,211.50,225.00,+7.50,"3,835",3661
109/02/26,"10,281,490","2,337,437,250",221.50,234.00,221.00,222.50,-2.50,"7,686",3661
109/02/27,"8,836,200","1,992,785,000",226.00,231.00,215.50,218.00,-4.50,"7,051",3661
109/03/02,"6,937,531","1,493,471,851",212.50,221.00,210.00,216.00,-2.00,"5,053",3661
109/03/03,"12,988,464","2,985,165,018",223.50,237.00,221.50,229.00,+13.00,"9,823",3661
109/03/04,"13,574,941","3,161,600,517",231.00,237.00,226.50,237.00,+8.00,"9,776",3661
109/03/05,"12,308,516","2,957,578,010",241.00,246.00,235.00,235.00,-2.00,"8,865",3661
109/03/06,"6,230,118","1,476,541,820",232.50,241.50,232.50,240.00,+5.00,"4,790",3661
109/03/09,"9,849,946","2,221,728,282",235.00,238.50,216.00,216.00,-24.00,"7,295",3661
109/03/10,"12,832,543","2,867,974,519",214.00,234.50,210.00,234.00,+18.00,"9,261",3661
109/03/11,"11,189,731","2,541,358,320",236.50,237.50,216.50,217.00,-17.00,"8,434",3661
109/03/12,"15,527,137","3,200,692,185",216.00,219.50,196.00,196.50,-20.50,"11,342",3661
109/03/13,"12,939,282","2,383,214,130",181.50,202.00,177.00,189.50,-7.00,"9,101",3661
109/03/16,"11,151,540","2,060,483,000",191.00,196.00,171.50,173.00,-16.50,"8,268",3661
109/03/17,"10,962,502","1,897,483,366",165.00,180.00,163.50,172.00,-1.00,"8,236",3661
109/03/18,"8,802,897","1,527,655,005",177.00,179.00,165.00,165.00,-7.00,"6,377",3661
109/03/19,"8,923,400","1,378,600,885",162.00,164.00,148.50,148.50,-16.50,"6,096",3661
109/03/20,"8,400,368","1,348,011,484",156.00,163.00,154.50,161.50,+13.00,"5,477",3661
109/03/23,"5,759,634","911,719,622",153.50,165.50,149.00,160.00,-1.50,"4,513",3661
109/03/24,"3,503,436","607,376,736",172.00,176.00,168.50,176.00,+16.00,"2,435",3661
109/03/25,"7,288,318","1,396,735,056",189.50,193.50,188.50,192.50,+16.50,"5,004",3661
109/03/26,"7,940,130","1,526,688,980",192.50,198.50,186.00,197.50,+5.00,"5,922",3661
109/03/27,"8,283,974","1,651,133,383",204.00,206.50,192.00,196.50,-1.00,"6,069",3661
109/03/30,"5,359,067","1,049,590,900",190.50,200.50,188.50,200.00,+3.50,"4,007",3661
109/03/31,"6,156,920","1,234,433,187",204.50,207.00,195.50,197.00,-3.00,"4,492",3661
109/04/01,"6,043,017","1,213,290,929",196.50,204.50,195.50,202.50,+5.50,"4,581",3661
109/04/06,"3,869,672","800,467,259",206.00,210.00,202.00,208.50,+6.00,"2,922",3661
109/04/07,"5,670,615","1,243,920,607",214.00,224.00,214.00,216.00,+7.50,"4,413",3661
109/04/08,"2,729,095","597,891,520",218.00,223.50,216.00,216.00, 0.00,"2,182",3661
109/04/09,"3,687,797","799,757,737",219.00,222.00,210.00,210.00,-6.00,"2,900",3661
109/04/10,"3,379,571","714,956,552",212.00,215.00,207.00,212.50,+2.50,"2,667",3661
109/04/13,"3,845,175","815,134,750",213.50,215.50,207.50,209.50,-3.00,"3,034",3661
109/04/14,"7,075,700","1,528,821,600",214.00,219.50,212.00,216.00,+6.50,"5,354",3661
109/04/15,"6,525,419","1,427,181,018",218.50,222.00,214.50,222.00,+6.00,"4,768",3661
109/04/16,"10,997,324","2,500,281,826",218.50,234.00,218.00,232.50,+10.50,"8,123",3661
109/04/17,"12,145,352","2,888,581,924",241.50,244.00,229.00,238.00,+5.50,"8,962",3661
109/04/20,"4,743,656","1,132,409,784",237.00,242.00,235.00,241.00,+3.00,"3,637",3661
109/04/21,"7,052,988","1,689,271,084",237.00,245.00,233.50,245.00,+4.00,"5,371",3661
109/04/22,"7,691,170","1,874,396,391",244.00,248.50,238.00,243.50,-1.50,"5,906",3661
109/04/23,"7,215,805","1,757,321,895",245.00,247.50,238.50,238.50,-5.00,"5,069",3661
109/04/24,"3,778,790","906,417,989",240.00,242.50,237.50,241.00,+2.50,"2,888",3661
109/04/27,"9,005,398","2,264,300,694",241.50,262.50,240.00,254.50,+13.50,"6,785",3661
109/04/28,"7,910,203","2,066,173,904",256.00,272.50,250.50,269.00,+14.50,"5,956",3661
109/04/29,"6,444,516","1,764,503,384",268.50,278.50,267.00,275.00,+6.00,"5,171",3661
109/04/30,"9,191,197","2,650,371,418",277.50,295.50,277.00,294.00,+19.00,"7,185",3661
109/05/04,"6,600,244","1,901,651,528",285.00,293.50,283.50,288.00,-6.00,"4,993",3661
109/05/05,"10,428,839","2,920,755,530",294.00,297.00,269.50,269.50,-18.50,"8,144",3661
109/05/06,"5,560,965","1,507,425,375",271.00,276.00,266.00,270.50,+1.00,"4,356",3661
109/05/07,"3,648,069","986,861,768",271.50,273.50,266.50,271.00,+0.50,"2,731",3661
109/05/08,"7,211,668","1,989,349,527",275.00,283.00,267.50,272.50,+1.50,"5,798",3661
109/05/11,"4,076,054","1,134,552,644",274.00,281.50,274.00,280.00,+7.50,"3,269",3661
109/05/12,"3,930,433","1,077,473,776",278.50,282.50,267.50,272.00,-8.00,"3,283",3661
109/05/13,"5,038,154","1,391,677,427",272.50,281.00,272.50,273.50,+1.50,"4,004",3661
109/05/14,"4,187,705","1,148,118,170",273.50,279.00,269.50,274.00,+0.50,"3,290",3661
109/05/15,"14,159,041","4,081,948,187",280.00,298.50,275.00,297.50,+23.50,"10,723",3661
109/05/18,"12,760,537","3,883,878,415",302.00,315.50,295.00,295.00,-2.50,"10,150",3661
109/05/19,"11,938,662","3,678,135,058",304.50,316.00,299.50,309.00,+14.00,"9,335",3661
109/05/20,"6,791,728","2,064,247,944",311.00,313.00,296.00,296.50,-12.50,"5,411",3661
109/05/21,"4,401,427","1,333,726,016",300.00,306.00,298.50,305.50,+9.00,"3,478",3661
109/05/22,"4,151,280","1,224,792,340",302.50,302.50,290.00,293.00,-12.50,"3,475",3661
109/05/25,"3,969,126","1,152,867,098",293.00,298.00,286.00,290.00,-3.00,"3,268",3661
109/05/26,"8,552,523","2,590,944,067",296.50,311.00,295.00,295.00,+5.00,"6,857",3661
109/05/27,"4,904,661","1,446,229,029",298.00,302.50,285.00,288.00,-7.00,"4,031",3661
109/05/28,"4,550,650","1,313,692,800",291.50,293.00,284.00,291.50,+3.50,"3,595",3661
109/05/29,"4,911,144","1,448,970,200",291.50,300.00,290.00,300.00,+8.50,"3,379",3661
109/06/01,"3,858,630","1,171,665,520",302.50,307.50,298.50,303.50,+3.50,"3,092",3661
109/06/02,"6,505,076","1,991,188,260",307.00,317.50,293.50,298.50,-5.00,"5,237",3661
109/06/03,"12,392,744","3,950,290,032",303.00,328.00,302.00,328.00,+29.50,"8,580",3661
109/06/04,"13,393,667","4,604,809,768",333.00,357.00,330.00,340.50,+12.50,"10,364",3661
109/06/05,"6,033,844","2,093,816,936",345.00,357.00,339.50,345.00,+4.50,"5,126",3661
109/06/08,"4,609,141","1,610,867,786",353.00,358.00,343.00,346.00,+1.00,"3,853",3661
109/06/09,"5,533,856","1,944,230,583",349.50,358.00,340.00,358.00,+12.00,"4,428",3661
109/06/10,"3,900,345","1,372,779,607",355.00,355.50,349.00,352.00,-6.00,"3,098",3661
109/06/11,"4,399,043","1,550,967,608",355.50,362.00,345.00,351.00,-1.00,"3,661",3661
109/06/12,"6,932,993","2,469,322,459",341.00,366.50,341.00,361.00,+10.00,"5,605",3661
109/06/15,"6,586,245","2,338,401,280",359.00,367.50,342.50,342.50,-18.50,"5,171",3661
109/06/16,"5,285,905","1,881,225,205",350.00,363.00,348.50,358.00,+15.50,"4,296",3661
109/06/17,"7,855,150","2,868,617,467",362.00,371.50,358.50,366.50,+8.50,"6,208",3661
109/06/18,"9,583,548","3,639,200,576",367.50,397.50,365.00,386.00,+19.50,"7,896",3661
109/06/19,"6,013,541","2,361,527,236",388.00,398.50,386.00,395.50,+9.50,"4,916",3661
109/06/22,"9,787,682","4,122,111,170",396.00,435.00,396.00,435.00,+39.50,"7,922",3661
109/06/23,"12,138,809","5,610,492,100",469.00,478.50,446.00,478.50,+43.50,"9,729",3661
109/06/24,"11,444,398","5,854,972,348",491.00,526.00,490.00,526.00,+47.50,"9,311",3661
109/06/29,"17,535,709","9,421,523,754",521.00,570.00,499.50,506.00,-20.00,"14,692",3661
109/06/30,"3,052,121","1,499,951,000",513.00,514.00,469.50,500.00,-6.00,"2,538",3661
109/07/01,"1,448,494","745,817,940",502.00,527.00,502.00,510.00,+10.00,"1,224",3661
109/07/02,"1,928,395","1,026,599,595",515.00,545.00,515.00,545.00,+35.00,"1,619",3661
109/07/03,"1,589,989","875,372,049",550.00,571.00,533.00,536.00,-9.00,"1,432",3661
109/07/06,"1,199,157","663,871,548",559.00,565.00,542.00,561.00,+25.00,"1,037",3661
109/07/07,"1,221,267","680,108,316",573.00,574.00,540.00,548.00,-13.00,"1,166",3661
109/07/08,"1,815,163","1,028,395,214",553.00,579.00,543.00,575.00,+27.00,"1,545",3661
109/07/09,"1,263,746","733,654,982",583.00,599.00,566.00,566.00,-9.00,"1,160",3661
109/07/10,"2,331,373","1,281,694,079",573.00,573.00,520.00,522.00,-44.00,"1,299",3661
109/07/13,"1,406,348","772,983,140",544.00,565.00,534.00,555.00,+33.00,"1,221",3661
109/07/14,"5,557,290","3,077,571,440",530.00,586.00,525.00,537.00,-18.00,"4,992",3661
109/07/15,"5,281,329","2,785,830,658",552.00,563.00,497.00,504.00,-33.00,"4,436",3661
109/07/16,"8,831,297","4,337,339,515",501.00,523.00,461.00,490.00,-14.00,"7,233",3661
109/07/17,"6,374,976","3,067,457,034",500.00,502.00,466.50,480.00,-10.00,"5,538",3661
109/07/20,"5,936,613","2,776,642,175",484.00,487.00,452.00,472.00,-8.00,"5,189",3661
109/07/21,"4,484,381","2,286,930,239",494.00,519.00,485.00,519.00,+47.00,"3,041",3661
109/07/22,"8,411,056","4,652,505,080",548.00,568.00,540.00,550.00,+31.00,"7,401",3661
109/07/23,"7,742,628","4,377,392,612",556.00,585.00,542.00,580.00,+30.00,"6,700",3661
109/07/24,"8,221,395","4,637,178,830",576.00,594.00,529.00,529.00,-51.00,"7,243",3661
109/07/27,"5,906,444","3,264,929,640",548.00,564.00,541.00,558.00,+29.00,"5,011",3661
109/07/28,"6,483,939","3,551,735,999",580.00,580.00,529.00,536.00,-22.00,"5,492",3661
109/07/29,"5,399,347","2,969,698,749",531.00,565.00,527.00,564.00,+28.00,"4,695",3661
109/07/30,"3,590,937","2,014,333,342",567.00,570.00,551.00,565.00,+1.00,"3,170",3661
109/07/31,"7,068,697","4,115,355,503",558.00,599.00,552.00,599.00,+34.00,"6,008",3661
109/08/03,"8,785,430","5,457,004,600",628.00,632.00,610.00,615.00,+16.00,"7,132",3661
109/08/04,"10,009,500","6,552,077,500",630.00,676.00,622.00,666.00,+51.00,"7,978",3661
109/08/05,"7,016,081","4,663,295,108",673.00,687.00,647.00,666.00, 0.00,"6,285",3661
109/08/06,"6,294,949","4,250,704,810",669.00,694.00,657.00,691.00,+25.00,"5,557",3661
109/08/07,"4,172,209","2,842,785,075",685.00,694.00,670.00,670.00,-21.00,"3,659",3661
109/08/10,"6,911,904","4,677,110,296",666.00,702.00,648.00,674.00,+4.00,"6,134",3661
109/08/11,"4,854,497","3,215,774,038",672.00,680.00,650.00,655.00,-19.00,"4,375",3661
109/08/12,"5,907,193","3,739,957,116",648.00,663.00,610.00,610.00,-45.00,"5,379",3661
109/08/13,"4,976,641","3,130,911,035",628.00,642.00,616.00,636.00,+26.00,"4,400",3661
109/08/14,"5,009,263","3,205,704,158",631.00,663.00,612.00,661.00,+25.00,"4,368",3661
109/08/17,"2,730,929","1,826,309,708",675.00,686.00,645.00,645.00,-16.00,"2,404",3661
109/08/18,"3,435,551","2,234,386,640",651.00,669.00,616.00,636.00,-9.00,"2,957",3661
109/08/19,"3,164,629","2,071,838,221",646.00,673.00,636.00,643.00,+7.00,"2,697",3661
109/08/20,"4,945,050","3,060,995,550",632.00,652.00,580.00,595.00,X0.00,"4,368",3661
109/08/21,"2,391,092","1,471,749,616",619.00,629.00,598.00,602.00,+7.00,"2,104",3661
109/08/24,"5,019,940","2,991,837,580",603.00,614.00,576.00,604.00,+2.00,"4,233",3661
109/08/25,"2,758,569","1,658,996,969",611.00,613.00,593.00,597.00,-7.00,"2,458",3661
109/08/26,"3,250,682","1,956,566,610",591.00,618.00,584.00,596.00,-1.00,"2,983",3661
109/08/27,"3,881,438","2,281,124,602",601.00,609.00,573.00,574.00,-22.00,"3,418",3661
109/08/28,"4,966,475","2,790,009,050",566.00,578.00,550.00,553.00,-21.00,"4,322",3661
109/08/31,"4,136,133","2,257,442,815",561.00,568.00,527.00,527.00,-26.00,"3,569",3661
109/09/01,"6,952,915","3,648,526,250",527.00,546.00,508.00,541.00,+14.00,"5,682",3661
109/09/02,"5,268,646","2,852,698,902",550.00,558.00,529.00,529.00,-12.00,"4,537",3661
109/09/03,"7,165,697","3,981,118,957",536.00,581.00,530.00,581.00,+52.00,"5,832",3661
109/09/04,"6,700,666","3,726,734,618",563.00,576.00,542.00,543.00,-38.00,"5,786",3661
109/09/07,"7,837,701","4,055,924,789",543.00,559.00,489.00,489.00,-54.00,"6,486",3661
109/09/08,"13,941,960","6,475,824,244",479.00,490.00,440.50,441.50,-47.50,"10,895",3661
109/09/09,"18,788,667","7,803,826,802",440.00,440.50,400.50,400.50,-41.00,"14,536",3661
109/09/10,"15,008,236","6,261,079,176",411.00,426.50,407.50,415.00,+14.50,"12,111",3661
109/09/11,"10,753,499","4,453,065,582",418.00,423.00,404.00,411.00,-4.00,"8,636",3661
109/09/14,"11,074,190","4,831,432,880",415.50,452.00,412.00,452.00,+41.00,"8,655",3661
109/09/15,"13,018,450","5,969,484,012",454.00,472.50,447.00,458.00,+6.00,"10,632",3661
109/09/16,"12,658,691","6,178,095,573",465.50,503.00,465.00,503.00,+45.00,"9,924",3661
109/09/17,"19,578,733","10,180,626,490",510.00,535.00,505.00,517.00,+14.00,"16,430",3661
109/09/18,"7,671,778","3,993,891,340",525.00,533.00,514.00,519.00,+2.00,"6,316",3661
109/09/21,"5,908,750","3,018,881,000",521.00,524.00,501.00,518.00,-1.00,"5,024",3661
109/09/22,"6,280,957","3,216,285,511",515.00,520.00,501.00,520.00,+2.00,"5,211",3661
109/09/23,"12,929,961","6,962,782,408",528.00,551.00,526.00,528.00,+8.00,"10,849",3661
109/09/24,"7,918,002","4,165,791,062",513.00,536.00,513.00,535.00,+7.00,"6,673",3661
109/09/25,"13,260,617","6,839,188,330",546.00,554.00,481.50,483.50,-51.50,"10,939",3661
109/09/28,"15,089,975","7,092,684,875",485.00,493.50,456.50,460.00,-23.50,"11,933",3661
109/09/29,"11,448,837","5,391,708,575",472.50,480.00,462.00,471.00,+11.00,"9,397",3661
109/09/30,"10,205,005","4,746,681,968",468.00,487.50,452.50,487.50,+16.50,"8,124",3661
109/10/05,"8,642,925","4,165,052,000",486.00,496.00,473.00,474.00,-13.50,"7,179",3661
109/10/06,"6,693,490","3,258,218,350",484.00,494.00,480.00,490.50,+16.50,"5,494",3661
109/10/07,"8,058,443","3,997,337,886",484.00,508.00,479.50,504.00,+13.50,"6,917",3661
109/10/08,"8,437,876","4,345,706,768",507.00,525.00,505.00,515.00,+11.00,"7,142",3661
109/10/12,"6,181,363","3,219,192,034",524.00,530.00,512.00,518.00,+3.00,"5,033",3661
109/10/13,"7,654,993","4,038,207,227",523.00,540.00,516.00,540.00,+22.00,"6,328",3661
109/10/14,"5,249,277","2,823,314,195",540.00,546.00,530.00,535.00,-5.00,"4,348",3661
109/10/15,"6,440,884","3,501,500,780",543.00,551.00,533.00,548.00,+13.00,"5,466",3661
109/10/16,"6,636,613","3,482,495,565",550.00,550.00,495.00,500.00,-48.00,"5,600",3661
109/10/19,"6,602,953","3,242,030,500",500.00,505.00,480.50,490.00,-10.00,"5,821",3661
109/10/20,"6,226,020","3,099,573,740",495.00,507.00,488.00,507.00,+17.00,"5,256",3661
109/10/21,"7,920,541","4,109,245,484",511.00,532.00,505.00,523.00,+16.00,"6,689",3661
109/10/22,"5,475,572","2,866,872,584",518.00,532.00,517.00,520.00,-3.00,"4,609",3661
109/10/23,"5,245,666","2,776,471,650",520.00,537.00,520.00,528.00,+8.00,"4,484",3661
109/10/26,"7,258,828","3,688,602,104",528.00,533.00,485.00,491.50,-36.50,"6,207",3661
109/10/27,"8,168,817","4,022,958,892",484.00,510.00,475.00,507.00,+15.50,"6,910",3661
109/10/28,"6,124,015","3,039,242,262",502.00,506.00,490.00,490.00,-17.00,"5,236",3661
109/10/29,"6,592,464","3,210,875,556",478.50,500.00,476.00,500.00,+10.00,"5,528",3661
109/10/30,"4,039,762","1,996,983,127",499.50,502.00,484.00,484.50,-15.50,"3,462",3661
109/11/02,"8,461,800","3,988,758,907",480.00,492.00,458.00,460.00,-24.50,"7,249",3661
109/11/03,"7,280,143","3,468,758,470",472.50,484.00,466.00,480.50,+20.50,"6,204",3661
109/11/04,"6,690,670","3,221,407,374",486.50,489.50,473.00,481.00,+0.50,"5,786",3661
109/11/05,"10,947,946","5,585,024,678",482.50,529.00,482.50,528.00,+47.00,"9,180",3661
109/11/06,"14,186,304","7,989,626,750",530.00,580.00,528.00,580.00,+52.00,"11,166",3661
109/11/09,"16,214,787","9,766,648,186",615.00,632.00,578.00,595.00,+15.00,"14,118",3661
109/11/10,"13,406,989","7,991,538,323",597.00,629.00,563.00,584.00,-11.00,"11,669",3661
109/11/11,"8,725,501","5,130,249,149",585.00,602.00,575.00,588.00,+4.00,"7,748",3661
109/11/12,"5,015,410","2,975,020,063",593.00,607.00,572.00,572.00,-16.00,"4,434",3661
109/11/13,"3,210,917","1,859,416,002",580.00,589.00,573.00,573.00,+1.00,"2,944",3661
109/11/16,"4,099,136","2,438,812,759",586.00,604.00,586.00,588.00,+15.00,"3,765",3661
109/11/17,"8,766,545","5,412,154,415",606.00,631.00,600.00,603.00,+15.00,"7,491",3661
109/11/18,"3,515,553","2,168,923,386",613.00,624.00,608.00,613.00,+10.00,"3,240",3661
109/11/19,"4,330,871","2,625,221,479",621.00,621.00,593.00,604.00,-9.00,"3,996",3661
109/11/20,"7,360,847","4,552,991,147",609.00,631.00,598.00,631.00,+27.00,"6,425",3661
109/11/23,"10,872,856","7,128,744,519",641.00,683.00,632.00,662.00,+31.00,"9,528",3661
109/11/24,"5,997,135","3,976,528,826",675.00,679.00,644.00,652.00,-10.00,"5,619",3661
109/11/25,"5,145,902","3,311,722,606",663.00,665.00,627.00,630.00,-22.00,"4,806",3661
109/11/26,"4,488,008","2,857,387,518",635.00,650.00,626.00,635.00,+5.00,"4,031",3661
109/11/27,"3,734,861","2,357,597,782",631.00,640.00,620.00,635.00, 0.00,"3,314",3661
109/11/30,"6,990,616","4,587,287,747",634.00,673.00,631.00,668.00,+33.00,"6,123",3661
109/12/01,"4,584,684","2,993,622,722",668.00,671.00,636.00,645.00,-23.00,"4,233",3661
109/12/02,"4,260,490","2,712,637,099",654.00,655.00,623.00,627.00,-18.00,"3,882",3661
109/12/03,"4,811,685","3,049,549,330",627.00,646.00,625.00,634.00,+7.00,"4,180",3661
109/12/04,"4,604,744","2,847,441,383",634.00,640.00,601.00,604.00,-30.00,"4,290",3661
109/12/07,"4,573,753","2,746,985,813",609.00,614.00,586.00,610.00,+6.00,"4,140",3661
109/12/08,"3,835,134","2,356,781,594",606.00,627.00,598.00,617.00,+7.00,"3,541",3661
109/12/09,"3,415,833","2,138,414,350",620.00,634.00,618.00,620.00,+3.00,"3,157",3661
109/12/10,"3,243,993","2,004,462,232",615.00,627.00,605.00,627.00,+7.00,"2,839",3661
109/12/11,"4,378,512","2,684,613,714",633.00,634.00,596.00,598.00,-29.00,"3,956",3661
109/12/14,"2,954,328","1,801,931,351",601.00,622.00,601.00,606.00,+8.00,"2,609",3661
109/12/15,"3,150,074","1,870,880,121",610.00,611.00,584.00,588.00,-18.00,"2,850",3661
109/12/16,"7,720,852","4,805,811,405",598.00,640.00,595.00,616.00,+28.00,"6,770",3661
109/12/17,"4,479,063","2,764,467,419",625.00,629.00,605.00,613.00,-3.00,"4,023",3661
109/12/18,"5,161,887","3,240,754,233",620.00,639.00,614.00,630.00,+17.00,"4,509",3661
109/12/21,"5,890,961","3,760,950,660",630.00,647.00,624.00,642.00,+12.00,"5,002",3661
109/12/22,"4,417,895","2,753,790,193",633.00,636.00,603.00,606.00,-36.00,"3,976",3661
109/12/23,"3,406,630","2,062,289,471",611.00,617.00,595.00,606.00, 0.00,"3,091",3661
109/12/24,"2,438,602","1,497,345,353",612.00,620.00,604.00,617.00,+11.00,"2,212",3661
109/12/25,"2,085,229","1,281,594,626",622.00,623.00,607.00,609.00,-8.00,"1,920",3661
109/12/28,"1,965,603","1,205,180,337",614.00,624.00,606.00,607.00,-2.00,"1,812",3661
109/12/29,"1,616,314","983,663,787",610.00,614.00,603.00,608.00,+1.00,"1,493",3661
109/12/30,"2,341,762","1,447,458,754",610.00,625.00,607.00,617.00,+9.00,"2,161",3661
109/12/31,"2,969,435","1,853,390,242",625.00,633.00,613.00,621.00,+4.00,"2,568",3661
110/01/04,"10,661,295","7,100,838,092",627.00,683.00,623.00,683.00,+62.00,"8,667",3661
110/01/05,"11,153,131","7,885,366,790",683.00,738.00,669.00,726.00,+43.00,"9,921",3661
110/01/06,"9,785,195","7,259,964,025",742.00,770.00,717.00,730.00,+4.00,"9,052",3661
110/01/07,"7,383,541","5,655,294,348",750.00,798.00,739.00,798.00,+68.00,"6,700",3661
110/01/08,"6,786,951","5,508,628,097",808.00,835.00,781.00,800.00,+2.00,"6,300",3661
110/01/11,"4,635,618","3,814,512,533",797.00,840.00,792.00,828.00,+28.00,"4,153",3661
110/01/12,"1,703,473","1,328,207,492",826.00,826.00,750.00,773.00,-55.00,"1,736",3661
110/01/13,"1,408,773","1,095,070,631",784.00,792.00,756.00,775.00,+2.00,"1,286",3661
110/01/14,"1,104,144","849,535,307",775.00,788.00,752.00,752.00,-23.00,"1,022",3661
110/01/15,"2,675,926","2,096,225,749",780.00,801.00,750.00,795.00,+43.00,"2,172",3661
110/01/18,"1,673,748","1,354,964,686",800.00,830.00,800.00,809.00,+14.00,"1,440",3661
110/01/19,"1,142,290","947,220,327",809.00,847.00,809.00,847.00,+38.00,"1,226",3661
110/01/20,"1,451,438","1,201,932,101",867.00,867.00,811.00,821.00,-26.00,"1,237",3661
110/01/21,"1,591,586","1,394,481,482",835.00,903.00,835.00,895.00,+74.00,"1,568",3661
110/01/22,"995,925","908,957,483",874.00,942.00,874.00,915.00,+20.00,"1,211",3661
110/01/25,"1,161,538","1,042,197,737",941.00,941.00,889.00,895.00,-20.00,"1,201",3661
110/01/26,"4,526,231","3,969,744,434",890.00,934.00,822.00,826.00,-69.00,"4,548",3661
110/01/27,"2,508,438","2,098,723,603",845.00,850.00,821.00,840.00,+14.00,"2,423",3661
110/01/28,"4,043,167","3,465,860,924",815.00,886.00,810.00,863.00,+23.00,"3,771",3661
110/01/29,"4,273,177","3,601,315,984",872.00,878.00,820.00,825.00,-38.00,"3,705",3661
110/02/01,"4,224,018","3,427,617,475",825.00,843.00,783.00,836.00,+11.00,"3,742",3661
110/02/02,"4,896,930","4,148,860,814",844.00,873.00,818.00,826.00,-10.00,"4,618",3661
110/02/03,"3,316,890","2,723,958,036",844.00,850.00,803.00,818.00,-8.00,"3,283",3661
110/02/04,"3,058,940","2,436,753,878",811.00,817.00,785.00,785.00,-33.00,"3,006",3661
110/02/05,"2,454,204","1,959,808,712",780.00,809.00,780.00,806.00,+21.00,"2,368",3661
110/02/17,"3,259,836","2,858,307,462",870.00,886.00,852.00,886.00,+80.00,"2,965",3661
110/02/18,"7,965,798","7,625,537,339",935.00,974.00,907.00,974.00,+88.00,"6,883",3661
110/02/19,"5,689,165","5,359,661,609",984.00,"1,000.00",898.00,915.00,-59.00,"5,871",3661
110/02/22,"2,787,204","2,599,129,845",937.00,958.00,915.00,920.00,+5.00,"3,007",3661
110/02/23,"2,624,626","2,380,728,957",908.00,925.00,884.00,925.00,+5.00,"3,020",3661
110/02/24,"2,392,755","2,159,516,919",920.00,931.00,881.00,881.00,-44.00,"2,910",3661
110/02/25,"2,280,367","2,060,451,579",905.00,914.00,885.00,911.00,+30.00,"2,294",3661
110/02/26,"2,647,963","2,349,333,098",886.00,904.00,873.00,885.00,-26.00,"2,791",3661
110/03/02,"2,966,696","2,687,241,191",912.00,934.00,874.00,877.00,-8.00,"2,941",3661
110/03/03,"2,769,856","2,372,212,773",888.00,891.00,842.00,848.00,-29.00,"3,066",3661
110/03/04,"2,591,012","2,173,737,017",844.00,858.00,818.00,833.00,-15.00,"2,602",3661
110/03/05,"2,364,165","1,956,999,207",816.00,848.00,810.00,830.00,-3.00,"2,355",3661
110/03/08,"4,162,139","3,583,277,851",870.00,888.00,830.00,830.00, 0.00,"4,104",3661
110/03/09,"2,994,006","2,506,246,793",830.00,852.00,821.00,845.00,+15.00,"2,878",3661
110/03/10,"2,575,100","2,169,416,618",860.00,864.00,826.00,830.00,-15.00,"2,604",3661
110/03/11,"4,633,625","4,070,257,447",837.00,913.00,836.00,913.00,+83.00,"4,553",3661
110/03/12,"5,360,903","4,996,184,134",923.00,948.00,917.00,921.00,+8.00,"5,459",3661
110/03/15,"2,250,059","2,101,690,753",935.00,945.00,921.00,936.00,+15.00,"2,265",3661
110/03/16,"2,168,120","2,010,299,144",936.00,943.00,912.00,914.00,-22.00,"2,284",3661
110/03/17,"7,204,001","6,884,615,319",920.00,996.00,913.00,948.00,+34.00,"7,033",3661
110/03/18,"3,771,474","3,609,354,263",980.00,989.00,933.00,950.00,+2.00,"3,728",3661
110/03/19,"2,347,242","2,180,975,053",939.00,940.00,917.00,932.00,-18.00,"2,417",3661
110/03/22,"2,433,394","2,218,231,380",928.00,936.00,891.00,891.00,-41.00,"2,419",3661
110/03/23,"2,887,274","2,538,416,717",880.00,899.00,864.00,879.00,-12.00,"2,969",3661
110/03/24,"2,385,594","2,102,534,006",871.00,905.00,866.00,875.00,-4.00,"2,320",3661
110/03/25,"2,349,001","2,087,211,856",881.00,898.00,871.00,895.00,+20.00,"2,275",3661
110/03/26,"3,822,757","3,557,231,155",908.00,949.00,903.00,933.00,+38.00,"3,927",3661
110/03/29,"2,645,702","2,420,641,869",925.00,940.00,903.00,903.00,-30.00,"3,333",3661
110/03/30,"2,189,999","1,982,969,870",912.00,921.00,891.00,895.00,-8.00,"2,439",3661
110/03/31,"2,905,561","2,632,000,554",897.00,922.00,894.00,900.00,+5.00,"2,824",3661
110/04/01,"2,244,296","2,054,760,944",915.00,923.00,907.00,916.00,+16.00,"2,139",3661
110/04/06,"1,583,597","1,469,740,750",928.00,947.00,910.00,910.00,-6.00,"1,764",3661
110/04/07,"1,315,479","1,212,229,593",921.00,934.00,903.00,920.00,+10.00,"1,443",3661
110/04/08,"1,762,629","1,605,231,236",914.00,927.00,902.00,902.00,-18.00,"1,852",3661
110/04/09,"648,028","526,198,736",812.00,812.00,812.00,812.00,-90.00,"1,700",3661
110/04/12,"95,466","69,785,646",731.00,731.00,731.00,731.00,-81.00,547,3661
110/04/13,"601,208","395,594,864",658.00,658.00,658.00,658.00,-73.00,"1,162",3661
110/04/14,"1,354,264","803,078,552",593.00,593.00,593.00,593.00,-65.00,"1,650",3661
110/04/15,"15,554,249","8,338,692,262",534.00,552.00,534.00,534.00,-59.00,"11,642",3661
110/04/16,"8,367,240","4,474,210,299",515.00,557.00,515.00,520.00,-14.00,"12,586",3661
110/04/19,"5,424,881","2,703,700,660",520.00,530.00,468.50,487.00,-33.00,"8,646",3661
110/04/20,"3,693,894","1,860,124,290",497.00,513.00,493.00,501.00,+14.00,"5,188",3661
110/04/21,"936,215","453,194,114",508.00,508.00,453.00,490.00,-11.00,"1,232",3661
110/04/22,"1,197,726","550,740,680",496.00,496.00,442.00,442.00,-48.00,"1,761",3661
110/04/23,"1,994,845","826,775,994",441.50,441.50,410.00,410.00,-32.00,"2,467",3661
110/04/26,"745,880","313,631,740",413.00,427.00,413.00,418.50,+8.50,"1,063",3661
110/04/27,"1,492,011","680,434,987",430.00,460.00,430.00,460.00,+41.50,925,3661
110/04/28,"1,802,599","872,073,570",462.00,506.00,461.50,506.00,+46.00,"1,971",3661
110/04/29,"1,012,579","511,759,041",515.00,518.00,480.50,497.00,-9.00,"1,652",3661
110/05/03,"831,109","381,394,778",488.00,488.00,447.50,447.50,-49.50,"1,229",3661
110/05/04,"1,325,623","552,120,445",447.50,447.50,408.00,420.00,-27.50,"1,337",3661
110/05/05,"704,451","294,747,473",449.00,449.00,403.00,403.50,-16.50,905,3661
110/05/06,"1,450,685","546,080,366",415.00,416.50,363.50,363.50,-40.00,"1,701",3661
110/05/07,"1,411,954","549,195,345",371.00,399.50,369.50,399.50,+36.00,"1,117",3661
110/05/10,"904,008","378,913,263",402.00,435.00,400.50,433.00,+33.50,957,3661
110/05/11,"4,897,642","2,200,789,086",431.00,465.50,429.00,439.00,+6.00,"5,714",3661
110/05/12,"8,497,920","3,992,984,742",454.00,482.50,443.00,482.50,+43.50,"8,012",3661
110/05/13,"9,563,253","4,626,585,207",485.00,512.00,453.50,453.50,-29.00,"11,022",3661
110/05/14,"4,258,621","1,984,280,555",478.00,484.50,440.00,448.50,-5.00,"4,657",3661
110/05/17,"5,323,034","2,304,622,473",428.00,467.00,404.50,416.00,-32.50,"5,732",3661
110/05/18,"5,435,594","2,388,926,950",436.50,456.00,421.00,454.50,+38.50,"5,363",3661
110/05/19,"4,184,142","1,865,363,442",450.00,466.00,433.00,440.00,-14.50,"4,343",3661
110/05/20,"3,815,043","1,625,877,448",434.00,444.50,411.50,413.50,-26.50,"4,344",3661
110/05/21,"5,011,167","2,192,578,701",424.50,454.50,418.50,454.50,+41.00,"4,890",3661
110/05/24,"8,083,152","3,828,009,674",464.50,497.00,443.00,480.00,+25.50,"7,782",3661
110/05/25,"8,658,438","4,359,266,864",487.50,519.00,487.00,509.00,+29.00,"8,713",3661
110/05/26,"5,755,390","2,902,346,595",516.00,525.00,487.00,490.00,-19.00,"6,290",3661
110/05/27,"4,553,781","2,246,115,260",484.00,507.00,473.00,499.00,+9.00,"4,680",3661
110/05/28,"5,909,658","3,056,755,210",511.00,530.00,503.00,530.00,+31.00,"6,350",3661
110/05/31,"6,309,832","3,549,624,672",540.00,583.00,533.00,583.00,+53.00,"6,989",3661
110/06/01,"12,229,430","7,220,735,911",610.00,629.00,563.00,570.00,-13.00,"13,189",3661
110/06/02,"5,693,390","3,227,866,588",578.00,591.00,546.00,558.00,-12.00,"6,584",3661
110/06/03,"6,212,933","3,530,720,183",568.00,583.00,552.00,567.00,+9.00,"6,305",3661
110/06/04,"3,348,816","1,893,865,803",565.00,573.00,553.00,573.00,+6.00,"3,608",3661
110/06/07,"3,923,146","2,250,100,584",583.00,585.00,560.00,568.00,-5.00,"4,114",3661
110/06/08,"1,408,509","802,655,570",574.00,577.00,566.00,566.00,-2.00,"1,726",3661
110/06/09,"6,065,235","3,292,162,889",564.00,566.00,526.00,526.00,-40.00,"6,953",3661
110/06/10,"3,396,516","1,825,059,875",533.00,543.00,528.00,538.00,+12.00,"3,408",3661
110/06/11,"3,635,752","1,938,712,210",543.00,548.00,519.00,526.00,-12.00,"4,178",3661
110/06/15,"6,469,762","3,590,674,033",536.00,578.00,521.00,578.00,+52.00,"6,667",3661
110/06/16,"6,787,023","3,819,483,299",578.00,578.00,550.00,550.00,-28.00,"6,821",3661
110/06/17,"5,140,226","2,790,785,950",542.00,573.00,542.00,562.00,+12.00,"3,714",3661
110/06/18,"7,934,728","4,602,997,986",565.00,588.00,565.00,588.00,+26.00,"7,353",3661
110/06/21,"6,247,247","3,700,073,088",591.00,605.00,581.00,581.00,-7.00,"6,710",3661
110/06/22,"3,822,725","2,267,889,983",599.00,603.00,584.00,586.00,+5.00,"4,080",3661
110/06/23,"8,226,297","5,134,014,488",598.00,644.00,593.00,635.00,+49.00,"9,012",3661
110/06/24,"5,462,841","3,487,009,286",640.00,653.00,625.00,638.00,+3.00,"5,666",3661
110/06/25,"3,912,810","2,537,733,481",646.00,662.00,639.00,639.00,+1.00,"4,306",3661
110/06/28,"3,509,123","2,211,964,871",654.00,655.00,616.00,623.00,-16.00,"4,140",3661
110/06/29,"2,917,231","1,824,826,625",629.00,638.00,616.00,617.00,-6.00,"3,174",3661
110/06/30,"1,720,544","1,060,627,713",625.00,626.00,611.00,611.00,-6.00,"2,187",3661
110/07/01,"3,261,458","2,033,102,641",615.00,639.00,611.00,613.00,+2.00,"3,457",3661
110/07/02,"2,468,007","1,542,184,710",616.00,634.00,610.00,629.00,+16.00,"2,911",3661
110/07/05,"2,872,452","1,855,376,525",635.00,658.00,635.00,642.00,+13.00,"3,314",3661
110/07/06,"1,838,687","1,163,619,894",641.00,649.00,625.00,629.00,-13.00,"2,305",3661
110/07/07,"2,027,698","1,255,180,983",624.00,636.00,605.00,612.00,-17.00,"2,577",3661
110/07/08,"1,785,832","1,118,141,321",619.00,636.00,613.00,632.00,+20.00,"2,049",3661
110/07/09,"1,628,189","1,015,086,835",619.00,635.00,612.00,630.00,-2.00,"1,961",3661
110/07/12,"3,449,320","2,227,773,672",642.00,655.00,634.00,644.00,+14.00,"3,709",3661
110/07/13,"3,046,515","1,944,908,072",650.00,656.00,616.00,621.00,-23.00,"3,485",3661
110/07/14,"2,584,809","1,633,890,834",626.00,645.00,621.00,626.00,+5.00,"2,657",3661
110/07/15,"7,144,756","4,743,272,349",630.00,688.00,623.00,688.00,+62.00,"7,293",3661
110/07/16,"4,844,512","3,317,380,549",681.00,696.00,671.00,688.00, 0.00,"4,951",3661
110/07/19,"2,835,646","1,942,171,053",689.00,696.00,675.00,676.00,-12.00,"2,933",3661
110/07/20,"2,042,238","1,343,804,926",671.00,677.00,644.00,647.00,-29.00,"2,521",3661
110/07/21,"4,454,652","3,019,079,750",661.00,699.00,657.00,672.00,+25.00,"4,722",3661
110/07/22,"4,586,195","3,191,464,893",687.00,713.00,682.00,698.00,+26.00,"4,777",3661
110/07/23,"2,535,787","1,723,061,401",698.00,703.00,667.00,677.00,-21.00,"3,148",3661
110/07/26,"1,698,225","1,172,888,072",687.00,700.00,683.00,683.00,+6.00,"1,836",3661
110/07/27,"2,966,591","2,062,626,627",689.00,713.00,678.00,680.00,-3.00,"3,274",3661
110/07/28,"4,018,606","2,578,902,489",670.00,672.00,613.00,645.00,-35.00,"4,598",3661
110/07/29,"2,131,549","1,403,228,778",655.00,673.00,645.00,665.00,+20.00,"2,391",3661
110/07/30,"2,405,130","1,580,327,007",663.00,680.00,630.00,633.00,-32.00,"2,831",3661
110/08/02,"2,074,293","1,290,792,623",640.00,647.00,613.00,620.00,-13.00,"2,495",3661
110/08/03,"1,327,114","830,593,011",621.00,638.00,618.00,622.00,+2.00,"1,487",3661
110/08/04,"1,146,564","717,884,535",627.00,636.00,618.00,620.00,-2.00,"1,396",3661
110/08/05,"1,595,309","977,500,180",625.00,629.00,608.00,608.00,-12.00,"2,121",3661
110/08/06,"3,680,677","2,137,192,080",606.00,609.00,567.00,571.00,-37.00,"4,935",3661
110/08/09,"2,061,833","1,189,183,786",568.00,586.00,557.00,575.00,+4.00,"2,246",3661
110/08/10,"1,353,058","772,946,596",576.00,584.00,562.00,574.00,-1.00,"1,668",3661
110/08/11,"3,438,668","1,997,164,228",574.00,595.00,566.00,575.00,+1.00,"3,571",3661
110/08/12,"2,452,732","1,446,463,671",583.00,602.00,573.00,602.00,+27.00,"2,610",3661
110/08/13,"2,718,043","1,633,427,778",605.00,614.00,587.00,594.00,-8.00,"2,974",3661
110/08/16,"2,856,331","1,637,051,860",580.00,590.00,561.00,569.00,-25.00,"3,128",3661
110/08/17,"2,246,891","1,300,963,286",574.00,588.00,570.00,573.00,+4.00,"2,278",3661
110/08/18,"4,452,632","2,498,895,681",571.00,580.00,536.00,576.00,+3.00,"4,293",3661
110/08/19,"2,613,702","1,477,613,059",566.00,580.00,553.00,553.00,-23.00,"2,542",3661
110/08/20,"2,247,088","1,276,857,815",561.00,586.00,551.00,586.00,+33.00,"2,165",3661
110/08/23,"4,256,385","2,696,565,202",612.00,644.00,609.00,644.00,+58.00,"3,877",3661
110/08/24,"5,406,552","3,570,393,540",650.00,674.00,650.00,654.00,+10.00,"5,192",3661
110/08/25,"4,178,332","2,820,591,558",650.00,689.00,650.00,689.00,+35.00,"4,307",3661
110/08/26,"3,456,239","2,286,631,040",680.00,688.00,646.00,652.00,-37.00,"3,674",3661
110/08/27,"1,994,024","1,305,928,609",640.00,666.00,639.00,666.00,+14.00,"2,097",3661
110/08/30,"2,248,030","1,520,239,966",672.00,688.00,665.00,673.00,+7.00,"2,310",3661
110/08/31,"4,421,942","3,062,124,853",672.00,708.00,669.00,699.00,+26.00,"4,776",3661
110/09/01,"4,933,765","3,568,672,782",692.00,746.00,691.00,737.00,+38.00,"5,430",3661
110/09/02,"5,207,354","3,900,040,398",745.00,775.00,722.00,730.00,-7.00,"5,357",3661
110/09/03,"3,240,209","2,373,111,110",745.00,758.00,715.00,720.00,-10.00,"3,352",3661
110/09/06,"3,257,164","2,460,326,962",728.00,775.00,726.00,752.00,+32.00,"3,669",3661
110/09/07,"4,980,139","3,877,934,903",764.00,810.00,749.00,764.00,+12.00,"4,998",3661
110/09/08,"4,400,249","3,500,316,488",795.00,818.00,777.00,781.00,+17.00,"4,741",3661
110/09/09,"3,152,943","2,411,372,023",783.00,786.00,745.00,745.00,X0.00,"3,351",3661
110/09/10,"5,231,615","4,209,714,865",764.00,819.00,763.00,819.00,+74.00,"4,682",3661
110/09/13,"5,144,098","4,159,862,939",821.00,828.00,792.00,802.00,-17.00,"5,158",3661
110/09/14,"2,704,721","2,188,278,915",812.00,822.00,796.00,800.00,-2.00,"2,728",3661
110/09/15,"2,367,130","1,911,542,905",805.00,827.00,790.00,827.00,+27.00,"2,611",3661
110/09/16,"3,868,506","3,232,124,466",838.00,851.00,820.00,840.00,+13.00,"4,562",3661
110/09/17,"2,425,419","2,044,702,252",833.00,855.00,825.00,847.00,+7.00,"2,934",3661
110/09/22,"2,975,365","2,523,693,341",823.00,864.00,812.00,857.00,+10.00,"3,229",3661
110/09/23,"4,480,600","3,967,382,741",885.00,898.00,870.00,898.00,+41.00,"4,971",3661
110/09/24,"2,589,702","2,309,451,844",892.00,900.00,885.00,895.00,-3.00,"3,179",3661
110/09/27,"2,318,450","2,077,912,683",895.00,905.00,883.00,902.00,+7.00,"2,407",3661
110/09/28,"2,263,356","2,029,009,058",898.00,907.00,886.00,899.00,-3.00,"2,286",3661
110/09/29,"2,819,706","2,432,346,349",874.00,887.00,844.00,844.00,-55.00,"3,280",3661
110/09/30,"4,695,618","4,208,719,859",854.00,928.00,849.00,928.00,+84.00,"5,229",3661
110/10/01,"4,642,143","4,148,801,110",928.00,928.00,863.00,890.00,-38.00,"5,577",3661
110/10/04,"4,789,808","4,054,745,064",900.00,907.00,801.00,801.00,-89.00,"5,320",3661
110/10/05,"6,904,945","5,738,945,515",772.00,881.00,764.00,867.00,+66.00,"7,301",3661
110/10/06,"8,336,158","7,471,325,509",877.00,950.00,863.00,877.00,+10.00,"9,043",3661
110/10/07,"6,806,153","6,245,503,521",894.00,945.00,886.00,929.00,+52.00,"6,987",3661
110/10/08,"5,356,144","5,019,937,883",945.00,958.00,910.00,938.00,+9.00,"5,357",3661
110/10/12,"3,117,618","2,827,802,492",924.00,933.00,887.00,888.00,-50.00,"3,409",3661
110/10/13,"3,906,430","3,503,704,290",906.00,924.00,871.00,888.00, 0.00,"3,956",3661
110/10/14,"5,978,184","5,280,614,870",908.00,916.00,854.00,890.00,+2.00,"5,815",3661
110/10/15,"5,066,012","4,599,717,746",917.00,932.00,888.00,888.00,-2.00,"5,212",3661
110/10/18,"3,955,862","3,600,471,920",894.00,932.00,888.00,932.00,+44.00,"4,448",3661
110/10/19,"4,708,939","4,370,227,833",935.00,950.00,913.00,920.00,-12.00,"5,040",3661
110/10/20,"2,541,676","2,337,444,677",930.00,932.00,909.00,915.00,-5.00,"2,523",3661
110/10/21,"7,358,787","7,125,119,811",914.00,"1,005.00",914.00,983.00,+68.00,"7,530",3661
110/10/22,"3,672,362","3,623,794,911",990.00,999.00,969.00,996.00,+13.00,"3,854",3661
110/10/25,"3,324,092","3,307,606,071",986.00,"1,040.00",978.00,978.00,-18.00,"3,514",3661
110/10/26,"2,547,058","2,538,703,109",995.00,"1,020.00",983.00,986.00,+8.00,"2,655",3661
110/10/27,"2,836,882","2,900,004,841",995.00,"1,070.00",990.00,"1,050.00",+64.00,"3,140",3661
110/10/28,"2,242,968","2,252,944,710","1,040.00","1,040.00",989.00,989.00,-61.00,"2,643",3661
110/10/29,"1,764,226","1,783,915,451","1,005.00","1,030.00",992.00,"1,030.00",+41.00,"1,952",3661
110/11/01,"2,268,221","2,530,222,660","1,080.00","1,130.00","1,060.00","1,130.00",+100.00,"1,984",3661
110/11/02,"3,578,469","4,139,630,920","1,150.00","1,195.00","1,110.00","1,170.00",+40.00,"3,618",3661
110/11/03,"2,485,874","2,856,377,935","1,150.00","1,205.00","1,105.00","1,205.00",+35.00,"3,058",3661
110/11/04,"2,013,956","2,377,433,105","1,220.00","1,230.00","1,160.00","1,160.00",-45.00,"2,772",3661
110/11/05,"2,136,438","2,580,143,295","1,180.00","1,240.00","1,175.00","1,235.00",+75.00,"2,471",3661
110/11/08,"1,342,877","1,615,777,700","1,225.00","1,225.00","1,190.00","1,200.00",-35.00,"1,895",3661
110/11/09,"1,764,070","2,148,772,335","1,210.00","1,250.00","1,190.00","1,190.00",-10.00,"2,380",3661
110/11/10,"1,653,131","1,965,945,745","1,200.00","1,220.00","1,165.00","1,220.00",+30.00,"2,045",3661
110/11/11,"1,346,968","1,640,490,530","1,205.00","1,235.00","1,190.00","1,220.00", 0.00,"1,463",3661
110/11/12,"2,341,914","2,995,906,925","1,235.00","1,325.00","1,225.00","1,265.00",+45.00,"2,722",3661
110/11/15,"1,434,342","1,820,691,020","1,290.00","1,315.00","1,220.00","1,235.00",-30.00,"1,841",3661
110/11/16,"1,565,811","1,933,185,415","1,250.00","1,280.00","1,200.00","1,220.00",-15.00,"1,921",3661
110/11/17,"1,587,231","1,893,347,945","1,205.00","1,230.00","1,170.00","1,190.00",-30.00,"2,140",3661
110/11/18,"1,231,309","1,466,325,050","1,195.00","1,225.00","1,170.00","1,175.00",-15.00,"1,492",3661
110/11/19,"1,218,798","1,452,462,860","1,200.00","1,235.00","1,160.00","1,160.00",-15.00,"1,416",3661
110/11/22,"1,395,590","1,619,444,120","1,180.00","1,195.00","1,140.00","1,145.00",-15.00,"1,644",3661
110/11/23,"1,750,170","1,963,583,810","1,155.00","1,160.00","1,100.00","1,115.00",-30.00,"2,010",3661
110/11/24,"1,595,953","1,765,278,135","1,120.00","1,140.00","1,080.00","1,095.00",-20.00,"1,775",3661
110/11/25,"362,967","357,885,462",986.00,986.00,986.00,986.00,-109.00,"1,191",3661
110/11/26,"5,954,292","5,614,634,036",890.00,991.00,890.00,941.00,-45.00,"5,578",3661
110/11/29,"3,227,510","3,158,174,127",941.00,"1,010.00",940.00,"1,010.00",+69.00,"3,964",3661
110/11/30,"3,544,565","3,585,425,342","1,045.00","1,055.00",967.00,"1,020.00",+10.00,"4,037",3661
110/12/01,"2,057,978","2,043,837,730","1,000.00","1,015.00",981.00,990.00,-30.00,"2,350",3661
110/12/02,"1,715,481","1,745,494,990","1,000.00","1,045.00",996.00,"1,015.00",+25.00,"1,963",3661
110/12/03,"1,351,963","1,389,201,295","1,020.00","1,045.00","1,000.00","1,045.00",+30.00,"1,436",3661
110/12/06,"1,253,707","1,267,415,540","1,040.00","1,040.00",999.00,"1,005.00",-40.00,"1,408",3661
110/12/07,"1,618,368","1,655,081,055","1,010.00","1,060.00","1,000.00","1,005.00", 0.00,"1,735",3661
110/12/08,"1,107,529","1,120,841,886","1,035.00","1,045.00",991.00,991.00,-14.00,"1,360",3661
110/12/09,"1,254,422","1,247,110,539","1,010.00","1,020.00",975.00,993.00,+2.00,"1,687",3661
110/12/10,"681,117","673,353,210",989.00,"1,005.00",979.00,979.00,-14.00,904,3661
110/12/13,"1,251,263","1,250,326,962",990.00,"1,015.00",975.00,"1,015.00",+36.00,"1,455",3661
110/12/14,"2,499,948","2,401,967,922","1,015.00","1,015.00",929.00,929.00,-86.00,"3,595",3661
110/12/15,"2,457,883","2,378,446,503",930.00,988.00,929.00,984.00,+55.00,"2,583",3661
110/12/16,"2,819,577","2,724,615,757",999.00,"1,000.00",945.00,955.00,-29.00,"3,184",3661
110/12/17,"2,000,656","1,937,155,400",948.00,985.00,948.00,961.00,+6.00,"1,785",3661
110/12/20,"1,016,195","982,152,522",962.00,977.00,952.00,968.00,+7.00,"1,197",3661
110/12/21,"1,365,965","1,329,772,185",971.00,983.00,957.00,981.00,+13.00,"1,626",3661
110/12/22,"1,563,065","1,560,056,472",981.00,"1,010.00",979.00,"1,010.00",+29.00,"1,994",3661
110/12/23,"1,203,469","1,233,754,665","1,015.00","1,045.00","1,010.00","1,020.00",+10.00,"1,612",3661
110/12/24,"1,653,679","1,682,306,128","1,050.00","1,060.00",991.00,991.00,-29.00,"1,868",3661
110/12/27,"978,081","992,249,735",996.00,"1,030.00",996.00,"1,025.00",+34.00,"1,189",3661
110/12/28,"828,366","834,081,917","1,025.00","1,035.00",994.00,994.00,-31.00,"1,087",3661
110/12/29,"714,391","712,048,703","1,000.00","1,015.00",990.00,990.00,-4.00,914,3661
110/12/30,"924,112","934,324,745","1,000.00","1,025.00",995.00,"1,020.00",+30.00,"1,042",3661
111/01/03,"619,966","621,595,197","1,025.00","1,030.00",993.00,999.00,-21.00,749,3661
111/01/04,"1,356,826","1,335,028,979","1,000.00","1,010.00",970.00,979.00,-20.00,"1,814",3661
111/01/05,"2,298,420","2,250,588,379",980.00,997.00,950.00,982.00,+3.00,"2,696",3661
111/01/06,"1,976,312","1,894,517,692",963.00,984.00,941.00,944.00,-38.00,"2,499",3661
111/01/07,"1,484,868","1,408,166,734",950.00,972.00,931.00,931.00,-13.00,"1,852",3661
111/01/10,"1,254,345","1,186,685,059",925.00,965.00,916.00,965.00,+34.00,"1,394",3661
111/01/11,"2,458,220","2,266,631,819",950.00,956.00,898.00,898.00,-67.00,"3,378",3661
111/01/12,"2,053,498","1,921,929,097",936.00,947.00,923.00,925.00,+27.00,"2,168",3661
111/01/13,"993,155","919,876,612",927.00,935.00,917.00,930.00,+5.00,"1,490",3661
111/01/14,"1,434,192","1,310,250,148",923.00,933.00,902.00,916.00,-14.00,"1,654",3661
111/01/17,"1,304,299","1,216,135,325",917.00,945.00,911.00,943.00,+27.00,"1,445",3661
111/01/18,"2,634,565","2,570,673,238",948.00,"1,005.00",936.00,968.00,+25.00,"2,998",3661
111/01/19,"2,151,569","2,028,608,636",951.00,964.00,928.00,928.00,-40.00,"3,681",3661
111/01/20,"2,080,786","1,974,298,103",934.00,976.00,923.00,976.00,+48.00,"2,177",3661
111/01/21,"2,069,751","1,953,850,766",952.00,966.00,921.00,921.00,-55.00,"2,299",3661
111/01/24,"1,729,973","1,579,090,847",922.00,930.00,892.00,911.00,-10.00,"1,864",3661
111/01/25,"1,545,471","1,413,975,314",911.00,933.00,899.00,899.00,-12.00,"1,834",3661
111/01/26,"2,011,328","1,862,212,008",908.00,944.00,902.00,935.00,+36.00,"2,109",3661
111/02/07,"2,210,831","2,044,502,472",910.00,950.00,903.00,950.00,+15.00,"2,841",3661
111/02/08,"2,213,802","2,159,891,842",952.00,998.00,945.00,980.00,+30.00,"3,297",3661
111/02/09,"3,225,303","3,326,843,810",990.00,"1,075.00",982.00,"1,075.00",+95.00,"3,652",3661
111/02/10,"5,328,395","5,822,698,860","1,095.00","1,130.00","1,055.00","1,100.00",+25.00,"5,055",3661
111/02/11,"2,622,485","2,946,694,580","1,090.00","1,170.00","1,080.00","1,160.00",+60.00,"3,021",3661
111/02/14,"2,243,452","2,447,983,030","1,130.00","1,130.00","1,055.00","1,085.00",-75.00,"2,490",3661
111/02/15,"2,062,517","2,240,786,285","1,085.00","1,120.00","1,045.00","1,060.00",-25.00,"3,139",3661
111/02/16,"3,352,859","3,847,748,855","1,100.00","1,165.00","1,100.00","1,165.00",+105.00,"3,242",3661
111/02/17,"2,325,255","2,682,075,140","1,165.00","1,180.00","1,130.00","1,155.00",-10.00,"2,418",3661
111/02/18,"1,618,717","1,856,951,510","1,125.00","1,170.00","1,125.00","1,150.00",-5.00,"1,683",3661
111/02/21,"1,161,535","1,323,559,715","1,150.00","1,165.00","1,125.00","1,125.00",-25.00,"1,401",3661
111/02/22,"1,754,877","1,896,553,965","1,105.00","1,125.00","1,055.00","1,070.00",-55.00,"1,974",3661
111/02/23,"1,253,988","1,358,723,445","1,090.00","1,105.00","1,065.00","1,070.00", 0.00,"1,319",3661
111/02/24,"1,594,404","1,678,845,020","1,040.00","1,085.00","1,030.00","1,055.00",-15.00,"1,726",3661
111/02/25,"1,465,691","1,583,724,165","1,085.00","1,095.00","1,060.00","1,075.00",+20.00,"1,505",3661
111/03/01,"2,259,688","2,576,340,285","1,095.00","1,180.00","1,085.00","1,140.00",+65.00,"2,271",3661
111/03/02,"2,128,971","2,470,030,830","1,135.00","1,180.00","1,130.00","1,175.00",+35.00,"2,116",3661
111/03/03,"2,816,920","3,383,495,730","1,195.00","1,230.00","1,175.00","1,190.00",+15.00,"2,944",3661
111/03/04,"2,339,873","2,819,794,620","1,180.00","1,225.00","1,175.00","1,220.00",+30.00,"2,405",3661
111/03/07,"2,267,073","2,543,188,190","1,175.00","1,180.00","1,100.00","1,100.00",-120.00,"2,691",3661
111/03/08,"3,435,926","3,655,985,000","1,045.00","1,125.00","1,015.00","1,030.00",-70.00,"3,568",3661
111/03/09,"3,508,733","3,595,833,951","1,075.00","1,090.00",983.00,983.00,-47.00,"3,737",3661
111/03/10,"2,713,231","2,875,479,335","1,025.00","1,080.00","1,025.00","1,080.00",+97.00,"2,344",3661
111/03/11,"2,626,364","2,810,466,510","1,075.00","1,095.00","1,035.00","1,090.00",+10.00,"2,476",3661
111/03/14,"1,795,395","1,940,989,040","1,105.00","1,115.00","1,060.00","1,080.00",-10.00,"1,757",3661
111/03/15,"2,340,745","2,342,123,025","1,065.00","1,070.00",972.00,972.00,-108.00,"2,865",3661
111/03/16,"8,853,955","8,071,278,602",983.00,"1,005.00",875.00,908.00,-64.00,"8,635",3661
111/03/17,"5,384,769","5,309,486,672",979.00,998.00,968.00,986.00,+78.00,"4,808",3661
111/03/18,"4,447,492","4,146,599,554",986.00,986.00,911.00,920.00,-66.00,"4,960",3661
111/03/21,"2,801,717","2,619,373,607",928.00,948.00,913.00,948.00,+28.00,"3,031",3661
111/03/22,"4,226,895","4,048,916,911",950.00,994.00,917.00,970.00,+22.00,"4,296",3661
111/03/23,"3,142,833","3,148,734,444",988.00,"1,020.00",988.00,"1,005.00",+35.00,"3,234",3661
111/03/24,"1,862,290","1,889,150,007",997.00,"1,040.00",993.00,"1,035.00",+30.00,"2,032",3661
111/03/25,"3,289,877","3,500,550,065","1,050.00","1,095.00","1,025.00","1,065.00",+30.00,"3,342",3661
111/03/28,"2,516,430","2,623,984,165","1,035.00","1,085.00","1,010.00","1,085.00",+20.00,"2,610",3661
111/03/29,"3,157,233","3,475,701,655","1,085.00","1,130.00","1,070.00","1,095.00",+10.00,"3,254",3661
111/03/30,"2,136,115","2,371,522,195","1,115.00","1,135.00","1,085.00","1,090.00",-5.00,"2,174",3661
111/03/31,"1,778,585","1,947,600,240","1,085.00","1,115.00","1,085.00","1,100.00",+10.00,"1,758",3661
111/04/01,"1,207,900","1,340,965,975","1,080.00","1,135.00","1,060.00","1,110.00",+10.00,"1,348",3661
111/04/06,"872,583","975,227,290","1,110.00","1,135.00","1,095.00","1,100.00",-10.00,936,3661
111/04/07,"1,822,374","2,011,815,825","1,125.00","1,155.00","1,060.00","1,060.00",-40.00,"1,987",3661
111/04/08,"1,921,171","1,998,653,480","1,080.00","1,090.00","1,000.00","1,000.00",-60.00,"2,066",3661
111/04/11,"1,909,761","1,870,467,630",986.00,"1,015.00",954.00,954.00,-46.00,"2,300",3661
111/04/12,"3,686,658","3,454,149,473",949.00,969.00,908.00,920.00,-34.00,"3,941",3661
111/04/13,"3,997,666","3,846,026,067",946.00,"1,005.00",923.00,984.00,+64.00,"3,927",3661
111/04/14,"3,210,113","3,161,996,416",996.00,"1,020.00",981.00,981.00,-3.00,"2,904",3661
111/04/15,"3,198,581","3,006,233,516",968.00,969.00,913.00,925.00,-56.00,"3,761",3661
111/04/18,"2,458,030","2,293,542,246",917.00,949.00,910.00,941.00,+16.00,"2,433",3661
111/04/19,"2,475,170","2,392,447,352",956.00,985.00,951.00,960.00,+19.00,"2,525",3661
111/04/20,"2,266,923","2,199,485,238",979.00,991.00,955.00,960.00, 0.00,"2,205",3661
111/04/21,"1,823,042","1,741,886,442",973.00,977.00,938.00,939.00,-21.00,"1,946",3661
111/04/22,"4,648,500","4,089,099,985",922.00,927.00,847.00,859.00,-80.00,"6,038",3661
111/04/25,"3,946,542","3,212,406,398",808.00,828.00,795.00,821.00,-38.00,"4,241",3661
111/04/26,"3,394,404","2,762,618,095",854.00,854.00,797.00,801.00,-20.00,"3,635",3661
111/04/27,"4,705,134","3,733,882,396",759.00,849.00,752.00,849.00,+48.00,"4,719",3661
111/04/28,"4,825,517","4,118,058,542",833.00,882.00,821.00,862.00,+13.00,"4,735",3661
111/04/29,"4,549,259","4,028,915,852",881.00,906.00,867.00,886.00,+24.00,"4,655",3661
111/05/03,"5,550,497","5,115,866,906",892.00,948.00,892.00,948.00,+62.00,"5,568",3661
111/05/04,"3,982,785","3,707,557,464",953.00,954.00,911.00,922.00,-26.00,"4,034",3661
111/05/05,"4,294,133","4,114,716,145",960.00,976.00,935.00,945.00,+23.00,"4,281",3661
111/05/06,"4,417,429","3,905,082,464",898.00,915.00,860.00,870.00,-75.00,"4,995",3661
111/05/09,"3,079,607","2,677,836,086",857.00,886.00,850.00,866.00,-4.00,"3,017",3661
111/05/10,"4,290,931","3,755,369,149",841.00,914.00,839.00,906.00,+40.00,"4,306",3661
111/05/11,"3,410,698","3,123,445,930",900.00,931.00,893.00,922.00,+16.00,"3,501",3661
111/05/12,"6,672,769","6,334,121,266",915.00,976.00,912.00,938.00,+16.00,"6,610",3661
111/05/13,"5,185,677","4,850,250,481",947.00,957.00,911.00,911.00,-27.00,"5,168",3661
111/05/16,"3,353,867","3,075,975,459",930.00,945.00,890.00,898.00,-13.00,"3,360",3661
111/05/17,"5,182,015","4,865,824,952",914.00,957.00,904.00,949.00,+51.00,"5,174",3661
111/05/18,"3,957,758","3,738,435,213",962.00,966.00,926.00,949.00, 0.00,"3,863",3661
111/05/19,"3,584,711","3,364,757,420",921.00,962.00,914.00,962.00,+13.00,"3,586",3661
111/05/20,"2,875,480","2,764,361,161",962.00,973.00,949.00,950.00,-12.00,"2,824",3661
111/05/23,"3,829,238","3,698,970,392",968.00,991.00,943.00,943.00,-7.00,"3,800",3661
111/05/24,"3,743,315","3,444,240,776",953.00,958.00,893.00,902.00,-41.00,"4,159",3661
111/05/25,"4,577,887","4,127,008,178",906.00,924.00,877.00,893.00,-9.00,"4,682",3661
111/05/26,"5,337,601","4,595,074,195",902.00,904.00,821.00,828.00,-65.00,"6,432",3661
111/05/27,"3,496,710","2,982,189,039",847.00,863.00,842.00,853.00,+25.00,"3,373",3661
111/05/30,"5,168,892","4,718,502,779",879.00,935.00,873.00,927.00,+74.00,"5,160",3661
111/05/31,"2,591,182","2,405,127,596",927.00,935.00,915.00,935.00,+8.00,"2,687",3661
111/06/01,"3,602,664","3,391,379,410",929.00,964.00,922.00,924.00,-11.00,"4,309",3661
111/06/02,"4,263,717","3,856,147,386",917.00,939.00,878.00,878.00,-46.00,"5,550",3661
111/06/06,"3,420,122","2,982,395,740",886.00,893.00,857.00,868.00,-10.00,"3,898",3661
111/06/07,"1,868,408","1,632,187,584",871.00,883.00,862.00,878.00,+10.00,"1,974",3661
111/06/08,"3,121,766","2,744,510,482",888.00,902.00,860.00,864.00,-14.00,"3,407",3661
111/06/09,"3,715,732","3,131,524,354",861.00,870.00,830.00,835.00,-29.00,"4,671",3661
111/06/10,"3,521,062","2,918,000,168",810.00,847.00,810.00,847.00,+12.00,"3,590",3661
111/06/13,"2,913,538","2,388,415,276",823.00,827.00,812.00,819.00,-28.00,"3,328",3661
111/06/14,"6,334,861","5,051,812,856",815.00,831.00,769.00,803.00,-16.00,"7,336",3661
111/06/15,"4,145,188","3,361,364,280",810.00,831.00,789.00,789.00,-14.00,"4,302",3661
111/06/16,"4,811,216","3,808,976,390",818.00,823.00,764.00,764.00,-25.00,"5,293",3661
111/06/17,"5,484,971","4,084,638,336",760.00,769.00,726.00,736.00,-28.00,"6,158",3661
111/06/20,"4,223,377","3,074,388,783",743.00,747.00,708.00,708.00,-28.00,"4,415",3661
111/06/21,"6,240,679","4,424,977,541",725.00,727.00,695.00,709.00,+1.00,"6,261",3661
111/06/22,"6,852,862","4,649,865,547",711.00,712.00,658.00,667.00,-42.00,"7,030",3661
111/06/23,"6,138,455","4,190,446,298",675.00,697.00,663.00,691.00,+24.00,"5,824",3661
111/06/24,"7,338,231","5,175,042,367",699.00,727.00,676.00,713.00,+22.00,"6,915",3661
111/06/27,"4,956,730","3,721,689,258",733.00,766.00,731.00,754.00,+41.00,"4,932",3661
111/06/28,"3,661,471","2,665,017,458",754.00,754.00,713.00,721.00,-33.00,"3,691",3661
111/06/29,"3,474,873","2,506,121,749",708.00,733.00,705.00,731.00,+10.00,"3,286",3661
111/06/30,"4,039,790","2,837,961,103",725.00,725.00,690.00,694.00,-37.00,"3,980",3661
111/07/01,"7,159,939","4,860,277,026",698.00,720.00,635.00,639.00,-55.00,"7,087",3661
111/07/04,"4,724,239","3,079,998,474",647.00,665.00,635.00,663.00,+24.00,"4,484",3661
111/07/05,"8,707,203","5,594,906,773",679.00,690.00,601.00,633.00,-30.00,"8,394",3661
111/07/06,"6,098,242","3,806,119,371",632.00,645.00,605.00,608.00,-25.00,"5,726",3661
111/07/07,"7,190,342","4,550,777,338",623.00,658.00,600.00,654.00,+46.00,"6,612",3661
111/07/08,"7,055,387","4,561,298,568",664.00,671.00,623.00,637.00,-17.00,"6,730",3661
111/07/11,"5,514,048","3,429,800,301",642.00,647.00,608.00,609.00,-28.00,"5,486",3661
111/07/12,"7,906,364","4,574,251,469",603.00,607.00,562.00,568.00,-41.00,"8,066",3661
111/07/13,"7,513,569","4,334,765,566",600.00,601.00,561.00,562.00,-6.00,"7,189",3661
111/07/14,"9,427,801","5,364,016,605",559.00,589.00,546.00,585.00,+23.00,"8,472",3661
111/07/15,"9,653,460","5,643,529,061",580.00,612.00,563.00,600.00,+15.00,"9,075",3661
111/07/18,"8,581,184","5,489,740,412",607.00,660.00,607.00,655.00,+55.00,"7,925",3661
111/07/19,"6,059,200","3,904,746,234",645.00,659.00,636.00,636.00,-19.00,"5,803",3661
111/07/20,"8,708,066","5,839,067,922",660.00,686.00,657.00,661.00,+25.00,"8,094",3661
111/07/21,"7,090,238","4,805,819,462",675.00,691.00,664.00,691.00,+30.00,"6,677",3661
111/07/22,"8,214,580","5,626,948,175",700.00,709.00,664.00,678.00,-13.00,"7,967",3661
111/07/25,"5,572,515","3,715,539,051",670.00,683.00,652.00,677.00,-1.00,"5,564",3661
111/07/26,"4,260,258","2,832,604,960",670.00,677.00,654.00,665.00,-12.00,"4,045",3661
111/07/27,"6,112,930","4,062,399,991",668.00,684.00,645.00,681.00,+16.00,"5,766",3661
111/07/28,"7,627,006","5,211,590,039",695.00,705.00,668.00,676.00,-5.00,"6,969",3661
111/07/29,"8,187,827","5,769,398,419",690.00,719.00,689.00,706.00,+30.00,"7,722",3661
111/08/01,"6,707,681","4,531,645,306",698.00,698.00,658.00,658.00,-48.00,"6,901",3661
111/08/02,"6,318,155","4,137,028,301",643.00,673.00,642.00,669.00,+11.00,"5,733",3661
111/08/03,"6,168,331","4,142,577,792",664.00,685.00,655.00,678.00,+9.00,"5,812",3661
111/08/04,"9,855,868","6,465,974,622",674.00,682.00,633.00,638.00,-40.00,"9,333",3661
111/08/05,"6,971,558","4,509,880,771",648.00,659.00,635.00,641.00,+3.00,"7,212",3661
111/08/08,"5,953,039","3,734,321,545",635.00,643.00,625.00,628.00,-13.00,"5,174",3661
111/08/09,"6,228,788","3,888,378,026",625.00,637.00,608.00,636.00,+8.00,"6,036",3661
111/08/10,"3,566,019","2,209,372,508",622.00,625.00,615.00,618.00,-18.00,"3,576",3661
111/08/11,"7,175,554","4,719,440,981",638.00,672.00,638.00,667.00,+49.00,"6,641",3661
111/08/12,"10,566,445","7,345,000,448",672.00,726.00,661.00,721.00,+54.00,"10,157",3661
111/08/15,"8,604,815","6,432,084,727",733.00,770.00,729.00,770.00,+49.00,"8,569",3661
111/08/16,"8,884,763","6,910,672,114",764.00,798.00,753.00,786.00,+16.00,"8,480",3661
111/08/17,"7,062,433","5,482,064,031",779.00,793.00,762.00,770.00,-16.00,"8,013",3661
111/08/18,"7,238,471","5,698,687,354",765.00,807.00,760.00,804.00,+34.00,"7,161",3661
111/08/19,"5,537,052","4,460,172,904",807.00,819.00,792.00,795.00,-9.00,"5,582",3661
111/08/22,"4,131,814","3,228,138,044",782.00,799.00,763.00,765.00,-30.00,"5,018",3661
111/08/23,"4,126,731","3,178,038,408",756.00,780.00,756.00,780.00,+15.00,"4,296",3661
111/08/24,"4,259,312","3,367,546,306",790.00,797.00,780.00,793.00,+13.00,"4,370",3661
111/08/25,"7,530,194","6,258,531,632",805.00,847.00,804.00,841.00,+48.00,"8,018",3661
111/08/26,"6,149,660","5,181,097,041",863.00,866.00,816.00,828.00,-13.00,"7,455",3661
111/08/29,"8,385,798","7,011,660,991",793.00,875.00,792.00,873.00,+45.00,"9,253",3661
111/08/30,"6,099,659","5,309,399,616",881.00,882.00,860.00,866.00,-7.00,"6,125",3661
111/08/31,"3,887,281","3,358,326,413",863.00,876.00,856.00,857.00,-9.00,"3,820",3661
111/09/01,"6,855,697","5,919,159,286",847.00,886.00,842.00,855.00,-2.00,"11,857",3661
111/09/02,"10,016,472","8,992,295,878",865.00,938.00,863.00,925.00,+70.00,"10,058",3661
111/09/05,"7,518,006","6,668,502,204",934.00,943.00,846.00,870.00,-55.00,"7,531",3661
111/09/06,"5,179,219","4,469,427,962",882.00,889.00,846.00,846.00,-24.00,"5,235",3661
111/09/07,"6,406,410","5,468,372,736",842.00,880.00,836.00,846.00, 0.00,"6,060",3661
111/09/08,"5,947,975","5,203,923,493",862.00,896.00,852.00,896.00,+50.00,"5,755",3661
111/09/12,"6,805,082","6,406,902,361",935.00,959.00,922.00,959.00,+63.00,"7,108",3661
111/09/13,"3,302,062","3,149,276,827",967.00,973.00,937.00,939.00,-20.00,"3,832",3661
111/09/14,"4,298,353","4,096,280,843",911.00,972.00,910.00,953.00,+14.00,"4,454",3661
111/09/15,"4,324,928","4,215,100,124",964.00,"1,005.00",943.00,944.00,-9.00,"4,984",3661
111/09/16,"5,318,539","4,974,568,457",944.00,965.00,906.00,908.00,X0.00,"5,443",3661
111/09/19,"3,419,721","3,111,005,131",919.00,925.00,894.00,900.00,-8.00,"3,467",3661
111/09/20,"3,407,050","3,102,502,732",917.00,922.00,900.00,909.00,+9.00,"3,375",3661
111/09/21,"2,734,085","2,471,261,431",906.00,915.00,898.00,900.00,-9.00,"2,840",3661
111/09/22,"5,662,084","5,265,078,130",897.00,955.00,891.00,950.00,+50.00,"5,945",3661
111/09/23,"9,141,844","8,371,528,492",944.00,965.00,864.00,914.00,-36.00,"11,868",3661
111/09/26,"5,886,858","5,231,242,420",897.00,914.00,865.00,866.00,-48.00,"6,133",3661
111/09/27,"5,446,260","4,703,435,249",881.00,887.00,846.00,865.00,-1.00,"5,263",3661
111/09/28,"7,097,594","5,935,120,890",869.00,879.00,810.00,810.00,-55.00,"7,078",3661
111/09/29,"6,600,951","5,552,758,708",842.00,865.00,821.00,823.00,+13.00,"6,267",3661
111/09/30,"7,099,665","5,903,081,039",802.00,867.00,796.00,867.00,+44.00,"6,854",3661
111/10/03,"5,641,868","4,810,155,647",850.00,876.00,833.00,857.00,-10.00,"5,530",3661
111/10/04,"4,979,301","4,419,160,784",888.00,901.00,872.00,901.00,+44.00,"4,967",3661
111/10/05,"9,756,392","8,556,852,463",915.00,925.00,835.00,838.00,-63.00,"11,964",3661
111/10/06,"7,648,080","6,784,970,525",863.00,915.00,858.00,908.00,+70.00,"7,400",3661
111/10/07,"10,430,908","9,308,595,580",916.00,926.00,861.00,919.00,+11.00,"9,963",3661
111/10/11,"1,004,434","831,681,522",828.00,828.00,828.00,828.00,-91.00,"1,717",3661
111/10/12,"3,652,705","2,755,162,930",748.00,775.00,746.00,746.00,-82.00,"3,237",3661
111/10/13,"12,041,071","8,562,600,516",745.00,750.00,674.00,681.00,-65.00,"11,683",3661
111/10/14,"9,615,450","6,734,943,853",725.00,726.00,670.00,670.00,-11.00,"9,253",3661
111/10/17,"9,812,510","6,591,434,330",650.00,695.00,646.00,691.00,+21.00,"9,207",3661
111/10/18,"10,595,665","7,105,353,579",702.00,707.00,644.00,671.00,-20.00,"10,487",3661
111/10/19,"8,425,681","5,810,987,365",680.00,702.00,677.00,692.00,+21.00,"7,980",3661
111/10/20,"11,482,084","7,595,424,210",656.00,678.00,636.00,673.00,-19.00,"10,806",3661
111/10/21,"9,250,852","5,989,111,172",673.00,674.00,620.00,620.00,-53.00,"9,507",3661
111/10/24,"9,934,853","6,201,682,913",636.00,646.00,597.00,597.00,-23.00,"9,290",3661
111/10/25,"10,521,747","6,230,531,429",597.00,610.00,573.00,580.00,-17.00,"9,757",3661
111/10/26,"9,290,159","5,310,398,625",584.00,587.00,557.00,583.00,+3.00,"8,403",3661
111/10/27,"12,620,553","7,620,432,164",594.00,628.00,574.00,619.00,+36.00,"11,595",3661
111/10/28,"14,894,055","9,342,340,594",609.00,653.00,608.00,626.00,+7.00,"13,467",3661
111/10/31,"8,587,167","5,528,202,814",645.00,654.00,628.00,649.00,+23.00,"7,725",3661
111/11/01,"9,213,079","6,112,379,018",645.00,677.00,639.00,676.00,+27.00,"8,586",3661
111/11/02,"7,115,353","4,793,957,452",677.00,685.00,662.00,678.00,+2.00,"6,653",3661
111/11/03,"8,999,573","6,199,181,885",665.00,709.00,662.00,701.00,+23.00,"8,338",3661
111/11/04,"8,122,316","5,809,991,107",695.00,725.00,695.00,725.00,+24.00,"7,870",3661
111/11/07,"10,380,845","7,979,627,097",750.00,797.00,736.00,797.00,+72.00,"9,884",3661
111/11/08,"11,922,094","9,483,367,769",801.00,825.00,765.00,778.00,-19.00,"11,661",3661
111/11/09,"7,414,070","5,837,079,113",789.00,801.00,770.00,790.00,+12.00,"7,196",3661
111/11/10,"6,572,273","5,253,281,642",784.00,817.00,783.00,800.00,+10.00,"6,502",3661
111/11/11,"9,890,859","8,352,377,108",855.00,868.00,823.00,823.00,+23.00,"10,457",3661
111/11/14,"5,163,451","4,301,920,987",829.00,843.00,823.00,830.00,+7.00,"4,983",3661
111/11/15,"7,069,844","5,920,330,642",837.00,855.00,815.00,843.00,+13.00,"7,615",3661
111/11/16,"6,898,488","5,901,138,848",848.00,867.00,840.00,860.00,+17.00,"6,885",3661
111/11/17,"5,358,533","4,679,909,305",865.00,883.00,861.00,882.00,+22.00,"5,618",3661
111/11/18,"6,199,010","5,464,775,227",886.00,895.00,863.00,875.00,-7.00,"6,061",3661
111/11/21,"4,738,823","4,237,477,432",885.00,910.00,882.00,890.00,+15.00,"4,821",3661
111/11/22,"6,747,955","5,902,671,273",903.00,906.00,858.00,862.00,-28.00,"10,867",3661
111/11/23,"5,612,122","4,956,305,926",879.00,894.00,873.00,879.00,+17.00,"5,307",3661
111/11/24,"6,362,154","5,780,814,606",890.00,925.00,882.00,916.00,+37.00,"6,658",3661
111/11/25,"4,871,107","4,352,688,552",916.00,918.00,875.00,883.00,-33.00,"7,186",3661
111/11/28,"3,673,119","3,280,740,929",877.00,906.00,875.00,890.00,+7.00,"3,517",3661
111/11/29,"3,668,523","3,271,678,259",893.00,905.00,870.00,902.00,+12.00,"3,581",3661
111/11/30,"5,683,009","5,266,802,189",908.00,943.00,906.00,927.00,+25.00,"5,800",3661
111/12/01,"7,426,897","6,890,265,890",952.00,960.00,895.00,895.00,-32.00,"7,504",3661
111/12/02,"4,251,808","3,854,967,162",902.00,918.00,890.00,913.00,+18.00,"4,414",3661
111/12/05,"3,468,849","3,164,199,905",918.00,928.00,899.00,909.00,-4.00,"3,653",3661
111/12/06,"3,142,275","2,842,333,792",907.00,918.00,894.00,894.00,-15.00,"3,284",3661
111/12/07,"5,040,321","4,398,716,864",895.00,895.00,857.00,858.00,-36.00,"5,660",3661
111/12/08,"3,358,918","2,921,556,389",859.00,879.00,853.00,878.00,+20.00,"3,270",3661
111/12/09,"6,807,552","6,212,330,127",925.00,926.00,898.00,915.00,+37.00,"6,300",3661
111/12/12,"4,280,193","3,835,363,800",914.00,920.00,875.00,879.00,-36.00,"4,554",3661
111/12/13,"4,158,466","3,673,895,345",891.00,905.00,865.00,865.00,-14.00,"4,421",3661
111/12/14,"4,785,723","4,299,459,507",877.00,914.00,873.00,911.00,+46.00,"4,886",3661
111/12/15,"4,658,897","4,138,546,202",908.00,911.00,872.00,885.00,-26.00,"4,917",3661
111/12/16,"3,720,654","3,226,478,886",870.00,877.00,854.00,876.00,-9.00,"4,001",3661
111/12/19,"2,899,115","2,531,717,601",870.00,886.00,857.00,885.00,+9.00,"2,949",3661
111/12/20,"7,170,444","6,112,237,045",879.00,898.00,812.00,823.00,-62.00,"7,929",3661
111/12/21,"3,866,705","3,171,101,787",830.00,836.00,807.00,809.00,-14.00,"4,237",3661
111/12/22,"3,783,959","3,095,359,067",826.00,833.00,801.00,814.00,+5.00,"3,714",3661
111/12/23,"2,949,646","2,369,986,238",796.00,815.00,791.00,803.00,-11.00,"3,184",3661
111/12/26,"3,598,173","2,830,168,317",810.00,810.00,773.00,781.00,-22.00,"4,119",3661
111/12/27,"3,550,896","2,777,038,669",783.00,792.00,773.00,780.00,-1.00,"3,792",3661
111/12/28,"6,600,180","4,931,279,298",765.00,771.00,731.00,750.00,-30.00,"7,069",3661
111/12/29,"3,240,547","2,442,500,820",745.00,773.00,739.00,769.00,+19.00,"3,416",3661
111/12/30,"5,091,653","4,001,024,869",783.00,798.00,776.00,788.00,+19.00,"5,073",3661
112/01/03,"6,365,329","5,264,554,386",798.00,855.00,796.00,855.00,+67.00,"6,818",3661
112/01/04,"6,156,121","5,333,596,225",850.00,882.00,844.00,879.00,+24.00,"6,328",3661
112/01/05,"6,189,016","5,410,239,243",888.00,897.00,851.00,857.00,-22.00,"9,301",3661
112/01/06,"4,465,787","3,800,656,142",860.00,868.00,831.00,837.00,-20.00,"5,072",3661
112/01/09,"5,261,930","4,521,987,667",859.00,873.00,849.00,854.00,+17.00,"5,159",3661
112/01/10,"3,226,082","2,751,787,931",859.00,868.00,836.00,851.00,-3.00,"3,558",3661
112/01/11,"4,500,690","3,745,633,856",846.00,849.00,822.00,833.00,-18.00,"5,229",3661
112/01/12,"2,455,613","2,055,059,179",833.00,844.00,827.00,839.00,+6.00,"2,686",3661
112/01/13,"3,060,341","2,593,609,082",848.00,858.00,837.00,837.00,-2.00,"3,267",3661
112/01/16,"3,018,308","2,585,397,521",848.00,868.00,837.00,862.00,+25.00,"3,554",3661
112/01/17,"2,701,508","2,301,667,360",860.00,861.00,843.00,846.00,-16.00,"4,145",3661
112/01/30,"5,231,500","4,596,923,539",879.00,900.00,863.00,864.00,+18.00,"6,992",3661
112/01/31,"3,192,245","2,711,605,047",861.00,864.00,839.00,843.00,-21.00,"5,009",3661
112/02/01,"4,312,383","3,776,645,121",855.00,889.00,852.00,888.00,+45.00,"5,018",3661
112/02/02,"6,337,593","5,818,567,331",902.00,935.00,898.00,926.00,+38.00,"7,370",3661
112/02/03,"5,805,994","5,432,803,999",931.00,950.00,917.00,943.00,+17.00,"6,306",3661
112/02/06,"3,761,649","3,458,364,324",927.00,935.00,904.00,933.00,-10.00,"4,736",3661
112/02/07,"4,280,892","4,035,165,993",938.00,954.00,923.00,949.00,+16.00,"5,314",3661
112/02/08,"7,627,915","7,552,873,933",970.00,"1,010.00",958.00,998.00,+49.00,"8,391",3661
112/02/09,"4,358,894","4,365,450,362",995.00,"1,020.00",981.00,"1,005.00",+7.00,"5,999",3661
112/02/10,"5,502,614","5,355,181,239","1,000.00","1,005.00",948.00,978.00,-27.00,"10,123",3661
112/02/13,"5,787,196","5,701,949,171",990.00,"1,020.00",957.00,959.00,-19.00,"6,567",3661
112/02/14,"7,385,062","6,907,687,125",953.00,974.00,909.00,912.00,-47.00,"10,808",3661
112/02/15,"4,062,179","3,726,825,508",909.00,928.00,906.00,920.00,+8.00,"4,582",3661
112/02/16,"6,015,293","5,756,333,299",937.00,983.00,930.00,961.00,+41.00,"7,192",3661
112/02/17,"5,033,397","4,703,865,093",954.00,957.00,915.00,929.00,-32.00,"7,116",3661
112/02/20,"3,127,097","2,936,029,346",931.00,954.00,926.00,927.00,-2.00,"3,831",3661
112/02/21,"3,425,925","3,208,518,128",939.00,945.00,923.00,940.00,+13.00,"3,792",3661
112/02/22,"6,020,850","5,464,775,605",932.00,933.00,900.00,900.00,-40.00,"6,834",3661
112/02/23,"8,895,636","8,489,137,298",922.00,980.00,919.00,958.00,+58.00,"9,619",3661
112/02/24,"7,200,410","6,925,264,446",980.00,993.00,935.00,944.00,-14.00,"8,906",3661
112/03/01,"9,164,861","9,091,994,752",948.00,"1,035.00",933.00,"1,035.00",+91.00,"10,572",3661
112/03/02,"5,999,611","6,124,898,045","1,035.00","1,050.00",999.00,"1,005.00",-30.00,"6,232",3661
112/03/03,"7,237,049","7,148,836,956","1,025.00","1,050.00",932.00,968.00,-37.00,"9,185",3661
112/03/06,"4,820,416","4,654,444,006",990.00,992.00,945.00,957.00,-11.00,"6,549",3661
112/03/07,"2,784,163","2,663,681,988",969.00,969.00,946.00,957.00, 0.00,"3,592",3661
112/03/08,"7,963,680","7,936,711,785",956.00,"1,045.00",949.00,"1,000.00",+43.00,"9,657",3661
112/03/09,"5,407,178","5,563,904,425","1,015.00","1,050.00","1,005.00","1,030.00",+30.00,"5,642",3661
112/03/10,"4,458,744","4,468,269,857","1,010.00","1,025.00",984.00,998.00,-32.00,"6,267",3661
112/03/13,"6,837,229","6,770,228,492","1,005.00","1,015.00",962.00,998.00, 0.00,"7,219",3661
112/03/14,"6,172,043","6,231,648,600","1,000.00","1,030.00",989.00,989.00,-9.00,"6,114",3661
112/03/15,"7,445,857","7,758,800,555","1,020.00","1,070.00","1,020.00","1,025.00",+36.00,"7,495",3661
112/03/16,"11,669,200","12,689,182,475","1,065.00","1,125.00","1,055.00","1,125.00",+100.00,"11,529",3661
112/03/17,"12,275,664","14,647,791,150","1,180.00","1,235.00","1,150.00","1,205.00",+80.00,"12,696",3661
112/03/20,"5,346,712","6,503,104,190","1,195.00","1,245.00","1,190.00","1,245.00",+40.00,"6,000",3661
112/03/21,"6,907,103","8,708,392,275","1,250.00","1,290.00","1,220.00","1,290.00",+45.00,"7,382",3661
112/03/22,"5,062,641","6,574,384,025","1,315.00","1,315.00","1,275.00","1,305.00",+15.00,"5,663",3661
112/03/23,"4,827,014","6,290,360,097","1,290.00","1,335.00","1,280.00","1,305.00", 0.00,"5,267",3661
112/03/24,"5,304,100","6,780,875,335","1,310.00","1,325.00","1,245.00","1,255.00",-50.00,"6,772",3661
112/03/27,"3,496,768","4,405,358,065","1,255.00","1,280.00","1,240.00","1,260.00",+5.00,"3,890",3661
112/03/28,"3,554,826","4,369,112,795","1,250.00","1,260.00","1,210.00","1,215.00",-45.00,"4,054",3661
112/03/29,"5,861,687","6,888,201,730","1,230.00","1,230.00","1,140.00","1,210.00",-5.00,"6,990",3661
112/03/30,"2,715,301","3,274,946,185","1,215.00","1,230.00","1,180.00","1,180.00",-30.00,"3,316",3661
112/03/31,"2,868,324","3,537,484,265","1,200.00","1,260.00","1,190.00","1,240.00",+60.00,"3,609",3661
112/04/06,"2,396,974","2,895,770,270","1,210.00","1,240.00","1,185.00","1,210.00",-30.00,"3,255",3661
112/04/07,"2,850,493","3,542,753,500","1,230.00","1,265.00","1,195.00","1,250.00",+40.00,"3,366",3661
112/04/10,"4,343,548","5,639,521,650","1,265.00","1,330.00","1,260.00","1,315.00",+65.00,"5,112",3661
112/04/11,"7,395,928","9,974,699,660","1,375.00","1,385.00","1,315.00","1,345.00",+30.00,"8,849",3661
112/04/12,"3,611,347","4,788,380,260","1,330.00","1,350.00","1,295.00","1,340.00",-5.00,"4,394",3661
112/04/13,"3,217,629","4,216,707,185","1,325.00","1,340.00","1,290.00","1,290.00",-50.00,"4,011",3661
112/04/14,"4,022,046","5,395,956,815","1,310.00","1,370.00","1,310.00","1,360.00",+70.00,"4,957",3661
112/04/17,"2,669,745","3,603,893,515","1,345.00","1,370.00","1,330.00","1,340.00",-20.00,"3,050",3661
112/04/18,"4,470,440","5,836,333,690","1,350.00","1,365.00","1,270.00","1,280.00",-60.00,"5,851",3661
112/04/19,"3,781,080","4,912,265,100","1,300.00","1,330.00","1,270.00","1,295.00",+15.00,"4,019",3661
112/04/20,"3,294,488","4,327,110,590","1,300.00","1,330.00","1,280.00","1,315.00",+20.00,"3,531",3661
112/04/21,"7,421,168","9,196,644,375","1,320.00","1,320.00","1,190.00","1,195.00",-120.00,"8,373",3661
112/04/24,"3,340,130","3,988,784,625","1,195.00","1,210.00","1,175.00","1,210.00",+15.00,"3,570",3661
112/04/25,"5,990,495","6,891,072,780","1,210.00","1,215.00","1,120.00","1,135.00",-75.00,"7,010",3661
112/04/26,"4,736,467","5,492,636,500","1,140.00","1,180.00","1,135.00","1,170.00",+35.00,"4,914",3661
112/04/27,"6,226,158","7,447,745,345","1,170.00","1,245.00","1,130.00","1,215.00",+45.00,"6,352",3661
112/04/28,"4,646,282","5,638,496,245","1,240.00","1,250.00","1,185.00","1,185.00",-30.00,"4,958",3661
112/05/02,"5,292,774","6,602,863,830","1,200.00","1,290.00","1,190.00","1,260.00",+75.00,"5,738",3661
112/05/03,"2,674,631","3,319,768,055","1,245.00","1,265.00","1,220.00","1,230.00",-30.00,"3,200",3661
112/05/04,"3,053,205","3,777,335,520","1,240.00","1,270.00","1,220.00","1,225.00",-5.00,"3,294",3661
112/05/05,"2,723,708","3,394,005,735","1,250.00","1,265.00","1,220.00","1,260.00",+35.00,"3,042",3661
112/05/08,"4,950,190","6,350,581,175","1,275.00","1,325.00","1,255.00","1,260.00", 0.00,"5,101",3661
112/05/09,"2,983,732","3,780,579,620","1,280.00","1,285.00","1,245.00","1,275.00",+15.00,"3,283",3661
112/05/10,"8,860,335","11,661,102,990","1,300.00","1,345.00","1,270.00","1,345.00",+70.00,"9,374",3661
112/05/11,"3,577,731","4,743,843,745","1,350.00","1,355.00","1,305.00","1,305.00",-40.00,"4,146",3661
112/05/12,"4,024,198","5,358,470,695","1,315.00","1,360.00","1,290.00","1,355.00",+50.00,"4,246",3661
112/05/15,"3,102,970","4,169,296,810","1,345.00","1,360.00","1,320.00","1,350.00",-5.00,"3,252",3661
112/05/16,"6,949,024","9,730,176,935","1,375.00","1,440.00","1,365.00","1,410.00",+60.00,"7,567",3661
112/05/17,"4,008,249","5,734,594,615","1,415.00","1,450.00","1,410.00","1,445.00",+35.00,"4,579",3661
112/05/18,"3,342,081","4,864,068,660","1,465.00","1,480.00","1,435.00","1,440.00",-5.00,"3,825",3661
112/05/19,"7,228,743","11,011,642,710","1,470.00","1,580.00","1,470.00","1,565.00",+125.00,"7,913",3661
112/05/22,"3,599,132","5,577,895,835","1,575.00","1,580.00","1,525.00","1,525.00",-40.00,"4,285",3661
112/05/23,"5,326,609","8,455,845,445","1,555.00","1,620.00","1,550.00","1,580.00",+55.00,"6,726",3661
112/05/24,"3,664,432","5,644,352,205","1,555.00","1,570.00","1,515.00","1,540.00",-40.00,"4,298",3661
112/05/25,"9,288,998","14,802,150,185","1,615.00","1,670.00","1,540.00","1,560.00",+20.00,"8,972",3661
112/05/26,"6,594,078","10,203,426,070","1,580.00","1,590.00","1,505.00","1,510.00",-50.00,"7,956",3661
112/05/29,"6,991,691","11,353,674,605","1,555.00","1,660.00","1,550.00","1,660.00",+150.00,"7,083",3661
112/05/30,"5,028,303","8,407,753,720","1,680.00","1,700.00","1,640.00","1,685.00",+25.00,"5,664",3661
112/05/31,"3,288,174","5,463,228,975","1,680.00","1,690.00","1,640.00","1,655.00",-30.00,"4,295",3661
112/06/01,"3,131,089","5,231,364,740","1,630.00","1,700.00","1,630.00","1,700.00",+45.00,"3,788",3661
112/06/02,"4,100,907","6,922,080,540","1,725.00","1,750.00","1,635.00","1,655.00",-45.00,"5,724",3661
112/06/05,"3,074,300","5,081,583,845","1,670.00","1,685.00","1,620.00","1,645.00",-10.00,"3,741",3661
112/06/06,"4,776,226","7,659,898,490","1,630.00","1,640.00","1,555.00","1,620.00",-25.00,"5,983",3661
112/06/07,"3,373,907","5,512,376,460","1,610.00","1,670.00","1,580.00","1,670.00",+50.00,"4,066",3661
112/06/08,"5,792,913","9,196,277,108","1,635.00","1,645.00","1,555.00","1,560.00",-110.00,"8,820",3661
112/06/09,"4,992,546","8,087,664,150","1,615.00","1,655.00","1,580.00","1,585.00",+25.00,"6,001",3661
112/06/12,"3,845,607","6,302,114,945","1,610.00","1,660.00","1,610.00","1,650.00",+65.00,"4,476",3661
112/06/13,"5,012,093","8,717,562,155","1,695.00","1,780.00","1,695.00","1,775.00",+125.00,"6,885",3661
112/06/14,"2,669,614","4,676,105,820","1,750.00","1,770.00","1,715.00","1,760.00",-15.00,"3,679",3661
112/06/15,"5,547,021","10,089,146,835","1,790.00","1,880.00","1,765.00","1,800.00",+40.00,"7,759",3661
112/06/16,"3,455,368","6,339,077,730","1,790.00","1,860.00","1,790.00","1,840.00",+40.00,"4,258",3661
112/06/19,"2,013,713","3,695,767,235","1,820.00","1,855.00","1,805.00","1,835.00",-5.00,"2,695",3661
112/06/20,"2,888,725","5,341,080,500","1,860.00","1,885.00","1,820.00","1,845.00",+10.00,"3,713",3661
112/06/21,"3,233,612","5,845,176,150","1,845.00","1,850.00","1,775.00","1,810.00",-35.00,"4,745",3661
112/06/26,"2,667,585","4,833,538,520","1,770.00","1,840.00","1,765.00","1,835.00",+25.00,"3,309",3661
112/06/27,"3,170,667","5,699,225,095","1,835.00","1,855.00","1,750.00","1,750.00",-85.00,"5,340",3661
112/06/28,"2,570,770","4,523,216,315","1,785.00","1,800.00","1,730.00","1,730.00",-20.00,"3,384",3661
112/06/29,"2,769,896","4,952,160,475","1,750.00","1,815.00","1,750.00","1,805.00",+75.00,"3,355",3661
112/06/30,"2,118,027","3,805,322,920","1,795.00","1,820.00","1,770.00","1,795.00",-10.00,"2,658",3661
112/07/03,"2,885,631","5,359,256,300","1,830.00","1,890.00","1,820.00","1,890.00",+95.00,"4,174",3661
112/07/04,"2,698,651","5,127,740,705","1,900.00","1,925.00","1,870.00","1,895.00",+5.00,"3,714",3661
112/07/05,"6,286,047","11,206,717,595","1,780.00","1,870.00","1,710.00","1,810.00",-85.00,"9,049",3661
112/07/06,"3,243,319","5,967,083,710","1,780.00","1,880.00","1,780.00","1,880.00",+70.00,"4,387",3661
112/07/07,"3,578,338","6,693,617,915","1,880.00","1,920.00","1,830.00","1,860.00",-20.00,"5,807",3661
112/07/10,"2,326,308","4,416,718,875","1,865.00","1,925.00","1,865.00","1,895.00",+35.00,"3,130",3661
112/07/11,"3,141,670","5,884,549,490","1,915.00","1,930.00","1,840.00","1,840.00",-55.00,"6,104",3661
112/07/12,"2,141,063","4,041,514,174","1,875.00","1,910.00","1,865.00","1,880.00",+40.00,"2,869",3661
112/07/13,"5,148,558","10,243,276,790","1,960.00","2,050.00","1,930.00","1,950.00",+70.00,"7,148",3661
112/07/14,"2,902,798","5,732,372,625","2,015.00","2,015.00","1,930.00","1,980.00",+30.00,"6,159",3661
112/07/17,"2,248,596","4,383,195,040","1,970.00","1,995.00","1,910.00","1,925.00",-55.00,"3,730",3661
112/07/18,"3,226,173","6,414,548,210","1,980.00","2,040.00","1,950.00","1,975.00",+50.00,"4,267",3661
112/07/19,"5,491,934","11,630,503,910","2,020.00","2,170.00","2,005.00","2,130.00",+155.00,"6,838",3661
112/07/20,"2,633,378","5,592,876,130","2,120.00","2,155.00","2,085.00","2,150.00",+20.00,"3,456",3661
112/07/21,"3,543,765","7,689,443,200","2,085.00","2,230.00","2,085.00","2,230.00",+80.00,"4,691",3661
112/07/24,"2,864,834","6,339,126,175","2,235.00","2,250.00","2,180.00","2,210.00",-20.00,"3,733",3661
112/07/25,"3,265,623","7,352,208,790","2,250.00","2,310.00","2,180.00","2,210.00", 0.00,"4,520",3661
112/07/26,"2,619,055","5,810,661,440","2,250.00","2,290.00","2,155.00","2,155.00",-55.00,"3,799",3661
112/07/27,"2,170,904","4,672,854,050","2,200.00","2,225.00","2,090.00","2,140.00",-15.00,"3,538",3661
112/07/28,"1,477,580","3,165,853,875","2,140.00","2,170.00","2,105.00","2,170.00",+30.00,"2,232",3661
112/07/31,"4,684,420","9,469,122,785","2,105.00","2,105.00","1,960.00","1,990.00",-180.00,"7,707",3661
112/08/01,"3,360,384","6,624,130,600","2,025.00","2,040.00","1,935.00","1,960.00",-30.00,"4,632",3661
112/08/02,"4,081,570","7,941,152,980","1,985.00","2,015.00","1,880.00","1,895.00",-65.00,"6,007",3661
112/08/04,"2,649,580","5,018,700,230","1,890.00","1,950.00","1,855.00","1,855.00",-40.00,"4,618",3661
112/08/07,"2,612,457","5,131,823,070","1,875.00","2,040.00","1,875.00","2,040.00",+185.00,"4,002",3661
112/08/08,"3,647,164","7,797,888,875","2,175.00","2,175.00","2,095.00","2,145.00",+105.00,"5,395",3661
112/08/09,"2,477,582","5,225,768,275","2,115.00","2,185.00","2,045.00","2,070.00",-75.00,"4,492",3661
112/08/10,"3,105,935","5,947,016,065","2,045.00","2,060.00","1,865.00","1,865.00",-205.00,"6,412",3661
112/08/11,"4,535,729","8,224,841,710","1,865.00","1,895.00","1,765.00","1,820.00",-45.00,"8,347",3661
112/08/14,"1,568,080","2,839,424,915","1,790.00","1,835.00","1,780.00","1,815.00",-5.00,"2,378",3661
112/08/15,"3,060,342","5,811,634,100","1,905.00","1,940.00","1,850.00","1,890.00",+75.00,"4,319",3661
112/08/16,"2,196,361","4,148,580,450","1,865.00","1,925.00","1,860.00","1,905.00",+15.00,"4,179",3661
112/08/17,"3,388,693","6,654,474,300","1,880.00","2,020.00","1,870.00","1,970.00",+65.00,"5,043",3661
112/08/18,"3,068,781","6,068,710,335","1,975.00","2,015.00","1,940.00","1,970.00", 0.00,"5,378",3661
112/08/21,"908,228","1,966,313,620","2,165.00","2,165.00","2,165.00","2,165.00",+195.00,"1,874",3661
112/08/22,"3,620,885","8,581,650,160","2,380.00","2,380.00","2,315.00","2,380.00",+215.00,"4,247",3661
112/08/23,"3,890,768","9,269,122,095","2,380.00","2,435.00","2,325.00","2,390.00",+10.00,"5,929",3661
112/08/24,"3,017,133","7,629,474,115","2,550.00","2,590.00","2,450.00","2,495.00",+105.00,"5,274",3661
112/08/25,"1,829,082","4,468,699,620","2,450.00","2,495.00","2,410.00","2,430.00",-65.00,"3,689",3661
112/08/28,"2,304,633","5,574,649,095","2,475.00","2,475.00","2,375.00","2,410.00",-20.00,"3,631",3661
112/08/29,"2,053,166","4,995,348,540","2,430.00","2,490.00","2,380.00","2,490.00",+80.00,"3,742",3661
112/08/30,"2,537,366","6,487,780,275","2,525.00","2,595.00","2,520.00","2,555.00",+65.00,"4,125",3661
112/08/31,"2,260,563","5,642,762,410","2,530.00","2,555.00","2,455.00","2,470.00",-85.00,"4,165",3661
112/09/01,"1,285,367","3,182,993,845","2,485.00","2,520.00","2,435.00","2,445.00",-25.00,"2,343",3661
112/09/04,"925,329","2,301,909,950","2,455.00","2,530.00","2,430.00","2,480.00",+35.00,"1,895",3661
112/09/05,"702,103","1,751,624,865","2,500.00","2,525.00","2,470.00","2,475.00",-5.00,"1,337",3661
112/09/06,"694,619","1,740,299,145","2,495.00","2,530.00","2,475.00","2,500.00",+25.00,"1,539",3661
112/09/07,"865,120","2,126,838,915","2,475.00","2,495.00","2,435.00","2,450.00",X0.00,"2,064",3661
112/09/08,"637,548","1,545,635,720","2,430.00","2,460.00","2,400.00","2,410.00",-40.00,"1,821",3661
112/09/11,"1,494,701","3,605,093,355","2,430.00","2,465.00","2,365.00","2,400.00",-10.00,"2,446",3661
112/09/12,"1,875,105","4,675,806,980","2,440.00","2,530.00","2,420.00","2,530.00",+130.00,"3,338",3661
112/09/13,"3,817,178","10,021,596,640","2,535.00","2,715.00","2,515.00","2,620.00",+90.00,"6,017",3661
112/09/14,"1,870,220","4,976,180,205","2,660.00","2,700.00","2,620.00","2,655.00",+35.00,"3,066",3661
112/09/15,"2,469,789","6,514,354,795","2,680.00","2,695.00","2,580.00","2,645.00",-10.00,"3,500",3661
112/09/18,"1,111,520","2,929,931,240","2,600.00","2,670.00","2,600.00","2,615.00",-30.00,"2,039",3661
112/09/19,"1,762,397","4,671,208,375","2,655.00","2,710.00","2,605.00","2,605.00",-10.00,"3,083",3661
112/09/20,"2,140,094","5,371,692,320","2,620.00","2,620.00","2,430.00","2,450.00",-155.00,"5,176",3661
112/09/21,"2,339,528","5,549,211,905","2,390.00","2,425.00","2,325.00","2,360.00",-90.00,"5,256",3661
112/09/22,"2,966,209","7,133,290,200","2,320.00","2,500.00","2,280.00","2,500.00",+140.00,"4,559",3661
112/09/25,"2,418,032","6,236,353,995","2,500.00","2,630.00","2,490.00","2,625.00",+125.00,"4,045",3661
112/09/26,"1,986,399","5,189,775,645","2,615.00","2,655.00","2,570.00","2,600.00",-25.00,"3,272",3661
112/09/27,"2,406,665","6,366,825,240","2,645.00","2,680.00","2,610.00","2,635.00",+35.00,"3,520",3661
112/09/28,"2,139,887","5,772,889,525","2,670.00","2,740.00","2,670.00","2,690.00",+55.00,"3,631",3661
112/10/02,"2,087,962","5,787,982,835","2,735.00","2,835.00","2,730.00","2,730.00",+40.00,"4,336",3661
112/10/03,"1,531,839","4,187,763,425","2,755.00","2,780.00","2,680.00","2,695.00",-35.00,"2,913",3661
112/10/04,"1,383,806","3,704,572,560","2,660.00","2,710.00","2,650.00","2,690.00",-5.00,"2,493",3661
112/10/05,"1,279,686","3,494,876,010","2,750.00","2,770.00","2,705.00","2,710.00",+20.00,"2,203",3661
112/10/06,"2,077,704","5,685,724,590","2,750.00","2,775.00","2,670.00","2,775.00",+65.00,"3,171",3661
112/10/11,"3,164,480","8,967,215,005","2,835.00","2,905.00","2,770.00","2,770.00",-5.00,"4,932",3661
112/10/12,"3,144,723","8,891,686,245","2,825.00","2,910.00","2,760.00","2,800.00",+30.00,"4,685",3661
112/10/13,"2,256,333","6,247,994,031","2,800.00","2,845.00","2,710.00","2,770.00",-30.00,"4,158",3661
112/10/16,"1,563,939","4,292,739,995","2,750.00","2,785.00","2,695.00","2,745.00",-25.00,"2,704",3661
112/10/17,"2,756,039","7,470,247,280","2,780.00","2,815.00","2,615.00","2,630.00",-115.00,"6,970",3661
112/10/18,"4,247,482","10,548,271,220","2,550.00","2,590.00","2,395.00","2,440.00",-190.00,"10,223",3661
112/10/19,"3,413,121","8,612,987,775","2,405.00","2,605.00","2,400.00","2,600.00",+160.00,"5,906",3661
112/10/20,"2,087,036","5,354,384,760","2,560.00","2,615.00","2,520.00","2,575.00",-25.00,"3,637",3661
112/10/23,"1,567,994","3,939,995,000","2,550.00","2,565.00","2,475.00","2,500.00",-75.00,"3,456",3661
112/10/24,"1,958,232","4,998,071,125","2,540.00","2,595.00","2,510.00","2,570.00",+70.00,"3,058",3661
112/10/25,"2,811,036","7,447,654,620","2,605.00","2,700.00","2,605.00","2,620.00",+50.00,"4,588",3661
112/10/26,"1,788,746","4,486,840,875","2,495.00","2,540.00","2,465.00","2,465.00",-155.00,"4,983",3661
112/10/27,"2,773,879","7,096,642,595","2,515.00","2,615.00","2,505.00","2,610.00",+145.00,"4,277",3661
112/10/30,"3,141,682","8,469,594,655","2,640.00","2,755.00","2,595.00","2,755.00",+145.00,"6,044",3661
112/10/31,"3,031,844","8,194,118,270","2,755.00","2,795.00","2,625.00","2,625.00",-130.00,"5,900",3661
112/11/01,"2,110,729","5,647,042,030","2,690.00","2,715.00","2,615.00","2,680.00",+55.00,"3,473",3661
112/11/02,"3,604,477","10,090,689,475","2,770.00","2,830.00","2,755.00","2,820.00",+140.00,"5,903",3661
112/11/03,"4,115,789","11,495,417,065","2,815.00","2,855.00","2,710.00","2,855.00",+35.00,"5,849",3661
112/11/06,"2,409,459","7,049,454,695","2,910.00","2,955.00","2,880.00","2,955.00",+100.00,"4,642",3661
112/11/07,"2,041,825","6,077,828,470","2,915.00","3,005.00","2,910.00","3,000.00",+45.00,"3,693",3661
112/11/08,"2,209,940","6,643,590,265","3,005.00","3,045.00","2,960.00","3,045.00",+45.00,"4,402",3661
112/11/09,"3,275,321","10,432,285,435","3,030.00","3,345.00","3,010.00","3,240.00",+195.00,"6,383",3661
112/11/10,"3,317,486","10,571,390,640","3,220.00","3,295.00","3,080.00","3,200.00",-40.00,"7,372",3661
112/11/13,"2,296,058","7,509,275,430","3,275.00","3,330.00","3,220.00","3,235.00",+35.00,"4,425",3661
112/11/14,"2,131,936","7,129,094,250","3,290.00","3,415.00","3,285.00","3,285.00",+50.00,"4,192",3661
112/11/15,"3,456,731","11,062,570,545","3,345.00","3,350.00","3,090.00","3,105.00",-180.00,"9,816",3661
112/11/16,"1,606,478","4,978,218,250","3,095.00","3,150.00","3,050.00","3,090.00",-15.00,"3,987",3661
112/11/17,"1,727,977","5,514,152,390","3,110.00","3,230.00","3,100.00","3,230.00",+140.00,"3,521",3661
112/11/20,"1,083,559","3,486,721,955","3,240.00","3,265.00","3,185.00","3,185.00",-45.00,"2,396",3661
112/11/21,"1,811,231","5,771,709,660","3,235.00","3,260.00","3,135.00","3,135.00",-50.00,"4,189",3661
112/11/22,"1,681,430","5,293,383,405","3,085.00","3,190.00","3,085.00","3,170.00",+35.00,"3,024",3661
112/11/23,"2,245,795","7,115,382,700","3,185.00","3,230.00","3,115.00","3,125.00",-45.00,"4,035",3661
112/11/24,"1,756,600","5,450,958,910","3,150.00","3,165.00","3,050.00","3,050.00",-75.00,"4,286",3661
112/11/27,"2,198,163","6,662,145,859","3,070.00","3,110.00","2,950.00","2,950.00",-100.00,"5,503",3661
112/11/28,"3,011,969","9,298,049,145","2,995.00","3,160.00","2,985.00","3,130.00",+180.00,"5,027",3661
112/11/29,"2,129,051","6,550,655,335","3,130.00","3,140.00","3,050.00","3,050.00",-80.00,"4,729",3661
112/11/30,"9,389,960","29,304,364,230","3,130.00","3,175.00","3,100.00","3,110.00",+60.00,"5,948",3661
112/12/01,"2,108,462","6,510,329,280","3,085.00","3,155.00","3,030.00","3,080.00",-30.00,"3,865",3661
112/12/04,"1,632,706","5,068,180,456","3,095.00","3,150.00","3,070.00","3,110.00",+30.00,"2,637",3661
112/12/05,"2,932,126","9,347,578,385","3,090.00","3,245.00","3,085.00","3,240.00",+130.00,"5,443",3661
112/12/06,"2,987,511","9,879,098,085","3,310.00","3,375.00","3,210.00","3,290.00",+50.00,"5,249",3661
112/12/07,"2,390,262","7,953,102,455","3,265.00","3,370.00","3,265.00","3,370.00",+80.00,"4,310",3661
112/12/08,"2,534,672","8,604,524,855","3,440.00","3,445.00","3,325.00","3,335.00",-35.00,"5,442",3661
112/12/11,"2,764,033","9,560,323,670","3,375.00","3,515.00","3,375.00","3,510.00",+175.00,"5,389",3661
112/12/12,"1,612,380","5,672,706,265","3,510.00","3,560.00","3,480.00","3,520.00",+10.00,"3,111",3661
112/12/13,"1,888,213","6,775,124,160","3,540.00","3,650.00","3,530.00","3,650.00",+130.00,"3,740",3661
112/12/14,"2,726,393","9,694,364,795","3,670.00","3,690.00","3,475.00","3,495.00",-155.00,"7,674",3661
112/12/15,"2,124,966","7,403,546,465","3,520.00","3,565.00","3,415.00","3,440.00",-55.00,"5,384",3661
112/12/18,"1,507,151","5,123,293,930","3,435.00","3,480.00","3,355.00","3,360.00",-80.00,"4,492",3661
112/12/19,"1,604,055","5,342,485,755","3,375.00","3,380.00","3,300.00","3,310.00",-50.00,"3,951",3661
112/12/20,"1,447,979","4,843,444,790","3,355.00","3,375.00","3,295.00","3,365.00",+55.00,"3,133",3661
112/12/21,"1,201,740","4,019,685,990","3,330.00","3,380.00","3,295.00","3,340.00",-25.00,"2,602",3661
112/12/22,"1,379,077","4,645,846,480","3,360.00","3,415.00","3,310.00","3,370.00",+30.00,"2,781",3661
112/12/25,"722,693","2,454,704,370","3,390.00","3,425.00","3,365.00","3,375.00",+5.00,"1,994",3661
112/12/26,"1,118,217","3,835,969,675","3,400.00","3,455.00","3,400.00","3,420.00",+45.00,"2,301",3661
112/12/27,"2,287,744","7,661,383,840","3,460.00","3,460.00","3,300.00","3,305.00",-115.00,"6,780",3661
112/12/28,"1,662,676","5,517,591,045","3,355.00","3,385.00","3,250.00","3,260.00",-45.00,"6,043",3661
112/12/29,"1,784,130","5,842,817,370","3,275.00","3,325.00","3,210.00","3,275.00",+15.00,"4,405",3661
113/01/02,"3,270,014","11,100,831,915","3,340.00","3,445.00","3,310.00","3,445.00",+170.00,"6,609",3661
113/01/03,"2,334,108","7,961,441,240","3,410.00","3,450.00","3,360.00","3,445.00", 0.00,"4,655",3661
113/01/04,"1,789,183","6,074,197,845","3,465.00","3,465.00","3,365.00","3,365.00",-80.00,"3,316",3661
113/01/05,"1,802,301","6,079,053,380","3,380.00","3,420.00","3,320.00","3,390.00",+25.00,"3,384",3661
113/01/08,"1,772,624","6,108,054,120","3,425.00","3,475.00","3,390.00","3,455.00",+65.00,"3,456",3661
113/01/09,"2,332,122","8,306,296,225","3,500.00","3,600.00","3,485.00","3,590.00",+135.00,"5,797",3661
113/01/10,"1,718,792","6,205,950,220","3,560.00","3,650.00","3,550.00","3,650.00",+60.00,"3,922",3661
113/01/11,"2,966,820","11,222,481,755","3,785.00","3,855.00","3,665.00","3,830.00",+180.00,"6,718",3661
113/01/12,"1,719,192","6,458,233,025","3,805.00","3,810.00","3,725.00","3,735.00",-95.00,"4,710",3661
113/01/15,"1,702,213","6,331,158,655","3,790.00","3,790.00","3,670.00","3,700.00",-35.00,"3,866",3661
113/01/16,"1,542,733","5,699,396,625","3,690.00","3,745.00","3,655.00","3,670.00",-30.00,"3,416",3661
113/01/17,"2,604,077","9,409,612,650","3,620.00","3,665.00","3,565.00","3,565.00",-105.00,"5,941",3661
113/01/18,"2,061,196","7,485,078,980","3,595.00","3,690.00","3,550.00","3,690.00",+125.00,"4,107",3661
113/01/19,"2,753,946","10,257,911,155","3,755.00","3,800.00","3,610.00","3,735.00",+45.00,"5,741",3661
113/01/22,"1,935,998","7,383,881,070","3,780.00","3,870.00","3,760.00","3,815.00",+80.00,"4,314",3661
113/01/23,"1,209,992","4,593,570,615","3,830.00","3,860.00","3,750.00","3,750.00",-65.00,"3,283",3661
113/01/24,"1,160,527","4,313,344,370","3,775.00","3,795.00","3,680.00","3,680.00",-70.00,"3,523",3661
113/01/25,"1,085,695","4,035,702,970","3,715.00","3,760.00","3,685.00","3,720.00",+40.00,"2,346",3661
113/01/26,"2,391,438","9,128,986,195","3,700.00","3,895.00","3,680.00","3,895.00",+175.00,"5,619",3661
113/01/29,"1,579,504","6,062,625,100","3,915.00","3,920.00","3,800.00","3,800.00",-95.00,"5,201",3661
113/01/30,"2,108,062","8,091,888,220","3,830.00","3,895.00","3,790.00","3,835.00",+35.00,"3,656",3661
113/01/31,"1,552,557","6,030,131,000","3,810.00","3,920.00","3,800.00","3,900.00",+65.00,"2,826",3661
113/02/01,"1,599,305","6,308,257,350","3,930.00","4,000.00","3,860.00","3,960.00",+60.00,"4,048",3661
113/02/02,"1,350,618","5,353,812,965","3,995.00","4,000.00","3,905.00","3,985.00",+25.00,"3,933",3661
113/02/05,"1,554,797","6,315,249,688","3,995.00","4,105.00","3,985.00","4,105.00",+120.00,"4,262",3661
113/02/15,"1,927,129","8,402,812,830","4,280.00","4,435.00","4,260.00","4,430.00",+325.00,"4,756",3661
113/02/16,"1,859,880","7,941,766,015","4,425.00","4,450.00","4,125.00","4,185.00",-245.00,"8,499",3661
113/02/19,"1,434,925","5,855,585,830","4,170.00","4,170.00","4,025.00","4,080.00",-105.00,"6,287",3661
113/02/20,"1,088,316","4,489,930,250","4,060.00","4,160.00","4,055.00","4,150.00",+70.00,"2,945",3661
113/02/21,"2,035,440","8,239,340,285","4,130.00","4,205.00","3,955.00","3,990.00",-160.00,"8,356",3661
113/02/22,"2,105,158","8,703,909,285","4,140.00","4,210.00","4,010.00","4,015.00",+25.00,"6,168",3661
113/02/23,"2,109,300","8,416,862,330","4,145.00","4,170.00","3,900.00","3,900.00",-115.00,"9,261",3661
113/02/26,"1,346,397","5,338,638,585","3,970.00","4,015.00","3,920.00","3,975.00",+75.00,"3,712",3661
113/02/27,"1,712,925","6,741,778,440","3,990.00","4,010.00","3,815.00","3,960.00",-15.00,"5,849",3661
113/02/29,"2,423,551","9,887,165,555","3,985.00","4,140.00","3,910.00","4,140.00",+180.00,"5,722",3661
113/03/01,"1,845,579","7,921,162,097","4,250.00","4,340.00","4,230.00","4,340.00",+200.00,"5,679",3661
113/03/04,"2,522,648","10,935,597,365","4,560.00","4,565.00","4,170.00","4,200.00",-140.00,"9,041",3661
113/03/05,"1,145,743","4,848,369,145","4,270.00","4,290.00","4,180.00","4,200.00", 0.00,"4,377",3661
113/03/06,"1,662,011","6,856,536,370","4,180.00","4,225.00","4,045.00","4,085.00",-115.00,"7,684",3661
113/03/07,"2,248,472","8,962,519,100","4,135.00","4,150.00","3,910.00","3,910.00",-175.00,"13,682",3661
113/03/08,"2,305,210","8,950,082,890","3,920.00","3,980.00","3,815.00","3,825.00",-85.00,"9,833",3661
113/03/11,"2,216,264","8,386,942,740","3,830.00","3,930.00","3,680.00","3,750.00",-75.00,"12,263",3661
113/03/12,"3,514,467","12,812,832,400","3,790.00","3,795.00","3,575.00","3,585.00",-165.00,"17,519",3661
113/03/13,"3,212,652","11,224,405,215","3,610.00","3,640.00","3,400.00","3,410.00",-175.00,"15,539",3661
113/03/14,"3,832,335","13,948,659,140","3,450.00","3,750.00","3,385.00","3,750.00",+340.00,"10,968",3661
113/03/15,"4,532,653","16,589,530,970","3,750.00","3,815.00","3,520.00","3,605.00",-145.00,"11,018",3661
113/03/18,"1,221,710","4,454,236,930","3,650.00","3,675.00","3,600.00","3,665.00",+60.00,"3,437",3661
113/03/19,"4,854,578","16,693,963,735","3,695.00","3,725.00","3,300.00","3,305.00",-360.00,"22,059",3661
113/03/20,"4,314,709","14,666,322,470","3,400.00","3,490.00","3,315.00","3,375.00",+70.00,"8,356",3661
113/03/21,"3,420,229","11,774,779,980","3,495.00","3,560.00","3,350.00","3,395.00",+20.00,"8,306",3661
113/03/22,"2,714,244","9,387,604,446","3,445.00","3,545.00","3,395.00","3,450.00",+55.00,"6,794",3661
113/03/25,"2,359,599","8,366,847,020","3,560.00","3,640.00","3,460.00","3,460.00",+10.00,"7,713",3661
113/03/26,"2,147,782","7,346,094,345","3,510.00","3,550.00","3,340.00","3,340.00",-120.00,"9,753",3661
113/03/27,"3,917,107","12,544,594,314","3,360.00","3,390.00","3,040.00","3,150.00",-190.00,"17,754",3661
113/03/28,"2,269,542","7,272,690,975","3,245.00","3,270.00","3,150.00","3,165.00",+15.00,"5,896",3661
113/03/29,"2,913,625","9,755,185,965","3,185.00","3,455.00","3,185.00","3,340.00",+175.00,"8,575",3661
113/04/01,"1,777,210","6,018,771,295","3,395.00","3,430.00","3,305.00","3,420.00",+80.00,"4,599",3661
113/04/02,"2,364,260","8,027,450,905","3,410.00","3,475.00","3,325.00","3,400.00",-20.00,"6,872",3661
113/04/03,"1,093,667","3,698,773,700","3,340.00","3,415.00","3,330.00","3,385.00",-15.00,"3,360",3661
113/04/08,"3,126,638","10,086,123,040","3,435.00","3,435.00","3,125.00","3,150.00",-235.00,"13,596",3661
113/04/09,"3,940,345","12,044,695,623","3,180.00","3,215.00","2,990.00","3,020.00",-130.00,"13,820",3661
113/04/10,"2,866,409","8,840,437,714","3,115.00","3,210.00","3,020.00","3,020.00", 0.00,"7,940",3661
113/04/11,"2,607,120","7,899,309,790","3,040.00","3,130.00","2,950.00","3,015.00",-5.00,"10,094",3661
113/04/12,"4,322,763","12,702,820,210","3,060.00","3,070.00","2,860.00","2,900.00",-115.00,"19,106",3661
113/04/15,"2,929,660","8,210,595,495","2,855.00","2,880.00","2,750.00","2,755.00",-145.00,"13,744",3661
113/04/16,"5,374,739","15,191,391,560","2,720.00","2,940.00","2,695.00","2,830.00",+75.00,"12,093",3661
113/04/17,"2,999,557","8,613,375,325","2,925.00","2,935.00","2,810.00","2,900.00",+70.00,"6,776",3661
113/04/18,"3,712,297","11,072,049,580","2,860.00","3,080.00","2,820.00","3,035.00",+135.00,"9,508",3661
113/04/19,"4,077,772","11,917,599,385","3,000.00","3,075.00","2,780.00","2,860.00",-175.00,"12,836",3661
113/04/22,"3,212,298","9,111,046,000","2,870.00","2,925.00","2,760.00","2,765.00",-95.00,"8,371",3661
113/04/23,"2,139,585","6,078,489,140","2,805.00","2,890.00","2,800.00","2,860.00",+95.00,"4,403",3661
113/04/24,"2,763,012","8,147,156,945","2,960.00","2,990.00","2,890.00","2,975.00",+115.00,"6,580",3661
113/04/25,"3,022,288","8,680,011,210","2,915.00","2,990.00","2,815.00","2,830.00",-145.00,"8,599",3661
113/04/26,"2,876,634","8,718,096,265","2,900.00","3,110.00","2,895.00","3,110.00",+280.00,"9,000",3661
113/04/29,"4,393,892","13,996,603,260","3,270.00","3,270.00","3,095.00","3,125.00",+15.00,"9,709",3661
113/04/30,"1,258,802","3,934,964,585","3,130.00","3,160.00","3,105.00","3,120.00",-5.00,"3,098",3661
113/05/02,"2,682,531","8,442,432,740","3,140.00","3,205.00","3,090.00","3,150.00",+30.00,"5,853",3661
113/05/03,"2,783,566","8,901,082,035","3,240.00","3,270.00","3,130.00","3,145.00",-5.00,"6,312",3661
113/05/06,"5,191,780","15,126,307,965","3,130.00","3,135.00","2,835.00","2,835.00",-310.00,"23,398",3661
113/05/07,"3,831,412","10,666,034,380","2,800.00","2,875.00","2,725.00","2,760.00",-75.00,"12,657",3661
113/05/08,"1,381,962","3,834,912,485","2,765.00","2,800.00","2,755.00","2,770.00",+10.00,"5,097",3661
113/05/09,"6,589,910","17,282,797,225","2,800.00","2,815.00","2,500.00","2,625.00",-145.00,"26,253",3661
113/05/10,"2,841,983","7,358,567,305","2,660.00","2,680.00","2,540.00","2,550.00",-75.00,"11,890",3661
113/05/13,"2,472,039","6,273,849,940","2,550.00","2,580.00","2,505.00","2,520.00",-30.00,"10,196",3661
113/05/14,"2,772,206","7,335,501,095","2,535.00","2,710.00","2,535.00","2,710.00",+190.00,"8,553",3661
113/05/15,"5,467,229","15,899,289,780","2,980.00","2,980.00","2,845.00","2,855.00",+145.00,"19,108",3661
113/05/16,"3,484,053","9,954,096,245","2,910.00","2,950.00","2,780.00","2,805.00",-50.00,"13,494",3661
113/05/17,"1,966,590","5,467,862,010","2,805.00","2,830.00","2,735.00","2,800.00",-5.00,"6,737",3661
113/05/20,"1,860,771","5,272,936,565","2,825.00","2,870.00","2,785.00","2,845.00",+45.00,"5,460",3661
113/05/21,"1,679,974","4,682,578,450","2,855.00","2,855.00","2,750.00","2,750.00",-95.00,"7,959",3661
113/05/22,"1,154,075","3,175,049,685","2,760.00","2,775.00","2,720.00","2,750.00", 0.00,"4,483",3661
113/05/23,"1,692,037","4,600,056,135","2,770.00","2,780.00","2,665.00","2,720.00",-30.00,"7,517",3661
113/05/24,"2,722,491","7,677,691,825","2,680.00","2,880.00","2,670.00","2,820.00",+100.00,"7,821",3661
113/05/27,"2,707,046","7,894,820,520","2,855.00","2,970.00","2,830.00","2,905.00",+85.00,"9,480",3661
113/05/28,"2,386,149","7,060,618,980","2,920.00","3,000.00","2,910.00","2,935.00",+30.00,"8,740",3661
113/05/29,"1,956,578","5,698,352,945","2,970.00","2,980.00","2,870.00","2,880.00",-55.00,"6,789",3661
113/05/30,"2,011,660","5,843,578,650","2,850.00","2,940.00","2,845.00","2,915.00",+35.00,"5,545",3661
113/05/31,"4,956,480","14,583,475,185","2,990.00","3,070.00","2,835.00","2,870.00",-45.00,"14,280",3661
113/06/03,"1,787,783","5,184,701,610","2,925.00","2,965.00","2,855.00","2,885.00",+15.00,"5,080",3661
113/06/04,"2,702,287","7,877,140,260","2,890.00","2,995.00","2,865.00","2,880.00",-5.00,"6,482",3661
113/06/05,"2,356,230","6,783,558,295","2,890.00","2,925.00","2,805.00","2,920.00",+40.00,"5,654",3661
113/06/06,"2,019,069","5,894,298,545","2,980.00","2,980.00","2,875.00","2,895.00",-25.00,"5,157",3661
113/06/07,"1,295,408","3,767,708,495","2,900.00","2,940.00","2,880.00","2,920.00",+25.00,"3,364",3661
113/06/11,"4,007,393","10,992,544,970","2,885.00","2,895.00","2,670.00","2,675.00",-245.00,"24,568",3661
113/06/12,"3,093,811","8,542,328,430","2,705.00","2,860.00","2,700.00","2,740.00",+65.00,"7,360",3661
113/06/13,"4,123,983","11,221,714,950","2,800.00","2,830.00","2,660.00","2,670.00",-70.00,"20,889",3661
113/06/14,"2,479,853","6,619,715,230","2,715.00","2,715.00","2,650.00","2,660.00",-10.00,"10,893",3661
113/06/17,"2,174,120","5,949,624,285","2,685.00","2,780.00","2,685.00","2,745.00",+85.00,"6,668",3661
113/06/18,"3,440,991","9,478,176,865","2,785.00","2,845.00","2,690.00","2,735.00",-10.00,"9,107",3661
113/06/19,"2,699,235","7,479,412,130","2,760.00","2,830.00","2,710.00","2,790.00",+55.00,"8,291",3661
113/06/20,"3,043,121","8,562,155,445","2,810.00","2,870.00","2,750.00","2,775.00",-15.00,"11,423",3661
113/06/21,"3,589,116","9,724,876,180","2,785.00","2,825.00","2,660.00","2,680.00",-95.00,"15,701",3661
113/06/24,"1,927,709","5,114,718,980","2,665.00","2,705.00","2,600.00","2,600.00",-80.00,"13,910",3661
113/06/25,"2,417,870","6,203,112,175","2,600.00","2,610.00","2,530.00","2,575.00",-25.00,"13,656",3661
113/06/26,"3,106,477","7,900,722,550","2,620.00","2,625.00","2,515.00","2,525.00",-50.00,"17,501",3661
113/06/27,"4,829,309","11,821,933,765","2,490.00","2,510.00","2,410.00","2,450.00",-75.00,"26,394",3661
113/06/28,"2,030,069","4,989,173,580","2,450.00","2,495.00","2,440.00","2,455.00",+5.00,"7,797",3661
113/07/01,"1,843,413","4,573,201,995","2,470.00","2,510.00","2,425.00","2,495.00",+40.00,"6,157",3661
113/07/02,"1,641,346","4,051,285,435","2,470.00","2,510.00","2,445.00","2,455.00",-40.00,"7,406",3661
113/07/03,"2,216,019","5,476,201,385","2,485.00","2,535.00","2,440.00","2,470.00",+15.00,"7,339",3661
113/07/04,"3,030,115","7,728,894,730","2,495.00","2,620.00","2,485.00","2,615.00",+145.00,"10,481",3661
113/07/05,"2,928,024","7,463,372,970","2,615.00","2,625.00","2,510.00","2,525.00",-90.00,"14,219",3661
113/07/08,"2,359,122","5,820,451,740","2,515.00","2,520.00","2,430.00","2,490.00",-35.00,"12,882",3661
113/07/09,"3,836,116","9,990,608,515","2,500.00","2,700.00","2,500.00","2,695.00",+205.00,"15,208",3661
113/07/10,"4,782,727","13,179,396,735","2,760.00","2,785.00","2,710.00","2,785.00",+90.00,"15,620",3661
113/07/11,"4,497,703","12,843,827,070","2,835.00","2,890.00","2,810.00","2,890.00",+105.00,"18,058",3661
113/07/12,"3,046,530","8,724,914,680","2,850.00","2,910.00","2,830.00","2,865.00",-25.00,"12,878",3661
113/07/15,"2,043,233","5,912,564,545","2,895.00","2,940.00","2,845.00","2,940.00",+75.00,"8,837",3661
113/07/16,"3,556,679","10,474,575,515","2,940.00","3,010.00","2,885.00","2,920.00",-20.00,"12,437",3661
113/07/17,"1,643,447","4,716,121,390","2,920.00","2,920.00","2,845.00","2,870.00",-50.00,"9,322",3661
113/07/18,"2,116,920","5,965,484,030","2,800.00","2,865.00","2,780.00","2,820.00",-50.00,"9,514",3661
113/07/19,"1,806,856","5,004,269,395","2,820.00","2,840.00","2,710.00","2,715.00",-105.00,"10,832",3661
113/07/22,"2,671,046","7,259,065,145","2,725.00","2,795.00","2,630.00","2,765.00",+50.00,"10,319",3661
113/07/23,"3,155,288","9,004,704,070","2,820.00","2,920.00","2,800.00","2,825.00",+60.00,"10,093",3661
113/07/26,"2,704,612","7,285,468,110","2,710.00","2,725.00","2,665.00","2,690.00",-135.00,"11,604",3661
113/07/29,"4,078,643","10,490,871,605","2,730.00","2,760.00","2,500.00","2,500.00",-190.00,"18,664",3661
113/07/30,"2,265,105","5,686,167,610","2,500.00","2,600.00","2,445.00","2,600.00",+100.00,"8,178",3661
113/07/31,"1,759,204","4,566,441,450","2,530.00","2,640.00","2,530.00","2,620.00",+20.00,"4,885",3661
113/08/01,"1,550,583","4,069,521,670","2,675.00","2,685.00","2,585.00","2,590.00",-30.00,"5,021",3661
113/08/02,"2,971,636","7,178,555,760","2,475.00","2,495.00","2,335.00","2,335.00",-255.00,"24,205",3661
113/08/05,"797,313","1,678,654,155","2,105.00","2,115.00","2,105.00","2,105.00",-230.00,"10,188",3661
113/08/06,"6,004,032","11,946,775,200","2,120.00","2,145.00","1,895.00","1,980.00",-125.00,"17,373",3661
113/08/07,"2,301,857","4,862,908,319","1,990.00","2,175.00","1,990.00","2,175.00",+195.00,"5,103",3661
113/08/08,"2,969,883","6,498,666,365","2,150.00","2,240.00","2,110.00","2,190.00",+15.00,"11,272",3661
113/08/09,"2,384,798","5,418,996,265","2,300.00","2,315.00","2,225.00","2,240.00",+50.00,"6,266",3661
113/08/12,"1,384,816","3,155,875,220","2,280.00","2,310.00","2,245.00","2,255.00",+15.00,"3,820",3661
113/08/13,"2,592,645","6,059,690,680","2,290.00","2,400.00","2,230.00","2,385.00",+130.00,"6,304",3661
113/08/14,"2,860,099","6,941,612,815","2,420.00","2,495.00","2,360.00","2,395.00",+10.00,"7,543",3661
113/08/15,"1,339,463","3,201,949,515","2,385.00","2,440.00","2,360.00","2,375.00",-20.00,"3,504",3661
113/08/16,"3,491,538","8,454,907,360","2,450.00","2,480.00","2,350.00","2,475.00",+100.00,"8,073",3661
113/08/19,"1,636,950","4,074,854,230","2,475.00","2,525.00","2,455.00","2,475.00", 0.00,"4,430",3661
113/08/20,"1,853,514","4,694,093,240","2,500.00","2,575.00","2,495.00","2,500.00",+25.00,"4,662",3661
113/08/21,"1,280,164","3,167,275,405","2,465.00","2,515.00","2,440.00","2,475.00",-25.00,"3,690",3661
113/08/22,"2,870,242","7,397,396,250","2,505.00","2,630.00","2,505.00","2,630.00",+155.00,"9,292",3661
113/08/23,"2,489,395","6,530,059,305","2,600.00","2,655.00","2,580.00","2,655.00",+25.00,"6,353",3661
113/08/26,"3,303,645","8,494,265,205","2,650.00","2,655.00","2,510.00","2,510.00",-145.00,"15,879",3661
113/08/27,"2,796,627","7,292,585,660","2,490.00","2,670.00","2,485.00","2,670.00",+160.00,"7,925",3661
113/08/28,"2,572,003","6,897,860,285","2,685.00","2,750.00","2,630.00","2,645.00",-25.00,"6,533",3661
113/08/29,"1,743,230","4,657,939,835","2,585.00","2,710.00","2,585.00","2,710.00",+65.00,"5,031",3661
113/08/30,"1,486,996","3,980,454,440","2,720.00","2,730.00","2,645.00","2,650.00",-60.00,"4,623",3661
113/09/02,"1,181,705","3,139,022,290","2,690.00","2,710.00","2,620.00","2,620.00",-30.00,"3,042",3661
113/09/03,"1,396,461","3,661,435,390","2,635.00","2,685.00","2,565.00","2,565.00",-55.00,"3,806",3661
113/09/04,"2,629,175","6,317,278,295","2,395.00","2,475.00","2,335.00","2,395.00",-170.00,"10,598",3661
113/09/05,"1,913,439","4,533,178,400","2,430.00","2,440.00","2,320.00","2,340.00",-55.00,"9,143",3661
113/09/06,"1,539,067","3,701,371,810","2,355.00","2,445.00","2,350.00","2,430.00",+90.00,"3,761",3661
113/09/09,"1,029,939","2,436,507,385","2,380.00","2,425.00","2,325.00","2,325.00",-105.00,"5,338",3661
113/09/10,"980,951","2,300,829,825","2,370.00","2,390.00","2,300.00","2,315.00",-10.00,"3,772",3661
113/09/11,"944,506","2,175,933,650","2,320.00","2,345.00","2,285.00","2,285.00",-30.00,"4,127",3661
113/09/12,"1,284,266","3,092,789,400","2,340.00","2,450.00","2,340.00","2,435.00",X0.00,"4,577",3661
113/09/13,"1,181,781","2,846,414,895","2,455.00","2,460.00","2,370.00","2,370.00",-65.00,"3,470",3661
113/09/16,"1,090,273","2,612,294,990","2,390.00","2,430.00","2,355.00","2,400.00",+30.00,"2,671",3661
113/09/18,"2,429,386","5,582,094,990","2,375.00","2,390.00","2,250.00","2,260.00",-140.00,"13,013",3661
113/09/19,"1,893,392","4,434,351,055","2,275.00","2,385.00","2,275.00","2,365.00",+105.00,"4,404",3661
113/09/20,"1,650,933","3,882,527,195","2,405.00","2,420.00","2,310.00","2,325.00",-40.00,"4,975",3661
113/09/23,"1,295,190","3,007,244,505","2,345.00","2,365.00","2,295.00","2,300.00",-25.00,"3,758",3661
113/09/24,"2,736,514","6,033,992,600","2,300.00","2,300.00","2,155.00","2,185.00",-115.00,"14,772",3661
113/09/25,"3,899,596","8,516,416,230","2,100.00","2,245.00","2,100.00","2,160.00",-25.00,"10,382",3661
113/09/26,"8,241,509","16,802,842,330","2,150.00","2,190.00","1,945.00","2,000.00",-160.00,"43,489",3661
113/09/27,"3,043,120","6,210,783,515","2,035.00","2,070.00","2,020.00","2,020.00",+20.00,"9,872",3661
113/09/30,"2,313,132","4,630,139,395","2,025.00","2,045.00","1,975.00","1,975.00",-45.00,"11,430",3661
113/10/01,"2,314,295","4,529,357,700","1,995.00","2,000.00","1,925.00","1,925.00",-50.00,"16,207",3661
113/10/04,"2,175,718","4,158,221,175","1,905.00","1,945.00","1,885.00","1,885.00",-40.00,"12,017",3661
113/10/07,"3,354,017","6,270,934,000","1,915.00","1,920.00","1,820.00","1,865.00",-20.00,"14,246",3661
113/10/08,"2,658,444","4,886,913,145","1,870.00","1,870.00","1,805.00","1,855.00",-10.00,"10,169",3661
113/10/09,"3,191,165","6,055,646,620","1,935.00","1,955.00","1,850.00","1,855.00", 0.00,"10,768",3661
113/10/11,"2,281,875","4,286,666,880","1,865.00","1,915.00","1,820.00","1,915.00",+60.00,"6,764",3661
113/10/14,"2,360,114","4,563,547,535","1,935.00","1,975.00","1,905.00","1,920.00",+5.00,"6,784",3661
113/10/15,"1,853,648","3,606,868,580","1,940.00","1,970.00","1,930.00","1,940.00",+20.00,"5,145",3661
113/10/16,"2,677,869","5,247,728,100","1,910.00","1,995.00","1,910.00","1,955.00",+15.00,"6,176",3661
113/10/17,"1,909,946","3,697,383,470","1,960.00","1,970.00","1,910.00","1,910.00",-45.00,"7,466",3661
113/10/18,"1,732,199","3,283,270,475","1,930.00","1,930.00","1,875.00","1,880.00",-30.00,"9,735",3661
113/10/21,"2,277,377","4,472,531,345","1,900.00","1,990.00","1,900.00","1,980.00",+100.00,"6,338",3661
113/10/22,"3,097,844","6,263,777,065","1,985.00","2,070.00","1,965.00","2,045.00",+65.00,"9,175",3661
113/10/23,"1,667,051","3,376,369,745","2,035.00","2,055.00","2,000.00","2,020.00",-25.00,"5,592",3661
113/10/24,"1,882,227","3,775,572,675","2,020.00","2,040.00","1,975.00","1,980.00",-40.00,"5,642",3661
113/10/25,"3,481,435","6,627,052,410","1,965.00","1,965.00","1,880.00","1,880.00",-100.00,"13,941",3661
113/10/28,"3,271,643","6,288,541,590","1,895.00","1,975.00","1,885.00","1,895.00",+15.00,"6,246",3661
113/10/29,"1,755,581","3,311,074,045","1,900.00","1,905.00","1,860.00","1,900.00",+5.00,"6,830",3661
113/10/30,"4,037,427","8,116,542,675","1,930.00","2,065.00","1,925.00","2,040.00",+140.00,"11,445",3661
113/11/01,"3,069,424","6,153,113,010","2,020.00","2,035.00","1,965.00","2,030.00",-10.00,"11,823",3661
113/11/04,"5,326,434","11,565,447,035","2,140.00","2,210.00","2,125.00","2,180.00",+150.00,"13,999",3661
113/11/05,"2,285,604","4,997,422,320","2,185.00","2,210.00","2,160.00","2,195.00",+15.00,"7,422",3661
113/11/06,"5,931,386","13,821,519,530","2,220.00","2,410.00","2,195.00","2,410.00",+215.00,"21,057",3661
113/11/07,"5,259,500","12,840,298,740","2,435.00","2,490.00","2,385.00","2,410.00", 0.00,"14,120",3661
113/11/08,"2,702,050","6,600,935,535","2,450.00","2,475.00","2,420.00","2,420.00",+10.00,"7,297",3661
113/11/11,"3,475,072","8,405,672,970","2,400.00","2,480.00","2,355.00","2,435.00",+15.00,"9,957",3661
113/11/12,"2,771,321","6,552,051,970","2,400.00","2,425.00","2,315.00","2,315.00",-120.00,"10,660",3661
113/11/13,"2,825,576","6,539,524,050","2,330.00","2,370.00","2,275.00","2,290.00",-25.00,"7,556",3661
113/11/14,"2,155,263","4,971,544,595","2,310.00","2,360.00","2,260.00","2,305.00",+15.00,"5,646",3661
113/11/15,"1,624,682","3,737,534,920","2,315.00","2,325.00","2,270.00","2,305.00", 0.00,"4,082",3661
113/11/18,"1,919,309","4,377,152,210","2,295.00","2,340.00","2,235.00","2,270.00",-35.00,"5,010",3661
113/11/19,"2,624,795","6,069,198,540","2,300.00","2,365.00","2,250.00","2,355.00",+85.00,"5,749",3661
113/11/20,"1,525,925","3,566,670,125","2,360.00","2,365.00","2,315.00","2,330.00",-25.00,"3,586",3661
113/11/21,"1,648,001","3,862,439,995","2,320.00","2,390.00","2,300.00","2,300.00",-30.00,"4,235",3661
113/11/22,"1,292,139","3,026,728,545","2,335.00","2,360.00","2,315.00","2,355.00",+55.00,"3,271",3661
113/11/25,"1,581,673","3,697,034,995","2,370.00","2,385.00","2,310.00","2,315.00",-40.00,"4,130",3661
113/11/26,"3,108,879","6,961,932,270","2,300.00","2,305.00","2,185.00","2,250.00",-65.00,"10,527",3661
113/11/27,"2,122,809","4,653,583,435","2,255.00","2,270.00","2,160.00","2,160.00",-90.00,"8,475",3661
113/11/28,"2,930,922","6,221,055,035","2,170.00","2,175.00","2,070.00","2,140.00",-20.00,"7,254",3661
113/11/29,"1,805,434","3,927,387,150","2,135.00","2,215.00","2,125.00","2,215.00",+75.00,"3,834",3661
113/12/02,"1,370,461","3,073,635,890","2,235.00","2,265.00","2,205.00","2,265.00",+50.00,"3,560",3661
113/12/03,"2,702,691","5,977,938,030","2,265.00","2,265.00","2,190.00","2,190.00",-75.00,"6,872",3661
113/12/04,"4,523,454","10,467,358,480","2,195.00","2,375.00","2,195.00","2,345.00",+155.00,"11,002",3661
113/12/05,"5,949,074","14,763,901,090","2,400.00","2,575.00","2,385.00","2,575.00",+230.00,"20,248",3661
113/12/06,"4,886,860","12,705,925,435","2,620.00","2,650.00","2,545.00","2,560.00",-15.00,"12,807",3661
113/12/09,"3,812,519","9,996,840,905","2,580.00","2,680.00","2,540.00","2,675.00",+115.00,"12,186",3661
113/12/10,"3,686,137","9,875,305,440","2,660.00","2,730.00","2,640.00","2,645.00",-30.00,"12,243",3661
113/12/11,"2,070,970","5,504,182,365","2,635.00","2,700.00","2,615.00","2,675.00",+30.00,"6,358",3661
113/12/12,"3,198,486","8,711,793,660","2,720.00","2,745.00","2,705.00","2,745.00",+70.00,"8,969",3661
113/12/13,"6,219,624","17,749,860,210","2,750.00","2,920.00","2,740.00","2,900.00",+155.00,"22,741",3661
113/12/16,"6,833,561","20,522,423,840","2,985.00","3,065.00","2,920.00","3,020.00",+120.00,"22,352",3661
113/12/17,"4,240,591","13,860,725,650","3,180.00","3,320.00","3,155.00","3,320.00",+300.00,"17,469",3661
113/12/18,"6,023,953","20,042,977,244","3,355.00","3,375.00","3,245.00","3,340.00",+20.00,"18,238",3661
113/12/19,"4,772,296","15,694,120,085","3,240.00","3,365.00","3,165.00","3,345.00",+5.00,"16,468",3661
113/12/20,"3,394,104","11,118,650,135","3,330.00","3,370.00","3,210.00","3,235.00",-110.00,"19,303",3661
113/12/23,"4,141,233","13,534,285,030","3,320.00","3,345.00","3,190.00","3,315.00",+80.00,"12,353",3661
113/12/24,"2,555,967","8,351,579,455","3,340.00","3,350.00","3,220.00","3,240.00",-75.00,"10,468",3661
113/12/25,"1,808,853","5,874,203,530","3,265.00","3,285.00","3,210.00","3,220.00",-20.00,"6,253",3661
113/12/26,"1,986,616","6,333,490,860","3,215.00","3,225.00","3,160.00","3,200.00",-20.00,"8,510",3661
113/12/27,"2,795,201","9,146,050,945","3,200.00","3,340.00","3,160.00","3,325.00",+125.00,"9,933",3661
113/12/30,"1,853,021","6,017,253,765","3,310.00","3,315.00","3,215.00","3,215.00",-110.00,"8,525",3661
113/12/31,"1,918,982","6,271,603,475","3,210.00","3,310.00","3,185.00","3,280.00",+65.00,"5,565",3661
