日期,成交股數,成交金額,開盤價,最高價,最低價,收盤價,漲跌價差,成交筆數,股票代號
100/12/13,"23,071,310","582,742,150",25.30,25.85,24.90,25.00,X0.00,"6,257",5871
100/12/14,"8,894,016","212,145,377",24.80,24.80,23.30,23.85,-1.15,"2,328",5871
100/12/15,"5,629,480","132,436,476",23.50,24.05,22.85,23.85, 0.00,"1,861",5871
100/12/16,"4,111,486","99,457,156",23.70,24.60,23.65,24.50,+0.65,"1,236",5871
100/12/19,"3,498,390","83,003,326",24.45,24.45,23.05,23.40,-1.10,876,5871
100/12/20,"7,878,308","194,524,300",23.50,25.00,23.50,24.70,+1.30,"1,455",5871
100/12/21,"11,966,323","309,763,124",25.40,26.40,25.20,26.40,+1.70,"2,741",5871
100/12/22,"4,435,324","116,267,685",26.30,26.60,25.90,26.25,-0.15,"1,283",5871
100/12/23,"8,336,968","223,055,588",26.50,27.10,26.25,26.90,+0.65,"2,440",5871
100/12/26,"14,889,645","414,948,471",26.90,28.75,26.50,27.40,+0.50,"3,149",5871
100/12/27,"9,051,422","254,517,788",27.40,28.60,27.20,28.40,+1.00,"2,918",5871
100/12/28,"5,367,037","152,134,747",27.90,28.55,27.85,28.45,+0.05,"1,791",5871
100/12/29,"2,863,314","80,152,616",28.25,28.25,27.75,27.95,-0.50,974,5871
100/12/30,"5,288,765","145,144,752",28.25,28.30,26.80,27.50,-0.45,"1,770",5871
101/01/02,"2,380,200","64,913,170",27.30,27.60,26.80,27.60,+0.10,"1,069",5871
101/01/03,"3,664,758","103,154,074",27.60,28.50,27.60,28.35,+0.75,"1,216",5871
101/01/04,"4,263,314","122,969,642",28.50,29.20,28.35,28.70,+0.35,"1,328",5871
101/01/05,"2,327,700","66,755,768",28.70,28.95,28.35,28.60,-0.10,"1,046",5871
101/01/06,"4,490,243","131,099,645",28.85,29.60,28.70,28.75,+0.15,"1,343",5871
101/01/09,"3,913,160","110,276,330",28.60,28.75,27.85,28.00,-0.75,"1,242",5871
101/01/10,"2,868,204","81,842,164",28.00,29.00,27.90,28.50,+0.50,"1,006",5871
101/01/11,"8,705,286","261,545,705",28.70,30.45,28.70,30.45,+1.95,"2,275",5871
101/01/12,"8,640,712","271,435,672",30.75,32.25,30.10,31.10,+0.65,"2,686",5871
101/01/13,"6,632,056","210,879,536",31.90,32.30,31.15,31.30,+0.20,"3,034",5871
101/01/16,"3,741,600","116,312,430",31.90,32.00,30.70,31.10,-0.20,"1,397",5871
101/01/17,"8,440,868","276,689,807",31.00,33.25,31.00,33.25,+2.15,"2,342",5871
101/01/18,"9,467,266","330,150,551",33.15,35.55,32.90,35.00,+1.75,"2,806",5871
101/01/30,"44,101,527","1,558,850,247",36.00,37.45,35.00,35.50,+0.50,"2,430",5871
101/01/31,"7,449,239","262,530,430",35.60,36.60,34.50,35.50, 0.00,"2,364",5871
101/02/01,"6,510,599","228,869,683",35.40,35.75,34.45,35.40,-0.10,"2,312",5871
101/02/02,"8,906,140","327,790,463",36.00,37.50,35.50,37.00,+1.60,"3,133",5871
101/02/03,"7,180,800","255,856,179",36.80,36.80,34.75,36.00,-1.00,"2,736",5871
101/02/04,"5,680,526","207,970,398",36.00,37.10,35.50,36.50,+0.50,"2,201",5871
101/02/06,"2,368,272","86,246,903",36.80,36.80,35.65,36.00,-0.50,"1,070",5871
101/02/07,"5,225,682","194,140,241",36.10,37.70,36.00,37.60,+1.60,"1,859",5871
101/02/08,"6,745,209","258,435,802",38.00,39.40,37.50,37.85,+0.25,"2,798",5871
101/02/09,"3,820,401","141,552,964",37.95,37.95,36.50,37.35,-0.50,"1,783",5871
101/02/10,"2,103,702","77,721,425",37.40,37.60,36.40,37.35, 0.00,834,5871
101/02/13,"3,300,667","123,717,710",37.10,37.95,36.80,37.50,+0.15,"1,270",5871
101/02/14,"2,804,500","103,681,872",38.00,38.00,36.70,36.70,-0.80,"1,253",5871
101/02/15,"11,718,553","446,150,573",37.00,39.00,36.70,38.50,+1.80,"3,225",5871
101/02/16,"9,527,710","365,913,299",38.00,39.45,37.00,37.15,-1.35,"3,036",5871
101/02/17,"7,424,650","276,560,744",38.30,38.70,36.30,37.10,-0.05,"2,708",5871
101/02/20,"7,619,562","291,062,858",37.50,38.70,37.30,38.35,+1.25,"2,476",5871
101/02/21,"8,369,099","317,184,045",38.40,38.70,37.05,37.05,-1.30,"2,888",5871
101/02/22,"6,073,586","226,596,216",37.20,37.80,37.00,37.00,-0.05,"2,691",5871
101/02/23,"7,420,977","270,884,409",37.20,37.40,35.70,36.00,-1.00,"2,996",5871
101/02/24,"3,527,280","127,673,541",36.40,36.75,35.55,36.15,+0.15,"1,603",5871
101/02/29,"9,544,206","360,416,086",36.30,38.25,36.30,38.00,+1.85,"3,474",5871
101/03/01,"19,604,224","782,756,938",38.40,40.65,37.90,40.60,+2.60,"4,880",5871
101/03/02,"19,051,523","793,514,723",40.90,42.75,39.90,42.65,+2.05,"4,385",5871
101/03/03,"15,070,619","630,113,330",42.50,42.75,41.75,42.30,-0.35,"2,034",5871
101/03/05,"7,517,764","313,542,406",42.30,42.35,41.30,41.50,-0.80,"2,797",5871
101/03/06,"9,436,690","383,984,161",41.50,42.10,39.50,41.90,+0.40,"3,356",5871
101/03/07,"7,381,397","309,896,412",40.80,42.90,40.50,42.30,+0.40,"2,640",5871
101/03/08,"4,133,257","173,285,668",42.35,42.50,41.30,42.00,-0.30,"1,754",5871
101/03/09,"5,292,400","219,226,369",42.20,42.20,40.70,41.50,-0.50,"2,536",5871
101/03/12,"12,417,972","514,194,111",41.70,41.90,40.50,40.55,-0.95,"1,062",5871
101/03/13,"5,788,713","234,039,233",40.80,41.30,39.70,41.15,+0.60,"2,043",5871
101/03/14,"10,966,921","469,349,842",41.50,44.00,41.20,43.70,+2.55,"3,911",5871
101/03/15,"5,940,040","259,774,378",43.70,44.45,43.00,43.30,-0.40,"2,649",5871
101/03/16,"5,420,898","234,550,010",43.70,43.70,42.80,43.50,+0.20,"1,855",5871
101/03/19,"3,660,845","158,231,463",43.50,43.95,42.90,43.00,-0.50,"1,747",5871
101/03/20,"3,836,032","165,002,841",43.00,43.55,42.55,42.70,-0.30,"1,738",5871
101/03/21,"5,195,235","218,451,305",42.50,43.00,41.10,42.00,-0.70,"1,853",5871
101/03/22,"8,465,102","364,921,977",42.50,43.70,42.00,43.50,+1.50,"3,125",5871
101/03/23,"4,327,835","186,930,479",43.30,43.35,43.00,43.25,-0.25,"1,832",5871
101/03/26,"2,581,815","110,840,945",43.25,43.50,42.70,42.75,-0.50,"1,368",5871
101/03/27,"2,708,190","113,979,970",43.15,43.15,41.70,41.90,-0.85,"1,565",5871
101/03/28,"2,521,152","106,683,429",42.30,42.95,41.70,42.40,+0.50,"1,399",5871
101/03/29,"5,597,340","231,786,614",42.70,42.75,40.55,42.20,-0.20,"2,308",5871
101/03/30,"4,436,115","183,973,679",42.20,42.30,40.60,42.30,+0.10,"1,982",5871
101/04/02,"5,050,571","206,991,073",42.00,42.00,40.55,41.20,-1.10,"1,859",5871
101/04/03,"13,907,999","542,354,760",40.60,41.10,38.35,38.80,-2.40,"4,033",5871
101/04/05,"7,992,651","310,611,413",36.60,41.00,36.60,40.70,+1.90,"3,353",5871
101/04/06,"3,794,782","154,358,303",40.60,41.10,39.85,40.80,+0.10,"1,558",5871
101/04/09,"2,720,397","108,892,696",40.00,40.30,39.55,40.00,-0.80,925,5871
101/04/10,"2,879,590","117,309,841",40.60,41.20,40.10,40.75,+0.75,"1,198",5871
101/04/11,"2,571,201","105,734,510",40.05,41.55,40.05,41.15,+0.40,"1,146",5871
101/04/12,"6,058,681","258,091,393",41.15,43.50,41.00,42.80,+1.65,"2,710",5871
101/04/13,"15,375,399","659,413,382",43.30,43.55,42.75,43.15,+0.35,"1,941",5871
101/04/16,"1,405,760","60,438,999",43.15,43.20,42.75,42.75,-0.40,806,5871
101/04/17,"3,815,697","158,063,803",42.85,42.90,40.50,41.40,-1.35,"1,736",5871
101/04/18,"1,924,931","78,986,584",41.70,41.90,40.50,41.05,-0.35,"1,155",5871
101/04/19,"2,169,291","88,895,144",41.40,41.55,40.40,41.00,-0.05,"1,132",5871
101/04/20,"2,297,487","93,975,541",41.00,41.30,40.50,40.95,-0.05,744,5871
101/04/23,"4,265,191","169,399,746",40.60,40.80,39.10,40.00,-0.95,"2,078",5871
101/04/24,"1,654,172","66,160,017",39.75,40.40,39.45,40.30,+0.30,820,5871
101/04/25,"1,611,100","65,262,150",40.90,40.90,40.30,40.50,+0.20,841,5871
101/04/26,"5,085,407","213,468,669",40.80,42.75,40.60,41.90,+1.40,"1,984",5871
101/04/27,"3,678,580","155,742,099",42.30,43.00,41.80,42.15,+0.25,"1,492",5871
101/04/30,"3,385,001","144,820,840",42.15,43.05,42.15,42.80,+0.65,"1,242",5871
101/05/02,"4,154,585","179,532,292",42.80,43.90,42.55,43.80,+1.00,"1,719",5871
101/05/03,"6,353,068","283,928,510",43.80,45.15,43.80,44.70,+0.90,"2,209",5871
101/05/04,"4,357,532","195,756,573",44.70,45.25,44.30,44.70, 0.00,"1,764",5871
101/05/07,"2,658,973","118,180,655",44.70,44.85,43.85,44.40,-0.30,"1,473",5871
101/05/08,"4,119,335","185,690,241",44.70,45.40,44.70,44.90,+0.50,"1,408",5871
101/05/09,"1,952,400","87,359,800",44.70,45.00,44.10,45.00,+0.10,896,5871
101/05/10,"3,433,446","151,224,297",45.00,45.00,43.50,44.20,-0.80,"1,524",5871
101/05/11,"1,509,848","66,092,891",44.40,44.55,43.50,43.75,-0.45,675,5871
101/05/14,"3,163,785","141,193,059",44.05,45.10,44.05,44.95,+1.20,"1,508",5871
101/05/15,"2,868,255","126,951,652",44.20,44.60,43.75,44.40,-0.55,"1,172",5871
101/05/16,"2,834,277","125,884,821",45.00,45.00,43.85,43.85,-0.55,"1,405",5871
101/05/17,"4,019,162","175,423,228",44.40,44.40,43.10,43.60,-0.25,"1,661",5871
101/05/18,"4,050,310","175,764,373",43.10,44.20,42.60,43.10,-0.50,"1,174",5871
101/05/21,"3,284,320","143,099,498",43.10,43.95,43.10,43.50,+0.40,"1,414",5871
101/05/22,"7,283,113","330,041,094",44.20,46.10,43.90,46.00,+2.50,"2,668",5871
101/05/23,"8,908,678","408,288,043",45.40,46.15,44.60,45.50,-0.50,"1,778",5871
101/05/24,"15,680,790","725,767,131",45.50,48.00,45.50,46.50,+1.00,"3,878",5871
101/05/25,"5,060,151","233,136,497",46.70,47.05,45.55,46.00,-0.50,"2,748",5871
101/05/28,"5,944,614","274,128,411",45.80,46.50,45.05,46.45,+0.45,"2,218",5871
101/05/29,"7,123,500","322,818,800",44.60,46.00,44.60,44.90,X0.00,"2,887",5871
101/05/30,"4,647,774","208,333,812",44.95,45.65,44.00,45.60,+0.70,"2,050",5871
101/05/31,"4,389,197","198,914,859",44.80,46.00,44.80,46.00,+0.40,"2,215",5871
101/06/01,"3,990,335","179,929,971",45.50,45.60,44.30,44.30,-1.70,"1,764",5871
101/06/04,"7,119,042","295,222,396",42.00,43.10,41.20,42.00,-2.30,"2,325",5871
101/06/05,"3,480,272","151,140,996",44.20,44.40,42.60,42.85,+0.85,"1,771",5871
101/06/06,"2,877,813","126,197,922",43.20,44.15,43.10,44.00,+1.15,"1,388",5871
101/06/07,"1,968,825","86,611,250",44.85,44.85,43.30,44.00, 0.00,"1,071",5871
101/06/08,"1,577,213","69,118,760",44.40,44.45,43.45,43.55,-0.45,837,5871
101/06/11,"2,517,110","109,626,744",44.00,44.40,42.95,43.00,-0.55,"1,264",5871
101/06/12,"3,439,000","144,584,000",42.60,42.90,41.50,42.90,-0.10,"1,416",5871
101/06/13,"2,607,029","110,280,887",42.60,42.90,41.90,42.90, 0.00,"1,212",5871
101/06/14,"2,805,925","118,020,704",42.70,42.70,41.85,42.30,-0.60,"1,172",5871
101/06/15,"2,837,203","118,897,863",42.00,42.40,41.60,42.40,+0.10,"1,373",5871
101/06/18,"4,254,425","185,589,410",43.50,44.00,42.70,43.30,+0.90,"1,777",5871
101/06/19,"4,036,792","176,969,956",43.55,44.25,43.05,43.30, 0.00,"1,740",5871
101/06/20,"2,077,264","90,849,056",44.00,44.10,43.40,43.65,+0.35,944,5871
101/06/21,"2,527,220","110,664,324",43.35,44.05,43.25,43.85,+0.20,"1,256",5871
101/06/22,"1,894,232","82,810,299",43.50,43.95,43.35,43.75,-0.10,918,5871
101/06/25,"1,330,055","57,894,072",43.75,43.95,43.15,43.15,-0.60,779,5871
101/06/26,"2,522,598","107,440,753",43.00,43.20,41.90,43.00,-0.15,"1,084",5871
101/06/27,"1,501,400","64,445,550",42.30,43.20,42.30,43.20,+0.20,622,5871
101/06/28,"1,013,369","43,548,601",43.30,43.40,42.60,43.10,-0.10,632,5871
101/06/29,"1,432,724","62,064,176",43.00,43.50,42.60,43.40,+0.30,"1,054",5871
101/07/02,"3,286,772","143,908,284",43.50,44.10,43.45,43.60,+0.20,"1,195",5871
101/07/03,"6,013,759","267,027,620",43.60,44.95,43.55,44.50,+0.90,"2,125",5871
101/07/04,"4,469,058","200,493,834",45.00,45.00,44.65,44.65,+0.15,"1,776",5871
101/07/05,"2,712,750","120,915,250",45.00,45.00,44.35,44.80,+0.15,"1,220",5871
101/07/06,"2,623,395","115,993,357",44.80,44.85,43.85,44.00,-0.80,"1,430",5871
101/07/09,"1,136,866","49,628,905",44.00,44.05,43.35,44.00, 0.00,499,5871
101/07/10,"1,396,318","60,911,563",44.00,44.05,43.20,43.50,-0.50,696,5871
101/07/11,"4,675,299","207,431,108",43.50,45.00,43.15,45.00,+1.50,"1,845",5871
101/07/12,"10,255,659","466,182,997",45.00,46.30,44.85,45.85,+0.85,"3,703",5871
101/07/13,"6,120,456","283,259,851",46.00,46.85,45.60,45.60,-0.25,"2,902",5871
101/07/16,"9,038,093","424,334,307",46.00,47.50,45.70,47.00,+1.40,"3,440",5871
101/07/17,"7,524,334","358,087,362",47.20,48.05,47.05,47.15,+0.15,"3,263",5871
101/07/18,"6,409,920","306,328,820",47.50,48.05,47.35,47.90,+0.75,"2,450",5871
101/07/19,"5,636,919","269,020,624",48.25,48.25,47.15,47.50,-0.40,"2,227",5871
101/07/20,"3,207,619","152,751,737",47.50,47.90,47.10,47.35,-0.15,"1,474",5871
101/07/23,"2,156,046","100,752,846",47.00,47.00,46.50,46.55,-0.80,863,5871
101/07/24,"2,581,819","119,403,153",46.10,46.90,45.90,46.65,+0.10,"1,361",5871
101/07/25,"8,857,205","425,324,481",46.30,49.00,46.10,48.10,+1.45,"3,239",5871
101/07/26,"12,235,445","600,592,943",49.00,49.60,48.45,49.50,+1.40,"4,083",5871
101/07/27,"8,660,994","430,252,049",49.90,50.00,49.10,49.60,+0.10,"2,658",5871
101/07/30,"9,240,840","468,425,734",49.60,51.70,49.60,50.40,+0.80,"3,573",5871
101/07/31,"6,384,722","321,780,422",50.40,51.30,49.60,50.80,+0.40,"2,042",5871
101/08/01,"6,238,556","312,702,014",50.70,51.00,49.40,49.40,-1.40,"2,526",5871
101/08/03,"5,068,303","250,980,081",49.40,50.10,48.95,49.00,-0.40,"2,123",5871
101/08/06,"7,624,760","384,920,771",49.50,51.30,49.40,50.30,+1.30,"2,776",5871
101/08/07,"5,493,148","278,677,811",50.80,51.40,50.00,50.30, 0.00,"1,979",5871
101/08/08,"5,261,980","264,466,054",51.00,51.00,49.70,49.70,-0.60,"2,020",5871
101/08/09,"6,129,400","303,808,329",49.90,50.50,49.15,49.80,+0.10,"2,432",5871
101/08/10,"21,424,180","1,013,797,878",49.40,49.40,46.35,47.20,-2.60,"7,479",5871
101/08/13,"12,160,194","571,668,765",46.60,48.10,46.20,47.20, 0.00,"4,193",5871
101/08/14,"5,743,436","272,801,209",47.20,47.90,47.20,47.50,+0.30,"2,330",5871
101/08/15,"4,907,034","233,516,782",47.30,48.10,47.00,48.00,+0.50,"2,367",5871
101/08/16,"4,669,020","222,409,157",48.15,48.15,47.05,47.55,-0.45,"1,786",5871
101/08/17,"3,475,999","165,488,252",47.50,47.80,47.25,47.80,+0.25,"1,324",5871
101/08/20,"2,737,153","129,586,363",48.00,48.00,47.15,47.45,-0.35,"1,150",5871
101/08/21,"4,663,846","222,497,844",47.20,48.25,47.15,48.25,+0.80,"2,180",5871
101/08/22,"5,661,050","276,701,400",48.50,49.25,48.00,48.80,+0.55,"2,580",5871
101/08/23,"2,463,814","120,683,486",49.00,49.20,48.75,49.10,+0.30,"1,267",5871
101/08/24,"5,511,128","272,174,472",49.20,49.90,48.65,49.30,+0.20,"2,649",5871
101/08/27,"3,285,323","160,142,341",49.50,49.60,48.30,49.00,-0.30,"1,398",5871
101/08/28,"3,906,828","188,993,905",49.00,49.00,47.85,48.90,-0.10,"1,656",5871
101/08/29,"3,233,429","158,328,821",49.30,49.30,48.60,49.00,+0.10,"1,196",5871
101/08/30,"7,743,822","386,505,666",48.95,50.40,48.60,50.10,+1.10,"2,844",5871
101/08/31,"6,187,104","312,985,902",50.50,51.30,49.90,50.50,+0.40,"2,102",5871
101/09/03,"4,615,710","233,426,304",50.30,51.20,49.95,50.10,-0.40,"1,784",5871
101/09/04,"3,041,034","150,846,200",50.00,50.10,49.25,50.00,-0.10,"1,238",5871
101/09/05,"2,505,923","124,200,650",49.90,49.90,49.30,49.85,-0.15,"1,071",5871
101/09/06,"3,619,100","180,134,570",49.85,50.10,49.40,50.10,+0.25,"1,220",5871
101/09/07,"5,718,171","290,099,583",50.60,51.20,50.20,50.80,+0.70,"2,018",5871
101/09/10,"2,734,060","139,235,169",51.10,51.20,50.70,51.10,+0.30,"1,131",5871
101/09/11,"1,745,080","88,132,147",51.00,51.10,50.30,50.30,-0.80,729,5871
101/09/12,"3,407,058","172,983,432",50.40,51.30,50.20,50.50,+0.20,"1,390",5871
101/09/13,"4,365,337","218,918,869",50.50,50.80,49.50,50.30,-0.20,"2,160",5871
101/09/14,"4,017,860","203,044,417",50.60,50.90,50.20,50.60,+0.30,"1,856",5871
101/09/17,"3,072,461","154,576,522",50.50,50.90,50.00,50.60, 0.00,"1,278",5871
101/09/18,"2,894,358","146,951,466",50.60,51.10,50.20,50.60, 0.00,"1,284",5871
101/09/19,"3,291,200","165,713,260",50.50,50.80,50.10,50.60, 0.00,"1,109",5871
101/09/20,"3,140,825","158,316,308",50.60,50.80,50.10,50.80,+0.20,"1,353",5871
101/09/21,"2,518,945","127,258,313",50.80,50.80,50.30,50.50,-0.30,818,5871
101/09/24,"14,993,040","784,343,860",50.50,54.00,50.50,54.00,+3.50,"3,740",5871
101/09/25,"23,689,142","1,320,804,023",55.20,57.00,54.50,55.40,+1.40,"6,803",5871
101/09/26,"7,684,099","425,673,793",54.90,56.00,54.80,56.00,+0.60,"2,858",5871
101/09/27,"5,480,169","303,260,745",56.00,56.00,54.50,55.50,-0.50,"1,850",5871
101/09/28,"5,892,286","328,093,243",55.10,56.20,55.10,55.30,-0.20,"2,085",5871
101/10/01,"3,686,142","201,455,095",55.30,55.40,53.90,54.80,-0.50,"1,411",5871
101/10/02,"3,413,092","186,549,249",54.50,55.10,54.30,54.80, 0.00,"1,132",5871
101/10/03,"5,523,976","299,412,193",54.90,55.10,53.30,54.20,-0.60,"2,187",5871
101/10/04,"7,211,921","395,904,055",54.20,55.60,53.90,55.00,+0.80,"2,934",5871
101/10/05,"4,781,310","263,072,650",55.00,55.50,54.70,55.00, 0.00,"1,505",5871
101/10/08,"3,330,274","180,868,632",54.50,54.90,54.10,54.70,-0.30,"1,295",5871
101/10/09,"12,642,103","676,685,368",55.00,55.00,52.00,54.00,-0.70,"3,838",5871
101/10/11,"13,388,700","694,150,100",51.80,52.10,51.40,51.80,-2.20,"3,464",5871
101/10/12,"5,511,573","283,500,996",51.50,51.90,51.00,51.40,-0.40,"2,352",5871
101/10/15,"7,528,720","391,993,071",51.00,52.80,51.00,52.80,+1.40,"2,952",5871
101/10/16,"5,651,303","299,280,859",52.70,53.50,52.30,53.00,+0.20,"2,405",5871
101/10/17,"6,664,451","355,351,003",53.40,54.20,52.70,53.30,+0.30,"2,541",5871
101/10/18,"3,821,343","202,427,909",53.90,53.90,52.60,52.60,-0.70,"1,507",5871
101/10/19,"5,105,865","266,615,858",52.30,52.60,51.90,52.30,-0.30,"2,098",5871
101/10/22,"12,186,485","633,699,006",51.40,52.60,51.40,52.60,+0.30,"3,259",5871
101/10/23,"14,933,969","772,628,987",51.90,52.20,51.00,51.70,-0.90,"3,763",5871
101/10/24,"18,110,353","952,285,341",52.00,53.60,51.30,53.10,+1.40,"4,605",5871
101/10/25,"8,433,148","445,013,611",53.00,53.10,52.40,52.80,-0.30,"2,895",5871
101/10/26,"9,060,189","469,686,550",52.90,53.40,51.00,51.20,-1.60,"3,405",5871
101/10/29,"6,009,917","305,025,873",51.20,51.90,50.10,50.70,-0.50,"2,810",5871
101/10/30,"3,004,950","154,892,539",51.00,51.90,51.00,51.20,+0.50,"1,533",5871
101/10/31,"8,021,495","415,981,986",51.80,52.50,51.20,52.00,+0.80,"2,537",5871
101/11/01,"6,111,204","320,027,410",52.00,52.90,51.00,52.10,+0.10,"2,145",5871
101/11/02,"6,145,300","325,141,000",52.60,53.40,52.40,52.80,+0.70,"1,943",5871
101/11/05,"2,590,000","135,843,100",53.00,53.20,52.20,52.30,-0.50,"1,441",5871
101/11/06,"2,708,240","142,451,220",52.80,53.00,52.10,53.00,+0.70,"1,493",5871
101/11/07,"6,494,138","341,394,395",53.00,53.90,52.80,53.40,+0.40,"2,010",5871
101/11/08,"3,167,883","168,733,750",52.90,53.90,52.70,52.90,-0.50,"1,457",5871
101/11/09,"16,598,002","906,370,905",53.30,55.30,53.10,54.80,+1.90,"5,233",5871
101/11/12,"25,066,657","1,421,255,835",55.10,58.20,55.10,57.80,+3.00,"7,682",5871
101/11/13,"8,675,580","492,035,570",57.80,57.80,55.30,56.20,-1.60,"3,529",5871
101/11/14,"18,419,260","1,072,281,444",56.50,59.50,56.50,57.50,+1.30,"7,456",5871
101/11/15,"12,260,350","702,173,225",57.70,58.20,56.00,56.80,-0.70,"5,209",5871
101/11/16,"7,582,931","434,251,652",56.80,58.00,56.70,56.70,-0.10,"3,291",5871
101/11/19,"10,142,820","563,485,053",57.20,57.20,54.50,55.80,-0.90,"4,607",5871
101/11/20,"3,911,701","219,749,317",56.30,56.90,55.80,55.80, 0.00,"2,046",5871
101/11/21,"3,681,300","204,126,700",55.40,56.20,55.20,55.20,-0.60,"1,598",5871
101/11/22,"5,003,239","280,725,496",55.90,56.70,55.70,56.70,+1.50,"2,299",5871
101/11/23,"10,749,457","628,147,275",57.20,59.20,57.20,58.80,+2.10,"4,255",5871
101/11/26,"7,024,770","411,223,130",59.20,59.50,57.80,58.80, 0.00,"3,129",5871
101/11/27,"5,127,540","299,543,995",58.60,58.80,58.00,58.50,-0.30,"2,567",5871
101/11/28,"12,212,094","724,712,446",59.00,60.30,58.50,58.50, 0.00,"5,510",5871
101/11/29,"7,290,886","429,816,571",59.20,59.40,58.40,59.40,+0.90,"3,570",5871
101/11/30,"53,778,791","3,179,828,169",59.50,59.90,58.50,59.10,-0.30,"6,552",5871
101/12/03,"5,589,302","331,588,403",59.30,59.90,58.80,58.90,-0.20,"2,447",5871
101/12/04,"3,389,240","200,826,580",59.60,59.60,59.00,59.40,+0.50,"1,742",5871
101/12/05,"6,694,239","402,461,809",59.40,60.60,59.20,60.30,+0.90,"3,014",5871
101/12/06,"9,685,963","598,747,397",60.80,62.60,60.80,61.90,+1.60,"4,034",5871
101/12/07,"4,063,960","251,699,612",62.20,62.30,61.40,61.90, 0.00,"1,933",5871
101/12/10,"2,841,676","176,905,317",62.20,62.50,61.90,62.20,+0.30,"1,602",5871
101/12/11,"11,934,734","768,542,810",62.70,65.20,62.70,65.00,+2.80,"5,022",5871
101/12/12,"9,958,554","661,051,000",65.80,67.60,65.30,66.60,+1.60,"4,637",5871
101/12/13,"4,706,742","312,720,015",66.80,67.20,65.90,66.30,-0.30,"2,473",5871
101/12/14,"8,030,195","541,529,150",66.00,68.70,65.30,68.40,+2.10,"3,904",5871
101/12/17,"7,047,920","482,331,613",68.30,69.30,67.20,68.30,-0.10,"3,394",5871
101/12/18,"7,289,989","488,033,863",68.00,68.30,66.30,66.70,-1.60,"3,384",5871
101/12/19,"4,147,700","276,867,007",66.70,67.30,66.10,67.00,+0.30,"2,019",5871
101/12/20,"5,197,388","343,070,108",67.00,67.00,65.50,65.60,-1.40,"2,385",5871
101/12/21,"6,149,273","395,196,110",65.30,65.50,63.00,63.70,-1.90,"3,317",5871
101/12/22,"3,619,300","234,213,500",64.00,65.20,63.70,65.00,+1.30,"1,572",5871
101/12/24,"3,249,960","212,738,572",65.00,66.00,64.80,65.20,+0.20,"1,715",5871
101/12/25,"4,558,084","294,426,899",65.00,65.60,63.80,65.00,-0.20,"2,262",5871
101/12/26,"3,658,170","239,249,749",65.30,65.80,65.00,65.10,+0.10,"2,011",5871
101/12/27,"3,553,348","231,866,326",64.90,65.60,64.70,65.50,+0.40,"1,902",5871
101/12/28,"7,334,163","487,943,486",65.80,67.10,65.60,66.60,+1.10,"3,532",5871
102/01/02,"4,450,520","298,234,344",67.40,67.60,66.70,66.70,+0.10,"2,147",5871
102/01/03,"6,058,183","403,091,061",66.90,67.50,65.80,65.90,-0.80,"3,079",5871
102/01/04,"11,776,969","759,967,941",65.90,66.40,63.50,65.00,-0.90,"5,482",5871
102/01/07,"5,214,987","334,699,255",65.00,65.00,63.60,64.00,-1.00,"2,371",5871
102/01/08,"4,367,550","281,327,257",64.00,65.00,63.70,64.40,+0.40,"2,407",5871
102/01/09,"10,592,001","705,111,267",64.40,67.60,64.20,66.90,+2.50,"5,155",5871
102/01/10,"7,685,282","521,580,340",68.40,68.50,67.30,67.80,+0.90,"3,791",5871
102/01/11,"11,623,962","806,107,042",68.30,69.80,68.30,69.70,+1.90,"5,143",5871
102/01/14,"8,346,856","585,703,616",69.70,71.00,69.00,70.80,+1.10,"3,558",5871
102/01/15,"5,452,410","384,308,000",70.80,71.70,69.80,69.80,-1.00,"2,839",5871
102/01/16,"5,323,805","365,283,566",69.80,69.80,68.00,68.00,-1.80,"2,986",5871
102/01/17,"5,815,519","393,412,425",68.50,68.80,66.00,67.30,-0.70,"2,838",5871
102/01/18,"3,792,191","257,350,579",68.20,68.40,67.40,68.10,+0.80,"2,181",5871
102/01/21,"2,544,212","174,596,411",68.10,69.00,68.10,69.00,+0.90,"1,367",5871
102/01/22,"5,155,685","360,235,635",69.00,71.00,68.60,71.00,+2.00,"2,695",5871
102/01/23,"7,185,513","513,645,476",71.20,72.40,70.60,71.50,+0.50,"3,899",5871
102/01/24,"4,380,139","314,915,718",71.50,72.30,71.40,72.10,+0.60,"2,161",5871
102/01/25,"14,688,768","1,099,702,302",72.30,77.00,72.30,76.90,+4.80,"6,822",5871
102/01/28,"11,595,750","903,280,969",77.50,79.50,76.30,76.80,-0.10,"6,282",5871
102/01/29,"6,710,872","509,821,308",77.00,77.50,75.20,75.80,-1.00,"3,761",5871
102/01/30,"6,969,367","528,950,935",75.60,77.00,75.00,75.00,-0.80,"3,753",5871
102/01/31,"11,033,713","852,364,301",75.90,79.00,75.20,79.00,+4.00,"5,528",5871
102/02/01,"6,813,000","534,274,800",79.00,79.70,77.50,78.70,-0.30,"3,957",5871
102/02/04,"7,389,788","589,593,940",79.50,80.40,78.90,80.00,+1.30,"3,583",5871
102/02/05,"6,530,742","513,705,357",79.00,79.50,78.00,78.80,-1.20,"3,550",5871
102/02/06,"7,833,623","612,466,832",79.50,79.50,77.50,77.70,-1.10,"3,962",5871
102/02/18,"4,271,318","333,890,696",78.90,78.90,77.70,77.90,+0.20,"2,542",5871
102/02/19,"12,394,294","1,009,564,208",78.80,82.70,78.80,82.00,+4.10,"5,369",5871
102/02/20,"5,214,272","426,433,104",82.30,82.70,81.20,81.50,-0.50,"2,951",5871
102/02/21,"9,063,434","755,796,766",81.50,84.90,81.50,84.50,+3.00,"4,877",5871
102/02/22,"6,040,067","502,717,205",84.00,84.40,82.80,82.80,-1.70,"3,601",5871
102/02/23,"4,401,722","362,705,061",83.50,83.70,81.70,82.20,-0.60,"2,282",5871
102/02/25,"4,457,380","365,097,140",82.30,83.20,81.30,81.40,-0.80,"2,690",5871
102/02/26,"8,803,257","725,037,147",80.90,83.50,80.30,82.10,+0.70,"4,806",5871
102/02/27,"6,057,503","499,254,241",82.90,83.20,81.40,83.20,+1.10,"2,922",5871
102/03/01,"9,304,195","789,983,975",83.60,85.60,83.60,84.80,+1.60,"4,739",5871
102/03/04,"6,956,216","590,839,729",85.60,86.00,83.60,85.50,+0.70,"3,746",5871
102/03/05,"9,302,704","815,621,564",86.20,89.50,86.10,88.60,+3.10,"4,356",5871
102/03/06,"5,421,056","478,226,130",88.60,89.00,87.70,88.00,-0.60,"3,670",5871
102/03/07,"7,115,720","617,824,218",87.10,88.50,86.00,86.30,-1.70,"4,323",5871
102/03/08,"5,288,144","459,452,786",86.60,87.90,86.10,86.50,+0.20,"3,263",5871
102/03/11,"4,598,054","401,087,123",87.10,88.50,86.50,86.90,+0.40,"2,689",5871
102/03/12,"7,130,830","609,820,862",86.60,86.80,84.00,84.70,-2.20,"4,016",5871
102/03/13,"6,250,126","529,104,443",84.70,85.90,84.00,84.00,-0.70,"3,459",5871
102/03/14,"20,055,491","1,595,856,838",83.80,84.30,78.20,78.20,-5.80,"9,461",5871
102/03/15,"19,882,585","1,595,954,604",77.80,83.60,76.70,83.50,+5.30,"9,704",5871
102/03/18,"14,605,960","1,166,820,480",82.60,82.90,77.90,78.00,-5.50,"7,500",5871
102/03/19,"8,038,995","636,632,202",78.10,80.20,78.10,79.00,+1.00,"4,218",5871
102/03/20,"9,435,846","765,832,886",79.50,82.90,79.50,80.30,+1.30,"5,322",5871
102/03/21,"5,722,856","459,617,336",81.80,81.80,79.20,80.30, 0.00,"3,194",5871
102/03/22,"3,104,528","248,577,812",81.00,81.00,79.60,79.90,-0.40,"1,846",5871
102/03/25,"3,809,900","305,494,950",80.50,81.00,79.60,80.90,+1.00,"2,382",5871
102/03/26,"4,191,456","339,220,646",81.00,81.50,80.30,81.30,+0.40,"2,324",5871
102/03/27,"4,331,286","353,805,738",81.20,82.40,80.90,82.00,+0.70,"2,219",5871
102/03/28,"9,358,760","780,324,001",82.60,84.50,82.40,83.00,+1.00,"4,615",5871
102/03/29,"4,068,195","337,358,685",83.30,83.50,82.40,82.90,-0.10,"2,196",5871
102/04/01,"4,721,942","381,577,807",82.00,82.90,79.60,80.40,-2.50,"2,854",5871
102/04/02,"4,573,735","370,625,388",80.50,81.80,79.30,81.70,+1.30,"2,338",5871
102/04/03,"7,526,580","624,274,640",82.20,83.50,81.80,82.90,+1.20,"4,191",5871
102/04/08,"7,849,927","633,338,059",80.70,81.60,80.00,80.30,-2.60,"3,726",5871
102/04/09,"4,330,791","348,006,972",80.30,81.30,79.90,79.90,-0.40,"2,790",5871
102/04/10,"4,123,612","329,775,784",80.10,80.80,79.30,80.30,+0.40,"2,283",5871
102/04/11,"6,376,844","520,082,680",81.10,82.30,80.80,81.50,+1.20,"3,004",5871
102/04/12,"7,374,306","606,636,092",81.50,82.80,81.20,81.70,+0.20,"3,825",5871
102/04/15,"5,022,205","414,966,211",83.00,83.60,81.80,81.90,+0.20,"2,753",5871
102/04/16,"4,525,029","365,830,970",81.70,81.70,79.80,81.40,-0.50,"2,483",5871
102/04/17,"7,642,216","632,623,317",81.90,83.40,81.60,83.00,+1.60,"3,942",5871
102/04/18,"12,620,381","1,066,566,127",83.00,85.60,82.50,84.50,+1.50,"6,219",5871
102/04/19,"5,097,671","428,973,324",85.00,85.00,83.70,84.00,-0.50,"2,760",5871
102/04/22,"6,965,475","594,247,854",84.80,85.80,84.30,85.40,+1.40,"3,229",5871
102/04/23,"4,223,806","357,655,546",85.60,85.60,84.20,84.80,-0.60,"2,351",5871
102/04/24,"3,310,451","280,868,541",85.00,85.40,84.40,84.70,-0.10,"2,004",5871
102/04/25,"4,670,375","397,399,875",84.60,85.80,84.40,84.40,-0.30,"2,206",5871
102/04/26,"16,469,135","1,456,661,238",86.40,89.90,86.40,89.50,+5.10,"7,904",5871
102/04/29,"6,862,636","606,277,268",90.00,90.70,87.10,87.50,-2.00,"4,016",5871
102/04/30,"5,071,255","446,970,546",88.30,88.80,87.50,88.80,+1.30,"2,869",5871
102/05/02,"10,259,731","933,282,166",88.80,92.50,88.60,91.90,+3.10,"5,855",5871
102/05/03,"9,034,175","836,299,588",92.30,93.90,91.00,91.30,-0.60,"5,011",5871
102/05/06,"5,713,509","520,970,067",92.40,92.80,89.50,91.90,+0.60,"3,284",5871
102/05/07,"6,553,637","610,149,978",91.90,94.00,91.00,94.00,+2.10,"3,674",5871
102/05/08,"4,938,432","465,690,725",94.00,94.90,93.60,94.80,+0.80,"2,896",5871
102/05/09,"5,320,229","506,189,084",95.40,96.10,93.80,95.80,+1.00,"3,182",5871
102/05/10,"8,345,530","803,808,704",95.70,97.80,95.10,95.80, 0.00,"4,676",5871
102/05/13,"4,056,340","391,546,516",97.00,97.50,95.80,96.50,+0.70,"2,309",5871
102/05/14,"6,937,450","665,607,203",96.50,97.30,95.00,95.50,-1.00,"3,839",5871
102/05/15,"8,191,026","772,728,479",96.00,96.40,93.30,95.00,-0.50,"4,062",5871
102/05/16,"7,117,080","671,578,200",95.50,96.00,93.40,93.90,-1.10,"4,071",5871
102/05/17,"8,199,056","762,064,008",93.10,94.70,91.50,92.20,-1.70,"4,614",5871
102/05/20,"5,550,660","514,328,970",92.30,93.70,91.60,93.50,+1.30,"3,611",5871
102/05/21,"7,067,754","652,651,322",93.50,94.20,91.60,92.00,-1.50,"3,515",5871
102/05/22,"13,040,885","1,165,252,196",92.00,92.00,88.00,88.50,-3.50,"7,175",5871
102/05/23,"6,949,350","613,730,877",87.80,89.30,86.50,88.50, 0.00,"3,780",5871
102/05/24,"5,980,947","534,433,908",89.50,90.50,88.60,89.30,+0.80,"3,385",5871
102/05/27,"2,683,214","238,643,060",89.10,89.90,88.20,88.50,-0.80,"1,675",5871
102/05/28,"4,788,180","433,358,219",88.70,91.30,88.70,90.70,+2.20,"2,993",5871
102/05/29,"3,027,900","273,419,800",91.50,91.50,89.60,90.00,-0.70,"1,682",5871
102/05/30,"4,035,120","359,098,376",90.00,90.00,88.60,88.60,-1.40,"2,604",5871
102/05/31,"4,605,752","414,441,929",90.00,90.40,89.20,90.40,+1.80,"2,570",5871
102/06/03,"3,883,726","344,131,098",88.60,89.50,88.00,88.00,-2.40,"2,462",5871
102/06/04,"11,515,314","982,173,390",88.00,88.60,83.60,84.50,-3.50,"6,662",5871
102/06/05,"9,905,068","829,145,398",84.00,85.10,83.00,83.40,-1.10,"5,092",5871
102/06/06,"5,717,197","478,613,048",83.40,84.60,83.00,83.60,+0.20,"3,508",5871
102/06/07,"3,432,242","286,420,873",83.80,84.40,83.00,83.50,-0.10,"1,917",5871
102/06/10,"4,392,104","373,259,587",84.30,85.90,84.10,85.20,+1.70,"2,631",5871
102/06/11,"7,062,776","610,297,319",85.90,87.30,85.30,86.00,+0.80,"3,565",5871
102/06/13,"11,681,697","965,228,309",85.00,85.10,81.10,81.10,-4.90,"5,717",5871
102/06/14,"6,730,237","552,614,758",81.60,82.80,81.20,82.80,+1.70,"3,739",5871
102/06/17,"3,505,467","294,332,728",83.80,84.50,83.50,83.90,+1.10,"2,159",5871
102/06/18,"4,051,920","343,547,200",84.80,86.30,83.60,84.70,+0.80,"2,456",5871
102/06/19,"3,750,897","314,875,023",84.30,85.40,83.10,83.10,-1.60,"2,169",5871
102/06/20,"18,732,090","1,464,436,089",82.00,82.10,77.30,77.30,-5.80,"7,945",5871
102/06/21,"9,185,690","660,521,087",71.90,72.30,71.90,71.90,-5.40,"2,645",5871
102/06/24,"17,914,417","1,230,609,897",71.90,71.90,67.40,67.50,-4.40,"7,290",5871
102/06/25,"23,284,621","1,479,316,165",64.10,66.30,62.80,64.30,-3.20,"9,426",5871
102/06/26,"15,473,669","1,027,330,855",66.00,66.60,65.50,66.60,X0.00,"2,922",5871
102/06/27,"39,162,472","2,733,196,901",68.80,71.20,67.90,71.20,+4.60,"14,303",5871
102/06/28,"19,216,181","1,377,780,599",72.10,73.10,70.20,70.80,-0.40,"8,633",5871
102/07/01,"15,888,921","1,107,779,105",70.50,71.50,68.00,70.60,-0.20,"7,311",5871
102/07/02,"6,273,620","433,038,702",71.50,71.50,70.00,70.80,+0.20,"2,481",5871
102/07/03,"20,713,845","1,411,859,002",70.10,70.40,67.00,68.00,-2.80,"8,443",5871
102/07/04,"15,556,068","1,028,453,137",67.50,68.20,65.00,66.00,-2.00,"7,293",5871
102/07/05,"10,900,299","732,170,779",66.20,68.00,66.20,67.00,+1.00,"5,661",5871
102/07/08,"13,788,313","887,168,853",67.00,67.00,63.20,64.00,-3.00,"7,103",5871
102/07/09,"16,795,085","1,062,707,324",63.20,64.40,62.10,63.50,-0.50,"7,772",5871
102/07/10,"18,786,328","1,253,179,965",63.60,67.90,63.60,67.90,+4.40,"8,164",5871
102/07/11,"32,638,885","2,280,790,788",68.50,72.50,67.90,70.30,+2.40,"13,289",5871
102/07/12,"15,942,000","1,139,539,800",70.50,72.40,70.30,71.10,+0.80,"7,179",5871
102/07/15,"11,941,864","855,765,954",71.10,72.80,70.10,71.80,+0.70,"5,952",5871
102/07/16,"16,877,335","1,251,597,125",72.40,75.20,72.40,74.50,+2.70,"8,799",5871
102/07/17,"9,125,603","674,061,756",74.50,75.20,72.80,73.70,-0.80,"4,919",5871
102/07/18,"8,575,131","630,340,375",74.50,74.60,72.20,73.40,-0.30,"4,411",5871
102/07/19,"12,941,205","936,398,927",73.60,74.70,70.80,71.60,-1.80,"6,778",5871
102/07/22,"7,613,417","543,120,167",71.60,72.50,70.30,71.10,-0.50,"3,947",5871
102/07/23,"7,979,325","573,954,429",71.50,72.60,71.20,71.90,+0.80,"4,101",5871
102/07/24,"6,485,200","466,261,799",72.30,72.60,71.20,72.00,+0.10,"3,391",5871
102/07/25,"16,009,581","1,187,300,661",72.30,75.40,71.80,74.20,+2.20,"8,152",5871
102/07/26,"14,953,309","1,138,355,565",76.10,77.30,74.80,74.80,+0.60,"7,361",5871
102/07/29,"6,820,900","504,854,485",75.50,75.50,73.20,74.00,-0.80,"3,891",5871
102/07/30,"6,681,258","495,150,185",74.00,74.90,73.50,73.50,-0.50,"3,607",5871
102/07/31,"8,608,296","623,344,994",73.00,73.40,71.50,71.80,-1.70,"4,503",5871
102/08/01,"7,403,590","532,312,557",72.00,73.10,71.10,71.50,-0.30,"4,023",5871
102/08/02,"5,017,062","361,251,385",72.30,72.70,71.70,71.70,+0.20,"2,605",5871
102/08/05,"9,654,315","713,068,154",72.20,74.90,72.20,74.70,+3.00,"5,136",5871
102/08/06,"7,013,353","521,770,765",74.70,75.60,73.60,73.80,-0.90,"3,903",5871
102/08/07,"9,372,309","675,080,782",73.20,73.60,70.50,71.30,-2.50,"4,657",5871
102/08/08,"30,449,020","2,055,593,988",70.80,70.80,66.40,67.80,-3.50,"12,949",5871
102/08/09,"10,901,678","746,365,444",68.50,69.50,67.50,68.50,+0.70,"6,105",5871
102/08/12,"10,057,119","689,251,031",69.00,69.80,67.60,67.60,-0.90,"4,693",5871
102/08/13,"16,113,990","1,115,267,300",67.80,70.50,67.40,69.60,+2.00,"7,645",5871
102/08/14,"9,461,500","648,268,795",69.80,69.90,67.90,68.70,-0.90,"4,568",5871
102/08/15,"8,150,791","557,412,681",68.00,69.30,67.60,68.10,-0.60,"3,816",5871
102/08/16,"6,967,828","479,115,432",68.00,69.40,67.60,69.00,+0.90,"3,890",5871
102/08/19,"6,729,019","468,309,832",69.00,70.30,68.50,69.60,+0.60,"3,156",5871
102/08/20,"10,675,787","725,684,246",69.00,69.30,67.10,67.90,-1.70,"5,030",5871
102/08/22,"11,461,405","757,147,415",66.90,67.10,65.20,67.10,-0.80,"5,914",5871
102/08/23,"6,586,970","441,516,164",67.50,67.60,66.60,67.10, 0.00,"3,645",5871
102/08/26,"8,369,721","571,502,749",67.20,69.00,67.20,69.00,+1.90,"3,881",5871
102/08/27,"27,160,858","1,695,963,784",63.30,63.70,60.40,61.30,X0.00,"11,663",5871
102/08/28,"11,896,686","714,141,366",60.50,60.70,59.20,60.20,-1.10,"5,315",5871
102/08/29,"6,769,351","411,584,677",60.50,61.20,60.20,61.00,+0.80,"3,115",5871
102/08/30,"6,587,228","403,889,115",61.50,61.90,60.90,60.90,-0.10,"2,955",5871
102/09/02,"8,751,944","532,335,271",61.10,61.70,60.20,60.80,-0.10,"3,838",5871
102/09/03,"21,154,558","1,343,648,990",61.40,64.50,61.40,64.00,+3.20,"10,204",5871
102/09/04,"9,899,200","630,526,500",64.00,64.50,63.10,63.50,-0.50,"4,567",5871
102/09/05,"19,175,178","1,260,492,087",64.50,67.00,63.80,66.10,+2.60,"9,154",5871
102/09/06,"25,013,219","1,700,701,944",67.00,69.20,66.90,67.90,+1.80,"10,947",5871
102/09/09,"10,390,749","704,818,781",68.40,68.50,66.80,68.50,+0.60,"5,087",5871
102/09/10,"9,696,857","665,195,298",69.40,69.40,67.80,67.80,-0.70,"4,619",5871
102/09/11,"15,166,928","1,050,046,357",69.20,69.80,68.50,69.30,+1.50,"7,191",5871
102/09/12,"28,431,117","2,056,480,254",69.80,74.00,69.60,73.00,+3.70,"13,161",5871
102/09/13,"16,183,707","1,182,454,289",74.00,74.40,71.80,72.30,-0.70,"7,356",5871
102/09/14,"7,031,559","503,176,748",72.30,72.90,70.70,71.80,-0.50,"3,515",5871
102/09/16,"8,519,933","619,704,253",72.40,73.50,72.00,72.10,+0.30,"4,577",5871
102/09/17,"8,634,223","629,049,782",72.20,73.50,72.00,72.30,+0.20,"4,203",5871
102/09/18,"7,913,789","573,988,597",73.00,73.20,71.60,72.40,+0.10,"4,231",5871
102/09/23,"14,803,014","1,097,548,829",72.80,75.00,72.80,74.30,+1.90,"6,460",5871
102/09/24,"8,365,617","618,663,231",74.30,74.80,73.20,73.60,-0.70,"4,408",5871
102/09/25,"6,585,712","482,313,598",73.50,73.90,72.60,73.00,-0.60,"3,339",5871
102/09/26,"31,638,592","2,227,252,458",73.20,73.50,69.20,69.20,-3.80,"14,299",5871
102/09/27,"12,910,180","897,585,780",69.00,70.50,68.20,70.30,+1.10,"6,231",5871
102/09/30,"7,667,662","530,013,040",68.60,69.70,68.40,69.40,-0.90,"3,436",5871
102/10/01,"7,194,189","499,590,830",69.40,70.30,68.60,69.40, 0.00,"3,562",5871
102/10/02,"10,474,989","721,319,830",69.80,70.00,68.30,68.80,-0.60,"4,627",5871
102/10/03,"16,190,772","1,133,312,113",68.60,71.30,67.50,70.80,+2.00,"7,901",5871
102/10/04,"15,139,878","1,087,423,691",71.50,72.50,71.10,71.10,+0.30,"7,525",5871
102/10/07,"10,845,233","778,056,412",71.10,72.40,70.70,71.50,+0.40,"5,730",5871
102/10/08,"13,070,440","946,231,180",71.70,72.80,71.70,72.40,+0.90,"6,620",5871
102/10/09,"9,565,405","690,073,498",72.00,72.90,71.60,72.00,-0.40,"4,281",5871
102/10/11,"8,104,274","589,262,128",73.50,73.50,72.10,72.10,+0.10,"4,186",5871
102/10/14,"8,840,569","625,694,299",72.10,72.10,70.00,71.20,-0.90,"4,533",5871
102/10/15,"11,390,021","829,000,425",71.90,73.50,71.50,73.00,+1.80,"6,406",5871
102/10/16,"8,039,619","588,226,217",72.90,73.90,72.30,73.10,+0.10,"4,261",5871
102/10/17,"8,979,715","662,973,595",73.90,74.50,73.20,73.20,+0.10,"4,510",5871
102/10/18,"5,121,670","374,952,101",73.40,73.80,72.60,73.00,-0.20,"2,992",5871
102/10/21,"7,836,669","579,077,827",73.00,74.30,73.00,73.30,+0.30,"4,331",5871
102/10/22,"10,328,635","769,180,718",74.00,75.00,73.60,74.50,+1.20,"5,353",5871
102/10/23,"8,790,666","654,052,900",75.00,75.30,73.70,74.50, 0.00,"4,421",5871
102/10/24,"8,788,912","651,129,577",74.50,74.90,73.30,73.80,-0.70,"4,893",5871
102/10/25,"22,738,766","1,622,557,508",73.00,73.00,70.30,71.50,-2.30,"11,368",5871
102/10/28,"8,262,681","587,733,469",71.40,71.70,70.30,71.30,-0.20,"4,673",5871
102/10/29,"5,271,083","375,958,501",70.70,71.90,70.60,71.40,+0.10,"3,369",5871
102/10/30,"4,068,170","291,281,050",71.50,71.90,71.30,71.60,+0.20,"2,265",5871
102/10/31,"3,507,913","250,361,766",71.50,71.70,70.80,71.40,-0.20,"1,707",5871
102/11/01,"5,596,421","402,691,214",71.60,72.40,71.30,71.60,+0.20,"3,127",5871
102/11/04,"3,577,136","254,487,756",72.00,72.00,70.60,71.00,-0.60,"2,106",5871
102/11/05,"2,986,533","212,271,043",70.60,71.50,70.60,71.00, 0.00,"1,879",5871
102/11/06,"3,012,510","214,750,793",71.00,71.60,70.80,71.60,+0.60,"1,806",5871
102/11/07,"2,785,135","199,849,625",71.60,72.30,71.30,71.40,-0.20,"1,664",5871
102/11/08,"3,409,274","241,781,880",71.20,71.50,70.70,70.70,-0.70,"1,944",5871
102/11/11,"1,981,045","140,739,573",71.50,71.50,70.80,70.90,+0.20,"1,311",5871
102/11/12,"7,376,026","531,295,943",71.50,72.70,71.20,71.60,+0.70,"3,865",5871
102/11/13,"3,775,300","268,855,400",72.10,72.30,70.50,71.00,-0.60,"2,102",5871
102/11/14,"3,986,851","283,924,670",71.00,71.60,70.80,71.20,+0.20,"2,640",5871
102/11/15,"5,572,782","402,246,545",71.70,72.70,71.40,72.10,+0.90,"3,063",5871
102/11/18,"14,646,858","1,078,065,567",72.50,74.20,72.30,74.00,+1.90,"7,919",5871
102/11/19,"11,110,164","823,692,436",74.50,74.50,73.50,74.20,+0.20,"4,603",5871
102/11/20,"16,042,448","1,204,600,752",74.50,75.80,74.10,74.10,-0.10,"8,011",5871
102/11/21,"7,842,580","574,817,368",74.00,74.40,72.30,72.40,-1.70,"3,958",5871
102/11/22,"3,854,569","280,206,244",72.90,73.20,72.10,72.50,+0.10,"2,248",5871
102/11/25,"2,925,432","213,219,343",73.30,73.50,72.50,72.60,+0.10,"1,640",5871
102/11/26,"11,968,524","887,984,086",73.10,75.00,73.10,74.50,+1.90,"5,553",5871
102/11/27,"10,292,699","771,426,949",74.90,75.40,74.30,75.10,+0.60,"5,050",5871
102/11/28,"31,703,367","2,479,503,693",75.80,79.60,75.80,79.50,+4.40,"13,669",5871
102/11/29,"14,235,700","1,130,479,724",80.00,80.20,78.70,78.70,-0.80,"6,741",5871
102/12/02,"25,994,921","2,121,535,079",79.20,83.00,79.00,82.90,+4.20,"11,308",5871
102/12/03,"14,546,431","1,210,834,155",83.00,84.50,82.10,82.90, 0.00,"7,692",5871
102/12/04,"13,806,638","1,121,005,170",82.90,82.90,81.20,81.50,-1.40,"6,431",5871
102/12/05,"15,510,987","1,241,439,739",81.50,81.90,79.00,79.50,-2.00,"7,631",5871
102/12/06,"11,270,445","892,389,357",79.00,80.90,79.00,79.50, 0.00,"4,971",5871
102/12/09,"7,338,143","590,734,740",80.00,81.30,79.70,80.00,+0.50,"4,171",5871
102/12/10,"6,520,378","527,790,146",80.00,81.70,80.00,80.60,+0.60,"3,747",5871
102/12/11,"14,909,127","1,225,825,087",82.50,83.50,81.00,81.00,+0.40,"7,397",5871
102/12/12,"5,871,326","471,124,256",80.20,80.80,79.70,80.30,-0.70,"3,030",5871
102/12/13,"12,799,184","1,032,715,108",80.20,82.50,79.30,82.50,+2.20,"6,562",5871
102/12/16,"15,622,660","1,293,474,424",83.10,84.30,81.10,81.10,-1.40,"7,134",5871
102/12/17,"5,645,353","459,495,693",82.40,82.40,80.80,81.00,-0.10,"3,068",5871
102/12/18,"5,236,404","425,826,742",81.00,81.90,80.90,81.10,+0.10,"2,637",5871
102/12/19,"5,384,585","436,496,395",81.90,82.30,80.50,80.70,-0.40,"3,051",5871
102/12/20,"4,770,599","384,756,316",80.90,81.40,80.10,80.70, 0.00,"2,738",5871
102/12/23,"22,248,646","1,732,245,404",79.50,79.50,77.00,77.80,-2.90,"10,923",5871
102/12/24,"5,953,217","467,670,937",78.00,79.00,78.00,78.60,+0.80,"3,610",5871
102/12/25,"3,070,240","241,380,470",79.00,79.10,78.30,78.70,+0.10,"1,666",5871
102/12/26,"3,727,163","294,463,739",79.10,79.70,78.70,78.70, 0.00,"2,115",5871
102/12/27,"4,086,888","323,212,492",78.90,79.40,78.80,79.40,+0.70,"2,107",5871
102/12/30,"3,911,901","310,824,018",79.50,79.90,79.10,79.50,+0.10,"2,133",5871
102/12/31,"7,453,192","585,823,625",79.70,79.90,78.00,78.40,-1.10,"3,748",5871
103/01/02,"5,295,278","413,700,113",78.40,78.70,77.60,78.50,+0.10,"3,010",5871
103/01/03,"10,013,782","776,938,866",77.80,78.50,77.00,77.60,-0.90,"5,416",5871
103/01/06,"10,302,552","785,235,652",77.50,77.50,75.60,75.90,-1.70,"5,097",5871
103/01/07,"5,513,261","419,694,768",75.80,76.70,75.60,76.20,+0.30,"3,339",5871
103/01/08,"7,464,969","565,546,229",76.90,76.90,75.10,75.80,-0.40,"4,621",5871
103/01/09,"8,474,182","636,189,227",75.80,75.80,74.50,75.50,-0.30,"4,576",5871
103/01/10,"5,328,151","405,534,747",75.50,76.80,75.50,75.90,+0.40,"3,288",5871
103/01/13,"18,345,668","1,436,982,272",77.40,79.00,77.30,79.00,+3.10,"8,753",5871
103/01/14,"7,811,152","612,320,377",79.00,79.00,77.80,78.20,-0.80,"3,859",5871
103/01/15,"19,105,714","1,522,874,099",78.60,80.40,78.60,79.30,+1.10,"8,480",5871
103/01/16,"8,857,183","707,036,501",80.50,80.50,79.20,79.30, 0.00,"4,769",5871
103/01/17,"7,824,211","621,295,969",80.00,80.30,78.80,79.00,-0.30,"3,879",5871
103/01/20,"4,206,510","331,792,833",79.00,79.60,78.50,78.70,-0.30,"2,270",5871
103/01/21,"8,154,935","633,167,609",78.50,79.20,77.10,78.10,-0.60,"3,818",5871
103/01/22,"4,005,975","311,060,335",78.10,78.30,77.30,77.90,-0.20,"2,481",5871
103/01/23,"5,426,934","425,669,256",78.00,79.30,77.70,77.70,-0.20,"3,102",5871
103/01/24,"6,931,200","532,229,245",77.10,77.80,76.20,76.80,-0.90,"3,698",5871
103/01/27,"10,070,335","756,129,960",75.00,75.90,74.50,74.70,-2.10,"5,317",5871
103/02/05,"10,086,842","730,553,566",72.30,73.50,72.00,72.60,-2.10,"5,398",5871
103/02/06,"8,651,244","633,740,756",73.30,73.90,72.50,73.60,+1.00,"4,327",5871
103/02/07,"5,383,600","399,176,530",74.00,74.80,73.60,73.70,+0.10,"2,936",5871
103/02/10,"3,440,421","255,560,768",74.50,74.70,73.90,74.20,+0.50,"1,951",5871
103/02/11,"5,412,262","404,658,224",74.90,75.30,74.30,74.60,+0.40,"2,748",5871
103/02/12,"9,100,709","673,841,895",75.00,75.20,73.30,74.00,-0.60,"4,785",5871
103/02/13,"4,698,231","347,654,803",74.00,74.50,73.50,74.00, 0.00,"2,597",5871
103/02/14,"5,513,865","412,863,053",74.90,75.50,74.20,74.20,+0.20,"3,037",5871
103/02/17,"4,548,478","337,899,498",74.40,74.80,74.00,74.50,+0.30,"2,122",5871
103/02/18,"3,793,277","282,721,270",75.00,75.10,74.10,74.10,-0.40,"1,909",5871
103/02/19,"4,768,972","352,713,610",74.50,74.60,73.70,74.20,+0.10,"2,188",5871
103/02/20,"13,038,359","985,300,280",74.40,76.60,74.40,74.80,+0.60,"6,164",5871
103/02/21,"8,256,794","627,370,250",76.50,76.80,75.50,75.90,+1.10,"4,363",5871
103/02/24,"8,127,512","605,666,628",75.50,75.60,73.90,74.70,-1.20,"4,176",5871
103/02/25,"5,245,156","389,947,256",74.70,75.00,73.90,74.80,+0.10,"2,648",5871
103/02/26,"5,376,650","400,482,152",74.40,74.90,74.10,74.10,-0.70,"2,717",5871
103/02/27,"6,766,517","503,823,745",74.10,75.00,74.10,74.50,+0.40,"2,916",5871
103/03/03,"8,147,307","597,559,616",74.20,74.20,73.00,73.20,-1.30,"4,577",5871
103/03/04,"19,294,917","1,377,162,927",73.00,73.20,70.30,71.20,-2.00,"10,068",5871
103/03/05,"10,436,150","745,806,868",72.20,72.20,70.90,71.50,+0.30,"5,464",5871
103/03/06,"7,839,025","567,884,604",71.80,72.90,71.70,72.80,+1.30,"4,818",5871
103/03/07,"6,490,240","470,539,494",73.20,73.40,71.70,71.90,-0.90,"3,911",5871
103/03/10,"6,690,849","477,283,628",72.00,72.50,70.90,71.30,-0.60,"3,514",5871
103/03/11,"7,698,908","547,382,215",71.50,71.80,70.70,71.20,-0.10,"4,468",5871
103/03/12,"5,122,916","363,387,411",71.20,71.50,70.70,70.90,-0.30,"2,719",5871
103/03/13,"6,475,429","467,069,447",71.20,72.70,71.10,72.40,+1.50,"3,897",5871
103/03/14,"2,710,250","194,919,300",72.10,72.20,71.50,72.00,-0.40,"1,651",5871
103/03/17,"4,384,770","317,243,350",72.40,73.00,71.70,72.30,+0.30,"2,535",5871
103/03/18,"5,464,950","398,364,954",73.00,73.20,72.70,72.80,+0.50,"2,919",5871
103/03/19,"8,040,106","585,601,214",73.20,73.70,71.70,72.90,+0.10,"4,753",5871
103/03/20,"4,583,074","329,943,407",72.60,72.60,71.60,71.60,-1.30,"2,546",5871
103/03/21,"3,059,409","218,911,875",71.80,72.20,71.20,71.50,-0.10,"1,591",5871
103/03/24,"3,466,169","248,653,310",71.30,72.40,70.80,72.30,+0.80,"2,048",5871
103/03/25,"2,849,680","207,162,790",72.50,73.10,72.40,72.50,+0.20,"1,618",5871
103/03/26,"2,583,180","187,698,648",73.20,73.20,72.40,72.50, 0.00,"1,619",5871
103/03/27,"2,332,660","168,512,775",72.40,72.80,71.90,72.70,+0.20,"1,458",5871
103/03/28,"5,895,400","430,650,698",73.00,73.80,72.10,72.30,-0.40,"3,107",5871
103/03/31,"3,312,320","240,709,076",72.50,73.10,72.10,73.10,+0.80,"1,803",5871
103/04/01,"3,143,622","229,441,351",73.50,73.50,72.60,72.60,-0.50,"1,832",5871
103/04/02,"3,710,769","271,134,237",72.90,73.40,72.80,73.00,+0.40,"2,133",5871
103/04/03,"8,585,562","635,493,587",73.20,74.80,73.00,74.20,+1.20,"4,794",5871
103/04/07,"5,099,095","378,264,188",73.60,74.70,73.60,74.70,+0.50,"3,012",5871
103/04/08,"3,704,564","274,773,740",74.70,74.90,73.80,74.20,-0.50,"2,046",5871
103/04/09,"3,692,900","273,549,910",74.30,74.70,73.80,73.80,-0.40,"1,756",5871
103/04/10,"4,458,060","331,050,848",74.10,74.70,73.80,74.40,+0.60,"2,465",5871
103/04/11,"8,111,498","606,712,650",74.40,75.50,73.90,75.00,+0.60,"4,093",5871
103/04/14,"13,829,826","1,049,940,171",75.50,76.60,74.80,74.80,-0.20,"6,674",5871
103/04/15,"5,271,257","394,100,861",75.20,75.40,74.20,74.20,-0.60,"3,037",5871
103/04/16,"6,451,309","475,990,535",74.50,74.70,73.30,73.80,-0.40,"3,692",5871
103/04/17,"4,920,283","365,024,742",74.00,74.60,73.60,74.30,+0.50,"2,395",5871
103/04/18,"3,672,820","273,806,084",74.90,74.90,74.30,74.60,+0.30,"1,919",5871
103/04/21,"5,466,218","410,098,915",74.70,75.60,74.30,74.30,-0.30,"2,622",5871
103/04/22,"6,012,460","450,441,100",74.60,75.20,74.50,75.00,+0.70,"2,812",5871
103/04/23,"5,376,538","403,474,850",75.50,75.60,74.70,75.00, 0.00,"2,570",5871
103/04/24,"5,170,240","384,523,771",75.10,75.20,73.80,74.60,-0.40,"2,628",5871
103/04/25,"9,442,242","689,873,036",75.00,75.00,71.50,72.40,-2.20,"4,447",5871
103/04/28,"6,170,750","442,859,715",71.20,72.20,71.20,72.10,-0.30,"3,241",5871
103/04/29,"3,422,525","248,160,806",72.10,73.00,72.00,72.50,+0.40,"1,787",5871
103/04/30,"3,047,661","219,566,092",73.00,73.00,71.70,71.70,-0.80,"1,633",5871
103/05/02,"2,019,471","145,735,846",71.80,72.40,71.80,72.10,+0.40,"1,032",5871
103/05/05,"3,241,234","236,413,352",72.80,73.50,72.60,72.60,+0.50,"1,804",5871
103/05/06,"2,906,956","211,637,688",72.60,73.40,72.20,72.70,+0.10,"1,625",5871
103/05/07,"2,369,124","172,805,591",72.70,73.20,72.50,72.60,-0.10,"1,487",5871
103/05/08,"2,424,497","175,987,024",72.70,73.20,72.30,72.50,-0.10,"1,671",5871
103/05/09,"5,957,084","426,825,848",72.50,72.70,71.10,71.90,-0.60,"3,320",5871
103/05/12,"8,754,895","624,421,289",72.50,72.80,70.70,71.40,-0.50,"4,130",5871
103/05/13,"6,627,650","470,957,008",71.50,71.70,70.70,70.80,-0.60,"2,878",5871
103/05/14,"2,818,163","201,183,377",70.60,71.80,70.60,71.60,+0.80,"1,389",5871
103/05/15,"7,724,418","562,305,188",71.50,73.90,71.50,73.20,+1.60,"4,049",5871
103/05/16,"3,868,300","282,244,309",73.00,73.50,72.20,73.40,+0.20,"2,145",5871
103/05/19,"2,378,485","173,421,503",73.70,73.70,72.60,72.90,-0.50,"1,235",5871
103/05/20,"3,241,700","234,374,532",73.00,73.00,71.80,71.90,-1.00,"2,051",5871
103/05/21,"3,336,470","239,734,437",71.60,72.50,71.00,71.80,-0.10,"1,748",5871
103/05/22,"2,440,833","176,488,176",72.20,72.60,71.90,72.30,+0.50,"1,490",5871
103/05/23,"3,491,443","253,387,065",71.80,72.80,71.80,72.70,+0.40,"1,767",5871
103/05/26,"4,118,861","301,712,701",72.70,73.50,72.70,73.30,+0.60,"2,013",5871
103/05/27,"4,706,746","342,469,422",73.60,73.70,72.30,72.80,-0.50,"2,308",5871
103/05/28,"9,789,735","724,499,221",73.40,75.10,72.90,74.90,+2.10,"4,764",5871
103/05/29,"5,450,125","407,195,403",75.10,75.40,74.00,74.60,-0.30,"2,905",5871
103/05/30,"8,051,101","603,400,233",74.70,75.30,74.00,75.30,+0.70,"2,476",5871
103/06/03,"3,070,914","229,125,090",75.30,75.30,74.20,74.40,-0.90,"1,667",5871
103/06/04,"2,923,285","216,031,271",74.80,74.80,73.60,73.60,-0.80,"1,650",5871
103/06/05,"3,269,134","240,056,952",73.80,74.00,73.20,73.70,+0.10,"1,911",5871
103/06/06,"2,080,907","153,268,162",74.30,74.30,73.30,73.40,-0.30,"1,262",5871
103/06/09,"3,160,657","234,346,812",73.50,74.70,73.50,73.90,+0.50,"1,726",5871
103/06/10,"2,024,734","150,186,852",73.90,74.40,73.90,74.30,+0.40,"1,128",5871
103/06/11,"11,825,517","892,390,066",74.60,76.00,74.30,75.70,+1.40,"5,447",5871
103/06/12,"9,753,817","743,734,990",76.00,76.80,76.00,76.00,+0.30,"4,179",5871
103/06/13,"5,573,010","421,775,039",75.90,76.50,75.20,76.30,+0.30,"2,550",5871
103/06/16,"2,705,563","205,627,363",76.30,76.50,75.70,75.90,-0.40,"1,545",5871
103/06/17,"2,260,939","171,377,291",75.90,76.30,75.30,75.30,-0.60,"1,252",5871
103/06/18,"5,452,399","406,877,220",75.50,75.70,73.80,74.50,-0.80,"2,803",5871
103/06/19,"1,975,289","148,340,597",75.00,75.40,74.80,75.40,+0.90,"1,046",5871
103/06/20,"1,913,610","143,751,450",75.40,75.80,74.80,75.00,-0.40,988,5871
103/06/23,"5,306,804","393,534,196",75.00,75.10,73.50,73.80,-1.20,"2,330",5871
103/06/24,"3,076,619","226,817,053",73.80,74.30,73.40,73.40,-0.40,"1,764",5871
103/06/25,"3,438,630","253,030,395",74.50,74.50,73.30,73.40, 0.00,"1,828",5871
103/06/26,"3,219,763","239,307,241",74.30,74.50,74.00,74.50,+1.10,"1,858",5871
103/06/27,"2,943,791","220,760,541",75.00,75.30,74.70,75.00,+0.50,"2,045",5871
103/06/30,"2,722,001","203,905,275",75.10,75.30,74.50,75.10,+0.10,"1,459",5871
103/07/01,"4,961,357","369,274,593",75.40,75.40,73.90,74.70,-0.40,"2,699",5871
103/07/02,"3,308,166","246,292,484",74.10,75.00,74.10,74.20,-0.50,"2,001",5871
103/07/03,"2,967,392","221,828,653",74.50,75.00,74.30,75.00,+0.80,"1,683",5871
103/07/04,"2,774,434","208,347,155",75.40,75.60,74.70,74.90,-0.10,"1,650",5871
103/07/07,"2,403,344","180,277,554",75.40,75.40,74.70,75.10,+0.20,"1,464",5871
103/07/08,"2,032,069","152,403,558",75.30,75.40,74.60,75.00,-0.10,"1,241",5871
103/07/09,"1,808,395","135,419,592",75.00,75.30,74.70,74.80,-0.20,"1,057",5871
103/07/10,"3,987,374","299,719,050",74.90,75.50,74.80,75.50,+0.70,"2,257",5871
103/07/11,"3,688,700","276,619,210",75.80,75.80,74.50,74.60,-0.90,"1,707",5871
103/07/14,"10,671,418","817,148,599",74.70,77.20,74.70,76.70,+2.10,"5,033",5871
103/07/15,"8,447,998","651,704,946",77.30,77.50,76.60,77.20,+0.50,"3,475",5871
103/07/16,"6,047,842","462,605,434",77.20,77.40,76.00,76.30,-0.90,"2,502",5871
103/07/17,"18,004,914","1,412,335,727",76.80,79.30,76.60,79.00,+2.70,"7,815",5871
103/07/18,"11,796,518","934,841,144",79.00,79.70,78.20,79.00, 0.00,"5,875",5871
103/07/21,"6,373,571","504,459,409",79.50,79.90,78.70,79.10,+0.10,"3,120",5871
103/07/22,"6,246,799","494,181,421",79.00,79.50,78.80,79.10, 0.00,"2,977",5871
103/07/24,"11,930,568","954,012,566",79.10,80.50,79.10,80.40,+1.30,"5,560",5871
103/07/25,"24,000,925","1,950,307,656",80.70,82.50,80.00,81.20,+0.80,"9,136",5871
103/07/28,"30,928,250","2,330,227,850",73.20,77.00,73.10,77.00,X0.00,"12,015",5871
103/07/29,"32,410,910","2,554,641,129",78.50,79.70,77.70,78.10,+1.10,"14,747",5871
103/07/30,"15,236,565","1,205,903,760",78.50,79.90,78.10,78.70,+0.60,"7,856",5871
103/07/31,"16,097,105","1,279,017,301",79.10,80.10,77.80,79.30,+0.60,"8,587",5871
103/08/01,"12,302,254","974,033,959",78.30,80.40,77.80,78.20,-1.10,"5,907",5871
103/08/04,"5,775,442","453,472,698",79.80,79.80,77.80,78.30,+0.10,"3,003",5871
103/08/05,"6,930,108","543,082,791",78.40,79.40,77.60,77.80,-0.50,"3,877",5871
103/08/06,"11,423,283","875,132,648",78.30,78.30,75.30,78.30,+0.50,"5,558",5871
103/08/07,"10,607,465","843,177,910",78.80,80.30,78.60,79.20,+0.90,"5,473",5871
103/08/08,"6,608,933","517,953,207",79.50,79.50,77.30,79.00,-0.20,"3,926",5871
103/08/11,"5,592,863","440,641,201",79.60,79.60,78.40,78.60,-0.40,"2,882",5871
103/08/12,"8,901,085","705,855,498",79.30,80.40,78.50,78.60, 0.00,"4,474",5871
103/08/13,"6,714,529","533,344,087",79.70,80.00,78.80,79.10,+0.50,"3,447",5871
103/08/14,"4,872,909","385,344,885",79.90,79.90,78.40,79.20,+0.10,"2,836",5871
103/08/15,"3,566,687","278,917,255",79.30,79.40,77.50,78.10,-1.10,"2,067",5871
103/08/18,"4,776,437","369,377,362",78.50,78.60,76.60,76.80,-1.30,"2,420",5871
103/08/19,"3,266,796","253,154,388",77.00,78.00,76.70,77.90,+1.10,"1,908",5871
103/08/20,"4,400,399","346,712,245",78.40,79.10,78.00,79.10,+1.20,"2,917",5871
103/08/21,"4,609,813","365,273,266",79.50,79.50,78.60,79.30,+0.20,"2,622",5871
103/08/22,"5,845,789","464,987,340",79.30,79.90,78.90,79.30, 0.00,"3,033",5871
103/08/25,"2,942,464","233,692,985",79.30,79.80,79.10,79.50,+0.20,"1,544",5871
103/08/26,"6,052,251","483,761,332",79.80,80.30,79.50,79.90,+0.40,"2,774",5871
103/08/27,"7,431,086","601,126,005",80.00,81.50,79.90,80.50,+0.60,"3,581",5871
103/08/28,"2,609,353","210,416,247",81.20,81.20,80.20,80.90,+0.40,"1,595",5871
103/08/29,"2,424,470","195,380,270",80.90,81.00,80.30,80.80,-0.10,"1,248",5871
103/09/01,"6,147,045","490,966,749",80.20,81.10,79.30,79.60,-1.20,"3,909",5871
103/09/02,"5,354,925","419,616,800",79.60,79.60,77.50,78.30,-1.30,"3,303",5871
103/09/03,"2,585,686","203,134,105",78.30,79.10,77.90,78.50,+0.20,"1,825",5871
103/09/04,"2,158,976","169,764,696",78.50,79.10,78.10,78.70,+0.20,"1,417",5871
103/09/05,"1,481,813","116,742,313",78.70,79.10,78.20,79.10,+0.40,"1,181",5871
103/09/09,"4,332,692","344,899,321",79.30,80.30,78.90,80.20,+1.10,"2,513",5871
103/09/10,"3,771,049","298,835,171",79.60,80.10,78.80,79.00,-1.20,"2,378",5871
103/09/11,"2,654,155","208,383,303",79.00,79.10,78.10,78.30,-0.70,"1,686",5871
103/09/12,"2,645,719","206,345,682",78.80,78.80,77.80,78.00,-0.30,"1,530",5871
103/09/15,"2,452,117","190,836,284",77.80,78.10,77.60,77.90,-0.10,"1,476",5871
103/09/16,"2,668,111","206,557,042",78.00,78.00,77.00,77.20,-0.70,"1,693",5871
103/09/17,"6,044,109","465,969,688",77.80,77.80,76.80,77.20, 0.00,"3,182",5871
103/09/18,"3,572,915","277,198,870",77.70,78.00,77.30,78.00,+0.80,"2,027",5871
103/09/19,"5,410,696","430,195,084",79.20,80.30,78.90,79.20,+1.20,"2,844",5871
103/09/22,"2,082,795","163,893,995",79.20,79.20,78.30,78.90,-0.30,"1,513",5871
103/09/23,"2,369,867","186,232,466",78.90,79.20,78.10,78.40,-0.50,"1,527",5871
103/09/24,"1,983,290","155,034,620",78.30,78.80,77.90,78.00,-0.40,"1,377",5871
103/09/25,"19,820,951","1,468,770,110",78.60,78.70,72.60,75.10,-2.90,"9,506",5871
103/09/26,"6,084,886","458,316,154",75.00,76.00,74.40,75.60,+0.50,"3,663",5871
103/09/29,"4,832,550","361,026,268",75.70,75.70,74.10,74.80,-0.80,"2,436",5871
103/09/30,"9,370,361","684,554,414",74.10,74.30,72.10,73.90,-0.90,"5,427",5871
103/10/01,"3,350,779","249,529,210",73.60,75.00,73.10,74.90,+1.00,"1,939",5871
103/10/02,"2,684,440","199,404,569",74.00,74.90,73.50,74.50,-0.40,"1,816",5871
103/10/03,"4,149,970","308,080,850",74.60,75.10,73.70,74.80,+0.30,"2,119",5871
103/10/06,"2,301,899","170,822,553",74.80,74.80,73.90,74.50,-0.30,"1,515",5871
103/10/07,"1,265,657","93,999,335",74.50,74.50,73.90,74.40,-0.10,893,5871
103/10/08,"2,662,466","196,572,522",74.00,74.30,73.50,73.80,-0.60,"1,389",5871
103/10/09,"4,680,320","344,868,527",74.40,74.40,73.10,73.90,+0.10,"1,578",5871
103/10/13,"4,746,799","345,642,426",73.40,73.40,72.50,73.00,-0.90,"2,962",5871
103/10/14,"3,336,400","243,530,924",73.00,73.50,72.30,73.50,+0.50,"1,924",5871
103/10/15,"3,154,898","229,658,354",73.50,73.50,72.40,73.00,-0.50,"1,644",5871
103/10/16,"6,593,196","470,698,169",72.00,72.30,70.40,72.30,-0.70,"3,276",5871
103/10/17,"3,361,039","239,498,569",72.30,72.30,70.60,71.00,-1.30,"1,841",5871
103/10/20,"3,270,447","234,232,601",71.90,72.10,71.10,72.10,+1.10,"2,131",5871
103/10/21,"2,658,493","189,515,837",72.10,72.10,71.00,71.50,-0.60,"1,587",5871
103/10/22,"3,358,710","242,653,079",72.20,72.80,71.50,72.80,+1.30,"1,773",5871
103/10/23,"3,289,806","238,324,938",72.80,73.30,71.50,73.00,+0.20,"2,018",5871
103/10/24,"2,711,217","195,920,583",72.90,73.00,71.50,72.30,-0.70,"1,656",5871
103/10/27,"3,138,630","225,908,860",72.90,73.00,71.10,72.00,-0.30,"1,831",5871
103/10/28,"2,117,462","153,889,616",72.50,73.00,72.20,72.80,+0.80,"1,362",5871
103/10/29,"4,602,025","341,459,343",73.20,75.10,73.00,74.50,+1.70,"2,536",5871
103/10/30,"1,922,305","142,742,816",74.50,74.80,73.80,74.30,-0.20,"1,195",5871
103/10/31,"2,381,254","178,213,376",74.70,75.00,74.50,75.00,+0.70,"1,368",5871
103/11/03,"3,906,400","295,098,493",75.00,76.00,74.90,75.70,+0.70,"2,193",5871
103/11/04,"1,859,987","140,596,706",76.10,76.10,75.10,75.70, 0.00,"1,286",5871
103/11/05,"1,276,857","95,920,575",75.80,76.00,74.80,75.20,-0.50,807,5871
103/11/06,"1,455,480","109,445,348",74.90,75.50,74.90,74.90,-0.30,920,5871
103/11/07,"1,288,200","96,304,807",75.20,75.20,74.50,74.60,-0.30,666,5871
103/11/10,"3,362,929","254,572,328",74.80,76.00,74.80,76.00,+1.40,"1,905",5871
103/11/11,"2,215,963","167,337,802",75.60,75.80,75.20,75.40,-0.60,"1,144",5871
103/11/12,"3,250,964","246,317,583",76.00,76.20,75.30,75.30,-0.10,"1,662",5871
103/11/13,"1,943,590","147,191,767",75.90,76.10,75.20,75.20,-0.10,"1,354",5871
103/11/14,"2,288,271","172,691,680",75.20,76.00,74.90,74.90,-0.30,"1,168",5871
103/11/17,"3,444,444","254,968,907",75.00,75.40,73.60,73.70,-1.20,"2,174",5871
103/11/18,"2,712,525","201,796,407",74.30,74.90,73.80,74.90,+1.20,"1,493",5871
103/11/19,"3,740,266","281,998,986",75.00,75.60,74.60,75.60,+0.70,"2,103",5871
103/11/20,"2,858,182","216,758,646",75.40,76.00,75.10,76.00,+0.40,"1,613",5871
103/11/21,"3,583,934","273,091,560",76.00,76.50,75.80,76.50,+0.50,"1,887",5871
103/11/24,"14,677,920","1,164,554,988",77.30,80.30,77.30,79.90,+3.40,"6,374",5871
103/11/25,"12,746,673","1,016,957,167",79.90,80.10,79.00,79.50,-0.40,"5,305",5871
103/11/26,"8,759,098","704,860,694",80.10,81.40,79.40,79.40,-0.10,"3,852",5871
103/11/27,"3,947,020","313,005,754",79.50,79.90,78.80,79.50,+0.10,"2,084",5871
103/11/28,"3,358,474","266,079,846",79.50,79.50,78.80,79.50, 0.00,"1,890",5871
103/12/01,"5,855,471","460,778,679",78.00,79.90,77.80,79.70,+0.20,"2,997",5871
103/12/02,"3,930,679","309,049,195",79.70,79.70,78.30,78.60,-1.10,"2,163",5871
103/12/03,"8,662,148","695,617,864",79.10,81.00,78.70,80.00,+1.40,"4,578",5871
103/12/04,"2,452,120","196,308,677",80.50,80.90,79.50,79.50,-0.50,"1,354",5871
103/12/05,"3,575,792","286,718,260",79.80,80.60,79.60,80.40,+0.90,"1,887",5871
103/12/08,"3,360,300","269,464,000",80.40,80.90,79.90,80.40, 0.00,"1,674",5871
103/12/09,"2,385,975","189,650,994",80.30,80.30,78.80,79.40,-1.00,"1,355",5871
103/12/10,"3,152,035","249,599,507",79.40,79.60,78.80,79.50,+0.10,"1,384",5871
103/12/11,"2,719,267","215,992,304",78.90,80.20,78.50,79.30,-0.20,"1,715",5871
103/12/12,"2,949,216","233,107,840",79.90,79.90,78.30,78.50,-0.80,"1,896",5871
103/12/15,"3,380,747","262,396,871",77.90,78.00,77.20,77.90,-0.60,"2,153",5871
103/12/16,"3,390,219","261,474,322",77.30,77.50,76.90,76.90,-1.00,"1,972",5871
103/12/17,"4,691,278","362,650,874",76.90,78.10,76.70,77.40,+0.50,"2,400",5871
103/12/18,"3,417,705","266,458,331",77.90,78.50,77.50,77.70,+0.30,"1,745",5871
103/12/19,"1,963,320","153,143,293",78.00,78.50,77.60,77.70, 0.00,"1,219",5871
103/12/22,"1,960,080","153,143,370",77.20,78.60,77.20,78.50,+0.80,"1,041",5871
103/12/23,"1,740,020","135,966,636",78.80,78.80,77.70,77.70,-0.80,"1,169",5871
103/12/24,"2,863,435","222,085,641",78.20,78.20,77.20,77.90,+0.20,"1,572",5871
103/12/25,"1,594,051","123,691,156",77.90,78.10,77.20,78.00,+0.10,"1,094",5871
103/12/26,"1,561,208","121,646,468",78.30,78.40,77.50,77.80,-0.20,"1,069",5871
103/12/27,"1,954,155","152,259,860",78.10,78.50,77.40,78.50,+0.70,"1,001",5871
103/12/29,"3,295,611","257,265,158",78.00,78.60,77.70,78.00,-0.50,"2,286",5871
103/12/30,"1,915,030","149,572,131",78.00,78.50,77.80,78.30,+0.30,"1,282",5871
103/12/31,"1,622,582","127,530,083",77.90,78.80,77.90,78.80,+0.50,"1,048",5871
104/01/05,"1,891,217","147,548,726",78.50,78.50,77.60,78.00,-0.80,"1,403",5871
104/01/06,"4,999,880","384,422,660",77.40,77.40,76.50,77.00,-1.00,"2,575",5871
104/01/07,"3,387,119","259,108,929",76.60,76.90,76.20,76.60,-0.40,"2,206",5871
104/01/08,"2,730,619","210,225,673",76.90,77.50,76.60,77.50,+0.90,"1,613",5871
104/01/09,"2,219,316","171,296,385",77.70,77.80,76.80,77.60,+0.10,"1,565",5871
104/01/12,"1,943,686","149,245,022",77.20,77.30,76.60,76.60,-1.00,"1,201",5871
104/01/13,"6,464,313","488,141,570",76.30,76.40,75.10,75.90,-0.70,"3,461",5871
104/01/14,"3,499,467","262,363,825",75.50,75.70,74.80,74.80,-1.10,"2,369",5871
104/01/15,"4,565,265","338,359,427",74.80,74.80,73.80,73.80,-1.00,"2,934",5871
104/01/16,"4,150,301","309,606,238",73.80,75.20,73.80,74.60,+0.80,"2,758",5871
104/01/19,"4,093,322","303,924,212",74.90,75.30,73.30,74.50,-0.10,"2,143",5871
104/01/20,"1,895,624","141,805,300",74.30,75.20,74.10,75.00,+0.50,"1,259",5871
104/01/21,"2,033,647","153,059,301",75.30,75.60,74.90,75.60,+0.60,"1,355",5871
104/01/22,"3,348,620","255,541,320",75.70,76.90,75.40,76.40,+0.80,"2,047",5871
104/01/23,"3,494,518","267,110,224",76.90,76.90,75.90,76.70,+0.30,"1,739",5871
104/01/26,"2,398,520","182,937,674",76.90,76.90,75.90,76.60,-0.10,"1,220",5871
104/01/27,"3,604,753","276,388,190",76.60,77.10,76.20,76.60, 0.00,"1,929",5871
104/01/28,"2,274,150","173,173,200",76.10,76.50,75.80,76.10,-0.50,"1,053",5871
104/01/29,"3,451,417","262,466,523",75.90,76.90,75.30,75.60,-0.50,"1,646",5871
104/01/30,"3,328,320","250,463,559",75.30,75.90,74.70,74.70,-0.90,"1,865",5871
104/02/02,"2,055,278","154,068,650",74.80,75.50,74.70,74.80,+0.10,"1,188",5871
104/02/03,"3,252,054","246,676,692",74.80,76.40,74.80,75.90,+1.10,"1,975",5871
104/02/04,"2,820,147","214,558,440",76.40,76.60,75.50,75.90, 0.00,"1,588",5871
104/02/05,"1,894,726","144,263,009",76.20,76.50,75.70,76.30,+0.40,"1,264",5871
104/02/06,"2,335,480","177,174,562",76.10,76.50,75.50,75.60,-0.70,"1,494",5871
104/02/09,"1,949,100","147,028,337",75.60,76.30,75.00,75.20,-0.40,"1,102",5871
104/02/10,"2,194,388","166,418,338",75.20,76.10,75.10,75.90,+0.70,"1,502",5871
104/02/11,"2,378,809","180,504,443",75.80,76.50,75.30,75.70,-0.20,"1,279",5871
104/02/12,"1,897,130","142,916,101",75.50,76.10,75.10,75.30,-0.40,"1,268",5871
104/02/13,"1,713,668","129,709,632",75.30,76.00,75.30,75.70,+0.40,"1,017",5871
104/02/24,"3,138,127","239,455,507",76.10,76.50,76.00,76.50,+0.80,"1,962",5871
104/02/25,"2,134,509","163,042,320",76.60,76.70,76.10,76.50, 0.00,"1,388",5871
104/02/26,"1,922,832","146,768,548",76.60,76.60,76.10,76.40,-0.10,"1,275",5871
104/03/02,"4,694,969","360,703,101",76.60,77.70,76.20,77.00,+0.60,"2,827",5871
104/03/03,"4,066,747","313,571,419",77.50,77.70,76.80,77.00, 0.00,"2,552",5871
104/03/04,"1,968,535","151,309,180",77.00,77.10,76.60,76.80,-0.20,"1,242",5871
104/03/05,"3,500,576","269,429,686",77.00,77.20,76.50,77.10,+0.30,"1,694",5871
104/03/06,"4,062,046","313,711,945",77.10,77.60,76.60,77.40,+0.30,"1,874",5871
104/03/09,"4,016,370","310,421,335",77.20,77.50,76.70,77.40, 0.00,"1,136",5871
104/03/10,"5,439,903","423,463,362",77.60,78.50,77.00,78.00,+0.60,"2,608",5871
104/03/11,"4,123,780","321,349,217",77.00,78.20,77.00,78.00, 0.00,"2,088",5871
104/03/12,"2,087,600","163,017,026",78.00,78.30,77.90,78.00, 0.00,"1,187",5871
104/03/13,"2,880,319","225,378,982",78.00,78.40,78.00,78.30,+0.30,"1,395",5871
104/03/16,"2,166,052","169,724,154",78.10,78.50,78.10,78.40,+0.10,"1,383",5871
104/03/17,"3,302,650","259,393,420",78.50,79.00,78.10,78.60,+0.20,"1,883",5871
104/03/18,"5,252,993","413,665,046",78.60,78.90,78.40,78.90,+0.30,"2,042",5871
104/03/19,"5,748,834","457,468,182",79.00,80.40,78.80,80.00,+1.10,"2,884",5871
104/03/20,"5,821,505","467,128,700",80.00,80.50,79.80,80.50,+0.50,"3,208",5871
104/03/23,"6,949,044","565,249,928",80.90,81.70,80.90,81.50,+1.00,"3,254",5871
104/03/24,"3,886,678","315,618,551",81.50,81.90,80.80,81.50, 0.00,"2,260",5871
104/03/25,"2,434,497","197,550,541",81.80,81.80,80.80,81.30,-0.20,"1,355",5871
104/03/26,"3,645,143","291,840,840",80.50,80.90,79.60,80.30,-1.00,"2,518",5871
104/03/27,"6,941,834","542,416,695",80.00,80.00,77.50,77.50,-2.80,"3,694",5871
104/03/30,"4,147,394","322,105,340",77.80,78.20,76.90,78.00,+0.50,"2,730",5871
104/03/31,"3,300,774","257,166,172",78.00,78.20,77.60,78.00, 0.00,"1,841",5871
104/04/01,"2,886,381","225,225,718",78.00,78.60,77.80,77.90,-0.10,"1,642",5871
104/04/02,"4,358,471","342,133,215",78.00,79.00,78.00,79.00,+1.10,"2,149",5871
104/04/07,"1,606,293","126,776,372",79.00,79.30,78.60,79.20,+0.20,"1,153",5871
104/04/08,"3,593,080","283,109,286",79.30,79.30,78.30,78.80,-0.40,"1,999",5871
104/04/09,"4,230,362","337,605,667",79.20,80.40,78.80,79.80,+1.00,"2,561",5871
104/04/10,"1,842,700","146,401,826",80.20,80.20,79.10,79.60,-0.20,"1,153",5871
104/04/13,"3,027,000","239,252,387",79.20,79.60,78.60,79.50,-0.10,"1,921",5871
104/04/14,"1,954,314","154,372,840",79.40,79.60,78.60,79.00,-0.50,"1,430",5871
104/04/15,"2,211,740","172,783,978",78.90,79.40,77.60,78.00,-1.00,"1,602",5871
104/04/16,"1,702,453","133,742,752",77.60,78.90,77.60,78.90,+0.90,"1,130",5871
104/04/17,"1,489,922","116,614,257",78.50,78.90,77.90,78.60,-0.30,912,5871
104/04/20,"1,290,960","100,866,080",78.40,78.50,78.00,78.00,-0.60,860,5871
104/04/21,"2,940,318","229,123,304",78.80,78.80,77.50,78.00, 0.00,"1,490",5871
104/04/22,"2,612,524","203,742,772",78.10,78.50,77.60,78.40,+0.40,"2,004",5871
104/04/23,"10,549,820","845,835,000",78.80,81.20,78.40,80.80,+2.40,"5,327",5871
104/04/24,"5,384,744","434,746,482",80.80,81.50,79.70,80.90,+0.10,"3,672",5871
104/04/27,"25,130,718","2,116,285,225",81.20,86.40,81.20,86.00,+5.10,"11,733",5871
104/04/28,"11,142,201","954,014,851",86.00,86.90,84.60,84.90,-1.10,"6,098",5871
104/04/29,"7,338,568","622,403,078",85.30,86.00,83.20,85.00,+0.10,"4,442",5871
104/04/30,"5,086,036","429,163,624",85.00,85.10,83.70,84.10,-0.90,"3,228",5871
104/05/04,"4,651,285","385,593,497",84.10,84.10,82.40,82.50,-1.60,"2,746",5871
104/05/05,"4,379,122","364,389,585",83.30,83.80,82.60,82.90,+0.40,"2,449",5871
104/05/06,"3,520,345","291,528,289",82.50,83.20,82.30,83.00,+0.10,"2,085",5871
104/05/07,"4,542,170","371,663,985",83.00,83.00,81.20,81.20,-1.80,"2,843",5871
104/05/08,"4,552,735","372,398,158",82.20,82.40,81.30,81.60,+0.40,"2,339",5871
104/05/11,"7,253,554","603,556,363",82.90,84.50,81.90,83.20,+1.60,"4,433",5871
104/05/12,"4,073,887","337,144,660",83.00,83.30,82.20,82.50,-0.70,"2,708",5871
104/05/13,"6,086,487","502,688,414",82.90,84.00,81.70,81.80,-0.70,"3,540",5871
104/05/14,"14,063,539","1,109,211,181",81.40,81.40,77.50,78.40,-3.40,"7,266",5871
104/05/15,"4,579,368","358,603,387",78.40,79.10,77.80,78.00,-0.40,"2,628",5871
104/05/18,"5,198,085","401,125,630",78.00,78.00,76.50,77.40,-0.60,"2,931",5871
104/05/19,"3,366,588","265,829,699",77.80,79.30,77.80,78.90,+1.50,"2,153",5871
104/05/20,"4,472,403","354,571,537",79.00,80.30,78.40,78.70,-0.20,"3,103",5871
104/05/21,"2,758,911","214,775,940",78.20,78.20,77.60,77.70,-1.00,"2,100",5871
104/05/22,"1,648,631","128,462,744",77.90,78.40,77.70,77.90,+0.20,"1,292",5871
104/05/25,"2,667,792","207,134,491",78.00,78.30,77.30,77.50,-0.40,"1,683",5871
104/05/26,"3,738,586","290,137,408",78.20,78.60,77.20,77.60,+0.10,"2,410",5871
104/05/27,"3,198,359","249,120,502",77.70,78.30,77.40,78.00,+0.40,"1,890",5871
104/05/28,"3,713,157","288,769,146",78.10,78.30,77.50,77.60,-0.40,"2,370",5871
104/05/29,"5,605,248","434,559,887",78.20,78.30,77.10,77.60, 0.00,"2,772",5871
104/06/01,"3,136,360","240,671,027",77.10,77.50,76.40,76.60,-1.00,"1,851",5871
104/06/02,"2,715,542","208,290,768",76.50,77.50,76.30,76.60, 0.00,"1,849",5871
104/06/03,"3,295,227","250,395,884",77.30,77.30,75.70,76.10,-0.50,"2,181",5871
104/06/04,"4,654,925","351,334,778",76.50,76.50,74.90,76.10, 0.00,"2,719",5871
104/06/05,"3,525,328","265,658,513",75.10,76.20,74.90,76.20,+0.10,"2,215",5871
104/06/08,"2,235,819","171,093,610",76.00,77.40,75.60,76.70,+0.50,"1,592",5871
104/06/09,"3,454,798","262,412,002",77.00,77.10,75.10,76.20,-0.50,"2,073",5871
104/06/10,"1,735,030","132,029,286",76.20,76.60,75.50,76.50,+0.30,"1,193",5871
104/06/11,"2,563,924","194,535,203",76.50,76.60,75.50,76.10,-0.40,"1,394",5871
104/06/12,"4,660,391","350,799,316",76.00,76.30,74.80,75.50,-0.60,"2,303",5871
104/06/15,"1,730,990","130,563,040",75.50,76.00,75.00,76.00,+0.50,"1,294",5871
104/06/16,"2,808,500","210,959,148",75.80,75.90,74.80,75.40,-0.60,"1,728",5871
104/06/17,"4,913,391","364,744,624",75.10,75.20,73.60,74.20,-1.20,"2,973",5871
104/06/18,"3,089,862","228,486,618",74.20,74.50,73.60,74.20, 0.00,"1,669",5871
104/06/22,"3,911,136","289,316,181",74.00,74.70,73.70,73.90,-0.30,"2,417",5871
104/06/23,"4,404,170","325,707,380",74.00,74.60,73.50,73.70,-0.20,"2,401",5871
104/06/24,"1,737,561","128,645,375",73.90,74.30,73.80,74.00,+0.30,"1,212",5871
104/06/25,"3,749,780","277,901,900",74.00,74.50,73.80,74.40,+0.40,"2,184",5871
104/06/26,"2,901,832","215,383,561",74.30,74.60,73.80,74.40, 0.00,"1,634",5871
104/06/29,"2,102,896","155,758,850",74.00,74.50,73.70,74.00,-0.40,"1,314",5871
104/06/30,"4,179,820","310,950,452",74.00,75.00,73.30,74.40,+0.40,"2,122",5871
104/07/01,"4,971,425","378,354,306",74.80,76.60,74.50,76.50,+2.10,"2,624",5871
104/07/02,"4,025,518","307,638,326",76.60,76.80,75.90,76.10,-0.40,"1,767",5871
104/07/03,"6,317,318","477,380,084",75.50,77.30,74.10,77.00,+0.90,"3,046",5871
104/07/06,"3,263,039","249,182,870",76.10,76.80,76.00,76.00,-1.00,"1,390",5871
104/07/07,"3,488,475","263,880,859",76.10,77.00,74.90,75.40,-0.60,"2,184",5871
104/07/08,"6,981,477","514,299,298",75.00,75.50,72.80,73.80,-1.60,"3,754",5871
104/07/09,"9,847,092","696,024,232",72.30,72.30,70.00,70.30,-3.50,"5,313",5871
104/07/13,"6,382,553","456,183,394",71.70,72.30,71.00,71.50,+1.20,"3,549",5871
104/07/14,"3,702,853","267,286,551",72.40,72.80,71.70,72.00,+0.50,"2,393",5871
104/07/15,"3,886,188","277,963,540",72.30,72.50,71.00,71.00,-1.00,"2,598",5871
104/07/16,"4,038,944","288,553,177",71.40,71.90,71.00,71.30,+0.30,"2,173",5871
104/07/17,"2,181,990","157,130,268",72.00,72.40,71.50,72.40,+1.10,"1,494",5871
104/07/20,"4,234,857","305,325,638",73.00,73.20,71.10,71.20,-1.20,"2,542",5871
104/07/21,"4,311,992","305,944,225",71.20,71.70,70.50,70.80,-0.40,"2,185",5871
104/07/22,"3,979,330","280,620,091",70.50,71.10,70.00,71.10,+0.30,"2,308",5871
104/07/23,"3,979,870","284,803,515",71.50,72.20,71.10,72.20,+1.10,"2,070",5871
104/07/24,"3,105,860","224,136,179",72.20,72.70,71.70,72.20, 0.00,"1,802",5871
104/07/27,"5,587,974","397,400,354",71.80,72.10,70.40,70.50,-1.70,"2,787",5871
104/07/28,"6,820,089","441,788,163",65.10,65.70,63.30,65.30,X0.00,"3,854",5871
104/07/29,"4,822,681","312,073,253",65.00,65.50,64.20,65.50,+0.20,"2,783",5871
104/07/30,"3,805,867","250,151,465",65.50,66.40,65.00,65.70,+0.20,"2,326",5871
104/07/31,"4,232,529","274,482,814",65.20,65.80,64.20,65.80,+0.10,"2,655",5871
104/08/03,"4,124,232","264,354,373",65.20,65.20,63.60,64.50,-1.30,"2,918",5871
104/08/04,"4,885,354","308,259,202",64.50,64.50,62.00,62.90,-1.60,"2,542",5871
104/08/05,"2,232,167","141,900,586",63.00,64.20,63.00,63.90,+1.00,"1,501",5871
104/08/06,"2,224,938","142,663,299",64.90,64.90,63.70,63.70,-0.20,"1,441",5871
104/08/07,"1,674,298","106,825,472",63.30,64.20,63.20,63.90,+0.20,"1,089",5871
104/08/10,"2,284,400","148,870,100",63.90,66.00,63.90,65.90,+2.00,"1,641",5871
104/08/11,"4,533,559","296,677,642",66.50,67.00,64.40,65.00,-0.90,"2,736",5871
104/08/12,"9,621,839","597,095,618",65.00,65.00,60.90,61.60,-3.40,"4,602",5871
104/08/13,"13,744,695","823,807,868",61.50,62.20,59.00,60.10,-1.50,"7,220",5871
104/08/14,"3,929,310","235,389,550",59.90,60.50,59.10,60.30,+0.20,"2,378",5871
104/08/17,"3,141,304","186,918,680",60.10,60.80,59.10,59.10,-1.20,"2,074",5871
104/08/18,"9,631,574","555,575,518",59.20,59.70,56.40,56.60,-2.50,"5,136",5871
104/08/19,"9,617,339","523,483,372",56.10,56.70,53.00,53.70,-2.90,"4,709",5871
104/08/20,"13,587,709","700,272,821",52.50,53.50,50.10,51.80,-1.90,"6,992",5871
104/08/21,"11,310,524","559,333,775",50.20,50.50,48.80,49.40,-2.40,"6,203",5871
104/08/24,"11,129,380","510,362,330",47.80,48.70,44.50,45.90,-3.50,"5,270",5871
104/08/25,"14,438,459","696,121,372",45.90,50.00,45.90,50.00,+4.10,"7,275",5871
104/08/26,"13,511,019","669,153,947",49.90,50.50,48.00,50.10,+0.10,"5,766",5871
104/08/27,"10,833,786","550,961,525",50.90,51.80,49.60,51.00,+0.90,"5,125",5871
104/08/28,"6,605,131","345,008,743",51.90,52.90,51.00,52.40,+1.40,"3,492",5871
104/08/31,"4,789,535","248,761,133",52.40,52.50,51.10,52.30,-0.10,"2,209",5871
104/09/01,"5,667,614","296,195,159",52.30,53.40,51.60,51.80,-0.50,"2,845",5871
104/09/02,"4,631,874","237,003,678",51.00,51.50,50.70,51.10,-0.70,"3,142",5871
104/09/03,"4,676,168","238,211,068",51.20,51.70,50.50,50.80,-0.30,"2,852",5871
104/09/04,"4,928,457","249,966,793",50.70,51.50,50.10,50.30,-0.50,"2,493",5871
104/09/07,"3,308,093","165,259,057",50.00,50.30,49.70,49.85,-0.45,"2,157",5871
104/09/08,"2,768,750","138,682,479",49.85,50.40,49.80,49.95,+0.10,"1,660",5871
104/09/09,"10,270,981","545,652,725",51.20,54.40,51.10,53.90,+3.95,"5,768",5871
104/09/10,"10,777,555","591,099,556",53.60,56.40,53.20,55.20,+1.30,"5,618",5871
104/09/11,"5,813,178","318,662,362",54.80,55.70,54.40,55.20, 0.00,"3,483",5871
104/09/14,"3,902,886","212,578,274",55.20,55.40,54.00,54.30,-0.90,"2,497",5871
104/09/15,"4,268,302","228,254,968",54.30,54.40,53.00,53.80,-0.50,"2,513",5871
104/09/16,"2,791,736","150,207,144",54.10,54.40,53.40,53.80, 0.00,"1,761",5871
104/09/17,"5,449,135","300,014,625",54.40,55.60,54.30,55.00,+1.20,"3,353",5871
104/09/18,"4,423,221","244,534,208",55.30,55.90,54.70,55.10,+0.10,"2,551",5871
104/09/21,"6,508,641","346,460,318",53.80,54.30,52.70,52.80,-2.30,"3,501",5871
104/09/22,"3,264,701","173,568,593",53.00,53.50,52.90,53.50,+0.70,"1,948",5871
104/09/23,"3,811,258","201,327,313",52.90,53.50,52.50,52.90,-0.60,"2,258",5871
104/09/24,"4,908,648","262,677,395",53.80,54.30,53.00,53.20,+0.30,"2,820",5871
104/09/25,"12,532,284","651,833,332",53.00,53.30,51.20,52.40,-0.80,"3,236",5871
104/09/30,"6,065,057","312,555,932",51.50,52.00,51.00,51.50,-0.90,"3,055",5871
104/10/01,"5,846,923","308,965,699",52.20,53.40,51.80,53.00,+1.50,"3,157",5871
104/10/02,"6,018,466","325,951,383",53.20,54.80,53.00,54.30,+1.30,"3,305",5871
104/10/05,"12,081,555","674,535,231",55.00,56.70,55.00,56.50,+2.20,"5,716",5871
104/10/06,"13,918,181","802,388,827",58.00,58.30,56.60,57.80,+1.30,"7,287",5871
104/10/07,"7,005,082","403,141,756",57.50,58.30,56.40,58.00,+0.20,"3,730",5871
104/10/08,"10,557,076","626,966,246",58.40,60.50,58.40,58.90,+0.90,"6,150",5871
104/10/12,"7,647,785","461,252,778",59.80,60.90,59.50,60.60,+1.70,"4,686",5871
104/10/13,"9,006,797","551,964,636",61.60,62.40,60.50,61.90,+1.30,"4,440",5871
104/10/14,"7,929,848","490,291,361",61.90,62.40,61.10,61.90, 0.00,"3,515",5871
104/10/15,"8,267,921","519,132,683",62.20,63.60,62.10,63.10,+1.20,"4,120",5871
104/10/16,"4,958,858","311,914,018",63.50,63.80,62.40,62.50,-0.60,"3,007",5871
104/10/19,"4,909,997","303,297,103",62.90,62.90,61.20,61.40,-1.10,"3,114",5871
104/10/20,"2,900,187","179,548,715",61.80,62.30,61.50,62.20,+0.80,"1,886",5871
104/10/21,"3,691,069","227,116,137",62.40,62.50,61.10,61.10,-1.10,"2,158",5871
104/10/22,"3,946,669","239,257,498",60.70,61.30,60.00,61.30,+0.20,"2,348",5871
104/10/23,"3,588,615","221,718,227",62.20,62.20,61.20,61.70,+0.40,"2,110",5871
104/10/26,"5,968,235","375,603,428",63.20,63.30,62.50,63.20,+1.50,"2,884",5871
104/10/27,"3,941,260","249,032,437",63.30,63.70,62.70,63.30,+0.10,"2,332",5871
104/10/28,"4,427,614","282,268,312",63.40,64.50,62.80,63.90,+0.60,"2,709",5871
104/10/29,"3,644,907","232,188,767",64.70,64.70,63.20,63.60,-0.30,"2,336",5871
104/10/30,"6,352,777","394,275,651",63.10,63.10,60.90,62.30,-1.30,"3,635",5871
104/11/02,"3,484,841","215,287,013",61.70,62.10,61.50,61.90,-0.40,"2,246",5871
104/11/03,"3,102,002","194,707,708",62.50,63.40,62.50,62.70,+0.80,"1,881",5871
104/11/04,"3,983,186","252,362,453",63.30,63.80,62.80,63.30,+0.60,"2,325",5871
104/11/05,"2,702,585","172,365,301",63.80,64.00,63.40,63.80,+0.50,"1,748",5871
104/11/06,"4,236,136","264,704,140",63.80,63.90,61.80,61.80,-2.00,"2,602",5871
104/11/09,"2,222,526","137,578,491",61.80,62.50,61.40,61.60,-0.20,"1,404",5871
104/11/10,"3,267,782","199,428,046",61.20,61.50,60.50,61.00,-0.60,"1,951",5871
104/11/11,"7,347,796","435,505,864",60.70,60.90,58.50,58.50,-2.50,"4,311",5871
104/11/12,"2,519,222","148,587,403",59.10,59.70,58.10,59.00,+0.50,"1,432",5871
104/11/13,"2,131,914","124,395,226",58.00,58.90,58.00,58.50,-0.50,"1,210",5871
104/11/16,"6,181,014","349,833,198",57.50,57.50,55.60,56.30,-2.20,"3,508",5871
104/11/17,"5,202,552","296,397,064",57.40,57.90,56.40,56.60,+0.30,"2,447",5871
104/11/18,"2,654,728","151,958,831",57.10,57.60,56.90,56.90,+0.30,"1,388",5871
104/11/19,"4,322,865","251,592,676",57.80,58.60,57.30,58.30,+1.40,"2,204",5871
104/11/20,"3,923,590","225,762,784",58.60,58.60,57.10,57.80,-0.50,"2,360",5871
104/11/23,"3,573,760","206,164,180",57.70,58.50,57.10,57.80, 0.00,"1,956",5871
104/11/24,"3,789,597","216,906,792",57.70,57.80,56.80,57.50,-0.30,"1,780",5871
104/11/25,"4,072,334","229,131,538",57.50,57.60,55.60,56.00,-1.50,"2,513",5871
104/11/26,"4,059,996","231,696,661",56.70,57.60,56.40,57.40,+1.40,"2,502",5871
104/11/27,"1,560,177","89,087,456",57.50,57.50,56.90,56.90,-0.50,915,5871
104/11/30,"7,004,083","387,651,192",55.80,55.90,55.00,55.20,-1.70,"3,047",5871
104/12/01,"3,758,237","211,861,509",55.90,56.80,55.80,56.50,+1.30,"2,290",5871
104/12/02,"2,602,000","147,838,990",56.90,57.30,56.50,56.50, 0.00,"1,659",5871
104/12/03,"2,735,768","153,340,908",56.10,56.80,55.50,56.50, 0.00,"1,492",5871
104/12/04,"4,756,266","264,541,496",56.00,56.20,55.20,56.00,-0.50,"2,987",5871
104/12/07,"2,211,912","124,970,403",56.60,56.70,56.30,56.40,+0.40,"1,300",5871
104/12/08,"2,930,565","162,695,549",56.30,56.50,55.20,55.20,-1.20,"1,876",5871
104/12/09,"6,220,483","332,426,330",54.90,54.90,52.60,52.80,-2.40,"3,769",5871
104/12/10,"4,253,257","223,072,334",52.80,53.10,51.70,52.80, 0.00,"2,724",5871
104/12/11,"3,396,327","180,752,031",53.80,54.00,52.50,52.50,-0.30,"2,155",5871
104/12/14,"2,901,380","151,883,240",51.80,53.00,51.50,52.70,+0.20,"1,803",5871
104/12/15,"2,509,052","131,616,730",53.30,53.40,52.00,52.20,-0.50,"1,446",5871
104/12/16,"2,413,554","127,622,362",52.80,53.20,52.50,52.70,+0.50,"1,309",5871
104/12/17,"2,998,890","161,584,329",53.10,54.50,53.00,53.90,+1.20,"1,710",5871
104/12/18,"2,614,053","140,387,556",53.50,54.00,53.20,53.90, 0.00,"1,118",5871
104/12/21,"3,334,737","177,648,346",53.20,53.90,52.60,53.50,-0.40,"1,857",5871
104/12/22,"2,191,298","118,328,034",53.90,54.30,53.50,54.30,+0.80,"1,352",5871
104/12/23,"5,033,557","280,096,692",54.50,56.30,54.40,56.00,+1.70,"3,118",5871
104/12/24,"3,897,168","219,930,884",56.90,57.00,56.00,56.60,+0.60,"2,015",5871
104/12/25,"2,329,328","131,203,996",56.50,56.90,55.60,56.90,+0.30,"1,186",5871
104/12/28,"2,081,850","118,501,250",57.00,57.30,56.60,57.00,+0.10,"1,130",5871
104/12/29,"1,705,203","96,251,004",57.00,57.00,56.10,56.50,-0.50,"1,188",5871
104/12/30,"2,194,947","123,630,173",56.80,56.90,55.70,56.90,+0.40,"1,269",5871
104/12/31,"2,557,133","144,169,954",56.50,56.90,55.60,56.90, 0.00,"1,501",5871
105/01/04,"5,146,043","281,534,719",56.30,56.50,53.60,53.60,-3.30,"3,156",5871
105/01/05,"4,476,272","237,374,846",53.00,53.50,52.70,53.20,-0.40,"2,504",5871
105/01/06,"3,237,506","170,423,365",53.00,53.20,52.00,53.20, 0.00,"2,022",5871
105/01/07,"4,662,936","241,205,572",52.80,52.90,51.10,51.30,-1.90,"2,374",5871
105/01/08,"3,237,992","166,987,370",50.30,52.20,50.30,51.50,+0.20,"1,671",5871
105/01/11,"3,657,627","187,983,442",51.70,52.00,50.60,51.30,-0.20,"2,038",5871
105/01/12,"2,819,512","144,884,506",51.50,52.40,50.70,50.70,-0.60,"1,506",5871
105/01/13,"3,879,593","202,426,181",51.50,53.00,51.20,52.40,+1.70,"2,179",5871
105/01/14,"3,731,991","191,815,220",51.30,52.00,50.80,51.80,-0.60,"2,389",5871
105/01/15,"5,498,259","279,212,409",52.00,52.20,50.10,50.40,-1.40,"3,005",5871
105/01/18,"3,702,844","188,552,177",49.45,51.80,49.20,51.30,+0.90,"1,944",5871
105/01/19,"3,911,168","199,397,827",51.50,51.80,50.60,51.10,-0.20,"2,082",5871
105/01/20,"5,223,901","261,208,450",50.30,50.70,49.50,49.60,-1.50,"2,725",5871
105/01/21,"5,800,391","287,112,976",50.40,50.50,48.60,49.90,+0.30,"3,030",5871
105/01/22,"3,224,191","162,264,741",50.80,50.80,50.00,50.50,+0.60,"1,972",5871
105/01/25,"4,311,998","223,233,088",51.00,52.40,50.80,52.30,+1.80,"2,092",5871
105/01/26,"4,284,398","224,417,549",52.30,53.00,51.90,51.90,-0.40,"2,676",5871
105/01/27,"5,452,460","281,128,563",52.70,52.70,51.10,51.70,-0.20,"2,658",5871
105/01/28,"4,421,993","227,278,232",51.20,51.70,51.10,51.60,-0.10,"2,482",5871
105/01/29,"6,905,134","358,915,002",51.20,52.60,51.10,52.60,+1.00,"3,933",5871
105/01/30,"2,297,253","121,186,509",52.80,53.00,52.50,52.80,+0.20,"1,411",5871
105/02/01,"3,010,343","157,424,165",52.90,52.90,52.00,52.20,-0.60,"1,681",5871
105/02/02,"3,917,866","205,035,605",52.00,52.70,51.50,52.50,+0.30,"1,981",5871
105/02/03,"3,420,450","179,032,255",52.40,53.10,51.50,52.60,+0.10,"2,238",5871
105/02/15,"3,344,165","173,450,561",51.60,52.30,51.60,51.60,-1.00,"2,181",5871
105/02/16,"5,110,438","271,321,980",52.20,53.60,51.90,53.30,+1.70,"2,970",5871
105/02/17,"3,494,489","184,903,817",53.70,53.70,52.60,52.60,-0.70,"2,052",5871
105/02/18,"3,861,940","205,464,380",53.00,53.50,52.90,53.40,+0.80,"1,995",5871
105/02/19,"3,804,864","200,237,892",53.00,53.10,52.20,52.70,-0.70,"2,341",5871
105/02/22,"2,377,280","126,598,343",53.10,53.50,52.60,53.30,+0.60,"1,400",5871
105/02/23,"2,717,899","145,272,793",53.50,53.80,53.20,53.40,+0.10,"1,446",5871
105/02/24,"2,113,329","112,251,896",53.40,53.50,52.80,53.30,-0.10,"1,244",5871
105/02/25,"2,221,420","118,864,805",53.60,53.70,53.30,53.30, 0.00,"1,485",5871
105/02/26,"7,279,966","398,407,203",53.60,55.50,53.60,55.40,+2.10,"3,665",5871
105/03/01,"6,805,564","383,834,456",56.00,56.80,55.80,56.60,+1.20,"3,821",5871
105/03/02,"5,007,564","283,400,121",57.20,57.30,56.10,56.70,+0.10,"3,151",5871
105/03/03,"3,906,505","222,400,685",56.80,57.70,56.30,56.90,+0.20,"2,301",5871
105/03/04,"3,689,411","211,136,083",57.20,57.50,56.70,57.40,+0.50,"2,314",5871
105/03/07,"5,035,664","291,886,226",57.80,58.50,57.40,58.20,+0.80,"2,784",5871
105/03/08,"3,681,656","213,058,471",58.50,58.80,57.40,58.00,-0.20,"2,099",5871
105/03/09,"2,509,490","143,723,061",57.50,57.90,57.00,57.30,-0.70,"1,697",5871
105/03/10,"2,496,124","142,298,068",57.10,57.70,56.60,57.00,-0.30,"1,547",5871
105/03/11,"3,174,441","181,001,487",56.50,57.60,56.50,57.60,+0.60,"1,993",5871
105/03/14,"3,241,012","188,156,596",58.00,58.30,57.70,58.00,+0.40,"2,100",5871
105/03/15,"9,683,582","544,660,292",57.50,57.50,55.10,55.50,-2.50,"5,229",5871
105/03/16,"5,951,185","327,105,866",55.30,55.50,54.20,55.00,-0.50,"3,903",5871
105/03/17,"4,962,458","276,241,884",55.60,56.50,55.10,55.80,+0.80,"2,956",5871
105/03/18,"4,593,484","256,411,189",55.90,56.10,55.30,56.10,+0.30,"2,190",5871
105/03/21,"3,347,503","188,901,056",56.90,56.90,55.80,56.80,+0.70,"1,961",5871
105/03/22,"2,384,346","134,291,042",56.70,56.80,56.00,56.80, 0.00,"1,419",5871
105/03/23,"1,563,058","88,173,387",56.60,56.80,56.10,56.40,-0.40,"1,011",5871
105/03/24,"1,436,373","80,869,630",56.00,56.80,55.80,56.20,-0.20,"1,040",5871
105/03/25,"1,632,326","91,094,056",55.60,56.30,55.60,55.60,-0.60,"1,084",5871
105/03/28,"1,377,988","76,965,228",55.60,56.30,55.60,55.60, 0.00,833,5871
105/03/29,"2,124,213","117,255,030",55.60,56.00,54.70,54.90,-0.70,"1,408",5871
105/03/30,"2,219,208","123,913,448",54.90,56.30,54.90,56.00,+1.10,"1,634",5871
105/03/31,"3,168,873","177,606,660",55.70,56.40,55.60,56.10,+0.10,"1,824",5871
105/04/01,"2,131,427","118,046,731",55.60,55.90,55.10,55.40,-0.70,"1,230",5871
105/04/06,"3,477,758","189,515,690",54.70,55.00,54.10,54.60,-0.80,"1,932",5871
105/04/07,"1,822,916","99,137,621",54.60,54.90,54.20,54.20,-0.40,"1,070",5871
105/04/08,"2,315,738","125,945,137",53.90,54.80,53.80,54.80,+0.60,"1,552",5871
105/04/11,"1,878,571","103,040,905",54.80,55.40,54.30,54.70,-0.10,"1,119",5871
105/04/12,"4,632,726","259,485,318",55.40,56.70,55.10,56.30,+1.60,"2,803",5871
105/04/13,"3,743,523","212,068,241",56.50,57.00,56.00,57.00,+0.70,"2,381",5871
105/04/14,"3,470,019","196,635,464",57.30,57.40,56.10,56.20,-0.80,"2,061",5871
105/04/15,"4,137,565","232,841,294",56.20,56.70,55.80,56.60,+0.40,"1,855",5871
105/04/18,"2,224,414","125,580,121",56.50,56.70,56.10,56.70,+0.10,"1,517",5871
105/04/19,"2,536,909","143,807,171",56.30,57.20,56.30,56.50,-0.20,"1,239",5871
105/04/20,"2,689,889","150,866,911",57.00,57.00,55.50,55.50,-1.00,"1,631",5871
105/04/21,"1,563,748","87,769,927",55.50,56.50,55.50,56.20,+0.70,993,5871
105/04/22,"1,491,904","83,610,124",56.40,56.50,55.60,55.80,-0.40,765,5871
105/04/25,"2,259,980","126,675,680",56.00,56.60,55.60,56.00,+0.20,"1,071",5871
105/04/26,"4,731,783","263,107,748",56.10,56.20,55.10,55.50,-0.50,"2,033",5871
105/04/27,"2,097,737","117,435,037",55.50,56.20,55.50,56.10,+0.60,"1,065",5871
105/04/28,"2,221,814","123,413,735",56.40,56.40,55.10,55.40,-0.70,"1,374",5871
105/04/29,"3,648,161","198,670,859",54.80,55.10,54.20,54.20,-1.20,"2,199",5871
105/05/03,"2,929,963","157,574,802",54.30,54.50,53.40,53.40,-0.80,"1,758",5871
105/05/04,"6,597,632","345,504,116",53.00,53.30,51.50,52.70,-0.70,"3,144",5871
105/05/05,"3,055,157","158,830,199",52.50,52.50,51.70,51.80,-0.90,"2,139",5871
105/05/06,"6,725,573","341,320,423",51.80,51.80,50.20,50.50,-1.30,"3,774",5871
105/05/09,"3,042,781","154,049,131",50.70,51.20,50.30,50.30,-0.20,"2,141",5871
105/05/10,"4,403,440","223,127,340",50.70,51.00,50.30,50.70,+0.40,"2,714",5871
105/05/11,"5,220,348","263,375,833",51.00,51.40,50.20,50.40,-0.30,"2,881",5871
105/05/12,"2,919,023","147,120,559",50.10,50.80,50.10,50.60,+0.20,"1,619",5871
105/05/13,"6,203,044","310,621,171",50.40,50.70,49.80,50.20,-0.40,"3,300",5871
105/05/16,"4,882,242","240,250,900",50.00,50.00,48.30,49.80,-0.40,"2,816",5871
105/05/17,"3,190,699","159,112,900",50.00,50.30,49.50,50.10,+0.30,"1,928",5871
105/05/18,"3,415,641","169,580,450",50.00,50.00,49.10,49.65,-0.45,"1,971",5871
105/05/19,"4,237,219","207,897,707",49.50,49.50,48.80,49.00,-0.65,"2,420",5871
105/05/20,"2,366,236","116,916,350",49.20,49.80,48.85,49.80,+0.80,"1,255",5871
105/05/23,"4,835,320","242,403,494",49.50,50.80,49.05,50.80,+1.00,"2,439",5871
105/05/24,"2,128,790","107,382,343",50.60,50.70,50.10,50.70,-0.10,"1,087",5871
105/05/25,"10,381,624","520,293,425",50.60,50.70,49.90,50.30,-0.40,"4,084",5871
105/05/26,"4,095,614","204,764,326",50.30,50.30,49.90,50.00,-0.30,"1,852",5871
105/05/27,"4,769,211","238,872,003",49.95,50.40,49.90,50.10,+0.10,"2,337",5871
105/05/30,"4,863,505","245,538,959",50.20,50.70,50.10,50.50,+0.40,"2,570",5871
105/05/31,"7,035,735","351,906,134",50.50,50.60,49.90,49.90,-0.60,"2,806",5871
105/06/01,"8,516,768","425,126,820",50.00,50.30,49.65,50.00,+0.10,"4,931",5871
105/06/02,"5,179,155","260,823,306",50.20,50.80,50.00,50.00, 0.00,"2,866",5871
105/06/03,"2,021,356","101,486,675",50.10,50.40,50.00,50.30,+0.30,"1,099",5871
105/06/04,"1,610,798","81,436,731",50.50,50.70,50.40,50.60,+0.30,835,5871
105/06/06,"4,042,835","202,913,861",50.60,50.70,49.90,50.10,-0.50,"1,938",5871
105/06/07,"2,904,021","146,010,449",50.20,50.60,50.10,50.20,+0.10,"1,576",5871
105/06/08,"2,934,521","147,711,345",50.40,50.50,50.20,50.40,+0.20,"1,744",5871
105/06/13,"3,716,668","185,703,153",50.30,50.30,49.60,50.00,-0.40,"1,894",5871
105/06/14,"2,638,063","131,896,054",50.00,50.20,49.85,50.00, 0.00,"1,240",5871
105/06/15,"2,309,641","115,266,804",50.00,50.20,49.80,49.85,-0.15,"1,269",5871
105/06/16,"3,701,812","183,287,770",49.85,49.95,49.20,49.25,-0.60,"2,187",5871
105/06/17,"2,240,587","111,429,900",49.40,49.90,49.40,49.75,+0.50,"1,298",5871
105/06/20,"3,412,999","171,504,733",50.20,50.50,50.00,50.30,+0.55,"1,648",5871
105/06/21,"3,307,484","166,954,227",50.50,50.60,50.30,50.60,+0.30,"1,695",5871
105/06/22,"3,325,611","169,259,743",50.60,51.40,50.40,51.30,+0.70,"1,774",5871
105/06/23,"3,277,316","167,876,923",51.50,51.50,50.90,51.40,+0.10,"1,728",5871
105/06/24,"6,174,056","311,366,360",51.40,51.50,49.90,50.10,-1.30,"3,007",5871
105/06/27,"2,709,892","137,212,151",50.10,51.10,49.95,51.10,+1.00,"1,578",5871
105/06/28,"3,275,513","167,862,451",50.80,51.90,50.40,51.80,+0.70,"2,056",5871
105/06/29,"4,108,332","214,730,323",52.20,52.60,51.90,52.00,+0.20,"2,520",5871
105/06/30,"2,974,400","154,550,073",52.40,52.40,51.50,52.10,+0.10,"1,524",5871
105/07/01,"2,775,014","144,732,223",52.00,52.40,51.90,52.10, 0.00,"1,628",5871
105/07/04,"2,205,116","115,124,956",52.20,52.40,52.00,52.30,+0.20,"1,140",5871
105/07/05,"2,165,619","113,808,634",52.30,52.80,52.10,52.70,+0.40,"1,348",5871
105/07/06,"2,735,512","142,548,664",52.50,52.50,52.00,52.00,-0.70,"1,665",5871
105/07/07,"1,705,279","88,882,208",51.90,52.40,51.90,52.40,+0.40,948,5871
105/07/11,"2,968,508","153,886,763",53.00,53.00,52.50,52.80,+0.40,"1,358",5871
105/07/12,"2,897,171","153,301,462",52.90,53.10,52.60,53.10,+0.30,"1,497",5871
105/07/13,"3,368,535","178,872,207",53.40,53.40,52.80,53.30,+0.20,"1,558",5871
105/07/14,"7,021,507","381,250,696",53.40,54.70,53.20,54.70,+1.40,"2,944",5871
105/07/15,"6,185,291","340,472,905",55.00,55.40,54.80,55.00,+0.30,"2,694",5871
105/07/18,"3,370,991","185,270,487",55.40,55.40,54.70,55.20,+0.20,"1,797",5871
105/07/19,"3,408,948","187,784,017",55.20,55.40,54.70,55.30,+0.10,"1,802",5871
105/07/20,"2,621,270","143,957,750",55.00,55.10,54.60,55.00,-0.30,"1,503",5871
105/07/21,"2,719,551","149,996,344",55.00,55.30,55.00,55.10,+0.10,"1,653",5871
105/07/22,"3,062,726","168,018,530",55.10,55.20,54.60,55.00,-0.10,"1,510",5871
105/07/25,"3,661,784","198,469,460",54.60,55.00,53.80,54.10,-0.90,"1,849",5871
105/07/26,"8,125,479","451,987,545",54.50,56.30,54.40,56.30,+2.20,"4,038",5871
105/07/27,"5,338,089","303,417,473",56.80,57.00,56.60,57.00,+0.70,"2,808",5871
105/07/28,"4,214,453","238,831,428",57.20,57.20,56.50,56.60,-0.40,"2,046",5871
105/07/29,"4,030,522","228,529,178",56.70,56.90,56.50,56.60, 0.00,"2,117",5871
105/08/01,"8,305,316","473,408,013",56.50,57.40,56.50,57.40,+0.80,"3,577",5871
105/08/02,"7,774,264","418,463,118",54.40,54.70,53.00,53.50,X0.00,"3,501",5871
105/08/03,"5,356,506","281,116,557",53.00,53.00,52.10,52.20,-1.30,"2,675",5871
105/08/04,"2,003,114","105,083,985",52.50,52.70,52.20,52.60,+0.40,"1,188",5871
105/08/05,"2,643,485","140,644,645",52.70,53.50,52.60,53.40,+0.80,"1,629",5871
105/08/08,"2,085,413","111,417,024",53.60,53.70,53.10,53.60,+0.20,852,5871
105/08/09,"4,627,804","243,073,223",53.60,53.60,52.00,52.80,-0.80,"2,290",5871
105/08/10,"2,537,027","134,422,826",52.90,53.30,52.50,53.30,+0.50,"1,402",5871
105/08/11,"2,744,923","146,085,676",53.40,53.70,52.60,53.40,+0.10,"1,383",5871
105/08/12,"3,055,177","164,707,325",53.50,54.30,53.40,53.90,+0.50,"1,743",5871
105/08/15,"2,263,265","122,413,911",54.10,54.40,53.60,54.40,+0.50,"1,366",5871
105/08/16,"2,253,949","122,638,000",54.70,54.70,54.00,54.60,+0.20,"1,423",5871
105/08/17,"1,836,944","99,876,641",54.60,54.60,54.20,54.50,-0.10,"1,243",5871
105/08/18,"2,451,079","134,405,211",54.50,55.10,54.30,55.00,+0.50,"1,445",5871
105/08/19,"2,697,636","146,258,159",55.00,55.00,53.80,54.20,-0.80,"1,384",5871
105/08/22,"2,038,588","108,751,089",53.80,53.90,53.10,53.40,-0.80,"1,093",5871
105/08/23,"996,303","53,439,659",53.40,53.90,53.20,53.70,+0.30,677,5871
105/08/24,"830,945","44,731,934",53.70,54.10,53.60,53.80,+0.10,589,5871
105/08/25,"1,597,637","86,236,521",53.60,54.20,53.50,54.20,+0.40,882,5871
105/08/26,"2,923,738","160,027,051",54.50,55.00,54.40,54.70,+0.50,"1,495",5871
105/08/29,"1,591,729","86,596,922",54.80,54.90,53.90,54.50,-0.20,993,5871
105/08/30,"1,960,496","107,358,780",54.50,55.00,54.50,55.00,+0.50,"1,163",5871
105/08/31,"2,337,637","128,040,961",54.90,55.10,54.30,54.80,-0.20,"1,161",5871
105/09/01,"2,809,089","152,096,820",54.60,54.60,53.80,54.10,-0.70,"1,691",5871
105/09/02,"2,000,083","107,776,282",54.10,54.40,53.50,54.00,-0.10,"1,196",5871
105/09/05,"1,684,502","91,651,986",54.00,54.60,54.00,54.60,+0.60,"1,027",5871
105/09/06,"2,700,143","147,888,339",54.50,54.90,54.40,54.80,+0.20,"1,476",5871
105/09/07,"5,632,790","311,805,350",54.80,55.80,54.70,55.20,+0.40,"2,794",5871
105/09/08,"2,375,002","131,804,301",55.50,55.70,55.10,55.50,+0.30,"1,501",5871
105/09/09,"1,149,117","63,361,538",55.40,55.40,55.00,55.10,-0.40,813,5871
105/09/10,"1,305,693","70,800,370",54.00,54.50,54.00,54.50,-0.60,711,5871
105/09/12,"1,889,846","102,615,714",54.60,54.70,54.10,54.30,-0.20,"1,003",5871
105/09/13,"3,267,584","177,594,596",54.30,54.80,53.80,54.80,+0.50,"1,808",5871
105/09/14,"3,992,944","218,018,446",54.70,55.10,54.30,54.40,-0.40,"1,719",5871
105/09/19,"3,301,974","182,663,154",55.00,55.70,54.90,55.50,+1.10,"1,978",5871
105/09/20,"2,513,336","139,930,834",55.50,55.80,55.10,55.80,+0.30,"1,359",5871
105/09/21,"2,031,392","113,253,657",55.80,55.90,55.40,55.90,+0.10,"1,298",5871
105/09/22,"2,166,796","121,091,906",56.00,56.00,55.60,56.00,+0.10,"1,112",5871
105/09/23,"3,188,816","179,563,506",56.00,56.60,55.90,56.60,+0.60,"1,840",5871
105/09/26,"2,695,056","153,008,252",56.80,57.00,56.40,56.80,+0.20,"1,549",5871
105/09/29,"2,635,400","149,125,303",57.00,57.00,56.30,56.30,-0.50,"1,679",5871
105/09/30,"2,054,485","114,595,856",56.10,56.30,55.60,55.60,-0.70,"1,095",5871
105/10/03,"1,093,908","60,772,194",55.50,56.00,55.30,55.30,-0.30,690,5871
105/10/04,"1,047,049","58,364,316",55.40,56.00,55.40,55.80,+0.50,664,5871
105/10/05,"779,516","43,387,485",55.40,55.90,55.40,55.80, 0.00,448,5871
105/10/06,"1,397,898","77,629,435",55.80,55.80,55.40,55.50,-0.30,823,5871
105/10/07,"1,452,931","80,429,777",55.70,55.70,55.20,55.30,-0.20,980,5871
105/10/11,"2,177,763","119,407,665",55.50,55.50,54.20,54.80,-0.50,"1,252",5871
105/10/12,"1,506,914","82,254,766",54.70,54.80,54.30,54.80, 0.00,896,5871
105/10/13,"2,301,435","124,928,100",54.50,54.80,54.00,54.30,-0.50,"1,330",5871
105/10/14,"3,204,946","171,886,282",54.00,54.10,53.30,53.70,-0.60,"1,411",5871
105/10/17,"1,452,736","77,943,944",53.50,54.20,53.10,54.00,+0.30,919,5871
105/10/18,"1,452,970","79,009,049",53.70,54.70,53.50,54.70,+0.70,934,5871
105/10/19,"1,377,785","75,466,682",54.70,55.00,54.50,54.90,+0.20,986,5871
105/10/20,"1,061,145","57,817,900",54.90,54.90,54.30,54.50,-0.40,648,5871
105/10/21,"1,009,703","55,076,410",54.50,54.80,54.40,54.50, 0.00,632,5871
105/10/24,"905,634","49,478,835",54.80,54.80,54.30,54.80,+0.30,690,5871
105/10/25,"857,450","46,912,601",54.90,55.00,54.50,54.80, 0.00,535,5871
105/10/26,"2,642,895","146,740,976",55.00,55.80,55.00,55.50,+0.70,"1,612",5871
105/10/27,"1,741,173","96,714,295",55.80,56.00,55.20,55.40,-0.10,"1,109",5871
105/10/28,"1,805,151","99,749,144",55.40,55.50,55.10,55.20,-0.20,827,5871
105/10/31,"1,616,394","88,363,088",54.90,54.90,54.50,54.60,-0.60,820,5871
105/11/01,"1,100,032","59,963,244",54.50,54.80,54.30,54.70,+0.10,746,5871
105/11/02,"1,693,139","91,597,122",54.30,54.40,53.90,54.10,-0.60,"1,023",5871
105/11/03,"1,559,142","83,955,974",54.00,54.10,53.50,54.10, 0.00,842,5871
105/11/04,"1,720,839","92,534,906",54.10,54.30,53.50,54.00,-0.10,797,5871
105/11/07,"871,468","47,046,214",54.00,54.20,53.90,53.90,-0.10,540,5871
105/11/08,"1,200,869","64,828,126",54.20,54.20,53.70,54.00,+0.10,729,5871
105/11/09,"4,895,544","260,527,899",54.50,54.60,52.40,53.50,-0.50,"2,332",5871
105/11/10,"2,586,478","139,663,712",54.00,54.20,53.70,54.00,+0.50,"1,453",5871
105/11/11,"3,023,707","161,318,623",53.80,54.00,53.00,53.00,-1.00,"2,094",5871
105/11/14,"2,436,115","129,907,650",53.10,53.80,53.00,53.30,+0.30,"1,574",5871
105/11/15,"2,030,605","108,240,941",53.60,53.80,53.00,53.00,-0.30,"1,250",5871
105/11/16,"1,951,705","103,532,565",53.30,53.50,52.70,52.90,-0.10,"1,217",5871
105/11/17,"1,899,469","100,311,357",52.90,53.00,52.70,52.90, 0.00,935,5871
105/11/18,"2,686,101","142,488,654",53.30,53.40,52.80,53.00,+0.10,"1,417",5871
105/11/21,"1,734,130","92,359,762",53.00,53.60,53.00,53.50,+0.50,"1,091",5871
105/11/22,"2,017,964","108,250,151",53.60,53.80,53.40,53.80,+0.30,"1,141",5871
105/11/23,"1,792,461","96,308,744",53.90,53.90,53.60,53.80, 0.00,"1,213",5871
105/11/24,"2,424,371","130,960,101",53.80,54.30,53.60,54.20,+0.40,"1,267",5871
105/11/25,"2,626,981","141,707,767",54.00,54.30,53.70,53.80,-0.40,"1,152",5871
105/11/28,"3,416,531","185,183,669",54.30,54.40,54.00,54.10,+0.30,"1,806",5871
105/11/29,"2,929,138","157,956,552",54.10,54.20,53.80,53.80,-0.30,"1,682",5871
105/11/30,"4,529,550","245,456,910",54.00,54.40,53.90,54.40,+0.60,"1,448",5871
105/12/01,"4,373,540","237,156,158",54.30,54.40,54.00,54.10,-0.30,"1,844",5871
105/12/02,"5,649,247","309,877,446",53.90,55.30,53.90,54.80,+0.70,"2,575",5871
105/12/05,"3,295,952","180,261,578",54.90,55.20,54.40,54.40,-0.40,"1,583",5871
105/12/06,"2,393,561","130,879,021",54.50,55.00,54.50,54.80,+0.40,"1,276",5871
105/12/07,"1,930,504","105,824,258",55.00,55.10,54.60,54.70,-0.10,984,5871
105/12/08,"3,225,485","177,082,675",54.90,55.10,54.70,55.00,+0.30,"1,424",5871
105/12/09,"1,819,384","100,057,020",55.00,55.10,54.90,55.10,+0.10,"1,239",5871
105/12/12,"3,416,593","188,550,624",55.40,55.50,54.80,55.30,+0.20,"1,769",5871
105/12/13,"3,008,661","167,077,680",55.40,55.80,55.30,55.50,+0.20,"1,632",5871
105/12/14,"3,329,369","184,333,231",55.60,55.60,55.20,55.40,-0.10,"1,447",5871
105/12/15,"3,414,836","188,218,780",55.50,55.50,54.80,54.80,-0.60,"1,576",5871
105/12/16,"2,665,769","146,259,905",54.80,55.10,54.70,54.90,+0.10,"1,082",5871
105/12/19,"1,244,615","68,616,525",55.10,55.30,55.00,55.00,+0.10,735,5871
105/12/20,"2,021,926","110,596,597",55.10,55.10,54.50,54.50,-0.50,"1,301",5871
105/12/21,"1,576,732","86,032,028",54.90,54.90,54.40,54.40,-0.10,850,5871
105/12/22,"1,663,413","90,308,705",54.40,54.60,54.10,54.40, 0.00,875,5871
105/12/23,"1,744,434","94,671,749",54.30,54.40,54.00,54.40, 0.00,"1,049",5871
105/12/26,"1,041,175","56,638,833",54.70,54.80,54.20,54.50,+0.10,602,5871
105/12/27,"582,619","31,674,429",54.50,54.50,54.20,54.50, 0.00,336,5871
105/12/28,"1,017,034","55,454,052",54.50,54.70,54.30,54.70,+0.20,546,5871
105/12/29,"1,214,813","66,119,508",54.70,54.70,54.20,54.40,-0.30,637,5871
105/12/30,"1,835,500","100,816,842",54.20,55.10,54.20,55.10,+0.70,"1,040",5871
106/01/03,"887,954","48,902,652",55.10,55.20,54.90,55.20,+0.10,614,5871
106/01/04,"2,120,977","117,434,622",55.30,55.50,55.20,55.50,+0.30,"1,178",5871
106/01/05,"2,277,428","126,584,624",55.60,55.70,55.40,55.70,+0.20,"1,213",5871
106/01/06,"1,704,589","94,828,294",55.80,55.80,55.40,55.70, 0.00,"1,059",5871
106/01/09,"2,862,868","157,837,381",55.70,55.70,54.70,55.70, 0.00,"1,389",5871
106/01/10,"959,174","52,986,331",55.30,55.40,55.00,55.40,-0.30,575,5871
106/01/11,"1,662,288","92,262,377",55.60,55.60,55.30,55.50,+0.10,778,5871
106/01/12,"3,112,194","174,114,412",55.60,56.40,55.60,55.80,+0.30,"1,664",5871
106/01/13,"2,016,329","112,818,682",56.00,56.10,55.80,55.90,+0.10,"1,052",5871
106/01/16,"1,057,883","58,892,476",55.90,56.00,55.50,55.60,-0.30,641,5871
106/01/17,"1,473,083","81,854,015",55.60,55.80,55.10,55.70,+0.10,804,5871
106/01/18,"1,393,666","77,206,855",55.30,55.60,55.20,55.60,-0.10,917,5871
106/01/19,"1,679,721","93,025,837",55.50,55.60,55.30,55.30,-0.30,"1,036",5871
106/01/20,"1,528,513","84,592,667",55.30,55.50,55.20,55.20,-0.10,939,5871
106/01/23,"1,962,499","108,897,190",55.70,55.80,55.20,55.40,+0.20,"1,064",5871
106/01/24,"2,855,615","159,810,640",55.60,56.20,55.60,56.00,+0.60,"1,519",5871
106/02/02,"4,992,291","280,400,673",56.40,56.60,55.60,56.00, 0.00,"2,731",5871
106/02/03,"4,495,340","254,755,880",56.20,57.00,56.10,56.90,+0.90,"2,234",5871
106/02/06,"10,101,756","588,916,770",57.10,58.90,57.10,58.60,+1.70,"4,818",5871
106/02/07,"16,473,483","1,000,121,151",59.30,62.20,59.30,61.80,+3.20,"7,857",5871
106/02/08,"11,109,569","691,084,579",62.40,63.10,61.30,61.80, 0.00,"5,003",5871
106/02/09,"5,306,812","329,445,444",61.90,62.50,61.60,62.20,+0.40,"2,845",5871
106/02/10,"6,034,761","375,916,619",62.50,62.80,61.80,62.10,-0.10,"2,855",5871
106/02/13,"3,454,432","214,646,884",62.50,62.50,61.80,62.10, 0.00,"1,750",5871
106/02/14,"6,082,796","376,434,766",62.30,62.40,61.00,61.40,-0.70,"2,613",5871
106/02/15,"4,381,036","271,382,532",61.90,62.30,61.60,62.30,+0.90,"1,974",5871
106/02/16,"5,062,483","316,095,421",62.70,62.80,62.10,62.30, 0.00,"2,039",5871
106/02/17,"3,880,931","241,854,179",62.20,62.50,61.90,62.50,+0.20,"2,053",5871
106/02/18,"1,882,576","117,755,796",62.50,62.80,62.30,62.60,+0.10,799,5871
106/02/20,"4,468,868","280,011,246",62.60,62.90,62.30,62.80,+0.20,"1,582",5871
106/02/21,"7,082,323","450,537,332",63.00,64.00,62.80,63.90,+1.10,"3,456",5871
106/02/22,"13,028,218","852,049,404",64.50,66.00,64.40,66.00,+2.10,"5,726",5871
106/02/23,"8,229,111","545,936,463",66.40,67.10,65.50,65.70,-0.30,"4,682",5871
106/02/24,"3,974,210","260,713,698",65.70,66.10,65.10,65.90,+0.20,"2,181",5871
106/03/01,"6,382,504","427,766,838",66.30,67.80,66.30,66.70,+0.80,"3,362",5871
106/03/02,"5,941,681","400,935,946",67.40,68.10,67.00,67.70,+1.00,"3,335",5871
106/03/03,"4,910,798","328,549,466",67.60,67.60,66.30,67.30,-0.40,"3,012",5871
106/03/06,"2,373,699","158,314,402",67.00,67.10,66.30,67.10,-0.20,"1,526",5871
106/03/07,"7,079,379","482,484,340",67.10,68.80,66.90,68.80,+1.70,"3,496",5871
106/03/08,"19,208,247","1,351,652,830",70.40,70.80,69.60,70.50,+1.70,"8,884",5871
106/03/09,"8,293,183","579,813,503",70.40,70.50,69.40,69.70,-0.80,"4,366",5871
106/03/10,"6,923,159","481,919,618",70.40,70.60,68.90,69.90,+0.20,"3,757",5871
106/03/13,"4,679,425","324,660,423",70.10,70.10,69.00,69.30,-0.60,"2,930",5871
106/03/14,"11,966,839","844,015,400",69.60,71.00,69.50,71.00,+1.70,"5,631",5871
106/03/15,"8,891,867","639,827,670",71.20,72.40,71.20,71.70,+0.70,"4,162",5871
106/03/16,"7,716,141","558,902,552",72.50,73.00,72.00,72.40,+0.70,"4,233",5871
106/03/17,"7,232,089","519,689,754",72.70,72.70,71.40,72.00,-0.40,"3,643",5871
106/03/20,"4,568,662","328,880,547",72.00,73.00,71.30,71.90,-0.10,"2,618",5871
106/03/21,"7,829,750","565,392,298",72.80,72.80,71.80,72.30,+0.40,"3,878",5871
106/03/22,"7,435,061","526,510,631",71.20,71.50,70.20,70.90,-1.40,"3,378",5871
106/03/23,"7,206,247","506,990,515",71.20,71.20,69.30,69.90,-1.00,"4,074",5871
106/03/24,"3,999,772","280,791,371",70.00,70.60,69.90,70.50,+0.60,"2,350",5871
106/03/27,"3,987,703","280,006,009",71.00,71.10,69.60,70.00,-0.50,"2,210",5871
106/03/28,"6,067,071","416,235,599",69.90,70.00,67.40,69.00,-1.00,"3,711",5871
106/03/29,"4,894,344","342,569,429",69.80,70.70,69.20,70.50,+1.50,"2,919",5871
106/03/30,"5,457,285","385,831,426",70.70,71.00,70.20,70.90,+0.40,"2,972",5871
106/03/31,"5,178,138","367,175,042",70.90,71.00,70.50,70.90, 0.00,"2,272",5871
106/04/05,"7,354,916","529,413,050",71.70,72.80,71.20,72.10,+1.20,"4,171",5871
106/04/06,"7,755,312","556,500,664",72.10,72.50,71.10,72.40,+0.30,"3,707",5871
106/04/07,"6,074,224","431,125,956",72.00,72.00,69.50,70.90,-1.50,"3,155",5871
106/04/10,"2,648,375","185,703,150",70.90,71.00,69.80,70.00,-0.90,"1,659",5871
106/04/11,"4,300,725","302,836,209",69.60,71.00,69.60,70.40,+0.40,"2,411",5871
106/04/12,"3,051,482","214,040,071",70.30,70.50,69.90,70.50,+0.10,"2,017",5871
106/04/13,"4,796,265","338,270,264",70.50,70.70,70.40,70.60,+0.10,"1,482",5871
106/04/14,"4,865,108","340,678,690",70.10,70.30,69.80,70.00,-0.60,"1,846",5871
106/04/17,"4,061,906","282,602,938",70.00,70.00,69.10,69.70,-0.30,"2,219",5871
106/04/18,"8,778,329","622,283,304",70.00,71.40,69.80,71.40,+1.70,"3,234",5871
106/04/19,"7,305,737","521,214,427",71.00,72.00,71.00,71.00,-0.40,"3,389",5871
106/04/20,"3,021,854","213,598,710",71.00,71.20,70.50,70.50,-0.50,"1,719",5871
106/04/21,"2,741,743","193,038,550",71.10,71.10,69.80,70.50, 0.00,"1,563",5871
106/04/24,"1,179,395","83,122,541",71.00,71.20,70.00,70.70,+0.20,856,5871
106/04/25,"6,507,138","468,996,718",71.00,72.50,70.70,72.50,+1.80,"3,900",5871
106/04/26,"20,035,812","1,513,416,325",74.40,76.60,74.10,76.00,+3.50,"9,559",5871
106/04/27,"10,453,809","803,715,793",77.20,77.40,75.70,77.20,+1.20,"5,875",5871
106/04/28,"5,789,074","448,846,135",77.20,78.40,76.70,76.90,-0.30,"3,732",5871
106/05/02,"5,125,611","395,274,384",76.90,77.70,76.20,77.70,+0.80,"2,806",5871
106/05/03,"7,664,596","607,188,407",78.00,80.40,77.90,79.70,+2.00,"4,424",5871
106/05/04,"4,118,005","324,232,550",79.70,79.70,78.20,78.60,-1.10,"2,772",5871
106/05/05,"5,467,486","422,277,645",78.50,78.50,76.60,76.80,-1.80,"3,455",5871
106/05/08,"3,638,057","281,913,691",77.40,78.10,77.00,77.60,+0.80,"1,993",5871
106/05/09,"4,405,711","341,796,347",77.80,78.00,77.20,77.50,-0.10,"2,375",5871
106/05/10,"4,956,375","383,281,369",78.00,78.00,76.50,77.50, 0.00,"3,032",5871
106/05/11,"4,016,837","308,875,023",77.90,77.90,76.40,76.50,-1.00,"2,050",5871
106/05/12,"7,200,047","564,406,373",76.40,79.30,76.40,79.00,+2.50,"3,715",5871
106/05/15,"4,333,916","338,921,748",78.70,78.70,77.60,78.00,-1.00,"2,431",5871
106/05/16,"16,371,996","1,314,262,388",79.20,81.10,79.20,81.10,+3.10,"7,916",5871
106/05/17,"6,833,122","546,179,660",80.80,80.80,79.40,79.50,-1.60,"3,693",5871
106/05/18,"7,033,823","549,530,694",77.60,79.00,77.50,78.00,-1.50,"3,981",5871
106/05/19,"6,937,216","541,330,451",78.50,78.70,77.60,78.20,+0.20,"3,618",5871
106/05/22,"9,879,363","784,642,234",78.70,80.50,78.50,79.50,+1.30,"5,069",5871
106/05/23,"14,800,678","1,193,412,804",80.30,81.50,79.10,79.50, 0.00,"6,947",5871
106/05/24,"11,901,027","960,728,745",80.40,81.40,79.80,81.00,+1.50,"4,888",5871
106/05/25,"8,758,640","707,039,035",81.50,81.60,80.10,80.70,-0.30,"3,634",5871
106/05/26,"6,829,846","546,349,349",81.00,81.00,79.30,79.40,-1.30,"3,478",5871
106/05/31,"8,643,514","697,656,547",79.90,81.20,79.80,81.20,+1.80,"3,827",5871
106/06/01,"5,359,906","431,127,542",80.90,81.00,79.70,80.50,-0.70,"3,042",5871
106/06/02,"3,191,931","256,693,240",80.80,80.80,80.00,80.70,+0.20,"1,922",5871
106/06/03,"2,222,252","177,811,360",80.70,80.70,79.80,80.00,-0.70,"1,065",5871
106/06/05,"5,164,358","409,277,282",79.80,80.00,78.70,78.90,-1.10,"3,048",5871
106/06/06,"6,831,046","533,317,441",79.00,79.50,77.10,77.70,-1.20,"3,699",5871
106/06/07,"7,827,490","614,690,961",78.20,79.40,78.10,79.00,+1.30,"3,060",5871
106/06/08,"4,294,142","339,503,188",79.40,79.70,78.70,78.90,-0.10,"2,494",5871
106/06/09,"4,816,372","376,658,664",79.00,79.30,77.80,77.80,-1.10,"2,811",5871
106/06/12,"2,680,106","209,336,868",78.00,78.70,77.80,78.10,+0.30,"1,678",5871
106/06/13,"4,321,726","343,078,019",78.50,79.90,78.20,79.90,+1.80,"3,017",5871
106/06/14,"4,344,670","343,806,056",80.00,80.10,78.20,79.40,-0.50,"2,616",5871
106/06/15,"5,298,835","420,560,574",79.80,79.80,78.90,79.70,+0.30,"3,284",5871
106/06/16,"6,332,588","503,932,693",79.80,80.00,79.00,79.90,+0.20,"2,985",5871
106/06/19,"3,980,122","318,001,299",79.90,80.30,79.50,80.30,+0.40,"1,907",5871
106/06/20,"7,663,051","620,672,327",80.50,81.40,80.10,81.30,+1.00,"3,782",5871
106/06/21,"15,472,099","1,291,955,716",81.90,85.00,81.60,84.40,+3.10,"8,171",5871
106/06/22,"4,357,095","366,074,330",84.90,85.00,83.50,84.00,-0.40,"2,841",5871
106/06/23,"5,017,685","424,879,243",84.50,85.50,84.00,84.60,+0.60,"2,793",5871
106/06/26,"4,207,847","355,688,701",84.60,85.00,83.40,85.00,+0.40,"2,625",5871
106/06/27,"8,029,664","697,249,992",86.00,87.80,85.40,87.00,+2.00,"4,590",5871
106/06/28,"3,490,531","302,237,353",86.50,87.60,86.10,87.00, 0.00,"2,375",5871
106/06/29,"3,429,833","297,461,241",87.60,87.80,85.70,85.90,-1.10,"2,277",5871
106/06/30,"4,136,440","351,141,082",85.10,85.60,84.50,84.80,-1.10,"2,230",5871
106/07/03,"3,045,242","259,576,642",84.30,86.20,84.30,86.20,+1.40,"1,829",5871
106/07/04,"4,871,309","422,031,311",86.20,88.10,85.20,85.20,-1.00,"2,985",5871
106/07/05,"3,266,931","278,002,513",85.00,85.70,84.60,85.50,+0.30,"1,858",5871
106/07/06,"3,014,201","256,543,385",85.20,85.70,84.90,85.30,-0.20,"1,610",5871
106/07/07,"3,073,116","261,502,660",85.10,85.60,84.90,85.00,-0.30,"1,632",5871
106/07/10,"3,109,839","265,733,829",85.30,86.50,84.90,84.90,-0.10,"1,787",5871
106/07/11,"4,927,110","418,334,166",85.70,85.70,84.40,84.60,-0.30,"2,208",5871
106/07/12,"4,500,549","382,529,894",84.60,85.40,84.60,85.40,+0.80,"2,085",5871
106/07/13,"3,576,833","304,061,569",85.40,85.60,84.70,85.20,-0.20,"1,644",5871
106/07/14,"2,969,191","251,957,335",85.00,85.00,84.70,85.00,-0.20,"1,676",5871
106/07/17,"5,603,901","484,461,923",85.30,86.90,85.20,86.80,+1.80,"3,549",5871
106/07/18,"3,090,311","267,924,161",87.00,87.00,86.30,87.00,+0.20,"2,153",5871
106/07/19,"4,069,484","353,219,224",87.60,87.60,86.00,86.00,-1.00,"2,687",5871
106/07/20,"5,282,871","450,931,632",86.90,86.90,84.50,85.60,-0.40,"3,037",5871
106/07/21,"2,342,315","200,217,242",85.40,86.00,85.00,86.00,+0.40,"1,371",5871
106/07/24,"1,921,085","164,778,887",85.60,86.20,85.40,85.90,-0.10,"1,231",5871
106/07/25,"2,362,826","202,587,563",85.90,86.00,85.50,85.80,-0.10,"1,407",5871
106/07/26,"14,611,054","1,297,597,061",86.50,90.00,86.50,89.80,+4.00,"7,054",5871
106/07/27,"8,740,911","756,769,368",86.50,87.70,85.70,86.70,X0.00,"4,772",5871
106/07/28,"2,710,275","233,582,486",86.70,86.70,85.80,86.20,-0.50,"1,868",5871
106/07/31,"3,780,794","327,640,476",86.20,87.50,85.90,86.80,+0.60,"2,053",5871
106/08/01,"3,503,579","304,361,273",87.50,87.50,86.00,87.00,+0.20,"2,186",5871
106/08/02,"1,930,628","168,271,476",87.00,87.40,86.70,87.40,+0.40,"1,217",5871
106/08/03,"2,204,629","191,728,223",86.80,87.30,86.60,87.20,-0.20,"1,392",5871
106/08/04,"2,171,966","188,703,634",86.90,87.20,86.60,86.70,-0.50,"1,275",5871
106/08/07,"5,387,771","472,776,040",86.20,88.80,86.20,88.80,+2.10,"3,199",5871
106/08/08,"4,691,571","415,304,171",89.40,89.40,87.50,88.20,-0.60,"3,012",5871
106/08/09,"4,240,194","369,882,967",88.40,88.40,86.50,87.10,-1.10,"2,768",5871
106/08/10,"12,189,371","1,026,556,590",86.30,86.30,83.10,83.10,-4.00,"5,626",5871
106/08/11,"9,230,378","761,550,875",81.60,84.30,81.60,82.80,-0.30,"4,607",5871
106/08/14,"6,922,599","571,161,210",82.10,83.70,81.40,83.00,+0.20,"3,544",5871
106/08/15,"4,251,908","358,692,940",83.80,84.90,83.80,84.10,+1.10,"2,820",5871
106/08/16,"2,972,123","249,798,032",84.50,84.50,83.10,84.20,+0.10,"1,693",5871
106/08/17,"4,895,749","410,847,178",84.40,84.60,83.20,83.20,-1.00,"3,071",5871
106/08/18,"4,909,872","401,728,821",81.90,82.80,81.60,81.60,-1.60,"2,632",5871
106/08/21,"2,847,285","232,214,473",81.70,82.00,80.80,81.60, 0.00,"1,674",5871
106/08/22,"3,797,012","316,308,680",82.10,84.00,82.00,83.20,+1.60,"2,532",5871
106/08/23,"3,553,743","292,964,984",83.40,83.90,81.80,81.90,-1.30,"2,350",5871
106/08/24,"3,576,328","294,237,451",82.30,82.90,81.80,82.50,+0.60,"2,402",5871
106/08/25,"5,616,315","471,405,459",83.80,84.60,83.40,83.40,+0.90,"3,373",5871
106/08/28,"2,310,948","193,066,336",84.00,84.20,82.90,83.60,+0.20,"1,543",5871
106/08/29,"3,469,881","286,083,879",82.90,83.10,82.10,82.20,-1.40,"2,312",5871
106/08/30,"2,672,547","219,885,302",82.50,82.80,82.00,82.30,+0.10,"1,704",5871
106/08/31,"2,311,264","189,885,379",82.50,82.70,81.80,82.20,-0.10,"1,504",5871
106/09/01,"3,175,472","259,577,140",82.20,82.20,81.60,81.60,-0.60,"1,979",5871
106/09/04,"2,693,432","220,122,527",81.70,82.40,81.50,81.80,+0.20,"1,409",5871
106/09/05,"3,954,568","324,507,223",82.40,82.50,81.80,82.50,+0.70,"1,938",5871
106/09/06,"6,573,081","537,452,124",82.50,82.50,81.50,81.60,-0.90,"2,620",5871
106/09/07,"8,376,977","672,764,259",81.80,81.90,78.80,78.90,-2.70,"4,323",5871
106/09/08,"6,275,390","505,259,004",79.00,81.20,79.00,80.80,+1.90,"3,426",5871
106/09/11,"4,133,584","331,906,077",81.30,81.40,79.80,80.00,-0.80,"2,597",5871
106/09/12,"3,599,027","285,987,821",80.50,80.50,79.00,79.10,-0.90,"2,377",5871
106/09/13,"3,681,196","290,580,129",79.40,79.40,78.40,79.30,+0.20,"2,076",5871
106/09/14,"4,471,129","351,239,991",78.80,78.90,78.10,78.90,-0.40,"2,488",5871
106/09/15,"6,690,114","523,047,941",78.70,78.80,77.70,78.70,-0.20,"3,420",5871
106/09/18,"4,913,418","381,964,948",78.80,78.90,77.20,77.60,-1.10,"2,860",5871
106/09/19,"6,490,866","498,018,679",78.10,78.10,76.00,76.80,-0.80,"3,701",5871
106/09/20,"5,926,553","462,334,741",77.30,78.50,77.30,78.40,+1.60,"3,490",5871
106/09/21,"4,077,019","318,680,601",78.50,78.70,77.70,78.70,+0.30,"2,145",5871
106/09/22,"4,799,277","371,530,105",78.40,78.40,76.90,77.60,-1.10,"2,561",5871
106/09/25,"9,185,611","687,139,466",77.10,77.40,73.70,74.50,-3.10,"5,414",5871
106/09/26,"7,865,714","592,167,987",74.00,76.30,73.80,75.00,+0.50,"3,709",5871
106/09/27,"8,245,243","617,361,300",75.50,76.30,73.80,73.80,-1.20,"2,661",5871
106/09/28,"6,883,589","515,067,831",74.10,76.20,74.00,74.00,+0.20,"3,652",5871
106/09/29,"6,311,972","463,860,228",74.50,74.60,73.10,73.10,-0.90,"3,147",5871
106/09/30,"1,297,393","96,142,127",73.60,74.80,73.60,74.80,+1.70,700,5871
106/10/02,"5,156,968","390,352,551",74.80,76.20,74.70,76.10,+1.30,"3,110",5871
106/10/03,"10,106,381","796,388,399",77.30,79.70,77.30,79.00,+2.90,"5,320",5871
106/10/05,"6,990,236","551,369,444",79.60,79.60,78.60,78.80,-0.20,"3,354",5871
106/10/06,"4,083,495","320,401,000",78.80,78.80,78.10,78.70,-0.10,"1,978",5871
106/10/11,"9,939,670","786,501,547",79.00,80.20,78.50,78.50,-0.20,"3,953",5871
106/10/12,"4,529,092","358,790,027",79.20,79.90,78.50,79.90,+1.40,"2,008",5871
106/10/13,"20,622,023","1,582,225,879",77.00,77.60,76.00,76.80,-3.10,"8,631",5871
106/10/16,"15,217,273","1,188,070,785",77.30,78.70,77.10,78.30,+1.50,"6,662",5871
106/10/17,"8,318,782","651,256,964",77.80,78.90,77.80,78.00,-0.30,"4,892",5871
106/10/18,"8,085,396","632,443,618",78.00,78.90,77.10,78.60,+0.60,"4,353",5871
106/10/19,"6,499,405","513,427,724",78.10,79.40,78.00,79.20,+0.60,"3,010",5871
106/10/20,"5,761,621","452,916,147",79.00,79.40,78.00,78.50,-0.70,"2,748",5871
106/10/23,"4,141,274","323,512,272",78.60,78.60,77.70,78.00,-0.50,"1,917",5871
106/10/24,"17,875,409","1,424,148,797",78.10,81.30,78.00,80.80,+2.80,"7,610",5871
106/10/25,"18,905,743","1,494,221,597",79.80,80.10,78.60,78.80,-2.00,"6,177",5871
106/10/26,"12,738,468","1,004,686,511",78.50,79.80,78.50,78.60,-0.20,"3,356",5871
106/10/27,"10,166,309","781,052,834",79.50,79.90,78.50,78.80,+0.20,"3,461",5871
106/10/30,"7,453,145","579,591,342",79.50,79.60,77.70,78.00,-0.80,"3,282",5871
106/10/31,"5,993,123","466,757,070",77.60,78.40,77.20,77.80,-0.20,"2,875",5871
106/11/01,"11,608,271","903,813,538",78.50,80.00,78.00,79.90,+2.10,"4,464",5871
106/11/02,"4,196,580","333,370,172",79.80,79.90,79.00,79.00,-0.90,"2,674",5871
106/11/03,"4,156,802","326,566,183",79.30,79.50,78.10,78.20,-0.80,"2,796",5871
106/11/06,"3,970,465","312,772,082",78.80,79.40,78.30,78.70,+0.50,"2,234",5871
106/11/07,"7,330,187","583,097,610",78.90,80.00,78.60,79.80,+1.10,"2,822",5871
106/11/08,"5,379,194","430,683,231",80.00,81.00,79.40,79.60,-0.20,"2,865",5871
106/11/09,"45,189,280","3,892,432,160",81.10,87.50,81.10,87.50,+7.90,"17,535",5871
106/11/10,"23,480,773","2,034,480,593",87.60,88.70,84.00,86.00,-1.50,"11,146",5871
106/11/13,"11,777,232","1,033,226,337",86.80,88.60,86.10,87.10,+1.10,"6,217",5871
106/11/14,"9,347,538","804,883,459",87.60,88.00,85.10,85.10,-2.00,"5,266",5871
106/11/15,"7,193,014","612,374,590",85.40,85.90,84.40,85.00,-0.10,"4,052",5871
106/11/16,"6,416,610","537,916,648",84.30,84.40,83.20,84.00,-1.00,"3,350",5871
106/11/17,"8,123,406","685,319,429",84.40,85.50,83.60,83.60,-0.40,"3,231",5871
106/11/20,"5,835,985","496,216,814",84.30,85.60,84.00,85.60,+2.00,"3,482",5871
106/11/21,"8,027,091","695,141,882",85.30,87.80,84.70,87.00,+1.40,"4,844",5871
106/11/22,"9,216,195","810,917,290",88.50,89.40,86.20,86.20,-0.80,"4,957",5871
106/11/23,"4,998,346","438,984,447",87.90,88.50,87.00,88.40,+2.20,"2,976",5871
106/11/24,"3,141,947","275,301,557",88.40,88.70,87.10,87.30,-1.10,"1,711",5871
106/11/27,"3,017,103","264,674,278",87.70,88.60,87.30,87.30, 0.00,"1,843",5871
106/11/28,"3,104,316","268,830,590",87.10,87.40,86.30,86.60,-0.70,"2,415",5871
106/11/29,"3,538,545","307,779,564",86.70,87.90,86.10,86.20,-0.40,"2,213",5871
106/11/30,"7,970,143","689,811,372",85.90,87.00,85.50,87.00,+0.80,"2,689",5871
106/12/01,"3,871,331","334,512,423",87.00,87.40,85.10,86.50,-0.50,"2,510",5871
106/12/04,"3,956,383","339,334,257",86.50,86.70,85.00,86.70,+0.20,"2,543",5871
106/12/05,"4,473,772","385,474,588",86.00,86.70,85.80,86.10,-0.60,"2,092",5871
106/12/06,"7,909,305","667,784,967",85.20,85.80,83.20,83.80,-2.30,"4,062",5871
106/12/07,"3,987,371","333,561,283",83.40,84.70,82.60,83.80, 0.00,"2,231",5871
106/12/08,"5,202,607","429,404,580",83.10,83.90,81.70,82.60,-1.20,"3,122",5871
106/12/11,"9,758,524","845,808,205",85.30,88.00,85.30,86.90,+4.30,"4,971",5871
106/12/12,"2,603,224","224,184,194",86.60,86.80,85.60,86.20,-0.70,"1,796",5871
106/12/13,"2,380,897","204,472,911",85.30,86.30,85.30,86.20, 0.00,"1,620",5871
106/12/14,"3,535,478","303,869,698",86.20,86.90,85.40,85.60,-0.60,"2,020",5871
106/12/15,"5,286,182","447,467,770",86.00,86.00,84.20,84.20,-1.40,"2,062",5871
106/12/18,"4,252,950","358,277,569",84.70,84.70,83.30,84.20, 0.00,"2,004",5871
106/12/19,"6,044,530","502,960,189",84.20,84.70,82.70,82.90,-1.30,"3,262",5871
106/12/20,"2,839,551","236,446,248",83.00,83.80,82.60,83.60,+0.70,"1,989",5871
106/12/21,"4,516,087","384,264,507",84.00,86.00,84.00,85.50,+1.90,"2,990",5871
106/12/22,"2,073,815","176,091,275",85.50,85.70,84.50,85.00,-0.50,"1,297",5871
106/12/25,"1,588,290","135,549,965",85.90,86.00,85.00,85.00, 0.00,"1,079",5871
106/12/26,"2,174,879","182,798,936",85.00,85.10,83.60,83.70,-1.30,"1,442",5871
106/12/27,"6,845,216","581,904,824",84.00,86.50,84.00,86.10,+2.40,"2,691",5871
106/12/28,"4,461,796","384,709,809",86.50,87.00,85.70,86.20,+0.10,"2,158",5871
106/12/29,"2,173,797","187,823,836",86.20,86.70,86.10,86.60,+0.40,"1,159",5871
107/01/02,"3,269,220","285,876,150",86.60,88.40,86.20,87.60,+1.00,"2,098",5871
107/01/03,"2,853,724","250,017,953",87.70,88.00,87.20,87.90,+0.30,"2,058",5871
107/01/04,"9,715,575","871,215,982",89.30,90.40,89.00,90.00,+2.10,"5,312",5871
107/01/05,"13,247,532","1,220,455,515",90.40,93.90,90.20,93.60,+3.60,"7,526",5871
107/01/08,"7,335,043","684,109,799",94.00,94.30,91.80,93.50,-0.10,"4,086",5871
107/01/09,"5,452,999","512,575,086",93.50,94.80,93.00,94.20,+0.70,"3,352",5871
107/01/10,"3,284,358","306,719,227",94.00,94.50,92.70,92.80,-1.40,"2,018",5871
107/01/11,"8,414,067","800,240,941",94.00,96.20,93.30,95.50,+2.70,"4,843",5871
107/01/12,"5,124,239","487,690,152",94.40,95.80,94.20,95.00,-0.50,"3,381",5871
107/01/15,"3,379,427","323,802,491",96.30,96.90,94.70,95.60,+0.60,"2,085",5871
107/01/16,"4,275,907","403,000,648",94.60,95.40,93.60,93.80,-1.80,"3,156",5871
107/01/17,"7,416,621","709,086,109",93.80,96.70,93.80,96.70,+2.90,"4,589",5871
107/01/18,"6,400,635","619,631,566",97.80,97.80,96.00,96.80,+0.10,"3,638",5871
107/01/19,"3,166,896","302,134,461",96.20,96.40,94.80,95.60,-1.20,"2,392",5871
107/01/22,"3,010,716","285,561,420",95.90,95.90,94.40,95.10,-0.50,"2,042",5871
107/01/23,"3,636,005","347,260,061",95.70,96.10,94.80,95.40,+0.30,"2,623",5871
107/01/24,"10,031,431","972,632,299",96.50,97.60,96.00,97.20,+1.80,"4,544",5871
107/01/25,"15,158,951","1,501,796,450",97.50,100.50,97.30,100.50,+3.30,"7,655",5871
107/01/26,"7,676,984","770,434,479",102.50,102.50,99.00,99.20,-1.30,"3,741",5871
107/01/29,"7,388,178","735,254,345",99.20,102.00,97.30,97.60,-1.60,"3,786",5871
107/01/30,"4,441,323","435,042,271",97.50,99.20,96.60,97.80,+0.20,"3,057",5871
107/01/31,"4,033,023","392,282,742",97.00,98.30,96.10,98.10,+0.30,"2,360",5871
107/02/01,"3,442,449","338,890,120",98.30,98.90,97.60,98.40,+0.30,"2,591",5871
107/02/02,"5,305,223","513,409,292",97.10,97.80,96.20,96.20,-2.20,"3,082",5871
107/02/05,"4,575,204","427,828,276",93.20,94.20,92.60,93.70,-2.50,"2,776",5871
107/02/06,"10,635,122","960,377,110",90.30,92.60,88.00,90.20,-3.50,"6,323",5871
107/02/07,"6,893,169","631,203,733",92.00,92.80,90.60,90.60,+0.40,"4,080",5871
107/02/08,"4,592,494","424,838,042",92.00,93.50,90.80,93.00,+2.40,"3,048",5871
107/02/09,"6,627,320","597,202,463",88.90,91.00,88.80,90.10,-2.90,"3,714",5871
107/02/12,"3,532,891","320,699,126",90.90,91.40,90.30,90.30,+0.20,"2,141",5871
107/02/21,"6,583,515","619,307,150",93.50,95.50,92.00,94.80,+4.50,"3,963",5871
107/02/22,"8,435,362","817,319,410",95.80,98.00,95.10,97.70,+2.90,"4,749",5871
107/02/23,"4,122,022","400,909,334",98.00,98.10,96.70,96.80,-0.90,"2,947",5871
107/02/26,"3,993,014","388,829,342",95.80,98.40,95.80,97.20,+0.40,"2,586",5871
107/02/27,"4,689,097","460,425,806",98.20,98.90,97.80,98.20,+1.00,"2,368",5871
107/03/01,"7,089,628","698,198,696",98.20,99.60,97.30,99.20,+1.00,"3,559",5871
107/03/02,"5,376,184","521,553,176",97.90,98.30,96.40,96.60,-2.60,"3,452",5871
107/03/05,"5,613,273","548,436,749",97.70,98.70,96.50,97.30,+0.70,"3,392",5871
107/03/06,"3,008,559","291,886,823",98.10,98.40,96.40,96.40,-0.90,"2,072",5871
107/03/07,"3,332,289","320,487,568",96.40,97.40,95.40,95.70,-0.70,"2,164",5871
107/03/08,"1,811,696","173,513,026",96.00,96.40,95.50,95.90,+0.20,"1,496",5871
107/03/09,"3,966,345","385,277,792",96.40,98.00,96.20,97.10,+1.20,"2,774",5871
107/03/12,"18,181,201","1,868,247,469",99.40,106.00,99.40,105.50,+8.40,"9,629",5871
107/03/13,"9,796,121","1,007,935,963",104.00,104.00,101.50,103.50,-2.00,"4,824",5871
107/03/14,"8,475,810","862,671,452",102.50,104.00,100.00,101.50,-2.00,"3,941",5871
107/03/15,"5,676,817","581,794,230",102.00,103.50,101.50,102.50,+1.00,"2,669",5871
107/03/16,"17,514,885","1,854,703,310",104.00,107.00,104.00,107.00,+4.50,"6,376",5871
107/03/19,"12,449,250","1,359,051,111",108.00,111.00,107.00,107.00, 0.00,"6,026",5871
107/03/20,"6,712,438","706,210,197",107.00,107.50,104.50,105.00,-2.00,"3,391",5871
107/03/21,"4,963,783","529,486,781",106.00,108.50,105.00,107.00,+2.00,"2,796",5871
107/03/22,"15,250,423","1,589,599,657",105.50,107.00,102.50,103.00,-4.00,"7,013",5871
107/03/23,"6,287,976","635,705,852",100.50,102.50,99.90,101.50,-1.50,"3,822",5871
107/03/26,"3,257,281","334,801,572",100.50,104.00,100.50,103.00,+1.50,"2,001",5871
107/03/27,"3,666,610","380,276,927",105.50,106.00,102.00,103.00, 0.00,"2,290",5871
107/03/28,"2,525,665","259,024,495",103.00,103.50,102.00,103.00, 0.00,"1,538",5871
107/03/29,"4,791,914","482,398,814",102.50,103.00,100.00,100.00,-3.00,"2,965",5871
107/03/30,"3,205,054","327,109,062",101.50,103.50,100.50,103.00,+3.00,"2,001",5871
107/03/31,"1,665,410","172,430,230",103.00,104.50,102.00,103.50,+0.50,"1,082",5871
107/04/02,"1,531,854","158,600,382",105.00,105.00,103.00,103.00,-0.50,"1,079",5871
107/04/03,"4,485,969","450,934,338",102.00,102.00,100.00,100.50,-2.50,"2,479",5871
107/04/09,"6,206,596","618,907,588",102.00,102.00,99.00,99.90,-0.60,"3,896",5871
107/04/10,"5,878,386","602,040,432",100.00,104.00,99.80,103.50,+3.60,"3,222",5871
107/04/11,"5,061,692","531,639,160",105.00,106.50,104.00,105.00,+1.50,"2,830",5871
107/04/12,"4,444,747","472,954,182",106.00,107.50,105.50,106.50,+1.50,"2,456",5871
107/04/13,"3,701,668","388,431,798",106.50,107.00,103.50,104.50,-2.00,"1,506",5871
107/04/16,"6,132,156","651,075,930",105.50,108.00,105.00,105.00,+0.50,"2,562",5871
107/04/17,"5,547,277","568,561,864",105.00,105.50,101.00,102.00,-3.00,"2,839",5871
107/04/18,"2,597,050","264,639,100",103.00,104.00,100.50,102.00, 0.00,"1,786",5871
107/04/19,"2,614,466","268,245,498",102.50,103.50,101.50,103.00,+1.00,"1,482",5871
107/04/20,"3,876,363","403,465,923",103.00,105.50,102.00,104.50,+1.50,"2,063",5871
107/04/23,"1,694,870","176,267,980",104.00,105.00,103.00,104.00,-0.50,"1,144",5871
107/04/24,"10,591,307","1,121,854,573",107.50,108.50,104.00,104.50,+0.50,"4,892",5871
107/04/25,"2,911,256","302,115,748",104.00,105.00,102.50,104.50, 0.00,"1,612",5871
107/04/26,"2,782,279","291,532,016",105.50,105.50,104.00,104.50, 0.00,"1,523",5871
107/04/27,"3,118,238","330,526,334",105.00,107.00,104.50,107.00,+2.50,"2,067",5871
107/04/30,"11,560,729","1,273,228,461",108.00,112.00,107.00,109.00,+2.00,"5,787",5871
107/05/02,"3,630,059","394,842,892",109.50,110.00,107.50,108.50,-0.50,"2,086",5871
107/05/03,"5,279,854","561,003,024",108.00,108.00,105.00,105.50,-3.00,"2,897",5871
107/05/04,"3,041,169","320,942,914",105.50,107.00,104.50,106.00,+0.50,"1,867",5871
107/05/07,"3,658,001","393,013,607",107.00,109.00,106.50,107.00,+1.00,"1,952",5871
107/05/08,"3,658,306","392,433,383",107.00,108.00,106.00,108.00,+1.00,"2,107",5871
107/05/09,"5,011,390","548,765,193",108.00,111.00,108.00,109.50,+1.50,"2,758",5871
107/05/10,"10,568,285","1,157,740,265",110.00,111.00,107.50,109.00,-0.50,"3,866",5871
107/05/11,"9,886,550","1,097,958,391",110.00,112.00,109.50,112.00,+3.00,"3,602",5871
107/05/14,"4,482,681","503,089,272",113.50,113.50,111.00,112.50,+0.50,"2,561",5871
107/05/15,"5,069,914","559,350,510",111.00,111.50,109.50,110.00,-2.50,"2,691",5871
107/05/16,"2,515,663","276,390,930",110.00,111.00,109.00,110.00, 0.00,"1,620",5871
107/05/17,"4,871,428","525,872,224",110.50,110.50,106.50,108.00,-2.00,"2,563",5871
107/05/18,"3,590,877","382,877,839",108.00,108.50,106.00,106.00,-2.00,"1,508",5871
107/05/21,"3,817,984","407,383,788",105.50,108.00,105.50,107.00,+1.00,"1,922",5871
107/05/22,"3,188,409","341,271,959",107.00,108.00,106.50,107.50,+0.50,"1,401",5871
107/05/23,"2,929,086","317,919,968",108.00,109.50,107.50,108.50,+1.00,"1,682",5871
107/05/24,"4,772,781","523,445,848",111.00,112.00,108.00,108.00,-0.50,"2,650",5871
107/05/25,"2,039,140","222,477,260",108.50,110.00,108.00,109.00,+1.00,"1,424",5871
107/05/28,"2,086,428","227,325,930",109.50,110.50,108.00,108.50,-0.50,"1,227",5871
107/05/29,"3,370,936","361,822,652",109.00,109.00,106.50,107.00,-1.50,"1,936",5871
107/05/30,"4,831,337","509,612,046",106.50,107.00,105.00,105.00,-2.00,"2,529",5871
107/05/31,"10,652,266","1,137,066,962",106.00,107.50,105.00,107.00,+2.00,"2,118",5871
107/06/01,"3,080,355","334,082,195",107.50,109.00,107.00,109.00,+2.00,"1,760",5871
107/06/04,"3,801,665","413,350,485",110.00,110.00,107.50,109.00, 0.00,"2,222",5871
107/06/05,"1,785,225","195,239,633",109.00,110.00,108.00,110.00,+1.00,"1,022",5871
107/06/06,"3,234,667","355,559,370",110.00,110.50,109.00,110.00, 0.00,"1,738",5871
107/06/07,"4,655,434","518,164,108",111.00,112.00,110.50,112.00,+2.00,"2,513",5871
107/06/08,"3,342,351","371,757,780",112.00,112.50,110.50,111.00,-1.00,"1,842",5871
107/06/11,"4,608,595","519,500,140",113.00,114.00,111.50,112.50,+1.50,"2,231",5871
107/06/12,"2,804,159","309,868,990",112.50,112.50,109.50,110.00,-2.50,"1,782",5871
107/06/13,"2,109,087","230,808,283",110.00,110.50,108.50,109.00,-1.00,"1,341",5871
107/06/14,"4,777,953","512,228,945",108.00,109.00,106.50,106.50,-2.50,"2,814",5871
107/06/15,"5,257,697","567,238,919",107.00,109.00,107.00,107.50,+1.00,"1,931",5871
107/06/19,"10,461,059","1,099,788,215",106.50,107.00,104.50,104.50,-3.00,"4,424",5871
107/06/20,"7,727,565","796,585,525",104.50,105.00,102.00,103.00,-1.50,"4,084",5871
107/06/21,"3,686,685","385,896,425",103.50,105.50,103.00,104.50,+1.50,"1,894",5871
107/06/22,"2,503,304","261,458,528",103.50,105.00,103.00,105.00,+0.50,"1,302",5871
107/06/25,"4,240,251","436,165,971",104.50,105.00,102.50,103.00,-2.00,"2,680",5871
107/06/26,"7,600,729","768,329,518",101.50,102.50,100.50,101.00,-2.00,"3,467",5871
107/06/27,"3,363,372","340,475,753",101.00,102.00,101.00,101.00, 0.00,"2,494",5871
107/06/28,"7,270,189","721,459,090",100.00,100.50,98.50,99.00,-2.00,"4,102",5871
107/06/29,"5,427,397","540,161,997",98.90,100.50,98.30,100.00,+1.00,"2,857",5871
107/07/02,"5,318,391","521,037,918",99.50,99.80,97.10,97.20,-2.80,"2,941",5871
107/07/03,"8,057,967","774,913,826",97.20,98.20,94.70,95.20,-2.00,"4,926",5871
107/07/04,"2,059,912","198,380,518",95.90,97.10,95.30,96.20,+1.00,"1,354",5871
107/07/05,"3,971,540","379,623,514",96.00,96.90,94.80,95.10,-1.10,"2,589",5871
107/07/06,"4,482,272","423,566,856",95.30,95.80,93.70,94.80,-0.30,"2,110",5871
107/07/09,"3,365,702","325,357,896",95.30,97.90,94.50,97.60,+2.80,"2,400",5871
107/07/10,"4,866,732","480,650,632",98.20,99.90,97.60,99.90,+2.30,"2,859",5871
107/07/11,"4,140,158","404,607,206",99.00,99.20,97.20,98.10,-1.80,"2,445",5871
107/07/12,"3,417,679","337,272,888",98.00,99.60,97.20,99.10,+1.00,"2,289",5871
107/07/13,"4,032,939","403,161,343",99.90,101.00,99.20,101.00,+1.90,"2,147",5871
107/07/16,"2,566,383","255,706,200",101.00,101.50,99.10,99.40,-1.60,"1,392",5871
107/07/17,"3,091,119","308,423,319",99.90,100.50,99.20,100.00,+0.60,"1,893",5871
107/07/18,"3,087,027","309,316,605",100.50,101.00,99.80,100.00, 0.00,"2,118",5871
107/07/19,"2,299,402","229,512,794",100.00,100.50,99.00,100.00, 0.00,"1,329",5871
107/07/20,"3,073,518","306,587,800",100.00,100.50,99.20,99.70,-0.30,"1,909",5871
107/07/23,"3,272,809","326,439,869",99.80,100.50,99.30,99.50,-0.20,"1,809",5871
107/07/24,"3,772,605","381,852,607",99.60,103.00,99.60,102.50,+3.00,"2,002",5871
107/07/25,"2,295,124","237,222,896",102.50,104.00,102.00,104.00,+1.50,"1,491",5871
107/07/26,"3,303,709","346,840,445",105.00,105.50,104.50,105.00,+1.00,"1,993",5871
107/07/27,"2,414,321","251,601,205",105.00,105.50,103.50,104.50,-0.50,"1,357",5871
107/07/30,"6,623,979","698,415,250",104.50,107.00,104.00,107.00,+2.50,"2,485",5871
107/07/31,"5,553,888","554,715,488",100.00,100.50,99.10,100.00,X0.00,"3,322",5871
107/08/01,"2,523,560","252,103,160",100.00,100.50,99.60,100.50,+0.50,"1,438",5871
107/08/02,"3,408,646","340,340,530",100.50,101.50,99.00,99.60,-0.90,"1,956",5871
107/08/03,"3,567,003","353,521,200",100.00,100.00,98.40,99.30,-0.30,"2,107",5871
107/08/06,"2,164,805","216,035,100",99.30,100.50,98.80,99.70,+0.40,996,5871
107/08/07,"2,401,749","238,439,742",99.80,100.50,98.70,98.70,-1.00,"1,494",5871
107/08/08,"2,172,480","215,304,408",99.30,100.00,98.80,98.80,+0.10,"1,394",5871
107/08/09,"10,520,898","1,070,996,796",99.80,103.00,99.80,101.50,+2.70,"4,435",5871
107/08/10,"3,527,335","362,300,005",102.50,103.50,102.00,102.50,+1.00,"2,219",5871
107/08/13,"5,158,746","528,991,638",103.00,104.00,101.50,102.50, 0.00,"2,402",5871
107/08/14,"3,483,622","360,606,810",103.50,104.50,102.50,104.00,+1.50,"2,318",5871
107/08/15,"3,494,881","357,383,362",104.50,105.00,101.00,101.50,-2.50,"2,178",5871
107/08/16,"7,634,352","753,672,692",100.50,100.50,98.10,98.20,-3.30,"4,543",5871
107/08/17,"3,988,721","396,703,753",98.90,100.50,98.90,99.10,+0.90,"2,649",5871
107/08/20,"3,254,432","319,804,805",99.30,99.70,97.70,98.50,-0.60,"2,210",5871
107/08/21,"4,808,786","476,982,878",98.00,101.00,97.70,100.50,+2.00,"3,126",5871
107/08/22,"3,159,782","316,254,082",100.50,100.50,99.30,100.50, 0.00,"1,670",5871
107/08/23,"3,851,614","390,654,878",100.50,102.00,100.00,102.00,+1.50,"1,625",5871
107/08/24,"2,014,787","205,874,561",102.50,102.50,101.00,102.50,+0.50,"1,632",5871
107/08/27,"4,285,964","443,745,876",103.50,104.00,103.00,104.00,+1.50,"2,583",5871
107/08/28,"3,707,201","385,449,904",104.50,105.00,102.50,104.50,+0.50,"2,134",5871
107/08/29,"3,415,690","352,528,260",103.50,104.50,102.50,103.00,-1.50,"2,063",5871
107/08/30,"2,175,250","224,631,000",103.50,104.00,102.50,104.00,+1.00,"1,553",5871
107/08/31,"2,774,177","289,345,488",103.50,104.50,103.00,104.50,+0.50,"1,326",5871
107/09/03,"3,202,023","334,469,647",105.00,105.00,103.50,104.00,-0.50,"1,336",5871
107/09/04,"1,391,725","144,938,758",104.00,104.50,103.50,104.50,+0.50,892,5871
107/09/05,"1,736,361","180,335,044",104.00,104.50,103.00,103.50,-1.00,"1,016",5871
107/09/06,"1,775,622","183,656,066",102.50,104.00,102.50,103.50, 0.00,"1,217",5871
107/09/07,"4,468,298","459,348,023",103.50,103.50,101.50,102.50,-1.00,"2,529",5871
107/09/10,"3,180,513","322,305,826",103.00,103.00,100.00,102.00,-0.50,"2,158",5871
107/09/11,"4,199,064","421,215,254",102.50,103.00,99.70,99.90,-2.10,"2,099",5871
107/09/12,"2,526,650","252,971,108",100.00,100.50,99.60,100.50,+0.60,"1,664",5871
107/09/13,"2,293,707","230,905,407",101.00,101.00,100.00,101.00,+0.50,"1,458",5871
107/09/14,"2,943,297","302,366,228",102.00,103.50,101.50,103.50,+2.50,"1,925",5871
107/09/17,"2,033,690","210,180,260",103.50,104.00,102.50,104.00,+0.50,"1,208",5871
107/09/18,"4,616,905","481,826,056",103.00,105.00,103.00,105.00,+1.00,"2,683",5871
107/09/19,"4,259,888","449,477,740",105.50,107.00,104.00,105.50,+0.50,"2,453",5871
107/09/20,"5,067,520","541,941,879",105.50,108.50,104.50,108.50,+3.00,"2,881",5871
107/09/21,"13,842,459","1,500,332,572",108.50,109.00,107.00,108.50, 0.00,"2,962",5871
107/09/25,"2,842,958","308,492,926",107.50,109.00,107.00,109.00,+0.50,"1,741",5871
107/09/26,"2,088,027","227,702,943",108.50,109.50,108.00,109.50,+0.50,"1,300",5871
107/09/27,"3,191,364","347,615,987",109.50,110.00,108.00,109.00,-0.50,"1,740",5871
107/09/28,"4,588,813","492,655,991",108.50,109.50,106.00,107.00,-2.00,"2,132",5871
107/10/01,"2,056,571","220,323,097",106.50,108.00,106.00,107.00, 0.00,"1,367",5871
107/10/02,"1,641,672","175,458,404",107.00,107.50,106.50,106.50,-0.50,"1,191",5871
107/10/03,"3,746,864","395,250,220",107.00,108.00,104.00,104.50,-2.00,"1,702",5871
107/10/04,"2,500,756","262,096,745",105.50,105.50,104.00,105.50,+1.00,"1,573",5871
107/10/05,"3,522,507","363,866,728",104.50,105.50,101.50,103.50,-2.00,"2,121",5871
107/10/08,"2,108,958","216,208,680",102.50,104.00,102.00,102.00,-1.50,"1,453",5871
107/10/09,"6,847,082","686,128,215",102.00,102.00,99.50,99.90,-2.10,"3,122",5871
107/10/11,"12,831,289","1,178,994,077",94.00,94.30,90.00,92.00,-7.90,"7,383",5871
107/10/12,"7,911,483","720,787,211",90.80,93.00,89.10,93.00,+1.00,"4,750",5871
107/10/15,"4,713,195","428,624,740",92.00,92.00,90.10,91.40,-1.60,"2,926",5871
107/10/16,"3,782,853","343,892,576",91.00,91.50,90.20,91.50,+0.10,"2,734",5871
107/10/17,"3,962,052","367,726,321",92.80,93.80,92.10,92.90,+1.40,"2,799",5871
107/10/18,"5,100,493","474,613,166",92.90,94.60,91.90,92.40,-0.50,"2,859",5871
107/10/19,"5,782,670","519,463,070",90.30,90.90,89.00,90.80,-1.60,"3,442",5871
107/10/22,"5,495,949","492,743,179",89.50,90.50,88.60,90.30,-0.50,"3,562",5871
107/10/23,"9,595,545","830,131,770",89.10,89.60,84.80,85.30,-5.00,"5,830",5871
107/10/24,"8,429,450","704,294,558",84.00,84.90,82.10,84.30,-1.00,"5,475",5871
107/10/25,"5,070,885","418,234,240",81.30,83.70,81.30,83.70,-0.60,"3,029",5871
107/10/26,"7,123,394","605,984,607",87.50,87.50,83.50,85.00,+1.30,"4,430",5871
107/10/29,"4,609,675","395,289,582",85.50,86.40,84.60,86.40,+1.40,"2,535",5871
107/10/30,"4,515,769","394,042,109",86.70,88.00,85.80,88.00,+1.60,"3,025",5871
107/10/31,"6,606,093","584,863,913",90.20,90.40,87.50,88.20,+0.20,"3,523",5871
107/11/01,"6,557,768","589,937,477",87.60,91.00,87.60,91.00,+2.80,"4,355",5871
107/11/02,"5,583,199","505,431,148",91.00,91.80,89.50,91.30,+0.30,"3,116",5871
107/11/05,"5,780,680","524,713,984",90.40,91.60,89.80,91.50,+0.20,"2,540",5871
107/11/06,"4,288,504","391,522,008",91.90,92.00,90.70,91.30,-0.20,"2,493",5871
107/11/07,"5,389,005","500,041,142",91.90,93.40,91.80,93.40,+2.10,"3,566",5871
107/11/08,"2,639,347","246,926,837",93.90,94.30,92.90,93.50,+0.10,"1,835",5871
107/11/09,"6,022,406","559,817,420",94.00,94.90,90.90,92.10,-1.40,"3,491",5871
107/11/12,"4,760,489","446,562,346",91.60,94.90,91.50,94.90,+2.80,"3,396",5871
107/11/13,"4,173,259","392,488,840",92.20,94.80,92.20,94.80,-0.10,"2,676",5871
107/11/14,"3,757,793","360,029,548",94.50,96.70,94.40,96.70,+1.90,"2,578",5871
107/11/15,"3,995,037","378,950,800",96.30,96.30,94.00,94.50,-2.20,"2,752",5871
107/11/16,"2,633,016","248,082,806",95.50,95.50,93.70,93.90,-0.60,"1,709",5871
107/11/19,"2,210,569","208,700,466",94.00,94.70,93.70,94.70,+0.80,"1,578",5871
107/11/20,"1,887,665","177,264,331",94.00,94.40,93.50,93.50,-1.20,"1,287",5871
107/11/21,"4,461,517","417,454,898",93.90,94.50,92.50,94.50,+1.00,"3,127",5871
107/11/22,"1,886,405","176,528,421",95.00,95.00,93.10,93.10,-1.40,"1,244",5871
107/11/23,"2,899,512","268,309,645",93.50,93.70,91.70,92.00,-1.10,"1,811",5871
107/11/26,"2,208,582","204,491,969",93.00,93.30,91.90,92.20,+0.20,"1,302",5871
107/11/27,"2,960,613","274,561,911",92.20,93.50,91.60,93.50,+1.30,"1,712",5871
107/11/28,"3,207,149","302,515,869",93.80,95.00,93.00,95.00,+1.50,"2,029",5871
107/11/29,"3,124,978","299,470,410",96.40,96.50,95.20,95.20,+0.20,"1,943",5871
107/11/30,"3,602,648","345,941,413",96.20,96.50,95.60,96.10,+0.90,"1,446",5871
107/12/03,"5,688,335","565,296,300",97.80,101.00,97.70,100.50,+4.40,"3,555",5871
107/12/04,"4,311,429","429,286,271",101.50,101.50,98.50,98.50,-2.00,"2,414",5871
107/12/05,"2,782,558","271,578,898",97.30,98.80,96.50,97.70,-0.80,"1,973",5871
107/12/06,"3,138,920","302,645,520",97.90,98.30,95.10,95.30,-2.40,"2,167",5871
107/12/07,"1,867,489","180,964,421",96.00,97.40,95.60,97.30,+2.00,"1,025",5871
107/12/10,"2,134,583","206,759,417",96.00,97.70,96.00,97.10,-0.20,"1,498",5871
107/12/11,"3,826,646","367,746,184",97.50,97.60,95.50,95.70,-1.40,"2,283",5871
107/12/12,"2,131,278","205,635,983",95.80,97.10,95.80,97.10,+1.40,"1,533",5871
107/12/13,"2,414,526","234,426,764",97.30,97.50,96.60,97.10, 0.00,"1,551",5871
107/12/14,"3,138,110","305,097,563",96.60,97.90,96.20,97.90,+0.80,"2,096",5871
107/12/17,"1,513,459","148,413,306",97.90,98.50,97.00,98.30,+0.40,"1,029",5871
107/12/18,"3,717,243","364,178,954",98.00,98.40,97.30,98.00,-0.30,"1,785",5871
107/12/19,"2,146,104","209,165,214",97.90,98.00,97.00,97.40,-0.60,"1,527",5871
107/12/20,"1,224,147","118,939,589",97.50,97.80,96.60,97.30,-0.10,864,5871
107/12/21,"2,725,171","262,998,110",96.40,97.00,96.00,96.50,-0.80,"1,374",5871
107/12/22,"297,590","28,588,440",96.50,96.50,95.80,95.80,-0.70,246,5871
107/12/24,"811,002","77,997,483",95.60,96.60,95.50,96.20,+0.40,589,5871
107/12/25,"1,480,072","140,015,808",94.30,95.30,94.00,94.50,-1.70,"1,125",5871
107/12/26,"1,550,066","147,916,720",95.50,96.20,95.00,95.00,+0.50,861,5871
107/12/27,"2,137,263","205,796,453",96.00,96.90,95.40,96.90,+1.90,"1,711",5871
107/12/28,"2,458,391","238,258,778",97.00,97.30,96.20,96.90, 0.00,"1,541",5871
108/01/02,"3,280,633","322,067,034",98.30,99.10,97.40,98.10,+1.20,"2,183",5871
108/01/03,"3,148,120","306,685,729",97.50,98.00,97.00,97.00,-1.10,"2,430",5871
108/01/04,"4,663,935","454,627,830",97.00,98.10,96.20,98.00,+1.00,"2,973",5871
108/01/07,"7,964,179","786,630,767",99.40,99.70,97.30,99.70,+1.70,"2,720",5871
108/01/08,"3,565,542","356,854,320",100.50,100.50,99.50,100.50,+0.80,"2,012",5871
108/01/09,"6,235,730","644,481,920",101.50,105.00,101.00,105.00,+4.50,"3,873",5871
108/01/10,"6,170,343","651,211,669",105.00,106.50,104.00,106.50,+1.50,"3,011",5871
108/01/11,"3,298,157","347,769,985",107.00,107.00,103.50,105.50,-1.00,"2,112",5871
108/01/14,"2,586,231","273,133,986",105.00,106.50,104.50,106.50,+1.00,"1,654",5871
108/01/15,"3,416,586","366,805,202",106.50,108.00,106.00,108.00,+1.50,"2,153",5871
108/01/16,"2,985,806","320,957,242",108.00,108.50,106.50,107.50,-0.50,"1,934",5871
108/01/17,"2,896,219","313,494,152",107.50,109.00,107.00,109.00,+1.50,"2,018",5871
108/01/18,"1,712,324","185,628,992",109.00,109.00,108.00,108.50,-0.50,"1,121",5871
108/01/21,"2,404,789","261,244,712",109.00,109.50,108.00,109.00,+0.50,"1,271",5871
108/01/22,"4,764,487","524,978,070",109.50,111.00,109.00,111.00,+2.00,"2,706",5871
108/01/23,"1,631,803","179,134,923",110.00,110.50,109.00,110.00,-1.00,"1,112",5871
108/01/24,"3,171,862","347,677,778",110.00,111.00,108.50,109.50,-0.50,"1,574",5871
108/01/25,"3,496,148","389,193,928",111.00,112.00,110.50,112.00,+2.50,"1,986",5871
108/01/28,"1,901,144","212,792,044",113.00,113.00,111.00,112.00, 0.00,"1,358",5871
108/01/29,"2,440,052","272,564,497",112.00,112.00,111.00,112.00, 0.00,"1,067",5871
108/01/30,"3,710,098","417,694,265",112.00,113.00,111.50,113.00,+1.00,"1,941",5871
108/02/11,"3,692,208","414,359,796",112.00,113.50,111.50,112.00,-1.00,"2,241",5871
108/02/12,"1,656,593","186,433,416",112.50,113.00,112.00,112.50,+0.50,"1,219",5871
108/02/13,"1,997,124","225,276,437",114.00,114.00,112.00,113.00,+0.50,"1,345",5871
108/02/14,"2,537,994","286,515,822",113.00,113.50,112.00,113.50,+0.50,"1,448",5871
108/02/15,"2,737,034","306,598,774",113.00,113.50,111.00,111.00,-2.50,"1,668",5871
108/02/18,"6,989,265","808,867,005",112.50,118.00,112.00,118.00,+7.00,"3,862",5871
108/02/19,"5,100,354","583,111,317",118.00,118.00,112.50,112.50,-5.50,"3,051",5871
108/02/20,"4,908,334","566,712,764",114.00,116.50,113.00,116.50,+4.00,"2,429",5871
108/02/21,"2,579,696","299,190,736",115.00,117.00,114.50,116.50, 0.00,"1,658",5871
108/02/22,"1,804,669","208,961,604",116.00,116.50,115.00,116.00,-0.50,"1,310",5871
108/02/25,"2,354,032","275,269,315",116.50,118.00,116.00,117.00,+1.00,"1,385",5871
108/02/26,"4,204,067","498,111,973",117.50,120.00,116.50,119.50,+2.50,"2,223",5871
108/02/27,"3,881,226","465,959,120",119.50,121.00,118.50,121.00,+1.50,"2,086",5871
108/03/04,"3,277,774","393,368,880",120.50,121.00,118.50,120.50,-0.50,"2,120",5871
108/03/05,"1,227,742","146,897,540",119.00,120.00,119.00,120.00,-0.50,882,5871
108/03/06,"2,372,672","279,914,124",120.00,120.00,117.00,117.00,-3.00,"1,805",5871
108/03/07,"3,069,216","355,138,431",117.50,118.00,114.50,115.50,-1.50,"1,761",5871
108/03/08,"2,350,487","269,117,247",115.00,116.00,113.50,114.50,-1.00,"1,658",5871
108/03/11,"3,866,110","437,334,930",113.00,114.50,112.50,113.00,-1.50,"2,327",5871
108/03/12,"2,451,756","280,674,440",113.50,115.50,113.50,115.00,+2.00,"1,635",5871
108/03/13,"1,724,862","196,995,435",114.00,115.00,113.50,114.50,-0.50,774,5871
108/03/14,"1,296,695","149,159,265",114.00,115.50,114.00,115.50,+1.00,"1,062",5871
108/03/15,"2,409,735","280,132,760",115.50,117.00,115.50,116.50,+1.00,968,5871
108/03/18,"3,922,654","468,162,980",118.00,120.50,117.00,120.50,+4.00,"2,078",5871
108/03/19,"2,848,483","338,336,994",121.00,121.00,118.00,118.00,-2.50,"1,861",5871
108/03/20,"7,775,872","953,093,800",120.00,124.00,119.50,123.00,+5.00,"4,058",5871
108/03/21,"2,348,017","287,023,763",123.00,123.00,121.50,122.50,-0.50,"1,286",5871
108/03/22,"1,512,131","185,890,839",122.50,124.00,122.50,123.00,+0.50,881,5871
108/03/25,"3,014,384","364,143,964",121.00,122.00,120.00,121.50,-1.50,"1,689",5871
108/03/26,"2,527,098","310,908,590",122.00,124.00,121.50,123.50,+2.00,"1,390",5871
108/03/27,"1,374,995","168,431,890",123.50,123.50,122.00,122.00,-1.50,912,5871
108/03/28,"1,992,730","244,771,810",120.50,124.00,120.50,123.00,+1.00,"1,108",5871
108/03/29,"4,588,143","571,907,567",124.00,126.00,122.50,126.00,+3.00,"1,935",5871
108/04/01,"3,635,106","458,157,684",126.00,127.50,124.50,125.50,-0.50,"1,951",5871
108/04/02,"3,675,577","470,884,123",126.00,129.00,126.00,129.00,+3.50,"2,297",5871
108/04/03,"1,783,864","229,758,515",128.50,129.50,128.00,129.00, 0.00,"1,023",5871
108/04/08,"6,676,294","883,238,102",130.00,134.00,130.00,134.00,+5.00,"2,368",5871
108/04/09,"2,509,410","332,878,303",133.00,133.50,131.50,133.00,-1.00,"1,659",5871
108/04/10,"3,204,816","425,468,610",132.50,134.00,131.00,133.00, 0.00,"1,613",5871
108/04/11,"2,291,350","302,777,200",132.50,133.00,131.00,132.00,-1.00,"1,579",5871
108/04/12,"2,140,204","285,765,919",133.00,135.00,131.50,135.00,+3.00,"1,441",5871
108/04/15,"2,449,351","330,696,034",135.00,136.50,134.00,134.00,-1.00,"1,428",5871
108/04/16,"1,947,491","260,346,047",133.00,135.00,132.50,132.50,-1.50,"1,325",5871
108/04/17,"2,348,464","312,598,712",132.00,134.50,132.00,133.50,+1.00,"1,361",5871
108/04/18,"2,290,853","300,668,799",134.50,134.50,130.00,130.50,-3.00,"1,403",5871
108/04/19,"1,679,394","220,810,796",131.50,133.00,130.00,132.00,+1.50,818,5871
108/04/22,"475,874","62,777,368",131.50,132.50,131.50,132.50,+0.50,383,5871
108/04/23,"1,459,476","189,831,880",131.50,132.00,129.50,130.00,-2.50,992,5871
108/04/24,"3,635,264","470,679,820",131.50,132.00,127.50,130.00, 0.00,"2,046",5871
108/04/25,"2,497,553","327,919,049",129.50,133.00,128.00,133.00,+3.00,"1,389",5871
108/04/26,"2,162,516","286,019,112",133.00,133.00,131.00,133.00, 0.00,"1,363",5871
108/04/29,"763,484","100,511,388",133.00,133.00,131.00,132.00,-1.00,580,5871
108/04/30,"2,255,090","295,371,822",131.00,132.00,128.50,131.50,-0.50,"1,225",5871
108/05/02,"940,029","123,921,828",131.50,132.50,131.00,132.00,+0.50,621,5871
108/05/03,"1,406,452","186,387,616",132.00,133.50,131.00,133.00,+1.00,736,5871
108/05/06,"1,698,226","220,510,106",130.50,131.00,129.00,129.50,-3.50,"1,186",5871
108/05/07,"1,973,765","259,940,480",130.00,133.00,129.50,132.50,+3.00,"1,207",5871
108/05/08,"2,786,595","369,038,135",130.00,134.00,129.50,133.00,+0.50,"1,731",5871
108/05/09,"3,181,491","415,742,230",131.50,132.00,129.50,129.50,-3.50,"1,946",5871
108/05/10,"9,442,728","1,179,911,626",128.00,128.50,123.00,123.00,-6.50,"5,326",5871
108/05/13,"6,292,850","749,839,405",122.00,122.00,117.00,120.00,-3.00,"4,002",5871
108/05/14,"4,707,888","555,618,672",117.50,119.50,117.00,117.50,-2.50,"3,172",5871
108/05/15,"2,506,811","296,480,320",118.00,119.00,117.00,119.00,+1.50,"1,842",5871
108/05/16,"3,165,817","372,543,272",120.00,120.50,116.00,116.00,-3.00,"2,127",5871
108/05/17,"4,573,821","525,526,415",116.50,117.00,114.00,114.50,-1.50,"2,845",5871
108/05/20,"1,636,909","188,322,444",115.00,116.00,114.00,115.00,+0.50,"1,252",5871
108/05/21,"4,234,428","497,895,970",115.50,119.00,115.00,118.00,+3.00,"2,638",5871
108/05/22,"1,759,351","205,684,418",117.50,118.00,116.00,116.50,-1.50,"1,146",5871
108/05/23,"3,502,759","398,594,656",116.00,116.00,112.50,114.50,-2.00,"2,317",5871
108/05/24,"2,630,891","305,515,794",116.00,117.50,115.50,115.50,+1.00,"1,889",5871
108/05/27,"1,463,682","169,385,794",115.50,117.00,115.00,115.50, 0.00,"1,067",5871
108/05/28,"4,966,215","567,409,225",115.50,116.50,114.00,114.00,-1.50,"1,216",5871
108/05/29,"3,077,283","350,796,545",113.00,115.00,113.00,114.50,+0.50,"1,605",5871
108/05/30,"3,913,123","455,726,991",114.50,118.00,114.00,116.50,+2.00,"1,870",5871
108/05/31,"3,739,524","438,235,332",117.50,118.50,116.50,116.50, 0.00,"2,238",5871
108/06/03,"1,857,443","217,146,717",116.00,118.00,114.50,118.00,+1.50,"1,224",5871
108/06/04,"2,935,041","349,928,435",119.00,120.00,118.50,119.50,+1.50,"1,910",5871
108/06/05,"2,303,037","272,866,372",119.50,120.00,117.50,117.50,-2.00,"1,389",5871
108/06/06,"2,627,933","304,750,189",117.00,118.00,115.00,115.50,-2.00,"1,441",5871
108/06/10,"3,260,880","387,504,600",117.50,120.50,116.50,120.00,+4.50,"1,900",5871
108/06/11,"7,001,114","871,691,250",121.00,126.00,121.00,125.00,+5.00,"3,506",5871
108/06/12,"4,401,526","554,120,776",124.50,128.00,124.00,125.50,+0.50,"2,109",5871
108/06/13,"4,293,104","528,585,234",125.00,125.00,121.00,121.00,-4.50,"2,107",5871
108/06/14,"2,000,983","244,877,426",121.50,123.50,121.50,122.00,+1.00,"1,375",5871
108/06/17,"2,592,767","323,435,752",122.50,126.00,122.50,125.00,+3.00,"1,600",5871
108/06/18,"2,456,980","307,608,979",124.50,126.00,124.00,125.50,+0.50,"1,580",5871
108/06/19,"4,027,519","513,008,432",126.50,128.00,125.50,128.00,+2.50,"2,485",5871
108/06/20,"3,506,840","448,200,520",128.00,129.00,126.00,128.00, 0.00,"2,073",5871
108/06/21,"6,130,076","793,411,750",128.00,131.00,128.00,128.50,+0.50,"2,601",5871
108/06/24,"1,887,326","244,248,380",128.50,130.00,128.50,130.00,+1.50,929,5871
108/06/25,"2,854,052","368,402,458",129.00,129.50,128.50,129.00,-1.00,"1,328",5871
108/06/26,"3,210,715","411,494,520",128.50,129.50,127.00,128.50,-0.50,"1,665",5871
108/06/27,"3,239,007","417,913,503",128.50,130.00,128.00,129.00,+0.50,"1,640",5871
108/06/28,"2,458,917","316,791,325",129.50,130.00,128.00,128.50,-0.50,"1,132",5871
108/07/01,"2,419,518","316,127,858",129.00,132.00,129.00,131.00,+2.50,"1,275",5871
108/07/02,"1,804,278","237,746,196",131.00,132.50,130.50,132.50,+1.50,"1,338",5871
108/07/03,"2,341,273","306,196,036",130.50,132.00,130.00,131.00,-1.50,"1,246",5871
108/07/04,"1,764,383","234,178,237",132.50,133.50,131.50,132.50,+1.50,"1,047",5871
108/07/05,"3,443,270","464,203,950",133.00,136.00,133.00,135.50,+3.00,"1,700",5871
108/07/08,"2,441,795","328,300,530",135.00,135.50,133.50,134.00,-1.50,"1,124",5871
108/07/09,"1,380,941","185,533,094",134.00,135.00,133.50,135.00,+1.00,893,5871
108/07/10,"1,844,904","249,731,381",134.50,137.00,134.50,136.50,+1.50,"1,231",5871
108/07/11,"2,007,762","273,885,498",136.50,137.00,135.50,136.50, 0.00,"1,322",5871
108/07/12,"2,237,535","302,254,201",136.50,136.50,134.00,135.00,-1.50,"1,092",5871
108/07/15,"2,343,837","319,941,071",135.00,138.00,134.50,137.50,+2.50,"1,072",5871
108/07/16,"2,837,118","389,395,406",138.00,138.50,136.50,137.50, 0.00,910,5871
108/07/17,"1,570,235","215,413,430",136.50,138.00,136.50,138.00,+0.50,"1,050",5871
108/07/18,"1,475,968","203,738,793",137.50,139.00,137.00,138.00, 0.00,792,5871
108/07/19,"2,777,924","387,724,936",138.50,140.50,138.00,139.00,+1.00,"1,394",5871
108/07/22,"3,190,688","446,111,959",139.50,140.50,139.00,139.50,+0.50,"1,295",5871
108/07/23,"4,530,411","621,230,837",139.50,140.00,136.00,136.00,-3.50,"1,980",5871
108/07/24,"2,666,097","362,943,692",136.00,137.50,135.00,136.00, 0.00,"1,517",5871
108/07/25,"3,200,502","443,859,278",137.00,139.50,137.00,139.00,+3.00,"1,814",5871
108/07/26,"2,277,350","318,249,500",140.00,140.50,139.00,140.50,+1.50,"1,222",5871
108/07/29,"3,072,725","434,736,225",141.00,142.50,140.50,141.00,+0.50,"1,494",5871
108/07/30,"3,700,257","517,837,823",141.00,141.50,139.00,139.50,-1.50,"1,813",5871
108/07/31,"4,541,683","599,189,984",132.50,133.50,130.50,131.50,X0.00,"2,646",5871
108/08/01,"4,235,966","557,048,450",131.00,133.50,130.00,133.00,+1.50,"2,480",5871
108/08/02,"11,061,020","1,404,666,060",130.00,130.50,124.00,125.50,-7.50,"6,213",5871
108/08/05,"4,277,521","533,488,646",124.50,127.00,123.00,124.00,-1.50,"3,148",5871
108/08/06,"3,720,726","453,523,476",120.00,124.00,119.00,124.00, 0.00,"2,703",5871
108/08/07,"2,951,904","368,949,904",124.50,127.00,123.50,124.00, 0.00,"1,996",5871
108/08/08,"2,498,642","311,278,750",124.50,125.50,124.00,124.00, 0.00,"1,436",5871
108/08/12,"3,314,650","414,341,250",125.00,127.00,123.50,123.50,-0.50,"2,198",5871
108/08/13,"3,780,424","459,164,431",123.50,123.50,120.50,121.00,-2.50,"2,379",5871
108/08/14,"7,312,153","908,012,935",123.00,125.50,122.50,123.50,+2.50,"3,530",5871
108/08/15,"3,952,439","486,039,375",120.50,124.50,120.50,124.00,+0.50,"1,949",5871
108/08/16,"2,935,785","360,612,840",124.00,124.50,121.50,123.00,-1.00,"1,674",5871
108/08/19,"1,802,264","224,921,764",123.50,125.50,123.50,125.00,+2.00,"1,305",5871
108/08/20,"1,906,376","239,238,376",125.00,126.00,125.00,125.00, 0.00,"1,298",5871
108/08/21,"1,265,595","158,687,668",125.50,126.00,125.00,125.00, 0.00,"1,078",5871
108/08/22,"1,615,505","201,727,375",125.50,126.00,124.00,125.00, 0.00,911,5871
108/08/23,"1,862,580","231,536,787",125.00,125.00,123.50,125.00, 0.00,"1,171",5871
108/08/26,"3,433,755","418,307,365",123.00,123.50,121.00,122.00,-3.00,"2,254",5871
108/08/27,"3,412,064","413,982,808",122.00,123.00,121.00,121.00,-1.00,"1,374",5871
108/08/28,"1,155,617","140,038,274",121.00,122.00,121.00,121.00, 0.00,837,5871
108/08/29,"2,154,491","259,295,902",121.00,121.00,119.50,121.00, 0.00,"1,291",5871
108/08/30,"2,792,622","344,903,250",122.00,124.50,121.50,124.50,+3.50,"1,570",5871
108/09/02,"5,602,280","709,811,973",124.50,128.00,124.00,127.00,+2.50,"2,898",5871
108/09/03,"2,592,332","327,534,124",127.50,127.50,125.50,126.00,-1.00,"1,546",5871
108/09/04,"1,583,491","200,069,357",126.00,127.00,125.50,127.00,+1.00,"1,130",5871
108/09/05,"2,008,746","256,221,857",127.50,128.00,127.00,127.50,+0.50,"1,269",5871
108/09/06,"4,299,766","556,381,658",128.00,130.00,128.00,129.50,+2.00,"2,319",5871
108/09/09,"2,151,982","280,980,582",130.50,131.00,130.00,131.00,+1.50,"1,601",5871
108/09/10,"4,086,633","529,042,456",131.50,131.50,128.00,129.50,-1.50,"2,179",5871
108/09/11,"1,944,205","251,437,650",130.00,130.00,128.50,130.00,+0.50,"1,358",5871
108/09/12,"3,514,358","459,760,398",130.50,131.50,129.50,131.00,+1.00,"2,107",5871
108/09/16,"3,654,108","483,616,288",132.00,133.00,131.00,132.50,+1.50,"2,080",5871
108/09/17,"4,549,705","588,372,044",132.00,132.50,128.00,128.00,-4.50,"2,493",5871
108/09/18,"2,753,706","355,420,908",128.00,130.00,128.00,129.50,+1.50,"1,705",5871
108/09/19,"2,635,336","338,021,844",130.00,130.00,127.50,128.50,-1.00,"1,577",5871
108/09/20,"3,067,611","393,924,319",128.00,129.00,128.00,128.50, 0.00,"1,443",5871
108/09/23,"1,297,365","165,831,388",128.00,128.50,127.50,128.00,-0.50,964,5871
108/09/24,"2,835,908","358,751,816",128.00,128.00,125.50,126.50,-1.50,"2,056",5871
108/09/25,"2,742,199","342,397,574",125.50,126.00,124.00,125.00,-1.50,"1,860",5871
108/09/26,"1,616,757","203,933,744",126.00,127.00,125.50,126.00,+1.00,"1,159",5871
108/09/27,"1,403,014","176,340,264",126.50,126.50,125.00,125.00,-1.00,"1,031",5871
108/10/01,"3,039,256","388,852,370",127.00,128.50,126.00,128.50,+3.50,"2,275",5871
108/10/02,"1,215,517","156,079,193",127.50,129.00,127.50,129.00,+0.50,899,5871
108/10/03,"2,109,167","266,736,209",126.50,127.00,126.00,126.00,-3.00,"1,520",5871
108/10/04,"697,281","88,159,687",126.00,127.00,126.00,126.50,+0.50,572,5871
108/10/07,"1,170,725","147,101,696",126.50,126.50,125.00,125.50,-1.00,828,5871
108/10/08,"2,211,442","277,525,948",125.50,126.50,125.00,125.00,-0.50,"1,470",5871
108/10/09,"3,316,907","410,560,468",124.50,125.00,123.00,123.00,-2.00,"1,784",5871
108/10/14,"4,150,207","527,232,496",125.50,128.00,125.00,128.00,+5.00,"2,738",5871
108/10/15,"2,282,372","293,205,358",128.00,129.00,127.50,129.00,+1.00,"1,498",5871
108/10/16,"4,836,861","629,158,791",129.50,131.00,128.50,131.00,+2.00,"3,227",5871
108/10/17,"2,930,008","383,774,048",131.00,131.50,130.50,131.00, 0.00,"2,064",5871
108/10/18,"3,081,197","405,127,504",131.50,132.00,130.50,132.00,+1.00,"1,956",5871
108/10/21,"1,783,687","234,167,328",132.00,132.00,130.50,132.00, 0.00,"1,097",5871
108/10/22,"7,228,065","973,940,340",133.00,137.00,132.50,136.50,+4.50,"3,869",5871
108/10/23,"3,945,707","543,217,859",137.00,138.50,136.50,137.50,+1.00,"2,330",5871
108/10/24,"4,615,631","637,792,381",138.50,139.50,137.00,138.50,+1.00,"2,106",5871
108/10/25,"4,244,748","574,805,082",137.00,137.50,134.00,134.50,-4.00,"2,315",5871
108/10/28,"2,360,357","318,045,445",135.50,135.50,134.00,135.00,+0.50,"1,402",5871
108/10/29,"2,820,906","382,949,250",136.00,136.50,135.00,136.00,+1.00,"1,355",5871
108/10/30,"2,032,107","276,477,552",136.50,136.50,135.00,136.00, 0.00,"1,395",5871
108/10/31,"2,554,562","350,909,259",136.50,138.00,136.00,137.50,+1.50,"1,483",5871
108/11/01,"1,761,175","242,344,547",137.50,138.50,137.00,137.50, 0.00,"1,173",5871
108/11/04,"2,636,390","365,618,872",137.50,140.00,136.50,140.00,+2.50,"1,698",5871
108/11/05,"1,700,963","235,970,357",140.00,140.00,138.00,139.00,-1.00,"1,217",5871
108/11/06,"1,698,994","234,749,666",138.50,139.00,137.00,139.00, 0.00,"1,122",5871
108/11/07,"2,075,143","287,297,287",139.00,139.50,137.50,138.50,-0.50,"1,165",5871
108/11/08,"4,266,705","597,746,320",139.00,141.50,138.50,140.50,+2.00,"2,376",5871
108/11/11,"4,725,475","666,137,000",142.00,142.50,139.50,141.00,+0.50,"2,404",5871
108/11/12,"2,422,403","340,249,107",140.50,141.00,139.50,141.00, 0.00,"1,491",5871
108/11/13,"2,578,919","359,234,254",141.00,141.50,138.50,138.50,-2.50,"1,683",5871
108/11/14,"1,837,646","254,141,713",138.50,139.00,137.00,139.00,+0.50,"1,144",5871
108/11/15,"1,906,253","267,344,460",140.00,141.00,139.50,140.00,+1.00,974,5871
108/11/18,"1,895,216","267,761,456",141.00,142.00,140.00,142.00,+2.00,"1,141",5871
108/11/19,"3,820,458","547,770,452",142.00,144.50,141.00,144.00,+2.00,"2,232",5871
108/11/20,"1,441,408","206,225,034",144.00,144.00,142.50,143.50,-0.50,932,5871
108/11/21,"2,190,732","309,759,562",142.50,142.50,140.50,141.50,-2.00,"1,231",5871
108/11/22,"1,992,792","280,007,880",141.50,142.00,140.00,140.00,-1.50,"1,292",5871
108/11/25,"2,347,783","330,977,903",141.00,141.50,140.00,141.50,+1.50,"1,538",5871
108/11/26,"6,474,900","906,116,021",141.50,142.00,139.00,139.00,-2.50,"2,187",5871
108/11/27,"2,507,614","350,425,638",139.50,140.50,139.00,139.50,+0.50,"1,528",5871
108/11/28,"1,754,152","244,014,628",140.00,140.00,138.50,139.00,-0.50,"1,127",5871
108/11/29,"2,264,699","311,148,763",139.50,139.50,136.50,136.50,-2.50,"1,370",5871
108/12/02,"1,584,301","216,097,079",138.00,138.00,135.50,136.00,-0.50,"1,104",5871
108/12/03,"2,946,368","405,366,457",136.00,138.50,136.00,138.00,+2.00,"1,565",5871
108/12/04,"4,118,435","558,296,370",138.50,138.50,134.50,135.00,-3.00,"2,022",5871
108/12/05,"3,076,860","415,560,460",136.00,136.50,134.00,135.50,+0.50,"1,958",5871
108/12/06,"4,940,353","661,561,655",135.50,136.00,132.50,134.00,-1.50,"2,505",5871
108/12/09,"3,555,760","478,216,717",135.00,135.50,133.50,134.50,+0.50,"1,657",5871
108/12/10,"4,481,846","594,668,710",134.00,134.00,131.00,134.00,-0.50,"2,072",5871
108/12/11,"6,458,543","877,242,891",135.50,137.00,135.00,136.00,+2.00,"2,265",5871
108/12/12,"5,249,727","712,622,472",136.50,136.50,135.00,135.00,-1.00,"2,627",5871
108/12/13,"5,647,165","766,224,440",136.00,136.50,134.50,135.00, 0.00,"2,241",5871
108/12/16,"4,660,168","640,673,352",135.00,138.50,135.00,138.00,+3.00,"2,388",5871
108/12/17,"5,624,681","783,800,840",139.00,140.00,138.50,140.00,+2.00,"2,830",5871
108/12/18,"3,280,185","453,424,613",139.00,139.00,137.50,137.50,-2.50,"1,917",5871
108/12/19,"2,220,313","306,075,836",138.50,138.50,137.00,138.50,+1.00,"1,096",5871
108/12/20,"3,703,659","515,549,414",139.00,140.00,138.00,139.50,+1.00,"1,431",5871
108/12/23,"1,999,388","278,475,005",140.00,140.00,138.50,139.50, 0.00,"1,090",5871
108/12/24,"923,362","127,811,128",139.50,139.50,138.00,138.50,-1.00,652,5871
108/12/25,"549,851","75,931,355",138.50,139.00,137.50,138.50, 0.00,413,5871
108/12/26,"724,169","100,490,991",139.00,139.50,138.50,138.50, 0.00,564,5871
108/12/27,"987,854","137,400,115",139.50,139.50,138.50,139.50,+1.00,646,5871
108/12/30,"1,876,320","262,504,945",139.50,140.50,139.00,140.50,+1.00,"1,168",5871
108/12/31,"1,845,087","255,849,093",139.50,140.00,138.00,138.00,-2.50,"1,047",5871
109/01/02,"2,258,338","310,144,644",138.50,139.00,136.50,137.50,-0.50,"1,379",5871
109/01/03,"2,412,415","329,277,855",137.50,138.00,135.50,136.50,-1.00,"1,591",5871
109/01/06,"3,738,147","506,695,551",137.00,137.50,134.50,135.00,-1.50,"1,666",5871
109/01/07,"5,445,314","751,124,711",136.50,139.00,136.50,138.50,+3.50,"2,696",5871
109/01/08,"3,474,094","474,592,378",137.50,137.50,135.50,136.50,-2.00,"1,864",5871
109/01/09,"2,297,829","315,193,979",137.50,138.00,136.00,137.00,+0.50,"1,456",5871
109/01/10,"2,911,278","399,135,215",137.50,138.50,136.00,137.50,+0.50,"1,904",5871
109/01/13,"5,206,716","727,605,583",139.50,140.50,138.50,140.00,+2.50,"2,846",5871
109/01/14,"5,313,380","753,565,460",140.50,142.50,140.50,142.50,+2.50,"2,778",5871
109/01/15,"3,531,305","503,815,310",142.50,143.50,141.50,142.50, 0.00,"2,147",5871
109/01/16,"2,397,339","342,074,477",143.00,143.00,141.50,143.00,+0.50,"1,418",5871
109/01/17,"2,245,659","319,600,391",143.50,143.50,141.50,142.50,-0.50,"1,257",5871
109/01/20,"1,475,465","210,071,995",143.00,143.50,142.00,142.50, 0.00,872,5871
109/01/30,"13,458,137","1,745,041,810",133.50,134.00,128.50,128.50,-14.00,"7,367",5871
109/01/31,"8,288,630","1,052,765,028",128.50,129.50,125.50,127.00,-1.50,"4,135",5871
109/02/03,"8,794,413","1,072,301,172",122.50,123.00,120.00,122.50,-4.50,"4,650",5871
109/02/04,"5,261,674","670,593,620",125.00,129.00,124.50,128.00,+5.50,"2,919",5871
109/02/05,"5,359,175","691,479,813",129.50,130.50,126.00,129.50,+1.50,"2,848",5871
109/02/06,"3,607,255","473,152,262",130.50,132.00,129.50,132.00,+2.50,"2,189",5871
109/02/07,"4,717,184","604,704,126",131.00,131.00,126.50,126.50,-5.50,"2,963",5871
109/02/10,"5,352,068","662,744,086",123.00,126.50,121.00,126.00,-0.50,"3,004",5871
109/02/11,"3,129,401","393,920,927",126.00,127.00,125.00,126.00, 0.00,"2,114",5871
109/02/12,"4,532,998","567,465,246",125.50,127.00,123.50,126.00, 0.00,"2,417",5871
109/02/13,"3,749,703","474,704,281",126.50,128.00,126.00,126.00, 0.00,"2,110",5871
109/02/14,"2,486,413","310,867,227",125.50,125.50,124.00,125.50,-0.50,"1,622",5871
109/02/17,"4,059,089","517,198,981",126.00,129.00,125.00,128.50,+3.00,"2,342",5871
109/02/18,"2,938,766","377,626,418",128.00,129.00,128.00,128.00,-0.50,"1,799",5871
109/02/19,"2,448,992","314,896,457",128.50,129.50,127.50,128.00, 0.00,"1,835",5871
109/02/20,"7,011,499","882,789,374",128.50,128.50,124.50,124.50,-3.50,"3,745",5871
109/02/21,"3,437,534","428,037,502",125.50,125.50,124.00,124.50, 0.00,"2,118",5871
109/02/24,"9,863,597","1,189,650,237",122.00,122.50,119.00,120.00,-4.50,"5,846",5871
109/02/25,"7,906,442","933,713,312",116.00,120.00,115.50,118.00,-2.00,"4,493",5871
109/02/26,"6,380,626","748,285,368",116.50,118.00,116.50,117.00,-1.00,"4,129",5871
109/02/27,"6,549,317","759,757,272",117.00,118.00,115.00,115.00,-2.00,"3,597",5871
109/03/02,"9,369,736","1,060,610,370",113.50,116.00,110.00,114.00,-1.00,"4,452",5871
109/03/03,"5,181,561","603,940,637",116.50,117.50,116.00,116.00,+2.00,"2,990",5871
109/03/04,"5,471,539","626,640,234",116.00,116.50,113.50,114.50,-1.50,"2,768",5871
109/03/05,"5,494,412","644,904,056",116.00,118.50,116.00,118.00,+3.50,"2,439",5871
109/03/06,"7,944,034","915,515,400",116.50,117.00,114.00,114.50,-3.50,"3,355",5871
109/03/09,"12,752,997","1,381,551,426",110.00,111.00,107.00,107.00,-7.50,"7,037",5871
109/03/10,"9,895,216","1,034,192,612",102.00,107.00,102.00,106.00,-1.00,"5,676",5871
109/03/11,"8,699,304","939,430,847",108.00,110.00,106.00,106.00, 0.00,"4,735",5871
109/03/12,"10,443,943","1,064,050,686",106.50,106.50,100.00,101.50,-4.50,"5,446",5871
109/03/13,"15,277,843","1,425,813,321",95.10,97.40,91.50,97.40,-4.10,"8,916",5871
109/03/16,"9,021,499","855,605,596",96.50,96.50,93.20,94.00,-3.40,"5,761",5871
109/03/17,"15,107,341","1,339,717,531",89.00,91.40,87.10,87.30,-6.70,"9,469",5871
109/03/18,"11,706,164","1,020,155,493",87.90,89.00,86.20,86.30,-1.00,"6,359",5871
109/03/19,"12,109,335","947,410,264",80.30,80.90,77.70,77.70,-8.60,"5,583",5871
109/03/20,"14,511,478","1,201,147,681",78.90,85.40,78.50,85.40,+7.70,"7,955",5871
109/03/23,"9,145,594","730,603,261",79.80,81.50,77.00,80.10,-5.30,"4,908",5871
109/03/24,"7,244,256","633,631,628",84.60,88.10,84.50,87.10,+7.00,"3,924",5871
109/03/25,"10,233,842","945,202,064",93.20,93.90,90.50,91.00,+3.90,"6,363",5871
109/03/26,"11,089,229","1,041,181,956",92.10,97.60,90.50,96.50,+5.50,"6,590",5871
109/03/27,"9,494,763","937,468,759",99.60,102.00,96.10,96.70,+0.20,"6,087",5871
109/03/30,"6,280,926","584,423,897",92.70,94.60,91.30,93.70,-3.00,"4,016",5871
109/03/31,"10,993,526","1,020,565,492",94.60,96.20,91.50,91.50,-2.20,"5,881",5871
109/04/01,"5,266,259","484,732,030",91.00,93.00,90.70,92.30,+0.80,"3,535",5871
109/04/06,"13,263,691","1,198,997,714",90.00,91.50,89.20,91.10,-1.20,"7,114",5871
109/04/07,"11,693,784","1,106,159,295",93.90,95.70,93.50,94.50,+3.40,"6,022",5871
109/04/08,"5,893,365","562,170,415",94.00,96.50,93.90,96.10,+1.60,"3,711",5871
109/04/09,"4,980,647","478,306,891",97.30,97.40,95.10,96.30,+0.20,"3,194",5871
109/04/10,"4,398,938","426,073,562",96.10,98.20,95.30,98.20,+1.90,"2,839",5871
109/04/13,"3,132,152","303,929,044",98.40,98.50,96.30,96.40,-1.80,"2,233",5871
109/04/14,"5,867,064","577,277,864",96.40,100.00,95.80,100.00,+3.60,"3,833",5871
109/04/15,"7,298,999","743,013,897",101.50,103.00,100.00,102.00,+2.00,"4,445",5871
109/04/16,"6,890,016","685,577,100",99.80,100.50,98.50,99.60,-2.40,"4,239",5871
109/04/17,"6,213,986","627,072,975",101.50,102.50,99.30,99.50,-0.10,"3,880",5871
109/04/20,"2,962,445","297,448,645",100.50,101.00,99.70,101.00,+1.50,"1,780",5871
109/04/21,"7,083,625","694,469,325",99.20,100.00,96.40,96.50,-4.50,"4,992",5871
109/04/22,"4,487,265","431,806,479",95.50,97.10,95.20,97.00,+0.50,"3,303",5871
109/04/23,"3,269,079","319,966,264",97.20,99.00,97.10,97.90,+0.90,"2,166",5871
109/04/24,"3,457,320","342,689,597",99.80,99.80,98.50,98.70,+0.80,"2,404",5871
109/04/27,"3,721,978","374,210,956",100.50,101.50,99.40,101.00,+2.30,"2,142",5871
109/04/28,"4,663,344","477,609,595",102.00,103.50,101.00,103.00,+2.00,"2,820",5871
109/04/29,"10,709,380","1,164,950,180",104.50,112.00,104.00,111.00,+8.00,"6,735",5871
109/04/30,"10,325,331","1,178,918,870",112.50,116.00,112.50,114.50,+3.50,"6,006",5871
109/05/04,"9,531,472","1,041,701,920",110.50,110.50,108.00,108.50,-6.00,"5,518",5871
109/05/05,"6,184,206","683,597,106",109.00,112.00,109.00,110.50,+2.00,"3,348",5871
109/05/06,"6,704,528","750,617,164",110.00,114.00,108.50,113.00,+2.50,"4,333",5871
109/05/07,"4,861,981","547,026,691",112.50,113.50,111.50,113.00, 0.00,"2,979",5871
109/05/08,"3,776,728","426,851,620",114.50,114.50,111.50,113.00, 0.00,"2,501",5871
109/05/11,"5,636,021","655,171,457",114.00,117.50,113.50,116.50,+3.50,"3,668",5871
109/05/12,"3,868,544","448,014,648",116.00,116.50,115.00,116.00,-0.50,"2,614",5871
109/05/13,"4,414,496","505,442,008",113.50,116.50,112.50,116.50,+0.50,"2,561",5871
109/05/14,"6,373,618","728,698,974",116.00,116.00,112.50,113.00,-3.50,"3,401",5871
109/05/15,"6,746,901","757,276,252",114.00,115.00,110.00,112.50,-0.50,"2,818",5871
109/05/18,"2,560,498","285,933,276",111.00,113.00,110.50,111.50,-1.00,"1,610",5871
109/05/19,"4,010,029","452,331,277",114.00,114.00,111.50,113.00,+1.50,"2,245",5871
109/05/20,"4,600,876","519,703,348",113.00,113.50,112.50,113.00, 0.00,"1,234",5871
109/05/21,"3,933,489","448,885,984",113.50,115.00,113.00,114.00,+1.00,"2,211",5871
109/05/22,"3,205,699","359,400,288",113.50,113.50,111.00,111.50,-2.50,"2,136",5871
109/05/25,"5,252,823","597,926,036",113.00,115.50,111.00,115.50,+4.00,"2,791",5871
109/05/26,"5,386,367","634,514,306",117.00,118.50,116.50,117.50,+2.00,"3,427",5871
109/05/27,"3,209,073","374,909,541",118.00,119.00,116.00,116.00,-1.50,"1,842",5871
109/05/28,"4,323,100","505,254,741",118.00,118.00,115.50,116.50,+0.50,"2,114",5871
109/05/29,"5,032,029","587,221,422",115.50,118.00,115.00,116.50, 0.00,"1,866",5871
109/06/01,"3,863,981","458,950,739",117.50,120.00,117.00,119.00,+2.50,"2,620",5871
109/06/02,"2,738,186","327,308,211",119.50,120.50,118.50,119.00, 0.00,"1,735",5871
109/06/03,"6,286,766","763,690,808",121.00,123.00,120.00,122.50,+3.50,"4,023",5871
109/06/04,"5,845,489","719,229,636",123.00,124.00,121.50,124.00,+1.50,"3,449",5871
109/06/05,"2,290,148","282,913,852",124.50,124.50,123.00,123.50,-0.50,"1,556",5871
109/06/08,"4,072,289","505,119,944",124.50,125.00,123.00,124.50,+1.00,"1,882",5871
109/06/09,"3,925,365","492,976,647",125.50,126.50,124.50,126.00,+1.50,"2,445",5871
109/06/10,"5,564,707","716,964,539",126.00,130.50,125.50,129.50,+3.50,"3,555",5871
109/06/11,"7,343,811","937,674,248",130.00,130.50,125.00,125.00,-4.50,"4,119",5871
109/06/12,"5,807,797","712,742,207",121.00,125.00,120.00,124.00,-1.00,"3,379",5871
109/06/15,"4,033,874","498,764,502",125.00,125.00,122.50,123.00,-1.00,"2,290",5871
109/06/16,"4,116,616","521,008,514",124.50,128.00,124.00,127.50,+4.50,"2,559",5871
109/06/17,"3,007,698","383,934,976",128.50,129.00,126.50,127.00,-0.50,"2,037",5871
109/06/18,"3,454,895","440,839,955",128.00,128.50,126.00,128.00,+1.00,"1,822",5871
109/06/19,"4,683,846","596,889,788",128.50,129.00,127.00,127.00,-1.00,"2,164",5871
109/06/22,"5,671,334","722,869,895",127.00,128.50,126.50,128.00,+1.00,"2,936",5871
109/06/23,"7,589,262","902,564,440",119.50,120.50,117.00,118.50,X0.00,"4,593",5871
109/06/24,"2,656,984","317,077,559",119.50,120.00,118.50,119.00,+0.50,"1,662",5871
109/06/29,"6,385,609","758,429,689",118.50,120.00,117.50,120.00,+1.00,"2,083",5871
109/06/30,"5,930,010","730,060,082",120.50,125.00,120.00,125.00,+5.00,"2,596",5871
109/07/01,"4,007,604","504,613,104",125.00,127.00,125.00,126.00,+1.00,"2,119",5871
109/07/02,"5,517,922","701,789,514",126.50,128.00,126.00,126.50,+0.50,"2,508",5871
109/07/03,"2,591,599","329,117,863",128.00,128.00,126.50,127.00,+0.50,"1,484",5871
109/07/06,"3,748,386","481,390,294",127.50,129.00,127.00,129.00,+2.00,"2,092",5871
109/07/07,"3,864,613","495,259,256",130.00,131.00,126.50,128.50,-0.50,"2,126",5871
109/07/08,"2,512,251","321,881,628",128.50,128.50,127.50,128.00,-0.50,"1,512",5871
109/07/09,"2,251,002","288,266,256",128.50,129.00,127.50,127.50,-0.50,"1,398",5871
109/07/10,"3,956,050","495,255,748",127.00,127.00,124.00,125.00,-2.50,"2,012",5871
109/07/13,"2,243,096","281,546,096",126.00,126.50,125.00,125.50,+0.50,"1,267",5871
109/07/14,"3,116,366","385,421,384",125.00,125.00,122.50,123.50,-2.00,"1,748",5871
109/07/15,"3,109,831","384,305,609",124.00,125.00,122.50,123.50, 0.00,"1,651",5871
109/07/16,"3,150,712","391,600,626",123.50,126.00,123.00,123.50, 0.00,"1,645",5871
109/07/17,"2,966,896","365,391,104",124.00,125.00,122.00,123.00,-0.50,"1,525",5871
109/07/20,"2,157,224","266,607,583",123.00,124.50,122.00,124.00,+1.00,"1,003",5871
109/07/21,"2,426,054","304,775,906",124.50,126.00,124.50,126.00,+2.00,"1,587",5871
109/07/22,"1,662,727","209,299,829",126.00,126.50,125.50,126.00, 0.00,"1,049",5871
109/07/23,"1,563,422","195,921,672",126.00,126.00,124.50,125.00,-1.00,843,5871
109/07/24,"3,180,550","396,265,200",124.50,126.00,123.00,123.00,-2.00,"1,630",5871
109/07/27,"2,873,174","354,515,471",123.00,124.50,122.50,123.00, 0.00,"1,230",5871
109/07/28,"4,245,279","516,773,038",122.00,123.00,120.50,121.50,-1.50,"2,058",5871
109/07/29,"3,747,804","464,791,088",121.00,125.50,120.50,124.50,+3.00,"1,975",5871
109/07/30,"2,312,387","286,551,465",125.00,125.00,123.00,124.50, 0.00,"1,121",5871
109/07/31,"1,868,782","230,160,022",124.00,124.50,122.50,122.50,-2.00,"1,258",5871
109/09/01,"3,995,254","509,799,012",129.50,130.00,126.50,127.50,-2.00,"2,477",5871
109/09/02,"4,630,801","594,868,709",128.50,131.00,127.00,129.00,+1.50,"2,181",5871
109/09/03,"5,675,901","746,850,526",130.00,133.00,130.00,131.50,+2.50,"2,426",5871
109/09/04,"4,196,353","541,102,590",129.00,130.50,128.00,129.00,-2.50,"1,816",5871
109/09/07,"2,169,187","283,373,132",129.50,132.00,128.50,130.50,+1.50,"1,290",5871
109/09/08,"2,263,793","297,905,761",131.50,132.00,130.50,132.00,+1.50,"1,620",5871
109/09/09,"2,831,426","368,001,806",129.50,131.00,129.00,130.50,-1.50,"1,747",5871
109/09/10,"2,220,758","287,531,540",130.50,131.00,128.50,129.00,-1.50,"1,439",5871
109/09/11,"1,895,183","244,763,290",129.00,130.50,128.00,130.00,+1.00,"1,317",5871
109/09/14,"2,024,530","261,456,900",130.50,130.50,128.50,130.00, 0.00,"1,438",5871
109/09/15,"1,990,345","258,063,350",130.00,130.50,129.00,130.00, 0.00,"1,560",5871
109/09/16,"3,762,743","499,357,670",130.00,134.00,130.00,134.00,+4.00,"2,444",5871
109/09/17,"2,224,940","293,568,580",133.50,133.50,131.00,132.00,-2.00,"1,658",5871
109/09/18,"3,093,862","411,086,606",132.50,133.50,131.50,133.50,+1.50,"1,572",5871
109/09/21,"3,277,851","439,908,934",133.00,135.00,132.00,135.00,+1.50,"1,835",5871
109/09/22,"3,977,077","522,587,609",134.00,134.00,130.50,130.50,-4.50,"2,358",5871
109/09/23,"1,487,337","193,944,453",131.50,132.00,129.50,130.50, 0.00,"1,098",5871
109/09/24,"5,245,205","663,174,417",128.00,129.00,125.00,126.00,-4.50,"3,143",5871
109/09/25,"2,539,616","322,166,025",128.00,128.50,125.00,126.50,+0.50,"1,498",5871
109/09/28,"1,938,645","247,860,369",127.00,128.50,126.50,128.50,+2.00,"1,117",5871
109/09/29,"2,168,132","280,685,083",129.50,130.00,128.50,129.50,+1.00,"1,002",5871
109/09/30,"2,609,204","341,579,724",130.00,131.50,129.00,131.00,+1.50,"1,162",5871
109/10/05,"2,765,517","362,503,227",131.50,132.50,129.50,131.50,+0.50,"1,814",5871
109/10/06,"4,153,470","556,593,727",132.50,135.00,132.00,134.00,+2.50,"2,739",5871
109/10/07,"2,064,546","276,598,618",134.00,134.50,133.00,133.50,-0.50,"1,173",5871
109/10/08,"2,888,399","388,093,626",134.00,135.00,133.00,135.00,+1.50,"1,501",5871
109/10/12,"4,332,652","589,910,172",136.00,137.00,135.00,137.00,+2.00,"2,365",5871
109/10/13,"2,357,657","317,873,518",136.00,136.50,134.00,134.50,-2.50,"1,166",5871
109/10/14,"3,466,764","468,265,246",136.00,136.50,133.50,135.00,+0.50,"1,600",5871
109/10/15,"2,563,719","345,674,565",135.00,136.00,133.50,135.00, 0.00,"1,367",5871
109/10/16,"2,932,731","399,260,185",136.00,137.00,135.00,135.50,+0.50,"1,589",5871
109/10/19,"3,817,404","522,487,664",135.50,138.00,135.00,137.50,+2.00,"1,980",5871
109/10/20,"3,668,481","507,212,378",138.00,139.00,137.00,139.00,+1.50,"1,864",5871
109/10/21,"3,973,301","551,853,058",139.50,139.50,138.00,139.00, 0.00,"1,466",5871
109/10/22,"1,672,995","230,333,810",137.50,138.50,137.00,138.00,-1.00,989,5871
109/10/23,"10,102,380","1,433,624,090",140.00,144.00,139.50,144.00,+6.00,"4,868",5871
109/10/26,"3,768,818","544,345,874",144.00,145.00,143.00,145.00,+1.00,"2,595",5871
109/10/27,"2,429,994","347,531,908",143.50,144.00,142.00,143.50,-1.50,"1,468",5871
109/10/28,"2,962,846","416,335,649",142.50,143.00,139.50,140.00,-3.50,"2,055",5871
109/10/29,"2,712,125","377,140,019",137.00,140.50,137.00,139.50,-0.50,"1,668",5871
109/10/30,"3,102,396","430,164,269",139.00,139.50,137.50,138.50,-1.00,"1,428",5871
109/11/02,"3,556,148","500,756,961",138.50,142.00,138.00,141.00,+2.50,"1,800",5871
109/11/03,"3,284,821","469,333,462",141.00,145.00,140.00,144.00,+3.00,"1,832",5871
109/11/04,"3,311,068","484,579,586",144.00,148.00,143.50,147.00,+3.00,"2,387",5871
109/11/05,"4,220,800","625,471,494",147.50,149.50,146.50,147.50,+0.50,"1,937",5871
109/11/06,"2,864,120","426,596,306",147.50,150.00,147.00,150.00,+2.50,"2,057",5871
109/11/09,"5,796,414","892,901,446",152.00,157.50,151.00,154.50,+4.50,"3,707",5871
109/11/10,"5,173,330","819,960,134",157.50,160.00,156.50,159.00,+4.50,"3,650",5871
109/11/11,"6,781,483","1,092,353,390",159.00,162.50,158.50,161.50,+2.50,"4,070",5871
109/11/12,"4,459,980","718,561,014",163.00,163.00,160.00,161.00,-0.50,"2,066",5871
109/11/13,"6,190,650","978,639,909",159.00,160.00,157.00,159.00,-2.00,"2,781",5871
109/11/16,"4,209,586","683,212,706",159.00,164.00,159.00,163.00,+4.00,"2,833",5871
109/11/17,"3,845,548","637,018,500",163.00,167.50,163.00,167.50,+4.50,"2,522",5871
109/11/18,"3,492,456","577,046,247",165.50,167.00,164.00,166.00,-1.50,"2,424",5871
109/11/19,"2,508,513","417,079,070",166.00,167.50,165.00,166.00, 0.00,"1,603",5871
109/11/20,"4,917,523","803,626,269",165.50,166.00,162.00,163.00,-3.00,"2,283",5871
109/11/23,"2,745,280","454,677,752",164.00,167.00,163.50,166.00,+3.00,"1,787",5871
109/11/24,"3,809,199","632,090,145",165.00,167.50,164.50,166.50,+0.50,"1,753",5871
109/11/25,"6,029,843","967,386,622",165.50,166.50,158.00,159.50,-7.00,"4,466",5871
109/11/26,"3,877,088","624,603,355",159.50,163.00,158.50,162.50,+3.00,"2,509",5871
109/11/27,"2,499,014","401,028,152",163.00,163.00,159.50,160.50,-2.00,"1,874",5871
109/11/30,"9,909,383","1,553,754,011",160.50,160.50,156.00,156.00,-4.50,"3,639",5871
109/12/01,"2,439,319","385,968,557",156.50,159.50,156.00,159.50,+3.50,"1,744",5871
109/12/02,"3,431,088","552,028,551",160.00,162.00,159.00,161.50,+2.00,"2,018",5871
109/12/03,"4,357,318","687,948,800",160.50,161.00,156.50,158.00,-3.50,"3,273",5871
109/12/04,"2,676,105","426,779,861",159.00,160.50,158.00,159.00,+1.00,"1,819",5871
109/12/07,"2,981,406","471,178,141",159.00,159.50,157.00,158.50,-0.50,"1,893",5871
109/12/08,"3,118,950","485,646,247",157.00,158.00,154.50,156.50,-2.00,"2,308",5871
109/12/09,"1,538,859","240,287,418",157.00,157.00,155.50,156.50, 0.00,"1,186",5871
109/12/10,"1,866,944","289,006,475",155.00,155.50,154.00,155.00,-1.50,"1,459",5871
109/12/11,"2,400,390","372,348,966",155.00,157.50,153.50,155.00, 0.00,"1,724",5871
109/12/14,"3,002,957","457,431,189",154.00,155.00,151.50,152.00,-3.00,"1,972",5871
109/12/15,"5,207,916","816,861,678",153.00,158.00,152.50,158.00,+6.00,"2,982",5871
109/12/16,"5,012,543","805,743,623",159.00,163.00,157.50,163.00,+5.00,"3,414",5871
109/12/17,"6,120,365","1,008,176,718",163.00,166.00,163.00,165.00,+2.00,"3,749",5871
109/12/18,"5,461,474","889,694,076",164.00,164.50,161.50,164.00,-1.00,"2,225",5871
109/12/21,"2,440,507","403,343,634",163.50,166.00,162.50,166.00,+2.00,"1,770",5871
109/12/22,"2,196,447","359,294,485",165.50,165.50,160.50,162.50,-3.50,"1,687",5871
109/12/23,"2,218,714","355,672,477",161.50,161.50,159.50,159.50,-3.00,"1,138",5871
109/12/24,"1,948,687","314,738,305",160.00,163.50,160.00,160.50,+1.00,"1,308",5871
109/12/25,"1,092,038","175,694,052",161.50,162.50,159.50,160.00,-0.50,700,5871
109/12/28,"2,116,275","344,864,101",160.50,165.00,160.00,162.50,+2.50,"1,627",5871
109/12/29,"2,143,893","353,235,773",162.50,165.50,162.00,165.50,+3.00,"1,561",5871
109/12/30,"1,687,158","280,795,752",165.50,167.50,164.50,167.00,+1.50,"1,492",5871
109/12/31,"2,342,195","395,460,199",167.00,170.50,167.00,168.00,+1.00,"1,776",5871
110/01/04,"1,815,139","303,589,386",166.00,170.00,165.50,167.50,-0.50,"1,388",5871
110/01/05,"1,646,298","273,412,425",168.00,168.00,165.50,166.00,-1.50,"1,096",5871
110/01/06,"3,541,364","589,409,793",165.50,170.00,164.00,165.50,-0.50,"2,192",5871
110/01/07,"2,056,804","346,308,910",167.00,169.50,166.50,169.00,+3.50,"1,395",5871
110/01/08,"2,236,437","380,022,617",169.00,171.50,168.00,170.00,+1.00,"1,588",5871
110/01/11,"1,967,362","332,694,935",168.50,171.00,167.00,170.00, 0.00,"1,430",5871
110/01/12,"2,206,534","369,213,776",170.50,170.50,165.50,168.00,-2.00,"1,640",5871
110/01/13,"4,101,623","700,540,062",168.00,172.00,167.00,172.00,+4.00,"2,330",5871
110/01/14,"2,908,676","505,514,931",172.00,175.50,170.50,172.50,+0.50,"2,069",5871
110/01/15,"2,291,101","391,875,540",173.00,173.00,169.50,170.00,-2.50,"1,658",5871
110/01/18,"2,292,369","385,422,640",170.00,170.50,166.00,168.50,-1.50,"1,472",5871
110/01/19,"3,218,841","546,401,190",167.50,173.00,167.50,168.50, 0.00,"1,708",5871
110/01/20,"4,483,985","754,728,176",168.50,171.00,166.50,168.00,-0.50,"2,481",5871
110/01/21,"2,562,046","429,276,467",168.50,169.50,166.50,166.50,-1.50,"1,960",5871
110/01/22,"2,856,643","477,739,421",166.50,168.50,165.00,168.00,+1.50,"1,971",5871
110/01/25,"2,035,502","341,820,933",168.50,169.50,166.00,169.00,+1.00,"1,549",5871
110/01/26,"4,783,898","784,472,160",168.50,169.00,162.50,162.50,-6.50,"3,816",5871
110/01/27,"3,597,703","582,069,993",163.00,164.00,160.50,161.00,-1.50,"2,010",5871
110/01/28,"4,259,161","680,225,998",161.00,162.50,158.00,159.50,-1.50,"2,707",5871
110/01/29,"5,572,773","866,801,065",158.00,159.00,154.00,155.00,-4.50,"3,659",5871
110/02/01,"4,737,887","734,478,010",152.50,159.00,150.50,158.00,+3.00,"2,970",5871
110/02/02,"3,107,532","503,567,989",157.50,164.50,157.00,163.00,+5.00,"2,206",5871
110/02/03,"2,128,165","344,211,209",161.50,162.50,160.00,162.50,-0.50,"1,017",5871
110/02/04,"2,748,523","450,990,133",162.50,166.00,161.00,164.00,+1.50,"1,966",5871
110/02/05,"2,678,794","436,413,226",163.00,165.00,161.00,164.00, 0.00,"1,721",5871
110/02/17,"7,608,730","1,302,411,430",167.50,174.50,167.50,172.50,+8.50,"4,759",5871
110/02/18,"3,535,480","612,930,474",172.50,175.00,171.50,173.50,+1.00,"2,259",5871
110/02/19,"4,107,944","714,261,006",174.00,176.00,171.50,174.50,+1.00,"2,729",5871
110/02/22,"5,063,140","872,818,681",173.50,175.00,170.50,170.50,-4.00,"2,635",5871
110/02/23,"5,047,328","879,650,489",171.00,177.00,169.50,175.50,+5.00,"2,937",5871
110/02/24,"3,705,160","654,386,911",175.00,178.00,175.00,176.50,+1.00,"2,152",5871
110/02/25,"4,969,193","896,323,353",178.00,182.00,176.50,180.50,+4.00,"3,174",5871
110/02/26,"7,581,817","1,315,625,373",179.50,179.50,171.50,172.00,-8.50,"4,095",5871
110/03/02,"4,257,552","732,554,843",174.00,175.00,170.00,170.00,-2.00,"2,731",5871
110/03/03,"3,046,006","528,647,327",172.50,175.00,170.50,174.50,+4.50,"1,744",5871
110/03/04,"4,029,396","691,928,841",174.00,174.00,170.00,172.00,-2.50,"2,010",5871
110/03/05,"3,995,016","672,789,475",168.50,170.00,166.00,170.00,-2.00,"2,797",5871
110/03/08,"3,584,084","610,575,090",170.50,172.50,169.00,170.50,+0.50,"1,719",5871
110/03/09,"2,644,207","456,714,467",170.50,174.50,170.00,173.50,+3.00,"1,585",5871
110/03/10,"2,530,241","446,038,978",174.00,177.50,174.00,177.00,+3.50,"1,862",5871
110/03/11,"8,343,028","1,549,971,415",178.50,191.00,178.00,190.00,+13.00,"5,843",5871
110/03/12,"4,947,409","910,484,114",188.50,189.00,180.50,182.50,-7.50,"3,684",5871
110/03/15,"4,404,028","817,959,472",182.00,188.00,182.00,187.50,+5.00,"2,468",5871
110/03/16,"6,170,379","1,183,663,844",190.00,195.00,188.00,191.50,+4.00,"3,362",5871
110/03/17,"2,911,864","556,873,284",190.50,193.00,190.00,191.00,-0.50,"2,084",5871
110/03/18,"3,728,770","718,893,714",191.00,195.50,190.00,190.50,-0.50,"2,339",5871
110/03/19,"5,647,057","1,051,005,056",188.50,189.50,183.50,187.00,-3.50,"3,285",5871
110/03/22,"2,576,313","474,063,259",186.00,186.50,182.50,183.00,-4.00,"2,090",5871
110/03/23,"1,518,906","278,427,150",183.50,185.00,182.00,183.00, 0.00,"1,153",5871
110/03/24,"1,648,409","296,878,185",182.00,184.50,181.00,184.50,+1.50,"1,000",5871
110/03/25,"1,300,333","238,825,986",184.00,185.50,182.50,184.00,-0.50,890,5871
110/03/26,"4,355,891","828,481,918",187.00,192.00,187.00,191.50,+7.50,"2,917",5871
110/03/29,"3,780,716","731,649,180",194.50,195.00,191.50,194.00,+2.50,"2,219",5871
110/03/30,"4,228,484","834,795,483",195.00,200.00,193.50,199.50,+5.50,"3,184",5871
110/03/31,"2,619,506","516,499,720",199.00,199.00,196.00,197.00,-2.50,"1,716",5871
110/04/01,"1,886,214","370,348,379",196.00,198.00,195.00,197.00, 0.00,"1,556",5871
110/04/06,"1,952,903","389,295,715",199.50,200.50,196.50,199.50,+2.50,"1,559",5871
110/04/07,"1,495,896","296,058,055",197.50,199.00,196.50,199.00,-0.50,"1,193",5871
110/04/08,"3,330,106","658,241,051",199.50,201.00,196.00,198.00,-1.00,"1,908",5871
110/04/09,"4,505,340","899,641,906",203.00,203.00,198.00,199.50,+1.50,"1,451",5871
110/04/12,"3,635,380","736,624,927",200.00,204.50,200.00,202.50,+3.00,"1,905",5871
110/04/13,"1,541,024","312,923,593",202.50,204.00,202.00,203.00,+0.50,"1,086",5871
110/04/14,"2,886,851","589,331,838",204.00,206.00,202.50,204.50,+1.50,"1,762",5871
110/04/15,"1,860,860","385,092,464",205.00,209.50,205.00,209.50,+5.00,"1,484",5871
110/04/16,"4,182,002","867,070,465",210.00,210.00,204.50,210.00,+0.50,"2,663",5871
110/04/19,"3,647,960","752,665,643",208.00,208.00,204.50,205.50,-4.50,"1,888",5871
110/04/20,"1,986,475","405,058,523",204.00,205.00,203.00,204.00,-1.50,"1,780",5871
110/04/21,"3,270,298","652,516,619",203.00,203.00,198.50,199.50,-4.50,"2,834",5871
110/04/22,"2,843,707","570,227,848",198.50,202.50,198.50,200.50,+1.00,"1,982",5871
110/04/23,"2,576,310","521,814,699",201.00,205.00,200.00,204.00,+3.50,"1,764",5871
110/04/26,"3,277,418","658,737,032",202.50,203.00,197.50,203.00,-1.00,"2,392",5871
110/04/27,"1,701,502","343,118,391",201.50,203.00,201.00,202.00,-1.00,"1,126",5871
110/04/28,"1,532,697","306,760,500",201.00,201.00,199.50,201.00,-1.00,"1,492",5871
110/04/29,"2,720,687","545,532,677",199.00,202.00,197.50,202.00,+1.00,"1,455",5871
110/05/03,"2,415,018","480,142,357",199.50,201.50,197.00,197.50,-4.50,"2,088",5871
110/05/04,"3,872,988","763,850,464",198.50,200.00,194.50,197.50, 0.00,"3,022",5871
110/05/05,"2,325,360","462,436,236",198.00,200.50,197.50,198.00,+0.50,"1,524",5871
110/05/06,"2,100,801","419,078,770",197.50,201.50,197.50,200.00,+2.00,"1,507",5871
110/05/07,"1,237,125","250,453,512",201.50,203.50,200.50,203.50,+3.50,"1,102",5871
110/05/10,"2,680,512","543,885,658",205.00,205.00,201.00,203.50, 0.00,"1,524",5871
110/05/11,"2,908,614","583,596,779",201.50,203.00,198.00,200.00,-3.50,"2,152",5871
110/05/12,"7,305,568","1,377,907,000",198.50,199.00,180.00,188.00,-12.00,"5,952",5871
110/05/13,"3,993,934","740,270,743",187.50,187.50,181.00,186.00,-2.00,"3,106",5871
110/05/14,"4,841,539","948,413,351",189.00,200.00,188.00,195.50,+9.50,"3,548",5871
110/05/17,"5,789,759","1,086,480,827",189.50,193.50,183.50,187.00,-8.50,"4,568",5871
110/05/18,"6,080,345","1,193,767,839",190.50,200.00,190.00,197.00,+10.00,"3,522",5871
110/05/19,"3,984,318","798,543,837",198.00,205.00,197.00,201.50,+4.50,"2,687",5871
110/05/20,"3,178,569","638,425,605",199.50,202.50,198.00,202.00,+0.50,"1,982",5871
110/05/21,"2,850,845","582,582,155",202.50,206.50,201.50,205.50,+3.50,"2,065",5871
110/05/24,"2,274,263","470,503,696",205.00,209.00,203.00,209.00,+3.50,"1,794",5871
110/05/25,"2,695,646","552,871,233",205.50,207.00,204.00,204.00,-5.00,"1,762",5871
110/05/26,"2,716,895","558,340,541",205.00,207.00,204.00,205.50,+1.50,"1,358",5871
110/05/27,"8,939,574","1,874,985,330",205.00,212.50,201.00,212.50,+7.00,"3,319",5871
110/05/28,"2,764,579","579,454,020",210.00,211.00,208.00,209.50,-3.00,"2,369",5871
110/05/31,"2,705,739","563,091,071",209.50,210.50,205.50,208.50,-1.00,"1,899",5871
110/06/01,"1,408,440","294,110,736",208.50,209.50,207.50,209.50,+1.00,"1,159",5871
110/06/02,"2,755,827","566,923,910",208.50,209.00,203.50,205.00,-4.50,"2,404",5871
110/06/03,"1,105,178","226,902,654",205.00,206.00,204.00,206.00,+1.00,909,5871
110/06/04,"1,237,199","255,183,219",205.00,207.50,204.00,207.00,+1.00,925,5871
110/06/07,"1,477,897","301,145,331",206.50,207.00,201.00,204.50,-2.50,"1,308",5871
110/06/08,"808,442","164,969,652",205.50,205.50,203.00,204.00,-0.50,752,5871
110/06/09,"955,386","193,987,599",204.50,204.50,202.00,203.00,-1.00,822,5871
110/06/10,"1,398,389","285,207,238",205.00,205.00,202.50,204.50,+1.50,970,5871
110/06/11,"1,728,262","355,847,918",205.00,207.00,204.50,207.00,+2.50,"1,281",5871
110/06/15,"1,560,970","323,016,735",208.00,208.00,205.50,207.50,+0.50,"1,379",5871
110/06/16,"42,597,103","8,378,681,603",203.00,204.00,200.00,200.00,-7.50,"4,628",5871
110/06/17,"3,950,404","786,753,189",198.50,201.00,196.00,200.50,+0.50,"3,059",5871
110/06/18,"6,057,023","1,215,960,583",199.50,202.00,199.50,200.50, 0.00,"1,598",5871
110/06/21,"3,242,921","648,463,695",199.00,201.50,198.50,200.50, 0.00,"1,937",5871
110/06/22,"3,742,529","756,997,771",200.00,203.50,199.50,201.50,+1.00,"1,930",5871
110/06/23,"5,742,910","1,180,451,042",203.00,208.00,202.00,205.50,+4.00,"3,123",5871
110/06/24,"4,628,836","967,479,708",205.50,210.00,205.50,210.00,+4.50,"2,025",5871
110/06/25,"3,430,379","716,193,946",210.00,211.00,205.50,207.00,-3.00,"2,111",5871
110/06/28,"2,586,037","531,223,150",207.00,207.50,203.50,204.00,-3.00,"1,783",5871
110/06/29,"2,243,087","455,381,478",203.50,204.50,202.00,202.50,-1.50,"1,839",5871
110/06/30,"3,362,035","680,880,292",204.00,205.00,201.50,202.50, 0.00,"2,112",5871
110/07/01,"2,059,687","413,175,323",201.50,203.00,199.00,201.00,-1.50,"2,053",5871
110/07/02,"1,839,134","370,055,497",200.00,202.00,199.50,201.50,+0.50,"1,464",5871
110/07/05,"3,290,370","675,779,033",203.50,207.00,203.00,207.00,+5.50,"1,740",5871
110/07/06,"1,541,237","320,000,631",206.00,208.50,206.00,208.50,+1.50,"1,189",5871
110/07/07,"5,179,075","1,086,596,624",210.00,211.00,208.50,210.00,+1.50,"2,130",5871
110/07/08,"5,113,975","1,082,161,617",212.00,213.50,210.00,212.50,+2.50,"1,910",5871
110/07/09,"2,092,277","435,781,035",210.50,211.00,206.50,208.50,-4.00,"1,864",5871
110/07/12,"1,244,057","263,301,333",210.50,213.00,209.50,211.00,+2.50,"1,085",5871
110/07/13,"3,076,987","662,264,752",213.50,217.00,212.50,216.00,+5.00,"2,266",5871
110/07/14,"2,418,917","525,097,726",219.00,220.00,215.00,216.00, 0.00,"1,917",5871
110/07/15,"1,448,503","316,220,402",216.50,219.00,215.50,219.00,+3.00,"1,068",5871
110/07/16,"1,878,110","413,353,783",217.00,221.00,217.00,221.00,+2.00,"1,348",5871
110/07/19,"1,893,909","414,389,458",217.00,221.00,216.50,221.00, 0.00,"1,526",5871
110/07/20,"3,461,629","743,590,674",219.50,219.50,211.50,214.00,-7.00,"2,808",5871
110/07/21,"2,855,405","618,469,044",215.00,218.50,215.00,216.50,+2.50,"1,705",5871
110/07/22,"2,418,555","530,574,910",218.00,222.00,216.50,219.00,+2.50,"1,593",5871
110/07/23,"2,096,158","465,056,139",220.00,223.00,219.00,222.50,+3.50,"1,444",5871
110/07/26,"2,634,335","591,367,600",222.00,226.50,222.00,224.00,+1.50,"2,072",5871
110/07/27,"3,789,822","845,915,068",225.50,229.50,219.50,220.00,-4.00,"3,150",5871
110/07/28,"2,766,072","602,208,035",219.00,223.00,215.00,218.50,-1.50,"2,310",5871
110/07/29,"2,602,128","577,896,314",223.00,224.00,219.00,224.00,+5.50,"1,643",5871
110/07/30,"4,291,083","990,000,316",225.50,233.50,225.00,231.50,+7.50,"2,979",5871
110/08/02,"3,733,691","875,255,701",232.00,237.00,230.50,237.00,+5.50,"2,753",5871
110/08/03,"3,312,169","777,648,243",238.50,240.00,232.00,234.00,-3.00,"2,650",5871
110/08/04,"3,588,651","846,092,756",236.00,237.00,233.00,236.00,+2.00,"2,345",5871
110/08/05,"2,822,865","621,390,011",221.50,222.00,217.00,218.50,X0.00,"2,931",5871
110/08/06,"2,916,309","634,944,067",218.00,220.00,215.50,218.00,-0.50,"1,634",5871
110/08/09,"3,384,352","738,165,743",219.00,222.00,213.00,221.00,+3.00,"2,212",5871
110/08/10,"4,832,124","1,102,699,375",222.50,232.00,222.00,227.50,+6.50,"3,331",5871
110/08/11,"3,725,140","856,946,081",227.50,234.00,225.00,230.00,+2.50,"3,005",5871
110/08/12,"2,214,939","506,955,724",228.50,231.50,227.00,229.50,-0.50,"1,576",5871
110/08/13,"2,876,166","665,498,319",230.50,234.00,228.50,233.00,+3.50,"2,221",5871
110/08/16,"2,986,092","684,424,747",230.00,234.50,225.00,227.00,-6.00,"2,643",5871
110/08/17,"2,317,362","525,406,025",226.00,228.50,224.00,226.50,-0.50,"1,624",5871
110/08/18,"3,449,028","795,403,314",228.50,233.50,226.00,231.00,+4.50,"2,862",5871
110/08/19,"4,060,603","919,613,653",230.00,233.00,223.00,225.50,-5.50,"3,322",5871
110/08/20,"5,508,198","1,284,500,422",230.00,235.50,229.00,233.00,+7.50,"3,912",5871
110/08/23,"4,253,285","1,029,147,450",237.00,245.50,235.00,243.50,+10.50,"3,411",5871
110/08/24,"3,102,389","759,574,162",249.00,249.00,238.50,247.00,+3.50,"2,583",5871
110/08/25,"2,417,490","591,780,248",247.50,248.00,242.00,244.50,-2.50,"2,140",5871
110/08/26,"3,844,507","959,895,434",243.00,254.00,239.50,254.00,+9.50,"3,177",5871
110/08/27,"5,882,630","1,526,032,639",249.00,263.50,249.00,263.00,+9.00,"3,872",5871
110/08/30,"4,142,627","1,094,419,832",261.00,267.50,260.00,266.00,+3.00,"2,767",5871
110/08/31,"4,136,353","1,094,553,003",264.00,267.00,260.50,266.50,+0.50,"2,684",5871
110/09/01,"2,669,040","698,837,484",267.00,267.00,259.00,260.50,-6.00,"2,608",5871
110/09/02,"4,284,460","1,116,676,069",260.50,264.50,257.50,259.50,-1.00,"2,944",5871
110/09/03,"3,723,083","957,065,626",257.50,259.00,254.50,256.50,-3.00,"3,552",5871
110/09/06,"4,171,499","1,050,623,953",254.50,256.00,247.50,253.50,-3.00,"3,872",5871
110/09/07,"2,391,698","615,016,772",254.50,260.50,254.00,258.00,+4.50,"2,207",5871
110/09/08,"2,810,143","722,548,372",257.00,259.50,252.00,259.50,+1.50,"2,294",5871
110/09/09,"2,150,241","564,740,157",259.50,265.00,256.50,264.50,+5.00,"2,142",5871
110/09/10,"3,827,259","1,026,247,266",265.50,271.50,264.00,266.50,+2.00,"3,941",5871
110/09/13,"3,129,508","852,463,222",267.00,275.00,266.50,272.00,+5.50,"3,190",5871
110/09/14,"4,093,813","1,145,980,328",274.00,283.50,272.00,281.00,+9.00,"4,069",5871
110/09/15,"3,965,743","1,094,017,975",278.00,278.50,272.00,277.00,-4.00,"3,871",5871
110/09/16,"4,649,761","1,263,733,994",278.00,281.50,268.00,268.50,-8.50,"5,248",5871
110/09/17,"9,728,132","2,513,662,390",266.00,267.00,255.00,255.50,-13.00,"8,753",5871
110/09/22,"11,982,557","2,936,034,979",242.00,250.50,241.00,249.00,-6.50,"9,069",5871
110/09/23,"4,492,641","1,140,985,996",251.00,258.00,250.50,254.00,+5.00,"3,647",5871
110/09/24,"3,488,360","884,646,316",256.00,260.00,250.50,252.00,-2.00,"3,343",5871
110/09/27,"5,510,804","1,362,161,988",249.50,251.50,245.50,247.00,-5.00,"4,850",5871
110/09/28,"5,965,036","1,461,573,938",245.00,250.00,242.00,246.00,-1.00,"4,247",5871
110/09/29,"6,966,291","1,671,162,575",243.50,246.50,237.00,240.00,-6.00,"6,491",5871
110/09/30,"4,095,077","1,006,753,642",244.00,249.00,241.50,246.00,+6.00,"3,004",5871
110/10/01,"4,941,324","1,177,178,519",246.00,246.00,234.00,237.00,-9.00,"5,694",5871
110/10/04,"3,159,434","746,242,352",240.50,241.00,233.00,235.00,-2.00,"2,713",5871
110/10/05,"7,111,023","1,616,568,186",233.50,233.50,223.00,229.50,-5.50,"6,334",5871
110/10/06,"5,432,903","1,237,566,212",237.50,237.50,224.50,226.50,-3.00,"3,930",5871
110/10/07,"5,915,974","1,386,044,003",232.00,238.00,228.50,234.00,+7.50,"3,572",5871
110/10/08,"3,315,958","783,164,118",234.50,239.00,232.50,236.00,+2.00,"3,130",5871
110/10/12,"5,483,415","1,269,173,948",237.00,238.00,226.00,234.00,-2.00,"3,990",5871
110/10/13,"2,478,537","573,525,694",232.50,237.00,228.00,231.50,-2.50,"2,006",5871
110/10/14,"2,347,869","537,256,923",231.00,232.00,226.50,229.50,-2.00,"2,236",5871
110/10/15,"2,884,782","673,457,577",232.50,235.50,229.50,233.50,+4.00,"2,380",5871
110/10/18,"3,306,937","781,619,098",236.50,241.00,233.00,234.50,+1.00,"2,535",5871
110/10/19,"2,265,781","539,163,441",238.50,240.00,236.00,237.50,+3.00,"1,885",5871
110/10/20,"3,758,696","900,254,880",239.50,241.00,236.50,240.50,+3.00,"2,259",5871
110/10/21,"5,182,185","1,256,745,633",242.50,245.00,239.50,244.00,+3.50,"2,937",5871
110/10/22,"4,383,827","1,060,558,269",245.50,245.50,239.50,242.00,-2.00,"2,233",5871
110/10/25,"1,868,940","454,728,152",242.00,246.00,241.00,245.00,+3.00,"1,007",5871
110/10/26,"5,943,717","1,517,746,544",247.00,260.50,245.50,256.00,+11.00,"4,552",5871
110/10/27,"7,001,660","1,838,921,286",257.50,270.50,257.00,270.50,+14.50,"7,768",5871
110/10/28,"6,850,768","1,842,833,873",269.50,273.00,265.50,268.50,-2.00,"3,996",5871
110/10/29,"5,160,613","1,355,901,738",268.50,269.00,257.00,266.00,-2.50,"7,178",5871
110/11/01,"3,857,385","1,049,186,740",270.00,276.00,267.50,275.00,+9.00,"3,801",5871
110/11/02,"2,899,420","782,792,099",275.00,275.00,267.00,269.50,-5.50,"4,855",5871
110/11/03,"3,423,037","902,033,050",268.00,270.00,261.50,263.00,-6.50,"2,827",5871
110/11/04,"3,289,659","858,606,541",264.50,266.50,259.00,260.50,-2.50,"2,393",5871
110/11/05,"1,721,614","453,803,680",260.00,266.00,257.50,265.00,+4.50,"1,749",5871
110/11/08,"3,276,987","857,366,819",265.00,266.00,259.00,261.50,-3.50,"3,642",5871
110/11/09,"2,806,812","728,954,411",259.50,263.00,257.50,260.50,-1.00,"2,226",5871
110/11/10,"6,536,426","1,649,154,280",257.00,257.00,250.50,251.00,-9.50,"4,988",5871
110/11/11,"1,790,745","460,245,012",252.00,259.00,251.00,257.50,+6.50,"1,705",5871
110/11/12,"2,140,385","541,996,200",258.00,258.50,251.00,252.00,-5.50,"2,725",5871
110/11/15,"3,659,686","912,143,391",253.00,253.00,247.00,248.50,-3.50,"3,666",5871
110/11/16,"1,954,013","491,656,045",250.50,253.00,250.00,252.00,+3.50,"1,890",5871
110/11/17,"2,096,005","525,168,434",250.00,252.00,249.00,251.00,-1.00,"1,853",5871
110/11/18,"2,581,475","657,412,270",253.00,256.50,251.50,253.50,+2.50,"2,073",5871
110/11/19,"1,803,198","453,366,801",255.00,255.50,250.00,251.00,-2.50,"1,764",5871
110/11/22,"2,969,024","731,677,812",250.00,250.50,244.50,246.00,-5.00,"3,817",5871
110/11/23,"1,964,671","482,211,207",245.00,247.50,241.50,246.00, 0.00,"1,754",5871
110/11/24,"1,676,445","413,533,880",244.00,248.50,244.00,246.50,+0.50,"1,885",5871
110/11/25,"1,781,066","440,287,627",248.50,249.00,246.00,247.00,+0.50,"1,475",5871
110/11/26,"2,314,154","565,574,987",245.00,246.50,243.00,243.00,-4.00,"2,621",5871
110/11/29,"1,946,655","470,672,352",241.50,244.00,239.50,242.00,-1.00,"1,883",5871
110/11/30,"7,192,146","1,770,822,338",242.00,249.50,242.00,247.00,+5.00,"3,155",5871
110/12/01,"3,283,944","817,291,117",247.00,251.50,244.00,251.00,+4.00,"2,551",5871
110/12/02,"2,657,377","670,540,559",251.00,255.00,248.50,253.50,+2.50,"2,550",5871
110/12/03,"1,870,711","479,439,867",256.00,258.00,255.00,255.50,+2.00,"3,345",5871
110/12/06,"2,025,152","518,804,312",254.00,258.00,252.50,256.50,+1.00,"2,292",5871
110/12/07,"3,397,095","871,881,423",255.50,260.00,251.50,260.00,+3.50,"7,735",5871
110/12/08,"2,216,906","582,024,386",264.00,264.50,259.50,263.50,+3.50,"4,298",5871
110/12/09,"2,417,426","624,084,019",259.50,260.50,255.50,259.50,-4.00,"9,010",5871
110/12/10,"2,034,924","524,096,800",259.00,260.00,256.00,256.50,-3.00,"1,393",5871
110/12/13,"2,271,582","585,129,686",260.00,260.50,255.50,255.50,-1.00,"1,976",5871
110/12/14,"2,723,458","681,171,047",253.50,255.00,248.00,250.00,-5.50,"3,884",5871
110/12/15,"1,730,799","433,015,184",250.50,253.50,247.50,250.50,+0.50,"1,489",5871
110/12/16,"2,045,239","513,370,760",249.00,254.50,248.50,251.50,+1.00,"1,321",5871
110/12/17,"2,562,993","649,013,013",250.00,254.50,250.00,254.50,+3.00,"1,372",5871
110/12/20,"3,922,997","982,192,016",251.00,255.00,248.00,249.50,-5.00,"3,456",5871
110/12/21,"1,805,095","451,563,137",249.00,252.00,248.00,250.50,+1.00,"1,341",5871
110/12/22,"758,747","189,950,248",250.50,252.00,249.00,251.00,+0.50,756,5871
110/12/23,"937,232","235,732,417",250.00,252.50,250.00,252.50,+1.50,909,5871
110/12/24,"961,956","244,979,697",253.00,256.00,253.00,255.00,+2.50,"1,167",5871
110/12/27,"853,178","218,331,971",255.00,257.00,253.50,255.50,+0.50,"1,149",5871
110/12/28,"2,679,133","699,317,780",257.00,264.50,256.50,264.00,+8.50,"2,525",5871
110/12/29,"1,528,653","405,664,041",264.00,267.00,262.50,266.00,+2.00,"2,198",5871
110/12/30,"1,512,382","402,135,949",268.00,270.00,263.00,263.50,-2.50,"4,112",5871
111/01/03,"2,420,231","650,445,788",266.50,272.00,266.00,268.00,+4.50,"2,943",5871
111/01/04,"1,569,679","415,571,825",268.50,269.00,261.00,264.00,-4.00,"6,219",5871
111/01/05,"2,434,271","650,357,983",260.50,269.50,259.50,268.50,+4.50,"1,892",5871
111/01/06,"1,900,287","508,081,984",268.00,271.00,263.50,267.00,-1.50,"5,563",5871
111/01/07,"1,709,605","452,250,226",265.50,267.50,260.00,265.00,-2.00,"3,277",5871
111/01/10,"1,357,116","354,833,455",261.00,263.50,260.50,261.50,-3.50,"3,693",5871
111/01/11,"1,668,485","441,675,006",262.00,266.50,260.50,266.50,+5.00,"2,409",5871
111/01/12,"2,556,044","683,642,599",265.00,269.00,265.00,268.50,+2.00,"5,765",5871
111/01/13,"3,750,376","1,012,163,616",266.00,273.50,265.00,271.00,+2.50,"4,198",5871
111/01/14,"8,492,055","2,160,680,345",265.00,267.50,250.00,253.00,-18.00,"16,074",5871
111/01/17,"3,184,618","801,585,760",251.00,256.50,250.00,252.00,-1.00,"3,699",5871
111/01/18,"3,445,908","884,103,146",255.00,259.00,252.00,256.50,+4.50,"2,606",5871
111/01/19,"2,447,521","626,372,664",256.50,258.50,252.00,257.50,+1.00,"2,373",5871
111/01/20,"1,173,563","302,060,340",257.50,258.50,256.00,257.50, 0.00,"1,550",5871
111/01/21,"2,544,043","642,682,555",257.00,257.00,250.50,252.50,-5.00,"3,882",5871
111/01/24,"3,807,557","939,556,994",248.00,251.00,243.50,248.00,-4.50,"4,335",5871
111/01/25,"3,710,661","901,621,352",243.50,247.00,240.50,244.00,-4.00,"4,312",5871
111/01/26,"2,338,856","585,533,522",245.00,253.00,245.00,251.50,+7.50,"2,577",5871
111/02/07,"4,408,791","1,103,625,853",247.50,252.50,246.50,252.00,+0.50,"3,582",5871
111/02/08,"5,115,720","1,333,773,249",254.50,264.00,252.50,260.50,+8.50,"4,609",5871
111/02/09,"2,950,331","774,457,470",263.00,264.00,260.00,263.50,+3.00,"4,975",5871
111/02/10,"3,719,557","990,268,895",265.50,269.00,262.50,269.00,+5.50,"3,270",5871
111/02/11,"3,983,107","1,071,278,796",267.00,272.50,263.00,272.50,+3.50,"3,410",5871
111/02/14,"2,694,763","717,274,365",270.50,270.50,263.00,266.50,-6.00,"14,208",5871
111/02/15,"2,825,744","762,558,624",269.00,271.50,267.00,269.00,+2.50,"2,546",5871
111/02/16,"2,052,131","554,052,467",270.00,271.50,268.50,269.00, 0.00,"6,060",5871
111/02/17,"3,508,635","940,768,962",269.00,272.50,265.50,267.50,-1.50,"5,309",5871
111/02/18,"1,467,261","386,742,034",266.00,266.00,263.00,263.00,-4.50,"5,881",5871
111/02/21,"1,097,145","288,395,526",261.50,265.00,260.00,264.00,+1.00,"1,102",5871
111/02/22,"2,438,889","631,550,318",260.50,262.00,257.50,259.00,-5.00,"2,594",5871
111/02/23,"2,469,489","651,130,837",261.00,266.00,261.00,263.00,+4.00,"1,929",5871
111/02/24,"2,882,757","748,968,597",263.00,263.00,258.00,258.50,-4.50,"3,194",5871
111/02/25,"6,138,496","1,553,929,820",256.50,262.50,251.00,251.00,-7.50,"5,561",5871
111/03/01,"3,765,166","967,770,004",248.50,261.00,248.50,260.50,+9.50,"3,002",5871
111/03/02,"1,375,500","354,965,883",259.00,259.50,256.50,258.00,-2.50,"1,444",5871
111/03/03,"1,455,382","375,535,991",258.50,259.50,257.00,258.50,+0.50,"1,346",5871
111/03/04,"3,081,061","776,434,223",255.00,255.00,250.50,251.00,-7.50,"3,928",5871
111/03/07,"4,526,602","1,100,996,095",247.00,247.00,240.50,240.50,-10.50,"6,478",5871
111/03/08,"5,853,251","1,367,462,731",233.00,240.00,230.50,232.50,-8.00,"7,046",5871
111/03/09,"3,132,365","736,968,177",234.00,238.00,234.00,235.00,+2.50,"3,386",5871
111/03/10,"3,645,979","888,224,130",242.00,245.00,241.50,244.50,+9.50,"2,644",5871
111/03/11,"2,622,659","629,906,621",244.00,244.00,238.00,238.50,-6.00,"3,021",5871
111/03/14,"1,832,730","437,269,825",238.00,242.00,236.00,238.50, 0.00,"2,110",5871
111/03/15,"4,598,705","1,074,428,280",238.00,238.00,232.00,233.00,-5.50,"3,942",5871
111/03/16,"5,628,001","1,289,008,681",231.50,234.50,224.00,230.00,-3.00,"6,229",5871
111/03/17,"5,126,541","1,235,760,828",238.00,243.50,238.00,241.00,+11.00,"4,294",5871
111/03/18,"4,630,618","1,136,084,438",243.00,247.50,242.50,246.00,+5.00,"2,692",5871
111/03/21,"2,365,222","589,111,840",247.50,251.50,246.00,248.50,+2.50,"2,161",5871
111/03/22,"1,253,361","313,898,711",247.00,251.50,247.00,251.00,+2.50,"1,124",5871
111/03/23,"1,819,571","461,323,231",251.50,255.00,251.50,255.00,+4.00,"1,800",5871
111/03/24,"1,253,565","316,200,576",252.50,254.00,251.00,252.50,-2.50,"2,081",5871
111/03/25,"2,430,063","605,732,465",252.00,252.00,248.00,248.00,-4.50,"1,843",5871
111/03/28,"3,327,697","803,991,275",245.50,246.00,239.00,242.00,-6.00,"3,802",5871
111/03/29,"2,995,631","718,636,397",245.50,251.00,243.50,251.00,+9.00,"1,700",5871
111/03/30,"3,884,872","939,116,942",251.50,255.50,251.50,254.00,+3.00,"2,101",5871
111/03/31,"2,955,153","752,025,741",257.00,257.50,252.00,253.50,-0.50,"1,800",5871
111/04/01,"2,998,872","755,401,101",250.00,253.50,249.00,253.00,-0.50,"3,981",5871
111/04/06,"3,953,923","1,013,260,170",250.00,260.00,250.00,260.00,+7.00,"3,026",5871
111/04/07,"3,430,693","880,723,845",255.50,259.00,255.50,256.00,-4.00,"4,367",5871
111/04/08,"2,480,439","629,971,566",256.00,258.00,253.00,253.00,-3.00,"2,934",5871
111/04/11,"4,759,916","1,162,905,093",251.50,254.00,240.50,242.00,-11.00,"5,106",5871
111/04/12,"3,849,392","944,029,818",248.00,248.00,242.00,245.50,+3.50,"3,754",5871
111/04/13,"4,389,982","1,087,070,086",248.00,248.50,245.00,248.50,+3.00,"2,383",5871
111/04/14,"1,812,374","458,323,073",249.00,255.00,248.50,254.00,+5.50,"2,111",5871
111/04/15,"1,438,505","357,375,271",253.00,253.00,246.00,247.00,-7.00,"2,722",5871
111/04/18,"1,384,575","339,953,840",244.50,247.00,243.00,247.00, 0.00,"1,931",5871
111/04/19,"1,210,553","299,073,798",245.50,249.00,245.00,247.50,+0.50,"1,020",5871
111/04/20,"3,820,312","934,787,904",247.00,247.00,241.00,243.50,-4.00,"3,003",5871
111/04/21,"4,029,575","991,142,526",246.50,250.00,244.00,246.50,+3.00,"2,828",5871
111/04/22,"5,934,161","1,441,129,119",243.50,244.00,240.00,242.50,-4.00,"3,176",5871
111/04/25,"5,036,189","1,203,798,981",239.00,240.50,236.50,236.50,-6.00,"5,407",5871
111/04/26,"5,511,157","1,314,289,847",236.00,245.00,232.50,245.00,+8.50,"3,675",5871
111/04/27,"3,898,864","917,556,043",239.50,239.50,232.50,234.50,-10.50,"4,586",5871
111/04/28,"4,072,879","957,046,086",235.50,237.00,232.50,236.00,+1.50,"3,491",5871
111/04/29,"2,110,519","499,472,491",236.00,238.50,235.00,236.50,+0.50,"2,191",5871
111/05/03,"2,333,839","552,979,684",234.00,240.00,231.50,239.00,+2.50,"2,671",5871
111/05/04,"2,072,678","503,539,011",241.00,244.50,239.00,244.00,+5.00,"2,335",5871
111/05/05,"2,778,675","678,983,042",246.00,248.50,242.00,242.00,-2.00,"4,031",5871
111/05/06,"2,770,431","652,871,775",238.00,240.00,234.00,236.50,-5.50,"3,926",5871
111/05/09,"3,726,376","849,403,487",232.00,233.50,225.00,225.00,-11.50,"5,554",5871
111/05/10,"10,288,953","2,212,120,827",214.00,220.00,212.00,215.50,-9.50,"9,637",5871
111/05/11,"6,853,231","1,453,071,777",215.00,218.50,209.50,212.50,-3.00,"6,740",5871
111/05/12,"8,656,784","1,747,188,419",208.00,209.00,198.50,199.50,-13.00,"9,414",5871
111/05/13,"10,467,742","2,032,980,395",200.00,200.00,191.50,192.50,-7.00,"11,625",5871
111/05/16,"6,980,722","1,349,700,700",195.00,198.00,191.00,193.00,+0.50,"6,184",5871
111/05/17,"5,841,454","1,138,760,130",195.50,197.50,192.50,194.50,+1.50,"5,127",5871
111/05/18,"10,073,331","2,048,152,167",196.00,209.00,196.00,207.00,+12.50,"7,855",5871
111/05/19,"5,295,802","1,068,443,495",201.00,204.50,197.00,204.50,-2.50,"5,708",5871
111/05/20,"3,772,156","772,911,901",204.50,206.50,203.00,205.00,+0.50,"3,568",5871
111/05/23,"3,030,198","621,012,291",205.50,207.50,203.00,205.50,+0.50,"2,424",5871
111/05/24,"2,610,890","534,639,821",205.00,208.50,202.50,202.50,-3.00,"2,546",5871
111/05/25,"3,370,735","689,210,386",204.50,207.00,202.50,204.50,+2.00,"2,584",5871
111/05/26,"7,333,919","1,478,662,097",206.50,208.00,198.00,199.00,-5.50,"6,412",5871
111/05/27,"4,843,120","1,007,136,530",200.50,212.00,200.50,210.00,+11.00,"4,453",5871
111/05/30,"4,502,326","969,347,097",213.00,218.00,211.50,215.50,+5.50,"13,722",5871
111/05/31,"10,620,143","2,361,931,118",221.50,225.00,218.00,225.00,+9.50,"5,413",5871
111/06/01,"3,706,543","826,295,827",225.00,226.00,220.00,222.50,-2.50,"7,030",5871
111/06/02,"2,300,547","511,667,219",219.00,225.50,218.00,222.50, 0.00,"4,205",5871
111/06/06,"2,293,088","509,158,206",225.00,225.50,218.50,222.50, 0.00,"3,928",5871
111/06/07,"2,379,271","528,254,091",220.50,224.50,219.50,223.00,+0.50,"2,067",5871
111/06/08,"3,257,592","747,212,321",225.00,231.50,224.50,231.00,+8.00,"3,072",5871
111/06/09,"3,154,608","725,077,524",231.00,234.00,227.50,228.50,-2.50,"5,072",5871
111/06/10,"3,595,028","793,473,903",226.00,226.50,222.50,223.50,-5.00,"3,249",5871
111/06/13,"3,578,684","786,843,267",219.00,222.00,217.00,221.00,-2.50,"2,661",5871
111/06/14,"3,825,636","830,656,221",218.00,220.00,215.00,217.50,-3.50,"3,081",5871
111/06/15,"4,439,923","1,001,427,138",219.00,229.00,218.00,226.50,+9.00,"3,414",5871
111/06/16,"6,829,218","1,569,389,117",230.00,235.50,225.00,227.00,+0.50,"7,038",5871
111/06/17,"5,126,725","1,126,086,666",222.00,224.50,218.00,218.50,-8.50,"6,947",5871
111/06/20,"3,724,926","815,306,260",221.50,223.50,216.00,216.00,-2.50,"3,019",5871
111/06/21,"3,812,296","845,601,088",219.50,225.50,217.50,224.50,+8.50,"2,800",5871
111/06/22,"5,022,579","1,025,477,632",208.50,210.50,200.50,202.50,X0.00,"8,499",5871
111/06/23,"3,743,324","756,190,277",206.00,206.00,199.50,203.00,+0.50,"5,196",5871
111/06/24,"3,999,197","821,115,701",205.00,207.50,202.50,205.00,+2.00,"3,817",5871
111/06/27,"4,152,435","873,662,564",206.00,214.00,204.50,212.50,+7.50,"3,760",5871
111/06/28,"3,379,682","724,792,002",212.50,217.00,211.00,214.50,+2.00,"4,909",5871
111/06/29,"4,499,644","970,531,258",212.00,217.50,211.50,217.00,+2.50,"5,187",5871
111/06/30,"5,150,110","1,063,109,777",217.00,218.00,208.00,208.50,-8.50,"6,087",5871
111/07/01,"16,773,347","3,255,397,779",197.00,198.50,188.00,189.00,-19.50,"12,583",5871
111/07/04,"7,397,566","1,391,208,042",187.50,194.00,183.50,188.00,-1.00,"6,007",5871
111/07/05,"5,092,864","965,881,156",192.00,193.00,186.50,191.00,+3.00,"3,467",5871
111/07/06,"6,975,961","1,339,450,182",192.50,195.50,190.00,190.50,-0.50,"4,546",5871
111/07/07,"6,107,200","1,169,602,340",192.50,194.00,187.00,192.00,+1.50,"3,742",5871
111/07/08,"6,622,902","1,272,572,984",192.50,193.50,189.50,192.50,+0.50,"4,052",5871
111/07/11,"3,139,613","604,376,407",193.00,195.00,190.50,192.00,-0.50,"2,340",5871
111/07/12,"3,694,751","689,913,179",190.00,191.00,185.00,188.00,-4.00,"3,468",5871
111/07/13,"5,491,066","1,044,351,731",190.00,191.50,189.00,190.00,+2.00,"3,026",5871
111/07/14,"3,190,769","608,796,698",191.00,192.50,189.00,192.50,+2.50,"1,945",5871
111/07/15,"7,711,390","1,432,050,651",192.00,192.00,181.50,185.50,-7.00,"6,517",5871
111/07/18,"12,699,646","2,361,183,462",185.00,190.00,184.00,186.50,+1.00,"3,423",5871
111/07/19,"9,416,621","1,775,795,806",189.00,192.00,185.50,187.50,+1.00,"5,169",5871
111/07/20,"7,471,111","1,417,872,163",190.00,191.50,187.50,191.00,+3.50,"4,054",5871
111/07/21,"5,378,819","1,048,374,266",193.00,197.00,192.00,197.00,+6.00,"3,898",5871
111/07/22,"4,953,073","986,008,807",197.50,201.00,194.50,201.00,+4.00,"4,466",5871
111/07/25,"3,823,603","760,738,097",199.50,201.50,197.50,199.00,-2.00,"3,140",5871
111/07/26,"5,813,514","1,180,285,854",201.50,205.00,201.00,202.50,+3.50,"4,013",5871
111/07/27,"3,287,414","663,436,689",201.50,204.00,201.00,203.50,+1.00,"2,509",5871
111/07/28,"2,648,107","540,148,225",204.00,206.00,202.50,204.00,+0.50,"2,274",5871
111/07/29,"5,726,337","1,190,808,160",206.00,211.50,205.00,211.50,+7.50,"3,964",5871
111/08/01,"2,997,244","634,964,302",212.50,213.00,208.00,213.00,+1.50,"2,498",5871
111/08/02,"4,940,870","1,049,755,129",210.50,214.00,210.00,213.00, 0.00,"3,234",5871
111/08/03,"6,042,491","1,236,935,502",211.00,211.00,203.00,203.50,-9.50,"5,881",5871
111/08/04,"3,840,382","787,096,613",204.50,207.00,203.00,204.50,+1.00,"2,752",5871
111/08/05,"3,898,728","832,445,925",208.00,216.00,207.50,216.00,+11.50,"3,643",5871
111/08/08,"2,994,010","651,241,099",215.00,219.00,214.00,219.00,+3.00,"3,106",5871
111/08/09,"2,967,230","652,913,992",219.50,222.00,217.50,220.00,+1.00,"3,301",5871
111/08/10,"2,628,290","578,812,922",219.50,221.50,218.00,221.00,+1.00,"9,082",5871
111/08/11,"5,932,671","1,302,989,073",224.50,225.50,217.50,218.50,-2.50,"12,551",5871
111/08/12,"2,664,894","592,819,409",220.50,224.50,218.50,223.50,+5.00,"2,955",5871
111/08/15,"3,225,530","730,749,897",225.50,228.50,225.00,226.00,+2.50,"2,849",5871
111/08/16,"1,925,002","430,363,734",224.50,225.00,222.00,224.50,-1.50,"1,882",5871
111/08/17,"2,873,950","644,946,623",223.00,227.00,222.00,225.00,+0.50,"5,823",5871
111/08/18,"2,147,057","475,560,057",223.50,223.50,220.00,222.00,-3.00,"6,838",5871
111/08/19,"2,338,570","513,076,397",220.50,222.00,218.00,219.00,-3.00,"5,334",5871
111/08/22,"1,729,974","375,790,952",216.50,218.50,215.50,217.50,-1.50,"1,856",5871
111/08/23,"3,632,154","775,133,302",215.50,216.50,212.50,213.00,-4.50,"2,493",5871
111/08/24,"4,075,665","864,141,812",214.50,214.50,209.50,212.00,-1.00,"3,196",5871
111/08/25,"1,838,994","395,157,105",214.50,216.50,213.00,215.50,+3.50,"1,723",5871
111/08/26,"4,439,627","972,509,157",217.50,221.00,217.00,220.00,+4.50,"2,009",5871
111/08/29,"13,274,135","2,672,267,499",211.00,212.50,198.50,199.00,-21.00,"15,973",5871
111/08/30,"7,829,981","1,567,536,533",199.00,202.50,197.00,200.50,+1.50,"5,377",5871
111/08/31,"6,326,382","1,250,742,523",198.00,199.50,195.50,197.00,-3.50,"5,033",5871
111/09/01,"6,222,097","1,199,192,516",193.50,194.00,191.00,193.00,-4.00,"7,277",5871
111/09/02,"8,667,683","1,642,105,355",190.50,192.00,187.50,188.50,-4.50,"7,862",5871
111/09/05,"5,299,978","1,001,641,984",187.00,192.50,184.50,190.00,+1.50,"4,622",5871
111/09/06,"2,953,271","569,688,090",192.00,195.00,190.50,192.50,+2.50,"2,844",5871
111/09/07,"4,344,620","818,704,641",190.00,191.50,187.00,187.50,-5.00,"5,566",5871
111/09/08,"5,984,721","1,152,921,328",190.00,194.50,189.00,193.50,+6.00,"3,221",5871
111/09/12,"4,552,121","905,650,552",199.00,200.50,197.00,200.00,+6.50,"3,356",5871
111/09/13,"3,149,757","638,409,366",201.50,205.00,201.50,202.00,+2.00,"2,787",5871
111/09/14,"4,901,290","962,044,120",195.50,197.50,193.50,196.50,-5.50,"4,157",5871
111/09/15,"2,901,622","574,530,739",195.50,201.00,194.00,199.50,+3.00,"2,619",5871
111/09/16,"4,480,816","884,507,743",197.00,199.50,197.00,197.00,-2.50,"2,348",5871
111/09/19,"2,281,654","451,645,232",197.00,199.50,195.50,198.50,+1.50,"1,931",5871
111/09/20,"2,891,858","570,834,913",199.00,199.00,195.50,197.50,-1.00,"2,405",5871
111/09/21,"2,267,241","446,397,066",196.00,198.00,195.50,197.50, 0.00,"2,223",5871
111/09/22,"3,635,733","700,504,119",193.50,195.00,190.00,192.00,-5.50,"3,875",5871
111/09/23,"1,891,633","367,919,818",195.00,197.00,192.50,193.00,+1.00,"2,017",5871
111/09/26,"4,716,520","876,607,114",189.00,189.50,184.00,185.50,-7.50,"6,294",5871
111/09/27,"2,449,266","454,627,285",186.00,187.50,184.00,186.00,+0.50,"3,121",5871
111/09/28,"3,778,901","691,785,422",187.50,188.00,181.50,181.50,-4.50,"4,122",5871
111/09/29,"2,775,720","507,204,295",184.50,185.00,181.50,182.50,+1.00,"2,654",5871
111/09/30,"3,743,117","677,087,373",180.00,184.00,178.00,182.50, 0.00,"3,035",5871
111/10/03,"1,841,703","330,239,495",179.00,181.50,178.00,179.00,-3.50,"3,200",5871
111/10/04,"2,745,874","509,990,830",182.50,188.00,182.50,186.50,+7.50,"2,248",5871
111/10/05,"4,845,805","923,636,163",190.00,192.00,189.50,190.00,+3.50,"2,532",5871
111/10/06,"1,788,685","340,492,354",191.50,192.00,189.00,190.00, 0.00,"3,227",5871
111/10/07,"2,723,381","508,797,587",188.50,189.50,185.50,186.50,-3.50,"2,096",5871
111/10/11,"5,666,300","1,006,471,247",179.50,180.50,175.50,176.00,-10.50,"7,033",5871
111/10/12,"3,410,762","599,622,606",175.00,178.50,173.50,178.00,+2.00,"3,540",5871
111/10/13,"9,450,752","1,594,536,904",174.50,177.00,165.00,165.50,-12.50,"11,180",5871
111/10/14,"4,149,474","711,661,270",170.50,173.50,170.00,170.50,+5.00,"3,277",5871
111/10/17,"4,463,163","762,259,591",169.50,173.00,167.00,172.00,+1.50,"2,787",5871
111/10/18,"3,659,846","636,924,007",173.50,175.50,172.00,175.00,+3.00,"2,423",5871
111/10/19,"2,698,824","469,670,248",175.50,177.50,171.50,172.00,-3.00,"2,996",5871
111/10/20,"7,365,638","1,234,994,463",168.50,170.00,166.00,168.50,-3.50,"4,560",5871
111/10/21,"4,574,280","760,152,840",167.00,169.50,163.50,164.50,-4.00,"4,371",5871
111/10/24,"10,184,686","1,627,527,684",167.50,168.50,156.00,157.00,-7.50,"9,329",5871
111/10/25,"19,997,323","2,896,233,106",153.50,154.50,141.50,141.50,-15.50,"19,744",5871
111/10/26,"14,486,869","2,055,611,787",141.50,144.00,139.00,143.00,+1.50,"9,516",5871
111/10/27,"9,072,382","1,353,753,239",145.00,152.50,144.00,150.00,+7.00,"7,132",5871
111/10/28,"8,045,358","1,220,992,590",150.00,155.50,148.00,149.50,-0.50,"7,775",5871
111/10/31,"9,967,566","1,464,910,375",151.00,151.50,143.50,149.00,-0.50,"7,402",5871
111/11/01,"7,683,142","1,183,707,590",153.00,156.00,150.50,154.50,+5.50,"5,136",5871
111/11/02,"7,858,544","1,192,776,663",154.00,154.50,150.00,151.50,-3.00,"5,716",5871
111/11/03,"3,947,499","603,756,897",149.00,154.50,149.00,154.00,+2.50,"2,922",5871
111/11/04,"5,964,437","923,874,138",151.00,157.50,151.00,157.50,+3.50,"3,846",5871
111/11/07,"6,627,400","1,049,391,111",157.00,161.00,155.50,159.50,+2.00,"4,149",5871
111/11/08,"8,537,194","1,414,551,616",160.50,169.00,160.50,166.00,+6.50,"6,359",5871
111/11/09,"6,464,774","1,089,286,100",166.00,170.00,165.00,169.50,+3.50,"4,530",5871
111/11/10,"4,196,320","705,923,456",167.00,171.00,166.00,168.50,-1.00,"3,425",5871
111/11/11,"8,554,709","1,490,086,374",178.50,180.00,171.00,173.00,+4.50,"5,932",5871
111/11/14,"16,671,329","3,101,264,636",176.00,190.00,174.50,190.00,+17.00,"10,755",5871
111/11/15,"10,842,084","2,080,639,894",192.50,195.00,187.50,195.00,+5.00,"14,640",5871
111/11/16,"8,999,246","1,693,735,680",191.00,192.00,185.50,187.50,-7.50,"16,922",5871
111/11/17,"5,966,699","1,102,313,678",188.00,188.00,182.50,185.50,-2.00,"4,640",5871
111/11/18,"4,036,594","748,629,182",185.50,188.50,183.50,185.50, 0.00,"3,235",5871
111/11/21,"6,350,478","1,162,855,025",182.50,186.00,180.50,186.00,+0.50,"3,898",5871
111/11/22,"3,247,824","599,737,820",184.50,187.50,183.00,184.50,-1.50,"2,790",5871
111/11/23,"3,740,255","702,820,951",185.50,189.50,185.50,188.50,+4.00,"3,097",5871
111/11/24,"3,455,618","659,638,460",191.50,192.00,190.00,191.50,+3.00,"3,477",5871
111/11/25,"3,297,758","636,752,207",192.00,195.50,191.00,192.50,+1.00,"3,439",5871
111/11/28,"4,440,416","844,786,630",189.50,193.00,186.50,191.00,-1.50,"4,901",5871
111/11/29,"3,903,615","743,556,965",188.50,192.50,187.00,192.50,+1.50,"3,249",5871
111/11/30,"11,137,322","2,213,612,244",191.50,201.50,191.00,201.50,+9.00,"7,129",5871
111/12/01,"9,505,302","1,939,742,734",204.00,207.50,201.00,205.00,+3.50,"6,548",5871
111/12/02,"8,389,518","1,753,178,435",205.00,211.50,204.50,211.50,+6.50,"7,213",5871
111/12/05,"5,881,838","1,249,445,080",212.00,214.50,209.50,212.00,+0.50,"5,968",5871
111/12/06,"8,997,812","1,924,073,326",210.00,217.00,208.50,214.50,+2.50,"8,228",5871
111/12/07,"5,826,155","1,223,398,665",214.00,214.00,207.00,208.00,-6.50,"11,101",5871
111/12/08,"6,203,941","1,281,090,162",206.00,212.00,200.00,210.00,+2.00,"8,883",5871
111/12/09,"5,627,228","1,192,553,479",211.00,214.00,210.00,212.50,+2.50,"5,052",5871
111/12/12,"3,009,782","635,894,571",213.00,213.00,209.50,210.50,-2.00,"3,116",5871
111/12/13,"4,721,144","999,099,735",211.50,214.00,208.50,209.50,-1.00,"5,708",5871
111/12/14,"6,234,970","1,326,556,849",211.50,215.50,209.00,213.50,+4.00,"4,463",5871
111/12/15,"7,684,447","1,664,360,733",214.00,219.50,212.00,219.50,+6.00,"4,874",5871
111/12/16,"7,388,838","1,587,187,471",214.50,217.00,213.50,214.50,-5.00,"11,865",5871
111/12/19,"3,861,846","839,931,438",213.00,220.00,213.00,218.00,+3.50,"2,931",5871
111/12/20,"5,914,811","1,273,941,955",216.50,219.00,213.00,213.50,-4.50,"7,391",5871
111/12/21,"6,410,266","1,403,048,906",215.00,221.00,215.00,219.50,+6.00,"4,630",5871
111/12/22,"4,956,336","1,074,543,716",220.00,220.00,214.50,215.50,-4.00,"25,004",5871
111/12/23,"2,710,924","584,993,880",214.50,217.50,213.50,216.50,+1.00,"9,543",5871
111/12/26,"1,933,124","416,983,078",217.00,217.50,214.50,215.50,-1.00,"3,005",5871
111/12/27,"2,494,882","547,216,350",217.00,220.50,216.50,219.50,+4.00,"2,370",5871
111/12/28,"5,009,347","1,125,889,658",217.50,218.50,215.00,215.00,-4.50,"10,506",5871
111/12/29,"5,487,109","1,159,822,245",211.50,215.50,207.50,214.00,-1.00,"12,356",5871
111/12/30,"2,420,834","525,285,820",215.00,218.50,215.00,217.00,+3.00,"3,584",5871
112/01/03,"2,583,833","556,807,177",215.00,218.00,213.00,217.00, 0.00,"6,173",5871
112/01/04,"5,845,600","1,291,936,410",219.00,223.50,217.50,223.00,+6.00,"18,180",5871
112/01/05,"4,281,343","953,015,034",222.00,226.00,220.00,220.00,-3.00,"14,896",5871
112/01/06,"3,814,947","849,246,581",223.00,225.00,219.50,224.00,+4.00,"11,497",5871
112/01/09,"6,307,360","1,439,651,289",225.00,231.00,224.50,231.00,+7.00,"6,739",5871
112/01/10,"4,108,338","950,512,369",232.00,233.00,229.50,233.00,+2.00,"4,154",5871
112/01/11,"4,610,971","1,065,916,121",234.00,235.00,229.00,229.50,-3.50,"18,670",5871
112/01/12,"4,217,951","959,373,265",231.00,232.00,224.50,226.00,-3.50,"9,374",5871
112/01/13,"5,123,171","1,140,716,797",227.50,228.50,220.00,222.00,-4.00,"9,511",5871
112/01/16,"5,854,281","1,345,359,539",225.00,232.50,224.50,231.50,+9.50,"4,769",5871
112/01/17,"3,128,932","720,918,795",230.50,233.00,229.00,230.00,-1.50,"3,416",5871
112/01/30,"11,460,232","2,735,860,479",241.50,243.50,233.00,240.00,+10.00,"7,263",5871
112/01/31,"10,713,881","2,447,046,000",236.50,237.00,225.00,225.00,-15.00,"10,314",5871
112/02/01,"7,175,971","1,669,103,583",231.00,235.00,228.00,234.50,+9.50,"5,461",5871
112/02/02,"4,711,795","1,092,935,698",235.50,235.50,230.00,231.00,-3.50,"4,015",5871
112/02/03,"2,790,110","644,882,670",231.00,233.50,230.00,230.00,-1.00,"2,595",5871
112/02/06,"4,147,288","938,644,135",225.50,229.50,222.50,227.50,-2.50,"4,011",5871
112/02/07,"2,609,349","597,345,811",228.50,231.00,227.50,227.50, 0.00,"2,160",5871
112/02/08,"1,492,829","342,704,798",230.00,231.00,228.00,230.50,+3.00,"1,695",5871
112/02/09,"2,521,034","582,460,175",228.00,233.00,228.00,230.50, 0.00,"2,073",5871
112/02/10,"2,184,140","507,719,030",229.00,234.00,229.00,233.00,+2.50,"2,352",5871
112/02/13,"2,801,259","650,263,042",234.00,234.50,230.00,232.00,-1.00,"2,654",5871
112/02/14,"2,332,135","543,388,748",233.50,234.00,231.50,234.00,+2.00,"2,073",5871
112/02/15,"2,921,794","683,371,962",234.00,235.00,233.00,234.50,+0.50,"2,484",5871
112/02/16,"3,869,481","898,895,235",235.50,235.50,230.50,231.50,-3.00,"3,551",5871
112/02/17,"3,275,819","757,748,659",230.50,233.00,230.00,231.50, 0.00,"1,917",5871
112/02/20,"3,393,076","782,496,279",231.00,232.00,229.50,231.00,-0.50,"2,422",5871
112/02/21,"2,427,187","555,454,657",231.00,231.00,227.00,228.50,-2.50,"3,056",5871
112/02/22,"3,230,667","732,663,517",227.00,228.50,225.00,228.00,-0.50,"3,123",5871
112/02/23,"5,203,442","1,174,681,700",227.00,228.00,224.00,225.00,-3.00,"4,671",5871
112/02/24,"11,920,356","2,663,293,191",229.00,229.00,218.50,225.50,+0.50,"8,764",5871
112/03/01,"5,738,064","1,297,792,943",219.00,229.50,219.00,229.00,+3.50,"4,432",5871
112/03/02,"2,553,782","580,787,538",229.50,230.00,226.00,226.00,-3.00,"2,796",5871
112/03/03,"3,029,868","687,087,900",228.50,230.50,225.00,226.00, 0.00,"2,826",5871
112/03/06,"1,938,957","442,095,838",228.50,229.00,226.50,228.00,+2.00,"1,783",5871
112/03/07,"4,787,119","1,105,538,466",228.00,233.00,228.00,232.00,+4.00,"3,738",5871
112/03/08,"3,024,606","702,360,035",230.50,234.00,230.50,232.50,+0.50,"3,621",5871
112/03/09,"4,639,097","1,088,490,166",234.50,237.00,233.00,234.50,+2.00,"3,275",5871
112/03/10,"5,342,718","1,225,172,450",232.50,233.50,226.00,227.00,-7.50,"6,106",5871
112/03/13,"5,475,824","1,268,286,874",229.50,235.00,225.50,234.50,+7.50,"4,474",5871
112/03/14,"4,386,976","1,009,466,035",230.50,232.50,228.00,229.50,-5.00,"7,509",5871
112/03/15,"2,640,210","609,153,953",231.00,232.50,229.50,229.50, 0.00,"1,963",5871
112/03/16,"4,173,055","950,899,361",228.00,229.50,226.00,228.00,-1.50,"2,953",5871
112/03/17,"4,166,931","958,406,098",229.50,231.00,228.50,230.00,+2.00,"2,155",5871
112/03/20,"1,540,648","354,195,227",231.50,231.50,228.00,231.00,+1.00,"1,898",5871
112/03/21,"2,073,793","475,421,439",231.50,232.00,227.50,229.00,-2.00,"2,220",5871
112/03/22,"3,066,240","714,567,642",230.50,235.00,229.00,234.00,+5.00,"2,769",5871
112/03/23,"2,188,281","515,790,203",233.50,237.50,232.50,237.00,+3.00,"2,626",5871
112/03/24,"4,013,525","930,102,792",236.00,236.00,230.50,232.00,-5.00,"10,022",5871
112/03/27,"2,323,586","541,194,436",231.00,234.50,230.50,233.00,+1.00,"2,072",5871
112/03/28,"1,177,014","274,610,380",234.00,234.50,232.50,233.00, 0.00,"3,637",5871
112/03/29,"5,090,959","1,152,313,223",224.00,228.50,224.00,228.50,-4.50,"9,816",5871
112/03/30,"3,927,059","884,795,952",228.00,228.00,224.00,225.50,-3.00,"5,760",5871
112/03/31,"5,588,792","1,242,538,223",224.50,225.00,220.00,223.50,-2.00,"5,978",5871
112/04/06,"3,138,930","696,606,540",224.00,225.00,220.00,220.50,-3.00,"4,116",5871
112/04/07,"1,753,410","391,696,055",221.50,225.00,221.00,223.50,+3.00,"1,917",5871
112/04/10,"2,408,253","539,414,504",224.00,225.50,223.00,224.00,+0.50,"2,426",5871
112/04/11,"2,796,355","637,547,239",227.50,229.50,226.50,228.00,+4.00,"2,826",5871
112/04/12,"1,545,985","351,900,601",228.00,229.00,226.00,228.00, 0.00,"2,765",5871
112/04/13,"2,765,244","631,259,899",226.00,230.50,226.00,229.50,+1.50,"2,152",5871
112/04/14,"4,233,488","983,444,619",231.50,233.50,229.50,233.50,+4.00,"3,297",5871
112/04/17,"2,584,996","594,103,245",231.50,232.00,228.50,230.00,-3.50,"5,459",5871
112/04/18,"1,411,491","324,034,159",228.50,230.50,228.00,230.00, 0.00,"1,574",5871
112/04/19,"1,884,961","429,869,830",229.00,229.50,227.00,229.00,-1.00,"3,123",5871
112/04/20,"1,715,090","388,712,102",228.00,229.50,225.00,225.00,-4.00,"2,061",5871
112/04/21,"2,171,973","490,554,449",226.00,228.00,224.00,225.50,+0.50,"2,121",5871
112/04/24,"1,041,733","233,494,359",224.00,226.00,221.00,226.00,+0.50,"1,465",5871
112/04/25,"2,103,218","469,185,400",226.50,227.50,221.00,222.00,-4.00,"2,742",5871
112/04/26,"2,673,880","599,150,045",221.00,226.00,220.50,224.50,+2.50,"2,404",5871
112/04/27,"3,583,312","789,660,691",223.00,224.00,218.00,220.00,-4.50,"5,773",5871
112/04/28,"2,167,357","483,094,515",221.50,224.00,221.00,223.00,+3.00,"1,748",5871
112/05/02,"1,820,681","409,414,616",224.50,226.50,223.00,225.00,+2.00,"2,262",5871
112/05/03,"1,508,573","336,010,160",224.00,224.00,221.50,222.50,-2.50,"2,821",5871
112/05/04,"1,867,662","413,151,567",221.00,222.50,220.50,221.00,-1.50,"2,864",5871
112/05/05,"2,861,685","628,812,659",222.00,222.00,218.50,220.50,-0.50,"3,278",5871
112/05/08,"2,179,777","490,682,562",222.50,226.50,222.50,226.00,+5.50,"2,230",5871
112/05/09,"1,367,860","307,254,793",225.00,226.50,223.50,224.00,-2.00,"6,162",5871
112/05/10,"2,158,707","485,287,150",226.00,227.50,223.00,225.00,+1.00,"1,813",5871
112/05/11,"2,238,005","502,972,968",226.00,227.00,223.50,224.50,-0.50,"1,667",5871
112/05/12,"3,335,052","744,312,201",225.50,226.50,221.50,222.00,-2.50,"2,913",5871
112/05/15,"8,903,388","1,875,530,222",221.00,221.00,206.00,209.00,-13.00,"14,258",5871
112/05/16,"5,935,496","1,232,506,077",208.00,209.50,206.00,208.00,-1.00,"7,500",5871
112/05/17,"5,105,631","1,087,182,839",208.00,216.00,207.00,214.00,+6.00,"4,831",5871
112/05/18,"5,137,822","1,110,905,562",216.00,218.50,212.00,218.00,+4.00,"4,082",5871
112/05/19,"5,691,258","1,234,294,547",220.00,222.50,214.00,216.00,-2.00,"5,782",5871
112/05/22,"4,241,156","910,312,598",213.00,216.50,212.50,215.00,-1.00,"4,552",5871
112/05/23,"3,462,674","742,550,795",215.50,216.50,213.50,213.50,-1.50,"3,218",5871
112/05/24,"3,484,257","731,965,077",212.50,213.00,209.00,210.00,-3.50,"4,665",5871
112/05/25,"7,614,002","1,560,360,267",208.00,208.50,202.00,206.00,-4.00,"9,091",5871
112/05/26,"3,889,808","801,939,459",205.00,208.00,204.50,206.00, 0.00,"5,868",5871
112/05/29,"6,238,893","1,286,449,753",206.50,211.00,201.00,210.50,+4.50,"6,420",5871
112/05/30,"3,928,010","813,207,270",210.50,210.50,205.50,207.00,-3.50,"5,854",5871
112/05/31,"29,212,529","5,924,983,630",205.00,206.50,202.50,202.50,-4.50,"10,319",5871
112/06/01,"3,114,827","637,603,937",204.00,205.50,203.50,204.50,+2.00,"3,508",5871
112/06/02,"4,204,211","861,388,740",202.50,206.00,202.50,205.00,+0.50,"3,468",5871
112/06/05,"3,034,772","631,565,238",206.50,210.00,206.50,206.50,+1.50,"3,459",5871
112/06/06,"1,456,892","303,948,747",206.50,209.50,206.50,209.00,+2.50,"1,996",5871
112/06/07,"3,500,624","743,896,398",210.00,213.50,209.50,213.00,+4.00,"3,842",5871
112/06/08,"1,937,090","409,109,432",212.00,213.00,210.00,210.00,-3.00,"2,491",5871
112/06/09,"1,898,051","400,351,859",212.00,212.00,208.50,211.50,+1.50,"2,214",5871
112/06/12,"2,665,239","561,624,049",213.50,214.00,209.00,209.00,-2.50,"3,049",5871
112/06/13,"8,372,093","1,719,150,822",207.50,210.50,204.00,204.00,-5.00,"11,902",5871
112/06/14,"3,628,132","754,460,764",205.50,210.00,205.50,208.50,+4.50,"3,697",5871
112/06/15,"4,175,688","857,709,736",207.50,208.00,204.50,205.50,-3.00,"6,493",5871
112/06/16,"3,841,709","789,532,289",206.50,208.00,204.50,205.00,-0.50,"3,440",5871
112/06/19,"2,306,397","475,389,278",204.00,208.00,203.00,207.00,+2.00,"2,881",5871
112/06/20,"2,487,504","512,116,431",207.50,207.50,205.00,205.00,-2.00,"2,775",5871
112/06/21,"5,210,175","1,050,169,334",201.00,203.00,200.00,201.50,-3.50,"9,104",5871
112/06/26,"3,478,567","699,114,763",199.50,202.00,199.50,202.00,+0.50,"5,500",5871
112/06/27,"2,666,395","536,492,879",201.00,203.00,200.00,201.00,-1.00,"3,431",5871
112/06/28,"1,553,499","313,885,199",201.00,203.00,200.50,203.00,+2.00,"2,062",5871
112/06/29,"3,345,181","684,808,824",205.00,207.00,203.00,204.00,+1.00,"3,146",5871
112/06/30,"3,304,952","671,825,853",202.50,204.50,202.00,204.00, 0.00,"2,850",5871
112/07/03,"1,659,826","340,822,750",203.50,206.50,203.50,205.50,+1.50,"1,909",5871
112/07/04,"4,632,253","973,292,540",206.50,212.00,206.50,210.00,+4.50,"4,388",5871
112/07/05,"3,041,369","639,137,956",210.00,212.00,209.00,210.00, 0.00,"3,465",5871
112/07/06,"5,532,656","1,136,786,321",207.00,208.00,204.00,204.00,-6.00,"5,460",5871
112/07/07,"4,739,866","954,717,899",201.00,203.00,201.00,201.00,-3.00,"7,190",5871
112/07/10,"2,003,954","404,087,556",202.00,203.50,200.50,201.50,+0.50,"2,397",5871
112/07/11,"2,222,792","452,768,324",203.00,204.50,202.00,204.50,+3.00,"2,048",5871
112/07/12,"3,786,871","767,222,883",202.50,204.50,202.00,202.50,-2.00,"3,134",5871
112/07/13,"3,612,104","738,474,966",202.50,206.50,202.50,203.50,+1.00,"3,493",5871
112/07/14,"6,805,571","1,432,710,280",206.00,213.00,206.00,212.00,+8.50,"6,216",5871
112/07/17,"4,956,952","1,063,461,407",213.00,216.00,212.50,215.00,+3.00,"5,023",5871
112/07/18,"4,436,691","940,297,942",214.50,214.50,210.00,211.00,-4.00,"4,051",5871
112/07/19,"3,610,485","766,601,715",212.00,214.00,211.50,212.00,+1.00,"2,711",5871
112/07/20,"7,276,997","1,515,378,182",211.00,211.00,206.50,206.50,-5.50,"5,236",5871
112/07/21,"4,405,366","898,688,303",205.00,206.00,203.00,204.00,-2.50,"5,898",5871
112/07/24,"3,699,081","756,966,477",205.00,207.00,202.50,205.00,+1.00,"3,325",5871
112/07/25,"5,571,142","1,150,946,914",206.00,208.00,204.00,207.50,+2.50,"3,175",5871
112/07/26,"4,306,497","880,928,148",206.00,207.00,203.50,203.50,-4.00,"5,366",5871
112/07/27,"6,505,090","1,336,071,715",205.00,208.50,204.00,204.50,+1.00,"4,618",5871
112/07/28,"4,790,801","984,095,508",204.50,206.50,204.00,205.00,+0.50,"3,676",5871
112/07/31,"7,506,323","1,562,333,034",207.00,209.00,206.50,208.00,+3.00,"5,843",5871
112/08/01,"5,565,132","1,115,269,792",200.00,203.00,199.00,202.50,X0.00,"6,531",5871
112/08/02,"4,924,706","987,979,341",201.00,202.00,199.00,201.00,-1.50,"6,102",5871
112/08/04,"9,956,507","1,944,374,990",198.00,199.00,194.00,194.00,-7.00,"15,060",5871
112/08/07,"8,931,981","1,681,745,820",192.50,192.50,184.00,187.50,-6.50,"13,819",5871
112/08/08,"8,996,662","1,675,730,073",188.00,189.50,184.50,185.00,-2.50,"8,994",5871
112/08/09,"3,106,617","577,410,109",184.50,187.00,184.50,186.50,+1.50,"3,446",5871
112/08/10,"3,313,426","621,573,443",187.00,190.00,186.00,187.00,+0.50,"3,493",5871
112/08/11,"3,269,822","612,783,506",188.50,190.00,186.00,186.00,-1.00,"4,064",5871
112/08/14,"12,467,353","2,178,739,276",181.50,181.50,173.00,173.50,-12.50,"19,406",5871
112/08/15,"12,532,779","2,133,311,421",172.50,173.00,168.00,170.00,-3.50,"13,198",5871
112/08/16,"10,787,383","1,866,547,831",170.00,176.00,169.00,174.00,+4.00,"8,122",5871
112/08/17,"7,850,275","1,407,680,051",172.50,183.00,171.00,181.50,+7.50,"7,935",5871
112/08/18,"7,452,038","1,345,852,427",181.00,182.50,179.00,180.00,-1.50,"5,058",5871
112/08/21,"3,609,267","643,074,943",179.00,180.00,176.00,179.00,-1.00,"4,454",5871
112/08/22,"2,798,635","498,997,363",178.50,179.50,177.50,177.50,-1.50,"2,941",5871
112/08/23,"3,829,723","666,538,132",177.50,177.50,172.50,174.00,-3.50,"6,244",5871
112/08/24,"2,101,595","370,592,852",174.50,177.50,173.50,177.00,+3.00,"2,259",5871
112/08/25,"3,924,629","698,810,501",176.50,179.50,175.00,178.00,+1.00,"2,634",5871
112/08/28,"3,332,193","604,890,147",178.50,184.00,176.50,181.50,+3.50,"3,522",5871
112/08/29,"4,095,666","726,582,374",177.00,179.50,175.00,178.50,-3.00,"5,145",5871
112/08/30,"3,188,745","565,239,882",178.50,179.50,176.00,177.00,-1.50,"4,641",5871
112/08/31,"4,854,521","863,885,522",176.50,180.00,176.50,177.50,+0.50,"3,505",5871
112/09/01,"4,679,709","831,391,448",176.00,179.00,175.50,178.50,+1.00,"3,089",5871
112/09/04,"2,606,883","469,793,632",178.50,181.50,177.50,181.50,+3.00,"2,931",5871
112/09/05,"2,113,106","379,187,897",180.50,181.00,179.00,179.00,-2.50,"3,248",5871
112/09/06,"2,920,011","522,769,511",178.50,180.00,178.00,179.50,+0.50,"2,987",5871
112/09/07,"4,581,668","805,036,485",177.00,178.00,174.00,174.50,-5.00,"8,905",5871
112/09/08,"4,811,963","829,364,547",171.50,174.00,170.50,172.50,-2.00,"6,725",5871
112/09/11,"3,535,281","618,447,289",173.50,176.50,173.00,175.00,+2.50,"2,901",5871
112/09/12,"2,768,840","484,673,344",174.50,176.00,173.00,176.00,+1.00,"2,621",5871
112/09/13,"2,553,927","449,992,564",175.50,177.00,174.50,177.00,+1.00,"2,535",5871
112/09/14,"2,630,697","469,492,461",177.50,180.00,177.00,180.00,+3.00,"2,805",5871
112/09/15,"5,923,371","1,083,513,128",182.50,185.00,182.00,182.50,+2.50,"4,589",5871
112/09/18,"2,439,393","445,957,703",182.00,184.00,181.50,183.00,+0.50,"3,137",5871
112/09/19,"3,171,753","581,606,853",182.50,184.50,182.00,184.00,+1.00,"3,124",5871
112/09/20,"3,245,727","586,717,910",184.00,184.00,179.00,180.00,-4.00,"3,889",5871
112/09/21,"4,145,030","731,535,033",179.00,180.00,175.50,175.50,-4.50,"6,066",5871
112/09/22,"2,761,508","488,329,388",174.00,179.00,174.00,177.50,+2.00,"2,304",5871
112/09/25,"2,715,500","493,093,122",178.50,183.00,178.00,181.50,+4.00,"2,558",5871
112/09/26,"2,987,935","540,459,070",182.00,183.00,179.50,180.00,-1.50,"8,997",5871
112/09/27,"3,662,937","669,956,499",180.00,184.00,178.50,184.00,+4.00,"3,343",5871
112/09/28,"4,317,792","785,305,655",184.00,184.50,180.50,181.00,-3.00,"3,028",5871
112/10/02,"2,950,537","533,562,775",181.00,182.00,178.50,181.00, 0.00,"2,336",5871
112/10/03,"1,915,931","344,397,168",179.50,181.00,179.00,179.00,-2.00,"2,653",5871
112/10/04,"3,862,173","682,395,138",179.50,179.50,175.50,177.00,-2.00,"4,428",5871
112/10/05,"1,945,442","345,759,247",178.00,179.00,177.00,177.50,+0.50,"2,180",5871
112/10/06,"1,657,451","296,793,163",179.50,180.00,178.00,178.00,+0.50,"2,055",5871
112/10/11,"6,585,354","1,210,661,980",182.00,186.50,181.00,183.50,+5.50,"5,782",5871
112/10/12,"3,970,845","724,541,488",183.50,184.00,180.00,183.50, 0.00,"6,766",5871
112/10/13,"3,141,182","575,129,021",182.00,184.00,182.00,183.00,-0.50,"2,200",5871
112/10/16,"2,152,104","392,573,707",182.00,183.00,181.50,182.50,-0.50,"2,001",5871
112/10/17,"2,487,858","453,271,006",182.50,184.00,181.00,181.00,-1.50,"2,013",5871
112/10/18,"2,756,311","492,977,405",180.50,182.00,178.00,179.00,-2.00,"3,624",5871
112/10/19,"2,362,935","420,364,643",177.00,179.00,177.00,179.00, 0.00,"3,062",5871
112/10/20,"6,226,357","1,085,307,241",177.00,177.50,172.00,174.00,-5.00,"7,118",5871
112/10/23,"4,394,431","756,212,527",171.50,173.50,170.50,172.00,-2.00,"4,793",5871
112/10/24,"3,527,055","602,586,009",169.50,172.50,169.50,171.00,-1.00,"4,245",5871
112/10/25,"2,153,385","374,306,053",172.50,175.00,172.00,173.50,+2.50,"2,243",5871
112/10/26,"6,012,740","1,034,315,900",172.00,174.00,171.00,171.50,-2.00,"4,256",5871
112/10/27,"7,620,646","1,358,365,523",173.50,180.50,173.00,179.00,+7.50,"4,636",5871
112/10/30,"3,427,993","607,933,404",177.50,179.00,176.00,177.50,-1.50,"3,220",5871
112/10/31,"2,726,613","480,051,507",177.50,178.50,174.50,175.50,-2.00,"2,866",5871
112/11/01,"2,615,147","455,505,322",176.00,176.50,173.50,173.50,-2.00,"3,098",5871
112/11/02,"2,340,751","414,763,641",176.50,178.50,176.00,176.50,+3.00,"2,278",5871
112/11/03,"1,959,280","349,886,960",178.50,179.50,177.50,178.50,+2.00,"2,006",5871
112/11/06,"3,186,585","577,034,653",179.00,182.50,178.50,181.00,+2.50,"2,897",5871
112/11/07,"2,805,835","509,895,976",181.00,182.50,180.00,182.00,+1.00,"2,519",5871
112/11/08,"2,731,149","490,850,475",182.00,182.00,178.50,179.00,-3.00,"3,288",5871
112/11/09,"1,531,536","273,170,148",179.50,180.00,177.50,178.00,-1.00,"5,080",5871
112/11/10,"5,124,191","890,505,711",175.00,175.00,173.00,173.50,-4.50,"7,652",5871
112/11/13,"3,337,188","579,222,439",175.00,175.50,172.00,172.50,-1.00,"4,548",5871
112/11/14,"2,423,152","421,223,996",174.50,175.00,173.00,173.00,+0.50,"3,679",5871
112/11/15,"5,085,584","885,788,961",173.50,175.00,173.00,175.00,+2.00,"4,968",5871
112/11/16,"4,631,246","814,729,672",174.00,177.00,174.00,176.50,+1.50,"3,821",5871
112/11/17,"4,079,065","726,042,746",176.50,179.00,176.00,177.50,+1.00,"3,900",5871
112/11/20,"2,534,957","448,994,041",177.00,178.50,175.00,178.00,+0.50,"3,407",5871
112/11/21,"5,727,309","1,033,597,282",178.50,182.00,177.00,181.00,+3.00,"5,221",5871
112/11/22,"2,551,331","463,402,126",179.50,182.50,179.50,182.50,+1.50,"3,164",5871
112/11/23,"2,495,927","454,802,567",182.00,184.00,181.00,182.00,-0.50,"2,551",5871
112/11/24,"3,731,439","686,818,285",183.00,185.00,182.50,184.50,+2.50,"4,622",5871
112/11/27,"4,654,272","859,831,150",184.50,187.00,182.50,183.50,-1.00,"4,124",5871
112/11/28,"5,267,428","974,587,716",185.00,186.50,182.50,185.00,+1.50,"4,265",5871
112/11/29,"2,227,156","409,805,181",185.00,186.00,183.00,183.00,-2.00,"8,219",5871
112/11/30,"7,075,731","1,311,785,145",184.50,186.00,183.00,186.00,+3.00,"3,805",5871
112/12/01,"4,553,080","833,570,638",184.00,184.50,182.00,182.50,-3.50,"4,047",5871
112/12/04,"3,759,190","686,138,907",183.50,185.00,181.00,181.50,-1.00,"3,233",5871
112/12/05,"4,698,463","847,369,788",180.00,181.00,179.00,181.00,-0.50,"4,424",5871
112/12/06,"1,856,403","335,978,695",181.00,182.50,180.00,180.00,-1.00,"2,953",5871
112/12/07,"3,835,768","688,428,441",178.50,181.00,178.50,179.00,-1.00,"5,187",5871
112/12/08,"4,774,274","867,526,569",181.00,183.50,180.50,181.00,+2.00,"3,296",5871
112/12/11,"5,386,445","962,610,376",180.50,180.50,178.00,178.50,-2.50,"5,627",5871
112/12/12,"3,699,213","663,872,078",180.00,180.50,178.50,179.00,+0.50,"3,156",5871
112/12/13,"6,422,574","1,134,307,057",178.00,179.00,175.00,175.50,-3.50,"8,634",5871
112/12/14,"5,743,970","1,022,001,487",175.50,179.50,175.50,179.50,+4.00,"3,850",5871
112/12/15,"11,117,765","2,063,578,344",181.00,188.00,181.00,187.50,+8.00,"9,721",5871
112/12/18,"6,454,172","1,217,886,525",189.00,191.50,186.00,186.50,-1.00,"8,818",5871
112/12/19,"3,167,277","590,688,269",186.50,188.00,184.50,186.50, 0.00,"3,291",5871
112/12/20,"3,297,106","613,100,331",188.00,188.50,184.50,185.00,-1.50,"4,735",5871
112/12/21,"4,250,365","793,071,453",185.00,187.50,183.50,187.50,+2.50,"3,300",5871
112/12/22,"3,332,377","621,905,933",187.00,188.50,185.50,186.50,-1.00,"3,911",5871
112/12/25,"1,920,719","358,665,125",187.50,187.50,185.50,186.50, 0.00,"1,614",5871
112/12/26,"2,586,858","489,367,237",188.00,190.00,187.00,189.00,+2.50,"3,122",5871
112/12/27,"2,753,294","524,136,953",189.00,191.00,188.50,190.50,+1.50,"3,227",5871
112/12/28,"4,977,243","938,868,326",190.00,190.50,187.00,189.50,-1.00,"3,384",5871
112/12/29,"5,028,597","964,738,683",190.00,193.00,189.00,193.00,+3.50,"4,217",5871
113/01/02,"4,516,341","869,712,741",192.50,194.00,190.50,194.00,+1.00,"3,404",5871
113/01/03,"4,345,925","831,516,135",192.00,193.00,190.00,192.00,-2.00,"4,177",5871
113/01/04,"4,821,938","936,382,591",192.50,195.50,191.50,195.50,+3.50,"4,338",5871
113/01/05,"3,531,987","678,621,644",195.00,195.50,190.00,190.00,-5.50,"4,531",5871
113/01/08,"4,873,628","913,994,123",191.00,191.00,186.00,186.00,-4.00,"6,208",5871
113/01/09,"3,900,837","718,115,582",187.00,187.00,182.50,182.50,-3.50,"5,827",5871
113/01/10,"2,471,628","453,860,375",184.50,185.00,182.00,183.00,+0.50,"2,660",5871
113/01/11,"1,600,432","297,266,695",184.50,187.00,183.50,186.00,+3.00,"2,041",5871
113/01/12,"2,071,498","383,016,240",185.50,186.50,183.50,184.50,-1.50,"2,465",5871
113/01/15,"2,159,377","398,203,559",186.00,186.50,183.50,184.00,-0.50,"3,010",5871
113/01/16,"3,062,361","557,129,095",183.00,183.50,180.50,182.00,-2.00,"4,676",5871
113/01/17,"7,164,514","1,285,438,437",181.00,181.50,178.50,178.50,-3.50,"8,855",5871
113/01/18,"5,035,200","895,110,504",178.50,179.50,177.00,177.00,-1.50,"5,845",5871
113/01/19,"4,468,626","801,139,606",178.00,180.50,178.00,179.50,+2.50,"4,110",5871
113/01/22,"3,333,705","599,067,507",179.50,181.00,178.00,180.00,+0.50,"3,211",5871
113/01/23,"3,312,675","598,813,893",181.00,181.50,179.50,181.00,+1.00,"2,333",5871
113/01/24,"3,953,486","708,431,474",181.00,182.00,178.00,178.00,-3.00,"6,824",5871
113/01/25,"4,181,030","752,470,712",178.50,181.00,178.50,179.50,+1.50,"3,097",5871
113/01/26,"3,706,705","661,320,223",179.00,179.50,177.00,177.50,-2.00,"6,175",5871
113/01/29,"3,797,753","679,573,401",177.50,180.00,177.00,179.00,+1.50,"2,799",5871
113/01/30,"10,324,340","1,808,695,889",178.00,178.50,174.00,174.00,-5.00,"17,737",5871
113/01/31,"3,437,396","598,230,009",173.00,175.00,173.00,174.00, 0.00,"5,070",5871
113/02/01,"5,000,418","873,514,019",174.50,176.00,173.00,175.00,+1.00,"4,608",5871
113/02/02,"4,777,849","833,843,318",175.00,175.50,174.00,174.50,-0.50,"4,895",5871
113/02/05,"4,844,370","837,913,393",174.00,174.00,171.00,174.00,-0.50,"7,525",5871
113/02/15,"8,402,730","1,434,219,056",171.00,172.00,170.00,170.00,-4.00,"14,840",5871
113/02/16,"10,326,700","1,756,250,168",170.00,173.00,168.00,171.00,+1.00,"13,635",5871
113/02/19,"4,450,900","773,130,335",173.00,175.00,172.00,174.00,+3.00,"4,748",5871
113/02/20,"3,793,909","669,037,999",174.50,177.50,174.50,177.50,+3.50,"3,955",5871
113/02/21,"4,567,496","805,239,281",177.50,178.50,175.00,176.00,-1.50,"4,922",5871
113/02/22,"3,387,611","596,712,282",176.50,177.50,175.00,176.00, 0.00,"3,352",5871
113/02/23,"3,039,308","536,438,703",175.50,177.50,175.00,176.00, 0.00,"2,968",5871
113/02/26,"5,160,152","895,524,351",176.00,176.50,172.50,173.00,-3.00,"6,729",5871
113/02/27,"4,679,745","809,459,434",174.00,176.00,172.00,172.00,-1.00,"5,058",5871
113/02/29,"4,695,155","814,704,670",172.00,175.00,171.00,174.50,+2.50,"3,716",5871
113/03/01,"4,257,649","739,033,023",174.50,175.00,172.50,174.00,-0.50,"3,740",5871
113/03/04,"2,511,207","436,051,830",173.00,174.00,173.00,174.00, 0.00,"3,037",5871
113/03/05,"2,948,783","512,883,442",173.50,175.00,173.00,173.50,-0.50,"3,339",5871
113/03/06,"5,688,555","995,023,486",173.00,176.50,172.50,175.00,+1.50,"3,605",5871
113/03/07,"4,307,031","750,186,435",174.00,175.00,173.00,175.00, 0.00,"4,478",5871
113/03/08,"5,632,198","969,764,715",173.50,174.00,171.00,172.50,-2.50,"7,905",5871
113/03/11,"2,780,998","482,716,636",172.00,174.50,171.50,174.50,+2.00,"2,887",5871
113/03/12,"3,159,587","552,807,275",174.50,176.00,173.50,176.00,+1.50,"3,765",5871
113/03/13,"4,660,112","818,970,616",175.00,177.50,174.00,176.00, 0.00,"4,426",5871
113/03/14,"7,139,506","1,276,709,985",176.50,180.50,176.50,179.00,+3.00,"6,504",5871
113/03/15,"6,991,746","1,232,803,118",178.00,178.00,174.50,177.00,-2.00,"6,671",5871
113/03/18,"3,056,096","534,372,140",176.00,176.50,174.00,174.00,-3.00,"3,979",5871
113/03/19,"4,315,661","745,615,783",173.00,174.00,172.00,172.50,-1.50,"4,749",5871
113/03/20,"3,661,909","630,641,394",172.00,173.00,171.50,172.00,-0.50,"3,989",5871
113/03/21,"5,205,402","913,606,510",173.50,177.00,173.00,176.50,+4.50,"4,308",5871
113/03/22,"6,930,320","1,190,060,276",174.00,174.50,170.50,171.50,-5.00,"9,462",5871
113/03/25,"2,433,532","420,018,624",170.50,174.00,170.50,174.00,+2.50,"2,733",5871
113/03/26,"5,099,604","876,466,076",172.00,174.00,170.50,172.00,-2.00,"5,669",5871
113/03/27,"1,755,600","301,913,574",171.50,172.50,171.50,172.00, 0.00,"2,408",5871
113/03/28,"5,131,347","886,588,964",173.50,175.00,171.50,171.50,-0.50,"4,862",5871
113/03/29,"1,802,575","310,420,423",172.00,173.00,171.50,172.00,+0.50,"2,022",5871
113/04/01,"4,787,846","838,104,521",173.00,176.00,173.00,175.50,+3.50,"4,088",5871
113/04/02,"3,949,586","695,651,986",176.50,177.50,175.00,176.00,+0.50,"7,543",5871
113/04/03,"6,531,975","1,144,502,099",175.00,176.00,174.00,175.50,-0.50,"4,511",5871
113/04/08,"3,808,824","670,766,516",174.00,178.00,174.00,176.00,+0.50,"3,869",5871
113/04/09,"6,991,569","1,244,184,688",177.00,179.00,176.00,178.50,+2.50,"5,070",5871
113/04/10,"5,969,573","1,070,691,585",179.00,180.50,178.00,178.50, 0.00,"11,000",5871
113/04/11,"3,620,119","636,689,658",177.50,178.00,174.50,175.50,-3.00,"4,050",5871
113/04/12,"3,620,782","632,871,061",175.00,175.50,174.00,174.50,-1.00,"3,827",5871
113/04/15,"2,959,803","513,240,250",173.00,174.50,172.50,173.00,-1.50,"3,343",5871
113/04/16,"6,137,674","1,048,135,776",172.00,173.00,170.00,170.00,-3.00,"7,909",5871
113/04/17,"4,502,721","766,589,629",170.50,171.00,169.50,170.50,+0.50,"4,579",5871
113/04/18,"4,391,328","755,840,446",171.00,173.00,170.50,172.00,+1.50,"3,534",5871
113/04/19,"9,022,439","1,517,101,754",170.50,171.50,165.00,168.00,-4.00,"12,339",5871
113/04/22,"4,708,084","808,334,636",169.50,173.00,168.00,172.50,+4.50,"3,688",5871
113/04/23,"3,590,814","621,307,355",173.00,174.00,172.00,173.00,+0.50,"3,000",5871
113/04/24,"4,151,697","716,413,353",174.00,174.00,171.00,173.50,+0.50,"3,469",5871
113/04/25,"2,513,705","431,158,534",172.00,172.50,171.00,171.00,-2.50,"2,384",5871
113/04/26,"7,889,485","1,331,736,989",170.50,171.00,167.50,168.00,-3.00,"12,304",5871
113/04/29,"8,745,883","1,500,516,709",167.50,174.00,167.00,174.00,+6.00,"6,248",5871
113/04/30,"4,055,125","702,432,031",173.00,175.00,172.50,172.50,-1.50,"2,745",5871
113/05/02,"7,019,476","1,201,125,838",171.50,173.50,170.00,170.50,-2.00,"3,951",5871
113/05/03,"4,091,612","706,318,809",171.50,173.50,171.50,172.00,+1.50,"3,123",5871
113/05/06,"3,492,885","603,037,554",173.00,174.00,171.50,173.00,+1.00,"3,059",5871
113/05/07,"12,926,364","2,180,478,807",171.50,172.50,168.00,168.00,-5.00,"15,503",5871
113/05/08,"45,416,903","6,969,515,652",151.50,158.50,151.50,152.00,-16.00,"57,075",5871
113/05/09,"27,085,819","4,135,532,920",152.50,155.50,150.00,150.00,-2.00,"29,457",5871
113/05/10,"19,032,115","2,899,216,126",150.50,153.50,150.50,153.00,+3.00,"12,138",5871
113/05/13,"14,449,102","2,267,840,490",153.00,159.00,153.00,157.00,+4.00,"13,724",5871
113/05/14,"16,991,968","2,590,991,301",150.50,154.50,148.50,153.00,-4.00,"18,396",5871
113/05/15,"13,506,672","2,074,337,140",153.00,155.50,152.00,153.00, 0.00,"10,493",5871
113/05/16,"10,414,145","1,597,932,872",154.00,154.50,152.50,153.00, 0.00,"7,207",5871
113/05/17,"5,495,764","839,144,916",152.50,153.50,152.00,152.50,-0.50,"5,424",5871
113/05/20,"11,358,219","1,771,887,459",153.50,158.00,153.00,156.00,+3.50,"7,973",5871
113/05/21,"5,874,638","912,877,902",155.50,156.50,154.50,155.00,-1.00,"5,907",5871
113/05/22,"8,642,949","1,338,757,599",155.50,157.00,153.50,154.50,-0.50,"7,284",5871
113/05/23,"11,972,232","1,812,694,264",153.00,154.00,150.50,150.50,-4.00,"17,356",5871
113/05/24,"7,030,206","1,059,470,466",149.00,152.00,149.00,150.50, 0.00,"7,488",5871
113/05/27,"8,722,026","1,336,626,681",152.00,154.50,151.50,154.00,+3.50,"5,438",5871
113/05/28,"9,462,822","1,472,257,778",155.00,157.00,154.00,155.00,+1.00,"9,566",5871
113/05/29,"5,219,732","810,508,115",156.00,157.00,154.50,155.00, 0.00,"5,565",5871
113/05/30,"7,349,288","1,130,743,487",153.50,154.50,153.00,153.00,-2.00,"4,722",5871
113/05/31,"30,391,508","4,643,297,820",151.50,156.00,151.50,152.00,-1.00,"9,782",5871
113/06/03,"7,671,257","1,193,050,308",154.00,156.50,153.50,156.00,+4.00,"6,064",5871
113/06/04,"4,631,121","713,068,226",155.00,155.50,153.00,153.50,-2.50,"5,190",5871
113/06/05,"4,157,533","646,712,788",154.00,156.50,154.00,155.50,+2.00,"3,986",5871
113/06/06,"6,510,473","1,004,581,840",156.00,156.00,153.50,154.00,-1.50,"5,641",5871
113/06/07,"6,109,638","937,800,922",153.50,154.50,153.00,153.00,-1.00,"6,583",5871
113/06/11,"14,363,889","2,179,620,229",152.50,153.00,150.50,151.50,-1.50,"9,815",5871
113/06/12,"7,939,294","1,217,206,894",151.50,154.50,151.50,153.50,+2.00,"5,092",5871
113/06/13,"8,529,563","1,323,524,541",155.00,156.00,154.00,155.00,+1.50,"5,603",5871
113/06/14,"4,981,764","776,416,760",155.50,156.50,155.00,156.50,+1.50,"3,732",5871
113/06/17,"10,028,110","1,607,019,658",157.00,161.50,156.50,161.00,+4.50,"9,468",5871
113/06/18,"5,868,112","944,214,962",161.50,162.00,159.50,161.50,+0.50,"5,817",5871
113/06/19,"9,271,053","1,488,570,894",162.50,162.50,159.00,160.50,-1.00,"6,973",5871
113/06/20,"7,938,330","1,290,321,271",162.00,164.00,161.50,163.00,+2.50,"7,345",5871
113/06/21,"18,994,762","3,065,505,193",162.50,163.50,160.50,160.50,-2.50,"7,870",5871
113/06/24,"11,996,765","1,907,143,133",160.50,161.50,158.50,158.50,-2.00,"5,895",5871
113/06/25,"14,429,298","2,264,808,725",160.00,161.00,156.00,156.00,-2.50,"8,149",5871
113/06/26,"9,989,265","1,563,209,378",156.00,159.00,155.50,155.50,-0.50,"4,920",5871
113/06/27,"16,508,226","2,530,570,241",154.50,155.00,152.50,152.50,-3.00,"13,114",5871
113/06/28,"9,889,954","1,518,080,975",153.50,154.50,153.00,153.50,+1.00,"5,478",5871
113/07/01,"10,040,029","1,568,324,752",154.50,158.00,154.00,155.50,+2.00,"6,796",5871
113/07/02,"5,985,777","926,715,583",154.50,156.00,153.50,155.00,-0.50,"5,094",5871
113/07/03,"21,012,901","3,289,091,166",156.00,158.00,154.50,156.00,+1.00,"7,976",5871
113/07/04,"9,349,775","1,483,313,400",157.50,160.50,157.00,158.00,+2.00,"6,312",5871
113/07/05,"5,190,062","816,125,209",158.50,159.00,156.50,157.00,-1.00,"4,768",5871
113/07/08,"4,781,633","753,426,286",157.00,158.50,156.00,158.50,+1.50,"4,024",5871
113/07/09,"6,743,803","1,061,086,126",158.00,158.50,156.00,157.50,-1.00,"4,849",5871
113/07/10,"6,013,193","950,518,876",158.00,159.00,157.00,158.00,+0.50,"4,330",5871
113/07/11,"13,253,335","2,116,739,375",158.00,162.00,157.00,160.50,+2.50,"8,566",5871
113/07/12,"12,345,515","2,018,117,214",160.50,165.00,160.00,163.50,+3.00,"9,081",5871
113/07/15,"8,651,174","1,418,909,574",164.00,165.50,162.00,164.50,+1.00,"7,187",5871
113/07/16,"9,004,636","1,471,287,606",165.00,165.00,162.50,163.50,-1.00,"7,842",5871
113/07/17,"12,188,921","1,982,283,089",163.50,164.00,161.00,162.00,-1.50,"9,072",5871
113/07/18,"13,542,302","2,088,325,343",154.00,156.00,153.00,154.50,X0.00,"11,281",5871
113/07/19,"11,998,728","1,810,811,068",154.00,154.00,150.00,150.50,-4.00,"13,235",5871
113/07/22,"11,393,035","1,673,355,088",150.00,150.00,145.50,147.00,-3.50,"12,570",5871
113/07/23,"6,733,875","1,010,134,833",148.00,151.50,148.00,151.50,+4.50,"5,190",5871
113/07/26,"5,566,498","828,351,830",148.00,150.00,147.50,149.00,-2.50,"5,741",5871
113/07/29,"4,400,450","656,122,412",150.00,151.50,148.00,148.50,-0.50,"4,093",5871
113/07/30,"6,657,462","980,382,317",149.00,149.50,145.50,149.50,+1.00,"5,504",5871
113/07/31,"6,478,786","981,132,357",149.00,152.00,149.00,152.00,+2.50,"4,203",5871
113/08/01,"4,108,250","627,158,210",152.50,153.50,151.50,153.50,+1.50,"3,511",5871
113/08/02,"8,688,562","1,295,556,064",151.00,151.00,148.00,148.50,-5.00,"7,310",5871
113/08/05,"14,351,956","2,000,278,283",145.00,145.00,136.50,138.00,-10.50,"16,981",5871
113/08/06,"9,135,289","1,255,410,793",141.00,141.00,134.50,137.50,-0.50,"8,378",5871
113/08/07,"5,533,258","781,731,746",137.50,143.00,137.50,143.00,+5.50,"5,120",5871
113/08/08,"5,700,691","801,395,680",140.00,142.50,139.00,140.00,-3.00,"4,318",5871
113/08/09,"8,962,018","1,281,619,400",141.50,144.00,141.00,143.00,+3.00,"5,063",5871
113/08/12,"5,481,001","802,160,676",144.00,147.50,143.50,147.50,+4.50,"3,567",5871
113/08/13,"2,335,393","344,126,753",148.00,149.00,146.50,147.50, 0.00,"2,477",5871
113/08/14,"5,337,717","792,767,821",148.50,149.50,147.50,148.50,+1.00,"3,120",5871
113/08/15,"3,741,872","551,624,062",149.50,149.50,146.00,146.00,-2.50,"4,010",5871
113/08/16,"5,894,381","874,905,609",148.00,150.00,147.00,148.50,+2.50,"3,429",5871
113/08/19,"2,604,295","386,844,991",148.50,149.50,147.50,149.00,+0.50,"2,731",5871
113/08/20,"3,071,393","455,643,668",149.50,150.00,147.50,148.00,-1.00,"3,387",5871
113/08/21,"5,643,342","830,991,593",148.00,148.00,146.50,148.00, 0.00,"3,663",5871
113/08/22,"6,898,319","1,004,580,213",148.00,148.00,144.50,145.50,-2.50,"9,261",5871
113/08/23,"6,783,824","972,066,771",144.00,144.50,142.00,143.50,-2.00,"5,890",5871
113/08/26,"12,378,559","1,835,624,088",145.00,151.00,144.50,148.50,+5.00,"7,977",5871
113/08/27,"5,687,936","835,194,800",147.50,148.00,146.00,147.50,-1.00,"6,491",5871
113/08/28,"7,572,021","1,099,900,974",147.50,149.00,144.00,144.50,-3.00,"9,499",5871
113/08/29,"5,377,445","770,840,842",143.00,144.50,142.50,144.00,-0.50,"4,913",5871
113/08/30,"7,161,915","1,040,757,781",144.50,146.00,144.00,145.50,+1.50,"4,140",5871
113/09/02,"4,256,264","617,530,826",145.50,146.00,144.00,145.50, 0.00,"3,347",5871
113/09/03,"4,899,885","714,139,386",145.50,147.00,144.00,147.00,+1.50,"3,107",5871
113/09/04,"6,386,084","911,902,194",142.50,144.00,141.50,143.00,-4.00,"7,807",5871
113/09/05,"4,484,447","637,666,539",143.00,143.50,141.00,141.50,X0.00,"5,717",5871
113/09/06,"3,378,687","480,139,946",141.50,143.50,140.00,143.50,+2.00,"3,272",5871
113/09/09,"3,830,856","540,609,422",140.50,142.00,140.00,142.00,-1.50,"3,970",5871
113/09/10,"13,914,033","1,915,508,454",141.50,142.00,136.00,136.50,-5.50,"17,807",5871
113/09/11,"7,515,341","1,031,172,280",136.50,139.00,136.00,137.50,+1.00,"5,941",5871
113/09/12,"5,167,810","714,330,537",139.00,139.50,136.50,139.00,+1.50,"4,374",5871
113/09/13,"5,637,273","793,406,327",138.00,142.00,138.00,142.00,+3.00,"3,876",5871
113/09/16,"4,610,809","655,876,744",142.00,143.50,141.50,142.00, 0.00,"3,438",5871
113/09/18,"12,571,676","1,786,675,455",142.00,143.50,141.00,142.50,+0.50,"5,181",5871
113/09/19,"8,530,118","1,230,710,861",142.50,145.50,142.00,145.00,+2.50,"4,551",5871
113/09/20,"11,813,429","1,717,977,860",146.00,146.50,143.50,146.00,+1.00,"6,602",5871
113/09/23,"6,685,284","968,974,328",146.50,146.50,144.00,145.00,-1.00,"4,052",5871
113/09/24,"6,326,980","919,170,701",144.50,146.00,143.50,146.00,+1.00,"3,796",5871
113/09/25,"21,757,616","3,351,185,067",148.00,158.50,147.50,155.50,+9.50,"15,560",5871
113/09/26,"13,173,876","2,009,736,548",154.00,155.00,151.00,152.00,-3.50,"9,146",5871
113/09/27,"50,937,557","8,300,794,106",158.00,166.00,158.00,163.50,+11.50,"27,272",5871
113/09/30,"25,552,473","4,200,024,190",164.50,167.00,162.50,163.50, 0.00,"16,328",5871
113/10/01,"15,369,855","2,455,551,765",163.50,163.50,158.50,158.50,-5.00,"10,609",5871
113/10/04,"17,798,801","2,875,136,733",160.50,164.00,159.50,161.50,+3.00,"10,388",5871
113/10/07,"18,539,051","3,033,261,823",163.00,165.50,161.00,165.00,+3.50,"10,683",5871
113/10/08,"19,674,923","3,222,095,411",164.50,167.00,161.00,163.00,-2.00,"15,117",5871
113/10/09,"14,862,913","2,356,850,170",163.00,163.00,156.00,157.50,-5.50,"20,522",5871
113/10/11,"13,637,457","2,090,581,312",156.00,156.50,152.00,152.00,-5.50,"12,135",5871
113/10/14,"7,665,389","1,188,551,510",152.50,157.00,152.00,156.50,+4.50,"5,853",5871
113/10/15,"11,377,733","1,758,684,838",155.00,156.50,153.00,154.50,-2.00,"5,823",5871
113/10/16,"12,687,582","1,961,811,762",154.00,156.00,153.00,155.00,+0.50,"5,787",5871
113/10/17,"2,797,231","434,779,470",156.00,157.00,155.00,155.00, 0.00,"2,598",5871
113/10/18,"4,953,478","775,387,444",157.00,158.00,155.50,156.50,+1.50,"4,642",5871
113/10/21,"10,718,668","1,676,175,202",158.00,158.00,155.00,156.00,-0.50,"5,858",5871
113/10/22,"6,494,486","1,015,720,290",156.50,157.50,155.00,156.50,+0.50,"5,703",5871
113/10/23,"5,962,077","926,082,226",156.50,157.00,154.50,154.50,-2.00,"4,405",5871
113/10/24,"4,879,450","753,817,758",154.00,155.50,153.50,154.50, 0.00,"3,464",5871
113/10/25,"4,421,547","680,664,479",154.50,155.50,153.00,153.50,-1.00,"3,957",5871
113/10/28,"3,170,130","485,778,917",153.50,154.00,152.50,153.50, 0.00,"3,108",5871
113/10/29,"5,875,248","888,150,343",153.00,153.50,150.00,151.00,-2.50,"5,864",5871
113/10/30,"6,415,594","968,325,454",152.50,152.50,150.00,151.50,+0.50,"3,610",5871
113/11/01,"15,291,021","2,241,206,455",147.50,148.50,144.00,148.00,-3.50,"13,220",5871
113/11/04,"3,704,090","549,956,548",148.00,149.50,147.50,148.50,+0.50,"3,084",5871
113/11/05,"3,336,513","496,260,086",147.00,149.50,147.00,149.00,+0.50,"2,670",5871
113/11/06,"5,226,647","768,546,970",149.00,149.50,146.00,146.50,-2.50,"5,891",5871
113/11/07,"5,370,351","786,664,490",146.00,148.00,145.50,147.00,+0.50,"5,150",5871
113/11/08,"7,130,518","1,072,106,112",149.00,153.00,148.50,149.00,+2.00,"5,826",5871
113/11/11,"10,099,934","1,459,880,776",147.50,147.50,142.50,145.00,-4.00,"10,932",5871
113/11/12,"44,884,168","5,872,924,760",131.00,133.00,130.50,130.50,-14.50,"53,042",5871
113/11/13,"29,405,135","3,738,329,931",128.50,129.50,125.00,127.00,-3.50,"24,691",5871
113/11/14,"19,545,595","2,446,824,027",128.00,128.00,123.50,123.50,-3.50,"19,673",5871
113/11/15,"17,149,698","2,103,627,378",123.00,125.00,121.00,121.50,-2.00,"18,128",5871
113/11/18,"11,997,722","1,450,181,306",120.50,122.50,119.50,121.00,-0.50,"10,325",5871
113/11/19,"12,060,298","1,489,121,512",123.00,125.00,122.00,124.00,+3.00,"7,197",5871
113/11/20,"8,784,266","1,072,629,909",123.00,123.50,121.50,122.00,-2.00,"8,766",5871
113/11/21,"6,625,485","808,156,035",121.00,123.00,120.50,122.00, 0.00,"5,633",5871
113/11/22,"4,750,169","583,133,354",122.50,124.00,122.00,122.00, 0.00,"4,433",5871
113/11/25,"12,356,022","1,509,719,123",123.00,124.00,121.50,122.00, 0.00,"6,359",5871
113/11/26,"5,219,850","644,845,441",122.00,125.00,121.00,123.50,+1.50,"4,536",5871
113/11/27,"6,996,023","861,025,616",123.50,124.50,122.00,122.50,-1.00,"5,699",5871
113/11/28,"7,866,561","951,006,825",122.50,123.50,120.00,121.00,-1.50,"7,267",5871
113/11/29,"13,275,356","1,575,344,139",119.50,120.00,117.50,118.50,-2.50,"9,572",5871
113/12/02,"6,609,848","801,572,392",120.00,122.50,119.50,121.50,+3.00,"5,776",5871
113/12/03,"5,337,624","655,699,829",122.00,123.50,121.50,123.00,+1.50,"3,976",5871
113/12/04,"6,817,907","834,395,160",123.50,124.00,121.00,122.50,-0.50,"5,972",5871
113/12/05,"3,243,061","397,623,235",123.00,123.50,122.00,123.00,+0.50,"3,471",5871
113/12/06,"4,767,870","583,943,132",122.50,123.50,122.00,123.00, 0.00,"4,394",5871
113/12/09,"7,026,485","851,133,657",123.00,124.00,120.50,121.00,-2.00,"8,057",5871
113/12/10,"22,283,038","2,805,484,720",124.00,129.00,122.50,123.00,+2.00,"14,630",5871
113/12/11,"8,498,161","1,035,956,000",122.00,123.00,121.00,122.00,-1.00,"8,192",5871
113/12/12,"5,125,886","621,425,032",122.00,122.50,120.50,120.50,-1.50,"4,773",5871
113/12/13,"8,387,807","999,535,265",120.50,121.00,118.00,118.50,-2.00,"9,611",5871
113/12/16,"17,173,189","1,982,234,636",118.50,119.00,113.50,114.00,-4.50,"17,984",5871
113/12/17,"22,684,431","2,556,425,137",112.00,114.50,111.50,111.50,-2.50,"15,913",5871
113/12/18,"20,235,170","2,270,456,783",111.50,115.00,110.50,112.00,+0.50,"11,236",5871
113/12/19,"12,805,453","1,424,507,476",110.50,112.00,109.50,112.00, 0.00,"7,895",5871
113/12/20,"13,595,757","1,520,169,228",111.50,113.50,111.00,111.00,-1.00,"6,691",5871
113/12/23,"10,704,557","1,205,823,227",112.00,114.00,112.00,112.00,+1.00,"6,664",5871
113/12/24,"7,248,419","819,369,885",112.50,114.50,112.00,112.00, 0.00,"5,559",5871
113/12/25,"5,393,720","601,776,845",113.00,113.50,111.00,111.00,-1.00,"5,036",5871
113/12/26,"6,087,028","682,145,963",112.00,113.00,111.50,112.00,+1.00,"4,288",5871
113/12/27,"3,246,133","365,267,012",112.50,113.00,111.50,112.50,+0.50,"2,808",5871
113/12/30,"16,720,645","1,919,551,233",113.00,116.00,112.00,115.00,+2.50,"8,628",5871
113/12/31,"15,515,191","1,765,480,805",114.50,115.50,112.50,113.00,-2.00,"7,487",5871
