日期,成交股數,成交金額,開盤價,最高價,最低價,收盤價,漲跌價差,成交筆數,股票代號
107/10/19,"18,388,029","659,237,999",35.00,36.90,34.50,36.90,X0.00,"7,498",5876
107/10/22,"16,668,944","628,047,691",37.10,38.10,37.05,37.35,+0.45,"6,210",5876
107/10/23,"7,449,672","273,810,828",37.35,37.35,36.45,36.55,-0.80,"2,838",5876
107/10/24,"10,424,948","380,913,268",36.35,36.95,35.80,36.80,+0.25,"3,913",5876
107/10/25,"7,244,735","263,744,329",36.00,36.65,35.95,36.20,-0.60,"2,437",5876
107/10/26,"8,669,634","313,871,598",36.40,36.50,35.90,36.45,+0.25,"3,307",5876
107/10/29,"11,409,335","423,308,447",36.35,37.50,36.15,37.35,+0.90,"4,569",5876
107/10/30,"21,778,064","833,202,479",37.30,38.60,37.15,38.40,+1.05,"7,482",5876
107/10/31,"7,279,065","280,126,270",38.35,38.80,37.80,38.45,+0.05,"3,094",5876
107/11/01,"3,759,562","144,489,120",38.40,38.50,38.20,38.50,+0.05,"2,053",5876
107/11/02,"6,175,326","236,877,641",38.50,38.60,37.80,38.60,+0.10,"2,921",5876
107/11/05,"3,395,436","131,020,451",38.20,38.70,38.20,38.70,+0.10,"1,395",5876
107/11/06,"8,845,702","345,427,818",38.65,39.20,38.50,38.95,+0.25,"2,730",5876
107/11/07,"16,601,514","659,937,587",38.95,40.00,38.95,39.95,+1.00,"4,551",5876
107/11/08,"4,998,164","198,874,559",39.95,40.00,39.45,39.90,-0.05,"2,009",5876
107/11/09,"2,960,793","117,218,815",39.90,39.90,39.50,39.55,-0.35,"1,266",5876
107/11/12,"11,486,439","460,747,361",39.55,40.50,39.50,40.50,+0.95,"3,748",5876
107/11/13,"11,549,067","469,633,222",40.05,41.00,39.90,40.80,+0.30,"3,354",5876
107/11/14,"15,894,226","623,381,549",40.20,40.20,38.65,39.15,-1.65,"6,245",5876
107/11/15,"3,342,761","130,097,796",39.00,39.15,38.70,39.05,-0.10,"1,765",5876
107/11/16,"7,937,008","308,326,240",39.05,39.20,38.55,38.55,-0.50,"2,801",5876
107/11/19,"4,491,098","174,972,337",38.60,39.30,38.60,39.20,+0.65,"2,488",5876
107/11/20,"2,171,221","84,424,980",39.10,39.10,38.80,38.90,-0.30,"1,446",5876
107/11/21,"2,809,334","109,312,774",38.60,39.10,38.60,38.90, 0.00,"1,222",5876
107/11/22,"2,523,854","97,976,856",38.90,38.95,38.65,38.90, 0.00,"1,382",5876
107/11/23,"3,658,618","143,136,802",38.90,39.45,38.75,39.20,+0.30,"1,418",5876
107/11/26,"9,948,035","396,185,425",39.25,40.00,39.25,39.95,+0.75,"3,461",5876
107/11/27,"9,411,281","370,710,318",39.80,39.80,39.05,39.60,-0.35,"3,471",5876
107/11/28,"5,436,214","212,301,309",39.50,39.50,38.85,39.10,-0.50,"2,686",5876
107/11/29,"7,126,428","276,453,343",39.10,39.15,38.65,38.80,-0.30,"4,241",5876
107/11/30,"7,826,386","307,967,886",39.05,39.95,38.50,39.95,+1.15,"3,105",5876
107/12/03,"5,309,078","210,090,182",39.60,39.85,39.25,39.80,-0.15,"2,011",5876
107/12/04,"3,595,239","141,346,083",39.50,39.60,39.10,39.20,-0.60,"2,218",5876
107/12/05,"3,483,051","135,714,784",38.90,39.35,38.70,39.05,-0.15,"1,449",5876
107/12/06,"5,518,187","213,419,068",39.05,39.05,38.40,38.80,-0.25,"2,411",5876
107/12/07,"1,229,715","47,670,373",39.00,39.00,38.70,38.80, 0.00,475,5876
107/12/10,"3,986,116","155,457,202",38.95,39.25,38.80,38.95,+0.15,"2,228",5876
107/12/11,"4,004,267","156,775,836",39.05,39.50,38.90,39.25,+0.30,"1,634",5876
107/12/12,"3,041,573","119,672,628",39.50,39.50,39.20,39.25, 0.00,"1,283",5876
107/12/13,"4,706,043","185,831,795",39.25,39.70,39.20,39.65,+0.40,"1,809",5876
107/12/14,"2,233,000","88,319,143",39.60,39.65,39.45,39.50,-0.15,"1,191",5876
107/12/17,"3,307,838","130,790,909",39.50,39.80,39.35,39.65,+0.15,"1,182",5876
107/12/18,"6,568,535","261,442,869",39.50,39.95,39.50,39.80,+0.15,"2,409",5876
107/12/19,"8,692,057","347,786,080",39.80,40.15,39.70,40.15,+0.35,"3,290",5876
107/12/20,"7,523,948","303,330,749",40.10,40.45,40.00,40.25,+0.10,"3,266",5876
107/12/21,"18,336,973","740,213,402",40.15,40.45,40.05,40.40,+0.15,"2,312",5876
107/12/22,"3,086,914","122,776,062",39.95,40.05,39.60,39.70,-0.70,"1,208",5876
107/12/24,"3,904,466","154,957,988",39.70,39.90,39.50,39.65,-0.05,"1,906",5876
107/12/25,"3,972,614","157,472,644",39.40,39.80,39.30,39.75,+0.10,"2,163",5876
107/12/26,"2,616,261","104,401,237",39.75,40.00,39.60,39.85,+0.10,983,5876
107/12/27,"4,725,486","189,297,190",39.95,40.15,39.95,40.15,+0.30,"1,985",5876
107/12/28,"5,776,526","232,106,140",40.15,40.25,40.05,40.20,+0.05,"1,905",5876
108/01/02,"4,123,541","165,242,580",40.20,40.25,39.95,40.10,-0.10,"2,306",5876
108/01/03,"6,946,965","277,490,886",40.00,40.10,39.70,40.10, 0.00,"3,238",5876
108/01/04,"4,751,992","190,269,820",40.00,40.10,39.80,40.05,-0.05,"2,493",5876
108/01/07,"4,398,278","176,445,514",40.05,40.25,39.90,40.20,+0.15,"2,156",5876
108/01/08,"2,892,896","116,011,079",40.20,40.25,39.95,39.95,-0.25,"1,698",5876
108/01/09,"10,997,695","446,923,453",40.00,40.90,40.00,40.70,+0.75,"4,343",5876
108/01/10,"10,558,619","433,616,587",40.70,41.20,40.50,41.20,+0.50,"3,675",5876
108/01/11,"10,889,509","454,312,106",41.20,42.05,41.20,41.60,+0.40,"4,017",5876
108/01/14,"12,690,868","538,735,620",41.80,42.75,41.80,42.50,+0.90,"4,635",5876
108/01/15,"11,877,035","513,755,089",42.50,43.50,42.50,43.20,+0.70,"5,010",5876
108/01/16,"10,411,988","443,935,719",43.50,43.50,42.20,42.60,-0.60,"4,448",5876
108/01/17,"5,575,982","240,261,796",42.80,43.30,42.80,43.05,+0.45,"2,919",5876
108/01/18,"5,367,939","231,077,448",43.05,43.15,42.90,43.15,+0.10,"2,078",5876
108/01/21,"10,039,269","437,856,116",43.15,43.80,43.10,43.75,+0.60,"3,282",5876
108/01/22,"5,225,013","228,628,382",43.75,43.90,43.50,43.85,+0.10,"1,878",5876
108/01/23,"7,020,510","307,494,032",43.85,43.95,43.50,43.95,+0.10,"2,071",5876
108/01/24,"6,106,801","268,821,144",44.00,44.35,43.75,43.95, 0.00,"2,151",5876
108/01/25,"8,516,177","371,329,218",44.10,44.10,43.20,43.70,-0.25,"4,127",5876
108/01/28,"9,988,408","429,509,522",43.65,43.65,42.85,43.30,-0.40,"4,343",5876
108/01/29,"2,482,223","107,344,786",43.20,43.40,43.00,43.30, 0.00,"1,255",5876
108/01/30,"9,132,753","399,147,470",43.30,44.00,43.10,43.90,+0.60,"2,852",5876
108/02/11,"8,974,179","392,354,806",43.90,43.95,43.25,43.80,-0.10,"3,827",5876
108/02/12,"48,710,774","2,204,370,422",45.00,46.00,44.60,44.70,+0.90,"14,822",5876
108/02/13,"22,017,730","989,014,450",45.00,45.10,44.80,45.00,+0.30,"6,684",5876
108/02/14,"18,427,234","830,907,273",45.10,45.40,44.95,45.05,+0.05,"5,965",5876
108/02/15,"14,392,748","647,664,910",45.00,45.15,44.75,45.00,-0.05,"4,394",5876
108/02/18,"19,015,525","862,770,457",45.20,45.60,45.10,45.20,+0.20,"5,042",5876
108/02/19,"19,644,372","892,596,146",45.50,45.70,45.10,45.20, 0.00,"4,190",5876
108/02/20,"20,962,196","961,188,988",45.30,46.30,45.25,46.30,+1.10,"5,352",5876
108/02/21,"27,079,766","1,271,526,343",46.40,47.65,46.25,47.65,+1.35,"7,566",5876
108/02/22,"18,303,673","863,581,128",47.70,47.85,46.30,47.20,-0.45,"6,060",5876
108/02/25,"26,766,428","1,228,600,038",47.20,47.20,45.30,45.70,-1.50,"10,122",5876
108/02/26,"20,809,307","936,265,628",45.70,45.70,44.65,44.90,-0.80,"8,171",5876
108/02/27,"270,688,759","12,863,821,994",45.10,47.90,44.90,47.90,+3.00,"18,540",5876
108/03/04,"53,126,050","2,445,699,169",46.30,47.00,45.45,46.10,-1.80,"16,483",5876
108/03/05,"14,281,669","655,634,016",46.00,46.10,45.50,46.10, 0.00,"3,855",5876
108/03/06,"6,918,881","316,976,076",45.80,46.10,45.55,46.00,-0.10,"3,827",5876
108/03/07,"6,484,608","294,601,892",45.75,45.80,45.15,45.50,-0.50,"3,018",5876
108/03/08,"9,825,467","444,199,947",45.30,45.35,44.85,44.95,-0.55,"2,486",5876
108/03/11,"10,143,620","457,597,014",45.00,45.35,44.90,45.10,+0.15,"3,270",5876
108/03/12,"5,939,010","269,297,281",45.45,45.50,45.05,45.50,+0.40,"2,097",5876
108/03/13,"14,796,391","681,211,141",45.20,46.50,45.15,46.50,+1.00,"5,062",5876
108/03/14,"10,209,531","478,304,887",46.50,47.10,46.45,47.10,+0.60,"4,648",5876
108/03/15,"7,025,530","330,837,043",46.50,47.30,46.45,47.30,+0.20,"2,152",5876
108/03/18,"4,201,173","198,089,262",47.00,47.40,46.80,47.40,+0.10,"1,639",5876
108/03/19,"4,380,178","207,662,895",47.35,47.50,47.20,47.50,+0.10,"1,802",5876
108/03/20,"6,853,281","326,877,224",47.40,47.90,47.30,47.90,+0.40,"2,982",5876
108/03/21,"6,083,897","289,172,177",47.90,47.90,47.00,47.50,-0.40,"2,700",5876
108/03/22,"3,795,414","180,056,066",47.65,47.80,47.30,47.55,+0.05,"1,672",5876
108/03/25,"5,435,498","254,448,756",47.00,47.00,46.70,46.95,-0.60,"2,428",5876
108/03/26,"8,627,882","412,057,697",47.30,47.95,47.05,47.90,+0.95,"3,572",5876
108/03/27,"3,328,433","158,413,990",47.80,47.80,47.40,47.55,-0.35,"2,135",5876
108/03/28,"7,842,426","374,702,848",47.50,48.00,47.35,48.00,+0.45,"2,697",5876
108/03/29,"12,015,103","582,267,665",48.00,49.00,47.60,48.70,+0.70,"3,628",5876
108/04/01,"5,497,060","267,015,175",48.50,49.00,48.30,48.50,-0.20,"2,128",5876
108/04/02,"4,148,452","200,175,646",48.70,48.70,48.05,48.15,-0.35,"2,597",5876
108/04/03,"2,995,634","143,697,182",48.20,48.25,47.85,48.00,-0.15,"1,329",5876
108/04/08,"4,503,935","217,238,559",48.00,48.70,47.95,48.10,+0.10,"2,134",5876
108/04/09,"5,800,905","278,476,607",48.00,48.20,47.80,48.15,+0.05,"2,831",5876
108/04/10,"5,161,294","250,348,680",47.75,48.95,47.75,48.90,+0.75,"2,428",5876
108/04/11,"4,285,429","207,990,271",48.90,48.95,48.15,48.70,-0.20,"2,681",5876
108/04/12,"2,985,299","144,696,691",48.85,48.85,48.15,48.70, 0.00,"1,961",5876
108/04/15,"3,482,462","170,022,626",48.70,48.90,48.70,48.90,+0.20,"1,771",5876
108/04/16,"2,487,308","121,283,312",48.70,48.85,48.55,48.85,-0.05,"2,026",5876
108/04/17,"2,706,561","131,149,871",48.75,48.75,48.15,48.60,-0.25,"1,395",5876
108/04/18,"3,558,682","172,043,101",48.60,48.60,48.05,48.55,-0.05,"1,753",5876
108/04/19,"2,205,512","107,020,973",48.50,48.75,48.25,48.60,+0.05,"1,337",5876
108/04/22,"1,729,475","83,525,053",48.60,48.60,48.15,48.20,-0.40,951,5876
108/04/23,"2,687,766","128,862,562",48.20,48.30,47.75,47.95,-0.25,"1,669",5876
108/04/24,"3,252,652","156,945,364",47.90,48.50,47.90,48.35,+0.40,"1,594",5876
108/04/25,"3,169,519","152,876,681",48.35,48.40,48.05,48.35, 0.00,"2,195",5876
108/04/26,"3,940,528","191,181,377",48.10,48.90,48.05,48.90,+0.55,"1,908",5876
108/04/29,"4,174,759","203,717,341",48.90,49.00,48.50,49.00,+0.10,"2,003",5876
108/04/30,"7,774,998","383,469,985",49.00,49.80,48.75,49.80,+0.80,"2,859",5876
108/05/02,"8,804,244","442,082,329",49.80,50.50,49.60,50.40,+0.60,"3,306",5876
108/05/03,"6,556,257","330,866,268",50.40,51.00,49.95,50.90,+0.50,"3,445",5876
108/05/06,"4,501,650","225,561,200",50.10,50.50,49.80,50.00,-0.90,"1,937",5876
108/05/07,"4,323,407","215,937,328",50.20,50.30,49.75,49.80,-0.20,"1,796",5876
108/05/08,"2,914,215","145,130,601",49.00,50.30,48.80,50.30,+0.50,"1,836",5876
108/05/09,"6,539,394","326,333,150",49.50,50.30,49.50,50.30, 0.00,"3,042",5876
108/05/10,"6,525,317","329,290,874",49.90,50.80,49.90,50.70,+0.40,"2,811",5876
108/05/13,"2,949,134","148,985,486",50.70,51.00,50.30,50.50,-0.20,"1,673",5876
108/05/14,"6,601,986","334,950,066",50.30,51.00,50.10,50.90,+0.40,"3,089",5876
108/05/15,"4,508,077","229,371,408",50.80,51.00,50.40,50.90, 0.00,"2,181",5876
108/05/16,"4,726,870","240,632,870",50.90,51.00,50.60,51.00,+0.10,"2,163",5876
108/05/17,"5,740,639","292,572,589",51.00,51.20,50.70,51.10,+0.10,"2,441",5876
108/05/20,"13,937,035","733,195,821",51.40,53.60,51.30,52.60,+1.50,"5,405",5876
108/05/21,"6,416,542","342,302,780",53.00,53.80,52.60,53.80,+1.20,"2,890",5876
108/05/22,"6,056,595","323,506,993",53.60,54.00,52.30,53.90,+0.10,"3,333",5876
108/05/23,"7,800,498","424,704,667",53.90,54.90,53.60,54.90,+1.00,"4,191",5876
108/05/24,"16,758,537","949,590,995",55.00,57.80,55.00,57.80,+2.90,"6,618",5876
108/05/27,"15,009,645","850,447,009",58.00,58.20,55.50,56.80,-1.00,"7,152",5876
108/05/28,"30,732,004","1,736,292,506",56.30,57.40,54.40,57.40,+0.60,"6,524",5876
108/05/29,"9,351,574","523,324,244",56.00,57.00,55.20,56.20,-1.20,"4,740",5876
108/05/30,"9,191,691","524,814,324",56.20,57.50,56.10,57.50,+1.30,"3,768",5876
108/05/31,"9,802,797","566,293,026",57.10,58.30,57.00,58.10,+0.60,"3,744",5876
108/06/03,"5,834,844","335,429,657",57.50,57.80,57.10,57.70,-0.40,"2,920",5876
108/06/04,"5,149,351","298,305,358",57.60,58.20,57.50,58.00,+0.30,"2,079",5876
108/06/05,"2,988,042","172,694,098",58.20,58.30,57.40,57.40,-0.60,"1,484",5876
108/06/06,"4,287,700","247,768,411",57.40,58.00,57.30,57.90,+0.50,"1,580",5876
108/06/10,"6,174,679","358,121,782",58.00,58.20,57.60,58.20,+0.30,"1,849",5876
108/06/11,"2,912,360","168,639,604",58.10,58.10,57.60,58.10,-0.10,"1,236",5876
108/06/12,"7,984,574","450,719,778",58.00,58.00,55.80,56.10,-2.00,"3,451",5876
108/06/13,"5,085,537","285,080,227",56.00,56.50,55.40,56.50,+0.40,"2,216",5876
108/06/14,"4,399,035","247,057,270",56.40,56.90,55.80,56.20,-0.30,"2,255",5876
108/06/17,"9,410,079","515,036,685",56.00,56.00,54.40,54.50,-1.70,"4,061",5876
108/06/18,"6,482,770","359,879,323",54.60,56.00,54.60,56.00,+1.50,"3,175",5876
108/06/19,"7,793,917","444,818,750",56.10,57.40,56.10,57.40,+1.40,"3,629",5876
108/06/20,"4,858,506","277,649,826",57.90,58.00,56.60,56.80,-0.60,"2,586",5876
108/06/21,"4,869,417","278,496,897",57.30,57.40,56.60,57.40,+0.60,"1,614",5876
108/06/24,"2,480,361","142,034,543",57.30,57.50,56.80,57.50,+0.10,"1,383",5876
108/06/25,"3,129,963","178,577,777",57.10,57.40,56.80,57.10,-0.40,"1,760",5876
108/06/26,"1,726,714","98,225,198",57.00,57.00,56.70,57.00,-0.10,"1,144",5876
108/06/27,"7,124,930","409,880,758",57.00,57.80,57.00,57.70,+0.70,"2,081",5876
108/06/28,"7,173,640","406,263,489",57.70,57.70,56.20,56.20,-1.50,"2,737",5876
108/07/01,"5,745,946","319,439,991",56.00,56.70,55.20,55.30,-0.90,"2,827",5876
108/07/02,"3,938,108","216,892,855",55.20,55.40,54.80,55.30, 0.00,"1,915",5876
108/07/03,"3,140,005","174,434,164",55.60,55.80,55.20,55.60,+0.30,"1,429",5876
108/07/04,"4,517,698","255,184,059",55.80,56.80,55.40,56.60,+1.00,"1,860",5876
108/07/05,"7,510,678","427,143,494",56.70,57.40,55.90,57.40,+0.80,"2,709",5876
108/07/08,"6,552,939","367,212,058",55.60,56.40,55.60,56.30,X0.00,"2,758",5876
108/07/09,"3,374,674","189,608,770",56.30,56.50,55.90,56.20,-0.10,"1,410",5876
108/07/10,"5,196,353","296,181,421",56.50,57.50,56.40,57.20,+1.00,"2,407",5876
108/07/11,"2,975,958","170,571,576",57.40,57.50,56.80,57.50,+0.30,"1,424",5876
108/07/12,"1,729,166","99,068,719",57.00,57.50,57.00,57.20,-0.30,892,5876
108/07/15,"3,495,323","196,981,943",57.00,57.00,56.00,56.20,-1.00,"1,472",5876
108/07/16,"3,227,305","181,144,133",56.40,56.50,55.90,56.20, 0.00,"1,772",5876
108/07/17,"3,618,769","204,926,744",56.00,57.10,55.90,57.00,+0.80,"1,918",5876
108/07/18,"1,486,524","83,728,689",56.80,56.90,56.10,56.30,-0.70,"1,013",5876
108/07/19,"2,817,896","159,176,394",56.30,57.00,56.00,56.30, 0.00,"1,360",5876
108/07/22,"1,956,745","109,894,120",56.30,56.40,56.00,56.00,-0.30,"1,025",5876
108/07/23,"3,835,627","212,755,329",55.70,55.90,55.10,55.30,-0.70,"1,865",5876
108/07/24,"8,522,359","461,612,062",54.90,55.50,53.50,53.50,-1.80,"3,469",5876
108/07/25,"14,892,358","777,917,316",53.30,53.40,51.70,51.70,-1.80,"5,620",5876
108/07/26,"7,375,750","382,716,184",52.00,52.40,51.40,51.90,+0.20,"2,953",5876
108/07/29,"4,647,968","241,302,911",51.90,52.10,51.60,52.10,+0.20,"2,016",5876
108/07/30,"4,487,591","230,630,631",52.20,52.20,50.90,51.40,-0.70,"1,965",5876
108/07/31,"14,238,212","721,009,226",51.40,51.40,49.95,51.40, 0.00,"4,716",5876
108/08/01,"7,054,605","354,825,974",50.60,51.00,50.00,50.20,-1.20,"3,767",5876
108/08/02,"10,760,819","528,018,100",49.30,49.70,48.70,48.85,-1.35,"4,773",5876
108/08/05,"10,913,435","538,378,815",48.50,50.20,48.10,50.00,+1.15,"5,847",5876
108/08/06,"6,518,886","320,287,255",48.75,49.65,48.75,49.05,-0.95,"3,501",5876
108/08/07,"8,146,447","396,265,510",49.05,49.30,48.30,48.30,-0.75,"4,135",5876
108/08/08,"3,205,051","156,261,354",48.35,48.90,48.35,48.65,+0.35,"1,810",5876
108/08/12,"4,443,413","214,241,207",48.30,48.50,48.05,48.05,-0.60,"2,347",5876
108/08/13,"11,107,851","522,686,530",47.95,47.95,46.35,46.80,-1.25,"4,760",5876
108/08/14,"5,280,265","250,401,663",47.05,47.95,47.05,47.10,+0.30,"2,591",5876
108/08/15,"4,404,661","205,606,599",46.10,47.00,46.10,46.85,-0.25,"2,493",5876
108/08/16,"9,257,860","441,380,561",46.40,48.30,46.40,48.00,+1.15,"4,209",5876
108/08/19,"4,764,945","229,349,011",48.20,48.45,47.60,48.45,+0.45,"2,364",5876
108/08/20,"4,853,195","233,722,210",48.45,48.45,47.85,48.30,-0.15,"2,052",5876
108/08/21,"22,798,436","1,071,084,978",47.60,48.00,45.90,47.65,-0.65,"8,585",5876
108/08/22,"10,876,462","527,720,903",47.60,48.80,47.60,48.70,+1.05,"4,400",5876
108/08/23,"10,265,499","508,050,838",48.80,50.10,48.40,49.75,+1.05,"4,693",5876
108/08/26,"13,733,746","684,044,084",49.40,50.40,49.10,50.00,+0.25,"4,982",5876
108/08/27,"16,895,049","834,226,157",49.50,49.65,48.60,49.65,X0.00,"4,766",5876
108/08/28,"7,440,742","365,331,544",49.20,49.45,48.80,49.40,-0.25,"3,322",5876
108/08/29,"5,476,370","270,057,870",49.05,49.50,48.95,49.25,-0.15,"2,892",5876
108/08/30,"12,956,804","648,338,673",49.40,50.80,49.25,50.80,+1.55,"3,953",5876
108/09/02,"5,204,907","264,574,562",50.60,51.60,50.30,50.70,-0.10,"2,435",5876
108/09/03,"5,578,185","281,582,339",50.50,51.00,50.10,50.40,-0.30,"2,898",5876
108/09/04,"13,488,542","682,229,186",50.10,51.10,49.80,51.10,+0.70,"4,590",5876
108/09/05,"8,391,282","427,423,654",51.10,51.30,50.60,51.30,+0.20,"3,159",5876
108/09/06,"21,897,520","1,152,452,479",51.00,53.50,51.00,53.30,+2.00,"7,402",5876
108/09/09,"19,857,522","1,076,882,130",53.10,55.00,53.10,54.90,+1.60,"5,902",5876
108/09/10,"13,990,697","756,465,586",54.70,54.90,53.50,54.00,-0.90,"5,199",5876
108/09/11,"12,892,991","704,699,296",54.00,55.00,53.90,54.80,+0.80,"3,855",5876
108/09/12,"12,701,579","696,561,658",54.90,55.30,54.20,54.60,-0.20,"4,008",5876
108/09/16,"23,105,934","1,285,896,004",55.00,56.20,54.60,56.00,+1.40,"6,230",5876
108/09/17,"12,093,334","662,193,170",55.10,55.40,54.20,54.70,-1.30,"4,464",5876
108/09/18,"12,000,304","656,074,720",54.00,55.00,53.90,54.90,+0.20,"3,884",5876
108/09/19,"13,280,845","726,301,220",54.30,55.10,54.20,55.10,+0.20,"3,865",5876
108/09/20,"111,165,548","6,184,209,119",54.60,55.70,54.20,55.70,+0.60,"3,428",5876
108/09/23,"6,374,316","350,681,093",55.00,55.40,54.70,54.80,-0.90,"2,149",5876
108/09/24,"6,415,064","348,117,780",54.20,54.70,54.00,54.00,-0.80,"2,069",5876
108/09/25,"10,212,533","539,745,275",53.70,53.70,52.10,52.70,-1.30,"3,901",5876
108/09/26,"11,321,148","590,311,567",52.00,52.80,51.80,52.10,-0.60,"2,879",5876
108/09/27,"4,910,422","257,113,259",52.30,52.60,52.00,52.10, 0.00,"1,836",5876
108/10/01,"6,362,388","330,989,876",53.00,53.00,51.30,51.50,-0.60,"3,592",5876
108/10/02,"6,114,690","312,676,450",51.30,51.80,51.00,51.10,-0.40,"3,131",5876
108/10/03,"4,418,103","225,311,098",50.40,51.50,50.10,51.30,+0.20,"1,788",5876
108/10/04,"3,517,065","180,678,658",51.30,51.70,51.00,51.60,+0.30,"1,143",5876
108/10/07,"2,783,614","142,171,016",51.50,51.50,50.80,51.00,-0.60,"1,082",5876
108/10/08,"4,857,784","248,385,350",50.60,51.70,50.60,50.80,-0.20,"1,657",5876
108/10/09,"5,126,878","257,629,017",50.50,50.60,50.10,50.20,-0.60,"2,137",5876
108/10/14,"6,606,869","340,876,929",51.00,52.00,50.50,51.90,+1.70,"2,920",5876
108/10/15,"3,114,608","160,916,862",51.80,51.90,51.30,51.90, 0.00,"1,412",5876
108/10/16,"4,241,242","220,665,449",51.80,52.50,51.50,52.10,+0.20,"1,840",5876
108/10/17,"4,036,441","209,918,056",52.00,52.30,51.70,51.80,-0.30,"1,744",5876
108/10/18,"20,380,929","1,039,919,579",51.30,51.30,50.60,51.00,-0.80,"15,801",5876
108/10/21,"4,845,336","247,389,918",51.00,51.40,50.80,51.20,+0.20,"3,695",5876
108/10/22,"4,772,871","245,173,398",51.30,51.50,51.20,51.50,+0.30,"3,144",5876
108/10/23,"3,532,518","181,081,972",51.50,51.50,51.10,51.20,-0.30,"2,442",5876
108/10/24,"10,670,462","554,033,044",51.40,52.50,51.30,52.20,+1.00,"5,186",5876
108/10/25,"3,616,022","188,293,294",52.00,52.40,51.70,52.10,-0.10,"1,811",5876
108/10/28,"2,717,572","141,252,744",52.40,52.40,51.80,51.90,-0.20,"1,248",5876
108/10/29,"3,486,107","180,975,996",52.00,52.10,51.70,51.80,-0.10,"1,662",5876
108/10/30,"5,789,362","302,210,582",52.00,52.50,51.80,52.50,+0.70,"2,372",5876
108/10/31,"5,492,972","287,968,410",52.50,52.70,52.20,52.50, 0.00,"2,396",5876
108/11/01,"3,029,809","157,568,362",52.50,52.50,51.80,52.10,-0.40,"1,968",5876
108/11/04,"4,542,477","237,679,459",52.10,52.50,51.90,52.40,+0.30,"1,882",5876
108/11/05,"7,400,013","393,646,338",52.50,53.50,52.40,53.50,+1.10,"3,280",5876
108/11/06,"9,357,132","503,503,654",53.60,54.40,52.90,53.90,+0.40,"3,717",5876
108/11/07,"5,591,040","299,250,002",54.10,54.10,53.00,53.40,-0.50,"2,505",5876
108/11/08,"2,700,197","143,226,041",53.60,53.60,52.70,53.00,-0.40,"1,603",5876
108/11/11,"4,459,826","234,149,251",53.00,53.00,52.20,52.50,-0.50,"1,709",5876
108/11/12,"2,766,079","145,639,149",52.90,52.90,52.30,52.90,+0.40,"1,360",5876
108/11/13,"5,035,039","261,335,628",52.40,52.70,51.60,51.60,-1.30,"2,380",5876
108/11/14,"5,231,937","267,377,732",51.30,51.50,50.80,51.50,-0.10,"2,698",5876
108/11/15,"2,409,448","124,526,439",52.00,52.00,51.40,51.70,+0.20,"1,171",5876
108/11/18,"2,632,684","135,731,586",51.70,51.80,51.30,51.80,+0.10,"1,486",5876
108/11/19,"3,113,782","161,345,517",51.10,52.10,51.10,52.10,+0.30,"1,580",5876
108/11/20,"2,819,273","146,292,613",52.00,52.30,51.60,52.10, 0.00,"1,336",5876
108/11/21,"2,740,213","141,518,621",51.50,51.90,51.50,51.60,-0.50,"1,356",5876
108/11/22,"3,312,932","171,241,865",51.90,51.90,51.50,51.70,+0.10,"1,510",5876
108/11/25,"3,568,551","184,629,112",51.90,52.20,51.40,51.40,-0.30,"1,106",5876
108/11/26,"15,944,947","825,577,931",51.60,51.90,51.40,51.80,+0.40,"1,717",5876
108/11/27,"2,451,494","126,950,970",51.90,52.00,51.60,51.80, 0.00,"1,018",5876
108/11/28,"2,313,165","119,704,836",51.80,51.90,51.60,51.60,-0.20,"1,153",5876
108/11/29,"12,668,607","637,422,922",51.60,51.80,49.90,49.90,-1.70,"5,451",5876
108/12/02,"6,054,326","300,597,455",49.90,49.95,49.50,49.55,-0.35,"3,023",5876
108/12/03,"3,116,653","154,102,157",49.30,49.60,49.30,49.60,+0.05,"1,586",5876
108/12/04,"4,755,518","236,351,832",49.60,50.00,49.45,50.00,+0.40,"1,660",5876
108/12/05,"1,604,927","80,764,904",50.00,50.50,49.85,50.30,+0.30,833,5876
108/12/06,"1,915,934","96,409,461",50.30,50.50,50.20,50.30, 0.00,668,5876
108/12/09,"1,851,282","93,090,594",50.10,50.40,50.10,50.30, 0.00,733,5876
108/12/10,"3,561,960","178,677,076",50.30,50.30,50.10,50.20,-0.10,"1,165",5876
108/12/11,"3,472,064","173,623,797",49.95,50.20,49.80,50.00,-0.20,"1,095",5876
108/12/12,"5,964,462","302,449,560",50.00,51.00,50.00,50.60,+0.60,"2,339",5876
108/12/13,"6,337,553","323,837,215",50.60,51.50,50.60,50.90,+0.30,"2,293",5876
108/12/16,"3,064,412","156,640,312",51.20,51.40,50.90,51.00,+0.10,"1,303",5876
108/12/17,"6,744,610","346,247,835",51.10,51.60,50.80,51.60,+0.60,"2,795",5876
108/12/18,"2,924,237","150,074,360",51.50,51.50,51.00,51.40,-0.20,"1,314",5876
108/12/19,"3,043,668","156,469,650",51.40,51.60,51.00,51.60,+0.20,"1,027",5876
108/12/20,"12,342,513","644,722,158",51.60,52.50,51.20,52.50,+0.90,"2,886",5876
108/12/23,"3,617,420","189,857,895",52.20,52.70,52.00,52.70,+0.20,"1,381",5876
108/12/24,"1,728,347","90,902,072",52.40,52.70,52.30,52.70, 0.00,"1,018",5876
108/12/25,"1,139,044","59,326,261",52.60,52.60,51.70,51.90,-0.80,657,5876
108/12/26,"1,425,759","74,436,976",52.00,52.40,51.80,52.40,+0.50,674,5876
108/12/27,"2,453,597","129,011,436",52.50,52.70,52.30,52.70,+0.30,"1,220",5876
108/12/30,"3,304,133","172,816,336",52.40,52.70,51.80,52.20,-0.50,"1,414",5876
108/12/31,"1,997,390","103,942,480",51.90,52.30,51.90,52.00,-0.20,796,5876
109/01/02,"2,080,093","108,259,236",52.00,52.20,51.90,52.00, 0.00,"1,054",5876
109/01/03,"2,716,483","141,629,246",52.20,52.30,51.80,52.30,+0.30,"1,424",5876
109/01/06,"3,161,597","163,972,105",51.80,52.30,51.70,51.70,-0.60,869,5876
109/01/07,"2,254,131","115,406,476",51.80,51.90,50.90,50.90,-0.80,"1,078",5876
109/01/08,"2,631,078","133,113,032",50.50,50.90,50.30,50.60,-0.30,972,5876
109/01/09,"2,117,509","107,981,495",50.80,51.40,50.70,51.10,+0.50,900,5876
109/01/10,"1,203,869","61,288,699",50.80,51.00,50.70,51.00,-0.10,656,5876
109/01/13,"5,866,114","303,323,328",51.10,52.10,50.80,52.00,+1.00,"2,314",5876
109/01/14,"6,558,501","344,282,383",52.00,52.70,52.00,52.70,+0.70,"2,218",5876
109/01/15,"3,142,882","164,850,795",52.70,52.80,52.00,52.50,-0.20,"1,504",5876
109/01/16,"1,765,944","92,447,949",52.70,52.70,52.20,52.20,-0.30,975,5876
109/01/17,"7,123,835","373,731,398",52.50,52.90,52.00,52.80,+0.60,"1,743",5876
109/01/20,"6,071,278","322,164,934",52.80,53.20,52.70,53.10,+0.30,"2,890",5876
109/01/30,"13,038,041","658,910,231",52.00,52.00,50.00,50.10,-3.00,"5,211",5876
109/01/31,"11,470,059","576,054,433",49.95,50.70,49.95,50.00,-0.10,"3,907",5876
109/02/03,"7,977,101","395,728,794",49.45,50.30,48.85,49.60,-0.40,"2,840",5876
109/02/04,"5,679,367","283,523,107",49.90,50.30,49.30,50.10,+0.50,"1,877",5876
109/02/05,"3,929,750","196,793,637",50.10,50.30,49.80,50.10, 0.00,"1,457",5876
109/02/06,"4,942,325","251,635,928",50.20,51.40,50.20,50.60,+0.50,"1,704",5876
109/02/07,"3,916,298","199,089,717",50.60,51.30,50.60,50.80,+0.20,"1,626",5876
109/02/10,"3,277,660","165,408,015",50.50,50.90,50.10,50.40,-0.40,"1,562",5876
109/02/11,"2,276,491","115,566,120",50.40,51.00,50.40,50.70,+0.30,"1,256",5876
109/02/12,"3,600,486","183,153,186",50.70,51.10,50.60,51.00,+0.30,"1,694",5876
109/02/13,"5,263,247","271,050,320",50.80,52.30,50.80,51.60,+0.60,"2,292",5876
109/02/14,"1,721,723","88,855,255",51.60,51.80,51.40,51.70,+0.10,935,5876
109/02/17,"1,166,076","59,866,686",51.50,51.60,51.20,51.40,-0.30,736,5876
109/02/18,"2,849,251","146,427,216",51.00,51.70,51.00,51.70,+0.30,"1,285",5876
109/02/19,"4,052,128","211,080,309",51.90,52.50,51.50,52.10,+0.40,"1,919",5876
109/02/20,"3,370,533","175,805,216",52.20,52.50,51.90,51.90,-0.20,"1,744",5876
109/02/21,"4,397,082","230,043,564",51.90,52.60,51.80,52.00,+0.10,"1,934",5876
109/02/24,"4,808,759","245,554,720",51.60,51.80,50.50,50.90,-1.10,"2,316",5876
109/02/25,"3,422,918","173,693,418",50.30,51.00,50.30,50.90, 0.00,"1,987",5876
109/02/26,"5,406,825","273,119,375",50.10,50.90,50.10,50.70,-0.20,"2,319",5876
109/02/27,"7,864,201","396,021,706",50.50,50.80,50.20,50.30,-0.40,"2,390",5876
109/03/02,"6,239,907","309,165,451",49.35,50.00,49.20,49.40,-0.90,"3,259",5876
109/03/03,"3,994,935","199,684,500",49.90,50.40,49.65,50.00,+0.60,"2,223",5876
109/03/04,"3,575,040","179,394,448",49.75,50.40,49.70,50.40,+0.40,"1,254",5876
109/03/05,"4,455,901","226,290,151",50.50,51.00,50.40,51.00,+0.60,"1,613",5876
109/03/06,"12,421,987","615,803,171",50.20,50.20,49.25,49.60,-1.40,"6,853",5876
109/03/09,"20,308,735","947,831,320",48.60,48.60,46.00,46.10,-3.50,"9,212",5876
109/03/10,"12,927,700","605,677,761",45.60,47.70,45.55,47.40,+1.30,"6,424",5876
109/03/11,"9,274,710","437,174,662",47.40,47.60,46.80,47.00,-0.40,"4,047",5876
109/03/12,"11,543,503","518,635,785",46.75,46.80,44.00,44.30,-2.70,"5,181",5876
109/03/13,"15,899,140","648,991,170",41.05,42.60,40.10,42.20,-2.10,"7,774",5876
109/03/16,"13,291,136","536,394,534",42.20,42.20,39.50,39.60,-2.60,"7,056",5876
109/03/17,"15,844,059","604,185,151",37.10,39.00,37.00,38.25,-1.35,"6,573",5876
109/03/18,"11,271,026","429,547,467",38.20,39.10,37.20,38.00,-0.25,"5,071",5876
109/03/19,"18,617,813","665,430,785",37.00,37.60,34.45,35.00,-3.00,"7,707",5876
109/03/20,"14,128,494","519,345,654",35.50,37.45,35.50,37.45,+2.45,"4,303",5876
109/03/23,"5,885,200","210,168,414",35.70,36.25,35.00,35.65,-1.80,"2,906",5876
109/03/24,"13,472,204","515,442,696",36.15,39.20,36.15,38.70,+3.05,"4,689",5876
109/03/25,"10,204,031","411,893,227",40.00,40.75,40.00,40.60,+1.90,"4,196",5876
109/03/26,"6,738,485","270,452,232",40.95,41.00,39.50,40.10,-0.50,"3,196",5876
109/03/27,"9,259,126","371,536,249",41.00,41.00,39.60,40.00,-0.10,"3,697",5876
109/03/30,"6,503,922","255,894,674",39.05,40.00,38.30,39.55,-0.45,"2,555",5876
109/03/31,"7,589,172","300,287,255",40.00,40.20,39.00,39.35,-0.20,"2,649",5876
109/04/01,"6,864,125","265,559,825",39.20,39.40,38.50,38.50,-0.85,"3,141",5876
109/04/06,"7,113,510","273,915,173",39.20,39.25,38.00,38.65,+0.15,"3,150",5876
109/04/07,"5,378,277","212,539,830",39.40,40.00,39.05,39.90,+1.25,"2,343",5876
109/04/08,"6,230,645","250,559,911",40.05,40.60,39.65,40.40,+0.50,"2,540",5876
109/04/09,"3,799,014","153,661,949",40.40,40.85,40.15,40.35,-0.05,"1,552",5876
109/04/10,"5,326,652","217,918,363",40.35,41.25,40.30,41.10,+0.75,"2,850",5876
109/04/13,"2,954,701","120,703,839",41.00,41.15,40.40,40.70,-0.40,"2,021",5876
109/04/14,"6,005,353","249,779,376",40.45,42.00,40.45,41.95,+1.25,"2,333",5876
109/04/15,"7,485,574","322,646,855",42.00,43.75,42.00,43.20,+1.25,"3,926",5876
109/04/16,"5,419,824","230,090,771",42.20,42.75,42.15,42.35,-0.85,"2,609",5876
109/04/17,"6,947,538","301,761,800",43.15,44.45,42.70,42.70,+0.35,"3,087",5876
109/04/20,"3,603,590","153,545,793",42.80,43.10,42.20,42.50,-0.20,"1,692",5876
109/04/21,"6,712,385","276,834,478",42.00,42.20,40.70,40.95,-1.55,"3,457",5876
109/04/22,"3,869,154","157,335,664",40.75,41.00,40.30,40.75,-0.20,"1,833",5876
109/04/23,"3,319,322","135,472,374",40.75,41.30,40.40,40.90,+0.15,"1,663",5876
109/04/24,"2,914,009","118,555,369",40.60,40.95,40.45,40.60,-0.30,"1,595",5876
109/04/27,"6,669,726","279,797,419",41.00,42.45,41.00,42.10,+1.50,"2,846",5876
109/04/28,"4,785,237","202,875,369",42.45,42.80,41.70,42.80,+0.70,"1,914",5876
109/04/29,"7,030,527","306,044,656",43.00,43.90,42.90,43.70,+0.90,"3,555",5876
109/04/30,"6,983,969","309,177,367",44.10,44.60,43.75,44.15,+0.45,"2,612",5876
109/05/04,"7,469,188","315,761,952",41.70,42.65,41.70,42.40,-1.75,"3,743",5876
109/05/05,"4,472,020","191,983,296",42.90,43.25,42.60,43.00,+0.60,"1,892",5876
109/05/06,"3,821,160","163,420,710",42.70,43.20,42.30,42.80,-0.20,"1,647",5876
109/05/07,"3,797,532","164,313,279",43.10,43.50,42.80,43.10,+0.30,"1,918",5876
109/05/08,"3,810,896","166,505,447",43.40,44.00,43.20,43.60,+0.50,"2,305",5876
109/05/11,"3,539,584","156,838,119",44.30,44.60,43.85,44.05,+0.45,"1,848",5876
109/05/12,"6,640,598","288,044,812",43.50,44.45,42.85,43.45,-0.60,"2,959",5876
109/05/13,"2,654,148","114,665,829",43.05,43.50,43.05,43.10,-0.35,"1,643",5876
109/05/14,"4,619,857","197,032,607",43.00,43.05,42.50,42.55,-0.55,"2,333",5876
109/05/15,"3,394,427","143,943,961",43.00,43.00,42.10,42.25,-0.30,"1,419",5876
109/05/18,"2,590,441","109,477,343",42.00,42.60,42.00,42.25, 0.00,"1,041",5876
109/05/19,"3,653,874","158,209,970",43.85,43.85,43.00,43.35,+1.10,"1,444",5876
109/05/20,"2,742,273","119,186,499",43.40,43.80,43.25,43.40,+0.05,"1,292",5876
109/05/21,"2,650,761","115,315,384",43.30,43.80,43.10,43.40, 0.00,"1,291",5876
109/05/22,"5,179,608","221,533,119",43.10,43.15,42.50,42.55,-0.85,"2,037",5876
109/05/25,"6,024,575","251,265,050",42.55,42.60,41.35,41.75,-0.80,"2,829",5876
109/05/26,"7,788,702","334,982,881",41.90,43.40,41.85,42.90,+1.15,"3,583",5876
109/05/27,"6,366,239","271,532,042",43.15,43.50,42.40,42.50,-0.40,"2,958",5876
109/05/28,"5,895,160","249,030,144",42.80,42.95,41.95,42.20,-0.30,"2,586",5876
109/05/29,"10,108,271","430,668,682",42.00,42.80,41.90,42.80,+0.60,"2,221",5876
109/06/01,"6,819,518","295,554,324",42.80,43.60,42.75,43.50,+0.70,"3,565",5876
109/06/02,"4,031,807","175,665,624",43.50,43.75,43.30,43.40,-0.10,"1,938",5876
109/06/03,"9,894,803","439,439,942",44.05,44.75,43.65,44.75,+1.35,"4,584",5876
109/06/04,"9,508,810","430,247,511",45.05,45.50,44.85,45.10,+0.35,"4,776",5876
109/06/05,"3,847,308","173,426,706",45.10,45.20,44.80,45.20,+0.10,"1,549",5876
109/06/08,"5,289,307","241,739,704",45.35,46.00,45.25,46.00,+0.80,"2,464",5876
109/06/09,"5,375,092","246,864,582",46.10,46.20,45.30,46.10,+0.10,"3,148",5876
109/06/10,"4,516,650","210,038,647",46.10,46.75,45.70,46.75,+0.65,"2,132",5876
109/06/11,"5,081,346","233,237,982",46.55,46.75,45.40,45.40,-1.35,"2,412",5876
109/06/12,"5,555,653","247,656,658",44.60,44.85,44.35,44.50,-0.90,"2,705",5876
109/06/15,"5,129,219","226,700,640",44.55,44.55,43.85,44.05,-0.45,"3,345",5876
109/06/16,"5,747,663","260,915,764",44.60,45.95,44.60,45.15,+1.10,"3,625",5876
109/06/17,"5,167,774","233,418,370",45.10,45.65,44.75,45.40,+0.25,"2,902",5876
109/06/18,"5,616,923","252,176,643",45.65,45.65,44.70,45.10,-0.30,"2,888",5876
109/06/19,"10,984,447","491,415,041",45.20,45.50,44.80,45.20,+0.10,"3,621",5876
109/06/22,"3,116,207","140,382,710",44.85,45.30,44.85,45.15,-0.05,"1,256",5876
109/06/23,"4,388,034","195,847,326",45.30,45.90,45.05,45.20,+0.05,"2,101",5876
109/06/24,"4,617,707","208,531,153",45.50,45.60,45.00,45.10,-0.10,"2,593",5876
109/06/29,"4,111,360","184,830,804",45.00,45.30,44.70,44.95,-0.15,"1,431",5876
109/06/30,"3,928,184","178,772,963",45.20,45.70,45.10,45.55,+0.60,"1,321",5876
109/07/01,"4,150,520","191,156,208",45.55,46.35,45.40,46.20,+0.65,"1,748",5876
109/07/02,"4,160,841","194,198,242",46.20,46.85,46.15,46.80,+0.60,"1,760",5876
109/07/03,"3,809,329","177,988,013",46.95,47.20,46.85,47.00,+0.20,"1,259",5876
109/07/06,"5,152,449","244,441,377",47.35,47.70,47.10,47.45,+0.45,"2,898",5876
109/07/07,"5,249,146","249,019,333",47.55,47.80,47.30,47.50,+0.05,"1,350",5876
109/07/08,"3,290,831","157,254,588",47.50,48.00,47.50,48.00,+0.50,"1,380",5876
109/07/09,"4,264,941","205,792,841",48.00,48.40,47.95,48.20,+0.20,"1,484",5876
109/07/10,"4,593,455","218,908,313",48.30,48.35,47.30,47.50,-0.70,"1,612",5876
109/07/13,"5,975,089","282,269,943",47.60,47.80,46.80,47.00,-0.50,"2,137",5876
109/07/14,"5,639,617","266,310,250",47.00,47.50,46.85,47.45,+0.45,"2,151",5876
109/07/15,"8,822,946","420,388,848",47.70,47.80,47.45,47.75,+0.30,"2,954",5876
109/07/16,"7,909,576","356,558,416",45.70,45.70,44.70,44.80,X0.00,"3,243",5876
109/07/17,"2,702,444","121,542,018",45.30,45.30,44.75,44.75,-0.05,"1,066",5876
109/07/20,"1,801,627","80,149,062",44.50,44.70,44.25,44.55,-0.20,792,5876
109/07/21,"3,298,208","149,681,703",44.60,45.65,44.60,45.50,+0.95,"1,309",5876
109/07/22,"2,545,030","114,871,959",45.05,45.60,44.90,45.00,-0.50,"1,113",5876
109/07/23,"2,180,401","97,356,895",44.85,44.90,44.50,44.60,-0.40,960,5876
109/07/24,"3,942,905","173,101,124",44.20,44.45,43.55,43.55,-1.05,"1,874",5876
109/07/27,"5,668,702","242,808,314",43.40,43.50,42.45,42.50,-1.05,"2,263",5876
109/07/28,"5,762,530","243,983,922",41.75,42.90,41.65,42.55,+0.05,"1,980",5876
109/07/29,"3,856,902","164,243,648",42.50,43.15,42.00,42.30,-0.25,"1,747",5876
109/07/30,"3,019,222","128,264,296",42.55,42.95,42.10,42.85,+0.55,"1,244",5876
109/07/31,"4,835,928","205,664,852",42.85,42.90,42.35,42.35,-0.50,"1,278",5876
109/08/03,"5,285,133","220,171,989",42.00,42.10,41.40,41.45,-0.90,"2,535",5876
109/08/04,"2,643,673","110,470,866",41.55,42.05,41.50,41.65,+0.20,996,5876
109/08/05,"2,785,069","116,665,789",41.70,42.15,41.70,41.85,+0.20,"1,273",5876
109/08/06,"4,411,677","188,458,362",42.00,43.45,41.95,43.00,+1.15,"1,599",5876
109/08/07,"3,330,735","142,643,118",42.60,43.05,42.55,42.90,-0.10,"1,009",5876
109/08/10,"4,080,972","177,568,006",43.00,43.95,42.65,43.70,+0.80,"1,667",5876
109/08/11,"4,585,575","201,159,057",43.45,44.25,43.35,43.40,-0.30,"1,687",5876
109/08/12,"2,027,407","87,691,763",43.50,43.60,43.00,43.40, 0.00,753,5876
109/08/13,"2,018,938","88,378,209",43.70,43.90,43.55,43.85,+0.45,736,5876
109/08/14,"1,877,454","82,328,376",43.55,44.10,43.40,44.00,+0.15,662,5876
109/08/17,"2,736,409","121,030,105",44.00,44.40,43.70,44.35,+0.35,"1,017",5876
109/08/18,"3,716,461","161,632,697",44.20,44.20,43.30,43.40,-0.95,"1,464",5876
109/08/19,"4,317,621","186,413,782",43.40,43.65,43.00,43.00,-0.40,"2,042",5876
109/08/20,"8,176,283","342,192,166",42.55,42.95,41.20,41.55,-1.45,"3,216",5876
109/08/21,"5,434,114","228,562,838",42.35,42.60,41.60,41.80,+0.25,"2,163",5876
109/08/24,"4,687,547","194,813,255",41.90,42.15,41.30,41.35,-0.45,"1,828",5876
109/08/25,"8,109,316","342,465,727",41.40,42.95,41.30,42.35,+1.00,"2,612",5876
109/08/26,"4,323,752","181,695,805",42.00,42.30,41.75,42.15,-0.20,"1,728",5876
109/08/27,"2,204,895","92,543,104",42.20,42.35,41.75,42.00,-0.15,826,5876
109/08/28,"4,799,163","202,234,803",41.80,42.50,41.70,42.20,+0.20,"2,247",5876
109/08/31,"6,759,661","284,326,162",42.40,42.65,41.75,41.80,-0.40,"1,760",5876
109/09/01,"5,160,999","214,827,239",41.85,42.05,41.40,41.75,-0.05,"1,643",5876
109/09/02,"3,086,062","127,909,815",41.75,41.80,41.20,41.50,-0.25,"1,424",5876
109/09/03,"3,187,818","133,364,911",41.50,42.40,41.45,41.80,+0.30,"1,383",5876
109/09/04,"4,167,733","172,020,486",41.50,41.60,41.00,41.50,-0.30,"1,906",5876
109/09/07,"5,210,830","213,079,174",41.25,41.25,40.65,40.90,-0.60,"2,362",5876
109/09/08,"3,603,910","147,291,110",40.95,41.10,40.65,40.80,-0.10,"1,468",5876
109/09/09,"3,509,201","141,621,666",40.60,40.80,40.10,40.55,-0.25,"2,169",5876
109/09/10,"3,078,162","124,138,366",40.25,40.55,40.20,40.35,-0.20,"1,532",5876
109/09/11,"2,735,624","110,204,630",40.25,40.45,40.20,40.45,+0.10,"1,201",5876
109/09/14,"4,004,552","162,352,132",40.25,40.90,40.10,40.90,+0.45,"1,273",5876
109/09/15,"1,895,400","77,096,202",40.85,40.85,40.55,40.80,-0.10,"1,013",5876
109/09/16,"3,140,010","128,170,510",40.70,41.00,40.45,41.00,+0.20,"1,339",5876
109/09/17,"3,713,570","150,072,484",40.60,40.85,40.25,40.30,-0.70,"2,021",5876
109/09/18,"5,511,163","223,413,055",40.35,40.75,40.30,40.75,+0.45,"1,294",5876
109/09/21,"2,656,068","107,265,544",40.60,40.60,40.20,40.20,-0.55,"1,169",5876
109/09/22,"6,061,262","241,222,481",40.15,40.25,39.50,39.50,-0.70,"2,922",5876
109/09/23,"5,083,040","198,179,388",39.60,39.60,38.65,38.90,-0.60,"2,612",5876
109/09/24,"11,017,852","415,657,799",38.50,38.50,37.30,37.35,-1.55,"5,303",5876
109/09/25,"5,783,119","220,735,165",37.65,38.40,37.65,38.40,+1.05,"2,375",5876
109/09/28,"3,541,941","138,810,212",38.55,39.50,38.55,39.40,+1.00,"1,457",5876
109/09/29,"4,043,681","158,403,057",39.40,39.60,39.00,39.10,-0.30,"1,304",5876
109/09/30,"5,161,763","203,041,280",39.45,39.85,38.80,38.85,-0.25,"1,953",5876
109/10/05,"3,159,531","123,775,586",39.50,39.50,38.85,38.85, 0.00,"1,561",5876
109/10/06,"3,192,651","125,407,522",38.90,39.45,38.90,39.30,+0.45,"1,647",5876
109/10/07,"1,688,047","65,972,890",39.30,39.30,39.00,39.00,-0.30,776,5876
109/10/08,"2,415,901","94,186,458",39.00,39.00,38.90,39.00, 0.00,633,5876
109/10/12,"3,257,306","126,011,634",39.00,39.00,38.45,38.95,-0.05,"1,683",5876
109/10/13,"2,424,224","93,386,404",38.55,38.70,38.35,38.60,-0.35,983,5876
109/10/14,"7,722,481","298,290,165",38.50,39.30,38.30,38.55,-0.05,"1,992",5876
109/10/15,"3,299,551","125,916,085",38.35,38.50,38.00,38.05,-0.50,"1,580",5876
109/10/16,"2,684,760","102,564,641",38.00,38.45,37.95,38.00,-0.05,"1,200",5876
109/10/19,"4,579,859","175,236,639",38.00,38.45,38.00,38.20,+0.20,"1,757",5876
109/10/20,"3,238,631","123,236,040",38.30,38.30,37.85,38.15,-0.05,"1,500",5876
109/10/21,"3,429,306","130,987,713",38.20,38.30,38.00,38.05,-0.10,"1,478",5876
109/10/22,"8,411,737","323,612,607",38.00,38.65,38.00,38.50,+0.45,"1,843",5876
109/10/23,"2,172,095","83,070,454",38.30,38.45,38.20,38.20,-0.30,963,5876
109/10/26,"2,305,274","88,259,353",38.25,38.40,38.15,38.30,+0.10,850,5876
109/10/27,"2,976,170","113,223,057",38.00,38.20,37.75,38.05,-0.25,867,5876
109/10/28,"2,388,836","90,770,174",38.00,38.20,37.90,38.10,+0.05,"1,357",5876
109/10/29,"3,986,721","150,031,309",37.80,37.85,37.55,37.55,-0.55,"2,069",5876
109/10/30,"8,284,795","307,337,667",37.20,37.50,36.60,37.05,-0.50,"2,809",5876
109/11/02,"3,773,778","141,875,163",37.10,37.95,36.95,37.95,+0.90,"1,586",5876
109/11/03,"3,613,028","137,960,251",38.00,38.45,37.85,38.35,+0.40,"1,257",5876
109/11/04,"2,149,682","82,111,834",38.20,38.35,38.00,38.20,-0.15,760,5876
109/11/05,"3,691,395","142,367,905",38.35,38.85,38.35,38.60,+0.40,"1,308",5876
109/11/06,"2,042,100","78,695,282",38.60,38.60,38.40,38.60, 0.00,710,5876
109/11/09,"6,146,437","239,704,301",38.60,39.50,38.60,38.85,+0.25,"1,903",5876
109/11/10,"6,021,451","238,052,206",39.50,39.80,39.25,39.55,+0.70,"2,526",5876
109/11/11,"8,082,150","322,937,814",39.60,40.20,39.55,40.20,+0.65,"3,217",5876
109/11/12,"4,071,437","161,950,146",39.90,40.00,39.60,39.80,-0.40,"1,328",5876
109/11/13,"2,427,890","96,407,648",39.80,39.90,39.50,39.90,+0.10,"1,045",5876
109/11/16,"6,119,334","246,736,556",39.90,40.50,39.85,40.50,+0.60,"2,346",5876
109/11/17,"4,343,229","175,691,543",40.50,40.60,40.25,40.60,+0.10,"1,683",5876
109/11/18,"4,840,064","197,585,627",40.65,40.95,40.40,40.95,+0.35,"1,847",5876
109/11/19,"4,167,606","168,827,122",40.80,40.80,40.25,40.50,-0.45,"1,406",5876
109/11/20,"3,297,741","132,671,258",40.60,40.60,40.05,40.30,-0.20,"1,246",5876
109/11/23,"4,154,014","168,239,170",40.30,40.60,40.10,40.60,+0.30,"1,113",5876
109/11/24,"2,357,199","95,176,705",40.50,40.60,40.25,40.30,-0.30,715,5876
109/11/25,"2,804,276","113,155,244",40.60,40.60,40.15,40.15,-0.15,"1,334",5876
109/11/26,"2,303,328","92,415,913",40.20,40.20,39.95,40.20,+0.05,922,5876
109/11/27,"3,905,440","155,881,045",39.95,40.10,39.80,39.90,-0.30,"1,980",5876
109/11/30,"15,316,231","600,341,898",40.00,40.00,39.00,39.00,-0.90,"2,689",5876
109/12/01,"3,379,004","133,193,389",39.00,39.90,39.00,39.90,+0.90,"1,292",5876
109/12/02,"4,081,141","161,901,963",39.35,39.95,39.20,39.90, 0.00,"1,359",5876
109/12/03,"3,171,166","126,290,736",39.45,40.00,39.45,40.00,+0.10,"1,303",5876
109/12/04,"4,410,374","177,468,683",40.00,40.35,39.90,40.20,+0.20,"2,200",5876
109/12/07,"4,761,784","189,181,848",40.20,40.20,39.50,39.80,-0.40,"1,998",5876
109/12/08,"5,655,000","221,058,411",39.20,39.70,38.95,38.95,-0.85,"2,832",5876
109/12/09,"7,497,093","290,145,735",39.00,39.15,38.25,39.15,+0.20,"3,836",5876
109/12/10,"5,429,135","211,902,326",38.80,39.25,38.80,39.05,-0.10,"2,756",5876
109/12/11,"8,073,927","321,090,949",39.20,40.00,39.20,40.00,+0.95,"3,278",5876
109/12/14,"3,045,078","121,655,867",40.10,40.10,39.75,39.95,-0.05,"1,331",5876
109/12/15,"4,444,205","175,548,751",39.70,39.75,39.20,39.70,-0.25,"1,922",5876
109/12/16,"5,911,408","237,022,310",39.70,40.25,39.60,40.25,+0.55,"2,918",5876
109/12/17,"2,391,167","95,928,451",40.20,40.25,39.90,40.25, 0.00,961,5876
109/12/18,"6,087,068","243,369,947",40.25,40.25,39.60,40.20,-0.05,"1,722",5876
109/12/21,"2,229,690","89,116,572",40.00,40.15,39.65,40.15,-0.05,"1,064",5876
109/12/22,"2,153,433","85,691,677",40.00,40.00,39.70,39.75,-0.40,914,5876
109/12/23,"1,947,964","76,943,532",39.60,39.65,39.25,39.60,-0.15,821,5876
109/12/24,"1,920,702","76,122,885",39.40,39.85,39.40,39.55,-0.05,861,5876
109/12/25,"1,242,367","49,284,773",39.70,39.85,39.55,39.60,+0.05,554,5876
109/12/28,"2,256,235","89,944,342",39.65,40.00,39.45,40.00,+0.40,"1,254",5876
109/12/29,"2,593,207","103,869,337",40.00,40.20,39.90,40.05,+0.05,"1,065",5876
109/12/30,"7,933,928","321,792,846",40.10,41.10,39.95,41.05,+1.00,"3,618",5876
109/12/31,"5,529,573","227,707,233",41.10,41.40,40.80,41.10,+0.05,"2,447",5876
110/01/04,"6,364,140","262,436,956",41.20,41.50,40.50,41.35,+0.25,"2,841",5876
110/01/05,"3,533,848","145,723,324",41.40,41.40,41.10,41.35, 0.00,"1,325",5876
110/01/06,"4,510,965","185,399,620",41.35,41.40,40.60,41.00,-0.35,"1,944",5876
110/01/07,"5,533,359","229,428,856",41.00,41.70,41.00,41.45,+0.45,"2,028",5876
110/01/08,"10,482,371","441,722,617",41.50,42.55,41.50,42.50,+1.05,"3,785",5876
110/01/11,"4,152,246","175,268,041",42.10,42.50,42.00,42.45,-0.05,"1,869",5876
110/01/12,"4,155,466","174,294,560",42.05,42.35,41.75,42.00,-0.45,"1,713",5876
110/01/13,"4,861,161","204,932,278",41.70,42.35,41.70,42.20,+0.20,"1,579",5876
110/01/14,"3,067,354","129,005,853",42.20,42.20,41.85,42.20, 0.00,"1,498",5876
110/01/15,"3,330,862","139,605,076",42.00,42.20,41.75,41.75,-0.45,"1,701",5876
110/01/18,"4,235,144","175,021,942",41.40,42.00,41.05,41.20,-0.55,"1,755",5876
110/01/19,"4,272,172","176,130,345",41.05,41.50,40.95,41.10,-0.10,"1,431",5876
110/01/20,"11,801,741","469,714,770",40.95,41.00,39.00,39.00,-2.10,"4,604",5876
110/01/21,"5,833,229","230,834,356",39.35,40.20,39.10,39.10,+0.10,"2,809",5876
110/01/22,"5,226,900","204,392,834",39.50,39.55,38.90,39.00,-0.10,"1,999",5876
110/01/25,"6,071,503","236,619,839",39.20,39.25,38.90,38.90,-0.10,"2,682",5876
110/01/26,"5,588,603","216,161,042",38.80,38.95,38.60,38.60,-0.30,"2,417",5876
110/01/27,"5,065,982","196,815,639",38.75,39.40,38.60,38.60, 0.00,"1,755",5876
110/01/28,"6,454,829","248,078,760",38.50,38.90,38.20,38.25,-0.35,"2,839",5876
110/01/29,"9,988,556","378,030,452",38.10,38.30,37.40,37.40,-0.85,"3,875",5876
110/02/01,"4,430,490","169,510,680",37.95,38.50,37.50,38.20,+0.80,"2,245",5876
110/02/02,"4,037,224","155,421,522",37.85,38.90,37.60,38.55,+0.35,"2,007",5876
110/02/03,"5,116,347","197,003,596",38.45,38.75,37.95,38.70,+0.15,"1,420",5876
110/02/04,"2,646,360","102,082,818",38.20,38.80,38.20,38.70, 0.00,"1,014",5876
110/02/05,"3,341,992","129,543,695",38.60,39.10,38.45,38.75,+0.05,"1,366",5876
110/02/17,"8,130,920","319,892,037",39.00,39.70,38.75,39.70,+0.95,"3,457",5876
110/02/18,"3,851,658","153,244,661",39.60,40.00,39.55,39.65,-0.05,"1,767",5876
110/02/19,"3,325,398","130,313,686",39.50,39.65,39.00,39.20,-0.45,"1,645",5876
110/02/22,"3,442,000","135,689,551",39.05,39.85,39.05,39.25,+0.05,"1,459",5876
110/02/23,"4,482,887","178,300,207",39.25,39.95,39.25,39.85,+0.60,"1,693",5876
110/02/24,"5,350,138","214,053,573",40.00,40.40,39.75,39.85, 0.00,"1,625",5876
110/02/25,"5,936,901","240,276,877",40.05,40.80,40.05,40.80,+0.95,"2,340",5876
110/02/26,"13,467,619","535,444,408",40.60,40.60,39.20,39.90,-0.90,"3,680",5876
110/03/02,"4,904,117","194,306,665",39.85,40.00,39.25,39.35,-0.55,"2,230",5876
110/03/03,"8,117,627","324,916,156",39.80,40.30,39.50,40.05,+0.70,"2,805",5876
110/03/04,"6,031,128","237,926,152",39.85,40.00,39.15,39.65,-0.40,"2,220",5876
110/03/05,"5,531,453","218,483,558",39.15,39.90,39.05,39.40,-0.25,"2,045",5876
110/03/08,"5,053,151","200,517,222",39.50,40.10,39.40,39.60,+0.20,"1,930",5876
110/03/09,"9,284,653","373,805,432",39.95,40.50,39.80,40.45,+0.85,"3,339",5876
110/03/10,"6,522,100","263,830,517",40.40,40.70,40.05,40.70,+0.25,"1,973",5876
110/03/11,"7,595,007","311,648,827",40.85,41.35,40.50,40.65,-0.05,"2,696",5876
110/03/12,"3,026,409","123,301,064",40.50,41.00,40.35,41.00,+0.35,"1,216",5876
110/03/15,"4,878,360","201,327,756",40.70,41.50,40.65,41.25,+0.25,"2,239",5876
110/03/16,"5,016,159","208,004,214",41.10,41.75,41.10,41.35,+0.10,"1,995",5876
110/03/17,"4,814,161","198,298,527",41.15,41.50,40.80,41.05,-0.30,"2,428",5876
110/03/18,"5,982,679","246,253,080",41.15,41.75,40.75,40.80,-0.25,"2,486",5876
110/03/19,"9,742,319","392,600,545",40.40,40.70,40.05,40.40,-0.40,"2,367",5876
110/03/22,"3,045,750","123,060,823",40.05,40.80,39.85,40.50,+0.10,"1,581",5876
110/03/23,"4,477,891","181,235,091",40.35,40.75,40.30,40.40,-0.10,"1,214",5876
110/03/24,"3,311,953","134,799,913",40.35,40.90,40.05,40.70,+0.30,"1,061",5876
110/03/25,"3,651,423","149,601,949",40.45,41.15,40.45,41.15,+0.45,"1,492",5876
110/03/26,"4,510,933","186,867,735",41.20,41.55,41.05,41.40,+0.25,"1,579",5876
110/03/29,"4,457,183","183,866,591",41.05,41.40,41.00,41.40, 0.00,"1,858",5876
110/03/30,"5,272,474","219,088,254",41.40,41.80,41.15,41.80,+0.40,"1,951",5876
110/03/31,"5,101,488","213,785,010",41.80,42.00,41.75,41.95,+0.15,"1,778",5876
110/04/01,"4,582,039","190,483,455",41.90,41.90,41.30,41.55,-0.40,"1,999",5876
110/04/06,"5,009,668","207,483,122",41.50,41.80,41.20,41.20,-0.35,"1,436",5876
110/04/07,"3,463,530","143,346,805",41.10,41.60,41.10,41.60,+0.40,"1,539",5876
110/04/08,"2,999,317","123,733,289",41.20,41.40,41.15,41.20,-0.40,"1,138",5876
110/04/09,"3,604,561","148,581,962",41.20,41.45,41.10,41.25,+0.05,"1,171",5876
110/04/12,"8,238,099","345,058,843",41.25,42.00,41.25,41.90,+0.65,"2,084",5876
110/04/13,"5,747,417","242,862,295",42.00,42.40,42.00,42.10,+0.20,"2,683",5876
110/04/14,"5,321,287","225,209,370",42.10,42.45,42.00,42.40,+0.30,"1,994",5876
110/04/15,"3,507,471","147,905,390",42.55,42.55,41.60,42.15,-0.25,"1,821",5876
110/04/16,"5,070,523","214,585,964",42.20,42.50,42.10,42.45,+0.30,"2,112",5876
110/04/19,"5,943,760","253,801,539",42.20,43.00,42.15,43.00,+0.55,"2,771",5876
110/04/20,"3,830,551","164,375,239",43.00,43.35,42.50,43.00, 0.00,"1,521",5876
110/04/21,"3,633,315","154,543,885",42.50,42.85,42.30,42.45,-0.55,"1,765",5876
110/04/22,"3,892,301","165,726,345",42.40,42.90,42.35,42.60,+0.15,"1,756",5876
110/04/23,"5,005,702","214,376,800",42.65,43.00,42.40,43.00,+0.40,"1,657",5876
110/04/26,"6,710,552","289,414,501",42.90,43.40,42.65,43.30,+0.30,"3,002",5876
110/04/27,"4,256,855","184,516,216",43.00,43.50,42.90,43.50,+0.20,"1,894",5876
110/04/28,"5,265,779","230,353,557",43.30,44.00,43.25,43.95,+0.45,"2,436",5876
110/04/29,"5,799,659","254,495,718",43.50,44.20,43.25,43.45,-0.50,"2,422",5876
110/05/03,"4,558,093","197,132,875",43.00,43.55,42.70,42.80,-0.65,"2,086",5876
110/05/04,"7,266,752","311,487,712",43.00,43.45,42.35,42.45,-0.35,"2,682",5876
110/05/05,"2,877,084","122,411,859",42.30,42.90,42.20,42.45, 0.00,"1,580",5876
110/05/06,"7,385,180","317,542,503",42.60,43.95,42.60,43.90,+1.45,"2,674",5876
110/05/07,"4,538,894","199,640,924",43.90,44.10,43.55,44.05,+0.15,"2,304",5876
110/05/10,"5,494,502","245,056,630",44.30,45.00,44.00,44.50,+0.45,"2,747",5876
110/05/11,"5,695,235","249,783,254",44.60,44.60,43.25,43.40,-1.10,"1,802",5876
110/05/12,"15,353,739","650,912,216",43.30,44.35,40.00,41.50,-1.90,"6,976",5876
110/05/13,"8,392,746","347,514,283",41.10,41.95,40.50,41.20,-0.30,"2,844",5876
110/05/14,"6,049,257","256,214,314",41.25,43.15,41.25,42.65,+1.45,"2,427",5876
110/05/17,"6,863,920","286,960,613",42.50,42.50,41.05,41.30,-1.35,"2,646",5876
110/05/18,"7,448,933","321,470,885",41.45,43.80,41.45,43.60,+2.30,"3,356",5876
110/05/19,"6,013,589","261,120,960",42.70,43.90,42.70,42.90,-0.70,"2,833",5876
110/05/20,"5,975,151","258,276,206",43.10,43.50,42.70,43.35,+0.45,"2,358",5876
110/05/21,"6,887,102","305,018,851",43.50,44.60,43.45,44.35,+1.00,"2,900",5876
110/05/24,"3,889,923","172,014,038",43.90,44.45,43.85,44.40,+0.05,"2,312",5876
110/05/25,"8,406,208","378,603,610",44.45,45.40,44.35,45.20,+0.80,"3,087",5876
110/05/26,"4,822,294","218,126,458",45.00,45.45,44.80,45.35,+0.15,"2,367",5876
110/05/27,"36,571,782","1,658,692,675",44.65,45.60,43.75,45.60,+0.25,"3,963",5876
110/05/28,"7,191,999","323,611,875",45.55,45.55,44.25,45.25,-0.35,"3,298",5876
110/05/31,"4,896,472","221,935,869",44.40,45.50,44.40,45.40,+0.15,"1,983",5876
110/06/01,"1,335,163","60,427,856",45.10,45.40,45.00,45.35,-0.05,746,5876
110/06/02,"2,803,127","127,054,825",45.35,45.50,45.00,45.50,+0.15,"1,547",5876
110/06/03,"2,412,871","109,790,166",45.70,45.70,45.20,45.70,+0.20,"1,141",5876
110/06/04,"2,090,852","93,968,032",45.15,45.35,44.45,45.15,-0.55,"1,166",5876
110/06/07,"2,609,600","116,506,333",44.95,45.00,44.20,45.00,-0.15,"1,201",5876
110/06/08,"1,769,008","79,594,320",45.30,45.30,44.70,45.05,+0.05,863,5876
110/06/09,"2,483,225","111,192,867",44.70,45.00,44.50,45.00,-0.05,"1,238",5876
110/06/10,"2,463,690","110,383,096",44.80,45.00,44.40,45.00, 0.00,965,5876
110/06/11,"2,043,221","91,937,990",44.70,45.20,44.70,45.05,+0.05,698,5876
110/06/15,"1,569,470","70,397,141",45.15,45.15,44.70,45.00,-0.05,949,5876
110/06/16,"4,049,484","181,928,010",45.00,45.10,44.75,44.85,-0.15,"2,483",5876
110/06/17,"2,448,025","109,230,034",44.00,44.95,44.00,44.80,-0.05,"1,387",5876
110/06/18,"6,462,882","286,642,697",44.50,44.75,44.20,44.25,-0.55,"1,474",5876
110/06/21,"3,200,382","139,598,698",44.20,44.55,43.20,43.50,-0.75,"1,508",5876
110/06/22,"3,562,546","157,922,988",43.50,44.70,43.50,44.30,+0.80,"1,803",5876
110/06/23,"4,982,777","224,130,457",44.00,45.25,44.00,45.25,+0.95,"2,168",5876
110/06/24,"1,374,517","61,762,152",45.05,45.20,44.70,45.00,-0.25,676,5876
110/06/25,"3,185,412","144,106,983",44.90,45.50,44.75,45.20,+0.20,"1,093",5876
110/06/28,"1,463,473","66,138,393",45.20,45.50,45.05,45.20, 0.00,728,5876
110/06/29,"3,159,134","142,199,727",44.95,45.20,44.80,45.20, 0.00,"1,387",5876
110/06/30,"2,215,987","100,054,158",45.20,45.35,45.00,45.25,+0.05,881,5876
110/07/01,"2,368,257","106,617,147",44.80,45.20,44.65,45.05,-0.20,975,5876
110/07/02,"2,639,555","118,803,222",44.80,45.30,44.65,44.90,-0.15,969,5876
110/07/05,"2,453,944","110,932,062",45.30,45.30,45.00,45.25,+0.35,"1,009",5876
110/07/06,"1,523,720","68,955,338",45.20,45.30,45.00,45.25, 0.00,736,5876
110/07/07,"1,546,693","69,600,910",45.00,45.10,44.85,45.10,-0.15,830,5876
110/07/08,"2,037,903","91,882,000",45.00,45.30,44.95,45.10, 0.00,739,5876
110/07/09,"4,261,372","190,980,065",44.65,45.10,44.55,44.95,-0.15,"1,629",5876
110/07/12,"2,924,030","131,795,515",45.05,45.25,44.90,44.90,-0.05,787,5876
110/07/13,"4,467,954","202,045,063",44.90,45.40,44.90,45.40,+0.50,"1,293",5876
110/07/14,"2,289,609","103,782,910",45.30,45.40,45.00,45.40, 0.00,862,5876
110/07/15,"1,881,493","85,501,640",45.40,45.50,45.30,45.45,+0.05,719,5876
110/07/16,"2,692,264","121,999,714",45.05,45.50,45.00,45.50,+0.05,964,5876
110/07/19,"4,024,753","181,940,356",45.10,45.50,44.75,45.40,-0.10,"1,122",5876
110/07/20,"1,875,738","84,170,869",45.20,45.30,44.65,44.65,-0.75,818,5876
110/07/21,"3,406,510","152,290,946",44.85,45.00,44.50,44.75,+0.10,"1,774",5876
110/07/22,"3,278,168","148,457,486",44.75,45.40,44.75,45.35,+0.60,"1,216",5876
110/07/23,"2,098,539","94,945,845",45.25,45.45,45.00,45.10,-0.25,690,5876
110/07/26,"3,753,967","168,561,341",45.00,45.10,44.75,45.00,-0.10,"1,328",5876
110/07/27,"3,810,949","170,789,728",45.00,45.00,44.70,44.80,-0.20,"1,103",5876
110/07/28,"9,667,835","401,681,427",42.75,42.75,40.90,41.30,X0.00,"4,631",5876
110/07/29,"4,090,358","170,459,130",41.60,42.00,41.30,41.85,+0.55,"2,050",5876
110/07/30,"4,317,048","179,511,634",41.60,42.00,41.30,41.75,-0.10,"2,479",5876
110/08/02,"3,330,850","140,817,390",42.05,42.55,41.95,42.50,+0.75,"1,353",5876
110/08/03,"2,315,008","96,963,674",42.05,42.30,41.70,42.00,-0.50,936,5876
110/08/04,"2,484,757","104,378,953",42.00,42.20,41.70,42.05,+0.05,972,5876
110/08/05,"2,302,166","96,722,076",41.80,42.20,41.80,42.15,+0.10,898,5876
110/08/06,"4,056,682","169,690,272",41.85,42.30,41.05,41.85,-0.30,"1,741",5876
110/08/09,"2,752,990","114,539,883",41.60,42.05,41.10,42.05,+0.20,"1,208",5876
110/08/10,"1,294,600","53,797,044",41.90,41.90,41.45,41.60,-0.45,590,5876
110/08/11,"2,843,959","118,288,633",41.60,41.70,41.45,41.70,+0.10,872,5876
110/08/12,"2,562,026","106,380,157",41.40,41.95,41.30,41.60,-0.10,978,5876
110/08/13,"2,331,454","96,124,901",41.30,41.40,41.00,41.40,-0.20,"1,031",5876
110/08/16,"1,887,313","77,823,943",41.10,41.55,41.10,41.15,-0.25,854,5876
110/08/17,"4,584,062","190,204,035",41.35,41.85,41.15,41.55,+0.40,"1,693",5876
110/08/18,"1,922,859","79,496,013",41.20,41.70,41.10,41.40,-0.15,818,5876
110/08/19,"4,697,222","191,075,810",41.35,41.45,40.30,40.55,-0.85,"2,387",5876
110/08/20,"2,331,685","94,284,473",40.95,41.05,40.20,40.25,-0.30,"1,021",5876
110/08/23,"2,934,526","119,905,603",40.50,41.10,40.50,40.95,+0.70,"1,078",5876
110/08/24,"2,082,329","85,449,761",40.95,41.25,40.75,41.25,+0.30,843,5876
110/08/25,"2,001,785","82,262,137",41.75,41.75,40.70,41.25, 0.00,863,5876
110/08/26,"5,565,319","229,170,062",40.95,41.60,40.70,41.60,+0.35,"1,246",5876
110/08/27,"15,371,536","663,474,154",41.50,44.00,41.30,43.90,+2.30,"3,489",5876
110/08/30,"10,483,997","457,370,750",44.00,44.30,42.95,44.30,+0.40,"2,782",5876
110/08/31,"7,970,306","355,282,306",44.05,45.00,43.70,45.00,+0.70,"2,042",5876
110/09/01,"5,062,521","226,079,797",43.85,45.10,43.85,44.65,-0.35,"1,683",5876
110/09/02,"2,621,849","115,638,897",44.20,44.80,43.70,43.75,-0.90,"1,492",5876
110/09/03,"3,275,785","145,846,343",44.00,44.80,44.00,44.70,+0.95,"1,314",5876
110/09/06,"4,577,416","205,781,027",44.70,45.25,44.35,45.05,+0.35,"1,724",5876
110/09/07,"3,481,095","157,770,086",44.75,45.85,44.75,45.20,+0.15,"1,331",5876
110/09/08,"3,502,660","158,666,667",45.30,45.60,44.95,45.60,+0.40,"1,605",5876
110/09/09,"3,952,610","179,208,271",45.40,45.75,44.75,45.75,+0.15,"1,186",5876
110/09/10,"3,086,286","141,158,819",45.65,45.95,45.40,45.75, 0.00,"1,247",5876
110/09/13,"1,145,071","52,095,747",45.75,45.75,45.10,45.55,-0.20,597,5876
110/09/14,"2,645,339","120,559,832",45.40,45.70,45.15,45.65,+0.10,"1,145",5876
110/09/15,"5,040,143","229,222,590",45.60,45.75,45.15,45.75,+0.10,"2,118",5876
110/09/16,"5,430,945","249,450,579",45.60,46.45,45.45,46.00,+0.25,"1,866",5876
110/09/17,"6,309,081","287,816,383",45.90,46.15,45.35,45.35,-0.65,"1,454",5876
110/09/22,"6,059,649","266,569,990",44.20,44.50,43.60,43.60,-1.75,"2,974",5876
110/09/23,"2,568,581","114,061,039",43.75,44.70,43.70,44.55,+0.95,919,5876
110/09/24,"1,865,857","83,642,687",45.00,45.30,44.30,44.60,+0.05,714,5876
110/09/27,"3,427,499","153,683,737",44.50,45.20,44.30,44.80,+0.20,931,5876
110/09/28,"3,507,520","154,711,116",44.20,44.50,43.75,44.45,-0.35,"1,492",5876
110/09/29,"4,168,965","182,959,051",44.30,44.30,43.50,44.05,-0.40,"2,357",5876
110/09/30,"3,479,451","153,339,439",43.70,44.50,43.50,44.40,+0.35,"1,204",5876
110/10/01,"4,352,730","188,963,171",43.70,44.15,43.10,43.30,-1.10,"1,880",5876
110/10/04,"2,058,662","89,310,803",43.35,43.70,43.00,43.50,+0.20,889,5876
110/10/05,"1,414,400","60,993,118",43.50,43.50,42.85,43.10,-0.40,769,5876
110/10/06,"3,497,081","151,122,797",43.25,43.80,42.75,43.30,+0.20,"1,854",5876
110/10/07,"3,450,828","152,487,135",44.00,44.50,43.55,44.20,+0.90,"1,389",5876
110/10/08,"1,590,792","69,474,638",44.15,44.15,43.50,43.50,-0.70,"1,333",5876
110/10/12,"4,951,012","214,476,677",42.80,44.00,42.60,43.80,+0.30,"2,080",5876
110/10/13,"1,288,621","56,395,839",44.00,44.00,43.50,43.90,+0.10,735,5876
110/10/14,"1,258,645","55,254,153",44.00,44.15,43.65,43.70,-0.20,696,5876
110/10/15,"2,391,245","105,886,039",43.60,44.50,43.60,44.45,+0.75,"1,372",5876
110/10/18,"1,716,966","76,338,112",43.95,44.90,43.95,44.45, 0.00,995,5876
110/10/19,"2,181,953","97,401,297",44.60,44.85,44.20,44.55,+0.10,"1,091",5876
110/10/20,"2,198,216","98,441,765",44.55,44.95,44.35,44.95,+0.40,"1,446",5876
110/10/21,"4,333,798","194,609,470",44.90,45.25,44.70,44.80,-0.15,"1,261",5876
110/10/22,"750,050","33,465,187",44.80,44.90,44.40,44.40,-0.40,523,5876
110/10/25,"1,618,781","72,170,934",44.10,44.90,44.10,44.60,+0.20,851,5876
110/10/26,"4,343,195","194,807,230",44.55,45.00,44.50,44.90,+0.30,"1,434",5876
110/10/27,"2,506,670","112,560,504",44.45,45.05,44.45,44.90, 0.00,"1,284",5876
110/10/28,"1,194,025","53,118,571",45.00,45.05,44.30,44.40,-0.50,845,5876
110/10/29,"3,733,417","164,413,400",44.20,44.40,43.85,44.00,-0.40,"1,498",5876
110/11/01,"1,497,987","66,312,052",44.00,44.35,44.00,44.30,+0.30,662,5876
110/11/02,"2,235,593","99,134,996",44.50,44.90,44.00,44.40,+0.10,"1,043",5876
110/11/03,"1,887,100","82,921,278",44.00,44.35,43.80,44.00,-0.40,"1,723",5876
110/11/04,"1,224,579","54,128,039",44.25,44.40,44.10,44.15,+0.15,700,5876
110/11/05,"1,584,778","70,386,033",43.80,44.60,43.80,44.60,+0.45,858,5876
110/11/08,"1,481,658","66,024,967",44.60,44.90,44.30,44.55,-0.05,539,5876
110/11/09,"1,812,255","81,126,430",44.70,45.00,44.25,44.95,+0.40,830,5876
110/11/10,"1,486,229","66,438,917",44.95,44.95,44.55,44.70,-0.25,658,5876
110/11/11,"1,267,271","56,847,704",44.85,44.95,44.65,44.90,+0.20,605,5876
110/11/12,"2,629,633","118,539,027",45.00,45.20,44.85,45.20,+0.30,944,5876
110/11/15,"2,745,604","124,941,000",45.20,45.70,45.10,45.60,+0.40,"1,173",5876
110/11/16,"2,855,215","130,599,199",45.65,45.90,45.35,45.90,+0.30,"1,400",5876
110/11/17,"2,201,007","100,451,977",45.55,45.90,45.25,45.60,-0.30,"1,585",5876
110/11/18,"8,044,038","373,493,574",45.80,46.70,45.80,46.70,+1.10,"3,278",5876
110/11/19,"2,562,432","119,495,255",46.75,46.75,46.35,46.75,+0.05,"1,432",5876
110/11/22,"3,178,443","148,850,422",46.65,47.00,46.25,47.00,+0.25,"1,469",5876
110/11/23,"2,981,940","139,656,704",46.90,47.00,46.45,46.95,-0.05,"1,524",5876
110/11/24,"3,532,779","168,027,701",47.30,48.15,47.10,47.55,+0.60,"2,061",5876
110/11/25,"2,395,631","112,590,588",47.50,47.50,46.75,47.20,-0.35,"1,950",5876
110/11/26,"4,938,862","227,399,127",46.70,46.70,45.60,45.75,-1.45,"3,143",5876
110/11/29,"3,786,812","173,153,106",45.20,46.10,45.20,45.75, 0.00,"1,566",5876
110/11/30,"9,907,417","458,317,048",45.55,46.65,45.30,46.35,+0.60,"2,280",5876
110/12/01,"2,639,447","122,476,483",45.50,46.80,45.50,46.55,+0.20,"1,573",5876
110/12/02,"3,047,946","142,501,226",46.05,47.00,46.00,47.00,+0.45,"1,710",5876
110/12/03,"2,196,891","102,792,153",46.60,47.00,46.40,46.95,-0.05,"1,397",5876
110/12/06,"2,322,240","108,664,215",46.45,47.00,46.45,46.80,-0.15,"1,019",5876
110/12/07,"4,174,362","196,173,694",46.50,47.50,46.35,47.50,+0.70,"1,648",5876
110/12/08,"3,575,101","169,962,590",47.50,47.90,47.20,47.80,+0.30,"1,485",5876
110/12/09,"2,063,421","98,228,031",47.80,47.80,47.45,47.70,-0.10,"1,236",5876
110/12/10,"1,740,852","82,273,970",47.15,47.50,47.05,47.05,-0.65,951,5876
110/12/13,"2,330,683","109,731,615",47.05,47.40,46.60,47.10,+0.05,"1,426",5876
110/12/14,"3,055,931","143,233,768",46.65,47.00,46.45,47.00,-0.10,"1,494",5876
110/12/15,"2,901,967","135,704,147",46.65,47.00,46.50,46.85,-0.15,"1,470",5876
110/12/16,"2,384,509","111,705,221",46.85,47.00,46.65,47.00,+0.15,993,5876
110/12/17,"3,217,563","152,009,119",47.00,47.35,46.80,47.35,+0.35,962,5876
110/12/20,"2,724,520","127,048,606",46.65,46.90,46.40,46.80,-0.55,"1,663",5876
110/12/21,"2,415,809","113,422,577",46.65,47.60,46.65,46.85,+0.05,948,5876
110/12/22,"1,908,376","89,593,213",47.30,47.30,46.70,47.00,+0.15,794,5876
110/12/23,"2,554,726","120,911,502",47.30,47.60,47.00,47.40,+0.40,"1,163",5876
110/12/24,"1,147,262","54,384,822",47.20,47.55,47.20,47.40, 0.00,770,5876
110/12/27,"1,036,986","49,083,401",47.40,47.40,47.00,47.40, 0.00,"1,036",5876
110/12/28,"2,638,642","124,975,689",47.40,47.50,47.15,47.30,-0.10,"1,417",5876
110/12/29,"3,061,597","145,366,795",47.40,47.80,47.25,47.55,+0.25,"1,057",5876
110/12/30,"2,356,408","111,412,115",47.50,47.50,47.15,47.25,-0.30,"1,879",5876
111/01/03,"1,427,378","67,649,523",47.55,47.70,47.05,47.15,-0.10,946,5876
111/01/04,"1,339,362","63,392,712",47.15,47.50,47.05,47.50,+0.35,"4,683",5876
111/01/05,"2,174,372","103,114,923",47.00,47.55,46.95,47.55,+0.05,"1,242",5876
111/01/06,"3,328,586","158,388,928",47.30,47.85,47.30,47.85,+0.30,"1,437",5876
111/01/07,"5,117,898","246,295,588",47.90,48.30,47.80,48.20,+0.35,"2,504",5876
111/01/10,"2,651,795","127,408,874",48.00,48.25,47.80,48.25,+0.05,"1,540",5876
111/01/11,"7,372,571","357,087,076",48.25,48.70,48.15,48.70,+0.45,"2,801",5876
111/01/12,"16,491,393","816,206,353",48.85,50.10,48.70,50.00,+1.30,"5,461",5876
111/01/13,"14,549,644","723,129,403",50.00,50.30,47.60,49.65,-0.35,"5,509",5876
111/01/14,"8,585,103","423,059,298",49.60,50.30,48.35,48.60,-1.05,"4,760",5876
111/01/17,"5,087,496","245,798,458",48.05,48.60,48.05,48.45,-0.15,"1,930",5876
111/01/18,"3,785,299","184,170,269",48.45,49.00,48.20,48.50,+0.05,"2,128",5876
111/01/19,"4,038,059","196,192,721",48.35,48.95,48.25,48.50, 0.00,"1,979",5876
111/01/20,"4,652,948","225,718,471",48.55,48.90,48.30,48.45,-0.05,"1,612",5876
111/01/21,"4,530,362","215,501,494",47.90,48.55,47.10,47.55,-0.90,"3,819",5876
111/01/24,"3,077,787","145,443,545",47.10,47.95,46.80,47.65,+0.10,"1,255",5876
111/01/25,"6,564,559","307,019,587",46.90,47.50,46.35,47.15,-0.50,"3,155",5876
111/01/26,"11,111,521","518,427,595",47.35,47.75,44.50,46.25,-0.90,"3,329",5876
111/02/07,"8,032,971","379,288,639",45.95,47.95,45.90,47.95,+1.70,"3,228",5876
111/02/08,"3,951,431","192,034,847",47.95,48.95,47.90,48.80,+0.85,"1,848",5876
111/02/09,"5,162,605","252,567,721",48.60,49.10,48.35,48.90,+0.10,"2,714",5876
111/02/10,"3,844,206","186,261,608",48.45,48.95,48.05,48.95,+0.05,"1,776",5876
111/02/11,"2,503,589","122,716,325",48.35,49.30,48.35,49.30,+0.35,"1,278",5876
111/02/14,"3,151,655","154,093,013",48.95,49.15,48.50,49.15,-0.15,"1,852",5876
111/02/15,"2,121,457","102,855,149",48.70,48.75,48.25,48.30,-0.85,"2,982",5876
111/02/16,"2,401,401","116,061,896",48.30,48.85,48.10,48.10,-0.20,"2,320",5876
111/02/17,"3,837,638","187,276,423",48.05,49.00,48.05,48.75,+0.65,"1,511",5876
111/02/18,"2,422,123","116,886,711",48.30,48.70,48.00,48.00,-0.75,"1,505",5876
111/02/21,"1,757,041","84,439,627",47.80,48.30,47.65,48.25,+0.25,745,5876
111/02/22,"4,919,190","232,220,043",47.85,47.85,46.85,47.15,-1.10,"2,503",5876
111/02/23,"1,931,272","91,428,497",47.10,47.55,47.05,47.45,+0.30,935,5876
111/02/24,"4,709,511","218,013,976",46.65,46.80,46.00,46.25,-1.20,"2,341",5876
111/02/25,"8,551,395","391,990,685",46.10,46.30,45.60,45.80,-0.45,"2,465",5876
111/03/01,"5,774,895","272,969,127",46.85,47.75,46.10,47.55,+1.75,"2,161",5876
111/03/02,"3,060,321","144,810,425",47.15,47.70,46.85,47.65,+0.10,"1,477",5876
111/03/03,"2,436,884","115,327,059",47.45,47.60,47.10,47.50,-0.15,958,5876
111/03/04,"2,303,225","107,568,094",46.55,47.05,46.20,46.90,-0.60,"1,131",5876
111/03/07,"6,083,679","277,226,513",46.00,46.80,45.00,45.45,-1.45,"3,158",5876
111/03/08,"4,665,649","209,755,354",45.00,45.45,44.75,44.80,-0.65,"2,357",5876
111/03/09,"2,594,690","117,626,866",45.15,45.60,45.10,45.20,+0.40,"1,750",5876
111/03/10,"5,006,353","232,870,736",45.30,46.80,45.30,46.80,+1.60,"1,662",5876
111/03/11,"1,942,598","89,244,498",46.80,46.80,45.70,45.70,-1.10,"1,148",5876
111/03/14,"2,729,872","125,972,062",46.00,46.30,45.90,46.25,+0.55,879,5876
111/03/15,"2,536,667","116,818,819",46.30,46.35,45.75,46.20,-0.05,937,5876
111/03/16,"3,694,252","171,603,473",45.50,46.80,45.50,46.80,+0.60,"1,592",5876
111/03/17,"7,310,245","350,312,205",48.20,48.25,47.35,48.15,+1.35,"3,611",5876
111/03/18,"7,340,439","356,451,549",48.30,48.80,48.00,48.80,+0.65,"2,213",5876
111/03/21,"3,040,111","148,555,451",48.70,49.05,48.55,48.80, 0.00,"1,449",5876
111/03/22,"3,328,297","162,563,782",48.80,49.05,48.45,49.05,+0.25,824,5876
111/03/23,"6,464,139","320,619,536",49.05,49.85,48.95,49.85,+0.80,"2,283",5876
111/03/24,"6,942,575","346,315,690",49.60,50.00,49.25,50.00,+0.15,"4,327",5876
111/03/25,"3,517,692","173,539,508",49.00,49.85,49.00,49.55,-0.45,"1,360",5876
111/03/28,"2,602,865","128,217,615",48.50,49.70,48.50,49.70,+0.15,"1,341",5876
111/03/29,"2,829,201","140,859,840",49.60,49.90,49.20,49.90,+0.20,"2,033",5876
111/03/30,"6,738,383","337,481,893",49.90,50.30,49.75,50.30,+0.40,"3,378",5876
111/03/31,"4,167,184","209,794,933",50.30,50.50,50.10,50.20,-0.10,"2,169",5876
111/04/01,"3,941,313","196,144,385",49.00,50.10,49.00,49.95,-0.25,"2,197",5876
111/04/06,"8,095,981","408,754,558",50.00,51.00,49.60,51.00,+1.05,"3,073",5876
111/04/07,"4,712,880","234,573,033",50.20,50.60,49.05,49.05,-1.95,"2,923",5876
111/04/08,"2,290,478","114,119,205",49.50,50.10,49.40,50.10,+1.05,950,5876
111/04/11,"5,112,347","257,601,596",50.10,50.70,49.60,50.50,+0.40,"2,939",5876
111/04/12,"3,127,675","157,522,209",50.10,50.70,49.95,50.30,-0.20,"1,182",5876
111/04/13,"3,947,633","200,652,444",50.50,51.00,50.30,51.00,+0.70,"1,566",5876
111/04/14,"3,049,928","152,566,389",51.00,51.00,49.70,49.75,-1.25,"1,604",5876
111/04/15,"2,299,297","114,295,879",49.95,50.20,49.35,49.55,-0.20,"1,169",5876
111/04/18,"3,022,483","148,188,159",49.00,49.50,48.60,49.10,-0.45,"1,429",5876
111/04/19,"2,906,180","142,860,239",49.15,50.10,48.85,48.90,-0.20,"1,777",5876
111/04/20,"4,776,884","234,827,440",48.90,49.75,48.65,49.55,+0.65,"2,713",5876
111/04/21,"2,641,973","129,984,318",49.90,49.90,48.85,49.25,-0.30,"1,922",5876
111/04/22,"3,158,637","155,483,614",48.60,49.75,48.60,49.70,+0.45,"1,367",5876
111/04/25,"4,026,431","195,441,893",48.70,49.15,48.10,48.55,-1.15,"2,899",5876
111/04/26,"3,014,849","148,870,783",48.45,49.90,48.45,49.40,+0.85,"2,175",5876
111/04/27,"3,221,505","156,073,560",48.70,49.10,48.15,48.15,-1.25,"2,229",5876
111/04/28,"5,645,671","272,295,888",48.10,48.75,47.50,48.75,+0.60,"2,934",5876
111/04/29,"2,776,862","135,743,002",48.30,49.10,48.30,49.00,+0.25,"1,163",5876
111/05/03,"973,100","47,302,574",49.05,49.10,48.35,48.60,-0.40,"1,560",5876
111/05/04,"1,284,471","62,019,363",48.70,48.70,48.10,48.10,-0.50,"1,540",5876
111/05/05,"3,253,746","158,942,409",48.70,49.40,48.45,48.60,+0.50,"2,219",5876
111/05/06,"5,039,661","242,406,519",47.90,48.70,47.60,48.35,-0.25,"3,475",5876
111/05/09,"4,435,659","209,020,344",47.35,47.65,46.85,47.00,-1.35,"2,492",5876
111/05/10,"4,146,115","196,058,915",46.90,48.00,46.80,47.30,+0.30,"2,650",5876
111/05/11,"4,028,443","188,000,034",46.90,47.00,46.35,46.85,-0.45,"2,388",5876
111/05/12,"2,620,239","120,678,068",46.75,46.75,45.80,45.95,-0.90,"1,472",5876
111/05/13,"3,521,309","164,107,866",46.65,46.85,46.05,46.80,+0.85,"1,166",5876
111/05/16,"3,157,345","146,043,621",47.20,47.30,45.80,46.25,-0.55,"2,574",5876
111/05/17,"2,689,071","124,765,616",46.45,46.65,45.85,46.40,+0.15,"1,381",5876
111/05/18,"3,393,682","158,976,927",46.05,47.30,46.05,47.30,+0.90,"2,774",5876
111/05/19,"4,458,382","206,497,165",46.65,46.70,46.00,46.50,-0.80,"2,197",5876
111/05/20,"7,601,934","363,368,974",46.75,48.50,46.50,48.20,+1.70,"2,687",5876
111/05/23,"12,112,031","596,986,240",48.50,49.85,48.10,49.65,+1.45,"3,361",5876
111/05/24,"10,190,460","511,824,125",49.65,50.50,49.50,50.00,+0.35,"3,603",5876
111/05/25,"13,267,262","662,377,361",50.00,50.60,49.30,49.30,-0.70,"3,355",5876
111/05/26,"7,157,740","358,107,789",49.70,50.30,49.55,50.10,+0.80,"2,149",5876
111/05/27,"13,055,890","664,145,529",50.50,51.10,50.00,50.90,+0.80,"4,122",5876
111/05/30,"13,221,388","678,478,781",50.90,51.90,50.70,50.70,-0.20,"4,037",5876
111/05/31,"19,739,624","1,008,367,029",50.70,51.90,50.60,50.60,-0.10,"3,639",5876
111/06/01,"10,884,689","562,615,827",50.90,51.90,50.80,51.70,+1.10,"3,296",5876
111/06/02,"7,474,504","388,423,708",51.40,52.20,51.40,51.90,+0.20,"2,868",5876
111/06/06,"7,123,546","372,413,370",51.90,52.80,51.50,52.50,+0.60,"2,438",5876
111/06/07,"8,480,135","447,260,302",52.50,53.00,52.00,52.60,+0.10,"3,365",5876
111/06/08,"4,648,872","245,501,158",52.50,53.00,52.30,52.80,+0.20,"2,036",5876
111/06/09,"4,452,651","232,884,989",52.50,52.80,51.70,52.20,-0.60,"1,976",5876
111/06/10,"4,825,446","251,946,309",51.40,52.80,51.20,52.10,-0.10,"2,038",5876
111/06/13,"10,199,361","517,170,829",51.10,51.20,50.30,50.70,-1.40,"3,822",5876
111/06/14,"4,967,295","254,677,041",51.30,51.90,50.50,51.40,+0.70,"2,702",5876
111/06/15,"6,859,027","358,957,969",51.10,52.70,51.10,52.30,+0.90,"3,444",5876
111/06/16,"5,334,355","281,195,319",52.80,53.10,52.30,52.50,+0.20,"2,633",5876
111/06/17,"7,146,274","372,730,900",52.20,52.50,51.50,52.20,-0.30,"2,201",5876
111/06/20,"6,038,433","315,016,084",51.80,53.00,51.10,51.80,-0.40,"3,625",5876
111/06/21,"5,062,839","267,704,853",52.60,53.10,52.10,53.10,+1.30,"2,056",5876
111/06/22,"4,616,631","244,766,473",52.80,53.40,52.30,52.90,-0.20,"2,084",5876
111/06/23,"8,442,128","454,844,597",53.40,54.30,53.20,54.00,+1.10,"3,547",5876
111/06/24,"6,208,453","335,232,188",54.40,54.60,53.30,53.90,-0.10,"2,626",5876
111/06/27,"5,370,440","292,684,226",54.10,54.80,53.90,54.30,+0.40,"2,101",5876
111/06/28,"4,125,743","223,425,977",54.70,54.80,53.70,54.40,+0.10,"1,831",5876
111/06/29,"6,516,265","353,903,189",53.70,54.70,53.60,54.50,+0.10,"3,263",5876
111/06/30,"7,577,952","403,442,579",54.00,54.20,52.80,53.10,-1.40,"3,019",5876
111/07/01,"7,124,454","372,803,131",53.50,53.70,51.80,52.00,-1.10,"3,362",5876
111/07/04,"4,394,264","231,102,345",53.30,53.90,51.70,52.40,+0.40,"2,101",5876
111/07/05,"5,470,511","287,346,348",53.00,53.20,52.20,52.50,+0.10,"1,658",5876
111/07/06,"6,313,565","323,779,987",52.80,52.80,50.90,51.10,-1.40,"3,112",5876
111/07/07,"6,501,294","321,619,851",48.90,49.90,48.50,49.70,X0.00,"2,284",5876
111/07/08,"3,960,912","197,239,861",49.70,50.30,49.45,49.80,+0.10,"1,819",5876
111/07/11,"2,250,687","111,685,101",50.00,50.00,49.20,49.75,-0.05,999,5876
111/07/12,"4,600,179","223,826,410",49.20,49.20,47.85,48.80,-0.95,"1,948",5876
111/07/13,"5,526,757","269,100,473",49.00,49.40,48.00,48.85,+0.05,"2,586",5876
111/07/14,"5,015,519","242,306,690",48.45,48.80,47.90,48.60,-0.25,"1,847",5876
111/07/15,"3,789,147","180,416,333",48.05,48.15,47.35,47.45,-1.15,"1,606",5876
111/07/18,"3,415,786","162,987,239",47.45,48.00,47.05,48.00,+0.55,"1,262",5876
111/07/19,"2,743,204","132,196,157",48.20,48.45,47.85,48.05,+0.05,"1,376",5876
111/07/20,"3,705,469","177,750,875",48.25,48.75,47.60,47.90,-0.15,"1,722",5876
111/07/21,"3,527,357","170,496,844",49.05,49.05,47.60,48.55,+0.65,"1,483",5876
111/07/22,"2,369,694","115,337,217",48.20,49.00,48.00,48.90,+0.35,"1,364",5876
111/07/25,"2,181,088","107,322,864",48.90,49.40,48.50,49.30,+0.40,"1,112",5876
111/07/26,"2,658,282","132,012,325",48.95,50.00,48.85,49.80,+0.50,"1,334",5876
111/07/27,"2,956,704","146,654,040",50.00,50.00,49.15,49.90,+0.10,"1,599",5876
111/07/28,"1,924,287","95,853,396",50.00,50.00,49.55,49.95,+0.05,"1,268",5876
111/07/29,"3,985,592","199,540,471",50.30,50.30,49.85,50.10,+0.15,"1,133",5876
111/08/01,"3,579,557","180,083,759",49.85,50.60,49.70,50.50,+0.40,"1,468",5876
111/08/02,"4,566,608","227,352,401",49.50,50.40,49.35,49.90,-0.60,"2,455",5876
111/08/03,"3,746,759","187,512,789",49.95,50.30,49.30,50.10,+0.20,"1,658",5876
111/08/04,"2,719,819","136,195,388",50.10,50.60,49.55,49.90,-0.20,"1,204",5876
111/08/05,"3,668,745","186,657,478",50.50,51.10,50.10,51.10,+1.20,"1,423",5876
111/08/08,"3,257,063","167,058,358",51.30,51.60,50.40,51.60,+0.50,"1,340",5876
111/08/09,"2,518,551","130,840,665",51.70,52.20,51.60,52.10,+0.50,"1,360",5876
111/08/10,"2,986,625","156,738,163",52.00,52.90,51.60,52.80,+0.70,"1,694",5876
111/08/11,"2,431,389","128,656,187",53.10,53.10,52.60,53.00,+0.20,878,5876
111/08/12,"2,175,230","114,062,563",53.00,53.00,52.00,52.70,-0.30,"1,337",5876
111/08/15,"4,704,108","244,305,250",52.40,52.50,51.60,52.00,-0.70,"2,392",5876
111/08/16,"5,354,523","277,096,683",51.90,52.10,51.20,51.90,-0.10,"2,372",5876
111/08/17,"8,428,662","442,571,752",51.90,52.80,51.60,52.70,+0.80,"4,397",5876
111/08/18,"6,271,483","319,586,869",52.10,52.10,50.40,50.60,-2.10,"3,321",5876
111/08/19,"5,013,847","254,299,306",50.20,51.30,49.90,51.00,+0.40,"2,329",5876
111/08/22,"3,151,284","160,959,451",50.20,51.40,50.20,51.30,+0.30,"1,249",5876
111/08/23,"2,783,545","140,766,160",50.70,50.90,50.20,50.60,-0.70,"1,428",5876
111/08/24,"2,719,447","137,584,079",50.90,51.00,50.30,50.60, 0.00,"1,424",5876
111/08/25,"3,181,274","160,853,488",50.70,51.20,50.20,50.60, 0.00,"1,778",5876
111/08/26,"1,774,423","89,447,997",50.80,50.80,50.10,50.40,-0.20,948,5876
111/08/29,"4,323,944","214,560,982",49.40,50.10,49.30,49.60,-0.80,"2,013",5876
111/08/30,"5,064,096","250,128,058",49.45,49.80,49.05,49.45,-0.15,"2,879",5876
111/08/31,"14,275,258","711,076,687",49.20,50.30,49.10,49.80,+0.35,"2,310",5876
111/09/01,"6,858,501","334,436,745",49.10,49.25,48.30,48.65,-1.15,"3,324",5876
111/09/02,"3,658,021","178,314,012",48.65,49.15,48.40,48.65, 0.00,"1,863",5876
111/09/05,"5,084,702","247,992,903",49.05,49.20,48.55,49.00,+0.35,"1,617",5876
111/09/06,"4,166,922","205,542,429",49.45,49.55,48.80,49.55,+0.55,"2,405",5876
111/09/07,"4,738,375","230,863,033",49.00,49.45,48.50,48.55,-1.00,"2,800",5876
111/09/08,"3,247,913","158,567,579",48.90,49.25,48.30,49.25,+0.70,"1,739",5876
111/09/12,"4,134,714","203,825,294",50.00,50.00,48.95,49.55,+0.30,"2,076",5876
111/09/13,"2,745,399","136,384,905",49.80,49.95,49.35,49.60,+0.05,"1,704",5876
111/09/14,"4,033,263","196,704,595",49.25,49.25,48.55,48.55,-1.05,"2,227",5876
111/09/15,"4,664,109","228,230,775",48.50,49.35,48.30,49.25,+0.70,"2,277",5876
111/09/16,"8,578,635","418,711,406",48.65,49.20,48.55,48.75,-0.50,"2,496",5876
111/09/19,"2,680,741","130,980,826",48.85,49.20,48.60,48.75, 0.00,"1,568",5876
111/09/20,"3,110,606","151,535,995",48.80,48.90,48.50,48.70,-0.05,"1,775",5876
111/09/21,"3,708,162","180,674,690",48.85,48.95,48.60,48.75,+0.05,"2,145",5876
111/09/22,"6,957,722","336,953,084",48.40,48.85,47.65,48.60,-0.15,"3,032",5876
111/09/23,"6,944,611","343,754,285",48.95,49.90,48.65,49.70,+1.10,"3,381",5876
111/09/26,"4,703,837","230,261,380",49.80,49.80,48.70,48.70,-1.00,"2,375",5876
111/09/27,"4,647,281","228,998,191",49.55,49.65,48.85,49.25,+0.55,"2,315",5876
111/09/28,"4,343,474","211,901,893",49.55,49.60,48.50,48.70,-0.55,"2,234",5876
111/09/29,"4,940,999","243,140,230",49.10,49.40,48.80,49.40,+0.70,"2,204",5876
111/09/30,"5,067,753","249,688,450",49.40,49.55,48.75,49.20,-0.20,"1,815",5876
111/10/03,"3,190,639","155,971,987",48.60,49.30,48.60,48.70,-0.50,"1,831",5876
111/10/04,"2,362,416","115,272,531",48.70,49.00,48.60,48.70, 0.00,"1,211",5876
111/10/05,"2,537,887","123,677,597",48.40,48.95,48.35,48.80,+0.10,"1,348",5876
111/10/06,"4,115,828","202,778,731",49.05,49.45,49.00,49.35,+0.55,"1,503",5876
111/10/07,"2,227,623","108,794,460",48.75,48.95,48.70,48.85,-0.50,"1,211",5876
111/10/11,"7,126,509","341,981,534",48.30,48.45,47.70,47.75,-1.10,"3,324",5876
111/10/12,"3,844,431","183,968,096",47.40,48.40,47.40,48.05,+0.30,"1,451",5876
111/10/13,"7,167,697","344,741,942",47.80,48.40,47.55,48.05, 0.00,"2,723",5876
111/10/14,"8,060,271","386,947,414",47.85,48.35,47.70,48.20,+0.15,"3,460",5876
111/10/17,"6,204,495","293,919,672",48.00,48.00,46.85,47.35,-0.85,"2,417",5876
111/10/18,"4,218,888","199,240,273",47.80,47.80,46.75,47.45,+0.10,"1,893",5876
111/10/19,"5,889,985","276,737,703",47.10,47.40,46.70,46.70,-0.75,"2,660",5876
111/10/20,"11,510,736","529,133,531",45.70,46.70,45.30,46.50,-0.20,"3,727",5876
111/10/21,"8,186,359","377,833,328",46.50,46.50,45.55,46.50, 0.00,"3,222",5876
111/10/24,"4,934,072","227,839,463",46.85,47.10,45.80,46.00,-0.50,"2,593",5876
111/10/25,"7,920,937","357,225,173",45.70,46.00,44.60,45.20,-0.80,"3,221",5876
111/10/26,"4,145,375","188,032,327",45.15,45.70,44.80,45.70,+0.50,"1,679",5876
111/10/27,"5,205,547","238,324,470",45.65,46.15,45.50,45.50,-0.20,"1,779",5876
111/10/28,"4,355,708","198,425,796",45.50,45.85,45.30,45.55,+0.05,"1,455",5876
111/10/31,"7,173,310","328,729,676",45.25,46.40,45.10,46.40,X0.00,"1,685",5876
111/11/01,"5,754,352","264,812,415",46.00,46.30,45.65,46.15,-0.25,"1,980",5876
111/11/02,"6,784,847","308,408,940",45.85,46.25,45.05,45.60,-0.55,"2,554",5876
111/11/03,"5,028,572","226,377,169",45.15,45.50,44.75,45.00,-0.60,"2,323",5876
111/11/04,"6,205,151","277,174,088",44.60,45.10,44.25,45.10,+0.10,"2,298",5876
111/11/07,"5,708,503","256,931,329",44.85,45.45,44.60,45.45,+0.35,"2,274",5876
111/11/08,"4,667,149","210,343,185",45.45,45.45,44.80,45.30,-0.15,"1,926",5876
111/11/09,"7,823,734","352,564,944",45.05,45.30,44.65,45.30, 0.00,"2,840",5876
111/11/10,"5,654,868","254,688,346",45.25,45.40,44.75,45.20,-0.10,"2,105",5876
111/11/11,"9,859,847","451,667,418",45.55,46.25,45.30,46.00,+0.80,"3,594",5876
111/11/14,"9,231,659","425,624,336",46.20,46.65,45.70,46.00, 0.00,"3,356",5876
111/11/15,"7,995,196","369,010,550",45.75,46.50,45.35,46.40,+0.40,"2,698",5876
111/11/16,"6,619,445","304,252,772",46.10,46.40,45.65,45.80,-0.60,"2,828",5876
111/11/17,"4,309,765","195,099,611",45.60,45.85,45.00,45.35,-0.45,"1,961",5876
111/11/18,"5,163,242","231,774,548",45.05,45.35,44.65,44.85,-0.50,"2,237",5876
111/11/21,"3,667,081","164,211,755",44.90,45.10,44.40,45.10,+0.25,"1,847",5876
111/11/22,"4,584,290","205,534,803",45.15,45.15,44.60,45.05,-0.05,"2,180",5876
111/11/23,"5,723,274","260,979,311",45.10,45.85,45.00,45.80,+0.75,"2,780",5876
111/11/24,"6,147,246","281,888,592",45.95,46.10,45.45,46.05,+0.25,"2,567",5876
111/11/25,"5,794,752","268,241,957",45.85,46.50,45.80,46.50,+0.45,"2,216",5876
111/11/28,"7,749,147","357,990,172",45.90,46.65,45.40,46.40,-0.10,"3,201",5876
111/11/29,"7,832,220","371,012,630",46.55,47.80,46.45,47.80,+1.40,"3,532",5876
111/11/30,"14,040,989","693,112,760",47.60,50.80,47.25,50.80,+3.00,"4,190",5876
111/12/01,"7,836,852","383,664,087",49.40,49.80,48.60,48.95,-1.85,"4,851",5876
111/12/02,"3,715,384","179,310,339",49.00,49.00,48.05,48.20,-0.75,"2,067",5876
111/12/05,"8,040,454","380,460,699",47.60,47.80,47.05,47.05,-1.15,"3,248",5876
111/12/06,"5,194,680","244,178,364",47.00,47.50,46.80,46.80,-0.25,"1,768",5876
111/12/07,"5,780,908","276,741,624",46.80,48.20,46.80,47.90,+1.10,"2,511",5876
111/12/08,"4,521,851","216,599,185",48.15,48.15,47.40,48.05,+0.15,"2,035",5876
111/12/09,"4,240,732","202,707,479",47.85,48.15,47.55,47.80,-0.25,"1,920",5876
111/12/12,"4,909,307","233,244,780",47.75,47.80,47.10,47.60,-0.20,"1,963",5876
111/12/13,"5,432,405","256,768,194",47.85,47.95,47.10,47.10,-0.50,"1,451",5876
111/12/14,"4,333,417","208,185,060",47.80,48.30,47.45,48.20,+1.10,"1,828",5876
111/12/15,"2,299,372","110,487,212",47.90,48.30,47.70,48.00,-0.20,"1,121",5876
111/12/16,"6,666,242","316,883,153",47.30,48.15,47.30,47.40,-0.60,"2,370",5876
111/12/19,"3,191,910","150,080,676",47.05,47.30,46.85,47.00,-0.40,"1,400",5876
111/12/20,"20,422,706","916,078,060",45.60,45.60,44.35,44.50,-2.50,"15,963",5876
111/12/21,"11,890,238","520,453,933",44.50,44.60,43.35,43.75,-0.75,"7,684",5876
111/12/22,"4,071,793","179,880,410",44.00,44.50,43.65,44.45,+0.70,"2,714",5876
111/12/23,"2,404,835","105,897,374",43.90,44.25,43.75,44.25,-0.20,"1,386",5876
111/12/26,"3,001,043","132,109,952",44.15,44.20,43.95,44.05,-0.20,"1,567",5876
111/12/27,"1,587,584","70,240,615",44.10,44.35,44.05,44.25,+0.20,"1,196",5876
111/12/28,"2,434,511","107,648,929",44.25,44.40,44.05,44.15,-0.10,"1,700",5876
111/12/29,"4,246,582","186,093,033",44.05,44.10,43.55,43.90,-0.25,"2,311",5876
111/12/30,"2,926,231","129,388,407",44.10,44.40,43.90,44.05,+0.15,"1,636",5876
112/01/03,"3,021,538","132,698,708",44.00,44.40,43.40,44.25,+0.20,"1,656",5876
112/01/04,"5,388,189","241,254,945",44.35,45.00,44.25,44.95,+0.70,"2,951",5876
112/01/05,"4,605,341","208,534,155",45.10,45.50,44.95,45.50,+0.55,"2,739",5876
112/01/06,"2,760,207","125,244,489",45.50,45.60,45.15,45.25,-0.25,"2,323",5876
112/01/09,"5,880,713","270,436,098",45.75,46.25,45.60,46.25,+1.00,"3,404",5876
112/01/10,"3,188,410","146,801,307",46.10,46.25,45.80,46.15,-0.10,"2,070",5876
112/01/11,"3,389,392","156,800,470",46.20,46.40,46.05,46.25,+0.10,"1,965",5876
112/01/12,"2,525,093","117,124,001",46.25,46.50,46.20,46.40,+0.15,"1,660",5876
112/01/13,"1,891,053","87,785,635",46.50,46.70,46.20,46.35,-0.05,"1,917",5876
112/01/16,"2,964,006","138,588,875",46.50,46.95,46.35,46.80,+0.45,"1,885",5876
112/01/17,"4,567,781","214,830,222",46.80,47.10,46.70,47.10,+0.30,"2,526",5876
112/01/30,"11,762,183","561,608,288",47.50,48.15,47.05,47.95,+0.85,"6,041",5876
112/01/31,"6,899,790","324,590,383",47.85,47.90,46.60,46.60,-1.35,"3,177",5876
112/02/01,"3,953,573","185,633,408",47.00,47.30,46.55,47.10,+0.50,"2,009",5876
112/02/02,"4,010,463","187,445,011",47.30,47.30,46.55,46.75,-0.35,"1,792",5876
112/02/03,"2,391,916","112,296,285",46.60,47.20,46.50,47.20,+0.45,"1,483",5876
112/02/06,"3,143,952","147,104,743",46.70,47.10,46.60,46.60,-0.60,"1,421",5876
112/02/07,"2,318,636","108,590,730",46.90,47.00,46.65,46.80,+0.20,"1,376",5876
112/02/08,"1,439,999","67,379,682",46.95,46.95,46.60,46.85,+0.05,798,5876
112/02/09,"1,856,478","87,061,164",46.50,47.00,46.50,46.95,+0.10,896,5876
112/02/10,"3,325,987","156,386,192",46.70,47.20,46.65,47.05,+0.10,"1,266",5876
112/02/13,"3,861,845","181,215,796",46.80,47.15,46.50,47.15,+0.10,"1,601",5876
112/02/14,"2,208,681","104,495,662",47.30,47.50,47.20,47.30,+0.15,"1,020",5876
112/02/15,"2,899,591","136,202,092",47.20,47.30,46.70,46.80,-0.50,"1,530",5876
112/02/16,"3,687,607","173,915,821",46.60,47.45,46.60,47.10,+0.30,"1,358",5876
112/02/17,"2,634,302","123,878,349",46.90,47.40,46.75,47.15,+0.05,"1,614",5876
112/02/20,"4,000,591","190,702,418",47.10,47.80,47.05,47.80,+0.65,"1,827",5876
112/02/21,"1,880,580","89,745,901",47.80,47.80,47.50,47.80, 0.00,903,5876
112/02/22,"3,244,852","154,151,963",47.30,47.80,47.05,47.65,-0.15,"1,462",5876
112/02/23,"3,035,649","145,186,563",47.65,48.00,47.60,47.85,+0.20,"1,401",5876
112/02/24,"5,422,740","258,535,193",47.75,47.80,47.60,47.65,-0.20,"1,335",5876
112/03/01,"5,473,175","259,230,670",47.35,47.50,47.10,47.45,-0.20,"2,250",5876
112/03/02,"3,129,673","147,748,722",47.40,47.45,46.85,47.15,-0.30,"1,587",5876
112/03/03,"2,663,420","125,729,397",47.25,47.30,47.00,47.30,+0.15,"1,579",5876
112/03/06,"3,935,714","187,707,577",47.70,47.85,47.30,47.80,+0.50,"1,754",5876
112/03/07,"3,004,845","143,738,641",47.75,47.90,47.70,47.85,+0.05,"1,744",5876
112/03/08,"3,439,023","164,247,312",47.70,47.90,47.60,47.80,-0.05,"1,933",5876
112/03/09,"3,230,981","153,094,608",47.70,47.75,47.15,47.30,-0.50,"1,736",5876
112/03/10,"7,332,831","338,969,005",46.85,47.15,45.85,45.85,-1.45,"4,334",5876
112/03/13,"6,926,265","314,959,824",45.75,45.85,45.20,45.45,-0.40,"2,966",5876
112/03/14,"8,669,800","387,993,624",45.10,45.20,44.30,44.55,-0.90,"4,165",5876
112/03/15,"4,659,018","209,310,189",44.90,45.25,44.60,44.60,+0.05,"2,498",5876
112/03/16,"3,636,322","162,546,582",44.45,44.95,44.25,44.75,+0.15,"2,072",5876
112/03/17,"14,369,131","644,931,500",44.75,45.80,44.70,44.70,-0.05,"2,800",5876
112/03/20,"2,713,515","122,390,300",45.25,45.40,44.80,45.15,+0.45,"1,720",5876
112/03/21,"2,520,844","114,881,484",45.40,45.80,45.25,45.50,+0.35,"1,580",5876
112/03/22,"3,010,387","139,028,495",46.00,46.45,45.80,46.30,+0.80,"1,762",5876
112/03/23,"4,285,052","200,289,323",46.35,47.00,46.20,47.00,+0.70,"2,142",5876
112/03/24,"4,062,583","189,609,237",46.50,46.90,46.40,46.70,-0.30,"2,392",5876
112/03/27,"3,065,288","142,138,540",46.45,46.70,46.25,46.25,-0.45,"1,660",5876
112/03/28,"2,723,856","126,248,169",46.30,46.65,46.20,46.25, 0.00,"1,599",5876
112/03/29,"3,371,988","157,273,460",46.30,46.90,46.25,46.65,+0.40,"1,822",5876
112/03/30,"3,107,828","143,744,068",46.70,46.80,46.05,46.30,-0.35,"1,693",5876
112/03/31,"4,588,181","215,048,751",46.35,47.20,46.35,46.95,+0.65,"1,851",5876
112/04/06,"2,714,362","126,190,840",46.55,46.80,46.30,46.45,-0.50,"2,081",5876
112/04/07,"440,677","20,471,364",46.60,46.60,46.35,46.40,-0.05,455,5876
112/04/10,"863,773","40,408,599",46.55,46.90,46.55,46.90,+0.50,627,5876
112/04/11,"2,641,607","123,765,956",46.65,47.15,46.65,46.95,+0.05,"1,268",5876
112/04/12,"1,784,764","83,749,614",46.90,47.00,46.75,47.00,+0.05,"1,078",5876
112/04/13,"2,134,196","100,210,191",46.90,47.10,46.85,47.05,+0.05,"1,445",5876
112/04/14,"3,408,336","161,386,876",47.05,47.50,47.00,47.50,+0.45,"1,815",5876
112/04/17,"2,210,284","104,236,819",47.15,47.45,47.00,47.15,-0.35,"1,411",5876
112/04/18,"3,556,055","165,906,061",47.00,47.10,46.45,46.65,-0.50,"2,027",5876
112/04/19,"3,361,097","156,017,869",46.80,46.80,46.10,46.20,-0.45,"1,973",5876
112/04/20,"1,999,954","92,768,462",46.30,46.70,46.20,46.35,+0.15,949,5876
112/04/21,"2,534,372","117,411,868",46.10,46.70,46.10,46.35, 0.00,"1,611",5876
112/04/24,"1,367,453","63,870,528",46.55,46.80,46.50,46.80,+0.45,916,5876
112/04/25,"2,624,808","122,232,323",46.95,46.95,46.30,46.50,-0.30,"1,515",5876
112/04/26,"3,758,507","175,433,272",46.60,47.05,46.25,46.80,+0.30,"2,009",5876
112/04/27,"4,881,848","225,346,074",46.60,46.80,45.80,46.00,-0.80,"2,608",5876
112/04/28,"2,573,532","119,516,723",46.30,46.55,46.05,46.45,+0.45,"1,144",5876
112/05/02,"6,376,079","293,807,637",46.50,46.50,45.90,46.00,-0.45,"3,793",5876
112/05/03,"7,435,074","337,870,014",46.00,46.00,45.35,45.50,-0.50,"3,961",5876
112/05/04,"4,861,202","221,294,675",45.20,45.70,45.20,45.55,+0.05,"2,283",5876
112/05/05,"5,002,966","230,204,583",45.85,46.20,45.60,46.20,+0.65,"2,048",5876
112/05/08,"4,677,802","215,806,182",46.25,46.35,45.95,46.35,+0.15,"2,329",5876
112/05/09,"2,446,551","113,320,897",46.15,46.50,46.05,46.50,+0.15,"1,380",5876
112/05/10,"4,460,431","206,784,968",46.50,46.50,46.15,46.50, 0.00,"1,748",5876
112/05/11,"2,439,256","113,329,067",46.40,46.65,46.20,46.50, 0.00,"1,277",5876
112/05/12,"3,296,982","152,005,788",46.35,46.35,45.80,46.20,-0.30,"1,761",5876
112/05/15,"3,002,406","139,037,110",45.80,46.50,45.80,46.40,+0.20,"1,726",5876
112/05/16,"3,406,154","158,503,015",46.60,46.70,46.20,46.55,+0.15,"2,080",5876
112/05/17,"6,942,283","325,624,492",46.45,47.20,46.40,47.00,+0.45,"3,670",5876
112/05/18,"4,544,738","213,880,343",47.00,47.20,46.85,47.15,+0.15,"2,347",5876
112/05/19,"5,395,324","254,804,114",47.15,47.45,46.90,47.30,+0.15,"2,599",5876
112/05/22,"3,939,279","186,566,145",47.30,47.50,47.10,47.50,+0.20,"2,396",5876
112/05/23,"4,847,205","227,487,568",47.10,47.35,46.70,47.05,-0.45,"3,122",5876
112/05/24,"4,129,539","192,313,126",46.75,46.85,46.35,46.85,-0.20,"2,660",5876
112/05/25,"8,004,805","368,841,268",46.35,46.50,45.90,45.95,-0.90,"3,948",5876
112/05/26,"7,150,145","327,124,546",45.80,46.00,45.35,45.80,-0.15,"4,021",5876
112/05/29,"8,043,702","369,616,908",45.85,46.10,45.80,45.85,+0.05,"3,970",5876
112/05/30,"7,137,616","328,128,652",45.85,46.20,45.80,46.00,+0.15,"4,147",5876
112/05/31,"70,666,075","3,197,737,253",45.95,46.30,45.15,45.15,-0.85,"5,281",5876
112/06/01,"5,694,801","258,840,840",45.35,45.60,45.30,45.45,+0.30,"3,025",5876
112/06/02,"6,792,082","308,533,031",45.50,45.70,45.20,45.40,-0.05,"3,502",5876
112/06/05,"4,068,388","186,649,325",45.45,46.10,45.45,45.80,+0.40,"2,397",5876
112/06/06,"2,951,406","136,346,388",45.95,46.35,45.90,46.25,+0.45,"1,885",5876
112/06/07,"5,472,570","254,721,950",46.20,46.70,46.20,46.55,+0.30,"3,213",5876
112/06/08,"2,586,643","119,787,006",46.50,46.55,46.15,46.20,-0.35,"1,591",5876
112/06/09,"2,447,446","113,230,845",46.45,46.45,46.20,46.25,+0.05,"1,503",5876
112/06/12,"2,940,128","136,186,883",46.25,46.45,46.25,46.25, 0.00,"1,684",5876
112/06/13,"3,972,805","184,018,012",46.20,46.45,46.20,46.25, 0.00,"2,139",5876
112/06/14,"1,976,840","91,679,966",46.35,46.45,46.30,46.40,+0.15,"1,352",5876
112/06/15,"3,538,771","164,176,273",46.40,46.50,46.20,46.40, 0.00,"1,686",5876
112/06/16,"10,849,457","498,901,170",46.40,46.90,45.15,45.70,-0.70,"4,210",5876
112/06/19,"4,698,373","217,315,262",45.80,46.45,45.80,46.45,+0.75,"2,971",5876
112/06/20,"9,417,840","432,019,600",46.25,46.35,45.70,45.70,-0.75,"4,680",5876
112/06/21,"4,850,811","221,651,708",45.70,46.00,45.55,45.70, 0.00,"2,774",5876
112/06/26,"4,015,278","182,642,725",45.70,45.70,45.40,45.45,-0.25,"2,150",5876
112/06/27,"2,628,572","119,514,321",45.40,45.65,45.35,45.45, 0.00,"1,220",5876
112/06/28,"2,706,457","123,009,241",45.40,45.55,45.40,45.45, 0.00,"1,369",5876
112/06/29,"3,186,399","145,652,959",45.75,45.90,45.45,45.65,+0.20,"1,689",5876
112/06/30,"4,829,096","219,716,208",45.65,45.75,45.40,45.40,-0.25,"2,302",5876
112/07/03,"2,812,820","128,597,970",45.50,45.90,45.50,45.90,+0.50,"1,217",5876
112/07/04,"3,444,786","158,473,469",45.85,46.15,45.70,46.15,+0.25,"1,553",5876
112/07/05,"3,821,618","175,956,815",45.95,46.15,45.95,46.05,-0.10,"1,851",5876
112/07/06,"13,066,248","572,032,098",44.30,44.40,43.40,43.40,X0.00,"6,671",5876
112/07/07,"6,716,471","290,391,123",43.15,43.50,42.80,43.35,-0.05,"3,567",5876
112/07/10,"4,801,240","208,976,941",43.65,43.95,43.30,43.35, 0.00,"2,561",5876
112/07/11,"2,512,291","109,381,772",43.80,43.80,43.35,43.50,+0.15,"1,651",5876
112/07/12,"3,063,573","133,589,558",43.40,43.80,43.40,43.75,+0.25,"1,551",5876
112/07/13,"4,517,459","199,447,546",43.85,44.40,43.80,43.95,+0.20,"1,939",5876
112/07/14,"2,991,408","132,761,938",44.10,44.50,44.10,44.40,+0.45,"1,556",5876
112/07/17,"2,671,996","119,202,479",44.50,44.75,44.25,44.70,+0.30,"1,412",5876
112/07/18,"5,193,553","232,694,553",44.55,45.05,44.40,45.05,+0.35,"1,807",5876
112/07/19,"5,084,020","226,213,962",44.85,45.00,44.05,44.30,-0.75,"2,492",5876
112/07/20,"3,156,083","140,469,731",44.20,44.70,44.20,44.40,+0.10,"1,281",5876
112/07/21,"3,617,442","159,575,205",44.40,44.55,43.90,43.90,-0.50,"1,725",5876
112/07/24,"3,623,537","158,044,043",43.80,43.95,43.50,43.50,-0.40,"2,015",5876
112/07/25,"1,630,311","71,554,714",43.70,44.05,43.70,43.85,+0.35,901,5876
112/07/26,"1,623,803","71,852,819",44.25,44.40,43.95,44.40,+0.55,922,5876
112/07/27,"2,270,610","100,974,328",44.50,44.60,44.35,44.50,+0.10,"1,375",5876
112/07/28,"2,654,127","117,374,400",44.10,44.40,44.10,44.25,-0.25,"1,593",5876
112/07/31,"4,731,644","209,601,835",44.35,44.65,44.05,44.05,-0.20,"1,885",5876
112/08/01,"2,298,432","101,971,960",44.35,44.50,44.20,44.50,+0.45,"1,040",5876
112/08/02,"4,987,248","219,411,745",44.10,44.30,43.85,43.85,-0.65,"2,714",5876
112/08/04,"3,099,532","136,446,346",43.90,44.35,43.80,43.95,+0.10,"1,680",5876
112/08/07,"1,860,044","82,319,138",44.00,44.35,44.00,44.35,+0.40,884,5876
112/08/08,"3,363,370","148,702,377",44.15,44.40,44.05,44.10,-0.25,"1,627",5876
112/08/09,"2,526,056","112,642,040",44.35,44.35,44.00,44.20,+0.10,874,5876
112/08/10,"2,777,595","121,975,240",44.05,44.20,43.85,43.85,-0.35,"1,362",5876
112/08/11,"2,238,072","98,098,507",43.80,44.00,43.70,43.75,-0.10,"1,139",5876
112/08/14,"3,769,475","163,186,404",43.85,43.85,43.10,43.10,-0.65,"2,429",5876
112/08/15,"3,372,636","145,074,501",43.10,43.30,42.90,42.95,-0.15,"2,408",5876
112/08/16,"4,280,695","181,725,394",42.80,42.80,42.30,42.35,-0.60,"3,196",5876
112/08/17,"6,579,875","275,513,770",42.10,42.25,41.50,42.00,-0.35,"3,468",5876
112/08/18,"4,099,105","173,492,536",41.90,42.50,41.80,42.50,+0.50,"2,427",5876
112/08/21,"2,223,540","94,626,647",42.65,42.70,42.40,42.65,+0.15,"1,369",5876
112/08/22,"2,788,867","117,883,724",42.90,42.90,42.10,42.20,-0.45,"1,596",5876
112/08/23,"2,456,770","103,442,607",42.30,42.30,42.00,42.10,-0.10,"1,526",5876
112/08/24,"3,662,179","155,475,211",42.40,42.85,42.00,42.80,+0.70,"1,719",5876
112/08/25,"5,246,616","222,456,611",42.60,42.80,42.20,42.40,-0.40,"2,556",5876
112/08/28,"1,844,880","79,182,629",42.55,43.05,42.55,43.00,+0.60,"1,028",5876
112/08/29,"2,586,531","111,284,398",43.00,43.20,42.65,43.20,+0.20,"1,372",5876
112/08/30,"4,473,290","191,289,776",43.05,43.25,42.55,42.80,-0.40,"3,376",5876
112/08/31,"8,850,022","376,979,436",42.80,42.90,42.35,42.60,-0.20,"1,929",5876
112/09/01,"2,316,862","99,958,413",42.65,43.30,42.65,43.30,+0.70,"1,331",5876
112/09/04,"2,438,816","104,619,666",43.15,43.30,42.80,43.00,-0.30,"1,686",5876
112/09/05,"2,901,017","124,045,724",43.10,43.10,42.50,42.70,-0.30,"1,811",5876
112/09/06,"5,436,966","230,362,849",42.95,42.95,42.20,42.20,-0.50,"3,144",5876
112/09/07,"2,898,453","123,427,419",42.30,42.75,42.30,42.60,+0.40,"1,650",5876
112/09/08,"1,420,715","60,465,817",42.40,42.75,42.35,42.65,+0.05,"1,021",5876
112/09/11,"2,345,549","99,552,833",42.65,42.80,42.25,42.55,-0.10,"1,439",5876
112/09/12,"2,347,089","100,404,684",42.80,42.95,42.50,42.80,+0.25,"1,210",5876
112/09/13,"1,917,071","81,812,615",42.95,43.00,42.50,42.65,-0.15,"1,171",5876
112/09/14,"5,624,434","244,433,733",42.95,43.70,42.85,43.70,+1.05,"3,042",5876
112/09/15,"6,068,398","264,518,027",43.70,43.70,43.20,43.65,-0.05,"1,818",5876
112/09/18,"920,807","39,934,282",43.25,43.50,43.25,43.35,-0.30,799,5876
112/09/19,"1,385,714","60,208,380",43.30,43.60,43.30,43.40,+0.05,874,5876
112/09/20,"3,206,563","139,292,560",43.35,43.60,43.15,43.55,+0.15,"1,875",5876
112/09/21,"5,832,396","249,994,419",43.35,43.45,42.60,42.65,-0.90,"3,172",5876
112/09/22,"3,270,035","140,312,062",42.65,43.15,42.55,43.00,+0.35,"1,502",5876
112/09/25,"1,442,011","61,835,904",43.00,43.00,42.75,42.95,-0.05,"1,027",5876
112/09/26,"2,400,664","102,484,757",42.70,42.85,42.55,42.60,-0.35,"1,696",5876
112/09/27,"2,072,697","88,650,038",42.65,43.00,42.55,42.85,+0.25,"1,115",5876
112/09/28,"3,177,124","137,171,736",42.85,43.35,42.85,43.25,+0.40,"1,739",5876
112/10/02,"2,006,456","86,232,332",43.25,43.25,42.80,43.00,-0.25,"1,593",5876
112/10/03,"2,076,325","88,947,909",42.70,43.10,42.55,42.85,-0.15,"1,392",5876
112/10/04,"4,631,988","196,187,182",42.35,42.55,42.20,42.45,-0.40,"2,781",5876
112/10/05,"5,251,698","223,446,141",42.65,42.90,42.35,42.40,-0.05,"2,094",5876
112/10/06,"4,595,648","198,183,976",42.60,43.40,42.40,43.40,+1.00,"2,249",5876
112/10/11,"7,761,690","341,940,492",44.10,44.35,43.65,44.35,+0.95,"3,558",5876
112/10/12,"3,842,166","170,169,965",44.40,44.40,44.05,44.40,+0.05,"1,970",5876
112/10/13,"3,222,640","140,713,180",43.85,44.05,43.40,43.50,-0.90,"2,483",5876
112/10/16,"2,358,307","103,614,330",43.45,44.05,43.45,44.05,+0.55,"1,457",5876
112/10/17,"2,610,473","113,883,989",44.00,44.10,43.45,43.50,-0.55,"1,669",5876
112/10/18,"3,513,550","153,440,075",43.80,43.85,43.45,43.70,+0.20,"1,971",5876
112/10/19,"4,958,435","214,451,486",43.40,43.65,42.95,43.40,-0.30,"2,377",5876
112/10/20,"5,673,228","243,436,047",42.95,43.25,42.60,43.00,-0.40,"2,164",5876
112/10/23,"3,020,689","129,091,119",42.95,43.00,42.60,42.65,-0.35,"1,569",5876
112/10/24,"2,409,278","103,028,118",42.75,43.00,42.55,42.95,+0.30,"1,502",5876
112/10/25,"3,262,982","140,483,802",43.10,43.20,42.80,43.00,+0.05,"1,848",5876
112/10/26,"4,312,858","184,609,715",42.65,43.00,42.55,42.85,-0.15,"1,986",5876
112/10/27,"5,272,649","230,709,629",43.00,44.00,43.00,43.95,+1.10,"2,394",5876
112/10/30,"5,869,471","252,143,443",43.95,44.00,42.65,42.70,-1.25,"3,603",5876
112/10/31,"4,525,306","194,416,344",42.70,43.15,42.70,42.90,+0.20,"1,804",5876
112/11/01,"4,418,662","192,418,745",43.00,43.85,43.00,43.55,+0.65,"2,315",5876
112/11/02,"5,034,004","221,436,899",43.95,44.10,43.70,44.00,+0.45,"2,697",5876
112/11/03,"6,776,994","300,546,043",44.00,44.60,44.00,44.60,+0.60,"2,630",5876
112/11/06,"5,381,340","240,040,739",44.60,44.70,44.40,44.65,+0.05,"2,869",5876
112/11/07,"5,035,999","225,434,749",44.65,44.95,44.25,44.90,+0.25,"2,156",5876
112/11/08,"2,424,861","108,605,389",44.90,44.90,44.60,44.85,-0.05,961,5876
112/11/09,"2,754,266","123,265,281",44.80,44.90,44.60,44.75,-0.10,"1,246",5876
112/11/10,"2,300,662","102,934,794",44.50,44.85,44.50,44.75, 0.00,"1,284",5876
112/11/13,"3,287,097","146,954,774",44.85,44.85,44.45,44.80,+0.05,"1,990",5876
112/11/14,"2,611,123","116,734,363",45.00,45.00,44.50,44.80, 0.00,"1,337",5876
112/11/15,"7,444,573","334,991,711",45.00,45.10,44.85,45.05,+0.25,"3,051",5876
112/11/16,"5,936,641","269,054,417",45.10,45.55,45.10,45.55,+0.50,"2,488",5876
112/11/17,"6,235,017","285,477,481",45.65,45.95,45.55,45.80,+0.25,"2,661",5876
112/11/20,"2,916,746","133,640,802",46.00,46.00,45.50,45.95,+0.15,"1,794",5876
112/11/21,"8,033,083","372,190,793",45.95,46.50,45.90,46.30,+0.35,"3,899",5876
112/11/22,"5,146,214","235,690,174",46.20,46.20,45.45,45.70,-0.60,"3,974",5876
112/11/23,"8,253,354","380,647,943",45.95,46.35,45.80,46.10,+0.40,"4,234",5876
112/11/24,"10,295,943","472,936,862",46.15,46.40,45.55,45.55,-0.55,"3,879",5876
112/11/27,"15,886,097","735,388,779",45.70,47.05,45.65,45.75,+0.20,"5,948",5876
112/11/28,"11,313,163","517,979,312",46.25,46.45,45.45,45.45,-0.30,"5,205",5876
112/11/29,"9,835,010","448,027,407",45.45,46.00,45.30,45.30,-0.15,"3,743",5876
112/11/30,"14,558,132","658,434,162",45.40,45.60,45.10,45.10,-0.20,"4,269",5876
112/12/01,"6,935,205","317,758,541",45.15,46.00,45.05,46.00,+0.90,"2,804",5876
112/12/04,"5,489,910","253,673,566",45.50,46.45,45.50,46.10,+0.10,"2,325",5876
112/12/05,"5,899,656","271,565,788",45.80,46.30,45.80,45.90,-0.20,"3,057",5876
112/12/06,"5,311,226","246,299,945",46.10,46.60,46.10,46.35,+0.45,"2,770",5876
112/12/07,"2,708,086","123,938,806",46.00,46.15,45.60,45.70,-0.65,"2,321",5876
112/12/08,"2,052,916","93,991,873",46.00,46.00,45.55,45.85,+0.15,"1,240",5876
112/12/11,"2,092,850","95,797,763",45.65,45.95,45.50,45.85, 0.00,"1,993",5876
112/12/12,"2,695,649","123,630,568",46.30,46.30,45.45,46.00,+0.15,"1,362",5876
112/12/13,"1,974,613","90,266,828",46.00,46.00,45.50,45.65,-0.35,"1,885",5876
112/12/14,"4,547,618","210,007,852",45.90,46.35,45.70,46.25,+0.60,"1,931",5876
112/12/15,"7,018,783","320,538,710",46.25,46.25,45.50,45.55,-0.70,"3,042",5876
112/12/18,"3,530,591","160,971,425",45.40,45.85,45.20,45.80,+0.25,"1,707",5876
112/12/19,"3,993,081","180,973,517",45.45,45.50,45.15,45.40,-0.40,"1,651",5876
112/12/20,"4,489,761","202,519,915",45.35,45.35,44.90,45.15,-0.25,"1,682",5876
112/12/21,"4,125,140","185,450,886",44.90,45.20,44.65,45.20,+0.05,"1,777",5876
112/12/22,"3,247,140","147,014,206",44.95,45.40,44.95,45.35,+0.15,"1,432",5876
112/12/25,"2,237,842","101,518,490",45.50,45.50,45.10,45.45,+0.10,"1,081",5876
112/12/26,"3,144,633","143,528,003",45.45,45.80,45.40,45.75,+0.30,"1,276",5876
112/12/27,"6,938,258","320,977,924",45.85,46.50,45.75,46.45,+0.70,"2,908",5876
112/12/28,"5,800,488","271,056,896",46.45,46.95,46.35,46.85,+0.40,"2,857",5876
112/12/29,"4,259,371","199,063,476",46.80,46.85,46.45,46.80,-0.05,"1,494",5876
113/01/02,"2,792,939","130,182,921",46.75,46.95,46.35,46.60,-0.20,"1,849",5876
113/01/03,"4,353,958","200,369,509",46.05,46.35,45.60,46.00,-0.60,"3,491",5876
113/01/04,"2,587,244","119,527,834",45.95,46.45,45.70,46.20,+0.20,"1,047",5876
113/01/05,"1,901,205","88,202,665",46.05,46.65,46.05,46.35,+0.15,"1,314",5876
113/01/08,"2,798,540","130,338,171",46.45,46.85,46.20,46.30,-0.05,"1,763",5876
113/01/09,"2,536,565","117,408,898",46.35,46.45,46.05,46.20,-0.10,"1,303",5876
113/01/10,"9,280,927","417,338,909",45.80,45.80,44.50,44.95,-1.25,"5,620",5876
113/01/11,"4,484,046","203,894,345",44.95,45.80,44.80,45.55,+0.60,"1,988",5876
113/01/12,"1,885,710","85,759,625",45.15,45.70,45.15,45.35,-0.20,"1,435",5876
113/01/15,"2,339,638","106,078,511",45.40,45.60,45.15,45.20,-0.15,"1,612",5876
113/01/16,"6,150,667","274,964,268",44.90,45.20,44.50,44.50,-0.70,"3,152",5876
113/01/17,"7,509,238","331,270,824",44.35,44.40,43.90,43.90,-0.60,"3,540",5876
113/01/18,"2,874,207","127,502,498",44.00,44.55,44.00,44.25,+0.35,"1,295",5876
113/01/19,"3,216,050","142,940,609",43.90,44.70,43.90,44.70,+0.45,"1,825",5876
113/01/22,"1,989,717","88,278,236",44.80,44.80,44.20,44.30,-0.40,"1,312",5876
113/01/23,"2,080,858","92,304,953",44.60,44.60,44.20,44.25,-0.05,"1,295",5876
113/01/24,"2,019,749","89,817,127",44.25,44.65,44.25,44.35,+0.10,"1,366",5876
113/01/25,"1,938,476","85,994,938",44.60,44.60,44.20,44.30,-0.05,"1,031",5876
113/01/26,"2,118,226","94,546,583",44.30,44.80,44.25,44.70,+0.40,"1,127",5876
113/01/29,"2,344,909","105,269,751",44.60,45.00,44.60,45.00,+0.30,"1,145",5876
113/01/30,"3,179,076","141,185,517",44.75,44.80,44.20,44.30,-0.70,"1,880",5876
113/01/31,"3,679,544","163,144,823",44.30,44.60,44.20,44.30, 0.00,"1,433",5876
113/02/01,"3,863,852","172,954,634",44.75,44.95,44.45,44.95,+0.65,"1,728",5876
113/02/02,"2,069,379","92,513,496",44.60,44.90,44.45,44.80,-0.15,"1,232",5876
113/02/05,"2,838,125","125,617,432",44.10,44.45,44.10,44.20,-0.60,"1,629",5876
113/02/15,"5,295,621","233,564,348",44.00,44.55,43.90,44.10,-0.10,"2,818",5876
113/02/16,"2,584,410","113,750,256",44.05,44.20,43.80,44.20,+0.10,"1,520",5876
113/02/19,"2,901,651","129,440,580",44.50,44.85,44.25,44.85,+0.65,"1,509",5876
113/02/20,"1,495,461","67,050,773",44.50,44.90,44.50,44.90,+0.05,"1,095",5876
113/02/21,"3,660,568","164,057,239",45.00,45.00,44.50,44.90, 0.00,"1,785",5876
113/02/22,"2,185,674","97,897,308",44.90,44.95,44.55,44.95,+0.05,"1,201",5876
113/02/23,"1,371,606","61,415,791",44.85,44.90,44.65,44.75,-0.20,935,5876
113/02/26,"2,466,419","110,225,637",44.55,44.85,44.50,44.85,+0.10,"1,520",5876
113/02/27,"3,591,097","160,681,483",44.65,44.90,44.60,44.70,-0.15,"1,615",5876
113/02/29,"5,571,351","249,894,237",44.50,45.00,44.30,45.00,+0.30,"2,193",5876
113/03/01,"2,300,080","102,891,855",44.65,45.20,44.55,44.55,-0.45,"1,362",5876
113/03/04,"2,941,241","131,265,344",44.50,44.75,44.40,44.70,+0.15,"1,537",5876
113/03/05,"3,239,689","144,350,605",44.60,44.75,44.45,44.45,-0.25,"1,654",5876
113/03/06,"2,771,618","123,046,858",44.60,44.65,44.30,44.30,-0.15,"1,733",5876
113/03/07,"3,346,646","148,539,385",44.10,44.70,44.10,44.70,+0.40,"1,828",5876
113/03/08,"3,358,474","149,714,161",44.30,44.75,44.25,44.75,+0.05,"1,982",5876
113/03/11,"1,853,638","82,705,078",44.80,44.85,44.40,44.60,-0.15,"1,250",5876
113/03/12,"4,229,611","189,948,209",44.65,45.15,44.55,45.05,+0.45,"1,585",5876
113/03/13,"4,714,123","212,792,933",44.70,45.60,44.60,45.40,+0.35,"3,224",5876
113/03/14,"6,341,436","291,600,318",45.35,46.20,45.35,46.20,+0.80,"3,101",5876
113/03/15,"10,654,217","493,105,896",46.00,46.45,45.80,46.40,+0.20,"2,589",5876
113/03/18,"3,842,731","177,820,376",46.40,46.45,46.00,46.30,-0.10,"1,867",5876
113/03/19,"8,244,774","382,816,047",46.25,46.65,45.90,46.35,+0.05,"4,994",5876
113/03/20,"10,058,041","469,067,758",46.70,46.85,46.35,46.70,+0.35,"4,178",5876
113/03/21,"11,985,180","568,834,087",46.70,47.80,46.25,47.80,+1.10,"5,346",5876
113/03/22,"8,855,545","421,992,923",47.95,47.95,47.00,47.90,+0.10,"3,986",5876
113/03/25,"3,928,312","184,774,140",47.80,47.80,46.60,46.90,-1.00,"5,157",5876
113/03/26,"3,969,439","186,757,186",46.90,47.30,46.70,47.30,+0.40,"2,479",5876
113/03/27,"7,777,656","371,310,977",46.95,48.10,46.95,48.00,+0.70,"2,673",5876
113/03/28,"18,185,280","872,465,559",48.00,48.40,47.45,48.25,+0.25,"5,073",5876
113/03/29,"23,673,455","1,142,273,020",48.20,49.00,47.55,48.35,+0.10,"7,530",5876
113/04/01,"8,869,691","415,675,673",47.95,48.15,46.50,46.50,-1.85,"14,351",5876
113/04/02,"2,727,202","126,823,168",46.75,46.75,46.35,46.35,-0.15,"1,375",5876
113/04/03,"4,234,162","195,310,759",46.35,46.60,45.80,45.95,-0.40,"2,367",5876
113/04/08,"5,621,854","261,193,612",45.60,46.85,45.60,46.70,+0.75,"3,443",5876
113/04/09,"2,556,281","119,555,648",46.40,46.95,46.40,46.85,+0.15,"1,251",5876
113/04/10,"5,229,143","247,478,784",46.85,47.70,46.60,47.45,+0.60,"2,392",5876
113/04/11,"3,538,938","167,556,257",47.60,47.60,47.00,47.50,+0.05,"2,111",5876
113/04/12,"6,251,329","294,567,497",46.90,47.50,46.65,47.50, 0.00,"2,862",5876
113/04/15,"5,669,424","268,937,746",47.30,47.80,46.95,47.40,-0.10,"2,465",5876
113/04/16,"7,065,450","328,075,862",47.15,47.25,46.10,46.10,-1.30,"4,287",5876
113/04/17,"4,850,233","223,976,256",46.10,46.85,45.65,46.40,+0.30,"2,366",5876
113/04/18,"5,681,190","262,208,427",46.00,46.55,45.80,46.05,-0.35,"1,951",5876
113/04/19,"12,509,702","565,166,463",45.75,46.25,44.75,45.00,-1.05,"5,123",5876
113/04/22,"5,589,869","254,540,570",45.45,45.75,45.10,45.55,+0.55,"2,418",5876
113/04/23,"5,465,360","250,782,455",45.85,46.25,45.60,45.85,+0.30,"2,208",5876
113/04/24,"2,744,293","125,871,144",46.25,46.30,45.60,45.75,-0.10,"1,415",5876
113/04/25,"4,830,769","218,234,857",45.35,45.40,45.00,45.20,-0.55,"2,225",5876
113/04/26,"3,463,334","156,406,255",45.05,45.35,45.05,45.05,-0.15,"1,310",5876
113/04/29,"6,955,041","320,080,846",45.20,46.40,45.20,46.40,+1.35,"2,614",5876
113/04/30,"4,663,920","216,344,200",46.05,46.65,46.00,46.45,+0.05,"1,913",5876
113/05/02,"9,002,811","421,848,738",46.50,47.05,46.45,46.95,+0.50,"3,328",5876
113/05/03,"7,029,094","331,123,156",46.95,47.35,46.80,47.00,+0.05,"3,499",5876
113/05/06,"6,091,614","286,318,674",47.00,47.50,46.55,46.90,-0.10,"3,833",5876
113/05/07,"5,848,011","272,502,839",47.05,47.05,46.20,46.70,-0.20,"2,918",5876
113/05/08,"5,079,670","236,449,473",46.80,46.80,46.15,46.70, 0.00,"2,621",5876
113/05/09,"3,567,911","165,674,820",46.80,46.90,46.15,46.35,-0.35,"1,680",5876
113/05/10,"5,178,466","241,736,439",46.35,46.90,46.25,46.90,+0.55,"2,125",5876
113/05/13,"3,608,561","168,646,582",46.90,46.90,46.55,46.85,-0.05,"1,881",5876
113/05/14,"6,744,178","310,179,971",46.75,46.80,45.80,45.90,-0.95,"2,958",5876
113/05/15,"8,899,935","414,300,922",45.90,47.10,45.90,46.25,+0.35,"3,511",5876
113/05/16,"11,523,550","538,877,381",46.50,47.00,46.40,46.90,+0.65,"4,324",5876
113/05/17,"12,517,253","579,904,568",46.85,46.85,46.10,46.10,-0.80,"5,528",5876
113/05/20,"21,725,654","1,024,152,591",46.50,47.50,46.40,47.50,+1.40,"10,843",5876
113/05/21,"12,986,081","610,816,758",47.45,47.45,46.70,47.25,-0.25,"6,842",5876
113/05/22,"18,825,683","895,405,194",47.20,47.80,46.95,47.80,+0.55,"7,788",5876
113/05/23,"16,884,656","798,468,896",47.05,47.70,46.80,47.45,-0.35,"7,365",5876
113/05/24,"11,159,030","520,539,529",47.30,47.30,46.40,46.40,-1.05,"8,862",5876
113/05/27,"12,632,498","583,848,073",46.45,46.65,46.00,46.00,-0.40,"5,285",5876
113/05/28,"9,139,878","424,174,249",46.10,46.65,45.95,46.50,+0.50,"4,274",5876
113/05/29,"11,862,976","543,546,711",46.15,46.35,45.55,45.55,-0.95,"5,544",5876
113/05/30,"10,893,527","498,658,995",45.45,46.15,45.45,45.60,+0.05,"5,188",5876
113/05/31,"53,562,540","2,476,165,799",46.05,46.75,45.85,46.05,+0.45,"11,987",5876
113/06/03,"22,413,847","1,024,757,369",46.45,46.50,45.10,45.95,-0.10,"13,892",5876
113/06/04,"8,977,942","411,631,158",45.45,46.10,45.40,45.80,-0.15,"5,185",5876
113/06/05,"7,509,921","345,001,700",46.20,46.30,45.60,45.70,-0.10,"3,812",5876
113/06/06,"5,609,004","258,484,751",45.65,46.20,45.65,45.95,+0.25,"3,358",5876
113/06/07,"4,136,790","190,914,889",45.90,46.35,45.75,46.20,+0.25,"2,892",5876
113/06/11,"5,588,379","255,971,000",46.05,46.15,45.50,45.50,-0.70,"3,137",5876
113/06/12,"4,541,378","206,574,808",45.65,45.65,45.35,45.50, 0.00,"2,776",5876
113/06/13,"4,576,460","209,042,151",46.00,46.00,45.50,45.55,+0.05,"1,774",5876
113/06/14,"4,365,417","198,350,538",45.55,45.60,45.30,45.35,-0.20,"2,529",5876
113/06/17,"2,287,129","104,271,079",45.60,45.85,45.40,45.40,+0.05,"1,443",5876
113/06/18,"3,856,874","176,109,062",45.60,45.80,45.35,45.75,+0.35,"1,748",5876
113/06/19,"4,989,869","229,203,090",45.90,46.10,45.60,46.00,+0.25,"2,406",5876
113/06/20,"3,304,438","152,173,362",46.15,46.20,45.85,46.05,+0.05,"1,791",5876
113/06/21,"6,458,614","296,442,936",46.00,46.20,45.85,45.85,-0.20,"1,108",5876
113/06/24,"3,308,032","151,494,225",45.90,45.95,45.55,45.85, 0.00,"1,445",5876
113/06/25,"4,672,410","215,587,431",46.15,46.25,45.85,46.15,+0.30,"2,067",5876
113/06/26,"3,265,375","149,200,984",45.80,45.95,45.50,45.70,-0.45,"1,631",5876
113/06/27,"3,832,308","174,511,767",45.25,45.85,45.25,45.65,-0.05,"1,778",5876
113/06/28,"3,802,556","174,940,828",45.65,46.25,45.65,46.05,+0.40,"1,582",5876
113/07/01,"1,535,516","70,385,378",46.05,46.15,45.70,45.75,-0.30,995,5876
113/07/02,"4,364,250","199,972,108",45.65,46.10,45.50,45.65,-0.10,"2,483",5876
113/07/03,"6,106,093","280,627,559",45.70,46.20,45.65,46.15,+0.50,"2,731",5876
113/07/04,"8,089,580","374,257,827",46.35,46.50,46.00,46.30,+0.15,"3,959",5876
113/07/05,"4,500,150","207,235,454",46.30,46.35,45.90,46.15,-0.15,"2,445",5876
113/07/08,"8,634,836","397,162,306",46.05,46.10,45.80,46.00,-0.15,"4,104",5876
113/07/09,"7,087,057","324,736,418",45.90,46.00,45.60,45.95,-0.05,"3,575",5876
113/07/10,"19,692,575","883,180,892",45.75,45.75,44.40,44.50,-1.45,"10,123",5876
113/07/11,"16,205,075","720,816,393",44.50,44.85,44.25,44.55,+0.05,"5,602",5876
113/07/12,"16,262,252","728,443,975",44.40,45.25,44.40,45.15,+0.60,"4,555",5876
113/07/15,"13,271,853","598,138,346",45.15,45.40,44.85,45.00,-0.15,"4,081",5876
113/07/16,"18,203,678","818,959,225",45.00,45.10,44.75,45.10,+0.10,"3,555",5876
113/07/17,"28,962,283","1,251,184,047",43.30,43.85,42.50,42.65,X0.00,"11,089",5876
113/07/18,"13,250,774","569,252,509",42.85,43.35,42.55,43.00,+0.35,"5,099",5876
113/07/19,"14,431,138","608,966,350",42.90,42.95,41.80,42.20,-0.80,"6,853",5876
113/07/22,"17,021,300","710,552,447",42.05,42.25,41.35,41.60,-0.60,"7,409",5876
113/07/23,"6,621,005","277,687,587",41.75,42.15,41.60,42.15,+0.55,"2,641",5876
113/07/26,"10,036,171","417,542,092",41.65,41.95,41.25,41.70,-0.45,"5,047",5876
113/07/29,"9,235,371","382,470,513",41.50,41.90,41.05,41.55,-0.15,"3,930",5876
113/07/30,"6,552,758","270,412,508",41.55,41.55,41.05,41.40,-0.15,"3,166",5876
113/07/31,"13,046,240","543,527,452",41.40,41.80,41.40,41.70,+0.30,"2,780",5876
113/08/01,"11,140,152","459,517,781",41.45,41.65,41.00,41.20,-0.50,"5,877",5876
113/08/02,"14,082,065","568,321,606",41.00,41.00,39.85,40.60,-0.60,"7,817",5876
113/08/05,"16,012,220","618,826,749",39.70,39.70,37.65,38.60,-2.00,"7,916",5876
113/08/06,"12,030,291","467,593,164",38.90,39.40,38.05,39.20,+0.60,"5,376",5876
113/08/07,"12,674,479","500,510,519",39.00,40.05,38.85,40.05,+0.85,"5,683",5876
113/08/08,"6,837,287","269,169,003",39.35,39.75,39.10,39.30,-0.75,"3,087",5876
113/08/09,"8,031,508","320,591,373",39.35,40.35,39.35,40.00,+0.70,"3,521",5876
113/08/12,"4,708,539","189,185,578",40.35,40.55,39.85,40.35,+0.35,"2,558",5876
113/08/13,"3,728,546","151,140,946",40.25,40.65,40.25,40.60,+0.25,"1,636",5876
113/08/14,"7,046,335","291,421,864",40.75,41.60,40.75,41.55,+0.95,"2,909",5876
113/08/15,"4,558,087","188,609,492",41.90,41.90,41.05,41.05,-0.50,"1,955",5876
113/08/16,"6,282,933","262,817,827",41.65,42.00,41.60,41.80,+0.75,"2,567",5876
113/08/19,"3,080,790","127,352,183",41.60,41.70,41.15,41.15,-0.65,"2,178",5876
113/08/20,"3,240,019","133,245,327",41.60,41.60,40.90,41.00,-0.15,"2,274",5876
113/08/21,"5,024,616","203,639,880",41.10,41.25,40.30,40.60,-0.40,"2,848",5876
113/08/22,"5,075,869","204,830,152",40.75,40.75,40.20,40.30,-0.30,"2,284",5876
113/08/23,"4,064,020","165,647,349",40.60,40.95,40.25,40.80,+0.50,"2,116",5876
113/08/26,"6,818,167","282,769,582",41.00,41.75,41.00,41.45,+0.65,"2,607",5876
113/08/27,"7,900,279","319,369,398",41.10,41.30,40.25,40.30,-1.15,"4,367",5876
113/08/28,"3,084,864","124,370,822",40.35,40.55,40.15,40.35,+0.05,"1,788",5876
113/08/29,"4,931,079","197,851,159",40.30,40.45,40.00,40.00,-0.35,"2,424",5876
113/08/30,"7,829,055","314,685,853",40.35,40.55,40.00,40.25,+0.25,"2,372",5876
113/09/02,"4,224,373","169,069,023",40.40,40.50,39.85,40.00,-0.25,"2,132",5876
113/09/03,"4,144,156","164,642,631",40.15,40.15,39.60,39.60,-0.40,"2,840",5876
113/09/04,"13,914,971","532,290,575",38.15,38.60,37.80,38.20,-1.40,"7,385",5876
113/09/05,"7,963,696","306,671,927",38.80,38.90,38.25,38.25,+0.05,"4,142",5876
113/09/06,"4,165,800","162,013,172",38.70,39.25,38.25,39.20,+0.95,"2,156",5876
113/09/09,"9,806,671","376,511,181",38.25,38.75,38.15,38.70,-0.50,"4,565",5876
113/09/10,"4,900,919","188,357,866",38.90,38.90,38.25,38.50,-0.20,"2,562",5876
113/09/11,"8,778,617","334,643,897",38.50,38.50,38.00,38.00,-0.50,"4,523",5876
113/09/12,"8,096,258","308,718,276",38.45,38.45,37.80,38.30,+0.30,"4,010",5876
113/09/13,"5,237,748","199,741,573",38.45,38.45,38.00,38.20,-0.10,"3,073",5876
113/09/16,"4,783,386","182,907,354",38.35,38.35,38.05,38.35,+0.15,"2,053",5876
113/09/18,"5,252,643","201,888,741",38.30,38.55,38.30,38.50,+0.15,"2,925",5876
113/09/19,"8,383,377","325,693,842",38.50,39.45,38.30,39.45,+0.95,"3,342",5876
113/09/20,"9,457,558","366,312,740",39.05,39.35,38.50,38.60,-0.85,"4,954",5876
113/09/23,"8,333,994","322,861,394",38.60,39.05,38.55,38.85,+0.25,"3,371",5876
113/09/24,"6,577,717","254,268,330",38.85,38.90,38.40,38.90,+0.05,"3,076",5876
113/09/25,"9,419,303","369,110,679",39.35,39.55,38.80,39.55,+0.65,"4,280",5876
113/09/26,"8,682,113","342,653,088",39.90,39.90,39.25,39.45,-0.10,"3,876",5876
113/09/27,"8,488,160","334,923,856",39.85,39.85,39.20,39.20,-0.25,"4,371",5876
113/09/30,"11,242,471","437,364,074",39.50,39.50,38.60,38.60,-0.60,"4,571",5876
113/10/01,"12,109,960","465,519,851",38.90,39.00,38.30,38.35,-0.25,"5,775",5876
113/10/04,"16,884,371","657,051,629",38.35,39.35,38.35,39.00,+0.65,"7,024",5876
113/10/07,"14,394,234","573,111,369",39.30,40.25,39.25,40.25,+1.25,"6,239",5876
113/10/08,"14,476,616","568,268,707",39.80,39.90,39.05,39.10,-1.15,"6,622",5876
113/10/09,"9,275,712","359,813,026",39.10,39.10,38.65,38.70,-0.40,"5,042",5876
113/10/11,"6,223,967","242,046,566",39.20,39.25,38.65,38.75,+0.05,"3,416",5876
113/10/14,"5,885,281","227,274,274",39.20,39.20,38.45,38.70,-0.05,"3,410",5876
113/10/15,"8,536,230","332,964,177",38.70,39.20,38.60,39.10,+0.40,"3,168",5876
113/10/16,"9,054,544","349,966,615",38.60,38.80,38.55,38.75,-0.35,"4,820",5876
113/10/17,"5,715,180","222,061,540",38.70,39.00,38.65,39.00,+0.25,"2,957",5876
113/10/18,"7,949,411","313,859,343",39.15,39.65,39.10,39.65,+0.65,"3,983",5876
113/10/21,"6,933,993","271,972,317",39.80,39.80,39.00,39.25,-0.40,"4,296",5876
113/10/22,"11,100,847","438,083,668",39.30,39.80,39.00,39.60,+0.35,"4,754",5876
113/10/23,"8,182,280","320,154,567",39.50,39.50,38.90,39.00,-0.60,"4,409",5876
113/10/24,"7,071,174","276,275,182",39.00,39.45,38.90,39.10,+0.10,"2,370",5876
113/10/25,"4,937,848","193,557,241",39.35,39.45,38.95,39.45,+0.35,"2,790",5876
113/10/28,"5,763,291","225,873,507",39.50,39.50,39.05,39.30,-0.15,"3,196",5876
113/10/29,"9,204,835","364,136,637",39.30,39.90,39.10,39.90,+0.60,"4,117",5876
113/10/30,"8,073,208","321,961,086",39.90,40.05,39.55,40.05,+0.15,"3,554",5876
113/11/01,"11,895,376","468,811,366",39.90,39.90,39.05,39.60,-0.45,"5,686",5876
113/11/04,"6,070,241","238,244,587",39.35,39.55,39.05,39.35,-0.25,"2,698",5876
113/11/05,"7,354,482","287,416,176",39.50,39.50,38.95,39.10,-0.25,"2,810",5876
113/11/06,"7,558,522","295,141,864",39.10,39.30,38.95,38.95,-0.15,"3,156",5876
113/11/07,"7,967,690","314,221,783",38.90,39.75,38.90,39.35,+0.40,"2,811",5876
113/11/08,"8,641,027","338,128,854",39.75,39.75,38.90,38.90,-0.45,"4,150",5876
113/11/11,"8,704,881","339,187,832",38.70,39.35,38.60,39.30,+0.40,"3,535",5876
113/11/12,"12,485,978","488,732,916",38.80,39.40,38.70,39.20,-0.10,"4,397",5876
113/11/13,"10,326,300","405,471,328",38.90,39.50,38.90,39.30,+0.10,"3,865",5876
113/11/14,"11,927,808","470,455,539",39.05,39.70,39.00,39.70,+0.40,"3,522",5876
113/11/15,"10,246,520","407,763,727",39.70,40.15,39.60,39.60,-0.10,"5,017",5876
113/11/18,"15,852,281","632,177,451",39.90,40.10,39.60,39.60, 0.00,"6,086",5876
113/11/19,"16,645,216","658,222,170",39.55,40.05,39.25,39.25,-0.35,"7,497",5876
113/11/20,"16,093,070","631,810,766",39.20,39.80,38.95,38.95,-0.30,"6,774",5876
113/11/21,"19,643,956","758,994,618",38.95,39.05,38.35,38.35,-0.60,"8,318",5876
113/11/22,"21,141,565","805,934,603",38.45,38.60,37.85,37.85,-0.50,"9,351",5876
113/11/25,"28,223,307","1,058,374,098",37.85,38.15,37.20,37.20,-0.65,"10,552",5876
113/11/26,"17,368,001","648,112,370",37.30,37.80,36.75,37.40,+0.20,"8,575",5876
113/11/27,"21,932,969","846,181,728",37.60,38.90,37.50,38.60,+1.20,"9,047",5876
113/11/28,"24,326,787","958,473,717",38.85,39.80,38.60,39.60,+1.00,"9,281",5876
113/11/29,"18,104,851","712,706,636",39.25,39.80,38.90,39.25,-0.35,"5,432",5876
113/12/02,"10,285,367","402,417,024",39.30,39.65,38.70,38.70,-0.55,"7,101",5876
113/12/03,"8,938,486","351,452,295",38.85,39.55,38.85,39.55,+0.85,"4,008",5876
113/12/04,"11,002,236","434,075,904",39.65,39.65,39.15,39.60,+0.05,"5,081",5876
113/12/05,"5,762,047","227,080,406",39.25,39.70,39.20,39.30,-0.30,"2,833",5876
113/12/06,"11,938,795","473,759,945",39.40,39.90,39.20,39.90,+0.60,"4,553",5876
113/12/09,"18,279,016","737,628,108",40.00,40.80,40.00,40.15,+0.25,"7,453",5876
113/12/10,"10,785,601","435,049,316",40.50,40.50,40.15,40.35,+0.20,"5,026",5876
113/12/11,"7,144,801","288,396,545",40.10,40.65,40.05,40.10,-0.25,"2,866",5876
113/12/12,"10,474,991","424,866,219",40.50,40.70,40.35,40.35,+0.25,"5,710",5876
113/12/13,"10,420,688","425,030,891",40.15,40.90,40.15,40.90,+0.55,"4,309",5876
113/12/16,"10,734,440","439,863,573",41.10,41.20,40.65,40.95,+0.05,"5,944",5876
113/12/17,"15,306,672","616,913,773",40.85,41.25,40.05,40.15,-0.80,"7,382",5876
113/12/18,"16,677,938","672,252,026",40.40,40.75,39.90,40.15, 0.00,"7,370",5876
113/12/19,"18,293,949","728,232,365",39.75,40.20,39.55,39.65,-0.50,"7,900",5876
113/12/20,"66,005,335","2,668,689,008",39.50,41.30,39.25,40.15,+0.50,"17,405",5876
113/12/23,"54,010,286","2,209,275,187",40.30,41.50,39.30,41.50,+1.35,"14,869",5876
113/12/24,"38,064,282","1,551,583,840",40.90,41.65,40.35,40.35,-1.15,"12,367",5876
113/12/25,"40,527,314","1,649,486,892",40.50,41.25,39.70,40.95,+0.60,"10,840",5876
113/12/26,"26,117,973","1,072,751,031",40.75,41.50,40.65,40.80,-0.15,"13,024",5876
113/12/27,"12,355,570","498,685,504",40.80,40.90,39.95,40.65,-0.15,"6,645",5876
113/12/30,"9,045,481","362,063,790",40.65,40.65,39.80,39.80,-0.85,"7,134",5876
113/12/31,"7,411,521","293,781,674",39.50,39.80,39.50,39.60,-0.20,"3,338",5876
