日期,成交股數,成交金額,開盤價,最高價,最低價,收盤價,漲跌價差,成交筆數,股票代號
100/12/01,"25,287,081","482,881,133",19.30,19.35,18.75,19.15,X0.00,"5,896",5880
100/12/02,"12,256,249","234,618,197",19.15,19.30,19.05,19.25,+0.10,"2,711",5880
100/12/05,"4,455,326","84,295,140",19.25,19.25,18.80,18.90,-0.35,"1,634",5880
100/12/06,"6,344,073","117,939,601",18.70,18.80,18.45,18.45,-0.45,"1,955",5880
100/12/07,"5,454,674","100,903,100",18.50,18.60,18.35,18.45, 0.00,"1,617",5880
100/12/08,"7,187,643","130,214,259",18.45,18.45,18.00,18.05,-0.40,"2,129",5880
100/12/09,"9,292,943","166,615,391",17.80,18.20,17.55,18.15,+0.10,"2,618",5880
100/12/12,"5,829,569","105,680,591",18.40,18.40,18.00,18.05,-0.10,"1,438",5880
100/12/13,"4,640,555","82,533,857",17.70,17.90,17.70,17.80,-0.25,"1,527",5880
100/12/14,"3,541,827","63,661,286",17.80,18.10,17.75,17.95,+0.15,"1,340",5880
100/12/15,"8,743,608","153,797,801",17.75,17.75,17.50,17.55,-0.40,"2,448",5880
100/12/16,"5,738,648","100,700,796",17.60,17.65,17.50,17.50,-0.05,"1,170",5880
100/12/19,"9,051,364","154,564,627",17.50,17.50,16.90,16.90,-0.60,"2,314",5880
100/12/20,"7,437,266","126,467,014",17.05,17.15,16.80,17.05,+0.15,"1,981",5880
100/12/21,"12,615,657","227,892,628",17.75,18.20,17.70,18.20,+1.15,"3,354",5880
100/12/22,"5,858,580","106,117,420",18.30,18.40,18.00,18.10,-0.10,"1,803",5880
100/12/23,"7,745,969","142,794,106",18.30,18.60,18.15,18.30,+0.20,"2,547",5880
100/12/26,"4,151,526","75,301,831",18.40,18.40,18.00,18.00,-0.30,"1,072",5880
100/12/27,"3,849,214","69,505,966",18.00,18.20,17.85,18.20,+0.20,"1,137",5880
100/12/28,"2,885,681","52,134,966",18.10,18.20,17.90,18.20, 0.00,"1,131",5880
100/12/29,"3,803,323","68,841,196",18.10,18.20,17.95,18.10,-0.10,969,5880
100/12/30,"4,123,873","75,022,170",18.25,18.35,18.05,18.20,+0.10,"1,252",5880
101/01/02,"4,306,654","76,638,986",18.20,18.20,17.60,17.70,-0.50,"1,355",5880
101/01/03,"5,024,850","90,298,079",17.80,18.00,17.80,18.00,+0.30,"1,489",5880
101/01/04,"7,488,242","134,434,163",18.10,18.10,17.80,17.80,-0.20,"2,147",5880
101/01/05,"6,334,635","113,713,489",17.80,18.05,17.80,18.05,+0.25,"1,242",5880
101/01/06,"6,041,412","107,499,724",17.95,18.00,17.70,17.90,-0.15,"1,728",5880
101/01/09,"4,027,280","71,165,305",17.90,17.90,17.60,17.60,-0.30,"1,084",5880
101/01/10,"5,443,914","97,401,342",17.70,18.00,17.70,17.80,+0.20,"1,945",5880
101/01/11,"3,666,385","65,589,125",17.85,17.95,17.80,17.85,+0.05,"1,164",5880
101/01/12,"5,710,608","101,678,265",17.90,17.90,17.70,17.85, 0.00,"1,782",5880
101/01/13,"8,128,859","144,743,916",17.85,18.00,17.65,17.75,-0.10,"2,241",5880
101/01/16,"7,243,885","128,001,508",18.00,18.00,17.50,17.55,-0.20,"1,943",5880
101/01/17,"5,891,202","104,084,055",17.60,17.85,17.55,17.85,+0.30,"1,680",5880
101/01/18,"7,624,790","135,851,343",17.90,17.90,17.65,17.90,+0.05,"1,891",5880
101/01/30,"9,533,348","172,751,667",18.20,18.20,18.00,18.15,+0.25,"2,566",5880
101/01/31,"12,780,070","235,118,222",18.20,18.50,18.10,18.50,+0.35,"3,145",5880
101/02/01,"10,121,944","189,853,409",18.60,18.95,18.30,18.70,+0.20,"2,801",5880
101/02/02,"8,370,528","157,455,243",18.80,18.95,18.65,18.85,+0.15,"2,011",5880
101/02/03,"4,889,061","91,537,865",18.85,18.85,18.65,18.80,-0.05,"1,757",5880
101/02/04,"20,267,542","388,961,514",19.00,19.45,18.75,19.25,+0.45,"5,206",5880
101/02/06,"7,090,353","135,002,707",19.20,19.20,18.95,19.00,-0.25,"2,181",5880
101/02/07,"5,156,595","98,080,105",19.15,19.25,18.80,19.00, 0.00,"1,563",5880
101/02/08,"7,727,908","148,403,536",19.20,19.30,19.05,19.25,+0.25,"2,012",5880
101/02/09,"4,979,818","95,399,175",19.25,19.25,19.10,19.20,-0.05,"1,297",5880
101/02/10,"5,187,476","99,365,257",19.20,19.35,19.05,19.20, 0.00,"1,586",5880
101/02/13,"6,437,786","124,155,419",19.20,19.45,19.10,19.45,+0.25,"2,151",5880
101/02/14,"4,466,905","85,941,349",19.40,19.40,19.10,19.25,-0.20,"1,387",5880
101/02/15,"5,760,379","111,324,027",19.30,19.45,19.15,19.40,+0.15,"1,964",5880
101/02/16,"7,147,887","137,340,296",19.35,19.35,19.10,19.15,-0.25,"2,128",5880
101/02/17,"7,385,791","142,094,260",19.25,19.40,19.10,19.25,+0.10,"2,153",5880
101/02/20,"3,959,011","76,028,670",19.25,19.30,19.10,19.10,-0.15,"1,251",5880
101/02/21,"6,176,341","117,098,224",19.15,19.20,18.80,18.95,-0.15,"1,419",5880
101/02/22,"6,623,585","125,559,400",18.80,19.10,18.75,19.05,+0.10,"2,284",5880
101/02/23,"2,627,055","49,739,566",18.90,19.05,18.80,18.90,-0.15,760,5880
101/02/24,"9,935,411","186,971,891",18.95,19.00,18.75,18.80,-0.10,"2,865",5880
101/02/29,"14,425,568","276,496,618",19.00,19.30,18.95,19.30,+0.50,"3,265",5880
101/03/01,"3,916,138","75,148,605",19.20,19.25,19.10,19.15,-0.15,"1,228",5880
101/03/02,"3,669,467","70,408,828",19.30,19.30,19.10,19.25,+0.10,"1,144",5880
101/03/03,"1,534,849","29,307,893",19.10,19.15,19.05,19.10,-0.15,541,5880
101/03/05,"4,558,951","86,212,741",19.00,19.10,18.80,18.95,-0.15,"1,247",5880
101/03/06,"4,340,169","81,784,899",18.95,19.00,18.70,18.80,-0.15,"1,254",5880
101/03/07,"3,583,313","66,884,458",18.70,18.80,18.60,18.65,-0.15,"1,298",5880
101/03/08,"3,911,333","73,612,372",18.70,19.05,18.65,19.00,+0.35,"1,380",5880
101/03/09,"4,630,803","86,773,483",19.00,19.00,18.65,18.75,-0.25,"1,469",5880
101/03/12,"2,838,696","53,094,408",18.80,18.80,18.65,18.65,-0.10,816,5880
101/03/13,"8,940,519","169,683,473",18.80,19.15,18.80,19.00,+0.35,"2,513",5880
101/03/14,"6,529,768","124,850,092",19.15,19.25,19.05,19.10,+0.10,"2,190",5880
101/03/15,"3,769,419","71,833,711",19.10,19.20,18.95,19.10, 0.00,947,5880
101/03/16,"4,520,972","85,420,941",19.05,19.05,18.75,18.75,-0.35,"1,094",5880
101/03/19,"3,069,224","57,840,405",18.95,19.00,18.75,19.00,+0.25,"1,236",5880
101/03/20,"3,332,082","62,741,320",19.00,19.00,18.75,18.90,-0.10,"1,018",5880
101/03/21,"4,079,496","76,646,098",18.85,18.90,18.70,18.80,-0.10,"1,345",5880
101/03/22,"3,242,084","61,467,946",18.70,19.05,18.70,19.00,+0.20,"1,079",5880
101/03/23,"2,091,120","39,677,493",18.90,19.05,18.90,19.05,+0.05,678,5880
101/03/26,"6,621,747","124,065,077",18.95,18.95,18.70,18.70,-0.35,"2,012",5880
101/03/27,"2,287,739","42,917,275",18.85,18.85,18.70,18.85,+0.15,754,5880
101/03/28,"2,069,968","38,771,056",18.85,18.85,18.65,18.80,-0.05,627,5880
101/03/29,"9,539,331","174,385,220",18.60,18.75,18.00,18.25,-0.55,"2,599",5880
101/03/30,"7,332,361","133,831,314",18.15,18.50,18.00,18.50,+0.25,"1,751",5880
101/04/02,"4,364,808","79,379,733",18.20,18.35,18.10,18.25,-0.25,"1,217",5880
101/04/03,"5,497,612","100,066,953",18.25,18.35,18.10,18.30,+0.05,"1,241",5880
101/04/05,"6,832,130","121,700,203",17.95,18.00,17.70,17.85,-0.45,"2,009",5880
101/04/06,"4,782,860","85,333,467",17.90,17.95,17.80,17.85, 0.00,"1,842",5880
101/04/09,"4,153,580","72,913,483",17.55,17.65,17.40,17.60,-0.25,"1,237",5880
101/04/10,"4,892,980","86,341,690",17.65,17.80,17.55,17.55,-0.05,"1,672",5880
101/04/11,"6,286,901","109,336,994",17.45,17.50,17.35,17.40,-0.15,"2,058",5880
101/04/12,"5,889,895","102,228,317",17.45,17.45,17.20,17.35,-0.05,"2,003",5880
101/04/13,"4,590,658","80,647,556",17.60,17.65,17.50,17.65,+0.30,"1,438",5880
101/04/16,"4,329,656","75,375,823",17.50,17.50,17.35,17.35,-0.30,"1,478",5880
101/04/17,"6,246,503","107,472,078",17.40,17.40,17.10,17.15,-0.20,"1,744",5880
101/04/18,"4,823,652","83,057,830",17.35,17.35,17.15,17.15, 0.00,"1,142",5880
101/04/19,"3,080,400","53,294,969",17.15,17.45,17.10,17.35,+0.20,917,5880
101/04/20,"4,036,194","69,790,786",17.45,17.45,17.15,17.25,-0.10,985,5880
101/04/23,"7,836,875","135,425,300",17.05,17.55,17.05,17.55,+0.30,"1,485",5880
101/04/24,"4,317,514","75,576,577",17.45,17.60,17.35,17.60,+0.05,"1,166",5880
101/04/25,"4,310,442","76,071,666",17.60,17.75,17.50,17.60, 0.00,841,5880
101/04/26,"3,480,071","61,434,292",17.70,17.75,17.55,17.70,+0.10,739,5880
101/04/27,"4,401,567","77,633,580",17.75,17.75,17.50,17.75,+0.05,"1,227",5880
101/04/30,"5,947,651","106,042,464",17.75,17.95,17.60,17.95,+0.20,"1,267",5880
101/05/02,"5,924,175","107,260,265",17.95,18.30,17.85,18.30,+0.35,"1,828",5880
101/05/03,"2,290,573","41,620,429",18.20,18.30,18.10,18.25,-0.05,771,5880
101/05/04,"3,788,945","69,155,937",18.20,18.30,18.10,18.30,+0.05,918,5880
101/05/07,"7,161,799","127,677,937",18.00,18.10,17.70,17.90,-0.40,"1,942",5880
101/05/08,"2,035,456","36,216,825",17.95,17.95,17.75,17.75,-0.15,914,5880
101/05/09,"5,289,821","93,139,780",17.60,17.80,17.50,17.55,-0.20,"1,795",5880
101/05/10,"2,490,292","44,094,150",17.50,17.80,17.50,17.80,+0.25,588,5880
101/05/11,"6,228,941","109,355,689",17.65,17.70,17.45,17.60,-0.20,"1,639",5880
101/05/14,"1,838,365","32,315,636",17.50,17.65,17.50,17.65,+0.05,479,5880
101/05/15,"3,873,675","68,051,666",17.50,17.65,17.50,17.55,-0.10,978,5880
101/05/16,"5,639,472","97,734,467",17.60,17.60,17.15,17.20,-0.35,"1,520",5880
101/05/17,"4,164,063","72,317,179",17.20,17.50,17.20,17.45,+0.25,"1,070",5880
101/05/18,"7,468,773","128,309,212",17.20,17.35,17.05,17.10,-0.35,"2,095",5880
101/05/21,"2,384,411","41,280,479",17.30,17.40,17.20,17.35,+0.25,557,5880
101/05/22,"3,623,820","63,251,781",17.45,17.55,17.40,17.45,+0.10,952,5880
101/05/23,"4,701,298","80,745,814",17.20,17.30,17.15,17.20,-0.25,"1,551",5880
101/05/24,"4,092,613","70,356,897",17.20,17.35,17.10,17.25,+0.05,"1,275",5880
101/05/25,"2,820,534","48,372,910",17.20,17.30,17.10,17.15,-0.10,645,5880
101/05/28,"2,251,757","38,882,577",17.15,17.35,17.15,17.35,+0.20,552,5880
101/05/29,"4,563,155","80,158,017",17.35,17.70,17.25,17.65,+0.30,"1,146",5880
101/05/30,"8,852,644","154,178,491",17.55,17.65,17.30,17.35,-0.30,"2,331",5880
101/05/31,"8,211,949","142,175,960",17.20,17.60,17.10,17.60,+0.25,"2,140",5880
101/06/01,"3,544,580","61,168,433",17.30,17.40,17.20,17.20,-0.40,996,5880
101/06/04,"8,383,899","142,645,533",17.00,17.10,16.90,16.95,-0.25,"1,473",5880
101/06/05,"2,971,883","51,007,465",17.20,17.25,17.05,17.25,+0.30,697,5880
101/06/06,"5,241,339","89,683,813",17.20,17.30,17.00,17.20,-0.05,"1,488",5880
101/06/07,"2,096,473","36,215,871",17.30,17.35,17.15,17.30,+0.10,742,5880
101/06/08,"4,275,783","73,293,103",17.30,17.35,17.05,17.25,-0.05,"1,499",5880
101/06/11,"3,571,462","62,069,721",17.35,17.50,17.25,17.40,+0.15,"1,229",5880
101/06/12,"3,972,000","68,187,500",17.25,17.30,17.10,17.20,-0.20,"1,353",5880
101/06/13,"4,386,167","75,067,285",17.30,17.30,17.05,17.10,-0.10,"1,442",5880
101/06/14,"3,183,060","54,814,969",17.20,17.30,17.10,17.30,+0.20,"1,178",5880
101/06/15,"5,258,030","91,642,259",17.35,17.50,17.20,17.50,+0.20,"1,496",5880
101/06/18,"3,116,925","54,883,425",17.65,17.75,17.55,17.60,+0.10,995,5880
101/06/19,"1,825,858","31,823,905",17.50,17.60,17.35,17.45,-0.15,614,5880
101/06/20,"3,855,665","67,443,378",17.50,17.60,17.40,17.60,+0.15,"1,176",5880
101/06/21,"2,728,701","47,500,231",17.55,17.55,17.35,17.45,-0.15,765,5880
101/06/22,"4,318,319","74,239,228",17.25,17.30,17.15,17.15,-0.30,"1,482",5880
101/06/25,"5,629,418","96,061,656",17.25,17.25,17.00,17.05,-0.10,"2,019",5880
101/06/26,"3,076,899","52,503,255",17.00,17.10,17.00,17.10,+0.05,997,5880
101/06/27,"3,057,672","52,521,091",17.05,17.30,17.00,17.30,+0.20,"1,115",5880
101/06/28,"4,126,146","71,120,879",17.35,17.40,17.10,17.10,-0.20,"1,129",5880
101/06/29,"6,978,411","122,014,676",17.10,17.60,17.10,17.60,+0.50,"1,993",5880
101/07/02,"4,677,471","82,447,787",17.65,17.70,17.50,17.60, 0.00,"1,477",5880
101/07/03,"5,712,570","100,738,235",17.60,17.75,17.55,17.60, 0.00,"1,528",5880
101/07/04,"3,198,780","56,577,358",17.75,17.75,17.60,17.70,+0.10,966,5880
101/07/05,"2,328,117","41,215,452",17.70,17.80,17.60,17.75,+0.05,764,5880
101/07/06,"3,006,791","53,367,233",17.75,17.80,17.65,17.80,+0.05,"1,011",5880
101/07/09,"1,848,838","32,759,619",17.65,17.80,17.65,17.70,-0.10,640,5880
101/07/10,"2,339,040","41,375,641",17.70,17.80,17.60,17.70, 0.00,620,5880
101/07/11,"2,413,152","42,833,376",17.60,17.85,17.60,17.70, 0.00,"1,171",5880
101/07/12,"3,336,028","58,638,528",17.70,17.75,17.50,17.55,-0.15,"1,075",5880
101/07/13,"1,869,998","32,976,347",17.55,17.70,17.50,17.65,+0.10,678,5880
101/07/16,"3,708,212","65,764,543",17.65,17.80,17.60,17.80,+0.15,"1,091",5880
101/07/17,"4,480,708","80,337,491",17.80,18.00,17.75,18.00,+0.20,"1,244",5880
101/07/18,"4,168,838","74,267,514",18.00,18.00,17.70,17.75,-0.25,"1,284",5880
101/07/19,"5,094,123","91,112,324",17.85,18.00,17.75,17.85,+0.10,"1,317",5880
101/07/20,"3,093,622","55,372,270",17.90,17.95,17.80,17.95,+0.10,705,5880
101/07/23,"6,695,068","118,899,938",17.90,17.95,17.65,17.70,-0.25,"1,384",5880
101/07/24,"5,373,010","95,247,961",17.70,17.85,17.65,17.70, 0.00,910,5880
101/07/25,"5,021,049","88,928,101",17.70,17.80,17.60,17.70, 0.00,"1,216",5880
101/07/26,"6,014,037","106,902,336",17.75,17.90,17.70,17.75,+0.05,"1,179",5880
101/07/27,"7,974,497","142,957,160",17.85,18.00,17.80,17.95,+0.20,"1,517",5880
101/07/30,"11,146,602","201,493,884",18.00,18.15,18.00,18.15,+0.20,"2,265",5880
101/07/31,"21,542,909","389,531,956",18.15,18.25,18.05,18.25,+0.10,"2,372",5880
101/08/01,"22,871,047","416,492,431",18.20,18.30,18.05,18.30,+0.05,"4,984",5880
101/08/03,"33,759,221","561,074,570",16.50,16.75,16.50,16.70,-0.25,"4,922",5880
101/08/06,"17,039,341","287,491,141",16.70,17.00,16.70,16.90,+0.20,"3,406",5880
101/08/07,"14,633,591","246,942,097",16.60,17.05,16.60,17.05,+0.15,"2,328",5880
101/08/08,"11,082,567","188,467,602",17.00,17.10,16.90,17.05, 0.00,"2,074",5880
101/08/09,"16,626,555","283,413,939",16.95,17.15,16.90,17.15,+0.10,"3,104",5880
101/08/10,"7,867,291","133,833,662",17.00,17.10,16.95,17.10,-0.05,"1,803",5880
101/08/13,"6,898,936","117,232,697",17.10,17.10,16.90,16.90,-0.20,"1,168",5880
101/08/14,"8,532,884","144,698,606",16.85,17.05,16.85,17.00,+0.10,"1,919",5880
101/08/15,"14,047,508","237,954,155",17.00,17.00,16.80,17.00, 0.00,"3,136",5880
101/08/16,"12,092,383","203,964,738",16.95,16.95,16.80,16.85,-0.15,"2,757",5880
101/08/17,"13,925,820","232,454,506",16.85,16.85,16.60,16.65,-0.20,"3,016",5880
101/08/20,"13,332,346","222,647,348",16.65,16.85,16.60,16.65, 0.00,"2,274",5880
101/08/21,"9,191,146","153,875,256",16.65,16.80,16.65,16.75,+0.10,"2,178",5880
101/08/22,"8,935,265","148,850,629",16.75,16.75,16.60,16.70,-0.05,"2,023",5880
101/08/23,"5,795,761","96,953,173",16.65,16.80,16.65,16.75,+0.05,"1,473",5880
101/08/24,"4,651,778","77,531,056",16.65,16.75,16.60,16.65,-0.10,"1,087",5880
101/08/27,"7,768,202","129,282,739",16.65,16.75,16.60,16.60,-0.05,"1,431",5880
101/08/28,"7,011,316","116,142,174",16.60,16.65,16.50,16.50,-0.10,"1,526",5880
101/08/29,"5,162,186","85,452,084",16.50,16.60,16.50,16.50, 0.00,"1,445",5880
101/08/30,"9,985,984","164,477,326",16.55,16.60,16.40,16.40,-0.10,"2,210",5880
101/08/31,"10,256,740","167,787,548",16.40,16.45,16.25,16.45,+0.05,"1,806",5880
101/09/03,"4,881,972","80,458,472",16.50,16.55,16.40,16.45, 0.00,"1,171",5880
101/09/04,"4,089,009","67,023,672",16.45,16.45,16.35,16.35,-0.10,"1,208",5880
101/09/05,"8,708,253","141,225,242",16.25,16.30,16.10,16.20,-0.15,"2,139",5880
101/09/06,"6,682,680","108,036,482",16.20,16.25,16.10,16.15,-0.05,"1,486",5880
101/09/07,"7,542,089","122,896,456",16.30,16.35,16.25,16.30,+0.15,"1,720",5880
101/09/10,"6,440,899","105,077,753",16.30,16.35,16.25,16.30, 0.00,"1,467",5880
101/09/11,"5,316,914","86,363,361",16.30,16.35,16.20,16.20,-0.10,"1,435",5880
101/09/12,"7,928,108","129,157,661",16.20,16.35,16.15,16.30,+0.10,"1,916",5880
101/09/13,"6,241,396","102,057,997",16.30,16.40,16.30,16.40,+0.10,"2,049",5880
101/09/14,"19,705,161","328,085,283",16.50,16.80,16.50,16.80,+0.40,"5,009",5880
101/09/17,"12,278,073","206,082,948",16.80,16.90,16.70,16.75,-0.05,"2,575",5880
101/09/18,"7,758,858","130,096,779",16.70,16.85,16.65,16.80,+0.05,"1,858",5880
101/09/19,"10,743,212","179,948,027",16.75,16.80,16.65,16.80, 0.00,"2,810",5880
101/09/20,"6,310,151","105,498,109",16.70,16.80,16.65,16.75,-0.05,"1,515",5880
101/09/21,"9,572,640","160,470,684",16.75,16.80,16.60,16.80,+0.05,"2,435",5880
101/09/24,"4,364,233","73,046,494",16.80,16.80,16.60,16.80, 0.00,955,5880
101/09/25,"5,545,443","92,841,250",16.80,16.80,16.70,16.75,-0.05,"1,441",5880
101/09/26,"6,950,819","115,652,027",16.70,16.70,16.60,16.60,-0.15,"1,983",5880
101/09/27,"80,141,894","1,297,499,380",16.10,16.30,16.05,16.25,-0.35,"25,096",5880
101/09/28,"23,898,344","387,649,683",16.25,16.30,16.15,16.25, 0.00,"7,084",5880
101/10/01,"14,439,524","233,298,491",16.15,16.25,16.10,16.15,-0.10,"3,492",5880
101/10/02,"8,236,095","133,151,031",16.15,16.20,16.10,16.20,+0.05,"2,839",5880
101/10/03,"5,704,044","92,232,334",16.20,16.20,16.15,16.15,-0.05,"2,076",5880
101/10/04,"11,479,237","185,585,685",16.15,16.20,16.10,16.20,+0.05,"3,103",5880
101/10/05,"13,943,246","227,256,251",16.20,16.40,16.20,16.30,+0.10,"4,205",5880
101/10/08,"5,694,613","92,460,494",16.35,16.35,16.20,16.20,-0.10,"1,844",5880
101/10/09,"7,780,539","126,238,408",16.20,16.30,16.15,16.25,+0.05,"2,312",5880
101/10/11,"9,900,988","159,157,191",16.15,16.15,16.00,16.05,-0.20,"2,527",5880
101/10/12,"9,288,121","148,641,186",16.00,16.10,15.90,15.95,-0.10,"2,520",5880
101/10/15,"6,344,124","100,620,888",15.95,15.95,15.80,15.85,-0.10,"1,902",5880
101/10/16,"5,194,220","82,586,647",15.85,15.95,15.85,15.95,+0.10,"1,475",5880
101/10/17,"6,907,258","109,953,107",16.00,16.05,15.80,15.85,-0.10,"2,258",5880
101/10/18,"4,373,050","69,589,480",15.90,15.95,15.85,15.90,+0.05,"1,222",5880
101/10/19,"4,879,658","77,450,920",15.90,15.95,15.80,15.85,-0.05,"1,226",5880
101/10/22,"6,426,352","100,931,389",15.75,15.80,15.65,15.80,-0.05,"1,668",5880
101/10/23,"4,441,413","69,702,720",15.75,15.75,15.65,15.65,-0.15,"1,508",5880
101/10/24,"5,116,973","79,738,578",15.50,15.65,15.50,15.55,-0.10,"1,496",5880
101/10/25,"5,395,636","84,103,855",15.60,15.65,15.55,15.65,+0.10,"1,925",5880
101/10/26,"10,863,402","167,654,996",15.65,15.65,15.30,15.35,-0.30,"2,754",5880
101/10/29,"8,215,722","125,035,235",15.30,15.35,15.15,15.15,-0.20,"1,891",5880
101/10/30,"6,798,150","103,949,497",15.20,15.45,15.20,15.25,+0.10,"2,457",5880
101/10/31,"5,715,441","86,720,776",15.25,15.30,15.10,15.20,-0.05,"1,586",5880
101/11/01,"7,271,780","109,698,120",15.20,15.20,15.00,15.20, 0.00,"2,022",5880
101/11/02,"6,461,436","98,409,621",15.20,15.35,15.15,15.35,+0.15,"1,740",5880
101/11/05,"4,142,823","63,202,762",15.20,15.30,15.20,15.30,-0.05,"1,499",5880
101/11/06,"2,912,678","44,467,796",15.30,15.35,15.20,15.30, 0.00,"1,171",5880
101/11/07,"4,480,977","69,014,723",15.35,15.50,15.30,15.50,+0.20,"1,690",5880
101/11/08,"7,564,075","115,374,115",15.25,15.30,15.20,15.25,-0.25,"1,482",5880
101/11/09,"5,586,212","85,126,009",15.15,15.45,15.10,15.45,+0.20,"1,847",5880
101/11/12,"3,289,788","50,581,540",15.45,15.45,15.30,15.45, 0.00,"1,110",5880
101/11/13,"6,478,824","98,664,339",15.30,15.35,15.15,15.25,-0.20,"2,044",5880
101/11/14,"5,456,485","83,387,701",15.20,15.35,15.15,15.35,+0.10,"2,110",5880
101/11/15,"5,762,075","88,200,122",15.25,15.40,15.15,15.40,+0.05,"1,927",5880
101/11/16,"5,036,490","76,902,028",15.20,15.40,15.20,15.20,-0.20,"1,422",5880
101/11/19,"3,594,541","54,912,772",15.20,15.35,15.20,15.25,+0.05,"1,034",5880
101/11/20,"2,706,401","41,468,541",15.35,15.40,15.25,15.30,+0.05,"1,097",5880
101/11/21,"6,703,992","101,820,849",15.30,15.35,15.10,15.10,-0.20,"1,492",5880
101/11/22,"3,897,334","59,420,557",15.20,15.30,15.15,15.25,+0.15,"1,419",5880
101/11/23,"13,728,520","212,791,834",15.35,15.60,15.35,15.60,+0.35,"4,023",5880
101/11/26,"6,517,897","102,253,138",15.70,15.80,15.60,15.70,+0.10,"2,459",5880
101/11/27,"10,879,256","171,472,898",15.70,15.85,15.65,15.85,+0.15,"2,932",5880
101/11/28,"7,258,607","114,615,449",15.80,15.85,15.70,15.85, 0.00,"1,827",5880
101/11/29,"10,367,186","164,642,949",15.90,15.95,15.80,15.90,+0.05,"2,947",5880
101/11/30,"21,379,930","341,887,234",15.90,16.10,15.85,16.00,+0.10,"4,404",5880
101/12/03,"11,053,632","177,683,362",16.00,16.20,15.95,16.05,+0.05,"2,718",5880
101/12/04,"7,090,568","113,307,030",16.00,16.05,15.95,15.95,-0.10,"1,600",5880
101/12/05,"9,610,063","154,655,499",15.95,16.20,15.95,16.15,+0.20,"2,465",5880
101/12/06,"6,423,877","103,569,784",16.15,16.20,16.05,16.15, 0.00,"1,710",5880
101/12/07,"5,523,311","89,234,789",16.15,16.20,16.10,16.15, 0.00,"1,531",5880
101/12/10,"7,406,783","119,324,778",16.15,16.20,16.00,16.05,-0.10,"1,468",5880
101/12/11,"9,149,241","146,849,077",16.05,16.15,15.90,16.15,+0.10,"2,198",5880
101/12/12,"10,392,648","168,668,009",16.20,16.30,16.15,16.25,+0.10,"2,836",5880
101/12/13,"8,190,490","133,112,962",16.25,16.30,16.15,16.30,+0.05,"2,106",5880
101/12/14,"8,428,522","136,693,125",16.20,16.30,16.10,16.30, 0.00,"2,084",5880
101/12/17,"5,593,604","90,480,573",16.20,16.25,16.10,16.25,-0.05,"1,905",5880
101/12/18,"6,148,250","99,891,819",16.25,16.30,16.15,16.30,+0.05,"1,405",5880
101/12/19,"9,955,647","162,709,898",16.30,16.40,16.25,16.40,+0.10,"2,749",5880
101/12/20,"6,252,099","101,294,255",16.30,16.30,16.15,16.15,-0.25,"1,396",5880
101/12/21,"7,455,778","119,852,951",16.15,16.20,16.00,16.10,-0.05,"1,693",5880
101/12/22,"4,557,379","73,063,115",16.05,16.15,16.00,16.05,-0.05,908,5880
101/12/24,"4,036,178","64,742,248",16.00,16.10,16.00,16.00,-0.05,828,5880
101/12/25,"5,131,758","82,720,118",16.15,16.25,16.00,16.20,+0.20,"1,375",5880
101/12/26,"4,489,563","72,838,377",16.20,16.30,16.15,16.15,-0.05,"1,271",5880
101/12/27,"3,646,414","59,111,235",16.15,16.25,16.15,16.25,+0.10,888,5880
101/12/28,"9,827,510","160,109,196",16.30,16.35,16.20,16.35,+0.10,"1,795",5880
102/01/02,"8,659,625","142,128,761",16.35,16.45,16.30,16.45,+0.10,"2,228",5880
102/01/03,"9,909,015","163,608,290",16.50,16.55,16.45,16.55,+0.10,"2,305",5880
102/01/04,"5,566,488","91,328,194",16.55,16.55,16.35,16.40,-0.15,"1,095",5880
102/01/07,"6,272,334","102,228,304",16.35,16.40,16.25,16.25,-0.15,"1,165",5880
102/01/08,"4,814,877","78,247,474",16.25,16.30,16.20,16.25, 0.00,841,5880
102/01/09,"4,487,306","72,979,042",16.30,16.35,16.20,16.25, 0.00,"1,110",5880
102/01/10,"9,968,900","163,915,113",16.40,16.50,16.30,16.50,+0.25,"2,583",5880
102/01/11,"5,770,278","95,171,242",16.50,16.60,16.40,16.50, 0.00,"1,187",5880
102/01/14,"3,428,286","56,264,559",16.45,16.50,16.35,16.50, 0.00,811,5880
102/01/15,"5,216,580","85,668,237",16.50,16.50,16.35,16.50, 0.00,"1,243",5880
102/01/16,"5,207,587","85,433,114",16.50,16.50,16.35,16.35,-0.15,"1,406",5880
102/01/17,"7,163,121","117,161,798",16.45,16.50,16.25,16.35, 0.00,"1,398",5880
102/01/18,"7,122,652","116,477,507",16.35,16.40,16.30,16.35, 0.00,"1,560",5880
102/01/21,"2,433,267","39,790,286",16.35,16.40,16.30,16.40,+0.05,483,5880
102/01/22,"3,736,635","61,078,402",16.40,16.40,16.30,16.40, 0.00,976,5880
102/01/23,"4,348,345","71,183,199",16.35,16.40,16.30,16.40, 0.00,"1,272",5880
102/01/24,"4,876,602","79,577,438",16.30,16.40,16.30,16.35,-0.05,"1,378",5880
102/01/25,"9,395,677","153,057,344",16.35,16.35,16.25,16.25,-0.10,"1,756",5880
102/01/28,"5,624,599","91,761,727",16.30,16.40,16.25,16.35,+0.10,"1,269",5880
102/01/29,"4,650,811","76,050,344",16.30,16.40,16.30,16.40,+0.05,"1,313",5880
102/01/30,"7,179,496","117,981,628",16.45,16.50,16.40,16.45,+0.05,"1,910",5880
102/01/31,"7,858,692","128,886,720",16.45,16.50,16.35,16.45, 0.00,"1,718",5880
102/02/01,"11,540,530","191,134,171",16.50,16.60,16.50,16.60,+0.15,"2,953",5880
102/02/04,"32,752,701","555,391,151",16.75,17.10,16.75,17.00,+0.40,"7,930",5880
102/02/05,"14,966,132","254,219,530",16.95,17.05,16.90,17.05,+0.05,"3,176",5880
102/02/06,"21,265,109","365,321,419",17.10,17.30,17.05,17.05, 0.00,"4,494",5880
102/02/18,"14,004,802","239,618,134",17.20,17.25,17.00,17.10,+0.05,"2,879",5880
102/02/19,"8,011,613","136,653,121",17.20,17.20,16.95,17.10, 0.00,"1,837",5880
102/02/20,"26,532,127","462,002,056",17.20,17.60,17.10,17.40,+0.30,"6,060",5880
102/02/21,"9,684,611","166,763,826",17.30,17.30,17.15,17.25,-0.15,"2,045",5880
102/02/22,"10,792,293","184,842,665",17.15,17.25,17.00,17.25, 0.00,"2,387",5880
102/02/23,"6,499,906","112,159,047",17.25,17.35,17.20,17.25, 0.00,"1,462",5880
102/02/25,"8,233,165","141,500,165",17.25,17.25,17.10,17.15,-0.10,"1,879",5880
102/02/26,"7,286,366","124,482,356",17.00,17.15,17.00,17.15, 0.00,"1,617",5880
102/02/27,"7,913,790","135,087,430",17.15,17.15,17.00,17.00,-0.15,"2,075",5880
102/03/01,"4,661,264","79,745,138",17.10,17.15,17.05,17.10,+0.10,"1,499",5880
102/03/04,"15,791,996","266,842,037",17.10,17.10,16.75,16.90,-0.20,"3,418",5880
102/03/05,"6,268,769","106,236,152",16.90,17.00,16.85,17.00,+0.10,"1,754",5880
102/03/06,"6,817,398","115,864,010",17.05,17.10,16.90,17.05,+0.05,"1,230",5880
102/03/07,"8,241,770","140,544,990",17.05,17.10,17.00,17.10,+0.05,"2,701",5880
102/03/08,"13,884,306","238,977,604",17.15,17.30,17.10,17.25,+0.15,"2,636",5880
102/03/11,"10,095,391","174,359,903",17.30,17.35,17.20,17.25, 0.00,"2,314",5880
102/03/12,"5,564,048","95,614,117",17.25,17.30,17.10,17.10,-0.15,"1,476",5880
102/03/13,"6,220,008","106,558,090",17.10,17.25,17.05,17.05,-0.05,"1,618",5880
102/03/14,"6,994,024","119,813,177",17.10,17.20,17.05,17.10,+0.05,"1,697",5880
102/03/15,"14,063,636","238,824,931",17.15,17.25,16.85,16.85,-0.25,"3,138",5880
102/03/18,"8,875,735","148,703,025",16.85,16.90,16.65,16.80,-0.05,"3,006",5880
102/03/19,"6,017,934","101,146,261",16.80,16.90,16.75,16.75,-0.05,"1,719",5880
102/03/20,"8,900,231","149,267,926",16.85,16.90,16.70,16.75, 0.00,"2,434",5880
102/03/21,"5,589,183","93,578,217",16.80,16.85,16.70,16.70,-0.05,"1,556",5880
102/03/22,"7,506,207","124,947,395",16.70,16.80,16.60,16.60,-0.10,"1,642",5880
102/03/25,"10,069,800","170,257,035",16.80,17.00,16.80,16.90,+0.30,"3,122",5880
102/03/26,"7,116,498","120,791,602",16.90,17.05,16.85,16.95,+0.05,"2,665",5880
102/03/27,"7,507,100","127,396,050",16.95,17.10,16.90,17.05,+0.10,"1,522",5880
102/03/28,"4,271,224","72,415,158",17.05,17.05,16.90,17.05, 0.00,"1,157",5880
102/03/29,"4,956,927","84,472,709",17.05,17.10,16.95,17.10,+0.05,"1,154",5880
102/04/01,"5,025,958","85,580,536",17.10,17.10,17.00,17.00,-0.10,"1,147",5880
102/04/02,"4,140,564","70,344,994",16.95,17.05,16.90,16.95,-0.05,"2,050",5880
102/04/03,"4,661,149","79,211,583",17.05,17.10,16.95,17.00,+0.05,"1,257",5880
102/04/08,"12,721,205","213,401,237",16.85,16.90,16.70,16.70,-0.30,"2,927",5880
102/04/09,"6,231,347","104,236,617",16.70,16.80,16.70,16.70, 0.00,"1,641",5880
102/04/10,"5,649,370","94,386,981",16.70,16.80,16.65,16.75,+0.05,"3,036",5880
102/04/11,"4,370,940","73,393,097",16.80,16.85,16.75,16.85,+0.10,"2,367",5880
102/04/12,"4,078,435","68,521,552",16.80,16.85,16.75,16.85, 0.00,"1,970",5880
102/04/15,"5,538,752","93,053,380",16.85,16.90,16.75,16.85, 0.00,"2,452",5880
102/04/16,"5,182,200","86,820,521",16.70,16.80,16.65,16.80,-0.05,"2,556",5880
102/04/17,"13,545,554","225,753,284",16.80,16.80,16.60,16.65,-0.15,"3,072",5880
102/04/18,"5,546,704","92,253,404",16.60,16.75,16.50,16.60,-0.05,"2,041",5880
102/04/19,"9,668,676","161,218,636",16.75,16.80,16.60,16.70,+0.10,"2,562",5880
102/04/22,"4,031,888","67,421,954",16.70,16.80,16.65,16.80,+0.10,"1,081",5880
102/04/23,"3,004,283","50,298,419",16.80,16.80,16.70,16.80, 0.00,"1,302",5880
102/04/24,"5,373,565","90,361,366",16.80,16.85,16.75,16.80, 0.00,"2,580",5880
102/04/25,"4,939,312","82,934,711",16.80,16.85,16.70,16.85,+0.05,"2,658",5880
102/04/26,"7,112,944","120,186,723",16.85,16.95,16.85,16.90,+0.05,"2,894",5880
102/04/29,"5,458,472","91,760,287",16.90,16.90,16.75,16.85,-0.05,"2,389",5880
102/04/30,"6,577,412","111,325,949",16.80,16.95,16.80,16.95,+0.10,"2,688",5880
102/05/02,"4,586,007","77,570,129",16.95,16.95,16.85,16.95, 0.00,"2,159",5880
102/05/03,"5,750,187","97,386,794",17.00,17.00,16.90,16.95, 0.00,"2,078",5880
102/05/06,"5,073,376","86,011,172",17.00,17.05,16.90,17.00,+0.05,"1,323",5880
102/05/07,"3,759,890","63,854,762",17.00,17.00,16.90,17.00, 0.00,"1,063",5880
102/05/08,"9,111,244","155,148,047",17.00,17.10,16.95,17.05,+0.05,"2,282",5880
102/05/09,"6,440,199","109,973,133",17.10,17.10,17.00,17.10,+0.05,"1,395",5880
102/05/10,"6,958,497","118,546,149",17.10,17.10,16.95,17.05,-0.05,"1,651",5880
102/05/13,"6,125,294","104,114,355",17.05,17.05,16.95,16.95,-0.10,"1,013",5880
102/05/14,"6,765,484","115,000,721",17.00,17.05,16.95,17.00,+0.05,"1,590",5880
102/05/15,"5,606,437","95,598,379",17.00,17.10,17.00,17.10,+0.10,"1,360",5880
102/05/16,"15,981,151","275,287,350",17.15,17.30,17.10,17.30,+0.20,"3,489",5880
102/05/17,"11,526,727","199,426,070",17.30,17.35,17.20,17.30, 0.00,"2,184",5880
102/05/20,"5,940,600","102,618,292",17.25,17.35,17.20,17.25,-0.05,"1,425",5880
102/05/21,"8,143,769","141,041,570",17.25,17.40,17.25,17.35,+0.10,"1,563",5880
102/05/22,"7,151,011","124,219,001",17.35,17.40,17.30,17.40,+0.05,"2,057",5880
102/05/23,"15,011,477","258,641,617",17.40,17.40,17.15,17.15,-0.25,"2,852",5880
102/05/24,"8,621,528","147,358,376",17.10,17.20,17.00,17.00,-0.15,"1,657",5880
102/05/27,"6,051,964","103,268,110",17.00,17.15,17.00,17.10,+0.10,"1,039",5880
102/05/28,"7,084,568","121,583,931",17.20,17.20,17.10,17.20,+0.10,"1,618",5880
102/05/29,"5,937,832","102,299,221",17.20,17.30,17.15,17.30,+0.10,"1,555",5880
102/05/30,"10,496,292","179,532,360",17.25,17.25,17.05,17.10,-0.20,"1,827",5880
102/05/31,"29,260,617","505,316,768",17.10,17.35,17.05,17.35,+0.25,"2,741",5880
102/06/03,"8,107,544","138,902,973",17.15,17.20,17.05,17.10,-0.25,"1,878",5880
102/06/04,"5,841,626","99,787,842",17.15,17.15,17.00,17.05,-0.05,"1,333",5880
102/06/05,"6,218,215","106,072,740",17.00,17.15,16.95,17.15,+0.10,"1,113",5880
102/06/06,"8,294,564","140,779,386",17.00,17.05,16.95,16.95,-0.20,"2,847",5880
102/06/07,"7,120,194","120,740,467",16.90,17.05,16.90,16.95, 0.00,"2,649",5880
102/06/10,"5,837,858","99,142,910",17.10,17.10,16.90,16.95, 0.00,"1,071",5880
102/06/11,"8,740,616","148,196,390",16.95,17.00,16.90,16.95, 0.00,"1,278",5880
102/06/13,"10,741,270","180,241,439",16.85,16.90,16.70,16.70,-0.25,"2,232",5880
102/06/14,"7,823,968","130,399,993",16.75,16.80,16.55,16.70, 0.00,"1,917",5880
102/06/17,"3,990,523","66,902,660",16.70,16.85,16.70,16.70, 0.00,"1,267",5880
102/06/18,"5,849,099","97,941,091",16.75,16.85,16.65,16.85,+0.15,"2,613",5880
102/06/19,"6,255,354","104,803,114",16.85,16.85,16.70,16.80,-0.05,"2,956",5880
102/06/20,"9,938,726","164,889,743",16.65,16.70,16.55,16.55,-0.25,"3,073",5880
102/06/21,"21,137,090","345,460,007",16.40,16.50,16.30,16.30,-0.25,"3,652",5880
102/06/24,"7,956,699","130,233,397",16.35,16.45,16.30,16.35,+0.05,"2,309",5880
102/06/25,"9,750,101","158,682,867",16.30,16.45,16.15,16.15,-0.20,"2,161",5880
102/06/26,"13,636,130","222,658,355",16.40,16.45,16.20,16.35,+0.20,"2,151",5880
102/06/27,"7,764,295","127,519,050",16.45,16.50,16.35,16.35, 0.00,"1,434",5880
102/06/28,"12,683,733","209,525,131",16.40,16.60,16.35,16.60,+0.25,"1,881",5880
102/07/01,"7,946,803","131,555,041",16.60,16.65,16.45,16.55,-0.05,"1,396",5880
102/07/02,"6,384,433","105,536,648",16.50,16.60,16.50,16.55, 0.00,"1,178",5880
102/07/03,"8,828,002","145,250,663",16.60,16.60,16.35,16.45,-0.10,"1,839",5880
102/07/04,"6,163,092","100,908,989",16.45,16.45,16.35,16.35,-0.10,"1,563",5880
102/07/05,"7,500,130","123,781,661",16.40,16.55,16.35,16.50,+0.15,"1,176",5880
102/07/08,"9,657,156","158,830,541",16.50,16.55,16.40,16.40,-0.10,"1,093",5880
102/07/09,"8,971,990","148,373,920",16.40,16.60,16.40,16.55,+0.15,"1,210",5880
102/07/10,"11,162,931","185,457,098",16.55,16.70,16.55,16.60,+0.05,"1,294",5880
102/07/11,"16,787,653","281,158,274",16.70,16.80,16.65,16.80,+0.20,"2,362",5880
102/07/12,"8,932,000","150,643,650",16.80,16.95,16.75,16.95,+0.15,"2,096",5880
102/07/15,"8,002,734","135,508,404",16.90,17.00,16.85,17.00,+0.05,"2,010",5880
102/07/16,"8,232,365","139,776,809",17.00,17.05,16.90,17.05,+0.05,"1,755",5880
102/07/17,"12,542,050","214,345,716",17.00,17.20,17.00,17.20,+0.15,"2,564",5880
102/07/18,"11,630,680","199,693,297",17.20,17.25,17.05,17.20, 0.00,"2,727",5880
102/07/19,"11,729,155","200,720,620",17.15,17.25,17.00,17.15,-0.05,"1,968",5880
102/07/22,"5,985,641","102,849,841",17.20,17.25,17.10,17.10,-0.05,"1,576",5880
102/07/23,"11,032,184","189,890,203",17.25,17.25,17.15,17.20,+0.10,"2,191",5880
102/07/24,"5,303,527","91,120,688",17.20,17.25,17.15,17.20, 0.00,904,5880
102/07/25,"4,781,246","82,056,134",17.15,17.20,17.10,17.15,-0.05,935,5880
102/07/26,"8,499,707","146,261,110",17.15,17.25,17.15,17.20,+0.05,"1,711",5880
102/07/29,"6,085,588","104,128,596",17.20,17.25,17.00,17.10,-0.10,"1,125",5880
102/07/30,"8,511,211","146,097,679",17.20,17.20,17.10,17.15,+0.05,"1,613",5880
102/07/31,"7,825,858","134,031,302",17.15,17.15,17.05,17.15, 0.00,"1,291",5880
102/08/01,"5,525,588","94,779,079",17.15,17.20,17.10,17.10,-0.05,"1,194",5880
102/08/02,"9,244,360","158,669,535",17.15,17.20,17.10,17.15,+0.05,"1,373",5880
102/08/05,"8,920,423","153,048,105",17.20,17.20,17.10,17.10,-0.05,"1,172",5880
102/08/06,"11,301,713","193,071,586",17.15,17.15,17.05,17.10, 0.00,"2,316",5880
102/08/07,"12,492,222","213,301,074",17.10,17.10,17.00,17.10, 0.00,"1,588",5880
102/08/08,"11,402,321","193,890,809",17.10,17.10,16.95,16.95,-0.15,"2,508",5880
102/08/09,"8,764,288","147,856,517",16.95,16.95,16.80,16.85,-0.10,"2,169",5880
102/08/12,"10,497,153","177,015,415",16.85,16.95,16.80,16.95,+0.10,"2,016",5880
102/08/13,"29,240,410","495,026,554",16.95,17.00,16.90,16.95, 0.00,"3,001",5880
102/08/14,"25,660,481","404,487,309",15.80,15.85,15.70,15.80,X0.00,"3,572",5880
102/08/15,"10,278,589","161,543,034",15.80,15.80,15.65,15.75,-0.05,"2,345",5880
102/08/16,"9,323,305","146,429,720",15.70,15.75,15.65,15.70,-0.05,"1,831",5880
102/08/19,"6,035,542","94,766,309",15.75,15.80,15.65,15.70, 0.00,"1,494",5880
102/08/20,"8,380,830","131,566,608",15.70,15.80,15.65,15.70, 0.00,"1,703",5880
102/08/22,"13,750,604","214,077,467",15.65,15.65,15.50,15.55,-0.15,"3,883",5880
102/08/23,"4,481,226","70,162,528",15.65,15.75,15.55,15.65,+0.10,"1,445",5880
102/08/26,"3,704,599","58,024,188",15.70,15.70,15.65,15.70,+0.05,881,5880
102/08/27,"3,631,858","56,875,601",15.65,15.75,15.60,15.60,-0.10,969,5880
102/08/28,"4,308,565","67,264,799",15.55,15.70,15.50,15.70,+0.10,"1,132",5880
102/08/29,"5,363,328","84,434,650",15.70,15.80,15.65,15.75,+0.05,"1,082",5880
102/08/30,"6,885,744","109,358,004",15.75,16.00,15.75,16.00,+0.25,"1,343",5880
102/09/02,"6,795,178","108,011,658",15.90,15.95,15.85,15.90,-0.10,994,5880
102/09/03,"11,502,081","184,667,712",16.00,16.15,16.00,16.05,+0.15,"2,134",5880
102/09/04,"6,701,169","107,319,081",16.05,16.05,15.95,16.05, 0.00,"1,456",5880
102/09/05,"9,468,386","152,409,664",16.05,16.15,16.00,16.15,+0.10,"1,771",5880
102/09/06,"9,771,335","157,541,450",16.15,16.20,16.05,16.10,-0.05,"1,342",5880
102/09/09,"7,450,105","119,680,965",16.05,16.10,15.95,16.10, 0.00,"1,616",5880
102/09/10,"9,645,285","155,630,595",16.00,16.20,16.00,16.20,+0.10,"1,883",5880
102/09/11,"10,365,890","167,956,890",16.10,16.25,16.10,16.25,+0.05,"1,660",5880
102/09/12,"11,848,522","192,781,680",16.25,16.30,16.20,16.30,+0.05,"2,608",5880
102/09/13,"7,129,050","115,871,283",16.30,16.30,16.20,16.25,-0.05,"1,659",5880
102/09/14,"3,820,110","61,991,421",16.20,16.25,16.20,16.20,-0.05,867,5880
102/09/16,"13,128,863","213,722,793",16.20,16.30,16.20,16.30,+0.10,"1,935",5880
102/09/17,"10,743,260","175,460,615",16.30,16.40,16.25,16.40,+0.10,"1,475",5880
102/09/18,"6,400,370","104,877,448",16.40,16.45,16.35,16.35,-0.05,"1,392",5880
102/09/23,"14,039,170","232,035,188",16.40,16.60,16.35,16.60,+0.25,"2,672",5880
102/09/24,"8,219,336","135,436,826",16.60,16.60,16.40,16.50,-0.10,"1,119",5880
102/09/25,"10,906,923","179,824,161",16.50,16.55,16.40,16.55,+0.05,"1,204",5880
102/09/26,"11,428,290","187,087,401",16.50,16.50,16.30,16.30,-0.25,"1,334",5880
102/09/27,"9,038,977","147,991,738",16.35,16.45,16.30,16.35,+0.05,"1,217",5880
102/09/30,"7,207,812","117,259,572",16.25,16.35,16.20,16.25,-0.10,936,5880
102/10/01,"5,273,668","85,717,930",16.25,16.30,16.20,16.20,-0.05,"1,193",5880
102/10/02,"3,494,697","56,746,211",16.20,16.30,16.20,16.20, 0.00,828,5880
102/10/03,"14,047,309","229,950,494",16.20,16.45,16.20,16.40,+0.20,"3,293",5880
102/10/04,"7,355,737","120,462,644",16.40,16.40,16.30,16.40, 0.00,"1,818",5880
102/10/07,"9,935,933","162,847,191",16.40,16.45,16.30,16.40, 0.00,"1,691",5880
102/10/08,"12,966,015","213,678,564",16.40,16.60,16.35,16.60,+0.20,"2,598",5880
102/10/09,"10,802,774","178,665,592",16.55,16.60,16.50,16.50,-0.10,"2,001",5880
102/10/11,"13,082,599","216,577,822",16.55,16.65,16.45,16.55,+0.05,"2,747",5880
102/10/14,"6,982,562","114,953,339",16.55,16.55,16.40,16.40,-0.15,"1,511",5880
102/10/15,"7,562,052","124,466,805",16.40,16.50,16.40,16.50,+0.10,"1,760",5880
102/10/16,"5,318,452","87,471,958",16.50,16.50,16.40,16.40,-0.10,"1,304",5880
102/10/17,"7,655,857","125,903,455",16.50,16.50,16.40,16.45,+0.05,"1,502",5880
102/10/18,"7,291,807","119,698,196",16.45,16.45,16.35,16.45, 0.00,"1,158",5880
102/10/21,"5,079,247","83,352,556",16.45,16.45,16.35,16.40,-0.05,"1,204",5880
102/10/22,"6,189,285","101,398,910",16.40,16.40,16.35,16.40, 0.00,"1,534",5880
102/10/23,"7,626,095","125,070,047",16.40,16.45,16.35,16.40, 0.00,"1,731",5880
102/10/24,"9,390,055","154,268,200",16.40,16.50,16.35,16.50,+0.10,"1,341",5880
102/10/25,"7,486,596","122,461,394",16.45,16.50,16.30,16.35,-0.15,"1,713",5880
102/10/28,"5,587,754","91,594,809",16.35,16.45,16.30,16.40,+0.05,"1,313",5880
102/10/29,"6,669,990","109,316,492",16.35,16.40,16.30,16.40, 0.00,"1,260",5880
102/10/30,"6,357,608","104,368,249",16.40,16.45,16.35,16.45,+0.05,"1,204",5880
102/10/31,"10,695,937","175,755,173",16.40,16.50,16.35,16.50,+0.05,"1,342",5880
102/11/01,"6,949,567","113,876,927",16.50,16.50,16.30,16.40,-0.10,"1,238",5880
102/11/04,"4,351,945","71,066,902",16.35,16.40,16.30,16.30,-0.10,"1,290",5880
102/11/05,"9,668,313","157,797,669",16.30,16.40,16.25,16.35,+0.05,"1,635",5880
102/11/06,"4,396,892","71,586,440",16.30,16.30,16.25,16.30,-0.05,887,5880
102/11/07,"9,944,384","162,474,422",16.30,16.40,16.25,16.35,+0.05,"1,419",5880
102/11/08,"9,019,803","147,619,292",16.30,16.40,16.30,16.35, 0.00,"1,230",5880
102/11/11,"5,327,312","86,786,098",16.35,16.35,16.20,16.35, 0.00,"1,165",5880
102/11/12,"4,264,921","69,468,885",16.35,16.35,16.25,16.25,-0.10,"1,094",5880
102/11/13,"7,966,202","128,624,762",16.25,16.25,16.10,16.10,-0.15,"1,757",5880
102/11/14,"6,656,479","107,259,545",16.10,16.20,16.05,16.10, 0.00,"1,578",5880
102/11/15,"7,714,564","124,610,649",16.10,16.20,16.10,16.20,+0.10,"1,242",5880
102/11/18,"5,299,208","85,477,708",16.20,16.20,16.10,16.10,-0.10,"1,104",5880
102/11/19,"12,536,446","202,427,748",16.10,16.20,16.05,16.20,+0.10,"1,445",5880
102/11/20,"5,937,478","95,709,409",16.20,16.20,16.05,16.05,-0.15,"1,334",5880
102/11/21,"9,889,488","158,378,302",16.05,16.10,15.95,16.00,-0.05,"2,446",5880
102/11/22,"3,333,456","53,591,204",16.05,16.15,16.00,16.15,+0.15,"1,046",5880
102/11/25,"7,219,148","117,414,752",16.20,16.35,16.20,16.25,+0.10,"1,480",5880
102/11/26,"9,039,218","146,627,148",16.25,16.35,16.15,16.20,-0.05,"1,165",5880
102/11/27,"2,187,598","35,537,301",16.30,16.30,16.20,16.30,+0.10,822,5880
102/11/28,"4,422,584","72,173,967",16.30,16.35,16.25,16.35,+0.05,"1,219",5880
102/11/29,"3,889,127","63,481,027",16.30,16.35,16.30,16.35, 0.00,"1,195",5880
102/12/02,"5,255,789","85,861,136",16.35,16.40,16.30,16.30,-0.05,934,5880
102/12/03,"4,123,630","67,213,611",16.30,16.40,16.25,16.25,-0.05,869,5880
102/12/04,"6,188,776","100,966,579",16.30,16.35,16.25,16.35,+0.10,"1,239",5880
102/12/05,"4,184,274","68,193,029",16.30,16.35,16.25,16.25,-0.10,"1,210",5880
102/12/06,"4,538,284","73,890,529",16.30,16.35,16.25,16.25, 0.00,"1,032",5880
102/12/09,"6,139,245","100,278,844",16.35,16.40,16.30,16.35,+0.10,"1,819",5880
102/12/10,"2,398,237","39,198,570",16.40,16.40,16.30,16.40,+0.05,791,5880
102/12/11,"7,835,588","128,366,579",16.35,16.45,16.30,16.40, 0.00,"1,786",5880
102/12/12,"3,842,556","62,607,051",16.30,16.35,16.25,16.25,-0.15,815,5880
102/12/13,"2,897,893","47,202,286",16.35,16.35,16.20,16.35,+0.10,903,5880
102/12/16,"3,002,755","48,814,799",16.25,16.30,16.20,16.25,-0.10,788,5880
102/12/17,"3,613,790","58,753,171",16.30,16.35,16.20,16.25, 0.00,883,5880
102/12/18,"5,678,257","92,338,151",16.30,16.30,16.20,16.30,+0.05,"1,602",5880
102/12/19,"4,336,180","70,725,403",16.35,16.35,16.25,16.35,+0.05,"1,304",5880
102/12/20,"4,781,869","78,011,298",16.25,16.35,16.20,16.35, 0.00,"1,547",5880
102/12/23,"5,503,621","89,874,107",16.30,16.40,16.25,16.25,-0.10,"1,188",5880
102/12/24,"3,095,858","50,426,607",16.35,16.35,16.25,16.25, 0.00,866,5880
102/12/25,"8,472,595","137,770,751",16.30,16.35,16.20,16.30,+0.05,"1,274",5880
102/12/26,"4,060,277","66,030,118",16.30,16.30,16.25,16.30, 0.00,"1,181",5880
102/12/27,"6,936,648","113,168,515",16.25,16.35,16.25,16.35,+0.05,"1,492",5880
102/12/30,"12,614,252","207,444,294",16.35,16.50,16.30,16.50,+0.15,"2,695",5880
102/12/31,"19,430,683","316,862,880",16.50,16.55,16.20,16.30,-0.20,"2,545",5880
103/01/02,"6,673,597","109,263,524",16.35,16.45,16.30,16.35,+0.05,"1,370",5880
103/01/03,"4,321,509","70,458,210",16.35,16.35,16.25,16.25,-0.10,"1,427",5880
103/01/06,"4,360,624","71,036,011",16.25,16.35,16.25,16.25, 0.00,882,5880
103/01/07,"4,465,064","72,806,963",16.25,16.35,16.25,16.25, 0.00,"1,122",5880
103/01/08,"3,779,762","61,628,543",16.30,16.35,16.25,16.25, 0.00,"1,248",5880
103/01/09,"5,736,374","93,633,799",16.35,16.35,16.25,16.35,+0.10,"1,408",5880
103/01/10,"4,931,306","80,596,439",16.35,16.40,16.30,16.40,+0.05,"1,101",5880
103/01/13,"4,439,831","72,766,294",16.40,16.45,16.35,16.35,-0.05,"1,015",5880
103/01/14,"4,478,735","73,364,728",16.35,16.40,16.35,16.40,+0.05,"1,091",5880
103/01/15,"5,466,529","89,562,472",16.35,16.45,16.35,16.35,-0.05,"1,519",5880
103/01/16,"4,661,417","76,364,784",16.45,16.45,16.35,16.35, 0.00,"1,016",5880
103/01/17,"3,777,694","61,675,070",16.35,16.35,16.30,16.30,-0.05,864,5880
103/01/20,"4,503,828","73,658,259",16.35,16.40,16.30,16.40,+0.10,829,5880
103/01/21,"3,623,418","59,275,422",16.40,16.40,16.30,16.30,-0.10,"1,070",5880
103/01/22,"5,966,920","97,577,858",16.30,16.40,16.30,16.40,+0.10,"1,461",5880
103/01/23,"6,447,833","105,558,726",16.40,16.45,16.30,16.35,-0.05,"1,821",5880
103/01/24,"6,218,934","101,936,234",16.30,16.45,16.30,16.45,+0.10,"1,660",5880
103/01/27,"13,630,447","222,408,274",16.35,16.40,16.25,16.35,-0.10,"3,378",5880
103/02/05,"22,990,548","372,027,961",16.25,16.30,16.10,16.10,-0.25,"5,730",5880
103/02/06,"18,363,782","295,385,311",16.10,16.15,16.05,16.05,-0.05,"4,948",5880
103/02/07,"10,154,456","163,409,558",16.15,16.15,16.05,16.05, 0.00,"2,751",5880
103/02/10,"4,727,049","76,213,759",16.10,16.20,16.05,16.10,+0.05,"1,348",5880
103/02/11,"5,227,604","84,199,646",16.15,16.15,16.10,16.10, 0.00,"1,087",5880
103/02/12,"6,884,103","111,525,667",16.15,16.25,16.15,16.25,+0.15,"1,404",5880
103/02/13,"6,843,075","110,982,436",16.25,16.25,16.15,16.20,-0.05,889,5880
103/02/14,"6,598,591","107,101,391",16.25,16.25,16.20,16.25,+0.05,"1,646",5880
103/02/17,"4,568,135","74,286,112",16.30,16.30,16.20,16.25, 0.00,"1,030",5880
103/02/18,"6,608,554","107,655,948",16.20,16.35,16.20,16.35,+0.10,"1,444",5880
103/02/19,"5,091,180","83,088,894",16.30,16.35,16.25,16.35, 0.00,"1,204",5880
103/02/20,"2,663,214","43,323,541",16.30,16.30,16.25,16.25,-0.10,625,5880
103/02/21,"4,536,931","74,053,593",16.30,16.35,16.25,16.35,+0.10,"1,221",5880
103/02/24,"5,631,494","91,557,917",16.25,16.35,16.20,16.30,-0.05,"1,254",5880
103/02/25,"5,896,082","95,633,924",16.25,16.30,16.15,16.20,-0.10,"1,616",5880
103/02/26,"8,384,759","135,801,258",16.15,16.25,16.15,16.15,-0.05,"2,184",5880
103/02/27,"8,825,967","143,990,658",16.25,16.40,16.20,16.40,+0.25,"1,982",5880
103/03/03,"10,739,729","173,476,735",16.25,16.30,16.10,16.20,-0.20,"2,708",5880
103/03/04,"5,384,766","86,838,191",16.10,16.20,16.10,16.15,-0.05,"1,223",5880
103/03/05,"4,088,027","66,094,390",16.20,16.25,16.15,16.15, 0.00,"1,338",5880
103/03/06,"5,000,118","81,152,960",16.20,16.30,16.15,16.25,+0.10,"1,017",5880
103/03/07,"5,716,212","92,900,136",16.25,16.30,16.20,16.25, 0.00,"1,268",5880
103/03/10,"6,393,848","103,377,112",16.25,16.25,16.10,16.20,-0.05,"1,541",5880
103/03/11,"4,091,099","66,079,513",16.25,16.25,16.10,16.10,-0.10,"1,106",5880
103/03/12,"7,161,400","115,338,750",16.10,16.15,16.05,16.15,+0.05,"1,617",5880
103/03/13,"5,737,476","92,612,819",16.15,16.20,16.10,16.10,-0.05,"1,748",5880
103/03/14,"4,752,682","76,596,388",16.10,16.20,16.05,16.10, 0.00,"1,216",5880
103/03/17,"3,943,734","63,500,035",16.10,16.15,16.05,16.15,+0.05,"1,027",5880
103/03/18,"3,754,702","60,744,847",16.20,16.25,16.15,16.15, 0.00,"1,019",5880
103/03/19,"5,423,723","87,421,773",16.20,16.20,16.05,16.05,-0.10,"1,396",5880
103/03/20,"11,970,959","191,538,170",16.05,16.10,15.95,15.95,-0.10,"2,400",5880
103/03/21,"7,636,209","122,549,975",16.00,16.10,15.95,16.10,+0.15,"1,177",5880
103/03/24,"6,254,652","100,115,841",16.00,16.10,15.95,16.05,-0.05,"1,130",5880
103/03/25,"3,035,339","48,872,010",16.00,16.15,16.00,16.10,+0.05,719,5880
103/03/26,"5,454,838","87,709,708",16.15,16.15,16.05,16.15,+0.05,"1,183",5880
103/03/27,"4,777,126","76,865,590",16.10,16.15,16.05,16.05,-0.10,"1,143",5880
103/03/28,"4,223,356","68,077,437",16.05,16.15,16.05,16.15,+0.10,923,5880
103/03/31,"6,785,372","110,150,712",16.15,16.30,16.10,16.30,+0.15,"1,441",5880
103/04/01,"5,870,496","95,641,381",16.30,16.35,16.20,16.35,+0.05,"1,353",5880
103/04/02,"4,906,818","80,011,675",16.35,16.35,16.25,16.30,-0.05,"1,102",5880
103/04/03,"4,999,409","81,669,553",16.30,16.40,16.25,16.35,+0.05,"1,294",5880
103/04/07,"7,297,446","119,068,826",16.30,16.35,16.25,16.35, 0.00,"1,559",5880
103/04/08,"4,253,181","69,581,965",16.35,16.40,16.30,16.40,+0.05,"1,017",5880
103/04/09,"6,231,467","102,253,243",16.40,16.45,16.35,16.40, 0.00,"1,599",5880
103/04/10,"5,042,058","82,717,696",16.45,16.45,16.35,16.45,+0.05,"1,512",5880
103/04/11,"5,115,706","83,847,551",16.40,16.45,16.35,16.40,-0.05,"1,198",5880
103/04/14,"5,440,651","89,194,688",16.40,16.45,16.35,16.35,-0.05,"1,351",5880
103/04/15,"5,818,164","95,351,806",16.40,16.45,16.35,16.35, 0.00,"1,149",5880
103/04/16,"11,392,418","186,297,025",16.35,16.45,16.30,16.30,-0.05,"2,153",5880
103/04/17,"4,100,241","66,996,677",16.35,16.40,16.30,16.40,+0.10,"1,533",5880
103/04/18,"4,076,572","66,886,271",16.40,16.45,16.35,16.45,+0.05,"1,312",5880
103/04/21,"2,503,886","41,101,459",16.40,16.45,16.35,16.40,-0.05,679,5880
103/04/22,"2,481,736","40,691,753",16.40,16.45,16.35,16.40, 0.00,652,5880
103/04/23,"4,031,386","65,944,012",16.40,16.40,16.30,16.30,-0.10,"1,058",5880
103/04/24,"4,917,541","80,433,378",16.30,16.40,16.30,16.30, 0.00,"1,178",5880
103/04/25,"8,193,019","132,971,334",16.30,16.35,16.15,16.20,-0.10,"1,685",5880
103/04/28,"5,938,011","95,878,999",16.10,16.20,16.10,16.15,-0.05,"1,494",5880
103/04/29,"2,920,166","47,336,611",16.15,16.25,16.15,16.25,+0.10,930,5880
103/04/30,"8,200,424","132,091,002",16.25,16.25,16.05,16.05,-0.20,"1,210",5880
103/05/02,"2,092,456","33,802,594",16.05,16.20,16.05,16.20,+0.15,477,5880
103/05/05,"3,089,516","49,902,550",16.20,16.20,16.10,16.15,-0.05,741,5880
103/05/06,"2,361,180","38,190,296",16.10,16.25,16.10,16.25,+0.10,672,5880
103/05/07,"4,013,064","64,845,358",16.25,16.25,16.10,16.25, 0.00,"1,735",5880
103/05/08,"5,214,425","84,721,114",16.25,16.30,16.15,16.30,+0.05,994,5880
103/05/09,"4,777,777","77,430,018",16.30,16.30,16.15,16.30, 0.00,"1,340",5880
103/05/12,"3,179,207","51,549,527",16.30,16.30,16.15,16.20,-0.10,802,5880
103/05/13,"3,975,506","64,360,154",16.20,16.25,16.15,16.15,-0.05,"1,210",5880
103/05/14,"5,468,456","88,783,410",16.15,16.30,16.15,16.30,+0.15,"1,404",5880
103/05/15,"2,717,496","44,225,611",16.25,16.30,16.20,16.30, 0.00,711,5880
103/05/16,"2,626,828","42,746,426",16.30,16.30,16.20,16.30, 0.00,696,5880
103/05/19,"2,914,089","47,458,375",16.25,16.35,16.20,16.35,+0.05,515,5880
103/05/20,"2,375,893","38,619,547",16.30,16.35,16.20,16.20,-0.15,711,5880
103/05/21,"4,314,670","69,969,732",16.20,16.30,16.15,16.25,+0.05,"1,022",5880
103/05/22,"4,794,234","78,060,626",16.30,16.35,16.20,16.35,+0.10,"1,295",5880
103/05/23,"3,344,759","54,535,211",16.25,16.35,16.25,16.35, 0.00,995,5880
103/05/26,"6,668,263","109,143,946",16.35,16.45,16.30,16.35, 0.00,"1,289",5880
103/05/27,"4,227,637","69,329,127",16.40,16.45,16.35,16.40,+0.05,"1,209",5880
103/05/28,"16,239,305","268,070,863",16.40,16.60,16.35,16.55,+0.15,"2,958",5880
103/05/29,"5,615,581","92,967,469",16.55,16.60,16.50,16.50,-0.05,"1,746",5880
103/05/30,"11,290,406","186,255,339",16.55,16.60,16.45,16.45,-0.05,"2,658",5880
103/06/03,"6,134,038","101,311,593",16.50,16.55,16.45,16.55,+0.10,"1,489",5880
103/06/04,"5,524,018","91,112,719",16.55,16.55,16.40,16.50,-0.05,"1,334",5880
103/06/05,"2,955,012","48,539,159",16.50,16.50,16.40,16.45,-0.05,930,5880
103/06/06,"2,708,489","44,584,650",16.40,16.50,16.40,16.50,+0.05,690,5880
103/06/09,"3,553,278","58,687,669",16.50,16.55,16.50,16.55,+0.05,751,5880
103/06/10,"8,456,217","140,082,157",16.55,16.60,16.50,16.60,+0.05,"1,429",5880
103/06/11,"3,991,095","66,219,135",16.60,16.65,16.55,16.60, 0.00,909,5880
103/06/12,"5,905,815","97,948,005",16.55,16.65,16.50,16.60, 0.00,"1,331",5880
103/06/13,"4,465,562","74,086,667",16.60,16.65,16.50,16.65,+0.05,"1,289",5880
103/06/16,"11,864,313","198,285,619",16.65,16.75,16.65,16.70,+0.05,"2,146",5880
103/06/17,"9,401,226","157,777,415",16.70,16.85,16.70,16.85,+0.15,"2,778",5880
103/06/18,"13,842,456","232,960,790",16.85,16.90,16.70,16.85, 0.00,"2,617",5880
103/06/19,"5,639,764","94,791,769",16.85,16.90,16.75,16.75,-0.10,"1,412",5880
103/06/20,"5,817,423","97,665,878",16.75,16.85,16.75,16.75, 0.00,912,5880
103/06/23,"9,301,405","155,864,551",16.75,16.85,16.65,16.75, 0.00,"1,752",5880
103/06/24,"7,445,579","124,942,475",16.75,16.85,16.70,16.80,+0.05,"1,572",5880
103/06/25,"7,556,104","127,336,782",16.80,16.90,16.75,16.90,+0.10,"1,686",5880
103/06/26,"7,770,951","131,577,893",16.90,17.00,16.85,17.00,+0.10,"1,845",5880
103/06/27,"8,464,231","143,817,062",17.00,17.05,16.90,17.05,+0.05,"1,684",5880
103/06/30,"6,564,168","111,827,406",17.05,17.10,16.95,17.10,+0.05,"1,564",5880
103/07/01,"5,399,432","92,239,244",17.10,17.15,17.00,17.05,-0.05,"1,361",5880
103/07/02,"10,131,217","173,374,289",17.10,17.20,17.00,17.10,+0.05,"1,797",5880
103/07/03,"6,336,503","107,938,189",17.10,17.10,16.95,17.00,-0.10,911,5880
103/07/04,"7,675,020","130,834,040",17.00,17.10,16.95,17.05,+0.05,"2,062",5880
103/07/07,"7,274,177","123,569,283",17.05,17.05,16.90,17.00,-0.05,"1,436",5880
103/07/08,"5,539,402","94,149,511",16.95,17.10,16.90,17.05,+0.05,"1,557",5880
103/07/09,"5,127,722","87,615,610",17.05,17.15,17.00,17.15,+0.10,"1,293",5880
103/07/10,"13,342,490","230,390,354",17.15,17.35,17.10,17.35,+0.20,"3,049",5880
103/07/11,"8,993,481","155,260,792",17.30,17.35,17.20,17.20,-0.15,"1,625",5880
103/07/14,"9,658,817","167,052,196",17.20,17.40,17.15,17.30,+0.10,"2,008",5880
103/07/15,"9,497,824","165,204,685",17.35,17.45,17.30,17.40,+0.10,"2,424",5880
103/07/16,"10,514,125","183,083,813",17.40,17.50,17.35,17.35,-0.05,"2,317",5880
103/07/17,"8,823,320","153,909,928",17.35,17.50,17.35,17.50,+0.15,"2,292",5880
103/07/18,"8,298,886","145,029,417",17.45,17.55,17.40,17.50, 0.00,"1,940",5880
103/07/21,"7,186,754","125,630,830",17.50,17.55,17.40,17.50, 0.00,"1,673",5880
103/07/22,"7,713,706","135,138,168",17.50,17.60,17.40,17.60,+0.10,"2,050",5880
103/07/24,"6,932,677","122,289,735",17.60,17.70,17.55,17.65,+0.05,"1,552",5880
103/07/25,"11,504,894","203,506,774",17.60,17.75,17.60,17.75,+0.10,"2,073",5880
103/07/28,"16,185,550","290,676,350",17.70,18.10,17.70,18.10,+0.35,"3,710",5880
103/07/29,"18,897,917","340,596,338",18.05,18.15,17.80,17.90,-0.20,"4,248",5880
103/07/30,"12,756,337","229,534,016",17.85,18.10,17.85,18.10,+0.20,"2,637",5880
103/07/31,"11,027,990","197,497,252",18.10,18.10,17.80,17.90,-0.20,"1,862",5880
103/08/01,"8,601,647","152,064,472",17.50,17.80,17.50,17.75,-0.15,"1,577",5880
103/08/04,"12,809,510","225,366,749",17.60,17.70,17.50,17.60,-0.15,"2,211",5880
103/08/05,"19,601,461","339,897,642",17.60,17.60,17.20,17.30,-0.30,"4,214",5880
103/08/06,"13,004,642","226,202,373",17.30,17.55,17.20,17.55,+0.25,"2,001",5880
103/08/07,"5,979,250","104,599,663",17.55,17.60,17.40,17.55, 0.00,"1,320",5880
103/08/08,"7,572,919","132,100,760",17.40,17.50,17.35,17.50,-0.05,"1,282",5880
103/08/11,"8,311,758","145,452,900",17.50,17.55,17.45,17.50, 0.00,"1,317",5880
103/08/12,"8,660,797","151,488,384",17.50,17.55,17.40,17.55,+0.05,"1,655",5880
103/08/13,"19,657,292","347,438,461",17.50,17.75,17.50,17.75,+0.20,"2,382",5880
103/08/14,"7,810,056","138,060,700",17.80,17.80,17.65,17.65,-0.10,"1,266",5880
103/08/15,"17,766,320","312,065,355",17.65,17.65,17.55,17.55,-0.10,"1,422",5880
103/08/18,"30,165,671","528,230,086",17.60,17.60,17.45,17.45,-0.10,"2,976",5880
103/08/19,"23,657,754","387,765,166",16.30,16.45,16.25,16.40,X0.00,"3,598",5880
103/08/20,"8,978,610","148,852,360",16.45,16.65,16.45,16.65,+0.25,"3,971",5880
103/08/21,"10,037,874","167,829,960",16.60,16.80,16.55,16.80,+0.15,"2,265",5880
103/08/22,"9,983,971","169,236,782",16.80,17.00,16.80,16.95,+0.15,"2,777",5880
103/08/25,"9,336,828","157,994,559",16.95,17.05,16.85,16.90,-0.05,"2,274",5880
103/08/26,"7,044,109","118,875,259",16.85,16.95,16.80,16.90, 0.00,"2,041",5880
103/08/27,"10,629,747","180,061,760",16.90,17.00,16.85,16.85,-0.05,"3,528",5880
103/08/28,"6,406,703","107,803,917",16.85,16.90,16.75,16.85, 0.00,"1,832",5880
103/08/29,"8,200,083","137,401,724",16.80,16.85,16.70,16.70,-0.15,"1,670",5880
103/09/01,"4,119,120","69,267,879",16.70,16.90,16.70,16.75,+0.05,"1,594",5880
103/09/02,"4,556,726","76,419,145",16.80,16.85,16.70,16.75, 0.00,"1,349",5880
103/09/03,"6,058,577","101,748,922",16.75,16.85,16.75,16.80,+0.05,"1,151",5880
103/09/04,"7,512,906","126,283,505",16.80,16.85,16.75,16.85,+0.05,"1,195",5880
103/09/05,"6,816,447","114,610,363",16.85,16.90,16.75,16.85, 0.00,711,5880
103/09/09,"12,021,736","203,220,357",16.90,17.00,16.80,16.85, 0.00,"1,598",5880
103/09/10,"8,881,013","149,491,153",16.90,17.00,16.75,16.80,-0.05,"2,328",5880
103/09/11,"10,997,986","185,760,771",16.90,17.00,16.75,16.90,+0.10,"1,721",5880
103/09/12,"4,794,880","80,771,610",16.90,16.90,16.80,16.85,-0.05,"1,078",5880
103/09/15,"7,907,103","132,047,455",16.80,16.80,16.65,16.65,-0.20,"1,495",5880
103/09/16,"6,607,575","109,713,118",16.65,16.70,16.55,16.55,-0.10,"1,153",5880
103/09/17,"12,512,607","208,520,352",16.55,16.90,16.55,16.60,+0.05,"2,289",5880
103/09/18,"9,100,522","152,162,014",16.60,16.90,16.60,16.65,+0.05,"1,366",5880
103/09/19,"5,623,793","93,526,166",16.75,16.75,16.60,16.60,-0.05,"1,077",5880
103/09/22,"9,510,423","158,061,244",16.60,16.85,16.50,16.50,-0.10,"2,215",5880
103/09/23,"5,472,911","90,218,420",16.55,16.55,16.45,16.45,-0.05,"1,307",5880
103/09/24,"5,004,927","82,558,830",16.45,16.60,16.45,16.45, 0.00,"1,381",5880
103/09/25,"6,255,446","102,744,115",16.55,16.55,16.35,16.40,-0.05,"1,155",5880
103/09/26,"4,765,494","78,015,291",16.35,16.45,16.30,16.35,-0.05,996,5880
103/09/29,"9,066,475","148,152,025",16.45,16.45,16.30,16.35, 0.00,"2,122",5880
103/09/30,"6,475,174","105,689,985",16.30,16.40,16.25,16.40,+0.05,"1,614",5880
103/10/01,"6,071,269","98,890,927",16.35,16.35,16.25,16.30,-0.10,"2,128",5880
103/10/02,"8,681,157","140,693,536",16.25,16.30,16.15,16.15,-0.15,"2,408",5880
103/10/03,"6,339,548","103,300,454",16.20,16.40,16.15,16.40,+0.25,"1,669",5880
103/10/06,"6,362,127","103,416,993",16.35,16.35,16.20,16.20,-0.20,"2,346",5880
103/10/07,"5,943,852","96,057,725",16.20,16.25,16.10,16.15,-0.05,"1,774",5880
103/10/08,"8,862,626","143,577,926",16.10,16.30,16.05,16.25,+0.10,"2,003",5880
103/10/09,"4,621,444","75,103,680",16.25,16.35,16.20,16.30,+0.05,"1,398",5880
103/10/13,"8,932,303","143,807,313",16.10,16.20,16.05,16.05,-0.25,"2,281",5880
103/10/14,"6,924,896","111,414,189",16.05,16.25,16.00,16.15,+0.10,"1,816",5880
103/10/15,"14,387,384","230,149,471",16.15,16.15,15.95,15.95,-0.20,"2,925",5880
103/10/16,"7,527,298","119,734,418",15.90,16.00,15.85,15.90,-0.05,"1,964",5880
103/10/17,"9,990,894","158,420,654",15.95,16.00,15.80,15.80,-0.10,"3,000",5880
103/10/20,"3,702,629","58,942,814",15.90,15.95,15.85,15.95,+0.15,"1,275",5880
103/10/21,"2,637,514","42,005,474",15.95,15.95,15.85,15.95, 0.00,"1,135",5880
103/10/22,"4,042,967","64,649,672",16.00,16.05,15.95,16.00,+0.05,"1,124",5880
103/10/23,"2,074,039","33,195,146",16.00,16.05,15.95,16.05,+0.05,656,5880
103/10/24,"4,656,735","74,394,808",16.05,16.05,15.95,16.00,-0.05,"1,239",5880
103/10/27,"3,815,425","61,189,779",16.05,16.10,16.00,16.05,+0.05,"1,001",5880
103/10/28,"10,631,195","171,810,987",16.15,16.20,16.10,16.15,+0.10,"2,669",5880
103/10/29,"6,224,018","100,685,690",16.20,16.20,16.10,16.20,+0.05,"1,751",5880
103/10/30,"5,203,439","84,030,887",16.15,16.20,16.10,16.20, 0.00,936,5880
103/10/31,"6,290,661","101,975,788",16.25,16.25,16.15,16.25,+0.05,"1,292",5880
103/11/03,"4,127,119","66,721,851",16.25,16.30,16.10,16.15,-0.10,"1,189",5880
103/11/04,"6,648,432","107,653,424",16.20,16.25,16.10,16.15, 0.00,"1,679",5880
103/11/05,"4,000,292","64,756,207",16.20,16.25,16.10,16.25,+0.10,"1,147",5880
103/11/06,"3,809,214","61,801,793",16.25,16.25,16.15,16.25, 0.00,"1,645",5880
103/11/07,"2,672,247","43,225,476",16.20,16.25,16.15,16.15,-0.10,690,5880
103/11/10,"7,479,392","121,756,761",16.15,16.35,16.15,16.30,+0.15,"2,386",5880
103/11/11,"2,759,919","44,964,743",16.30,16.35,16.25,16.30, 0.00,"1,066",5880
103/11/12,"4,483,992","72,476,388",16.30,16.30,16.10,16.10,-0.20,"1,228",5880
103/11/13,"3,905,971","63,132,354",16.15,16.25,16.05,16.25,+0.15,"1,140",5880
103/11/14,"7,841,359","126,903,994",16.25,16.25,16.10,16.25, 0.00,"1,418",5880
103/11/17,"4,738,105","76,586,278",16.20,16.25,16.10,16.20,-0.05,"1,551",5880
103/11/18,"7,088,086","115,068,865",16.20,16.30,16.15,16.25,+0.05,"1,364",5880
103/11/19,"14,002,476","228,588,847",16.25,16.35,16.25,16.35,+0.10,"2,539",5880
103/11/20,"6,279,352","102,701,145",16.35,16.40,16.30,16.40,+0.05,"1,600",5880
103/11/21,"2,887,315","47,015,267",16.30,16.40,16.20,16.20,-0.20,916,5880
103/11/24,"4,476,557","73,046,042",16.30,16.35,16.25,16.35,+0.15,"1,198",5880
103/11/25,"6,897,899","111,946,081",16.35,16.35,16.20,16.20,-0.15,"1,056",5880
103/11/26,"4,692,638","76,497,505",16.35,16.35,16.20,16.25,+0.05,"1,277",5880
103/11/27,"2,681,228","43,679,851",16.35,16.35,16.25,16.25, 0.00,973,5880
103/11/28,"5,190,778","84,412,707",16.25,16.30,16.20,16.30,+0.05,"1,185",5880
103/12/01,"9,194,904","148,191,621",16.15,16.25,16.05,16.10,-0.20,"1,759",5880
103/12/02,"11,027,282","177,149,509",16.10,16.20,16.00,16.10, 0.00,"2,524",5880
103/12/03,"3,787,969","61,319,473",16.10,16.25,16.05,16.25,+0.15,"1,249",5880
103/12/04,"4,538,159","73,832,346",16.25,16.30,16.20,16.30,+0.05,"1,061",5880
103/12/05,"4,352,581","71,042,872",16.30,16.35,16.25,16.35,+0.05,"1,046",5880
103/12/08,"3,256,982","53,167,725",16.35,16.40,16.30,16.35, 0.00,784,5880
103/12/09,"2,891,178","47,152,273",16.30,16.35,16.25,16.35, 0.00,827,5880
103/12/10,"9,677,779","156,762,282",16.35,16.35,16.10,16.25,-0.10,"2,642",5880
103/12/11,"4,639,419","74,762,618",16.10,16.20,16.05,16.10,-0.15,"1,233",5880
103/12/12,"4,212,586","67,949,527",16.10,16.20,16.10,16.10, 0.00,"1,584",5880
103/12/15,"5,664,890","90,911,759",16.05,16.10,16.00,16.05,-0.05,"1,657",5880
103/12/16,"7,222,301","116,579,783",16.05,16.25,16.05,16.10,+0.05,"2,180",5880
103/12/17,"13,227,540","211,782,847",16.10,16.15,15.95,15.95,-0.15,"3,677",5880
103/12/18,"10,172,345","162,645,420",16.05,16.05,15.95,16.00,+0.05,"2,595",5880
103/12/19,"7,216,784","116,614,746",16.10,16.20,16.05,16.20,+0.20,"1,399",5880
103/12/22,"3,747,528","60,615,539",16.20,16.25,16.10,16.20, 0.00,731,5880
103/12/23,"2,550,005","41,228,048",16.20,16.25,16.10,16.15,-0.05,916,5880
103/12/24,"7,366,772","119,195,034",16.15,16.20,16.10,16.20,+0.05,"1,743",5880
103/12/25,"2,573,342","41,632,716",16.20,16.20,16.10,16.20, 0.00,747,5880
103/12/26,"4,572,138","74,175,102",16.15,16.25,16.15,16.25,+0.05,966,5880
103/12/27,"3,135,530","50,898,289",16.25,16.25,16.20,16.25, 0.00,418,5880
103/12/29,"6,852,249","111,536,347",16.25,16.30,16.20,16.20,-0.05,"2,275",5880
103/12/30,"4,056,898","65,861,720",16.30,16.30,16.20,16.20, 0.00,"1,160",5880
103/12/31,"2,928,924","47,564,495",16.25,16.30,16.15,16.30,+0.10,"1,066",5880
104/01/05,"4,712,481","76,045,471",16.20,16.25,16.10,16.10,-0.20,"1,538",5880
104/01/06,"12,844,837","205,779,615",16.10,16.10,16.00,16.00,-0.10,"4,330",5880
104/01/07,"5,806,226","93,035,703",16.00,16.10,16.00,16.00, 0.00,"1,950",5880
104/01/08,"5,338,988","85,979,520",16.10,16.15,16.05,16.15,+0.15,"1,014",5880
104/01/09,"3,514,393","56,828,598",16.20,16.25,16.10,16.20,+0.05,"1,030",5880
104/01/12,"2,486,239","40,022,515",16.10,16.15,16.05,16.10,-0.10,769,5880
104/01/13,"5,151,169","83,433,398",16.10,16.25,16.05,16.25,+0.15,"1,329",5880
104/01/14,"5,071,854","81,697,870",16.20,16.20,16.05,16.05,-0.20,"1,526",5880
104/01/15,"4,377,232","70,408,943",16.20,16.20,16.05,16.05, 0.00,983,5880
104/01/16,"7,724,696","124,093,131",16.05,16.15,16.00,16.15,+0.10,"1,980",5880
104/01/19,"4,873,569","78,711,617",16.20,16.25,16.05,16.15, 0.00,"1,433",5880
104/01/20,"4,684,510","75,541,477",16.10,16.15,16.05,16.10,-0.05,"1,149",5880
104/01/21,"5,817,700","93,830,996",16.15,16.20,16.05,16.20,+0.10,"1,863",5880
104/01/22,"7,497,152","121,142,070",16.20,16.20,16.10,16.15,-0.05,"1,909",5880
104/01/23,"13,744,713","222,697,459",16.20,16.25,16.15,16.25,+0.10,"2,588",5880
104/01/26,"8,303,885","134,317,841",16.25,16.25,16.15,16.20,-0.05,"1,700",5880
104/01/27,"10,177,577","164,936,007",16.25,16.25,16.15,16.25,+0.05,"1,462",5880
104/01/28,"10,101,543","163,563,111",16.20,16.25,16.15,16.20,-0.05,"2,429",5880
104/01/29,"14,807,491","239,709,712",16.15,16.20,16.15,16.20, 0.00,"2,211",5880
104/01/30,"13,717,086","222,922,892",16.20,16.30,16.20,16.30,+0.10,"2,931",5880
104/02/02,"14,442,250","232,741,012",16.10,16.15,16.05,16.15,X0.00,"3,015",5880
104/02/03,"9,911,303","159,620,849",16.15,16.15,16.05,16.10,-0.05,"1,679",5880
104/02/04,"16,720,236","269,403,014",16.10,16.15,16.05,16.15,+0.05,"3,779",5880
104/02/05,"8,950,711","144,466,290",16.15,16.15,16.10,16.15, 0.00,"1,310",5880
104/02/06,"8,157,512","131,587,488",16.15,16.15,16.05,16.15, 0.00,"2,308",5880
104/02/09,"4,303,019","69,326,572",16.10,16.15,16.05,16.15, 0.00,"1,181",5880
104/02/10,"6,350,166","102,467,055",16.10,16.15,16.05,16.15, 0.00,"1,429",5880
104/02/11,"6,148,091","99,182,079",16.15,16.15,16.10,16.15, 0.00,"1,673",5880
104/02/12,"5,905,210","95,216,856",16.10,16.15,16.10,16.15, 0.00,"1,484",5880
104/02/13,"8,947,369","144,146,250",16.15,16.15,16.10,16.10,-0.05,"2,127",5880
104/02/24,"18,670,398","300,118,784",16.10,16.15,16.05,16.10, 0.00,"4,694",5880
104/02/25,"16,837,256","271,314,396",16.10,16.15,16.05,16.15,+0.05,"3,634",5880
104/02/26,"18,432,348","297,046,503",16.15,16.15,16.05,16.15, 0.00,"3,311",5880
104/03/02,"13,038,511","210,199,787",16.10,16.15,16.05,16.15, 0.00,"2,903",5880
104/03/03,"10,013,224","161,121,102",16.15,16.15,16.05,16.10,-0.05,"2,438",5880
104/03/04,"7,276,897","117,031,795",16.10,16.10,16.05,16.10, 0.00,"2,469",5880
104/03/05,"11,363,505","182,533,777",16.10,16.10,16.05,16.05,-0.05,"3,746",5880
104/03/06,"8,394,196","134,980,063",16.05,16.10,16.05,16.10,+0.05,"1,447",5880
104/03/09,"9,498,137","152,400,516",16.05,16.10,16.00,16.05,-0.05,"2,528",5880
104/03/10,"10,048,118","161,057,746",16.05,16.10,16.00,16.00,-0.05,"2,551",5880
104/03/11,"14,911,928","238,559,795",16.00,16.05,15.95,15.95,-0.05,"4,132",5880
104/03/12,"19,147,225","306,146,650",15.95,16.05,15.95,16.00,+0.05,"5,457",5880
104/03/13,"10,712,363","171,355,258",16.00,16.05,15.95,15.95,-0.05,"2,304",5880
104/03/16,"12,942,171","206,188,686",15.95,16.00,15.90,15.90,-0.05,"3,623",5880
104/03/17,"13,976,867","222,950,672",16.00,16.00,15.90,15.95,+0.05,"3,379",5880
104/03/18,"17,928,899","285,255,877",15.90,15.95,15.85,15.95, 0.00,"4,508",5880
104/03/19,"13,923,912","222,162,271",15.95,16.00,15.90,15.95, 0.00,"3,586",5880
104/03/20,"12,440,153","198,507,657",15.95,16.00,15.95,15.95, 0.00,"2,305",5880
104/03/23,"5,176,585","82,645,237",15.95,16.00,15.90,15.95, 0.00,"1,451",5880
104/03/24,"10,895,206","174,677,146",16.00,16.10,15.95,16.05,+0.10,"2,646",5880
104/03/25,"10,477,591","167,485,606",16.00,16.05,15.95,15.95,-0.10,"2,497",5880
104/03/26,"11,890,627","190,035,432",15.95,16.05,15.90,16.05,+0.10,"2,323",5880
104/03/27,"95,915,686","1,515,997,682",15.85,15.90,15.75,15.80,-0.25,"31,127",5880
104/03/30,"21,214,940","335,589,957",15.85,15.85,15.80,15.80, 0.00,"8,095",5880
104/03/31,"19,496,853","308,897,638",15.80,15.90,15.80,15.85,+0.05,"5,612",5880
104/04/01,"13,164,395","208,282,877",15.85,15.85,15.80,15.80,-0.05,"3,871",5880
104/04/02,"17,142,730","272,379,808",15.80,15.95,15.80,15.95,+0.15,"4,968",5880
104/04/07,"13,455,357","214,947,412",15.95,16.00,15.90,16.00,+0.05,"3,450",5880
104/04/08,"10,815,848","172,405,054",16.00,16.00,15.90,15.90,-0.10,"3,071",5880
104/04/09,"13,967,075","223,179,630",15.95,16.00,15.90,16.00,+0.10,"3,917",5880
104/04/10,"11,887,493","189,874,538",16.00,16.00,15.90,16.00, 0.00,"2,972",5880
104/04/13,"7,323,225","117,037,500",16.00,16.00,15.95,16.00, 0.00,"1,823",5880
104/04/14,"9,369,569","149,684,044",16.00,16.00,15.95,15.95,-0.05,"2,323",5880
104/04/15,"16,434,505","261,780,761",15.95,16.00,15.90,15.90,-0.05,"4,081",5880
104/04/16,"10,209,043","163,130,188",15.95,16.00,15.90,16.00,+0.10,"2,808",5880
104/04/17,"13,243,926","211,823,297",16.00,16.05,15.95,16.00, 0.00,"3,190",5880
104/04/20,"9,002,361","144,103,026",16.00,16.05,15.95,16.05,+0.05,"2,374",5880
104/04/21,"7,658,873","122,757,968",16.00,16.05,16.00,16.05, 0.00,"2,262",5880
104/04/22,"9,736,371","156,223,036",16.00,16.10,16.00,16.05, 0.00,"2,330",5880
104/04/23,"52,622,240","853,955,985",16.05,16.30,16.05,16.25,+0.20,"10,583",5880
104/04/24,"32,019,822","521,658,117",16.30,16.35,16.20,16.35,+0.10,"6,225",5880
104/04/27,"52,695,784","877,681,279",16.40,16.80,16.40,16.75,+0.40,"9,630",5880
104/04/28,"28,803,295","481,665,185",16.75,16.80,16.60,16.80,+0.05,"6,066",5880
104/04/29,"23,553,176","392,290,011",16.80,16.80,16.55,16.60,-0.20,"4,366",5880
104/04/30,"17,538,476","290,799,212",16.55,16.65,16.55,16.55,-0.05,"3,433",5880
104/05/04,"11,292,504","187,779,718",16.60,16.70,16.55,16.60,+0.05,"2,458",5880
104/05/05,"10,790,868","178,892,644",16.60,16.65,16.50,16.60, 0.00,"2,566",5880
104/05/06,"9,240,750","152,601,995",16.55,16.60,16.45,16.55,-0.05,"2,269",5880
104/05/07,"17,607,446","288,958,292",16.50,16.50,16.35,16.35,-0.20,"2,766",5880
104/05/08,"8,660,667","141,774,819",16.35,16.40,16.35,16.35, 0.00,"1,867",5880
104/05/11,"12,435,066","203,530,980",16.45,16.45,16.30,16.30,-0.05,"2,436",5880
104/05/12,"14,810,774","243,367,758",16.35,16.50,16.35,16.50,+0.20,"2,841",5880
104/05/13,"22,693,770","377,839,929",16.60,16.75,16.50,16.65,+0.15,"4,965",5880
104/05/14,"18,052,008","297,062,490",16.60,16.60,16.35,16.40,-0.25,"3,948",5880
104/05/15,"11,495,503","187,760,681",16.40,16.40,16.30,16.30,-0.10,"2,886",5880
104/05/18,"8,960,761","146,293,193",16.35,16.40,16.25,16.40,+0.10,"1,877",5880
104/05/19,"8,043,879","132,251,006",16.40,16.50,16.35,16.45,+0.05,"2,120",5880
104/05/20,"9,852,009","161,465,551",16.45,16.45,16.35,16.35,-0.10,"3,421",5880
104/05/21,"18,146,332","295,392,126",16.30,16.35,16.25,16.30,-0.05,"4,447",5880
104/05/22,"8,390,995","137,239,327",16.35,16.40,16.25,16.40,+0.10,"2,171",5880
104/05/25,"7,125,610","115,918,557",16.20,16.35,16.20,16.35,-0.05,"1,565",5880
104/05/26,"6,120,156","100,158,853",16.40,16.40,16.30,16.40,+0.05,"1,789",5880
104/05/27,"6,611,914","108,289,260",16.35,16.40,16.30,16.40, 0.00,"1,561",5880
104/05/28,"10,465,148","171,614,988",16.45,16.45,16.35,16.40, 0.00,"2,596",5880
104/05/29,"22,423,562","367,230,102",16.40,16.45,16.35,16.35,-0.05,"2,004",5880
104/06/01,"7,692,990","125,579,563",16.35,16.40,16.30,16.30,-0.05,"2,109",5880
104/06/02,"9,722,122","158,529,708",16.30,16.35,16.25,16.35,+0.05,"2,680",5880
104/06/03,"9,729,610","158,434,587",16.35,16.35,16.25,16.30,-0.05,"2,326",5880
104/06/04,"19,086,529","308,484,064",16.25,16.30,16.10,16.10,-0.20,"3,947",5880
104/06/05,"13,592,136","218,944,607",16.10,16.15,16.05,16.15,+0.05,"3,015",5880
104/06/08,"14,909,959","239,857,303",16.10,16.15,16.05,16.10,-0.05,"3,257",5880
104/06/09,"11,173,932","179,353,012",16.05,16.10,16.00,16.00,-0.10,"2,884",5880
104/06/10,"7,791,542","125,384,497",16.05,16.15,16.00,16.10,+0.10,"2,167",5880
104/06/11,"7,476,024","120,485,802",16.15,16.15,16.10,16.10, 0.00,"2,425",5880
104/06/12,"9,609,429","154,442,827",16.05,16.15,16.05,16.05,-0.05,"2,075",5880
104/06/15,"4,667,100","75,015,476",16.10,16.15,16.05,16.05, 0.00,"1,478",5880
104/06/16,"10,614,857","170,600,384",16.10,16.15,16.05,16.05, 0.00,"2,229",5880
104/06/17,"16,402,404","263,082,113",16.05,16.10,16.00,16.05, 0.00,"4,474",5880
104/06/18,"22,327,715","360,547,961",16.05,16.25,16.00,16.25,+0.20,"2,679",5880
104/06/22,"8,618,835","139,631,305",16.20,16.25,16.15,16.15,-0.10,"1,572",5880
104/06/23,"5,265,218","84,932,786",16.15,16.20,16.10,16.10,-0.05,"1,879",5880
104/06/24,"5,804,910","93,560,974",16.15,16.15,16.10,16.15,+0.05,"1,372",5880
104/06/25,"9,450,010","152,915,780",16.15,16.25,16.10,16.20,+0.05,"3,203",5880
104/06/26,"7,561,658","122,488,041",16.20,16.25,16.15,16.20, 0.00,"1,827",5880
104/06/29,"9,624,315","154,659,388",16.10,16.15,16.05,16.05,-0.15,"1,842",5880
104/06/30,"10,693,206","171,917,495",16.05,16.15,16.00,16.15,+0.10,"1,990",5880
104/07/01,"6,212,418","100,192,656",16.05,16.20,16.05,16.15, 0.00,"1,754",5880
104/07/02,"6,964,626","112,411,784",16.15,16.20,16.10,16.20,+0.05,"1,517",5880
104/07/03,"6,559,214","105,740,321",16.15,16.20,16.05,16.20, 0.00,"1,765",5880
104/07/06,"5,109,029","82,224,391",16.05,16.15,16.05,16.10,-0.10,904,5880
104/07/07,"4,654,951","75,183,638",16.15,16.20,16.10,16.15,+0.05,"1,117",5880
104/07/08,"18,406,801","295,371,332",16.10,16.15,16.00,16.00,-0.15,"2,826",5880
104/07/09,"20,023,625","318,213,536",15.95,15.95,15.80,15.90,-0.10,"3,631",5880
104/07/13,"11,148,925","177,929,750",16.00,16.00,15.90,16.00,+0.10,"2,344",5880
104/07/14,"9,620,458","154,221,778",16.00,16.10,16.00,16.00, 0.00,"2,277",5880
104/07/15,"8,662,985","138,980,160",16.05,16.10,16.00,16.10,+0.10,"1,611",5880
104/07/16,"4,782,679","76,892,980",16.00,16.10,16.00,16.10, 0.00,"1,072",5880
104/07/17,"7,520,605","121,050,565",16.05,16.15,16.05,16.15,+0.05,"1,358",5880
104/07/20,"5,100,411","82,187,349",16.15,16.20,16.05,16.15, 0.00,"1,223",5880
104/07/21,"6,255,749","100,819,437",16.15,16.15,16.05,16.10,-0.05,"1,467",5880
104/07/22,"4,269,955","68,689,003",16.10,16.15,16.05,16.05,-0.05,"1,250",5880
104/07/23,"9,959,795","159,644,670",16.05,16.10,15.95,16.05, 0.00,"1,746",5880
104/07/24,"5,166,340","82,728,990",16.05,16.10,15.95,16.05, 0.00,833,5880
104/07/27,"12,390,105","197,438,591",16.00,16.05,15.85,15.85,-0.20,"2,204",5880
104/07/28,"13,393,702","212,878,276",15.90,15.95,15.85,15.85, 0.00,"3,503",5880
104/07/29,"10,446,955","165,512,260",15.85,15.95,15.80,15.85, 0.00,"1,986",5880
104/07/30,"10,787,948","171,479,254",15.85,15.95,15.85,15.90,+0.05,"1,697",5880
104/07/31,"15,189,594","240,869,570",15.90,15.90,15.80,15.85,-0.05,"3,058",5880
104/08/03,"14,564,909","230,658,980",15.85,15.90,15.75,15.85, 0.00,"2,449",5880
104/08/04,"13,440,851","214,506,494",15.85,16.00,15.85,16.00,+0.15,"2,409",5880
104/08/05,"10,783,175","172,390,756",16.00,16.05,15.95,15.95,-0.05,"2,025",5880
104/08/06,"14,444,187","230,218,345",16.00,16.00,15.90,15.90,-0.05,"2,692",5880
104/08/07,"13,674,221","217,082,938",15.85,15.95,15.80,15.90, 0.00,"2,092",5880
104/08/10,"12,179,088","193,324,966",15.90,15.90,15.85,15.85,-0.05,"1,799",5880
104/08/11,"19,727,574","312,986,650",15.85,15.95,15.80,15.85, 0.00,"3,813",5880
104/08/12,"34,845,582","546,191,538",15.80,15.85,15.55,15.65,-0.20,"6,140",5880
104/08/13,"22,927,411","333,078,555",14.50,14.60,14.50,14.50,X0.00,"5,191",5880
104/08/14,"9,993,125","144,890,852",14.50,14.60,14.45,14.45,-0.05,"2,688",5880
104/08/17,"9,992,265","143,459,343",14.50,14.50,14.30,14.30,-0.15,"2,754",5880
104/08/18,"19,303,214","271,598,171",14.30,14.30,13.90,13.90,-0.40,"4,826",5880
104/08/19,"22,905,417","310,070,490",13.90,13.90,13.35,13.50,-0.40,"5,764",5880
104/08/20,"17,549,480","236,098,226",13.50,13.55,13.40,13.40,-0.10,"3,243",5880
104/08/21,"17,427,085","230,920,157",13.20,13.35,13.15,13.30,-0.10,"3,294",5880
104/08/24,"27,513,861","354,623,967",13.10,13.15,12.55,12.85,-0.45,"5,681",5880
104/08/25,"23,839,599","310,308,501",12.70,13.35,12.70,13.35,+0.50,"4,489",5880
104/08/26,"18,747,905","249,391,058",13.25,13.55,13.10,13.40,+0.05,"4,347",5880
104/08/27,"17,723,306","238,214,743",13.50,13.55,13.35,13.50,+0.10,"4,371",5880
104/08/28,"21,691,162","297,889,021",13.55,13.85,13.50,13.85,+0.35,"4,241",5880
104/08/31,"17,349,700","237,699,865",13.80,13.85,13.55,13.80,-0.05,"3,778",5880
104/09/01,"10,076,119","137,796,327",13.80,13.80,13.55,13.65,-0.15,"2,441",5880
104/09/02,"10,575,463","144,201,825",13.60,13.75,13.50,13.65, 0.00,"2,013",5880
104/09/03,"12,509,059","171,371,097",13.75,13.80,13.65,13.65, 0.00,"1,987",5880
104/09/04,"9,925,341","135,749,643",13.65,13.80,13.60,13.65, 0.00,"2,027",5880
104/09/07,"5,251,745","71,804,258",13.65,13.75,13.60,13.70,+0.05,"1,360",5880
104/09/08,"4,217,032","57,649,470",13.70,13.75,13.65,13.65,-0.05,"1,193",5880
104/09/09,"18,675,700","257,910,104",13.80,13.90,13.70,13.90,+0.25,"4,515",5880
104/09/10,"16,552,393","230,307,387",13.85,14.05,13.80,14.05,+0.15,"3,304",5880
104/09/11,"10,903,478","151,863,392",13.95,14.05,13.85,13.85,-0.20,"3,237",5880
104/09/14,"10,372,706","143,048,946",13.85,14.00,13.70,13.75,-0.10,"3,090",5880
104/09/15,"7,071,313","97,510,646",13.85,13.85,13.70,13.80,+0.05,"2,475",5880
104/09/16,"7,499,376","103,857,306",13.85,13.90,13.75,13.90,+0.10,"2,483",5880
104/09/17,"16,231,358","228,266,090",13.95,14.20,13.95,14.15,+0.25,"3,616",5880
104/09/18,"14,901,131","210,168,195",14.15,14.30,14.00,14.05,-0.10,"2,438",5880
104/09/21,"8,649,723","119,878,422",14.00,14.00,13.80,13.85,-0.20,"2,673",5880
104/09/22,"5,698,337","78,809,931",13.85,13.90,13.80,13.85, 0.00,"1,840",5880
104/09/23,"11,082,154","151,492,901",13.80,13.85,13.60,13.60,-0.25,"3,022",5880
104/09/24,"8,740,246","118,221,050",13.60,13.65,13.45,13.45,-0.15,"3,166",5880
104/09/25,"8,232,901","110,464,747",13.50,13.50,13.35,13.40,-0.05,"2,484",5880
104/09/30,"15,870,540","214,049,004",13.30,13.60,13.30,13.60,+0.20,"3,728",5880
104/10/01,"14,593,119","197,346,729",13.55,13.70,13.40,13.50,-0.10,"3,658",5880
104/10/02,"6,856,125","93,929,806",13.60,13.75,13.55,13.75,+0.25,"2,220",5880
104/10/05,"6,621,186","91,208,552",13.80,13.85,13.65,13.85,+0.10,"1,910",5880
104/10/06,"11,089,487","154,934,218",13.90,14.05,13.85,14.00,+0.15,"3,725",5880
104/10/07,"11,661,690","163,227,860",13.90,14.10,13.85,14.00, 0.00,"3,056",5880
104/10/08,"5,897,208","82,550,462",14.10,14.10,13.90,13.95,-0.05,"1,892",5880
104/10/12,"12,342,574","174,928,204",14.05,14.25,13.95,14.25,+0.30,"3,449",5880
104/10/13,"10,079,707","144,098,675",14.25,14.40,14.20,14.40,+0.15,"2,575",5880
104/10/14,"5,438,404","77,377,935",14.30,14.35,14.15,14.20,-0.20,"1,864",5880
104/10/15,"7,908,499","113,091,037",14.30,14.40,14.20,14.25,+0.05,"2,001",5880
104/10/16,"10,625,552","153,105,957",14.30,14.50,14.25,14.45,+0.20,"2,626",5880
104/10/19,"7,416,071","107,485,657",14.50,14.55,14.45,14.45, 0.00,"2,316",5880
104/10/20,"8,935,866","129,398,783",14.45,14.55,14.40,14.50,+0.05,"2,216",5880
104/10/21,"6,563,417","95,255,219",14.55,14.60,14.40,14.50, 0.00,"2,157",5880
104/10/22,"4,719,883","68,233,579",14.45,14.55,14.40,14.45,-0.05,"1,279",5880
104/10/23,"9,518,433","138,056,006",14.55,14.55,14.45,14.50,+0.05,"2,697",5880
104/10/26,"11,321,664","165,631,163",14.55,14.70,14.50,14.70,+0.20,"3,110",5880
104/10/27,"7,935,711","116,536,302",14.70,14.75,14.60,14.75,+0.05,"2,522",5880
104/10/28,"9,408,090","138,843,431",14.75,14.80,14.65,14.80,+0.05,"2,418",5880
104/10/29,"8,224,709","119,792,472",14.80,14.80,14.50,14.50,-0.30,"2,670",5880
104/10/30,"9,526,459","138,487,232",14.50,14.65,14.45,14.55,+0.05,"2,522",5880
104/11/02,"5,159,098","74,741,885",14.50,14.55,14.40,14.55, 0.00,"1,593",5880
104/11/03,"7,736,420","113,660,601",14.60,14.75,14.55,14.75,+0.20,"2,194",5880
104/11/04,"12,287,534","181,999,668",14.75,14.90,14.75,14.80,+0.05,"3,379",5880
104/11/05,"4,321,541","64,014,200",14.80,14.85,14.70,14.85,+0.05,"1,727",5880
104/11/06,"13,815,503","201,077,981",14.75,14.80,14.45,14.55,-0.30,"3,040",5880
104/11/09,"6,847,186","98,726,783",14.45,14.50,14.35,14.40,-0.15,"1,951",5880
104/11/10,"9,787,077","138,775,029",14.30,14.30,14.10,14.10,-0.30,"3,412",5880
104/11/11,"11,665,961","163,772,356",14.10,14.20,14.00,14.00,-0.10,"3,304",5880
104/11/12,"7,837,762","109,864,615",14.00,14.10,13.95,14.00, 0.00,"2,452",5880
104/11/13,"8,101,530","113,259,770",14.05,14.10,13.90,13.90,-0.10,"2,667",5880
104/11/16,"8,077,387","111,934,202",13.90,14.05,13.80,13.80,-0.10,"2,992",5880
104/11/17,"4,841,879","68,146,764",13.95,14.15,13.95,14.10,+0.30,"1,814",5880
104/11/18,"9,611,986","133,942,274",14.10,14.15,13.85,13.85,-0.25,"3,422",5880
104/11/19,"7,080,563","98,770,450",13.95,14.10,13.85,14.10,+0.25,"2,236",5880
104/11/20,"3,272,723","45,856,327",14.00,14.05,14.00,14.00,-0.10,"1,555",5880
104/11/23,"4,471,300","62,561,200",14.05,14.10,13.95,13.95,-0.05,"1,362",5880
104/11/24,"5,727,252","80,090,628",13.95,14.10,13.90,13.95, 0.00,"1,869",5880
104/11/25,"6,368,463","89,019,422",14.00,14.05,13.90,14.05,+0.10,"2,019",5880
104/11/26,"6,058,267","85,672,485",14.05,14.20,14.00,14.15,+0.10,"2,225",5880
104/11/27,"3,085,879","43,266,633",14.10,14.10,14.00,14.00,-0.15,"1,390",5880
104/11/30,"32,265,634","445,008,059",13.80,13.90,13.65,13.90,-0.10,"4,925",5880
104/12/01,"9,117,750","127,981,502",14.00,14.15,13.85,14.15,+0.25,"2,715",5880
104/12/02,"6,681,430","93,340,470",14.05,14.15,13.90,13.90,-0.25,"2,394",5880
104/12/03,"3,930,608","54,551,574",13.80,14.00,13.80,13.85,-0.05,"1,307",5880
104/12/04,"8,110,571","112,006,120",13.80,13.85,13.75,13.85, 0.00,"2,233",5880
104/12/07,"4,475,717","62,377,137",13.90,14.05,13.85,13.85, 0.00,"1,185",5880
104/12/08,"8,046,287","110,712,134",13.90,13.95,13.70,13.75,-0.10,"2,725",5880
104/12/09,"7,083,970","96,664,097",13.70,13.75,13.60,13.60,-0.15,"2,067",5880
104/12/10,"11,508,490","155,196,792",13.50,13.60,13.40,13.45,-0.15,"3,200",5880
104/12/11,"8,989,012","121,162,766",13.50,13.60,13.40,13.50,+0.05,"2,841",5880
104/12/14,"5,288,268","70,988,103",13.40,13.60,13.30,13.45,-0.05,"1,563",5880
104/12/15,"3,969,212","53,413,650",13.50,13.55,13.40,13.45, 0.00,"1,263",5880
104/12/16,"5,403,014","73,495,507",13.55,13.70,13.50,13.65,+0.20,"1,914",5880
104/12/17,"4,201,615","57,847,059",13.75,13.80,13.70,13.80,+0.15,"1,358",5880
104/12/18,"8,098,586","110,529,439",13.70,13.75,13.55,13.65,-0.15,"1,699",5880
104/12/21,"5,027,472","68,186,835",13.50,13.65,13.50,13.55,-0.10,"2,018",5880
104/12/22,"4,162,174","56,766,858",13.55,13.70,13.55,13.70,+0.15,"1,436",5880
104/12/23,"3,888,197","53,457,283",13.75,13.80,13.65,13.80,+0.10,"1,124",5880
104/12/24,"3,096,181","42,921,462",13.85,13.90,13.80,13.85,+0.05,"1,062",5880
104/12/25,"2,400,693","33,233,560",13.80,13.90,13.80,13.85, 0.00,640,5880
104/12/28,"5,082,611","70,662,428",13.85,14.00,13.85,13.95,+0.10,"1,565",5880
104/12/29,"4,057,233","56,261,848",13.95,13.95,13.80,13.90,-0.05,"1,027",5880
104/12/30,"3,671,674","50,751,977",13.90,13.95,13.75,13.75,-0.15,"1,037",5880
104/12/31,"3,304,525","45,560,342",13.75,13.85,13.75,13.75, 0.00,811,5880
105/01/04,"9,022,621","122,375,082",13.75,13.85,13.50,13.50,-0.25,"2,874",5880
105/01/05,"4,693,782","63,462,828",13.50,13.60,13.50,13.50, 0.00,"1,696",5880
105/01/06,"7,345,946","99,232,846",13.60,13.65,13.40,13.50, 0.00,"2,037",5880
105/01/07,"10,559,836","141,232,227",13.50,13.60,13.30,13.30,-0.20,"3,252",5880
105/01/08,"11,492,204","153,182,085",13.35,13.45,13.25,13.30, 0.00,"2,863",5880
105/01/11,"10,153,986","133,586,679",13.25,13.25,13.10,13.10,-0.20,"3,807",5880
105/01/12,"6,473,225","85,072,441",13.10,13.20,13.10,13.15,+0.05,"2,485",5880
105/01/13,"7,295,828","96,166,452",13.25,13.30,13.10,13.20,+0.05,"2,105",5880
105/01/14,"7,087,380","92,686,300",13.10,13.15,13.05,13.05,-0.15,"2,171",5880
105/01/15,"16,546,535","214,720,905",13.05,13.10,12.90,12.90,-0.15,"4,297",5880
105/01/18,"14,194,176","181,469,272",12.75,12.95,12.70,12.85,-0.05,"3,652",5880
105/01/19,"6,418,161","82,822,091",12.90,13.05,12.80,13.00,+0.15,"1,987",5880
105/01/20,"10,475,909","135,520,317",12.95,13.00,12.80,13.00, 0.00,"2,969",5880
105/01/21,"9,152,123","117,569,655",13.00,13.00,12.80,12.80,-0.20,"2,557",5880
105/01/22,"5,299,584","68,243,803",12.90,12.95,12.85,12.85,+0.05,"1,252",5880
105/01/25,"6,579,679","86,031,252",13.00,13.15,12.90,13.15,+0.30,"1,528",5880
105/01/26,"5,406,250","70,472,012",13.00,13.10,12.95,13.00,-0.15,"2,045",5880
105/01/27,"8,105,964","106,399,104",13.10,13.20,13.00,13.10,+0.10,"2,670",5880
105/01/28,"7,745,249","102,808,546",13.10,13.35,13.10,13.35,+0.25,"1,875",5880
105/01/29,"19,633,089","267,871,393",13.30,13.90,13.25,13.80,+0.45,"3,874",5880
105/01/30,"5,647,036","77,891,964",13.80,13.85,13.70,13.85,+0.05,"1,951",5880
105/02/01,"7,717,758","106,310,521",13.80,13.85,13.65,13.85, 0.00,"1,650",5880
105/02/02,"6,636,271","91,235,254",13.70,13.80,13.70,13.70,-0.15,"2,316",5880
105/02/03,"10,645,299","144,493,474",13.60,13.70,13.45,13.55,-0.15,"3,220",5880
105/02/15,"8,956,201","121,498,954",13.55,13.65,13.45,13.60,+0.05,"2,603",5880
105/02/16,"10,903,607","150,519,160",13.70,13.90,13.60,13.90,+0.30,"2,465",5880
105/02/17,"7,421,518","102,588,639",13.95,13.95,13.70,13.85,-0.05,"2,575",5880
105/02/18,"7,743,334","107,344,422",13.90,13.95,13.80,13.80,-0.05,"2,129",5880
105/02/19,"6,879,329","95,513,792",13.80,13.95,13.80,13.95,+0.15,"2,498",5880
105/02/22,"7,546,408","105,402,512",13.95,14.05,13.90,13.90,-0.05,"1,706",5880
105/02/23,"4,957,911","69,213,718",13.95,14.00,13.90,13.95,+0.05,"1,696",5880
105/02/24,"5,414,335","75,436,190",13.95,14.00,13.90,13.95, 0.00,"1,431",5880
105/02/25,"6,223,784","87,044,376",14.00,14.00,13.90,14.00,+0.05,"2,146",5880
105/02/26,"13,734,204","193,419,337",14.05,14.15,13.95,14.15,+0.15,"2,246",5880
105/03/01,"7,619,546","107,209,572",14.05,14.15,14.00,14.10,-0.05,"2,623",5880
105/03/02,"8,039,407","114,230,792",14.15,14.25,14.10,14.25,+0.15,"2,534",5880
105/03/03,"11,635,395","166,705,653",14.20,14.40,14.20,14.40,+0.15,"3,308",5880
105/03/04,"7,426,958","106,702,734",14.35,14.40,14.30,14.35,-0.05,"2,358",5880
105/03/07,"9,310,962","133,918,064",14.35,14.45,14.30,14.40,+0.05,"2,351",5880
105/03/08,"9,055,191","129,907,663",14.40,14.40,14.25,14.40, 0.00,"2,080",5880
105/03/09,"6,905,774","98,257,568",14.30,14.35,14.15,14.20,-0.20,"1,806",5880
105/03/10,"8,712,872","125,070,829",14.20,14.45,14.20,14.40,+0.20,"2,469",5880
105/03/11,"9,338,084","134,543,615",14.40,14.45,14.30,14.45,+0.05,"2,246",5880
105/03/14,"9,857,903","142,385,205",14.45,14.50,14.35,14.45, 0.00,"2,866",5880
105/03/15,"10,850,738","154,971,419",14.40,14.40,14.15,14.30,-0.15,"2,723",5880
105/03/16,"6,618,668","94,742,594",14.20,14.35,14.20,14.30, 0.00,"1,855",5880
105/03/17,"16,316,644","235,267,844",14.35,14.50,14.30,14.45,+0.15,"3,068",5880
105/03/18,"16,032,640","232,156,101",14.40,14.50,14.35,14.50,+0.05,"3,320",5880
105/03/21,"9,370,685","134,630,035",14.50,14.50,14.30,14.45,-0.05,"2,109",5880
105/03/22,"8,186,571","117,836,970",14.45,14.45,14.30,14.45, 0.00,"2,012",5880
105/03/23,"6,152,690","89,033,168",14.45,14.50,14.40,14.50,+0.05,"1,645",5880
105/03/24,"6,452,470","92,950,391",14.45,14.45,14.35,14.45,-0.05,"2,354",5880
105/03/25,"2,908,590","41,868,213",14.45,14.45,14.35,14.40,-0.05,796,5880
105/03/28,"5,022,143","71,971,958",14.40,14.40,14.25,14.35,-0.05,"1,233",5880
105/03/29,"9,001,088","129,148,822",14.35,14.40,14.25,14.40,+0.05,"1,935",5880
105/03/30,"10,345,492","149,308,256",14.35,14.50,14.30,14.45,+0.05,"2,284",5880
105/03/31,"12,426,734","179,303,994",14.45,14.50,14.35,14.40,-0.05,"2,420",5880
105/04/01,"7,437,445","106,654,350",14.35,14.40,14.30,14.35,-0.05,"3,109",5880
105/04/06,"11,672,190","167,002,433",14.30,14.45,14.25,14.30,-0.05,"3,620",5880
105/04/07,"10,524,278","149,395,125",14.30,14.30,14.10,14.20,-0.10,"2,280",5880
105/04/08,"10,394,142","146,737,587",14.05,14.20,14.05,14.20, 0.00,"2,575",5880
105/04/11,"8,006,589","113,533,139",14.20,14.35,14.05,14.20, 0.00,"1,710",5880
105/04/12,"4,852,835","68,942,233",14.25,14.30,14.10,14.20, 0.00,"1,282",5880
105/04/13,"12,489,006","178,558,355",14.20,14.35,14.10,14.35,+0.15,"2,621",5880
105/04/14,"8,440,862","121,255,584",14.35,14.40,14.30,14.35, 0.00,"2,173",5880
105/04/15,"8,533,412","122,500,571",14.40,14.40,14.30,14.35, 0.00,"2,176",5880
105/04/18,"5,051,730","72,600,447",14.30,14.40,14.30,14.40,+0.05,"1,829",5880
105/04/19,"4,868,565","69,999,658",14.45,14.45,14.30,14.35,-0.05,"1,576",5880
105/04/20,"10,645,251","151,978,753",14.40,14.45,14.15,14.20,-0.15,"3,522",5880
105/04/21,"5,733,288","81,331,267",14.20,14.25,14.15,14.20, 0.00,"1,859",5880
105/04/22,"5,462,858","77,798,908",14.20,14.30,14.15,14.30,+0.10,"1,787",5880
105/04/25,"3,871,699","55,498,866",14.30,14.40,14.20,14.35,+0.05,"1,072",5880
105/04/26,"5,108,581","73,213,634",14.35,14.40,14.25,14.35, 0.00,"1,489",5880
105/04/27,"8,076,245","115,533,033",14.35,14.40,14.25,14.25,-0.10,"2,194",5880
105/04/28,"9,260,407","131,261,833",14.30,14.35,14.10,14.15,-0.10,"2,564",5880
105/04/29,"9,713,086","137,864,250",14.10,14.25,14.10,14.25,+0.10,"2,293",5880
105/05/03,"8,229,005","116,782,342",14.25,14.30,14.10,14.15,-0.10,"1,750",5880
105/05/04,"12,314,577","173,801,224",14.15,14.20,14.05,14.20,+0.05,"2,839",5880
105/05/05,"9,574,260","134,385,877",14.05,14.10,14.00,14.00,-0.20,"3,093",5880
105/05/06,"11,667,013","161,627,110",13.95,13.95,13.80,13.80,-0.20,"3,765",5880
105/05/09,"6,781,000","93,489,782",13.85,13.90,13.70,13.85,+0.05,"2,102",5880
105/05/10,"6,772,517","93,431,166",13.80,13.90,13.70,13.75,-0.10,"2,368",5880
105/05/11,"8,803,685","120,769,040",13.80,13.90,13.65,13.70,-0.05,"2,989",5880
105/05/12,"4,392,110","60,358,403",13.70,13.85,13.65,13.80,+0.10,"1,396",5880
105/05/13,"12,875,575","175,286,387",13.70,13.70,13.55,13.70,-0.10,"3,713",5880
105/05/16,"6,152,348","83,509,306",13.60,13.65,13.50,13.55,-0.15,"2,524",5880
105/05/17,"6,516,742","88,762,550",13.55,13.75,13.55,13.70,+0.15,"2,359",5880
105/05/18,"10,003,802","137,549,080",13.65,13.85,13.55,13.85,+0.15,"2,725",5880
105/05/19,"9,707,603","132,260,343",13.70,13.75,13.50,13.60,-0.25,"2,844",5880
105/05/20,"4,511,567","61,581,653",13.65,13.75,13.60,13.60, 0.00,"1,094",5880
105/05/23,"8,614,671","118,692,464",13.60,13.90,13.55,13.85,+0.25,"2,239",5880
105/05/24,"3,929,031","54,135,413",13.85,13.85,13.75,13.75,-0.10,"1,431",5880
105/05/25,"6,004,602","83,129,465",13.80,13.90,13.75,13.85,+0.10,"1,823",5880
105/05/26,"4,639,850","64,358,185",13.85,13.90,13.80,13.90,+0.05,"1,661",5880
105/05/27,"4,993,782","69,666,298",13.95,14.00,13.90,14.00,+0.10,"1,489",5880
105/05/30,"8,086,042","113,765,156",14.00,14.20,13.95,14.10,+0.10,"2,262",5880
105/05/31,"17,224,204","245,350,858",14.10,14.30,14.00,14.30,+0.20,"2,233",5880
105/06/01,"9,635,483","137,238,550",14.20,14.30,14.15,14.25,-0.05,"3,631",5880
105/06/02,"8,793,082","125,203,290",14.30,14.30,14.15,14.20,-0.05,"3,237",5880
105/06/03,"5,902,128","84,153,908",14.20,14.30,14.15,14.30,+0.10,"2,144",5880
105/06/04,"903,557","12,848,497",14.25,14.25,14.20,14.20,-0.10,410,5880
105/06/06,"5,506,198","78,432,842",14.30,14.35,14.15,14.20, 0.00,"1,726",5880
105/06/07,"18,070,250","258,836,400",14.25,14.40,14.20,14.40,+0.20,"3,723",5880
105/06/08,"11,929,370","171,865,906",14.40,14.45,14.35,14.40, 0.00,"3,162",5880
105/06/13,"9,328,363","132,261,585",14.35,14.40,14.10,14.20,-0.20,"2,608",5880
105/06/14,"4,314,737","61,343,598",14.15,14.30,14.15,14.30,+0.10,"1,472",5880
105/06/15,"7,090,860","101,184,793",14.25,14.30,14.15,14.30, 0.00,"1,931",5880
105/06/16,"5,683,000","80,446,623",14.25,14.30,14.10,14.10,-0.20,"2,014",5880
105/06/17,"8,678,028","123,817,228",14.20,14.30,14.15,14.30,+0.20,"2,393",5880
105/06/20,"4,147,075","59,225,998",14.30,14.30,14.20,14.30, 0.00,"1,645",5880
105/06/21,"7,414,175","105,899,913",14.25,14.35,14.20,14.35,+0.05,"2,051",5880
105/06/22,"7,330,889","104,762,142",14.30,14.35,14.20,14.35, 0.00,"1,830",5880
105/06/23,"4,149,893","59,306,162",14.25,14.35,14.25,14.30,-0.05,"1,250",5880
105/06/24,"14,571,108","205,677,041",14.30,14.35,14.00,14.00,-0.30,"3,190",5880
105/06/27,"6,823,261","95,426,390",13.85,14.10,13.85,14.05,+0.05,"1,896",5880
105/06/28,"3,414,970","47,885,101",14.00,14.10,13.95,14.05, 0.00,739,5880
105/06/29,"4,326,743","61,294,160",14.10,14.20,14.05,14.20,+0.15,"1,096",5880
105/06/30,"10,476,396","148,541,732",14.20,14.25,14.05,14.20, 0.00,"2,648",5880
105/07/01,"7,441,646","106,535,928",14.25,14.35,14.20,14.35,+0.15,"2,848",5880
105/07/04,"5,700,700","81,802,663",14.35,14.40,14.30,14.35, 0.00,"1,722",5880
105/07/05,"3,116,816","44,626,144",14.30,14.35,14.25,14.35, 0.00,"1,245",5880
105/07/06,"8,039,073","114,015,121",14.30,14.30,14.10,14.20,-0.15,"2,426",5880
105/07/07,"3,101,469","44,132,172",14.20,14.30,14.15,14.20, 0.00,"1,136",5880
105/07/11,"10,260,717","147,714,898",14.30,14.45,14.30,14.40,+0.20,"3,103",5880
105/07/12,"12,355,591","178,776,539",14.40,14.50,14.35,14.50,+0.10,"3,925",5880
105/07/13,"11,021,376","159,907,232",14.50,14.55,14.45,14.55,+0.05,"3,621",5880
105/07/14,"11,632,676","169,910,794",14.55,14.65,14.45,14.65,+0.10,"4,019",5880
105/07/15,"15,844,184","233,900,363",14.60,14.85,14.60,14.80,+0.15,"4,560",5880
105/07/18,"16,867,093","251,232,220",14.80,14.95,14.75,14.95,+0.15,"4,055",5880
105/07/19,"18,174,245","272,098,741",14.95,15.00,14.90,15.00,+0.05,"3,927",5880
105/07/20,"11,967,991","178,674,681",14.95,15.00,14.85,14.95,-0.05,"3,502",5880
105/07/21,"13,305,270","199,017,418",14.95,15.00,14.90,14.95, 0.00,"2,856",5880
105/07/22,"7,730,465","115,342,089",14.95,14.95,14.85,14.95, 0.00,"2,002",5880
105/07/25,"12,036,728","178,447,590",14.90,14.95,14.70,14.90,-0.05,"2,389",5880
105/07/26,"6,696,509","99,715,366",14.85,14.90,14.85,14.90, 0.00,"1,687",5880
105/07/27,"7,299,373","108,697,187",14.90,14.90,14.85,14.90, 0.00,"1,627",5880
105/07/28,"18,192,072","271,208,780",14.90,14.95,14.85,14.95,+0.05,"2,527",5880
105/07/29,"18,904,348","283,212,642",14.90,15.05,14.90,14.95, 0.00,"2,770",5880
105/08/01,"18,403,353","275,972,619",14.95,15.05,14.90,15.00,+0.05,"3,327",5880
105/08/02,"11,130,169","166,874,418",15.00,15.05,14.95,14.95,-0.05,"2,099",5880
105/08/03,"7,272,889","108,542,386",14.95,14.95,14.85,14.95, 0.00,"1,727",5880
105/08/04,"7,991,576","119,168,584",14.95,15.00,14.85,14.95, 0.00,"2,021",5880
105/08/05,"17,799,765","266,313,175",14.95,15.00,14.90,15.00,+0.05,"3,412",5880
105/08/08,"32,259,603","485,193,518",15.00,15.10,15.00,15.10,+0.10,"4,332",5880
105/08/09,"36,240,358","547,369,450",15.10,15.15,15.05,15.15,+0.05,"5,410",5880
105/08/10,"46,173,704","654,462,478",14.10,14.30,14.10,14.30,X0.00,"6,492",5880
105/08/11,"14,297,910","203,585,519",14.30,14.30,14.15,14.30, 0.00,"3,262",5880
105/08/12,"12,867,308","183,412,931",14.30,14.30,14.20,14.30, 0.00,"3,387",5880
105/08/15,"6,722,329","95,701,811",14.25,14.30,14.20,14.20,-0.10,"2,093",5880
105/08/16,"11,051,754","156,522,715",14.20,14.25,14.10,14.25,+0.05,"3,418",5880
105/08/17,"10,351,702","147,057,777",14.25,14.25,14.10,14.25, 0.00,"3,687",5880
105/08/18,"5,276,093","74,959,242",14.20,14.25,14.15,14.20,-0.05,"1,896",5880
105/08/19,"12,129,841","171,137,930",14.25,14.30,14.00,14.05,-0.15,"2,807",5880
105/08/22,"11,280,406","157,511,234",14.00,14.00,13.90,14.00,-0.05,"2,823",5880
105/08/23,"7,446,491","104,665,672",14.00,14.10,13.95,14.05,+0.05,"1,937",5880
105/08/24,"6,364,987","89,086,468",14.10,14.10,13.95,13.95,-0.10,"2,094",5880
105/08/25,"7,685,943","108,075,053",13.95,14.10,13.95,14.10,+0.15,"2,207",5880
105/08/26,"5,068,328","71,415,759",14.10,14.15,14.00,14.15,+0.05,"1,500",5880
105/08/29,"7,549,680","106,263,383",14.15,14.15,13.95,14.15, 0.00,"1,799",5880
105/08/30,"6,829,770","96,433,413",14.15,14.15,14.05,14.15, 0.00,"1,808",5880
105/08/31,"15,311,598","214,142,631",14.05,14.15,13.95,13.95,-0.20,"2,079",5880
105/09/01,"10,770,871","150,096,018",13.95,14.05,13.85,14.05,+0.10,"3,169",5880
105/09/02,"3,381,946","47,263,744",14.00,14.05,13.95,13.95,-0.10,"1,406",5880
105/09/05,"6,879,704","96,775,345",14.05,14.10,14.00,14.10,+0.15,"1,270",5880
105/09/06,"8,259,772","116,530,004",14.05,14.15,14.00,14.15,+0.05,"1,899",5880
105/09/07,"8,148,008","115,423,268",14.15,14.20,14.10,14.20,+0.05,"2,121",5880
105/09/08,"5,396,549","76,625,371",14.20,14.25,14.15,14.25,+0.05,"1,664",5880
105/09/09,"6,697,971","94,348,216",14.15,14.15,14.05,14.10,-0.15,"1,907",5880
105/09/10,"4,905,704","68,644,006",14.00,14.05,13.95,14.00,-0.10,"1,347",5880
105/09/12,"10,058,247","140,069,322",13.95,14.00,13.90,13.90,-0.10,"2,644",5880
105/09/13,"9,304,256","129,262,345",13.90,13.95,13.85,13.85,-0.05,"2,984",5880
105/09/14,"14,235,801","196,814,047",13.85,13.90,13.80,13.80,-0.05,"3,704",5880
105/09/19,"8,086,010","112,395,071",13.85,13.95,13.80,13.95,+0.15,"2,317",5880
105/09/20,"4,454,295","62,043,180",13.95,14.00,13.90,13.90,-0.05,"1,073",5880
105/09/21,"6,237,882","86,994,848",13.90,14.00,13.85,13.95,+0.05,"2,104",5880
105/09/22,"5,501,739","76,651,396",13.95,14.00,13.90,13.90,-0.05,"1,744",5880
105/09/23,"6,985,353","97,562,142",13.95,14.00,13.90,14.00,+0.10,"2,306",5880
105/09/26,"3,545,442","49,431,388",13.95,13.95,13.90,13.95,-0.05,"1,047",5880
105/09/29,"11,453,753","160,470,042",14.00,14.05,13.90,14.00,+0.05,"3,321",5880
105/09/30,"8,841,613","122,828,082",13.95,14.00,13.85,13.85,-0.15,"2,713",5880
105/10/03,"3,778,896","52,472,894",13.95,13.95,13.85,13.85, 0.00,"1,177",5880
105/10/04,"5,615,689","78,187,812",13.85,13.95,13.85,13.95,+0.10,"1,817",5880
105/10/05,"3,048,764","42,417,938",13.90,13.95,13.85,13.95, 0.00,"1,018",5880
105/10/06,"5,165,076","71,753,553",13.95,13.95,13.85,13.90,-0.05,"1,627",5880
105/10/07,"9,313,093","128,805,445",13.90,13.90,13.80,13.80,-0.10,"3,208",5880
105/10/11,"8,894,816","123,350,919",13.90,13.90,13.80,13.90,+0.10,"2,182",5880
105/10/12,"4,572,682","63,403,579",13.85,13.90,13.80,13.90, 0.00,"1,647",5880
105/10/13,"12,606,451","174,226,271",13.90,13.90,13.75,13.85,-0.05,"3,599",5880
105/10/14,"5,911,730","81,502,752",13.80,13.85,13.75,13.75,-0.10,"1,543",5880
105/10/17,"8,052,758","111,061,333",13.80,13.85,13.70,13.85,+0.10,"2,089",5880
105/10/18,"4,264,128","58,992,783",13.85,13.85,13.80,13.85, 0.00,"1,253",5880
105/10/19,"6,804,321","94,326,802",13.85,13.90,13.80,13.85, 0.00,"1,621",5880
105/10/20,"4,245,692","58,822,808",13.85,13.90,13.80,13.90,+0.05,"1,322",5880
105/10/21,"3,569,974","49,550,187",13.90,13.90,13.80,13.90, 0.00,"1,177",5880
105/10/24,"4,141,630","57,497,841",13.90,13.90,13.85,13.90, 0.00,"1,008",5880
105/10/25,"8,206,821","113,872,805",13.90,13.95,13.85,13.85,-0.05,"1,675",5880
105/10/26,"6,478,343","89,913,926",13.85,13.90,13.85,13.90,+0.05,"1,473",5880
105/10/27,"8,396,257","116,439,137",13.90,13.90,13.85,13.85,-0.05,"2,214",5880
105/10/28,"4,938,913","68,770,593",13.90,13.95,13.85,13.95,+0.10,"1,574",5880
105/10/31,"6,073,200","84,120,140",13.85,13.95,13.80,13.85,-0.10,"1,914",5880
105/11/01,"2,958,921","40,993,711",13.85,13.90,13.80,13.85, 0.00,938,5880
105/11/02,"4,116,394","56,909,362",13.80,13.85,13.80,13.85, 0.00,"1,259",5880
105/11/03,"9,067,291","125,106,638",13.80,13.85,13.75,13.80,-0.05,"2,119",5880
105/11/04,"17,295,541","237,114,481",13.80,13.80,13.65,13.70,-0.10,"3,931",5880
105/11/07,"11,984,770","164,231,349",13.75,13.80,13.65,13.75,+0.05,"2,568",5880
105/11/08,"7,782,368","107,510,175",13.80,13.90,13.75,13.90,+0.15,"1,897",5880
105/11/09,"17,411,512","239,025,841",13.90,13.95,13.60,13.65,-0.25,"4,476",5880
105/11/10,"6,823,784","94,119,024",13.80,13.85,13.75,13.75,+0.10,"1,987",5880
105/11/11,"13,902,347","190,083,819",13.70,13.75,13.65,13.65,-0.10,"4,246",5880
105/11/14,"13,461,762","183,825,959",13.65,13.75,13.60,13.60,-0.05,"3,405",5880
105/11/15,"9,046,251","123,576,095",13.60,13.75,13.60,13.65,+0.05,"2,662",5880
105/11/16,"8,699,236","119,018,101",13.70,13.75,13.65,13.65, 0.00,"2,557",5880
105/11/17,"7,666,067","104,852,295",13.65,13.75,13.60,13.70,+0.05,"1,801",5880
105/11/18,"9,983,822","136,498,878",13.70,13.75,13.65,13.70, 0.00,"3,777",5880
105/11/21,"7,382,221","101,423,196",13.70,13.80,13.65,13.80,+0.10,"2,021",5880
105/11/22,"9,991,742","137,328,450",13.80,13.80,13.70,13.70,-0.10,"2,491",5880
105/11/23,"8,086,544","111,281,585",13.70,13.80,13.65,13.80,+0.10,"2,344",5880
105/11/24,"8,267,232","114,062,945",13.80,13.85,13.75,13.80, 0.00,"1,992",5880
105/11/25,"5,696,145","78,762,562",13.80,13.85,13.80,13.85,+0.05,"1,295",5880
105/11/28,"21,349,156","298,940,484",13.85,14.10,13.85,14.05,+0.20,"3,941",5880
105/11/29,"16,410,502","229,294,935",14.05,14.05,13.90,13.95,-0.10,"3,339",5880
105/11/30,"23,645,899","331,877,686",13.95,14.05,13.95,14.05,+0.10,"2,479",5880
105/12/01,"8,696,803","122,216,892",14.05,14.10,14.00,14.00,-0.05,"2,260",5880
105/12/02,"10,148,199","142,281,486",14.00,14.10,13.95,14.00, 0.00,"1,995",5880
105/12/05,"7,635,186","106,394,000",14.00,14.05,13.90,13.90,-0.10,"2,232",5880
105/12/06,"8,400,353","117,589,379",14.05,14.05,13.95,14.00,+0.10,"2,139",5880
105/12/07,"6,508,244","91,106,366",14.05,14.05,13.95,14.00, 0.00,"1,583",5880
105/12/08,"25,836,690","366,530,431",14.05,14.25,14.05,14.25,+0.25,"6,011",5880
105/12/09,"12,761,410","182,159,105",14.25,14.30,14.20,14.30,+0.05,"3,180",5880
105/12/12,"9,127,372","130,406,036",14.30,14.35,14.25,14.30, 0.00,"1,979",5880
105/12/13,"8,969,464","127,996,938",14.25,14.30,14.20,14.30, 0.00,"3,330",5880
105/12/14,"6,326,379","90,190,322",14.30,14.35,14.20,14.20,-0.10,"1,633",5880
105/12/15,"9,572,445","135,774,487",14.15,14.25,14.10,14.20, 0.00,"1,709",5880
105/12/16,"14,818,241","209,026,942",14.20,14.20,14.05,14.05,-0.15,"1,925",5880
105/12/19,"8,811,294","123,419,266",14.05,14.10,14.00,14.00,-0.05,"1,728",5880
105/12/20,"8,730,377","122,007,828",14.00,14.05,13.95,14.00, 0.00,"1,737",5880
105/12/21,"10,839,237","151,367,918",14.00,14.00,13.90,13.95,-0.05,"2,273",5880
105/12/22,"11,213,241","156,150,907",13.95,14.00,13.90,13.90,-0.05,"2,568",5880
105/12/23,"8,381,377","116,390,306",13.90,13.95,13.85,13.85,-0.05,"2,480",5880
105/12/26,"3,948,170","54,885,284",13.85,13.95,13.85,13.95,+0.10,"1,064",5880
105/12/27,"7,693,504","106,816,384",13.95,13.95,13.80,13.90,-0.05,"1,428",5880
105/12/28,"7,008,004","98,048,356",13.90,14.05,13.90,14.05,+0.15,"1,347",5880
105/12/29,"6,513,610","90,849,984",14.00,14.00,13.90,13.95,-0.10,"1,511",5880
105/12/30,"7,770,475","109,064,550",14.00,14.10,13.95,14.05,+0.10,"2,153",5880
106/01/03,"2,097,635","29,418,390",14.05,14.05,14.00,14.05, 0.00,692,5880
106/01/04,"4,928,618","69,213,784",14.05,14.10,14.00,14.05, 0.00,"1,710",5880
106/01/05,"13,372,538","188,934,507",14.05,14.20,14.00,14.15,+0.10,"2,528",5880
106/01/06,"5,519,133","78,146,999",14.15,14.20,14.10,14.15, 0.00,"1,491",5880
106/01/09,"4,624,127","65,509,467",14.20,14.25,14.10,14.15, 0.00,"1,193",5880
106/01/10,"6,374,172","90,279,388",14.15,14.20,14.10,14.20,+0.05,"1,396",5880
106/01/11,"6,844,181","97,357,230",14.20,14.25,14.15,14.25,+0.05,"2,172",5880
106/01/12,"13,691,409","195,336,973",14.25,14.30,14.20,14.30,+0.05,"3,301",5880
106/01/13,"6,773,064","96,663,123",14.30,14.30,14.20,14.30, 0.00,"1,449",5880
106/01/16,"3,332,081","47,265,964",14.25,14.25,14.15,14.20,-0.10,919,5880
106/01/17,"5,658,393","80,134,319",14.20,14.20,14.15,14.15,-0.05,983,5880
106/01/18,"6,090,237","86,267,756",14.15,14.20,14.15,14.15, 0.00,"1,473",5880
106/01/19,"7,188,469","101,661,048",14.15,14.20,14.10,14.15, 0.00,"1,401",5880
106/01/20,"8,307,929","117,651,215",14.15,14.20,14.10,14.20,+0.05,"1,509",5880
106/01/23,"16,363,818","233,712,917",14.30,14.35,14.25,14.30,+0.10,"3,545",5880
106/01/24,"17,957,128","257,058,729",14.30,14.35,14.25,14.30, 0.00,"2,549",5880
106/02/02,"19,862,537","282,743,469",14.25,14.30,14.20,14.20,-0.10,"5,055",5880
106/02/03,"9,858,455","140,398,491",14.20,14.30,14.20,14.25,+0.05,"2,618",5880
106/02/06,"19,998,858","287,751,939",14.30,14.45,14.30,14.45,+0.20,"3,026",5880
106/02/07,"15,506,036","224,965,214",14.45,14.60,14.40,14.60,+0.15,"3,388",5880
106/02/08,"15,570,320","228,128,745",14.60,14.75,14.60,14.65,+0.05,"3,532",5880
106/02/09,"15,591,277","227,108,207",14.65,14.65,14.50,14.65, 0.00,"2,754",5880
106/02/10,"22,030,546","322,566,187",14.65,14.70,14.60,14.70,+0.05,"3,509",5880
106/02/13,"9,995,514","146,708,296",14.70,14.75,14.60,14.70, 0.00,"2,272",5880
106/02/14,"14,449,822","212,259,336",14.70,14.75,14.65,14.75,+0.05,"2,614",5880
106/02/15,"23,771,495","353,041,380",14.75,14.95,14.70,14.90,+0.15,"4,724",5880
106/02/16,"20,370,439","303,870,576",14.95,15.00,14.85,14.90, 0.00,"3,696",5880
106/02/17,"14,156,130","210,282,404",14.90,14.90,14.80,14.85,-0.05,"2,545",5880
106/02/18,"2,672,631","39,702,683",14.85,14.90,14.80,14.90,+0.05,860,5880
106/02/20,"8,205,107","121,663,721",14.90,14.90,14.80,14.80,-0.10,"1,822",5880
106/02/21,"6,015,750","89,011,046",14.80,14.85,14.75,14.80, 0.00,"1,684",5880
106/02/22,"11,586,625","171,510,098",14.85,14.90,14.70,14.85,+0.05,"1,998",5880
106/02/23,"12,334,290","181,655,890",14.80,14.85,14.65,14.70,-0.15,"2,450",5880
106/02/24,"13,826,924","203,060,065",14.70,14.75,14.65,14.65,-0.05,"1,834",5880
106/03/01,"16,879,973","247,530,518",14.70,14.75,14.60,14.65, 0.00,"3,038",5880
106/03/02,"15,980,908","235,593,391",14.75,14.80,14.70,14.75,+0.10,"1,903",5880
106/03/03,"8,699,460","128,215,994",14.75,14.80,14.65,14.75, 0.00,"2,310",5880
106/03/06,"6,193,122","91,175,390",14.70,14.80,14.70,14.75, 0.00,"1,505",5880
106/03/07,"4,183,267","61,778,386",14.75,14.80,14.70,14.80,+0.05,"1,243",5880
106/03/08,"7,008,164","103,493,460",14.75,14.85,14.70,14.75,-0.05,"2,041",5880
106/03/09,"9,977,098","146,791,545",14.75,14.80,14.65,14.75, 0.00,"3,432",5880
106/03/10,"8,809,159","129,416,459",14.70,14.75,14.65,14.70,-0.05,"2,354",5880
106/03/13,"7,384,133","108,874,989",14.70,14.80,14.70,14.80,+0.10,"1,564",5880
106/03/14,"10,191,365","151,143,642",14.80,14.90,14.75,14.80, 0.00,"2,225",5880
106/03/15,"8,316,869","123,282,647",14.80,14.90,14.80,14.85,+0.05,"2,079",5880
106/03/16,"16,666,449","247,995,703",14.90,14.90,14.85,14.90,+0.05,"2,815",5880
106/03/17,"18,382,245","273,692,923",14.90,14.90,14.85,14.90, 0.00,"2,829",5880
106/03/20,"6,638,583","98,723,199",14.90,14.90,14.85,14.85,-0.05,"1,366",5880
106/03/21,"11,381,844","169,422,449",14.85,14.90,14.85,14.90,+0.05,"3,433",5880
106/03/22,"8,187,959","121,525,288",14.85,14.90,14.80,14.90, 0.00,"1,704",5880
106/03/23,"6,868,933","102,134,752",14.90,14.90,14.85,14.90, 0.00,"2,115",5880
106/03/24,"5,952,916","88,542,943",14.85,14.90,14.85,14.90, 0.00,"2,062",5880
106/03/27,"7,580,302","112,564,141",14.85,14.90,14.80,14.90, 0.00,"2,493",5880
106/03/28,"26,681,038","400,078,024",14.90,15.05,14.90,15.05,+0.15,"5,468",5880
106/03/29,"19,805,935","299,682,608",15.10,15.20,15.05,15.20,+0.15,"4,362",5880
106/03/30,"14,904,623","225,682,889",15.15,15.20,15.10,15.15,-0.05,"3,983",5880
106/03/31,"11,226,050","169,848,617",15.15,15.20,15.10,15.10,-0.05,"2,997",5880
106/04/05,"16,755,820","254,385,964",15.10,15.25,15.10,15.25,+0.15,"5,136",5880
106/04/06,"14,177,361","216,421,883",15.25,15.35,15.20,15.30,+0.05,"3,583",5880
106/04/07,"13,666,242","209,174,811",15.30,15.35,15.25,15.35,+0.05,"3,288",5880
106/04/10,"9,756,631","149,858,191",15.35,15.40,15.30,15.35, 0.00,"2,762",5880
106/04/11,"14,891,099","229,789,755",15.35,15.50,15.35,15.45,+0.10,"3,814",5880
106/04/12,"20,897,739","322,058,283",15.45,15.50,15.35,15.35,-0.10,"3,685",5880
106/04/13,"12,946,130","199,585,999",15.40,15.50,15.35,15.45,+0.10,"2,556",5880
106/04/14,"14,753,881","225,423,079",15.40,15.45,15.20,15.20,-0.25,"2,933",5880
106/04/17,"10,092,679","152,699,530",15.20,15.25,15.00,15.20, 0.00,"2,099",5880
106/04/18,"4,978,755","75,674,289",15.20,15.25,15.15,15.25,+0.05,"1,240",5880
106/04/19,"11,869,216","179,165,614",15.20,15.25,15.00,15.10,-0.15,"3,795",5880
106/04/20,"9,004,815","135,380,925",15.00,15.10,15.00,15.00,-0.10,"2,028",5880
106/04/21,"5,955,074","90,270,868",15.10,15.20,15.10,15.20,+0.20,"1,446",5880
106/04/24,"8,531,024","129,621,222",15.25,15.25,15.10,15.25,+0.05,"1,526",5880
106/04/25,"13,448,547","204,648,524",15.25,15.30,15.15,15.30,+0.05,"3,255",5880
106/04/26,"17,617,852","270,350,763",15.30,15.45,15.25,15.45,+0.15,"3,381",5880
106/04/27,"6,224,053","95,617,979",15.40,15.40,15.35,15.35,-0.10,"1,064",5880
106/04/28,"9,100,312","139,409,432",15.35,15.40,15.25,15.35, 0.00,"1,817",5880
106/05/02,"15,375,735","237,042,797",15.35,15.45,15.35,15.45,+0.10,"2,643",5880
106/05/03,"8,978,098","138,950,943",15.45,15.50,15.45,15.50,+0.05,"2,367",5880
106/05/04,"12,644,757","196,555,994",15.50,15.60,15.45,15.60,+0.10,"2,657",5880
106/05/05,"7,475,078","116,387,650",15.60,15.60,15.50,15.55,-0.05,"1,689",5880
106/05/08,"11,179,902","174,158,363",15.60,15.65,15.50,15.60,+0.05,"1,756",5880
106/05/09,"10,950,916","170,867,130",15.60,15.65,15.50,15.65,+0.05,"3,187",5880
106/05/10,"7,072,433","110,312,772",15.60,15.65,15.55,15.60,-0.05,"1,998",5880
106/05/11,"12,178,970","189,921,831",15.60,15.65,15.55,15.60, 0.00,"2,591",5880
106/05/12,"5,486,887","85,597,500",15.60,15.65,15.55,15.60, 0.00,"1,663",5880
106/05/15,"11,212,315","175,048,855",15.60,15.65,15.55,15.65,+0.05,"1,930",5880
106/05/16,"18,081,092","282,244,246",15.65,15.70,15.55,15.65, 0.00,"3,114",5880
106/05/17,"10,317,140","161,607,043",15.65,15.70,15.60,15.70,+0.05,"2,190",5880
106/05/18,"6,826,168","106,558,128",15.60,15.65,15.55,15.65,-0.05,"1,226",5880
106/05/19,"8,615,726","134,477,181",15.60,15.65,15.55,15.65, 0.00,"3,016",5880
106/05/22,"4,859,866","75,916,095",15.65,15.65,15.60,15.65, 0.00,"1,404",5880
106/05/23,"10,524,746","164,731,003",15.60,15.70,15.60,15.65, 0.00,"2,682",5880
106/05/24,"9,184,991","143,478,049",15.65,15.65,15.60,15.60,-0.05,"2,103",5880
106/05/25,"7,517,605","117,683,886",15.60,15.70,15.60,15.70,+0.10,"2,010",5880
106/05/26,"12,749,902","199,830,592",15.70,15.70,15.65,15.70, 0.00,"2,788",5880
106/05/31,"25,140,204","392,757,464",15.70,15.75,15.55,15.55,-0.15,"4,934",5880
106/06/01,"9,630,722","150,420,353",15.55,15.70,15.55,15.65,+0.10,"2,399",5880
106/06/02,"6,485,961","101,441,140",15.60,15.70,15.60,15.65, 0.00,"2,249",5880
106/06/03,"2,953,719","46,243,947",15.65,15.70,15.60,15.65, 0.00,678,5880
106/06/05,"11,582,802","181,840,629",15.65,15.75,15.65,15.75,+0.10,"2,641",5880
106/06/06,"9,226,468","145,119,840",15.75,15.80,15.65,15.80,+0.05,"2,167",5880
106/06/07,"9,886,076","155,579,997",15.75,15.80,15.70,15.75,-0.05,"2,503",5880
106/06/08,"7,598,994","119,809,547",15.75,15.80,15.70,15.80,+0.05,"1,763",5880
106/06/09,"7,514,886","118,416,812",15.80,15.80,15.70,15.75,-0.05,"1,644",5880
106/06/12,"9,450,357","148,898,830",15.75,15.80,15.70,15.80,+0.05,"2,049",5880
106/06/13,"4,443,302","70,109,097",15.75,15.80,15.75,15.75,-0.05,"1,306",5880
106/06/14,"8,198,858","128,726,481",15.75,15.75,15.65,15.70,-0.05,"1,944",5880
106/06/15,"7,423,437","116,227,906",15.70,15.70,15.60,15.70, 0.00,"1,685",5880
106/06/16,"10,247,186","160,556,018",15.65,15.70,15.60,15.70, 0.00,"2,548",5880
106/06/19,"7,251,073","113,612,255",15.65,15.70,15.60,15.70, 0.00,"1,348",5880
106/06/20,"9,944,956","155,874,542",15.70,15.70,15.65,15.65,-0.05,"2,701",5880
106/06/21,"15,684,136","246,047,993",15.65,15.75,15.60,15.75,+0.10,"3,949",5880
106/06/22,"8,905,681","139,804,694",15.75,15.75,15.60,15.70,-0.05,"2,228",5880
106/06/23,"8,654,140","135,827,010",15.70,15.75,15.65,15.70, 0.00,"2,235",5880
106/06/26,"21,087,063","333,911,176",15.70,15.90,15.70,15.90,+0.20,"4,038",5880
106/06/27,"13,903,316","221,341,227",15.90,16.00,15.85,15.95,+0.05,"3,170",5880
106/06/28,"15,726,078","251,240,024",15.95,16.00,15.90,16.00,+0.05,"4,482",5880
106/06/29,"16,440,205","265,309,960",16.05,16.20,16.05,16.15,+0.15,"4,278",5880
106/06/30,"13,519,815","218,406,641",16.15,16.20,16.10,16.15, 0.00,"3,570",5880
106/07/03,"10,161,606","164,566,194",16.20,16.25,16.15,16.25,+0.10,"2,114",5880
106/07/04,"12,525,625","203,630,181",16.30,16.35,16.20,16.20,-0.05,"3,157",5880
106/07/05,"13,030,160","211,221,333",16.20,16.30,16.10,16.30,+0.10,"2,352",5880
106/07/06,"8,787,162","142,781,264",16.25,16.30,16.20,16.30, 0.00,"1,472",5880
106/07/07,"9,052,040","147,322,255",16.20,16.30,16.20,16.30, 0.00,"2,056",5880
106/07/10,"9,148,184","148,643,672",16.30,16.30,16.20,16.20,-0.10,"2,187",5880
106/07/11,"11,165,693","181,864,009",16.20,16.35,16.20,16.30,+0.10,"2,009",5880
106/07/12,"12,302,128","201,636,429",16.25,16.50,16.25,16.40,+0.10,"2,116",5880
106/07/13,"11,572,202","190,471,196",16.40,16.50,16.40,16.45,+0.05,"2,765",5880
106/07/14,"8,076,462","132,959,177",16.45,16.50,16.40,16.45, 0.00,"1,933",5880
106/07/17,"11,739,201","194,763,874",16.55,16.65,16.50,16.65,+0.20,"3,150",5880
106/07/18,"9,797,314","163,446,892",16.70,16.75,16.65,16.70,+0.05,"2,453",5880
106/07/19,"13,031,904","216,729,007",16.70,16.70,16.60,16.60,-0.10,"5,068",5880
106/07/20,"11,544,739","190,838,302",16.65,16.65,16.45,16.50,-0.10,"3,067",5880
106/07/21,"8,226,132","135,389,662",16.50,16.50,16.40,16.45,-0.05,"1,786",5880
106/07/24,"10,062,132","165,313,952",16.45,16.50,16.35,16.50,+0.05,"2,027",5880
106/07/25,"7,198,185","118,527,587",16.50,16.50,16.40,16.50, 0.00,"1,889",5880
106/07/26,"7,867,915","129,399,016",16.50,16.55,16.40,16.40,-0.10,"1,962",5880
106/07/27,"8,878,785","146,486,173",16.45,16.55,16.40,16.55,+0.15,"2,320",5880
106/07/28,"6,512,926","107,157,539",16.50,16.50,16.40,16.40,-0.15,"1,405",5880
106/07/31,"9,685,096","159,282,937",16.40,16.50,16.40,16.50,+0.10,"1,658",5880
106/08/01,"7,639,194","126,285,638",16.50,16.60,16.45,16.55,+0.05,"1,865",5880
106/08/02,"11,907,202","197,678,201",16.55,16.65,16.55,16.65,+0.10,"2,726",5880
106/08/03,"11,406,265","189,196,097",16.60,16.65,16.55,16.60,-0.05,"3,134",5880
106/08/04,"13,597,394","226,524,206",16.60,16.70,16.60,16.70,+0.10,"3,527",5880
106/08/07,"21,564,304","363,123,076",16.75,16.90,16.75,16.85,+0.15,"4,626",5880
106/08/08,"15,381,074","259,022,356",16.90,16.90,16.80,16.85, 0.00,"4,248",5880
106/08/09,"16,559,795","277,721,508",16.85,16.85,16.70,16.75,-0.10,"4,019",5880
106/08/10,"29,296,686","484,239,918",16.75,16.75,16.40,16.55,-0.20,"5,646",5880
106/08/11,"22,560,581","372,458,837",16.45,16.60,16.40,16.60,+0.05,"3,759",5880
106/08/14,"28,321,305","467,627,638",16.60,16.65,16.45,16.45,-0.15,"4,892",5880
106/08/15,"46,307,141","760,864,827",16.45,16.50,16.35,16.45, 0.00,"7,002",5880
106/08/16,"38,396,379","589,669,525",15.35,15.40,15.30,15.40,X0.00,"6,978",5880
106/08/17,"19,376,607","302,185,477",15.45,15.70,15.40,15.65,+0.25,"3,554",5880
106/08/18,"10,778,425","167,554,519",15.60,15.60,15.50,15.55,-0.10,"4,638",5880
106/08/21,"7,594,718","118,461,176",15.60,15.65,15.55,15.65,+0.10,"1,746",5880
106/08/22,"6,365,067","99,753,008",15.70,15.75,15.65,15.65, 0.00,"1,558",5880
106/08/23,"8,283,938","129,832,281",15.70,15.70,15.65,15.70,+0.05,"2,319",5880
106/08/24,"9,784,163","154,225,319",15.70,15.80,15.70,15.80,+0.10,"2,585",5880
106/08/25,"5,114,304","80,636,911",15.80,15.80,15.70,15.80, 0.00,"1,437",5880
106/08/28,"8,344,682","132,398,291",15.80,15.90,15.75,15.90,+0.10,"2,116",5880
106/08/29,"7,562,497","119,699,009",15.90,15.95,15.75,15.85,-0.05,"2,062",5880
106/08/30,"7,411,047","117,339,049",15.90,15.90,15.80,15.85, 0.00,"2,124",5880
106/08/31,"14,100,378","223,670,054",15.85,15.90,15.80,15.90,+0.05,"2,384",5880
106/09/01,"8,314,620","132,227,580",15.90,15.95,15.85,15.95,+0.05,"1,980",5880
106/09/04,"7,854,035","124,259,895",15.90,15.90,15.75,15.80,-0.15,"2,257",5880
106/09/05,"12,232,471","193,216,849",15.80,15.85,15.75,15.85,+0.05,"2,414",5880
106/09/06,"13,435,174","211,926,874",15.80,15.85,15.70,15.80,-0.05,"3,137",5880
106/09/07,"11,137,682","175,709,927",15.80,15.85,15.70,15.75,-0.05,"2,722",5880
106/09/08,"11,755,645","185,631,066",15.75,15.85,15.70,15.85,+0.10,"2,648",5880
106/09/11,"7,806,717","123,402,445",15.85,15.85,15.75,15.80,-0.05,"2,407",5880
106/09/12,"7,314,573","115,848,161",15.90,15.90,15.80,15.85,+0.05,"1,730",5880
106/09/13,"7,411,001","117,243,775",15.90,15.90,15.75,15.75,-0.10,"1,884",5880
106/09/14,"8,855,647","139,957,430",15.75,15.90,15.70,15.90,+0.15,"2,660",5880
106/09/15,"18,573,043","294,853,782",15.90,15.90,15.75,15.90, 0.00,"2,400",5880
106/09/18,"11,966,167","189,357,436",15.85,15.90,15.75,15.90, 0.00,"3,847",5880
106/09/19,"13,931,124","219,861,290",15.80,15.85,15.75,15.75,-0.15,"4,074",5880
106/09/20,"15,671,144","245,255,632",15.75,15.75,15.55,15.60,-0.15,"6,023",5880
106/09/21,"14,379,246","224,440,180",15.60,15.65,15.55,15.65,+0.05,"2,684",5880
106/09/22,"12,704,786","198,026,375",15.65,15.65,15.55,15.55,-0.10,"3,979",5880
106/09/25,"9,394,932","145,855,638",15.55,15.60,15.50,15.55, 0.00,"3,318",5880
106/09/26,"4,656,472","72,721,970",15.55,15.65,15.55,15.65,+0.10,"1,746",5880
106/09/27,"7,454,733","116,940,727",15.60,15.75,15.60,15.75,+0.10,"2,279",5880
106/09/28,"8,187,560","127,945,653",15.70,15.70,15.55,15.60,-0.15,"2,320",5880
106/09/29,"6,181,720","96,549,434",15.60,15.65,15.55,15.65,+0.05,"1,856",5880
106/09/30,"1,424,146","22,309,876",15.65,15.70,15.60,15.65, 0.00,764,5880
106/10/02,"3,118,352","48,833,562",15.65,15.70,15.60,15.65, 0.00,"1,335",5880
106/10/03,"5,950,585","93,206,957",15.65,15.70,15.60,15.70,+0.05,"2,134",5880
106/10/05,"7,746,533","122,012,735",15.70,15.80,15.70,15.80,+0.10,"2,756",5880
106/10/06,"9,224,765","145,894,953",15.80,15.85,15.75,15.85,+0.05,"2,375",5880
106/10/11,"14,384,380","229,234,876",15.95,15.95,15.90,15.95,+0.10,"4,342",5880
106/10/12,"17,251,443","276,431,056",15.95,16.10,15.90,16.10,+0.15,"4,241",5880
106/10/13,"12,712,144","205,497,666",16.10,16.20,16.05,16.20,+0.10,"3,203",5880
106/10/16,"13,607,588","219,512,053",16.20,16.20,16.00,16.15,-0.05,"3,118",5880
106/10/17,"11,518,676","186,597,740",16.10,16.25,16.10,16.25,+0.10,"3,413",5880
106/10/18,"21,102,844","341,162,330",16.25,16.30,16.10,16.15,-0.10,"6,247",5880
106/10/19,"6,186,962","100,246,392",16.15,16.25,16.15,16.25,+0.10,"1,938",5880
106/10/20,"16,007,536","258,792,665",16.20,16.25,16.15,16.15,-0.10,"2,346",5880
106/10/23,"6,920,742","111,899,287",16.15,16.20,16.15,16.15, 0.00,"1,843",5880
106/10/24,"8,485,321","137,681,703",16.15,16.30,16.10,16.30,+0.15,"2,682",5880
106/10/25,"12,981,830","212,758,594",16.30,16.45,16.30,16.40,+0.10,"2,895",5880
106/10/26,"9,041,868","147,733,625",16.40,16.40,16.25,16.25,-0.15,"2,169",5880
106/10/27,"11,531,219","187,182,691",16.25,16.35,16.15,16.30,+0.05,"2,529",5880
106/10/30,"5,183,315","84,412,126",16.30,16.35,16.25,16.30, 0.00,"1,779",5880
106/10/31,"6,471,609","105,542,544",16.25,16.40,16.25,16.30, 0.00,"1,859",5880
106/11/01,"4,527,884","74,021,210",16.30,16.40,16.30,16.35,+0.05,"1,452",5880
106/11/02,"4,553,330","74,384,013",16.35,16.40,16.30,16.30,-0.05,"1,402",5880
106/11/03,"5,704,682","93,033,473",16.30,16.35,16.25,16.35,+0.05,"1,528",5880
106/11/06,"4,432,216","72,442,255",16.35,16.40,16.30,16.35, 0.00,"1,498",5880
106/11/07,"9,387,814","153,022,591",16.35,16.35,16.25,16.30,-0.05,"2,128",5880
106/11/08,"9,153,131","148,865,662",16.30,16.30,16.20,16.30, 0.00,"2,212",5880
106/11/09,"7,996,566","130,147,353",16.30,16.30,16.25,16.30, 0.00,"2,010",5880
106/11/10,"11,921,941","193,845,192",16.30,16.30,16.20,16.30, 0.00,"1,987",5880
106/11/13,"5,910,843","96,314,327",16.30,16.35,16.25,16.25,-0.05,"2,101",5880
106/11/14,"6,899,430","112,408,703",16.25,16.35,16.25,16.30,+0.05,"1,909",5880
106/11/15,"7,592,660","123,753,455",16.30,16.35,16.25,16.35,+0.05,"2,490",5880
106/11/16,"7,583,638","123,405,590",16.30,16.35,16.25,16.25,-0.10,"2,045",5880
106/11/17,"6,582,886","107,096,640",16.25,16.30,16.25,16.25, 0.00,"1,600",5880
106/11/20,"5,524,606","89,864,015",16.25,16.30,16.25,16.25, 0.00,"1,914",5880
106/11/21,"15,611,097","255,148,053",16.25,16.40,16.20,16.35,+0.10,"3,407",5880
106/11/22,"25,330,159","419,281,614",16.35,16.75,16.35,16.55,+0.20,"5,388",5880
106/11/23,"8,103,487","134,112,683",16.55,16.60,16.50,16.55, 0.00,"2,372",5880
106/11/24,"5,130,451","84,601,392",16.55,16.55,16.45,16.45,-0.10,"1,741",5880
106/11/27,"6,523,551","107,011,786",16.45,16.50,16.35,16.35,-0.10,"1,720",5880
106/11/28,"9,839,524","161,969,550",16.35,16.55,16.35,16.50,+0.15,"2,863",5880
106/11/29,"8,078,732","132,867,671",16.50,16.55,16.40,16.45,-0.05,"2,040",5880
106/11/30,"24,988,711","409,241,023",16.45,16.50,16.35,16.35,-0.10,"2,105",5880
106/12/01,"11,743,232","192,821,074",16.35,16.50,16.35,16.45,+0.10,"2,898",5880
106/12/04,"13,997,090","230,954,846",16.40,16.55,16.40,16.55,+0.10,"2,810",5880
106/12/05,"10,181,339","168,262,658",16.50,16.55,16.45,16.55, 0.00,"3,026",5880
106/12/06,"11,339,019","186,768,211",16.55,16.55,16.40,16.50,-0.05,"2,859",5880
106/12/07,"9,055,569","148,903,499",16.45,16.50,16.40,16.45,-0.05,"2,449",5880
106/12/08,"8,537,168","140,418,736",16.45,16.50,16.40,16.45, 0.00,"2,257",5880
106/12/11,"6,333,112","104,286,968",16.45,16.55,16.40,16.40,-0.05,"1,967",5880
106/12/12,"7,740,434","127,325,621",16.40,16.50,16.40,16.50,+0.10,"2,115",5880
106/12/13,"5,613,856","92,514,091",16.50,16.50,16.45,16.50, 0.00,"1,480",5880
106/12/14,"7,154,275","118,054,651",16.50,16.55,16.45,16.45,-0.05,"1,898",5880
106/12/15,"15,334,739","252,730,747",16.50,16.50,16.40,16.50,+0.05,"2,001",5880
106/12/18,"5,725,989","94,372,375",16.50,16.50,16.45,16.50, 0.00,"1,796",5880
106/12/19,"11,205,460","184,809,701",16.50,16.55,16.45,16.55,+0.05,"2,023",5880
106/12/20,"5,488,686","90,492,438",16.55,16.55,16.45,16.45,-0.10,"1,504",5880
106/12/21,"3,842,538","63,333,547",16.45,16.50,16.45,16.50,+0.05,"1,180",5880
106/12/22,"6,692,570","110,332,724",16.45,16.50,16.45,16.50, 0.00,"1,321",5880
106/12/25,"3,126,776","51,554,369",16.50,16.50,16.45,16.45,-0.05,829,5880
106/12/26,"6,031,901","99,476,334",16.45,16.55,16.45,16.45, 0.00,"1,271",5880
106/12/27,"4,060,594","66,936,908",16.45,16.50,16.45,16.50,+0.05,"1,230",5880
106/12/28,"8,010,477","132,220,625",16.50,16.55,16.45,16.55,+0.05,"2,098",5880
106/12/29,"8,640,057","142,889,521",16.55,16.60,16.50,16.60,+0.05,"1,743",5880
107/01/02,"5,684,263","94,500,982",16.60,16.65,16.55,16.65,+0.05,"1,627",5880
107/01/03,"8,389,760","140,217,357",16.65,16.75,16.65,16.75,+0.10,"2,369",5880
107/01/04,"6,855,892","115,002,521",16.75,16.80,16.70,16.80,+0.05,"1,948",5880
107/01/05,"12,119,486","204,238,517",16.80,16.90,16.80,16.90,+0.10,"3,084",5880
107/01/08,"24,178,373","415,069,682",16.95,17.30,16.95,17.30,+0.40,"6,063",5880
107/01/09,"15,076,872","261,239,026",17.30,17.40,17.25,17.35,+0.05,"3,204",5880
107/01/10,"11,867,505","205,654,509",17.30,17.40,17.30,17.35, 0.00,"2,588",5880
107/01/11,"14,324,135","246,836,134",17.30,17.35,17.15,17.20,-0.15,"2,705",5880
107/01/12,"10,600,916","182,632,933",17.20,17.30,17.15,17.30,+0.10,"2,324",5880
107/01/15,"8,579,721","148,516,912",17.30,17.35,17.25,17.35,+0.05,"1,882",5880
107/01/16,"10,136,406","175,438,838",17.35,17.35,17.25,17.35, 0.00,"2,647",5880
107/01/17,"11,374,557","196,921,165",17.30,17.35,17.25,17.35, 0.00,"2,968",5880
107/01/18,"12,402,848","215,570,352",17.40,17.45,17.30,17.40,+0.05,"3,144",5880
107/01/19,"7,377,976","128,040,753",17.35,17.45,17.30,17.40, 0.00,"2,909",5880
107/01/22,"13,029,358","225,361,638",17.35,17.40,17.20,17.35,-0.05,"3,474",5880
107/01/23,"10,876,657","187,954,289",17.30,17.35,17.20,17.35, 0.00,"2,363",5880
107/01/24,"9,289,266","160,138,099",17.30,17.30,17.20,17.25,-0.10,"2,068",5880
107/01/25,"11,146,610","193,334,069",17.25,17.40,17.20,17.40,+0.15,"2,795",5880
107/01/26,"6,903,643","119,612,837",17.40,17.40,17.25,17.35,-0.05,"2,168",5880
107/01/29,"6,436,331","111,470,509",17.35,17.40,17.25,17.30,-0.05,"1,804",5880
107/01/30,"8,481,580","146,101,575",17.30,17.35,17.15,17.15,-0.15,"2,177",5880
107/01/31,"10,550,912","181,176,416",17.00,17.35,17.00,17.35,+0.20,"2,885",5880
107/02/01,"5,900,183","102,055,551",17.25,17.35,17.25,17.25,-0.10,"1,885",5880
107/02/02,"5,827,731","100,412,351",17.20,17.30,17.15,17.30,+0.05,"1,847",5880
107/02/05,"11,378,493","194,260,293",17.05,17.15,17.00,17.05,-0.25,"3,615",5880
107/02/06,"46,860,800","775,307,040",16.80,16.80,16.30,16.50,-0.55,"13,278",5880
107/02/07,"30,366,037","506,616,006",16.65,16.85,16.55,16.60,+0.10,"7,652",5880
107/02/08,"22,776,449","375,971,066",16.60,16.60,16.40,16.50,-0.10,"5,224",5880
107/02/09,"20,910,398","341,761,126",16.30,16.50,16.15,16.40,-0.10,"5,470",5880
107/02/12,"14,147,606","233,893,705",16.60,16.60,16.45,16.50,+0.10,"3,358",5880
107/02/21,"16,315,852","272,258,501",16.75,16.75,16.60,16.65,+0.15,"4,334",5880
107/02/22,"8,081,107","135,052,984",16.65,16.80,16.60,16.80,+0.15,"2,386",5880
107/02/23,"14,037,224","238,488,261",16.80,17.05,16.80,17.05,+0.25,"4,462",5880
107/02/26,"8,915,458","152,557,509",17.15,17.20,17.05,17.05, 0.00,"2,683",5880
107/02/27,"13,260,628","226,029,779",17.15,17.15,17.00,17.00,-0.05,"2,663",5880
107/03/01,"11,742,307","198,335,319",16.80,17.00,16.80,16.90,-0.10,"4,103",5880
107/03/02,"13,983,043","234,883,881",16.80,16.90,16.70,16.85,-0.05,"3,906",5880
107/03/05,"10,807,615","181,638,833",16.85,16.90,16.70,16.70,-0.15,"3,724",5880
107/03/06,"3,815,766","64,245,042",16.85,16.90,16.80,16.85,+0.15,"1,637",5880
107/03/07,"7,300,984","122,907,812",16.80,16.90,16.75,16.80,-0.05,"2,474",5880
107/03/08,"4,464,961","75,450,921",16.85,16.95,16.85,16.90,+0.10,"2,769",5880
107/03/09,"7,407,987","125,660,929",16.95,17.00,16.90,17.00,+0.10,"1,869",5880
107/03/12,"10,192,123","174,161,972",17.05,17.15,17.00,17.15,+0.15,"3,012",5880
107/03/13,"9,440,443","162,222,899",17.10,17.20,17.10,17.20,+0.05,"3,656",5880
107/03/14,"6,930,423","119,055,990",17.20,17.20,17.10,17.15,-0.05,"3,192",5880
107/03/15,"6,107,712","104,907,631",17.10,17.20,17.10,17.15, 0.00,"3,256",5880
107/03/16,"22,785,056","391,494,485",17.15,17.20,17.10,17.20,+0.05,"3,238",5880
107/03/19,"5,029,293","86,340,622",17.20,17.20,17.10,17.20, 0.00,"1,836",5880
107/03/20,"5,450,097","93,272,369",17.15,17.15,17.10,17.10,-0.10,"2,226",5880
107/03/21,"4,993,865","85,491,318",17.10,17.20,17.10,17.10, 0.00,"1,888",5880
107/03/22,"4,930,844","84,512,208",17.10,17.20,17.10,17.15,+0.05,"1,603",5880
107/03/23,"12,538,305","213,681,429",17.00,17.10,16.95,17.05,-0.10,"4,368",5880
107/03/26,"10,224,405","175,063,560",17.05,17.20,17.05,17.20,+0.15,"2,652",5880
107/03/27,"8,984,348","154,886,840",17.20,17.30,17.20,17.25,+0.05,"2,385",5880
107/03/28,"4,626,305","79,715,718",17.25,17.25,17.20,17.25, 0.00,"1,723",5880
107/03/29,"8,469,098","145,620,242",17.20,17.25,17.15,17.15,-0.10,"3,041",5880
107/03/30,"6,764,959","116,309,799",17.20,17.25,17.15,17.20,+0.05,"2,092",5880
107/03/31,"3,732,274","64,283,997",17.25,17.25,17.20,17.20, 0.00,"1,099",5880
107/04/02,"6,158,598","106,174,958",17.25,17.30,17.20,17.20, 0.00,"1,606",5880
107/04/03,"6,667,463","114,489,199",17.20,17.20,17.10,17.15,-0.05,"2,071",5880
107/04/09,"13,704,739","235,467,910",17.15,17.25,17.15,17.20,+0.05,"3,521",5880
107/04/10,"12,401,184","214,300,141",17.20,17.30,17.20,17.30,+0.10,"2,956",5880
107/04/11,"12,137,603","209,630,041",17.30,17.35,17.25,17.25,-0.05,"3,140",5880
107/04/12,"9,301,723","160,260,271",17.30,17.30,17.20,17.25, 0.00,"3,591",5880
107/04/13,"8,363,569","144,008,422",17.25,17.30,17.20,17.20,-0.05,"2,762",5880
107/04/16,"9,778,759","167,856,493",17.20,17.25,17.10,17.15,-0.05,"2,839",5880
107/04/17,"14,220,669","243,230,341",17.20,17.20,17.05,17.10,-0.05,"3,771",5880
107/04/18,"9,087,415","155,362,666",17.10,17.15,17.05,17.10, 0.00,"3,120",5880
107/04/19,"10,850,629","186,512,390",17.10,17.25,17.10,17.25,+0.15,"2,980",5880
107/04/20,"11,501,569","196,927,985",17.20,17.20,17.10,17.10,-0.15,"3,713",5880
107/04/23,"9,278,859","158,845,723",17.15,17.15,17.10,17.10, 0.00,"2,677",5880
107/04/24,"9,567,104","163,673,424",17.10,17.15,17.05,17.10, 0.00,"2,156",5880
107/04/25,"8,814,020","150,620,539",17.10,17.10,17.05,17.10, 0.00,"2,439",5880
107/04/26,"8,480,413","145,359,328",17.15,17.20,17.10,17.10, 0.00,"2,180",5880
107/04/27,"10,719,263","184,449,643",17.20,17.25,17.15,17.25,+0.15,"2,575",5880
107/04/30,"15,121,911","260,938,113",17.25,17.30,17.20,17.25, 0.00,"2,997",5880
107/05/02,"21,249,707","369,105,786",17.30,17.45,17.25,17.45,+0.20,"3,943",5880
107/05/03,"10,782,180","187,475,697",17.45,17.45,17.35,17.35,-0.10,"4,259",5880
107/05/04,"9,779,234","168,912,062",17.30,17.35,17.25,17.25,-0.10,"2,979",5880
107/05/07,"7,046,369","121,581,185",17.30,17.30,17.20,17.25, 0.00,"2,413",5880
107/05/08,"7,545,858","130,257,338",17.25,17.30,17.20,17.25, 0.00,"1,489",5880
107/05/09,"6,107,915","105,468,176",17.25,17.30,17.25,17.25, 0.00,"1,864",5880
107/05/10,"9,634,734","166,541,335",17.30,17.35,17.25,17.25, 0.00,"2,127",5880
107/05/11,"10,483,966","181,684,325",17.30,17.40,17.25,17.35,+0.10,"2,618",5880
107/05/14,"9,965,516","173,505,391",17.35,17.45,17.35,17.45,+0.10,"2,311",5880
107/05/15,"18,046,215","315,710,021",17.50,17.55,17.45,17.45, 0.00,"4,509",5880
107/05/16,"9,853,882","172,533,064",17.50,17.55,17.45,17.55,+0.10,"3,151",5880
107/05/17,"9,747,729","170,752,220",17.55,17.55,17.45,17.50,-0.05,"2,610",5880
107/05/18,"10,686,410","187,826,995",17.50,17.60,17.50,17.60,+0.10,"3,202",5880
107/05/21,"9,599,527","169,564,284",17.60,17.70,17.55,17.65,+0.05,"2,943",5880
107/05/22,"12,700,491","224,423,375",17.70,17.75,17.60,17.70,+0.05,"2,914",5880
107/05/23,"10,492,759","185,864,706",17.65,17.75,17.65,17.70, 0.00,"3,133",5880
107/05/24,"9,557,790","169,641,750",17.75,17.80,17.70,17.80,+0.10,"2,421",5880
107/05/25,"14,663,121","261,749,490",17.80,17.90,17.75,17.85,+0.05,"4,013",5880
107/05/28,"18,859,406","338,824,308",17.90,18.00,17.85,18.00,+0.15,"3,960",5880
107/05/29,"13,579,088","244,142,034",18.00,18.00,17.90,18.00, 0.00,"2,952",5880
107/05/30,"31,647,600","565,379,317",17.90,17.95,17.80,17.80,-0.20,"7,505",5880
107/05/31,"52,307,506","926,614,293",17.85,17.95,17.65,17.65,-0.15,"8,315",5880
107/06/01,"18,099,747","321,477,361",17.70,17.90,17.65,17.85,+0.20,"4,985",5880
107/06/04,"15,119,793","270,823,767",17.85,18.00,17.80,17.95,+0.10,"5,459",5880
107/06/05,"14,407,772","259,131,734",17.95,18.05,17.90,18.05,+0.10,"4,570",5880
107/06/06,"15,463,744","279,704,279",18.10,18.15,18.00,18.10,+0.05,"4,667",5880
107/06/07,"13,222,914","239,591,746",18.10,18.20,18.05,18.20,+0.10,"2,916",5880
107/06/08,"9,894,719","179,616,029",18.15,18.20,18.10,18.20, 0.00,"2,562",5880
107/06/11,"10,506,571","190,294,236",18.10,18.15,18.05,18.10,-0.10,"2,807",5880
107/06/12,"10,576,871","191,081,298",18.00,18.10,18.00,18.10, 0.00,"2,892",5880
107/06/13,"7,256,345","130,937,401",18.05,18.10,18.00,18.05,-0.05,"2,248",5880
107/06/14,"13,403,135","240,569,070",18.00,18.00,17.90,17.90,-0.15,"4,935",5880
107/06/15,"27,253,100","485,729,197",17.90,17.90,17.80,17.80,-0.10,"4,986",5880
107/06/19,"20,757,420","367,482,742",17.70,17.75,17.65,17.65,-0.15,"6,021",5880
107/06/20,"13,369,707","236,924,141",17.65,17.80,17.65,17.70,+0.05,"4,697",5880
107/06/21,"8,265,840","146,906,934",17.80,17.80,17.75,17.75,+0.05,"3,535",5880
107/06/22,"18,388,391","325,237,420",17.65,17.80,17.60,17.75, 0.00,"5,242",5880
107/06/25,"10,413,808","184,798,058",17.65,17.85,17.60,17.75, 0.00,"4,406",5880
107/06/26,"10,277,257","181,986,271",17.70,17.75,17.65,17.70,-0.05,"4,562",5880
107/06/27,"10,803,625","190,954,950",17.70,17.75,17.60,17.65,-0.05,"4,352",5880
107/06/28,"13,795,161","243,302,784",17.60,17.70,17.60,17.65, 0.00,"4,070",5880
107/06/29,"12,492,478","222,111,058",17.60,17.85,17.60,17.85,+0.20,"2,300",5880
107/07/02,"9,857,122","174,795,799",17.85,17.85,17.65,17.65,-0.20,"2,680",5880
107/07/03,"10,688,193","188,513,476",17.65,17.70,17.60,17.60,-0.05,"3,829",5880
107/07/04,"6,902,557","121,509,117",17.60,17.65,17.55,17.65,+0.05,"2,218",5880
107/07/05,"8,368,777","147,488,302",17.70,17.70,17.55,17.60,-0.05,"1,956",5880
107/07/06,"11,072,467","194,658,156",17.60,17.65,17.50,17.60, 0.00,"2,632",5880
107/07/09,"7,116,208","125,841,565",17.70,17.75,17.65,17.65,+0.05,"1,834",5880
107/07/10,"5,615,138","99,290,389",17.70,17.70,17.65,17.70,+0.05,"1,695",5880
107/07/11,"4,401,869","77,761,225",17.65,17.70,17.60,17.70, 0.00,"1,692",5880
107/07/12,"10,066,297","178,581,602",17.70,17.80,17.65,17.80,+0.10,"1,551",5880
107/07/13,"6,415,733","114,438,872",17.85,17.85,17.80,17.85,+0.05,"1,938",5880
107/07/16,"7,701,940","137,675,220",17.85,17.90,17.80,17.90,+0.05,"1,591",5880
107/07/17,"9,405,361","168,399,057",17.90,17.95,17.85,17.95,+0.05,"2,679",5880
107/07/18,"15,714,579","283,444,282",18.00,18.10,17.95,18.10,+0.15,"4,666",5880
107/07/19,"5,253,534","94,783,895",18.10,18.10,18.00,18.05,-0.05,"1,600",5880
107/07/20,"9,192,004","165,606,777",18.05,18.10,17.95,18.05, 0.00,"2,018",5880
107/07/23,"6,296,079","113,593,521",18.00,18.10,18.00,18.05, 0.00,"1,846",5880
107/07/24,"6,387,706","115,510,462",18.05,18.10,18.05,18.10,+0.05,"1,681",5880
107/07/25,"13,382,424","243,234,288",18.15,18.20,18.10,18.15,+0.05,"2,225",5880
107/07/26,"12,749,881","232,865,619",18.20,18.30,18.20,18.30,+0.15,"3,084",5880
107/07/27,"11,260,560","207,090,829",18.30,18.45,18.30,18.45,+0.15,"3,027",5880
107/07/30,"18,015,007","333,453,986",18.45,18.55,18.45,18.55,+0.10,"3,517",5880
107/07/31,"16,350,116","304,386,538",18.55,18.70,18.50,18.70,+0.15,"3,078",5880
107/08/01,"14,450,203","269,829,257",18.70,18.75,18.60,18.70, 0.00,"3,122",5880
107/08/02,"14,300,549","266,134,391",18.65,18.70,18.55,18.60,-0.10,"3,347",5880
107/08/03,"9,675,107","180,348,332",18.60,18.70,18.55,18.70,+0.10,"2,497",5880
107/08/06,"12,792,252","240,381,244",18.70,18.85,18.70,18.80,+0.10,"2,760",5880
107/08/07,"14,587,289","274,338,358",18.85,18.90,18.70,18.70,-0.10,"3,718",5880
107/08/08,"10,293,790","194,146,548",18.80,18.90,18.75,18.90,+0.20,"3,074",5880
107/08/09,"9,452,716","178,835,712",18.90,18.95,18.85,18.90, 0.00,"2,486",5880
107/08/10,"10,241,581","194,229,489",18.90,19.00,18.90,18.95,+0.05,"3,310",5880
107/08/13,"18,309,332","345,261,670",18.95,19.00,18.75,18.80,-0.15,"4,410",5880
107/08/14,"14,932,069","280,810,781",18.80,18.90,18.75,18.80, 0.00,"4,408",5880
107/08/15,"16,896,589","316,286,266",18.80,18.85,18.65,18.70,-0.10,"3,898",5880
107/08/16,"18,578,000","346,471,524",18.65,18.70,18.60,18.70, 0.00,"5,082",5880
107/08/17,"19,021,501","356,552,210",18.80,18.80,18.70,18.70, 0.00,"4,905",5880
107/08/20,"43,477,898","817,735,969",18.75,18.90,18.70,18.90,+0.20,"6,990",5880
107/08/21,"42,948,915","771,545,464",17.85,18.15,17.85,18.15,X0.00,"9,959",5880
107/08/22,"14,018,844","255,197,839",18.20,18.30,18.15,18.20,+0.05,"4,840",5880
107/08/23,"10,012,852","181,955,905",18.25,18.25,18.05,18.20, 0.00,"3,461",5880
107/08/24,"7,365,337","133,332,012",18.20,18.20,18.05,18.10,-0.10,"2,292",5880
107/08/27,"8,397,128","151,654,973",18.15,18.20,18.00,18.00,-0.10,"3,653",5880
107/08/28,"8,397,698","151,843,038",18.05,18.15,18.05,18.15,+0.15,"2,301",5880
107/08/29,"6,996,886","126,732,782",18.15,18.20,18.05,18.15, 0.00,"2,446",5880
107/08/30,"6,333,527","114,520,210",18.15,18.15,18.05,18.05,-0.10,"2,442",5880
107/08/31,"11,944,246","217,136,493",18.10,18.25,18.05,18.25,+0.20,"2,309",5880
107/09/03,"5,705,026","103,449,653",18.20,18.25,18.10,18.10,-0.15,"2,067",5880
107/09/04,"5,782,770","104,890,688",18.10,18.20,18.05,18.20,+0.10,"1,768",5880
107/09/05,"11,164,510","201,736,597",18.15,18.20,18.00,18.00,-0.20,"3,709",5880
107/09/06,"12,116,969","218,251,064",18.00,18.10,17.90,18.10,+0.10,"3,651",5880
107/09/07,"10,705,059","193,083,061",18.00,18.10,17.95,18.10, 0.00,"2,689",5880
107/09/10,"10,625,135","190,851,343",18.10,18.10,17.90,18.00,-0.10,"3,164",5880
107/09/11,"7,473,649","134,401,392",18.00,18.05,17.90,18.05,+0.05,"1,997",5880
107/09/12,"6,976,609","125,701,770",18.05,18.10,17.95,18.10,+0.05,"2,055",5880
107/09/13,"7,496,831","135,597,940",18.05,18.15,18.00,18.15,+0.05,"1,939",5880
107/09/14,"8,804,805","159,595,567",18.15,18.20,18.05,18.10,-0.05,"2,533",5880
107/09/17,"3,653,204","66,029,438",18.10,18.15,18.05,18.10, 0.00,"1,408",5880
107/09/18,"7,029,336","127,155,569",18.10,18.15,18.05,18.10, 0.00,"1,956",5880
107/09/19,"7,066,850","128,408,816",18.10,18.20,18.10,18.20,+0.10,"2,350",5880
107/09/20,"5,293,149","96,411,473",18.20,18.25,18.15,18.25,+0.05,"1,490",5880
107/09/21,"20,119,098","371,242,209",18.30,18.60,18.25,18.60,+0.35,"5,789",5880
107/09/25,"8,833,189","163,587,337",18.50,18.60,18.45,18.60, 0.00,"3,420",5880
107/09/26,"8,991,900","166,150,397",18.60,18.60,18.40,18.40,-0.20,"3,141",5880
107/09/27,"12,769,042","236,810,771",18.40,18.60,18.40,18.60,+0.20,"3,632",5880
107/09/28,"11,777,016","218,780,927",18.60,18.60,18.50,18.60, 0.00,"2,382",5880
107/10/01,"5,762,956","107,253,690",18.60,18.70,18.55,18.65,+0.05,"2,297",5880
107/10/02,"8,947,719","165,473,499",18.65,18.65,18.45,18.45,-0.20,"3,978",5880
107/10/03,"4,645,621","85,790,487",18.50,18.50,18.40,18.45, 0.00,"1,864",5880
107/10/04,"11,792,311","215,726,151",18.40,18.45,18.25,18.25,-0.20,"4,727",5880
107/10/05,"15,808,704","286,233,489",18.20,18.25,18.00,18.15,-0.10,"5,257",5880
107/10/08,"8,675,545","156,992,758",18.05,18.15,18.00,18.05,-0.10,"3,009",5880
107/10/09,"7,682,152","139,305,477",18.05,18.20,18.05,18.10,+0.05,"2,110",5880
107/10/11,"47,330,623","834,221,240",17.80,17.80,17.50,17.50,-0.60,"16,754",5880
107/10/12,"21,104,843","368,333,105",17.30,17.75,17.20,17.65,+0.15,"6,780",5880
107/10/15,"16,750,503","292,645,654",17.60,17.60,17.40,17.40,-0.25,"5,787",5880
107/10/16,"14,707,385","255,869,899",17.40,17.50,17.30,17.45,+0.05,"4,846",5880
107/10/17,"9,816,598","171,258,958",17.50,17.65,17.35,17.40,-0.05,"3,857",5880
107/10/18,"5,104,517","88,803,703",17.40,17.50,17.35,17.45,+0.05,"1,934",5880
107/10/19,"8,887,772","154,226,017",17.35,17.45,17.25,17.45, 0.00,"2,290",5880
107/10/22,"4,516,593","78,713,909",17.40,17.50,17.30,17.50,+0.05,"1,480",5880
107/10/23,"8,995,256","155,962,175",17.45,17.45,17.30,17.30,-0.20,"2,977",5880
107/10/24,"15,782,341","271,026,999",17.25,17.35,17.00,17.30, 0.00,"5,533",5880
107/10/25,"12,301,727","210,271,227",17.00,17.25,17.00,17.10,-0.20,"4,231",5880
107/10/26,"14,515,977","247,810,297",17.15,17.20,17.00,17.10, 0.00,"4,465",5880
107/10/29,"7,324,758","124,992,828",17.10,17.15,17.00,17.10, 0.00,"2,210",5880
107/10/30,"10,649,659","182,890,899",17.10,17.25,17.05,17.25,+0.15,"2,788",5880
107/10/31,"13,834,400","240,426,853",17.30,17.40,17.30,17.40,+0.15,"3,634",5880
107/11/01,"6,127,020","106,109,260",17.40,17.40,17.25,17.30,-0.10,"1,996",5880
107/11/02,"4,992,676","86,902,784",17.30,17.50,17.30,17.50,+0.20,"1,684",5880
107/11/05,"6,783,495","118,462,628",17.40,17.55,17.35,17.55,+0.05,"1,935",5880
107/11/06,"4,637,756","81,483,844",17.60,17.60,17.50,17.60,+0.05,"1,635",5880
107/11/07,"10,190,371","180,801,220",17.60,17.85,17.60,17.85,+0.25,"3,282",5880
107/11/08,"10,375,856","185,811,108",17.95,18.00,17.80,18.00,+0.15,"3,184",5880
107/11/09,"5,768,490","102,724,122",17.95,17.95,17.70,17.90,-0.10,"2,063",5880
107/11/12,"6,987,181","124,114,601",17.80,17.90,17.70,17.75,-0.15,"2,366",5880
107/11/13,"6,008,460","105,601,260",17.40,17.70,17.40,17.60,-0.15,"2,245",5880
107/11/14,"6,015,706","106,663,175",17.60,17.85,17.60,17.85,+0.25,"1,996",5880
107/11/15,"3,482,043","61,908,423",17.85,17.85,17.65,17.85, 0.00,"1,254",5880
107/11/16,"6,995,698","125,081,534",17.95,17.95,17.80,17.90,+0.05,"2,386",5880
107/11/19,"6,323,327","113,430,736",17.95,18.00,17.85,18.00,+0.10,"2,567",5880
107/11/20,"6,002,379","107,422,107",17.95,17.95,17.80,17.95,-0.05,"1,924",5880
107/11/21,"5,858,496","104,377,028",17.85,17.85,17.75,17.85,-0.10,"2,023",5880
107/11/22,"4,777,910","85,068,069",17.85,17.85,17.75,17.85, 0.00,"1,453",5880
107/11/23,"5,980,716","106,291,402",17.85,17.85,17.70,17.75,-0.10,"2,145",5880
107/11/26,"7,121,855","127,141,602",17.85,17.95,17.75,17.80,+0.05,"2,355",5880
107/11/27,"8,970,453","159,184,077",17.75,17.85,17.65,17.85,+0.05,"2,333",5880
107/11/28,"7,479,256","133,290,848",17.85,17.90,17.75,17.85, 0.00,"2,206",5880
107/11/29,"6,090,019","108,436,544",17.90,17.90,17.75,17.80,-0.05,"2,306",5880
107/11/30,"16,884,037","301,649,031",17.85,17.90,17.70,17.90,+0.10,"3,084",5880
107/12/03,"7,102,173","127,512,392",18.00,18.00,17.90,17.95,+0.05,"2,619",5880
107/12/04,"10,746,620","193,015,560",17.95,18.00,17.90,18.00,+0.05,"3,642",5880
107/12/05,"7,496,663","134,251,584",17.95,17.95,17.85,17.85,-0.15,"2,254",5880
107/12/06,"13,859,984","247,135,595",17.85,18.00,17.70,17.85, 0.00,"3,304",5880
107/12/07,"3,933,111","70,122,829",17.85,17.90,17.75,17.90,+0.05,"1,610",5880
107/12/10,"4,916,895","87,170,533",17.75,17.80,17.70,17.70,-0.20,"2,031",5880
107/12/11,"4,777,099","84,704,009",17.70,17.80,17.65,17.80,+0.10,"1,581",5880
107/12/12,"5,286,644","94,022,223",17.80,17.85,17.75,17.75,-0.05,"1,850",5880
107/12/13,"5,029,420","89,397,778",17.75,17.80,17.70,17.80,+0.05,"2,125",5880
107/12/14,"6,072,913","107,684,961",17.70,17.80,17.65,17.80, 0.00,"2,373",5880
107/12/17,"6,872,275","122,073,926",17.80,17.80,17.70,17.80, 0.00,"1,989",5880
107/12/18,"11,762,045","207,070,003",17.70,17.75,17.50,17.55,-0.25,"4,352",5880
107/12/19,"14,007,789","245,805,677",17.50,17.70,17.45,17.70,+0.15,"3,492",5880
107/12/20,"6,593,783","116,193,404",17.55,17.70,17.55,17.65,-0.05,"1,784",5880
107/12/21,"11,316,020","199,310,644",17.60,17.70,17.55,17.60,-0.05,"1,868",5880
107/12/22,"3,180,315","55,800,575",17.55,17.60,17.50,17.55,-0.05,"1,361",5880
107/12/24,"6,995,433","123,078,208",17.60,17.70,17.50,17.70,+0.15,"2,119",5880
107/12/25,"6,898,752","120,566,353",17.40,17.55,17.40,17.45,-0.25,"3,029",5880
107/12/26,"4,441,207","77,430,944",17.45,17.55,17.40,17.40,-0.05,"2,008",5880
107/12/27,"6,512,197","114,411,604",17.55,17.60,17.50,17.60,+0.20,"2,132",5880
107/12/28,"9,262,639","163,629,284",17.60,17.75,17.60,17.65,+0.05,"2,389",5880
108/01/02,"7,432,882","130,725,099",17.70,17.75,17.50,17.60,-0.05,"2,542",5880
108/01/03,"5,983,526","105,575,702",17.70,17.70,17.55,17.70,+0.10,"1,847",5880
108/01/04,"7,617,754","134,031,933",17.55,17.70,17.50,17.65,-0.05,"2,693",5880
108/01/07,"10,943,832","194,168,929",17.80,17.80,17.70,17.70,+0.05,"3,259",5880
108/01/08,"6,409,275","113,920,530",17.80,17.80,17.70,17.80,+0.10,"2,005",5880
108/01/09,"17,906,052","321,938,536",17.90,18.00,17.85,18.00,+0.20,"5,385",5880
108/01/10,"11,703,958","211,118,647",18.00,18.10,17.95,18.10,+0.10,"3,600",5880
108/01/11,"17,098,239","309,195,501",18.10,18.15,18.00,18.15,+0.05,"3,480",5880
108/01/14,"5,477,364","99,015,919",18.15,18.15,18.00,18.10,-0.05,"1,995",5880
108/01/15,"14,629,986","266,204,772",18.15,18.25,18.10,18.25,+0.15,"3,640",5880
108/01/16,"7,825,548","141,843,077",18.25,18.25,18.05,18.10,-0.15,"2,675",5880
108/01/17,"6,983,593","126,289,793",18.10,18.15,18.00,18.10, 0.00,"2,246",5880
108/01/18,"15,347,875","279,658,893",18.10,18.30,18.05,18.30,+0.20,"3,110",5880
108/01/21,"12,173,135","223,690,355",18.35,18.45,18.30,18.35,+0.05,"3,031",5880
108/01/22,"9,155,550","168,515,306",18.30,18.45,18.30,18.45,+0.10,"2,677",5880
108/01/23,"7,907,171","145,658,804",18.35,18.50,18.35,18.45, 0.00,"2,187",5880
108/01/24,"5,342,299","98,529,003",18.45,18.50,18.40,18.50,+0.05,"2,243",5880
108/01/25,"13,521,015","250,371,007",18.50,18.55,18.45,18.55,+0.05,"3,876",5880
108/01/28,"6,858,728","127,014,167",18.55,18.60,18.45,18.55, 0.00,"2,483",5880
108/01/29,"9,494,506","175,248,462",18.50,18.55,18.40,18.50,-0.05,"3,015",5880
108/01/30,"12,135,236","224,603,575",18.50,18.55,18.40,18.50, 0.00,"2,670",5880
108/02/11,"13,118,565","243,635,085",18.55,18.60,18.50,18.60,+0.10,"4,287",5880
108/02/12,"13,802,583","256,915,402",18.60,18.70,18.55,18.65,+0.05,"4,694",5880
108/02/13,"13,534,740","252,224,497",18.65,18.70,18.60,18.60,-0.05,"5,110",5880
108/02/14,"10,310,249","192,029,497",18.55,18.70,18.55,18.60, 0.00,"3,599",5880
108/02/15,"11,336,295","210,615,767",18.60,18.65,18.55,18.55,-0.05,"4,352",5880
108/02/18,"7,089,665","132,141,587",18.55,18.70,18.55,18.70,+0.15,"2,298",5880
108/02/19,"5,916,703","110,525,711",18.70,18.70,18.65,18.70, 0.00,"2,293",5880
108/02/20,"13,228,481","248,018,084",18.70,18.80,18.70,18.80,+0.10,"4,255",5880
108/02/21,"6,344,561","119,081,756",18.75,18.80,18.70,18.80, 0.00,"2,635",5880
108/02/22,"10,354,530","195,058,123",18.80,18.90,18.75,18.90,+0.10,"2,979",5880
108/02/25,"8,162,608","154,339,920",18.85,18.95,18.80,18.95,+0.05,"2,580",5880
108/02/26,"11,679,201","221,611,769",18.95,19.00,18.90,19.00,+0.05,"3,315",5880
108/02/27,"14,194,710","270,241,204",19.00,19.10,18.95,19.10,+0.10,"4,257",5880
108/03/04,"14,702,114","278,722,006",19.10,19.10,18.80,18.95,-0.15,"4,803",5880
108/03/05,"6,877,218","130,162,992",18.85,19.00,18.85,18.95, 0.00,"2,873",5880
108/03/06,"7,057,426","133,801,344",19.00,19.00,18.90,19.00,+0.05,"2,870",5880
108/03/07,"5,099,247","96,597,443",18.95,19.00,18.90,18.90,-0.10,"2,206",5880
108/03/08,"4,190,038","79,105,172",18.90,18.95,18.85,18.90, 0.00,"1,725",5880
108/03/11,"8,498,671","160,820,499",18.90,19.00,18.90,18.90, 0.00,"2,906",5880
108/03/12,"6,780,286","128,993,690",19.00,19.05,18.95,19.05,+0.15,"2,514",5880
108/03/13,"5,290,487","100,771,473",19.05,19.10,19.00,19.10,+0.05,"2,237",5880
108/03/14,"7,977,589","151,657,754",19.10,19.10,18.95,19.00,-0.10,"2,746",5880
108/03/15,"15,104,393","286,937,165",19.00,19.05,18.95,19.00, 0.00,"2,500",5880
108/03/18,"7,988,856","152,562,304",19.00,19.20,19.00,19.20,+0.20,"2,359",5880
108/03/19,"8,836,847","170,121,978",19.20,19.30,19.15,19.25,+0.05,"2,841",5880
108/03/20,"15,069,583","291,857,620",19.25,19.50,19.25,19.50,+0.25,"4,227",5880
108/03/21,"9,186,265","178,965,091",19.50,19.55,19.40,19.50, 0.00,"2,882",5880
108/03/22,"8,119,203","157,886,083",19.50,19.50,19.40,19.45,-0.05,"3,040",5880
108/03/25,"7,489,054","144,371,430",19.35,19.35,19.20,19.30,-0.15,"2,996",5880
108/03/26,"6,355,414","123,231,335",19.35,19.45,19.30,19.40,+0.10,"2,066",5880
108/03/27,"16,974,968","329,228,663",19.40,19.45,19.35,19.40, 0.00,"2,810",5880
108/03/28,"5,584,163","108,084,123",19.35,19.40,19.30,19.40, 0.00,"1,999",5880
108/03/29,"13,113,391","254,465,602",19.40,19.50,19.30,19.50,+0.10,"2,776",5880
108/04/01,"10,826,356","210,752,785",19.55,19.55,19.40,19.45,-0.05,"3,977",5880
108/04/02,"8,022,650","156,109,174",19.45,19.50,19.40,19.40,-0.05,"4,290",5880
108/04/03,"7,358,450","143,075,375",19.45,19.50,19.35,19.45,+0.05,"2,502",5880
108/04/08,"7,520,679","146,260,599",19.50,19.50,19.40,19.45, 0.00,"3,116",5880
108/04/09,"6,078,759","118,037,819",19.45,19.45,19.35,19.45, 0.00,"2,259",5880
108/04/10,"6,681,869","130,032,492",19.45,19.50,19.40,19.50,+0.05,"2,898",5880
108/04/11,"5,963,316","115,774,213",19.45,19.45,19.35,19.45,-0.05,"2,330",5880
108/04/12,"5,673,054","109,909,905",19.40,19.40,19.35,19.40,-0.05,"2,434",5880
108/04/15,"4,882,447","94,768,316",19.45,19.45,19.35,19.40, 0.00,"1,776",5880
108/04/16,"12,593,885","245,195,685",19.40,19.65,19.35,19.65,+0.25,"3,153",5880
108/04/17,"11,618,106","228,145,777",19.60,19.75,19.55,19.70,+0.05,"3,040",5880
108/04/18,"18,138,764","359,051,417",19.70,19.90,19.65,19.85,+0.15,"3,042",5880
108/04/19,"19,282,425","384,650,247",19.85,20.05,19.85,19.95,+0.10,"3,761",5880
108/04/22,"16,890,910","339,278,094",20.05,20.20,20.00,20.20,+0.25,"3,900",5880
108/04/23,"9,539,135","192,677,944",20.20,20.35,20.05,20.30,+0.10,"2,959",5880
108/04/24,"14,748,687","300,919,912",20.35,20.50,20.30,20.50,+0.20,"4,433",5880
108/04/25,"8,262,320","168,364,308",20.45,20.45,20.30,20.35,-0.15,"2,763",5880
108/04/26,"11,812,325","239,304,244",20.35,20.35,20.20,20.35, 0.00,"3,420",5880
108/04/29,"10,239,561","209,271,094",20.30,20.50,20.30,20.50,+0.15,"3,242",5880
108/04/30,"9,131,468","186,707,791",20.55,20.55,20.35,20.50, 0.00,"2,807",5880
108/05/02,"10,655,712","218,101,107",20.45,20.55,20.40,20.50, 0.00,"3,499",5880
108/05/03,"13,232,448","270,791,705",20.50,20.50,20.40,20.45,-0.05,"3,698",5880
108/05/06,"13,163,644","266,137,226",20.35,20.40,20.10,20.20,-0.25,"4,627",5880
108/05/07,"12,010,851","242,837,487",20.20,20.30,20.15,20.25,+0.05,"3,020",5880
108/05/08,"11,650,592","234,306,750",20.10,20.25,20.05,20.25, 0.00,"3,899",5880
108/05/09,"16,850,400","337,104,625",20.05,20.15,19.95,19.95,-0.30,"5,902",5880
108/05/10,"15,200,438","304,609,711",20.00,20.15,19.95,20.00,+0.05,"3,733",5880
108/05/13,"10,525,848","210,260,560",20.00,20.05,19.95,19.95,-0.05,"3,833",5880
108/05/14,"16,088,326","319,747,770",19.85,19.95,19.75,19.85,-0.10,"4,845",5880
108/05/15,"8,664,637","172,511,671",19.85,19.95,19.85,19.90,+0.05,"2,776",5880
108/05/16,"14,352,499","283,723,134",19.90,19.90,19.70,19.70,-0.20,"5,972",5880
108/05/17,"13,226,504","260,804,749",19.75,19.80,19.65,19.65,-0.05,"4,528",5880
108/05/20,"15,993,367","315,959,765",19.65,19.85,19.65,19.75,+0.10,"3,236",5880
108/05/21,"17,080,619","341,849,500",19.80,20.15,19.75,20.15,+0.40,"4,363",5880
108/05/22,"8,012,119","160,293,687",20.00,20.05,19.95,20.05,-0.10,"2,809",5880
108/05/23,"8,065,281","160,899,920",20.00,20.00,19.90,19.95,-0.10,"3,289",5880
108/05/24,"8,737,292","174,490,390",19.95,20.00,19.90,20.00,+0.05,"3,109",5880
108/05/27,"7,189,999","144,282,776",20.05,20.20,20.00,20.20,+0.20,"2,283",5880
108/05/28,"36,666,618","741,747,443",20.15,20.25,20.05,20.25,+0.05,"2,417",5880
108/05/29,"6,520,915","131,413,175",20.15,20.20,20.10,20.20,-0.05,"2,195",5880
108/05/30,"9,829,280","199,484,166",20.20,20.40,20.15,20.40,+0.20,"2,802",5880
108/05/31,"14,735,217","301,330,853",20.35,20.55,20.30,20.55,+0.15,"3,715",5880
108/06/03,"9,509,138","194,069,006",20.40,20.55,20.25,20.40,-0.15,"3,098",5880
108/06/04,"8,611,703","175,515,445",20.35,20.50,20.30,20.40, 0.00,"2,463",5880
108/06/05,"11,110,751","227,716,338",20.45,20.55,20.45,20.55,+0.15,"3,196",5880
108/06/06,"16,289,437","336,122,347",20.55,20.70,20.50,20.70,+0.15,"3,595",5880
108/06/10,"12,212,585","253,716,102",20.75,20.80,20.75,20.80,+0.10,"2,982",5880
108/06/11,"12,739,612","262,518,669",20.90,20.90,20.45,20.45,-0.35,"4,177",5880
108/06/12,"15,082,248","304,645,049",20.45,20.45,20.05,20.25,-0.20,"4,919",5880
108/06/13,"9,196,688","185,782,652",20.10,20.35,20.10,20.25, 0.00,"2,776",5880
108/06/14,"9,112,946","185,998,719",20.25,20.50,20.25,20.45,+0.20,"2,694",5880
108/06/17,"7,365,302","151,085,172",20.45,20.55,20.40,20.55,+0.10,"2,338",5880
108/06/18,"9,146,154","188,179,986",20.55,20.65,20.50,20.65,+0.10,"2,470",5880
108/06/19,"20,188,043","419,978,494",20.75,20.90,20.70,20.90,+0.25,"5,280",5880
108/06/20,"9,995,874","208,644,873",20.90,20.95,20.80,20.90, 0.00,"2,902",5880
108/06/21,"16,733,734","347,734,150",20.90,20.90,20.75,20.75,-0.15,"2,837",5880
108/06/24,"6,713,994","139,513,467",20.70,20.85,20.65,20.85,+0.10,"2,425",5880
108/06/25,"5,397,220","112,362,984",20.80,20.85,20.75,20.85, 0.00,"1,975",5880
108/06/26,"7,275,004","151,214,740",20.85,20.85,20.75,20.75,-0.10,"1,848",5880
108/06/27,"12,466,360","260,120,983",20.75,20.95,20.75,20.90,+0.15,"2,711",5880
108/06/28,"7,167,145","149,074,740",20.90,20.90,20.75,20.80,-0.10,"1,944",5880
108/07/01,"8,655,544","179,690,227",20.80,20.90,20.70,20.70,-0.10,"3,050",5880
108/07/02,"6,821,338","140,734,545",20.65,20.70,20.60,20.65,-0.05,"2,644",5880
108/07/03,"6,129,000","126,169,639",20.65,20.65,20.55,20.65, 0.00,"2,424",5880
108/07/04,"3,788,234","78,430,381",20.65,20.75,20.60,20.75,+0.10,"1,237",5880
108/07/05,"2,682,605","55,668,682",20.75,20.80,20.70,20.80,+0.05,899,5880
108/07/08,"4,888,820","101,400,986",20.80,20.80,20.70,20.80, 0.00,"1,742",5880
108/07/09,"5,519,715","114,162,222",20.70,20.75,20.65,20.70,-0.10,"2,269",5880
108/07/10,"5,650,073","117,164,155",20.70,20.80,20.70,20.75,+0.05,"2,265",5880
108/07/11,"6,268,019","130,382,492",20.80,20.85,20.75,20.85,+0.10,"1,860",5880
108/07/12,"4,988,808","103,915,133",20.80,20.90,20.75,20.80,-0.05,"1,619",5880
108/07/15,"3,964,485","82,573,595",20.80,20.85,20.80,20.80, 0.00,"1,312",5880
108/07/16,"7,631,468","158,981,114",20.80,20.90,20.80,20.80, 0.00,"2,138",5880
108/07/17,"6,353,294","132,545,195",20.80,20.90,20.80,20.90,+0.10,"2,687",5880
108/07/18,"6,358,537","133,257,777",20.90,21.00,20.85,21.00,+0.10,"2,240",5880
108/07/19,"7,647,401","160,722,992",21.00,21.05,20.95,21.05,+0.05,"2,096",5880
108/07/22,"9,161,080","193,407,146",21.00,21.20,21.00,21.05, 0.00,"2,907",5880
108/07/23,"4,737,582","99,740,345",21.05,21.10,21.00,21.00,-0.05,"1,725",5880
108/07/24,"8,393,664","176,537,844",21.00,21.10,21.00,21.00, 0.00,"2,185",5880
108/07/25,"8,988,962","189,999,007",21.00,21.20,20.95,21.20,+0.20,"2,464",5880
108/07/26,"7,677,440","162,720,218",21.20,21.25,21.10,21.20, 0.00,"2,111",5880
108/07/29,"7,686,579","162,292,073",21.05,21.20,21.05,21.10,-0.10,"2,395",5880
108/07/30,"8,147,728","172,262,174",21.10,21.20,21.10,21.10, 0.00,"2,389",5880
108/07/31,"18,531,810","390,602,945",21.10,21.20,21.00,21.00,-0.10,"4,671",5880
108/08/01,"19,825,748","414,033,962",20.90,20.95,20.80,20.85,-0.15,"5,873",5880
108/08/02,"20,603,653","424,788,825",20.65,20.70,20.55,20.65,-0.20,"7,190",5880
108/08/05,"16,813,894","345,980,137",20.60,20.70,20.50,20.65, 0.00,"5,615",5880
108/08/06,"16,092,736","329,989,642",20.45,20.65,20.35,20.60,-0.05,"5,009",5880
108/08/07,"17,418,624","358,234,671",20.65,20.70,20.50,20.55,-0.05,"5,660",5880
108/08/08,"9,356,863","193,610,761",20.55,20.80,20.55,20.75,+0.20,"2,455",5880
108/08/12,"22,263,935","464,592,835",20.80,20.95,20.75,20.85,+0.10,"4,381",5880
108/08/13,"26,642,705","553,032,727",20.85,20.85,20.70,20.70,-0.15,"6,440",5880
108/08/14,"43,203,704","855,049,994",19.70,19.80,19.65,19.70,X0.00,"12,878",5880
108/08/15,"13,308,989","260,434,667",19.55,19.60,19.50,19.55,-0.15,"5,173",5880
108/08/16,"18,653,966","366,996,323",19.50,19.95,19.40,19.85,+0.30,"6,504",5880
108/08/19,"9,511,211","188,851,170",19.85,19.95,19.75,19.85, 0.00,"3,831",5880
108/08/20,"7,615,136","150,780,208",19.80,19.85,19.75,19.75,-0.10,"2,951",5880
108/08/21,"9,247,162","182,285,906",19.75,19.80,19.65,19.65,-0.10,"3,301",5880
108/08/22,"7,229,889","142,473,841",19.70,19.75,19.65,19.75,+0.10,"2,871",5880
108/08/23,"5,936,839","116,766,238",19.75,19.75,19.60,19.75, 0.00,"2,958",5880
108/08/26,"9,603,932","187,920,330",19.60,19.60,19.55,19.55,-0.20,"3,537",5880
108/08/27,"19,253,302","377,892,428",19.60,19.65,19.50,19.65,+0.10,"3,529",5880
108/08/28,"5,744,922","112,657,691",19.60,19.65,19.55,19.60,-0.05,"2,315",5880
108/08/29,"8,265,834","161,957,915",19.60,19.70,19.50,19.70,+0.10,"2,645",5880
108/08/30,"13,301,355","264,575,500",19.70,20.00,19.70,20.00,+0.30,"3,827",5880
108/09/02,"4,599,081","91,925,558",20.00,20.00,19.95,20.00, 0.00,"2,013",5880
108/09/03,"5,573,008","111,399,410",20.00,20.05,19.95,19.95,-0.05,"2,163",5880
108/09/04,"10,010,895","201,219,304",19.95,20.20,19.95,20.20,+0.25,"2,866",5880
108/09/05,"8,379,930","169,643,503",20.20,20.30,20.15,20.30,+0.10,"2,506",5880
108/09/06,"6,304,824","128,064,050",20.35,20.40,20.20,20.40,+0.10,"2,409",5880
108/09/09,"5,325,986","108,900,927",20.40,20.50,20.40,20.50,+0.10,"2,090",5880
108/09/10,"8,964,432","184,486,345",20.55,20.65,20.55,20.60,+0.10,"2,834",5880
108/09/11,"9,309,788","191,397,170",20.60,20.60,20.50,20.60, 0.00,"3,421",5880
108/09/12,"10,676,076","219,663,155",20.65,20.65,20.50,20.55,-0.05,"2,753",5880
108/09/16,"10,195,721","209,561,512",20.55,20.60,20.50,20.60,+0.05,"3,129",5880
108/09/17,"5,493,648","113,265,352",20.65,20.70,20.55,20.70,+0.10,"2,123",5880
108/09/18,"13,637,952","283,044,240",20.65,20.85,20.65,20.85,+0.15,"5,884",5880
108/09/19,"6,018,426","124,992,579",20.80,20.85,20.70,20.80,-0.05,"3,020",5880
108/09/20,"18,080,462","375,732,848",20.80,20.80,20.70,20.80, 0.00,"3,411",5880
108/09/23,"4,864,039","101,050,597",20.90,20.90,20.70,20.70,-0.10,"2,097",5880
108/09/24,"8,429,844","173,929,230",20.70,20.70,20.55,20.70, 0.00,"3,056",5880
108/09/25,"7,232,471","148,881,739",20.60,20.65,20.50,20.65,-0.05,"3,125",5880
108/09/26,"6,233,970","128,010,105",20.65,20.65,20.50,20.50,-0.15,"2,850",5880
108/09/27,"4,997,797","102,546,452",20.50,20.60,20.50,20.50, 0.00,"2,106",5880
108/10/01,"8,041,827","166,153,889",20.70,20.75,20.55,20.65,+0.15,"2,816",5880
108/10/02,"6,893,372","142,190,831",20.55,20.65,20.55,20.65, 0.00,"2,336",5880
108/10/03,"8,878,575","181,291,126",20.40,20.50,20.35,20.40,-0.25,"3,644",5880
108/10/04,"5,659,127","115,443,990",20.40,20.45,20.35,20.45,+0.05,"2,172",5880
108/10/07,"3,786,977","77,301,495",20.45,20.50,20.40,20.40,-0.05,"2,171",5880
108/10/08,"6,580,077","134,524,006",20.35,20.50,20.35,20.40, 0.00,"2,657",5880
108/10/09,"7,568,694","153,905,538",20.35,20.40,20.30,20.30,-0.10,"3,938",5880
108/10/14,"8,264,123","168,941,044",20.40,20.55,20.35,20.55,+0.25,"3,074",5880
108/10/15,"5,327,973","109,171,443",20.50,20.60,20.40,20.50,-0.05,"2,028",5880
108/10/16,"6,723,383","137,873,831",20.55,20.55,20.45,20.55,+0.05,"2,505",5880
108/10/17,"6,177,554","126,859,836",20.55,20.60,20.45,20.50,-0.05,"2,505",5880
108/10/18,"19,865,885","408,641,977",20.55,20.65,20.40,20.65,+0.15,"3,561",5880
108/10/21,"6,482,929","133,283,748",20.50,20.65,20.45,20.65, 0.00,"2,334",5880
108/10/22,"6,039,183","124,658,703",20.65,20.70,20.55,20.70,+0.05,"2,496",5880
108/10/23,"6,727,408","138,187,619",20.60,20.65,20.50,20.55,-0.15,"2,814",5880
108/10/24,"6,531,655","134,887,118",20.70,20.70,20.55,20.70,+0.15,"2,413",5880
108/10/25,"4,980,608","103,064,798",20.70,20.75,20.60,20.75,+0.05,"2,141",5880
108/10/28,"4,657,417","96,651,986",20.75,20.80,20.70,20.80,+0.05,"1,881",5880
108/10/29,"5,576,373","115,902,952",20.80,20.80,20.75,20.80, 0.00,"2,294",5880
108/10/30,"10,852,848","225,701,579",20.75,20.90,20.70,20.90,+0.10,"3,617",5880
108/10/31,"16,044,034","336,015,819",20.90,21.00,20.85,20.95,+0.05,"4,095",5880
108/11/01,"6,884,667","144,105,860",20.95,21.00,20.85,20.95, 0.00,"2,480",5880
108/11/04,"7,778,574","163,042,354",20.90,21.00,20.85,21.00,+0.05,"2,972",5880
108/11/05,"8,354,738","175,327,806",21.00,21.05,20.90,21.05,+0.05,"3,125",5880
108/11/06,"11,312,404","238,320,974",21.10,21.15,21.00,21.10,+0.05,"3,227",5880
108/11/07,"7,112,766","149,657,223",21.10,21.15,21.00,21.05,-0.05,"2,833",5880
108/11/08,"5,720,540","120,310,132",21.05,21.10,20.95,21.10,+0.05,"2,418",5880
108/11/11,"11,880,990","248,771,308",21.10,21.10,20.85,21.00,-0.10,"3,635",5880
108/11/12,"6,076,739","127,400,369",21.10,21.10,20.90,21.00, 0.00,"2,736",5880
108/11/13,"8,835,674","184,440,650",20.90,21.00,20.85,20.85,-0.15,"3,752",5880
108/11/14,"7,390,639","153,464,789",20.85,20.85,20.70,20.70,-0.15,"3,477",5880
108/11/15,"9,463,854","196,519,112",20.90,20.90,20.70,20.75,+0.05,"3,282",5880
108/11/18,"6,870,519","142,966,449",20.75,20.95,20.70,20.95,+0.20,"2,537",5880
108/11/19,"5,413,646","113,266,366",20.80,21.00,20.80,21.00,+0.05,"2,402",5880
108/11/20,"5,950,383","124,376,443",20.95,20.95,20.85,20.95,-0.05,"2,810",5880
108/11/21,"9,964,919","207,022,789",20.80,20.85,20.75,20.75,-0.20,"3,425",5880
108/11/22,"7,792,999","161,668,737",20.75,20.80,20.70,20.75, 0.00,"2,713",5880
108/11/25,"7,426,470","154,391,132",20.85,20.85,20.75,20.75, 0.00,"2,950",5880
108/11/26,"48,260,216","1,009,735,121",20.85,20.95,20.75,20.95,+0.20,"4,305",5880
108/11/27,"4,836,837","101,325,727",20.95,21.00,20.90,21.00,+0.05,"1,920",5880
108/11/28,"6,267,245","131,236,888",21.00,21.00,20.90,20.90,-0.10,"2,634",5880
108/11/29,"7,367,278","153,163,814",20.90,20.90,20.75,20.75,-0.15,"2,596",5880
108/12/02,"5,228,437","108,504,970",20.80,20.85,20.70,20.75, 0.00,"1,976",5880
108/12/03,"8,664,390","179,480,687",20.75,20.75,20.65,20.75, 0.00,"2,688",5880
108/12/04,"7,780,564","161,337,232",20.70,20.80,20.65,20.80,+0.05,"2,628",5880
108/12/05,"10,329,517","213,740,924",20.70,20.75,20.65,20.65,-0.15,"4,404",5880
108/12/06,"6,495,349","134,295,239",20.70,20.75,20.65,20.65, 0.00,"2,934",5880
108/12/09,"5,356,027","110,965,007",20.65,20.80,20.65,20.80,+0.15,"2,213",5880
108/12/10,"7,497,524","155,248,079",20.75,20.75,20.65,20.70,-0.10,"2,381",5880
108/12/11,"7,737,460","160,104,537",20.65,20.80,20.65,20.70, 0.00,"2,833",5880
108/12/12,"11,461,092","238,454,895",20.75,20.85,20.70,20.75,+0.05,"3,686",5880
108/12/13,"19,570,253","405,748,991",20.70,20.80,20.65,20.75, 0.00,"6,148",5880
108/12/16,"10,891,205","225,710,802",20.75,20.80,20.70,20.70,-0.05,"4,331",5880
108/12/17,"15,379,858","319,380,476",20.70,20.85,20.65,20.85,+0.15,"4,702",5880
108/12/18,"16,546,265","346,139,392",20.80,21.00,20.70,21.00,+0.15,"4,030",5880
108/12/19,"6,828,735","142,706,643",21.00,21.00,20.85,20.85,-0.15,"2,292",5880
108/12/20,"17,266,277","359,996,682",20.85,21.00,20.80,20.80,-0.05,"2,932",5880
108/12/23,"6,791,563","141,708,989",20.80,20.95,20.80,20.95,+0.15,"1,844",5880
108/12/24,"3,071,368","64,199,133",20.85,20.95,20.85,20.85,-0.10,"1,423",5880
108/12/25,"2,888,677","60,268,524",20.85,20.90,20.80,20.90,+0.05,"1,675",5880
108/12/26,"3,145,408","65,767,330",20.90,20.95,20.85,20.95,+0.05,"1,420",5880
108/12/27,"3,982,852","83,329,010",20.95,20.95,20.90,20.90,-0.05,"1,513",5880
108/12/30,"7,982,973","166,638,978",20.90,20.95,20.80,20.80,-0.10,"2,607",5880
108/12/31,"5,979,188","124,311,037",20.80,20.90,20.75,20.75,-0.05,"2,379",5880
109/01/02,"4,953,219","103,084,899",20.75,20.85,20.75,20.85,+0.10,"1,707",5880
109/01/03,"7,364,185","153,510,917",20.85,20.90,20.80,20.90,+0.05,"2,711",5880
109/01/06,"7,844,125","163,226,549",20.85,20.90,20.75,20.75,-0.15,"2,843",5880
109/01/07,"5,554,129","115,237,048",20.75,20.80,20.70,20.75, 0.00,"2,164",5880
109/01/08,"10,980,676","227,046,011",20.70,20.75,20.65,20.65,-0.10,"4,451",5880
109/01/09,"6,648,291","138,020,562",20.70,20.85,20.70,20.75,+0.10,"2,141",5880
109/01/10,"6,829,123","142,283,376",20.80,20.90,20.80,20.85,+0.10,"2,189",5880
109/01/13,"11,666,627","244,473,317",20.90,21.00,20.85,21.00,+0.15,"3,268",5880
109/01/14,"10,673,666","224,428,476",21.00,21.05,21.00,21.05,+0.05,"3,625",5880
109/01/15,"12,112,431","255,620,790",21.05,21.15,21.05,21.15,+0.10,"3,383",5880
109/01/16,"5,096,782","107,686,270",21.15,21.15,21.10,21.15, 0.00,"1,958",5880
109/01/17,"7,554,701","160,169,445",21.15,21.25,21.15,21.25,+0.10,"2,549",5880
109/01/20,"13,973,120","299,072,793",21.25,21.50,21.25,21.50,+0.25,"3,977",5880
109/01/30,"47,020,672","976,016,903",20.65,20.95,20.60,20.60,-0.90,"18,344",5880
109/01/31,"23,589,563","491,330,819",20.60,20.95,20.60,20.80,+0.20,"6,463",5880
109/02/03,"26,627,024","547,489,147",20.50,20.70,20.35,20.70,-0.10,"8,824",5880
109/02/04,"18,608,143","387,173,212",20.70,20.95,20.65,20.85,+0.15,"4,503",5880
109/02/05,"15,059,216","315,051,066",20.90,21.05,20.65,21.00,+0.15,"3,904",5880
109/02/06,"14,543,369","307,368,281",21.05,21.20,21.00,21.20,+0.20,"3,074",5880
109/02/07,"16,672,311","352,042,056",21.05,21.20,21.00,21.20, 0.00,"3,599",5880
109/02/10,"11,321,087","238,859,667",21.00,21.20,20.95,21.20, 0.00,"2,899",5880
109/02/11,"11,031,954","234,376,419",21.20,21.30,21.20,21.25,+0.05,"2,886",5880
109/02/12,"12,300,492","260,852,859",21.20,21.30,21.15,21.15,-0.10,"3,890",5880
109/02/13,"8,865,245","188,123,239",21.15,21.25,21.15,21.25,+0.10,"2,724",5880
109/02/14,"6,688,493","141,983,665",21.15,21.30,21.15,21.30,+0.05,"2,218",5880
109/02/17,"7,735,583","164,322,708",21.15,21.30,21.15,21.30, 0.00,"2,865",5880
109/02/18,"8,102,476","172,287,152",21.20,21.35,21.15,21.35,+0.05,"2,448",5880
109/02/19,"12,037,040","257,986,138",21.30,21.50,21.30,21.50,+0.15,"3,635",5880
109/02/20,"15,044,317","323,509,562",21.50,21.65,21.35,21.40,-0.10,"4,732",5880
109/02/21,"12,019,098","256,172,889",21.40,21.50,21.25,21.25,-0.15,"3,980",5880
109/02/24,"16,222,527","341,909,903",21.10,21.15,21.00,21.05,-0.20,"6,354",5880
109/02/25,"14,650,563","306,781,873",20.90,21.00,20.85,20.95,-0.10,"5,627",5880
109/02/26,"17,312,617","361,293,966",20.85,20.95,20.80,20.85,-0.10,"5,156",5880
109/02/27,"19,641,671","409,749,110",20.80,20.95,20.80,20.95,+0.10,"5,381",5880
109/03/02,"28,893,006","596,001,533",20.55,20.75,20.55,20.60,-0.35,"10,040",5880
109/03/03,"13,811,923","286,491,686",20.80,20.85,20.65,20.70,+0.10,"4,953",5880
109/03/04,"10,701,874","222,133,858",20.65,20.85,20.60,20.85,+0.15,"2,666",5880
109/03/05,"6,947,055","145,448,334",20.85,21.00,20.85,21.00,+0.15,"2,208",5880
109/03/06,"15,823,204","328,145,994",20.95,20.95,20.65,20.70,-0.30,"6,047",5880
109/03/09,"39,310,113","803,245,572",20.60,20.60,20.35,20.35,-0.35,"14,650",5880
109/03/10,"33,957,507","683,084,285",20.00,20.35,20.00,20.30,-0.05,"10,070",5880
109/03/11,"20,454,716","415,425,318",20.30,20.45,20.20,20.30, 0.00,"7,025",5880
109/03/12,"56,459,112","1,116,590,027",20.10,20.10,19.60,19.60,-0.70,"22,971",5880
109/03/13,"69,977,173","1,288,851,987",18.70,19.10,18.05,18.95,-0.65,"24,216",5880
109/03/16,"46,237,829","850,538,735",18.65,18.80,18.15,18.15,-0.80,"17,755",5880
109/03/17,"64,774,594","1,131,159,411",17.25,17.80,17.25,17.35,-0.80,"18,294",5880
109/03/18,"47,781,712","821,741,554",17.35,17.40,17.10,17.10,-0.25,"14,441",5880
109/03/19,"78,667,218","1,269,830,414",16.60,16.65,15.85,16.05,-1.05,"23,329",5880
109/03/20,"60,350,397","1,038,356,879",16.30,17.65,16.30,17.40,+1.35,"17,621",5880
109/03/23,"54,331,838","895,959,673",16.55,16.90,16.00,16.50,-0.90,"14,408",5880
109/03/24,"43,996,043","769,555,845",17.25,17.65,17.20,17.40,+0.90,"12,942",5880
109/03/25,"45,341,391","823,710,231",18.00,18.35,18.00,18.15,+0.75,"12,832",5880
109/03/26,"26,498,965","480,758,456",18.05,18.30,17.95,18.15, 0.00,"7,147",5880
109/03/27,"36,958,724","684,010,821",18.50,18.70,18.30,18.40,+0.25,"9,962",5880
109/03/30,"24,594,249","447,997,596",18.10,18.45,17.90,18.20,-0.20,"5,988",5880
109/03/31,"25,916,670","473,963,799",18.35,18.40,18.10,18.35,+0.15,"5,880",5880
109/04/01,"17,817,311","323,747,711",18.30,18.30,18.10,18.10,-0.25,"5,499",5880
109/04/06,"23,605,010","428,314,963",18.15,18.30,18.00,18.30,+0.20,"5,080",5880
109/04/07,"22,105,644","407,939,210",18.50,18.55,18.35,18.50,+0.20,"5,997",5880
109/04/08,"23,126,188","428,843,708",18.50,18.65,18.40,18.50, 0.00,"5,984",5880
109/04/09,"18,280,072","341,651,786",18.55,18.85,18.50,18.75,+0.25,"5,393",5880
109/04/10,"20,875,550","397,768,381",18.80,19.20,18.75,19.15,+0.40,"5,951",5880
109/04/13,"15,811,057","301,541,809",19.20,19.20,18.90,19.05,-0.10,"4,838",5880
109/04/14,"27,218,214","530,692,482",19.05,19.70,19.05,19.65,+0.60,"6,769",5880
109/04/15,"29,739,559","593,428,110",19.70,20.05,19.70,20.05,+0.40,"9,094",5880
109/04/16,"21,384,268","424,611,210",19.80,19.95,19.75,19.85,-0.20,"5,800",5880
109/04/17,"23,569,000","471,942,255",20.05,20.30,19.85,19.90,+0.05,"6,031",5880
109/04/20,"14,089,701","279,008,945",19.85,19.90,19.65,19.85,-0.05,"4,438",5880
109/04/21,"34,975,079","677,363,705",19.60,19.70,19.15,19.20,-0.65,"11,468",5880
109/04/22,"22,436,561","426,756,580",18.90,19.15,18.85,19.10,-0.10,"6,461",5880
109/04/23,"20,977,149","401,169,151",19.10,19.30,19.00,19.05,-0.05,"5,414",5880
109/04/24,"16,290,963","310,679,632",19.00,19.20,19.00,19.00,-0.05,"4,416",5880
109/04/27,"16,973,552","330,718,097",19.30,19.60,19.25,19.50,+0.50,"3,977",5880
109/04/28,"13,268,030","261,672,189",19.65,19.80,19.60,19.80,+0.30,"3,306",5880
109/04/29,"21,625,950","431,783,650",19.80,20.05,19.80,20.00,+0.20,"5,422",5880
109/04/30,"24,388,622","490,576,623",20.10,20.20,20.05,20.10,+0.10,"5,736",5880
109/05/04,"25,442,221","500,990,540",19.70,19.85,19.50,19.65,-0.45,"7,841",5880
109/05/05,"10,380,442","205,417,973",19.70,19.90,19.70,19.75,+0.10,"3,047",5880
109/05/06,"13,612,374","268,557,770",19.75,19.85,19.60,19.70,-0.05,"4,053",5880
109/05/07,"10,902,002","215,757,207",19.70,19.95,19.65,19.80,+0.10,"2,763",5880
109/05/08,"11,454,203","228,012,326",19.95,20.00,19.80,19.85,+0.05,"2,974",5880
109/05/11,"15,710,611","316,760,417",20.00,20.30,20.00,20.10,+0.25,"4,500",5880
109/05/12,"10,982,055","219,897,096",20.00,20.10,19.90,20.00,-0.10,"3,638",5880
109/05/13,"9,120,801","182,823,963",19.95,20.15,19.90,20.05,+0.05,"2,683",5880
109/05/14,"11,806,337","236,336,336",20.05,20.10,19.95,20.05, 0.00,"4,187",5880
109/05/15,"12,497,445","250,277,556",20.10,20.20,19.90,19.95,-0.10,"3,712",5880
109/05/18,"10,506,964","209,693,038",19.95,20.05,19.90,19.95, 0.00,"3,045",5880
109/05/19,"11,713,279","235,548,193",20.20,20.30,20.00,20.10,+0.15,"2,956",5880
109/05/20,"10,281,440","206,287,567",20.10,20.15,20.00,20.05,-0.05,"3,180",5880
109/05/21,"11,821,222","237,641,251",20.05,20.15,20.00,20.15,+0.10,"2,957",5880
109/05/22,"14,196,597","283,893,685",20.10,20.10,19.95,20.00,-0.15,"4,744",5880
109/05/25,"10,979,070","219,022,432",20.05,20.10,19.85,20.00, 0.00,"3,211",5880
109/05/26,"12,697,032","256,172,202",20.10,20.25,20.05,20.15,+0.15,"3,073",5880
109/05/27,"13,051,529","263,942,944",20.15,20.30,20.15,20.25,+0.10,"4,301",5880
109/05/28,"13,897,841","281,299,300",20.30,20.35,20.10,20.25, 0.00,"3,947",5880
109/05/29,"42,294,504","861,188,768",20.15,20.40,20.10,20.40,+0.15,"5,902",5880
109/06/01,"24,071,008","500,110,524",20.40,21.00,20.40,20.70,+0.30,"6,376",5880
109/06/02,"13,956,780","291,573,661",20.75,20.95,20.70,20.95,+0.25,"5,776",5880
109/06/03,"22,520,790","476,428,537",21.10,21.25,21.05,21.10,+0.15,"7,773",5880
109/06/04,"18,641,980","394,644,383",21.25,21.25,21.05,21.25,+0.15,"5,475",5880
109/06/05,"9,183,424","194,733,182",21.25,21.25,21.10,21.25, 0.00,"3,429",5880
109/06/08,"21,516,297","456,382,700",21.20,21.30,21.10,21.30,+0.05,"5,978",5880
109/06/09,"12,291,644","260,766,668",21.30,21.30,21.15,21.25,-0.05,"3,695",5880
109/06/10,"13,231,705","280,776,804",21.20,21.25,21.10,21.25, 0.00,"4,404",5880
109/06/11,"24,230,009","509,444,139",21.20,21.25,20.85,20.90,-0.35,"8,107",5880
109/06/12,"19,084,043","394,004,648",20.55,20.85,20.45,20.75,-0.15,"6,257",5880
109/06/15,"15,321,002","316,605,487",20.75,20.80,20.50,20.60,-0.15,"4,846",5880
109/06/16,"11,755,533","245,945,766",20.75,21.00,20.70,20.90,+0.30,"3,679",5880
109/06/17,"10,762,188","223,968,529",20.85,20.90,20.70,20.85,-0.05,"3,912",5880
109/06/18,"9,710,801","201,568,246",20.85,20.85,20.70,20.75,-0.10,"2,655",5880
109/06/19,"22,311,036","462,189,321",20.75,20.85,20.65,20.70,-0.05,"2,182",5880
109/06/22,"6,339,283","131,266,430",20.70,20.75,20.65,20.75,+0.05,"2,207",5880
109/06/23,"10,869,649","225,329,271",20.75,20.80,20.60,20.80,+0.05,"2,670",5880
109/06/24,"12,423,236","258,894,481",20.85,20.90,20.80,20.80, 0.00,"2,750",5880
109/06/29,"12,372,943","255,705,202",20.65,20.75,20.60,20.65,-0.15,"3,787",5880
109/06/30,"11,725,683","243,415,192",20.70,20.90,20.65,20.75,+0.10,"2,468",5880
109/07/01,"5,333,280","111,244,464",20.75,20.90,20.75,20.85,+0.10,"1,797",5880
109/07/02,"8,430,237","176,378,427",20.85,20.95,20.80,20.95,+0.10,"2,373",5880
109/07/03,"10,968,186","230,355,356",21.00,21.05,20.95,21.00,+0.05,"3,013",5880
109/07/06,"13,670,891","289,317,067",21.15,21.20,21.05,21.15,+0.15,"3,686",5880
109/07/07,"11,174,752","236,146,233",21.15,21.25,21.05,21.15, 0.00,"3,068",5880
109/07/08,"11,715,560","247,809,238",21.15,21.20,21.10,21.15, 0.00,"2,824",5880
109/07/09,"11,843,012","250,346,924",21.15,21.20,21.10,21.15, 0.00,"2,853",5880
109/07/10,"14,400,451","303,356,083",21.10,21.15,20.95,21.10,-0.05,"3,366",5880
109/07/13,"16,373,129","346,731,238",21.10,21.25,21.05,21.20,+0.10,"3,185",5880
109/07/14,"7,573,819","160,218,583",21.20,21.25,21.10,21.10,-0.10,"2,121",5880
109/07/15,"12,457,240","263,582,374",21.15,21.20,21.10,21.20,+0.10,"3,375",5880
109/07/16,"10,941,305","232,442,983",21.20,21.30,21.20,21.25,+0.05,"3,043",5880
109/07/17,"9,106,572","193,969,294",21.35,21.35,21.25,21.30,+0.05,"2,422",5880
109/07/20,"7,376,690","156,499,974",21.25,21.25,21.15,21.25,-0.05,"2,182",5880
109/07/21,"11,895,869","252,836,961",21.25,21.30,21.20,21.25, 0.00,"2,456",5880
109/07/22,"8,253,682","175,522,148",21.20,21.30,21.20,21.30,+0.05,"2,209",5880
109/07/23,"8,758,694","185,723,735",21.20,21.25,21.10,21.25,-0.05,"2,336",5880
109/07/24,"9,633,465","203,439,133",21.10,21.20,21.05,21.05,-0.20,"3,100",5880
109/07/27,"12,800,677","268,777,617",21.00,21.10,20.95,20.95,-0.10,"3,434",5880
109/07/28,"16,614,679","349,689,339",20.90,21.20,20.85,21.20,+0.25,"3,766",5880
109/07/29,"18,413,312","392,591,813",21.15,21.40,21.10,21.35,+0.15,"4,702",5880
109/07/30,"16,099,374","344,796,289",21.40,21.50,21.30,21.50,+0.15,"3,941",5880
109/07/31,"12,257,332","262,582,581",21.45,21.50,21.35,21.40,-0.10,"2,690",5880
109/08/03,"16,400,622","348,705,845",21.35,21.35,21.20,21.20,-0.20,"4,202",5880
109/08/04,"10,609,197","225,602,563",21.20,21.35,21.15,21.25,+0.05,"2,901",5880
109/08/05,"13,957,943","298,252,478",21.30,21.45,21.25,21.40,+0.15,"3,660",5880
109/08/06,"19,524,502","420,948,711",21.45,21.60,21.45,21.60,+0.20,"4,525",5880
109/08/07,"20,484,092","443,371,645",21.60,21.70,21.60,21.65,+0.05,"4,148",5880
109/08/10,"29,415,690","641,283,481",21.70,21.90,21.65,21.90,+0.25,"6,183",5880
109/08/11,"39,799,899","870,683,317",21.95,21.95,21.80,21.85,-0.05,"8,377",5880
109/08/12,"57,564,575","1,177,906,151",20.50,20.55,20.35,20.40,X0.00,"15,031",5880
109/08/13,"13,226,740","270,983,999",20.45,20.55,20.40,20.55,+0.15,"4,137",5880
109/08/14,"11,616,141","237,268,292",20.50,20.55,20.35,20.45,-0.10,"3,884",5880
109/08/17,"9,500,819","193,931,537",20.40,20.45,20.35,20.45, 0.00,"3,199",5880
109/08/18,"7,215,412","148,044,240",20.45,20.60,20.40,20.60,+0.15,"2,612",5880
109/08/19,"12,117,423","249,544,641",20.55,20.70,20.50,20.50,-0.10,"5,445",5880
109/08/20,"27,275,076","551,570,415",20.40,20.50,20.05,20.15,-0.35,"9,528",5880
109/08/21,"11,318,104","230,488,134",20.20,20.50,20.20,20.50,+0.35,"4,093",5880
109/08/24,"7,451,264","151,170,327",20.45,20.45,20.20,20.25,-0.25,"2,489",5880
109/08/25,"8,803,459","178,630,311",20.25,20.40,20.20,20.25, 0.00,"3,154",5880
109/08/26,"7,930,076","160,428,616",20.30,20.30,20.20,20.25, 0.00,"2,688",5880
109/08/27,"15,522,880","311,717,730",20.25,20.25,20.00,20.05,-0.20,"6,375",5880
109/08/28,"10,012,909","201,763,725",20.05,20.25,20.05,20.20,+0.15,"3,114",5880
109/08/31,"15,385,018","309,774,289",20.30,20.30,20.05,20.05,-0.15,"2,962",5880
109/09/01,"12,260,341","245,488,929",20.10,20.10,20.00,20.00,-0.05,"2,960",5880
109/09/02,"16,179,581","322,752,720",20.00,20.10,19.90,19.95,-0.05,"7,026",5880
109/09/03,"10,097,299","201,606,830",19.95,20.10,19.90,19.90,-0.05,"3,349",5880
109/09/04,"20,699,959","409,748,515",19.85,19.95,19.70,19.75,-0.15,"8,895",5880
109/09/07,"11,618,139","229,621,519",19.75,19.90,19.65,19.80,+0.05,"3,898",5880
109/09/08,"4,913,587","97,828,040",19.90,19.95,19.85,19.90,+0.10,"2,145",5880
109/09/09,"12,739,344","251,463,626",19.85,19.90,19.65,19.85,-0.05,"5,411",5880
109/09/10,"5,806,980","115,119,050",19.90,19.95,19.70,19.95,+0.10,"2,814",5880
109/09/11,"6,724,351","133,925,945",19.90,20.00,19.80,20.00,+0.05,"2,727",5880
109/09/14,"5,911,039","117,799,480",20.00,20.00,19.85,19.95,-0.05,"2,403",5880
109/09/15,"4,887,343","97,547,112",19.90,20.00,19.90,19.95, 0.00,"1,921",5880
109/09/16,"9,824,240","196,648,531",19.95,20.10,19.95,20.10,+0.15,"4,787",5880
109/09/17,"10,059,011","200,699,034",20.00,20.05,19.90,19.95,-0.15,"5,518",5880
109/09/18,"10,608,219","212,734,081",19.95,20.10,19.95,20.10,+0.15,"3,112",5880
109/09/21,"9,607,652","191,626,663",20.00,20.05,19.85,19.90,-0.20,"3,742",5880
109/09/22,"16,399,474","323,329,024",19.85,19.85,19.65,19.65,-0.25,"7,545",5880
109/09/23,"12,712,950","248,461,008",19.65,19.65,19.50,19.55,-0.10,"6,212",5880
109/09/24,"28,547,871","544,830,956",19.40,19.45,19.00,19.00,-0.55,"12,685",5880
109/09/25,"11,933,413","228,820,574",19.10,19.30,19.10,19.15,+0.15,"4,090",5880
109/09/28,"10,543,742","206,045,306",19.30,19.70,19.25,19.70,+0.55,"3,386",5880
109/09/29,"11,101,875","218,813,799",19.80,19.80,19.60,19.70, 0.00,"2,637",5880
109/09/30,"13,818,064","270,836,003",19.80,19.80,19.50,19.50,-0.20,"3,598",5880
109/10/05,"4,562,054","89,722,915",19.75,19.75,19.60,19.65,+0.15,"1,897",5880
109/10/06,"7,953,286","157,724,270",19.75,19.90,19.70,19.90,+0.25,"2,747",5880
109/10/07,"5,725,048","113,830,310",19.90,19.95,19.80,19.90, 0.00,"2,404",5880
109/10/08,"4,939,274","98,053,519",19.90,19.90,19.80,19.85,-0.05,"2,011",5880
109/10/12,"9,402,464","186,595,537",19.85,19.95,19.75,19.90,+0.05,"3,284",5880
109/10/13,"5,470,113","108,078,275",19.85,19.90,19.70,19.80,-0.10,"2,673",5880
109/10/14,"10,552,014","208,367,427",19.80,19.90,19.70,19.70,-0.10,"2,524",5880
109/10/15,"9,742,934","190,886,339",19.80,19.80,19.50,19.50,-0.20,"4,084",5880
109/10/16,"5,068,543","98,983,602",19.50,19.60,19.50,19.50, 0.00,"2,317",5880
109/10/19,"5,813,932","113,712,463",19.55,19.65,19.40,19.50, 0.00,"2,446",5880
109/10/20,"5,077,110","98,819,447",19.50,19.55,19.40,19.50, 0.00,"2,390",5880
109/10/21,"5,638,103","109,897,030",19.55,19.55,19.45,19.50, 0.00,"3,217",5880
109/10/22,"4,469,120","87,388,291",19.45,19.60,19.45,19.60,+0.10,"1,626",5880
109/10/23,"5,199,272","101,635,056",19.60,19.65,19.50,19.50,-0.10,"2,192",5880
109/10/26,"4,159,449","81,588,426",19.50,19.70,19.50,19.65,+0.15,"2,319",5880
109/10/27,"8,950,933","175,057,046",19.50,19.65,19.50,19.55,-0.10,"2,821",5880
109/10/28,"5,528,831","108,134,023",19.60,19.65,19.50,19.60,+0.05,"3,517",5880
109/10/29,"11,095,240","214,998,453",19.40,19.50,19.30,19.35,-0.25,"5,960",5880
109/10/30,"16,076,692","309,033,431",19.35,19.35,19.00,19.20,-0.15,"6,389",5880
109/11/02,"6,133,186","118,773,878",19.15,19.50,19.15,19.50,+0.30,"2,409",5880
109/11/03,"6,515,352","128,027,649",19.60,19.70,19.55,19.65,+0.15,"2,504",5880
109/11/04,"4,970,376","97,449,818",19.65,19.70,19.50,19.65, 0.00,"2,116",5880
109/11/05,"7,107,053","140,513,219",19.75,19.90,19.70,19.70,+0.05,"2,611",5880
109/11/06,"9,507,826","188,802,800",19.75,19.95,19.70,19.90,+0.20,"3,172",5880
109/11/09,"9,005,357","180,154,941",20.00,20.10,19.90,20.00,+0.10,"3,138",5880
109/11/10,"12,372,899","248,823,133",20.10,20.15,20.05,20.15,+0.15,"4,110",5880
109/11/11,"17,817,720","362,202,241",20.20,20.45,20.20,20.45,+0.30,"6,111",5880
109/11/12,"13,551,282","271,892,220",20.40,20.40,20.00,20.00,-0.45,"4,118",5880
109/11/13,"6,920,065","139,523,415",20.10,20.20,20.05,20.20,+0.20,"2,572",5880
109/11/16,"14,069,815","286,956,909",20.40,20.45,20.30,20.45,+0.25,"4,759",5880
109/11/17,"9,834,191","200,736,176",20.35,20.50,20.30,20.50,+0.05,"4,193",5880
109/11/18,"14,623,277","299,688,129",20.40,20.60,20.35,20.60,+0.10,"4,784",5880
109/11/19,"10,351,220","211,144,317",20.55,20.55,20.30,20.45,-0.15,"3,493",5880
109/11/20,"8,837,682","179,154,872",20.40,20.40,20.20,20.25,-0.20,"3,139",5880
109/11/23,"10,194,740","207,306,550",20.40,20.40,20.25,20.35,+0.10,"2,962",5880
109/11/24,"6,894,742","139,226,243",20.30,20.35,20.15,20.15,-0.20,"3,329",5880
109/11/25,"6,915,889","139,994,327",20.30,20.35,20.15,20.25,+0.10,"2,663",5880
109/11/26,"6,545,541","132,434,427",20.30,20.35,20.15,20.35,+0.10,"2,794",5880
109/11/27,"12,609,089","254,465,186",20.30,20.30,20.10,20.20,-0.15,"5,214",5880
109/11/30,"42,677,749","864,563,695",20.20,20.30,20.05,20.30,+0.10,"5,552",5880
109/12/01,"7,842,723","157,970,084",20.30,20.30,20.05,20.20,-0.10,"2,925",5880
109/12/02,"11,057,280","222,728,106",20.05,20.20,20.05,20.20, 0.00,"3,084",5880
109/12/03,"6,380,582","128,441,909",20.10,20.20,20.05,20.15,-0.05,"2,557",5880
109/12/04,"10,792,056","218,901,283",20.25,20.35,20.15,20.30,+0.15,"3,237",5880
109/12/07,"15,260,824","308,173,124",20.40,20.40,20.10,20.20,-0.10,"4,891",5880
109/12/08,"21,589,796","430,713,822",20.00,20.00,19.85,19.90,-0.30,"8,178",5880
109/12/09,"21,672,395","428,110,110",19.85,19.85,19.70,19.75,-0.15,"8,808",5880
109/12/10,"11,098,392","220,054,232",19.75,19.90,19.65,19.85,+0.10,"3,963",5880
109/12/11,"11,339,056","226,587,126",19.80,20.10,19.80,20.00,+0.15,"3,924",5880
109/12/14,"8,125,845","161,907,584",20.00,20.00,19.85,19.90,-0.10,"3,732",5880
109/12/15,"11,314,202","224,383,928",19.90,19.95,19.75,19.85,-0.05,"4,574",5880
109/12/16,"12,101,993","242,462,907",19.90,20.10,19.90,20.05,+0.20,"5,697",5880
109/12/17,"6,313,024","126,092,619",20.05,20.05,19.90,19.95,-0.10,"2,476",5880
109/12/18,"10,645,397","211,735,717",19.95,20.00,19.85,19.85,-0.10,"3,890",5880
109/12/21,"6,287,535","125,180,956",19.85,20.00,19.80,19.95,+0.10,"2,452",5880
109/12/22,"5,709,990","113,682,412",19.85,19.95,19.85,19.85,-0.10,"2,770",5880
109/12/23,"5,338,996","105,912,058",19.80,19.90,19.75,19.80,-0.05,"2,600",5880
109/12/24,"4,498,668","89,440,464",19.85,19.95,19.85,19.85,+0.05,"1,706",5880
109/12/25,"3,609,212","71,910,067",19.90,19.95,19.85,19.95,+0.10,"1,541",5880
109/12/28,"6,358,730","126,687,856",19.95,20.00,19.85,19.95, 0.00,"3,239",5880
109/12/29,"6,722,830","134,191,912",19.95,20.00,19.85,20.00,+0.05,"2,559",5880
109/12/30,"19,479,719","393,736,041",20.00,20.40,20.00,20.35,+0.35,"6,745",5880
109/12/31,"11,427,861","231,825,556",20.35,20.35,20.15,20.35, 0.00,"2,536",5880
110/01/04,"9,157,035","185,047,038",20.10,20.35,20.05,20.15,-0.20,"3,022",5880
110/01/05,"9,633,722","194,425,526",20.15,20.30,20.05,20.30,+0.15,"3,323",5880
110/01/06,"12,025,436","241,825,505",20.10,20.20,20.05,20.15,-0.15,"4,879",5880
110/01/07,"9,063,331","182,864,638",20.10,20.30,20.10,20.15, 0.00,"3,476",5880
110/01/08,"16,726,310","338,698,676",20.10,20.35,20.10,20.35,+0.20,"5,350",5880
110/01/11,"10,717,972","217,883,924",20.35,20.45,20.20,20.40,+0.05,"3,824",5880
110/01/12,"7,409,643","149,635,980",20.30,20.35,20.10,20.10,-0.30,"2,894",5880
110/01/13,"14,479,142","292,241,526",20.15,20.30,20.15,20.15,+0.05,"3,668",5880
110/01/14,"10,713,916","215,987,459",20.20,20.20,20.10,20.20,+0.05,"3,506",5880
110/01/15,"11,001,040","221,544,775",20.20,20.25,20.10,20.10,-0.10,"3,423",5880
110/01/18,"14,181,824","282,854,707",20.05,20.05,19.90,19.90,-0.20,"5,121",5880
110/01/19,"11,699,000","233,274,674",19.90,20.00,19.90,19.90, 0.00,"4,692",5880
110/01/20,"28,217,960","555,765,525",19.90,19.90,19.55,19.55,-0.35,"13,496",5880
110/01/21,"13,456,546","265,052,557",19.60,19.90,19.55,19.60,+0.05,"4,948",5880
110/01/22,"19,118,672","373,510,491",19.60,19.65,19.50,19.50,-0.10,"6,214",5880
110/01/25,"10,681,126","209,303,697",19.50,19.75,19.45,19.65,+0.15,"3,589",5880
110/01/26,"10,216,497","200,005,205",19.55,19.70,19.50,19.55,-0.10,"3,996",5880
110/01/27,"11,404,855","223,452,311",19.60,19.85,19.55,19.55, 0.00,"2,939",5880
110/01/28,"16,787,575","326,803,437",19.50,19.60,19.40,19.50,-0.05,"6,572",5880
110/01/29,"24,569,586","474,391,289",19.40,19.50,19.15,19.15,-0.35,"9,699",5880
110/02/01,"10,501,314","203,581,746",19.15,19.50,19.15,19.35,+0.20,"5,009",5880
110/02/02,"13,241,317","257,680,103",19.35,19.65,19.20,19.40,+0.05,"5,662",5880
110/02/03,"10,621,237","207,470,332",19.45,19.60,19.40,19.60,+0.20,"3,127",5880
110/02/04,"6,923,295","135,189,136",19.45,19.65,19.45,19.50,-0.10,"2,510",5880
110/02/05,"7,948,139","155,696,507",19.50,19.75,19.50,19.60,+0.10,"2,662",5880
110/02/17,"19,509,755","386,122,627",19.65,19.95,19.65,19.80,+0.20,"6,868",5880
110/02/18,"9,674,545","192,414,907",19.90,19.95,19.85,19.85,+0.05,"3,501",5880
110/02/19,"9,058,634","180,048,148",19.85,19.95,19.80,19.95,+0.10,"3,052",5880
110/02/22,"10,816,629","216,620,182",19.95,20.15,19.95,19.95, 0.00,"3,582",5880
110/02/23,"14,361,485","288,878,694",19.95,20.20,19.95,20.20,+0.25,"4,344",5880
110/02/24,"17,862,550","361,205,180",20.25,20.35,20.10,20.15,-0.05,"4,069",5880
110/02/25,"18,739,813","381,416,748",20.25,20.45,20.25,20.45,+0.30,"5,629",5880
110/02/26,"39,023,992","781,541,862",20.30,20.30,19.95,19.95,-0.50,"9,208",5880
110/03/02,"12,080,105","242,603,395",20.10,20.20,20.00,20.00,+0.05,"3,619",5880
110/03/03,"20,970,520","423,918,727",20.10,20.30,20.05,20.20,+0.20,"4,637",5880
110/03/04,"16,367,642","328,802,304",20.20,20.25,20.00,20.10,-0.10,"4,549",5880
110/03/05,"9,780,714","196,318,986",19.95,20.20,19.95,20.15,+0.05,"3,034",5880
110/03/08,"13,454,410","271,542,858",20.20,20.30,20.05,20.10,-0.05,"3,725",5880
110/03/09,"17,625,662","358,098,343",20.25,20.40,20.20,20.30,+0.20,"4,319",5880
110/03/10,"12,672,117","258,173,639",20.35,20.45,20.30,20.40,+0.10,"3,808",5880
110/03/11,"17,793,701","364,538,187",20.40,20.60,20.40,20.40, 0.00,"4,750",5880
110/03/12,"7,895,484","161,443,200",20.40,20.50,20.35,20.50,+0.10,"2,798",5880
110/03/15,"9,962,391","204,869,115",20.55,20.60,20.50,20.55,+0.05,"3,334",5880
110/03/16,"17,653,744","365,325,534",20.65,20.75,20.60,20.70,+0.15,"4,826",5880
110/03/17,"19,926,636","411,276,092",20.75,20.75,20.50,20.60,-0.10,"8,630",5880
110/03/18,"11,255,686","232,491,560",20.60,20.75,20.55,20.65,+0.05,"3,591",5880
110/03/19,"26,365,886","538,378,810",20.55,20.60,20.30,20.40,-0.25,"7,082",5880
110/03/22,"7,786,480","159,490,504",20.40,20.60,20.30,20.50,+0.10,"2,678",5880
110/03/23,"8,871,618","183,016,894",20.60,20.70,20.55,20.65,+0.15,"3,219",5880
110/03/24,"15,097,942","305,362,652",20.65,20.75,20.60,20.65, 0.00,"3,933",5880
110/03/25,"10,563,835","219,201,002",20.65,20.80,20.65,20.80,+0.15,"3,337",5880
110/03/26,"21,240,277","444,578,799",20.85,21.05,20.80,20.90,+0.10,"5,461",5880
110/03/29,"13,293,669","279,818,084",21.00,21.10,20.95,21.10,+0.20,"4,349",5880
110/03/30,"13,447,276","283,522,402",21.10,21.20,21.00,21.10, 0.00,"4,493",5880
110/03/31,"13,499,683","285,471,403",21.10,21.20,21.10,21.15,+0.05,"3,655",5880
110/04/01,"9,007,091","189,936,340",21.15,21.20,21.05,21.05,-0.10,"3,221",5880
110/04/06,"11,859,718","249,727,853",21.10,21.15,21.00,21.00,-0.05,"4,146",5880
110/04/07,"9,908,270","207,815,839",20.95,21.05,20.90,21.00, 0.00,"4,182",5880
110/04/08,"9,528,901","199,456,954",20.95,20.95,20.90,20.90,-0.10,"3,582",5880
110/04/09,"10,497,081","219,118,239",20.90,20.95,20.85,20.85,-0.05,"3,664",5880
110/04/12,"10,126,275","211,858,555",20.85,21.00,20.85,20.95,+0.10,"3,500",5880
110/04/13,"10,408,559","218,555,683",20.95,21.05,20.90,21.00,+0.05,"3,780",5880
110/04/14,"10,181,667","213,864,404",21.00,21.10,20.95,21.00, 0.00,"3,277",5880
110/04/15,"11,534,260","243,331,426",21.00,21.15,21.00,21.10,+0.10,"3,604",5880
110/04/16,"11,836,540","250,375,935",21.10,21.20,21.05,21.20,+0.10,"3,826",5880
110/04/19,"14,411,905","308,131,506",21.20,21.45,21.15,21.45,+0.25,"5,001",5880
110/04/20,"13,291,574","285,157,366",21.50,21.60,21.35,21.45, 0.00,"4,444",5880
110/04/21,"11,699,980","249,376,092",21.35,21.40,21.25,21.25,-0.20,"4,941",5880
110/04/22,"14,145,922","301,890,943",21.40,21.45,21.25,21.35,+0.10,"3,955",5880
110/04/23,"8,774,358","187,070,226",21.35,21.40,21.25,21.40,+0.05,"3,243",5880
110/04/26,"16,851,567","361,772,415",21.40,21.55,21.30,21.55,+0.15,"4,791",5880
110/04/27,"11,712,919","251,689,778",21.50,21.55,21.40,21.55, 0.00,"4,865",5880
110/04/28,"8,860,840","190,001,777",21.50,21.50,21.40,21.50,-0.05,"2,901",5880
110/04/29,"9,777,357","209,488,893",21.40,21.50,21.40,21.40,-0.10,"3,023",5880
110/05/03,"14,810,884","315,794,010",21.35,21.40,21.25,21.25,-0.15,"5,250",5880
110/05/04,"25,595,941","542,093,349",21.30,21.50,21.00,21.15,-0.10,"7,556",5880
110/05/05,"11,398,977","240,573,183",21.10,21.20,21.00,21.05,-0.10,"4,316",5880
110/05/06,"12,455,012","264,073,476",21.10,21.35,21.10,21.20,+0.15,"5,083",5880
110/05/07,"13,105,258","280,114,927",21.30,21.50,21.25,21.50,+0.30,"3,817",5880
110/05/10,"23,550,114","510,243,603",21.50,21.75,21.50,21.75,+0.25,"5,910",5880
110/05/11,"20,593,576","442,701,244",21.75,21.75,21.30,21.35,-0.40,"6,695",5880
110/05/12,"58,264,105","1,205,770,662",21.20,21.45,19.90,20.55,-0.80,"19,449",5880
110/05/13,"30,624,309","627,642,138",20.35,20.75,20.15,20.40,-0.15,"9,512",5880
110/05/14,"17,052,271","351,591,102",20.50,20.80,20.50,20.75,+0.35,"4,735",5880
110/05/17,"30,709,495","622,730,758",20.25,20.50,20.10,20.10,-0.65,"11,012",5880
110/05/18,"18,724,547","387,072,218",20.15,20.90,20.15,20.85,+0.75,"4,987",5880
110/05/19,"16,876,406","347,790,814",20.60,20.80,20.50,20.55,-0.30,"5,660",5880
110/05/20,"13,898,703","284,537,135",20.50,20.55,20.40,20.45,-0.10,"3,848",5880
110/05/21,"8,947,574","185,162,108",20.65,20.80,20.60,20.75,+0.30,"2,816",5880
110/05/24,"8,035,806","165,738,114",20.70,20.70,20.50,20.65,-0.10,"2,662",5880
110/05/25,"10,316,035","213,313,817",20.65,20.75,20.55,20.70,+0.05,"3,146",5880
110/05/26,"9,290,819","192,183,585",20.65,20.75,20.60,20.70, 0.00,"3,093",5880
110/05/27,"29,195,445","601,353,459",20.60,20.65,20.55,20.60,-0.10,"3,503",5880
110/05/28,"12,123,985","251,948,712",20.65,20.85,20.60,20.85,+0.25,"3,391",5880
110/05/31,"10,188,851","213,144,322",20.85,21.00,20.80,20.95,+0.10,"3,260",5880
110/06/01,"4,771,604","100,071,495",20.95,21.05,20.90,21.00,+0.05,"1,915",5880
110/06/02,"8,583,593","180,910,761",21.00,21.15,21.00,21.10,+0.10,"3,854",5880
110/06/03,"4,665,375","98,629,794",21.20,21.20,21.10,21.15,+0.05,"1,823",5880
110/06/04,"5,536,313","116,696,827",21.15,21.15,21.00,21.05,-0.10,"2,175",5880
110/06/07,"6,554,054","137,385,591",21.05,21.10,20.80,21.00,-0.05,"2,861",5880
110/06/08,"5,670,314","119,517,904",21.10,21.15,21.00,21.15,+0.15,"2,396",5880
110/06/09,"7,341,547","154,076,318",21.05,21.10,20.90,20.95,-0.20,"3,539",5880
110/06/10,"8,026,033","168,255,649",20.95,21.05,20.90,21.00,+0.05,"2,340",5880
110/06/11,"8,015,804","168,586,326",21.00,21.10,20.90,21.10,+0.10,"2,568",5880
110/06/15,"6,683,654","140,945,213",21.10,21.15,21.00,21.10, 0.00,"2,888",5880
110/06/16,"12,580,335","265,126,316",21.00,21.15,21.00,21.15,+0.05,"6,101",5880
110/06/17,"7,266,968","152,882,314",21.00,21.10,20.95,21.10,-0.05,"2,864",5880
110/06/18,"25,336,785","528,777,807",21.00,21.10,20.80,20.80,-0.30,"5,943",5880
110/06/21,"10,176,404","212,192,769",20.80,20.95,20.80,20.90,+0.10,"4,416",5880
110/06/22,"6,992,844","146,769,293",20.95,21.05,20.90,21.00,+0.10,"3,147",5880
110/06/23,"10,703,312","225,845,880",20.95,21.20,20.95,21.05,+0.05,"4,245",5880
110/06/24,"8,452,476","178,625,897",21.05,21.20,21.05,21.10,+0.05,"2,792",5880
110/06/25,"9,277,621","196,840,757",21.10,21.30,21.05,21.25,+0.15,"2,897",5880
110/06/28,"7,059,716","150,489,445",21.35,21.35,21.25,21.35,+0.10,"2,768",5880
110/06/29,"7,789,821","165,736,800",21.25,21.35,21.20,21.25,-0.10,"2,799",5880
110/06/30,"10,230,481","217,567,719",21.25,21.35,21.20,21.25, 0.00,"3,726",5880
110/07/01,"7,149,132","151,540,158",21.20,21.30,21.10,21.20,-0.05,"2,740",5880
110/07/02,"8,353,816","177,140,814",21.25,21.30,21.15,21.15,-0.05,"2,583",5880
110/07/05,"7,412,828","158,113,877",21.20,21.40,21.20,21.35,+0.20,"2,444",5880
110/07/06,"8,361,192","179,183,579",21.35,21.50,21.30,21.45,+0.10,"3,058",5880
110/07/07,"7,891,982","168,885,607",21.40,21.45,21.35,21.45, 0.00,"2,480",5880
110/07/08,"6,711,672","143,877,677",21.45,21.50,21.40,21.40,-0.05,"2,332",5880
110/07/09,"10,816,827","231,389,356",21.35,21.50,21.30,21.50,+0.10,"3,030",5880
110/07/12,"11,426,967","246,064,797",21.55,21.60,21.45,21.45,-0.05,"4,017",5880
110/07/13,"9,207,460","198,355,532",21.50,21.60,21.45,21.60,+0.15,"3,283",5880
110/07/14,"7,223,096","156,075,952",21.55,21.65,21.55,21.65,+0.05,"2,259",5880
110/07/15,"6,567,104","141,937,289",21.65,21.65,21.55,21.65, 0.00,"2,529",5880
110/07/16,"10,073,880","218,195,225",21.60,21.70,21.55,21.70,+0.05,"3,385",5880
110/07/19,"12,996,116","280,790,677",21.60,21.75,21.50,21.70, 0.00,"3,406",5880
110/07/20,"7,297,528","157,533,235",21.60,21.65,21.55,21.55,-0.15,"2,815",5880
110/07/21,"11,176,368","241,778,209",21.60,21.70,21.55,21.70,+0.15,"5,235",5880
110/07/22,"18,234,973","397,911,358",21.70,21.90,21.70,21.90,+0.20,"4,097",5880
110/07/23,"7,930,430","173,857,000",21.90,21.95,21.85,21.95,+0.05,"2,965",5880
110/07/26,"8,473,723","185,641,181",21.90,22.00,21.85,21.90,-0.05,"3,022",5880
110/07/27,"10,735,271","234,954,984",21.90,21.95,21.80,21.95,+0.05,"2,964",5880
110/07/28,"12,690,457","277,606,630",21.90,22.00,21.80,21.95, 0.00,"4,133",5880
110/07/29,"9,119,272","199,995,475",21.95,22.00,21.85,21.95, 0.00,"3,137",5880
110/07/30,"15,657,532","343,087,083",21.95,22.00,21.85,21.85,-0.10,"2,851",5880
110/08/02,"18,626,756","409,978,121",21.95,22.10,21.90,22.10,+0.25,"5,120",5880
110/08/03,"7,189,124","159,020,516",22.00,22.15,22.00,22.15,+0.05,"2,852",5880
110/08/04,"11,537,559","256,053,291",22.20,22.25,22.15,22.20,+0.05,"3,151",5880
110/08/05,"22,760,954","507,021,021",22.20,22.35,22.15,22.35,+0.15,"7,929",5880
110/08/06,"19,636,382","437,639,044",22.30,22.40,22.15,22.30,-0.05,"7,525",5880
110/08/09,"21,862,644","484,010,316",22.20,22.20,22.00,22.20,-0.10,"7,370",5880
110/08/10,"27,791,796","614,272,906",22.15,22.15,22.05,22.15,-0.05,"8,641",5880
110/08/11,"27,315,314","584,288,825",21.30,21.50,21.25,21.45,X0.00,"9,142",5880
110/08/12,"18,311,751","389,730,024",21.50,21.50,21.15,21.35,-0.10,"8,686",5880
110/08/13,"9,193,738","194,388,412",21.30,21.35,21.10,21.15,-0.20,"4,503",5880
110/08/16,"17,213,982","361,564,529",21.15,21.20,20.90,21.00,-0.15,"7,144",5880
110/08/17,"10,583,667","222,489,270",21.00,21.15,20.95,21.10,+0.10,"3,332",5880
110/08/18,"7,601,208","159,991,919",21.10,21.10,21.00,21.05,-0.05,"3,381",5880
110/08/19,"15,127,951","316,814,125",21.00,21.05,20.90,20.95,-0.10,"5,869",5880
110/08/20,"11,163,475","234,340,819",21.05,21.10,20.90,21.05,+0.10,"4,257",5880
110/08/23,"7,932,577","167,478,222",21.10,21.20,21.00,21.10,+0.05,"2,901",5880
110/08/24,"8,869,068","188,901,996",21.20,21.45,21.10,21.45,+0.35,"3,000",5880
110/08/25,"6,461,688","138,481,620",21.50,21.50,21.40,21.40,-0.05,"2,614",5880
110/08/26,"8,261,704","176,673,040",21.40,21.45,21.30,21.40, 0.00,"2,642",5880
110/08/27,"12,833,267","278,520,715",21.45,21.85,21.45,21.85,+0.45,"4,085",5880
110/08/30,"14,691,229","322,979,581",21.95,22.15,21.85,22.15,+0.30,"4,279",5880
110/08/31,"21,642,194","480,699,896",22.05,22.35,22.00,22.35,+0.20,"4,688",5880
110/09/01,"10,604,257","235,592,828",22.25,22.30,22.15,22.20,-0.15,"4,090",5880
110/09/02,"9,779,824","215,743,293",22.15,22.20,22.00,22.05,-0.15,"4,356",5880
110/09/03,"12,076,002","268,306,152",22.15,22.30,22.05,22.30,+0.25,"4,142",5880
110/09/06,"9,522,947","212,550,097",22.30,22.35,22.25,22.35,+0.05,"3,846",5880
110/09/07,"11,305,390","252,739,258",22.35,22.40,22.25,22.40,+0.05,"4,038",5880
110/09/08,"18,993,464","418,914,598",22.05,22.20,21.95,22.05,X0.00,"6,124",5880
110/09/09,"12,797,845","280,733,786",22.00,22.00,21.85,21.90,-0.15,"3,949",5880
110/09/10,"9,326,916","204,982,742",21.85,22.05,21.85,22.05,+0.15,"2,800",5880
110/09/13,"9,269,787","203,644,928",22.00,22.05,21.80,22.05, 0.00,"3,331",5880
110/09/14,"12,093,656","267,474,719",22.10,22.20,22.00,22.20,+0.15,"3,342",5880
110/09/15,"11,108,617","245,511,429",22.20,22.20,22.00,22.15,-0.05,"3,820",5880
110/09/16,"7,867,306","174,373,992",22.10,22.20,22.10,22.20,+0.05,"3,038",5880
110/09/17,"19,315,282","425,848,968",22.20,22.20,22.00,22.00,-0.20,"4,271",5880
110/09/22,"20,561,026","446,484,234",21.75,21.85,21.60,21.75,-0.25,"10,838",5880
110/09/23,"9,035,479","198,743,814",21.85,22.10,21.85,22.10,+0.35,"2,680",5880
110/09/24,"5,118,848","113,360,983",22.15,22.20,22.10,22.15,+0.05,"2,563",5880
110/09/27,"6,081,316","134,417,587",22.10,22.20,22.05,22.05,-0.10,"2,537",5880
110/09/28,"6,825,419","150,650,718",22.00,22.15,21.95,22.15,+0.10,"2,654",5880
110/09/29,"13,485,132","296,372,088",22.10,22.10,21.90,22.05,-0.10,"6,388",5880
110/09/30,"8,318,893","183,206,052",22.00,22.10,21.90,22.10,+0.05,"2,388",5880
110/10/01,"18,577,198","406,691,651",22.00,22.00,21.80,22.00,-0.10,"7,995",5880
110/10/04,"8,725,549","191,511,865",22.00,22.05,21.85,22.00, 0.00,"3,413",5880
110/10/05,"11,128,370","244,319,481",22.00,22.05,21.85,21.95,-0.05,"3,463",5880
110/10/06,"11,840,981","259,872,899",21.95,22.05,21.90,21.95, 0.00,"4,470",5880
110/10/07,"9,452,929","209,020,458",22.05,22.15,22.00,22.15,+0.20,"2,787",5880
110/10/08,"5,429,621","119,703,326",22.15,22.20,22.00,22.00,-0.15,"2,300",5880
110/10/12,"13,758,598","301,434,415",21.85,22.05,21.75,22.05,+0.05,"4,776",5880
110/10/13,"9,573,726","211,632,174",22.10,22.15,22.00,22.15,+0.10,"4,308",5880
110/10/14,"8,652,503","192,032,932",22.20,22.35,22.10,22.10,-0.05,"3,998",5880
110/10/15,"8,140,631","180,716,432",22.25,22.30,22.10,22.25,+0.15,"3,834",5880
110/10/18,"10,395,109","232,349,770",22.30,22.40,22.25,22.40,+0.15,"4,105",5880
110/10/19,"8,739,956","196,189,926",22.55,22.55,22.35,22.40, 0.00,"3,002",5880
110/10/20,"6,326,684","142,014,385",22.50,22.50,22.35,22.50,+0.10,"2,777",5880
110/10/21,"9,312,464","209,610,784",22.50,22.60,22.40,22.45,-0.05,"2,847",5880
110/10/22,"4,857,148","109,025,330",22.45,22.55,22.40,22.40,-0.05,"2,123",5880
110/10/25,"4,722,915","106,048,852",22.40,22.50,22.40,22.50,+0.10,"2,376",5880
110/10/26,"17,045,529","386,489,306",22.55,22.75,22.50,22.75,+0.25,"4,871",5880
110/10/27,"8,926,812","203,667,501",22.75,22.90,22.70,22.85,+0.10,"3,007",5880
110/10/28,"7,737,346","176,001,897",22.80,22.80,22.70,22.75,-0.10,"3,543",5880
110/10/29,"10,530,233","238,228,048",22.75,22.75,22.60,22.60,-0.15,"4,398",5880
110/11/01,"6,593,821","149,237,469",22.65,22.80,22.55,22.65,+0.05,"2,715",5880
110/11/02,"9,194,848","209,255,398",22.75,22.80,22.65,22.80,+0.15,"3,003",5880
110/11/03,"5,187,466","117,844,392",22.75,22.80,22.65,22.75,-0.05,"2,383",5880
110/11/04,"5,638,977","128,262,989",22.80,22.85,22.70,22.75, 0.00,"1,913",5880
110/11/05,"4,324,436","98,251,240",22.70,22.80,22.65,22.80,+0.05,"2,294",5880
110/11/08,"11,758,325","267,993,363",22.85,22.90,22.75,22.80, 0.00,"2,598",5880
110/11/09,"10,964,219","250,959,345",22.80,23.00,22.75,23.00,+0.20,"3,638",5880
110/11/10,"18,061,672","414,681,003",23.00,23.10,22.95,23.10,+0.10,"4,465",5880
110/11/11,"6,305,749","145,882,893",23.10,23.20,23.05,23.20,+0.10,"2,773",5880
110/11/12,"11,322,915","264,553,152",23.20,23.45,23.20,23.45,+0.25,"4,257",5880
110/11/15,"16,038,678","379,294,075",23.45,23.85,23.45,23.55,+0.10,"5,536",5880
110/11/16,"13,864,555","325,448,420",23.55,23.55,23.35,23.45,-0.10,"5,903",5880
110/11/17,"8,609,730","202,963,178",23.45,23.65,23.40,23.65,+0.20,"3,719",5880
110/11/18,"13,960,576","332,768,961",23.65,23.95,23.60,23.90,+0.25,"4,279",5880
110/11/19,"11,672,376","276,933,908",23.90,23.95,23.60,23.65,-0.25,"5,979",5880
110/11/22,"7,274,541","171,791,550",23.60,23.75,23.55,23.70,+0.05,"3,238",5880
110/11/23,"9,563,006","225,249,770",23.70,23.75,23.45,23.50,-0.20,"4,340",5880
110/11/24,"10,243,301","243,152,381",23.60,23.95,23.60,23.70,+0.20,"3,681",5880
110/11/25,"8,156,305","194,221,982",23.75,23.90,23.70,23.90,+0.20,"3,730",5880
110/11/26,"16,233,694","383,848,372",23.75,23.85,23.50,23.55,-0.35,"8,045",5880
110/11/29,"12,585,435","296,600,580",23.40,23.75,23.40,23.55, 0.00,"4,681",5880
110/11/30,"38,772,619","919,063,788",23.60,23.75,23.40,23.75,+0.20,"5,487",5880
110/12/01,"9,333,106","221,902,172",23.55,23.90,23.55,23.85,+0.10,"4,489",5880
110/12/02,"10,018,936","238,456,503",23.85,23.90,23.70,23.90,+0.05,"3,376",5880
110/12/03,"16,553,054","397,640,316",23.85,24.10,23.80,24.05,+0.15,"4,888",5880
110/12/06,"11,681,551","282,105,794",24.05,24.25,24.00,24.20,+0.15,"4,530",5880
110/12/07,"13,186,502","318,973,914",24.20,24.30,24.05,24.30,+0.10,"4,851",5880
110/12/08,"16,172,014","396,493,008",24.40,24.70,24.30,24.70,+0.40,"6,188",5880
110/12/09,"26,458,778","660,399,203",24.85,25.20,24.70,25.20,+0.50,"10,406",5880
110/12/10,"16,705,362","418,172,742",25.15,25.15,24.90,25.10,-0.10,"9,093",5880
110/12/13,"16,843,750","424,304,288",25.20,25.45,25.00,25.00,-0.10,"7,127",5880
110/12/14,"17,568,962","434,363,571",24.85,24.85,24.65,24.70,-0.30,"7,909",5880
110/12/15,"9,402,845","232,030,995",24.75,24.85,24.60,24.65,-0.05,"5,113",5880
110/12/16,"10,182,113","252,592,261",24.75,24.95,24.65,24.90,+0.25,"4,840",5880
110/12/17,"12,520,519","313,241,247",24.90,25.10,24.85,25.10,+0.20,"4,090",5880
110/12/20,"10,533,498","261,702,466",25.00,25.00,24.75,24.80,-0.30,"5,369",5880
110/12/21,"7,527,238","187,670,721",24.80,25.00,24.80,25.00,+0.20,"2,506",5880
110/12/22,"3,818,800","95,147,322",25.00,25.00,24.85,24.95,-0.05,"2,384",5880
110/12/23,"6,594,318","164,863,680",25.00,25.10,24.90,25.00,+0.05,"2,635",5880
110/12/24,"4,932,918","123,431,660",25.00,25.10,24.95,25.05,+0.05,"2,092",5880
110/12/27,"5,925,219","148,245,306",25.00,25.05,24.95,25.00,-0.05,"2,866",5880
110/12/28,"14,900,759","375,241,545",25.00,25.45,25.00,25.35,+0.35,"4,635",5880
110/12/29,"11,237,864","285,566,220",25.35,25.50,25.30,25.50,+0.15,"5,205",5880
110/12/30,"9,100,254","231,743,833",25.45,25.55,25.40,25.45,-0.05,"4,296",5880
111/01/03,"8,789,746","223,566,853",25.45,25.60,25.30,25.40,-0.05,"4,867",5880
111/01/04,"10,069,743","254,748,950",25.40,25.45,25.20,25.40, 0.00,"5,424",5880
111/01/05,"9,374,309","238,253,888",25.30,25.55,25.30,25.55,+0.15,"4,241",5880
111/01/06,"11,340,344","290,497,042",25.50,25.75,25.40,25.75,+0.20,"5,363",5880
111/01/07,"16,679,170","433,420,752",25.75,26.20,25.75,25.95,+0.20,"6,147",5880
111/01/10,"14,850,194","388,549,029",26.00,26.40,25.90,26.30,+0.35,"6,774",5880
111/01/11,"24,176,564","645,417,222",26.30,27.00,26.30,26.95,+0.65,"8,985",5880
111/01/12,"17,159,245","463,543,052",26.95,27.30,26.85,27.15,+0.20,"7,153",5880
111/01/13,"16,818,525","458,699,465",27.15,27.40,27.05,27.40,+0.25,"8,934",5880
111/01/14,"20,029,919","543,546,934",27.30,27.40,27.00,27.20,-0.20,"10,309",5880
111/01/17,"13,188,689","356,368,919",27.10,27.15,26.95,27.00,-0.20,"7,596",5880
111/01/18,"11,920,508","321,317,648",26.95,27.05,26.80,27.05,+0.05,"6,024",5880
111/01/19,"12,585,890","339,729,827",26.95,27.05,26.90,27.00,-0.05,"6,979",5880
111/01/20,"12,111,036","324,427,148",26.85,26.95,26.65,26.80,-0.20,"5,815",5880
111/01/21,"25,668,495","678,108,277",26.65,26.70,26.30,26.45,-0.35,"11,935",5880
111/01/24,"22,517,845","588,148,560",26.20,26.45,25.85,26.35,-0.10,"11,307",5880
111/01/25,"22,703,410","590,136,173",26.00,26.20,25.90,26.20,-0.15,"11,464",5880
111/01/26,"17,649,801","466,359,968",26.15,26.60,26.10,26.45,+0.25,"7,956",5880
111/02/07,"22,340,465","601,676,296",26.50,27.25,26.50,27.05,+0.60,"9,313",5880
111/02/08,"28,755,141","792,639,046",27.10,27.80,27.10,27.70,+0.65,"10,260",5880
111/02/09,"16,457,617","455,226,350",27.80,27.90,27.50,27.75,+0.05,"8,676",5880
111/02/10,"10,406,894","287,392,440",27.75,27.75,27.50,27.70,-0.05,"4,500",5880
111/02/11,"11,540,904","319,456,232",27.60,27.80,27.50,27.75,+0.05,"4,537",5880
111/02/14,"12,087,129","331,048,686",27.45,27.50,27.30,27.45,-0.30,"7,153",5880
111/02/15,"8,421,833","230,754,381",27.40,27.50,27.35,27.35,-0.10,"4,546",5880
111/02/16,"10,792,218","296,304,051",27.50,27.60,27.30,27.40,+0.05,"6,190",5880
111/02/17,"9,053,654","248,563,426",27.35,27.55,27.35,27.45,+0.05,"3,196",5880
111/02/18,"8,182,918","224,008,118",27.30,27.50,27.20,27.35,-0.10,"4,034",5880
111/02/21,"6,465,257","176,217,931",27.30,27.35,27.15,27.25,-0.10,"3,300",5880
111/02/22,"22,287,961","599,432,586",27.05,27.10,26.70,26.95,-0.30,"11,991",5880
111/02/23,"9,615,154","259,087,051",26.95,27.15,26.80,27.05,+0.10,"4,993",5880
111/02/24,"26,476,632","703,302,048",26.80,26.90,26.30,26.60,-0.45,"17,080",5880
111/02/25,"23,187,023","610,882,977",26.50,26.60,26.10,26.45,-0.15,"11,231",5880
111/03/01,"16,540,322","440,671,011",26.40,26.90,26.20,26.65,+0.20,"5,544",5880
111/03/02,"12,668,411","338,850,359",26.65,26.90,26.45,26.90,+0.25,"4,791",5880
111/03/03,"6,825,502","183,155,413",26.90,26.95,26.75,26.85,-0.05,"3,267",5880
111/03/04,"12,759,665","340,450,380",26.50,26.80,26.30,26.80,-0.05,"4,415",5880
111/03/07,"31,256,054","819,330,541",26.45,26.50,26.00,26.30,-0.50,"13,483",5880
111/03/08,"31,443,911","813,499,037",25.60,26.20,25.60,25.90,-0.40,"15,127",5880
111/03/09,"10,171,293","264,439,288",25.90,26.15,25.85,25.95,+0.05,"5,052",5880
111/03/10,"11,034,444","292,862,502",26.05,26.75,26.00,26.75,+0.80,"4,595",5880
111/03/11,"6,556,374","174,453,648",26.75,26.75,26.50,26.65,-0.10,"3,629",5880
111/03/14,"9,353,584","249,418,346",26.55,26.75,26.55,26.75,+0.10,"3,243",5880
111/03/15,"15,955,303","429,345,130",27.05,27.15,26.80,26.95,+0.20,"6,586",5880
111/03/16,"15,755,784","426,650,967",27.00,27.30,26.90,27.30,+0.35,"6,192",5880
111/03/17,"24,594,822","678,860,076",27.85,27.85,27.30,27.55,+0.25,"8,093",5880
111/03/18,"38,973,810","1,091,620,456",27.75,28.15,27.55,28.15,+0.60,"7,951",5880
111/03/21,"16,076,876","449,503,123",28.05,28.10,27.80,27.85,-0.30,"8,381",5880
111/03/22,"9,167,571","255,773,050",27.90,28.00,27.80,28.00,+0.15,"3,827",5880
111/03/23,"23,896,464","677,084,326",28.05,28.60,28.00,28.60,+0.60,"7,468",5880
111/03/24,"12,680,394","362,623,894",28.50,28.85,28.35,28.65,+0.05,"5,133",5880
111/03/25,"11,882,435","339,358,440",28.50,28.65,28.45,28.65, 0.00,"5,208",5880
111/03/28,"14,061,781","402,452,618",28.45,28.90,28.35,28.90,+0.25,"6,462",5880
111/03/29,"8,711,532","250,576,645",28.85,28.95,28.60,28.75,-0.15,"4,667",5880
111/03/30,"14,622,835","422,131,766",28.75,28.95,28.70,28.95,+0.20,"5,692",5880
111/03/31,"23,568,289","693,512,608",28.95,29.70,28.90,29.55,+0.60,"8,091",5880
111/04/01,"13,119,593","387,735,394",29.50,29.70,29.25,29.65,+0.10,"5,599",5880
111/04/06,"32,478,865","983,855,511",29.70,30.75,29.60,30.75,+1.10,"12,665",5880
111/04/07,"32,762,086","1,000,551,907",30.75,31.00,30.05,30.05,-0.70,"15,984",5880
111/04/08,"16,087,553","487,350,176",30.00,30.55,29.95,30.55,+0.50,"6,023",5880
111/04/11,"23,510,357","725,140,326",30.75,31.50,30.40,30.65,+0.10,"10,519",5880
111/04/12,"22,230,263","670,480,361",30.40,30.40,30.00,30.15,-0.50,"9,907",5880
111/04/13,"15,527,105","470,085,554",30.20,30.55,30.05,30.35,+0.20,"6,194",5880
111/04/14,"26,972,488","803,138,557",30.25,30.30,29.55,29.55,-0.80,"14,815",5880
111/04/15,"19,429,424","569,131,974",29.25,29.70,28.95,29.25,-0.30,"9,334",5880
111/04/18,"24,573,768","701,023,227",29.00,29.00,28.10,28.55,-0.70,"15,462",5880
111/04/19,"9,587,699","274,588,087",28.60,28.90,28.55,28.55, 0.00,"5,353",5880
111/04/20,"14,595,425","417,787,514",28.60,28.90,28.30,28.85,+0.30,"6,490",5880
111/04/21,"10,520,590","300,807,991",28.85,28.90,28.45,28.55,-0.30,"6,075",5880
111/04/22,"15,281,735","436,548,152",28.25,28.90,28.10,28.85,+0.30,"6,448",5880
111/04/25,"18,704,741","529,536,440",28.30,28.50,28.15,28.30,-0.55,"8,884",5880
111/04/26,"11,572,402","332,315,773",28.35,29.00,28.35,28.80,+0.50,"5,355",5880
111/04/27,"14,432,896","409,878,788",28.45,28.55,28.20,28.30,-0.50,"7,918",5880
111/04/28,"20,903,335","587,951,006",28.30,28.40,27.90,28.20,-0.10,"8,959",5880
111/04/29,"9,379,131","266,867,815",28.30,28.55,28.30,28.50,+0.30,"4,197",5880
111/05/03,"7,320,784","206,270,867",28.40,28.40,28.10,28.15,-0.35,"4,841",5880
111/05/04,"7,333,213","206,089,963",28.15,28.20,28.00,28.05,-0.10,"4,132",5880
111/05/05,"14,386,257","402,466,658",28.35,28.40,27.80,27.80,-0.25,"8,896",5880
111/05/06,"20,152,206","550,147,591",27.20,27.50,27.10,27.40,-0.40,"10,962",5880
111/05/09,"30,896,689","823,405,492",27.00,27.10,26.40,26.40,-1.00,"18,121",5880
111/05/10,"29,573,943","772,268,218",25.95,26.55,25.65,26.20,-0.20,"11,002",5880
111/05/11,"14,644,943","382,914,675",26.05,26.30,26.00,26.15,-0.05,"6,055",5880
111/05/12,"32,932,814","843,720,035",26.05,26.05,25.35,25.35,-0.80,"16,386",5880
111/05/13,"19,176,351","488,293,180",25.35,25.70,25.15,25.50,+0.15,"7,511",5880
111/05/16,"14,051,126","360,067,515",25.80,25.95,25.50,25.65,+0.15,"6,245",5880
111/05/17,"16,388,005","424,898,522",25.85,26.20,25.50,26.00,+0.35,"7,186",5880
111/05/18,"38,365,160","1,034,432,944",26.00,27.40,26.00,27.30,+1.30,"12,668",5880
111/05/19,"28,515,305","759,882,351",26.60,26.90,26.30,26.85,-0.45,"8,578",5880
111/05/20,"20,830,058","563,423,537",27.05,27.20,26.75,27.15,+0.30,"5,869",5880
111/05/23,"19,998,209","544,421,863",27.45,27.50,26.85,27.25,+0.10,"6,470",5880
111/05/24,"13,487,189","369,155,250",27.20,27.50,27.15,27.35,+0.10,"4,736",5880
111/05/25,"14,050,464","383,954,227",27.25,27.50,27.05,27.40,+0.05,"5,281",5880
111/05/26,"20,919,866","577,008,228",27.45,27.70,27.35,27.70,+0.30,"6,400",5880
111/05/27,"17,787,694","496,096,155",27.75,28.00,27.55,28.00,+0.30,"6,382",5880
111/05/30,"20,294,771","569,587,851",28.05,28.20,27.80,28.20,+0.20,"7,267",5880
111/05/31,"64,072,674","1,800,495,501",28.15,28.15,27.80,28.15,-0.05,"5,539",5880
111/06/01,"13,656,821","378,957,667",28.00,28.00,27.55,27.65,-0.50,"5,474",5880
111/06/02,"8,610,092","235,813,607",27.45,27.55,27.10,27.35,-0.30,"4,111",5880
111/06/06,"7,105,112","194,396,308",27.65,27.75,27.20,27.30,-0.05,"4,076",5880
111/06/07,"9,426,212","256,873,035",27.25,27.55,27.10,27.30, 0.00,"3,742",5880
111/06/08,"6,205,154","169,977,979",27.45,27.45,27.25,27.45,+0.15,"2,967",5880
111/06/09,"5,818,945","158,833,719",27.25,27.40,27.15,27.30,-0.15,"2,215",5880
111/06/10,"8,440,857","228,310,124",26.95,27.30,26.80,27.15,-0.15,"3,486",5880
111/06/13,"16,414,481","438,442,032",26.65,26.95,26.55,26.95,-0.20,"8,081",5880
111/06/14,"10,950,063","294,747,318",26.65,27.15,26.65,27.00,+0.05,"4,143",5880
111/06/15,"12,963,433","352,078,142",26.90,27.45,26.85,27.20,+0.20,"5,033",5880
111/06/16,"12,173,364","332,450,996",27.50,27.75,27.05,27.10,-0.10,"4,386",5880
111/06/17,"23,491,141","627,290,876",26.90,26.90,26.50,26.75,-0.35,"7,428",5880
111/06/20,"18,348,082","482,915,517",26.55,26.90,25.85,26.10,-0.65,"12,502",5880
111/06/21,"22,408,964","602,628,403",26.50,27.15,26.35,27.10,+1.00,"6,430",5880
111/06/22,"7,480,393","200,472,381",27.10,27.15,26.50,26.75,-0.35,"4,032",5880
111/06/23,"11,056,506","297,288,988",26.75,27.20,26.60,26.95,+0.20,"3,781",5880
111/06/24,"10,538,409","287,394,151",27.50,27.50,27.00,27.35,+0.40,"4,038",5880
111/06/27,"9,307,672","254,573,086",27.40,27.50,27.15,27.15,-0.20,"3,838",5880
111/06/28,"7,062,097","191,732,815",27.30,27.35,27.00,27.15, 0.00,"2,361",5880
111/06/29,"9,979,739","270,750,048",26.95,27.35,26.90,27.20,+0.05,"3,975",5880
111/06/30,"11,384,535","305,517,466",27.00,27.20,26.65,26.85,-0.35,"4,764",5880
111/07/01,"10,724,610","285,068,282",26.60,26.90,26.40,26.50,-0.35,"5,095",5880
111/07/04,"10,064,170","267,277,557",26.70,27.00,26.25,26.55,+0.05,"4,328",5880
111/07/05,"6,660,624","177,499,916",26.90,26.95,26.40,26.55, 0.00,"2,864",5880
111/07/06,"12,292,720","322,129,354",26.50,26.70,26.05,26.10,-0.45,"5,638",5880
111/07/07,"13,431,170","350,727,941",26.10,26.35,25.85,26.10, 0.00,"4,319",5880
111/07/08,"10,176,312","265,438,016",26.05,26.25,25.90,26.00,-0.10,"3,930",5880
111/07/11,"9,182,915","236,379,588",26.00,26.00,25.60,25.65,-0.35,"5,278",5880
111/07/12,"15,222,707","383,853,242",25.40,25.40,25.10,25.20,-0.45,"7,389",5880
111/07/13,"14,113,214","362,946,685",25.65,26.00,25.40,25.85,+0.65,"5,279",5880
111/07/14,"6,763,280","174,516,760",25.80,25.95,25.60,25.80,-0.05,"2,858",5880
111/07/15,"10,524,253","267,673,014",25.75,25.75,25.30,25.30,-0.50,"5,637",5880
111/07/18,"11,737,760","298,775,324",25.30,25.60,25.25,25.50,+0.20,"4,214",5880
111/07/19,"7,259,437","185,643,234",25.45,25.70,25.35,25.65,+0.15,"3,071",5880
111/07/20,"10,839,444","279,614,203",25.85,26.10,25.50,25.60,-0.05,"4,838",5880
111/07/21,"8,133,098","209,905,928",25.60,26.00,25.50,26.00,+0.40,"2,770",5880
111/07/22,"14,334,231","372,927,369",25.85,26.15,25.65,26.05,+0.05,"4,070",5880
111/07/25,"10,412,679","273,931,127",25.85,26.50,25.85,26.50,+0.45,"3,677",5880
111/07/26,"9,743,438","257,663,147",26.35,26.60,26.30,26.50, 0.00,"3,961",5880
111/07/27,"9,964,051","266,674,361",26.50,26.95,26.40,26.95,+0.45,"3,813",5880
111/07/28,"11,979,412","325,818,064",27.05,27.40,26.95,27.25,+0.30,"5,158",5880
111/07/29,"20,523,508","560,729,262",27.45,27.50,27.05,27.40,+0.15,"4,476",5880
111/08/01,"6,881,026","188,475,287",27.35,27.45,27.15,27.45,+0.05,"3,200",5880
111/08/02,"10,545,646","286,684,497",27.05,27.35,27.05,27.25,-0.20,"4,556",5880
111/08/03,"10,062,274","274,070,199",27.20,27.35,27.10,27.35,+0.10,"3,700",5880
111/08/04,"10,900,353","298,626,993",27.40,27.60,27.20,27.35, 0.00,"4,036",5880
111/08/05,"15,141,471","417,723,845",27.35,27.70,27.35,27.65,+0.30,"4,599",5880
111/08/08,"21,740,900","605,739,413",27.65,28.00,27.50,28.00,+0.35,"5,859",5880
111/08/09,"38,021,847","1,076,709,795",28.00,28.50,28.00,28.50,+0.50,"9,622",5880
111/08/10,"29,855,359","808,691,362",26.90,27.35,26.90,27.20,X0.00,"11,998",5880
111/08/11,"16,908,659","462,258,563",27.45,27.50,27.15,27.45,+0.25,"5,999",5880
111/08/12,"9,891,247","271,077,426",27.50,27.50,27.25,27.45, 0.00,"4,117",5880
111/08/15,"6,664,588","182,980,787",27.50,27.55,27.35,27.50,+0.05,"3,568",5880
111/08/16,"8,160,649","224,646,508",27.50,27.65,27.35,27.65,+0.15,"3,841",5880
111/08/17,"11,560,972","320,110,089",27.60,27.75,27.50,27.75,+0.10,"4,260",5880
111/08/18,"5,873,004","162,521,390",27.70,27.75,27.50,27.75, 0.00,"2,430",5880
111/08/19,"7,453,057","205,484,246",27.60,27.65,27.40,27.60,-0.15,"3,170",5880
111/08/22,"7,668,901","210,104,914",27.40,27.50,27.30,27.40,-0.20,"3,630",5880
111/08/23,"9,645,142","261,186,345",27.25,27.35,27.00,27.00,-0.40,"5,875",5880
111/08/24,"8,460,098","227,762,454",27.00,27.10,26.80,27.00, 0.00,"5,170",5880
111/08/25,"4,608,972","125,690,084",27.05,27.40,27.05,27.30,+0.30,"2,386",5880
111/08/26,"5,269,273","144,420,463",27.40,27.45,27.30,27.45,+0.15,"2,603",5880
111/08/29,"9,929,325","269,172,985",26.85,27.25,26.80,27.20,-0.25,"5,012",5880
111/08/30,"9,826,799","266,647,094",27.10,27.30,27.00,27.20, 0.00,"3,959",5880
111/08/31,"13,056,797","359,588,713",27.20,27.65,27.10,27.65,+0.45,"2,866",5880
111/09/01,"13,298,469","359,950,888",27.10,27.30,26.95,27.10,-0.55,"6,160",5880
111/09/02,"6,364,046","172,099,703",27.20,27.25,27.00,27.00,-0.10,"3,038",5880
111/09/05,"8,142,924","220,526,122",27.00,27.20,26.90,27.15,+0.15,"3,080",5880
111/09/06,"12,068,029","330,288,586",27.20,27.60,27.15,27.45,+0.30,"4,551",5880
111/09/07,"13,595,879","367,239,250",27.15,27.25,26.90,26.95,-0.50,"7,626",5880
111/09/08,"6,970,316","189,118,377",27.10,27.25,26.90,27.25,+0.30,"2,924",5880
111/09/12,"9,422,591","257,477,452",27.30,27.45,27.15,27.45,+0.20,"3,588",5880
111/09/13,"9,473,282","260,188,289",27.45,27.60,27.40,27.45, 0.00,"5,611",5880
111/09/14,"11,451,911","310,704,422",27.00,27.25,27.00,27.05,-0.40,"8,111",5880
111/09/15,"12,439,088","340,014,339",27.05,27.50,27.05,27.50,+0.45,"4,795",5880
111/09/16,"21,874,683","600,866,261",27.20,27.55,27.20,27.55,+0.05,"5,426",5880
111/09/19,"8,535,660","232,588,596",27.55,27.60,27.15,27.15,-0.40,"5,160",5880
111/09/20,"10,343,575","280,757,185",27.30,27.30,27.05,27.25,+0.10,"6,012",5880
111/09/21,"10,604,193","287,197,018",27.10,27.15,27.00,27.10,-0.15,"5,932",5880
111/09/22,"14,327,986","383,749,225",26.95,26.95,26.60,26.80,-0.30,"8,774",5880
111/09/23,"8,942,270","239,145,944",26.70,26.95,26.65,26.70,-0.10,"5,620",5880
111/09/26,"13,347,812","350,971,321",26.50,26.50,26.20,26.25,-0.45,"9,926",5880
111/09/27,"10,463,073","273,904,133",26.25,26.40,26.05,26.15,-0.10,"5,788",5880
111/09/28,"23,380,240","614,994,838",26.20,26.45,26.00,26.45,+0.30,"6,388",5880
111/09/29,"18,698,944","492,732,709",26.45,26.50,26.20,26.50,+0.05,"6,339",5880
111/09/30,"20,996,143","553,438,078",26.50,26.60,26.15,26.25,-0.25,"5,175",5880
111/10/03,"15,912,655","410,519,698",25.95,26.05,25.60,25.70,-0.55,"10,557",5880
111/10/04,"14,149,993","362,873,979",25.80,25.90,25.40,25.85,+0.15,"6,954",5880
111/10/05,"10,341,864","266,653,386",25.90,25.95,25.70,25.70,-0.15,"5,690",5880
111/10/06,"11,011,524","286,100,400",25.75,26.05,25.75,26.05,+0.35,"3,820",5880
111/10/07,"6,882,106","177,451,577",25.80,25.95,25.70,25.80,-0.25,"4,686",5880
111/10/11,"21,227,967","534,684,018",25.40,25.50,25.05,25.05,-0.75,"11,361",5880
111/10/12,"13,944,036","349,653,892",25.00,25.25,24.90,25.10,+0.05,"4,735",5880
111/10/13,"20,371,194","502,584,554",25.00,25.10,24.50,24.55,-0.55,"11,305",5880
111/10/14,"13,531,286","332,780,099",24.70,24.80,24.50,24.50,-0.05,"5,409",5880
111/10/17,"13,428,345","325,476,225",24.25,24.45,24.00,24.35,-0.15,"5,631",5880
111/10/18,"11,813,525","288,049,416",24.60,24.65,24.25,24.40,+0.05,"3,436",5880
111/10/19,"15,001,478","363,190,728",24.40,24.50,24.00,24.05,-0.35,"7,865",5880
111/10/20,"25,242,129","602,524,583",23.45,24.30,23.40,24.25,+0.20,"7,761",5880
111/10/21,"9,038,043","221,122,743",24.20,24.70,24.00,24.50,+0.25,"3,863",5880
111/10/24,"11,382,279","281,598,369",24.75,24.90,24.60,24.70,+0.20,"3,290",5880
111/10/25,"14,722,280","367,176,847",25.00,25.15,24.65,25.15,+0.45,"4,637",5880
111/10/26,"12,399,620","313,699,264",25.20,25.55,24.90,25.30,+0.15,"4,513",5880
111/10/27,"12,808,704","324,122,881",25.40,25.70,25.05,25.05,-0.25,"4,771",5880
111/10/28,"8,639,920","216,574,208",25.25,25.30,24.85,25.05, 0.00,"2,844",5880
111/10/31,"11,374,304","285,142,532",25.15,25.35,25.00,25.00,-0.05,"3,039",5880
111/11/01,"7,035,920","177,249,490",25.00,25.35,24.80,25.35,+0.35,"2,642",5880
111/11/02,"5,776,129","144,967,006",25.30,25.35,25.00,25.00,-0.35,"3,351",5880
111/11/03,"6,202,057","154,528,769",24.80,25.05,24.75,25.00, 0.00,"3,036",5880
111/11/04,"10,066,566","254,311,823",24.80,25.75,24.70,25.75,+0.75,"3,218",5880
111/11/07,"10,575,751","269,567,293",25.60,25.60,25.35,25.60,-0.15,"5,014",5880
111/11/08,"6,794,700","174,262,166",25.65,25.75,25.45,25.75,+0.15,"3,111",5880
111/11/09,"8,090,455","209,737,905",25.75,26.00,25.70,26.00,+0.25,"3,552",5880
111/11/10,"4,411,488","114,217,115",26.05,26.05,25.75,25.90,-0.10,"2,734",5880
111/11/11,"20,275,890","536,575,069",26.30,26.70,26.20,26.55,+0.65,"6,638",5880
111/11/14,"18,453,515","490,499,908",26.60,26.80,26.40,26.55, 0.00,"6,005",5880
111/11/15,"14,452,292","383,512,676",26.40,26.75,26.20,26.70,+0.15,"5,429",5880
111/11/16,"11,280,541","298,569,194",26.50,26.70,26.35,26.45,-0.25,"5,479",5880
111/11/17,"7,182,457","187,923,274",26.45,26.45,26.05,26.20,-0.25,"3,339",5880
111/11/18,"13,046,284","337,216,354",26.00,26.10,25.70,25.80,-0.40,"6,689",5880
111/11/21,"7,315,376","188,969,907",25.95,26.05,25.60,26.05,+0.25,"3,750",5880
111/11/22,"6,671,829","173,172,379",26.15,26.15,25.70,26.05, 0.00,"2,922",5880
111/11/23,"7,316,669","191,255,218",26.10,26.30,26.00,26.10,+0.05,"2,732",5880
111/11/24,"10,863,434","284,663,844",26.35,26.35,26.05,26.30,+0.20,"4,231",5880
111/11/25,"15,249,849","400,039,725",26.30,26.35,26.05,26.30, 0.00,"4,458",5880
111/11/28,"15,958,083","415,258,672",25.90,26.30,25.70,26.15,-0.15,"6,329",5880
111/11/29,"10,003,885","263,221,152",26.20,26.50,25.95,26.50,+0.35,"4,868",5880
111/11/30,"45,969,400","1,223,532,553",26.50,26.65,26.25,26.65,+0.15,"4,484",5880
111/12/01,"9,241,768","245,982,510",26.70,26.75,26.45,26.70,+0.05,"3,676",5880
111/12/02,"6,775,244","178,727,601",26.50,26.50,26.30,26.40,-0.30,"3,355",5880
111/12/05,"8,088,375","211,843,210",26.25,26.35,26.10,26.10,-0.30,"4,580",5880
111/12/06,"14,075,906","364,816,202",26.00,26.20,25.80,25.80,-0.30,"5,597",5880
111/12/07,"11,873,270","309,449,449",25.80,26.30,25.70,26.05,+0.25,"4,567",5880
111/12/08,"6,625,251","172,133,934",25.95,26.15,25.85,26.05, 0.00,"2,694",5880
111/12/09,"6,660,093","174,282,665",25.95,26.25,25.90,26.25,+0.20,"2,604",5880
111/12/12,"11,969,516","314,885,703",26.20,26.35,26.10,26.35,+0.10,"2,611",5880
111/12/13,"14,541,316","379,642,322",26.40,26.45,26.00,26.10,-0.25,"3,886",5880
111/12/14,"15,020,205","397,060,495",26.30,26.50,26.20,26.50,+0.40,"4,212",5880
111/12/15,"10,244,671","270,653,561",26.40,26.50,26.20,26.50, 0.00,"3,566",5880
111/12/16,"15,048,358","394,049,563",26.15,26.45,26.05,26.15,-0.35,"4,607",5880
111/12/19,"8,133,519","212,163,515",26.00,26.20,25.95,26.15, 0.00,"3,066",5880
111/12/20,"7,818,557","203,038,394",25.95,26.15,25.85,25.95,-0.20,"3,986",5880
111/12/21,"4,281,727","111,123,185",25.95,26.05,25.85,26.00,+0.05,"2,636",5880
111/12/22,"3,862,221","100,735,097",26.05,26.15,25.95,26.15,+0.15,"1,675",5880
111/12/23,"4,866,235","126,219,204",25.85,26.10,25.85,25.95,-0.20,"2,388",5880
111/12/26,"3,360,685","87,543,214",25.95,26.10,25.90,26.10,+0.15,"2,234",5880
111/12/27,"3,409,679","89,176,170",26.15,26.20,26.10,26.10, 0.00,"1,869",5880
111/12/28,"4,747,746","123,277,250",26.00,26.10,25.90,25.90,-0.20,"2,667",5880
111/12/29,"10,225,250","262,787,018",25.90,25.90,25.60,25.65,-0.25,"5,838",5880
111/12/30,"5,859,243","152,116,316",25.75,26.05,25.75,26.00,+0.35,"2,442",5880
112/01/03,"5,068,769","130,788,514",25.80,25.95,25.65,25.90,-0.10,"3,277",5880
112/01/04,"6,923,951","179,725,925",25.90,26.15,25.80,26.00,+0.10,"2,310",5880
112/01/05,"6,970,268","182,523,835",26.05,26.25,26.00,26.25,+0.25,"2,883",5880
112/01/06,"9,946,422","261,664,410",26.25,26.40,26.15,26.30,+0.05,"4,084",5880
112/01/09,"21,002,328","562,881,936",26.60,27.00,26.50,27.00,+0.70,"7,927",5880
112/01/10,"15,355,606","413,648,430",27.00,27.00,26.70,27.00, 0.00,"5,261",5880
112/01/11,"13,136,468","350,545,667",26.95,27.00,26.50,26.70,-0.30,"6,530",5880
112/01/12,"12,723,658","336,367,352",26.60,26.70,26.30,26.40,-0.30,"5,343",5880
112/01/13,"10,929,532","289,356,051",26.70,26.80,26.35,26.35,-0.05,"3,700",5880
112/01/16,"9,803,038","262,882,149",26.60,26.95,26.60,26.85,+0.50,"4,659",5880
112/01/17,"10,795,452","288,907,371",26.80,26.90,26.70,26.70,-0.15,"4,127",5880
112/01/30,"35,762,634","967,905,039",27.00,27.40,26.50,27.30,+0.60,"11,705",5880
112/01/31,"26,108,962","695,396,451",27.20,27.20,26.45,26.45,-0.85,"9,224",5880
112/02/01,"8,366,672","221,587,956",26.65,26.65,26.25,26.55,+0.10,"4,194",5880
112/02/02,"7,236,079","192,294,406",26.55,26.65,26.40,26.65,+0.10,"3,290",5880
112/02/03,"3,774,851","100,389,402",26.45,26.65,26.40,26.65, 0.00,"2,599",5880
112/02/06,"10,182,899","269,002,491",26.50,26.55,26.35,26.35,-0.30,"6,048",5880
112/02/07,"7,771,157","205,194,150",26.40,26.50,26.30,26.40,+0.05,"4,109",5880
112/02/08,"3,957,310","104,415,601",26.35,26.45,26.35,26.35,-0.05,"2,916",5880
112/02/09,"4,697,900","123,781,969",26.30,26.40,26.30,26.35, 0.00,"3,092",5880
112/02/10,"7,080,975","187,398,951",26.30,26.60,26.20,26.60,+0.25,"3,350",5880
112/02/13,"6,536,269","174,066,882",26.60,26.80,26.35,26.80,+0.20,"3,118",5880
112/02/14,"5,183,416","138,576,155",26.80,26.80,26.60,26.75,-0.05,"2,933",5880
112/02/15,"6,766,277","180,146,676",26.80,26.80,26.50,26.60,-0.15,"3,932",5880
112/02/16,"6,232,194","165,821,104",26.70,26.75,26.55,26.55,-0.05,"3,769",5880
112/02/17,"4,033,856","107,311,625",26.50,26.70,26.45,26.60,+0.05,"2,932",5880
112/02/20,"7,466,459","199,785,137",26.55,26.90,26.55,26.85,+0.25,"4,754",5880
112/02/21,"4,764,560","127,076,098",26.75,26.75,26.60,26.70,-0.15,"2,904",5880
112/02/22,"8,283,071","219,691,662",26.50,26.65,26.40,26.50,-0.20,"4,391",5880
112/02/23,"7,612,606","203,653,882",26.70,26.85,26.55,26.80,+0.30,"3,567",5880
112/02/24,"14,178,868","378,047,035",26.80,26.80,26.65,26.65,-0.15,"2,774",5880
112/03/01,"16,961,731","449,302,431",26.50,26.70,26.40,26.45,-0.20,"8,992",5880
112/03/02,"6,049,354","159,554,152",26.50,26.50,26.25,26.40,-0.05,"4,232",5880
112/03/03,"4,905,815","129,640,948",26.45,26.55,26.35,26.40, 0.00,"3,053",5880
112/03/06,"6,946,799","184,926,943",26.65,26.70,26.45,26.60,+0.20,"4,730",5880
112/03/07,"4,487,282","119,555,609",26.75,26.75,26.55,26.65,+0.05,"3,220",5880
112/03/08,"7,526,212","200,078,992",26.60,26.65,26.50,26.60,-0.05,"4,110",5880
112/03/09,"8,316,678","219,948,282",26.60,26.60,26.35,26.45,-0.15,"5,542",5880
112/03/10,"13,409,422","352,060,528",26.35,26.40,26.15,26.15,-0.30,"10,226",5880
112/03/13,"10,913,246","284,530,036",26.05,26.20,26.00,26.10,-0.05,"6,324",5880
112/03/14,"17,221,898","445,079,996",25.95,25.95,25.80,25.80,-0.30,"12,665",5880
112/03/15,"18,685,683","481,199,459",25.85,25.95,25.60,25.60,-0.20,"12,399",5880
112/03/16,"14,728,234","373,132,887",25.45,25.50,25.20,25.30,-0.30,"10,833",5880
112/03/17,"13,191,064","334,485,083",25.40,25.40,25.30,25.35,+0.05,"6,311",5880
112/03/20,"7,280,078","183,565,205",25.40,25.40,25.15,25.20,-0.15,"6,332",5880
112/03/21,"7,181,986","182,675,180",25.30,25.60,25.25,25.40,+0.20,"4,224",5880
112/03/22,"8,181,742","211,127,470",25.60,25.95,25.50,25.95,+0.55,"4,267",5880
112/03/23,"9,838,275","256,292,255",25.95,26.15,25.80,26.10,+0.15,"3,490",5880
112/03/24,"6,679,992","174,448,021",26.10,26.25,25.90,26.15,+0.05,"2,919",5880
112/03/27,"5,919,093","154,829,680",26.15,26.20,26.10,26.20,+0.05,"2,903",5880
112/03/28,"5,323,393","139,480,326",26.15,26.30,26.10,26.20, 0.00,"2,352",5880
112/03/29,"5,756,528","150,644,769",26.10,26.25,26.05,26.25,+0.05,"3,076",5880
112/03/30,"4,957,222","129,580,136",26.25,26.35,26.10,26.10,-0.15,"2,713",5880
112/03/31,"12,199,325","319,641,541",26.15,26.40,26.10,26.10, 0.00,"3,738",5880
112/04/06,"6,949,522","182,455,133",26.40,26.40,26.15,26.20,+0.10,"4,992",5880
112/04/07,"3,673,554","96,075,055",26.20,26.25,26.10,26.20, 0.00,"2,864",5880
112/04/10,"3,118,807","81,931,965",26.20,26.35,26.20,26.30,+0.10,"2,679",5880
112/04/11,"6,889,719","181,825,234",26.25,26.50,26.25,26.45,+0.15,"3,839",5880
112/04/12,"4,496,432","118,780,338",26.50,26.50,26.35,26.40,-0.05,"3,068",5880
112/04/13,"5,112,476","135,277,684",26.50,26.50,26.40,26.50,+0.10,"3,739",5880
112/04/14,"8,007,111","212,836,152",26.50,26.70,26.40,26.60,+0.10,"3,439",5880
112/04/17,"6,834,933","181,196,290",26.60,26.65,26.35,26.55,-0.05,"4,717",5880
112/04/18,"4,299,957","114,173,092",26.55,26.60,26.45,26.60,+0.05,"2,438",5880
112/04/19,"5,208,625","138,399,706",26.60,26.65,26.50,26.60, 0.00,"2,930",5880
112/04/20,"5,509,611","145,394,242",26.45,26.50,26.25,26.40,-0.20,"3,572",5880
112/04/21,"6,397,031","168,347,744",26.25,26.45,26.25,26.35,-0.05,"3,501",5880
112/04/24,"3,753,887","99,184,507",26.35,26.50,26.25,26.50,+0.15,"2,416",5880
112/04/25,"15,392,885","410,888,111",26.70,26.95,26.50,26.55,+0.05,"6,638",5880
112/04/26,"10,661,550","283,600,282",26.55,26.70,26.50,26.60,+0.05,"4,431",5880
112/04/27,"7,052,271","187,409,967",26.50,26.70,26.45,26.60, 0.00,"3,288",5880
112/04/28,"15,137,058","404,248,098",26.60,26.80,26.50,26.75,+0.15,"4,027",5880
112/05/02,"18,196,813","492,045,093",26.80,27.20,26.80,27.20,+0.45,"7,922",5880
112/05/03,"5,926,690","160,527,286",27.20,27.20,27.00,27.05,-0.15,"4,143",5880
112/05/04,"5,013,720","135,762,821",26.95,27.15,26.95,27.15,+0.10,"2,961",5880
112/05/05,"5,873,903","159,505,928",27.10,27.20,27.10,27.20,+0.05,"3,322",5880
112/05/08,"7,495,798","204,615,248",27.25,27.35,27.20,27.30,+0.10,"4,084",5880
112/05/09,"5,927,643","161,716,338",27.25,27.35,27.20,27.35,+0.05,"3,857",5880
112/05/10,"6,132,019","167,521,357",27.35,27.40,27.20,27.35, 0.00,"2,956",5880
112/05/11,"4,616,119","125,849,904",27.35,27.35,27.15,27.30,-0.05,"2,296",5880
112/05/12,"5,015,388","136,221,756",27.20,27.20,27.10,27.15,-0.15,"3,111",5880
112/05/15,"6,822,499","185,756,456",27.15,27.35,27.05,27.30,+0.15,"3,797",5880
112/05/16,"9,510,003","260,963,832",27.40,27.50,27.30,27.50,+0.20,"4,021",5880
112/05/17,"20,427,687","568,522,558",27.45,28.00,27.45,27.90,+0.40,"9,816",5880
112/05/18,"12,230,568","342,310,405",27.95,28.05,27.90,28.05,+0.15,"5,110",5880
112/05/19,"11,837,485","332,854,794",28.05,28.20,27.95,28.20,+0.15,"5,633",5880
112/05/22,"6,650,098","187,555,873",28.20,28.30,28.10,28.20, 0.00,"4,731",5880
112/05/23,"7,037,651","198,367,830",28.20,28.30,28.10,28.20, 0.00,"4,585",5880
112/05/24,"8,801,050","248,182,913",28.10,28.35,28.05,28.35,+0.15,"7,277",5880
112/05/25,"6,453,615","180,965,757",28.05,28.30,28.00,28.00,-0.35,"5,440",5880
112/05/26,"6,530,284","182,418,032",27.90,28.10,27.70,28.00, 0.00,"3,737",5880
112/05/29,"5,715,277","160,447,360",28.05,28.15,27.95,28.10,+0.10,"3,696",5880
112/05/30,"10,298,611","289,497,407",28.10,28.20,28.00,28.10, 0.00,"5,641",5880
112/05/31,"28,394,408","794,552,860",28.10,28.25,27.95,27.95,-0.15,"4,686",5880
112/06/01,"5,850,357","163,615,211",28.00,28.05,27.90,27.90,-0.05,"2,995",5880
112/06/02,"8,011,478","225,121,450",27.95,28.20,27.95,28.20,+0.30,"2,836",5880
112/06/05,"6,121,051","172,842,266",28.20,28.35,28.00,28.15,-0.05,"3,384",5880
112/06/06,"5,834,684","164,747,237",28.20,28.30,28.15,28.25,+0.10,"3,119",5880
112/06/07,"6,413,116","181,488,041",28.20,28.35,28.20,28.35,+0.10,"3,809",5880
112/06/08,"4,505,812","127,649,645",28.30,28.40,28.20,28.40,+0.05,"2,449",5880
112/06/09,"4,374,297","124,026,933",28.40,28.40,28.30,28.35,-0.05,"2,643",5880
112/06/12,"7,275,192","205,013,042",28.15,28.30,28.05,28.10,-0.25,"5,136",5880
112/06/13,"7,178,262","202,749,414",28.15,28.45,28.00,28.25,+0.15,"3,515",5880
112/06/14,"4,442,642","125,042,262",28.25,28.25,28.10,28.10,-0.15,"4,242",5880
112/06/15,"6,692,094","188,080,779",28.10,28.20,28.00,28.10, 0.00,"3,271",5880
112/06/16,"13,527,306","379,179,135",28.10,28.15,28.00,28.00,-0.10,"4,327",5880
112/06/19,"6,130,855","171,433,434",27.90,28.10,27.75,28.10,+0.10,"3,512",5880
112/06/20,"5,814,091","163,189,693",28.10,28.10,28.00,28.10, 0.00,"2,581",5880
112/06/21,"8,020,816","225,785,250",28.10,28.30,28.00,28.20,+0.10,"4,136",5880
112/06/26,"7,874,935","221,057,883",28.20,28.20,27.90,28.05,-0.15,"4,061",5880
112/06/27,"7,295,933","205,386,240",28.05,28.30,28.00,28.10,+0.05,"2,783",5880
112/06/28,"6,506,527","182,672,229",28.05,28.20,28.00,28.15,+0.05,"3,267",5880
112/06/29,"7,499,880","210,631,309",28.20,28.20,28.00,28.05,-0.10,"3,433",5880
112/06/30,"12,671,206","355,143,338",27.95,28.15,27.95,28.05, 0.00,"3,684",5880
112/07/03,"6,958,603","195,894,771",28.10,28.25,28.05,28.25,+0.20,"3,208",5880
112/07/04,"4,043,593","113,832,898",28.10,28.25,28.05,28.20,-0.05,"2,222",5880
112/07/05,"7,014,358","197,320,175",28.05,28.30,28.05,28.10,-0.10,"3,169",5880
112/07/06,"22,189,694","617,554,719",28.00,28.05,27.65,27.70,-0.40,"9,684",5880
112/07/07,"11,347,401","312,055,944",27.60,27.65,27.35,27.65,-0.05,"6,068",5880
112/07/10,"8,027,579","223,227,761",27.65,27.95,27.60,27.85,+0.20,"3,718",5880
112/07/11,"5,232,831","146,640,996",27.90,28.10,27.85,28.05,+0.20,"2,337",5880
112/07/12,"6,238,667","175,079,253",28.00,28.15,27.95,28.15,+0.10,"3,091",5880
112/07/13,"4,594,237","129,228,497",28.15,28.25,28.05,28.05,-0.10,"2,603",5880
112/07/14,"9,939,902","280,164,651",28.05,28.30,28.05,28.30,+0.25,"3,811",5880
112/07/17,"9,009,017","255,713,403",28.30,28.45,28.20,28.45,+0.15,"4,562",5880
112/07/18,"5,599,872","158,890,993",28.25,28.45,28.25,28.45, 0.00,"3,817",5880
112/07/19,"7,544,538","214,817,090",28.40,28.65,28.30,28.35,-0.10,"3,382",5880
112/07/20,"4,524,249","128,773,314",28.30,28.50,28.30,28.50,+0.15,"2,811",5880
112/07/21,"7,818,657","222,218,669",28.50,28.60,28.25,28.25,-0.25,"2,972",5880
112/07/24,"7,480,414","210,819,578",28.25,28.30,28.10,28.20,-0.05,"3,889",5880
112/07/25,"5,823,108","165,591,003",28.30,28.50,28.30,28.40,+0.20,"2,724",5880
112/07/26,"13,473,991","388,282,500",28.40,29.00,28.40,28.95,+0.55,"5,281",5880
112/07/27,"11,740,457","342,997,772",29.00,29.30,29.00,29.25,+0.30,"4,835",5880
112/07/28,"8,003,087","234,051,892",29.15,29.35,29.10,29.25, 0.00,"3,904",5880
112/07/31,"14,846,048","436,896,370",29.30,29.65,29.30,29.40,+0.15,"4,833",5880
112/08/01,"7,323,841","215,901,660",29.40,29.60,29.35,29.50,+0.10,"3,524",5880
112/08/02,"18,084,450","526,936,449",29.40,29.50,28.90,29.00,-0.50,"8,513",5880
112/08/04,"15,282,080","444,701,690",29.00,29.30,28.95,29.15,+0.15,"5,229",5880
112/08/07,"16,846,609","495,212,022",29.15,29.50,29.10,29.45,+0.30,"5,616",5880
112/08/08,"22,219,420","653,143,879",29.50,29.60,29.25,29.35,-0.10,"7,039",5880
112/08/09,"21,980,759","608,822,216",27.55,27.85,27.45,27.85,X0.00,"11,716",5880
112/08/10,"11,277,941","313,297,822",27.85,27.90,27.70,27.80,-0.05,"6,036",5880
112/08/11,"8,648,504","239,592,206",27.80,27.90,27.60,27.60,-0.20,"5,345",5880
112/08/14,"12,360,808","335,903,530",27.55,27.55,27.05,27.10,-0.50,"8,261",5880
112/08/15,"10,065,036","271,751,311",27.10,27.20,26.90,26.90,-0.20,"6,753",5880
112/08/16,"11,984,428","318,668,428",26.80,26.80,26.50,26.55,-0.35,"9,315",5880
112/08/17,"11,056,258","291,093,364",26.35,26.55,26.15,26.35,-0.20,"7,373",5880
112/08/18,"8,304,660","220,439,559",26.35,26.75,26.30,26.55,+0.20,"4,158",5880
112/08/21,"5,866,367","156,551,236",26.60,26.80,26.60,26.65,+0.10,"3,411",5880
112/08/22,"4,264,838","114,096,393",26.80,26.85,26.65,26.80,+0.15,"2,585",5880
112/08/23,"5,734,133","152,942,461",26.75,26.75,26.60,26.60,-0.20,"3,384",5880
112/08/24,"3,600,330","96,241,807",26.80,26.85,26.65,26.70,+0.10,"2,142",5880
112/08/25,"9,467,247","250,759,830",26.75,26.75,26.40,26.40,-0.30,"7,290",5880
112/08/28,"5,684,511","150,735,237",26.40,26.70,26.30,26.50,+0.10,"2,869",5880
112/08/29,"8,056,669","212,667,668",26.50,26.55,26.30,26.45,-0.05,"5,410",5880
112/08/30,"4,874,436","129,598,817",26.60,26.70,26.50,26.65,+0.20,"2,643",5880
112/08/31,"17,215,010","452,908,208",26.65,26.65,26.25,26.25,-0.40,"5,736",5880
112/09/01,"3,963,146","104,637,801",26.25,26.50,26.25,26.35,+0.10,"2,930",5880
112/09/04,"5,230,797","137,867,591",26.30,26.40,26.30,26.40,+0.05,"3,723",5880
112/09/05,"4,789,888","126,125,247",26.30,26.45,26.30,26.30,-0.10,"3,650",5880
112/09/06,"9,939,778","260,209,009",26.30,26.35,26.10,26.10,-0.20,"8,325",5880
112/09/07,"6,944,755","181,477,095",26.10,26.25,26.05,26.15,+0.05,"4,226",5880
112/09/08,"4,959,884","129,409,488",26.10,26.15,26.00,26.10,-0.05,"4,361",5880
112/09/11,"9,079,091","236,581,542",26.00,26.15,26.00,26.15,+0.05,"5,569",5880
112/09/12,"7,701,166","201,628,066",26.15,26.35,26.05,26.25,+0.10,"5,925",5880
112/09/13,"4,566,351","119,893,956",26.25,26.30,26.15,26.25, 0.00,"4,650",5880
112/09/14,"9,930,541","262,076,628",26.35,26.55,26.25,26.55,+0.30,"4,967",5880
112/09/15,"20,015,428","528,522,265",26.55,26.55,26.25,26.40,-0.15,"6,438",5880
112/09/18,"5,833,044","153,637,794",26.40,26.40,26.25,26.35,-0.05,"4,504",5880
112/09/19,"4,911,637","128,919,741",26.35,26.35,26.20,26.20,-0.15,"4,146",5880
112/09/20,"6,736,029","176,147,272",26.30,26.30,26.10,26.10,-0.10,"5,149",5880
112/09/21,"28,258,507","729,010,852",26.10,26.10,25.65,25.65,-0.45,"20,082",5880
112/09/22,"7,309,615","187,919,945",25.65,25.80,25.55,25.70,+0.05,"4,907",5880
112/09/25,"6,366,117","164,386,692",25.80,25.90,25.70,25.85,+0.15,"3,792",5880
112/09/26,"15,727,725","402,467,274",25.75,25.80,25.45,25.55,-0.30,"11,282",5880
112/09/27,"8,189,427","209,159,681",25.50,25.65,25.45,25.50,-0.05,"6,050",5880
112/09/28,"6,028,040","154,467,451",25.55,25.70,25.50,25.60,+0.10,"3,095",5880
112/10/02,"4,456,824","114,498,256",25.70,25.75,25.60,25.65,+0.05,"3,349",5880
112/10/03,"7,027,896","179,284,552",25.55,25.60,25.35,25.50,-0.15,"5,520",5880
112/10/04,"16,741,060","422,054,439",25.35,25.45,25.10,25.10,-0.40,"13,244",5880
112/10/05,"9,146,170","231,750,592",25.10,25.45,25.10,25.30,+0.20,"4,378",5880
112/10/06,"4,477,148","114,550,769",25.30,25.70,25.30,25.65,+0.35,"2,717",5880
112/10/11,"17,547,700","457,292,044",26.10,26.20,25.85,26.10,+0.45,"6,962",5880
112/10/12,"10,272,670","268,825,158",26.25,26.25,26.00,26.20,+0.10,"3,843",5880
112/10/13,"5,729,280","148,820,271",26.00,26.10,25.85,25.95,-0.25,"3,449",5880
112/10/16,"7,672,790","200,144,064",25.95,26.20,25.90,26.15,+0.20,"3,546",5880
112/10/17,"5,750,366","149,541,447",26.15,26.15,25.90,26.05,-0.10,"4,092",5880
112/10/18,"5,711,973","148,338,562",26.10,26.15,25.90,26.00,-0.05,"3,306",5880
112/10/19,"7,651,921","197,049,065",25.85,25.90,25.65,25.65,-0.35,"5,880",5880
112/10/20,"15,209,122","386,576,566",25.35,25.65,25.20,25.50,-0.15,"6,613",5880
112/10/23,"8,761,639","222,090,827",25.40,25.50,25.25,25.30,-0.20,"5,993",5880
112/10/24,"7,146,459","180,699,487",25.30,25.40,25.25,25.25,-0.05,"4,471",5880
112/10/25,"8,161,827","206,635,060",25.40,25.45,25.25,25.25, 0.00,"4,093",5880
112/10/26,"9,849,337","247,611,221",25.20,25.30,25.10,25.10,-0.15,"5,807",5880
112/10/27,"3,804,996","96,313,892",25.20,25.40,25.20,25.30,+0.20,"2,328",5880
112/10/30,"10,670,866","268,365,885",25.35,25.40,25.10,25.10,-0.20,"5,907",5880
112/10/31,"6,429,639","161,750,165",25.10,25.25,25.10,25.15,+0.05,"2,921",5880
112/11/01,"3,163,423","79,791,556",25.15,25.30,25.15,25.25,+0.10,"2,374",5880
112/11/02,"7,079,035","180,678,772",25.40,25.65,25.35,25.50,+0.25,"3,496",5880
112/11/03,"5,221,100","133,853,974",25.65,25.70,25.55,25.70,+0.20,"2,796",5880
112/11/06,"10,397,330","268,764,422",25.85,26.00,25.65,25.85,+0.15,"4,132",5880
112/11/07,"4,354,846","112,101,198",25.80,25.85,25.70,25.75,-0.10,"2,399",5880
112/11/08,"3,590,926","92,498,727",25.85,25.85,25.70,25.75, 0.00,"2,192",5880
112/11/09,"4,203,074","108,127,462",25.85,25.85,25.70,25.70,-0.05,"2,144",5880
112/11/10,"4,173,552","107,268,108",25.65,25.80,25.60,25.75,+0.05,"2,580",5880
112/11/13,"5,674,667","146,283,336",25.75,25.85,25.70,25.80,+0.05,"2,835",5880
112/11/14,"6,100,342","157,728,779",25.95,25.95,25.75,25.90,+0.10,"2,455",5880
112/11/15,"17,055,565","448,530,585",26.25,26.40,26.10,26.40,+0.50,"7,000",5880
112/11/16,"11,706,991","309,506,293",26.40,26.55,26.30,26.50,+0.10,"5,902",5880
112/11/17,"9,951,832","264,256,112",26.50,26.65,26.45,26.45,-0.05,"4,424",5880
112/11/20,"7,301,177","192,980,328",26.45,26.50,26.35,26.45, 0.00,"5,146",5880
112/11/21,"14,321,300","382,711,486",26.50,26.80,26.45,26.80,+0.35,"5,716",5880
112/11/22,"6,204,546","164,605,118",26.70,26.70,26.45,26.50,-0.30,"5,239",5880
112/11/23,"6,063,206","159,966,886",26.40,26.50,26.30,26.40,-0.10,"3,569",5880
112/11/24,"4,970,889","131,265,736",26.40,26.50,26.30,26.50,+0.10,"2,961",5880
112/11/27,"8,345,618","221,828,864",26.50,26.80,26.40,26.50, 0.00,"3,539",5880
112/11/28,"11,637,321","310,805,593",26.75,26.80,26.55,26.75,+0.25,"5,235",5880
112/11/29,"10,161,746","271,668,491",26.80,26.90,26.60,26.70,-0.05,"4,855",5880
112/11/30,"41,281,294","1,110,798,152",26.75,26.95,26.60,26.95,+0.25,"4,607",5880
112/12/01,"7,379,098","196,390,476",26.70,26.80,26.55,26.55,-0.40,"4,267",5880
112/12/04,"6,885,076","184,249,476",26.90,26.95,26.60,26.75,+0.20,"3,121",5880
112/12/05,"5,630,231","149,876,357",26.65,26.70,26.55,26.65,-0.10,"3,339",5880
112/12/06,"5,194,465","138,943,057",26.65,26.85,26.60,26.80,+0.15,"2,572",5880
112/12/07,"3,485,125","92,979,216",26.70,26.75,26.55,26.75,-0.05,"2,679",5880
112/12/08,"5,689,010","152,123,141",26.75,26.80,26.70,26.75, 0.00,"2,477",5880
112/12/11,"6,047,735","161,084,623",26.75,26.75,26.55,26.65,-0.10,"3,182",5880
112/12/12,"8,726,336","232,326,487",26.80,26.80,26.55,26.65, 0.00,"3,325",5880
112/12/13,"8,418,747","223,021,097",26.65,26.65,26.40,26.50,-0.15,"4,512",5880
112/12/14,"14,389,700","385,407,990",26.70,26.85,26.50,26.85,+0.35,"6,818",5880
112/12/15,"20,248,150","543,062,300",26.90,27.00,26.75,26.75,-0.10,"5,739",5880
112/12/18,"4,562,458","121,477,312",26.60,26.70,26.50,26.70,-0.05,"3,881",5880
112/12/19,"6,114,344","162,536,409",26.50,26.70,26.45,26.70, 0.00,"3,277",5880
112/12/20,"11,735,799","310,161,559",26.55,26.60,26.35,26.35,-0.35,"5,452",5880
112/12/21,"6,997,749","183,108,939",26.15,26.30,26.05,26.15,-0.20,"4,245",5880
112/12/22,"3,969,863","104,026,587",26.10,26.25,26.10,26.25,+0.10,"2,121",5880
112/12/25,"3,734,790","97,970,872",26.25,26.30,26.15,26.20,-0.05,"2,502",5880
112/12/26,"5,526,155","145,571,211",26.30,26.45,26.25,26.45,+0.25,"2,773",5880
112/12/27,"8,722,983","231,520,410",26.40,26.65,26.35,26.55,+0.10,"3,226",5880
112/12/28,"9,254,065","247,083,508",26.50,26.85,26.45,26.85,+0.30,"4,765",5880
112/12/29,"5,752,497","153,574,828",26.65,26.80,26.60,26.70,-0.15,"3,193",5880
113/01/02,"4,467,420","119,320,909",26.65,26.80,26.60,26.80,+0.10,"3,488",5880
113/01/03,"7,960,182","210,090,173",26.50,26.70,26.30,26.35,-0.45,"4,912",5880
113/01/04,"3,952,332","104,401,272",26.30,26.50,26.30,26.50,+0.15,"2,289",5880
113/01/05,"3,365,146","88,960,466",26.50,26.50,26.35,26.50, 0.00,"2,671",5880
113/01/08,"6,312,342","167,636,849",26.50,26.75,26.45,26.50, 0.00,"3,184",5880
113/01/09,"4,271,532","112,942,018",26.65,26.65,26.35,26.35,-0.15,"2,840",5880
113/01/10,"6,245,971","163,883,683",26.40,26.40,26.20,26.20,-0.15,"4,269",5880
113/01/11,"7,394,476","193,536,489",26.20,26.30,26.10,26.10,-0.10,"3,404",5880
113/01/12,"5,692,673","148,146,490",26.00,26.10,25.95,26.00,-0.10,"3,695",5880
113/01/15,"6,779,493","176,585,289",26.10,26.20,26.00,26.00, 0.00,"4,246",5880
113/01/16,"17,676,188","452,503,411",25.65,25.75,25.50,25.50,-0.50,"11,971",5880
113/01/17,"22,838,752","577,395,771",25.50,25.50,25.15,25.15,-0.35,"14,982",5880
113/01/18,"10,067,896","254,212,276",25.20,25.35,25.20,25.20,+0.05,"5,423",5880
113/01/19,"9,456,235","239,028,679",25.10,25.40,25.05,25.30,+0.10,"4,584",5880
113/01/22,"8,140,874","206,079,682",25.35,25.45,25.25,25.25,-0.05,"5,156",5880
113/01/23,"4,977,890","126,133,980",25.25,25.40,25.25,25.30,+0.05,"3,192",5880
113/01/24,"5,310,167","135,089,472",25.30,25.50,25.30,25.50,+0.20,"3,234",5880
113/01/25,"4,798,082","122,338,682",25.50,25.55,25.45,25.50, 0.00,"2,753",5880
113/01/26,"5,934,867","152,350,478",25.40,25.75,25.40,25.70,+0.20,"3,113",5880
113/01/29,"6,050,313","155,646,345",25.50,25.80,25.50,25.75,+0.05,"2,862",5880
113/01/30,"10,505,037","267,837,451",25.70,25.75,25.40,25.40,-0.35,"6,118",5880
113/01/31,"10,570,240","268,754,865",25.35,25.55,25.30,25.45,+0.05,"3,303",5880
113/02/01,"9,652,407","248,810,522",25.80,25.85,25.60,25.85,+0.40,"3,230",5880
113/02/02,"4,098,827","105,678,632",25.80,25.85,25.65,25.85, 0.00,"2,682",5880
113/02/05,"6,933,474","177,581,654",25.55,25.75,25.55,25.60,-0.25,"4,323",5880
113/02/15,"14,228,958","364,873,232",25.60,25.90,25.55,25.55,-0.05,"7,888",5880
113/02/16,"7,970,470","203,414,273",25.55,25.60,25.45,25.60,+0.05,"5,444",5880
113/02/19,"5,651,342","145,730,912",25.80,25.85,25.70,25.85,+0.25,"3,735",5880
113/02/20,"5,458,879","141,417,574",25.85,25.95,25.75,25.95,+0.10,"3,528",5880
113/02/21,"6,837,675","176,858,177",26.00,26.00,25.80,25.85,-0.10,"3,505",5880
113/02/22,"7,744,428","199,713,846",25.85,25.90,25.70,25.75,-0.10,"3,506",5880
113/02/23,"4,013,633","103,397,142",25.75,25.85,25.70,25.75, 0.00,"3,130",5880
113/02/26,"7,109,896","182,666,509",25.65,25.75,25.60,25.75, 0.00,"4,050",5880
113/02/27,"8,314,187","213,688,002",25.70,25.85,25.65,25.65,-0.10,"4,670",5880
113/02/29,"17,594,302","455,136,881",25.65,25.95,25.60,25.95,+0.30,"4,530",5880
113/03/01,"5,702,396","147,230,266",25.85,25.90,25.70,25.80,-0.15,"5,232",5880
113/03/04,"7,388,986","190,090,234",25.65,25.80,25.65,25.70,-0.10,"4,765",5880
113/03/05,"7,821,198","200,681,191",25.65,25.75,25.60,25.60,-0.10,"5,114",5880
113/03/06,"6,256,878","161,170,423",25.60,25.80,25.60,25.75,+0.15,"3,590",5880
113/03/07,"8,869,600","228,123,021",25.70,25.85,25.65,25.70,-0.05,"5,074",5880
113/03/08,"9,417,915","242,575,316",25.65,25.85,25.65,25.85,+0.15,"4,887",5880
113/03/11,"9,760,271","252,684,817",25.85,26.05,25.80,25.85, 0.00,"5,088",5880
113/03/12,"10,120,894","261,553,784",25.90,25.95,25.80,25.85, 0.00,"5,408",5880
113/03/13,"11,194,552","289,266,228",25.75,25.95,25.70,25.85, 0.00,"5,254",5880
113/03/14,"20,691,368","541,892,888",25.85,26.35,25.85,26.30,+0.45,"7,839",5880
113/03/15,"23,172,293","604,116,723",26.30,26.30,26.05,26.05,-0.25,"5,117",5880
113/03/18,"9,368,526","244,455,595",26.05,26.20,26.00,26.05, 0.00,"4,548",5880
113/03/19,"13,345,804","346,157,190",26.00,26.10,25.85,25.85,-0.20,"5,589",5880
113/03/20,"17,447,729","448,958,603",25.85,25.90,25.65,25.65,-0.20,"8,166",5880
113/03/21,"8,487,337","220,236,863",25.70,26.10,25.70,26.05,+0.40,"4,742",5880
113/03/22,"7,256,323","188,564,372",25.85,26.10,25.85,26.00,-0.05,"4,128",5880
113/03/25,"5,947,954","154,492,321",26.00,26.05,25.90,25.95,-0.05,"3,678",5880
113/03/26,"14,510,354","380,049,922",26.05,26.35,26.05,26.15,+0.20,"6,051",5880
113/03/27,"6,621,583","173,031,865",26.05,26.20,26.05,26.10,-0.05,"3,990",5880
113/03/28,"9,910,937","258,052,162",26.10,26.30,26.00,26.00,-0.10,"3,922",5880
113/03/29,"10,348,382","271,234,853",26.05,26.30,26.05,26.20,+0.20,"4,262",5880
113/04/01,"6,134,159","161,017,399",26.25,26.30,26.15,26.30,+0.10,"3,620",5880
113/04/02,"7,609,043","199,819,200",26.30,26.35,26.20,26.30, 0.00,"3,693",5880
113/04/03,"13,927,649","363,329,304",26.30,26.30,26.00,26.00,-0.30,"4,583",5880
113/04/08,"6,992,149","182,979,325",26.00,26.25,26.00,26.20,+0.20,"3,826",5880
113/04/09,"5,382,551","141,304,563",26.20,26.30,26.15,26.25,+0.05,"2,573",5880
113/04/10,"7,674,539","201,546,795",26.30,26.35,26.15,26.20,-0.05,"3,663",5880
113/04/11,"8,321,799","217,668,965",26.25,26.30,26.10,26.10,-0.10,"3,706",5880
113/04/12,"10,021,806","260,838,532",26.00,26.10,25.95,26.05,-0.05,"4,033",5880
113/04/15,"9,313,440","243,643,914",26.45,26.45,26.05,26.10,+0.05,"3,751",5880
113/04/16,"20,301,914","523,995,679",26.00,26.10,25.70,25.70,-0.40,"11,403",5880
113/04/17,"10,989,533","282,619,232",25.70,25.85,25.60,25.70, 0.00,"5,988",5880
113/04/18,"10,271,943","265,674,823",25.70,26.00,25.65,25.85,+0.15,"3,316",5880
113/04/19,"23,484,472","600,933,825",25.65,25.90,25.45,25.60,-0.25,"10,982",5880
113/04/22,"12,222,422","318,683,022",25.80,26.20,25.70,26.10,+0.50,"4,751",5880
113/04/23,"8,557,297","224,007,879",26.15,26.30,26.05,26.15,+0.05,"3,352",5880
113/04/24,"7,980,688","208,643,158",26.30,26.30,26.10,26.10,-0.05,"3,520",5880
113/04/25,"7,440,534","192,589,236",25.90,26.00,25.85,25.85,-0.25,"4,820",5880
113/04/26,"7,895,242","204,200,657",25.80,25.95,25.80,25.80,-0.05,"3,599",5880
113/04/29,"19,549,511","513,585,975",25.85,26.40,25.85,26.40,+0.60,"6,361",5880
113/04/30,"12,074,887","316,658,625",26.20,26.30,26.15,26.20,-0.20,"4,498",5880
113/05/02,"12,277,572","324,515,282",26.30,26.50,26.25,26.45,+0.25,"4,397",5880
113/05/03,"9,720,787","257,433,220",26.50,26.60,26.30,26.40,-0.05,"4,620",5880
113/05/06,"15,560,311","415,771,459",26.50,26.90,26.50,26.70,+0.30,"6,650",5880
113/05/07,"9,295,706","247,658,284",26.80,26.85,26.55,26.70, 0.00,"3,967",5880
113/05/08,"7,724,857","205,591,604",26.70,26.70,26.50,26.70, 0.00,"5,455",5880
113/05/09,"8,660,981","228,896,258",26.65,26.65,26.30,26.30,-0.40,"5,277",5880
113/05/10,"8,494,050","225,610,814",26.50,26.65,26.40,26.60,+0.30,"3,534",5880
113/05/13,"9,075,196","241,224,575",26.60,26.70,26.40,26.60, 0.00,"3,764",5880
113/05/14,"6,409,339","169,209,659",26.60,26.60,26.35,26.35,-0.25,"3,775",5880
113/05/15,"10,324,249","273,917,000",26.50,26.70,26.40,26.40,+0.05,"5,388",5880
113/05/16,"13,257,194","353,231,740",26.60,26.70,26.50,26.70,+0.30,"4,590",5880
113/05/17,"6,816,333","181,561,865",26.55,26.70,26.55,26.60,-0.10,"2,961",5880
113/05/20,"13,622,714","365,178,370",26.80,26.90,26.60,26.90,+0.30,"5,832",5880
113/05/21,"12,931,587","346,124,571",26.90,26.90,26.65,26.80,-0.10,"5,342",5880
113/05/22,"12,397,070","331,080,619",26.90,26.90,26.60,26.60,-0.20,"7,244",5880
113/05/23,"10,285,084","272,064,321",26.50,26.55,26.40,26.40,-0.20,"4,215",5880
113/05/24,"11,867,317","311,878,736",26.35,26.45,26.20,26.20,-0.20,"6,340",5880
113/05/27,"10,037,736","262,914,226",26.20,26.30,26.05,26.15,-0.05,"5,655",5880
113/05/28,"10,034,269","263,187,535",26.15,26.30,26.15,26.20,+0.05,"5,311",5880
113/05/29,"18,505,470","481,637,781",26.10,26.20,25.95,25.95,-0.25,"8,812",5880
113/05/30,"25,645,439","661,862,044",25.85,25.95,25.70,25.70,-0.25,"13,176",5880
113/05/31,"69,873,722","1,789,534,009",25.65,25.85,25.55,25.55,-0.15,"10,513",5880
113/06/03,"16,050,758","412,040,897",25.65,25.75,25.60,25.60,+0.05,"9,208",5880
113/06/04,"17,351,996","443,487,646",25.55,25.70,25.50,25.55,-0.05,"8,473",5880
113/06/05,"15,945,805","407,780,338",25.55,25.75,25.50,25.50,-0.05,"6,252",5880
113/06/06,"11,280,754","288,854,215",25.50,25.70,25.50,25.60,+0.10,"4,835",5880
113/06/07,"16,972,565","438,767,427",25.60,26.00,25.60,25.85,+0.25,"4,425",5880
113/06/11,"16,143,246","416,484,093",25.65,25.90,25.60,25.75,-0.10,"6,749",5880
113/06/12,"11,023,579","283,532,112",25.70,25.80,25.70,25.70,-0.05,"4,718",5880
113/06/13,"9,893,747","255,744,186",26.00,26.15,25.75,25.75,+0.05,"4,228",5880
113/06/14,"8,590,916","222,192,299",25.90,25.95,25.75,25.95,+0.20,"3,244",5880
113/06/17,"7,389,212","192,038,667",26.00,26.05,25.90,26.00,+0.05,"3,837",5880
113/06/18,"8,934,053","232,797,067",26.00,26.15,25.95,26.15,+0.15,"4,541",5880
113/06/19,"14,192,360","370,258,652",26.15,26.20,26.00,26.05,-0.10,"6,785",5880
113/06/20,"9,350,422","244,068,626",26.10,26.15,26.00,26.15,+0.10,"3,407",5880
113/06/21,"20,883,845","543,782,643",26.15,26.20,26.00,26.00,-0.15,"3,794",5880
113/06/24,"10,024,017","260,847,035",26.00,26.10,25.85,26.10,+0.10,"3,831",5880
113/06/25,"9,428,529","247,005,105",26.30,26.30,26.05,26.25,+0.15,"3,357",5880
113/06/26,"10,742,179","279,787,709",26.25,26.25,26.00,26.00,-0.25,"4,273",5880
113/06/27,"9,323,662","241,569,551",25.75,26.00,25.75,26.00, 0.00,"3,600",5880
113/06/28,"10,016,801","261,158,193",26.00,26.25,25.95,26.00, 0.00,"2,733",5880
113/07/01,"8,208,900","213,513,574",26.05,26.10,25.95,26.00, 0.00,"4,578",5880
113/07/02,"11,987,959","310,042,303",25.90,26.00,25.80,25.80,-0.20,"6,074",5880
113/07/03,"20,231,645","529,213,440",25.85,26.40,25.85,26.40,+0.60,"5,694",5880
113/07/04,"12,698,250","336,211,641",26.40,26.60,26.35,26.55,+0.15,"5,193",5880
113/07/05,"7,286,595","193,424,125",26.50,26.60,26.50,26.55, 0.00,"4,611",5880
113/07/08,"13,123,987","349,111,357",26.50,26.65,26.45,26.65,+0.10,"6,140",5880
113/07/09,"8,828,013","233,536,031",26.65,26.65,26.35,26.40,-0.25,"5,740",5880
113/07/10,"11,913,804","313,627,030",26.40,26.50,26.25,26.30,-0.10,"5,568",5880
113/07/11,"12,416,629","328,168,672",26.30,26.55,26.30,26.45,+0.15,"3,809",5880
113/07/12,"13,146,814","348,122,967",26.35,26.55,26.30,26.55,+0.10,"4,983",5880
113/07/15,"8,662,776","230,443,832",26.60,26.70,26.50,26.60,+0.05,"4,135",5880
113/07/16,"6,240,251","165,754,065",26.60,26.60,26.50,26.60, 0.00,"3,100",5880
113/07/17,"10,236,767","271,786,654",26.60,26.65,26.50,26.55,-0.05,"4,419",5880
113/07/18,"15,557,572","415,563,268",26.65,26.85,26.50,26.80,+0.25,"6,081",5880
113/07/19,"13,995,775","370,973,353",26.70,26.75,26.30,26.65,-0.15,"6,419",5880
113/07/22,"11,801,478","311,160,191",26.55,26.55,26.20,26.40,-0.25,"5,755",5880
113/07/23,"8,561,434","228,140,747",26.50,26.70,26.50,26.70,+0.30,"3,437",5880
113/07/26,"10,417,713","275,454,778",26.65,26.65,26.30,26.55,-0.15,"5,529",5880
113/07/29,"14,662,562","393,521,321",26.60,26.95,26.60,26.95,+0.40,"5,099",5880
113/07/30,"7,761,811","207,123,327",26.85,26.95,26.55,26.65,-0.30,"3,661",5880
113/07/31,"8,461,518","227,057,558",26.65,26.90,26.55,26.85,+0.20,"2,925",5880
113/08/01,"16,094,865","435,748,133",26.85,27.20,26.85,27.20,+0.35,"5,860",5880
113/08/02,"14,216,650","381,402,271",26.85,26.95,26.65,26.95,-0.25,"6,047",5880
113/08/05,"30,039,767","777,573,469",26.25,26.35,25.50,25.70,-1.25,"13,990",5880
113/08/06,"20,476,032","531,719,079",25.75,26.35,25.50,26.15,+0.45,"6,805",5880
113/08/07,"10,403,982","271,937,777",26.05,26.30,25.95,26.15, 0.00,"5,645",5880
113/08/08,"12,879,829","336,610,341",26.00,26.35,25.95,26.05,-0.10,"4,290",5880
113/08/09,"24,461,008","650,592,407",26.10,26.90,26.10,26.55,+0.50,"6,225",5880
113/08/12,"13,996,893","374,580,380",26.70,26.90,26.60,26.75,+0.20,"5,950",5880
113/08/13,"22,603,902","599,574,258",26.85,26.85,26.40,26.45,-0.30,"8,038",5880
113/08/14,"33,906,208","868,855,666",25.20,25.90,25.15,25.85,X0.00,"11,465",5880
113/08/15,"12,582,860","323,516,260",26.10,26.10,25.55,25.55,-0.30,"7,132",5880
113/08/16,"18,471,258","479,691,697",26.00,26.10,25.75,25.95,+0.40,"4,633",5880
113/08/19,"6,712,657","173,349,845",26.00,26.00,25.70,25.75,-0.20,"3,812",5880
113/08/20,"5,835,075","150,542,863",25.90,25.90,25.65,25.80,+0.05,"3,338",5880
113/08/21,"7,418,679","191,608,082",25.95,25.95,25.70,25.85,+0.05,"3,583",5880
113/08/22,"6,807,783","175,927,767",25.85,25.95,25.70,25.95,+0.10,"2,983",5880
113/08/23,"6,073,773","157,067,602",25.95,25.95,25.70,25.95, 0.00,"2,274",5880
113/08/26,"9,476,562","246,156,405",25.80,26.10,25.80,26.00,+0.05,"3,151",5880
113/08/27,"5,541,542","143,021,669",25.75,25.90,25.70,25.90,-0.10,"2,505",5880
113/08/28,"5,835,190","150,345,998",25.75,25.85,25.70,25.80,-0.10,"3,028",5880
113/08/29,"7,294,022","187,652,645",25.80,25.85,25.65,25.70,-0.10,"3,521",5880
113/08/30,"16,827,348","435,358,216",25.80,25.90,25.70,25.90,+0.20,"2,981",5880
113/09/02,"3,826,892","98,773,904",25.90,25.95,25.75,25.75,-0.15,"2,640",5880
113/09/03,"7,140,387","183,207,128",25.80,25.80,25.60,25.60,-0.15,"3,670",5880
113/09/04,"23,039,848","580,892,095",25.10,25.35,25.10,25.20,-0.40,"13,011",5880
113/09/05,"8,468,987","215,366,492",25.30,25.60,25.25,25.40,+0.20,"4,581",5880
113/09/06,"7,171,572","183,380,111",25.30,25.80,25.20,25.70,+0.30,"3,122",5880
113/09/09,"10,833,505","274,065,989",25.15,25.55,25.15,25.50,-0.20,"5,031",5880
113/09/10,"6,299,476","160,709,969",25.60,25.65,25.40,25.55,+0.05,"2,851",5880
113/09/11,"9,999,316","253,941,778",25.50,25.65,25.25,25.25,-0.30,"3,391",5880
113/09/12,"12,042,048","309,631,814",25.60,25.90,25.40,25.80,+0.55,"3,606",5880
113/09/13,"3,251,887","83,467,773",25.60,25.80,25.55,25.65,-0.15,"2,264",5880
113/09/16,"6,297,733","161,613,935",25.70,25.70,25.60,25.70,+0.05,"6,260",5880
113/09/18,"6,919,682","177,333,641",25.60,25.70,25.55,25.65,-0.05,"5,375",5880
113/09/19,"9,036,718","232,068,687",25.65,25.75,25.55,25.65, 0.00,"4,671",5880
113/09/20,"15,827,344","407,289,462",25.70,25.85,25.70,25.70,+0.05,"4,386",5880
113/09/23,"5,839,943","150,740,439",25.75,25.90,25.70,25.85,+0.15,"3,088",5880
113/09/24,"6,322,757","163,201,751",25.80,25.90,25.70,25.90,+0.05,"3,992",5880
113/09/25,"11,266,087","292,259,541",26.00,26.00,25.80,25.95,+0.05,"5,421",5880
113/09/26,"9,754,501","253,977,826",26.05,26.10,25.95,26.00,+0.05,"4,474",5880
113/09/27,"11,896,552","309,606,582",26.20,26.20,25.85,26.05,+0.05,"4,238",5880
113/09/30,"7,656,927","198,756,957",26.05,26.10,25.90,25.90,-0.15,"3,271",5880
113/10/01,"4,652,141","120,334,505",25.90,25.95,25.75,25.95,+0.05,"2,528",5880
113/10/04,"11,488,946","295,583,517",25.70,25.90,25.60,25.75,-0.20,"5,539",5880
113/10/07,"12,676,170","328,341,616",25.75,26.10,25.70,26.10,+0.35,"4,851",5880
113/10/08,"14,877,778","381,191,119",25.80,25.90,25.55,25.55,-0.55,"6,054",5880
113/10/09,"9,756,223","248,989,789",25.70,25.70,25.45,25.45,-0.10,"4,750",5880
113/10/11,"6,456,532","165,779,703",25.75,25.85,25.50,25.50,+0.05,"3,294",5880
113/10/14,"4,666,334","119,109,959",25.60,25.70,25.45,25.50, 0.00,"3,028",5880
113/10/15,"14,134,237","361,384,881",25.70,25.70,25.50,25.55,+0.05,"4,141",5880
113/10/16,"11,368,686","289,323,099",25.50,25.55,25.40,25.40,-0.15,"6,013",5880
113/10/17,"7,352,939","188,182,134",25.40,25.70,25.40,25.70,+0.30,"3,461",5880
113/10/18,"12,259,951","316,762,526",25.70,25.90,25.65,25.90,+0.20,"4,696",5880
113/10/21,"6,963,613","179,529,008",26.00,26.00,25.65,25.70,-0.20,"7,054",5880
113/10/22,"5,102,290","131,075,538",25.65,25.75,25.55,25.75,+0.05,"2,975",5880
113/10/23,"8,097,361","206,828,545",25.65,25.70,25.50,25.50,-0.25,"4,298",5880
113/10/24,"10,866,454","276,246,075",25.40,25.55,25.40,25.40,-0.10,"2,973",5880
113/10/25,"3,953,201","100,706,882",25.45,25.55,25.40,25.50,+0.10,"3,203",5880
113/10/28,"3,800,908","96,891,810",25.50,25.60,25.40,25.50, 0.00,"2,687",5880
113/10/29,"13,369,527","337,999,693",25.45,25.50,25.20,25.25,-0.25,"6,985",5880
113/10/30,"13,921,622","351,413,106",25.45,25.50,25.20,25.20,-0.05,"3,294",5880
113/11/01,"15,883,239","398,960,976",25.20,25.25,25.00,25.15,-0.05,"7,728",5880
113/11/04,"5,724,507","144,706,985",25.15,25.35,25.15,25.35,+0.20,"2,757",5880
113/11/05,"5,492,636","139,297,933",25.30,25.45,25.15,25.45,+0.10,"2,607",5880
113/11/06,"5,786,220","146,611,803",25.45,25.45,25.20,25.30,-0.15,"2,854",5880
113/11/07,"4,686,569","118,800,730",25.20,25.45,25.20,25.40,+0.10,"2,531",5880
113/11/08,"4,038,458","102,399,041",25.50,25.55,25.25,25.30,-0.10,"2,606",5880
113/11/11,"4,841,796","122,471,789",25.30,25.40,25.25,25.35,+0.05,"2,837",5880
113/11/12,"19,952,865","502,161,553",25.15,25.20,25.10,25.20,-0.15,"7,208",5880
113/11/13,"10,497,273","263,366,808",25.05,25.20,25.05,25.10,-0.10,"5,645",5880
113/11/14,"15,837,401","396,181,118",25.05,25.10,24.90,25.10, 0.00,"8,235",5880
113/11/15,"7,553,272","189,901,373",25.20,25.30,25.05,25.10, 0.00,"3,399",5880
113/11/18,"9,750,460","244,748,291",25.20,25.20,25.05,25.05,-0.05,"3,853",5880
113/11/19,"9,941,002","251,481,733",25.10,25.45,25.05,25.45,+0.40,"4,014",5880
113/11/20,"8,604,088","216,399,801",25.15,25.30,25.10,25.10,-0.35,"5,941",5880
113/11/21,"7,559,214","189,421,981",25.05,25.10,25.00,25.05,-0.05,"3,145",5880
113/11/22,"6,108,647","153,503,558",25.15,25.25,25.05,25.05, 0.00,"2,528",5880
113/11/25,"27,825,539","699,608,514",25.25,25.25,25.05,25.15,+0.10,"4,239",5880
113/11/26,"6,952,272","174,490,216",25.10,25.20,25.00,25.10,-0.05,"3,062",5880
113/11/27,"9,209,184","231,604,454",25.10,25.30,25.05,25.10, 0.00,"3,405",5880
113/11/28,"8,997,787","225,488,151",25.10,25.15,25.00,25.10, 0.00,"3,540",5880
113/11/29,"15,539,951","387,377,359",24.95,25.05,24.85,24.90,-0.20,"6,741",5880
113/12/02,"8,946,034","224,470,483",24.95,25.15,24.95,25.15,+0.25,"4,068",5880
113/12/03,"12,022,532","303,140,088",25.20,25.30,25.15,25.30,+0.15,"4,730",5880
113/12/04,"9,933,318","251,370,951",25.25,25.40,25.20,25.40,+0.10,"3,923",5880
113/12/05,"6,234,935","157,740,096",25.30,25.40,25.20,25.35,-0.05,"3,282",5880
113/12/06,"6,277,944","158,934,849",25.35,25.40,25.25,25.35, 0.00,"3,200",5880
113/12/09,"6,804,580","172,195,552",25.35,25.35,25.25,25.30,-0.05,"3,529",5880
113/12/10,"7,232,576","182,674,925",25.35,25.40,25.20,25.20,-0.10,"3,428",5880
113/12/11,"8,916,761","224,990,646",25.20,25.40,25.10,25.10,-0.10,"3,513",5880
113/12/12,"6,923,061","173,854,326",25.15,25.25,25.05,25.05,-0.05,"3,105",5880
113/12/13,"6,399,384","160,215,134",25.10,25.15,25.00,25.00,-0.05,"3,588",5880
113/12/16,"8,188,419","205,227,532",25.10,25.20,25.00,25.00, 0.00,"4,376",5880
113/12/17,"13,524,881","337,459,049",25.00,25.05,24.90,25.00, 0.00,"7,352",5880
113/12/18,"9,510,242","237,039,848",24.90,25.00,24.90,24.90,-0.10,"5,916",5880
113/12/19,"22,750,750","561,043,858",24.75,24.80,24.60,24.70,-0.20,"12,620",5880
113/12/20,"76,207,416","1,855,189,788",24.55,24.60,24.30,24.30,-0.40,"17,877",5880
113/12/23,"8,869,635","217,712,488",24.50,24.70,24.40,24.50,+0.20,"4,488",5880
113/12/24,"6,091,448","150,572,677",24.65,24.80,24.60,24.70,+0.20,"3,044",5880
113/12/25,"3,988,677","98,835,770",24.80,24.85,24.70,24.80,+0.10,"2,544",5880
113/12/26,"3,220,470","79,935,848",24.85,24.90,24.75,24.75,-0.05,"2,421",5880
113/12/27,"4,751,331","116,948,827",24.65,24.75,24.55,24.55,-0.20,"3,484",5880
113/12/30,"8,739,726","213,834,712",24.55,24.60,24.40,24.40,-0.15,"5,450",5880
113/12/31,"10,758,123","261,591,016",24.35,24.40,24.25,24.30,-0.10,"6,235",5880
