日期,成交股數,成交金額,開盤價,最高價,最低價,收盤價,漲跌價差,成交筆數,股票代號
108/03/27,"7,122,919","2,673,135,220",370.00,387.00,362.00,378.00,X0.00,"5,431",6669
108/03/28,"4,537,483","1,740,782,870",375.00,391.50,374.00,390.50,+12.50,"3,847",6669
108/03/29,"3,122,075","1,230,862,400",393.00,398.00,390.00,392.50,+2.00,"2,719",6669
108/04/01,"2,862,326","1,104,980,380",396.50,397.50,380.50,381.00,-11.50,"2,394",6669
108/04/02,"3,130,654","1,182,467,020",381.00,383.50,371.50,381.50,+0.50,"2,621",6669
108/04/03,"1,540,882","586,190,440",379.00,384.00,376.50,378.00,-3.50,"1,376",6669
108/04/08,"4,088,688","1,490,760,861",380.50,381.00,341.00,354.50,-23.50,"3,498",6669
108/04/09,"2,586,989","898,640,650",349.00,353.00,337.00,350.00,-4.50,"2,217",6669
108/04/10,"1,876,623","669,420,411",348.00,362.50,345.00,357.50,+7.50,"1,721",6669
108/04/11,"1,124,908","397,192,116",352.00,358.50,349.50,352.50,-5.00,"1,094",6669
108/04/12,"673,448","237,646,092",354.50,356.50,349.50,355.50,+3.00,632,6669
108/04/15,"565,748","201,172,540",359.50,360.00,352.50,355.00,-0.50,548,6669
108/04/16,"1,062,671","385,175,744",357.00,366.50,356.00,364.00,+9.00,"1,013",6669
108/04/17,"858,162","313,367,806",365.00,368.50,361.50,363.00,-1.00,766,6669
108/04/18,"1,111,233","394,621,084",365.00,366.00,346.00,348.00,-15.00,"1,047",6669
108/04/19,"1,669,688","570,957,984",348.00,351.50,336.00,342.00,-6.00,"1,480",6669
108/04/22,"2,007,153","666,430,184",341.00,341.00,325.00,328.00,-14.00,"1,889",6669
108/04/23,"2,258,599","719,105,565",326.50,326.50,313.00,316.00,-12.00,"2,015",6669
108/04/24,"2,454,720","794,786,100",316.00,333.50,308.50,330.00,+14.00,"2,266",6669
108/04/25,"913,084","295,006,334",327.00,327.00,320.00,325.00,-5.00,886,6669
108/04/26,"788,252","250,795,384",324.50,324.50,315.50,316.00,-9.00,774,6669
108/04/29,"907,155","291,178,445",320.50,327.50,318.00,318.50,+2.50,835,6669
108/04/30,"393,703","126,342,366",318.50,323.00,316.00,321.50,+3.00,379,6669
108/05/02,"831,581","272,126,311",324.00,331.50,321.50,331.00,+9.50,788,6669
108/05/03,"3,140,973","1,099,109,857",347.50,358.00,339.00,358.00,+27.00,"2,661",6669
108/05/06,"2,178,224","771,162,192",352.00,361.00,342.00,358.50,+0.50,"1,846",6669
108/05/07,"2,029,032","740,376,744",358.50,370.00,358.50,368.50,+10.00,"1,645",6669
108/05/08,"1,585,134","585,971,580",363.00,374.00,360.00,371.50,+3.00,"1,329",6669
108/05/09,"1,955,553","711,833,762",374.00,374.50,351.00,354.00,-17.50,"1,701",6669
108/05/10,"1,222,842","439,100,009",356.00,367.00,353.00,357.50,+3.50,"1,093",6669
108/05/13,"1,030,663","357,794,735",352.00,357.50,341.50,345.00,-12.50,962,6669
108/05/14,"1,060,727","359,221,719",335.00,348.00,327.50,342.50,-2.50,948,6669
108/05/15,"1,069,474","370,090,582",342.50,352.00,341.50,342.00,-0.50,972,6669
108/05/16,"473,473","162,124,874",344.00,346.50,337.00,337.00,-5.00,481,6669
108/05/17,"881,222","292,301,200",340.50,343.00,323.00,323.50,-13.50,798,6669
108/05/20,"828,911","271,021,130",326.00,333.00,321.00,327.00,+3.50,750,6669
108/05/21,"1,232,388","423,801,696",327.00,358.00,325.00,358.00,+31.00,"1,181",6669
108/05/22,"3,221,346","1,190,354,145",365.00,374.00,364.00,370.00,+12.00,"2,852",6669
108/05/23,"2,057,359","742,778,599",370.50,370.50,354.00,361.00,-9.00,"1,879",6669
108/05/24,"1,222,508","446,830,135",360.00,371.00,360.00,364.00,+3.00,"1,111",6669
108/05/27,"599,301","217,843,107",368.00,369.00,360.00,362.50,-1.50,593,6669
108/05/28,"655,105","238,377,615",365.00,369.00,358.50,365.00,+2.50,611,6669
108/05/29,"680,263","244,696,783",361.00,364.50,355.50,358.00,-7.00,603,6669
108/05/30,"517,295","186,127,200",358.00,362.00,355.50,360.00,+2.00,506,6669
108/05/31,"4,171,464","1,368,744,192",335.00,338.50,324.00,327.00,-33.00,"3,675",6669
108/06/03,"2,525,719","783,706,175",311.50,323.00,300.50,323.00,-4.00,"2,227",6669
108/06/04,"1,259,701","394,173,413",315.00,318.00,308.00,308.50,-14.50,"1,167",6669
108/06/05,"1,506,761","485,316,325",322.00,327.00,315.50,322.00,+13.50,"1,383",6669
108/06/06,"725,598","234,040,350",318.50,326.00,315.50,324.50,+2.50,716,6669
108/06/10,"2,287,477","803,704,835",354.50,355.00,342.50,355.00,+30.50,"1,938",6669
108/06/11,"910,852","318,950,700",350.00,357.00,345.50,350.00,-5.00,842,6669
108/06/12,"355,579","124,325,354",353.00,353.50,347.00,349.50,-0.50,357,6669
108/06/13,"335,019","115,417,555",351.50,351.50,341.50,344.00,-5.50,337,6669
108/06/14,"580,953","195,794,161",344.00,344.00,333.50,334.50,-9.50,535,6669
108/06/17,"298,576","99,931,808",335.00,338.00,331.00,332.00,-2.50,299,6669
108/06/18,"618,065","201,913,255",332.00,332.00,325.00,325.50,-6.50,565,6669
108/06/19,"1,012,774","343,314,817",334.00,343.00,331.00,341.50,+16.00,948,6669
108/06/20,"1,024,656","353,318,944",339.00,349.00,336.00,349.00,+7.50,993,6669
108/06/21,"1,257,570","441,822,573",350.00,354.50,345.50,350.00,+1.00,"1,153",6669
108/06/24,"435,207","150,933,829",348.00,350.00,343.00,347.00,-3.00,451,6669
108/06/25,"443,783","154,647,587",348.00,350.00,346.50,347.50,+0.50,446,6669
108/06/26,"1,801,724","640,887,703",349.50,360.00,349.50,352.50,+5.00,"1,560",6669
108/06/27,"863,740","305,931,220",354.00,357.00,351.00,353.50,+1.00,753,6669
108/06/28,"377,112","132,987,536",354.00,354.50,350.50,353.50, 0.00,371,6669
108/07/01,"692,780","247,474,680",358.00,361.00,355.00,356.00,+2.50,627,6669
108/07/02,"284,908","100,830,708",358.50,358.50,351.50,351.50,-4.50,304,6669
108/07/03,"359,285","125,984,035",353.00,353.00,348.00,351.50, 0.00,359,6669
108/07/04,"2,120,459","771,900,249",352.00,368.50,352.00,366.50,+15.00,"1,806",6669
108/07/05,"1,069,378","392,439,524",368.00,369.50,363.00,367.00,+0.50,970,6669
108/07/08,"810,561","293,663,960",368.00,369.00,359.00,360.00,-7.00,781,6669
108/07/09,"583,816","207,295,548",359.00,361.00,352.00,353.00,-7.00,540,6669
108/07/10,"1,700,943","611,166,672",362.50,365.50,355.00,356.50,+3.50,"1,428",6669
108/07/11,"1,714,390","598,314,670",345.50,353.00,345.00,350.50,X0.00,"1,463",6669
108/07/12,"479,481","167,327,388",352.50,353.00,347.00,347.50,-3.00,439,6669
108/07/15,"736,298","260,119,992",348.50,356.00,347.50,354.00,+6.50,669,6669
108/07/16,"1,239,134","446,338,240",355.00,364.00,353.00,361.00,+7.00,"1,061",6669
108/07/17,"738,429","265,927,295",362.50,362.50,357.00,360.00,-1.00,675,6669
108/07/18,"526,574","188,956,418",359.50,361.50,355.00,360.50,+0.50,505,6669
108/07/19,"1,067,709","384,512,986",364.50,368.00,352.00,354.00,-6.50,998,6669
108/07/22,"452,709","161,044,195",356.00,358.50,351.50,355.00,+1.00,449,6669
108/07/23,"416,350","148,718,100",358.00,359.00,355.00,357.00,+2.00,390,6669
108/07/24,"3,656,581","1,373,656,118",358.00,383.00,358.00,379.00,+22.00,"3,223",6669
108/07/25,"4,269,812","1,657,306,560",381.50,397.00,376.00,381.50,+2.50,"3,583",6669
108/07/26,"2,624,213","1,028,688,870",384.50,395.00,382.50,392.50,+11.00,"2,397",6669
108/07/29,"1,918,479","757,502,310",392.50,400.50,390.00,391.00,-1.50,"1,674",6669
108/07/30,"1,814,437","698,125,269",393.00,395.50,374.00,381.00,-10.00,"1,581",6669
108/07/31,"1,249,173","473,845,586",383.00,385.00,374.50,382.00,+1.00,"1,170",6669
108/08/01,"3,034,327","1,186,017,030",379.00,396.00,379.00,391.00,+9.00,"2,574",6669
108/08/02,"2,878,468","1,122,881,456",393.00,396.00,381.00,392.50,+1.50,"2,618",6669
108/08/05,"2,327,506","892,609,262",395.00,396.00,375.00,375.50,-17.00,"2,091",6669
108/08/06,"2,010,180","749,455,477",361.50,381.00,361.50,378.50,+3.00,"1,721",6669
108/08/07,"1,273,823","486,028,788",382.00,384.50,377.50,382.50,+4.00,"1,135",6669
108/08/08,"5,987,313","2,417,717,830",389.50,412.50,387.00,412.00,+29.50,"5,014",6669
108/08/12,"4,428,981","1,842,095,237",409.50,430.50,407.00,408.00,-4.00,"3,975",6669
108/08/13,"3,864,876","1,591,458,788",415.50,423.00,400.50,415.00,+7.00,"3,415",6669
108/08/14,"4,060,465","1,727,878,521",428.00,430.00,418.00,422.00,+7.00,"3,426",6669
108/08/15,"2,057,596","854,748,916",413.00,421.50,411.00,421.50,-0.50,"1,863",6669
108/08/16,"1,938,884","816,590,664",424.00,427.50,416.50,421.00,-0.50,"1,685",6669
108/08/19,"3,209,432","1,403,115,852",425.00,449.50,423.50,441.00,+20.00,"2,888",6669
108/08/20,"2,915,462","1,318,730,758",446.00,463.00,443.50,448.00,+7.00,"2,795",6669
108/08/21,"1,630,269","735,897,048",446.00,458.50,445.00,445.00,-3.00,"1,631",6669
108/08/22,"1,999,358","910,025,184",452.00,461.00,448.00,455.00,+10.00,"1,907",6669
108/08/23,"2,960,752","1,314,875,864",459.50,465.00,431.50,431.50,-23.50,"2,821",6669
108/08/26,"3,283,425","1,397,064,200",421.50,439.50,415.00,420.50,-11.00,"3,035",6669
108/08/27,"1,500,285","643,465,125",433.00,434.00,423.00,424.00,+3.50,"1,428",6669
108/08/28,"1,728,233","748,030,656",426.00,438.50,426.00,433.50,+9.50,"1,602",6669
108/08/29,"1,821,828","785,539,040",436.50,438.50,423.00,430.00,-3.50,"1,659",6669
108/08/30,"1,502,194","655,493,920",438.00,445.00,430.00,430.00, 0.00,"1,427",6669
108/09/02,"1,954,872","866,364,400",435.00,450.00,432.00,450.00,+20.00,"1,778",6669
108/09/03,"1,322,938","588,938,620",453.00,455.00,438.00,441.50,-8.50,"1,255",6669
108/09/04,"1,356,454","596,708,760",444.00,446.50,436.00,440.00,-1.50,"1,165",6669
108/09/05,"1,098,250","480,621,250",444.00,444.50,432.00,439.00,-1.00,"1,019",6669
108/09/06,"1,246,419","550,955,117",443.00,447.50,435.50,444.50,+5.50,"1,103",6669
108/09/09,"1,585,667","697,266,306",445.50,448.50,434.00,437.00,-7.50,"1,492",6669
108/09/10,"2,274,590","955,267,300",420.00,424.00,416.00,418.50,-18.50,"2,050",6669
108/09/11,"1,000,121","420,434,117",415.50,424.50,413.50,422.50,+4.00,964,6669
108/09/12,"1,027,781","440,370,549",426.00,431.00,424.50,429.50,+7.00,960,6669
108/09/16,"2,566,658","1,141,432,810",434.50,449.50,433.00,446.50,+17.00,"2,247",6669
108/09/17,"1,172,825","526,804,775",449.00,453.50,444.00,448.50,+2.00,"1,115",6669
108/09/18,"923,775","417,256,750",448.00,454.50,447.50,451.50,+3.00,871,6669
108/09/19,"2,940,476","1,324,651,440",459.00,464.50,437.50,440.00,-11.50,"2,405",6669
108/09/20,"6,645,297","3,074,018,939",445.50,468.50,445.00,467.00,+27.00,"3,936",6669
108/09/23,"1,568,894","727,171,740",466.00,474.00,458.50,460.50,-6.50,"1,508",6669
108/09/24,"1,143,323","528,406,910",465.50,468.50,455.50,459.50,-1.00,"1,097",6669
108/09/25,"691,510","316,500,070",459.00,460.50,455.50,457.00,-2.50,652,6669
108/09/26,"816,001","373,494,455",461.00,464.00,455.00,458.00,+1.00,763,6669
108/09/27,"1,457,785","649,495,755",459.00,461.00,438.00,441.50,-16.50,"1,363",6669
108/10/01,"1,114,845","489,918,869",443.00,447.00,436.00,437.00,-4.50,"1,041",6669
108/10/02,"1,015,932","453,203,468",438.00,449.50,437.00,449.00,+12.00,964,6669
108/10/03,"1,170,970","530,254,850",443.50,458.00,443.50,455.50,+6.50,"1,112",6669
108/10/04,"936,052","426,608,108",459.00,460.50,451.00,454.00,-1.50,898,6669
108/10/07,"1,398,969","642,485,364",461.50,463.00,456.00,456.00,+2.00,"1,116",6669
108/10/08,"3,344,745","1,591,442,600",461.00,489.00,458.00,481.00,+25.00,"3,042",6669
108/10/09,"2,137,196","1,030,323,168",478.50,490.50,472.00,485.00,+4.00,"2,011",6669
108/10/14,"2,627,161","1,301,421,034",485.00,502.00,480.00,495.00,+10.00,"2,305",6669
108/10/15,"3,079,945","1,551,415,830",499.00,518.00,494.00,494.50,-0.50,"2,731",6669
108/10/16,"1,800,257","885,056,645",499.50,505.00,482.00,485.50,-9.00,"1,723",6669
108/10/17,"2,235,988","1,112,734,976",489.50,505.00,486.50,505.00,+19.50,"1,868",6669
108/10/18,"1,256,849","622,800,255",505.00,505.00,492.00,495.00,-10.00,"1,166",6669
108/10/21,"713,437","350,577,404",495.00,498.50,486.50,489.50,-5.50,674,6669
108/10/22,"1,135,542","567,448,179",496.00,504.00,492.50,499.00,+9.50,"1,010",6669
108/10/23,"2,525,876","1,290,585,132",510.00,517.00,503.00,508.00,+9.00,"2,195",6669
108/10/24,"2,391,110","1,242,538,420",511.00,525.00,510.00,525.00,+17.00,"2,129",6669
108/10/25,"1,619,118","844,153,124",528.00,534.00,512.00,518.00,-7.00,"1,536",6669
108/10/28,"1,820,470","967,894,980",525.00,538.00,524.00,535.00,+17.00,"1,673",6669
108/10/29,"1,780,841","965,137,663",541.00,547.00,534.00,545.00,+10.00,"1,656",6669
108/10/30,"1,414,923","772,434,266",549.00,557.00,540.00,542.00,-3.00,"1,312",6669
108/10/31,"2,941,084","1,659,659,300",549.00,583.00,547.00,579.00,+37.00,"2,668",6669
108/11/01,"2,569,468","1,441,490,144",572.00,573.00,551.00,558.00,-21.00,"2,401",6669
108/11/04,"3,387,487","1,814,139,084",557.00,560.00,525.00,532.00,-26.00,"3,039",6669
108/11/05,"5,854,256","2,990,157,025",528.00,533.00,488.00,490.00,-42.00,"5,202",6669
108/11/06,"3,823,679","1,921,864,753",499.50,510.00,494.00,507.00,+17.00,"3,289",6669
108/11/07,"2,794,159","1,396,974,841",513.00,518.00,489.00,499.00,-8.00,"2,596",6669
108/11/08,"4,245,546","2,196,597,558",510.00,531.00,505.00,524.00,+25.00,"3,803",6669
108/11/11,"1,716,802","879,705,416",519.00,522.00,503.00,506.00,-18.00,"1,595",6669
108/11/12,"2,392,154","1,230,945,542",514.00,525.00,504.00,523.00,+17.00,"2,141",6669
108/11/13,"2,043,226","1,062,047,424",527.00,527.00,509.00,524.00,+1.00,"1,904",6669
108/11/14,"2,405,060","1,286,574,160",528.00,540.00,524.00,536.00,+12.00,"2,277",6669
108/11/15,"2,236,069","1,224,287,605",542.00,554.00,537.00,547.00,+11.00,"2,056",6669
108/11/18,"1,081,868","595,132,004",550.00,554.00,544.00,554.00,+7.00,"1,042",6669
108/11/19,"1,973,115","1,085,561,250",557.00,561.00,543.00,550.00,-4.00,"1,605",6669
108/11/20,"1,926,150","1,046,008,850",552.00,556.00,535.00,539.00,-11.00,"1,795",6669
108/11/21,"1,907,373","1,036,046,150",530.00,551.00,526.00,550.00,+11.00,"1,768",6669
108/11/22,"1,431,845","790,952,215",545.00,559.00,545.00,548.00,-2.00,"1,349",6669
108/11/25,"1,351,678","748,432,324",554.00,558.00,545.00,558.00,+10.00,"1,300",6669
108/11/26,"9,923,651","5,525,354,956",565.00,566.00,547.00,557.00,-1.00,"3,023",6669
108/11/27,"1,388,231","761,911,126",552.00,555.00,544.00,546.00,-11.00,"1,280",6669
108/11/28,"773,100","425,774,800",549.00,555.00,546.00,548.00,+2.00,696,6669
108/11/29,"718,442","395,988,984",550.00,555.00,545.00,553.00,+5.00,622,6669
108/12/02,"727,293","399,784,150",556.00,556.00,545.00,550.00,-3.00,641,6669
108/12/03,"850,070","469,103,570",550.00,559.00,547.00,551.00,+1.00,810,6669
108/12/04,"1,159,553","647,303,680",554.00,561.00,549.00,561.00,+10.00,"1,092",6669
108/12/05,"2,467,808","1,425,717,024",568.00,587.00,564.00,580.00,+19.00,"2,223",6669
108/12/06,"1,194,311","689,692,825",585.00,586.00,572.00,575.00,-5.00,"1,116",6669
108/12/09,"715,903","413,431,225",579.00,582.00,573.00,579.00,+4.00,683,6669
108/12/10,"2,012,304","1,191,154,664",583.00,598.00,580.00,595.00,+16.00,"1,815",6669
108/12/11,"1,289,683","772,013,751",592.00,603.00,592.00,600.00,+5.00,"1,145",6669
108/12/12,"784,050","468,067,650",600.00,605.00,593.00,594.00,-6.00,795,6669
108/12/13,"2,275,568","1,396,595,888",599.00,621.00,599.00,619.00,+25.00,"2,022",6669
108/12/16,"1,176,824","721,644,070",619.00,620.00,606.00,618.00,-1.00,"1,043",6669
108/12/17,"878,280","544,131,760",618.00,626.00,613.00,619.00,+1.00,849,6669
108/12/18,"1,414,368","876,370,252",624.00,630.00,610.00,614.00,-5.00,"1,187",6669
108/12/19,"948,656","584,983,784",616.00,624.00,611.00,616.00,+2.00,898,6669
108/12/20,"814,035","500,277,385",620.00,622.00,611.00,612.00,-4.00,718,6669
108/12/23,"1,040,298","648,246,952",616.00,628.00,612.00,627.00,+15.00,954,6669
108/12/24,"393,492","246,533,500",628.00,629.00,624.00,627.00, 0.00,401,6669
108/12/25,"738,839","463,813,858",629.00,634.00,622.00,622.00,-5.00,696,6669
108/12/26,"813,480","500,907,200",626.00,626.00,609.00,614.00,-8.00,768,6669
108/12/27,"835,461","510,873,749",619.00,619.00,606.00,606.00,-8.00,840,6669
108/12/30,"2,157,706","1,365,396,428",614.00,642.00,612.00,639.00,+33.00,"1,914",6669
108/12/31,"989,925","626,820,375",635.00,639.00,626.00,635.00,-4.00,951,6669
109/01/02,"625,618","397,799,194",639.00,643.00,630.00,630.00,-5.00,560,6669
109/01/03,"2,078,572","1,329,986,360",639.00,659.00,620.00,625.00,-5.00,"1,874",6669
109/01/06,"701,504","441,779,520",628.00,636.00,621.00,632.00,+7.00,693,6669
109/01/07,"771,847","489,074,610",639.00,642.00,623.00,627.00,-5.00,738,6669
109/01/08,"888,296","552,898,592",616.00,628.00,614.00,627.00, 0.00,820,6669
109/01/09,"3,899,370","2,615,314,450",640.00,688.00,640.00,688.00,+61.00,"3,331",6669
109/01/10,"4,166,631","2,948,137,593",708.00,722.00,694.00,704.00,+16.00,"3,787",6669
109/01/13,"1,513,948","1,063,115,016",715.00,719.00,687.00,690.00,-14.00,"1,413",6669
109/01/14,"1,059,130","734,016,910",696.00,707.00,688.00,707.00,+17.00,"1,033",6669
109/01/15,"940,633","665,675,898",707.00,715.00,702.00,705.00,-2.00,883,6669
109/01/16,"951,169","667,955,221",705.00,709.00,691.00,709.00,+4.00,902,6669
109/01/17,"1,013,630","723,522,410",719.00,726.00,706.00,707.00,-2.00,986,6669
109/01/20,"1,132,725","814,812,725",708.00,728.00,707.00,721.00,+14.00,"1,075",6669
109/01/30,"1,918,944","1,338,503,752",700.00,715.00,683.00,683.00,-38.00,"1,828",6669
109/01/31,"1,460,751","1,031,172,202",690.00,716.00,690.00,702.00,+19.00,"1,395",6669
109/02/03,"1,766,384","1,203,047,960",685.00,695.00,667.00,686.00,-16.00,"1,620",6669
109/02/04,"2,211,724","1,588,971,728",712.00,727.00,706.00,724.00,+38.00,"1,942",6669
109/02/05,"2,388,838","1,773,823,712",732.00,758.00,720.00,724.00, 0.00,"2,294",6669
109/02/06,"1,464,690","1,090,498,740",740.00,753.00,737.00,747.00,+23.00,"1,472",6669
109/02/07,"1,300,479","963,709,418",753.00,755.00,727.00,735.00,-12.00,"1,243",6669
109/02/10,"1,339,524","960,819,088",717.00,726.00,710.00,710.00,-25.00,"1,308",6669
109/02/11,"1,631,105","1,165,248,540",715.00,727.00,704.00,723.00,+13.00,"1,537",6669
109/02/12,"1,461,035","1,066,304,900",723.00,740.00,714.00,740.00,+17.00,"1,321",6669
109/02/13,"1,198,430","877,898,900",740.00,748.00,720.00,721.00,-19.00,"1,106",6669
109/02/14,"2,946,960","2,214,330,680",725.00,767.00,722.00,760.00,+39.00,"2,554",6669
109/02/17,"1,227,905","925,346,895",755.00,764.00,745.00,757.00,-3.00,"1,163",6669
109/02/18,"1,331,198","986,137,114",751.00,754.00,735.00,735.00,-22.00,"1,187",6669
109/02/19,"2,408,994","1,820,252,452",726.00,767.00,726.00,761.00,+26.00,"2,109",6669
109/02/20,"2,008,284","1,563,090,412",764.00,786.00,764.00,784.00,+23.00,"1,894",6669
109/02/21,"1,259,328","976,873,856",780.00,788.00,767.00,775.00,-9.00,"1,183",6669
109/02/24,"917,382","696,837,230",757.00,768.00,756.00,757.00,-18.00,888,6669
109/02/25,"1,041,205","787,079,005",746.00,767.00,745.00,757.00, 0.00,"1,005",6669
109/02/26,"1,378,975","1,031,910,350",750.00,763.00,740.00,742.00,-15.00,"1,255",6669
109/02/27,"1,925,926","1,391,437,572",750.00,756.00,706.00,724.00,-18.00,"1,713",6669
109/03/02,"1,406,985","1,009,000,573",712.00,728.00,702.00,712.00,-12.00,"1,197",6669
109/03/03,"2,209,001","1,590,211,706",730.00,744.00,701.00,701.00,-11.00,"2,061",6669
109/03/04,"1,766,209","1,239,858,390",697.00,713.00,691.00,703.00,+2.00,"1,625",6669
109/03/05,"2,347,424","1,730,039,880",728.00,746.00,725.00,745.00,+42.00,"2,166",6669
109/03/06,"1,175,237","859,598,328",745.00,745.00,725.00,725.00,-20.00,"1,088",6669
109/03/09,"1,595,069","1,121,462,955",709.00,722.00,692.00,692.00,-33.00,"1,497",6669
109/03/10,"1,675,273","1,177,402,560",685.00,720.00,684.00,720.00,+28.00,"1,536",6669
109/03/11,"1,334,823","968,039,507",733.00,741.00,704.00,709.00,-11.00,"1,318",6669
109/03/12,"2,748,771","1,838,294,150",710.00,710.00,640.00,647.00,-62.00,"2,590",6669
109/03/13,"3,825,222","2,407,919,402",591.00,698.00,583.00,698.00,+51.00,"3,448",6669
109/03/16,"2,712,240","1,865,398,600",680.00,708.00,661.00,661.00,-37.00,"2,547",6669
109/03/17,"2,856,683","1,931,401,342",635.00,698.00,635.00,674.00,+13.00,"2,723",6669
109/03/18,"2,248,997","1,514,950,077",695.00,695.00,641.00,641.00,-33.00,"2,146",6669
109/03/19,"3,610,922","2,186,215,760",632.00,649.00,577.00,577.00,-64.00,"3,345",6669
109/03/20,"3,933,926","2,414,099,120",613.00,628.00,590.00,611.00,+34.00,"2,946",6669
109/03/23,"2,971,233","1,838,044,188",585.00,642.00,565.00,639.00,+28.00,"2,777",6669
109/03/24,"2,725,704","1,840,178,272",670.00,694.00,658.00,668.00,+29.00,"2,545",6669
109/03/25,"2,011,511","1,393,868,947",695.00,707.00,674.00,677.00,+9.00,"1,940",6669
109/03/26,"1,526,481","1,051,400,333",689.00,699.00,670.00,697.00,+20.00,"1,444",6669
109/03/27,"2,002,324","1,387,797,348",704.00,714.00,670.00,677.00,-20.00,"1,905",6669
109/03/30,"1,204,260","811,334,020",662.00,684.00,661.00,674.00,-3.00,"1,159",6669
109/03/31,"2,235,804","1,552,990,647",689.00,704.00,681.00,702.00,+28.00,"1,973",6669
109/04/01,"1,237,182","858,035,764",702.00,702.00,684.00,695.00,-7.00,"1,172",6669
109/04/06,"1,666,089","1,183,006,635",703.00,715.00,698.00,715.00,+20.00,"1,583",6669
109/04/07,"1,751,633","1,289,921,255",732.00,745.00,726.00,738.00,+23.00,"1,639",6669
109/04/08,"1,932,426","1,393,620,016",736.00,741.00,711.00,712.00,-26.00,"1,841",6669
109/04/09,"1,275,159","901,123,095",718.00,722.00,698.00,698.00,-14.00,"1,183",6669
109/04/10,"1,520,161","1,033,426,963",702.00,705.00,669.00,673.00,-25.00,"1,417",6669
109/04/13,"791,312","530,481,728",674.00,683.00,660.00,661.00,-12.00,750,6669
109/04/14,"1,084,095","729,233,600",669.00,682.00,663.00,675.00,+14.00,"1,065",6669
109/04/15,"794,945","536,581,710",680.00,683.00,666.00,675.00, 0.00,786,6669
109/04/16,"1,025,342","682,540,798",664.00,674.00,661.00,663.00,-12.00,948,6669
109/04/17,"2,675,892","1,782,470,640",674.00,688.00,645.00,663.00, 0.00,"2,346",6669
109/04/20,"1,238,549","806,407,595",668.00,668.00,645.00,651.00,-12.00,"1,224",6669
109/04/21,"1,093,167","714,898,884",648.00,663.00,646.00,651.00, 0.00,"1,040",6669
109/04/22,"873,857","565,168,193",650.00,654.00,640.00,647.00,-4.00,900,6669
109/04/23,"2,007,780","1,337,815,060",653.00,676.00,653.00,674.00,+27.00,"1,853",6669
109/04/24,"871,143","585,553,496",670.00,677.00,666.00,669.00,-5.00,779,6669
109/04/27,"844,994","575,805,902",680.00,685.00,675.00,683.00,+14.00,818,6669
109/04/28,"1,849,049","1,297,019,442",690.00,717.00,687.00,714.00,+31.00,"1,721",6669
109/04/29,"1,454,214","1,048,505,080",718.00,725.00,711.00,725.00,+11.00,"1,374",6669
109/04/30,"3,043,818","2,306,170,134",735.00,785.00,731.00,770.00,+45.00,"2,784",6669
109/05/04,"1,495,235","1,136,450,305",746.00,776.00,741.00,768.00,-2.00,"1,451",6669
109/05/05,"1,600,286","1,226,021,214",779.00,788.00,747.00,750.00,-18.00,"1,531",6669
109/05/06,"1,738,672","1,342,202,424",755.00,787.00,751.00,772.00,+22.00,"1,608",6669
109/05/07,"1,677,412","1,325,145,480",780.00,801.00,770.00,795.00,+23.00,"1,522",6669
109/05/08,"1,062,706","848,768,740",804.00,806.00,792.00,794.00,-1.00,940,6669
109/05/11,"2,791,827","2,363,764,971",797.00,873.00,797.00,873.00,+79.00,"2,490",6669
109/05/12,"2,504,937","2,147,716,080",879.00,887.00,828.00,836.00,-37.00,"2,391",6669
109/05/13,"1,437,983","1,195,315,805",833.00,846.00,820.00,829.00,-7.00,"1,327",6669
109/05/14,"1,675,471","1,374,762,155",823.00,843.00,801.00,801.00,-28.00,"1,574",6669
109/05/15,"1,802,948","1,483,698,580",824.00,836.00,806.00,829.00,+28.00,"1,683",6669
109/05/18,"1,811,695","1,540,313,020",835.00,872.00,828.00,835.00,+6.00,"1,758",6669
109/05/19,"2,147,923","1,867,125,011",865.00,888.00,852.00,857.00,+22.00,"2,080",6669
109/05/20,"1,603,564","1,384,310,168",871.00,885.00,845.00,854.00,-3.00,"1,510",6669
109/05/21,"1,029,764","879,776,040",864.00,872.00,847.00,852.00,-2.00,966,6669
109/05/22,"1,287,153","1,100,394,285",852.00,872.00,840.00,840.00,-12.00,"1,247",6669
109/05/25,"906,054","771,637,656",849.00,861.00,841.00,861.00,+21.00,855,6669
109/05/26,"1,349,588","1,180,555,208",869.00,887.00,864.00,866.00,+5.00,"1,318",6669
109/05/27,"1,189,844","1,037,898,636",877.00,884.00,861.00,866.00, 0.00,"1,102",6669
109/05/28,"1,341,926","1,158,920,730",874.00,883.00,845.00,845.00,-21.00,"1,266",6669
109/05/29,"3,364,617","2,727,916,620",841.00,850.00,797.00,801.00,-44.00,"2,831",6669
109/06/01,"1,101,371","907,334,640",812.00,834.00,807.00,832.00,+31.00,"1,034",6669
109/06/02,"3,929,143","3,046,106,111",825.00,834.00,751.00,762.00,-70.00,"3,643",6669
109/06/03,"2,674,986","2,040,557,290",790.00,790.00,747.00,759.00,-3.00,"2,541",6669
109/06/04,"2,409,944","1,868,628,488",780.00,796.00,762.00,764.00,+5.00,"2,229",6669
109/06/05,"2,525,376","1,903,465,882",771.00,772.00,743.00,751.00,-13.00,"2,404",6669
109/06/08,"1,825,057","1,401,882,403",765.00,779.00,754.00,776.00,+25.00,"1,771",6669
109/06/09,"2,065,109","1,613,346,437",778.00,796.00,764.00,790.00,+14.00,"1,966",6669
109/06/10,"4,182,646","3,460,299,304",815.00,857.00,809.00,819.00,+29.00,"3,851",6669
109/06/11,"2,128,004","1,746,277,224",823.00,848.00,804.00,804.00,-15.00,"2,028",6669
109/06/12,"1,635,746","1,309,241,006",786.00,813.00,772.00,811.00,+7.00,"1,466",6669
109/06/15,"1,647,931","1,334,488,352",818.00,830.00,788.00,793.00,-18.00,"1,604",6669
109/06/16,"1,974,011","1,625,697,163",816.00,833.00,811.00,833.00,+40.00,"1,832",6669
109/06/17,"2,061,114","1,696,744,874",841.00,845.00,813.00,815.00,-18.00,"1,930",6669
109/06/18,"1,230,701","1,018,619,232",828.00,833.00,817.00,830.00,+15.00,"1,122",6669
109/06/19,"2,986,755","2,480,230,160",835.00,842.00,818.00,830.00, 0.00,"2,222",6669
109/06/22,"1,387,839","1,139,676,463",826.00,834.00,815.00,817.00,-13.00,"1,320",6669
109/06/23,"1,773,544","1,424,240,480",820.00,825.00,791.00,793.00,-24.00,"1,719",6669
109/06/24,"1,968,352","1,559,704,360",798.00,806.00,780.00,799.00,+6.00,"1,809",6669
109/06/29,"1,462,617","1,167,791,749",799.00,815.00,786.00,790.00,-9.00,"1,350",6669
109/06/30,"1,068,929","858,325,845",801.00,812.00,792.00,802.00,+12.00,964,6669
109/07/01,"3,380,165","2,860,293,600",820.00,872.00,820.00,839.00,+37.00,"3,130",6669
109/07/02,"2,586,934","2,175,908,098",852.00,858.00,827.00,844.00,+5.00,"2,311",6669
109/07/03,"2,550,011","2,078,006,932",828.00,829.00,805.00,805.00,X0.00,"2,279",6669
109/07/06,"1,536,716","1,256,063,120",805.00,827.00,805.00,817.00,+12.00,"1,446",6669
109/07/07,"1,413,557","1,158,900,955",826.00,832.00,811.00,812.00,-5.00,"1,350",6669
109/07/08,"1,894,769","1,555,172,811",819.00,836.00,809.00,812.00, 0.00,"1,715",6669
109/07/09,"4,002,692","3,341,469,980",868.00,868.00,805.00,812.00, 0.00,"3,573",6669
109/07/10,"2,193,618","1,749,166,984",812.00,820.00,781.00,781.00,-31.00,"1,991",6669
109/07/13,"1,557,674","1,235,007,482",794.00,802.00,781.00,792.00,+11.00,"1,461",6669
109/07/14,"1,106,282","867,587,780",786.00,792.00,779.00,782.00,-10.00,"1,051",6669
109/07/15,"1,230,837","957,654,001",791.00,792.00,768.00,770.00,-12.00,"1,182",6669
109/07/16,"1,104,569","845,378,285",777.00,779.00,757.00,760.00,-10.00,"1,081",6669
109/07/17,"1,139,126","856,344,130",768.00,768.00,746.00,753.00,-7.00,"1,096",6669
109/07/20,"2,271,861","1,776,169,800",753.00,797.00,748.00,797.00,+44.00,"2,044",6669
109/07/21,"1,712,506","1,360,941,740",801.00,807.00,783.00,787.00,-10.00,"1,584",6669
109/07/22,"2,690,985","2,191,355,715",798.00,830.00,786.00,819.00,+32.00,"2,449",6669
109/07/23,"1,444,152","1,186,903,248",824.00,833.00,809.00,826.00,+7.00,"1,378",6669
109/07/24,"2,996,324","2,339,936,720",820.00,820.00,751.00,773.00,-53.00,"2,761",6669
109/07/27,"1,428,247","1,115,305,636",784.00,798.00,760.00,788.00,+15.00,"1,348",6669
109/07/28,"1,413,619","1,112,208,582",786.00,805.00,772.00,778.00,-10.00,"1,326",6669
109/07/29,"769,265","595,472,640",788.00,788.00,765.00,771.00,-7.00,713,6669
109/07/30,"726,679","569,168,336",776.00,789.00,773.00,785.00,+14.00,685,6669
109/07/31,"807,800","631,564,800",790.00,790.00,768.00,784.00,-1.00,755,6669
109/08/03,"1,077,164","837,264,592",790.00,795.00,767.00,775.00,-9.00,"1,053",6669
109/08/04,"770,369","598,080,189",782.00,783.00,771.00,781.00,+6.00,735,6669
109/08/05,"1,427,812","1,129,099,104",784.00,805.00,781.00,789.00,+8.00,"1,361",6669
109/08/06,"668,342","525,646,180",801.00,801.00,778.00,782.00,-7.00,656,6669
109/08/07,"1,448,003","1,149,043,361",788.00,804.00,780.00,790.00,+8.00,"1,246",6669
109/08/10,"4,509,008","3,736,994,664",790.00,854.00,785.00,838.00,+48.00,"4,004",6669
109/08/11,"3,386,686","2,745,564,998",843.00,855.00,784.00,786.00,-52.00,"3,164",6669
109/08/12,"1,234,730","963,976,890",786.00,792.00,771.00,786.00, 0.00,"1,130",6669
109/08/13,"942,242","742,656,116",795.00,797.00,777.00,789.00,+3.00,868,6669
109/08/14,"1,207,479","942,076,780",790.00,790.00,774.00,782.00,-7.00,"1,123",6669
109/08/17,"950,339","758,655,861",781.00,810.00,779.00,796.00,+14.00,896,6669
109/08/18,"966,327","774,214,311",810.00,816.00,792.00,793.00,-3.00,928,6669
109/08/19,"1,115,534","896,147,734",799.00,812.00,790.00,806.00,+13.00,"1,025",6669
109/08/20,"2,087,549","1,603,324,240",806.00,806.00,745.00,753.00,-53.00,"1,915",6669
109/08/21,"954,444","732,502,100",766.00,775.00,758.00,770.00,+17.00,911,6669
109/08/24,"1,250,293","985,954,521",769.00,801.00,758.00,798.00,+28.00,"1,132",6669
109/08/25,"734,740","584,066,820",801.00,805.00,788.00,791.00,-7.00,738,6669
109/08/26,"795,666","636,920,138",801.00,810.00,792.00,796.00,+5.00,778,6669
109/08/27,"1,756,614","1,432,398,042",806.00,830.00,800.00,805.00,+9.00,"1,621",6669
109/08/28,"997,415","810,907,905",809.00,825.00,804.00,808.00,+3.00,965,6669
109/08/31,"1,480,273","1,173,688,851",820.00,825.00,782.00,782.00,-26.00,"1,339",6669
109/09/01,"1,004,032","792,292,600",786.00,800.00,768.00,800.00,+18.00,915,6669
109/09/02,"895,022","711,726,710",806.00,812.00,786.00,790.00,-10.00,803,6669
109/09/03,"1,376,670","1,071,531,400",798.00,799.00,770.00,775.00,-15.00,"1,267",6669
109/09/04,"1,405,132","1,064,007,112",758.00,764.00,751.00,759.00,-16.00,"1,302",6669
109/09/07,"2,968,270","2,072,025,300",741.00,741.00,684.00,684.00,-75.00,"2,720",6669
109/09/08,"3,427,513","2,354,549,230",685.00,707.00,655.00,707.00,+23.00,"3,060",6669
109/09/09,"2,286,178","1,533,328,904",684.00,688.00,661.00,665.00,-42.00,"2,154",6669
109/09/10,"1,882,878","1,270,375,406",674.00,690.00,662.00,677.00,+12.00,"1,763",6669
109/09/11,"1,418,455","939,809,210",663.00,671.00,656.00,660.00,-17.00,"1,315",6669
109/09/14,"1,113,164","750,537,520",655.00,682.00,655.00,680.00,+20.00,998,6669
109/09/15,"697,546","474,909,256",680.00,688.00,671.00,685.00,+5.00,540,6669
109/09/16,"905,642","632,577,400",688.00,704.00,683.00,699.00,+14.00,877,6669
109/09/17,"619,971","426,481,048",690.00,696.00,683.00,683.00,-16.00,579,6669
109/09/18,"599,231","409,121,773",689.00,689.00,679.00,683.00, 0.00,541,6669
109/09/21,"915,179","639,377,047",680.00,707.00,680.00,692.00,+9.00,874,6669
109/09/22,"820,336","559,190,808",695.00,699.00,672.00,674.00,-18.00,740,6669
109/09/23,"634,419","429,191,825",680.00,683.00,671.00,671.00,-3.00,563,6669
109/09/24,"926,841","611,401,060",660.00,670.00,653.00,655.00,-16.00,885,6669
109/09/25,"1,115,770","728,863,431",662.00,665.00,643.00,645.00,-10.00,611,6669
109/09/28,"1,303,835","881,690,645",654.00,690.00,651.00,688.00,+43.00,"1,212",6669
109/09/29,"1,884,451","1,248,815,706",688.00,691.00,647.00,654.00,-34.00,"1,531",6669
109/09/30,"1,593,413","1,046,579,515",658.00,675.00,645.00,653.00,-1.00,"1,469",6669
109/10/05,"1,736,216","1,170,802,232",659.00,684.00,655.00,681.00,+28.00,"1,589",6669
109/10/06,"1,725,545","1,205,466,315",681.00,712.00,676.00,709.00,+28.00,"1,651",6669
109/10/07,"1,088,759","774,367,685",705.00,717.00,701.00,715.00,+6.00,"1,017",6669
109/10/08,"1,309,401","952,388,933",716.00,735.00,709.00,733.00,+18.00,"1,188",6669
109/10/12,"2,283,782","1,710,156,352",740.00,767.00,722.00,737.00,+4.00,"2,001",6669
109/10/13,"1,217,130","891,354,900",745.00,751.00,721.00,726.00,-11.00,"1,008",6669
109/10/14,"863,710","631,655,040",723.00,741.00,722.00,727.00,+1.00,727,6669
109/10/15,"897,808","656,256,456",730.00,739.00,721.00,735.00,+8.00,867,6669
109/10/16,"1,060,759","761,784,480",735.00,742.00,706.00,710.00,-25.00,984,6669
109/10/19,"624,853","452,109,278",710.00,728.00,710.00,728.00,+18.00,566,6669
109/10/20,"844,557","614,408,952",723.00,740.00,714.00,740.00,+12.00,766,6669
109/10/21,"894,046","653,128,304",740.00,741.00,721.00,721.00,-19.00,823,6669
109/10/22,"2,466,505","1,851,608,275",721.00,763.00,721.00,758.00,+37.00,"2,156",6669
109/10/23,"1,050,000","789,594,000",752.00,763.00,743.00,753.00,-5.00,992,6669
109/10/26,"463,827","346,752,085",755.00,759.00,741.00,746.00,-7.00,461,6669
109/10/27,"430,838","317,918,655",741.00,746.00,734.00,735.00,-11.00,408,6669
109/10/28,"1,192,841","894,067,239",744.00,762.00,734.00,736.00,+1.00,"1,141",6669
109/10/29,"858,241","639,108,661",732.00,752.00,728.00,744.00,+8.00,860,6669
109/10/30,"780,728","572,342,126",745.00,747.00,725.00,727.00,-17.00,781,6669
109/11/02,"791,128","566,254,147",730.00,738.00,702.00,707.00,-20.00,811,6669
109/11/03,"566,382","407,891,681",718.00,727.00,710.00,719.00,+12.00,564,6669
109/11/04,"751,853","540,767,515",720.00,730.00,710.00,721.00,+2.00,677,6669
109/11/05,"874,152","644,018,715",725.00,745.00,721.00,745.00,+24.00,798,6669
109/11/06,"377,132","280,311,001",744.00,753.00,737.00,741.00,-4.00,446,6669
109/11/09,"1,938,567","1,494,656,680",760.00,780.00,754.00,780.00,+39.00,"1,768",6669
109/11/10,"1,779,845","1,395,411,469",780.00,800.00,766.00,788.00,+8.00,"1,719",6669
109/11/11,"2,848,807","2,131,529,483",769.00,777.00,735.00,738.00,-50.00,"2,733",6669
109/11/12,"2,780,200","2,000,035,334",748.00,754.00,698.00,711.00,-27.00,"2,617",6669
109/11/13,"2,218,805","1,545,967,754",710.00,718.00,688.00,697.00,-14.00,"2,291",6669
109/11/16,"2,604,345","1,784,148,248",689.00,693.00,678.00,688.00,-9.00,"2,647",6669
109/11/17,"2,204,877","1,531,307,096",698.00,707.00,687.00,689.00,+1.00,"2,224",6669
109/11/18,"1,424,741","977,583,697",691.00,695.00,681.00,687.00,-2.00,"1,595",6669
109/11/19,"1,135,368","785,423,753",691.00,699.00,686.00,690.00,+3.00,"1,244",6669
109/11/20,"965,443","660,752,607",690.00,690.00,680.00,686.00,-4.00,"1,207",6669
109/11/23,"1,183,642","815,336,965",692.00,696.00,684.00,686.00, 0.00,"1,206",6669
109/11/24,"1,081,531","743,545,851",691.00,692.00,685.00,686.00, 0.00,"1,088",6669
109/11/25,"1,367,532","932,684,476",690.00,694.00,674.00,674.00,-12.00,"1,689",6669
109/11/26,"629,466","429,307,133",678.00,686.00,677.00,682.00,+8.00,738,6669
109/11/27,"1,034,588","705,678,684",681.00,688.00,674.00,688.00,+6.00,"1,175",6669
109/11/30,"1,318,539","901,607,980",695.00,695.00,678.00,682.00,-6.00,"1,232",6669
109/12/01,"770,776","524,468,093",686.00,686.00,678.00,678.00,-4.00,762,6669
109/12/02,"1,559,134","1,047,416,335",684.00,684.00,665.00,668.00,-10.00,"1,629",6669
109/12/03,"987,696","662,715,251",668.00,678.00,666.00,666.00,-2.00,"1,183",6669
109/12/04,"861,936","574,757,383",670.00,678.00,658.00,673.00,+7.00,"1,170",6669
109/12/07,"1,206,605","828,328,575",679.00,692.00,677.00,692.00,+19.00,"1,345",6669
109/12/08,"974,548","675,749,807",695.00,696.00,688.00,696.00,+4.00,"1,087",6669
109/12/09,"936,732","647,235,370",697.00,700.00,685.00,691.00,-5.00,"1,027",6669
109/12/10,"726,954","495,822,996",686.00,689.00,678.00,679.00,-12.00,889,6669
109/12/11,"721,530","494,849,314",686.00,692.00,680.00,688.00,+9.00,797,6669
109/12/14,"1,711,047","1,203,185,677",693.00,713.00,688.00,703.00,+15.00,"1,901",6669
109/12/15,"1,075,520","748,274,538",708.00,711.00,689.00,690.00,-13.00,"1,177",6669
109/12/16,"1,054,071","733,356,084",694.00,705.00,683.00,701.00,+11.00,"1,067",6669
109/12/17,"795,640","560,315,612",709.00,709.00,698.00,705.00,+4.00,837,6669
109/12/18,"1,876,224","1,343,529,068",714.00,732.00,703.00,703.00,-2.00,"1,895",6669
109/12/21,"639,280","444,869,059",703.00,712.00,691.00,693.00,-10.00,693,6669
109/12/22,"511,459","354,377,365",699.00,699.00,686.00,686.00,-7.00,548,6669
109/12/23,"381,366","263,667,437",686.00,700.00,681.00,697.00,+11.00,447,6669
109/12/24,"413,348","289,778,291",706.00,706.00,694.00,700.00,+3.00,457,6669
109/12/25,"333,221","232,535,221",702.00,705.00,692.00,693.00,-7.00,417,6669
109/12/28,"554,467","385,581,594",693.00,705.00,690.00,692.00,-1.00,765,6669
109/12/29,"411,979","285,012,454",695.00,700.00,687.00,689.00,-3.00,485,6669
109/12/30,"1,040,349","731,327,999",689.00,710.00,689.00,705.00,+16.00,"1,139",6669
109/12/31,"703,181","496,420,710",712.00,715.00,700.00,704.00,-1.00,775,6669
110/01/04,"867,017","605,245,926",702.00,707.00,693.00,695.00,-9.00,988,6669
110/01/05,"706,703","489,352,947",691.00,699.00,688.00,694.00,-1.00,814,6669
110/01/06,"1,615,126","1,124,469,737",698.00,708.00,689.00,689.00,-5.00,"1,844",6669
110/01/07,"1,048,973","718,686,413",695.00,695.00,682.00,683.00,-6.00,"1,173",6669
110/01/08,"4,402,000","3,159,606,788",690.00,737.00,686.00,735.00,+52.00,"4,244",6669
110/01/11,"2,378,087","1,676,974,952",725.00,729.00,695.00,707.00,-28.00,"2,402",6669
110/01/12,"2,637,795","1,903,758,019",711.00,739.00,708.00,712.00,+5.00,"2,500",6669
110/01/13,"3,733,127","2,801,631,928",727.00,763.00,722.00,763.00,+51.00,"3,815",6669
110/01/14,"2,927,729","2,272,344,093",768.00,794.00,765.00,767.00,+4.00,"2,692",6669
110/01/15,"1,119,804","861,807,112",780.00,781.00,761.00,767.00, 0.00,"1,273",6669
110/01/18,"1,422,952","1,105,999,238",772.00,797.00,740.00,789.00,+22.00,"1,860",6669
110/01/19,"1,695,700","1,366,875,804",800.00,819.00,797.00,802.00,+13.00,"1,934",6669
110/01/20,"3,900,877","3,218,817,954",850.00,875.00,822.00,833.00,+31.00,"3,526",6669
110/01/21,"4,434,402","3,918,194,116",861.00,912.00,860.00,894.00,+61.00,"4,382",6669
110/01/22,"2,033,421","1,792,386,839",894.00,902.00,864.00,868.00,-26.00,"2,483",6669
110/01/25,"1,306,221","1,114,160,348",874.00,877.00,841.00,851.00,-17.00,"1,593",6669
110/01/26,"1,255,238","1,057,170,136",861.00,871.00,826.00,836.00,-15.00,"1,765",6669
110/01/27,"696,392","589,094,717",849.00,857.00,834.00,842.00,+6.00,814,6669
110/01/28,"1,219,684","1,021,800,835",824.00,854.00,818.00,836.00,-6.00,"1,324",6669
110/01/29,"1,469,833","1,226,224,058",850.00,859.00,822.00,826.00,-10.00,"1,499",6669
110/02/01,"1,143,407","942,266,858",828.00,833.00,813.00,829.00,+3.00,"1,146",6669
110/02/02,"1,573,475","1,311,958,263",834.00,855.00,821.00,828.00,-1.00,"1,731",6669
110/02/03,"1,312,079","1,105,287,136",838.00,852.00,833.00,843.00,+15.00,"1,309",6669
110/02/04,"1,692,172","1,455,563,052",847.00,873.00,844.00,865.00,+22.00,"1,877",6669
110/02/05,"1,100,724","959,619,865",886.00,886.00,862.00,872.00,+7.00,"1,278",6669
110/02/17,"1,793,520","1,582,552,474",872.00,896.00,857.00,892.00,+20.00,"1,913",6669
110/02/18,"807,627","710,244,577",892.00,892.00,874.00,876.00,-16.00,977,6669
110/02/19,"838,693","717,345,023",873.00,876.00,848.00,851.00,-25.00,"1,115",6669
110/02/22,"592,069","501,546,609",856.00,863.00,841.00,843.00,-8.00,738,6669
110/02/23,"759,306","644,650,588",847.00,858.00,843.00,850.00,+7.00,884,6669
110/02/24,"765,955","640,171,543",857.00,857.00,827.00,827.00,-23.00,"1,025",6669
110/02/25,"444,174","370,014,821",837.00,842.00,826.00,837.00,+10.00,558,6669
110/02/26,"1,295,637","1,046,628,383",828.00,833.00,801.00,804.00,-33.00,"1,913",6669
110/03/02,"914,983","758,557,470",819.00,840.00,810.00,828.00,+24.00,"1,059",6669
110/03/03,"764,904","643,720,200",827.00,853.00,815.00,852.00,+24.00,886,6669
110/03/04,"806,222","682,059,494",839.00,861.00,834.00,850.00,-2.00,892,6669
110/03/05,"489,746","410,140,449",835.00,849.00,828.00,832.00,-18.00,604,6669
110/03/08,"698,878","591,188,714",840.00,860.00,836.00,837.00,+5.00,901,6669
110/03/09,"849,281","697,554,286",845.00,849.00,810.00,810.00,-27.00,987,6669
110/03/10,"569,151","473,318,633",820.00,843.00,820.00,832.00,+22.00,633,6669
110/03/11,"1,036,778","894,487,920",840.00,885.00,840.00,883.00,+51.00,"1,280",6669
110/03/12,"936,521","826,402,653",886.00,895.00,869.00,883.00, 0.00,"1,082",6669
110/03/15,"942,200","839,644,549",892.00,905.00,881.00,890.00,+7.00,"1,013",6669
110/03/16,"1,078,650","964,950,656",902.00,909.00,882.00,882.00,-8.00,"1,065",6669
110/03/17,"811,367","697,316,163",877.00,888.00,847.00,851.00,-31.00,"1,131",6669
110/03/18,"512,383","439,830,943",859.00,871.00,850.00,854.00,+3.00,608,6669
110/03/19,"433,278","361,609,971",849.00,849.00,828.00,835.00,-19.00,665,6669
110/03/22,"289,611","241,647,683",827.00,845.00,827.00,831.00,-4.00,356,6669
110/03/23,"254,671","212,198,389",831.00,842.00,827.00,838.00,+7.00,352,6669
110/03/24,"189,398","157,577,222",834.00,838.00,828.00,829.00,-9.00,256,6669
110/03/25,"321,144","267,231,736",829.00,837.00,825.00,837.00,+8.00,413,6669
110/03/26,"353,517","296,469,959",837.00,844.00,833.00,837.00, 0.00,679,6669
110/03/29,"479,794","408,502,350",843.00,861.00,840.00,852.00,+15.00,576,6669
110/03/30,"252,935","214,926,468",860.00,860.00,843.00,850.00,-2.00,354,6669
110/03/31,"150,348","127,284,695",850.00,853.00,843.00,843.00,-7.00,225,6669
110/04/01,"188,713","159,379,382",848.00,849.00,840.00,845.00,+2.00,234,6669
110/04/06,"459,478","393,224,727",853.00,869.00,846.00,849.00,+4.00,807,6669
110/04/07,"550,680","461,388,771",846.00,853.00,830.00,835.00,-14.00,762,6669
110/04/08,"440,893","374,255,077",834.00,858.00,834.00,858.00,+23.00,581,6669
110/04/09,"973,268","814,492,370",866.00,866.00,830.00,830.00,-28.00,"1,158",6669
110/04/12,"338,507","280,006,873",832.00,837.00,822.00,822.00,-8.00,521,6669
110/04/13,"276,422","228,106,546",822.00,832.00,821.00,821.00,-1.00,380,6669
110/04/14,"240,239","198,057,506",825.00,831.00,816.00,826.00,+5.00,412,6669
110/04/15,"582,874","493,364,227",846.00,856.00,838.00,842.00,+16.00,666,6669
110/04/16,"1,449,805","1,271,050,662",856.00,889.00,852.00,878.00,+36.00,"1,999",6669
110/04/19,"362,675","315,006,591",878.00,878.00,863.00,868.00,-10.00,507,6669
110/04/20,"318,144","275,801,209",862.00,877.00,854.00,866.00,-2.00,425,6669
110/04/21,"352,461","304,201,423",862.00,875.00,858.00,858.00,-8.00,428,6669
110/04/22,"431,851","371,519,824",866.00,873.00,852.00,854.00,-4.00,556,6669
110/04/23,"991,236","871,927,238",868.00,890.00,851.00,890.00,+36.00,"1,199",6669
110/04/26,"630,409","557,321,303",899.00,899.00,873.00,882.00,-8.00,827,6669
110/04/27,"501,684","444,728,727",882.00,897.00,874.00,884.00,+2.00,635,6669
110/04/28,"779,766","675,837,426",890.00,890.00,858.00,861.00,-23.00,939,6669
110/04/29,"1,723,758","1,558,699,427",861.00,925.00,861.00,914.00,+53.00,"2,201",6669
110/05/03,"1,160,208","1,052,636,541",918.00,928.00,871.00,906.00,-8.00,"1,442",6669
110/05/04,"2,507,888","2,366,032,579",915.00,978.00,901.00,929.00,+23.00,"2,930",6669
110/05/05,"1,829,143","1,726,694,213",930.00,968.00,914.00,931.00,+2.00,"2,152",6669
110/05/06,"1,153,493","1,052,059,052",932.00,936.00,896.00,905.00,-26.00,"1,367",6669
110/05/07,"980,666","922,873,208",911.00,955.00,911.00,944.00,+39.00,"1,162",6669
110/05/10,"1,140,896","1,070,282,602",973.00,973.00,910.00,913.00,-31.00,"1,401",6669
110/05/11,"1,229,289","1,075,970,754",905.00,912.00,854.00,872.00,-41.00,"1,606",6669
110/05/12,"1,346,653","1,149,540,060",862.00,896.00,801.00,852.00,-20.00,"1,510",6669
110/05/13,"839,559","701,272,136",863.00,863.00,818.00,823.00,-29.00,959,6669
110/05/14,"805,591","661,607,536",832.00,844.00,801.00,808.00,-15.00,"1,028",6669
110/05/17,"744,044","580,322,119",780.00,804.00,762.00,783.00,-25.00,"1,064",6669
110/05/18,"727,399","586,625,158",799.00,823.00,796.00,814.00,+31.00,869,6669
110/05/19,"409,242","326,423,054",800.00,805.00,791.00,796.00,-18.00,716,6669
110/05/20,"789,162","648,463,081",807.00,836.00,802.00,827.00,+31.00,916,6669
110/05/21,"547,329","458,478,485",830.00,855.00,829.00,835.00,+8.00,595,6669
110/05/24,"350,710","294,231,734",830.00,850.00,829.00,848.00,+13.00,429,6669
110/05/25,"1,053,624","926,332,834",851.00,906.00,843.00,893.00,+45.00,"1,275",6669
110/05/26,"538,267","480,384,137",890.00,918.00,878.00,889.00,-4.00,738,6669
110/05/27,"726,706","656,453,032",880.00,915.00,870.00,915.00,+26.00,852,6669
110/05/28,"612,006","556,630,269",924.00,925.00,899.00,909.00,-6.00,599,6669
110/05/31,"655,624","608,248,239",910.00,938.00,910.00,931.00,+22.00,790,6669
110/06/01,"303,897","279,229,486",931.00,938.00,909.00,912.00,-19.00,435,6669
110/06/02,"343,499","313,230,351",926.00,926.00,902.00,906.00,-6.00,462,6669
110/06/03,"321,233","291,781,299",906.00,917.00,900.00,906.00, 0.00,273,6669
110/06/04,"378,661","338,962,102",887.00,911.00,882.00,892.00,-14.00,491,6669
110/06/07,"279,281","249,388,864",901.00,910.00,873.00,898.00,+6.00,395,6669
110/06/08,"160,372","143,943,688",911.00,913.00,893.00,893.00,-5.00,267,6669
110/06/09,"699,343","643,643,212",910.00,928.00,907.00,926.00,+33.00,817,6669
110/06/10,"461,007","430,722,890",927.00,950.00,919.00,928.00,+2.00,595,6669
110/06/11,"1,170,985","1,122,145,525",943.00,976.00,931.00,955.00,+27.00,"1,396",6669
110/06/15,"2,311,006","2,335,321,671",971.00,"1,050.00",968.00,992.00,+37.00,"2,623",6669
110/06/16,"2,037,500","2,124,839,000","1,000.00","1,090.00",989.00,"1,020.00",+28.00,"2,284",6669
110/06/17,"1,445,612","1,426,253,628","1,005.00","1,025.00",973.00,976.00,-44.00,"1,820",6669
110/06/18,"1,223,244","1,188,852,650",982.00,"1,005.00",961.00,961.00,-15.00,"1,028",6669
110/06/21,"894,349","868,492,910",952.00,994.00,945.00,978.00,+17.00,"1,049",6669
110/06/22,"640,188","615,087,788",974.00,985.00,947.00,956.00,-22.00,851,6669
110/06/23,"499,323","484,495,268",961.00,982.00,947.00,970.00,+14.00,654,6669
110/06/24,"695,098","688,068,634",980.00,"1,005.00",976.00,995.00,+25.00,854,6669
110/06/25,"544,070","541,640,451","1,010.00","1,010.00",984.00,990.00,-5.00,585,6669
110/06/28,"567,597","555,502,883",988.00,"1,005.00",969.00,983.00,-7.00,542,6669
110/06/29,"421,490","418,324,883",996.00,"1,005.00",978.00,991.00,+8.00,548,6669
110/06/30,"331,199","330,073,712","1,005.00","1,005.00",983.00,997.00,+6.00,356,6669
110/07/01,"283,980","279,162,782","1,000.00","1,000.00",976.00,976.00,-21.00,409,6669
110/07/02,"570,705","569,298,588",970.00,"1,020.00",970.00,"1,005.00",+29.00,684,6669
110/07/05,"737,734","762,389,700","1,010.00","1,060.00","1,000.00","1,040.00",+35.00,936,6669
110/07/06,"391,808","403,595,820","1,055.00","1,055.00","1,010.00","1,030.00",-10.00,556,6669
110/07/07,"468,884","491,123,390","1,030.00","1,060.00","1,015.00","1,050.00",+20.00,591,6669
110/07/08,"578,115","610,925,675","1,050.00","1,080.00","1,040.00","1,055.00",+5.00,653,6669
110/07/09,"1,523,146","1,549,470,063","1,020.00","1,055.00",985.00,"1,045.00",-10.00,"1,640",6669
110/07/12,"388,333","414,802,880","1,060.00","1,085.00","1,045.00","1,065.00",+20.00,575,6669
110/07/13,"715,293","788,232,950","1,080.00","1,120.00","1,070.00","1,105.00",+40.00,936,6669
110/07/14,"577,485","647,608,475","1,095.00","1,150.00","1,090.00","1,110.00",+5.00,779,6669
110/07/15,"1,461,028","1,489,975,680","1,060.00","1,060.00",999.00,"1,015.00",-95.00,"1,953",6669
110/07/16,"423,888","428,765,418","1,005.00","1,025.00",984.00,"1,025.00",+10.00,596,6669
110/07/19,"417,039","426,675,670","1,030.00","1,045.00","1,005.00","1,015.00",-10.00,536,6669
110/07/20,"850,872","840,078,412","1,005.00","1,015.00",973.00,981.00,-34.00,"1,322",6669
110/07/21,"682,368","668,282,693",999.00,"1,000.00",959.00,985.00,+4.00,"1,038",6669
110/07/22,"564,798","551,424,292",999.00,999.00,968.00,976.00,-9.00,883,6669
110/07/23,"359,652","341,996,722",953.00,966.00,944.00,945.00,X0.00,736,6669
110/07/26,"749,053","697,308,644",955.00,955.00,921.00,936.00,-9.00,913,6669
110/07/27,"756,862","705,308,506",945.00,954.00,918.00,933.00,-3.00,873,6669
110/07/28,"900,350","814,035,849",933.00,938.00,890.00,901.00,-32.00,"1,140",6669
110/07/29,"716,233","669,346,387",910.00,945.00,905.00,940.00,+39.00,882,6669
110/07/30,"407,418","380,265,933",941.00,947.00,922.00,937.00,-3.00,532,6669
110/08/02,"292,276","271,027,408",943.00,943.00,920.00,930.00,-7.00,438,6669
110/08/03,"464,375","437,401,495",930.00,953.00,930.00,943.00,+13.00,556,6669
110/08/04,"627,531","586,831,298",943.00,945.00,928.00,930.00,-13.00,768,6669
110/08/05,"697,169","637,188,744",925.00,927.00,906.00,916.00,-14.00,935,6669
110/08/06,"373,151","342,888,529",911.00,930.00,911.00,916.00, 0.00,525,6669
110/08/09,"427,449","392,689,322",918.00,937.00,901.00,910.00,-6.00,559,6669
110/08/10,"302,196","275,160,930",910.00,918.00,905.00,908.00,-2.00,405,6669
110/08/11,"354,863","319,010,291",914.00,915.00,888.00,895.00,-13.00,645,6669
110/08/12,"576,679","505,868,035",900.00,900.00,864.00,880.00,-15.00,923,6669
110/08/13,"660,836","572,793,417",876.00,884.00,857.00,859.00,-21.00,913,6669
110/08/16,"426,798","366,081,876",868.00,875.00,844.00,859.00, 0.00,588,6669
110/08/17,"283,740","240,833,934",860.00,862.00,837.00,837.00,-22.00,463,6669
110/08/18,"533,567","455,931,942",837.00,873.00,827.00,866.00,+29.00,677,6669
110/08/19,"982,783","860,781,121",870.00,889.00,853.00,889.00,+23.00,"1,112",6669
110/08/20,"1,178,398","1,084,059,785",892.00,950.00,876.00,917.00,+28.00,"1,433",6669
110/08/23,"554,073","518,941,600",920.00,952.00,910.00,943.00,+26.00,782,6669
110/08/24,"502,800","477,339,698",950.00,957.00,936.00,949.00,+6.00,771,6669
110/08/25,"329,522","316,942,918",951.00,972.00,947.00,960.00,+11.00,531,6669
110/08/26,"367,122","346,518,486",951.00,956.00,928.00,943.00,-17.00,578,6669
110/08/27,"132,651","126,361,211",951.00,958.00,943.00,953.00,+10.00,283,6669
110/08/30,"531,338","518,852,501",964.00,988.00,951.00,983.00,+30.00,737,6669
110/08/31,"425,493","413,578,158",983.00,989.00,960.00,970.00,-13.00,553,6669
110/09/01,"228,614","222,099,264",971.00,984.00,961.00,968.00,-2.00,330,6669
110/09/02,"261,310","255,953,722",966.00,985.00,966.00,984.00,+16.00,376,6669
110/09/03,"253,427","247,672,642",976.00,987.00,962.00,974.00,-10.00,382,6669
110/09/06,"225,473","221,292,763",984.00,995.00,963.00,963.00,-11.00,385,6669
110/09/07,"393,975","376,295,402",970.00,974.00,936.00,954.00,-9.00,468,6669
110/09/08,"367,272","345,981,929",950.00,967.00,932.00,935.00,-19.00,437,6669
110/09/09,"889,626","805,928,907",915.00,915.00,894.00,908.00,-27.00,996,6669
110/09/10,"473,206","425,779,423",903.00,912.00,895.00,898.00,-10.00,591,6669
110/09/13,"641,562","567,304,492",899.00,900.00,872.00,890.00,-8.00,827,6669
110/09/14,"218,739","195,091,032",892.00,904.00,883.00,892.00,+2.00,281,6669
110/09/15,"400,794","359,215,671",887.00,917.00,886.00,901.00,+9.00,449,6669
110/09/16,"380,336","342,142,553",900.00,914.00,887.00,907.00,+6.00,498,6669
110/09/17,"710,685","656,771,317",912.00,933.00,908.00,930.00,+23.00,742,6669
110/09/22,"277,084","252,487,022",914.00,929.00,904.00,914.00,-16.00,399,6669
110/09/23,"739,804","706,320,504",955.00,962.00,932.00,955.00,+41.00,934,6669
110/09/24,"492,983","478,795,932",963.00,978.00,963.00,969.00,+14.00,644,6669
110/09/27,"540,224","514,022,021",964.00,972.00,938.00,950.00,-19.00,679,6669
110/09/28,"322,775","301,512,465",943.00,947.00,921.00,938.00,-12.00,400,6669
110/09/29,"450,154","410,807,350",933.00,936.00,903.00,906.00,-32.00,568,6669
110/09/30,"1,415,866","1,237,131,517",903.00,907.00,863.00,870.00,-36.00,"1,499",6669
110/10/01,"590,798","504,894,003",860.00,866.00,840.00,855.00,-15.00,893,6669
110/10/04,"408,552","341,623,533",855.00,861.00,828.00,828.00,-27.00,629,6669
110/10/05,"478,098","392,720,368",828.00,833.00,799.00,833.00,+5.00,616,6669
110/10/06,"616,239","496,682,339",834.00,835.00,795.00,795.00,-38.00,941,6669
110/10/07,"655,655","534,119,686",800.00,824.00,798.00,815.00,+20.00,544,6669
110/10/08,"444,429","367,634,069",823.00,837.00,811.00,827.00,+12.00,522,6669
110/10/12,"529,938","435,097,742",819.00,835.00,810.00,823.00,-4.00,586,6669
110/10/13,"259,048","208,723,276",834.00,834.00,799.00,801.00,-22.00,371,6669
110/10/14,"268,081","217,019,025",813.00,822.00,795.00,808.00,+7.00,348,6669
110/10/15,"1,206,784","944,530,154",800.00,805.00,771.00,781.00,-27.00,"1,842",6669
110/10/18,"715,722","556,733,581",775.00,800.00,759.00,784.00,+3.00,"1,000",6669
110/10/19,"657,763","528,459,844",784.00,814.00,781.00,808.00,+24.00,819,6669
110/10/20,"271,499","220,276,477",808.00,820.00,808.00,810.00,+2.00,329,6669
110/10/21,"375,980","305,419,754",810.00,823.00,801.00,806.00,-4.00,487,6669
110/10/22,"383,346","310,953,712",795.00,818.00,795.00,810.00,+4.00,468,6669
110/10/25,"243,827","197,598,662",811.00,817.00,800.00,812.00,+2.00,362,6669
110/10/26,"1,284,993","1,107,748,293",838.00,882.00,836.00,864.00,+52.00,"1,677",6669
110/10/27,"699,086","595,725,622",852.00,865.00,842.00,850.00,-14.00,760,6669
110/10/28,"632,039","547,785,265",858.00,880.00,846.00,868.00,+18.00,730,6669
110/10/29,"815,954","718,374,376",868.00,889.00,854.00,889.00,+21.00,882,6669
110/11/01,"840,640","769,327,423",881.00,928.00,881.00,928.00,+39.00,"1,181",6669
110/11/02,"759,255","678,181,482",910.00,930.00,875.00,886.00,-42.00,"1,115",6669
110/11/03,"792,342","684,003,445",898.00,898.00,844.00,867.00,-19.00,"1,845",6669
110/11/04,"1,364,252","1,239,848,215",895.00,924.00,888.00,905.00,+38.00,"1,594",6669
110/11/05,"1,038,118","962,998,671",903.00,944.00,900.00,939.00,+34.00,"1,360",6669
110/11/08,"6,025,567","5,258,676,549",898.00,920.00,880.00,910.00,-29.00,"2,367",6669
110/11/09,"1,698,478","1,573,683,096",905.00,948.00,899.00,941.00,+31.00,"1,898",6669
110/11/10,"982,237","919,412,313",927.00,949.00,921.00,944.00,+3.00,"1,092",6669
110/11/11,"652,764","617,325,362",928.00,953.00,928.00,950.00,+6.00,706,6669
110/11/12,"809,899","776,792,334",944.00,966.00,944.00,960.00,+10.00,945,6669
110/11/15,"1,039,829","1,008,385,660",960.00,986.00,951.00,971.00,+11.00,"1,228",6669
110/11/16,"935,700","922,221,101",963.00,998.00,962.00,977.00,+6.00,"1,448",6669
110/11/17,"1,053,325","1,051,510,322",984.00,"1,010.00",976.00,"1,010.00",+33.00,"1,269",6669
110/11/18,"585,997","582,841,372","1,015.00","1,015.00",980.00,984.00,-26.00,994,6669
110/11/19,"939,035","955,229,260",999.00,"1,030.00",999.00,"1,010.00",+26.00,"1,144",6669
110/11/22,"1,070,575","1,109,687,385","1,005.00","1,055.00","1,000.00","1,030.00",+20.00,"1,268",6669
110/11/23,"1,199,843","1,199,036,039","1,030.00","1,035.00",985.00,993.00,-37.00,"1,461",6669
110/11/24,"603,633","602,309,986","1,000.00","1,010.00",987.00,990.00,-3.00,443,6669
110/11/25,"392,931","388,422,536",995.00,"1,005.00",981.00,982.00,-8.00,571,6669
110/11/26,"372,702","367,712,988",985.00,997.00,975.00,989.00,+7.00,553,6669
110/11/29,"671,865","679,724,350",980.00,"1,030.00",975.00,"1,020.00",+31.00,897,6669
110/11/30,"1,608,007","1,690,736,340","1,040.00","1,080.00","1,030.00","1,050.00",+30.00,"1,532",6669
110/12/01,"584,783","596,007,900","1,030.00","1,030.00","1,005.00","1,020.00",-30.00,719,6669
110/12/02,"758,399","764,512,844","1,015.00","1,040.00",989.00,"1,020.00", 0.00,"1,383",6669
110/12/03,"651,970","655,620,092","1,025.00","1,045.00",995.00,998.00,-22.00,760,6669
110/12/06,"859,888","854,766,550",998.00,"1,000.00",986.00,995.00,-3.00,801,6669
110/12/07,"803,609","807,710,942",993.00,"1,020.00",991.00,"1,010.00",+15.00,672,6669
110/12/08,"1,148,671","1,206,971,550","1,055.00","1,075.00","1,030.00","1,050.00",+40.00,"1,173",6669
110/12/09,"1,130,672","1,204,829,025","1,060.00","1,080.00","1,045.00","1,080.00",+30.00,"1,241",6669
110/12/10,"652,386","697,584,250","1,090.00","1,095.00","1,050.00","1,065.00",-15.00,812,6669
110/12/13,"376,029","405,967,305","1,075.00","1,095.00","1,065.00","1,080.00",+15.00,533,6669
110/12/14,"727,205","780,902,405","1,075.00","1,095.00","1,055.00","1,070.00",-10.00,872,6669
110/12/15,"502,956","531,121,825","1,070.00","1,075.00","1,045.00","1,055.00",-15.00,639,6669
110/12/16,"977,991","1,036,296,250","1,070.00","1,085.00","1,045.00","1,055.00", 0.00,975,6669
110/12/17,"385,786","406,973,900","1,045.00","1,065.00","1,045.00","1,065.00",+10.00,483,6669
110/12/20,"435,560","449,675,585","1,060.00","1,060.00","1,025.00","1,025.00",-40.00,519,6669
110/12/21,"606,151","643,253,760","1,035.00","1,080.00","1,030.00","1,075.00",+50.00,641,6669
110/12/22,"760,283","833,579,710","1,090.00","1,115.00","1,075.00","1,110.00",+35.00,924,6669
110/12/23,"496,763","553,751,800","1,120.00","1,125.00","1,095.00","1,115.00",+5.00,655,6669
110/12/24,"175,713","196,129,645","1,125.00","1,130.00","1,105.00","1,110.00",-5.00,275,6669
110/12/27,"263,896","296,925,570","1,110.00","1,135.00","1,110.00","1,125.00",+15.00,398,6669
110/12/28,"365,590","403,906,500","1,135.00","1,135.00","1,090.00","1,110.00",-15.00,508,6669
110/12/29,"203,290","225,514,945","1,110.00","1,120.00","1,100.00","1,110.00", 0.00,304,6669
110/12/30,"218,402","242,876,785","1,110.00","1,120.00","1,100.00","1,115.00",+5.00,249,6669
111/01/03,"334,824","367,552,775","1,115.00","1,125.00","1,080.00","1,090.00",-25.00,436,6669
111/01/04,"597,505","670,308,576","1,120.00","1,135.00","1,100.00","1,135.00",+45.00,704,6669
111/01/05,"550,341","609,912,225","1,115.00","1,125.00","1,095.00","1,115.00",-20.00,628,6669
111/01/06,"846,981","895,173,655","1,090.00","1,095.00","1,035.00","1,040.00",-75.00,"1,318",6669
111/01/07,"923,990","974,608,691","1,055.00","1,070.00","1,030.00","1,065.00",+25.00,813,6669
111/01/10,"813,717","886,363,705","1,075.00","1,110.00","1,065.00","1,110.00",+45.00,858,6669
111/01/11,"1,086,768","1,197,575,825","1,095.00","1,120.00","1,070.00","1,120.00",+10.00,"1,112",6669
111/01/12,"526,358","579,314,775","1,120.00","1,120.00","1,085.00","1,100.00",-20.00,595,6669
111/01/13,"413,933","449,296,750","1,120.00","1,120.00","1,065.00","1,085.00",-15.00,489,6669
111/01/14,"668,666","705,253,445","1,070.00","1,075.00","1,040.00","1,060.00",-25.00,734,6669
111/01/17,"623,624","667,568,090","1,065.00","1,090.00","1,055.00","1,075.00",+15.00,702,6669
111/01/18,"397,967","432,771,325","1,075.00","1,100.00","1,070.00","1,085.00",+10.00,468,6669
111/01/19,"999,999","1,075,495,330","1,060.00","1,095.00","1,035.00","1,085.00", 0.00,997,6669
111/01/20,"1,383,794","1,429,889,221","1,085.00","1,090.00","1,005.00","1,010.00",-75.00,"1,682",6669
111/01/21,"821,366","838,392,295","1,010.00","1,030.00","1,005.00","1,015.00",+5.00,872,6669
111/01/24,"546,228","548,731,033","1,005.00","1,020.00",985.00,"1,020.00",+5.00,677,6669
111/01/25,"672,964","665,857,787","1,005.00","1,010.00",983.00,985.00,-35.00,"1,016",6669
111/01/26,"357,896","358,518,975",995.00,"1,010.00",992.00,996.00,+11.00,518,6669
111/02/07,"582,265","571,419,343",996.00,996.00,966.00,978.00,-18.00,785,6669
111/02/08,"363,554","358,241,801",991.00,994.00,980.00,985.00,+7.00,439,6669
111/02/09,"814,351","802,832,073",980.00,999.00,961.00,987.00,+2.00,807,6669
111/02/10,"617,973","612,807,201",996.00,"1,005.00",974.00,997.00,+10.00,642,6669
111/02/11,"663,273","663,425,234",997.00,"1,015.00",983.00,"1,005.00",+8.00,650,6669
111/02/14,"401,840","399,996,670","1,005.00","1,010.00",989.00,989.00,-16.00,504,6669
111/02/15,"394,607","400,286,120",999.00,"1,020.00",998.00,"1,020.00",+31.00,438,6669
111/02/16,"528,951","549,348,885","1,025.00","1,055.00","1,025.00","1,045.00",+25.00,634,6669
111/02/17,"449,354","467,831,830","1,040.00","1,055.00","1,030.00","1,045.00", 0.00,527,6669
111/02/18,"275,165","285,359,395","1,035.00","1,050.00","1,025.00","1,045.00", 0.00,314,6669
111/02/21,"193,092","195,871,360","1,030.00","1,030.00","1,005.00","1,005.00",-40.00,311,6669
111/02/22,"359,058","357,560,884","1,000.00","1,010.00",988.00,"1,000.00",-5.00,458,6669
111/02/23,"203,355","203,511,740","1,015.00","1,015.00",995.00,995.00,-5.00,371,6669
111/02/24,"329,814","324,901,437",995.00,"1,000.00",974.00,977.00,-18.00,776,6669
111/02/25,"355,160","349,336,618",985.00,991.00,975.00,987.00,+10.00,433,6669
111/03/01,"939,389","914,632,730",980.00,990.00,967.00,969.00,-18.00,"1,276",6669
111/03/02,"505,110","487,481,157",970.00,970.00,956.00,964.00,-5.00,459,6669
111/03/03,"665,881","628,736,644",970.00,970.00,930.00,933.00,-31.00,"1,184",6669
111/03/04,"480,446","444,343,848",925.00,935.00,916.00,924.00,-9.00,710,6669
111/03/07,"770,876","699,479,641",907.00,920.00,903.00,909.00,-15.00,996,6669
111/03/08,"752,228","675,986,304",888.00,917.00,888.00,897.00,-12.00,"1,024",6669
111/03/09,"845,102","795,123,577",924.00,953.00,919.00,951.00,+54.00,964,6669
111/03/10,"665,576","639,906,456",960.00,972.00,954.00,954.00,+3.00,811,6669
111/03/11,"486,170","467,086,178",949.00,967.00,945.00,964.00,+10.00,522,6669
111/03/14,"664,453","658,214,123",968.00,"1,030.00",968.00,"1,030.00",+66.00,823,6669
111/03/15,"1,003,605","967,926,000","1,000.00","1,000.00",942.00,945.00,-85.00,"1,218",6669
111/03/16,"587,357","554,068,827",945.00,958.00,931.00,956.00,+11.00,"1,078",6669
111/03/17,"831,787","837,828,983",984.00,"1,020.00",977.00,"1,010.00",+54.00,"1,123",6669
111/03/18,"445,882","448,090,037","1,015.00","1,015.00",998.00,"1,005.00",-5.00,407,6669
111/03/21,"9,029,077","8,305,375,347",942.00,952.00,933.00,937.00,-68.00,"1,544",6669
111/03/22,"2,001,890","1,852,988,016",929.00,941.00,905.00,921.00,-16.00,"2,207",6669
111/03/23,"2,135,356","2,024,412,720",930.00,964.00,928.00,958.00,+37.00,"2,041",6669
111/03/24,"1,595,589","1,494,474,722",950.00,965.00,922.00,942.00,-16.00,"1,332",6669
111/03/25,"857,902","813,115,359",945.00,956.00,934.00,948.00,+6.00,937,6669
111/03/28,"770,771","711,054,305",938.00,941.00,917.00,920.00,-28.00,947,6669
111/03/29,"645,059","604,858,457",922.00,949.00,921.00,944.00,+24.00,706,6669
111/03/30,"1,461,696","1,435,169,737",976.00,"1,010.00",973.00,"1,005.00",+61.00,"1,703",6669
111/03/31,"875,870","861,080,472","1,010.00","1,020.00",985.00,"1,020.00",+15.00,815,6669
111/04/01,"866,341","854,019,936","1,000.00","1,000.00",977.00,990.00,-30.00,929,6669
111/04/06,"342,929","340,293,469",980.00,999.00,979.00,992.00,+2.00,425,6669
111/04/07,"804,184","794,277,718",982.00,"1,000.00",970.00,988.00,-4.00,868,6669
111/04/08,"898,375","883,460,848",998.00,"1,005.00",969.00,972.00,-16.00,955,6669
111/04/11,"1,177,544","1,156,870,565","1,015.00","1,035.00",953.00,960.00,-12.00,"1,303",6669
111/04/12,"410,505","398,946,505",954.00,979.00,953.00,973.00,+13.00,468,6669
111/04/13,"321,810","313,105,330",980.00,983.00,958.00,983.00,+10.00,438,6669
111/04/14,"398,021","385,987,270",980.00,"1,005.00",980.00,996.00,+13.00,422,6669
111/04/15,"277,744","269,749,843",991.00,998.00,961.00,962.00,-34.00,409,6669
111/04/18,"137,687","134,247,138",960.00,982.00,960.00,974.00,+12.00,235,6669
111/04/19,"380,211","379,375,901",988.00,"1,005.00",988.00,996.00,+22.00,468,6669
111/04/20,"801,950","820,531,065","1,000.00","1,040.00",997.00,"1,030.00",+34.00,"1,117",6669
111/04/21,"638,415","647,105,885","1,020.00","1,030.00",998.00,"1,015.00",-15.00,616,6669
111/04/22,"874,356","864,506,836",999.00,999.00,970.00,980.00,-35.00,896,6669
111/04/25,"502,352","484,610,583",960.00,974.00,955.00,967.00,-13.00,639,6669
111/04/26,"667,350","660,279,496",980.00,"1,010.00",976.00,998.00,+31.00,720,6669
111/04/27,"920,698","904,348,020",990.00,990.00,966.00,975.00,-23.00,750,6669
111/04/28,"832,171","828,065,928",988.00,"1,005.00",974.00,"1,005.00",+30.00,945,6669
111/04/29,"623,515","634,561,415","1,020.00","1,035.00","1,010.00","1,020.00",+15.00,695,6669
111/05/03,"370,383","379,049,720","1,010.00","1,040.00","1,000.00","1,035.00",+15.00,560,6669
111/05/04,"800,040","804,287,787","1,040.00","1,045.00",982.00,"1,010.00",-25.00,883,6669
111/05/05,"515,566","533,136,515","1,030.00","1,045.00","1,015.00","1,030.00",+20.00,639,6669
111/05/06,"504,534","502,127,034","1,005.00","1,005.00",987.00,995.00,-35.00,770,6669
111/05/09,"663,373","637,789,827",985.00,985.00,962.00,963.00,-32.00,655,6669
111/05/10,"877,998","815,142,897",957.00,962.00,935.00,946.00,-17.00,848,6669
111/05/11,"681,113","633,987,760",950.00,954.00,922.00,922.00,-24.00,740,6669
111/05/12,"622,500","573,257,162",921.00,938.00,905.00,923.00,+1.00,690,6669
111/05/13,"945,273","883,119,580",938.00,943.00,912.00,940.00,+17.00,901,6669
111/05/16,"668,803","653,002,747",951.00,"1,000.00",951.00,969.00,+29.00,971,6669
111/05/17,"573,733","555,628,370",968.00,978.00,961.00,969.00, 0.00,679,6669
111/05/18,"387,408","371,930,895",969.00,970.00,953.00,956.00,-13.00,521,6669
111/05/19,"435,130","406,214,493",940.00,942.00,921.00,938.00,-18.00,643,6669
111/05/20,"616,547","576,634,397",940.00,954.00,924.00,935.00,-3.00,697,6669
111/05/23,"436,233","409,558,659",939.00,954.00,930.00,930.00,-5.00,500,6669
111/05/24,"809,480","728,604,256",931.00,936.00,883.00,883.00,-47.00,"1,391",6669
111/05/25,"663,596","584,546,345",885.00,900.00,873.00,878.00,-5.00,"1,054",6669
111/05/26,"2,109,687","1,702,020,560",854.00,862.00,791.00,791.00,-87.00,"3,543",6669
111/05/27,"1,608,547","1,313,054,538",820.00,835.00,804.00,808.00,+17.00,"1,890",6669
111/05/30,"1,241,894","1,057,322,531",822.00,865.00,822.00,857.00,+49.00,"1,521",6669
111/05/31,"1,905,833","1,727,272,278",866.00,933.00,856.00,923.00,+66.00,"1,895",6669
111/06/01,"1,154,872","1,033,612,868",898.00,908.00,883.00,884.00,-39.00,"2,069",6669
111/06/02,"635,326","554,575,210",880.00,884.00,861.00,871.00,-13.00,790,6669
111/06/06,"780,318","688,805,681",881.00,896.00,861.00,886.00,+15.00,892,6669
111/06/07,"698,522","625,061,976",891.00,902.00,881.00,889.00,+3.00,840,6669
111/06/08,"539,434","484,351,197",891.00,918.00,885.00,887.00,-2.00,655,6669
111/06/09,"486,643","439,516,739",900.00,910.00,899.00,900.00,+13.00,547,6669
111/06/10,"368,048","330,600,305",891.00,906.00,890.00,900.00, 0.00,408,6669
111/06/13,"846,776","732,348,048",876.00,878.00,850.00,866.00,-34.00,"1,085",6669
111/06/14,"1,063,015","896,419,489",846.00,856.00,828.00,841.00,-25.00,"1,223",6669
111/06/15,"921,818","768,986,559",842.00,850.00,825.00,825.00,-16.00,"1,099",6669
111/06/16,"913,064","746,094,904",840.00,842.00,804.00,806.00,-19.00,"1,340",6669
111/06/17,"1,485,095","1,121,678,282",758.00,767.00,749.00,755.00,X0.00,"1,893",6669
111/06/20,"780,508","579,430,311",769.00,772.00,730.00,730.00,-25.00,"1,050",6669
111/06/21,"941,554","710,582,876",742.00,775.00,742.00,761.00,+31.00,840,6669
111/06/22,"551,549","414,734,923",762.00,770.00,740.00,746.00,-15.00,652,6669
111/06/23,"535,337","396,241,778",751.00,757.00,726.00,734.00,-12.00,617,6669
111/06/24,"517,292","388,588,232",750.00,754.00,746.00,752.00,+18.00,551,6669
111/06/27,"746,768","581,790,105",768.00,793.00,765.00,765.00,+13.00,"1,299",6669
111/06/28,"484,688","366,187,971",769.00,777.00,742.00,751.00,-14.00,627,6669
111/06/29,"693,266","497,838,897",727.00,730.00,707.00,720.00,-31.00,"1,070",6669
111/06/30,"1,273,208","877,378,023",706.00,713.00,675.00,697.00,-23.00,"1,497",6669
111/07/01,"1,332,602","892,772,036",691.00,694.00,659.00,663.00,-34.00,"1,574",6669
111/07/04,"1,171,485","763,283,764",660.00,676.00,642.00,650.00,-13.00,"1,267",6669
111/07/05,"791,512","509,806,123",665.00,674.00,630.00,645.00,-5.00,909,6669
111/07/06,"1,222,552","764,494,476",649.00,649.00,613.00,617.00,-28.00,"1,448",6669
111/07/07,"1,019,720","656,209,948",621.00,657.00,617.00,651.00,+34.00,"1,076",6669
111/07/08,"1,000,753","668,289,496",661.00,678.00,659.00,669.00,+18.00,"1,094",6669
111/07/11,"1,222,504","842,525,355",734.00,734.00,667.00,672.00,+3.00,"1,285",6669
111/07/12,"640,714","425,036,019",672.00,672.00,650.00,670.00,-2.00,744,6669
111/07/13,"566,045","386,548,549",681.00,697.00,674.00,674.00,+4.00,712,6669
111/07/14,"625,382","436,439,034",671.00,708.00,665.00,702.00,+28.00,777,6669
111/07/15,"883,412","624,744,515",699.00,725.00,693.00,715.00,+13.00,874,6669
111/07/18,"624,572","453,030,379",713.00,737.00,712.00,720.00,+5.00,783,6669
111/07/19,"501,154","351,796,793",719.00,721.00,691.00,696.00,-24.00,769,6669
111/07/20,"642,700","466,306,733",711.00,736.00,710.00,725.00,+29.00,832,6669
111/07/21,"671,224","495,204,241",724.00,751.00,715.00,741.00,+16.00,843,6669
111/07/22,"412,730","303,732,616",745.00,748.00,725.00,730.00,-11.00,508,6669
111/07/25,"319,746","231,942,977",725.00,734.00,718.00,725.00,-5.00,501,6669
111/07/26,"471,786","333,025,442",717.00,719.00,696.00,705.00,-20.00,808,6669
111/07/27,"627,924","443,446,635",705.00,713.00,701.00,709.00,+4.00,605,6669
111/07/28,"766,341","564,859,110",733.00,745.00,731.00,735.00,+26.00,920,6669
111/07/29,"373,772","275,804,284",748.00,750.00,731.00,736.00,+1.00,452,6669
111/08/01,"313,255","228,391,082",740.00,740.00,719.00,734.00,-2.00,446,6669
111/08/02,"684,726","500,986,295",722.00,748.00,718.00,739.00,+5.00,693,6669
111/08/03,"2,083,070","1,511,859,714",742.00,772.00,695.00,699.00,-40.00,"2,580",6669
111/08/04,"1,548,728","1,046,862,234",706.00,707.00,662.00,666.00,-33.00,"2,209",6669
111/08/05,"1,045,238","733,629,220",683.00,712.00,679.00,707.00,+41.00,"1,158",6669
111/08/08,"303,117","215,357,814",709.00,718.00,700.00,711.00,+4.00,481,6669
111/08/09,"427,697","307,678,807",710.00,732.00,700.00,725.00,+14.00,556,6669
111/08/10,"455,172","327,012,827",722.00,727.00,710.00,715.00,-10.00,579,6669
111/08/11,"528,247","388,690,213",735.00,740.00,729.00,732.00,+17.00,665,6669
111/08/12,"340,103","247,777,240",732.00,733.00,722.00,725.00,-7.00,441,6669
111/08/15,"770,111","579,211,144",730.00,765.00,730.00,760.00,+35.00,"1,098",6669
111/08/16,"774,699","592,051,952",769.00,773.00,751.00,760.00, 0.00,"1,022",6669
111/08/17,"428,719","323,226,953",749.00,768.00,746.00,750.00,-10.00,578,6669
111/08/18,"453,508","339,881,651",747.00,757.00,738.00,750.00, 0.00,581,6669
111/08/19,"389,038","296,150,174",751.00,768.00,751.00,760.00,+10.00,569,6669
111/08/22,"474,101","360,035,426",760.00,767.00,749.00,755.00,-5.00,636,6669
111/08/23,"380,387","288,541,397",750.00,767.00,748.00,755.00, 0.00,487,6669
111/08/24,"981,464","766,699,660",757.00,790.00,757.00,787.00,+32.00,"1,223",6669
111/08/25,"859,464","681,104,462",793.00,802.00,785.00,788.00,+1.00,"1,069",6669
111/08/26,"674,454","536,024,417",799.00,813.00,775.00,776.00,-12.00,"2,346",6669
111/08/29,"434,507","327,087,399",741.00,769.00,740.00,763.00,-13.00,676,6669
111/08/30,"375,068","285,338,742",763.00,767.00,756.00,760.00,-3.00,563,6669
111/08/31,"413,311","316,112,953",760.00,771.00,755.00,770.00,+10.00,457,6669
111/09/01,"564,191","425,023,251",757.00,760.00,745.00,751.00,-19.00,739,6669
111/09/02,"506,804","380,883,440",754.00,762.00,742.00,742.00,-9.00,591,6669
111/09/05,"821,317","594,562,324",730.00,737.00,709.00,728.00,-14.00,"1,113",6669
111/09/06,"300,734","221,101,010",726.00,741.00,726.00,736.00,+8.00,476,6669
111/09/07,"367,992","269,241,168",736.00,739.00,722.00,734.00,-2.00,457,6669
111/09/08,"698,670","531,068,630",742.00,770.00,736.00,765.00,+31.00,899,6669
111/09/12,"1,215,903","971,310,263",799.00,809.00,781.00,795.00,+30.00,"1,544",6669
111/09/13,"721,879","581,796,148",798.00,817.00,795.00,798.00,+3.00,881,6669
111/09/14,"346,250","272,686,655",771.00,797.00,770.00,786.00,-12.00,476,6669
111/09/15,"643,830","507,205,964",786.00,798.00,780.00,780.00,-6.00,832,6669
111/09/16,"299,231","234,286,093",772.00,793.00,772.00,780.00, 0.00,707,6669
111/09/19,"277,100","215,921,200",785.00,789.00,770.00,780.00, 0.00,421,6669
111/09/20,"405,947","321,293,923",795.00,798.00,781.00,793.00,+13.00,461,6669
111/09/21,"476,398","369,803,239",793.00,793.00,766.00,780.00,-13.00,"1,128",6669
111/09/22,"377,203","293,061,301",775.00,783.00,765.00,780.00, 0.00,441,6669
111/09/23,"808,092","600,781,448",781.00,784.00,764.00,765.00,-15.00,768,6669
111/09/26,"620,257","473,742,635",770.00,774.00,751.00,767.00,+2.00,"1,146",6669
111/09/27,"814,990","639,585,330",772.00,792.00,769.00,786.00,+19.00,900,6669
111/09/28,"1,192,261","942,333,507",790.00,802.00,765.00,767.00,-19.00,"1,629",6669
111/09/29,"1,478,815","1,172,392,485",780.00,810.00,778.00,783.00,+16.00,"1,887",6669
111/09/30,"1,124,178","898,534,897",783.00,808.00,775.00,808.00,+25.00,"1,236",6669
111/10/03,"790,539","639,389,942",802.00,817.00,800.00,805.00,-3.00,940,6669
111/10/04,"1,544,947","1,252,980,710",820.00,837.00,796.00,804.00,-1.00,"2,142",6669
111/10/05,"1,267,034","1,040,013,778",810.00,830.00,809.00,824.00,+20.00,"1,429",6669
111/10/06,"916,037","754,535,078",830.00,840.00,816.00,823.00,-1.00,"1,408",6669
111/10/07,"403,858","330,585,542",822.00,826.00,808.00,811.00,-12.00,505,6669
111/10/11,"871,439","695,920,109",811.00,816.00,786.00,792.00,-19.00,"1,447",6669
111/10/12,"633,892","505,920,757",795.00,807.00,788.00,790.00,-2.00,936,6669
111/10/13,"694,299","538,815,603",798.00,804.00,760.00,779.00,-11.00,"2,444",6669
111/10/14,"1,298,707","990,989,849",806.00,809.00,747.00,747.00,-32.00,"3,697",6669
111/10/17,"2,002,343","1,376,433,364",730.00,730.00,673.00,685.00,-62.00,"2,317",6669
111/10/18,"1,634,738","1,100,143,707",699.00,706.00,653.00,678.00,-7.00,"1,899",6669
111/10/19,"1,036,057","696,836,467",678.00,688.00,663.00,672.00,-6.00,"1,034",6669
111/10/20,"2,687,888","1,706,544,597",665.00,665.00,641.00,649.00,-23.00,"1,838",6669
111/10/21,"1,353,900","847,554,940",653.00,653.00,617.00,617.00,-32.00,"1,912",6669
111/10/24,"691,222","443,911,312",649.00,649.00,632.00,640.00,+23.00,884,6669
111/10/25,"751,669","480,884,847",649.00,650.00,635.00,638.00,-2.00,676,6669
111/10/26,"1,212,942","752,105,743",643.00,643.00,610.00,627.00,-11.00,"1,298",6669
111/10/27,"1,051,195","691,547,355",676.00,689.00,676.00,689.00,+62.00,623,6669
111/10/28,"3,542,278","2,546,265,373",711.00,738.00,702.00,734.00,+45.00,"3,585",6669
111/10/31,"1,386,628","1,004,975,832",740.00,741.00,716.00,724.00,-10.00,"1,318",6669
111/11/01,"1,755,019","1,294,580,984",738.00,755.00,725.00,735.00,+11.00,"1,802",6669
111/11/02,"3,330,252","2,597,983,709",784.00,804.00,745.00,785.00,+50.00,"3,503",6669
111/11/03,"4,250,276","3,516,220,171",778.00,863.00,777.00,828.00,+43.00,"5,188",6669
111/11/04,"2,390,159","2,010,100,217",831.00,858.00,823.00,856.00,+28.00,"2,579",6669
111/11/07,"2,198,261","1,871,690,476",860.00,876.00,833.00,841.00,-15.00,"4,716",6669
111/11/08,"1,432,465","1,209,420,166",852.00,854.00,835.00,840.00,-1.00,"1,526",6669
111/11/09,"2,010,097","1,734,657,833",851.00,878.00,846.00,875.00,+35.00,"2,652",6669
111/11/10,"2,642,792","2,210,944,064",834.00,855.00,823.00,824.00,-51.00,"6,567",6669
111/11/11,"2,682,026","2,236,517,142",853.00,859.00,819.00,822.00,-2.00,"2,584",6669
111/11/14,"2,427,043","2,056,707,479",835.00,858.00,835.00,850.00,+28.00,"2,441",6669
111/11/15,"1,914,862","1,610,882,396",850.00,855.00,829.00,841.00,-9.00,"1,988",6669
111/11/16,"1,538,455","1,313,231,767",849.00,863.00,840.00,858.00,+17.00,"1,551",6669
111/11/17,"1,027,267","888,944,551",863.00,874.00,855.00,868.00,+10.00,"1,182",6669
111/11/18,"1,061,207","911,205,317",873.00,875.00,846.00,852.00,-16.00,"1,822",6669
111/11/21,"950,731","812,736,978",853.00,862.00,844.00,858.00,+6.00,961,6669
111/11/22,"2,140,889","1,857,259,327",851.00,880.00,845.00,869.00,+11.00,"2,076",6669
111/11/23,"1,197,923","1,042,901,994",880.00,886.00,855.00,858.00,-11.00,"1,546",6669
111/11/24,"680,535","586,689,582",869.00,869.00,855.00,865.00,+7.00,679,6669
111/11/25,"957,055","821,595,019",868.00,871.00,845.00,855.00,-10.00,932,6669
111/11/28,"723,022","618,242,156",848.00,862.00,847.00,860.00,+5.00,780,6669
111/11/29,"793,721","689,157,937",865.00,876.00,859.00,868.00,+8.00,886,6669
111/11/30,"814,573","712,018,496",875.00,880.00,863.00,880.00,+12.00,764,6669
111/12/01,"1,162,247","1,034,648,244",889.00,896.00,884.00,887.00,+7.00,"1,321",6669
111/12/02,"1,296,254","1,178,747,447",880.00,920.00,879.00,918.00,+31.00,"1,688",6669
111/12/05,"1,196,292","1,084,615,416",921.00,921.00,896.00,905.00,-13.00,"1,411",6669
111/12/06,"990,847","891,342,022",905.00,914.00,888.00,891.00,-14.00,"1,050",6669
111/12/07,"779,268","698,885,714",899.00,906.00,883.00,899.00,+8.00,860,6669
111/12/08,"655,089","593,321,033",903.00,917.00,895.00,902.00,+3.00,811,6669
111/12/09,"1,358,625","1,246,173,922",926.00,947.00,897.00,906.00,+4.00,"3,343",6669
111/12/12,"868,125","781,755,833",906.00,919.00,885.00,911.00,+5.00,"1,021",6669
111/12/13,"1,054,860","964,420,109",915.00,926.00,909.00,909.00,-2.00,929,6669
111/12/14,"1,066,754","987,112,076",921.00,942.00,910.00,939.00,+30.00,"1,178",6669
111/12/15,"1,653,125","1,537,446,402",940.00,948.00,915.00,936.00,-3.00,"1,661",6669
111/12/16,"750,257","691,168,520",920.00,925.00,913.00,919.00,-17.00,730,6669
111/12/19,"1,397,293","1,220,171,811",910.00,912.00,850.00,853.00,-66.00,"3,024",6669
111/12/20,"1,116,074","955,660,734",860.00,884.00,839.00,843.00,-10.00,"1,419",6669
111/12/21,"950,018","809,870,477",849.00,862.00,840.00,857.00,+14.00,642,6669
111/12/22,"1,271,565","1,065,683,773",869.00,871.00,821.00,830.00,-27.00,"1,708",6669
111/12/23,"685,741","560,492,936",822.00,832.00,811.00,819.00,-11.00,955,6669
111/12/26,"360,898","291,777,838",820.00,821.00,800.00,812.00,-7.00,610,6669
111/12/27,"236,217","192,953,292",817.00,825.00,812.00,815.00,+3.00,356,6669
111/12/28,"646,767","519,435,556",805.00,808.00,796.00,802.00,-13.00,784,6669
111/12/29,"553,638","441,031,697",798.00,805.00,787.00,801.00,-1.00,852,6669
111/12/30,"390,189","312,187,505",806.00,818.00,791.00,797.00,-4.00,569,6669
112/01/03,"350,166","281,715,289",805.00,812.00,796.00,810.00,+13.00,477,6669
112/01/04,"461,012","371,861,116",810.00,820.00,800.00,801.00,-9.00,603,6669
112/01/05,"3,152,156","2,331,611,587",800.00,801.00,721.00,723.00,-78.00,"5,012",6669
112/01/06,"1,536,512","1,133,822,709",720.00,756.00,718.00,742.00,+19.00,"1,970",6669
112/01/09,"1,514,236","1,164,108,274",763.00,783.00,759.00,767.00,+25.00,"1,875",6669
112/01/10,"2,239,960","1,764,925,922",783.00,811.00,770.00,776.00,+9.00,"2,762",6669
112/01/11,"1,613,099","1,221,953,443",780.00,782.00,745.00,752.00,-24.00,"2,378",6669
112/01/12,"1,396,048","1,066,613,540",753.00,775.00,750.00,770.00,+18.00,"1,576",6669
112/01/13,"1,067,938","833,148,210",783.00,792.00,772.00,774.00,+4.00,"1,375",6669
112/01/16,"730,247","576,776,986",783.00,798.00,778.00,787.00,+13.00,"1,171",6669
112/01/17,"490,895","385,546,608",787.00,790.00,781.00,785.00,-2.00,733,6669
112/01/30,"2,089,776","1,625,408,527",804.00,811.00,768.00,772.00,-13.00,"2,734",6669
112/01/31,"2,352,868","1,785,924,240",777.00,784.00,750.00,750.00,-22.00,"3,195",6669
112/02/01,"1,368,668","1,046,551,954",757.00,771.00,753.00,767.00,+17.00,"1,657",6669
112/02/02,"3,039,563","2,450,778,264",775.00,823.00,775.00,823.00,+56.00,"3,891",6669
112/02/03,"1,738,162","1,444,254,850",828.00,848.00,815.00,841.00,+18.00,"2,576",6669
112/02/06,"1,303,942","1,112,262,223",832.00,866.00,830.00,855.00,+14.00,"2,032",6669
112/02/07,"1,116,578","949,095,026",854.00,862.00,843.00,843.00,-12.00,"1,541",6669
112/02/08,"1,211,577","1,025,331,810",853.00,855.00,835.00,850.00,+7.00,"4,744",6669
112/02/09,"1,195,689","1,019,739,282",840.00,861.00,839.00,858.00,+8.00,"2,201",6669
112/02/10,"1,042,684","882,626,278",858.00,865.00,840.00,841.00,-17.00,"1,901",6669
112/02/13,"1,124,566","922,950,826",838.00,840.00,809.00,814.00,-27.00,"1,957",6669
112/02/14,"725,005","597,200,845",822.00,828.00,816.00,827.00,+13.00,950,6669
112/02/15,"638,418","528,543,326",830.00,839.00,819.00,822.00,-5.00,787,6669
112/02/16,"874,925","736,595,280",830.00,853.00,826.00,838.00,+16.00,"1,249",6669
112/02/17,"411,361","344,817,855",833.00,844.00,832.00,836.00,-2.00,605,6669
112/02/20,"301,893","251,962,220",837.00,842.00,831.00,831.00,-5.00,"1,288",6669
112/02/21,"1,103,220","943,607,732",849.00,864.00,841.00,859.00,+28.00,"1,519",6669
112/02/22,"1,012,935","842,002,779",848.00,852.00,824.00,826.00,-33.00,"1,860",6669
112/02/23,"3,182,622","2,827,254,919",856.00,908.00,856.00,908.00,+82.00,"4,276",6669
112/02/24,"5,650,795","5,543,493,832",960.00,998.00,950.00,969.00,+61.00,"6,594",6669
112/03/01,"2,965,445","2,803,334,681",969.00,975.00,928.00,940.00,-29.00,"4,017",6669
112/03/02,"1,909,295","1,797,544,980",950.00,959.00,929.00,935.00,-5.00,"5,414",6669
112/03/03,"1,220,537","1,134,127,403",941.00,948.00,912.00,917.00,-18.00,"2,325",6669
112/03/06,"1,446,360","1,357,460,041",925.00,951.00,921.00,942.00,+25.00,"2,028",6669
112/03/07,"1,262,179","1,180,758,714",949.00,949.00,928.00,935.00,-7.00,"1,646",6669
112/03/08,"1,040,989","978,592,841",934.00,947.00,932.00,947.00,+12.00,"1,311",6669
112/03/09,"2,143,048","2,064,157,598",978.00,986.00,950.00,950.00,+3.00,"2,488",6669
112/03/10,"928,980","865,969,150",942.00,943.00,923.00,935.00,-15.00,"2,164",6669
112/03/13,"1,493,087","1,363,870,923",925.00,931.00,898.00,915.00,-20.00,"2,140",6669
112/03/14,"818,262","747,977,246",902.00,925.00,902.00,914.00,-1.00,"1,170",6669
112/03/15,"1,112,743","1,023,915,645",928.00,931.00,910.00,912.00,-2.00,"1,406",6669
112/03/16,"1,537,763","1,422,806,933",925.00,946.00,912.00,916.00,+4.00,"1,879",6669
112/03/17,"2,516,094","2,383,730,431",929.00,965.00,923.00,948.00,+32.00,"3,246",6669
112/03/20,"2,166,399","2,093,671,558",961.00,976.00,951.00,963.00,+15.00,"3,172",6669
112/03/21,"3,567,780","3,567,401,610",987.00,"1,030.00",977.00,990.00,+27.00,"4,630",6669
112/03/22,"4,109,826","4,319,677,155","1,010.00","1,085.00","1,005.00","1,085.00",+95.00,"5,169",6669
112/03/23,"3,103,125","3,316,021,000","1,080.00","1,090.00","1,045.00","1,075.00",-10.00,"3,614",6669
112/03/24,"3,118,337","3,483,596,780","1,105.00","1,155.00","1,095.00","1,105.00",+30.00,"4,547",6669
112/03/27,"1,791,134","1,998,242,710","1,105.00","1,145.00","1,095.00","1,100.00",-5.00,"2,555",6669
112/03/28,"1,445,984","1,582,372,650","1,115.00","1,120.00","1,075.00","1,090.00",-10.00,"1,733",6669
112/03/29,"1,878,541","2,035,823,606","1,110.00","1,120.00","1,065.00","1,085.00",-5.00,"1,917",6669
112/03/30,"2,985,380","3,393,874,015","1,120.00","1,165.00","1,110.00","1,130.00",+45.00,"3,786",6669
112/03/31,"2,091,964","2,344,569,400","1,150.00","1,155.00","1,095.00","1,125.00",-5.00,"2,484",6669
112/04/06,"1,992,346","2,204,096,970","1,120.00","1,130.00","1,075.00","1,125.00", 0.00,"2,544",6669
112/04/07,"1,456,205","1,646,723,350","1,135.00","1,150.00","1,115.00","1,130.00",+5.00,"1,684",6669
112/04/10,"4,023,497","4,899,505,260","1,180.00","1,240.00","1,170.00","1,240.00",+110.00,"4,470",6669
112/04/11,"2,411,771","2,989,464,770","1,250.00","1,255.00","1,220.00","1,235.00",-5.00,"2,981",6669
112/04/12,"1,546,586","1,897,508,170","1,230.00","1,240.00","1,210.00","1,235.00", 0.00,"1,896",6669
112/04/13,"3,402,503","4,020,386,550","1,225.00","1,230.00","1,160.00","1,175.00",-60.00,"7,014",6669
112/04/14,"1,690,754","1,998,352,525","1,190.00","1,200.00","1,165.00","1,180.00",+5.00,"2,161",6669
112/04/17,"1,115,170","1,317,031,490","1,185.00","1,205.00","1,165.00","1,175.00",-5.00,"1,703",6669
112/04/18,"1,779,749","2,065,395,560","1,155.00","1,180.00","1,150.00","1,160.00",-15.00,"2,362",6669
112/04/19,"2,538,235","2,974,424,450","1,170.00","1,205.00","1,145.00","1,155.00",-5.00,"3,187",6669
112/04/20,"1,080,596","1,229,955,545","1,145.00","1,165.00","1,125.00","1,130.00",-25.00,"1,756",6669
112/04/21,"2,784,185","3,066,825,780","1,150.00","1,150.00","1,085.00","1,095.00",-35.00,"3,329",6669
112/04/24,"2,021,454","2,271,154,420","1,105.00","1,140.00","1,095.00","1,135.00",+40.00,"2,130",6669
112/04/25,"2,585,552","2,834,444,560","1,115.00","1,125.00","1,070.00","1,085.00",-50.00,"3,040",6669
112/04/26,"2,949,706","3,326,171,430","1,105.00","1,145.00","1,095.00","1,135.00",+50.00,"3,475",6669
112/04/27,"3,162,954","3,664,981,215","1,170.00","1,180.00","1,130.00","1,165.00",+30.00,"3,386",6669
112/04/28,"2,430,737","2,820,630,870","1,180.00","1,195.00","1,125.00","1,165.00", 0.00,"3,021",6669
112/05/02,"1,940,695","2,317,458,900","1,165.00","1,215.00","1,160.00","1,210.00",+45.00,"2,640",6669
112/05/03,"1,342,886","1,595,647,075","1,210.00","1,220.00","1,165.00","1,180.00",-30.00,"1,715",6669
112/05/04,"950,287","1,117,631,470","1,180.00","1,195.00","1,165.00","1,175.00",-5.00,"1,278",6669
112/05/05,"1,703,361","1,959,839,010","1,180.00","1,195.00","1,130.00","1,130.00",-45.00,"2,509",6669
112/05/08,"1,448,203","1,639,938,010","1,150.00","1,165.00","1,115.00","1,125.00",-5.00,"1,839",6669
112/05/09,"2,343,170","2,585,836,425","1,105.00","1,135.00","1,075.00","1,115.00",-10.00,"2,971",6669
112/05/10,"3,878,154","3,948,580,650","1,060.00","1,065.00","1,005.00","1,005.00",-110.00,"6,435",6669
112/05/11,"2,275,165","2,325,041,750","1,010.00","1,045.00","1,005.00","1,020.00",+15.00,"2,845",6669
112/05/12,"2,015,788","2,056,766,643","1,010.00","1,045.00",992.00,"1,035.00",+15.00,"2,584",6669
112/05/15,"1,303,512","1,329,961,330","1,035.00","1,040.00","1,005.00","1,015.00",-20.00,"1,745",6669
112/05/16,"1,331,675","1,401,552,570","1,030.00","1,070.00","1,030.00","1,045.00",+30.00,"1,920",6669
112/05/17,"1,575,182","1,683,991,295","1,060.00","1,085.00","1,055.00","1,065.00",+20.00,"2,003",6669
112/05/18,"1,677,372","1,803,447,835","1,090.00","1,100.00","1,060.00","1,065.00", 0.00,"1,994",6669
112/05/19,"1,609,813","1,720,500,170","1,080.00","1,085.00","1,045.00","1,080.00",+15.00,"2,071",6669
112/05/22,"1,239,006","1,309,435,480","1,075.00","1,085.00","1,045.00","1,060.00",-20.00,"1,709",6669
112/05/23,"2,831,561","3,157,659,095","1,070.00","1,140.00","1,070.00","1,125.00",+65.00,"3,571",6669
112/05/24,"1,478,931","1,622,469,890","1,120.00","1,120.00","1,085.00","1,100.00",-25.00,"2,043",6669
112/05/25,"3,197,544","3,696,029,300","1,145.00","1,190.00","1,125.00","1,145.00",+45.00,"3,992",6669
112/05/26,"3,870,190","4,601,460,100","1,200.00","1,230.00","1,155.00","1,170.00",+25.00,"5,779",6669
112/05/29,"3,060,961","3,718,638,815","1,210.00","1,245.00","1,180.00","1,205.00",+35.00,"4,249",6669
112/05/30,"2,046,069","2,460,665,930","1,225.00","1,225.00","1,185.00","1,195.00",-10.00,"2,773",6669
112/05/31,"1,843,579","2,146,505,045","1,190.00","1,200.00","1,145.00","1,160.00",-35.00,"3,021",6669
112/06/01,"1,637,869","1,900,260,145","1,150.00","1,180.00","1,140.00","1,165.00",+5.00,"2,012",6669
112/06/02,"2,725,467","3,299,818,320","1,185.00","1,240.00","1,180.00","1,205.00",+40.00,"3,607",6669
112/06/05,"1,550,895","1,863,883,990","1,225.00","1,225.00","1,180.00","1,200.00",-5.00,"2,935",6669
112/06/06,"1,293,534","1,555,497,895","1,190.00","1,220.00","1,180.00","1,205.00",+5.00,"1,730",6669
112/06/07,"1,526,500","1,851,358,210","1,210.00","1,235.00","1,195.00","1,200.00",-5.00,"2,131",6669
112/06/08,"2,041,612","2,362,720,750","1,200.00","1,215.00","1,125.00","1,140.00",-60.00,"3,812",6669
112/06/09,"2,436,367","2,735,702,035","1,090.00","1,165.00","1,080.00","1,160.00",+20.00,"3,459",6669
112/06/12,"1,484,824","1,710,359,365","1,160.00","1,175.00","1,140.00","1,140.00",-20.00,"2,060",6669
112/06/13,"1,811,238","2,117,655,875","1,145.00","1,185.00","1,145.00","1,170.00",+30.00,"2,355",6669
112/06/14,"2,734,907","3,235,198,290","1,140.00","1,230.00","1,135.00","1,175.00",X0.00,"3,444",6669
112/06/15,"1,795,930","2,144,403,125","1,195.00","1,215.00","1,175.00","1,200.00",+25.00,"2,472",6669
112/06/16,"2,741,913","3,273,870,360","1,215.00","1,215.00","1,180.00","1,190.00",-10.00,"2,394",6669
112/06/19,"2,362,485","2,870,419,920","1,205.00","1,230.00","1,200.00","1,215.00",+25.00,"2,301",6669
112/06/20,"2,729,370","3,242,276,355","1,215.00","1,225.00","1,160.00","1,200.00",-15.00,"2,732",6669
112/06/21,"2,880,779","3,479,689,115","1,200.00","1,220.00","1,180.00","1,215.00",+15.00,"2,493",6669
112/06/26,"2,846,752","3,456,456,220","1,170.00","1,240.00","1,170.00","1,225.00",+10.00,"2,918",6669
112/06/27,"2,028,808","2,393,202,955","1,215.00","1,225.00","1,145.00","1,145.00",-80.00,"4,178",6669
112/06/28,"1,810,171","2,133,503,040","1,165.00","1,195.00","1,160.00","1,180.00",+35.00,"2,082",6669
112/06/29,"2,064,237","2,630,681,080","1,210.00","1,295.00","1,205.00","1,295.00",+115.00,"2,584",6669
112/06/30,"2,500,031","3,527,229,020","1,400.00","1,420.00","1,365.00","1,420.00",+125.00,"2,133",6669
112/07/03,"6,735,538","10,138,888,800","1,465.00","1,560.00","1,440.00","1,495.00",+75.00,"7,260",6669
112/07/04,"4,412,585","6,839,341,330","1,505.00","1,610.00","1,485.00","1,515.00",+20.00,"6,090",6669
112/07/05,"3,181,012","4,794,723,795","1,520.00","1,565.00","1,440.00","1,495.00",-20.00,"4,499",6669
112/07/06,"4,607,810","6,676,725,745","1,460.00","1,485.00","1,420.00","1,440.00",-55.00,"6,008",6669
112/07/07,"5,967,987","8,896,258,330","1,440.00","1,530.00","1,430.00","1,505.00",+65.00,"7,211",6669
112/07/10,"3,537,709","5,343,308,135","1,485.00","1,555.00","1,465.00","1,545.00",+40.00,"4,404",6669
112/07/11,"4,795,478","7,902,623,135","1,600.00","1,690.00","1,590.00","1,650.00",+105.00,"6,991",6669
112/07/12,"4,188,047","7,112,517,195","1,660.00","1,745.00","1,640.00","1,735.00",+85.00,"5,605",6669
112/07/13,"4,765,868","8,934,890,780","1,840.00","1,905.00","1,810.00","1,870.00",+135.00,"5,670",6669
112/07/14,"5,787,106","11,121,843,440","1,900.00","2,000.00","1,830.00","1,945.00",+75.00,"7,671",6669
112/07/17,"3,653,107","6,891,929,890","1,905.00","1,930.00","1,830.00","1,870.00",-75.00,"5,746",6669
112/07/18,"4,621,601","8,632,008,890","1,900.00","1,915.00","1,790.00","1,845.00",-25.00,"5,974",6669
112/07/19,"5,114,956","9,407,335,780","1,850.00","1,895.00","1,795.00","1,800.00",-45.00,"6,618",6669
112/07/20,"5,224,827","9,863,102,525","1,830.00","1,920.00","1,820.00","1,900.00",+100.00,"7,010",6669
112/07/21,"6,567,197","12,986,209,560","1,850.00","2,090.00","1,830.00","2,075.00",+175.00,"8,356",6669
112/07/24,"4,693,639","9,834,047,465","2,100.00","2,135.00","2,020.00","2,115.00",+40.00,"6,290",6669
112/07/25,"4,277,000","8,999,247,275","2,125.00","2,145.00","2,040.00","2,045.00",-70.00,"7,025",6669
112/07/26,"3,598,176","7,374,021,135","2,050.00","2,110.00","2,000.00","2,030.00",-15.00,"4,800",6669
112/07/27,"5,911,302","11,868,063,090","2,030.00","2,125.00","1,920.00","1,955.00",-75.00,"8,746",6669
112/07/28,"5,171,300","9,837,175,735","1,945.00","1,960.00","1,865.00","1,895.00",-60.00,"8,098",6669
112/07/31,"5,961,048","10,835,155,655","1,835.00","1,880.00","1,745.00","1,780.00",-115.00,"10,192",6669
112/08/01,"4,049,186","7,018,076,945","1,800.00","1,805.00","1,685.00","1,725.00",-55.00,"6,305",6669
112/08/02,"5,329,626","8,701,834,915","1,725.00","1,760.00","1,555.00","1,555.00",-170.00,"9,753",6669
112/08/04,"6,172,157","9,516,790,015","1,475.00","1,610.00","1,475.00","1,555.00", 0.00,"8,169",6669
112/08/07,"4,169,903","6,924,912,260","1,605.00","1,705.00","1,585.00","1,665.00",+110.00,"6,784",6669
112/08/08,"7,269,777","12,655,255,465","1,725.00","1,825.00","1,675.00","1,755.00",+90.00,"9,465",6669
112/08/09,"5,789,716","9,869,565,855","1,675.00","1,765.00","1,660.00","1,690.00",-65.00,"7,869",6669
112/08/10,"5,135,072","8,092,619,825","1,640.00","1,655.00","1,525.00","1,565.00",-125.00,"8,497",6669
112/08/11,"2,793,150","4,486,999,415","1,610.00","1,645.00","1,570.00","1,575.00",+10.00,"4,265",6669
112/08/14,"2,779,972","4,378,172,025","1,525.00","1,620.00","1,515.00","1,570.00",-5.00,"4,057",6669
112/08/15,"4,192,544","6,938,480,655","1,670.00","1,710.00","1,610.00","1,635.00",+65.00,"5,574",6669
112/08/16,"4,493,839","7,599,251,785","1,635.00","1,730.00","1,620.00","1,710.00",+75.00,"6,304",6669
112/08/17,"4,252,242","7,212,879,310","1,685.00","1,730.00","1,660.00","1,700.00",-10.00,"5,840",6669
112/08/18,"3,845,366","6,381,920,560","1,710.00","1,725.00","1,600.00","1,645.00",-55.00,"6,980",6669
112/08/21,"2,314,899","3,884,162,420","1,680.00","1,710.00","1,650.00","1,660.00",+15.00,"3,437",6669
112/08/22,"3,610,175","6,208,318,890","1,730.00","1,740.00","1,690.00","1,715.00",+55.00,"5,379",6669
112/08/23,"3,496,173","6,068,193,440","1,725.00","1,770.00","1,685.00","1,770.00",+55.00,"5,565",6669
112/08/24,"6,459,973","11,599,224,565","1,870.00","1,875.00","1,735.00","1,750.00",-20.00,"9,076",6669
112/08/25,"4,966,229","8,140,104,375","1,695.00","1,715.00","1,590.00","1,610.00",-140.00,"11,178",6669
112/08/28,"2,224,826","3,566,152,565","1,630.00","1,635.00","1,565.00","1,600.00",-10.00,"3,615",6669
112/08/29,"1,983,043","3,232,465,435","1,630.00","1,650.00","1,605.00","1,640.00",+40.00,"3,030",6669
112/08/30,"2,563,265","4,355,348,000","1,685.00","1,720.00","1,675.00","1,700.00",+60.00,"4,494",6669
112/08/31,"7,135,429","11,130,677,455","1,540.00","1,605.00","1,530.00","1,560.00",-140.00,"16,953",6669
112/09/01,"3,739,083","5,795,785,215","1,605.00","1,605.00","1,510.00","1,510.00",-50.00,"8,672",6669
112/09/04,"2,516,090","3,846,200,890","1,530.00","1,565.00","1,495.00","1,555.00",+45.00,"4,255",6669
112/09/05,"1,693,157","2,626,647,650","1,525.00","1,575.00","1,525.00","1,560.00",+5.00,"2,728",6669
112/09/06,"1,775,231","2,813,296,835","1,570.00","1,605.00","1,560.00","1,580.00",+20.00,"3,368",6669
112/09/07,"1,250,412","1,946,078,635","1,560.00","1,570.00","1,545.00","1,550.00",-30.00,"3,005",6669
112/09/08,"1,399,634","2,172,733,275","1,540.00","1,580.00","1,525.00","1,555.00",+5.00,"2,227",6669
112/09/11,"2,666,107","4,000,631,955","1,570.00","1,575.00","1,460.00","1,490.00",-65.00,"6,684",6669
112/09/12,"2,393,194","3,518,221,685","1,490.00","1,510.00","1,440.00","1,450.00",-40.00,"4,955",6669
112/09/13,"2,218,323","3,288,609,315","1,460.00","1,505.00","1,455.00","1,465.00",+15.00,"2,836",6669
112/09/14,"2,647,117","3,933,670,590","1,500.00","1,515.00","1,465.00","1,480.00",+15.00,"3,721",6669
112/09/15,"3,362,799","5,090,942,100","1,500.00","1,530.00","1,490.00","1,520.00",+40.00,"3,593",6669
112/09/18,"2,977,179","4,281,683,175","1,500.00","1,500.00","1,405.00","1,410.00",-110.00,"8,592",6669
112/09/19,"2,964,762","4,109,155,305","1,430.00","1,440.00","1,360.00","1,375.00",-35.00,"6,684",6669
112/09/20,"2,560,638","3,521,144,345","1,355.00","1,415.00","1,355.00","1,365.00",-10.00,"4,571",6669
112/09/21,"2,640,419","3,604,810,995","1,345.00","1,390.00","1,325.00","1,380.00",+15.00,"3,842",6669
112/09/22,"2,227,518","3,153,430,275","1,360.00","1,440.00","1,355.00","1,440.00",+60.00,"3,738",6669
112/09/25,"1,595,304","2,301,675,445","1,445.00","1,460.00","1,420.00","1,450.00",+10.00,"2,543",6669
112/09/26,"1,948,152","2,841,852,460","1,440.00","1,490.00","1,430.00","1,435.00",-15.00,"2,928",6669
112/09/27,"2,300,755","3,376,400,415","1,445.00","1,490.00","1,430.00","1,470.00",+35.00,"3,082",6669
112/09/28,"3,128,085","4,706,318,195","1,490.00","1,535.00","1,485.00","1,495.00",+25.00,"4,189",6669
112/10/02,"3,504,775","5,628,453,435","1,555.00","1,640.00","1,550.00","1,640.00",+145.00,"6,437",6669
112/10/03,"3,969,113","6,417,254,985","1,645.00","1,660.00","1,580.00","1,595.00",-45.00,"6,059",6669
112/10/04,"2,250,224","3,562,976,730","1,560.00","1,610.00","1,550.00","1,590.00",-5.00,"3,487",6669
112/10/05,"2,987,384","4,870,474,120","1,625.00","1,655.00","1,610.00","1,620.00",+30.00,"4,330",6669
112/10/06,"2,546,073","4,189,917,965","1,640.00","1,665.00","1,610.00","1,660.00",+40.00,"4,498",6669
112/10/11,"4,427,208","7,236,448,800","1,650.00","1,675.00","1,590.00","1,625.00",-35.00,"6,195",6669
112/10/12,"2,912,145","4,848,519,315","1,635.00","1,695.00","1,630.00","1,670.00",+45.00,"5,294",6669
112/10/13,"2,445,532","4,047,098,885","1,675.00","1,705.00","1,620.00","1,645.00",-25.00,"6,430",6669
112/10/16,"1,462,485","2,356,829,010","1,630.00","1,645.00","1,590.00","1,590.00",-55.00,"3,049",6669
112/10/17,"3,636,391","5,591,085,570","1,615.00","1,620.00","1,490.00","1,495.00",-95.00,"7,353",6669
112/10/18,"2,710,905","3,957,511,600","1,460.00","1,500.00","1,440.00","1,445.00",-50.00,"4,751",6669
112/10/19,"2,550,248","3,745,926,385","1,455.00","1,500.00","1,425.00","1,465.00",+20.00,"3,319",6669
112/10/20,"2,681,604","3,986,689,830","1,455.00","1,530.00","1,425.00","1,515.00",+50.00,"3,876",6669
112/10/23,"2,570,212","3,945,014,160","1,500.00","1,570.00","1,500.00","1,515.00", 0.00,"3,634",6669
112/10/24,"5,610,828","9,040,789,370","1,560.00","1,665.00","1,550.00","1,665.00",+150.00,"9,618",6669
112/10/25,"3,810,214","6,337,453,790","1,650.00","1,690.00","1,640.00","1,655.00",-10.00,"4,859",6669
112/10/26,"3,057,761","4,860,771,005","1,580.00","1,615.00","1,570.00","1,585.00",-70.00,"4,689",6669
112/10/27,"2,695,736","4,404,186,245","1,615.00","1,660.00","1,600.00","1,645.00",+60.00,"3,827",6669
112/10/30,"2,078,031","3,399,293,325","1,655.00","1,670.00","1,600.00","1,620.00",-25.00,"7,714",6669
112/10/31,"2,186,906","3,444,590,745","1,645.00","1,650.00","1,520.00","1,520.00",-100.00,"4,201",6669
112/11/01,"1,627,252","2,461,631,770","1,535.00","1,545.00","1,485.00","1,515.00",-5.00,"2,725",6669
112/11/02,"2,304,945","3,660,281,130","1,585.00","1,625.00","1,560.00","1,580.00",+65.00,"3,326",6669
112/11/03,"3,862,046","6,365,000,345","1,590.00","1,690.00","1,580.00","1,690.00",+110.00,"6,781",6669
112/11/06,"4,195,186","7,312,384,245","1,720.00","1,775.00","1,690.00","1,760.00",+70.00,"6,910",6669
112/11/07,"3,350,453","5,958,014,605","1,735.00","1,820.00","1,730.00","1,770.00",+10.00,"5,649",6669
112/11/08,"5,253,985","9,560,426,095","1,815.00","1,865.00","1,785.00","1,805.00",+35.00,"7,388",6669
112/11/09,"2,583,759","4,631,832,960","1,800.00","1,825.00","1,775.00","1,785.00",-20.00,"3,956",6669
112/11/10,"2,409,329","4,330,901,565","1,775.00","1,825.00","1,755.00","1,810.00",+25.00,"3,449",6669
112/11/13,"4,129,908","7,775,914,110","1,845.00","1,940.00","1,810.00","1,940.00",+130.00,"7,589",6669
112/11/14,"3,484,074","6,683,528,175","1,940.00","1,970.00","1,885.00","1,890.00",-50.00,"5,850",6669
112/11/15,"3,579,166","6,860,855,910","1,940.00","1,965.00","1,850.00","1,870.00",-20.00,"5,392",6669
112/11/16,"3,272,235","6,009,214,950","1,880.00","1,890.00","1,795.00","1,835.00",-35.00,"5,255",6669
112/11/17,"2,292,917","4,230,779,680","1,840.00","1,875.00","1,830.00","1,830.00",-5.00,"3,116",6669
112/11/20,"2,102,683","3,837,660,725","1,840.00","1,850.00","1,780.00","1,845.00",+15.00,"3,274",6669
112/11/21,"3,379,416","6,369,889,110","1,875.00","1,930.00","1,860.00","1,870.00",+25.00,"4,930",6669
112/11/22,"2,535,000","4,607,007,430","1,840.00","1,840.00","1,790.00","1,825.00",-45.00,"4,084",6669
112/11/23,"1,926,980","3,478,393,770","1,825.00","1,835.00","1,785.00","1,785.00",-40.00,"3,633",6669
112/11/24,"1,449,381","2,570,508,000","1,800.00","1,805.00","1,745.00","1,750.00",-35.00,"3,392",6669
112/11/27,"2,254,681","3,859,768,700","1,750.00","1,765.00","1,685.00","1,690.00",-60.00,"5,175",6669
112/11/28,"2,050,089","3,508,403,135","1,700.00","1,735.00","1,680.00","1,730.00",+40.00,"2,993",6669
112/11/29,"2,996,601","5,297,777,925","1,740.00","1,790.00","1,730.00","1,780.00",+50.00,"3,920",6669
112/11/30,"2,077,395","3,660,008,700","1,785.00","1,790.00","1,745.00","1,760.00",-20.00,"2,953",6669
112/12/01,"1,878,988","3,349,650,100","1,760.00","1,815.00","1,725.00","1,805.00",+45.00,"3,330",6669
112/12/04,"4,187,612","7,176,619,055","1,770.00","1,770.00","1,680.00","1,710.00",-95.00,"9,291",6669
112/12/05,"2,583,163","4,295,451,570","1,685.00","1,690.00","1,635.00","1,680.00",-30.00,"4,760",6669
112/12/06,"1,655,504","2,864,213,585","1,715.00","1,750.00","1,715.00","1,725.00",+45.00,"2,897",6669
112/12/07,"1,608,812","2,783,664,385","1,720.00","1,760.00","1,695.00","1,730.00",+5.00,"2,630",6669
112/12/08,"1,982,535","3,461,393,065","1,765.00","1,770.00","1,720.00","1,750.00",+20.00,"2,950",6669
112/12/11,"1,473,257","2,585,196,190","1,770.00","1,780.00","1,735.00","1,750.00", 0.00,"2,287",6669
112/12/12,"2,202,567","3,892,397,115","1,775.00","1,800.00","1,735.00","1,755.00",+5.00,"3,352",6669
112/12/13,"2,319,578","4,043,833,150","1,745.00","1,775.00","1,700.00","1,735.00",-20.00,"3,279",6669
112/12/14,"1,513,156","2,627,558,545","1,770.00","1,770.00","1,720.00","1,725.00",-10.00,"2,848",6669
112/12/15,"3,319,536","5,803,057,750","1,740.00","1,780.00","1,725.00","1,740.00",+15.00,"3,283",6669
112/12/18,"3,479,928","6,126,048,680","1,745.00","1,800.00","1,715.00","1,735.00",-5.00,"3,938",6669
112/12/19,"2,480,593","4,236,967,980","1,760.00","1,760.00","1,690.00","1,690.00",-45.00,"3,303",6669
112/12/20,"2,568,962","4,442,667,410","1,710.00","1,750.00","1,690.00","1,735.00",+45.00,"2,825",6669
112/12/21,"5,277,897","9,551,863,815","1,715.00","1,855.00","1,695.00","1,825.00",+90.00,"7,899",6669
112/12/22,"2,178,466","4,000,677,755","1,845.00","1,855.00","1,810.00","1,840.00",+15.00,"3,262",6669
112/12/25,"1,549,068","2,864,965,485","1,845.00","1,885.00","1,825.00","1,825.00",-15.00,"2,995",6669
112/12/26,"1,030,162","1,884,267,325","1,840.00","1,845.00","1,815.00","1,835.00",+10.00,"1,760",6669
112/12/27,"1,582,330","2,873,126,225","1,835.00","1,845.00","1,780.00","1,825.00",-10.00,"4,126",6669
112/12/28,"1,048,902","1,920,027,000","1,820.00","1,850.00","1,815.00","1,820.00",-5.00,"1,682",6669
112/12/29,"1,633,003","3,004,528,960","1,830.00","1,870.00","1,815.00","1,825.00",+5.00,"2,367",6669
113/01/02,"1,601,289","2,863,587,960","1,830.00","1,845.00","1,760.00","1,760.00",-65.00,"3,074",6669
113/01/03,"2,763,422","4,711,883,145","1,740.00","1,750.00","1,680.00","1,695.00",-65.00,"5,488",6669
113/01/04,"1,277,204","2,149,175,620","1,700.00","1,705.00","1,665.00","1,665.00",-30.00,"3,260",6669
113/01/05,"947,965","1,611,682,190","1,690.00","1,720.00","1,670.00","1,710.00",+45.00,"1,660",6669
113/01/08,"1,115,726","1,905,241,645","1,715.00","1,730.00","1,690.00","1,690.00",-20.00,"2,079",6669
113/01/09,"2,847,713","4,925,485,205","1,730.00","1,770.00","1,700.00","1,715.00",+25.00,"3,476",6669
113/01/10,"3,111,636","5,513,257,780","1,735.00","1,810.00","1,730.00","1,770.00",+55.00,"4,434",6669
113/01/11,"4,356,680","8,074,100,450","1,785.00","1,910.00","1,780.00","1,910.00",+140.00,"8,080",6669
113/01/12,"2,806,516","5,338,052,255","1,890.00","1,935.00","1,870.00","1,905.00",-5.00,"4,529",6669
113/01/15,"2,135,298","4,012,815,785","1,935.00","1,940.00","1,850.00","1,865.00",-40.00,"4,799",6669
113/01/16,"2,832,750","5,393,459,150","1,865.00","1,930.00","1,865.00","1,910.00",+45.00,"4,315",6669
113/01/17,"3,641,438","7,005,863,925","1,950.00","1,980.00","1,875.00","1,885.00",-25.00,"4,798",6669
113/01/18,"2,471,729","4,634,639,315","1,900.00","1,925.00","1,835.00","1,880.00",-5.00,"3,639",6669
113/01/19,"6,880,296","13,546,731,467","1,950.00","2,040.00","1,885.00","1,990.00",+110.00,"9,877",6669
113/01/22,"4,118,771","8,906,660,355","2,125.00","2,185.00","2,100.00","2,185.00",+195.00,"4,609",6669
113/01/23,"4,563,887","10,003,165,580","2,175.00","2,225.00","2,150.00","2,220.00",+35.00,"6,356",6669
113/01/24,"3,315,960","7,178,244,925","2,240.00","2,250.00","2,125.00","2,125.00",-95.00,"7,548",6669
113/01/25,"2,792,763","5,909,426,415","2,170.00","2,170.00","2,075.00","2,095.00",-30.00,"4,548",6669
113/01/26,"1,867,777","3,920,078,585","2,095.00","2,140.00","2,075.00","2,080.00",-15.00,"3,105",6669
113/01/29,"3,519,709","7,680,194,320","2,100.00","2,225.00","2,095.00","2,190.00",+110.00,"5,846",6669
113/01/30,"2,770,874","6,156,647,295","2,240.00","2,250.00","2,170.00","2,235.00",+45.00,"4,222",6669
113/01/31,"2,041,974","4,503,571,645","2,205.00","2,235.00","2,185.00","2,200.00",-35.00,"3,088",6669
113/02/01,"2,659,905","5,737,872,280","2,180.00","2,200.00","2,105.00","2,170.00",-30.00,"4,246",6669
113/02/02,"3,313,450","7,611,530,130","2,280.00","2,345.00","2,255.00","2,310.00",+140.00,"5,714",6669
113/02/05,"2,200,927","5,035,774,650","2,320.00","2,340.00","2,250.00","2,265.00",-45.00,"4,492",6669
113/02/15,"5,531,528","13,081,492,625","2,490.00","2,490.00","2,270.00","2,345.00",+80.00,"7,212",6669
113/02/16,"2,845,525","6,518,781,760","2,330.00","2,360.00","2,245.00","2,285.00",-60.00,"5,213",6669
113/02/19,"1,832,618","4,139,528,975","2,270.00","2,310.00","2,225.00","2,250.00",-35.00,"3,449",6669
113/02/20,"2,568,746","5,659,128,875","2,230.00","2,250.00","2,160.00","2,205.00",-45.00,"5,486",6669
113/02/21,"1,417,778","3,101,697,845","2,180.00","2,225.00","2,155.00","2,155.00",-50.00,"3,231",6669
113/02/22,"2,638,658","5,711,360,140","2,240.00","2,250.00","2,115.00","2,115.00",-40.00,"5,742",6669
113/02/23,"3,367,045","7,359,632,900","2,175.00","2,235.00","2,135.00","2,170.00",+55.00,"5,492",6669
113/02/26,"1,893,757","4,175,696,680","2,170.00","2,245.00","2,140.00","2,220.00",+50.00,"3,838",6669
113/02/27,"4,797,569","10,115,997,665","2,230.00","2,235.00","2,030.00","2,120.00",-100.00,"10,110",6669
113/02/29,"5,082,811","11,557,480,766","2,225.00","2,330.00","2,190.00","2,330.00",+210.00,"8,831",6669
113/03/01,"4,520,859","11,190,039,860","2,480.00","2,510.00","2,445.00","2,500.00",+170.00,"8,367",6669
113/03/04,"2,659,885","6,556,869,885","2,540.00","2,555.00","2,420.00","2,445.00",-55.00,"5,830",6669
113/03/05,"3,109,218","7,811,116,535","2,460.00","2,575.00","2,435.00","2,560.00",+115.00,"5,982",6669
113/03/06,"2,336,768","5,961,488,470","2,520.00","2,590.00","2,495.00","2,560.00", 0.00,"4,445",6669
113/03/07,"2,519,865","6,289,156,755","2,575.00","2,585.00","2,440.00","2,510.00",-50.00,"5,920",6669
113/03/08,"2,878,180","7,182,250,365","2,535.00","2,575.00","2,430.00","2,445.00",-65.00,"5,447",6669
113/03/11,"2,841,863","6,978,799,280","2,490.00","2,530.00","2,390.00","2,430.00",-15.00,"5,298",6669
113/03/12,"1,964,711","4,821,211,575","2,465.00","2,510.00","2,405.00","2,435.00",+5.00,"3,746",6669
113/03/13,"3,454,523","8,130,782,535","2,475.00","2,490.00","2,280.00","2,330.00",-105.00,"7,898",6669
113/03/14,"3,144,435","7,173,427,436","2,325.00","2,340.00","2,230.00","2,260.00",-70.00,"6,258",6669
113/03/15,"3,294,564","7,366,429,865","2,240.00","2,295.00","2,190.00","2,200.00",-60.00,"6,683",6669
113/03/18,"2,171,106","4,784,189,450","2,215.00","2,260.00","2,180.00","2,195.00",-5.00,"5,401",6669
113/03/19,"3,699,745","8,163,854,625","2,230.00","2,280.00","2,155.00","2,175.00",-20.00,"7,557",6669
113/03/20,"2,466,672","5,484,103,055","2,215.00","2,285.00","2,190.00","2,195.00",+20.00,"6,333",6669
113/03/21,"2,140,061","4,777,864,477","2,245.00","2,265.00","2,195.00","2,225.00",+30.00,"4,952",6669
113/03/22,"2,373,904","5,462,167,260","2,270.00","2,335.00","2,250.00","2,295.00",+70.00,"5,949",6669
113/03/25,"1,160,330","2,664,575,975","2,340.00","2,340.00","2,265.00","2,265.00",-30.00,"4,223",6669
113/03/26,"1,788,023","4,016,977,845","2,290.00","2,310.00","2,195.00","2,225.00",-40.00,"5,631",6669
113/03/27,"1,889,611","4,164,137,075","2,230.00","2,260.00","2,165.00","2,185.00",-40.00,"7,398",6669
113/03/28,"2,769,887","5,947,749,645","2,210.00","2,220.00","2,100.00","2,190.00",+5.00,"8,019",6669
113/03/29,"2,694,188","6,099,173,380","2,210.00","2,310.00","2,195.00","2,270.00",+80.00,"5,898",6669
113/04/01,"1,540,500","3,522,259,930","2,305.00","2,310.00","2,255.00","2,295.00",+25.00,"3,617",6669
113/04/02,"1,911,097","4,315,622,655","2,320.00","2,330.00","2,220.00","2,240.00",-55.00,"4,894",6669
113/04/03,"3,630,382","8,645,390,434","2,240.00","2,460.00","2,225.00","2,460.00",+220.00,"9,387",6669
113/04/08,"2,804,334","6,974,491,865","2,520.00","2,540.00","2,430.00","2,475.00",+15.00,"5,470",6669
113/04/09,"2,188,230","5,339,931,950","2,475.00","2,490.00","2,365.00","2,475.00", 0.00,"5,263",6669
113/04/10,"1,990,666","4,780,008,380","2,450.00","2,495.00","2,350.00","2,355.00",-120.00,"5,551",6669
113/04/11,"1,230,828","2,885,828,488","2,365.00","2,385.00","2,315.00","2,325.00",-30.00,"2,873",6669
113/04/12,"1,843,913","4,409,727,860","2,355.00","2,430.00","2,355.00","2,405.00",+80.00,"3,036",6669
113/04/15,"2,358,463","5,709,874,555","2,375.00","2,480.00","2,370.00","2,420.00",+15.00,"3,764",6669
113/04/16,"2,284,458","5,289,618,735","2,380.00","2,385.00","2,290.00","2,305.00",-115.00,"5,530",6669
113/04/17,"1,310,400","3,090,183,790","2,325.00","2,395.00","2,310.00","2,390.00",+85.00,"2,252",6669
113/04/18,"1,883,626","4,606,500,595","2,360.00","2,500.00","2,355.00","2,500.00",+110.00,"4,196",6669
113/04/19,"2,389,105","5,627,194,160","2,455.00","2,495.00","2,260.00","2,315.00",-185.00,"6,146",6669
113/04/22,"3,588,793","7,752,723,770","2,235.00","2,245.00","2,090.00","2,160.00",-155.00,"9,235",6669
113/04/23,"2,277,390","4,810,817,580","2,205.00","2,210.00","2,070.00","2,130.00",-30.00,"4,850",6669
113/04/24,"2,016,571","4,537,130,045","2,190.00","2,305.00","2,175.00","2,290.00",+160.00,"3,858",6669
113/04/25,"1,661,087","3,744,264,495","2,225.00","2,310.00","2,210.00","2,250.00",-40.00,"3,040",6669
113/04/26,"1,690,390","3,965,103,615","2,345.00","2,410.00","2,305.00","2,325.00",+75.00,"3,934",6669
113/04/29,"1,091,897","2,567,979,475","2,375.00","2,395.00","2,315.00","2,360.00",+35.00,"2,375",6669
113/04/30,"1,291,885","3,074,655,633","2,360.00","2,410.00","2,355.00","2,360.00", 0.00,"2,375",6669
113/05/02,"1,182,760","2,715,564,781","2,340.00","2,340.00","2,270.00","2,275.00",-85.00,"2,635",6669
113/05/03,"948,215","2,145,602,930","2,320.00","2,335.00","2,225.00","2,225.00",-50.00,"2,810",6669
113/05/06,"1,421,492","3,263,022,150","2,275.00","2,330.00","2,255.00","2,285.00",+60.00,"2,545",6669
113/05/07,"1,154,593","2,666,562,705","2,310.00","2,345.00","2,255.00","2,345.00",+60.00,"2,366",6669
113/05/08,"3,203,325","7,846,777,260","2,410.00","2,550.00","2,360.00","2,395.00",+50.00,"6,701",6669
113/05/09,"3,084,025","7,642,298,240","2,410.00","2,545.00","2,390.00","2,450.00",+55.00,"6,809",6669
113/05/10,"1,964,798","4,789,986,300","2,470.00","2,505.00","2,380.00","2,405.00",-45.00,"3,646",6669
113/05/13,"1,189,123","2,852,000,065","2,440.00","2,440.00","2,355.00","2,385.00",-20.00,"2,331",6669
113/05/14,"1,316,607","3,222,311,380","2,395.00","2,480.00","2,395.00","2,470.00",+85.00,"2,564",6669
113/05/15,"3,710,166","9,541,630,830","2,480.00","2,650.00","2,475.00","2,595.00",+125.00,"8,588",6669
113/05/16,"2,544,478","6,765,366,065","2,635.00","2,715.00","2,610.00","2,665.00",+70.00,"5,696",6669
113/05/17,"1,125,434","2,962,682,335","2,660.00","2,665.00","2,600.00","2,635.00",-30.00,"2,575",6669
113/05/20,"1,354,279","3,505,923,935","2,655.00","2,655.00","2,545.00","2,595.00",-40.00,"5,604",6669
113/05/21,"907,664","2,348,674,775","2,620.00","2,630.00","2,555.00","2,565.00",-30.00,"2,003",6669
113/05/22,"663,805","1,712,396,880","2,575.00","2,600.00","2,550.00","2,595.00",+30.00,"1,634",6669
113/05/23,"1,956,638","5,253,799,045","2,615.00","2,740.00","2,615.00","2,740.00",+145.00,"4,883",6669
113/05/24,"2,180,172","6,060,446,385","2,700.00","2,865.00","2,700.00","2,740.00", 0.00,"4,706",6669
113/05/27,"1,232,167","3,364,655,230","2,800.00","2,800.00","2,700.00","2,710.00",-30.00,"3,284",6669
113/05/28,"1,198,300","3,268,646,350","2,735.00","2,795.00","2,685.00","2,685.00",-25.00,"2,678",6669
113/05/29,"882,812","2,359,350,220","2,710.00","2,720.00","2,640.00","2,640.00",-45.00,"3,409",6669
113/05/30,"1,021,964","2,710,698,765","2,605.00","2,710.00","2,605.00","2,645.00",+5.00,"2,190",6669
113/05/31,"2,886,314","7,288,447,460","2,620.00","2,645.00","2,470.00","2,470.00",-175.00,"9,764",6669
113/06/03,"1,449,284","3,721,041,060","2,510.00","2,615.00","2,500.00","2,565.00",+95.00,"3,409",6669
113/06/04,"973,555","2,486,690,220","2,595.00","2,610.00","2,515.00","2,535.00",-30.00,"2,685",6669
113/06/05,"738,716","1,866,562,370","2,545.00","2,560.00","2,480.00","2,525.00",-10.00,"1,928",6669
113/06/06,"1,177,975","3,097,450,205","2,600.00","2,660.00","2,595.00","2,620.00",+95.00,"3,607",6669
113/06/07,"777,562","2,048,406,805","2,650.00","2,675.00","2,600.00","2,630.00",+10.00,"2,128",6669
113/06/11,"1,185,366","3,077,766,070","2,625.00","2,625.00","2,535.00","2,610.00",X0.00,"2,404",6669
113/06/12,"1,872,674","4,957,857,030","2,655.00","2,730.00","2,570.00","2,610.00", 0.00,"3,785",6669
113/06/13,"1,859,987","5,032,964,610","2,655.00","2,745.00","2,655.00","2,715.00",+105.00,"3,650",6669
113/06/14,"1,106,892","3,026,543,955","2,725.00","2,765.00","2,705.00","2,765.00",+50.00,"2,493",6669
113/06/17,"1,064,504","2,850,417,465","2,740.00","2,740.00","2,655.00","2,660.00",-105.00,"2,812",6669
113/06/18,"1,362,397","3,642,875,424","2,670.00","2,715.00","2,605.00","2,710.00",+50.00,"2,635",6669
113/06/19,"3,933,016","11,346,042,274","2,830.00","2,980.00","2,770.00","2,965.00",+255.00,"7,954",6669
113/06/20,"1,742,257","5,109,260,608","2,940.00","2,975.00","2,880.00","2,955.00",-10.00,"3,813",6669
113/06/21,"2,079,904","5,881,003,870","2,900.00","2,910.00","2,790.00","2,800.00",-155.00,"6,526",6669
113/06/24,"1,618,776","4,406,400,950","2,800.00","2,800.00","2,665.00","2,665.00",-135.00,"5,982",6669
113/06/25,"2,475,228","6,407,849,680","2,615.00","2,620.00","2,540.00","2,605.00",-60.00,"6,766",6669
113/06/26,"1,552,829","4,055,946,165","2,635.00","2,670.00","2,565.00","2,590.00",-15.00,"3,744",6669
113/06/27,"1,423,534","3,649,047,769","2,565.00","2,610.00","2,535.00","2,555.00",-35.00,"4,156",6669
113/06/28,"1,612,371","4,234,885,686","2,570.00","2,655.00","2,565.00","2,645.00",+90.00,"3,149",6669
113/07/01,"1,160,769","3,030,625,855","2,650.00","2,650.00","2,575.00","2,605.00",-40.00,"2,728",6669
113/07/02,"1,039,278","2,694,779,900","2,595.00","2,625.00","2,555.00","2,615.00",+10.00,"2,413",6669
113/07/03,"1,233,206","3,232,002,555","2,655.00","2,685.00","2,580.00","2,620.00",+5.00,"2,374",6669
113/07/04,"1,533,313","4,126,868,000","2,640.00","2,735.00","2,640.00","2,730.00",+110.00,"3,887",6669
113/07/05,"985,755","2,710,413,585","2,800.00","2,800.00","2,715.00","2,725.00",-5.00,"2,617",6669
113/07/08,"1,214,167","3,353,650,940","2,745.00","2,795.00","2,735.00","2,770.00",+45.00,"2,611",6669
113/07/09,"1,726,282","4,669,438,215","2,740.00","2,755.00","2,645.00","2,670.00",-100.00,"4,474",6669
113/07/10,"1,683,789","4,446,571,730","2,675.00","2,705.00","2,620.00","2,620.00",-50.00,"3,942",6669
113/07/11,"2,841,975","7,258,704,656","2,580.00","2,590.00","2,520.00","2,525.00",-95.00,"11,991",6669
113/07/12,"1,992,594","4,872,896,195","2,465.00","2,485.00","2,425.00","2,440.00",-85.00,"10,738",6669
113/07/15,"1,444,656","3,459,477,525","2,435.00","2,445.00","2,370.00","2,375.00",-65.00,"7,621",6669
113/07/16,"1,826,407","4,458,056,490","2,405.00","2,465.00","2,390.00","2,460.00",+85.00,"4,245",6669
113/07/17,"1,709,507","4,143,846,005","2,425.00","2,480.00","2,375.00","2,380.00",-80.00,"6,882",6669
113/07/18,"2,462,257","5,618,657,005","2,300.00","2,330.00","2,250.00","2,275.00",-105.00,"8,777",6669
113/07/19,"2,069,985","4,666,865,320","2,250.00","2,310.00","2,200.00","2,205.00",-70.00,"8,016",6669
113/07/22,"1,695,877","3,681,686,225","2,215.00","2,220.00","2,115.00","2,160.00",-45.00,"5,614",6669
113/07/23,"2,116,051","4,582,762,195","2,200.00","2,205.00","2,130.00","2,170.00",+10.00,"4,976",6669
113/07/26,"4,168,518","8,295,349,529","2,000.00","2,025.00","1,955.00","1,975.00",-195.00,"13,237",6669
113/07/29,"2,379,484","4,621,545,785","2,030.00","2,050.00","1,900.00","1,900.00",-75.00,"7,125",6669
113/07/30,"3,555,363","7,014,266,990","1,945.00","2,020.00","1,935.00","1,990.00",+90.00,"5,567",6669
113/07/31,"4,416,683","8,934,991,435","1,980.00","2,070.00","1,965.00","2,030.00",+40.00,"6,027",6669
113/08/01,"3,553,445","7,652,551,965","2,150.00","2,205.00","2,115.00","2,135.00",+105.00,"6,681",6669
113/08/02,"2,644,870","5,344,489,695","2,045.00","2,095.00","1,945.00","1,985.00",-150.00,"7,869",6669
113/08/05,"2,168,954","3,901,299,130","1,850.00","1,855.00","1,790.00","1,790.00",-195.00,"7,580",6669
113/08/06,"3,737,875","6,616,681,885","1,845.00","1,865.00","1,655.00","1,775.00",-15.00,"6,737",6669
113/08/07,"2,817,641","5,298,818,970","1,765.00","1,950.00","1,730.00","1,950.00",+175.00,"4,841",6669
113/08/08,"2,507,104","4,701,849,475","1,880.00","1,930.00","1,810.00","1,905.00",-45.00,"5,486",6669
113/08/09,"4,038,322","7,714,334,610","1,970.00","1,980.00","1,865.00","1,875.00",-30.00,"8,748",6669
113/08/12,"1,661,872","3,231,507,490","1,910.00","1,995.00","1,890.00","1,965.00",+90.00,"4,135",6669
113/08/13,"1,324,295","2,588,988,475","1,990.00","1,990.00","1,930.00","1,950.00",-15.00,"3,266",6669
113/08/14,"1,611,938","3,185,584,455","2,020.00","2,025.00","1,945.00","1,960.00",+10.00,"3,376",6669
113/08/15,"1,664,489","3,255,336,515","1,980.00","2,015.00","1,925.00","1,925.00",-35.00,"4,176",6669
113/08/16,"2,412,607","4,838,822,890","1,965.00","2,045.00","1,965.00","2,025.00",+100.00,"5,199",6669
113/08/19,"2,895,415","5,674,557,957","2,010.00","2,030.00","1,915.00","1,930.00",-95.00,"9,887",6669
113/08/20,"1,755,870","3,441,791,172","1,960.00","1,995.00","1,935.00","1,940.00",+10.00,"3,557",6669
113/08/21,"1,140,315","2,177,556,685","1,910.00","1,935.00","1,890.00","1,890.00",-50.00,"5,539",6669
113/08/22,"1,718,090","3,213,340,808","1,890.00","1,900.00","1,855.00","1,865.00",-25.00,"4,986",6669
113/08/23,"1,607,630","3,000,344,885","1,845.00","1,925.00","1,820.00","1,915.00",+50.00,"4,264",6669
113/08/26,"1,451,190","2,808,189,075","1,920.00","1,975.00","1,890.00","1,910.00",-5.00,"4,082",6669
113/08/27,"738,433","1,403,443,900","1,900.00","1,920.00","1,880.00","1,905.00",-5.00,"2,337",6669
113/08/28,"808,710","1,547,786,955","1,905.00","1,935.00","1,885.00","1,925.00",+20.00,"2,190",6669
113/08/29,"1,630,112","3,072,012,650","1,860.00","1,920.00","1,830.00","1,905.00",-20.00,"3,765",6669
113/08/30,"1,274,102","2,416,272,010","1,910.00","1,920.00","1,870.00","1,900.00",-5.00,"3,287",6669
113/09/02,"795,897","1,500,281,870","1,925.00","1,930.00","1,855.00","1,855.00",-45.00,"3,730",6669
113/09/03,"828,319","1,546,072,485","1,860.00","1,895.00","1,840.00","1,840.00",-15.00,"2,153",6669
113/09/04,"3,192,873","5,391,655,255","1,715.00","1,725.00","1,665.00","1,675.00",-165.00,"12,838",6669
113/09/05,"1,246,839","2,088,816,035","1,700.00","1,700.00","1,660.00","1,660.00",-15.00,"4,095",6669
113/09/06,"1,427,272","2,436,189,660","1,665.00","1,740.00","1,655.00","1,715.00",+55.00,"3,110",6669
113/09/09,"1,135,583","1,925,292,890","1,665.00","1,735.00","1,660.00","1,715.00", 0.00,"2,499",6669
113/09/10,"1,350,069","2,294,162,290","1,725.00","1,760.00","1,655.00","1,675.00",-40.00,"4,044",6669
113/09/11,"2,436,340","4,032,319,305","1,690.00","1,690.00","1,635.00","1,650.00",-25.00,"4,766",6669
113/09/12,"2,905,100","5,203,588,540","1,760.00","1,815.00","1,740.00","1,815.00",+165.00,"4,833",6669
113/09/13,"2,592,017","4,686,653,920","1,830.00","1,845.00","1,780.00","1,780.00",-35.00,"4,331",6669
113/09/16,"1,056,232","1,904,648,660","1,800.00","1,820.00","1,780.00","1,820.00",+40.00,"2,169",6669
113/09/18,"2,569,330","4,479,033,045","1,790.00","1,790.00","1,705.00","1,715.00",-105.00,"6,894",6669
113/09/19,"2,161,471","3,856,751,960","1,740.00","1,830.00","1,725.00","1,820.00",+105.00,"3,912",6669
113/09/20,"1,403,846","2,531,735,140","1,850.00","1,870.00","1,770.00","1,770.00",-50.00,"3,954",6669
113/09/23,"985,643","1,764,585,165","1,805.00","1,815.00","1,770.00","1,775.00",+5.00,"2,068",6669
113/09/24,"1,699,262","3,039,553,340","1,780.00","1,805.00","1,765.00","1,795.00",+20.00,"2,516",6669
113/09/25,"2,261,787","4,168,296,170","1,825.00","1,875.00","1,815.00","1,825.00",+30.00,"4,749",6669
113/09/26,"1,650,655","3,012,891,615","1,830.00","1,840.00","1,810.00","1,825.00", 0.00,"3,789",6669
113/09/27,"2,108,486","3,856,634,830","1,835.00","1,880.00","1,790.00","1,825.00", 0.00,"4,353",6669
113/09/30,"2,020,476","3,539,366,205","1,830.00","1,830.00","1,715.00","1,715.00",-110.00,"7,414",6669
113/10/01,"1,071,563","1,881,906,860","1,730.00","1,780.00","1,725.00","1,755.00",+40.00,"2,217",6669
113/10/04,"1,703,147","2,984,840,255","1,760.00","1,785.00","1,730.00","1,730.00",-25.00,"3,187",6669
113/10/07,"1,500,732","2,588,188,065","1,765.00","1,775.00","1,700.00","1,705.00",-25.00,"4,305",6669
113/10/08,"1,015,008","1,758,651,700","1,705.00","1,760.00","1,705.00","1,745.00",+40.00,"1,997",6669
113/10/09,"2,201,863","4,023,350,825","1,790.00","1,875.00","1,790.00","1,805.00",+60.00,"5,103",6669
113/10/11,"2,561,757","4,801,935,799","1,840.00","1,905.00","1,830.00","1,895.00",+90.00,"6,375",6669
113/10/14,"3,932,258","7,706,611,600","1,910.00","2,005.00","1,910.00","1,990.00",+95.00,"8,402",6669
113/10/15,"2,911,021","5,740,156,692","2,020.00","2,025.00","1,950.00","1,965.00",-25.00,"5,991",6669
113/10/16,"1,720,038","3,311,926,605","1,910.00","1,955.00","1,900.00","1,930.00",-35.00,"7,097",6669
113/10/17,"1,165,806","2,252,374,253","1,950.00","1,965.00","1,905.00","1,950.00",+20.00,"5,520",6669
113/10/18,"1,498,688","2,932,509,860","1,980.00","1,995.00","1,920.00","1,935.00",-15.00,"3,827",6669
113/10/21,"1,093,645","2,156,914,105","1,940.00","1,990.00","1,940.00","1,975.00",+40.00,"3,004",6669
113/10/22,"2,254,795","4,549,776,360","1,965.00","2,045.00","1,960.00","2,025.00",+50.00,"5,562",6669
113/10/23,"1,666,947","3,404,686,825","2,025.00","2,060.00","2,020.00","2,045.00",+20.00,"4,032",6669
113/10/24,"1,683,436","3,375,561,100","2,035.00","2,035.00","1,985.00","1,985.00",-60.00,"4,501",6669
113/10/25,"1,039,046","2,057,087,415","1,995.00","2,010.00","1,965.00","1,980.00",-5.00,"3,559",6669
113/10/28,"783,785","1,555,423,750","2,005.00","2,025.00","1,960.00","1,970.00",-10.00,"2,144",6669
113/10/29,"1,053,494","2,019,428,790","1,955.00","1,955.00","1,895.00","1,920.00",-50.00,"4,000",6669
113/10/30,"1,129,494","2,173,276,165","1,920.00","1,950.00","1,905.00","1,905.00",-15.00,"2,936",6669
113/11/01,"2,038,882","3,782,424,370","1,845.00","1,885.00","1,820.00","1,865.00",-40.00,"5,357",6669
113/11/04,"1,633,856","3,173,687,000","1,880.00","1,970.00","1,880.00","1,960.00",+95.00,"3,911",6669
113/11/05,"1,144,547","2,222,623,915","1,945.00","1,970.00","1,925.00","1,930.00",-30.00,"3,922",6669
113/11/06,"1,323,766","2,621,343,270","1,960.00","2,000.00","1,950.00","1,990.00",+60.00,"3,560",6669
113/11/07,"1,568,224","3,136,342,590","1,995.00","2,020.00","1,970.00","2,000.00",+10.00,"3,795",6669
113/11/08,"1,760,864","3,593,955,195","2,020.00","2,075.00","2,000.00","2,060.00",+60.00,"5,508",6669
113/11/11,"2,938,647","6,166,081,020","2,120.00","2,135.00","2,070.00","2,085.00",+25.00,"6,033",6669
113/11/12,"3,387,407","7,196,137,435","2,075.00","2,150.00","2,055.00","2,100.00",+15.00,"7,656",6669
113/11/13,"2,438,023","5,162,971,265","2,140.00","2,150.00","2,075.00","2,140.00",+40.00,"5,597",6669
113/11/14,"5,056,455","11,407,041,765","2,200.00","2,310.00","2,175.00","2,260.00",+120.00,"10,887",6669
113/11/15,"2,453,071","5,388,920,530","2,295.00","2,295.00","2,145.00","2,160.00",-100.00,"7,588",6669
113/11/18,"1,860,136","3,903,961,010","2,155.00","2,170.00","2,065.00","2,065.00",-95.00,"5,807",6669
113/11/19,"1,640,126","3,421,922,755","2,080.00","2,120.00","2,060.00","2,085.00",+20.00,"2,972",6669
113/11/20,"1,164,226","2,432,980,775","2,115.00","2,115.00","2,070.00","2,080.00",-5.00,"2,505",6669
113/11/21,"1,559,973","3,203,464,160","2,060.00","2,085.00","2,030.00","2,035.00",-45.00,"4,389",6669
113/11/22,"2,366,938","5,043,157,265","2,080.00","2,170.00","2,075.00","2,130.00",+95.00,"5,243",6669
113/11/25,"2,568,887","5,667,260,880","2,165.00","2,245.00","2,160.00","2,200.00",+70.00,"5,109",6669
113/11/26,"1,887,395","4,008,144,735","2,130.00","2,140.00","2,095.00","2,115.00",-85.00,"4,373",6669
113/11/27,"5,389,840","10,622,704,040","2,045.00","2,070.00","1,910.00","1,910.00",-205.00,"17,811",6669
113/11/28,"3,209,039","6,242,765,814","1,980.00","1,980.00","1,905.00","1,980.00",+70.00,"5,764",6669
113/11/29,"2,017,045","3,932,294,545","1,955.00","1,975.00","1,930.00","1,935.00",-45.00,"4,451",6669
113/12/02,"1,681,571","3,304,281,670","1,980.00","1,990.00","1,945.00","1,955.00",+20.00,"3,385",6669
113/12/03,"1,967,314","3,933,789,755","1,985.00","2,030.00","1,970.00","2,020.00",+65.00,"5,096",6669
113/12/04,"4,007,818","8,590,921,570","2,050.00","2,210.00","2,035.00","2,190.00",+170.00,"10,681",6669
113/12/05,"5,283,585","12,173,729,103","2,295.00","2,360.00","2,230.00","2,325.00",+135.00,"13,143",6669
113/12/06,"4,283,009","10,299,174,625","2,375.00","2,455.00","2,355.00","2,410.00",+85.00,"11,370",6669
113/12/09,"5,032,088","12,566,698,395","2,500.00","2,545.00","2,455.00","2,485.00",+75.00,"10,529",6669
113/12/10,"2,924,565","7,163,342,910","2,465.00","2,510.00","2,415.00","2,435.00",-50.00,"6,211",6669
113/12/11,"3,120,454","7,682,830,955","2,410.00","2,500.00","2,410.00","2,480.00",+45.00,"5,944",6669
113/12/12,"1,882,051","4,675,002,645","2,510.00","2,520.00","2,465.00","2,465.00",-15.00,"3,651",6669
113/12/13,"2,477,849","6,210,456,645","2,485.00","2,535.00","2,470.00","2,515.00",+50.00,"6,085",6669
113/12/16,"3,251,466","8,230,027,560","2,520.00","2,590.00","2,480.00","2,500.00",-15.00,"9,415",6669
113/12/17,"3,332,836","8,613,687,165","2,505.00","2,645.00","2,485.00","2,605.00",+105.00,"8,296",6669
113/12/18,"2,770,258","7,071,160,780","2,605.00","2,605.00","2,500.00","2,565.00",-40.00,"6,564",6669
113/12/19,"3,957,574","10,383,413,315","2,500.00","2,710.00","2,500.00","2,670.00",+105.00,"9,167",6669
113/12/20,"3,558,880","9,466,979,500","2,680.00","2,720.00","2,620.00","2,640.00",-30.00,"8,764",6669
113/12/23,"1,816,758","4,809,546,355","2,685.00","2,700.00","2,595.00","2,650.00",+10.00,"5,177",6669
113/12/24,"2,561,476","6,590,615,110","2,655.00","2,655.00","2,535.00","2,535.00",-115.00,"8,933",6669
113/12/25,"1,288,681","3,317,419,060","2,535.00","2,610.00","2,535.00","2,585.00",+50.00,"2,634",6669
113/12/26,"1,318,151","3,412,549,070","2,565.00","2,635.00","2,555.00","2,570.00",-15.00,"2,762",6669
113/12/27,"914,889","2,369,303,235","2,565.00","2,605.00","2,560.00","2,595.00",+25.00,"1,842",6669
113/12/30,"1,243,131","3,186,074,530","2,590.00","2,615.00","2,520.00","2,550.00",-45.00,"4,011",6669
113/12/31,"923,351","2,387,580,520","2,550.00","2,625.00","2,540.00","2,620.00",+70.00,"2,249",6669
